; HEADER_BLOCK_START
; generated by AnycubicSlicerNext 1.4.1.0 on 2026-05-11 at 23:25:50
; total layer number: 12
; filament_density: 1.24
; filament_diameter: 1.75
; max_z_height: 2.44
; exclude_object: 0
; model_instances: 2
; source_info: {"models":[{"file_source":0,"mo_file_id":-1,"name":"USV_1_e2mm.stl_6_B_id_0_copy_0"},{"file_source":0,"mo_file_id":-1,"name":"USV_1_e2mm.stl_5_id_1_copy_0"}],"models_from":0,"plate_index":1,"slice_paras_process":1,"software_version":"AnycubicSlicerNext 1.4.1.0 20260506162140"}
; paint_info = [{"material_type":"PLA","paint_color":[255,255,255],"paint_index":0}]
; project_info = {"flush_multiplier":1.0,"flush_volumes_chan_multipliers":[1.0,1.0,1.0,1.0],"flush_volumes_matrix":[0.0],"flush_volumes_vector":[140.0,140.0]}
; flush_multiplier_calculate_by_acnext: 1
; test_mode: 0
; HEADER_BLOCK_END

; THUMBNAIL_BLOCK_START
; thumbnail begin 230x110 2164
; iVBORw0KGgoAAAANSUhEUgAAAOYAAABuCAYAAAAziW8OAAAGHElEQVR4Ae3dvUokSxjG8b4R4WDkPW
; hgIJiaKIYrCF6BaKhorihmgvFEipkiGGkiGpiYOZjqRczZOmcLZ9vurs/u+vr/4A1W9hyW2Xn2rXm7
; pqqqAAAAsjQzM/NPBSAep6enF19fX5Pt7e29CkBY8/Pziy8vL2MRSlni1+LnFYDhie44Hch60T2Bgd
; W7ZFtdXV3d89kT6JmqSzYVS1ugRzahrHfPCoAfTQMe26J7Ah64dkkGQ4BnvrpkV/dkMARo6qtL0j0B
; S0OHksEQoND30lVnactgCPgjVJdsK7HvtgJKJjefx1Z0TxTJ57PJPovBEIoR29JVVQyGkL0UuuQXS1
; uUIrUu2VYMhpCNXEJJ90Q2Ul266hSDISQnty7Z1T3Zb4sklBLK6VpfX/9VAbHKeemqKh6rIDoldsmm
; YjCEaBDKn8VgCEGVvHRVFYMhDI4uqa7xeDwZjUbjChgCodQL5eHhIaHEMFi6qgN5e3s72draYkKL/t
; El9UJ5fHw8Vr2OfO6EF4RSXaJL7u7udoZSPOeUv5+pLZywdO0uOeBZWlraa3sNxXPNpv+WDQkw1vZm
; or7r9fVVOeBRrTbYkABtLF27Sw54urqkYLLaYGmLTicnJxefn59RByN0KF27ZFvRPdFI/gsvgkk4fw
; ZSdMm1tbXOEwx8rDbonvhP05uJYP4dSlWX9H3qH4OhwolQtoWw9HDKLql6DNLXZ3KWtoV6fn4ey2Ur
; 4fxZqs0CwhCPkzgArCD1z5OE87tCdsm2ontmrm3pqgpoCeHU2SwgX8NQf0YGQxmSoVQFsMRwPj4+Kr
; ukEMNOKL7nmZHLy8v7eihtAppbOHU3C8S46YLumbj6kEdVqnDmUjpb6oRYbyQTxWOVBIkjFU0CWUpA
; dbtkKjeSMRhKSNPnSdeQ5hBO3ZMFUtwvzNI2cr5D2RTQlN6wMpA6XVJI+atudM9IqYY8pQY01y7ZVn
; TPiJgOeXyGNMbS3Xgu5PhVNwZDEdjf37//+PiYhAhmjOE0OaUu51MaWNpG4PcD8vuHh4eiw1l6l2wr
; lraBrays7F1fXxcZTpMuWeIpDXTPCJydnY3f3t6CBXTIkJp0SaH0A8bonoFtbm5ehFraijfAUOGkS5
; oXg6HA5ubmFkej0SRE9+wznCbPJQVC+bNY2kYg1GBIhtNnQHX3uEqcjdtdfBE7sBCDIfmX7yOcdEn/
; JV/T2dnZxQphDT0Y8hFOnVMFphFKvVByI1lkRPe8u7sLFk7dgMqLenS7pMDSVf2aciNZ5EwHQ/Vw2Y
; Rz+v+hevPQJf2Hki6ZCJvBkG1AdcJp8+YhlOoy/YcOEZCDIdP9tvWQ2YZTlOlGAYmla3dx5XwGxGb4
; 3290605oG05xGJZplxQnNKQSjlBl87oiUi6PVeqB0/l95+fnRsMdgaVrd5k+WkJCXHYM6QTU9jMPN5
; KpQ0mXzJzLjqH6G0b+3HTnzjSdax1KDiRdsiALCwu/RPe0/SL29JvH9o3TdY5RKsHpO5R0yUK5dE+X
; Ub3O4WIphch3INksAOPBkJwK2i6vmpauhPO76JL4i85+26Ojo7HL5x2bw8VSCpVLsVkArUT3bFra3t
; zcTHZ2dqzfNK7n4qYUMNOSe4croIv8IvbT05NzIAUfh1WnFDS6JHq1sbFx4Tqm93kubkqB0+mSOvd2
; At71cVh1SuFrK7bUIQjXG8lyDSddEsH0eflRyuGkSyKYoUKZUjjZUoegQlx+FHsoXfYPA85C3UgWcz
; jpkghKPPMc8gCw2ANKl0RUQp0MH1NA6ZKIUugrA0MFlC6J6Ll+zzOlgDJxRXJi6p59hJTnkkhW6At3
; m4LpI6Ts3kEWYrhw10dA+SYIstP2Pc+Q4dQNqM1dK0AyQl64qxvQ6Z/Z3LUCJCvmwZD89fv7O6cKoD
; yxDYZkcUIdUP1/r0osS1s2CgBThr5wt15i2SrONmK4A9SEGAzJQDLcARSGHAzxCAQw0Od+W9klTS/S
; BfCH7+4pAslwB/DA12MVlq1AD2z324ouyTNJoEcmS1umrcCAdB6rHBwcsGwFQqh3TzltXV1dZdoKhC
; QHQz5uJAPg2fLy8l4FAAAAAACK9y91vjuggde55gAAAABJRU5ErkJggg==
; thumbnail end
; THUMBNAIL_BLOCK_END

; external perimeters extrusion width = 0.42mm
; perimeters extrusion width = 0.45mm
; infill extrusion width = 0.45mm
; solid infill extrusion width = 0.42mm
; top infill extrusion width = 0.42mm
; support material extrusion width = 0.40mm
; first layer extrusion width = 0.50mm

; external perimeters extrusion width = 0.42mm
; perimeters extrusion width = 0.45mm
; infill extrusion width = 0.45mm
; solid infill extrusion width = 0.42mm
; top infill extrusion width = 0.42mm
; support material extrusion width = 0.40mm
; first layer extrusion width = 0.50mm

; EXECUTABLE_BLOCK_START
M201 X2000 Y2000 Z800 E2000
M203 X300 Y300 Z8 E100
M204 P2000 R2000 T2000
M205 X10.00 Y10.00 Z2.00 E5.00
;TYPE:Custom
G90 ; use absolute coordinates
M83 ; extruder relative mode
M104 S220 ; set extruder temp
M140 S60 ; set bed temp
M190 S60 ; wait for bed temp
M109 S220 ; wait for extruder temp
G28                                        ; move X/Y/Z to min endstops
G1 Z0.28                                   ; lift nozzle a bit 
G92 E0 
G1 Y3 F1800                                    ; zero the extruded length 
G1 X60  E25 F500                       ; Extrude 25mm of filament in a 5cm line. 
G92 E0                                     ; zero the extruded length again 
G1 E-2 F500                                ; Retract a little 
G1 X70 F4000                              ; Quickly wipe away from the filament line
M117
G90
G21
M83 ; use relative distances for extrusion
; EXECUTABLE_BLOCK_HEAD
; filament start gcode
M75 ; The first extruder is ready.
M106 S0
;LAYER_CHANGE
;Z:0.24
;HEIGHT:0.24
; BEFORE_LAYER_CHANGE 0 @ 0.24mm
G92 E0
; AFTER_LAYER_CHANGE 0 @ 0.24mm
M204 S500
; start of layer_num: 1, T: 0, print_z: 0.240000
; printing object "USV 1 e2mm.stl_6_B" id:0 copy 0
G1 E-.8 F3600
G1 X62.55 Y114.849 F18000
G1 Z.24
G1 E.8 F3600
;TYPE:Brim
;WIDTH:0.5
G1 F2400
G1 X63.142 Y114.618 E.02788
G1 X63.765 Y114.477 E.02802
G1 X64.148 Y114.437 E.01688
G1 X71.937 Y114.014 E.34208
G1 X81.824 Y113.559 E.43406
G1 X91.809 Y113.179 E.43823
G1 X96.818 Y113.012 E.21982
G1 X106.743 Y112.734 E.43541
G1 X116.636 Y112.497 E.434
G1 X136.445 Y112.147 E.86891
G1 X156.392 Y111.91 E.87484
G1 X176.851 Y111.747 E.8973
G1 X177.494 Y111.791 E.02824
G1 X178.115 Y111.927 E.02788
G1 X178.708 Y112.155 E.02788
G1 X179.261 Y112.469 E.02788
G1 X179.761 Y112.861 E.02788
G1 X180.198 Y113.323 E.02788
G1 X180.56 Y113.845 E.02788
G1 X180.841 Y114.415 E.02788
G1 X181.034 Y115.021 E.02788
G1 X181.136 Y115.652 E.02804
G1 X181.151 Y116.013 E.01581
G1 X181.151 Y199.212 E3.64881
G1 X181.103 Y199.854 E.02825
G1 X180.961 Y200.474 E.02788
G1 X180.73 Y201.066 E.02788
G1 X180.412 Y201.617 E.02788
G1 X180.016 Y202.114 E.02788
G1 X179.551 Y202.547 E.02788
G1 X179.026 Y202.906 E.02788
G1 X178.454 Y203.183 E.02788
G1 X177.847 Y203.372 E.02788
G1 X177.215 Y203.469 E.02804
G1 X176.855 Y203.481 E.01581
G1 X163.225 Y203.377 E.59777
G1 X148.441 Y203.234 E.64838
G1 X131.147 Y202.993 E.75854
G1 X116.188 Y202.715 E.65616
G1 X101.305 Y202.346 E.6529
G1 X86.441 Y201.848 E.65225
G1 X76.591 Y201.434 E.43238
G1 X69.954 Y201.11 E.29139
G1 X69.315 Y201.031 E.02825
G1 X68.703 Y200.86 E.02788
G1 X68.123 Y200.599 E.02788
G1 X67.588 Y200.256 E.02788
G1 X67.111 Y199.836 E.02788
G1 X66.701 Y199.35 E.02788
G1 X66.368 Y198.808 E.02788
G1 X66.121 Y198.227 E.0277
G1 X65.915 Y197.288 E.04215
G1 X64.648 Y185.261 E.53041
G1 X64.624 Y184.776 E.02129
G1 X64.678 Y175.902 E.38918
G1 X64.701 Y175.481 E.01848
G1 X65.085 Y171.753 E.16439
G1 X65.198 Y171.119 E.02825
G1 X65.402 Y170.517 E.02788
G1 X65.693 Y169.951 E.02788
G1 X66.235 Y169.2 E.04063
G1 X66.274 Y169.106 E.00448
G1 X68.079 Y158.252 E.48253
G1 X68.062 Y158.123 E.00569
G1 X64.74 Y150.717 E.35601
G1 X64.686 Y150.642 E.00404
G1 X64.238 Y150.237 E.0265
G1 X63.835 Y149.745 E.02788
G1 X63.51 Y149.197 E.02793
G1 X63.295 Y148.687 E.02427
G1 X62.697 Y146.96 E.08017
G1 X62.539 Y146.375 E.02654
G1 X61.892 Y143.091 E.14683
G1 X61.82 Y142.558 E.02359
G1 X60.141 Y119.001 E1.03572
G1 X60.144 Y118.357 E.02825
G1 X60.241 Y117.729 E.02788
G1 X60.43 Y117.122 E.02788
G1 X60.708 Y116.55 E.02788
G1 X61.067 Y116.026 E.02788
G1 X61.501 Y115.561 E.02788
G1 X61.999 Y115.166 E.02788
G1 X62.515 Y114.869 E.02612
G1 X62.736 Y115.26 F18000
G1 F2400
G1 X63.265 Y115.052 E.02493
G1 X63.83 Y114.922 E.02546
G1 X64.187 Y114.884 E.01572
G1 X71.96 Y114.462 E.34139
G1 X81.842 Y114.008 E.43385
G1 X91.824 Y113.627 E.43811
G1 X96.833 Y113.46 E.21976
G1 X106.754 Y113.182 E.43528
G1 X116.645 Y112.946 E.4339
G1 X136.452 Y112.595 E.86879
G1 X156.396 Y112.359 E.87476
G1 X176.843 Y112.196 E.89674
G1 X177.44 Y112.238 E.02624
G1 X177.995 Y112.362 E.02493
G1 X178.525 Y112.567 E.02493
G1 X179.002 Y112.837 E.02405
G1 X179.465 Y113.2 E.02581
G1 X179.854 Y113.615 E.02493
G1 X180.177 Y114.082 E.02493
G1 X180.42 Y114.574 E.02405
G1 X180.598 Y115.135 E.02581
G1 X180.687 Y115.69 E.02463
G1 X180.702 Y116.019 E.01446
G1 X180.702 Y199.19 E3.64756
G1 X180.656 Y199.797 E.0267
G1 X180.528 Y200.351 E.02493
G1 X180.328 Y200.862 E.02405
G1 X180.034 Y201.372 E.02581
G1 X179.679 Y201.816 E.02493
G1 X179.262 Y202.202 E.02493
G1 X178.792 Y202.522 E.02493
G1 X178.279 Y202.768 E.02493
G1 X177.736 Y202.935 E.02493
G1 X177.181 Y203.02 E.02463
G1 X176.846 Y203.033 E.0147
G1 X163.229 Y202.928 E.59718
G1 X148.447 Y202.786 E.64833
G1 X131.155 Y202.545 E.75845
G1 X116.198 Y202.266 E.65605
G1 X101.319 Y201.898 E.65274
G1 X86.457 Y201.4 E.65213
G1 X76.611 Y200.986 E.43218
G1 X69.998 Y200.664 E.29039
G1 X69.394 Y200.587 E.0267
G1 X68.866 Y200.44 E.02405
G1 X68.346 Y200.208 E.02493
G1 X67.852 Y199.89 E.02581
G1 X67.44 Y199.528 E.02405
G1 X67.072 Y199.094 E.02493
G1 X66.773 Y198.611 E.02493
G1 X66.555 Y198.102 E.02428
G1 X66.358 Y197.209 E.04009
G1 X65.096 Y185.23 E.52827
G1 X65.073 Y184.762 E.02052
G1 X65.127 Y175.912 E.38814
G1 X65.149 Y175.513 E.01753
G1 X65.529 Y171.82 E.16281
G1 X65.632 Y171.241 E.02582
G1 X65.813 Y170.702 E.02493
G1 X66.072 Y170.195 E.02494
G1 X66.592 Y169.471 E.03911
G1 X66.686 Y169.281 E.00931
G1 X66.718 Y169.171 E.00499
G1 X68.52 Y158.335 E.48176
G1 X68.522 Y158.19 E.00636
G1 X68.466 Y157.927 E.01182
G1 X65.153 Y150.542 E.35495
G1 X65.053 Y150.386 E.00813
G1 X64.569 Y149.932 E.02911
G1 X64.21 Y149.494 E.02482
G1 X63.916 Y149.003 E.02512
G1 X63.716 Y148.531 E.02249
G1 X63.128 Y146.832 E.07884
G1 X62.978 Y146.278 E.02518
G1 X62.334 Y143.013 E.14593
G1 X62.266 Y142.508 E.02238
G1 X60.59 Y118.981 E1.03441
G1 X60.594 Y118.382 E.02625
G1 X60.682 Y117.821 E.02493
G1 X60.853 Y117.278 E.02493
G1 X61.102 Y116.768 E.02493
G1 X61.412 Y116.315 E.02405
G1 X61.799 Y115.899 E.02493
G1 X62.243 Y115.544 E.02493
G1 X62.701 Y115.28 E.02318
G1 X62.922 Y115.67 F18000
G1 F2400
G1 X63.388 Y115.485 E.02198
G1 X63.896 Y115.367 E.02289
G1 X64.226 Y115.331 E.01454
G1 X71.983 Y114.91 E.34068
G1 X81.86 Y114.456 E.43365
G1 X91.84 Y114.076 E.43799
G1 X96.847 Y113.908 E.2197
G1 X106.765 Y113.63 E.43515
G1 X116.654 Y113.394 E.43379
G1 X136.458 Y113.044 E.86866
G1 X156.401 Y112.807 E.87468
G1 X176.834 Y112.645 E.89617
G1 X177.365 Y112.682 E.02333
G1 X177.874 Y112.796 E.02286
G1 X178.323 Y112.97 E.02114
G1 X178.743 Y113.206 E.02112
G1 X179.169 Y113.54 E.02372
G1 X179.51 Y113.906 E.02195
G1 X179.784 Y114.302 E.02114
G1 X179.998 Y114.734 E.02112
G1 X180.162 Y115.249 E.02374
G1 X180.239 Y115.728 E.02126
G1 X180.253 Y116.026 E.0131
G1 X180.254 Y199.168 E3.64627
G1 X180.209 Y199.739 E.02513
G1 X180.101 Y200.209 E.02113
G1 X179.926 Y200.658 E.02112
G1 X179.656 Y201.126 E.02372
G1 X179.342 Y201.516 E.02195
G1 X178.973 Y201.856 E.02198
G1 X178.558 Y202.136 E.02198
G1 X178.106 Y202.352 E.02198
G1 X177.626 Y202.498 E.022
G1 X177.146 Y202.572 E.02129
G1 X176.836 Y202.584 E.0136
G1 X163.234 Y202.48 E.59656
G1 X148.452 Y202.338 E.64828
G1 X131.162 Y202.096 E.75835
G1 X116.208 Y201.818 E.65595
G1 X101.332 Y201.45 E.65259
G1 X86.474 Y200.952 E.65201
G1 X76.632 Y200.538 E.43199
G1 X70.042 Y200.217 E.28936
G1 X69.473 Y200.144 E.02515
G1 X69.009 Y200.013 E.02115
G1 X68.57 Y199.817 E.0211
G1 X68.115 Y199.524 E.02372
G1 X67.754 Y199.205 E.02112
G1 X67.442 Y198.837 E.02114
G1 X67.177 Y198.412 E.02198
G1 X66.989 Y197.975 E.02085
G1 X66.8 Y197.129 E.03802
G1 X65.544 Y185.199 E.52612
G1 X65.521 Y184.749 E.01976
G1 X65.575 Y175.923 E.3871
G1 X65.596 Y175.545 E.01658
G1 X65.972 Y171.888 E.16126
G1 X66.066 Y171.362 E.02342
G1 X66.224 Y170.886 E.022
G1 X66.451 Y170.439 E.02199
G1 X66.998 Y169.662 E.04163
G1 X67.12 Y169.396 E.01284
G1 X67.161 Y169.239 E.00714
G1 X68.961 Y158.417 E.48113
G1 X68.97 Y158.204 E.00932
G1 X68.959 Y158.091 E.00501
G1 X68.87 Y157.732 E.0162
G1 X65.566 Y150.366 E.35406
G1 X65.354 Y150.053 E.01657
G1 X64.904 Y149.631 E.02709
G1 X64.584 Y149.243 E.02202
G1 X64.321 Y148.808 E.0223
G1 X64.137 Y148.374 E.02067
G1 X63.558 Y146.704 E.0775
G1 X63.416 Y146.18 E.02381
G1 X62.776 Y142.936 E.14502
G1 X62.712 Y142.458 E.02116
G1 X61.038 Y118.961 E1.03309
G1 X61.043 Y118.409 E.02422
G1 X61.123 Y117.914 E.02198
G1 X61.275 Y117.436 E.02198
G1 X61.496 Y116.986 E.022
G1 X61.77 Y116.589 E.02116
G1 X62.098 Y116.236 E.02114
G1 X62.489 Y115.922 E.02198
G1 X62.888 Y115.69 E.02023
G1 X63.11 Y116.079 F18000
G1 F2400
G1 X63.513 Y115.918 E.01903
G1 X63.964 Y115.812 E.02031
G1 X64.266 Y115.778 E.01334
G1 X72.006 Y115.358 E.33994
G1 X81.879 Y114.904 E.43345
G1 X91.856 Y114.524 E.43787
G1 X96.861 Y114.357 E.21964
G1 X106.777 Y114.079 E.43503
G1 X116.663 Y113.843 E.43368
G1 X136.464 Y113.492 E.86854
G1 X156.405 Y113.256 E.8746
G1 X176.826 Y113.094 E.8956
G1 X177.31 Y113.13 E.0213
G1 X177.753 Y113.23 E.01991
G1 X178.122 Y113.373 E.01738
G1 X178.484 Y113.575 E.01818
G1 X178.872 Y113.879 E.02159
G1 X179.165 Y114.196 E.01895
G1 X179.391 Y114.523 E.01742
G1 X179.577 Y114.893 E.01818
G1 X179.726 Y115.363 E.02165
G1 X179.791 Y115.767 E.01792
G1 X179.805 Y116.04 E.012
G1 X179.805 Y199.145 E3.64466
G1 X179.762 Y199.681 E.02356
G1 X179.673 Y200.067 E.01739
G1 X179.524 Y200.454 E.01817
G1 X179.278 Y200.88 E.02159
G1 X179.007 Y201.216 E.01893
G1 X178.686 Y201.508 E.01903
G1 X178.326 Y201.75 E.01903
G1 X177.933 Y201.936 E.01904
G1 X177.516 Y202.061 E.01909
G1 X177.111 Y202.123 E.01801
G1 X176.826 Y202.135 E.0125
G1 X163.238 Y202.031 E.59592
G1 X148.458 Y201.889 E.64823
G1 X131.17 Y201.648 E.75826
G1 X116.218 Y201.37 E.65584
G1 X101.346 Y201.001 E.65243
G1 X86.49 Y200.504 E.6519
G1 X76.653 Y200.09 E.4318
G1 X70.087 Y199.77 E.28831
G1 X69.554 Y199.701 E.02358
G1 X69.172 Y199.593 E.0174
G1 X68.793 Y199.425 E.01816
G1 X68.378 Y199.159 E.02161
G1 X68.069 Y198.883 E.01817
G1 X67.812 Y198.58 E.01742
G1 X67.581 Y198.212 E.01906
G1 X67.422 Y197.848 E.0174
G1 X67.243 Y197.049 E.03591
G1 X65.991 Y185.168 E.52395
G1 X65.97 Y184.736 E.01899
G1 X66.024 Y175.933 E.38605
G1 X66.044 Y175.577 E.01562
G1 X66.416 Y171.955 E.15971
G1 X66.5 Y171.482 E.02106
G1 X66.636 Y171.069 E.01908
G1 X66.832 Y170.679 E.01913
G1 X67.41 Y169.839 E.04473
G1 X67.523 Y169.592 E.01192
G1 X67.594 Y169.357 E.01073
G1 X69.402 Y158.498 E.48278
G1 X69.416 Y158.154 E.01512
G1 X69.393 Y157.976 E.00788
G1 X69.275 Y157.539 E.01984
G1 X65.979 Y150.192 E.35313
G1 X65.732 Y149.812 E.01988
G1 X65.236 Y149.327 E.03045
G1 X64.957 Y148.991 E.01913
G1 X64.727 Y148.611 E.01949
G1 X64.557 Y148.217 E.01882
G1 X63.988 Y146.576 E.07614
G1 X63.854 Y146.083 E.02244
G1 X63.218 Y142.859 E.1441
G1 X63.158 Y142.408 E.01994
G1 X61.487 Y118.942 E1.03176
G1 X61.493 Y118.436 E.02216
G1 X61.563 Y118.008 E.01903
G1 X61.696 Y117.595 E.01903
G1 X61.88 Y117.223 E.01821
G1 X62.116 Y116.878 E.0183
G1 X62.398 Y116.572 E.01827
G1 X62.736 Y116.299 E.01906
G1 X63.076 Y116.1 E.01728
G1 X63.299 Y116.488 F18000
G1 F2400
G1 X63.639 Y116.35 E.01608
G1 X64.032 Y116.256 E.01772
G1 X64.299 Y116.226 E.01178
G1 X72.029 Y115.806 E.33949
G1 X81.898 Y115.352 E.43329
G1 X91.871 Y114.972 E.4377
G1 X96.875 Y114.805 E.21958
G1 X106.788 Y114.527 E.4349
G1 X116.672 Y114.291 E.43361
G1 X136.471 Y113.941 E.86842
G1 X156.409 Y113.704 E.87449
G1 X176.816 Y113.543 E.89501
G1 X177.234 Y113.574 E.01834
G1 X177.631 Y113.664 E.01786
G1 X177.94 Y113.784 E.01454
G1 X178.226 Y113.944 E.01438
G1 X178.574 Y114.218 E.01941
G1 X178.82 Y114.485 E.01593
G1 X179.008 Y114.76 E.01462
G1 X179.155 Y115.053 E.01438
G1 X179.291 Y115.478 E.01953
G1 X179.343 Y115.807 E.01462
G1 X179.357 Y116.055 E.01091
G1 X179.357 Y199.122 E3.64298
G1 X179.315 Y199.622 E.02199
G1 X179.24 Y199.944 E.01455
G1 X179.122 Y200.25 E.01438
G1 X178.901 Y200.634 E.01941
G1 X178.672 Y200.914 E.01587
G1 X178.4 Y201.16 E.01609
G1 X178.095 Y201.363 E.01609
G1 X177.762 Y201.519 E.01609
G1 X177.408 Y201.624 E.01621
G1 X177.074 Y201.675 E.0148
G1 X176.821 Y201.687 E.0111
G1 X163.243 Y201.583 E.59553
G1 X148.464 Y201.441 E.64818
G1 X131.177 Y201.199 E.75819
G1 X116.228 Y200.921 E.65571
G1 X101.36 Y200.553 E.65227
G1 X86.506 Y200.055 E.65178
G1 X76.674 Y199.642 E.4316
G1 X70.132 Y199.323 E.28724
G1 X69.634 Y199.257 E.02201
G1 X69.316 Y199.166 E.01455
G1 X69.016 Y199.033 E.01438
G1 X68.643 Y198.793 E.01945
G1 X68.398 Y198.575 E.01438
G1 X68.181 Y198.322 E.01462
G1 X67.984 Y198.01 E.01616
G1 X67.856 Y197.72 E.01393
G1 X67.685 Y196.969 E.03379
G1 X66.438 Y185.13 E.52208
G1 X66.418 Y184.722 E.0179
G1 X66.473 Y175.944 E.385
G1 X66.491 Y175.61 E.01467
G1 X66.86 Y172.022 E.15818
G1 X66.934 Y171.601 E.01873
G1 X67.048 Y171.25 E.01618
G1 X67.215 Y170.916 E.01636
G1 X67.822 Y170.017 E.0476
G1 X67.955 Y169.713 E.01452
G1 X68.037 Y169.424 E.01321
G1 X69.843 Y158.581 E.48206
G1 X69.859 Y158.087 E.02167
G1 X69.824 Y157.852 E.01041
G1 X69.68 Y157.347 E.02306
G1 X66.392 Y150.017 E.35228
G1 X66.04 Y149.487 E.02794
G1 X65.571 Y149.028 E.02878
G1 X65.33 Y148.738 E.01653
G1 X65.131 Y148.413 E.01669
G1 X64.978 Y148.059 E.01693
G1 X64.419 Y146.448 E.07478
G1 X64.292 Y145.985 E.02107
G1 X63.662 Y142.79 E.14281
G1 X63.605 Y142.359 E.01909
G1 X61.936 Y118.923 E1.03041
G1 X61.943 Y118.465 E.02006
G1 X62.004 Y118.104 E.01607
G1 X62.118 Y117.755 E.01611
G1 X62.273 Y117.442 E.01535
G1 X62.474 Y117.151 E.01547
G1 X62.713 Y116.894 E.01541
G1 X62.984 Y116.675 E.01527
G1 X63.265 Y116.509 E.01433
G1 X63.512 Y116.923 F18000
G1 F2400
G1 X63.647 Y116.842 E.00688
G1 X63.834 Y116.776 E.00871
G1 X64.33 Y116.673 E.02225
G1 X72.03 Y116.255 E.33816
G1 X76.994 Y116.017 E.21794
G1 X86.912 Y115.604 E.43536
G1 X96.88 Y115.254 E.43742
G1 X111.73 Y114.852 E.6515
G1 X116.69 Y114.739 E.21759
G1 X136.485 Y114.389 E.86826
G1 X156.402 Y114.153 E.87354
G1 X171.386 Y114.029 E.65718
G1 X176.841 Y113.99 E.23925
G1 X177.138 Y114.019 E.01308
G1 X177.441 Y114.086 E.01359
G1 X177.785 Y114.216 E.01613
G1 X178.065 Y114.384 E.01436
G1 X178.272 Y114.557 E.01181
G1 X178.489 Y114.808 E.01453
G1 X178.692 Y115.155 E.01766
G1 X178.781 Y115.37 E.01018
G1 X178.908 Y116.06 E.03078
G1 X178.908 Y199.173 E3.645
G1 X178.815 Y199.743 E.02533
G1 X178.715 Y200.042 E.01383
G1 X178.49 Y200.426 E.01954
G1 X178.151 Y200.775 E.02133
G1 X177.918 Y200.93 E.01228
G1 X177.558 Y201.102 E.01749
G1 X177.324 Y201.168 E.01066
G1 X176.826 Y201.238 E.02206
G1 X163.24 Y201.134 E.59585
G1 X148.453 Y200.992 E.6485
G1 X131.183 Y200.751 E.75747
G1 X116.226 Y200.473 E.65608
G1 X101.356 Y200.104 E.65232
G1 X91.475 Y199.785 E.43358
G1 X81.59 Y199.412 E.43385
G1 X70.106 Y198.873 E.50416
G1 X69.542 Y198.753 E.02532
G1 X69.243 Y198.637 E.01405
G1 X68.979 Y198.478 E.01353
G1 X68.676 Y198.203 E.01795
G1 X68.593 Y198.099 E.00581
G1 X68.3 Y197.601 E.02536
G1 X68.233 Y197.42 E.00845
G1 X68.142 Y197.026 E.01773
G1 X66.881 Y185.049 E.52817
G1 X66.922 Y175.916 E.40056
G1 X67.342 Y171.85 E.17925
G1 X67.457 Y171.459 E.0179
G1 X67.634 Y171.098 E.01762
G1 X68.368 Y170.097 E.05443
G1 X68.392 Y170.04 E.00273
G1 X70.406 Y157.925 E.53859
G1 X70.396 Y157.848 E.00341
G1 X66.547 Y149.266 E.41249
G1 X65.856 Y148.66 E.04031
G1 X65.602 Y148.323 E.0185
G1 X65.429 Y147.983 E.01676
G1 X64.734 Y145.913 E.09573
G1 X64.093 Y142.654 E.14567
G1 X62.381 Y118.882 E1.04523
G1 X62.433 Y118.311 E.02517
G1 X62.548 Y117.911 E.01823
G1 X62.764 Y117.519 E.01965
G1 X62.925 Y117.326 E.011
G1 X63.089 Y117.175 E.0098
G1 X63.477 Y116.943 E.01984
G1 X63.699 Y117.323 F18000
G1 F2400
G1 X63.802 Y117.263 E.00522
G1 X63.924 Y117.215 E.00577
G1 X64.345 Y117.121 E.0189
G1 X72.055 Y116.703 E.33863
G1 X77.012 Y116.466 E.21765
G1 X86.927 Y116.053 E.43523
G1 X96.891 Y115.702 E.43725
G1 X111.742 Y115.3 E.65153
G1 X116.7 Y115.188 E.2175
G1 X136.493 Y114.837 E.86817
G1 X156.407 Y114.601 E.87341
G1 X171.389 Y114.477 E.65707
G1 X176.852 Y114.438 E.23957
G1 X177.094 Y114.465 E.01071
G1 X177.346 Y114.524 E.01134
G1 X177.559 Y114.603 E.00995
G1 X177.769 Y114.721 E.01059
G1 X177.992 Y114.908 E.01276
G1 X178.146 Y115.097 E.01069
G1 X178.304 Y115.38 E.01419
G1 X178.368 Y115.544 E.00774
G1 X178.46 Y116.048 E.02246
G1 X178.46 Y199.184 E3.64602
G1 X178.372 Y199.673 E.02177
G1 X178.29 Y199.898 E.0105
G1 X178.106 Y200.195 E.01535
G1 X177.903 Y200.401 E.01266
G1 X177.723 Y200.526 E.00961
G1 X177.434 Y200.671 E.01419
G1 X177.261 Y200.724 E.00792
G1 X176.839 Y200.79 E.01874
G1 X163.244 Y200.686 E.59624
G1 X148.46 Y200.544 E.64841
G1 X131.189 Y200.303 E.7575
G1 X116.237 Y200.024 E.65583
G1 X101.367 Y199.656 E.65236
G1 X91.489 Y199.337 E.43343
G1 X81.611 Y198.964 E.43352
G1 X70.117 Y198.424 E.50467
G1 X69.633 Y198.314 E.02177
G1 X69.409 Y198.22 E.01062
G1 X69.21 Y198.094 E.01036
G1 X68.981 Y197.874 E.0139
G1 X68.719 Y197.44 E.02225
G1 X68.67 Y197.321 E.00565
G1 X68.589 Y196.987 E.01506
G1 X67.326 Y184.995 E.52885
G1 X67.37 Y175.911 E.39837
G1 X67.772 Y171.974 E.17359
G1 X67.854 Y171.667 E.0139
G1 X68.042 Y171.286 E.01864
G1 X68.792 Y170.279 E.05508
G1 X68.817 Y170.22 E.00278
G1 X70.871 Y157.865 E.54929
G1 X70.861 Y157.788 E.00341
G1 X66.913 Y148.987 E.42302
G1 X66.875 Y148.937 E.00277
G1 X66.216 Y148.393 E.03748
G1 X66.002 Y148.12 E.0152
G1 X65.857 Y147.848 E.01353
G1 X65.176 Y145.835 E.09318
G1 X64.531 Y142.559 E.14642
G1 X62.828 Y118.839 E1.04295
G1 X62.88 Y118.347 E.0217
G1 X62.979 Y118.037 E.01431
G1 X63.109 Y117.804 E.01167
G1 X63.222 Y117.662 E.00798
G1 X63.403 Y117.495 E.01079
G1 X63.664 Y117.343 E.01325
G1 X63.879 Y117.732 F18000
G1 F2400
G1 X64.024 Y117.652 E.00729
G1 X64.358 Y117.57 E.01507
G1 X72.079 Y117.15 E.33914
G1 X77.03 Y116.914 E.21737
G1 X86.946 Y116.501 E.43526
G1 X96.903 Y116.15 E.43693
G1 X111.755 Y115.748 E.65157
G1 X116.711 Y115.636 E.21741
G1 X136.502 Y115.286 E.86809
G1 X156.413 Y115.05 E.87329
G1 X171.392 Y114.926 E.65695
G1 X176.863 Y114.887 E.23992
G1 X176.984 Y114.9 E.00536
G1 X177.252 Y114.963 E.01206
G1 X177.397 Y115.022 E.00688
G1 X177.548 Y115.111 E.0077
G1 X177.698 Y115.246 E.00885
G1 X177.79 Y115.37 E.00675
G1 X177.911 Y115.596 E.01127
G1 X177.949 Y115.701 E.00489
G1 X178.011 Y116.036 E.01491
G1 X178.011 Y199.196 E3.64708
G1 X177.931 Y199.592 E.01774
G1 X177.872 Y199.735 E.00677
G1 X177.782 Y199.885 E.0077
G1 X177.646 Y200.034 E.00886
G1 X177.521 Y200.126 E.00675
G1 X177.294 Y200.245 E.01127
G1 X177.188 Y200.281 E.00489
G1 X176.854 Y200.342 E.01492
G1 X163.249 Y200.237 E.59667
G1 X148.466 Y200.095 E.64833
G1 X131.195 Y199.854 E.75753
G1 X116.249 Y199.576 E.65558
G1 X101.382 Y199.208 E.65221
G1 X91.506 Y198.888 E.43333
G1 X81.633 Y198.516 E.43332
G1 X70.126 Y197.976 E.50522
G1 X69.733 Y197.877 E.01774
G1 X69.594 Y197.812 E.00677
G1 X69.45 Y197.716 E.00756
G1 X69.299 Y197.559 E.00957
G1 X69.106 Y197.214 E.01735
G1 X69.036 Y196.949 E.012
G1 X67.771 Y184.94 E.52957
G1 X67.819 Y175.907 E.39616
G1 X68.22 Y172.009 E.17186
G1 X68.286 Y171.786 E.0102
G1 X68.443 Y171.486 E.01488
G1 X69.216 Y170.461 E.05626
G1 X69.241 Y170.403 E.00281
G1 X71.336 Y157.805 E.56006
G1 X71.326 Y157.728 E.00341
G1 X67.278 Y148.705 E.4337
G1 X67.24 Y148.655 E.00277
G1 X66.574 Y148.122 E.03742
G1 X66.347 Y147.834 E.01606
G1 X66.258 Y147.648 E.00903
G1 X65.617 Y145.758 E.08755
G1 X64.97 Y142.465 E.14717
G1 X63.274 Y118.795 E1.04071
G1 X63.326 Y118.394 E.01774
G1 X63.374 Y118.248 E.00677
G1 X63.454 Y118.091 E.00769
G1 X63.58 Y117.932 E.00891
G1 X63.699 Y117.831 E.00685
G1 X63.844 Y117.752 E.00724
G1 X64.058 Y118.133 F18000
G1 F2400
G1 X64.145 Y118.084 E.00437
G1 X64.37 Y118.018 E.01026
G1 X72.104 Y117.598 E.33971
G1 X77.048 Y117.362 E.21708
G1 X86.965 Y116.949 E.4353
G1 X96.915 Y116.599 E.4366
G1 X111.767 Y116.196 E.65161
G1 X116.721 Y116.084 E.21731
G1 X136.51 Y115.734 E.868
G1 X156.418 Y115.498 E.87317
G1 X171.395 Y115.374 E.65684
G1 X176.874 Y115.335 E.24028
G1 X177.16 Y115.402 E.01287
G1 X177.331 Y115.504 E.00874
G1 X177.437 Y115.646 E.00778
G1 X177.511 Y115.798 E.00739
G1 X177.563 Y116.023 E.01015
G1 X177.563 Y199.209 E3.64822
G1 X177.494 Y199.494 E.01287
G1 X177.391 Y199.665 E.00874
G1 X177.248 Y199.77 E.00778
G1 X177.096 Y199.843 E.0074
G1 X176.87 Y199.893 E.01016
G1 X163.253 Y199.789 E.59717
G1 X148.473 Y199.647 E.64824
G1 X131.201 Y199.406 E.75756
G1 X116.261 Y199.128 E.65534
G1 X101.397 Y198.759 E.65205
G1 X91.52 Y198.44 E.43337
G1 X81.655 Y198.068 E.43298
G1 X70.133 Y197.527 E.50584
G1 X69.852 Y197.445 E.01287
G1 X69.688 Y197.335 E.00864
G1 X69.537 Y197.091 E.01259
G1 X69.483 Y196.912 E.00818
G1 X68.216 Y184.886 E.53035
G1 X68.267 Y175.903 E.39395
G1 X68.654 Y172.12 E.16676
G1 X68.685 Y171.99 E.0059
G1 X68.795 Y171.765 E.01098
G1 X69.64 Y170.644 E.06158
G1 X69.665 Y170.585 E.00281
G1 X71.8 Y157.745 E.57083
G1 X71.79 Y157.668 E.00341
G1 X67.642 Y148.419 E.44454
G1 X67.602 Y148.368 E.00285
G1 X66.922 Y147.84 E.03775
G1 X66.751 Y147.638 E.01162
G1 X66.685 Y147.511 E.00627
G1 X66.059 Y145.68 E.08486
G1 X65.408 Y142.37 E.14792
G1 X63.72 Y118.75 E1.03853
G1 X63.769 Y118.461 E.01287
G1 X63.859 Y118.283 E.00873
G1 X63.997 Y118.167 E.00788
G1 X64.023 Y118.152 E.00134
G1 X64.243 Y118.543 F18000
G1 F2400
G1 X64.378 Y118.467 E.0068
G1 X72.129 Y118.046 E.34041
G1 X77.067 Y117.81 E.21679
G1 X86.981 Y117.397 E.43517
G1 X96.931 Y117.047 E.43665
G1 X111.78 Y116.645 E.65144
G1 X116.729 Y116.533 E.2171
G1 X136.515 Y116.183 E.86789
G1 X156.424 Y115.947 E.8732
G1 X171.398 Y115.823 E.65673
G1 X176.888 Y115.784 E.24078
G1 X177.028 Y115.831 E.00648
G1 X177.114 Y116.008 E.00862
G1 X177.114 Y199.221 E3.64939
G1 X177.066 Y199.36 E.00648
G1 X176.888 Y199.445 E.00862
G1 X163.258 Y199.34 E.59779
G1 X148.48 Y199.198 E.64815
G1 X131.207 Y198.957 E.75759
G1 X116.272 Y198.679 E.65509
G1 X101.412 Y198.311 E.6519
G1 X91.538 Y197.992 E.43328
G1 X81.671 Y197.62 E.43302
G1 X70.143 Y197.078 E.50613
G1 X70.006 Y197.023 E.00648
G1 X69.931 Y196.878 E.00719
G1 X68.662 Y184.832 E.53123
G1 X68.716 Y175.9 E.39173
G1 X69.101 Y172.157 E.16499
G1 X69.145 Y172.045 E.00528
G1 X70.084 Y170.799 E.06843
G1 X72.272 Y157.645 E.58482
G1 X67.991 Y148.103 E.45863
G1 X67.186 Y147.477 E.04473
G1 X67.112 Y147.374 E.00559
G1 X66.501 Y145.602 E.08218
G1 X65.847 Y142.275 E.14869
G1 X64.167 Y118.707 E1.03625
G1 X64.206 Y118.564 E.00648
G1 X64.208 Y118.563 E.00015
G1 E-.8 F3600
G1 X176.565 Y116.506 F18000
G1 E.8 F3600
;TYPE:Outer wall
G1 F2400
G1 X176.565 Y198.893 E3.61318
G1 X163.262 Y198.791 E.58342
G1 X148.486 Y198.649 E.64808
G1 X131.215 Y198.408 E.7575
G1 X121.262 Y198.235 E.43657
G1 X116.285 Y198.13 E.2183
G1 X101.427 Y197.762 E.65182
G1 X91.557 Y197.443 E.43307
G1 X81.695 Y197.071 E.43282
G1 X76.795 Y196.853 E.21512
G1 X70.448 Y196.543 E.27869
G1 X69.21 Y184.792 E.51822
G1 X69.264 Y175.94 E.38822
G1 X69.638 Y172.304 E.16033
G1 X70.604 Y171.023 E.07037
G1 X72.841 Y157.571 E.59801
G1 X68.437 Y147.754 E.4719
G1 X67.6 Y147.103 E.0465
G1 X67.036 Y145.474 E.07561
G1 X66.393 Y142.216 E.14561
G1 X64.738 Y118.997 E1.02088
G1 X72.156 Y118.595 E.32581
G1 X77.091 Y118.359 E.21665
G1 X82.025 Y118.141 E.21663
G1 X91.978 Y117.762 E.43681
G1 X96.947 Y117.596 E.21803
G1 X106.858 Y117.318 E.43484
G1 X116.739 Y117.082 E.43347
G1 X136.522 Y116.732 E.86774
G1 X156.43 Y116.496 E.87312
G1 X176.565 Y116.335 E.88308
G1 X176.565 Y116.486 E.00661
G1 X176.117 Y116.787 F18000
;TYPE:Inner wall
G1 F2400
G1 X176.117 Y198.441 E3.58101
G1 X163.267 Y198.343 E.56357
G1 X148.491 Y198.201 E.64803
G1 X131.222 Y197.96 E.75743
G1 X121.27 Y197.787 E.43649
G1 X116.295 Y197.682 E.21824
G1 X101.44 Y197.314 E.65171
G1 X91.573 Y196.995 E.43294
G1 X81.714 Y196.623 E.4327
G1 X70.853 Y196.114 E.47681
G1 X69.658 Y184.77 E.50027
G1 X69.712 Y175.965 E.38617
G1 X70.071 Y172.474 E.1539
G1 X71.028 Y171.205 E.06972
G1 X73.305 Y157.511 E.60878
G1 X68.8 Y147.468 E.48274
G1 X67.98 Y146.83 E.04557
G1 X67.47 Y145.356 E.06841
G1 X66.839 Y142.157 E.14302
G1 X65.218 Y119.42 E.99966
G1 X72.179 Y119.042 E.30574
G1 X77.111 Y118.807 E.21654
G1 X82.044 Y118.589 E.21654
G1 X91.994 Y118.21 E.43669
G1 X96.961 Y118.044 E.21794
G1 X106.87 Y117.766 E.43474
G1 X116.749 Y117.53 E.43337
G1 X136.529 Y117.18 E.86763
G1 X148.945 Y117.023 E.54457
G1 X156.434 Y116.944 E.32843
G1 X176.097 Y116.788 E.86235
G1 E-.8 F3600
G1 X175.082 Y116.93 F18000
G1 E.8 F3600
;TYPE:Bottom surface
;WIDTH:0.500531
G1 F3000
G1 X175.78 Y117.629 E.04338
G1 X175.78 Y118.264 E.02788
G1 X174.652 Y117.135 E.07006
G1 X174.022 Y117.14 E.02766
G1 X175.78 Y118.899 E.10918
G1 X175.78 Y119.534 E.02788
G1 X173.392 Y117.146 E.1483
G1 X172.762 Y117.151 E.02766
G1 X175.78 Y120.169 E.18742
G1 X175.78 Y120.804 E.02788
G1 X172.132 Y117.156 E.22654
G1 X171.502 Y117.161 E.02766
G1 X175.78 Y121.439 E.26566
G1 X175.78 Y122.074 E.02788
G1 X170.872 Y117.166 E.30478
G1 X170.242 Y117.171 E.02766
G1 X175.78 Y122.709 E.3439
G1 X175.78 Y123.344 E.02788
G1 X169.612 Y117.176 E.38302
G1 X168.982 Y117.181 E.02766
G1 X175.78 Y123.979 E.42214
G1 X175.78 Y124.614 E.02788
G1 X168.352 Y117.186 E.46126
G1 X167.722 Y117.191 E.02766
G1 X175.78 Y125.249 E.50038
G1 X175.78 Y125.884 E.02788
G1 X167.092 Y117.196 E.5395
G1 X166.462 Y117.201 E.02766
G1 X175.78 Y126.519 E.57862
G1 X175.78 Y127.154 E.02788
G1 X165.832 Y117.206 E.61774
G1 X165.202 Y117.211 E.02766
G1 X175.78 Y127.789 E.65686
G1 X175.78 Y128.424 E.02788
G1 X164.572 Y117.216 E.69598
G1 X163.942 Y117.221 E.02766
G1 X175.78 Y129.059 E.7351
G1 X175.78 Y129.694 E.02788
G1 X163.312 Y117.226 E.77422
G1 X162.682 Y117.231 E.02766
G1 X175.78 Y130.329 E.81334
G1 X175.78 Y130.964 E.02788
G1 X162.052 Y117.236 E.85246
G1 X161.422 Y117.241 E.02766
G1 X175.78 Y131.599 E.89158
G1 X175.78 Y132.234 E.02788
G1 X160.792 Y117.246 E.9307
G1 X160.162 Y117.251 E.02766
G1 X175.78 Y132.869 E.96982
G1 X175.78 Y133.504 E.02788
G1 X159.532 Y117.256 E1.00894
G1 X158.902 Y117.261 E.02766
G1 X175.78 Y134.139 E1.04805
G1 X175.78 Y134.774 E.02788
G1 X158.272 Y117.266 E1.08717
G1 X157.642 Y117.271 E.02766
G1 X175.78 Y135.409 E1.12629
G1 X175.78 Y136.044 E.02788
G1 X157.012 Y117.276 E1.16541
G1 X156.382 Y117.281 E.02766
G1 X175.78 Y136.679 E1.20452
G1 X175.78 Y137.314 E.02788
G1 X155.754 Y117.288 E1.24355
G1 X155.125 Y117.295 E.02759
G1 X175.78 Y137.949 E1.28257
G1 X175.78 Y138.584 E.02788
G1 X154.497 Y117.301 E1.32159
G1 X153.869 Y117.308 E.02759
G1 X175.78 Y139.219 E1.36061
G1 X175.78 Y139.854 E.02788
G1 X153.24 Y117.315 E1.39963
G1 X152.612 Y117.321 E.02759
G1 X175.78 Y140.489 E1.43865
G1 X175.78 Y141.125 E.02788
G1 X151.983 Y117.328 E1.47767
G1 X151.355 Y117.334 E.02759
G1 X175.78 Y141.76 E1.51669
G1 X175.78 Y142.395 E.02788
G1 X150.727 Y117.341 E1.55571
G1 X150.098 Y117.348 E.02759
G1 X175.78 Y143.03 E1.59473
G1 X175.78 Y143.665 E.02788
G1 X149.47 Y117.354 E1.63375
G1 X148.842 Y117.361 E.02758
G1 X175.78 Y144.3 E1.67275
G1 X175.78 Y144.935 E.02788
G1 X148.215 Y117.369 E1.71169
G1 X147.588 Y117.377 E.02754
G1 X175.78 Y145.57 E1.75063
G1 X175.78 Y146.205 E.02788
G1 X146.96 Y117.385 E1.78957
G1 X146.333 Y117.393 E.02754
G1 X175.78 Y146.84 E1.82851
G1 X175.78 Y147.475 E.02788
G1 X145.706 Y117.401 E1.86745
G1 X145.079 Y117.409 E.02754
G1 X175.78 Y148.11 E1.90639
G1 X175.78 Y148.745 E.02788
G1 X144.452 Y117.417 E1.94533
G1 X143.825 Y117.425 E.02754
G1 X175.78 Y149.38 E1.98427
G1 X175.78 Y150.015 E.02788
G1 X143.198 Y117.432 E2.02321
G1 X142.571 Y117.44 E.02754
G1 X175.78 Y150.65 E2.06215
G1 X175.78 Y151.285 E.02788
G1 X141.944 Y117.448 E2.10109
G1 X141.317 Y117.456 E.02754
G1 X175.78 Y151.92 E2.14003
G1 X175.78 Y152.555 E.02788
G1 X140.689 Y117.464 E2.17897
G1 X140.062 Y117.472 E.02754
G1 X175.78 Y153.19 E2.21791
G1 X175.78 Y153.825 E.02788
G1 X139.435 Y117.48 E2.25685
G1 X138.808 Y117.488 E.02754
G1 X175.78 Y154.46 E2.29579
G1 X175.78 Y155.095 E.02788
G1 X138.181 Y117.496 E2.33472
G1 X137.554 Y117.504 E.02754
G1 X175.78 Y155.73 E2.37366
G1 X175.78 Y156.365 E.02788
G1 X136.927 Y117.512 E2.4126
G1 X136.301 Y117.521 E.02749
G1 X175.78 Y157 E2.45147
G1 X175.78 Y157.635 E.02788
G1 X135.677 Y117.532 E2.49022
G1 X135.053 Y117.543 E.0274
G1 X175.78 Y158.27 E2.52896
G1 X175.78 Y158.905 E.02788
G1 X134.429 Y117.554 E2.56771
G1 X133.805 Y117.565 E.0274
G1 X175.78 Y159.54 E2.60646
G1 X175.78 Y160.175 E.02788
G1 X133.181 Y117.576 E2.6452
G1 X132.557 Y117.587 E.0274
G1 X175.78 Y160.81 E2.68395
G1 X175.78 Y161.445 E.02788
G1 X131.933 Y117.598 E2.7227
G1 X131.309 Y117.609 E.0274
G1 X175.78 Y162.08 E2.76144
G1 X175.78 Y162.715 E.02788
G1 X130.685 Y117.62 E2.80019
G1 X130.061 Y117.631 E.0274
G1 X175.78 Y163.35 E2.83893
G1 X175.78 Y163.985 E.02788
G1 X129.437 Y117.642 E2.87768
G1 X128.813 Y117.653 E.0274
G1 X175.78 Y164.62 E2.91643
G1 X175.78 Y165.255 E.02788
G1 X128.189 Y117.664 E2.95517
G1 X127.565 Y117.675 E.0274
G1 X175.78 Y165.89 E2.99392
G1 X175.78 Y166.525 E.02788
G1 X126.941 Y117.686 E3.03267
G1 X126.317 Y117.697 E.0274
G1 X175.78 Y167.16 E3.07141
G1 X175.78 Y167.795 E.02788
G1 X125.693 Y117.708 E3.11016
G1 X125.069 Y117.72 E.0274
G1 X175.78 Y168.43 E3.14891
G1 X175.78 Y169.065 E.02788
G1 X124.445 Y117.731 E3.18765
G1 X123.821 Y117.742 E.0274
G1 X175.78 Y169.7 E3.2264
G1 X175.78 Y170.335 E.02788
G1 X123.197 Y117.753 E3.26514
G1 X122.573 Y117.764 E.0274
G1 X175.78 Y170.97 E3.30389
G1 X175.78 Y171.605 E.02788
G1 X121.949 Y117.775 E3.34264
G1 X121.325 Y117.786 E.0274
G1 X175.78 Y172.241 E3.38138
G1 X175.78 Y172.876 E.02788
G1 X120.701 Y117.797 E3.42013
G1 X120.077 Y117.808 E.0274
G1 X175.78 Y173.511 E3.45888
G1 X175.78 Y174.146 E.02788
G1 X119.453 Y117.819 E3.49762
G1 X118.83 Y117.83 E.0274
G1 X175.78 Y174.781 E3.53637
G1 X175.78 Y175.416 E.02788
G1 X118.206 Y117.841 E3.57512
G1 X117.582 Y117.852 E.0274
G1 X175.78 Y176.051 E3.61386
G1 X175.78 Y176.686 E.02788
G1 X116.958 Y117.863 E3.65261
G1 X116.336 Y117.877 E.02729
G1 X175.78 Y177.321 E3.6912
G1 X175.78 Y177.956 E.02788
G1 X115.716 Y117.891 E3.72971
G1 X115.096 Y117.906 E.02724
G1 X175.78 Y178.591 E3.76822
G1 X175.78 Y179.226 E.02788
G1 X114.476 Y117.921 E3.80673
G1 X113.855 Y117.936 E.02724
G1 X175.78 Y179.861 E3.84524
G1 X175.78 Y180.496 E.02788
G1 X113.235 Y117.951 E3.88376
G1 X112.615 Y117.965 E.02724
G1 X175.78 Y181.131 E3.92227
G1 X175.78 Y181.766 E.02788
G1 X111.995 Y117.98 E3.96078
G1 X111.374 Y117.995 E.02724
G1 X175.78 Y182.401 E3.99929
G1 X175.78 Y183.036 E.02788
G1 X110.754 Y118.01 E4.03781
G1 X110.134 Y118.025 E.02724
G1 X175.78 Y183.671 E4.07632
G1 X175.78 Y184.306 E.02788
G1 X109.514 Y118.04 E4.11483
G1 X108.894 Y118.054 E.02724
G1 X175.78 Y184.941 E4.15334
G1 X175.78 Y185.576 E.02788
G1 X108.273 Y118.069 E4.19185
G1 X107.653 Y118.084 E.02724
G1 X175.78 Y186.211 E4.23037
G1 X175.78 Y186.846 E.02788
G1 X107.033 Y118.099 E4.26888
G1 X106.415 Y118.115 E.02716
G1 X175.78 Y187.481 E4.30727
G1 X175.78 Y188.116 E.02788
G1 X105.797 Y118.133 E4.34563
G1 X105.179 Y118.15 E.02713
G1 X175.78 Y188.751 E4.38399
G1 X175.78 Y189.386 E.02788
G1 X104.562 Y118.167 E4.42234
G1 X103.944 Y118.185 E.02713
G1 X175.78 Y190.021 E4.4607
G1 X175.78 Y190.656 E.02788
G1 X103.326 Y118.202 E4.49905
G1 X102.708 Y118.219 E.02713
G1 X175.78 Y191.291 E4.53741
G1 X175.78 Y191.926 E.02788
G1 X102.091 Y118.237 E4.57577
G1 X101.473 Y118.254 E.02713
G1 X175.78 Y192.561 E4.61412
G1 X175.78 Y193.196 E.02788
G1 X100.855 Y118.271 E4.65248
G1 X100.238 Y118.289 E.02713
G1 X175.78 Y193.831 E4.69083
G1 X175.78 Y194.466 E.02788
G1 X99.62 Y118.306 E4.72919
G1 X99.002 Y118.323 E.02713
G1 X175.78 Y195.101 E4.76755
G1 X175.78 Y195.736 E.02788
G1 X98.385 Y118.341 E4.8059
G1 X97.767 Y118.358 E.02713
G1 X175.78 Y196.371 E4.84426
G1 X175.78 Y197.006 E.02788
G1 X97.149 Y118.375 E4.88261
G1 X96.534 Y118.395 E.02704
G1 X175.78 Y197.641 E4.92083
G1 X175.78 Y198.102 E.02024
G1 X175.605 Y198.101 E.0077
G1 X95.919 Y118.415 E4.94809
G1 X95.305 Y118.436 E.027
G1 X174.965 Y198.096 E4.94651
G1 X174.325 Y198.091 E.0281
G1 X94.69 Y118.456 E4.94493
G1 X94.076 Y118.477 E.027
G1 X173.685 Y198.086 E4.94335
G1 X173.045 Y198.081 E.0281
G1 X93.461 Y118.498 E4.94177
G1 X92.847 Y118.518 E.027
G1 X172.405 Y198.076 E4.94019
G1 X171.765 Y198.071 E.0281
G1 X92.232 Y118.539 E4.93861
G1 X91.62 Y118.561 E.02692
G1 X171.125 Y198.066 E4.93693
G1 X170.485 Y198.062 E.0281
G1 X91.008 Y118.584 E4.93517
G1 X90.396 Y118.607 E.02688
G1 X169.845 Y198.057 E4.93342
G1 X169.205 Y198.052 E.0281
G1 X89.784 Y118.631 E4.93167
G1 X89.173 Y118.654 E.02688
G1 X168.565 Y198.047 E4.92992
G1 X167.926 Y198.042 E.0281
G1 X88.561 Y118.677 E4.92817
G1 X87.949 Y118.701 E.02688
G1 X167.286 Y198.037 E4.92642
G1 X166.646 Y198.032 E.0281
G1 X87.337 Y118.724 E4.92467
G1 X86.726 Y118.747 E.02688
G1 X166.006 Y198.027 E4.92292
G1 X165.366 Y198.022 E.0281
G1 X86.114 Y118.77 E4.92116
G1 X85.502 Y118.794 E.02688
G1 X164.726 Y198.017 E4.91941
G1 X164.086 Y198.012 E.0281
G1 X84.891 Y118.817 E4.91766
G1 X84.279 Y118.84 E.02688
G1 X163.446 Y198.008 E4.91591
G1 X162.805 Y198.002 E.02814
G1 X83.667 Y118.864 E4.9141
G1 X83.055 Y118.887 E.02688
G1 X162.164 Y197.996 E4.91227
G1 X161.523 Y197.989 E.02815
G1 X82.444 Y118.91 E4.91045
G1 X81.833 Y118.935 E.02682
G1 X160.882 Y197.983 E4.90854
G1 X160.24 Y197.977 E.02815
G1 X81.225 Y118.962 E4.90648
G1 X80.617 Y118.989 E.02673
G1 X159.599 Y197.971 E4.90443
G1 X158.958 Y197.965 E.02815
G1 X80.009 Y119.015 E4.90238
G1 X79.401 Y119.042 E.02673
G1 X158.317 Y197.959 E4.90033
G1 X157.676 Y197.952 E.02815
G1 X78.792 Y119.069 E4.89828
G1 X78.184 Y119.096 E.02673
G1 X157.035 Y197.946 E4.89623
G1 X156.393 Y197.94 E.02815
G1 X77.576 Y119.123 E4.89418
G1 X76.968 Y119.15 E.02671
G1 X155.752 Y197.934 E4.8921
G1 X155.111 Y197.928 E.02815
G1 X76.362 Y119.179 E4.88992
G1 X75.756 Y119.208 E.02664
G1 X154.47 Y197.922 E4.88773
G1 X153.829 Y197.915 E.02815
G1 X75.15 Y119.237 E4.88555
G1 X74.544 Y119.266 E.02664
G1 X153.187 Y197.909 E4.88337
G1 X152.546 Y197.903 E.02815
G1 X73.938 Y119.295 E4.88119
G1 X73.332 Y119.324 E.02664
G1 X151.905 Y197.897 E4.87901
G1 X151.264 Y197.891 E.02815
G1 X72.726 Y119.353 E4.87682
G1 X72.121 Y119.383 E.02662
G1 X150.623 Y197.885 E4.87461
G1 X149.982 Y197.878 E.02815
G1 X71.518 Y119.415 E4.8722
G1 X70.916 Y119.448 E.02649
G1 X149.34 Y197.872 E4.86979
G1 X148.699 Y197.866 E.02815
G1 X70.314 Y119.481 E4.86738
G1 X69.711 Y119.513 E.02649
G1 X148.056 Y197.858 E4.86484
G1 X147.412 Y197.849 E.02828
G1 X69.109 Y119.546 E4.86225
G1 X68.507 Y119.579 E.02649
G1 X146.768 Y197.84 E4.85967
G1 X146.124 Y197.831 E.02828
G1 X67.904 Y119.611 E4.85708
G1 X67.302 Y119.644 E.02649
G1 X145.48 Y197.822 E4.85449
G1 X144.836 Y197.813 E.02828
G1 X66.7 Y119.677 E4.8519
G1 X66.097 Y119.709 E.02649
G1 X144.192 Y197.804 E4.84931
G1 X143.548 Y197.795 E.02828
G1 X65.585 Y119.832 E4.84116
G1 X65.633 Y120.516 E.0301
G1 X142.904 Y197.786 E4.79815
G1 X142.26 Y197.777 E.02828
G1 X65.682 Y121.199 E4.75513
G1 X65.731 Y121.883 E.0301
G1 X141.616 Y197.768 E4.71211
G1 X140.972 Y197.759 E.02828
G1 X65.78 Y122.567 E4.6691
G1 X65.828 Y123.251 E.0301
G1 X140.328 Y197.75 E4.62608
G1 X139.684 Y197.741 E.02828
G1 X65.877 Y123.934 E4.58307
G1 X65.926 Y124.618 E.0301
G1 X139.04 Y197.732 E4.54005
G1 X138.396 Y197.723 E.02828
G1 X65.974 Y125.302 E4.49703
G1 X66.023 Y125.986 E.0301
G1 X137.752 Y197.714 E4.45402
G1 X137.108 Y197.705 E.02828
G1 X66.072 Y126.669 E4.411
G1 X66.121 Y127.353 E.0301
G1 X136.464 Y197.696 E4.36799
G1 X135.82 Y197.687 E.02828
G1 X66.169 Y128.037 E4.32497
G1 X66.218 Y128.721 E.0301
G1 X135.176 Y197.678 E4.28196
G1 X134.532 Y197.669 E.02828
G1 X66.267 Y129.404 E4.23894
G1 X66.316 Y130.088 E.0301
G1 X133.888 Y197.66 E4.19592
G1 X133.244 Y197.651 E.02828
G1 X66.364 Y130.772 E4.15291
G1 X66.413 Y131.456 E.0301
G1 X132.6 Y197.642 E4.10989
G1 X131.956 Y197.633 E.02828
G1 X66.462 Y132.139 E4.06688
G1 X66.511 Y132.823 E.0301
G1 X131.312 Y197.624 E4.02386
G1 X130.666 Y197.613 E.02837
G1 X66.559 Y133.507 E3.98072
G1 X66.608 Y134.191 E.0301
G1 X130.02 Y197.602 E3.93757
G1 X129.373 Y197.591 E.02838
G1 X66.657 Y134.874 E3.89441
G1 X66.705 Y135.558 E.0301
G1 X128.727 Y197.58 E3.85126
G1 X128.081 Y197.569 E.02838
G1 X66.754 Y136.242 E3.8081
G1 X66.803 Y136.926 E.0301
G1 X127.435 Y197.557 E3.76495
G1 X126.788 Y197.546 E.02838
G1 X66.852 Y137.609 E3.72179
G1 X66.9 Y138.293 E.0301
G1 X126.142 Y197.535 E3.67864
G1 X125.496 Y197.524 E.02838
G1 X66.949 Y138.977 E3.63548
G1 X66.998 Y139.661 E.0301
G1 X124.85 Y197.512 E3.59232
G1 X124.203 Y197.501 E.02838
G1 X67.047 Y140.344 E3.54917
G1 X67.095 Y141.028 E.0301
G1 X123.557 Y197.49 E3.50601
G1 X122.911 Y197.479 E.02838
G1 X67.144 Y141.712 E3.46286
G1 X67.173 Y142.112 E.01762
G1 X67.237 Y142.44 E.01468
G1 X122.265 Y197.467 E3.41694
G1 X121.618 Y197.456 E.02838
G1 X67.393 Y143.231 E3.36713
G1 X67.549 Y144.022 E.0354
G1 X120.971 Y197.444 E3.31724
G1 X120.322 Y197.43 E.02849
G1 X67.705 Y144.813 E3.26727
G1 X67.795 Y145.268 E.02037
G1 X67.938 Y145.681 E.01916
G1 X119.674 Y197.416 E3.21255
G1 X119.025 Y197.403 E.02849
G1 X69.233 Y147.61 E3.09187
G1 X69.749 Y148.762 E.05542
G1 X118.376 Y197.389 E3.01951
G1 X117.727 Y197.375 E.02849
G1 X70.266 Y149.914 E2.94715
G1 X70.782 Y151.065 E.05542
G1 X117.079 Y197.362 E2.8748
G1 X116.43 Y197.348 E.02849
G1 X71.299 Y152.217 E2.80244
G1 X71.815 Y153.368 E.05542
G1 X115.779 Y197.332 E2.72996
G1 X115.128 Y197.316 E.0286
G1 X72.332 Y154.52 E2.65745
G1 X72.849 Y155.672 E.05542
G1 X114.477 Y197.3 E2.58494
G1 X113.826 Y197.284 E.0286
G1 X73.365 Y156.823 E2.51243
G1 X73.654 Y157.466 E.03095
G1 X73.614 Y157.707 E.0107
G1 X113.175 Y197.268 E2.45656
G1 X112.524 Y197.252 E.0286
G1 X73.523 Y158.251 E2.42175
G1 X73.433 Y158.796 E.02424
G1 X111.873 Y197.236 E2.38694
G1 X111.221 Y197.22 E.0286
G1 X73.342 Y159.34 E2.35213
G1 X73.252 Y159.885 E.02424
G1 X110.57 Y197.203 E2.31731
G1 X109.919 Y197.187 E.0286
G1 X73.161 Y160.429 E2.2825
G1 X73.071 Y160.974 E.02424
G1 X109.268 Y197.171 E2.24769
G1 X108.617 Y197.155 E.0286
G1 X72.98 Y161.518 E2.21288
G1 X72.889 Y162.063 E.02424
G1 X107.966 Y197.139 E2.17807
G1 X107.315 Y197.123 E.0286
G1 X72.799 Y162.607 E2.14326
G1 X72.708 Y163.152 E.02424
G1 X106.663 Y197.107 E2.10844
G1 X106.012 Y197.091 E.0286
G1 X72.618 Y163.696 E2.07363
G1 X72.527 Y164.241 E.02424
G1 X105.361 Y197.074 E2.03882
G1 X104.71 Y197.058 E.0286
G1 X72.437 Y164.785 E2.00401
G1 X72.346 Y165.33 E.02424
G1 X104.059 Y197.042 E1.9692
G1 X103.408 Y197.026 E.0286
G1 X72.256 Y165.874 E1.93439
G1 X72.165 Y166.419 E.02424
G1 X102.757 Y197.01 E1.89958
G1 X102.105 Y196.994 E.0286
G1 X72.075 Y166.963 E1.86476
G1 X71.984 Y167.508 E.02424
G1 X101.454 Y196.978 E1.82995
G1 X100.798 Y196.957 E.02883
G1 X71.894 Y168.052 E1.79483
G1 X71.803 Y168.597 E.02424
G1 X100.142 Y196.935 E1.7597
G1 X99.486 Y196.914 E.02883
G1 X71.713 Y169.141 E1.72457
G1 X71.622 Y169.686 E.02424
G1 X98.829 Y196.893 E1.68945
G1 X98.173 Y196.872 E.02883
G1 X71.531 Y170.23 E1.65432
G1 X71.441 Y170.775 E.02424
G1 X97.517 Y196.85 E1.61919
G1 X96.861 Y196.829 E.02883
G1 X71.35 Y171.319 E1.58407
G1 X71.085 Y171.688 E.01998
G1 X96.204 Y196.808 E1.55981
G1 X95.548 Y196.787 E.02883
G1 X70.812 Y172.05 E1.53601
G1 X70.539 Y172.412 E.01991
G1 X94.892 Y196.766 E1.51222
G1 X94.236 Y196.744 E.02883
G1 X70.368 Y172.877 E1.48208
G1 X70.309 Y173.452 E.02542
G1 X93.58 Y196.723 E1.44501
G1 X92.923 Y196.702 E.02883
G1 X70.249 Y174.028 E1.40794
G1 X70.19 Y174.604 E.02542
G1 X92.267 Y196.681 E1.37087
G1 X91.611 Y196.66 E.02883
G1 X70.131 Y175.18 E1.3338
G1 X70.072 Y175.756 E.02542
G1 X90.951 Y196.635 E1.29651
G1 X90.291 Y196.61 E.029
G1 X70.046 Y176.365 E1.25713
G1 X70.042 Y176.996 E.02771
G1 X89.631 Y196.585 E1.21639
G1 X88.971 Y196.56 E.029
G1 X70.038 Y177.627 E1.17565
G1 X70.035 Y178.258 E.02771
G1 X88.311 Y196.535 E1.13491
G1 X87.652 Y196.51 E.029
G1 X70.031 Y178.89 E1.09417
G1 X70.027 Y179.521 E.02771
G1 X86.992 Y196.486 E1.05344
G1 X86.332 Y196.461 E.029
G1 X70.023 Y180.152 E1.0127
G1 X70.019 Y180.783 E.02771
G1 X85.672 Y196.436 E.97196
G1 X85.012 Y196.411 E.029
G1 X70.015 Y181.414 E.93122
G1 X70.011 Y182.045 E.02771
G1 X84.352 Y196.386 E.89048
G1 X83.692 Y196.361 E.029
G1 X70.008 Y182.677 E.84975
G1 X70.004 Y183.308 E.02771
G1 X83.032 Y196.336 E.80901
G1 X82.372 Y196.311 E.029
G1 X70 Y183.939 E.76827
G1 X69.996 Y184.57 E.02771
G1 X81.712 Y196.286 E.72752
G1 X81.046 Y196.255 E.02929
G1 X70.048 Y185.257 E.68293
G1 X70.123 Y185.967 E.03134
G1 X80.38 Y196.224 E.63691
G1 X79.714 Y196.193 E.02929
G1 X70.197 Y186.677 E.5909
G1 X70.272 Y187.386 E.03134
G1 X79.047 Y196.161 E.54489
G1 X78.381 Y196.13 E.02929
G1 X70.347 Y188.096 E.49887
G1 X70.422 Y188.806 E.03134
G1 X77.715 Y196.099 E.45286
G1 X77.049 Y196.068 E.02929
G1 X70.497 Y189.516 E.40685
G1 X70.571 Y190.226 E.03134
G1 X76.382 Y196.037 E.36084
G1 X75.716 Y196.005 E.02929
G1 X70.646 Y190.935 E.31482
G1 X70.721 Y191.645 E.03134
G1 X75.05 Y195.974 E.26881
G1 X74.384 Y195.943 E.02929
G1 X70.796 Y192.355 E.2228
G1 X70.87 Y193.065 E.03134
G1 X73.717 Y195.912 E.17678
G1 X73.051 Y195.88 E.02929
G1 X70.945 Y193.774 E.13077
G1 X71.02 Y194.484 E.03134
G1 X72.385 Y195.849 E.08476
G1 X71.719 Y195.818 E.02929
G1 X70.868 Y194.967 E.05283
G1 E-.8 F3600
G1 X73.285 Y156.606 F18000
G1 E.8 F3600
;TYPE:Gap infill
;WIDTH:0.247487
G1 F2400
G1 X73.202 Y156.486 E.0028
;WIDTH:0.206869
G1 X73.119 Y156.365 E.00222
;WIDTH:0.166251
G1 X73.036 Y156.245 E.00164
;WIDTH:0.145942
G1 X72.953 Y156.125 E.00135
G1 E-.8 F3600
G1 X72.252 Y154.303 F18000
G1 E.8 F3600
;WIDTH:0.247487
G1 F2400
G1 X72.169 Y154.183 E.0028
;WIDTH:0.206869
G1 X72.086 Y154.062 E.00222
;WIDTH:0.166251
G1 X72.003 Y153.942 E.00164
;WIDTH:0.145942
G1 X71.92 Y153.822 E.00135
G1 E-.8 F3600
G1 X71.218 Y152 F18000
G1 E.8 F3600
;WIDTH:0.247486
G1 F2400
G1 X71.136 Y151.879 E.0028
;WIDTH:0.206869
G1 X71.053 Y151.759 E.00222
;WIDTH:0.166251
G1 X70.97 Y151.639 E.00164
;WIDTH:0.145942
G1 X70.887 Y151.519 E.00135
G1 E-.8 F3600
G1 X70.185 Y149.696 F18000
G1 E.8 F3600
;WIDTH:0.247487
G1 F2400
G1 X70.102 Y149.576 E.0028
;WIDTH:0.206869
G1 X70.02 Y149.456 E.00222
;WIDTH:0.166251
G1 X69.937 Y149.336 E.00164
;WIDTH:0.145942
G1 X69.854 Y149.215 E.00135
G1 E-.8 F3600
G1 X69.152 Y147.393 F18000
G1 E.8 F3600
;WIDTH:0.261125
G1 F2400
G1 X69.044 Y147.246 E.00375
;WIDTH:0.272934
G1 X68.716 Y146.957 E.00946
;WIDTH:0.313671
G1 X68.388 Y146.668 E.0112
;WIDTH:0.334039
G1 X68.061 Y146.379 E.01207
; stop printing object USV 1 e2mm.stl_6_B id:0 copy 0
; printing object "USV 1 e2mm.stl_5" id:1 copy 0
G1 E-.8 F3600
G1 X72.048 Y108.778 F18000
G1 E.8 F3600
;TYPE:Brim
;WIDTH:0.5
G1 F2400
G1 X71.409 Y108.699 E.02824
G1 X70.797 Y108.528 E.02788
G1 X70.217 Y108.268 E.02788
G1 X69.682 Y107.925 E.02788
G1 X69.204 Y107.506 E.02788
G1 X68.794 Y107.02 E.02788
G1 X68.46 Y106.479 E.02788
G1 X68.211 Y105.894 E.02788
G1 X68.052 Y105.279 E.02788
G1 X67.986 Y104.644 E.02797
G1 X67.998 Y104.168 E.0209
G1 X68.71 Y95.472 E.38264
G1 X68.762 Y95.068 E.01786
G1 X69.74 Y89.537 E.24634
G1 X69.899 Y88.913 E.02825
G1 X70.147 Y88.325 E.02797
G1 X70.392 Y87.905 E.02132
G1 X71.525 Y86.202 E.0897
G1 X71.556 Y86.129 E.00352
G1 X76.396 Y65.206 E.9418
G1 X76.395 Y65.103 E.00452
G1 X71.35 Y44.163 E.94462
G1 X71.319 Y44.092 E.00341
G1 X70.18 Y42.371 E.0905
G1 X69.866 Y41.809 E.02825
G1 X69.641 Y41.212 E.02798
G1 X69.535 Y40.763 E.02021
G1 X68.536 Y35.233 E.24648
G1 X68.483 Y34.834 E.01766
G1 X67.729 Y26.143 E.38255
G1 X67.721 Y25.499 E.02825
G1 X67.808 Y24.87 E.02788
G1 X67.988 Y24.26 E.02788
G1 X68.257 Y23.684 E.02788
G1 X68.608 Y23.154 E.02788
G1 X69.034 Y22.682 E.02788
G1 X69.526 Y22.28 E.02788
G1 X70.072 Y21.954 E.02788
G1 X70.661 Y21.714 E.02788
G1 X71.28 Y21.563 E.02796
G1 X71.774 Y21.511 E.0218
G1 X80.722 Y21.098 E.39284
G1 X85.681 Y20.902 E.21764
G1 X90.644 Y20.716 E.21783
G1 X100.532 Y20.408 E.43383
G1 X110.435 Y20.148 E.43448
G1 X120.395 Y19.93 E.4369
G1 X140.271 Y19.61 E.87181
G1 X155.053 Y19.437 E.64831
G1 X169.843 Y19.313 E.64866
G1 X176.085 Y19.269 E.27374
G1 X176.727 Y19.313 E.02825
G1 X177.348 Y19.45 E.02788
G1 X177.942 Y19.678 E.02788
G1 X178.495 Y19.991 E.02788
G1 X178.995 Y20.383 E.02788
G1 X179.431 Y20.846 E.02788
G1 X179.794 Y21.368 E.02788
G1 X180.075 Y21.938 E.02788
G1 X180.267 Y22.544 E.02788
G1 X180.369 Y23.175 E.02804
G1 X180.384 Y23.535 E.01579
G1 X180.384 Y106.736 E3.64886
G1 X180.336 Y107.378 E.02825
G1 X180.195 Y107.998 E.02788
G1 X179.963 Y108.59 E.02788
G1 X179.645 Y109.14 E.02788
G1 X179.249 Y109.638 E.02788
G1 X178.784 Y110.071 E.02788
G1 X178.259 Y110.43 E.02788
G1 X177.687 Y110.707 E.02788
G1 X177.08 Y110.895 E.02788
G1 X176.448 Y110.992 E.02804
G1 X176.09 Y111.005 E.0157
G1 X155.61 Y110.844 E.89822
G1 X140.631 Y110.667 E.65697
G1 X130.751 Y110.524 E.43334
G1 X115.866 Y110.253 E.65292
G1 X101.031 Y109.885 E.65077
G1 X91.065 Y109.572 E.43732
G1 X86.053 Y109.387 E.21992
G1 X81.054 Y109.191 E.21942
G1 X72.068 Y108.779 E.39451
G1 X72.091 Y108.331 F18000
G1 F2400
G1 X71.488 Y108.255 E.02667
G1 X70.94 Y108.101 E.02493
G1 X70.44 Y107.877 E.02405
G1 X69.945 Y107.559 E.02581
G1 X69.532 Y107.197 E.02405
G1 X69.164 Y106.764 E.02493
G1 X68.865 Y106.281 E.02493
G1 X68.635 Y105.739 E.02581
G1 X68.494 Y105.189 E.02493
G1 X68.436 Y104.635 E.02439
G1 X68.447 Y104.188 E.01962
G1 X69.157 Y95.516 E.38161
G1 X69.207 Y95.133 E.01695
G1 X70.178 Y89.636 E.24478
G1 X70.323 Y89.066 E.02582
G1 X70.553 Y88.519 E.02602
G1 X70.775 Y88.14 E.01925
G1 X71.892 Y86.461 E.08844
G1 X71.996 Y86.218 E.01159
G1 X76.831 Y65.315 E.94093
G1 X76.844 Y65.201 E.00504
G1 X76.829 Y64.987 E.00939
G1 X71.789 Y44.069 E.94361
G1 X71.687 Y43.835 E.01124
G1 X70.561 Y42.133 E.08947
G1 X70.279 Y41.628 E.02538
G1 X70.074 Y41.089 E.0253
G1 X69.973 Y40.668 E.01896
G1 X68.98 Y35.166 E.24521
G1 X68.928 Y34.781 E.01702
G1 X68.178 Y26.126 E.381
G1 X68.172 Y25.518 E.0267
G1 X68.251 Y24.955 E.02493
G1 X68.406 Y24.429 E.02405
G1 X68.655 Y23.895 E.02581
G1 X68.958 Y23.438 E.02405
G1 X69.338 Y23.016 E.02493
G1 X69.777 Y22.654 E.02493
G1 X70.264 Y22.362 E.02493
G1 X70.79 Y22.146 E.02493
G1 X71.349 Y22.008 E.02523
G1 X71.813 Y21.958 E.02047
G1 X80.741 Y21.546 E.392
G1 X85.698 Y21.35 E.21756
G1 X90.66 Y21.164 E.21777
G1 X100.545 Y20.856 E.43371
G1 X110.447 Y20.597 E.43439
G1 X120.403 Y20.378 E.43676
G1 X140.277 Y20.059 E.87172
G1 X155.058 Y19.886 E.64825
G1 X176.076 Y19.718 E.92182
G1 X176.673 Y19.76 E.02626
G1 X177.228 Y19.884 E.02493
G1 X177.758 Y20.089 E.02493
G1 X178.236 Y20.36 E.02405
G1 X178.699 Y20.723 E.02581
G1 X179.088 Y21.137 E.02493
G1 X179.4 Y21.588 E.02405
G1 X179.653 Y22.097 E.02493
G1 X179.832 Y22.658 E.02581
G1 X179.92 Y23.212 E.02463
G1 X179.935 Y23.541 E.01444
G1 X179.935 Y106.714 E3.64762
G1 X179.889 Y107.321 E.0267
G1 X179.761 Y107.875 E.02493
G1 X179.561 Y108.385 E.02405
G1 X179.267 Y108.895 E.02581
G1 X178.926 Y109.324 E.02405
G1 X178.511 Y109.713 E.02493
G1 X178.042 Y110.035 E.02493
G1 X177.512 Y110.291 E.02581
G1 X176.969 Y110.458 E.02493
G1 X176.414 Y110.543 E.02463
G1 X176.081 Y110.556 E.0146
G1 X155.614 Y110.396 E.89765
G1 X140.637 Y110.219 E.65689
G1 X130.758 Y110.075 E.43326
G1 X115.875 Y109.805 E.65285
G1 X101.044 Y109.437 E.6506
G1 X91.08 Y109.124 E.4372
G1 X86.07 Y108.939 E.21987
G1 X81.073 Y108.743 E.21934
G1 X72.111 Y108.332 E.39344
G1 X72.134 Y107.884 F18000
G1 F2400
G1 X71.567 Y107.812 E.02509
G1 X71.103 Y107.681 E.02113
G1 X70.663 Y107.485 E.02112
G1 X70.208 Y107.193 E.02374
G1 X69.847 Y106.874 E.02112
G1 X69.535 Y106.507 E.02114
G1 X69.26 Y106.064 E.02284
G1 X69.058 Y105.585 E.02281
G1 X68.935 Y105.099 E.02197
G1 X68.886 Y104.626 E.02087
G1 X68.895 Y104.208 E.01834
G1 X69.603 Y95.56 E.38055
G1 X69.651 Y95.197 E.01603
G1 X70.616 Y89.735 E.24325
G1 X70.753 Y89.199 E.02427
G1 X70.959 Y88.712 E.02319
G1 X71.158 Y88.375 E.01717
G1 X72.258 Y86.719 E.08719
G1 X72.436 Y86.307 E.01967
G1 X77.266 Y65.425 E.93999
G1 X77.29 Y65.16 E.01166
G1 X77.262 Y64.873 E.01265
G1 X72.228 Y43.976 E.94268
G1 X72.054 Y43.577 E.01907
G1 X70.942 Y41.895 E.08844
G1 X70.691 Y41.447 E.02255
G1 X70.506 Y40.965 E.02264
G1 X70.412 Y40.573 E.01768
G1 X69.423 Y35.1 E.2439
G1 X69.374 Y34.729 E.01639
G1 X68.626 Y26.11 E.37944
G1 X68.62 Y25.557 E.02425
G1 X68.693 Y25.041 E.02287
G1 X68.831 Y24.579 E.02114
G1 X69.043 Y24.124 E.02198
G1 X69.32 Y23.706 E.022
G1 X69.642 Y23.348 E.02114
G1 X70.028 Y23.028 E.02198
G1 X70.457 Y22.769 E.02198
G1 X70.92 Y22.577 E.02198
G1 X71.418 Y22.453 E.02249
G1 X71.851 Y22.405 E.01912
G1 X80.76 Y21.994 E.39113
G1 X85.715 Y21.798 E.21749
G1 X90.676 Y21.612 E.21771
G1 X100.558 Y21.304 E.4336
G1 X110.458 Y21.045 E.43431
G1 X120.411 Y20.827 E.43662
G1 X140.283 Y20.507 E.87163
G1 X155.062 Y20.334 E.64819
G1 X176.068 Y20.167 E.92124
G1 X176.598 Y20.205 E.02334
G1 X177.107 Y20.318 E.02286
G1 X177.557 Y20.492 E.02114
G1 X177.976 Y20.728 E.02112
G1 X178.402 Y21.062 E.02372
G1 X178.731 Y21.413 E.0211
G1 X179.008 Y21.808 E.02116
G1 X179.231 Y22.257 E.02197
G1 X179.396 Y22.772 E.02372
G1 X179.472 Y23.25 E.02126
G1 X179.487 Y23.548 E.01308
G1 X179.487 Y106.691 E3.64633
G1 X179.442 Y107.263 E.02513
G1 X179.334 Y107.732 E.02113
G1 X179.159 Y108.181 E.02112
G1 X178.889 Y108.65 E.02374
G1 X178.588 Y109.026 E.02112
G1 X178.236 Y109.355 E.02114
G1 X177.807 Y109.65 E.02284
G1 X177.338 Y109.876 E.02281
G1 X176.859 Y110.022 E.02197
G1 X176.379 Y110.095 E.02129
G1 X176.072 Y110.107 E.01349
G1 X155.618 Y109.947 E.89704
G1 X140.642 Y109.77 E.65681
G1 X130.766 Y109.627 E.43319
G1 X115.884 Y109.356 E.65277
G1 X101.057 Y108.988 E.65044
G1 X91.096 Y108.676 E.43708
G1 X86.087 Y108.491 E.21982
G1 X81.091 Y108.295 E.21927
G1 X72.154 Y107.885 E.39235
G1 X72.178 Y107.437 F18000
G1 F2400
G1 X71.647 Y107.368 E.02351
G1 X71.265 Y107.261 E.01739
G1 X70.886 Y107.094 E.01818
G1 X70.471 Y106.827 E.02163
G1 X70.161 Y106.552 E.01818
G1 X69.905 Y106.25 E.01738
G1 X69.665 Y105.866 E.01982
G1 X69.482 Y105.432 E.02068
G1 X69.377 Y105.011 E.01903
G1 X69.336 Y104.616 E.01742
G1 X69.343 Y104.227 E.01705
G1 X70.05 Y95.604 E.37946
G1 X70.094 Y95.262 E.01511
G1 X71.053 Y89.835 E.24169
G1 X71.177 Y89.353 E.02183
G1 X71.365 Y88.907 E.02125
G1 X71.54 Y88.61 E.01512
G1 X72.625 Y86.978 E.08595
G1 X72.876 Y86.396 E.02775
G1 X77.701 Y65.534 E.93911
G1 X77.735 Y65.212 E.01419
G1 X77.696 Y64.758 E.01998
G1 X72.667 Y43.882 E.94173
G1 X72.422 Y43.32 E.02689
G1 X71.323 Y41.657 E.08742
G1 X71.103 Y41.264 E.01975
G1 X70.938 Y40.839 E.01998
G1 X70.85 Y40.476 E.01639
G1 X69.867 Y35.033 E.24257
G1 X69.82 Y34.677 E.01575
G1 X69.075 Y26.093 E.37788
G1 X69.069 Y25.596 E.02179
G1 X69.135 Y25.127 E.02079
G1 X69.256 Y24.729 E.0182
G1 X69.431 Y24.353 E.0182
G1 X69.682 Y23.974 E.01995
G1 X69.961 Y23.666 E.01824
G1 X70.281 Y23.401 E.01819
G1 X70.652 Y23.176 E.01903
G1 X71.052 Y23.008 E.01903
G1 X71.488 Y22.898 E.01974
G1 X71.891 Y22.852 E.01775
G1 X80.78 Y22.442 E.39028
G1 X90.691 Y22.061 E.43497
G1 X100.571 Y21.752 E.43352
G1 X110.469 Y21.493 E.43422
G1 X120.419 Y21.275 E.43648
G1 X140.289 Y20.956 E.87154
G1 X155.067 Y20.783 E.64812
G1 X176.059 Y20.616 E.92065
G1 X176.543 Y20.652 E.02131
G1 X176.986 Y20.752 E.01991
G1 X177.356 Y20.895 E.01738
G1 X177.718 Y21.097 E.01817
G1 X178.105 Y21.401 E.02161
G1 X178.388 Y21.704 E.01816
G1 X178.615 Y22.03 E.01743
G1 X178.81 Y22.416 E.01897
G1 X178.96 Y22.886 E.02161
G1 X179.024 Y23.289 E.01792
G1 X179.038 Y23.562 E.01198
G1 X179.038 Y106.669 E3.64471
G1 X178.995 Y107.204 E.02356
G1 X178.906 Y107.59 E.01739
G1 X178.757 Y107.977 E.01818
G1 X178.511 Y108.405 E.02163
G1 X178.251 Y108.727 E.01818
G1 X177.962 Y108.998 E.01738
G1 X177.59 Y109.255 E.01982
G1 X177.165 Y109.459 E.02068
G1 X176.75 Y109.585 E.01902
G1 X176.343 Y109.647 E.01802
G1 X176.061 Y109.659 E.01239
G1 X155.622 Y109.499 E.8964
G1 X140.648 Y109.322 E.65673
G1 X130.774 Y109.179 E.43311
G1 X115.893 Y108.908 E.6527
G1 X101.07 Y108.54 E.65028
G1 X91.112 Y108.228 E.43696
G1 X86.104 Y108.043 E.21976
G1 X81.11 Y107.847 E.21919
G1 X72.198 Y107.438 E.39123
G1 X72.223 Y106.99 F18000
G1 F2400
G1 X71.727 Y106.925 E.02192
G1 X71.409 Y106.834 E.01454
G1 X71.108 Y106.702 E.01438
G1 X70.735 Y106.462 E.01947
G1 X70.49 Y106.244 E.01438
G1 X70.274 Y105.992 E.01454
G1 X70.061 Y105.649 E.01771
G1 X69.906 Y105.279 E.01758
G1 X69.819 Y104.924 E.01606
G1 X69.785 Y104.589 E.01476
G1 X69.792 Y104.246 E.01504
G1 X70.497 Y95.648 E.37834
G1 X70.538 Y95.327 E.01418
G1 X71.491 Y89.935 E.24015
G1 X71.6 Y89.506 E.01939
G1 X71.771 Y89.101 E.0193
G1 X71.922 Y88.844 E.01305
G1 X72.992 Y87.236 E.08471
G1 X73.315 Y86.486 E.03583
G1 X78.136 Y65.644 E.93818
G1 X78.181 Y65.162 E.02122
G1 X78.13 Y64.644 E.02282
G1 X73.106 Y43.789 E.94081
G1 X72.79 Y43.063 E.03471
G1 X71.709 Y41.428 E.08595
G1 X71.514 Y41.081 E.01744
G1 X71.37 Y40.713 E.01734
G1 X71.288 Y40.379 E.01507
G1 X70.311 Y34.967 E.24121
G1 X70.266 Y34.631 E.01485
G1 X69.523 Y26.066 E.37704
G1 X69.52 Y25.615 E.01978
G1 X69.573 Y25.234 E.01688
G1 X69.68 Y24.881 E.01615
G1 X69.829 Y24.565 E.01533
G1 X70.032 Y24.259 E.01611
G1 X70.266 Y23.998 E.01537
G1 X70.534 Y23.774 E.01534
G1 X70.847 Y23.582 E.01611
G1 X71.185 Y23.438 E.01608
G1 X71.56 Y23.342 E.01698
G1 X71.922 Y23.3 E.01597
G1 X80.799 Y22.891 E.38973
G1 X90.707 Y22.509 E.43486
G1 X100.584 Y22.201 E.43337
G1 X110.48 Y21.942 E.43414
G1 X120.428 Y21.724 E.43641
G1 X140.296 Y21.404 E.87144
G1 X155.071 Y21.231 E.64804
G1 X176.05 Y21.065 E.92005
G1 X176.467 Y21.096 E.01835
G1 X176.864 Y21.186 E.01786
G1 X177.173 Y21.307 E.01454
G1 X177.459 Y21.467 E.01438
G1 X177.808 Y21.74 E.01945
G1 X178.032 Y21.98 E.01438
G1 X178.224 Y22.253 E.01463
G1 X178.389 Y22.577 E.01595
G1 X178.524 Y23 E.01948
G1 X178.576 Y23.329 E.01462
G1 X178.59 Y23.577 E.01089
G1 X178.59 Y106.645 E3.64304
G1 X178.549 Y107.145 E.02199
G1 X178.473 Y107.468 E.01454
G1 X178.355 Y107.774 E.01438
G1 X178.133 Y108.158 E.01947
G1 X177.915 Y108.428 E.01521
G1 X177.671 Y108.654 E.01457
G1 X177.354 Y108.871 E.01685
G1 X176.992 Y109.043 E.01758
G1 X176.641 Y109.147 E.01606
G1 X176.307 Y109.199 E.01482
G1 X176.05 Y109.21 E.01129
G1 X155.626 Y109.05 E.89573
G1 X140.654 Y108.873 E.65666
G1 X130.781 Y108.73 E.43305
G1 X115.903 Y108.46 E.65261
G1 X101.083 Y108.092 E.65011
G1 X91.127 Y107.779 E.43684
G1 X81.13 Y107.399 E.43878
G1 X72.243 Y106.991 E.39014
G1 X72.264 Y106.543 F18000
G1 F2400
G1 X72.199 Y106.54 E.00282
G1 X71.634 Y106.421 E.02533
G1 X71.338 Y106.305 E.01396
G1 X70.984 Y106.08 E.01838
G1 X70.713 Y105.811 E.01674
G1 X70.528 Y105.539 E.01447
G1 X70.357 Y105.149 E.01865
G1 X70.26 Y104.73 E.01886
G1 X70.236 Y104.315 E.01822
G1 X70.944 Y95.674 E.38023
G1 X71.94 Y89.975 E.25376
G1 X72.282 Y89.114 E.04062
G1 X73.661 Y86.981 E.11139
G1 X78.704 Y65.175 E.98156
G1 X78.704 Y65.113 E.00271
G1 X73.45 Y43.303 E.98388
G1 X72.071 Y41.165 E.11158
G1 X71.733 Y40.316 E.04008
G1 X70.715 Y34.62 E.25373
G1 X69.966 Y25.989 E.37998
G1 X70.01 Y25.417 E.02516
G1 X70.119 Y25.016 E.01823
G1 X70.33 Y24.618 E.01975
G1 X70.491 Y24.421 E.01117
G1 X70.663 Y24.259 E.01035
G1 X71.01 Y24.023 E.01841
G1 X71.227 Y23.917 E.01058
G1 X71.934 Y23.748 E.03189
G1 X80.837 Y23.338 E.39084
G1 X90.697 Y22.958 E.43276
G1 X100.599 Y22.649 E.43447
G1 X115.457 Y22.278 E.65182
G1 X125.432 Y22.082 E.43757
G1 X140.313 Y21.853 E.65267
G1 X155.085 Y21.68 E.64788
G1 X169.866 Y21.555 E.64825
G1 X176.073 Y21.512 E.27225
G1 X176.444 Y21.555 E.01638
G1 X176.846 Y21.664 E.01825
G1 X177.114 Y21.789 E.01299
G1 X177.407 Y21.992 E.01561
G1 X177.601 Y22.178 E.01179
G1 X177.784 Y22.422 E.01337
G1 X177.977 Y22.803 E.01873
G1 X178.093 Y23.189 E.01769
G1 X178.131 Y23.422 E.01035
G1 X178.141 Y106.696 E3.65207
G1 X178.048 Y107.266 E.02533
G1 X177.948 Y107.565 E.01383
G1 X177.725 Y107.945 E.01931
G1 X177.462 Y108.232 E.01709
G1 X177.219 Y108.413 E.01328
G1 X176.836 Y108.603 E.01875
G1 X176.452 Y108.715 E.01754
G1 X176.067 Y108.762 E.01701
G1 X155.642 Y108.602 E.8958
G1 X148.144 Y108.519 E.32886
G1 X130.786 Y108.282 E.76132
G1 X115.917 Y108.011 E.6522
G1 X101.084 Y107.643 E.6507
G1 X91.135 Y107.331 E.43656
G1 X81.157 Y106.951 E.43789
G1 X72.284 Y106.544 E.38956
G1 X72.304 Y106.096 F18000
G1 F2400
G1 X72.209 Y106.091 E.00418
G1 X71.725 Y105.982 E.02177
G1 X71.501 Y105.888 E.01062
G1 X71.299 Y105.76 E.01051
G1 X71.083 Y105.558 E.01298
G1 X70.936 Y105.353 E.01105
G1 X70.797 Y105.061 E.0142
G1 X70.695 Y104.618 E.01992
G1 X70.682 Y104.361 E.01128
G1 X71.391 Y95.705 E.38091
G1 X72.384 Y90.038 E.25229
G1 X72.65 Y89.37 E.03156
G1 X74.075 Y87.182 E.11448
G1 X79.165 Y65.173 E.99073
G1 X79.165 Y65.111 E.00271
G1 X73.862 Y43.101 E.99291
G1 X72.44 Y40.909 E.11458
G1 X72.176 Y40.25 E.03114
G1 X71.162 Y34.588 E.25228
G1 X70.412 Y25.939 E.38072
G1 X70.457 Y25.447 E.02169
G1 X70.551 Y25.134 E.0143
G1 X70.678 Y24.9 E.01171
G1 X70.791 Y24.754 E.00809
G1 X70.978 Y24.579 E.01121
G1 X71.26 Y24.396 E.01473
G1 X71.426 Y24.319 E.00803
G1 X71.942 Y24.197 E.02327
G1 X80.853 Y23.786 E.39123
G1 X90.715 Y23.406 E.43281
G1 X100.61 Y23.097 E.43417
G1 X115.468 Y22.726 E.65184
G1 X125.439 Y22.53 E.43737
G1 X140.318 Y22.301 E.65259
G1 X155.088 Y22.128 E.64783
G1 X169.869 Y22.004 E.64822
G1 X176.085 Y21.96 E.27262
G1 X176.326 Y21.987 E.01065
G1 X176.659 Y22.072 E.01507
G1 X176.864 Y22.162 E.00981
G1 X177.088 Y22.306 E.01166
G1 X177.296 Y22.508 E.01274
G1 X177.422 Y22.686 E.00955
G1 X177.578 Y23.008 E.01568
G1 X177.662 Y23.313 E.0139
G1 X177.689 Y23.497 E.00814
G1 X177.693 Y106.707 E3.64928
G1 X177.605 Y107.196 E.02177
G1 X177.523 Y107.421 E.0105
G1 X177.339 Y107.718 E.01535
G1 X177.136 Y107.924 E.01267
G1 X176.957 Y108.049 E.00956
G1 X176.634 Y108.203 E.01569
G1 X176.329 Y108.284 E.01384
G1 X176.079 Y108.313 E.01104
G1 X155.645 Y108.153 E.89619
G1 X148.148 Y108.07 E.3288
G1 X130.791 Y107.833 E.76127
G1 X115.928 Y107.563 E.65195
G1 X101.095 Y107.195 E.65074
G1 X91.148 Y106.883 E.43644
G1 X81.173 Y106.503 E.43776
G1 X72.324 Y106.097 E.3885
G1 X72.345 Y105.649 F18000
G1 F2400
G1 X72.218 Y105.643 E.00558
G1 X71.825 Y105.545 E.01774
G1 X71.685 Y105.479 E.00677
G1 X71.54 Y105.382 E.00767
G1 X71.395 Y105.236 E.00901
G1 X71.307 Y105.102 E.00704
G1 X71.2 Y104.865 E.0114
G1 X71.133 Y104.524 E.01526
G1 X71.129 Y104.407 E.00515
G1 X71.839 Y95.735 E.38156
G1 X72.828 Y90.102 E.25082
G1 X73.018 Y89.627 E.02244
G1 X74.488 Y87.385 E.1176
G1 X79.626 Y65.171 E.99993
G1 X79.626 Y65.109 E.00271
G1 X74.275 Y42.898 E1.00197
G1 X72.808 Y40.653 E.11761
G1 X72.62 Y40.184 E.02214
G1 X71.61 Y34.555 E.25082
G1 X70.858 Y25.888 E.38151
G1 X70.904 Y25.487 E.01774
G1 X70.95 Y25.339 E.00677
G1 X71.027 Y25.182 E.00767
G1 X71.153 Y25.019 E.00904
G1 X71.275 Y24.914 E.00708
G1 X71.502 Y24.774 E.01168
G1 X71.608 Y24.729 E.00506
G1 X71.95 Y24.646 E.01545
G1 X80.87 Y24.234 E.39161
G1 X90.733 Y23.854 E.43285
G1 X100.621 Y23.546 E.43387
G1 X115.48 Y23.175 E.65186
G1 X125.446 Y22.979 E.43717
G1 X140.323 Y22.75 E.6525
G1 X155.092 Y22.576 E.64778
G1 X169.872 Y22.452 E.64819
G1 X176.096 Y22.409 E.27298
G1 X176.217 Y22.422 E.00535
G1 X176.485 Y22.485 E.01206
G1 X176.631 Y22.544 E.00688
G1 X176.782 Y22.634 E.0077
G1 X176.932 Y22.769 E.00885
G1 X177.024 Y22.892 E.00675
G1 X177.142 Y23.114 E.01105
G1 X177.231 Y23.44 E.0148
G1 X177.244 Y23.553 E.00499
G1 X177.244 Y106.719 E3.64735
G1 X177.164 Y107.116 E.01774
G1 X177.106 Y107.258 E.00677
G1 X177.015 Y107.409 E.0077
G1 X176.879 Y107.558 E.00886
G1 X176.754 Y107.649 E.00676
G1 X176.531 Y107.766 E.01106
G1 X176.205 Y107.853 E.01481
G1 X176.091 Y107.865 E.005
G1 X155.648 Y107.705 E.89658
G1 X148.153 Y107.622 E.32874
G1 X130.797 Y107.385 E.76122
G1 X115.94 Y107.115 E.6517
G1 X101.109 Y106.746 E.65061
G1 X91.162 Y106.434 E.43648
G1 X81.195 Y106.055 E.43744
G1 X72.365 Y105.65 E.38765
G1 X72.385 Y105.202 F18000
G1 F2400
G1 X72.225 Y105.194 E.00705
G1 X71.943 Y105.112 E.01287
G1 X71.778 Y105.002 E.00872
G1 X71.677 Y104.847 E.00809
G1 X71.611 Y104.687 E.0076
G1 X71.575 Y104.451 E.01047
G1 X72.286 Y95.766 E.38218
G1 X73.272 Y90.166 E.24934
G1 X73.384 Y89.886 E.01326
G1 X74.902 Y87.588 E.12074
G1 X80.087 Y65.169 E1.00918
G1 X80.087 Y65.107 E.00271
G1 X74.687 Y42.694 E1.01108
G1 X73.175 Y40.395 E.12066
G1 X73.064 Y40.118 E.01308
G1 X72.057 Y34.522 E.24935
G1 X71.304 Y25.836 E.38237
G1 X71.348 Y25.546 E.01287
G1 X71.435 Y25.368 E.00871
G1 X71.576 Y25.247 E.00814
G1 X71.727 Y25.161 E.00764
G1 X71.958 Y25.094 E.01052
G1 X80.887 Y24.682 E.39201
G1 X90.75 Y24.302 E.43289
G1 X100.632 Y23.994 E.43357
G1 X115.491 Y23.623 E.65189
G1 X125.453 Y23.427 E.43697
G1 X140.327 Y23.198 E.65241
G1 X155.096 Y23.025 E.64773
G1 X169.875 Y22.901 E.64816
G1 X176.107 Y22.857 E.27334
G1 X176.393 Y22.924 E.01287
G1 X176.564 Y23.026 E.00874
G1 X176.67 Y23.168 E.00778
G1 X176.744 Y23.32 E.00739
G1 X176.796 Y23.545 E.01015
G1 X176.796 Y106.733 E3.64827
G1 X176.727 Y107.018 E.01287
G1 X176.624 Y107.188 E.00874
G1 X176.481 Y107.293 E.00778
G1 X176.329 Y107.366 E.0074
G1 X176.102 Y107.417 E.01016
G1 X155.652 Y107.256 E.89692
G1 X148.158 Y107.173 E.32867
G1 X130.803 Y106.936 E.76117
G1 X115.951 Y106.666 E.65145
G1 X101.124 Y106.298 E.65047
G1 X91.175 Y105.986 E.43653
G1 X81.216 Y105.607 E.43711
G1 X72.405 Y105.202 E.3868
G1 X72.426 Y104.754 F18000
G1 F2400
G1 X72.234 Y104.746 E.00842
G1 X72.097 Y104.691 E.00648
G1 X72.021 Y104.503 E.00887
G1 X72.734 Y95.796 E.38314
G1 X73.716 Y90.231 E.24785
G1 X73.75 Y90.146 E.00402
G1 X75.315 Y87.792 E.12392
G1 X80.555 Y65.136 E1.01987
G1 X75.099 Y42.489 E1.02161
G1 X73.542 Y40.136 E.12375
G1 X73.508 Y40.052 E.00397
G1 X72.504 Y34.49 E.24788
G1 X71.75 Y25.786 E.38314
G1 X71.786 Y25.643 E.00648
G1 X71.963 Y25.543 E.00891
G1 X80.904 Y25.131 E.39253
G1 X90.768 Y24.751 E.43293
G1 X100.642 Y24.442 E.43327
G1 X115.503 Y24.071 E.65191
G1 X125.46 Y23.875 E.43677
G1 X140.332 Y23.646 E.65232
G1 X155.1 Y23.473 E.64768
G1 X169.877 Y23.349 E.64812
G1 X176.122 Y23.306 E.27385
G1 X176.261 Y23.353 E.00648
G1 X176.347 Y23.53 E.00862
G1 X176.347 Y106.744 E3.64944
G1 X176.299 Y106.883 E.00648
G1 X176.121 Y106.968 E.00862
G1 X155.655 Y106.808 E.89761
G1 X148.164 Y106.725 E.32855
G1 X130.809 Y106.488 E.76118
G1 X115.959 Y106.218 E.65137
G1 X101.138 Y105.85 E.65017
G1 X91.189 Y105.538 E.43657
G1 X81.232 Y105.159 E.43698
G1 X72.446 Y104.755 E.38574
G1 E-.8 F3600
G1 X175.798 Y23.857 F18000
G1 E.8 F3600
;TYPE:Outer wall
G1 F2400
G1 X175.798 Y106.416 E3.62071
G1 X155.661 Y106.259 E.88318
G1 X148.171 Y106.176 E.32849
G1 X130.817 Y105.939 E.76113
G1 X115.97 Y105.669 E.65126
G1 X101.153 Y105.301 E.65001
G1 X91.209 Y104.989 E.43634
G1 X81.256 Y104.61 E.4368
G1 X72.596 Y104.213 E.3802
G1 X73.28 Y95.856 E.36771
G1 X74.245 Y90.393 E.24329
G1 X75.827 Y88.013 E.12532
G1 X81.119 Y65.133 E1.02993
G1 X75.61 Y42.266 E1.03154
G1 X74.036 Y39.889 E.12505
G1 X73.05 Y34.427 E.24338
G1 X72.326 Y26.076 E.36765
G1 X80.926 Y25.679 E.37756
G1 X90.788 Y25.299 E.43282
G1 X100.657 Y24.992 E.43305
G1 X115.515 Y24.621 E.65182
G1 X125.469 Y24.425 E.43662
G1 X140.339 Y24.196 E.65222
G1 X155.105 Y24.023 E.6476
G1 X175.778 Y23.858 E.90668
G1 X175.35 Y24.31 F18000
;TYPE:Inner wall
G1 F2400
G1 X175.35 Y105.964 E3.58106
G1 X155.665 Y105.81 E.86332
G1 X148.176 Y105.727 E.32844
G1 X130.825 Y105.49 E.76105
G1 X115.98 Y105.22 E.65114
G1 X101.166 Y104.852 E.64989
G1 X91.224 Y104.541 E.43621
G1 X81.275 Y104.162 E.43665
G1 X73.081 Y103.786 E.35974
G1 X73.725 Y95.913 E.34641
G1 X74.671 Y90.563 E.23826
G1 X76.246 Y88.194 E.12479
G1 X81.58 Y65.131 E1.03815
G1 X76.028 Y42.085 E1.03964
G1 X74.461 Y39.718 E.12446
G1 X73.495 Y34.368 E.23842
G1 X72.813 Y26.502 E.34626
G1 X80.945 Y26.127 E.35701
G1 X90.803 Y25.748 E.43267
G1 X100.67 Y25.44 E.43292
G1 X115.525 Y25.069 E.6517
G1 X125.477 Y24.873 E.43653
G1 X140.345 Y24.644 E.65213
G1 X155.109 Y24.471 E.64752
G1 X175.33 Y24.31 E.88682
G1 E-.8 F3600
G1 X174.313 Y24.452 F18000
G1 E.8 F3600
;TYPE:Bottom surface
;WIDTH:0.501303
G1 F3000
G1 X175.013 Y25.153 E.04355
G1 X175.013 Y25.789 E.02798
G1 X173.882 Y24.658 E.07035
G1 X173.251 Y24.663 E.02776
G1 X175.013 Y26.425 E.10961
G1 X175.013 Y27.061 E.02798
G1 X172.62 Y24.668 E.14886
G1 X171.989 Y24.673 E.02776
G1 X175.013 Y27.697 E.18811
G1 X175.013 Y28.333 E.02798
G1 X171.358 Y24.678 E.22737
G1 X170.727 Y24.683 E.02776
G1 X175.013 Y28.969 E.26662
G1 X175.013 Y29.605 E.02798
G1 X170.096 Y24.688 E.30588
G1 X169.465 Y24.693 E.02776
G1 X175.013 Y30.241 E.34513
G1 X175.013 Y30.878 E.02798
G1 X168.834 Y24.698 E.38438
G1 X168.203 Y24.703 E.02776
G1 X175.013 Y31.514 E.42364
G1 X175.013 Y32.15 E.02798
G1 X167.571 Y24.708 E.46289
G1 X166.94 Y24.713 E.02776
G1 X175.013 Y32.786 E.50215
G1 X175.013 Y33.422 E.02798
G1 X166.309 Y24.718 E.5414
G1 X165.678 Y24.723 E.02776
G1 X175.013 Y34.058 E.58066
G1 X175.013 Y34.694 E.02798
G1 X165.047 Y24.728 E.61991
G1 X164.416 Y24.733 E.02776
G1 X175.013 Y35.33 E.65916
G1 X175.013 Y35.966 E.02798
G1 X163.785 Y24.738 E.69842
G1 X163.154 Y24.743 E.02776
G1 X175.013 Y36.603 E.73767
G1 X175.013 Y37.239 E.02798
G1 X162.523 Y24.748 E.77693
G1 X161.892 Y24.753 E.02776
G1 X175.013 Y37.875 E.81618
G1 X175.013 Y38.511 E.02798
G1 X161.261 Y24.758 E.85543
G1 X160.63 Y24.763 E.02776
G1 X175.013 Y39.147 E.89469
G1 X175.013 Y39.783 E.02798
G1 X159.999 Y24.768 E.93394
G1 X159.368 Y24.774 E.02776
G1 X175.013 Y40.419 E.9732
G1 X175.013 Y41.055 E.02798
G1 X158.736 Y24.779 E1.01245
G1 X158.105 Y24.784 E.02776
G1 X175.013 Y41.691 E1.0517
G1 X175.013 Y42.328 E.02798
G1 X157.474 Y24.789 E1.09096
G1 X156.843 Y24.794 E.02776
G1 X175.013 Y42.964 E1.13021
G1 X175.013 Y43.6 E.02798
G1 X156.212 Y24.799 E1.16947
G1 X155.581 Y24.804 E.02776
G1 X175.013 Y44.236 E1.20872
G1 X175.013 Y44.872 E.02798
G1 X154.951 Y24.809 E1.24794
G1 X154.322 Y24.817 E.02766
G1 X175.013 Y45.508 E1.28705
G1 X175.013 Y46.144 E.02798
G1 X153.693 Y24.824 E1.32616
G1 X153.064 Y24.831 E.02766
G1 X175.013 Y46.78 E1.36526
G1 X175.013 Y47.416 E.02798
G1 X152.436 Y24.839 E1.40437
G1 X151.807 Y24.846 E.02766
G1 X175.013 Y48.053 E1.44348
G1 X175.013 Y48.689 E.02798
G1 X151.178 Y24.854 E1.48259
G1 X150.549 Y24.861 E.02766
G1 X175.013 Y49.325 E1.5217
G1 X175.013 Y49.961 E.02798
G1 X149.921 Y24.868 E1.56081
G1 X149.292 Y24.876 E.02766
G1 X175.013 Y50.597 E1.59992
G1 X175.013 Y51.233 E.02798
G1 X148.663 Y24.883 E1.63903
G1 X148.034 Y24.89 E.02766
G1 X175.013 Y51.869 E1.67814
G1 X175.013 Y52.505 E.02798
G1 X147.406 Y24.898 E1.71725
G1 X146.777 Y24.905 E.02766
G1 X175.013 Y53.141 E1.75636
G1 X175.013 Y53.778 E.02798
G1 X146.148 Y24.913 E1.79547
G1 X145.519 Y24.92 E.02766
G1 X175.013 Y54.414 E1.83458
G1 X175.013 Y55.05 E.02798
G1 X144.891 Y24.927 E1.87369
G1 X144.262 Y24.935 E.02766
G1 X175.013 Y55.686 E1.91279
G1 X175.013 Y56.322 E.02798
G1 X143.633 Y24.942 E1.9519
G1 X143.004 Y24.949 E.02766
G1 X175.013 Y56.958 E1.99101
G1 X175.013 Y57.594 E.02798
G1 X142.376 Y24.957 E2.03012
G1 X141.747 Y24.964 E.02766
G1 X175.013 Y58.23 E2.06923
G1 X175.013 Y58.866 E.02798
G1 X141.118 Y24.971 E2.10834
G1 X140.489 Y24.979 E.02766
G1 X175.013 Y59.503 E2.14745
G1 X175.013 Y60.139 E.02798
G1 X139.862 Y24.988 E2.18645
G1 X139.236 Y24.998 E.02756
G1 X175.013 Y60.775 E2.22542
G1 X175.013 Y61.411 E.02798
G1 X138.61 Y25.007 E2.26438
G1 X137.983 Y25.017 E.02756
G1 X175.013 Y62.047 E2.30335
G1 X175.013 Y62.683 E.02798
G1 X137.357 Y25.027 E2.34232
G1 X136.73 Y25.036 E.02756
G1 X175.013 Y63.319 E2.38129
G1 X175.013 Y63.955 E.02798
G1 X136.104 Y25.046 E2.42025
G1 X135.477 Y25.055 E.02756
G1 X175.013 Y64.591 E2.45922
G1 X175.013 Y65.228 E.02798
G1 X134.851 Y25.065 E2.49819
G1 X134.224 Y25.075 E.02756
G1 X175.013 Y65.864 E2.53716
G1 X175.013 Y66.5 E.02798
G1 X133.598 Y25.084 E2.57612
G1 X132.971 Y25.094 E.02756
G1 X175.013 Y67.136 E2.61509
G1 X175.013 Y67.772 E.02798
G1 X132.345 Y25.104 E2.65406
G1 X131.718 Y25.113 E.02756
G1 X175.013 Y68.408 E2.69303
G1 X175.013 Y69.044 E.02798
G1 X131.092 Y25.123 E2.73199
G1 X130.465 Y25.133 E.02756
G1 X175.013 Y69.68 E2.77096
G1 X175.013 Y70.316 E.02798
G1 X129.839 Y25.142 E2.80993
G1 X129.213 Y25.152 E.02756
G1 X175.013 Y70.953 E2.8489
G1 X175.013 Y71.589 E.02798
G1 X128.586 Y25.162 E2.88786
G1 X127.96 Y25.171 E.02756
G1 X175.013 Y72.225 E2.92683
G1 X175.013 Y72.861 E.02798
G1 X127.333 Y25.181 E2.9658
G1 X126.707 Y25.191 E.02756
G1 X175.013 Y73.497 E3.00476
G1 X175.013 Y74.133 E.02798
G1 X126.08 Y25.2 E3.04373
G1 X125.454 Y25.21 E.02755
G1 X175.013 Y74.769 E3.08269
G1 X175.013 Y75.405 E.02798
G1 X124.83 Y25.222 E3.1215
G1 X124.206 Y25.235 E.02744
G1 X175.013 Y76.041 E3.1603
G1 X175.013 Y76.678 E.02798
G1 X123.582 Y25.247 E3.1991
G1 X122.959 Y25.259 E.02744
G1 X175.013 Y77.314 E3.23791
G1 X175.013 Y77.95 E.02798
G1 X122.335 Y25.271 E3.27671
G1 X121.711 Y25.284 E.02744
G1 X175.013 Y78.586 E3.31551
G1 X175.013 Y79.222 E.02798
G1 X121.087 Y25.296 E3.35432
G1 X120.463 Y25.308 E.02744
G1 X175.013 Y79.858 E3.39312
G1 X175.013 Y80.494 E.02798
G1 X119.839 Y25.32 E3.43192
G1 X119.216 Y25.333 E.02744
G1 X175.013 Y81.13 E3.47073
G1 X175.013 Y81.767 E.02798
G1 X118.592 Y25.345 E3.50953
G1 X117.968 Y25.357 E.02744
G1 X175.013 Y82.403 E3.54833
G1 X175.013 Y83.039 E.02798
G1 X117.344 Y25.37 E3.58714
G1 X116.72 Y25.382 E.02744
G1 X175.013 Y83.675 E3.62594
G1 X175.013 Y84.311 E.02798
G1 X116.096 Y25.394 E3.66475
G1 X115.473 Y25.407 E.02743
G1 X175.013 Y84.947 E3.70353
G1 X175.013 Y85.583 E.02798
G1 X114.852 Y25.422 E3.74213
G1 X114.232 Y25.438 E.02731
G1 X175.013 Y86.219 E3.78074
G1 X175.013 Y86.855 E.02798
G1 X113.611 Y25.453 E3.81934
G1 X112.99 Y25.469 E.02731
G1 X175.013 Y87.492 E3.85794
G1 X175.013 Y88.128 E.02798
G1 X112.37 Y25.484 E3.89655
G1 X111.749 Y25.5 E.02731
G1 X175.013 Y88.764 E3.93515
G1 X175.013 Y89.4 E.02798
G1 X111.129 Y25.515 E3.97376
G1 X110.508 Y25.531 E.02731
G1 X175.013 Y90.036 E4.01236
G1 X175.013 Y90.672 E.02798
G1 X109.887 Y25.546 E4.05096
G1 X109.267 Y25.562 E.02731
G1 X175.013 Y91.308 E4.08957
G1 X175.013 Y91.944 E.02798
G1 X108.646 Y25.577 E4.12817
G1 X108.026 Y25.593 E.02731
G1 X175.013 Y92.58 E4.16677
G1 X175.013 Y93.217 E.02798
G1 X107.405 Y25.608 E4.20538
G1 X106.784 Y25.624 E.02731
G1 X175.013 Y93.853 E4.24398
G1 X175.013 Y94.489 E.02798
G1 X106.164 Y25.639 E4.28258
G1 X105.543 Y25.655 E.02731
G1 X175.013 Y95.125 E4.32119
G1 X175.013 Y95.761 E.02798
G1 X104.922 Y25.67 E4.35979
G1 X104.302 Y25.686 E.02731
G1 X175.013 Y96.397 E4.3984
G1 X175.013 Y97.033 E.02798
G1 X103.681 Y25.701 E4.437
G1 X103.061 Y25.717 E.02731
G1 X175.013 Y97.669 E4.4756
G1 X175.013 Y98.305 E.02798
G1 X102.44 Y25.732 E4.51421
G1 X101.819 Y25.748 E.02731
G1 X175.013 Y98.942 E4.55281
G1 X175.013 Y99.578 E.02798
G1 X101.199 Y25.763 E4.59141
G1 X100.579 Y25.779 E.02728
G1 X175.013 Y100.214 E4.62998
G1 X175.013 Y100.85 E.02798
G1 X99.962 Y25.798 E4.66835
G1 X99.345 Y25.818 E.02715
G1 X175.013 Y101.486 E4.70672
G1 X175.013 Y102.122 E.02798
G1 X98.728 Y25.837 E4.74509
G1 X98.111 Y25.856 E.02715
G1 X175.013 Y102.758 E4.78346
G1 X175.013 Y103.394 E.02798
G1 X97.494 Y25.875 E4.82183
G1 X96.878 Y25.895 E.02715
G1 X175.013 Y104.03 E4.8602
G1 X175.013 Y104.667 E.02798
G1 X96.261 Y25.914 E4.89857
G1 X95.644 Y25.933 E.02715
G1 X175.013 Y105.303 E4.93694
G1 X175.013 Y105.625 E.0142
G1 X174.697 Y105.623 E.01389
G1 X95.027 Y25.952 E4.95567
G1 X94.41 Y25.972 E.02715
G1 X174.056 Y105.618 E4.95416
G1 X173.415 Y105.613 E.0282
G1 X93.793 Y25.991 E4.95265
G1 X93.176 Y26.01 E.02715
G1 X172.774 Y105.608 E4.95114
G1 X172.133 Y105.603 E.0282
G1 X92.559 Y26.029 E4.94963
G1 X91.943 Y26.049 E.02715
G1 X171.492 Y105.598 E4.94812
G1 X170.851 Y105.593 E.0282
G1 X91.326 Y26.068 E4.94661
G1 X90.71 Y26.088 E.02711
G1 X170.209 Y105.588 E4.94506
G1 X169.568 Y105.583 E.0282
G1 X90.097 Y26.112 E4.94328
G1 X89.485 Y26.135 E.02696
G1 X168.927 Y105.578 E4.94149
G1 X168.286 Y105.573 E.0282
G1 X88.872 Y26.159 E4.93971
G1 X88.26 Y26.182 E.02696
G1 X167.645 Y105.568 E4.93793
G1 X167.004 Y105.563 E.0282
G1 X87.647 Y26.206 E4.93615
G1 X87.035 Y26.23 E.02696
G1 X166.363 Y105.558 E4.93437
G1 X165.722 Y105.553 E.0282
G1 X86.422 Y26.253 E4.93259
G1 X85.81 Y26.277 E.02696
G1 X165.08 Y105.548 E4.93081
G1 X164.439 Y105.543 E.0282
G1 X85.197 Y26.3 E4.92903
G1 X84.584 Y26.324 E.02696
G1 X163.798 Y105.538 E4.92725
G1 X163.157 Y105.533 E.0282
G1 X83.972 Y26.348 E4.92547
G1 X83.359 Y26.371 E.02696
G1 X162.516 Y105.528 E4.92369
G1 X161.875 Y105.522 E.0282
G1 X82.747 Y26.395 E4.92191
G1 X82.134 Y26.418 E.02696
G1 X161.234 Y105.517 E4.92013
G1 X160.592 Y105.512 E.0282
G1 X81.522 Y26.442 E4.91835
G1 X80.91 Y26.466 E.02695
G1 X159.951 Y105.507 E4.91655
G1 X159.31 Y105.502 E.0282
G1 X80.302 Y26.494 E4.91449
G1 X79.694 Y26.522 E.02677
G1 X158.669 Y105.497 E4.91244
G1 X158.028 Y105.492 E.0282
G1 X79.085 Y26.55 E4.91038
G1 X78.477 Y26.578 E.02677
G1 X157.387 Y105.487 E4.90833
G1 X156.746 Y105.482 E.0282
G1 X77.869 Y26.606 E4.90627
G1 X77.261 Y26.634 E.02677
G1 X156.105 Y105.477 E4.90421
G1 X155.463 Y105.472 E.02823
G1 X76.653 Y26.662 E4.90212
G1 X76.045 Y26.69 E.02677
G1 X154.819 Y105.464 E4.89993
G1 X154.176 Y105.457 E.02829
G1 X75.437 Y26.718 E4.89774
G1 X74.829 Y26.746 E.02677
G1 X153.533 Y105.45 E4.89556
G1 X152.89 Y105.443 E.02829
G1 X74.221 Y26.774 E4.89337
G1 X73.613 Y26.802 E.02677
G1 X152.247 Y105.436 E4.89118
G1 X151.603 Y105.429 E.02829
G1 X73.196 Y27.021 E4.87711
G1 X73.256 Y27.718 E.03075
G1 X150.96 Y105.422 E4.83334
G1 X150.317 Y105.415 E.02829
G1 X73.317 Y28.414 E4.78957
G1 X73.377 Y29.111 E.03075
G1 X149.674 Y105.407 E4.7458
G1 X149.03 Y105.4 E.02829
G1 X73.437 Y29.807 E4.70203
G1 X73.498 Y30.504 E.03075
G1 X148.387 Y105.393 E4.65826
G1 X147.743 Y105.385 E.02834
G1 X73.558 Y31.2 E4.61442
G1 X73.619 Y31.897 E.03075
G1 X147.098 Y105.376 E4.57055
G1 X146.453 Y105.367 E.02837
G1 X73.679 Y32.594 E4.52668
G1 X73.739 Y33.29 E.03075
G1 X145.808 Y105.358 E4.4828
G1 X145.163 Y105.35 E.02837
G1 X73.8 Y33.987 E4.43893
G1 X73.829 Y34.324 E.01488
G1 X73.901 Y34.724 E.01791
G1 X144.518 Y105.341 E4.3925
G1 X143.873 Y105.332 E.02837
G1 X74.042 Y35.501 E4.34366
G1 X74.182 Y36.277 E.0347
G1 X143.228 Y105.323 E4.29483
G1 X142.583 Y105.314 E.02837
G1 X74.322 Y37.053 E4.24599
G1 X74.462 Y37.829 E.0347
G1 X141.938 Y105.306 E4.19716
G1 X141.293 Y105.297 E.02837
G1 X74.602 Y38.606 E4.14832
G1 X74.743 Y39.382 E.0347
G1 X140.649 Y105.288 E4.09949
G1 X140.004 Y105.279 E.02837
G1 X75.692 Y40.967 E4.00033
G1 X76.341 Y41.948 E.05174
G1 X76.438 Y42.349 E.01815
G1 X139.359 Y105.27 E3.91381
G1 X138.714 Y105.262 E.02837
G1 X76.64 Y43.187 E3.86114
G1 X76.842 Y44.025 E.03791
G1 X138.069 Y105.253 E3.80847
G1 X137.424 Y105.244 E.02837
G1 X77.043 Y44.863 E3.7558
G1 X77.245 Y45.701 E.03791
G1 X136.779 Y105.235 E3.70312
G1 X136.134 Y105.226 E.02837
G1 X77.447 Y46.539 E3.65045
G1 X77.649 Y47.377 E.03791
G1 X135.489 Y105.218 E3.59778
G1 X134.844 Y105.209 E.02837
G1 X77.851 Y48.215 E3.54511
G1 X78.053 Y49.053 E.03791
G1 X134.199 Y105.2 E3.49243
G1 X133.554 Y105.191 E.02837
G1 X78.255 Y49.891 E3.43976
G1 X78.457 Y50.729 E.03791
G1 X132.91 Y105.182 E3.38709
G1 X132.265 Y105.174 E.02837
G1 X78.658 Y51.567 E3.33442
G1 X78.86 Y52.405 E.03791
G1 X131.62 Y105.165 E3.28174
G1 X130.975 Y105.156 E.02837
G1 X79.062 Y53.243 E3.22907
G1 X79.264 Y54.081 E.03791
G1 X130.328 Y105.145 E3.17625
G1 X129.68 Y105.133 E.0285
G1 X79.466 Y54.919 E3.1234
G1 X79.668 Y55.757 E.03791
G1 X129.032 Y105.121 E3.07054
G1 X128.384 Y105.109 E.0285
G1 X79.87 Y56.595 E3.01768
G1 X80.072 Y57.433 E.03791
G1 X127.736 Y105.098 E2.96482
G1 X127.088 Y105.086 E.0285
G1 X80.273 Y58.271 E2.91197
G1 X80.475 Y59.109 E.03791
G1 X126.44 Y105.074 E2.85911
G1 X125.792 Y105.062 E.0285
G1 X80.677 Y59.947 E2.80625
G1 X80.879 Y60.785 E.03791
G1 X125.144 Y105.051 E2.75339
G1 X124.497 Y105.039 E.0285
G1 X81.081 Y61.623 E2.70054
G1 X81.283 Y62.461 E.03791
G1 X123.849 Y105.027 E2.64768
G1 X123.201 Y105.015 E.0285
G1 X81.485 Y63.299 E2.59482
G1 X81.687 Y64.137 E.03791
G1 X122.553 Y105.003 E2.54196
G1 X121.905 Y104.992 E.0285
G1 X81.889 Y64.975 E2.48911
G1 X81.926 Y65.129 E.00698
G1 X81.828 Y65.551 E.01903
G1 X121.257 Y104.98 E2.45256
G1 X120.609 Y104.968 E.0285
G1 X81.709 Y66.068 E2.41969
G1 X81.589 Y66.584 E.02332
G1 X119.961 Y104.956 E2.38682
G1 X119.313 Y104.945 E.0285
G1 X81.47 Y67.101 E2.35395
G1 X81.35 Y67.617 E.02332
G1 X118.666 Y104.933 E2.32109
G1 X118.018 Y104.921 E.0285
G1 X81.231 Y68.134 E2.28822
G1 X81.111 Y68.651 E.02332
G1 X117.37 Y104.909 E2.25535
G1 X116.722 Y104.897 E.0285
G1 X80.992 Y69.167 E2.22248
G1 X80.872 Y69.684 E.02332
G1 X116.074 Y104.886 E2.18962
G1 X115.422 Y104.87 E.02867
G1 X80.753 Y70.201 E2.15651
G1 X80.633 Y70.717 E.02332
G1 X114.77 Y104.854 E2.12337
G1 X114.118 Y104.838 E.0287
G1 X80.514 Y71.234 E2.09022
G1 X80.394 Y71.75 E.02332
G1 X113.465 Y104.821 E2.05708
G1 X112.813 Y104.805 E.0287
G1 X80.275 Y72.267 E2.02394
G1 X80.155 Y72.784 E.02332
G1 X112.161 Y104.789 E1.9908
G1 X111.508 Y104.773 E.0287
G1 X80.036 Y73.3 E1.95765
G1 X79.916 Y73.817 E.02332
G1 X110.856 Y104.757 E1.92451
G1 X110.204 Y104.74 E.0287
G1 X79.797 Y74.334 E1.89137
G1 X79.677 Y74.85 E.02332
G1 X109.551 Y104.724 E1.85823
G1 X108.899 Y104.708 E.0287
G1 X79.558 Y75.367 E1.82508
G1 X79.438 Y75.883 E.02332
G1 X108.247 Y104.692 E1.79194
G1 X107.594 Y104.676 E.0287
G1 X79.319 Y76.4 E1.7588
G1 X79.199 Y76.917 E.02332
G1 X106.942 Y104.659 E1.72566
G1 X106.29 Y104.643 E.0287
G1 X79.08 Y77.433 E1.69251
G1 X78.96 Y77.95 E.02332
G1 X105.638 Y104.627 E1.65937
G1 X104.985 Y104.611 E.0287
G1 X78.841 Y78.467 E1.62623
G1 X78.721 Y78.983 E.02332
G1 X104.333 Y104.595 E1.59308
G1 X103.681 Y104.578 E.0287
G1 X78.602 Y79.5 E1.55994
G1 X78.483 Y80.016 E.02332
G1 X103.028 Y104.562 E1.5268
G1 X102.376 Y104.546 E.0287
G1 X78.363 Y80.533 E1.49366
G1 X78.244 Y81.05 E.02332
G1 X101.724 Y104.53 E1.46051
G1 X101.071 Y104.513 E.02873
G1 X78.124 Y81.566 E1.42733
G1 X78.005 Y82.083 E.02332
G1 X100.414 Y104.492 E1.39391
G1 X99.757 Y104.472 E.0289
G1 X77.885 Y82.6 E1.36049
G1 X77.766 Y83.116 E.02332
G1 X99.101 Y104.451 E1.32708
G1 X98.444 Y104.431 E.0289
G1 X77.646 Y83.633 E1.29366
G1 X77.527 Y84.149 E.02332
G1 X97.787 Y104.41 E1.26025
G1 X97.13 Y104.389 E.0289
G1 X77.407 Y84.666 E1.22683
G1 X77.288 Y85.183 E.02332
G1 X96.474 Y104.369 E1.19341
G1 X95.817 Y104.348 E.0289
G1 X77.168 Y85.699 E1.16
G1 X77.049 Y86.216 E.02332
G1 X95.16 Y104.328 E1.12658
G1 X94.504 Y104.307 E.0289
G1 X76.929 Y86.733 E1.09316
G1 X76.81 Y87.249 E.02332
G1 X93.847 Y104.286 E1.05975
G1 X93.19 Y104.266 E.0289
G1 X76.69 Y87.766 E1.02633
G1 X76.571 Y88.282 E.02332
G1 X92.533 Y104.245 E.99292
G1 X91.877 Y104.225 E.0289
G1 X76.329 Y88.677 E.96711
G1 X76.075 Y89.059 E.02018
G1 X91.22 Y104.204 E.94206
G1 X90.559 Y104.179 E.02911
G1 X75.821 Y89.441 E.91672
G1 X75.567 Y89.823 E.02018
G1 X89.897 Y104.154 E.89139
G1 X89.236 Y104.128 E.02911
G1 X75.313 Y90.205 E.86606
G1 X75.059 Y90.587 E.02018
G1 X88.575 Y104.103 E.84073
G1 X87.913 Y104.078 E.02911
G1 X74.92 Y91.085 E.80822
G1 X74.825 Y91.625 E.02415
G1 X87.252 Y104.053 E.77303
G1 X86.591 Y104.028 E.02911
G1 X74.729 Y92.166 E.73783
G1 X74.633 Y92.706 E.02415
G1 X85.93 Y104.002 E.70264
G1 X85.268 Y103.977 E.02911
G1 X74.538 Y93.247 E.66745
G1 X74.442 Y93.788 E.02415
G1 X84.607 Y103.952 E.63226
G1 X83.946 Y103.927 E.02911
G1 X74.347 Y94.328 E.59706
G1 X74.251 Y94.869 E.02415
G1 X83.284 Y103.902 E.56187
G1 X82.623 Y103.877 E.02911
G1 X74.156 Y95.409 E.52668
G1 X74.06 Y95.95 E.02415
G1 X81.962 Y103.851 E.49149
G1 X81.301 Y103.826 E.02911
G1 X74.012 Y96.537 E.45339
G1 X73.964 Y97.125 E.02595
G1 X80.634 Y103.796 E.41492
G1 X79.967 Y103.765 E.02935
G1 X73.915 Y97.713 E.37644
G1 X73.867 Y98.301 E.02595
G1 X79.301 Y103.735 E.33797
G1 X78.634 Y103.704 E.02935
G1 X73.819 Y98.889 E.29949
G1 X73.771 Y99.477 E.02595
G1 X77.967 Y103.673 E.26101
G1 X77.3 Y103.643 E.02935
G1 X73.723 Y100.065 E.22254
G1 X73.675 Y100.653 E.02595
G1 X76.634 Y103.612 E.18406
G1 X75.967 Y103.582 E.02935
G1 X73.626 Y101.241 E.14559
G1 X73.578 Y101.829 E.02595
G1 X75.3 Y103.551 E.10711
G1 X74.634 Y103.52 E.02935
G1 X73.53 Y102.417 E.06864
G1 X73.482 Y103.005 E.02595
G1 X74.179 Y103.702 E.04333
G1 E-.8 F3600
G1 X75.593 Y40.757 F18000
G1 E.8 F3600
;TYPE:Gap infill
;WIDTH:0.295728
G1 F2400
G1 X75.44 Y40.569 E.00581
;WIDTH:0.253416
G1 X75.286 Y40.381 E.0048
;WIDTH:0.211103
G1 X75.132 Y40.192 E.00379
;WIDTH:0.168791
G1 X74.978 Y40.004 E.00279
;WIDTH:0.147635
G1 X74.824 Y39.816 E.00229
G1 E-.8 F3600
G1 X73.348 Y26.702 F18000
G1 E.8 F3600
;WIDTH:0.097187
G1 F2400
G1 X73.062 Y26.773 E.00132
; stop printing object USV 1 e2mm.stl_5 id:1 copy 0
; end of layer_num: 1, T: 0, print_z: 0.240000
M106 S127
;LAYER_CHANGE
;Z:0.44
;HEIGHT:0.2
; BEFORE_LAYER_CHANGE 1 @ 0.44mm
G92 E0
; AFTER_LAYER_CHANGE 1 @ 0.44mm
M204 S2000
M104 S190 ; set nozzle temperature
; start of layer_num: 2, T: 0, print_z: 0.440000
; printing object "USV 1 e2mm.stl_6_B" id:0 copy 0
G1 E-.8 F3600
G1 X73.071 Y159.714 Z.44 F18000
G1 E.8 F3600
M204 S500
;TYPE:Overhang wall
;WIDTH:0.409292
G1 F3000
G1 X72.95 Y159.708 E.0036
G1 X72.911 Y156.314 E.10133
M204 S2000
G1 X72.504 Y155.408 F18000
M204 S500
G1 F3000
G1 X72.538 Y155.799 E.01172
G1 X72.588 Y160.057 E.12713
G1 X73.01 Y160.078 E.01262
G1 X72.95 Y160.442 E.01101
G1 X72.226 Y160.406 E.02164
G1 X72.172 Y155.817 E.13701
G1 X72.081 Y154.774 E.03128
G1 X72.216 Y154.766 E.00403
G1 X72.056 Y154.408 E.0117
G1 X71.683 Y154.43 E.01113
G1 X71.806 Y155.835 E.04212
G1 X71.863 Y160.756 E.1469
G1 X72.889 Y160.806 E.03066
G1 X72.829 Y161.17 E.01101
G1 X71.501 Y161.105 E.03968
G1 X71.44 Y155.854 E.15678
G1 X71.286 Y154.086 E.05297
G1 X71.895 Y154.051 E.01822
G1 X71.735 Y153.693 E.0117
G1 X70.888 Y153.742 E.02532
G1 X71.073 Y155.872 E.06382
G1 X71.139 Y161.454 E.16666
G1 X72.768 Y161.533 E.0487
G1 X72.708 Y161.897 E.01101
G1 X70.776 Y161.803 E.05772
G1 X70.707 Y155.89 E.17654
G1 X70.49 Y153.398 E.07466
G1 X71.574 Y153.335 E.03241
G1 X71.414 Y152.978 E.0117
G1 X70.093 Y153.054 E.03951
G1 X70.341 Y155.908 E.08551
G1 X70.414 Y162.152 E.18643
G1 X72.647 Y162.261 E.06675
G1 X72.587 Y162.625 E.01101
G1 X70.052 Y162.501 E.07577
G1 X69.975 Y155.926 E.19631
G1 X69.695 Y152.71 E.09636
G1 X71.253 Y152.62 E.0466
G1 X71.093 Y152.262 E.0117
G1 X69.297 Y152.366 E.0537
G1 X69.609 Y155.944 E.1072
G1 X69.69 Y162.85 E.20619
G1 X72.526 Y162.989 E.08479
G1 X72.466 Y163.353 E.01101
G1 X69.327 Y163.199 E.09381
G1 X69.243 Y155.962 E.21608
G1 X68.9 Y152.023 E.11805
G1 X70.932 Y151.905 E.06079
G1 X70.772 Y151.547 E.0117
G1 X68.502 Y151.679 E.06789
G1 X68.876 Y155.98 E.1289
G1 X68.965 Y163.548 E.22596
G1 X72.405 Y163.717 E.10283
G1 X72.345 Y164.08 E.01101
G1 X68.603 Y163.897 E.11185
G1 X68.51 Y155.998 E.23584
G1 X68.104 Y151.335 E.13974
G1 X70.612 Y151.189 E.07498
G1 X70.451 Y150.832 E.0117
G1 X67.706 Y150.991 E.08208
G1 X68.144 Y156.016 E.15059
G1 X68.236 Y163.915 E.23585
G1 X68.218 Y164.245 E.00986
G1 X72.284 Y164.444 E.12154
G1 X72.224 Y164.808 E.01101
G1 X67.832 Y164.593 E.13128
G1 X67.87 Y163.907 E.0205
G1 X67.778 Y156.034 E.23507
G1 X67.309 Y150.647 E.16144
G1 X70.291 Y150.474 E.08917
G1 X70.13 Y150.116 E.0117
G1 X66.911 Y150.303 E.09627
G1 X67.412 Y156.052 E.17229
G1 X67.503 Y163.899 E.23429
G1 X67.445 Y164.941 E.03115
G1 X72.163 Y165.172 E.14102
G1 X72.103 Y165.536 E.01101
G1 X67.059 Y165.289 E.15076
G1 X67.137 Y163.891 E.04179
G1 X67.045 Y156.07 E.23351
G1 X66.513 Y149.959 E.18313
G1 X69.97 Y149.759 E.10336
G1 X69.809 Y149.401 E.0117
G1 X66.116 Y149.615 E.11046
G1 X66.679 Y156.088 E.19398
G1 X66.77 Y163.883 E.23273
G1 X66.673 Y165.637 E.05243
G1 X72.042 Y165.9 E.1605
G1 X71.982 Y166.263 E.01101
G1 X66.286 Y165.984 E.17024
G1 X66.404 Y163.875 E.06305
G1 X66.313 Y156.106 E.23195
G1 X65.718 Y149.271 E.20483
G1 X69.649 Y149.043 E.11756
G1 X69.489 Y148.686 E.0117
G1 X65.32 Y148.928 E.12465
G1 X65.947 Y156.124 E.21567
G1 X66.037 Y163.867 E.23117
G1 X65.9 Y166.329 E.07362
G1 X71.921 Y166.627 E.17998
G1 X71.861 Y166.991 E.01101
G1 X65.514 Y166.674 E.18971
G1 X65.671 Y163.859 E.08418
G1 X65.581 Y156.142 E.23039
G1 X64.923 Y148.584 E.22652
G1 X69.328 Y148.328 E.13175
G1 X69.168 Y147.97 E.0117
G1 X64.525 Y148.24 E.13884
G1 X65.215 Y156.161 E.23737
G1 X65.304 Y163.851 E.22961
G1 X65.128 Y167.019 E.09474
G1 X71.8 Y167.355 E.19945
G1 X71.74 Y167.719 E.01101
G1 X64.742 Y167.365 E.20919
G1 X64.938 Y163.843 E.1053
G1 X64.848 Y156.179 E.22883
G1 X64.127 Y147.896 E.24821
G1 X69.007 Y147.612 E.14594
G1 X68.745 Y147.261 E.0131
G1 X63.733 Y147.553 E.14989
G1 X64.482 Y156.197 E.25902
G1 X64.572 Y163.835 E.22805
G1 X64.372 Y167.411 E.10693
G1 X64.376 Y167.711 E.00896
G1 X71.679 Y168.083 E.21831
G1 X71.619 Y168.447 E.01101
G1 X64.015 Y168.057 E.2273
G1 X64.006 Y167.403 E.01953
G1 X64.205 Y163.827 E.10695
G1 X64.116 Y156.215 E.22727
G1 X63.339 Y147.211 E.2698
G1 X68.306 Y146.919 E.14854
G1 X68.027 Y146.568 E.01338
G1 X62.945 Y146.869 E.15197
G1 X63.75 Y156.233 E.28058
G1 X63.839 Y163.819 E.22649
G1 X63.639 Y167.396 E.10696
G1 X63.654 Y168.404 E.03009
G1 X66.251 Y168.55 E.07766
G1 X71.558 Y168.81 E.15865
G1 X71.498 Y169.174 E.01101
G1 X66.231 Y168.916 E.15742
G1 X63.292 Y168.748 E.08789
G1 X63.273 Y167.388 E.04059
G1 X63.472 Y163.811 E.10698
G1 X63.384 Y156.251 E.22571
G1 X62.663 Y147.969 E.24817
G1 X62.551 Y146.527 E.04319
G1 X67.902 Y146.209 E.16003
G1 X67.778 Y145.849 E.01137
G1 X62.157 Y146.185 E.16809
G1 X62.297 Y147.999 E.05433
G1 X63.017 Y156.269 E.24782
G1 X63.106 Y163.802 E.22493
G1 X62.906 Y167.381 E.10699
G1 X62.931 Y169.091 E.05108
G1 X66.212 Y169.282 E.09813
G1 X71.437 Y169.538 E.15619
G1 X71.377 Y169.902 E.01101
G1 X66.192 Y169.648 E.15496
G1 X62.569 Y169.435 E.10836
G1 X62.54 Y167.373 E.06157
G1 X62.739 Y163.794 E.107
G1 X62.651 Y156.287 E.22415
G1 X61.932 Y148.029 E.24746
G1 X61.764 Y145.843 E.06546
G1 X67.653 Y145.489 E.17615
G1 X67.557 Y145.128 E.01116
G1 X61.37 Y145.501 E.18505
G1 X61.567 Y148.059 E.0766
G1 X62.285 Y156.305 E.2471
G1 X62.373 Y163.786 E.22337
G1 X62.173 Y167.365 E.10702
G1 X62.208 Y169.779 E.07207
G1 X66.173 Y170.014 E.1186
G1 X71.316 Y170.266 E.15373
G1 X71.256 Y170.63 E.01101
G1 X66.154 Y170.38 E.1525
G1 X61.846 Y170.123 E.12883
G1 X61.807 Y167.358 E.08256
G1 X62.006 Y163.778 E.10703
G1 X61.919 Y156.323 E.22259
G1 X61.202 Y148.089 E.24674
G1 X60.976 Y145.159 E.08774
G1 X67.485 Y144.765 E.1947
G1 X67.414 Y144.402 E.01104
G1 X60.582 Y144.817 E.20434
G1 X60.837 Y148.119 E.09888
G1 X61.553 Y156.341 E.24639
G1 X61.64 Y163.77 E.22181
G1 X61.44 Y167.35 E.10705
G1 X61.485 Y170.467 E.09305
G1 X66.134 Y170.746 E.13907
G1 X71.195 Y170.993 E.15127
G1 X71.074 Y171.354 E.01136
G1 X66.115 Y171.111 E.14823
G1 X61.123 Y170.811 E.1493
G1 X61.073 Y167.343 E.10354
G1 X61.273 Y163.762 E.10706
G1 X61.186 Y156.359 E.22103
G1 X60.472 Y148.149 E.24603
G1 X60.188 Y144.475 E.11002
G1 X67.342 Y144.039 E.21398
G1 X67.271 Y143.676 E.01104
G1 X59.794 Y144.133 E.22362
G1 X60.107 Y148.179 E.12115
G1 X60.82 Y156.377 E.24567
G1 X60.907 Y163.754 E.22025
G1 X60.707 Y167.335 E.10708
G1 X60.762 Y171.154 E.11404
G1 X66.096 Y171.477 E.15953
G1 X70.811 Y171.708 E.14096
G1 X70.544 Y172.062 E.01323
G1 X66.076 Y171.843 E.13356
G1 X60.4 Y171.498 E.16977
G1 X60.34 Y167.328 E.12453
G1 X60.54 Y163.746 E.10709
G1 X60.454 Y156.395 E.21947
G1 X59.741 Y148.209 E.24531
G1 X59.4 Y143.791 E.13229
G1 X67.199 Y143.314 E.23327
G1 X67.128 Y142.951 E.01104
G1 X59.006 Y143.449 E.24291
G1 X59.376 Y148.239 E.14343
G1 X60.088 Y156.413 E.24496
G1 X60.174 Y163.738 E.21869
G1 X59.974 Y167.32 E.10711
G1 X60.039 Y171.842 E.13502
G1 X66.057 Y172.209 E.18
G1 X70.278 Y172.416 E.12616
G1 X70.171 Y172.777 E.01126
G1 X66.037 Y172.575 E.12354
G1 X63.452 Y172.429 E.07732
G1 X59.677 Y172.186 E.11292
G1 X59.607 Y167.312 E.14552
G1 X59.807 Y163.73 E.10712
G1 X59.722 Y156.431 E.21791
G1 X59.011 Y148.269 E.2446
G1 X58.613 Y143.107 E.15456
G1 X67.056 Y142.588 E.25253
G1 X66.984 Y142.225 E.01104
G1 X58.225 Y142.765 E.262
G1 X58.646 Y148.299 E.1657
G1 X59.356 Y156.449 E.24424
G1 X59.441 Y163.722 E.21713
G1 X59.241 Y167.305 E.10713
G1 X59.316 Y172.53 E.15601
G1 X63.43 Y172.795 E.12307
G1 X70.133 Y173.142 E.2004
G1 X70.095 Y173.507 E.01095
G1 X63.408 Y173.161 E.19994
G1 X58.954 Y172.874 E.13323
G1 X58.874 Y167.297 E.1665
G1 X59.074 Y163.714 E.10715
G1 X58.989 Y156.467 E.21635
G1 X58.281 Y148.329 E.24389
G1 X57.837 Y142.423 E.17684
G1 X63.598 Y142.055 E.17234
G1 X66.948 Y141.86 E.10017
G1 X66.921 Y141.495 E.01094
G1 X63.576 Y141.689 E.10005
G1 X57.449 Y142.08 E.18328
G1 X57.52 Y143.232 E.03446
G1 X57.916 Y148.359 E.15352
G1 X58.623 Y156.486 E.24353
G1 X58.708 Y163.706 E.21557
G1 X58.508 Y167.29 E.10716
G1 X58.593 Y173.218 E.17699
G1 X63.385 Y173.526 E.14338
G1 X70.058 Y173.872 E.19947
G1 X70.02 Y174.237 E.01095
G1 X63.363 Y173.892 E.19901
G1 X58.231 Y173.561 E.15354
G1 X58.141 Y167.282 E.18749
G1 X58.341 Y163.698 E.10718
G1 X58.257 Y156.504 E.21479
G1 X57.551 Y148.389 E.24317
G1 X57.154 Y143.258 E.15366
G1 X57.061 Y141.738 E.04545
G1 X63.553 Y141.323 E.19423
G1 X66.895 Y141.129 E.09993
G1 X66.869 Y140.764 E.01094
G1 X63.531 Y140.958 E.09982
G1 X56.672 Y141.396 E.20518
G1 X56.789 Y143.283 E.05645
G1 X57.185 Y148.419 E.1538
G1 X57.891 Y156.522 E.24281
G1 X57.975 Y163.69 E.21401
G1 X57.775 Y167.275 E.10719
G1 X57.87 Y173.905 E.19798
G1 X63.341 Y174.258 E.16369
G1 X69.983 Y174.602 E.19855
G1 X69.945 Y174.967 E.01095
G1 X63.319 Y174.623 E.19809
G1 X57.508 Y174.249 E.17384
G1 X57.408 Y167.267 E.20847
G1 X57.608 Y163.682 E.10721
G1 X57.525 Y156.54 E.21323
G1 X56.82 Y148.449 E.24246
G1 X56.423 Y143.308 E.15393
G1 X56.284 Y141.053 E.06745
G1 X63.509 Y140.592 E.21613
G1 X66.843 Y140.398 E.0997
G1 X66.816 Y140.033 E.01094
G1 X63.487 Y140.226 E.09958
G1 X55.896 Y140.711 E.22708
G1 X56.058 Y143.334 E.07845
G1 X56.455 Y148.479 E.15407
G1 X57.158 Y156.558 E.2421
G1 X57.242 Y163.673 E.21245
G1 X57.042 Y167.259 E.10722
G1 X57.15 Y174.593 E.21897
G1 X63.297 Y174.989 E.1839
G1 X69.908 Y175.332 E.19763
G1 X69.87 Y175.697 E.01095
G1 X63.275 Y175.355 E.19716
G1 X56.798 Y174.938 E.19376
G1 X56.779 Y174.497 E.01318
G1 X56.675 Y167.252 E.21631
G1 X56.875 Y163.665 E.10724
G1 X56.792 Y156.576 E.21167
G1 X56.09 Y148.509 E.24174
G1 X55.692 Y143.359 E.15421
G1 X55.508 Y140.369 E.08945
G1 X63.464 Y139.861 E.23802
G1 X66.79 Y139.667 E.09946
G1 X66.764 Y139.302 E.01094
G1 X63.442 Y139.495 E.09934
G1 X55.12 Y140.026 E.24897
G1 X55.327 Y143.384 E.10045
G1 X55.725 Y148.539 E.15435
G1 X56.426 Y156.594 E.24138
G1 X56.509 Y163.657 E.21089
G1 X56.309 Y167.244 E.10725
G1 X56.413 Y174.507 E.21686
G1 X56.447 Y175.282 E.02316
G1 X63.253 Y175.72 E.20362
G1 X69.841 Y176.063 E.19696
G1 X69.839 Y176.429 E.01095
G1 X63.231 Y176.086 E.19756
G1 X56.095 Y175.627 E.21347
G1 X56.046 Y174.518 E.03313
G1 X55.942 Y167.237 E.2174
G1 X56.142 Y163.649 E.10727
G1 X56.06 Y156.612 E.21011
G1 X55.36 Y148.569 E.24103
G1 X54.961 Y143.41 E.15448
G1 X54.732 Y139.684 E.11145
G1 X63.42 Y139.129 E.25992
G1 X66.738 Y138.937 E.09922
G1 X66.712 Y138.571 E.01094
G1 X63.398 Y138.763 E.0991
G1 X54.343 Y139.342 E.27087
G1 X54.596 Y143.435 E.12244
G1 X54.994 Y148.599 E.15462
G1 X55.694 Y156.63 E.24067
G1 X55.776 Y163.641 E.20933
G1 X55.576 Y167.229 E.10728
G1 X55.68 Y174.529 E.21795
G1 X55.744 Y175.971 E.04311
G1 X63.209 Y176.452 E.22333
G1 X69.837 Y176.796 E.19815
G1 X69.835 Y177.163 E.01095
G1 X63.187 Y176.818 E.19874
G1 X55.392 Y176.316 E.23319
G1 X55.314 Y174.539 E.05309
G1 X55.209 Y167.221 E.21849
G1 X55.409 Y163.633 E.10729
G1 X55.328 Y156.648 E.20855
G1 X54.629 Y148.629 E.24031
G1 X54.23 Y143.461 E.15476
G1 X53.955 Y138.999 E.13344
G1 X63.376 Y138.398 E.28182
G1 X66.685 Y138.206 E.09898
G1 X66.659 Y137.84 E.01094
G1 X63.353 Y138.032 E.09886
G1 X53.567 Y138.659 E.29276
G1 X53.865 Y143.486 E.14437
G1 X54.264 Y148.659 E.1549
G1 X54.961 Y156.666 E.23996
G1 X55.043 Y163.625 E.20777
G1 X54.843 Y167.214 E.10731
G1 X54.948 Y174.55 E.21904
G1 X55.041 Y176.66 E.06306
G1 X63.165 Y177.183 E.24304
G1 X69.833 Y177.529 E.19934
G1 X69.83 Y177.896 E.01095
G1 X63.143 Y177.549 E.19993
G1 X54.689 Y177.005 E.2529
G1 X54.581 Y174.561 E.07304
G1 X54.476 Y167.206 E.21958
G1 X54.676 Y163.617 E.10732
G1 X54.595 Y156.684 E.20699
G1 X53.899 Y148.689 E.2396
G1 X53.499 Y143.511 E.15503
G1 X53.179 Y138.32 E.15528
G1 X63.331 Y137.666 E.30371
G1 X66.633 Y137.475 E.09874
G1 X66.607 Y137.109 E.01094
G1 X63.309 Y137.301 E.09862
G1 X52.791 Y137.981 E.31466
G1 X53.134 Y143.537 E.16619
G1 X53.534 Y148.719 E.15517
G1 X54.229 Y156.702 E.23924
G1 X54.31 Y163.609 E.20621
G1 X54.11 Y167.199 E.10734
G1 X54.215 Y174.571 E.22013
G1 X54.337 Y177.349 E.08301
G1 X63.12 Y177.915 E.26275
G1 X69.828 Y178.263 E.20052
G1 X69.826 Y178.629 E.01095
G1 X63.098 Y178.28 E.20112
G1 X53.986 Y177.694 E.27261
G1 X53.849 Y174.582 E.09299
G1 X53.743 Y167.191 E.22067
G1 X53.943 Y163.601 E.10735
G1 X53.863 Y156.72 E.20543
G1 X53.169 Y148.749 E.23888
G1 X52.768 Y143.562 E.15531
G1 X52.403 Y137.641 E.1771
G1 X63.287 Y136.935 E.32561
G1 X66.581 Y136.744 E.0985
G1 X66.554 Y136.378 E.01094
G1 X63.265 Y136.569 E.09838
G1 X53.75 Y137.177 E.28462
G1 X52.015 Y137.302 E.05194
G1 X52.403 Y143.587 E.188
G1 X52.804 Y148.779 E.15545
G1 X53.497 Y156.738 E.23853
G1 X53.577 Y163.593 E.20465
G1 X53.377 Y167.184 E.10737
G1 X53.483 Y174.593 E.22122
G1 X53.634 Y178.038 E.10297
G1 X63.076 Y178.646 E.28247
G1 X69.824 Y178.996 E.20171
G1 X69.821 Y179.363 E.01095
G1 X63.054 Y179.012 E.2023
G1 X53.283 Y178.38 E.29233
G1 X53.116 Y174.603 E.11287
G1 X53.01 Y167.176 E.22176
G1 X53.21 Y163.585 E.10738
G1 X53.13 Y156.756 E.20387
G1 X52.438 Y148.809 E.23817
G1 X52.037 Y143.613 E.15559
G1 X51.627 Y136.963 E.19891
G1 X53.725 Y136.811 E.06281
G1 X63.242 Y136.204 E.2847
G1 X66.528 Y136.013 E.09826
G1 X66.502 Y135.647 E.01094
G1 X63.22 Y135.838 E.09814
G1 X53.701 Y136.446 E.28478
G1 X51.239 Y136.623 E.07367
G1 X51.672 Y143.638 E.20982
G1 X52.073 Y148.839 E.15572
G1 X52.764 Y156.774 E.23781
G1 X52.844 Y163.577 E.20309
G1 X52.644 Y167.168 E.1074
G1 X52.75 Y174.614 E.2223
G1 X52.931 Y178.722 E.12277
G1 X63.032 Y179.378 E.3022
G1 X69.819 Y179.73 E.2029
G1 X69.817 Y180.096 E.01095
G1 X63.01 Y179.743 E.20349
G1 X52.579 Y179.064 E.31206
G1 X52.384 Y174.625 E.13266
G1 X52.277 Y167.161 E.22285
G1 X52.477 Y163.569 E.10741
G1 X52.398 Y156.793 E.20231
G1 X51.708 Y148.869 E.23746
G1 X51.306 Y143.664 E.15586
G1 X50.851 Y136.284 E.22073
G1 X53.676 Y136.08 E.08454
G1 X63.198 Y135.472 E.28487
G1 X66.476 Y135.282 E.09802
G1 X66.45 Y134.916 E.01094
G1 X63.176 Y135.107 E.0979
G1 X53.651 Y135.715 E.28495
G1 X50.463 Y135.945 E.09541
G1 X50.941 Y143.689 E.23164
G1 X51.343 Y148.899 E.156
G1 X52.032 Y156.811 E.2371
G1 X52.111 Y163.561 E.20153
G1 X51.911 Y167.153 E.10742
G1 X52.018 Y174.635 E.22339
G1 X52.228 Y179.406 E.14255
G1 X62.988 Y180.109 E.32193
G1 X65.63 Y180.258 E.07902
G1 X69.815 Y180.463 E.12507
G1 X69.812 Y180.83 E.01095
G1 X65.611 Y180.624 E.12558
G1 X62.966 Y180.475 E.0791
G1 X51.876 Y179.747 E.33179
G1 X51.651 Y174.646 E.15245
G1 X51.544 Y167.146 E.22394
G1 X51.744 Y163.553 E.10744
G1 X51.666 Y156.829 E.20075
G1 X50.978 Y148.929 E.23674
G1 X50.575 Y143.714 E.15614
G1 X50.075 Y135.606 E.24255
G1 X53.626 Y135.349 E.10627
G1 X63.154 Y134.741 E.28503
G1 X66.423 Y134.551 E.09778
G1 X66.397 Y134.185 E.01094
G1 X63.131 Y134.375 E.09766
G1 X53.601 Y134.984 E.28511
G1 X49.687 Y135.266 E.11714
G1 X50.21 Y143.74 E.25345
G1 X50.613 Y148.959 E.15627
G1 X51.299 Y156.847 E.23639
G1 X51.378 Y163.544 E.19997
G1 X51.178 Y167.138 E.10745
G1 X51.285 Y174.657 E.22448
G1 X51.524 Y180.089 E.16234
G1 X53.44 Y180.228 E.05735
G1 X62.944 Y180.84 E.28431
G1 X65.592 Y180.99 E.07918
G1 X69.81 Y181.196 E.12609
G1 X69.808 Y181.563 E.01095
G1 X65.572 Y181.356 E.1266
G1 X62.922 Y181.206 E.07926
G1 X53.415 Y180.594 E.2844
G1 X51.173 Y180.431 E.06712
G1 X50.919 Y174.667 E.17224
G1 X50.811 Y167.131 E.22503
G1 X51.011 Y163.536 E.10747
G1 X50.933 Y156.865 E.19919
G1 X50.248 Y148.989 E.23603
G1 X49.844 Y143.765 E.15641
G1 X49.299 Y134.927 E.26436
G1 X53.576 Y134.618 E.12801
G1 X63.109 Y134.009 E.2852
G1 X66.371 Y133.82 E.09754
G1 X66.345 Y133.455 E.01094
G1 X63.087 Y133.644 E.09742
G1 X53.551 Y134.253 E.28528
G1 X48.911 Y134.588 E.13887
G1 X49.479 Y143.79 E.27527
G1 X49.882 Y149.019 E.15655
G1 X50.567 Y156.883 E.23567
G1 X50.645 Y163.528 E.19841
G1 X50.444 Y167.123 E.10748
G1 X50.553 Y174.678 E.22557
G1 X50.821 Y180.773 E.18213
G1 X53.39 Y180.959 E.0769
G1 X62.9 Y181.572 E.28449
G1 X65.553 Y181.721 E.07934
G1 X69.806 Y181.93 E.12711
G1 X69.803 Y182.296 E.01095
G1 X65.534 Y182.087 E.12763
G1 X62.877 Y181.938 E.07942
G1 X53.365 Y181.325 E.28458
G1 X50.469 Y181.114 E.08668
G1 X50.186 Y174.688 E.19203
G1 X50.078 Y167.115 E.22612
G1 X50.278 Y163.52 E.1075
G1 X50.201 Y156.901 E.19763
G1 X49.517 Y149.049 E.23531
G1 X49.113 Y143.816 E.15669
G1 X48.523 Y134.25 E.28612
G1 X53.526 Y133.887 E.14974
G1 X63.065 Y133.278 E.28536
G1 X66.318 Y133.089 E.0973
G1 X66.292 Y132.724 E.01094
G1 X63.042 Y132.912 E.09718
G1 X53.501 Y133.522 E.28544
G1 X48.136 Y133.914 E.16061
G1 X48.748 Y143.841 E.29695
G1 X49.152 Y149.079 E.15682
G1 X49.835 Y156.919 E.23496
G1 X49.912 Y163.512 E.19685
G1 X49.711 Y167.108 E.10751
G1 X49.82 Y174.699 E.22666
G1 X50.118 Y181.456 E.20192
G1 X53.34 Y181.69 E.09645
G1 X62.855 Y182.303 E.28467
G1 X65.514 Y182.453 E.07951
G1 X69.801 Y182.663 E.12814
G1 X69.799 Y183.03 E.01095
G1 X65.495 Y182.819 E.12865
G1 X62.833 Y182.669 E.07959
G1 X53.315 Y182.056 E.28476
G1 X49.766 Y181.798 E.10623
G1 X49.454 Y174.71 E.21182
G1 X49.345 Y167.1 E.2272
G1 X49.545 Y163.504 E.10753
G1 X49.469 Y156.937 E.19607
G1 X48.787 Y149.109 E.2346
G1 X48.382 Y143.867 E.15696
G1 X47.748 Y133.577 E.30778
G1 X53.476 Y133.156 E.17147
G1 X63.02 Y132.547 E.28552
G1 X66.266 Y132.358 E.09707
G1 X66.24 Y131.993 E.01094
G1 X62.998 Y132.181 E.09696
G1 X53.451 Y132.791 E.28561
G1 X47.36 Y133.24 E.18234
G1 X48.017 Y143.892 E.31861
G1 X48.422 Y149.139 E.1571
G1 X49.102 Y156.955 E.23424
G1 X49.179 Y163.496 E.19529
G1 X48.978 Y167.093 E.10754
G1 X49.088 Y174.72 E.22775
G1 X49.414 Y182.14 E.22171
G1 X53.29 Y182.422 E.11601
G1 X62.811 Y183.035 E.28485
G1 X65.475 Y183.185 E.07967
G1 X69.797 Y183.397 E.12916
G1 X69.794 Y183.763 E.01095
G1 X65.456 Y183.551 E.12968
G1 X62.789 Y183.4 E.07975
G1 X53.265 Y182.787 E.28494
G1 X49.063 Y182.481 E.12578
G1 X48.721 Y174.731 E.23161
G1 X48.612 Y167.085 E.22829
G1 X48.812 Y163.488 E.10755
G1 X48.736 Y156.973 E.19451
G1 X48.057 Y149.168 E.23389
G1 X47.651 Y143.917 E.15724
G1 X46.972 Y132.903 E.32944
G1 X53.426 Y132.425 E.19321
G1 X62.976 Y131.815 E.28569
G1 X66.214 Y131.627 E.09684
G1 X66.188 Y131.262 E.01094
G1 X62.954 Y131.45 E.09673
G1 X53.401 Y132.059 E.28577
G1 X46.584 Y132.567 E.20408
G1 X47.286 Y143.943 E.34027
G1 X47.692 Y149.198 E.15738
G1 X48.37 Y156.991 E.23353
G1 X48.446 Y163.48 E.19373
G1 X48.245 Y167.077 E.10757
G1 X48.355 Y174.742 E.22884
G1 X48.711 Y182.823 E.2415
G1 X53.24 Y183.153 E.13556
G1 X62.767 Y183.766 E.28503
G1 X65.437 Y183.917 E.07983
G1 X69.792 Y184.13 E.13019
G1 X69.79 Y184.497 E.01095
G1 X65.417 Y184.282 E.1307
G1 X62.745 Y184.132 E.07991
G1 X53.215 Y183.518 E.28511
G1 X48.359 Y183.164 E.14534
G1 X47.989 Y174.752 E.25137
G1 X47.879 Y167.07 E.22938
G1 X48.079 Y163.472 E.10758
G1 X48.004 Y157.009 E.19295
G1 X47.326 Y149.228 E.23317
G1 X46.92 Y143.968 E.15751
G1 X46.196 Y132.23 E.3511
G1 X53.376 Y131.694 E.21494
G1 X62.931 Y131.084 E.28585
G1 X66.162 Y130.896 E.09662
G1 X66.136 Y130.531 E.01094
G1 X62.909 Y130.718 E.09651
G1 X53.351 Y131.328 E.28594
G1 X48.605 Y131.671 E.14205
G1 X45.809 Y131.893 E.08377
G1 X46.555 Y143.993 E.36193
G1 X46.961 Y149.258 E.15765
G1 X47.638 Y157.027 E.23281
G1 X47.713 Y163.464 E.19217
G1 X47.512 Y167.062 E.1076
G1 X47.623 Y174.763 E.22993
G1 X48.007 Y183.504 E.26119
G1 X53.19 Y183.884 E.15513
G1 X62.723 Y184.497 E.2852
G1 X65.398 Y184.648 E.07999
G1 X69.799 Y184.864 E.13155
G1 X69.838 Y185.233 E.01107
G1 X65.379 Y185.014 E.13329
G1 X62.701 Y184.863 E.08007
G1 X53.164 Y184.249 E.28529
G1 X47.656 Y183.843 E.16491
G1 X47.256 Y174.774 E.27102
G1 X47.146 Y167.055 E.23047
G1 X47.346 Y163.456 E.10761
G1 X47.271 Y157.045 E.1914
G1 X46.596 Y149.288 E.23246
G1 X46.189 Y144.019 E.15779
G1 X45.421 Y131.557 E.37276
G1 X48.578 Y131.306 E.09455
G1 X53.326 Y130.963 E.14213
G1 X62.887 Y130.352 E.28602
G1 X66.111 Y130.165 E.0964
G1 X66.085 Y129.8 E.01094
G1 X62.865 Y129.987 E.09629
G1 X53.301 Y130.597 E.2861
G1 X48.55 Y130.94 E.14221
G1 X45.033 Y131.22 E.10534
G1 X45.824 Y144.044 E.38359
G1 X46.231 Y149.318 E.15793
G1 X46.905 Y157.063 E.2321
G1 X46.98 Y163.448 E.19062
G1 X46.779 Y167.047 E.10763
G1 X46.89 Y174.784 E.23102
G1 X47.304 Y184.183 E.28085
G1 X53.139 Y184.615 E.17469
G1 X62.679 Y185.229 E.28538
G1 X65.359 Y185.38 E.08015
G1 X69.877 Y185.601 E.13503
G1 X69.915 Y185.97 E.01107
G1 X65.34 Y185.746 E.13677
G1 X62.657 Y185.595 E.08024
G1 X53.114 Y184.98 E.28547
G1 X46.952 Y184.522 E.18448
G1 X46.524 Y174.795 E.29068
G1 X46.413 Y167.04 E.23156
G1 X46.613 Y163.44 E.10764
G1 X46.539 Y157.081 E.18984
G1 X45.866 Y149.348 E.23174
G1 X45.458 Y144.07 E.15806
G1 X44.645 Y130.883 E.39442
G1 X48.523 Y130.575 E.11613
G1 X53.276 Y130.232 E.14229
G1 X62.843 Y129.621 E.28618
G1 X66.059 Y129.434 E.09617
G1 X66.033 Y129.069 E.01094
G1 X62.82 Y129.255 E.09606
G1 X53.251 Y129.866 E.28627
G1 X48.495 Y130.21 E.14237
G1 X44.257 Y130.546 E.12691
G1 X45.093 Y144.095 E.40525
G1 X45.501 Y149.378 E.1582
G1 X46.173 Y157.1 E.23139
G1 X46.247 Y163.432 E.18906
G1 X46.046 Y167.032 E.10766
G1 X46.158 Y174.806 E.23211
G1 X46.6 Y184.862 E.30051
G1 X53.089 Y185.346 E.19426
G1 X62.635 Y185.96 E.28556
G1 X65.32 Y186.112 E.08032
G1 X69.954 Y186.339 E.13851
G1 X69.993 Y186.707 E.01107
G1 X65.301 Y186.478 E.14025
G1 X62.612 Y186.326 E.0804
G1 X53.064 Y185.711 E.28565
G1 X46.249 Y185.201 E.20405
G1 X45.791 Y174.816 E.31033
G1 X45.68 Y167.024 E.23265
G1 X45.881 Y163.424 E.10767
G1 X45.807 Y157.118 E.18828
G1 X45.136 Y149.408 E.23103
G1 X44.727 Y144.12 E.15834
G1 X43.869 Y130.21 E.41609
G1 X48.467 Y129.844 E.1377
G1 X53.226 Y129.501 E.14245
G1 X62.798 Y128.89 E.28635
G1 X66.007 Y128.703 E.09595
G1 X65.981 Y128.338 E.01094
G1 X62.776 Y128.524 E.09584
G1 X53.201 Y129.135 E.28643
G1 X48.44 Y129.479 E.14253
G1 X43.482 Y129.875 E.14849
G1 X44.362 Y144.146 E.42686
G1 X44.77 Y149.438 E.15848
G1 X45.441 Y157.136 E.23067
G1 X45.514 Y163.415 E.1875
G1 X45.313 Y167.017 E.10769
G1 X45.425 Y174.827 E.23319
G1 X45.897 Y185.541 E.32016
G1 X53.039 Y186.077 E.21383
G1 X62.59 Y186.692 E.28574
G1 X65.282 Y186.844 E.08048
G1 X70.032 Y187.076 E.14199
G1 X70.071 Y187.445 E.01107
G1 X65.262 Y187.209 E.14373
G1 X62.568 Y187.057 E.08056
G1 X53.014 Y186.442 E.28583
G1 X45.545 Y185.88 E.22362
G1 X45.059 Y174.838 E.32999
G1 X44.947 Y167.009 E.23374
G1 X45.148 Y163.407 E.1077
G1 X45.074 Y157.154 E.18672
G1 X44.405 Y149.468 E.23031
G1 X43.996 Y144.171 E.15861
G1 X43.094 Y129.541 E.4376
G1 X48.412 Y129.114 E.15928
G1 X53.176 Y128.77 E.14261
G1 X62.754 Y128.158 E.28651
G1 X65.955 Y127.972 E.09573
G1 X65.929 Y127.607 E.01094
G1 X62.732 Y127.793 E.09562
G1 X53.151 Y128.404 E.2866
G1 X48.384 Y128.748 E.14269
G1 X42.706 Y129.207 E.17007
G1 X43.631 Y144.196 E.44834
G1 X44.04 Y149.498 E.15875
G1 X44.708 Y157.172 E.22996
G1 X44.781 Y163.399 E.18594
G1 X44.58 Y167.002 E.10771
G1 X44.692 Y174.848 E.23428
G1 X45.193 Y186.22 E.33982
G1 X48.244 Y186.463 E.09135
G1 X52.989 Y186.808 E.14205
G1 X62.546 Y187.423 E.28592
G1 X65.243 Y187.575 E.08064
G1 X70.11 Y187.814 E.14547
G1 X70.148 Y188.182 E.01107
G1 X65.224 Y187.941 E.14721
G1 X62.524 Y187.789 E.08072
G1 X52.964 Y187.173 E.286
G1 X48.216 Y186.828 E.14213
G1 X44.841 Y186.559 E.10106
G1 X44.326 Y174.859 E.34965
G1 X44.214 Y166.994 E.23483
G1 X44.415 Y163.391 E.10773
G1 X44.342 Y157.19 E.18516
G1 X43.675 Y149.528 E.2296
G1 X43.265 Y144.222 E.15889
G1 X42.319 Y128.874 E.45908
G1 X48.357 Y128.383 E.18086
G1 X53.127 Y128.039 E.14277
G1 X62.709 Y127.427 E.28668
G1 X65.903 Y127.241 E.0955
G1 X65.877 Y126.876 E.01094
G1 X62.687 Y127.061 E.09539
G1 X53.102 Y127.673 E.28676
G1 X48.329 Y128.018 E.14285
G1 X41.931 Y128.54 E.19165
G1 X42.9 Y144.247 E.46982
G1 X43.31 Y149.558 E.15903
G1 X43.976 Y157.208 E.22924
G1 X44.048 Y163.383 E.18438
G1 X43.847 Y166.987 E.10774
G1 X43.96 Y174.87 E.23537
G1 X44.49 Y186.899 E.35947
G1 X48.188 Y187.193 E.11076
G1 X52.939 Y187.539 E.14221
G1 X62.502 Y188.155 E.28609
G1 X65.204 Y188.307 E.0808
G1 X70.187 Y188.551 E.14895
G1 X70.226 Y188.92 E.01107
G1 X65.185 Y188.673 E.15069
G1 X62.48 Y188.52 E.08089
G1 X52.914 Y187.904 E.28618
G1 X48.16 Y187.559 E.14229
G1 X44.138 Y187.238 E.12047
G1 X43.594 Y174.88 E.3693
G1 X43.481 Y166.979 E.23592
G1 X43.682 Y163.375 E.10776
G1 X43.61 Y157.226 E.1836
G1 X42.945 Y149.588 E.22889
G1 X42.534 Y144.273 E.15917
G1 X41.543 Y128.206 E.48056
G1 X48.301 Y127.652 E.20243
G1 X53.077 Y127.308 E.14293
G1 X62.665 Y126.695 E.28684
G1 X65.851 Y126.51 E.09528
G1 X65.825 Y126.145 E.01094
G1 X62.643 Y126.33 E.09517
G1 X53.052 Y126.942 E.28693
G1 X48.274 Y127.287 E.14301
G1 X43.513 Y127.665 E.14258
G1 X41.156 Y127.873 E.07065
G1 X42.169 Y144.298 E.4913
G1 X42.579 Y149.618 E.1593
G1 X43.243 Y157.244 E.22853
G1 X43.315 Y163.367 E.18282
G1 X43.114 Y166.971 E.10777
G1 X43.227 Y174.891 E.23646
G1 X43.786 Y187.578 E.37913
G1 X48.133 Y187.924 E.13017
G1 X52.889 Y188.27 E.14237
G1 X62.458 Y188.886 E.28627
G1 X65.166 Y189.039 E.08097
G1 X70.265 Y189.288 E.15242
G1 X70.304 Y189.657 E.01107
G1 X65.146 Y189.405 E.15416
G1 X62.436 Y189.252 E.08105
G1 X52.864 Y188.635 E.28636
G1 X48.105 Y188.289 E.14245
G1 X43.434 Y187.917 E.13987
G1 X42.861 Y174.902 E.38896
G1 X42.748 Y166.964 E.23701
G1 X42.949 Y163.359 E.10779
G1 X42.877 Y157.262 E.18204
G1 X42.214 Y149.648 E.22817
G1 X41.803 Y144.323 E.15944
G1 X40.768 Y127.539 E.50204
G1 X43.482 Y127.3 E.08135
G1 X48.246 Y126.922 E.14267
G1 X53.027 Y126.577 E.14309
G1 X62.621 Y125.964 E.28701
G1 X65.799 Y125.779 E.09506
G1 X65.773 Y125.414 E.01094
G1 X62.598 Y125.598 E.09495
G1 X53.002 Y126.211 E.28709
G1 X48.218 Y126.556 E.14317
G1 X43.452 Y126.935 E.14276
G1 X40.38 Y127.205 E.09205
G1 X41.438 Y144.349 E.51278
G1 X41.849 Y149.678 E.15958
G1 X42.511 Y157.28 E.22782
G1 X42.582 Y163.351 E.18126
G1 X42.381 Y166.956 E.1078
G1 X42.495 Y174.912 E.23755
G1 X43.083 Y188.255 E.39874
G1 X48.077 Y188.654 E.14958
G1 X52.839 Y189.001 E.14253
G1 X62.414 Y189.617 E.28645
G1 X65.127 Y189.77 E.08113
G1 X70.343 Y190.026 E.1559
G1 X70.382 Y190.395 E.01107
G1 X65.107 Y190.136 E.15764
G1 X62.392 Y189.983 E.08121
G1 X52.814 Y189.366 E.28654
G1 X48.049 Y189.02 E.14261
G1 X42.731 Y188.593 E.1593
G1 X42.129 Y174.923 E.4085
G1 X42.015 Y166.949 E.23809
G1 X42.216 Y163.343 E.10782
G1 X42.145 Y157.298 E.18048
G1 X41.484 Y149.708 E.22746
G1 X41.072 Y144.374 E.15972
G1 X39.993 Y126.872 E.52353
G1 X43.421 Y126.57 E.10275
G1 X48.191 Y126.191 E.14284
G1 X52.977 Y125.846 E.14325
G1 X62.576 Y125.233 E.28717
G1 X65.747 Y125.049 E.09483
G1 X65.722 Y124.683 E.01094
G1 X62.554 Y124.867 E.09472
G1 X52.952 Y125.48 E.28725
G1 X48.163 Y125.826 E.14334
G1 X43.391 Y126.205 E.14293
G1 X39.605 Y126.538 E.11345
G1 X40.707 Y144.399 E.53427
G1 X41.119 Y149.738 E.15985
G1 X41.779 Y157.316 E.2271
G1 X41.849 Y163.335 E.1797
G1 X41.648 Y166.941 E.10783
G1 X41.762 Y174.934 E.23864
G1 X42.379 Y188.93 E.41827
G1 X48.022 Y189.385 E.16901
G1 X52.789 Y189.732 E.14269
G1 X62.369 Y190.349 E.28663
G1 X65.088 Y190.503 E.0813
G1 X70.42 Y190.763 E.15938
G1 X70.459 Y191.132 E.01107
G1 X65.498 Y190.893 E.1483
G1 X62.347 Y190.714 E.09421
G1 X52.763 Y190.097 E.28671
G1 X47.994 Y189.75 E.14277
G1 X42.027 Y189.268 E.17872
G1 X41.396 Y174.944 E.42803
G1 X41.282 Y166.934 E.23918
G1 X41.483 Y163.327 E.10784
G1 X41.412 Y157.334 E.17892
G1 X40.754 Y149.768 E.22675
G1 X40.341 Y144.425 E.15999
G1 X39.218 Y126.204 E.54501
G1 X43.36 Y125.84 E.12415
G1 X48.136 Y125.46 E.14302
G1 X52.927 Y125.115 E.14342
G1 X62.532 Y124.501 E.28734
G1 X65.696 Y124.318 E.09461
G1 X65.67 Y123.952 E.01094
G1 X62.51 Y124.136 E.0945
G1 X52.902 Y124.749 E.28742
G1 X48.108 Y125.095 E.1435
G1 X43.33 Y125.475 E.1431
G1 X38.83 Y125.87 E.13486
G1 X39.976 Y144.45 E.55575
G1 X40.389 Y149.798 E.16013
G1 X41.046 Y157.352 E.22639
G1 X41.116 Y163.319 E.17814
G1 X40.915 Y166.926 E.10786
G1 X41.03 Y174.955 E.23973
G1 X41.675 Y189.605 E.4378
G1 X47.966 Y190.116 E.18843
G1 X52.738 Y190.463 E.14285
G1 X62.325 Y191.08 E.2868
G1 X65.907 Y191.283 E.10712
G1 X70.498 Y191.501 E.13721
G1 X70.537 Y191.869 E.01107
G1 X66.317 Y191.673 E.12613
G1 X62.303 Y191.446 E.12002
G1 X52.713 Y190.828 E.28688
G1 X47.938 Y190.481 E.14294
G1 X41.323 Y189.942 E.19814
G1 X40.664 Y174.966 E.44756
G1 X40.549 Y166.918 E.24027
G1 X40.75 Y163.311 E.10787
G1 X40.68 Y157.37 E.17736
G1 X40.023 Y149.828 E.22603
G1 X39.61 Y144.476 E.16027
G1 X38.442 Y125.537 E.56649
G1 X43.299 Y125.11 E.14556
G1 X48.08 Y124.73 E.14319
G1 X52.877 Y124.383 E.14358
G1 X62.487 Y123.77 E.2875
G1 X65.644 Y123.587 E.09439
G1 X65.618 Y123.221 E.01094
G1 X62.465 Y123.404 E.09428
G1 X52.852 Y124.018 E.28758
G1 X48.053 Y124.364 E.14366
G1 X43.268 Y124.745 E.14328
G1 X38.055 Y125.203 E.15626
G1 X39.245 Y144.501 E.57723
G1 X39.658 Y149.858 E.1604
G1 X40.314 Y157.388 E.22567
G1 X40.383 Y163.303 E.17658
G1 X40.182 Y166.911 E.10789
G1 X40.297 Y174.976 E.24082
G1 X40.971 Y190.28 E.45732
G1 X47.91 Y190.846 E.20785
G1 X52.688 Y191.194 E.14302
G1 X62.281 Y191.812 E.28697
G1 X66.726 Y192.064 E.13293
G1 X66.725 Y192.05 E.00042
G1 X70.576 Y192.238 E.11511
G1 X70.615 Y192.607 E.01107
G1 X67.134 Y192.436 E.10404
G1 X67.136 Y192.454 E.00052
G1 X62.258 Y192.177 E.14584
G1 X52.663 Y191.559 E.28705
G1 X47.883 Y191.212 E.1431
G1 X40.619 Y190.617 E.21757
G1 X39.931 Y174.987 E.46709
G1 X39.815 Y166.903 E.24136
G1 X40.017 Y163.295 E.1079
G1 X39.948 Y157.406 E.1758
G1 X39.293 Y149.888 E.22532
G1 X38.879 Y144.526 E.16054
G1 X37.667 Y124.869 E.58797
G1 X43.238 Y124.38 E.16696
G1 X48.025 Y123.999 E.14337
G1 X52.827 Y123.652 E.14374
G1 X62.443 Y123.038 E.28767
G1 X65.592 Y122.856 E.09417
G1 X65.566 Y122.49 E.01094
G1 X62.421 Y122.673 E.09405
G1 X52.802 Y123.287 E.28775
G1 X47.997 Y123.634 E.14382
G1 X43.207 Y124.014 E.14345
G1 X37.279 Y124.536 E.17766
G1 X38.514 Y144.552 E.59871
G1 X38.928 Y149.918 E.16068
G1 X39.582 Y157.425 E.22496
G1 X39.65 Y163.286 E.17502
G1 X39.449 Y166.896 E.10792
G1 X39.565 Y174.998 E.24191
G1 X40.268 Y190.955 E.47685
G1 X47.855 Y191.577 E.22728
G1 X52.638 Y191.925 E.14318
G1 X62.236 Y192.543 E.28714
G1 X67.545 Y192.844 E.15875
G1 X67.543 Y192.823 E.00062
G1 X70.653 Y192.976 E.09298
G1 X70.692 Y193.344 E.01107
G1 X67.952 Y193.21 E.08191
G1 X67.954 Y193.234 E.00072
G1 X62.214 Y192.909 E.17166
G1 X52.613 Y192.29 E.28722
G1 X47.827 Y191.942 E.14326
G1 X43.038 Y191.561 E.14342
G1 X39.916 Y191.292 E.09357
G1 X39.199 Y175.008 E.48661
G1 X39.082 Y166.888 E.24245
G1 X39.284 Y163.278 E.10793
G1 X39.215 Y157.443 E.17424
G1 X38.563 Y149.948 E.2246
G1 X38.148 Y144.577 E.16082
G1 X36.892 Y124.202 E.60945
G1 X43.177 Y123.649 E.18836
G1 X47.97 Y123.269 E.14354
G1 X52.777 Y122.921 E.1439
G1 X62.399 Y122.307 E.28783
G1 X65.54 Y122.125 E.09394
G1 X65.514 Y121.759 E.01094
G1 X62.376 Y121.941 E.09383
G1 X52.752 Y122.556 E.28791
G1 X47.942 Y122.903 E.14398
G1 X43.146 Y123.284 E.14363
G1 X36.504 Y123.868 E.19907
G1 X37.783 Y144.602 E.62019
G1 X38.198 Y149.978 E.16096
G1 X38.849 Y157.461 E.22425
G1 X38.917 Y163.27 E.17346
G1 X38.716 Y166.88 E.10795
G1 X38.832 Y175.019 E.24299
G1 X39.564 Y191.629 E.49638
G1 X43.008 Y191.926 E.1032
G1 X47.799 Y192.308 E.1435
G1 X52.588 Y192.656 E.14334
G1 X62.192 Y193.274 E.28731
G1 X68.364 Y193.624 E.18457
G1 X68.361 Y193.597 E.00082
G1 X70.731 Y193.713 E.07084
G1 X70.77 Y194.082 E.01107
G1 X68.77 Y193.984 E.05977
G1 X68.773 Y194.015 E.00092
G1 X62.169 Y193.64 E.19748
G1 X52.563 Y193.021 E.28739
G1 X47.772 Y192.673 E.14342
G1 X42.978 Y192.291 E.14358
G1 X39.212 Y191.967 E.11284
G1 X38.466 Y175.03 E.50614
G1 X38.349 Y166.873 E.24354
G1 X38.551 Y163.262 E.10796
G1 X38.483 Y157.479 E.17268
G1 X37.833 Y150.008 E.22389
G1 X37.417 Y144.628 E.16109
G1 X36.116 Y123.535 E.63093
G1 X43.116 Y122.919 E.20977
G1 X47.914 Y122.538 E.14372
G1 X52.727 Y122.19 E.14406
G1 X62.354 Y121.576 E.28799
G1 X65.488 Y121.394 E.09372
G1 X65.462 Y121.028 E.01094
G1 X62.332 Y121.21 E.09361
G1 X52.702 Y121.825 E.28808
G1 X47.887 Y122.173 E.14414
G1 X43.085 Y122.554 E.1438
G1 X35.729 Y123.201 E.22047
G1 X37.052 Y144.653 E.64167
G1 X37.467 Y150.038 E.16123
G1 X38.117 Y157.497 E.22353
G1 X38.184 Y163.254 E.1719
G1 X37.983 Y166.865 E.10797
G1 X38.1 Y175.04 E.24408
G1 X38.86 Y192.304 E.51591
G1 X42.947 Y192.657 E.12248
G1 X47.744 Y193.038 E.14365
G1 X52.538 Y193.387 E.1435
G1 X62.147 Y194.006 E.28747
G1 X69.183 Y194.405 E.21039
G1 X69.179 Y194.371 E.00102
G1 X70.809 Y194.45 E.0487
G1 X70.848 Y194.819 E.01107
G1 X69.589 Y194.757 E.03763
G1 X69.592 Y194.794 E.00111
G1 X69.517 Y194.791 E.00227
G1 X62.125 Y194.371 E.22103
G1 X52.513 Y193.753 E.28756
G1 X47.716 Y193.404 E.14358
G1 X42.917 Y193.022 E.14373
G1 X38.508 Y192.641 E.13211
G1 X37.734 Y175.051 E.52567
G1 X37.616 Y166.858 E.24463
G1 X37.818 Y163.246 E.10799
G1 X37.751 Y157.515 E.17112
G1 X37.102 Y150.068 E.22317
G1 X36.686 Y144.679 E.16137
G1 X35.341 Y122.867 E.65241
G1 X43.055 Y122.189 E.23117
G1 X47.859 Y121.807 E.14389
G1 X52.677 Y121.459 E.14422
G1 X62.31 Y120.844 E.28816
G1 X65.436 Y120.663 E.0935
G1 X65.41 Y120.297 E.01094
G1 X62.288 Y120.479 E.09339
G1 X52.652 Y121.094 E.28824
G1 X47.831 Y121.442 E.1443
G1 X43.024 Y121.824 E.14398
G1 X34.953 Y122.533 E.24187
G1 X36.321 Y144.704 E.66315
G1 X36.737 Y150.098 E.16151
G1 X37.384 Y157.533 E.22282
G1 X37.451 Y163.238 E.17034
G1 X37.25 Y166.85 E.108
G1 X37.367 Y175.062 E.24517
G1 X38.156 Y192.979 E.53543
G1 X42.887 Y193.387 E.14175
G1 X47.688 Y193.769 E.1438
G1 X52.488 Y194.118 E.14366
G1 X62.103 Y194.737 E.28764
G1 X69.497 Y195.156 E.22112
G1 X70.002 Y195.181 E.01507
G1 X69.998 Y195.144 E.00111
G1 X70.886 Y195.188 E.02657
G1 X70.925 Y195.557 E.01107
G1 X70.407 Y195.531 E.0155
G1 X70.411 Y195.568 E.00111
G1 X69.478 Y195.522 E.02788
G1 X62.08 Y195.103 E.22121
G1 X52.463 Y194.484 E.28773
G1 X47.661 Y194.134 E.14374
G1 X42.857 Y193.752 E.14388
G1 X37.805 Y193.316 E.15139
G1 X37.001 Y175.072 E.5452
G1 X36.883 Y166.843 E.24572
G1 X37.085 Y163.23 E.10802
G1 X37.018 Y157.551 E.16956
G1 X36.372 Y150.128 E.22246
G1 X35.955 Y144.729 E.16164
G1 X34.566 Y122.2 E.67389
G1 X42.993 Y121.459 E.25258
G1 X47.804 Y121.077 E.14407
G1 X52.627 Y120.728 E.14438
G1 X62.265 Y120.113 E.28832
G1 X65.384 Y119.932 E.09327
G1 X65.358 Y119.566 E.01094
G1 X62.243 Y119.747 E.09316
G1 X52.602 Y120.363 E.2884
G1 X47.776 Y120.711 E.14446
G1 X42.963 Y121.094 E.14415
G1 X34.178 Y121.866 E.26328
G1 X35.59 Y144.755 E.68463
G1 X36.007 Y150.158 E.16178
G1 X36.652 Y157.569 E.2221
G1 X36.718 Y163.222 E.16878
G1 X36.517 Y166.835 E.10803
G1 X36.635 Y175.083 E.24626
G1 X37.453 Y193.654 E.55496
G1 X42.826 Y194.117 E.16102
G1 X47.633 Y194.5 E.14395
G1 X52.438 Y194.849 E.14382
G1 X62.058 Y195.469 E.28781
G1 X69.459 Y195.888 E.22129
G1 X70.82 Y195.955 E.04069
G1 X70.816 Y195.918 E.00111
G1 X70.964 Y195.925 E.00443
M204 S2000
G1 E-.8 F3600
G1 X176.68 Y116.219 F18000
G1 E.8 F3600
M204 S1000
;TYPE:Outer wall
;WIDTH:0.42
G1 F3000
M106 S127
G1 X176.68 Y199.009 E2.54389
G1 X163.262 Y198.906 E.41232
G1 X148.484 Y198.764 E.4541
G1 X141.107 Y198.67 E.22668
G1 X126.236 Y198.44 E.457
G1 X116.282 Y198.245 E.30592
G1 X101.424 Y197.877 E.4567
G1 X91.554 Y197.558 E.30341
G1 X81.69 Y197.186 E.30332
G1 X76.79 Y196.968 E.15071
G1 X70.302 Y196.65 E.1996
G1 F1680
G1 X70.131 Y196.642 E.00526
G1 F900
G1 X69.929 Y196.632 E.00621
M204 S500
;TYPE:Overhang wall
;WIDTH:0.409292
G1 X62.015 Y196.187 E.23666
G1 X52.388 Y195.567 E.28798
G1 X47.578 Y195.217 E.14399
G1 X42.767 Y194.835 E.14409
G1 X36.761 Y194.317 E.17997
G1 X35.915 Y175.104 E.57415
G1 X35.797 Y166.82 E.24733
G1 X35.998 Y163.206 E.10806
G1 X35.932 Y157.605 E.16725
G1 X35.289 Y150.216 E.2214
G1 X34.871 Y144.805 E.16205
G1 X33.416 Y121.21 E.70574
G1 X42.903 Y120.376 E.28431
G1 X47.722 Y119.993 E.14432
G1 X52.554 Y119.644 E.14463
G1 X64.206 Y118.912 E.34856
M204 S1000
;TYPE:Outer wall
;WIDTH:0.42
G1 X64.406 Y118.9 E.00616
M106 S127
G1 F1680
G1 X64.574 Y118.891 E.00517
G1 F3000
G1 X67.175 Y118.74 E.08005
G1 X77.087 Y118.244 E.30495
G1 X82.022 Y118.026 E.15178
G1 X86.999 Y117.831 E.15305
G1 X96.944 Y117.481 E.30578
G1 X111.791 Y117.079 E.45636
G1 X121.682 Y116.873 E.30399
G1 X136.52 Y116.617 E.45602
G1 X156.429 Y116.381 E.61177
G1 X176.66 Y116.22 E.62167
M204 S2000
G1 X176.288 Y116.615 F18000
M204 S1500
;TYPE:Inner wall
;WIDTH:0.45
G1 F4800
G1 X176.288 Y198.614 E2.72006
G1 X163.265 Y198.514 E.432
G1 X148.488 Y198.372 E.49021
G1 X141.113 Y198.278 E.24468
G1 X126.243 Y198.048 E.4933
G1 X116.291 Y197.853 E.33021
G1 X101.435 Y197.485 E.49294
G1 X91.568 Y197.166 E.32748
G1 X81.706 Y196.794 E.32737
G1 X76.808 Y196.576 E.16263
G1 X70.674 Y196.276 E.20374
G1 X70.274 Y196.256 E.01327
G1 F1680
G1 X70.09 Y196.247 E.00611
G1 F900
G1 X69.887 Y196.238 E.00674
M204 S500
;TYPE:Overhang wall
;WIDTH:0.409292
G1 X62.038 Y195.796 E.2347
G1 X52.415 Y195.176 E.28789
G1 X47.608 Y194.827 E.1439
G1 X42.799 Y194.444 E.14401
G1 X37.138 Y193.956 E.16965
G1 X36.307 Y175.092 E.5637
G1 X36.189 Y166.828 E.24675
G1 X36.39 Y163.215 E.10805
G1 X36.324 Y157.585 E.16808
G1 X35.68 Y150.184 E.22179
G1 X35.263 Y144.777 E.1619
G1 X33.831 Y121.567 E.69424
G1 X42.935 Y120.767 E.27286
G1 X47.751 Y120.384 E.14423
G1 X52.58 Y120.036 E.14454
G1 X64.234 Y119.303 E.3486
M204 S1500
;TYPE:Inner wall
;WIDTH:0.45
G1 X64.433 Y119.292 E.00661
M106 S127
G1 F1680
G1 X64.615 Y119.281 E.00605
G1 F4800
G1 X65.015 Y119.258 E.01327
G1 X67.196 Y119.131 E.07249
G1 X77.105 Y118.635 E.32911
G1 X82.038 Y118.417 E.16379
G1 X87.013 Y118.223 E.16516
G1 X96.956 Y117.873 E.33003
G1 X111.8 Y117.471 E.49257
G1 X121.689 Y117.265 E.32811
G1 X136.526 Y117.009 E.49225
G1 X156.432 Y116.773 E.66038
G1 X176.268 Y116.615 E.658
G1 E-.8 F3600
M204 S2000
G1 X175.368 Y198.443 F18000
G1 E.8 F3600
;TYPE:Internal solid infill
;WIDTH:0.420005
G1 F6000
G1 X175.955 Y197.856 E.02549
G1 X175.955 Y197.323 E.01639
G1 X175.007 Y198.271 E.04117
G1 X174.478 Y198.267 E.01626
G1 X175.955 Y196.79 E.06417
G1 X175.955 Y196.257 E.01639
G1 X173.949 Y198.263 E.08717
G1 X173.419 Y198.258 E.01626
G1 X175.955 Y195.723 E.11016
G1 X175.955 Y195.19 E.01639
G1 X172.89 Y198.254 E.13316
G1 X172.361 Y198.25 E.01626
G1 X175.955 Y194.657 E.15616
G1 X175.955 Y194.124 E.01639
G1 X171.832 Y198.246 E.17916
G1 X171.303 Y198.242 E.01626
G1 X175.955 Y193.59 E.20215
G1 X175.955 Y193.057 E.01639
G1 X170.773 Y198.238 E.22515
G1 X170.244 Y198.234 E.01626
G1 X175.955 Y192.524 E.24815
G1 X175.955 Y191.99 E.01639
G1 X169.715 Y198.23 E.27115
G1 X169.186 Y198.226 E.01626
G1 X175.955 Y191.457 E.29414
G1 X175.955 Y190.924 E.01639
G1 X168.656 Y198.222 E.31714
G1 X168.127 Y198.218 E.01626
G1 X175.955 Y190.391 E.34014
G1 X175.955 Y189.857 E.01639
G1 X167.598 Y198.214 E.36314
G1 X167.069 Y198.21 E.01626
G1 X175.955 Y189.324 E.38613
G1 X175.955 Y188.791 E.01639
G1 X166.54 Y198.206 E.40913
G1 X166.01 Y198.202 E.01626
G1 X175.955 Y188.257 E.43213
G1 X175.955 Y187.724 E.01639
G1 X165.481 Y198.198 E.45513
G1 X164.952 Y198.194 E.01626
G1 X175.955 Y187.191 E.47812
G1 X175.955 Y186.658 E.01639
G1 X164.423 Y198.189 E.50112
G1 X163.894 Y198.185 E.01626
G1 X175.955 Y186.124 E.52412
G1 X175.955 Y185.591 E.01639
G1 X163.364 Y198.181 E.54711
G1 X162.836 Y198.176 E.01624
G1 X175.955 Y185.058 E.57008
G1 X175.955 Y184.525 E.01639
G1 X162.308 Y198.171 E.59303
G1 X161.779 Y198.166 E.01623
G1 X175.955 Y183.991 E.61598
G1 X175.955 Y183.458 E.01639
G1 X161.251 Y198.161 E.63894
G1 X160.723 Y198.156 E.01623
G1 X175.955 Y182.925 E.66189
G1 X175.955 Y182.391 E.01639
G1 X160.195 Y198.151 E.68484
G1 X159.667 Y198.146 E.01623
G1 X175.955 Y181.858 E.7078
G1 X175.955 Y181.325 E.01639
G1 X159.138 Y198.141 E.73075
G1 X158.61 Y198.136 E.01623
G1 X175.955 Y180.792 E.7537
G1 X175.955 Y180.258 E.01639
G1 X158.082 Y198.131 E.77666
G1 X157.554 Y198.126 E.01623
G1 X175.955 Y179.725 E.79961
G1 X175.955 Y179.192 E.01639
G1 X157.026 Y198.121 E.82256
G1 X156.497 Y198.116 E.01623
G1 X175.955 Y178.658 E.84552
G1 X175.955 Y178.125 E.01639
G1 X155.969 Y198.11 E.86847
G1 X155.441 Y198.105 E.01623
G1 X175.955 Y177.592 E.89142
G1 X175.955 Y177.059 E.01639
G1 X154.913 Y198.1 E.91438
G1 X154.385 Y198.095 E.01623
G1 X175.955 Y176.525 E.93733
G1 X175.955 Y175.992 E.01639
G1 X153.856 Y198.09 E.96028
G1 X153.328 Y198.085 E.01623
G1 X175.955 Y175.459 E.98324
G1 X175.955 Y174.926 E.01639
G1 X152.8 Y198.08 E1.00619
G1 X152.272 Y198.075 E.01623
G1 X175.955 Y174.392 E1.02914
G1 X175.955 Y173.859 E.01639
G1 X151.744 Y198.07 E1.0521
G1 X151.215 Y198.065 E.01623
G1 X175.955 Y173.326 E1.07505
G1 X175.955 Y172.792 E.01639
G1 X150.687 Y198.06 E1.098
G1 X150.159 Y198.055 E.01623
G1 X175.955 Y172.259 E1.12096
G1 X175.955 Y171.726 E.01639
G1 X149.631 Y198.05 E1.14391
G1 X149.103 Y198.044 E.01623
G1 X175.955 Y171.193 E1.16686
G1 X175.955 Y170.659 E.01639
G1 X148.574 Y198.039 E1.18982
G1 X148.048 Y198.033 E.01619
G1 X175.955 Y170.126 E1.21271
G1 X175.955 Y169.593 E.01639
G1 X147.521 Y198.026 E1.23559
G1 X146.994 Y198.02 E.01618
G1 X175.955 Y169.059 E1.25847
G1 X175.955 Y168.526 E.01639
G1 X146.468 Y198.013 E1.28136
G1 X145.941 Y198.006 E.01618
G1 X175.955 Y167.993 E1.30424
G1 X175.955 Y167.46 E.01639
G1 X145.415 Y197.999 E1.32712
G1 X144.888 Y197.993 E.01618
G1 X175.955 Y166.926 E1.35
G1 X175.955 Y166.393 E.01639
G1 X144.362 Y197.986 E1.37289
G1 X143.835 Y197.979 E.01618
G1 X175.955 Y165.86 E1.39577
G1 X175.955 Y165.326 E.01639
G1 X143.308 Y197.973 E1.41865
G1 X142.782 Y197.966 E.01618
G1 X175.955 Y164.793 E1.44153
G1 X175.955 Y164.26 E.01639
G1 X142.255 Y197.959 E1.46441
G1 X141.729 Y197.952 E.01618
G1 X175.955 Y163.727 E1.4873
G1 X175.955 Y163.193 E.01639
G1 X141.202 Y197.946 E1.51018
G1 X140.677 Y197.938 E.01615
G1 X175.955 Y162.66 E1.53301
G1 X175.955 Y162.127 E.01639
G1 X140.152 Y197.93 E1.55583
G1 X139.626 Y197.922 E.01614
G1 X175.955 Y161.594 E1.57865
G1 X175.955 Y161.06 E.01639
G1 X139.101 Y197.913 E1.60147
G1 X138.576 Y197.905 E.01614
G1 X175.955 Y160.527 E1.62429
G1 X175.955 Y159.994 E.01639
G1 X138.051 Y197.897 E1.64711
G1 X137.526 Y197.889 E.01614
G1 X175.955 Y159.46 E1.66994
G1 X175.955 Y158.927 E.01639
G1 X137.001 Y197.881 E1.69276
G1 X136.476 Y197.873 E.01614
G1 X175.955 Y158.394 E1.71558
G1 X175.955 Y157.861 E.01639
G1 X135.95 Y197.865 E1.7384
G1 X135.425 Y197.857 E.01614
G1 X175.955 Y157.327 E1.76122
G1 X175.955 Y156.794 E.01639
G1 X134.9 Y197.848 E1.78404
G1 X134.375 Y197.84 E.01614
G1 X175.955 Y156.261 E1.80686
G1 X175.955 Y155.727 E.01639
G1 X133.85 Y197.832 E1.82968
G1 X133.325 Y197.824 E.01614
G1 X175.955 Y155.194 E1.8525
G1 X175.955 Y154.661 E.01639
G1 X132.799 Y197.816 E1.87532
G1 X132.274 Y197.808 E.01614
G1 X175.955 Y154.128 E1.89815
G1 X175.955 Y153.594 E.01639
G1 X131.749 Y197.8 E1.92097
G1 X131.224 Y197.792 E.01614
G1 X175.955 Y153.061 E1.94379
G1 X175.955 Y152.528 E.01639
G1 X130.699 Y197.784 E1.96661
G1 X130.174 Y197.775 E.01614
G1 X175.955 Y151.995 E1.98943
G1 X175.955 Y151.461 E.01639
G1 X129.648 Y197.767 E2.01225
G1 X129.123 Y197.759 E.01614
G1 X175.955 Y150.928 E2.03507
G1 X175.955 Y150.395 E.01639
G1 X128.598 Y197.751 E2.05789
G1 X128.073 Y197.743 E.01614
G1 X175.955 Y149.861 E2.08071
G1 X175.955 Y149.328 E.01639
G1 X127.548 Y197.735 E2.10353
G1 X127.023 Y197.727 E.01614
G1 X175.955 Y148.795 E2.12635
G1 X175.955 Y148.262 E.01639
G1 X126.498 Y197.719 E2.14918
G1 X125.974 Y197.709 E.0161
G1 X175.955 Y147.728 E2.17195
G1 X175.955 Y147.195 E.01639
G1 X125.45 Y197.699 E2.19468
G1 X124.927 Y197.689 E.01607
G1 X175.955 Y146.662 E2.21741
G1 X175.955 Y146.128 E.01639
G1 X124.404 Y197.679 E2.24013
G1 X123.881 Y197.668 E.01607
G1 X175.955 Y145.595 E2.26286
G1 X175.955 Y145.062 E.01639
G1 X123.358 Y197.658 E2.28559
G1 X122.835 Y197.648 E.01607
G1 X175.955 Y144.529 E2.30832
G1 X175.955 Y143.995 E.01639
G1 X122.312 Y197.638 E2.33105
G1 X121.789 Y197.627 E.01607
G1 X175.955 Y143.462 E2.35378
G1 X175.955 Y142.929 E.01639
G1 X121.266 Y197.617 E2.37651
G1 X120.743 Y197.607 E.01607
G1 X175.955 Y142.396 E2.39923
G1 X175.955 Y141.862 E.01639
G1 X120.22 Y197.597 E2.42196
G1 X119.697 Y197.586 E.01607
G1 X175.955 Y141.329 E2.44469
G1 X175.955 Y140.796 E.01639
G1 X119.174 Y197.576 E2.46742
G1 X118.651 Y197.566 E.01607
G1 X175.955 Y140.262 E2.49015
G1 X175.955 Y139.729 E.01639
G1 X118.128 Y197.556 E2.51288
G1 X117.605 Y197.545 E.01607
G1 X175.955 Y139.196 E2.53561
G1 X175.955 Y138.663 E.01639
G1 X117.082 Y197.535 E2.55833
G1 X116.559 Y197.525 E.01607
G1 X175.955 Y138.129 E2.58106
G1 X175.955 Y137.596 E.01639
G1 X116.037 Y197.514 E2.60374
G1 X115.516 Y197.501 E.01601
G1 X175.955 Y137.063 E2.62638
G1 X175.955 Y136.529 E.01639
G1 X114.995 Y197.489 E2.64901
G1 X114.474 Y197.476 E.01601
G1 X175.955 Y135.996 E2.67164
G1 X175.955 Y135.463 E.01639
G1 X113.954 Y197.464 E2.69428
G1 X113.433 Y197.451 E.01601
G1 X175.955 Y134.93 E2.71691
G1 X175.955 Y134.396 E.01639
G1 X112.912 Y197.439 E2.73954
G1 X112.391 Y197.426 E.01601
G1 X175.955 Y133.863 E2.76218
G1 X175.955 Y133.33 E.01639
G1 X111.87 Y197.414 E2.78481
G1 X111.349 Y197.402 E.01601
G1 X175.955 Y132.797 E2.80744
G1 X175.955 Y132.263 E.01639
G1 X110.829 Y197.389 E2.83008
G1 X110.308 Y197.377 E.01601
G1 X175.955 Y131.73 E2.85271
G1 X175.955 Y131.197 E.01639
G1 X109.787 Y197.364 E2.87534
G1 X109.266 Y197.352 E.01601
G1 X175.955 Y130.663 E2.89798
G1 X175.955 Y130.13 E.01639
G1 X108.745 Y197.339 E2.92061
G1 X108.224 Y197.327 E.01601
G1 X175.955 Y129.597 E2.94324
G1 X175.955 Y129.064 E.01639
G1 X107.704 Y197.315 E2.96588
G1 X107.183 Y197.302 E.01601
G1 X175.955 Y128.53 E2.98851
G1 X175.955 Y127.997 E.01639
G1 X106.662 Y197.29 E3.01114
G1 X106.142 Y197.277 E.01599
G1 X175.955 Y127.464 E3.03375
G1 X175.955 Y126.93 E.01639
G1 X105.622 Y197.263 E3.05633
G1 X105.103 Y197.249 E.01597
G1 X175.955 Y126.397 E3.0789
G1 X175.955 Y125.864 E.01639
G1 X104.583 Y197.235 E3.10148
G1 X104.064 Y197.221 E.01597
G1 X175.955 Y125.331 E3.12405
G1 X175.955 Y124.797 E.01639
G1 X103.544 Y197.208 E3.14662
G1 X103.025 Y197.194 E.01597
G1 X175.955 Y124.264 E3.1692
G1 X175.955 Y123.731 E.01639
G1 X102.505 Y197.18 E3.19177
G1 X101.986 Y197.166 E.01597
G1 X175.955 Y123.197 E3.21435
G1 X175.955 Y122.664 E.01639
G1 X101.466 Y197.153 E3.23692
G1 X100.95 Y197.136 E.01589
G1 X175.955 Y122.131 E3.25938
G1 X175.955 Y121.598 E.01639
G1 X100.433 Y197.119 E3.28183
G1 X99.916 Y197.103 E.01588
G1 X175.955 Y121.064 E3.30427
G1 X175.955 Y120.531 E.01639
G1 X99.4 Y197.086 E3.32672
G1 X98.883 Y197.069 E.01588
G1 X175.955 Y119.998 E3.34917
G1 X175.955 Y119.465 E.01639
G1 X98.367 Y197.052 E3.37162
G1 X97.85 Y197.036 E.01588
G1 X175.955 Y118.931 E3.39407
G1 X175.955 Y118.398 E.01639
G1 X97.333 Y197.019 E3.41652
G1 X96.817 Y197.002 E.01588
G1 X175.955 Y117.865 E3.43896
G1 X175.955 Y117.331 E.01639
G1 X96.3 Y196.986 E3.46141
G1 X95.784 Y196.969 E.01588
G1 X175.801 Y116.952 E3.47719
G1 X175.263 Y116.956 E.01652
G1 X95.267 Y196.952 E3.47627
G1 X94.751 Y196.936 E.01588
G1 X174.726 Y116.96 E3.47536
G1 X174.188 Y116.965 E.01652
G1 X94.234 Y196.919 E3.47445
G1 X93.717 Y196.902 E.01588
G1 X173.651 Y116.969 E3.47354
G1 X173.113 Y116.973 E.01652
G1 X93.201 Y196.885 E3.47263
G1 X92.684 Y196.869 E.01588
G1 X172.576 Y116.977 E3.47172
G1 X172.038 Y116.982 E.01652
G1 X92.168 Y196.852 E3.4708
G1 X91.651 Y196.835 E.01588
G1 X171.5 Y116.986 E3.46989
G1 X170.963 Y116.99 E.01652
G1 X91.137 Y196.816 E3.46888
G1 X90.623 Y196.797 E.0158
G1 X170.425 Y116.995 E3.46785
G1 X169.888 Y116.999 E.01652
G1 X90.109 Y196.778 E3.46682
G1 X89.595 Y196.758 E.0158
G1 X169.35 Y117.003 E3.46579
G1 X168.813 Y117.007 E.01652
G1 X89.081 Y196.739 E3.46477
G1 X88.567 Y196.72 E.0158
G1 X168.275 Y117.012 E3.46374
G1 X167.737 Y117.016 E.01652
G1 X88.053 Y196.7 E3.46271
G1 X87.539 Y196.681 E.0158
G1 X167.2 Y117.02 E3.46168
G1 X166.662 Y117.025 E.01652
G1 X87.026 Y196.661 E3.46065
G1 X86.512 Y196.642 E.0158
G1 X166.125 Y117.029 E3.45962
G1 X165.587 Y117.033 E.01652
G1 X85.998 Y196.623 E3.4586
G1 X85.484 Y196.603 E.0158
G1 X165.05 Y117.037 E3.45757
G1 X164.512 Y117.042 E.01652
G1 X84.97 Y196.584 E3.45654
G1 X84.456 Y196.564 E.0158
G1 X163.974 Y117.046 E3.45551
G1 X163.437 Y117.05 E.01652
G1 X83.942 Y196.545 E3.45448
G1 X83.428 Y196.526 E.0158
G1 X162.899 Y117.055 E3.45345
G1 X162.362 Y117.059 E.01652
G1 X82.914 Y196.506 E3.45242
G1 X82.4 Y196.487 E.0158
G1 X161.824 Y117.063 E3.4514
G1 X161.287 Y117.068 E.01652
G1 X81.887 Y196.468 E3.45037
G1 X81.375 Y196.446 E.01574
G1 X160.749 Y117.072 E3.44924
G1 X160.212 Y117.076 E.01652
G1 X80.864 Y196.423 E3.44807
G1 X80.354 Y196.401 E.0157
G1 X159.674 Y117.08 E3.4469
G1 X159.136 Y117.085 E.01652
G1 X79.843 Y196.378 E3.44572
G1 X79.333 Y196.355 E.0157
G1 X158.599 Y117.089 E3.44455
G1 X158.061 Y117.093 E.01652
G1 X78.822 Y196.332 E3.44338
G1 X78.311 Y196.31 E.0157
G1 X157.524 Y117.098 E3.4422
G1 X156.986 Y117.102 E.01652
G1 X77.801 Y196.287 E3.44103
G1 X77.29 Y196.264 E.0157
G1 X156.449 Y117.106 E3.43986
G1 X155.909 Y117.112 E.01658
G1 X76.78 Y196.241 E3.43859
G1 X76.272 Y196.216 E.01564
G1 X155.369 Y117.119 E3.43723
G1 X154.83 Y117.125 E.01658
G1 X75.763 Y196.192 E3.43587
G1 X75.255 Y196.167 E.01564
G1 X154.29 Y117.132 E3.43451
G1 X153.75 Y117.138 E.01658
G1 X74.746 Y196.142 E3.43315
G1 X74.238 Y196.117 E.01564
G1 X153.211 Y117.144 E3.43179
G1 X152.671 Y117.151 E.01658
G1 X73.73 Y196.092 E3.43043
G1 X73.221 Y196.067 E.01564
G1 X152.131 Y117.157 E3.42907
G1 X151.592 Y117.164 E.01658
G1 X72.713 Y196.042 E3.42771
G1 X72.205 Y196.017 E.01564
G1 X151.052 Y117.17 E3.42635
G1 X150.512 Y117.176 E.01658
G1 X71.696 Y195.992 E3.42499
G1 X71.194 Y195.961 E.01545
G1 X149.972 Y117.183 E3.42334
G1 X149.433 Y117.189 E.01658
G1 X71.143 Y195.479 E3.4021
G1 X71.093 Y194.996 E.01491
G1 X148.893 Y117.196 E3.38086
G1 X148.353 Y117.202 E.01658
G1 X71.042 Y194.514 E3.35961
G1 X70.991 Y194.031 E.01491
G1 X147.814 Y117.208 E3.33837
G1 X147.274 Y117.215 E.01658
G1 X70.94 Y193.549 E3.31713
G1 X70.889 Y193.066 E.01491
G1 X146.734 Y117.221 E3.29588
G1 X146.195 Y117.228 E.01658
G1 X70.839 Y192.584 E3.27464
G1 X70.788 Y192.101 E.01491
G1 X145.655 Y117.234 E3.25339
G1 X145.115 Y117.24 E.01658
G1 X70.737 Y191.619 E3.23215
G1 X70.686 Y191.136 E.01491
G1 X144.576 Y117.247 E3.21091
G1 X144.036 Y117.253 E.01658
G1 X70.635 Y190.654 E3.18966
G1 X70.584 Y190.171 E.01491
G1 X143.496 Y117.26 E3.16842
G1 X142.957 Y117.266 E.01658
G1 X70.534 Y189.689 E3.14718
G1 X70.483 Y189.207 E.01491
G1 X142.417 Y117.272 E3.12593
G1 X141.877 Y117.279 E.01658
G1 X70.432 Y188.724 E3.10469
G1 X70.381 Y188.242 E.01491
G1 X141.338 Y117.285 E3.08345
G1 X140.798 Y117.292 E.01658
G1 X70.33 Y187.759 E3.0622
G1 X70.28 Y187.277 E.01491
G1 X140.258 Y117.298 E3.04096
G1 X139.719 Y117.304 E.01658
G1 X70.229 Y186.794 E3.01972
G1 X70.178 Y186.312 E.01491
G1 X139.179 Y117.311 E2.99847
G1 X138.639 Y117.317 E.01658
G1 X70.127 Y185.829 E2.97723
G1 X70.076 Y185.347 E.01491
G1 X138.1 Y117.324 E2.95599
G1 X137.56 Y117.33 E.01658
G1 X70.025 Y184.864 E2.93474
G1 X70.016 Y184.34 E.0161
G1 X137.02 Y117.336 E2.91169
G1 X136.48 Y117.343 E.01659
G1 X70.019 Y183.804 E2.88809
G1 X70.023 Y183.267 E.01649
G1 X135.938 Y117.352 E2.86437
G1 X135.395 Y117.362 E.01668
G1 X70.026 Y182.731 E2.84064
G1 X70.029 Y182.194 E.01649
G1 X134.852 Y117.371 E2.81692
G1 X134.31 Y117.38 E.01668
G1 X70.033 Y181.658 E2.7932
G1 X70.036 Y181.121 E.01649
G1 X133.767 Y117.39 E2.76947
G1 X133.224 Y117.399 E.01668
G1 X70.039 Y180.585 E2.74575
G1 X70.042 Y180.048 E.01649
G1 X132.682 Y117.409 E2.72203
G1 X132.139 Y117.418 E.01668
G1 X70.046 Y179.511 E2.6983
G1 X70.049 Y178.975 E.01649
G1 X131.597 Y117.427 E2.67458
G1 X131.054 Y117.437 E.01668
G1 X70.052 Y178.438 E2.65086
G1 X70.055 Y177.902 E.01649
G1 X130.511 Y117.446 E2.62714
G1 X129.969 Y117.455 E.01668
G1 X70.059 Y177.365 E2.60341
G1 X70.062 Y176.829 E.01649
G1 X129.426 Y117.465 E2.57969
G1 X128.883 Y117.474 E.01668
G1 X70.065 Y176.292 E2.55597
G1 X70.067 Y175.984 E.00947
G1 X70.093 Y175.731 E.00781
G1 X128.341 Y117.483 E2.53117
G1 X127.798 Y117.493 E.01668
G1 X70.154 Y175.137 E2.50494
G1 X70.215 Y174.542 E.01836
G1 X127.255 Y117.502 E2.4787
G1 X126.713 Y117.512 E.01668
G1 X70.277 Y173.948 E2.45246
G1 X70.338 Y173.353 E.01836
G1 X126.17 Y117.521 E2.42623
G1 X125.628 Y117.53 E.01668
G1 X70.399 Y172.759 E2.39999
G1 X70.414 Y172.609 E.00464
G1 X71.265 Y171.481 E.0434
G1 X71.356 Y171.268 E.00711
G1 X125.085 Y117.54 E2.33481
G1 X124.542 Y117.549 E.01668
G1 X71.488 Y170.603 E2.30547
G1 X71.595 Y169.963 E.01992
G1 X124 Y117.558 E2.27727
G1 X123.457 Y117.568 E.01668
G1 X71.701 Y169.323 E2.24907
G1 X71.808 Y168.684 E.01992
G1 X122.914 Y117.577 E2.22087
G1 X122.372 Y117.586 E.01668
G1 X71.914 Y168.044 E2.19267
G1 X72.02 Y167.405 E.01992
G1 X121.829 Y117.596 E2.16446
G1 X121.285 Y117.607 E.01672
G1 X72.127 Y166.765 E2.1362
G1 X72.233 Y166.125 E.01992
G1 X120.74 Y117.618 E2.10791
G1 X120.196 Y117.629 E.01674
G1 X72.339 Y165.486 E2.07962
G1 X72.446 Y164.846 E.01992
G1 X119.651 Y117.641 E2.05133
G1 X119.106 Y117.652 E.01674
G1 X72.552 Y164.206 E2.02304
G1 X72.658 Y163.567 E.01992
G1 X118.562 Y117.663 E1.99475
G1 X118.017 Y117.675 E.01674
G1 X72.765 Y162.927 E1.96647
G1 X72.871 Y162.287 E.01992
G1 X117.473 Y117.686 E1.93818
G1 X116.928 Y117.697 E.01674
G1 X72.977 Y161.648 E1.90989
G1 X73.084 Y161.008 E.01992
G1 X116.383 Y117.709 E1.8816
G1 X115.839 Y117.72 E.01674
G1 X73.19 Y160.369 E1.85331
G1 X73.296 Y159.729 E.01992
G1 X115.294 Y117.731 E1.82502
G1 X114.749 Y117.743 E.01674
G1 X73.403 Y159.089 E1.79674
G1 X73.458 Y158.755 E.01042
G1 X73.311 Y158.744 E.00455
G1 X73.31 Y158.649 E.0029
G1 X114.205 Y117.754 E1.77712
G1 X113.66 Y117.765 E.01674
G1 X73.304 Y158.122 E1.75372
G1 X73.297 Y157.595 E.0162
G1 X113.116 Y117.777 E1.73032
G1 X112.571 Y117.788 E.01674
G1 X73.123 Y157.236 E1.71421
G1 X73.139 Y156.687 F18000
G1 F6000
G1 X112.026 Y117.799 E1.68988
G1 X111.48 Y117.813 E.0168
G1 X73.102 Y156.191 E1.66772
G1 X72.937 Y155.822 E.0124
G1 X110.932 Y117.828 E1.65108
G1 X110.383 Y117.843 E.01685
G1 X72.772 Y155.454 E1.63444
G1 X72.606 Y155.086 E.0124
G1 X109.835 Y117.857 E1.6178
G1 X109.287 Y117.872 E.01685
G1 X72.441 Y154.718 E1.60115
G1 X72.276 Y154.35 E.0124
G1 X108.739 Y117.887 E1.58451
G1 X108.191 Y117.902 E.01685
G1 X72.111 Y153.982 E1.56787
G1 X71.946 Y153.614 E.0124
G1 X107.643 Y117.917 E1.55122
G1 X107.095 Y117.932 E.01685
G1 X71.781 Y153.245 E1.53458
G1 X71.616 Y152.877 E.0124
G1 X106.547 Y117.946 E1.51794
G1 X105.998 Y117.961 E.01685
G1 X71.451 Y152.509 E1.5013
G1 X71.285 Y152.141 E.0124
G1 X105.45 Y117.976 E1.48465
G1 X104.902 Y117.991 E.01685
G1 X71.12 Y151.773 E1.46801
G1 X70.955 Y151.405 E.0124
G1 X104.354 Y118.006 E1.45137
G1 X103.806 Y118.021 E.01685
G1 X70.79 Y151.037 E1.43473
G1 X70.625 Y150.668 E.0124
G1 X103.258 Y118.035 E1.41808
G1 X102.71 Y118.05 E.01685
G1 X70.46 Y150.3 E1.40144
G1 X70.295 Y149.932 E.0124
G1 X102.162 Y118.065 E1.3848
G1 X101.614 Y118.08 E.01685
G1 X70.129 Y149.564 E1.36816
G1 X69.964 Y149.196 E.0124
G1 X101.065 Y118.095 E1.35151
G1 X100.517 Y118.11 E.01685
G1 X69.799 Y148.828 E1.33487
G1 X69.634 Y148.46 E.0124
G1 X99.969 Y118.124 E1.31823
G1 X99.421 Y118.139 E.01685
G1 X69.469 Y148.092 E1.30159
G1 X69.304 Y147.723 E.0124
G1 X98.873 Y118.154 E1.28494
G1 X98.325 Y118.169 E.01685
G1 X69.131 Y147.363 E1.26863
G1 X68.955 Y147.139 E.00874
G1 X68.88 Y147.081 E.00293
G1 X97.777 Y118.184 E1.25572
G1 X97.229 Y118.199 E.01685
G1 X68.58 Y146.847 E1.24494
G1 X68.28 Y146.613 E.01167
G1 X96.678 Y118.216 E1.23403
G1 X96.125 Y118.235 E.01699
G1 X68.143 Y146.217 E1.21597
G1 X68.006 Y145.821 E.01288
G1 X95.573 Y118.255 E1.19791
G1 X95.02 Y118.274 E.01699
G1 X67.869 Y145.425 E1.17985
G1 X67.813 Y145.264 E.00525
G1 X67.761 Y145 E.00826
G1 X94.467 Y118.294 E1.16052
G1 X93.914 Y118.313 E.01699
G1 X67.673 Y144.554 E1.14032
G1 X67.585 Y144.109 E.01395
G1 X93.362 Y118.333 E1.12012
G1 X92.809 Y118.352 E.01699
G1 X67.498 Y143.663 E1.09991
G1 X67.41 Y143.218 E.01395
G1 X92.256 Y118.372 E1.07971
G1 X91.703 Y118.391 E.01699
G1 X67.322 Y142.773 E1.05951
G1 X67.234 Y142.327 E.01395
G1 X91.151 Y118.41 E1.03931
G1 X90.598 Y118.43 E.01699
G1 X67.173 Y141.855 E1.01795
G1 X67.137 Y141.357 E.01533
G1 X90.045 Y118.449 E.99548
G1 X89.493 Y118.469 E.01699
G1 X67.102 Y140.86 E.97301
G1 X67.066 Y140.362 E.01533
G1 X88.94 Y118.488 E.95054
G1 X88.387 Y118.508 E.01699
G1 X67.03 Y139.865 E.92808
G1 X66.994 Y139.367 E.01533
G1 X87.834 Y118.527 E.90561
G1 X87.282 Y118.547 E.01699
G1 X66.959 Y138.869 E.88314
G1 X66.923 Y138.372 E.01533
G1 X86.728 Y118.567 E.86062
G1 X86.173 Y118.589 E.01707
G1 X66.887 Y137.874 E.83805
G1 X66.852 Y137.377 E.01533
G1 X85.618 Y118.611 E.81548
G1 X85.063 Y118.632 E.01707
G1 X66.816 Y136.879 E.79291
G1 X66.78 Y136.381 E.01533
G1 X84.508 Y118.654 E.77035
G1 X83.953 Y118.676 E.01707
G1 X66.745 Y135.884 E.74778
G1 X66.709 Y135.386 E.01533
G1 X83.398 Y118.698 E.72521
G1 X82.843 Y118.719 E.01707
G1 X66.673 Y134.889 E.70264
G1 X66.638 Y134.391 E.01533
G1 X82.288 Y118.741 E.68007
G1 X81.731 Y118.765 E.01712
G1 X66.602 Y133.894 E.65743
G1 X66.566 Y133.396 E.01533
G1 X81.173 Y118.789 E.63474
G1 X80.615 Y118.814 E.01716
G1 X66.531 Y132.898 E.61205
G1 X66.495 Y132.401 E.01533
G1 X80.057 Y118.839 E.58935
G1 X79.499 Y118.863 E.01716
G1 X66.46 Y131.903 E.56664
G1 X66.424 Y131.405 E.01534
G1 X78.941 Y118.888 E.54393
G1 X78.383 Y118.912 E.01716
G1 X66.389 Y130.907 E.52122
G1 X66.354 Y130.409 E.01534
G1 X77.825 Y118.937 E.49851
G1 X77.267 Y118.962 E.01716
G1 X66.318 Y129.911 E.4758
G1 X66.283 Y129.413 E.01534
G1 X76.707 Y118.989 E.45298
G1 X76.146 Y119.017 E.01727
G1 X66.248 Y128.915 E.43013
G1 X66.212 Y128.417 E.01534
G1 X75.584 Y119.045 E.40727
G1 X75.023 Y119.073 E.01727
G1 X66.177 Y127.919 E.38441
G1 X66.142 Y127.421 E.01534
G1 X74.462 Y119.101 E.36155
G1 X73.9 Y119.129 E.01727
G1 X66.106 Y126.923 E.33869
G1 X66.071 Y126.425 E.01534
G1 X73.339 Y119.157 E.31583
G1 X72.777 Y119.186 E.01727
G1 X66.036 Y125.927 E.29297
G1 X66 Y125.429 E.01534
G1 X72.216 Y119.214 E.27011
G1 X71.655 Y119.242 E.01727
G1 X65.965 Y124.932 E.24725
G1 X65.93 Y124.434 E.01534
G1 X71.093 Y119.27 E.2244
G1 X70.532 Y119.298 E.01727
G1 X65.894 Y123.936 E.20154
G1 X65.859 Y123.438 E.01534
G1 X69.971 Y119.326 E.17868
G1 X69.409 Y119.354 E.01727
G1 X65.824 Y122.94 E.15582
G1 X65.788 Y122.442 E.01534
G1 X68.848 Y119.382 E.13296
G1 X68.287 Y119.41 E.01727
G1 X65.753 Y121.944 E.1101
G1 X65.718 Y121.446 E.01534
G1 X67.725 Y119.438 E.08724
G1 X67.163 Y119.467 E.01728
G1 X65.682 Y120.948 E.06436
G1 X65.647 Y120.45 E.01534
G1 X66.597 Y119.5 E.0413
G1 X66.031 Y119.533 E.01743
G1 X65.453 Y120.111 E.02513
; stop printing object USV 1 e2mm.stl_6_B id:0 copy 0
; printing object "USV 1 e2mm.stl_5" id:1 copy 0
G1 E-.8 F3600
G1 X81.625 Y65.511 F18000
G1 E.8 F3600
M204 S500
;TYPE:Overhang wall
;WIDTH:0.409292
G1 F3000
G1 X80.811 Y65.474 E.02433
G1 X80.827 Y65.049 E.01269
G1 X80.817 Y64.817 E.00695
G1 X81.628 Y64.776 E.02423
G1 X81.541 Y64.413 E.01113
G1 X80.436 Y64.469 E.03302
G1 X80.461 Y65.05 E.01736
G1 X80.431 Y65.823 E.0231
G1 X81.541 Y65.874 E.03318
G1 X81.458 Y66.237 E.01112
G1 X80.051 Y66.172 E.04203
G1 X80.094 Y65.051 E.03351
G1 X80.055 Y64.121 E.02778
G1 X81.453 Y64.051 E.04182
G1 X81.366 Y63.688 E.01113
G1 X79.673 Y63.774 E.05061
G1 X79.727 Y65.052 E.03819
G1 X79.671 Y66.522 E.04392
G1 X81.374 Y66.6 E.05087
G1 X81.29 Y66.963 E.01112
G1 X79.291 Y66.871 E.05972
G1 X79.361 Y65.052 E.05433
G1 X79.292 Y63.426 E.0486
G1 X81.279 Y63.326 E.0594
G1 X81.192 Y62.964 E.01113
G1 X78.91 Y63.078 E.06819
G1 X78.994 Y65.053 E.05901
G1 X78.911 Y67.22 E.06474
G1 X81.206 Y67.326 E.06857
G1 X81.122 Y67.689 E.01112
G1 X78.532 Y67.569 E.07741
G1 X78.627 Y65.054 E.07515
G1 X78.529 Y62.731 E.06942
G1 X81.104 Y62.601 E.07699
G1 X81.017 Y62.239 E.01113
G1 X78.147 Y62.383 E.08578
G1 X78.261 Y65.055 E.07983
G1 X78.152 Y67.919 E.08556
G1 X81.038 Y68.052 E.08626
G1 X80.954 Y68.415 E.01112
G1 X77.772 Y68.268 E.09511
G1 X77.894 Y65.056 E.09597
G1 X77.766 Y62.035 E.09025
G1 X80.93 Y61.876 E.09457
G1 X80.842 Y61.514 E.01113
G1 X77.384 Y61.688 E.10336
G1 X77.527 Y65.056 E.10066
G1 X77.392 Y68.617 E.10638
G1 X80.87 Y68.777 E.10395
G1 X80.786 Y69.14 E.01112
G1 X77.012 Y68.966 E.1128
G1 X77.161 Y65.057 E.11679
G1 X77.003 Y61.34 E.11107
G1 X80.755 Y61.151 E.11216
G1 X80.668 Y60.789 E.01113
G1 X76.622 Y60.992 E.12095
G1 X76.794 Y65.058 E.12148
G1 X76.632 Y69.316 E.12721
G1 X80.702 Y69.503 E.12165
G1 X80.618 Y69.866 E.01112
G1 X76.252 Y69.665 E.13049
G1 X76.427 Y65.059 E.13762
G1 X76.24 Y60.645 E.13189
G1 X80.58 Y60.426 E.12974
G1 X80.493 Y60.064 E.01113
G1 X75.859 Y60.297 E.13853
G1 X76.061 Y65.06 E.14231
G1 X75.872 Y70.014 E.14803
G1 X80.534 Y70.229 E.13934
G1 X80.45 Y70.592 E.01112
G1 X75.492 Y70.363 E.14819
G1 X75.694 Y65.06 E.15844
G1 X75.477 Y59.95 E.15272
G1 X80.406 Y59.702 E.14732
G1 X80.318 Y59.339 E.01113
G1 X75.096 Y59.602 E.15612
G1 X75.327 Y65.061 E.16313
G1 X75.112 Y70.713 E.16885
G1 X80.366 Y70.955 E.15703
G1 X80.283 Y71.318 E.01112
G1 X74.732 Y71.062 E.16588
G1 X74.961 Y65.062 E.17926
G1 X74.714 Y59.254 E.17354
G1 X80.231 Y58.977 E.16491
G1 X80.144 Y58.614 E.01113
G1 X74.333 Y58.907 E.1737
G1 X74.594 Y65.063 E.18395
G1 X74.352 Y71.411 E.18967
G1 X80.199 Y71.681 E.17473
G1 X80.115 Y72.044 E.01112
G1 X73.972 Y71.76 E.18357
G1 X74.227 Y65.064 E.20008
G1 X73.951 Y58.559 E.19436
G1 X80.056 Y58.252 E.18249
G1 X79.969 Y57.889 E.01113
G1 X73.57 Y58.211 E.19129
G1 X73.861 Y65.064 E.20478
G1 X73.592 Y72.11 E.21049
G1 X80.031 Y72.406 E.19242
G1 X79.947 Y72.769 E.01112
G1 X73.212 Y72.459 E.20127
G1 X73.494 Y65.065 E.2209
G1 X73.188 Y57.864 E.21519
G1 X79.882 Y57.527 E.20008
G1 X79.794 Y57.164 E.01113
G1 X72.807 Y57.516 E.20887
G1 X73.127 Y65.066 E.2256
G1 X72.832 Y72.808 E.23129
G1 X79.863 Y73.132 E.21011
G1 X79.779 Y73.495 E.01112
G1 X72.453 Y73.155 E.21896
G1 X72.761 Y65.067 E.24164
G1 X72.426 Y57.168 E.23601
G1 X79.707 Y56.802 E.21766
G1 X79.62 Y56.44 E.01113
G1 X72.044 Y56.821 E.22646
G1 X72.394 Y65.067 E.24642
G1 X72.073 Y73.502 E.25199
G1 X79.695 Y73.858 E.22781
G1 X79.611 Y74.221 E.01112
G1 X71.693 Y73.849 E.23665
G1 X72.027 Y65.068 E.26233
G1 X71.663 Y56.473 E.25683
G1 X79.533 Y56.077 E.23525
G1 X79.445 Y55.715 E.01113
G1 X71.281 Y56.126 E.24404
G1 X71.661 Y65.069 E.26725
G1 X71.313 Y74.196 E.27268
G1 X79.527 Y74.584 E.2455
G1 X79.443 Y74.947 E.01112
G1 X70.933 Y74.543 E.25435
G1 X71.294 Y65.07 E.28303
G1 X70.9 Y55.778 E.27766
G1 X79.358 Y55.352 E.25283
G1 X79.271 Y54.99 E.01113
G1 X70.518 Y55.43 E.26163
G1 X70.927 Y65.071 E.28807
G1 X70.553 Y74.89 E.29337
G1 X79.359 Y75.31 E.2632
G1 X79.275 Y75.672 E.01112
G1 X70.173 Y75.237 E.27204
G1 X70.561 Y65.071 E.30372
G1 X70.137 Y55.083 E.29848
G1 X79.183 Y54.627 E.27042
G1 X79.096 Y54.265 E.01113
G1 X69.755 Y54.735 E.27921
G1 X70.194 Y65.072 E.30889
G1 X69.794 Y75.584 E.31407
G1 X72.78 Y75.74 E.08927
G1 X79.191 Y76.035 E.19162
G1 X79.107 Y76.398 E.01112
G1 X72.762 Y76.106 E.18965
G1 X69.414 Y75.932 E.10009
G1 X69.827 Y65.073 E.32441
G1 X69.385 Y54.387 E.31931
G1 X79.009 Y53.903 E.28768
G1 X78.921 Y53.54 E.01113
G1 X69.017 Y54.038 E.29606
G1 X69.019 Y54.674 E.01897
G1 X69.461 Y65.074 E.31076
G1 X69.034 Y76.279 E.33476
G1 X72.744 Y76.472 E.11091
G1 X79.024 Y76.761 E.18767
G1 X78.94 Y77.124 E.01112
G1 X72.726 Y76.838 E.1857
G1 X68.654 Y76.626 E.12173
G1 X69.094 Y65.075 E.3451
G1 X68.653 Y54.682 E.31054
G1 X68.65 Y53.69 E.02963
G1 X78.834 Y53.178 E.30443
G1 X78.747 Y52.815 E.01113
G1 X68.282 Y53.342 E.31281
G1 X68.287 Y54.691 E.04028
G1 X68.727 Y65.075 E.31031
G1 X68.274 Y76.973 E.35545
G1 X72.708 Y77.204 E.13255
G1 X78.856 Y77.487 E.18373
G1 X78.772 Y77.85 E.01112
G1 X72.69 Y77.569 E.18175
G1 X67.894 Y77.32 E.14337
G1 X68.361 Y65.076 E.3658
G1 X67.92 Y54.699 E.31008
G1 X67.915 Y52.993 E.05093
G1 X78.659 Y52.453 E.32119
G1 X78.572 Y52.09 E.01113
G1 X67.547 Y52.645 E.32957
G1 X67.554 Y54.708 E.06158
G1 X67.994 Y65.077 E.30985
G1 X67.524 Y77.42 E.36877
G1 X67.488 Y77.663 E.00733
G1 X72.672 Y77.935 E.155
G1 X78.688 Y78.213 E.17978
G1 X78.604 Y78.576 E.01112
G1 X72.655 Y78.301 E.1778
G1 X67.067 Y78.006 E.16706
G1 X67.159 Y77.386 E.01869
G1 X67.627 Y65.078 E.36774
G1 X67.188 Y54.716 E.30963
G1 X67.179 Y52.297 E.07223
G1 X78.485 Y51.728 E.33795
G1 X78.397 Y51.365 E.01113
G1 X66.812 Y51.948 E.34632
G1 X66.821 Y54.724 E.08288
G1 X67.261 Y65.079 E.3094
G1 X66.793 Y77.352 E.3667
G1 X66.645 Y78.348 E.03005
G1 X72.637 Y78.667 E.17912
G1 X78.52 Y78.938 E.17583
G1 X78.436 Y79.301 E.01112
G1 X72.619 Y79.033 E.17385
G1 X66.224 Y78.69 E.19118
G1 X66.428 Y77.319 E.04141
G1 X66.894 Y65.079 E.36566
G1 X66.455 Y54.733 E.30917
G1 X66.444 Y51.6 E.09353
G1 X78.31 Y51.003 E.3547
G1 X78.223 Y50.641 E.01113
G1 X66.077 Y51.252 E.36308
G1 X66.089 Y54.741 E.10418
G1 X66.527 Y65.08 E.30894
G1 X66.063 Y77.285 E.36462
G1 X65.803 Y79.033 E.05276
G1 X72.601 Y79.399 E.20324
G1 X78.352 Y79.664 E.17188
G1 X78.268 Y80.027 E.01112
G1 X72.583 Y79.765 E.16991
G1 X65.382 Y79.375 E.2153
G1 X65.697 Y77.251 E.06412
G1 X66.161 Y65.081 E.36358
G1 X65.722 Y54.75 E.30872
G1 X65.709 Y50.903 E.11483
G1 X78.135 Y50.278 E.37146
G1 X78.048 Y49.916 E.01113
G1 X65.341 Y50.555 E.37983
G1 X65.356 Y54.758 E.12548
G1 X65.794 Y65.082 E.30849
G1 X65.332 Y77.217 E.36254
G1 X64.961 Y79.718 E.07548
G1 X72.565 Y80.131 E.22736
G1 X78.184 Y80.39 E.16793
G1 X78.1 Y80.753 E.01112
G1 X72.547 Y80.497 E.16596
G1 X67.715 Y80.246 E.14446
G1 X64.54 Y80.06 E.09497
G1 X64.966 Y77.183 E.08684
G1 X65.427 Y65.083 E.36151
G1 X64.99 Y54.766 E.30826
G1 X64.974 Y50.207 E.13613
G1 X77.961 Y49.553 E.38821
G1 X77.874 Y49.191 E.01113
G1 X64.606 Y49.858 E.39659
G1 X64.623 Y54.775 E.14678
G1 X65.061 Y65.083 E.30803
G1 X64.601 Y77.149 E.36047
G1 X64.156 Y80.148 E.09053
G1 X64.147 Y80.404 E.00763
G1 X67.695 Y80.611 E.1061
G1 X72.529 Y80.863 E.14453
G1 X78.016 Y81.116 E.16398
G1 X77.932 Y81.479 E.01112
G1 X72.512 Y81.229 E.16201
G1 X67.675 Y80.977 E.1446
G1 X63.768 Y80.749 E.11683
G1 X63.791 Y80.115 E.01894
G1 X64.236 Y77.115 E.09055
G1 X64.694 Y65.084 E.35943
G1 X64.257 Y54.783 E.30781
G1 X64.239 Y49.51 E.15743
G1 X77.786 Y48.828 E.40497
G1 X77.699 Y48.466 E.01113
G1 X63.871 Y49.162 E.41334
G1 X63.891 Y54.792 E.16808
G1 X64.327 Y65.085 E.30758
G1 X63.87 Y77.081 E.35839
G1 X63.425 Y80.081 E.09056
G1 X63.389 Y81.094 E.03024
G1 X67.654 Y81.343 E.12756
G1 X72.494 Y81.595 E.14468
G1 X77.848 Y81.842 E.16003
G1 X77.765 Y82.204 E.01112
G1 X72.476 Y81.961 E.15806
G1 X67.634 Y81.709 E.14475
G1 X63.01 Y81.438 E.13828
G1 X63.06 Y80.048 E.04155
G1 X63.505 Y77.047 E.09057
G1 X63.961 Y65.086 E.35735
G1 X63.524 Y54.8 E.30735
G1 X63.504 Y48.815 E.17867
G1 X77.612 Y48.103 E.42172
G1 X77.524 Y47.741 E.01113
G1 X63.136 Y48.471 E.43011
G1 X63.158 Y54.808 E.18922
G1 X63.594 Y65.087 E.30712
G1 X63.14 Y77.013 E.35631
G1 X62.694 Y80.014 E.09058
G1 X62.631 Y81.783 E.05285
G1 X67.614 Y82.075 E.14901
G1 X72.458 Y82.327 E.14482
G1 X77.681 Y82.567 E.15609
G1 X77.597 Y82.93 E.01112
G1 X72.44 Y82.693 E.15411
G1 X67.593 Y82.44 E.14489
G1 X62.252 Y82.128 E.15973
G1 X62.329 Y79.981 E.06415
G1 X62.774 Y76.979 E.0906
G1 X63.227 Y65.087 E.35528
G1 X62.792 Y54.817 E.3069
G1 X62.769 Y48.126 E.19977
G1 X77.437 Y47.379 E.43849
G1 X77.35 Y47.016 E.01113
G1 X62.401 Y47.781 E.44687
G1 X62.425 Y54.825 E.21032
G1 X62.861 Y65.088 E.30667
G1 X62.409 Y76.945 E.35424
G1 X61.964 Y79.947 E.09061
G1 X61.873 Y82.473 E.07546
G1 X67.573 Y82.806 E.17046
G1 X72.422 Y83.059 E.14496
G1 X77.513 Y83.293 E.15214
G1 X77.429 Y83.656 E.01112
G1 X72.404 Y83.424 E.15017
G1 X67.553 Y83.172 E.14503
G1 X61.494 Y82.818 E.18119
G1 X61.598 Y79.914 E.08676
G1 X62.044 Y76.911 E.09062
G1 X62.494 Y65.089 E.3532
G1 X62.059 Y54.834 E.30644
G1 X62.033 Y47.436 E.22087
G1 X63.641 Y47.339 E.04807
G1 X77.262 Y46.654 E.40718
G1 X77.175 Y46.291 E.01113
G1 X63.62 Y46.973 E.40518
G1 X61.666 Y47.091 E.05846
G1 X61.693 Y54.842 E.23142
G1 X62.127 Y65.09 E.30621
G1 X61.678 Y76.877 E.35216
G1 X61.233 Y79.88 E.09063
G1 X61.115 Y83.163 E.09807
G1 X67.533 Y83.538 E.19191
G1 X72.386 Y83.79 E.1451
G1 X77.345 Y84.019 E.1482
G1 X77.261 Y84.382 E.01112
G1 X72.368 Y84.156 E.14622
G1 X67.512 Y83.904 E.14517
G1 X60.736 Y83.508 E.20264
G1 X60.867 Y79.846 E.10937
G1 X61.313 Y76.843 E.09065
G1 X61.761 Y65.091 E.35112
G1 X61.326 Y54.851 E.30599
G1 X61.298 Y46.746 E.24197
G1 X63.6 Y46.607 E.06885
G1 X77.088 Y45.929 E.40317
G1 X77 Y45.566 E.01113
G1 X63.58 Y46.242 E.40117
G1 X60.931 Y46.401 E.07923
G1 X60.96 Y54.859 E.25251
G1 X61.394 Y65.091 E.30576
G1 X60.948 Y76.809 E.35009
G1 X60.502 Y79.813 E.09066
G1 X60.357 Y83.852 E.12067
G1 X67.492 Y84.269 E.21337
G1 X72.35 Y84.522 E.14524
G1 X77.177 Y84.745 E.14425
G1 X77.093 Y85.108 E.01112
G1 X72.332 Y84.888 E.14228
G1 X67.472 Y84.635 E.1453
G1 X59.978 Y84.196 E.2241
G1 X60.137 Y79.779 E.13193
G1 X60.582 Y76.775 E.09067
G1 X61.027 Y65.092 E.34905
G1 X60.593 Y54.867 E.30553
G1 X60.563 Y46.056 E.26306
G1 X63.56 Y45.876 E.08962
G1 X76.913 Y45.204 E.39916
G1 X76.826 Y44.841 E.01113
G1 X63.539 Y45.51 E.39716
G1 X60.196 Y45.711 E.10001
G1 X60.227 Y54.876 E.27361
G1 X60.661 Y65.093 E.30531
G1 X60.217 Y76.741 E.34801
G1 X59.771 Y79.746 E.09068
G1 X59.6 Y84.538 E.14316
G1 X67.452 Y85.001 E.23484
G1 X72.315 Y85.254 E.14537
G1 X77.009 Y85.471 E.1403
G1 X76.925 Y85.833 E.01112
G1 X72.297 Y85.62 E.13833
G1 X67.432 Y85.367 E.14543
G1 X59.221 Y84.88 E.24557
G1 X59.406 Y79.712 E.15439
G1 X59.852 Y76.707 E.0907
G1 X60.294 Y65.094 E.34697
G1 X59.861 Y54.884 E.30508
G1 X59.828 Y45.366 E.28416
G1 X63.519 Y45.144 E.1104
G1 X76.738 Y44.479 E.39515
G1 X76.651 Y44.117 E.01113
G1 X63.499 Y44.778 E.39315
G1 X59.46 Y45.021 E.12079
G1 X59.494 Y54.893 E.29471
G1 X59.927 Y65.095 E.30485
G1 X59.486 Y76.673 E.34593
G1 X59.04 Y79.679 E.09071
G1 X58.842 Y85.223 E.16562
G1 X67.412 Y85.733 E.2563
G1 X72.279 Y85.986 E.1455
G1 X76.841 Y86.196 E.13636
G1 X76.757 Y86.559 E.01112
G1 X72.261 Y86.352 E.13439
G1 X67.392 Y86.099 E.14556
G1 X58.463 Y85.565 E.26703
G1 X58.675 Y79.645 E.17685
G1 X59.121 Y76.639 E.09072
G1 X59.561 Y65.095 E.34489
G1 X59.128 Y54.901 E.30462
G1 X59.093 Y44.676 E.30526
G1 X63.479 Y44.413 E.13117
G1 X76.564 Y43.754 E.39114
G1 X76.476 Y43.392 E.01113
G1 X63.459 Y44.047 E.38914
G1 X58.725 Y44.331 E.14156
G1 X58.762 Y54.909 E.31581
G1 X59.194 Y65.096 E.3044
G1 X58.756 Y76.605 E.34386
G1 X58.31 Y79.612 E.09073
G1 X58.084 Y85.907 E.18808
G1 X67.371 Y86.464 E.27777
G1 X72.243 Y86.718 E.14563
G1 X76.673 Y86.922 E.13241
G1 X76.589 Y87.285 E.01112
G1 X72.225 Y87.084 E.13044
G1 X67.351 Y86.83 E.1457
G1 X60.087 Y86.406 E.21725
G1 X57.705 Y86.25 E.07125
G1 X57.944 Y79.578 E.19931
G1 X58.39 Y76.571 E.09074
G1 X58.827 Y65.097 E.34282
G1 X58.395 Y54.918 E.30417
G1 X58.358 Y43.986 E.32636
G1 X63.438 Y43.681 E.15195
G1 X76.389 Y43.029 E.38713
G1 X76.302 Y42.667 E.01113
G1 X63.418 Y43.315 E.38513
G1 X57.99 Y43.641 E.16234
G1 X58.029 Y54.926 E.33691
G1 X58.461 Y65.098 E.30394
G1 X58.025 Y76.537 E.34178
G1 X57.579 Y79.545 E.09076
G1 X57.326 Y86.592 E.21054
G1 X60.064 Y86.771 E.08191
G1 X67.331 Y87.196 E.21733
G1 X72.207 Y87.45 E.14576
G1 X76.506 Y87.648 E.12847
G1 X76.422 Y88.011 E.01112
G1 X72.189 Y87.816 E.1265
G1 X67.311 Y87.562 E.14582
G1 X60.041 Y87.137 E.2174
G1 X56.948 Y86.935 E.09256
G1 X57.213 Y79.511 E.22177
G1 X57.66 Y76.504 E.09077
G1 X58.094 Y65.098 E.34074
G1 X57.663 Y54.935 E.30371
G1 X57.623 Y43.296 E.34746
G1 X63.398 Y42.949 E.17273
G1 X76.215 Y42.304 E.38312
G1 X76.091 Y41.944 E.01138
G1 X63.378 Y42.584 E.38002
G1 X57.255 Y42.953 E.18312
G1 X57.296 Y54.943 E.35797
G1 X57.727 Y65.099 E.30349
G1 X57.294 Y76.47 E.3397
G1 X56.848 Y79.477 E.09078
G1 X56.569 Y87.277 E.233
G1 X60.019 Y87.503 E.10322
G1 X67.291 Y87.928 E.21748
G1 X72.171 Y88.182 E.14589
G1 X76.284 Y88.371 E.12293
G1 X76.047 Y88.727 E.01276
G1 X72.153 Y88.548 E.1164
G1 X67.271 Y88.293 E.14595
G1 X59.996 Y87.868 E.21756
G1 X56.19 Y87.619 E.11387
G1 X56.483 Y79.444 E.24423
G1 X56.929 Y76.436 E.09079
G1 X57.361 Y65.1 E.33866
G1 X56.93 Y54.951 E.30326
G1 X56.888 Y42.61 E.36846
G1 X63.357 Y42.218 E.19351
G1 X75.856 Y41.589 E.3736
G1 X75.621 Y41.234 E.01271
G1 X63.337 Y41.852 E.36718
G1 X56.52 Y42.267 E.2039
G1 X56.564 Y54.96 E.37894
G1 X56.994 Y65.101 E.30303
G1 X56.564 Y76.402 E.33763
G1 X56.117 Y79.41 E.09081
G1 X55.811 Y87.962 E.25546
G1 X59.973 Y88.234 E.12452
G1 X67.251 Y88.659 E.21764
G1 X72.135 Y88.913 E.14601
G1 X75.811 Y89.083 E.10986
G1 X75.574 Y89.439 E.01276
G1 X72.117 Y89.279 E.10333
G1 X67.231 Y89.025 E.14607
G1 X59.95 Y88.6 E.21772
G1 X55.439 Y88.305 E.13498
G1 X55.752 Y79.377 E.2667
G1 X56.198 Y76.368 E.09082
G1 X56.627 Y65.102 E.33659
G1 X56.197 Y54.968 E.3028
G1 X56.152 Y41.924 E.38943
G1 X63.317 Y41.486 E.21429
G1 X75.386 Y40.879 E.36076
G1 X75.151 Y40.524 E.01271
G1 X63.297 Y41.12 E.35434
G1 X55.785 Y41.581 E.22468
G1 X55.831 Y54.977 E.39991
G1 X56.261 Y65.102 E.30258
G1 X55.833 Y76.334 E.33555
G1 X55.386 Y79.343 E.09083
G1 X55.072 Y88.111 E.26193
G1 X55.072 Y88.648 E.01602
G1 X59.928 Y88.965 E.14526
G1 X67.21 Y89.391 E.2178
G1 X75.338 Y89.795 E.24294
G1 X75.101 Y90.15 E.01276
G1 X67.19 Y89.757 E.23647
G1 X59.905 Y89.331 E.21788
G1 X54.706 Y88.991 E.15554
G1 X54.706 Y88.105 E.02646
G1 X55.021 Y79.31 E.26274
G1 X55.468 Y76.3 E.09084
G1 X55.894 Y65.103 E.33451
G1 X55.465 Y54.985 E.30235
G1 X55.417 Y41.238 E.4104
G1 X63.276 Y40.754 E.23507
G1 X74.916 Y40.169 E.34792
G1 X74.681 Y39.814 E.01271
G1 X63.256 Y40.389 E.3415
G1 X55.05 Y40.896 E.24547
G1 X55.098 Y54.993 E.42089
G1 X55.527 Y65.104 E.30212
G1 X55.102 Y76.266 E.33347
G1 X54.656 Y79.276 E.09086
G1 X54.34 Y88.098 E.26354
G1 X54.34 Y89.334 E.0369
G1 X59.882 Y89.697 E.16582
G1 X67.17 Y90.123 E.21796
G1 X74.864 Y90.506 E.23
G1 X74.749 Y90.868 E.01133
G1 X67.15 Y90.488 E.22714
G1 X59.859 Y90.062 E.21804
G1 X53.973 Y89.677 E.1761
G1 X53.973 Y88.092 E.04735
G1 X54.29 Y79.243 E.26435
G1 X54.737 Y76.232 E.09087
G1 X55.161 Y65.105 E.33243
G1 X54.732 Y55.002 E.30189
G1 X54.682 Y40.553 E.43137
G1 X63.236 Y40.023 E.25586
G1 X74.546 Y39.454 E.33808
G1 X74.48 Y39.09 E.01103
G1 X63.216 Y39.657 E.33672
G1 X57.261 Y40.015 E.1781
G1 X54.315 Y40.21 E.08815
G1 X54.366 Y55.01 E.44186
G1 X54.794 Y65.106 E.30167
G1 X54.372 Y76.198 E.3314
G1 X53.925 Y79.209 E.09088
G1 X53.607 Y88.085 E.26516
G1 X53.607 Y90.021 E.05779
G1 X59.836 Y90.428 E.18638
G1 X67.13 Y90.854 E.21812
G1 X74.684 Y91.232 E.22582
G1 X74.62 Y91.595 E.01103
G1 X67.11 Y91.22 E.2245
G1 X59.814 Y90.794 E.21819
G1 X53.241 Y90.364 E.19666
G1 X53.241 Y88.078 E.06823
G1 X53.559 Y79.176 E.26596
G1 X54.006 Y76.164 E.09089
G1 X54.427 Y65.106 E.33036
G1 X53.999 Y55.019 E.30144
G1 X53.947 Y39.867 E.45234
G1 X57.238 Y39.649 E.09846
G1 X63.195 Y39.291 E.17818
G1 X74.414 Y38.727 E.33536
G1 X74.349 Y38.363 E.01103
G1 X63.175 Y38.925 E.33401
G1 X57.215 Y39.283 E.17827
G1 X53.58 Y39.524 E.10877
G1 X53.633 Y55.027 E.46283
G1 X54.061 Y65.107 E.30121
G1 X53.641 Y76.13 E.32932
G1 X53.194 Y79.142 E.09091
G1 X52.874 Y88.072 E.26677
G1 X52.874 Y90.707 E.07867
G1 X59.791 Y91.159 E.20694
G1 X67.09 Y91.586 E.21827
G1 X74.556 Y91.959 E.22318
G1 X74.492 Y92.323 E.01103
G1 X67.07 Y91.952 E.22186
G1 X59.768 Y91.525 E.21835
G1 X52.508 Y91.049 E.21722
G1 X52.508 Y88.065 E.08907
G1 X52.829 Y79.108 E.26758
G1 X53.275 Y76.096 E.09092
G1 X53.694 Y65.108 E.32828
G1 X53.267 Y55.035 E.30098
G1 X53.212 Y39.182 E.47331
G1 X57.192 Y38.918 E.11907
G1 X63.155 Y38.56 E.17835
G1 X74.283 Y38 E.33265
G1 X74.217 Y37.636 E.01103
G1 X63.135 Y38.194 E.33129
G1 X57.169 Y38.552 E.17844
G1 X52.844 Y38.839 E.12938
G1 X52.9 Y55.044 E.4838
G1 X53.327 Y65.109 E.30076
G1 X52.91 Y76.062 E.32724
G1 X52.463 Y79.075 E.09093
G1 X52.141 Y88.059 E.26838
G1 X52.141 Y91.388 E.09939
G1 X59.745 Y91.89 E.22751
G1 X67.049 Y92.318 E.21843
G1 X74.427 Y92.687 E.22054
G1 X74.363 Y93.051 E.01103
G1 X67.029 Y92.683 E.21922
G1 X59.723 Y92.256 E.21851
G1 X51.775 Y91.727 E.2378
G1 X51.775 Y88.052 E.10971
G1 X52.098 Y79.041 E.26919
G1 X52.545 Y76.028 E.09094
G1 X52.961 Y65.11 E.32621
G1 X52.534 Y55.052 E.30053
G1 X52.477 Y38.496 E.49428
G1 X57.146 Y38.186 E.13969
G1 X63.114 Y37.828 E.17852
G1 X74.152 Y37.273 E.32993
G1 X74.086 Y36.909 E.01103
G1 X63.449 Y37.441 E.31798
G1 X57.122 Y37.821 E.18921
G1 X52.109 Y38.155 E.15
G1 X52.168 Y55.061 E.50472
G1 X52.594 Y65.11 E.3003
G1 X52.179 Y75.994 E.32517
G1 X51.732 Y79.008 E.09096
G1 X51.409 Y88.046 E.27
G1 X51.409 Y92.066 E.12003
G1 X59.7 Y92.622 E.24808
G1 X67.009 Y93.049 E.21859
G1 X74.299 Y93.414 E.2179
G1 X74.234 Y93.778 E.01103
G1 X66.989 Y93.415 E.21658
G1 X59.677 Y92.987 E.21867
G1 X52.537 Y92.521 E.21361
G1 X51.042 Y92.405 E.04477
G1 X51.042 Y88.039 E.13035
G1 X51.367 Y78.974 E.2708
G1 X51.814 Y75.96 E.09097
G1 X52.227 Y65.111 E.32413
G1 X51.801 Y55.069 E.30007
G1 X51.742 Y37.814 E.51514
G1 X57.099 Y37.455 E.16031
G1 X63.783 Y37.054 E.19989
G1 X74.021 Y36.545 E.30602
G1 X73.955 Y36.182 E.01103
G1 X64.117 Y36.667 E.29407
G1 X57.076 Y37.09 E.21057
G1 X51.374 Y37.473 E.17062
G1 X51.435 Y55.077 E.52556
G1 X51.861 Y65.112 E.29985
G1 X51.449 Y75.926 E.32309
G1 X51.002 Y78.941 E.09098
G1 X50.676 Y88.033 E.27161
G1 X50.676 Y92.745 E.14068
G1 X52.511 Y92.886 E.05496
G1 X59.654 Y93.353 E.2137
G1 X66.969 Y93.781 E.21875
G1 X74.17 Y94.142 E.21526
G1 X74.106 Y94.506 E.01103
G1 X66.949 Y94.147 E.21394
G1 X59.631 Y93.719 E.21883
G1 X52.485 Y93.252 E.2138
G1 X50.31 Y93.084 E.06515
G1 X50.31 Y88.026 E.151
G1 X50.636 Y78.907 E.27241
G1 X51.083 Y75.892 E.09099
G1 X51.494 Y65.113 E.32205
G1 X51.069 Y55.086 E.29962
G1 X51.007 Y37.133 E.53599
G1 X57.053 Y36.724 E.18093
G1 X64.451 Y36.279 E.22126
G1 X64.452 Y36.294 E.00044
G1 X73.889 Y35.818 E.2821
G1 X73.824 Y35.455 E.01103
G1 X64.787 Y35.91 E.27014
G1 X64.785 Y35.892 E.00054
G1 X57.03 Y36.358 E.23194
G1 X50.639 Y36.792 E.19124
G1 X50.702 Y55.094 E.54641
G1 X51.127 Y65.114 E.29939
G1 X50.718 Y75.858 E.32101
G1 X50.271 Y78.874 E.09101
G1 X49.943 Y88.019 E.27322
G1 X49.943 Y93.423 E.16132
G1 X52.459 Y93.617 E.07534
G1 X59.609 Y94.084 E.2139
G1 X66.929 Y94.512 E.21891
G1 X74.042 Y94.87 E.21262
G1 X73.977 Y95.233 E.01103
G1 X66.909 Y94.878 E.2113
G1 X59.586 Y94.45 E.21899
G1 X52.433 Y93.983 E.21399
G1 X49.577 Y93.762 E.08553
G1 X49.577 Y88.013 E.17164
G1 X49.905 Y78.84 E.27403
G1 X50.353 Y75.824 E.09102
G1 X50.761 Y65.114 E.31998
G1 X50.336 Y55.103 E.29917
G1 X50.272 Y36.451 E.55683
G1 X57.007 Y35.993 E.20155
G1 X65.119 Y35.505 E.24263
G1 X65.121 Y35.527 E.00064
G1 X73.758 Y35.091 E.25818
G1 X73.692 Y34.728 E.01103
G1 X65.456 Y35.143 E.24622
G1 X65.453 Y35.118 E.00074
G1 X56.984 Y35.627 E.25331
G1 X49.904 Y36.111 E.21186
G1 X49.97 Y55.111 E.56725
G1 X50.394 Y65.115 E.29894
G1 X49.987 Y75.79 E.31894
G1 X49.54 Y78.807 E.09103
G1 X49.21 Y88.006 E.27483
G1 X49.21 Y94.101 E.18197
G1 X52.407 Y94.348 E.09573
G1 X59.563 Y94.816 E.21409
G1 X66.888 Y95.244 E.21906
G1 X73.913 Y95.597 E.20998
G1 X73.852 Y95.961 E.01102
G1 X71.794 Y95.866 E.0615
G1 X66.868 Y95.61 E.14725
G1 X59.54 Y95.181 E.21914
G1 X52.381 Y94.713 E.21419
G1 X48.844 Y94.441 E.10592
G1 X48.844 Y88 E.19229
G1 X49.175 Y78.773 E.27564
G1 X49.622 Y75.756 E.09104
G1 X50.027 Y65.116 E.3179
G1 X49.603 Y55.119 E.29871
G1 X49.536 Y35.77 E.57767
G1 X56.961 Y35.261 E.22217
G1 X65.788 Y34.731 E.264
G1 X65.79 Y34.759 E.00085
G1 X73.627 Y34.364 E.23426
G1 X73.594 Y33.999 E.01095
G1 X66.124 Y34.376 E.22328
G1 X66.122 Y34.344 E.00095
G1 X56.938 Y34.896 E.27468
G1 X49.169 Y35.429 E.23248
G1 X49.237 Y55.128 E.58809
G1 X49.661 Y65.117 E.29848
G1 X49.257 Y75.723 E.31686
G1 X48.809 Y78.739 E.09106
G1 X48.478 Y87.993 E.27645
G1 X48.478 Y94.78 E.20261
G1 X52.355 Y95.079 E.11611
G1 X59.518 Y95.547 E.21428
G1 X66.848 Y95.976 E.21922
G1 X73.822 Y96.326 E.20846
G1 X73.792 Y96.692 E.01094
G1 X71.758 Y96.598 E.06078
G1 X66.828 Y96.342 E.14739
G1 X59.495 Y95.913 E.2193
G1 X52.329 Y95.444 E.21438
G1 X48.111 Y95.119 E.1263
G1 X48.111 Y87.987 E.21293
G1 X48.444 Y78.706 E.27725
G1 X48.891 Y75.689 E.09107
G1 X49.294 Y65.118 E.31582
G1 X48.87 Y55.136 E.29826
G1 X48.801 Y35.089 E.59852
G1 X52.149 Y34.846 E.10021
G1 X56.914 Y34.53 E.14258
G1 X66.456 Y33.957 E.28537
G1 X66.459 Y33.992 E.00105
G1 X73.562 Y33.634 E.21233
G1 X73.53 Y33.269 E.01095
G1 X66.793 Y33.608 E.20139
G1 X66.79 Y33.572 E.00109
G1 X66.588 Y33.582 E.00606
G1 X56.891 Y34.164 E.29
G1 X52.124 Y34.48 E.14264
G1 X48.434 Y34.748 E.11046
G1 X48.504 Y55.145 E.60894
G1 X48.927 Y65.118 E.29803
G1 X48.526 Y75.655 E.31478
G1 X48.078 Y78.672 E.09108
G1 X47.745 Y87.98 E.27806
G1 X47.745 Y95.458 E.22326
G1 X52.303 Y95.81 E.13649
G1 X59.472 Y96.278 E.21448
G1 X66.808 Y96.707 E.21938
G1 X73.762 Y97.057 E.20788
G1 X73.732 Y97.423 E.01094
G1 X71.722 Y97.33 E.06007
G1 X66.788 Y97.073 E.14752
G1 X59.449 Y96.644 E.21946
G1 X52.277 Y96.175 E.21457
G1 X47.379 Y95.797 E.14669
G1 X47.379 Y87.974 E.23358
G1 X47.713 Y78.639 E.27887
G1 X48.161 Y75.621 E.09109
G1 X48.561 Y65.119 E.31375
G1 X48.138 Y55.153 E.2978
G1 X48.066 Y34.407 E.61936
G1 X52.099 Y34.115 E.1207
G1 X56.868 Y33.799 E.14271
G1 X66.567 Y33.216 E.29008
G1 X67.125 Y33.188 E.01666
G1 X67.128 Y33.225 E.00109
G1 X73.499 Y32.903 E.19044
G1 X73.467 Y32.538 E.01095
G1 X67.462 Y32.841 E.1795
G1 X67.459 Y32.804 E.00109
G1 X56.845 Y33.433 E.31743
G1 X52.073 Y33.749 E.14277
G1 X47.699 Y34.067 E.13095
G1 X47.771 Y55.162 E.62978
G1 X48.194 Y65.12 E.29757
G1 X47.795 Y75.587 E.31271
G1 X47.348 Y78.605 E.0911
G1 X47.012 Y87.967 E.27967
G1 X47.012 Y96.137 E.2439
G1 X52.251 Y96.541 E.15688
G1 X59.427 Y97.01 E.21467
G1 X66.768 Y97.439 E.21954
G1 X73.702 Y97.788 E.20729
G1 X73.672 Y98.153 E.01094
G1 X71.686 Y98.062 E.05935
G1 X66.747 Y97.805 E.14765
G1 X59.404 Y97.375 E.21962
G1 X52.225 Y96.906 E.21477
G1 X46.646 Y96.476 E.16707
G1 X46.646 Y87.961 E.25422
G1 X46.982 Y78.572 E.28048
G1 X47.43 Y75.553 E.09112
G1 X47.827 Y65.121 E.31167
G1 X47.405 Y55.17 E.29735
G1 X47.331 Y33.726 E.6402
G1 X52.048 Y33.384 E.14119
G1 X56.822 Y33.067 E.14283
G1 X66.527 Y32.484 E.29025
G1 X67.794 Y32.421 E.03787
G1 X67.797 Y32.457 E.00109
G1 X73.435 Y32.173 E.16855
G1 X73.404 Y31.808 E.01095
G1 X68.131 Y32.073 E.15761
G1 X68.128 Y32.037 E.00109
G1 X66.506 Y32.119 E.04847
G1 X56.799 Y32.702 E.29034
G1 X52.023 Y33.018 E.1429
G1 X46.964 Y33.388 E.15144
G1 X47.039 Y55.178 E.65056
G1 X47.461 Y65.122 E.29712
G1 X47.065 Y75.519 E.31063
G1 X46.617 Y78.538 E.09113
G1 X46.279 Y87.954 E.28128
G1 X46.279 Y96.815 E.26455
G1 X52.199 Y97.272 E.17726
G1 X59.381 Y97.741 E.21486
G1 X66.727 Y98.171 E.21969
G1 X73.642 Y98.519 E.2067
G1 X73.612 Y98.884 E.01094
G1 X71.65 Y98.794 E.05864
G1 X66.707 Y98.536 E.14778
G1 X59.358 Y98.107 E.21977
G1 X52.173 Y97.637 E.21496
G1 X45.913 Y97.154 E.18746
G1 X45.913 Y87.947 E.27487
G1 X46.251 Y78.505 E.28209
G1 X46.699 Y75.485 E.09114
G1 X47.094 Y65.122 E.30959
G1 X46.672 Y55.187 E.29689
G1 X46.596 Y33.05 E.6609
G1 X51.998 Y32.653 E.16169
G1 X56.776 Y32.336 E.14296
G1 X66.486 Y31.753 E.29042
G1 X68.463 Y31.653 E.05908
G1 X68.466 Y31.69 E.00109
G1 X73.372 Y31.442 E.14666
G1 X73.34 Y31.077 E.01095
G1 X68.8 Y31.306 E.13572
G1 X68.797 Y31.27 E.00109
G1 X66.466 Y31.387 E.06968
G1 X56.753 Y31.971 E.2905
G1 X51.972 Y32.287 E.14303
G1 X46.229 Y32.712 E.17195
G1 X46.306 Y55.195 E.67124
G1 X46.727 Y65.123 E.29666
G1 X46.334 Y75.451 E.30855
G1 X45.886 Y78.471 E.09115
G1 X45.547 Y87.941 E.2829
G1 X45.547 Y97.493 E.28519
G1 X52.147 Y98.003 E.19765
G1 X59.336 Y98.472 E.21506
G1 X66.687 Y98.902 E.21985
G1 X73.582 Y99.249 E.20612
G1 X73.553 Y99.615 E.01094
G1 X71.615 Y99.526 E.05791
G1 X66.667 Y99.268 E.14791
G1 X59.313 Y98.838 E.21993
G1 X52.121 Y98.368 E.21515
G1 X45.18 Y97.833 E.20784
G1 X45.18 Y87.934 E.29551
G1 X45.52 Y78.438 E.2837
G1 X45.969 Y75.417 E.09117
G1 X46.361 Y65.124 E.30752
G1 X45.94 Y55.204 E.29644
G1 X45.861 Y32.374 E.68159
G1 X51.947 Y31.922 E.1822
G1 X56.73 Y31.605 E.1431
G1 X66.446 Y31.021 E.29059
G1 X69.131 Y30.886 E.08029
G1 X69.135 Y30.922 E.00109
G1 X73.309 Y30.712 E.12477
G1 X73.277 Y30.347 E.01095
G1 X69.469 Y30.539 E.11383
G1 X69.466 Y30.502 E.00109
G1 X66.425 Y30.655 E.09089
G1 X56.707 Y31.239 E.29067
G1 X51.922 Y31.556 E.14316
G1 X45.494 Y32.036 E.19245
G1 X45.573 Y55.212 E.69193
G1 X45.994 Y65.125 E.29621
G1 X45.603 Y75.383 E.30648
G1 X45.155 Y78.404 E.09118
G1 X44.814 Y87.928 E.28451
G1 X44.814 Y98.172 E.30583
G1 X52.095 Y98.733 E.21803
G1 X59.29 Y99.204 E.21525
G1 X66.647 Y99.634 E.22001
G1 X73.523 Y99.98 E.20553
G1 X73.493 Y100.346 E.01094
G1 X71.579 Y100.257 E.0572
G1 X66.627 Y100 E.14804
G1 X59.267 Y99.569 E.22009
G1 X52.069 Y99.099 E.21534
G1 X44.448 Y98.511 E.22822
G1 X44.448 Y87.921 E.31616
G1 X44.79 Y78.37 E.28532
G1 X45.238 Y75.349 E.09119
G1 X45.627 Y65.126 E.30544
G1 X45.207 Y55.22 E.29598
G1 X45.126 Y31.697 E.70227
G1 X51.897 Y31.191 E.2027
G1 X56.683 Y30.874 E.14323
G1 X66.405 Y30.29 E.29076
G1 X69.8 Y30.118 E.1015
G1 X69.804 Y30.155 E.00109
G1 X73.245 Y29.981 E.10288
G1 X73.214 Y29.616 E.01095
G1 X70.138 Y29.771 E.09194
G1 X70.135 Y29.735 E.00109
G1 X66.385 Y29.924 E.1121
G1 X56.66 Y30.508 E.29084
G1 X51.871 Y30.825 E.14329
G1 X47.087 Y31.172 E.14321
G1 X44.758 Y31.359 E.06974
G1 X44.841 Y55.229 E.71261
G1 X45.261 Y65.126 E.29575
G1 X44.873 Y75.315 E.3044
G1 X44.424 Y78.337 E.0912
G1 X44.081 Y87.915 E.28612
G1 X44.081 Y98.85 E.32648
G1 X52.043 Y99.464 E.23842
G1 X59.244 Y99.935 E.21544
G1 X66.607 Y100.366 E.22017
G1 X73.463 Y100.711 E.20495
G1 X73.433 Y101.076 E.01094
G1 X71.543 Y100.989 E.05648
G1 X66.586 Y100.731 E.14817
G1 X59.222 Y100.301 E.22025
G1 X52.018 Y99.83 E.21554
G1 X43.715 Y99.189 E.24861
G1 X43.715 Y87.908 E.3368
G1 X44.059 Y78.303 E.28693
G1 X44.507 Y75.281 E.09122
G1 X44.894 Y65.127 E.30336
G1 X44.474 Y55.237 E.29553
G1 X44.391 Y31.021 E.72296
G1 X47.059 Y30.807 E.07991
G1 X51.846 Y30.46 E.14329
G1 X56.637 Y30.142 E.14336
G1 X66.364 Y29.558 E.29092
G1 X70.469 Y29.351 E.1227
G1 X70.472 Y29.388 E.00109
G1 X73.182 Y29.251 E.08099
G1 X73.15 Y28.886 E.01095
G1 X70.807 Y29.004 E.07005
G1 X70.804 Y28.967 E.00109
G1 X66.344 Y29.192 E.13331
G1 X56.614 Y29.777 E.29101
G1 X51.821 Y30.094 E.14342
G1 X47.031 Y30.442 E.14337
G1 X44.023 Y30.683 E.09008
G1 X44.108 Y55.246 E.7333
G1 X44.527 Y65.128 E.2953
G1 X44.142 Y75.247 E.30233
G1 X43.693 Y78.27 E.09123
G1 X43.349 Y87.902 E.28774
G1 X43.349 Y99.529 E.34712
G1 X51.992 Y100.195 E.2588
G1 X59.199 Y100.666 E.21563
G1 X66.566 Y101.097 E.22032
G1 X73.403 Y101.442 E.20437
G1 X73.373 Y101.807 E.01094
G1 X71.507 Y101.721 E.05577
G1 X66.546 Y101.463 E.1483
G1 X59.176 Y101.032 E.2204
G1 X51.966 Y100.561 E.21573
G1 X42.982 Y99.868 E.26899
G1 X42.982 Y87.895 E.35745
G1 X43.328 Y78.236 E.28854
G1 X43.777 Y75.213 E.09124
G1 X44.161 Y65.129 E.30129
G1 X43.742 Y55.254 E.29507
G1 X43.656 Y30.345 E.74364
G1 X47.003 Y30.076 E.10025
G1 X51.795 Y29.729 E.14345
G1 X56.591 Y29.411 E.14349
G1 X66.324 Y28.826 E.29109
G1 X71.138 Y28.584 E.14391
G1 X71.141 Y28.62 E.00109
G1 X73.119 Y28.521 E.0591
G1 X73.087 Y28.155 E.01095
G1 X71.476 Y28.236 E.04816
G1 X71.473 Y28.2 E.00109
G1 X66.304 Y28.461 E.15452
G1 X56.568 Y29.045 E.29118
G1 X51.77 Y29.363 E.14355
G1 X46.975 Y29.711 E.14353
G1 X43.288 Y30.007 E.11042
G1 X43.375 Y55.262 E.75398
G1 X43.794 Y65.129 E.29484
G1 X43.411 Y75.179 E.30025
G1 X42.963 Y78.203 E.09125
G1 X42.616 Y87.888 E.28935
G1 X42.616 Y100.207 E.36777
G1 X51.94 Y100.926 E.27918
G1 X59.153 Y101.398 E.21583
G1 X66.526 Y101.829 E.22048
G1 X73.343 Y102.173 E.20378
G1 X73.313 Y102.538 E.01094
G1 X66.506 Y102.195 E.20349
G1 X59.131 Y101.763 E.22056
G1 X51.914 Y101.292 E.21592
G1 X42.249 Y100.546 E.28938
G1 X42.249 Y87.882 E.37809
G1 X42.597 Y78.169 E.29016
G1 X43.046 Y75.145 E.09127
G1 X43.427 Y65.13 E.29921
G1 X43.009 Y55.271 E.29462
G1 X42.921 Y29.669 E.76433
G1 X46.947 Y29.346 E.12059
G1 X51.745 Y28.998 E.14361
G1 X56.545 Y28.68 E.14362
G1 X66.283 Y28.095 E.29126
G1 X71.807 Y27.816 E.16512
G1 X71.81 Y27.853 E.00109
G1 X73.055 Y27.79 E.03721
G1 X73.024 Y27.425 E.01095
G1 X72.145 Y27.469 E.02627
G1 X72.142 Y27.433 E.00109
G1 X66.263 Y27.729 E.17573
G1 X56.522 Y28.314 E.29135
G1 X51.72 Y28.632 E.14368
G1 X46.919 Y28.981 E.14369
G1 X42.553 Y29.331 E.13076
G1 X42.643 Y55.279 E.77467
G1 X43.061 Y65.131 E.29439
G1 X42.681 Y75.111 E.29817
G1 X42.232 Y78.136 E.09128
G1 X41.883 Y87.875 E.29096
G1 X41.883 Y100.885 E.38841
G1 X51.888 Y101.657 E.29957
G1 X59.108 Y102.129 E.21602
G1 X66.486 Y102.56 E.22064
G1 X73.283 Y102.903 E.2032
G1 X73.253 Y103.269 E.01094
G1 X66.466 Y102.926 E.2029
G1 X59.085 Y102.495 E.22072
G1 X51.862 Y102.023 E.21612
G1 X41.517 Y101.225 E.30976
G1 X41.517 Y87.869 E.39874
G1 X41.866 Y78.102 E.29177
G1 X42.315 Y75.077 E.09129
G1 X42.694 Y65.132 E.29713
G1 X42.276 Y55.288 E.29416
G1 X42.186 Y28.993 E.78501
G1 X46.891 Y28.615 E.14094
G1 X51.694 Y28.267 E.14377
G1 X56.499 Y27.948 E.14375
G1 X66.243 Y27.363 E.29143
G1 X72.476 Y27.049 E.18633
G1 X72.479 Y27.085 E.00109
G1 X72.992 Y27.06 E.01532
G1 X72.96 Y26.694 E.01094
G1 X72.814 Y26.702 E.00438
G1 X72.811 Y26.665 E.00109
G1 X66.222 Y26.997 E.19693
G1 X56.476 Y27.583 E.29151
G1 X51.669 Y27.901 E.14381
G1 X46.863 Y28.25 E.14385
G1 X41.818 Y28.655 E.15111
G1 X41.91 Y55.296 E.79536
G1 X42.327 Y65.133 E.29393
G1 X41.95 Y75.043 E.2961
G1 X41.501 Y78.069 E.0913
G1 X41.15 Y87.862 E.29257
G1 X41.15 Y101.564 E.40906
G1 X51.836 Y102.388 E.31995
G1 X59.062 Y102.86 E.21621
G1 X66.445 Y103.292 E.2208
G1 X73.223 Y103.634 E.20261
M204 S2000
G1 E-.8 F3600
G1 X175.913 Y23.742 F18000
G1 E.8 F3600
M204 S1000
;TYPE:Outer wall
;WIDTH:0.42
G1 F3000
M106 S127
G1 X175.913 Y106.532 E2.54393
G1 X155.659 Y106.374 E.62236
G1 X148.169 Y106.291 E.23017
G1 X140.687 Y106.197 E.22993
G1 X125.869 Y105.972 E.45537
G1 X115.968 Y105.784 E.3043
G1 X101.15 Y105.416 E.45544
G1 X91.205 Y105.104 E.30575
G1 X81.253 Y104.725 E.30602
G1 X72.43 Y104.318 E.27137
G1 F1680
G1 X72.262 Y104.31 E.00517
G1 F900
G1 X72.062 Y104.301 E.00615
M204 S500
;TYPE:Overhang wall
;WIDTH:0.409292
G1 X66.406 Y104.011 E.16908
G1 X59.018 Y103.579 E.22094
G1 X51.785 Y103.106 E.21641
G1 X42.132 Y102.373 E.28899
G1 X40.43 Y102.227 E.051
G1 X40.43 Y87.849 E.42925
G1 X40.783 Y78.003 E.29416
G1 X41.232 Y74.977 E.09133
G1 X41.607 Y65.134 E.29405
G1 X41.19 Y55.313 E.29349
G1 X41.096 Y27.991 E.81568
G1 X46.808 Y27.532 E.1711
G1 X51.619 Y27.183 E.144
G1 X56.43 Y26.864 E.14395
G1 X66.183 Y26.278 E.29169
G1 X71.792 Y25.996 E.16767
M204 S1000
;TYPE:Outer wall
;WIDTH:0.42
G1 X71.992 Y25.986 E.00615
M106 S127
G1 F1680
G1 X72.161 Y25.977 E.0052
G1 F3000
G1 X76.021 Y25.782 E.11876
G1 X80.921 Y25.565 E.15071
G1 X90.785 Y25.185 E.30333
G1 X100.654 Y24.877 E.30339
G1 X115.513 Y24.506 E.4567
G1 X125.467 Y24.31 E.30592
G1 X140.338 Y24.081 E.457
G1 X155.103 Y23.908 E.45374
G1 X175.893 Y23.742 E.63883
M204 S2000
G1 X175.521 Y24.137 F18000
M204 S1500
;TYPE:Inner wall
;WIDTH:0.45
G1 F4800
G1 X175.521 Y106.137 E2.7201
G1 X155.663 Y105.982 E.65874
G1 X148.174 Y105.899 E.24845
G1 X140.692 Y105.805 E.2482
G1 X125.876 Y105.58 E.49155
G1 X115.976 Y105.392 E.32847
G1 X101.161 Y105.024 E.49157
G1 X91.218 Y104.712 E.33
G1 X81.269 Y104.333 E.33027
G1 X72.876 Y103.946 E.27872
G1 X72.476 Y103.928 E.01327
G1 F1680
G1 X72.294 Y103.919 E.00604
G1 F900
G1 X72.094 Y103.91 E.00664
M204 S500
;TYPE:Overhang wall
;WIDTH:0.409292
G1 X66.427 Y103.62 E.16939
G1 X59.042 Y103.188 E.22086
G1 X51.812 Y102.715 E.21631
G1 X40.822 Y101.867 E.32907
G1 X40.822 Y87.856 E.4183
G1 X41.174 Y78.039 E.2933
G1 X41.623 Y75.013 E.09132
G1 X41.999 Y65.133 E.29517
G1 X41.582 Y55.304 E.29373
G1 X41.489 Y28.353 E.80461
G1 X46.838 Y27.923 E.16021
G1 X51.646 Y27.574 E.14392
G1 X56.455 Y27.256 E.14387
G1 X66.204 Y26.67 E.2916
G1 X71.826 Y26.386 E.16804
M204 S1500
;TYPE:Inner wall
;WIDTH:0.45
G1 X72.026 Y26.376 E.00664
M106 S127
G1 F1680
G1 X72.208 Y26.367 E.00604
G1 F4800
G1 X72.608 Y26.347 E.01327
G1 X76.039 Y26.174 E.11398
G1 X80.937 Y25.956 E.16263
G1 X90.799 Y25.576 E.32737
G1 X100.666 Y25.268 E.32746
G1 X115.521 Y24.898 E.49294
G1 X125.474 Y24.702 E.33021
G1 X140.343 Y24.473 E.49331
G1 X155.107 Y24.3 E.48977
G1 X175.501 Y24.137 E.67652
M204 S2000
G1 X174.601 Y105.966 F18000
;TYPE:Internal solid infill
;WIDTH:0.420146
G1 F6000
G1 X175.188 Y105.38 E.02551
G1 X175.188 Y104.846 E.0164
G1 X174.24 Y105.794 E.0412
G1 X173.711 Y105.79 E.01627
G1 X175.188 Y104.313 E.06421
G1 X175.188 Y103.779 E.0164
G1 X173.181 Y105.786 E.08722
G1 X172.652 Y105.781 E.01627
G1 X175.188 Y103.246 E.11023
G1 X175.188 Y102.712 E.0164
G1 X172.123 Y105.777 E.13325
G1 X171.593 Y105.773 E.01627
G1 X175.188 Y102.179 E.15626
G1 X175.188 Y101.645 E.0164
G1 X171.064 Y105.769 E.17927
G1 X170.535 Y105.765 E.01627
G1 X175.188 Y101.112 E.20228
G1 X175.188 Y100.578 E.0164
G1 X170.005 Y105.761 E.22529
G1 X169.476 Y105.757 E.01627
G1 X175.188 Y100.045 E.2483
G1 X175.188 Y99.511 E.0164
G1 X168.947 Y105.752 E.27131
G1 X168.417 Y105.748 E.01627
G1 X175.188 Y98.978 E.29432
G1 X175.188 Y98.444 E.0164
G1 X167.888 Y105.744 E.31733
G1 X167.359 Y105.74 E.01627
G1 X175.188 Y97.911 E.34034
G1 X175.188 Y97.377 E.0164
G1 X166.829 Y105.736 E.36336
G1 X166.3 Y105.732 E.01627
G1 X175.188 Y96.844 E.38637
G1 X175.188 Y96.31 E.0164
G1 X165.771 Y105.728 E.40938
G1 X165.241 Y105.723 E.01627
G1 X175.188 Y95.777 E.43239
G1 X175.188 Y95.243 E.0164
G1 X164.712 Y105.719 E.4554
G1 X164.183 Y105.715 E.01627
G1 X175.188 Y94.71 E.47841
G1 X175.188 Y94.176 E.0164
G1 X163.653 Y105.711 E.50142
G1 X163.124 Y105.707 E.01627
G1 X175.188 Y93.643 E.52443
G1 X175.188 Y93.11 E.0164
G1 X162.595 Y105.703 E.54744
G1 X162.065 Y105.698 E.01627
G1 X175.188 Y92.576 E.57045
G1 X175.188 Y92.043 E.0164
G1 X161.536 Y105.694 E.59347
G1 X161.007 Y105.69 E.01627
G1 X175.188 Y91.509 E.61648
G1 X175.188 Y90.976 E.0164
G1 X160.477 Y105.686 E.63949
G1 X159.948 Y105.682 E.01627
G1 X175.188 Y90.442 E.6625
G1 X175.188 Y89.909 E.0164
G1 X159.419 Y105.678 E.68551
G1 X158.889 Y105.674 E.01627
G1 X175.188 Y89.375 E.70852
G1 X175.188 Y88.842 E.0164
G1 X158.36 Y105.669 E.73153
G1 X157.831 Y105.665 E.01627
G1 X175.188 Y88.308 E.75454
G1 X175.188 Y87.775 E.0164
G1 X157.301 Y105.661 E.77755
G1 X156.772 Y105.657 E.01627
G1 X175.188 Y87.241 E.80056
G1 X175.188 Y86.708 E.0164
G1 X156.243 Y105.653 E.82358
G1 X155.713 Y105.649 E.01627
G1 X175.188 Y86.174 E.84659
G1 X175.188 Y85.641 E.0164
G1 X155.186 Y105.643 E.86953
G1 X154.658 Y105.637 E.01622
G1 X175.188 Y85.107 E.89247
G1 X175.188 Y84.574 E.0164
G1 X154.13 Y105.631 E.9154
G1 X153.603 Y105.626 E.01622
G1 X175.188 Y84.04 E.93834
G1 X175.188 Y83.507 E.0164
G1 X153.075 Y105.62 E.96128
G1 X152.547 Y105.614 E.01622
G1 X175.188 Y82.973 E.98422
G1 X175.188 Y82.44 E.0164
G1 X152.02 Y105.608 E1.00715
G1 X151.492 Y105.602 E.01622
G1 X175.188 Y81.906 E1.03009
G1 X175.188 Y81.373 E.0164
G1 X150.964 Y105.596 E1.05303
G1 X150.437 Y105.59 E.01622
G1 X175.188 Y80.84 E1.07596
G1 X175.188 Y80.306 E.0164
G1 X149.909 Y105.585 E1.0989
G1 X149.382 Y105.579 E.01622
G1 X175.188 Y79.773 E1.12184
G1 X175.188 Y79.239 E.0164
G1 X148.854 Y105.573 E1.14477
G1 X148.326 Y105.567 E.01622
G1 X175.188 Y78.706 E1.16771
G1 X175.188 Y78.172 E.0164
G1 X147.799 Y105.561 E1.19062
G1 X147.272 Y105.554 E.0162
G1 X175.188 Y77.639 E1.21353
G1 X175.188 Y77.105 E.0164
G1 X146.746 Y105.547 E1.23643
G1 X146.219 Y105.541 E.0162
G1 X175.188 Y76.572 E1.25933
G1 X175.188 Y76.038 E.0164
G1 X145.692 Y105.534 E1.28224
G1 X145.165 Y105.528 E.0162
G1 X175.188 Y75.505 E1.30514
G1 X175.188 Y74.971 E.0164
G1 X144.638 Y105.521 E1.32805
G1 X144.111 Y105.514 E.0162
G1 X175.188 Y74.438 E1.35095
G1 X175.188 Y73.904 E.0164
G1 X143.584 Y105.508 E1.37385
G1 X143.058 Y105.501 E.0162
G1 X175.188 Y73.371 E1.39676
G1 X175.188 Y72.837 E.0164
G1 X142.531 Y105.494 E1.41966
G1 X142.004 Y105.488 E.0162
G1 X175.188 Y72.304 E1.44256
G1 X175.188 Y71.77 E.0164
G1 X141.477 Y105.481 E1.46547
G1 X140.95 Y105.475 E.0162
G1 X175.188 Y71.237 E1.48837
G1 X175.188 Y70.703 E.0164
G1 X140.424 Y105.467 E1.51124
G1 X139.898 Y105.459 E.01616
G1 X175.188 Y70.17 E1.53409
G1 X175.188 Y69.636 E.0164
G1 X139.373 Y105.451 E1.55693
G1 X138.847 Y105.443 E.01616
G1 X175.188 Y69.103 E1.57978
G1 X175.188 Y68.57 E.0164
G1 X138.322 Y105.435 E1.60262
G1 X137.796 Y105.427 E.01616
G1 X175.188 Y68.036 E1.62546
G1 X175.188 Y67.503 E.0164
G1 X137.271 Y105.419 E1.64831
G1 X136.745 Y105.411 E.01616
G1 X175.188 Y66.969 E1.67115
G1 X175.188 Y66.436 E.0164
G1 X136.22 Y105.403 E1.694
G1 X135.694 Y105.395 E.01616
G1 X175.188 Y65.902 E1.71684
G1 X175.188 Y65.369 E.0164
G1 X135.169 Y105.387 E1.73969
G1 X134.643 Y105.379 E.01616
G1 X175.188 Y64.835 E1.76253
G1 X175.188 Y64.302 E.0164
G1 X134.118 Y105.372 E1.78537
G1 X133.592 Y105.364 E.01616
G1 X175.188 Y63.768 E1.80822
G1 X175.188 Y63.235 E.0164
G1 X133.067 Y105.356 E1.83106
G1 X132.541 Y105.348 E.01616
G1 X175.188 Y62.701 E1.85391
G1 X175.188 Y62.168 E.0164
G1 X132.016 Y105.34 E1.87675
G1 X131.49 Y105.332 E.01616
G1 X175.188 Y61.634 E1.8996
G1 X175.188 Y61.101 E.0164
G1 X130.965 Y105.324 E1.92244
G1 X130.439 Y105.316 E.01616
G1 X175.188 Y60.567 E1.94529
G1 X175.188 Y60.034 E.0164
G1 X129.914 Y105.308 E1.96813
G1 X129.388 Y105.3 E.01616
G1 X175.188 Y59.5 E1.99097
G1 X175.188 Y58.967 E.0164
G1 X128.863 Y105.292 E2.01382
G1 X128.337 Y105.284 E.01616
G1 X175.188 Y58.433 E2.03666
G1 X175.188 Y57.9 E.0164
G1 X127.812 Y105.276 E2.05951
G1 X127.286 Y105.268 E.01616
G1 X175.188 Y57.367 E2.08235
G1 X175.188 Y56.833 E.0164
G1 X126.761 Y105.26 E2.1052
G1 X126.235 Y105.252 E.01616
G1 X175.188 Y56.3 E2.12804
G1 X175.188 Y55.766 E.0164
G1 X125.711 Y105.243 E2.15086
G1 X125.187 Y105.233 E.0161
G1 X175.188 Y55.233 E2.17362
G1 X175.188 Y54.699 E.0164
G1 X124.664 Y105.223 E2.19637
G1 X124.14 Y105.213 E.0161
G1 X175.188 Y54.166 E2.21913
G1 X175.188 Y53.632 E.0164
G1 X123.616 Y105.203 E2.24189
G1 X123.093 Y105.194 E.0161
G1 X175.188 Y53.099 E2.26465
G1 X175.188 Y52.565 E.0164
G1 X122.569 Y105.184 E2.28741
G1 X122.046 Y105.174 E.0161
G1 X175.188 Y52.032 E2.31017
G1 X175.188 Y51.498 E.0164
G1 X121.522 Y105.164 E2.33293
G1 X120.999 Y105.154 E.0161
G1 X175.188 Y50.965 E2.35569
G1 X175.188 Y50.431 E.0164
G1 X120.475 Y105.144 E2.37845
G1 X119.952 Y105.134 E.0161
G1 X175.188 Y49.898 E2.40121
G1 X175.188 Y49.364 E.0164
G1 X119.428 Y105.124 E2.42397
G1 X118.905 Y105.114 E.0161
G1 X175.188 Y48.831 E2.44673
G1 X175.188 Y48.297 E.0164
G1 X118.381 Y105.104 E2.46948
G1 X117.857 Y105.094 E.0161
G1 X175.188 Y47.764 E2.49224
G1 X175.188 Y47.23 E.0164
G1 X117.334 Y105.084 E2.515
G1 X116.81 Y105.074 E.0161
G1 X175.188 Y46.697 E2.53776
G1 X175.188 Y46.163 E.0164
G1 X116.287 Y105.064 E2.56052
G1 X115.764 Y105.054 E.01607
G1 X175.188 Y45.63 E2.58324
G1 X175.188 Y45.097 E.0164
G1 X115.243 Y105.042 E2.60592
G1 X114.721 Y105.03 E.01604
G1 X175.188 Y44.563 E2.62859
G1 X175.188 Y44.03 E.0164
G1 X114.199 Y105.018 E2.65126
G1 X113.678 Y105.006 E.01604
G1 X175.188 Y43.496 E2.67394
G1 X175.188 Y42.963 E.0164
G1 X113.156 Y104.994 E2.69661
G1 X112.635 Y104.982 E.01604
G1 X175.188 Y42.429 E2.71928
G1 X175.188 Y41.896 E.0164
G1 X112.113 Y104.97 E2.74196
G1 X111.592 Y104.958 E.01604
G1 X175.188 Y41.362 E2.76463
G1 X175.188 Y40.829 E.0164
G1 X111.07 Y104.946 E2.7873
G1 X110.55 Y104.933 E.01599
G1 X175.188 Y40.295 E2.80991
G1 X175.188 Y39.762 E.0164
G1 X110.03 Y104.92 E2.83252
G1 X109.51 Y104.906 E.01599
G1 X175.188 Y39.228 E2.85513
G1 X175.188 Y38.695 E.0164
G1 X108.99 Y104.893 E2.87774
G1 X108.47 Y104.879 E.01599
G1 X175.188 Y38.161 E2.90034
G1 X175.188 Y37.628 E.0164
G1 X107.95 Y104.866 E2.92295
G1 X107.43 Y104.852 E.01599
G1 X175.188 Y37.094 E2.94556
G1 X175.188 Y36.561 E.0164
G1 X106.91 Y104.839 E2.96817
G1 X106.39 Y104.826 E.01599
G1 X175.188 Y36.027 E2.99077
G1 X175.188 Y35.494 E.0164
G1 X105.87 Y104.812 E3.01338
G1 X105.35 Y104.799 E.01599
G1 X175.188 Y34.96 E3.03599
G1 X175.188 Y34.427 E.0164
G1 X104.829 Y104.785 E3.05859
G1 X104.309 Y104.772 E.01599
G1 X175.188 Y33.893 E3.0812
G1 X175.188 Y33.36 E.0164
G1 X103.789 Y104.758 E3.10381
G1 X103.269 Y104.745 E.01599
G1 X175.188 Y32.827 E3.12642
G1 X175.188 Y32.293 E.0164
G1 X102.749 Y104.731 E3.14902
G1 X102.229 Y104.718 E.01599
G1 X175.188 Y31.76 E3.17163
G1 X175.188 Y31.226 E.0164
G1 X101.709 Y104.705 E3.19424
G1 X101.189 Y104.691 E.01599
G1 X175.188 Y30.693 E3.21684
G1 X175.188 Y30.159 E.0164
G1 X100.672 Y104.675 E3.23934
G1 X100.155 Y104.659 E.01591
G1 X175.188 Y29.626 E3.26182
G1 X175.188 Y29.092 E.0164
G1 X99.637 Y104.643 E3.28431
G1 X99.12 Y104.626 E.01591
G1 X175.188 Y28.559 E3.30679
G1 X175.188 Y28.025 E.0164
G1 X98.603 Y104.61 E3.32928
G1 X98.086 Y104.594 E.01591
G1 X175.188 Y27.492 E3.35176
G1 X175.188 Y26.958 E.0164
G1 X97.568 Y104.578 E3.37425
G1 X97.051 Y104.561 E.01591
G1 X175.188 Y26.425 E3.39674
G1 X175.188 Y25.891 E.0164
G1 X96.534 Y104.545 E3.41922
G1 X96.017 Y104.529 E.01591
G1 X175.188 Y25.358 E3.44171
G1 X175.188 Y24.824 E.0164
G1 X95.499 Y104.513 E3.46419
G1 X94.982 Y104.497 E.01591
G1 X175.004 Y24.474 E3.47871
G1 X174.467 Y24.479 E.01653
G1 X94.465 Y104.48 E3.47782
G1 X93.947 Y104.464 E.01591
G1 X173.929 Y24.483 E3.47693
G1 X173.391 Y24.487 E.01653
G1 X93.43 Y104.448 E3.47603
G1 X92.913 Y104.432 E.01591
G1 X172.853 Y24.491 E3.47514
G1 X172.316 Y24.496 E.01653
G1 X92.396 Y104.415 E3.47425
G1 X91.878 Y104.399 E.01591
G1 X171.778 Y24.5 E3.47336
G1 X171.24 Y24.504 E.01653
G1 X91.361 Y104.383 E3.47247
G1 X90.846 Y104.364 E.01583
G1 X170.702 Y24.509 E3.47147
G1 X170.164 Y24.513 E.01653
G1 X90.333 Y104.345 E3.47043
G1 X89.819 Y104.325 E.01581
G1 X169.627 Y24.517 E3.46939
G1 X169.089 Y24.521 E.01653
G1 X89.305 Y104.306 E3.46835
G1 X88.791 Y104.286 E.01581
G1 X168.551 Y24.526 E3.46732
G1 X168.013 Y24.53 E.01653
G1 X88.277 Y104.266 E3.46628
G1 X87.763 Y104.247 E.01581
G1 X167.476 Y24.534 E3.46524
G1 X166.938 Y24.539 E.01653
G1 X87.249 Y104.227 E3.46421
G1 X86.735 Y104.208 E.01581
G1 X166.4 Y24.543 E3.46317
G1 X165.862 Y24.547 E.01653
G1 X86.221 Y104.188 E3.46213
G1 X85.707 Y104.169 E.01581
G1 X165.325 Y24.551 E3.46109
G1 X164.787 Y24.556 E.01653
G1 X85.193 Y104.149 E3.46006
G1 X84.68 Y104.129 E.01581
G1 X164.249 Y24.56 E3.45902
G1 X163.711 Y24.564 E.01653
G1 X84.166 Y104.11 E3.45798
G1 X83.652 Y104.09 E.01581
G1 X163.173 Y24.569 E3.45695
G1 X162.636 Y24.573 E.01653
G1 X83.138 Y104.071 E3.45591
G1 X82.624 Y104.051 E.01581
G1 X162.098 Y24.577 E3.45487
G1 X161.56 Y24.582 E.01653
G1 X82.11 Y104.032 E3.45383
G1 X81.596 Y104.012 E.01581
G1 X161.022 Y24.586 E3.4528
G1 X160.485 Y24.59 E.01653
G1 X81.084 Y103.991 E3.45169
G1 X80.574 Y103.967 E.01569
G1 X159.947 Y24.594 E3.45048
G1 X159.409 Y24.599 E.01653
G1 X80.064 Y103.944 E3.44928
G1 X79.554 Y103.92 E.01569
G1 X158.871 Y24.603 E3.44807
G1 X158.334 Y24.607 E.01653
G1 X79.044 Y103.897 E3.44686
G1 X78.534 Y103.873 E.01569
G1 X157.796 Y24.612 E3.44565
G1 X157.258 Y24.616 E.01653
G1 X78.024 Y103.85 E3.44444
G1 X77.514 Y103.826 E.01569
G1 X156.72 Y24.62 E3.44323
G1 X156.182 Y24.624 E.01653
G1 X77.004 Y103.803 E3.44203
G1 X76.494 Y103.779 E.01569
G1 X155.645 Y24.629 E3.44082
G1 X155.107 Y24.633 E.01653
G1 X75.984 Y103.756 E3.43961
G1 X75.474 Y103.732 E.01569
G1 X154.567 Y24.639 E3.43832
G1 X154.028 Y24.645 E.01659
G1 X74.964 Y103.709 E3.43704
G1 X74.454 Y103.685 E.01569
G1 X153.488 Y24.651 E3.43575
G1 X152.949 Y24.657 E.01659
G1 X73.944 Y103.662 E3.43447
G1 X73.449 Y103.639 E.01524
G1 X152.409 Y24.663 E3.43288
G1 X151.87 Y24.669 E.01659
G1 X73.498 Y103.041 E3.40696
G1 X73.545 Y102.46 E.01792
G1 X151.33 Y24.675 E3.38143
G1 X150.791 Y24.682 E.01659
G1 X73.593 Y101.879 E3.35591
G1 X73.641 Y101.298 E.01792
G1 X150.251 Y24.688 E3.33039
G1 X149.712 Y24.694 E.01659
G1 X73.688 Y100.717 E3.30486
G1 X73.736 Y100.136 E.01792
G1 X149.172 Y24.7 E3.27934
G1 X148.632 Y24.706 E.01659
G1 X73.783 Y99.555 E3.25382
G1 X73.831 Y98.974 E.01792
G1 X148.093 Y24.712 E3.22829
G1 X147.553 Y24.718 E.01659
G1 X73.879 Y98.393 E3.20276
G1 X73.926 Y97.812 E.01792
G1 X147.013 Y24.725 E3.17722
G1 X146.473 Y24.731 E.0166
G1 X73.974 Y97.231 E3.15167
G1 X74.021 Y96.649 E.01792
G1 X145.933 Y24.738 E3.12612
G1 X145.393 Y24.744 E.0166
G1 X74.069 Y96.068 E3.10058
G1 X74.171 Y95.433 E.01978
G1 X144.853 Y24.751 E3.07267
G1 X144.313 Y24.758 E.0166
G1 X74.285 Y94.785 E3.04422
G1 X74.4 Y94.137 E.02023
G1 X143.773 Y24.764 E3.01576
G1 X143.233 Y24.771 E.0166
G1 X74.514 Y93.489 E2.98731
G1 X74.629 Y92.841 E.02023
G1 X142.693 Y24.777 E2.95885
G1 X142.153 Y24.784 E.0166
G1 X74.743 Y92.193 E2.9304
G1 X74.858 Y91.545 E.02023
G1 X141.612 Y24.791 E2.90195
G1 X141.072 Y24.797 E.0166
G1 X74.972 Y90.897 E2.87349
G1 X75.007 Y90.698 E.00621
G1 X75.74 Y89.596 E.0407
G1 X140.532 Y24.804 E2.81661
G1 X139.991 Y24.811 E.01664
G1 X76.611 Y88.192 E2.75524
G1 X76.771 Y87.498 E.0219
G1 X139.449 Y24.82 E2.72471
G1 X138.907 Y24.828 E.01666
G1 X76.932 Y86.804 E2.69418
G1 X77.092 Y86.11 E.0219
G1 X138.366 Y24.836 E2.66365
G1 X137.824 Y24.845 E.01666
G1 X77.253 Y85.416 E2.63312
G1 X77.413 Y84.722 E.0219
G1 X137.282 Y24.853 E2.60259
G1 X136.74 Y24.861 E.01666
G1 X77.574 Y84.028 E2.57205
G1 X77.734 Y83.334 E.0219
G1 X136.198 Y24.87 E2.54152
G1 X135.657 Y24.878 E.01666
G1 X77.895 Y82.64 E2.51099
G1 X78.056 Y81.946 E.0219
G1 X135.115 Y24.887 E2.48046
G1 X134.573 Y24.895 E.01666
G1 X78.216 Y81.252 E2.44993
G1 X78.377 Y80.558 E.0219
G1 X134.031 Y24.903 E2.4194
G1 X133.489 Y24.912 E.01666
G1 X78.537 Y79.864 E2.38887
G1 X78.698 Y79.17 E.0219
G1 X132.947 Y24.92 E2.35833
G1 X132.406 Y24.928 E.01666
G1 X78.858 Y78.476 E2.3278
G1 X79.019 Y77.782 E.0219
G1 X131.864 Y24.937 E2.29727
G1 X131.322 Y24.945 E.01666
G1 X79.179 Y77.088 E2.26674
G1 X79.34 Y76.394 E.0219
G1 X130.78 Y24.953 E2.23621
G1 X130.238 Y24.962 E.01666
G1 X79.5 Y75.7 E2.20568
G1 X79.661 Y75.006 E.0219
G1 X129.696 Y24.97 E2.17514
G1 X129.155 Y24.978 E.01666
G1 X79.821 Y74.312 E2.14461
G1 X79.982 Y73.618 E.0219
G1 X128.613 Y24.987 E2.11408
G1 X128.071 Y24.995 E.01666
G1 X80.142 Y72.924 E2.08355
G1 X80.303 Y72.23 E.0219
G1 X127.529 Y25.003 E2.05302
G1 X126.987 Y25.012 E.01666
G1 X80.463 Y71.536 E2.02249
G1 X80.624 Y70.842 E.0219
G1 X126.446 Y25.02 E1.99195
G1 X125.904 Y25.028 E.01666
G1 X80.784 Y70.148 E1.96142
G1 X80.945 Y69.454 E.0219
G1 X125.361 Y25.037 E1.93087
G1 X124.817 Y25.048 E.01673
G1 X81.105 Y68.76 E1.90023
G1 X81.266 Y68.066 E.0219
G1 X124.273 Y25.059 E1.8696
G1 X123.729 Y25.069 E.01673
G1 X81.426 Y67.372 E1.83897
G1 X81.587 Y66.678 E.0219
G1 X123.185 Y25.08 E1.80833
G1 X122.64 Y25.091 E.01673
G1 X81.747 Y65.984 E1.7777
G1 X81.908 Y65.29 E.0219
G1 X122.096 Y25.101 E1.74706
G1 X121.552 Y25.112 E.01673
G1 X81.865 Y64.799 E1.72525
G1 X81.762 Y64.369 E.01359
G1 X121.008 Y25.123 E1.7061
G1 X120.464 Y25.134 E.01673
G1 X81.658 Y63.939 E1.68694
G1 X81.555 Y63.509 E.01359
G1 X119.919 Y25.144 E1.66779
G1 X119.375 Y25.155 E.01673
G1 X81.451 Y63.079 E1.64863
G1 X81.347 Y62.649 E.01359
G1 X118.831 Y25.166 E1.62948
G1 X118.287 Y25.176 E.01673
G1 X81.244 Y62.219 E1.61032
G1 X81.14 Y61.79 E.01359
G1 X117.743 Y25.187 E1.59117
G1 X117.199 Y25.198 E.01673
G1 X81.037 Y61.36 E1.57201
G1 X80.933 Y60.93 E.01359
G1 X116.654 Y25.209 E1.55286
G1 X116.11 Y25.219 E.01673
G1 X80.83 Y60.5 E1.5337
G1 X80.726 Y60.07 E.01359
G1 X115.566 Y25.23 E1.51455
G1 X115.02 Y25.243 E.0168
G1 X80.622 Y59.64 E1.4953
G1 X80.519 Y59.21 E.01359
G1 X114.473 Y25.256 E1.47605
G1 X113.927 Y25.269 E.0168
G1 X80.415 Y58.78 E1.4568
G1 X80.312 Y58.35 E.01359
G1 X113.38 Y25.282 E1.43754
G1 X112.834 Y25.295 E.0168
G1 X80.208 Y57.92 E1.41829
G1 X80.105 Y57.49 E.01359
G1 X112.287 Y25.308 E1.39903
G1 X111.741 Y25.321 E.0168
G1 X80.001 Y57.061 E1.37978
G1 X79.897 Y56.631 E.01359
G1 X111.194 Y25.334 E1.36053
G1 X110.648 Y25.347 E.0168
G1 X79.794 Y56.201 E1.34127
G1 X79.69 Y55.771 E.01359
G1 X110.101 Y25.36 E1.32202
G1 X109.555 Y25.373 E.0168
G1 X79.587 Y55.341 E1.30276
G1 X79.483 Y54.911 E.01359
G1 X109.008 Y25.386 E1.28351
G1 X108.462 Y25.399 E.0168
G1 X79.38 Y54.481 E1.26426
G1 X79.276 Y54.051 E.01359
G1 X107.915 Y25.412 E1.245
G1 X107.369 Y25.425 E.0168
G1 X79.173 Y53.621 E1.22575
G1 X79.069 Y53.191 E.01359
G1 X106.823 Y25.438 E1.20649
G1 X106.276 Y25.451 E.0168
G1 X78.965 Y52.761 E1.18724
G1 X78.862 Y52.332 E.01359
G1 X105.73 Y25.464 E1.16799
G1 X105.182 Y25.478 E.01685
G1 X78.758 Y51.902 E1.14867
G1 X78.655 Y51.472 E.01359
G1 X104.633 Y25.493 E1.12932
G1 X104.085 Y25.508 E.01687
G1 X78.551 Y51.042 E1.10998
G1 X78.448 Y50.612 E.01359
G1 X103.536 Y25.523 E1.09064
G1 X102.988 Y25.538 E.01687
G1 X78.344 Y50.182 E1.0713
G1 X78.24 Y49.752 E.01359
G1 X102.439 Y25.553 E1.05196
G1 X101.891 Y25.568 E.01687
G1 X78.137 Y49.322 E1.03262
G1 X78.033 Y48.892 E.01359
G1 X101.342 Y25.583 E1.01328
G1 X100.794 Y25.598 E.01687
G1 X77.93 Y48.462 E.99394
G1 X77.826 Y48.032 E.01359
G1 X100.244 Y25.615 E.97452
G1 X99.693 Y25.632 E.01694
G1 X77.723 Y47.603 E.95509
G1 X77.619 Y47.173 E.01359
G1 X99.142 Y25.649 E.93565
G1 X98.592 Y25.667 E.01694
G1 X77.515 Y46.743 E.91622
G1 X77.412 Y46.313 E.01359
G1 X98.041 Y25.684 E.89678
G1 X97.49 Y25.701 E.01694
G1 X77.308 Y45.883 E.87734
G1 X77.205 Y45.453 E.01359
G1 X96.94 Y25.718 E.85791
G1 X96.389 Y25.735 E.01694
G1 X77.101 Y45.023 E.83847
G1 X76.998 Y44.593 E.01359
G1 X95.838 Y25.753 E.81904
G1 X95.288 Y25.77 E.01694
G1 X76.894 Y44.163 E.7996
G1 X76.79 Y43.733 E.01359
G1 X94.737 Y25.787 E.78016
G1 X94.186 Y25.804 E.01694
G1 X76.687 Y43.303 E.76073
G1 X76.583 Y42.874 E.01359
G1 X93.636 Y25.821 E.74129
G1 X93.085 Y25.838 E.01694
G1 X76.48 Y42.444 E.72186
G1 X76.371 Y42.019 E.01347
G1 X92.534 Y25.856 E.70266
G1 X91.984 Y25.873 E.01694
G1 X76.182 Y41.674 E.68691
G1 X75.97 Y41.353 E.01183
G1 X91.433 Y25.89 E.67221
G1 X90.882 Y25.907 E.01694
G1 X75.757 Y41.032 E.65751
G1 X75.545 Y40.711 E.01183
G1 X90.328 Y25.928 E.64265
G1 X89.773 Y25.949 E.01707
G1 X75.332 Y40.39 E.62777
G1 X75.12 Y40.069 E.01183
G1 X89.218 Y25.971 E.61289
G1 X88.663 Y25.992 E.01707
G1 X74.907 Y39.748 E.598
G1 X74.798 Y39.583 E.00609
G1 X74.758 Y39.364 E.00685
G1 X88.109 Y26.014 E.58036
G1 X87.554 Y26.035 E.01707
G1 X74.677 Y38.912 E.55979
G1 X74.595 Y38.46 E.01412
G1 X86.999 Y26.056 E.53921
G1 X86.444 Y26.078 E.01707
G1 X74.513 Y38.008 E.51864
G1 X74.432 Y37.556 E.01412
G1 X85.889 Y26.099 E.49807
G1 X85.334 Y26.12 E.01707
G1 X74.35 Y37.104 E.47749
G1 X74.269 Y36.653 E.01412
G1 X84.779 Y26.142 E.45692
G1 X84.225 Y26.163 E.01707
G1 X74.187 Y36.201 E.43635
G1 X74.106 Y35.749 E.01412
G1 X83.67 Y26.185 E.41577
G1 X83.115 Y26.206 E.01707
G1 X74.024 Y35.297 E.3952
G1 X73.942 Y34.845 E.01412
G1 X82.56 Y26.227 E.37463
G1 X82.005 Y26.249 E.01707
G1 X73.861 Y34.393 E.35406
G1 X73.812 Y33.908 E.01497
G1 X81.45 Y26.27 E.33206
G1 X80.895 Y26.292 E.01708
G1 X73.769 Y33.418 E.30977
G1 X73.727 Y32.927 E.01515
G1 X80.337 Y26.317 E.28735
G1 X79.779 Y26.341 E.01718
G1 X73.684 Y32.436 E.26493
G1 X73.642 Y31.945 E.01515
G1 X79.22 Y26.366 E.24251
G1 X78.662 Y26.391 E.01718
G1 X73.599 Y31.454 E.22009
G1 X73.556 Y30.963 E.01515
G1 X78.104 Y26.416 E.19767
G1 X77.545 Y26.441 E.01718
G1 X73.514 Y30.472 E.17525
G1 X73.471 Y29.981 E.01515
G1 X76.987 Y26.466 E.15283
G1 X76.429 Y26.49 E.01718
G1 X73.429 Y29.49 E.13041
G1 X73.386 Y28.999 E.01515
G1 X75.869 Y26.516 E.10794
G1 X75.307 Y26.545 E.01729
G1 X73.344 Y28.509 E.08537
G1 X73.301 Y28.018 E.01515
G1 X74.746 Y26.573 E.0628
G1 X74.184 Y26.601 E.01729
G1 X73.258 Y27.527 E.04023
G1 X73.216 Y27.036 E.01515
G1 X73.801 Y26.451 E.02544
; stop printing object USV 1 e2mm.stl_5 id:1 copy 0
; end of layer_num: 2, T: 0, print_z: 0.440000
M106 S204
;LAYER_CHANGE
;Z:0.64
;HEIGHT:0.2
; BEFORE_LAYER_CHANGE 2 @ 0.64mm
G92 E0
; AFTER_LAYER_CHANGE 2 @ 0.64mm
; start of layer_num: 3, T: 0, print_z: 0.640000
; printing object "USV 1 e2mm.stl_6_B" id:0 copy 0
G1 E-.8 F3600
G1 X36.611 Y164.667 Z.64 F18000
G1 E.8 F3600
M204 S500
;TYPE:Overhang wall
;WIDTH:0.409292
G1 F3000
M106 S255
G1 X36.611 Y157.404 E.21684
M204 S2000
G1 E-.8 F3600
G1 X36.611 Y175.147 F18000
G1 E.8 F3600
M204 S500
G1 F3000
G1 X36.611 Y184.715 E.28564
G1 X37.034 Y184.753 E.01268
G1 X37.05 Y185.123 E.01104
G1 X36.245 Y185.05 E.02415
G1 X36.245 Y153.196 E.95098
M204 S2000
G1 E-.8 F3600
G1 X35.878 Y148.838 F18000
G1 E.8 F3600
M204 S500
G1 F3000
G1 X35.878 Y185.384 E1.09108
G1 X37.067 Y185.492 E.03562
G1 X37.083 Y185.861 E.01104
G1 X35.512 Y185.719 E.04709
G1 X35.512 Y143.925 E1.24775
M204 S2000
G1 E-.8 F3600
G1 X35.146 Y137.984 F18000
G1 E.8 F3600
M204 S500
G1 F3000
G1 X35.146 Y186.054 E1.43509
G1 X37.099 Y186.231 E.05856
G1 X37.115 Y186.6 E.01104
G1 X34.779 Y186.388 E.07003
G1 X34.779 Y132.044 E1.62242
M204 S2000
G1 E-.8 F3600
G1 X34.558 Y128.452 F18000
G1 E.8 F3600
M204 S500
G1 F3000
G1 X34.413 Y128.465 E.00434
G1 X34.413 Y186.723 E1.73927
G1 X37.132 Y186.969 E.0815
G1 X37.148 Y187.339 E.01104
G1 X34.046 Y187.058 E.09297
G1 X34.046 Y128.13 E1.75928
G1 X34.535 Y128.087 E.01464
G1 X34.513 Y127.721 E.01094
G1 X33.68 Y127.796 E.02495
G1 X33.68 Y187.392 E1.77923
G1 X37.164 Y187.708 E.10444
G1 X37.18 Y188.077 E.01104
G1 X33.314 Y187.727 E.11591
G1 X33.314 Y127.464 E1.79914
G1 X34.49 Y127.355 E.03527
G1 X34.467 Y126.989 E.01094
G1 X32.947 Y127.131 E.04558
G1 X32.947 Y188.062 E1.81906
G1 X37.197 Y188.447 E.12738
G1 X37.213 Y188.816 E.01104
G1 X32.581 Y188.396 E.13885
G1 X32.581 Y126.799 E1.83897
G1 X34.445 Y126.623 E.05589
G1 X34.422 Y126.258 E.01094
G1 X32.215 Y126.467 E.06621
G1 X32.215 Y188.758 E1.85968
G1 X32.665 Y188.802 E.01351
G1 X32.664 Y188.772 E.0009
G1 X37.229 Y189.185 E.13687
G1 X37.246 Y189.555 E.01104
G1 X33.048 Y189.174 E.12583
G1 X33.05 Y189.207 E.00099
G1 X31.848 Y189.09 E.03604
G1 X31.848 Y126.134 E1.87952
G1 X34.4 Y125.892 E.07652
G1 X34.377 Y125.526 E.01094
G1 X31.482 Y125.802 E.08683
G1 X31.482 Y189.422 E1.89936
G1 X33.434 Y189.613 E.05856
G1 X33.433 Y189.577 E.00108
G1 X37.262 Y189.924 E.11479
G1 X37.278 Y190.293 E.01104
G1 X33.817 Y189.98 E.10375
G1 X33.819 Y190.017 E.0011
G1 X31.115 Y189.755 E.08108
G1 X31.115 Y125.47 E1.9192
G1 X34.355 Y125.16 E.09714
G1 X34.332 Y124.794 E.01094
G1 X30.749 Y125.137 E.10746
G1 X30.749 Y190.087 E1.93904
G1 X34.203 Y190.42 E.10359
G1 X34.201 Y190.383 E.0011
G1 X37.294 Y190.663 E.09272
G1 X37.311 Y191.032 E.01104
G1 X34.586 Y190.785 E.08168
G1 X34.588 Y190.822 E.0011
G1 X30.383 Y190.419 E.12611
G1 X30.383 Y124.805 E1.95888
G1 X34.309 Y124.429 E.11777
G1 X34.287 Y124.063 E.01094
G1 X30.016 Y124.473 E.12808
G1 X30.016 Y190.751 E1.97872
G1 X34.972 Y191.225 E.14862
G1 X34.97 Y191.188 E.0011
G1 X37.327 Y191.401 E.07064
G1 X37.343 Y191.771 E.01104
G1 X35.355 Y191.591 E.0596
G1 X35.356 Y191.628 E.0011
G1 X29.65 Y191.084 E.17114
G1 X29.65 Y124.141 E1.99857
G1 X34.264 Y123.697 E.1384
G1 X34.242 Y123.331 E.01094
G1 X29.284 Y123.808 E.14871
G1 X29.284 Y191.416 E2.01841
G1 X35.741 Y192.03 E.19365
G1 X35.739 Y191.993 E.0011
G1 X37.359 Y192.14 E.04857
G1 X37.376 Y192.51 E.01104
G1 X36.124 Y192.396 E.03753
G1 X36.125 Y192.433 E.0011
G1 X33.317 Y192.179 E.08419
G1 X28.917 Y191.748 E.13198
G1 X28.917 Y123.476 E2.03825
G1 X34.219 Y122.965 E.15902
G1 X34.197 Y122.6 E.01094
G1 X28.551 Y123.144 E.16933
G1 X28.551 Y192.081 E2.05809
G1 X33.283 Y192.543 E.14194
G1 X36.51 Y192.836 E.09674
G1 X36.508 Y192.799 E.0011
G1 X37.392 Y192.879 E.02649
G1 X37.408 Y193.248 E.01104
G1 X36.893 Y193.202 E.01545
G1 X36.894 Y193.238 E.0011
G1 X33.248 Y192.908 E.10929
G1 X28.185 Y192.413 E.1519
G1 X28.185 Y122.811 E2.07793
G1 X34.174 Y122.234 E.17965
G1 X34.152 Y121.868 E.01094
G1 X27.818 Y122.479 E.18996
G1 X27.818 Y192.745 E2.09777
G1 X33.214 Y193.273 E.16186
G1 X37.279 Y193.641 E.12185
G1 X37.277 Y193.604 E.0011
G1 X37.424 Y193.618 E.00442
M204 S2000
G1 E-.8 F3600
G1 X176.68 Y116.219 F18000
G1 E.8 F3600
M204 S1000
;TYPE:Outer wall
;WIDTH:0.42
G1 F3000
M106 S204
G1 X176.68 Y199.009 E2.54389
G1 X163.261 Y198.906 E.41232
G1 X148.484 Y198.764 E.4541
G1 X141.107 Y198.67 E.22668
G1 X126.236 Y198.44 E.457
G1 X116.282 Y198.245 E.30592
G1 X101.423 Y197.877 E.4567
G1 X86.619 Y197.381 E.45516
G1 X81.69 Y197.186 E.15156
G1 X76.791 Y196.968 E.1507
G1 X69.42 Y196.607 E.22673
G1 X62.015 Y196.187 E.22791
G1 X52.389 Y195.567 E.29638
G1 X47.579 Y195.217 E.1482
G1 X42.768 Y194.834 E.1483
G1 X36.72 Y194.313 E.18652
G1 F1680
M106 S255
G1 X36.55 Y194.298 E.00524
G1 F900
G1 X36.349 Y194.28 E.0062
M204 S500
;TYPE:Overhang wall
;WIDTH:0.409292
G1 X33.147 Y193.99 E.096
G1 X27.098 Y193.398 E.18144
G1 X27.098 Y121.826 E2.13676
G1 X33.008 Y121.248 E.17727
M204 S1000
;TYPE:Outer wall
;WIDTH:0.42
G1 X33.207 Y121.229 E.00614
M106 S204
G1 F1680
G1 X33.375 Y121.213 E.00519
G1 F3000
G1 X42.905 Y120.376 E.29393
G1 X47.724 Y119.993 E.14855
G1 X52.555 Y119.644 E.14883
G1 X59.789 Y119.171 E.22275
G1 X67.176 Y118.739 E.22739
G1 X77.088 Y118.244 E.30494
G1 X82.023 Y118.026 E.15178
G1 X87 Y117.831 E.15304
G1 X96.945 Y117.481 E.30577
G1 X106.855 Y117.203 E.30462
G1 X116.737 Y116.967 E.30373
G1 X136.52 Y116.617 E.608
G1 X156.428 Y116.381 E.61176
G1 X176.66 Y116.219 E.62167
M204 S2000
G1 X176.288 Y116.615 F18000
M204 S1500
;TYPE:Inner wall
;WIDTH:0.45
G1 F4800
G1 X176.288 Y198.614 E2.72006
G1 X163.265 Y198.514 E.432
G1 X148.488 Y198.372 E.49021
G1 X141.112 Y198.278 E.24468
G1 X126.243 Y198.048 E.4933
G1 X116.291 Y197.853 E.3302
G1 X101.435 Y197.485 E.49295
G1 X86.633 Y196.989 E.49128
G1 X81.706 Y196.794 E.16356
G1 X76.809 Y196.576 E.16262
G1 X69.441 Y196.216 E.2447
G1 X62.039 Y195.796 E.24594
G1 X52.416 Y195.176 E.31986
G1 X47.609 Y194.826 E.15989
G1 X42.8 Y194.444 E.16002
G1 X37.115 Y193.954 E.18929
G1 X36.716 Y193.919 E.01327
G1 F1680
M106 S255
G1 X36.533 Y193.903 E.00609
G1 F900
G1 X36.332 Y193.885 E.00669
M204 S500
;TYPE:Overhang wall
;WIDTH:0.409292
G1 X33.183 Y193.599 E.09438
G1 X27.49 Y193.043 E.17078
G1 X27.49 Y122.182 E2.11553
G1 X33.032 Y121.64 E.16624
M204 S1500
;TYPE:Inner wall
;WIDTH:0.45
G1 X33.231 Y121.621 E.00663
M106 S204
G1 F1680
G1 X33.413 Y121.604 E.00606
G1 F4800
G1 X33.811 Y121.569 E.01327
G1 X42.937 Y120.767 E.30389
G1 X47.753 Y120.384 E.16026
G1 X52.582 Y120.035 E.16059
G1 X59.813 Y119.563 E.24038
G1 X67.197 Y119.131 E.24538
G1 X77.106 Y118.635 E.32911
G1 X82.039 Y118.417 E.16379
G1 X87.014 Y118.222 E.16516
G1 X96.957 Y117.873 E.33003
G1 X106.865 Y117.595 E.32878
G1 X116.745 Y117.359 E.32783
G1 X136.526 Y117.009 E.65629
G1 X156.432 Y116.773 E.66037
G1 X176.268 Y116.615 E.658
G1 E-.8 F3600
M204 S2000
G1 X176.124 Y117.543 F18000
G1 E.8 F3600
;TYPE:Internal solid infill
;WIDTH:0.420546
G1 F6000
G1 X175.535 Y116.954 E.02563
G1 X175.005 Y116.958 E.0163
G1 X175.954 Y117.907 E.0413
G1 X175.954 Y118.441 E.01643
G1 X174.476 Y116.962 E.06436
G1 X173.946 Y116.966 E.0163
G1 X175.954 Y118.975 E.08741
G1 X175.954 Y119.509 E.01643
G1 X173.416 Y116.971 E.11047
G1 X172.886 Y116.975 E.0163
G1 X175.954 Y120.043 E.13353
G1 X175.954 Y120.577 E.01643
G1 X172.356 Y116.979 E.15658
G1 X171.826 Y116.983 E.0163
G1 X175.954 Y121.111 E.17964
G1 X175.954 Y121.645 E.01643
G1 X171.297 Y116.988 E.2027
G1 X170.767 Y116.992 E.0163
G1 X175.954 Y122.179 E.22575
G1 X175.954 Y122.713 E.01643
G1 X170.237 Y116.996 E.24881
G1 X169.707 Y117 E.0163
G1 X175.954 Y123.247 E.27186
G1 X175.954 Y123.782 E.01643
G1 X169.177 Y117.004 E.29492
G1 X168.648 Y117.009 E.0163
G1 X175.954 Y124.316 E.31798
G1 X175.954 Y124.85 E.01643
G1 X168.118 Y117.013 E.34103
G1 X167.588 Y117.017 E.0163
G1 X175.954 Y125.384 E.36409
G1 X175.954 Y125.918 E.01643
G1 X167.058 Y117.021 E.38715
G1 X166.528 Y117.026 E.0163
G1 X175.954 Y126.452 E.4102
G1 X175.954 Y126.986 E.01643
G1 X165.998 Y117.03 E.43326
G1 X165.469 Y117.034 E.0163
G1 X175.954 Y127.52 E.45632
G1 X175.954 Y128.054 E.01643
G1 X164.939 Y117.038 E.47937
G1 X164.409 Y117.043 E.0163
G1 X175.954 Y128.588 E.50243
G1 X175.954 Y129.122 E.01643
G1 X163.879 Y117.047 E.52549
G1 X163.349 Y117.051 E.0163
G1 X175.954 Y129.656 E.54854
G1 X175.954 Y130.19 E.01643
G1 X162.82 Y117.055 E.5716
G1 X162.29 Y117.059 E.0163
G1 X175.954 Y130.724 E.59466
G1 X175.954 Y131.258 E.01643
G1 X161.76 Y117.064 E.61771
G1 X161.23 Y117.068 E.0163
G1 X175.954 Y131.792 E.64077
G1 X175.954 Y132.326 E.01643
G1 X160.7 Y117.072 E.66383
G1 X160.17 Y117.076 E.0163
G1 X175.954 Y132.86 E.68688
G1 X175.954 Y133.394 E.01643
G1 X159.641 Y117.081 E.70994
G1 X159.111 Y117.085 E.0163
G1 X175.954 Y133.928 E.733
G1 X175.954 Y134.462 E.01643
G1 X158.581 Y117.089 E.75605
G1 X158.051 Y117.093 E.0163
G1 X175.954 Y134.996 E.77911
G1 X175.954 Y135.53 E.01643
G1 X157.521 Y117.097 E.80216
G1 X156.992 Y117.102 E.0163
G1 X175.954 Y136.065 E.82522
G1 X175.954 Y136.599 E.01643
G1 X156.462 Y117.106 E.84828
G1 X155.934 Y117.112 E.01625
G1 X175.954 Y137.133 E.87125
G1 X175.954 Y137.667 E.01643
G1 X155.406 Y117.118 E.89422
G1 X154.878 Y117.125 E.01624
G1 X175.954 Y138.201 E.91719
G1 X175.954 Y138.735 E.01643
G1 X154.35 Y117.131 E.94015
G1 X153.823 Y117.137 E.01624
G1 X175.954 Y139.269 E.96312
G1 X175.954 Y139.803 E.01643
G1 X153.295 Y117.143 E.98609
G1 X152.767 Y117.15 E.01624
G1 X175.954 Y140.337 E1.00906
G1 X175.954 Y140.871 E.01643
G1 X152.239 Y117.156 E1.03203
G1 X151.712 Y117.162 E.01624
G1 X175.954 Y141.405 E1.055
G1 X175.954 Y141.939 E.01643
G1 X151.184 Y117.168 E1.07796
G1 X150.656 Y117.175 E.01624
G1 X175.954 Y142.473 E1.10093
G1 X175.954 Y143.007 E.01643
G1 X150.128 Y117.181 E1.1239
G1 X149.6 Y117.187 E.01624
G1 X175.954 Y143.541 E1.14687
G1 X175.954 Y144.075 E.01643
G1 X149.073 Y117.193 E1.16984
G1 X148.545 Y117.2 E.01624
G1 X175.954 Y144.609 E1.1928
G1 X175.954 Y145.143 E.01643
G1 X148.017 Y117.206 E1.21577
G1 X147.489 Y117.212 E.01624
G1 X175.954 Y145.677 E1.23874
G1 X175.954 Y146.211 E.01643
G1 X146.961 Y117.218 E1.26171
G1 X146.434 Y117.225 E.01624
G1 X175.954 Y146.745 E1.28468
G1 X175.954 Y147.279 E.01643
G1 X145.906 Y117.231 E1.30765
G1 X145.378 Y117.237 E.01624
G1 X175.954 Y147.813 E1.33061
G1 X175.954 Y148.348 E.01643
G1 X144.85 Y117.243 E1.35358
G1 X144.323 Y117.25 E.01624
G1 X175.954 Y148.882 E1.37655
G1 X175.954 Y149.416 E.01643
G1 X143.795 Y117.256 E1.39952
G1 X143.267 Y117.262 E.01624
G1 X175.954 Y149.95 E1.42249
G1 X175.954 Y150.484 E.01643
G1 X142.739 Y117.268 E1.44545
G1 X142.211 Y117.275 E.01624
G1 X175.954 Y151.018 E1.46842
G1 X175.954 Y151.552 E.01643
G1 X141.684 Y117.281 E1.49139
G1 X141.156 Y117.287 E.01624
G1 X175.954 Y152.086 E1.51436
G1 X175.954 Y152.62 E.01643
G1 X140.628 Y117.294 E1.53733
G1 X140.1 Y117.3 E.01624
G1 X175.954 Y153.154 E1.56029
G1 X175.954 Y153.688 E.01643
G1 X139.572 Y117.306 E1.58326
G1 X139.045 Y117.312 E.01624
G1 X175.954 Y154.222 E1.60623
G1 X175.954 Y154.756 E.01643
G1 X138.517 Y117.319 E1.6292
G1 X137.989 Y117.325 E.01624
G1 X175.954 Y155.29 E1.65217
G1 X175.954 Y155.824 E.01643
G1 X137.461 Y117.331 E1.67514
G1 X136.933 Y117.337 E.01624
G1 X175.954 Y156.358 E1.6981
G1 X175.954 Y156.892 E.01643
G1 X136.406 Y117.344 E1.72104
G1 X135.882 Y117.354 E.01615
G1 X175.954 Y157.426 E1.74388
G1 X175.954 Y157.96 E.01643
G1 X135.357 Y117.363 E1.76671
G1 X134.832 Y117.372 E.01615
G1 X175.954 Y158.494 E1.78955
G1 X175.954 Y159.028 E.01643
G1 X134.307 Y117.381 E1.81239
G1 X133.783 Y117.391 E.01615
G1 X175.954 Y159.562 E1.83522
G1 X175.954 Y160.096 E.01643
G1 X133.258 Y117.4 E1.85806
G1 X132.733 Y117.409 E.01615
G1 X175.954 Y160.631 E1.8809
G1 X175.954 Y161.165 E.01643
G1 X132.208 Y117.419 E1.90373
G1 X131.684 Y117.428 E.01615
G1 X175.954 Y161.699 E1.92657
G1 X175.954 Y162.233 E.01643
G1 X131.159 Y117.437 E1.9494
G1 X130.634 Y117.446 E.01615
G1 X175.954 Y162.767 E1.97224
G1 X175.954 Y163.301 E.01643
G1 X130.109 Y117.456 E1.99508
G1 X129.585 Y117.465 E.01615
G1 X175.954 Y163.835 E2.01791
G1 X175.954 Y164.369 E.01643
G1 X129.06 Y117.474 E2.04075
G1 X128.535 Y117.484 E.01615
G1 X175.954 Y164.903 E2.06359
G1 X175.954 Y165.437 E.01643
G1 X128.01 Y117.493 E2.08642
G1 X127.485 Y117.502 E.01615
G1 X175.954 Y165.971 E2.10926
G1 X175.954 Y166.505 E.01643
G1 X126.961 Y117.511 E2.1321
G1 X126.436 Y117.521 E.01615
G1 X175.954 Y167.039 E2.15493
G1 X175.954 Y167.573 E.01643
G1 X125.911 Y117.53 E2.17777
G1 X125.386 Y117.539 E.01615
G1 X175.954 Y168.107 E2.20061
G1 X175.954 Y168.641 E.01643
G1 X124.862 Y117.548 E2.22344
G1 X124.337 Y117.558 E.01615
G1 X175.954 Y169.175 E2.24628
G1 X175.954 Y169.709 E.01643
G1 X123.812 Y117.567 E2.26912
G1 X123.287 Y117.576 E.01615
G1 X175.954 Y170.243 E2.29195
G1 X175.954 Y170.777 E.01643
G1 X122.763 Y117.586 E2.31479
G1 X122.238 Y117.595 E.01615
G1 X175.954 Y171.311 E2.33762
G1 X175.954 Y171.845 E.01643
G1 X121.713 Y117.604 E2.36046
G1 X121.188 Y117.613 E.01615
G1 X175.954 Y172.38 E2.3833
G1 X175.954 Y172.914 E.01643
G1 X120.664 Y117.623 E2.40613
G1 X120.139 Y117.632 E.01615
G1 X175.954 Y173.448 E2.42897
G1 X175.954 Y173.982 E.01643
G1 X119.614 Y117.641 E2.45181
G1 X119.089 Y117.651 E.01615
G1 X175.954 Y174.516 E2.47464
G1 X175.954 Y175.05 E.01643
G1 X118.565 Y117.66 E2.49748
G1 X118.04 Y117.669 E.01615
G1 X175.954 Y175.584 E2.52032
G1 X175.954 Y176.118 E.01643
G1 X117.515 Y117.678 E2.54315
G1 X116.99 Y117.688 E.01615
G1 X175.954 Y176.652 E2.56599
G1 X175.954 Y177.186 E.01643
G1 X116.467 Y117.699 E2.58875
G1 X115.946 Y117.711 E.01605
G1 X175.954 Y177.72 E2.61145
G1 X175.954 Y178.254 E.01643
G1 X115.424 Y117.724 E2.63415
G1 X114.902 Y117.736 E.01605
G1 X175.954 Y178.788 E2.65685
G1 X175.954 Y179.322 E.01643
G1 X114.381 Y117.749 E2.67954
G1 X113.859 Y117.761 E.01605
G1 X175.954 Y179.856 E2.70224
G1 X175.954 Y180.39 E.01643
G1 X113.338 Y117.773 E2.72494
G1 X112.816 Y117.786 E.01605
G1 X175.954 Y180.924 E2.74764
G1 X175.954 Y181.458 E.01643
G1 X112.295 Y117.798 E2.77034
G1 X111.773 Y117.811 E.01605
G1 X175.954 Y181.992 E2.79304
G1 X175.954 Y182.526 E.01643
G1 X111.251 Y117.823 E2.81573
G1 X110.73 Y117.836 E.01605
G1 X175.954 Y183.06 E2.83843
G1 X175.954 Y183.594 E.01643
G1 X110.208 Y117.848 E2.86113
G1 X109.687 Y117.861 E.01605
G1 X175.954 Y184.128 E2.88383
G1 X175.954 Y184.663 E.01643
G1 X109.165 Y117.873 E2.90653
G1 X108.643 Y117.886 E.01605
G1 X175.954 Y185.197 E2.92923
G1 X175.954 Y185.731 E.01643
G1 X108.122 Y117.898 E2.95192
G1 X107.6 Y117.91 E.01605
G1 X175.954 Y186.265 E2.97462
G1 X175.954 Y186.799 E.01643
G1 X107.079 Y117.923 E2.99732
G1 X106.558 Y117.937 E.01602
G1 X175.954 Y187.333 E3.01996
G1 X175.954 Y187.867 E.01643
G1 X106.039 Y117.951 E3.04257
G1 X105.519 Y117.966 E.01599
G1 X175.954 Y188.401 E3.06518
G1 X175.954 Y188.935 E.01643
G1 X105 Y117.98 E3.08778
G1 X104.48 Y117.995 E.01599
G1 X175.954 Y189.469 E3.11039
G1 X175.954 Y190.003 E.01643
G1 X103.961 Y118.01 E3.133
G1 X103.441 Y118.024 E.01599
G1 X175.954 Y190.537 E3.1556
G1 X175.954 Y191.071 E.01643
G1 X102.922 Y118.039 E3.17821
G1 X102.403 Y118.053 E.01599
G1 X175.954 Y191.605 E3.20081
G1 X175.954 Y192.139 E.01643
G1 X101.883 Y118.068 E3.22342
G1 X101.364 Y118.082 E.01599
G1 X175.954 Y192.673 E3.24603
G1 X175.954 Y193.207 E.01643
G1 X100.844 Y118.097 E3.26863
G1 X100.325 Y118.112 E.01599
G1 X175.954 Y193.741 E3.29124
G1 X175.954 Y194.275 E.01643
G1 X99.805 Y118.126 E3.31385
G1 X99.286 Y118.141 E.01599
G1 X175.954 Y194.809 E3.33645
G1 X175.954 Y195.343 E.01643
G1 X98.766 Y118.155 E3.35906
G1 X98.247 Y118.17 E.01599
G1 X175.954 Y195.877 E3.38167
G1 X175.954 Y196.411 E.01643
G1 X97.727 Y118.184 E3.40427
G1 X97.208 Y118.199 E.01599
G1 X175.954 Y196.946 E3.42688
G1 X175.954 Y197.48 E.01643
G1 X96.69 Y118.215 E3.4494
G1 X96.174 Y118.234 E.01588
G1 X175.954 Y198.014 E3.47185
G1 X175.954 Y198.278 E.00813
G1 X175.683 Y198.276 E.00837
G1 X95.658 Y118.252 E3.48247
G1 X95.143 Y118.27 E.01588
G1 X175.144 Y198.272 E3.4815
G1 X174.606 Y198.268 E.01656
G1 X94.627 Y118.288 E3.48053
G1 X94.111 Y118.306 E.01588
G1 X174.068 Y198.263 E3.47956
G1 X173.53 Y198.259 E.01656
G1 X93.595 Y118.324 E3.47859
G1 X93.079 Y118.343 E.01588
G1 X172.992 Y198.255 E3.47762
G1 X172.453 Y198.251 E.01656
G1 X92.563 Y118.361 E3.47665
G1 X92.047 Y118.379 E.01588
G1 X171.915 Y198.247 E3.47568
G1 X171.377 Y198.243 E.01656
G1 X91.531 Y118.397 E3.47471
G1 X91.015 Y118.415 E.01588
G1 X170.839 Y198.239 E3.47374
G1 X170.301 Y198.234 E.01656
G1 X90.5 Y118.433 E3.47277
G1 X89.984 Y118.451 E.01588
G1 X169.763 Y198.23 E3.4718
G1 X169.224 Y198.226 E.01656
G1 X89.468 Y118.47 E3.47083
G1 X88.952 Y118.488 E.01588
G1 X168.686 Y198.222 E3.46986
G1 X168.148 Y198.218 E.01656
G1 X88.436 Y118.506 E3.46889
G1 X87.92 Y118.524 E.01588
G1 X167.61 Y198.214 E3.46792
G1 X167.072 Y198.21 E.01656
G1 X87.404 Y118.542 E3.46695
G1 X86.889 Y118.561 E.01587
G1 X166.534 Y198.206 E3.46596
G1 X165.995 Y198.201 E.01656
G1 X86.375 Y118.581 E3.46491
G1 X85.861 Y118.601 E.01583
G1 X165.457 Y198.197 E3.46385
G1 X164.919 Y198.193 E.01656
G1 X85.347 Y118.621 E3.46279
G1 X84.833 Y118.641 E.01583
G1 X164.381 Y198.189 E3.46174
G1 X163.843 Y198.185 E.01656
G1 X84.319 Y118.662 E3.46068
G1 X83.805 Y118.682 E.01583
G1 X163.305 Y198.181 E3.45963
G1 X162.765 Y198.176 E.01659
G1 X83.292 Y118.702 E3.45853
G1 X82.778 Y118.722 E.01583
G1 X162.226 Y198.171 E3.45743
G1 X161.687 Y198.165 E.01659
G1 X82.264 Y118.742 E3.45632
G1 X81.751 Y118.764 E.01578
G1 X161.148 Y198.16 E3.45516
G1 X160.608 Y198.155 E.01659
G1 X81.24 Y118.786 E3.45395
G1 X80.728 Y118.809 E.01575
G1 X160.069 Y198.15 E3.45274
G1 X159.53 Y198.145 E.01659
G1 X80.217 Y118.831 E3.45153
G1 X79.705 Y118.854 E.01575
G1 X158.991 Y198.139 E3.45033
G1 X158.452 Y198.134 E.01659
G1 X79.194 Y118.877 E3.44912
G1 X78.682 Y118.899 E.01575
G1 X157.912 Y198.129 E3.44791
G1 X157.373 Y198.124 E.01659
G1 X78.171 Y118.922 E3.4467
G1 X77.66 Y118.944 E.01575
G1 X156.834 Y198.119 E3.44549
G1 X156.295 Y198.114 E.01659
G1 X77.148 Y118.967 E3.44428
G1 X76.639 Y118.992 E.01567
G1 X155.755 Y198.108 E3.44296
G1 X155.216 Y198.103 E.01659
G1 X76.131 Y119.018 E3.44162
G1 X75.622 Y119.043 E.01567
G1 X154.677 Y198.098 E3.44029
G1 X154.138 Y198.093 E.01659
G1 X75.114 Y119.069 E3.43896
G1 X74.605 Y119.094 E.01567
G1 X153.599 Y198.088 E3.43763
G1 X153.059 Y198.082 E.01659
G1 X74.096 Y119.12 E3.43629
G1 X73.588 Y119.145 E.01567
G1 X152.52 Y198.077 E3.43496
G1 X151.981 Y198.072 E.01659
G1 X73.079 Y119.17 E3.43363
G1 X72.571 Y119.196 E.01567
G1 X151.442 Y198.067 E3.43229
G1 X150.902 Y198.062 E.01659
G1 X72.062 Y119.221 E3.43096
G1 X71.553 Y119.247 E.01567
G1 X150.363 Y198.057 E3.42963
G1 X149.824 Y198.051 E.01659
G1 X71.045 Y119.272 E3.4283
G1 X70.536 Y119.298 E.01567
G1 X149.285 Y198.046 E3.42696
G1 X148.746 Y198.041 E.01659
G1 X70.028 Y119.323 E3.42563
G1 X69.519 Y119.349 E.01567
G1 X148.205 Y198.035 E3.42426
G1 X147.664 Y198.028 E.01665
G1 X69.01 Y119.374 E3.42285
G1 X68.502 Y119.399 E.01567
G1 X147.123 Y198.021 E3.42144
G1 X146.583 Y198.014 E.01665
G1 X67.993 Y119.425 E3.42004
G1 X67.485 Y119.45 E.01567
G1 X146.042 Y198.007 E3.41863
G1 X145.501 Y198 E.01665
G1 X66.978 Y119.478 E3.41714
G1 X66.473 Y119.507 E.01555
G1 X144.96 Y197.994 E3.41555
G1 X144.419 Y197.987 E.01665
G1 X65.969 Y119.537 E3.41397
G1 X65.464 Y119.566 E.01555
G1 X143.878 Y197.98 E3.41239
G1 X143.337 Y197.973 E.01665
G1 X64.96 Y119.596 E3.4108
G1 X64.455 Y119.625 E.01555
G1 X142.796 Y197.966 E3.40922
G1 X142.255 Y197.959 E.01665
G1 X63.951 Y119.655 E3.40764
G1 X63.446 Y119.684 E.01555
G1 X141.714 Y197.952 E3.40605
G1 X141.173 Y197.945 E.01665
G1 X62.942 Y119.714 E3.40447
G1 X62.437 Y119.743 E.01555
G1 X140.631 Y197.937 E3.40283
G1 X140.088 Y197.929 E.01669
G1 X61.932 Y119.773 E3.40118
G1 X61.428 Y119.802 E.01555
G1 X139.546 Y197.92 E3.39953
G1 X139.004 Y197.912 E.01669
G1 X60.923 Y119.832 E3.39788
G1 X60.419 Y119.861 E.01555
G1 X138.461 Y197.903 E3.39623
G1 X137.919 Y197.895 E.01669
G1 X59.914 Y119.891 E3.39458
G1 X59.412 Y119.923 E.01547
G1 X137.376 Y197.887 E3.39282
G1 X136.834 Y197.878 E.01669
G1 X58.911 Y119.956 E3.39102
G1 X58.41 Y119.988 E.01546
G1 X136.291 Y197.87 E3.38923
G1 X135.749 Y197.862 E.01669
G1 X57.909 Y120.021 E3.38744
G1 X57.407 Y120.054 E.01546
G1 X135.207 Y197.853 E3.38565
G1 X134.664 Y197.845 E.01669
G1 X56.906 Y120.087 E3.38386
G1 X56.405 Y120.12 E.01546
G1 X134.122 Y197.836 E3.38207
G1 X133.579 Y197.828 E.01669
G1 X55.904 Y120.152 E3.38028
G1 X55.402 Y120.185 E.01546
G1 X133.037 Y197.82 E3.37849
G1 X132.494 Y197.811 E.01669
G1 X54.901 Y120.218 E3.37669
G1 X54.4 Y120.251 E.01546
G1 X131.952 Y197.803 E3.3749
G1 X131.41 Y197.794 E.01669
G1 X53.898 Y120.283 E3.37311
G1 X53.397 Y120.316 E.01546
G1 X130.867 Y197.786 E3.37132
G1 X130.325 Y197.778 E.01669
G1 X52.896 Y120.349 E3.36953
G1 X52.396 Y120.383 E.01542
G1 X129.782 Y197.769 E3.36768
G1 X129.24 Y197.761 E.01669
G1 X51.898 Y120.419 E3.36575
G1 X51.4 Y120.455 E.01537
G1 X128.697 Y197.753 E3.36382
G1 X128.155 Y197.744 E.01669
G1 X50.902 Y120.491 E3.36189
G1 X50.404 Y120.527 E.01537
G1 X127.613 Y197.736 E3.35996
G1 X127.07 Y197.727 E.01669
G1 X49.906 Y120.563 E3.35803
G1 X49.408 Y120.599 E.01537
G1 X126.528 Y197.719 E3.3561
G1 X125.984 Y197.709 E.01673
G1 X48.909 Y120.635 E3.35412
G1 X48.411 Y120.671 E.01537
G1 X125.439 Y197.699 E3.35209
G1 X124.895 Y197.688 E.01677
G1 X47.913 Y120.707 E3.35006
G1 X47.418 Y120.745 E.0153
G1 X124.35 Y197.677 E3.34792
G1 X123.805 Y197.667 E.01677
G1 X46.923 Y120.784 E3.34575
G1 X46.428 Y120.824 E.01527
G1 X123.261 Y197.656 E3.34358
G1 X122.716 Y197.645 E.01677
G1 X45.933 Y120.863 E3.3414
G1 X45.439 Y120.902 E.01527
G1 X122.171 Y197.635 E3.33923
G1 X121.626 Y197.624 E.01677
G1 X44.944 Y120.942 E3.33705
G1 X44.449 Y120.981 E.01527
G1 X121.082 Y197.613 E3.33488
G1 X120.537 Y197.603 E.01677
G1 X43.955 Y121.02 E3.3327
G1 X43.46 Y121.06 E.01527
G1 X119.992 Y197.592 E3.33053
G1 X119.448 Y197.581 E.01677
G1 X42.965 Y121.099 E3.32835
G1 X42.474 Y121.142 E.01516
G1 X118.903 Y197.571 E3.32601
G1 X118.358 Y197.56 E.01677
G1 X41.983 Y121.185 E3.32367
G1 X41.492 Y121.228 E.01516
G1 X117.813 Y197.549 E3.32133
G1 X117.269 Y197.539 E.01677
G1 X41.001 Y121.271 E3.31898
G1 X40.511 Y121.315 E.01516
G1 X116.724 Y197.528 E3.31664
G1 X116.179 Y197.517 E.01678
G1 X40.02 Y121.358 E3.31427
G1 X39.529 Y121.401 E.01516
G1 X115.631 Y197.503 E3.31181
G1 X115.083 Y197.49 E.01686
G1 X39.038 Y121.444 E3.30934
G1 X38.547 Y121.487 E.01516
G1 X114.536 Y197.476 E3.30687
G1 X113.988 Y197.463 E.01686
G1 X38.056 Y121.53 E3.3044
G1 X37.565 Y121.573 E.01516
G1 X113.441 Y197.449 E3.30194
G1 X112.893 Y197.435 E.01686
G1 X37.074 Y121.617 E3.29947
G1 X36.583 Y121.66 E.01516
G1 X112.345 Y197.422 E3.297
G1 X111.798 Y197.408 E.01686
G1 X36.092 Y121.703 E3.29453
G1 X35.601 Y121.746 E.01516
G1 X111.25 Y197.395 E3.29207
G1 X110.703 Y197.381 E.01686
G1 X35.111 Y121.789 E3.2896
G1 X34.62 Y121.832 E.01516
G1 X110.155 Y197.368 E3.28713
G1 X109.607 Y197.354 E.01686
G1 X34.394 Y122.141 E3.27312
G1 X34.429 Y122.71 E.01755
G1 X109.06 Y197.34 E3.24776
G1 X108.512 Y197.327 E.01686
G1 X34.464 Y123.279 E3.22241
G1 X34.499 Y123.848 E.01755
G1 X107.965 Y197.313 E3.19705
G1 X107.417 Y197.3 E.01686
G1 X34.534 Y124.417 E3.17169
G1 X34.569 Y124.986 E.01755
G1 X106.869 Y197.286 E3.14633
G1 X106.322 Y197.273 E.01686
G1 X34.605 Y125.555 E3.12097
G1 X34.64 Y126.125 E.01755
G1 X105.774 Y197.259 E3.09562
G1 X105.227 Y197.246 E.01686
G1 X34.675 Y126.694 E3.07026
G1 X34.71 Y127.263 E.01755
G1 X104.679 Y197.232 E3.0449
G1 X104.131 Y197.218 E.01686
G1 X34.745 Y127.832 E3.01954
G1 X34.78 Y128.401 E.01755
G1 X103.584 Y197.205 E2.99418
G1 X103.036 Y197.191 E.01686
G1 X34.815 Y128.97 E2.96882
G1 X34.85 Y129.54 E.01755
G1 X102.489 Y197.178 E2.94347
G1 X101.941 Y197.164 E.01686
G1 X34.885 Y130.109 E2.91811
G1 X34.921 Y130.678 E.01755
G1 X101.393 Y197.15 E2.89273
G1 X100.84 Y197.132 E.01701
G1 X34.956 Y131.247 E2.86716
G1 X34.991 Y131.816 E.01755
G1 X100.288 Y197.113 E2.84158
G1 X99.735 Y197.095 E.01701
G1 X35.026 Y132.385 E2.81601
G1 X35.061 Y132.954 E.01755
G1 X99.183 Y197.076 E2.79044
G1 X98.63 Y197.058 E.01701
G1 X35.096 Y133.524 E2.76486
G1 X35.131 Y134.093 E.01755
G1 X98.078 Y197.039 E2.73929
G1 X97.525 Y197.021 E.01701
G1 X35.166 Y134.662 E2.71371
G1 X35.201 Y135.231 E.01755
G1 X96.972 Y197.002 E2.68814
G1 X96.42 Y196.984 E.01701
G1 X35.236 Y135.8 E2.66257
G1 X35.272 Y136.369 E.01755
G1 X95.867 Y196.965 E2.63699
G1 X95.315 Y196.947 E.01701
G1 X35.307 Y136.938 E2.61142
G1 X35.342 Y137.508 E.01755
G1 X94.762 Y196.928 E2.58585
G1 X94.21 Y196.909 E.01701
G1 X35.377 Y138.077 E2.56027
G1 X35.412 Y138.646 E.01755
G1 X93.657 Y196.891 E2.5347
G1 X93.105 Y196.872 E.01701
G1 X35.447 Y139.215 E2.50913
G1 X35.482 Y139.784 E.01755
G1 X92.552 Y196.854 E2.48355
G1 X91.999 Y196.835 E.01701
G1 X35.517 Y140.353 E2.45798
G1 X35.552 Y140.922 E.01755
G1 X91.447 Y196.817 E2.43241
G1 X90.894 Y196.798 E.01701
G1 X35.587 Y141.492 E2.40683
G1 X35.623 Y142.061 E.01755
G1 X90.342 Y196.78 E2.38126
G1 X89.789 Y196.761 E.01701
G1 X35.658 Y142.63 E2.35568
G1 X35.693 Y143.199 E.01755
G1 X89.237 Y196.743 E2.33011
G1 X88.684 Y196.724 E.01701
G1 X35.728 Y143.768 E2.30454
G1 X35.763 Y144.337 E.01755
G1 X88.132 Y196.706 E2.27896
G1 X87.579 Y196.687 E.01701
G1 X35.801 Y144.909 E2.25327
G1 X35.846 Y145.488 E.01786
G1 X87.026 Y196.669 E2.22728
G1 X86.473 Y196.649 E.01705
G1 X35.89 Y146.067 E2.20124
G1 X35.935 Y146.645 E.01786
G1 X85.917 Y196.627 E2.1751
G1 X85.361 Y196.605 E.01712
G1 X35.98 Y147.224 E2.14896
G1 X36.024 Y147.803 E.01786
G1 X84.805 Y196.583 E2.12282
G1 X84.249 Y196.561 E.01712
G1 X36.069 Y148.382 E2.09668
G1 X36.114 Y148.96 E.01786
G1 X83.693 Y196.539 E2.07053
G1 X83.137 Y196.517 E.01712
G1 X36.158 Y149.539 E2.04439
G1 X36.203 Y150.118 E.01786
G1 X82.581 Y196.495 E2.01825
G1 X82.024 Y196.473 E.01712
G1 X36.254 Y150.702 E1.99185
G1 X36.305 Y151.287 E.01807
G1 X81.467 Y196.45 E1.96538
G1 X80.908 Y196.425 E.01722
G1 X36.355 Y151.872 E1.93884
G1 X36.406 Y152.457 E.01807
G1 X80.349 Y196.4 E1.9123
G1 X79.79 Y196.375 E.01722
G1 X36.457 Y153.042 E1.88576
G1 X36.508 Y153.627 E.01807
G1 X79.232 Y196.351 E1.85922
G1 X78.673 Y196.326 E.01722
G1 X36.559 Y154.212 E1.83268
G1 X36.61 Y154.797 E.01807
G1 X78.114 Y196.301 E1.80615
G1 X77.555 Y196.276 E.01722
G1 X36.661 Y155.382 E1.77961
G1 X36.712 Y155.967 E.01807
G1 X76.996 Y196.251 E1.75307
G1 X76.435 Y196.224 E.01727
G1 X36.763 Y156.552 E1.72645
G1 X36.814 Y157.137 E.01807
G1 X75.874 Y196.197 E1.6998
G1 X75.312 Y196.169 E.0173
G1 X36.852 Y157.71 E1.67368
G1 X36.859 Y158.25 E.01663
G1 X74.751 Y196.142 E1.64897
G1 X74.189 Y196.114 E.0173
G1 X36.865 Y158.79 E1.62426
G1 X36.871 Y159.331 E.01663
G1 X73.627 Y196.087 E1.59955
G1 X73.066 Y196.059 E.0173
G1 X36.878 Y159.871 E1.57483
G1 X36.884 Y160.412 E.01663
G1 X72.504 Y196.032 E1.55012
G1 X71.943 Y196.004 E.0173
G1 X36.89 Y160.952 E1.52541
G1 X36.897 Y161.492 E.01663
G1 X71.381 Y195.977 E1.5007
G1 X70.82 Y195.949 E.0173
G1 X36.903 Y162.033 E1.47598
G1 X36.909 Y162.573 E.01663
G1 X70.258 Y195.922 E1.45127
G1 X69.697 Y195.894 E.0173
G1 X36.916 Y163.113 E1.42656
G1 X36.895 Y163.626 E.0158
G1 X69.132 Y195.864 E1.40292
G1 X68.566 Y195.832 E.01745
G1 X36.866 Y164.132 E1.37951
G1 X36.838 Y164.638 E.01559
G1 X68 Y195.8 E1.3561
G1 X67.434 Y195.768 E.01745
G1 X36.81 Y165.144 E1.33269
G1 X36.782 Y165.65 E.01559
G1 X66.868 Y195.736 E1.30928
G1 X66.302 Y195.704 E.01745
G1 X36.754 Y166.156 E1.28587
G1 X36.725 Y166.661 E.01559
G1 X65.736 Y195.672 E1.26246
G1 X65.169 Y195.64 E.01745
G1 X36.721 Y167.191 E1.23803
G1 X36.728 Y167.732 E.01667
G1 X64.603 Y195.607 E1.21306
G1 X64.037 Y195.575 E.01745
G1 X36.736 Y168.274 E1.18808
G1 X36.744 Y168.816 E.01667
G1 X63.471 Y195.543 E1.16311
G1 X62.905 Y195.511 E.01745
G1 X36.752 Y169.358 E1.13813
G1 X36.759 Y169.9 E.01667
G1 X62.339 Y195.479 E1.11316
G1 X61.77 Y195.445 E.01753
G1 X36.767 Y170.441 E1.08808
G1 X36.775 Y170.983 E.01667
G1 X61.199 Y195.408 E1.0629
G1 X60.629 Y195.371 E.0176
G1 X36.783 Y171.525 E1.03773
G1 X36.79 Y172.067 E.01667
G1 X60.058 Y195.334 E1.01255
G1 X59.487 Y195.298 E.0176
G1 X36.798 Y172.609 E.98737
G1 X36.806 Y173.15 E.01667
G1 X58.916 Y195.261 E.96219
G1 X58.345 Y195.224 E.0176
G1 X36.814 Y173.692 E.93702
G1 X36.821 Y174.234 E.01667
G1 X57.775 Y195.187 E.91184
G1 X57.204 Y195.15 E.0176
G1 X36.829 Y174.776 E.88666
G1 X36.844 Y175.325 E.01691
G1 X56.633 Y195.114 E.86116
G1 X56.062 Y195.077 E.0176
G1 X36.869 Y175.884 E.83525
G1 X36.893 Y176.442 E.01721
G1 X55.491 Y195.04 E.80934
G1 X54.921 Y195.003 E.0176
G1 X36.918 Y177.001 E.78343
G1 X36.943 Y177.56 E.01721
G1 X54.35 Y194.967 E.75752
G1 X53.779 Y194.93 E.0176
G1 X36.967 Y178.118 E.73161
G1 X36.992 Y178.677 E.01721
G1 X53.208 Y194.893 E.70569
G1 X52.637 Y194.856 E.0176
G1 X37.016 Y179.236 E.67978
G1 X37.041 Y179.794 E.01721
G1 X52.063 Y194.816 E.65373
G1 X51.487 Y194.774 E.01777
G1 X37.066 Y180.353 E.62759
G1 X37.09 Y180.912 E.01721
G1 X50.911 Y194.733 E.60146
G1 X50.335 Y194.691 E.01777
G1 X37.115 Y181.47 E.57533
G1 X37.13 Y181.803 E.01025
G1 X36.983 Y181.806 E.00452
G1 X36.983 Y181.872 E.00203
G1 X49.759 Y194.649 E.55601
G1 X49.183 Y194.607 E.01777
G1 X36.983 Y182.406 E.53095
G1 X36.983 Y182.94 E.01643
G1 X48.608 Y194.565 E.50588
G1 X48.032 Y194.523 E.01777
G1 X36.983 Y183.474 E.48082
G1 X36.983 Y184.008 E.01643
G1 X47.454 Y194.48 E.4557
G1 X46.874 Y194.434 E.01791
G1 X37.263 Y184.822 E.41828
G1 X37.287 Y185.381 E.01721
G1 X46.294 Y194.387 E.39196
G1 X45.714 Y194.341 E.01791
G1 X37.312 Y185.939 E.36564
G1 X37.336 Y186.498 E.01721
G1 X45.133 Y194.295 E.33931
G1 X44.553 Y194.249 E.01791
G1 X37.361 Y187.057 E.31299
G1 X37.386 Y187.615 E.01721
G1 X43.973 Y194.203 E.28667
G1 X43.393 Y194.157 E.01791
G1 X37.41 Y188.174 E.26035
G1 X37.435 Y188.733 E.01721
G1 X42.812 Y194.11 E.23403
G1 X42.229 Y194.061 E.01802
G1 X37.459 Y189.291 E.20756
G1 X37.484 Y189.85 E.01721
G1 X41.645 Y194.011 E.18109
G1 X41.062 Y193.961 E.01802
G1 X37.509 Y190.409 E.15462
G1 X37.533 Y190.967 E.01721
G1 X40.478 Y193.912 E.12815
G1 X39.894 Y193.862 E.01802
G1 X37.558 Y191.526 E.10168
G1 X37.582 Y192.084 E.01721
G1 X39.311 Y193.813 E.07521
G1 X38.727 Y193.763 E.01802
G1 X37.607 Y192.643 E.04874
G1 X37.632 Y193.202 E.01721
G1 X38.329 Y193.9 E.03037
; stop printing object USV 1 e2mm.stl_6_B id:0 copy 0
; printing object "USV 1 e2mm.stl_5" id:1 copy 0
G1 E-.8 F3600
G1 X41.712 Y76.466 F18000
G1 E.8 F3600
M204 S500
;TYPE:Overhang wall
;WIDTH:0.409292
G1 F3000
M106 S255
G1 X41.712 Y43.411 E.98687
G1 X41.842 Y43.4 E.00391
G1 X41.841 Y43.032 E.01097
G1 X41.346 Y43.073 E.01484
G1 X41.346 Y81.668 E1.15225
M204 S2000
G1 E-.8 F3600
G1 X41.135 Y87.551 F18000
G1 E.8 F3600
M204 S500
G1 F3000
G1 X40.979 Y87.537 E.00467
G1 X40.979 Y42.735 E1.33754
G1 X41.84 Y42.665 E.02578
G1 X41.839 Y42.297 E.01097
G1 X40.613 Y42.397 E.03672
G1 X40.613 Y87.872 E1.35764
G1 X41.124 Y87.917 E.01531
G1 X41.124 Y88.285 E.01098
G1 X40.246 Y88.208 E.02629
G1 X40.246 Y42.06 E1.37774
G1 X41.837 Y41.93 E.04765
G1 X41.836 Y41.562 E.01097
G1 X39.88 Y41.722 E.05859
G1 X39.88 Y88.544 E1.39785
G1 X41.124 Y88.653 E.03727
G1 X41.124 Y89.021 E.01098
G1 X39.514 Y88.879 E.04825
G1 X39.514 Y41.384 E1.41795
G1 X41.835 Y41.195 E.06953
G1 X41.834 Y40.828 E.01097
G1 X39.147 Y41.047 E.08046
G1 X39.147 Y89.215 E1.43805
G1 X41.124 Y89.388 E.05923
G1 X41.124 Y89.756 E.01098
G1 X38.781 Y89.551 E.07021
G1 X38.781 Y40.709 E1.45815
G1 X41.832 Y40.46 E.0914
G1 X41.831 Y40.093 E.01097
G1 X38.415 Y40.371 E.10234
G1 X38.415 Y89.886 E1.47825
G1 X41.124 Y90.124 E.08119
G1 X41.124 Y90.492 E.01098
G1 X38.048 Y90.222 E.09217
G1 X38.048 Y40.034 E1.49835
G1 X41.83 Y39.725 E.11327
G1 X41.828 Y39.358 E.01097
G1 X37.682 Y39.696 E.12421
G1 X37.682 Y90.557 E1.51846
G1 X41.124 Y90.86 E.10315
G1 X41.124 Y91.227 E.01098
G1 X37.315 Y90.893 E.11413
G1 X37.315 Y39.358 E1.53856
G1 X41.827 Y38.99 E.13514
G1 X41.826 Y38.623 E.01097
G1 X36.949 Y39.02 E.14608
G1 X36.949 Y91.229 E1.55866
G1 X41.124 Y91.595 E.12511
G1 X41.124 Y91.963 E.01098
G1 X36.583 Y91.564 E.13609
G1 X36.583 Y38.683 E1.57876
G1 X41.825 Y38.255 E.15702
G1 X41.823 Y37.888 E.01097
G1 X36.216 Y38.345 E.16795
G1 X36.216 Y91.9 E1.59886
G1 X41.124 Y92.331 E.14707
G1 X41.124 Y92.698 E.01098
G1 X35.85 Y92.236 E.15805
G1 X35.85 Y38.007 E1.61897
G1 X41.822 Y37.52 E.17889
G1 X41.821 Y37.153 E.01097
G1 X35.484 Y37.67 E.18983
G1 X35.484 Y92.571 E1.63907
G1 X41.124 Y93.066 E.16903
G1 X41.124 Y93.434 E.01098
G1 X35.117 Y92.907 E.18001
G1 X35.117 Y37.332 E1.65917
G1 X41.82 Y36.785 E.20076
G1 X41.818 Y36.418 E.01097
G1 X34.751 Y36.994 E.2117
G1 X34.751 Y93.242 E1.67927
G1 X41.124 Y93.802 E.19099
G1 X41.124 Y94.17 E.01098
G1 X34.384 Y93.578 E.20197
G1 X34.384 Y36.657 E1.69935
G1 X41.817 Y36.05 E.22264
G1 X41.816 Y35.683 E.01097
G1 X34.018 Y36.323 E.23358
G1 X34.018 Y93.914 E1.71935
G1 X41.124 Y94.537 E.21295
G1 X41.124 Y94.905 E.01098
G1 X34.382 Y94.313 E.20203
G1 X34.382 Y94.35 E.0011
G1 X33.652 Y94.286 E.0219
G1 X33.652 Y35.989 E1.74044
G1 X35.075 Y35.858 E.04268
G1 X41.815 Y35.315 E.20185
G1 X41.813 Y34.948 E.01097
G1 X35.44 Y35.456 E.19087
G1 X33.285 Y35.655 E.0646
G1 X33.285 Y94.622 E1.76044
G1 X34.749 Y94.75 E.04386
G1 X34.749 Y94.713 E.0011
G1 X41.124 Y95.273 E.19105
G1 X41.124 Y95.641 E.01098
G1 X35.115 Y95.113 E.18007
G1 X35.115 Y95.15 E.0011
G1 X32.919 Y94.955 E.06582
G1 X32.919 Y35.321 E1.78036
G1 X35.805 Y35.054 E.08653
G1 X35.805 Y35.07 E.00047
G1 X41.812 Y34.58 E.17993
G1 X41.811 Y34.213 E.01097
G1 X36.17 Y34.673 E.16896
G1 X36.17 Y34.653 E.0006
G1 X32.553 Y34.989 E.10846
G1 X32.553 Y95.288 E1.8002
G1 X35.482 Y95.55 E.08779
G1 X35.482 Y95.513 E.0011
G1 X41.124 Y96.008 E.16909
G1 X41.124 Y96.376 E.01098
G1 X35.848 Y95.913 E.15811
G1 X35.848 Y95.95 E.0011
G1 X32.186 Y95.62 E.10976
G1 X32.186 Y34.656 E1.82004
G1 X36.535 Y34.251 E.1304
G1 X36.535 Y34.276 E.00073
G1 X41.809 Y33.845 E.15798
G1 X41.808 Y33.478 E.01097
G1 X36.9 Y33.878 E.14701
G1 X36.9 Y33.85 E.00085
G1 X31.82 Y34.324 E.15233
G1 X31.82 Y95.952 E1.83989
G1 X36.214 Y96.35 E.13173
G1 X36.214 Y96.313 E.0011
G1 X41.124 Y96.744 E.14713
G1 X41.124 Y97.112 E.01098
G1 X36.581 Y96.713 E.13615
G1 X36.581 Y96.75 E.0011
G1 X31.453 Y96.285 E.1537
G1 X31.453 Y33.992 E1.85973
G1 X37.265 Y33.448 E.17426
G1 X37.265 Y33.481 E.00098
G1 X41.807 Y33.11 E.13604
G1 X41.806 Y32.743 E.01097
G1 X37.63 Y33.083 E.12507
G1 X37.63 Y33.047 E.0011
G1 X37.6 Y33.049 E.0009
G1 X31.087 Y33.66 E.19529
G1 X31.087 Y96.617 E1.87957
G1 X32.948 Y96.799 E.05582
G1 X36.947 Y97.15 E.11985
G1 X36.947 Y97.113 E.0011
G1 X41.124 Y97.48 E.12517
G1 X41.124 Y97.847 E.01098
G1 X37.313 Y97.513 E.11419
G1 X37.313 Y97.55 E.0011
G1 X32.914 Y97.164 E.13184
G1 X30.721 Y96.949 E.0658
G1 X30.721 Y33.327 E1.89941
G1 X37.568 Y32.684 E.20533
G1 X37.995 Y32.649 E.01279
G1 X37.995 Y32.686 E.0011
G1 X41.804 Y32.375 E.1141
G1 X41.803 Y32.008 E.01097
G1 X38.36 Y32.289 E.10313
G1 X38.36 Y32.252 E.0011
G1 X37.536 Y32.319 E.02467
G1 X30.354 Y32.995 E.21536
G1 X30.354 Y97.282 E1.91925
G1 X32.88 Y97.528 E.07577
G1 X37.68 Y97.95 E.14384
G1 X37.68 Y97.913 E.0011
G1 X41.124 Y98.215 E.10321
G1 X41.124 Y98.583 E.01098
G1 X38.046 Y98.313 E.09223
G1 X38.046 Y98.35 E.0011
G1 X32.847 Y97.893 E.15583
G1 X29.988 Y97.614 E.08575
G1 X29.988 Y32.663 E1.9391
G1 X37.505 Y31.954 E.2254
G1 X38.725 Y31.855 E.03656
G1 X38.725 Y31.891 E.0011
G1 X41.802 Y31.64 E.09216
G1 X41.801 Y31.273 E.01097
G1 X39.09 Y31.494 E.08119
G1 X39.09 Y31.457 E.0011
G1 X37.473 Y31.589 E.04844
G1 X29.622 Y32.33 E.23544
G1 X29.622 Y97.946 E1.95894
G1 X32.813 Y98.258 E.09572
G1 X38.413 Y98.75 E.16782
G1 X38.413 Y98.713 E.0011
G1 X41.124 Y98.951 E.08125
G1 X41.124 Y99.318 E.01098
G1 X38.779 Y99.113 E.07027
G1 X38.779 Y99.149 E.0011
G1 X32.779 Y98.623 E.17982
G1 X29.255 Y98.279 E.1057
G1 X29.255 Y31.998 E1.97878
G1 X37.441 Y31.224 E.24547
G1 X39.455 Y31.06 E.06033
G1 X39.455 Y31.097 E.0011
G1 X41.799 Y30.905 E.07021
G1 X41.798 Y30.538 E.01097
G1 X39.82 Y30.699 E.05924
G1 X39.82 Y30.663 E.0011
G1 X37.409 Y30.859 E.07221
G1 X28.889 Y31.666 E.25551
G1 X28.889 Y98.611 E1.99862
G1 X32.745 Y98.988 E.11567
G1 X39.145 Y99.549 E.19181
G1 X39.145 Y99.513 E.0011
G1 X41.124 Y99.686 E.05929
G1 X41.124 Y100.054 E.01098
G1 X39.512 Y99.913 E.04831
G1 X39.512 Y99.949 E.0011
G1 X32.711 Y99.352 E.2038
G1 X28.523 Y98.943 E.12565
G1 X28.523 Y31.333 E2.01846
G1 X32.583 Y30.936 E.12181
G1 X37.378 Y30.494 E.14374
G1 X40.185 Y30.265 E.0841
G1 X40.185 Y30.302 E.0011
G1 X41.797 Y30.17 E.04827
G1 X41.796 Y29.803 E.01097
G1 X40.55 Y29.905 E.0373
G1 X40.55 Y29.868 E.0011
G1 X37.346 Y30.129 E.09598
G1 X32.549 Y30.572 E.14382
G1 X28.156 Y31.001 E.13176
G1 X28.156 Y99.275 E2.03831
G1 X32.677 Y99.717 E.13562
G1 X39.878 Y100.349 E.2158
G1 X39.878 Y100.312 E.0011
G1 X41.124 Y100.422 E.03733
G1 X41.124 Y100.79 E.01098
G1 X40.244 Y100.712 E.02635
G1 X40.244 Y100.749 E.0011
G1 X32.644 Y100.082 E.22779
G1 X27.79 Y99.608 E.1456
G1 X27.79 Y30.669 E2.05815
G1 X32.514 Y30.207 E.14172
G1 X37.314 Y29.764 E.1439
G1 X40.915 Y29.47 E.10787
G1 X40.915 Y29.507 E.0011
G1 X41.794 Y29.435 E.02633
G1 X41.793 Y29.068 E.01097
G1 X41.28 Y29.11 E.01536
G1 X41.28 Y29.073 E.0011
G1 X37.282 Y29.399 E.11975
G1 X32.48 Y29.842 E.14399
G1 X27.423 Y30.337 E.15167
G1 X27.423 Y99.94 E2.07799
G1 X32.61 Y100.447 E.15557
G1 X40.611 Y101.149 E.23979
G1 X40.611 Y101.112 E.0011
G1 X41.124 Y101.157 E.01537
G1 X41.124 Y101.525 E.01098
G1 X40.977 Y101.512 E.00439
G1 X40.977 Y101.549 E.0011
G1 X32.576 Y100.812 E.25178
G1 X27.057 Y100.272 E.16555
G1 X27.057 Y30.004 E2.09783
G1 X32.445 Y29.478 E.16163
G1 X37.25 Y29.034 E.14407
G1 X41.645 Y28.676 E.13164
G1 X41.645 Y28.712 E.0011
G1 X41.792 Y28.701 E.00439
M204 S2000
G1 E-.8 F3600
G1 X175.913 Y23.742 F18000
G1 E.8 F3600
M204 S1000
;TYPE:Outer wall
;WIDTH:0.42
G1 F3000
M106 S204
G1 X175.913 Y106.532 E2.54393
G1 X155.659 Y106.374 E.62236
G1 X148.169 Y106.291 E.23017
G1 X140.687 Y106.197 E.22993
G1 X125.869 Y105.972 E.45537
G1 X115.968 Y105.784 E.3043
G1 X106.086 Y105.547 E.30373
G1 X101.15 Y105.416 E.15171
G1 X91.205 Y105.104 E.30575
G1 X81.254 Y104.725 E.30599
G1 X76.319 Y104.507 E.15178
G1 X66.407 Y104.011 E.30495
G1 X59.019 Y103.579 E.22738
G1 X51.786 Y103.106 E.22274
G1 X42.134 Y102.373 E.29742
G1 X40.389 Y102.224 E.05381
G1 F1680
M106 S255
G1 X40.22 Y102.209 E.00521
G1 F900
G1 X40.02 Y102.192 E.00617
M204 S500
;TYPE:Overhang wall
;WIDTH:0.409292
G1 X32.509 Y101.529 E.22512
G1 X26.337 Y100.925 E.18514
G1 X26.337 Y29.351 E2.13683
G1 X32.377 Y28.761 E.18118
G1 X37.188 Y28.317 E.14424
G1 X40.686 Y28.032 E.10478
M204 S1000
;TYPE:Outer wall
;WIDTH:0.42
G1 X40.886 Y28.015 E.00617
M106 S204
G1 F1680
G1 X41.055 Y28.001 E.00521
G1 F3000
G1 X46.81 Y27.532 E.17742
G1 X51.62 Y27.183 E.1482
G1 X61.246 Y26.567 E.29638
G1 X68.651 Y26.142 E.22792
G1 X76.022 Y25.782 E.22674
G1 X80.921 Y25.565 E.15069
G1 X90.786 Y25.185 E.30335
G1 X100.654 Y24.877 E.30336
G1 X105.59 Y24.742 E.15171
G1 X115.513 Y24.506 E.305
G1 X125.467 Y24.31 E.30592
G1 X140.338 Y24.081 E.457
G1 X147.715 Y23.991 E.2267
G1 X155.103 Y23.908 E.22704
G1 X175.893 Y23.742 E.63883
M204 S2000
G1 X175.521 Y24.137 F18000
M204 S1500
;TYPE:Inner wall
;WIDTH:0.45
G1 F4800
G1 X175.521 Y106.137 E2.7201
G1 X155.663 Y105.982 E.65874
G1 X148.174 Y105.899 E.24845
G1 X140.692 Y105.805 E.2482
G1 X125.876 Y105.58 E.49155
G1 X115.976 Y105.392 E.32845
G1 X106.095 Y105.155 E.32786
G1 X101.161 Y105.024 E.16372
G1 X91.218 Y104.712 E.33001
G1 X81.27 Y104.333 E.33023
G1 X76.337 Y104.115 E.16379
G1 X66.428 Y103.619 E.32912
G1 X59.043 Y103.188 E.24538
G1 X51.813 Y102.715 E.24034
G1 X42.166 Y101.983 E.32095
G1 X40.801 Y101.866 E.04543
G1 X40.403 Y101.831 E.01327
G1 F1680
M106 S255
G1 X40.22 Y101.816 E.00609
G1 F900
G1 X40.02 Y101.799 E.00666
M204 S500
;TYPE:Overhang wall
;WIDTH:0.409292
G1 X32.546 Y101.138 E.22402
G1 X26.729 Y100.57 E.17448
G1 X26.729 Y29.707 E2.11559
G1 X32.414 Y29.151 E.17053
G1 X37.222 Y28.707 E.14415
G1 X40.687 Y28.425 E.1038
M204 S1500
;TYPE:Inner wall
;WIDTH:0.45
G1 X40.887 Y28.409 E.00666
M106 S204
G1 F1680
G1 X41.07 Y28.394 E.00609
G1 F4800
G1 X41.468 Y28.361 E.01327
G1 X46.84 Y27.923 E.17877
G1 X51.647 Y27.574 E.15988
G1 X61.27 Y26.959 E.31986
G1 X68.672 Y26.534 E.24595
G1 X76.04 Y26.174 E.24469
G1 X80.937 Y25.956 E.16263
G1 X90.8 Y25.576 E.32739
G1 X100.666 Y25.268 E.32743
G1 X105.6 Y25.134 E.16373
G1 X115.521 Y24.898 E.32921
G1 X125.474 Y24.702 E.33021
G1 X140.343 Y24.473 E.49331
G1 X147.719 Y24.383 E.24469
G1 X155.107 Y24.3 E.24508
G1 X175.501 Y24.137 E.67652
M204 S2000
G1 X175.357 Y25.066 F18000
;TYPE:Internal solid infill
;WIDTH:0.420904
G1 F6000
G1 X174.768 Y24.476 E.02568
G1 X174.237 Y24.48 E.01633
G1 X175.188 Y25.431 E.04139
G1 X175.188 Y25.965 E.01646
G1 X173.707 Y24.485 E.06449
G1 X173.177 Y24.489 E.01633
G1 X175.188 Y26.5 E.08759
G1 X175.188 Y27.034 E.01646
G1 X172.647 Y24.493 E.11069
G1 X172.116 Y24.497 E.01633
G1 X175.188 Y27.569 E.13379
G1 X175.188 Y28.103 E.01646
G1 X171.586 Y24.501 E.15689
G1 X171.056 Y24.506 E.01633
G1 X175.188 Y28.638 E.17999
G1 X175.188 Y29.172 E.01646
G1 X170.525 Y24.51 E.20309
G1 X169.995 Y24.514 E.01633
G1 X175.188 Y29.707 E.22619
G1 X175.188 Y30.242 E.01646
G1 X169.465 Y24.518 E.24929
G1 X168.934 Y24.523 E.01633
G1 X175.188 Y30.776 E.27239
G1 X175.188 Y31.311 E.01646
G1 X168.404 Y24.527 E.29549
G1 X167.874 Y24.531 E.01633
G1 X175.188 Y31.845 E.31859
G1 X175.188 Y32.38 E.01646
G1 X167.343 Y24.535 E.34169
G1 X166.813 Y24.54 E.01633
G1 X175.188 Y32.914 E.3648
G1 X175.188 Y33.449 E.01646
G1 X166.283 Y24.544 E.3879
G1 X165.752 Y24.548 E.01633
G1 X175.188 Y33.983 E.411
G1 X175.188 Y34.518 E.01646
G1 X165.222 Y24.552 E.4341
G1 X164.692 Y24.557 E.01633
G1 X175.188 Y35.053 E.4572
G1 X175.188 Y35.587 E.01646
G1 X164.161 Y24.561 E.4803
G1 X163.631 Y24.565 E.01633
G1 X175.188 Y36.122 E.5034
G1 X175.188 Y36.656 E.01646
G1 X163.101 Y24.569 E.5265
G1 X162.57 Y24.573 E.01633
G1 X175.188 Y37.191 E.5496
G1 X175.188 Y37.725 E.01646
G1 X162.04 Y24.578 E.5727
G1 X161.51 Y24.582 E.01633
G1 X175.188 Y38.26 E.5958
G1 X175.188 Y38.794 E.01646
G1 X160.98 Y24.586 E.6189
G1 X160.449 Y24.59 E.01633
G1 X175.188 Y39.329 E.642
G1 X175.188 Y39.863 E.01646
G1 X159.919 Y24.595 E.6651
G1 X159.389 Y24.599 E.01633
G1 X175.188 Y40.398 E.6882
G1 X175.188 Y40.933 E.01646
G1 X158.858 Y24.603 E.7113
G1 X158.328 Y24.607 E.01633
G1 X175.188 Y41.467 E.7344
G1 X175.188 Y42.002 E.01646
G1 X157.798 Y24.612 E.7575
G1 X157.267 Y24.616 E.01633
G1 X175.188 Y42.536 E.7806
G1 X175.188 Y43.071 E.01646
G1 X156.737 Y24.62 E.8037
G1 X156.207 Y24.624 E.01633
G1 X175.188 Y43.605 E.8268
G1 X175.188 Y44.14 E.01646
G1 X155.676 Y24.628 E.8499
G1 X155.146 Y24.633 E.01633
G1 X175.188 Y44.674 E.873
G1 X175.188 Y45.209 E.01646
G1 X154.617 Y24.639 E.89603
G1 X154.089 Y24.644 E.01628
G1 X175.188 Y45.744 E.91906
G1 X175.188 Y46.278 E.01646
G1 X153.56 Y24.65 E.94208
G1 X153.031 Y24.656 E.01628
G1 X175.188 Y46.813 E.96511
G1 X175.188 Y47.347 E.01646
G1 X152.503 Y24.662 E.98813
G1 X151.974 Y24.668 E.01628
G1 X175.188 Y47.882 E1.01116
G1 X175.188 Y48.416 E.01646
G1 X151.446 Y24.674 E1.03418
G1 X150.917 Y24.68 E.01628
G1 X175.188 Y48.951 E1.05721
G1 X175.188 Y49.485 E.01646
G1 X150.388 Y24.686 E1.08024
G1 X149.86 Y24.692 E.01628
G1 X175.188 Y50.02 E1.10326
G1 X175.188 Y50.554 E.01646
G1 X149.331 Y24.698 E1.12629
G1 X148.803 Y24.704 E.01628
G1 X175.188 Y51.089 E1.14931
G1 X175.188 Y51.624 E.01646
G1 X148.274 Y24.71 E1.17234
G1 X147.745 Y24.716 E.01628
G1 X175.188 Y52.158 E1.19536
G1 X175.188 Y52.693 E.01646
G1 X147.217 Y24.722 E1.21837
G1 X146.689 Y24.729 E.01627
G1 X175.188 Y53.227 E1.24137
G1 X175.188 Y53.762 E.01646
G1 X146.161 Y24.735 E1.26438
G1 X145.633 Y24.741 E.01627
G1 X175.188 Y54.296 E1.28738
G1 X175.188 Y54.831 E.01646
G1 X145.105 Y24.748 E1.31039
G1 X144.577 Y24.754 E.01627
G1 X175.188 Y55.365 E1.33339
G1 X175.188 Y55.9 E.01646
G1 X144.049 Y24.761 E1.35639
G1 X143.52 Y24.767 E.01627
G1 X175.188 Y56.435 E1.3794
G1 X175.188 Y56.969 E.01646
G1 X142.992 Y24.774 E1.4024
G1 X142.464 Y24.78 E.01627
G1 X175.188 Y57.504 E1.4254
G1 X175.188 Y58.038 E.01646
G1 X141.936 Y24.787 E1.44841
G1 X141.408 Y24.793 E.01627
G1 X175.188 Y58.573 E1.47141
G1 X175.188 Y59.107 E.01646
G1 X140.88 Y24.799 E1.49442
G1 X140.352 Y24.806 E.01627
G1 X175.188 Y59.642 E1.51742
G1 X175.188 Y60.176 E.01646
G1 X139.825 Y24.814 E1.54035
G1 X139.299 Y24.822 E.01622
G1 X175.188 Y60.711 E1.56328
G1 X175.188 Y61.245 E.01646
G1 X138.772 Y24.83 E1.58622
G1 X138.246 Y24.838 E.01622
G1 X175.188 Y61.78 E1.60915
G1 X175.188 Y62.315 E.01646
G1 X137.72 Y24.846 E1.63208
G1 X137.193 Y24.855 E.01622
G1 X175.188 Y62.849 E1.65501
G1 X175.188 Y63.384 E.01646
G1 X136.667 Y24.863 E1.67794
G1 X136.14 Y24.871 E.01622
G1 X175.188 Y63.918 E1.70087
G1 X175.188 Y64.453 E.01646
G1 X135.614 Y24.879 E1.7238
G1 X135.087 Y24.887 E.01622
G1 X175.188 Y64.987 E1.74673
G1 X175.188 Y65.522 E.01646
G1 X134.561 Y24.895 E1.76967
G1 X134.034 Y24.903 E.01622
G1 X175.188 Y66.056 E1.7926
G1 X175.188 Y66.591 E.01646
G1 X133.508 Y24.911 E1.81553
G1 X132.982 Y24.919 E.01622
G1 X175.188 Y67.126 E1.83846
G1 X175.188 Y67.66 E.01646
G1 X132.455 Y24.927 E1.86139
G1 X131.929 Y24.936 E.01622
G1 X175.188 Y68.195 E1.88432
G1 X175.188 Y68.729 E.01646
G1 X131.402 Y24.944 E1.90725
G1 X130.876 Y24.952 E.01622
G1 X175.188 Y69.264 E1.93019
G1 X175.188 Y69.798 E.01646
G1 X130.349 Y24.96 E1.95312
G1 X129.823 Y24.968 E.01622
G1 X175.188 Y70.333 E1.97605
G1 X175.188 Y70.867 E.01646
G1 X129.296 Y24.976 E1.99898
G1 X128.77 Y24.984 E.01622
G1 X175.188 Y71.402 E2.02191
G1 X175.188 Y71.936 E.01646
G1 X128.244 Y24.992 E2.04484
G1 X127.717 Y25 E.01622
G1 X175.188 Y72.471 E2.06777
G1 X175.188 Y73.006 E.01646
G1 X127.191 Y25.009 E2.09071
G1 X126.664 Y25.017 E.01622
G1 X175.188 Y73.54 E2.11364
G1 X175.188 Y74.075 E.01646
G1 X126.138 Y25.025 E2.13657
G1 X125.611 Y25.033 E.01622
G1 X175.188 Y74.609 E2.1595
G1 X175.188 Y75.144 E.01646
G1 X125.087 Y25.043 E2.18236
G1 X124.562 Y25.053 E.01615
G1 X175.188 Y75.678 E2.20519
G1 X175.188 Y76.213 E.01646
G1 X124.038 Y25.063 E2.22803
G1 X123.514 Y25.074 E.01615
G1 X175.188 Y76.747 E2.25086
G1 X175.188 Y77.282 E.01646
G1 X122.99 Y25.084 E2.2737
G1 X122.465 Y25.094 E.01615
G1 X175.188 Y77.817 E2.29653
G1 X175.188 Y78.351 E.01646
G1 X121.941 Y25.105 E2.31937
G1 X121.417 Y25.115 E.01615
G1 X175.188 Y78.886 E2.3422
G1 X175.188 Y79.42 E.01646
G1 X120.893 Y25.125 E2.36504
G1 X120.369 Y25.136 E.01615
G1 X175.188 Y79.955 E2.38787
G1 X175.188 Y80.489 E.01646
G1 X119.844 Y25.146 E2.41071
G1 X119.32 Y25.156 E.01615
G1 X175.188 Y81.024 E2.43354
G1 X175.188 Y81.558 E.01646
G1 X118.796 Y25.166 E2.45638
G1 X118.272 Y25.177 E.01615
G1 X175.188 Y82.093 E2.47921
G1 X175.188 Y82.627 E.01646
G1 X117.747 Y25.187 E2.50205
G1 X117.223 Y25.197 E.01615
G1 X175.188 Y83.162 E2.52488
G1 X175.188 Y83.697 E.01646
G1 X116.699 Y25.208 E2.54772
G1 X116.175 Y25.218 E.01615
G1 X175.188 Y84.231 E2.57055
G1 X175.188 Y84.766 E.01646
G1 X115.65 Y25.228 E2.59339
G1 X115.128 Y25.24 E.0161
G1 X175.188 Y85.3 E2.61615
G1 X175.188 Y85.835 E.01646
G1 X114.606 Y25.253 E2.6389
G1 X114.084 Y25.265 E.01609
G1 X175.188 Y86.369 E2.66164
G1 X175.188 Y86.904 E.01646
G1 X113.561 Y25.278 E2.68438
G1 X113.039 Y25.29 E.01609
G1 X175.188 Y87.438 E2.70713
G1 X175.188 Y87.973 E.01646
G1 X112.517 Y25.302 E2.72987
G1 X111.995 Y25.315 E.01609
G1 X175.188 Y88.508 E2.75261
G1 X175.188 Y89.042 E.01646
G1 X111.473 Y25.327 E2.77536
G1 X110.951 Y25.34 E.01609
G1 X175.188 Y89.577 E2.7981
G1 X175.188 Y90.111 E.01646
G1 X110.429 Y25.352 E2.82085
G1 X109.907 Y25.365 E.01609
G1 X175.188 Y90.646 E2.84359
G1 X175.188 Y91.18 E.01646
G1 X109.384 Y25.377 E2.86633
G1 X108.862 Y25.389 E.01609
G1 X175.188 Y91.715 E2.88908
G1 X175.188 Y92.249 E.01646
G1 X108.34 Y25.402 E2.91182
G1 X107.818 Y25.414 E.01609
G1 X175.188 Y92.784 E2.93456
G1 X175.188 Y93.318 E.01646
G1 X107.296 Y25.427 E2.95731
G1 X106.774 Y25.439 E.01609
G1 X175.188 Y93.853 E2.98005
G1 X175.188 Y94.388 E.01646
G1 X106.252 Y25.451 E3.00279
G1 X105.729 Y25.464 E.01609
G1 X175.188 Y94.922 E3.02554
G1 X175.188 Y95.457 E.01646
G1 X105.209 Y25.478 E3.04822
G1 X104.688 Y25.492 E.01603
G1 X175.188 Y95.991 E3.07089
G1 X175.188 Y96.526 E.01646
G1 X104.168 Y25.506 E3.09355
G1 X103.648 Y25.52 E.01603
G1 X175.188 Y97.06 E3.11621
G1 X175.188 Y97.595 E.01646
G1 X103.127 Y25.535 E3.13888
G1 X102.607 Y25.549 E.01603
G1 X175.188 Y98.129 E3.16154
G1 X175.188 Y98.664 E.01646
G1 X102.087 Y25.563 E3.18421
G1 X101.566 Y25.577 E.01603
G1 X175.188 Y99.199 E3.20687
G1 X175.188 Y99.733 E.01646
G1 X101.046 Y25.591 E3.22954
G1 X100.526 Y25.606 E.01602
G1 X175.188 Y100.268 E3.25218
G1 X175.188 Y100.802 E.01646
G1 X100.008 Y25.622 E3.27476
G1 X99.49 Y25.639 E.01597
G1 X175.188 Y101.337 E3.29734
G1 X175.188 Y101.871 E.01646
G1 X98.971 Y25.655 E3.31992
G1 X98.453 Y25.671 E.01597
G1 X175.188 Y102.406 E3.3425
G1 X175.188 Y102.94 E.01646
G1 X97.935 Y25.687 E3.36508
G1 X97.416 Y25.703 E.01597
G1 X175.188 Y103.475 E3.38766
G1 X175.188 Y104.009 E.01646
G1 X96.898 Y25.72 E3.41024
G1 X96.379 Y25.736 E.01597
G1 X175.188 Y104.544 E3.43282
G1 X175.188 Y105.079 E.01646
G1 X95.861 Y25.752 E3.4554
G1 X95.343 Y25.768 E.01597
G1 X175.188 Y105.613 E3.47798
G1 X175.188 Y105.801 E.00579
G1 X174.839 Y105.799 E.01075
G1 X94.824 Y25.784 E3.48535
G1 X94.306 Y25.8 E.01597
G1 X174.3 Y105.794 E3.48446
G1 X173.761 Y105.79 E.0166
G1 X93.788 Y25.817 E3.48357
G1 X93.269 Y25.833 E.01597
G1 X173.222 Y105.786 E3.48268
G1 X172.684 Y105.782 E.0166
G1 X92.751 Y25.849 E3.48179
G1 X92.232 Y25.865 E.01597
G1 X172.145 Y105.777 E3.48091
G1 X171.606 Y105.773 E.0166
G1 X91.714 Y25.881 E3.48002
G1 X91.196 Y25.897 E.01597
G1 X171.067 Y105.769 E3.47913
G1 X170.528 Y105.765 E.0166
G1 X90.678 Y25.915 E3.4782
G1 X90.164 Y25.934 E.01587
G1 X169.99 Y105.761 E3.47715
G1 X169.451 Y105.756 E.0166
G1 X89.649 Y25.954 E3.4761
G1 X89.134 Y25.974 E.01587
G1 X168.912 Y105.752 E3.47506
G1 X168.373 Y105.748 E.0166
G1 X88.619 Y25.994 E3.47401
G1 X88.105 Y26.014 E.01587
G1 X167.835 Y105.744 E3.47296
G1 X167.296 Y105.739 E.0166
G1 X87.59 Y26.034 E3.47191
G1 X87.075 Y26.053 E.01587
G1 X166.757 Y105.735 E3.47087
G1 X166.218 Y105.731 E.0166
G1 X86.56 Y26.073 E3.46982
G1 X86.046 Y26.093 E.01587
G1 X165.68 Y105.727 E3.46877
G1 X165.141 Y105.723 E.0166
G1 X85.531 Y26.113 E3.46773
G1 X85.016 Y26.133 E.01587
G1 X164.602 Y105.718 E3.46668
G1 X164.063 Y105.714 E.0166
G1 X84.502 Y26.152 E3.46563
G1 X83.987 Y26.172 E.01587
G1 X163.524 Y105.71 E3.46458
G1 X162.986 Y105.706 E.0166
G1 X83.472 Y26.192 E3.46354
G1 X82.957 Y26.212 E.01587
G1 X162.447 Y105.701 E3.46249
G1 X161.908 Y105.697 E.0166
G1 X82.443 Y26.232 E3.46144
G1 X81.928 Y26.252 E.01587
G1 X161.369 Y105.693 E3.46039
G1 X160.831 Y105.689 E.0166
G1 X81.413 Y26.271 E3.45935
G1 X80.899 Y26.292 E.01586
G1 X160.292 Y105.685 E3.45829
G1 X159.753 Y105.68 E.0166
G1 X80.387 Y26.314 E3.45711
G1 X79.875 Y26.337 E.01578
G1 X159.214 Y105.676 E3.45594
G1 X158.676 Y105.672 E.0166
G1 X79.363 Y26.36 E3.45476
G1 X78.852 Y26.383 E.01578
G1 X158.137 Y105.668 E3.45358
G1 X157.598 Y105.664 E.0166
G1 X78.34 Y26.405 E3.45241
G1 X77.828 Y26.428 E.01578
G1 X157.059 Y105.659 E3.45123
G1 X156.52 Y105.655 E.0166
G1 X77.316 Y26.451 E3.45006
G1 X76.804 Y26.474 E.01578
G1 X155.982 Y105.651 E3.44888
G1 X155.442 Y105.646 E.01662
G1 X76.293 Y26.496 E3.44768
G1 X75.782 Y26.52 E.01575
G1 X154.902 Y105.64 E3.44637
G1 X154.361 Y105.634 E.01665
G1 X75.272 Y26.545 E3.44503
G1 X74.763 Y26.57 E.01572
G1 X153.821 Y105.628 E3.44368
G1 X153.28 Y105.622 E.01665
G1 X74.253 Y26.595 E3.44234
G1 X73.743 Y26.62 E.01572
G1 X152.739 Y105.616 E3.44099
G1 X152.199 Y105.61 E.01665
G1 X73.234 Y26.645 E3.43965
G1 X72.724 Y26.67 E.01572
G1 X151.658 Y105.604 E3.4383
G1 X151.118 Y105.598 E.01665
G1 X72.214 Y26.695 E3.43696
G1 X71.705 Y26.719 E.01572
G1 X150.577 Y105.592 E3.43561
G1 X150.037 Y105.586 E.01665
G1 X71.195 Y26.744 E3.43427
G1 X70.685 Y26.769 E.01572
G1 X149.496 Y105.58 E3.43292
G1 X148.956 Y105.574 E.01665
G1 X70.176 Y26.794 E3.43158
G1 X69.666 Y26.819 E.01572
G1 X148.415 Y105.568 E3.43023
G1 X147.874 Y105.562 E.01666
G1 X69.157 Y26.844 E3.42887
G1 X68.647 Y26.869 E.01571
G1 X147.333 Y105.555 E3.42747
G1 X146.791 Y105.548 E.01668
G1 X68.142 Y26.898 E3.42591
G1 X67.636 Y26.927 E.0156
G1 X146.25 Y105.541 E3.42435
G1 X145.709 Y105.534 E.01668
G1 X67.131 Y26.956 E3.42279
G1 X66.625 Y26.985 E.0156
G1 X145.167 Y105.528 E3.42123
G1 X144.626 Y105.521 E.01668
G1 X66.119 Y27.014 E3.41967
G1 X65.614 Y27.043 E.0156
G1 X144.085 Y105.514 E3.41811
G1 X143.543 Y105.507 E.01668
G1 X65.108 Y27.072 E3.41655
G1 X64.603 Y27.101 E.0156
G1 X143.002 Y105.5 E3.41499
G1 X142.461 Y105.494 E.01668
G1 X64.097 Y27.13 E3.41343
G1 X63.592 Y27.159 E.0156
G1 X141.919 Y105.487 E3.41187
G1 X141.378 Y105.48 E.01668
G1 X63.086 Y27.188 E3.41031
G1 X62.581 Y27.217 E.0156
G1 X140.837 Y105.473 E3.40875
G1 X140.294 Y105.465 E.01671
G1 X62.075 Y27.246 E3.40715
G1 X61.57 Y27.275 E.0156
G1 X139.751 Y105.457 E3.40552
G1 X139.209 Y105.449 E.01672
G1 X61.065 Y27.306 E3.40384
G1 X60.563 Y27.338 E.01551
G1 X138.666 Y105.441 E3.40208
G1 X138.123 Y105.432 E.01672
G1 X60.061 Y27.37 E3.40032
G1 X59.558 Y27.402 E.01551
G1 X137.58 Y105.424 E3.39856
G1 X137.037 Y105.416 E.01672
G1 X59.056 Y27.434 E3.3968
G1 X58.553 Y27.466 E.01551
G1 X136.495 Y105.408 E3.39505
G1 X135.952 Y105.399 E.01672
G1 X58.051 Y27.499 E3.39329
G1 X57.549 Y27.531 E.01551
G1 X135.409 Y105.391 E3.39153
G1 X134.866 Y105.383 E.01672
G1 X57.046 Y27.563 E3.38977
G1 X56.544 Y27.595 E.01551
G1 X134.323 Y105.375 E3.38801
G1 X133.781 Y105.366 E.01672
G1 X56.041 Y27.627 E3.38625
G1 X55.539 Y27.659 E.01551
G1 X133.238 Y105.358 E3.38449
G1 X132.695 Y105.35 E.01672
G1 X55.037 Y27.691 E3.38273
G1 X54.534 Y27.724 E.01551
G1 X132.152 Y105.342 E3.38097
G1 X131.609 Y105.333 E.01672
G1 X54.032 Y27.756 E3.37921
G1 X53.529 Y27.788 E.01551
G1 X131.067 Y105.325 E3.37745
G1 X130.524 Y105.317 E.01672
G1 X53.027 Y27.82 E3.37569
G1 X52.525 Y27.852 E.01551
G1 X129.981 Y105.309 E3.37394
G1 X129.438 Y105.3 E.01672
G1 X52.022 Y27.884 E3.37218
G1 X51.521 Y27.918 E.01547
G1 X128.896 Y105.292 E3.37036
G1 X128.353 Y105.284 E.01672
G1 X51.023 Y27.954 E3.36843
G1 X50.524 Y27.99 E.01539
G1 X127.81 Y105.276 E3.3665
G1 X127.267 Y105.267 E.01672
G1 X50.026 Y28.026 E3.36456
G1 X49.527 Y28.062 E.01539
G1 X126.724 Y105.259 E3.36263
G1 X126.182 Y105.251 E.01672
G1 X49.029 Y28.098 E3.3607
G1 X48.531 Y28.135 E.01539
G1 X125.638 Y105.242 E3.35872
G1 X125.093 Y105.231 E.01679
G1 X48.032 Y28.171 E3.3567
G1 X47.534 Y28.207 E.01539
G1 X124.548 Y105.221 E3.35467
G1 X124.003 Y105.211 E.01679
G1 X47.035 Y28.243 E3.35265
G1 X46.54 Y28.282 E.01531
G1 X123.458 Y105.2 E3.3505
G1 X122.913 Y105.19 E.01679
G1 X46.045 Y28.322 E3.3483
G1 X45.551 Y28.362 E.01527
G1 X122.368 Y105.18 E3.34609
G1 X121.824 Y105.169 E.01679
G1 X45.057 Y28.403 E3.34388
G1 X44.563 Y28.443 E.01527
G1 X121.279 Y105.159 E3.34168
G1 X120.734 Y105.149 E.01679
G1 X44.068 Y28.483 E3.33947
G1 X43.574 Y28.524 E.01527
G1 X120.189 Y105.138 E3.33726
G1 X119.644 Y105.128 E.01679
G1 X43.08 Y28.564 E3.33506
G1 X42.586 Y28.604 E.01527
G1 X119.099 Y105.118 E3.33285
G1 X118.554 Y105.107 E.01679
G1 X42.092 Y28.645 E3.33064
G1 X42.017 Y28.651 E.00231
G1 X42.018 Y29.106 E.01402
G1 X118.009 Y105.097 E3.3101
G1 X117.464 Y105.087 E.01679
G1 X42.02 Y29.642 E3.28628
G1 X42.022 Y30.179 E.01652
G1 X116.92 Y105.076 E3.26247
G1 X116.375 Y105.066 E.01679
G1 X42.024 Y30.715 E3.23865
G1 X42.026 Y31.252 E.01652
G1 X115.829 Y105.055 E3.2148
G1 X115.281 Y105.042 E.01687
G1 X42.028 Y31.788 E3.19086
G1 X42.029 Y32.324 E.01652
G1 X114.734 Y105.029 E3.16693
G1 X114.186 Y105.015 E.01687
G1 X42.031 Y32.861 E3.14299
G1 X42.033 Y33.397 E.01652
G1 X113.638 Y105.002 E3.11905
G1 X113.091 Y104.989 E.01687
G1 X42.035 Y33.934 E3.09512
G1 X42.037 Y34.47 E.01652
G1 X112.543 Y104.976 E3.07118
G1 X111.995 Y104.963 E.01687
G1 X42.039 Y35.006 E3.04724
G1 X42.04 Y35.543 E.01652
G1 X111.447 Y104.95 E3.0233
G1 X110.9 Y104.937 E.01687
G1 X42.042 Y36.079 E2.99937
G1 X42.044 Y36.616 E.01652
G1 X110.352 Y104.924 E2.97543
G1 X109.804 Y104.91 E.01687
G1 X42.046 Y37.152 E2.95149
G1 X42.048 Y37.688 E.01652
G1 X109.257 Y104.897 E2.92756
G1 X108.709 Y104.884 E.01687
G1 X42.05 Y38.225 E2.90362
G1 X42.052 Y38.761 E.01652
G1 X108.161 Y104.871 E2.87968
G1 X107.614 Y104.858 E.01687
G1 X42.053 Y39.298 E2.85574
G1 X42.055 Y39.834 E.01652
G1 X107.066 Y104.845 E2.83181
G1 X106.518 Y104.832 E.01687
G1 X42.057 Y40.37 E2.80787
G1 X42.059 Y40.907 E.01652
G1 X105.97 Y104.818 E2.78392
G1 X105.421 Y104.804 E.01692
G1 X42.061 Y41.443 E2.75992
G1 X42.063 Y41.98 E.01652
G1 X104.872 Y104.789 E2.73592
G1 X104.323 Y104.774 E.01692
G1 X42.065 Y42.516 E2.71192
G1 X42.066 Y43.052 E.01652
G1 X103.774 Y104.76 E2.68792
G1 X103.225 Y104.745 E.01692
G1 X42.068 Y43.589 E2.66392
G1 X42.07 Y44.125 E.01652
G1 X102.676 Y104.731 E2.63992
G1 X102.126 Y104.716 E.01692
G1 X42.072 Y44.662 E2.61592
G1 X42.074 Y45.198 E.01652
G1 X101.577 Y104.701 E2.59192
G1 X101.027 Y104.686 E.01694
G1 X42.076 Y45.734 E2.56789
G1 X42.077 Y46.271 E.01652
G1 X100.476 Y104.669 E2.54377
G1 X99.924 Y104.652 E.01701
G1 X42.079 Y46.807 E2.51965
G1 X42.081 Y47.344 E.01652
G1 X99.372 Y104.634 E2.49553
G1 X98.82 Y104.617 E.01701
G1 X42.083 Y47.88 E2.47141
G1 X42.085 Y48.416 E.01652
G1 X98.268 Y104.6 E2.44729
G1 X97.716 Y104.582 E.01701
G1 X42.087 Y48.953 E2.42317
G1 X42.089 Y49.489 E.01652
G1 X97.164 Y104.565 E2.39905
G1 X96.613 Y104.548 E.01701
G1 X42.09 Y50.026 E2.37494
G1 X42.092 Y50.562 E.01652
G1 X96.061 Y104.53 E2.35082
G1 X95.509 Y104.513 E.01701
G1 X42.094 Y51.098 E2.3267
G1 X42.096 Y51.635 E.01652
G1 X94.957 Y104.496 E2.30258
G1 X94.405 Y104.478 E.01701
G1 X42.098 Y52.171 E2.27846
G1 X42.1 Y52.708 E.01652
G1 X93.853 Y104.461 E2.25434
G1 X93.301 Y104.444 E.01701
G1 X42.101 Y53.244 E2.23022
G1 X42.103 Y53.78 E.01652
G1 X92.75 Y104.427 E2.2061
G1 X92.198 Y104.409 E.01701
G1 X42.105 Y54.317 E2.18198
G1 X42.107 Y54.853 E.01652
G1 X91.646 Y104.392 E2.15786
G1 X91.093 Y104.374 E.01703
G1 X42.113 Y55.393 E2.13354
G1 X42.137 Y55.952 E.01721
G1 X90.538 Y104.353 E2.10833
G1 X89.983 Y104.333 E.01711
G1 X42.16 Y56.51 E2.08312
G1 X42.184 Y57.068 E.01721
G1 X89.428 Y104.312 E2.05791
G1 X88.873 Y104.292 E.01711
G1 X42.208 Y57.626 E2.0327
G1 X42.23 Y58.163 E.01655
G1 X42.21 Y58.164 E.00062
G1 X88.318 Y104.271 E2.0084
G1 X87.763 Y104.251 E.01711
G1 X42.084 Y58.572 E1.98974
G1 X42.084 Y59.106 E.01646
G1 X87.208 Y104.23 E1.96556
G1 X86.653 Y104.21 E.01711
G1 X42.084 Y59.641 E1.94138
G1 X42.084 Y60.175 E.01646
G1 X86.097 Y104.189 E1.91719
G1 X85.541 Y104.167 E.01715
G1 X42.084 Y60.71 E1.89295
G1 X42.084 Y61.244 E.01646
G1 X84.984 Y104.145 E1.86872
G1 X84.428 Y104.123 E.01715
G1 X42.084 Y61.779 E1.84448
G1 X42.084 Y62.313 E.01646
G1 X83.872 Y104.102 E1.82025
G1 X83.315 Y104.08 E.01715
G1 X42.084 Y62.848 E1.79602
G1 X42.084 Y63.383 E.01646
G1 X82.759 Y104.058 E1.77178
G1 X82.203 Y104.036 E.01715
G1 X42.084 Y63.917 E1.74755
G1 X42.084 Y64.452 E.01646
G1 X81.646 Y104.014 E1.72332
G1 X81.089 Y103.992 E.01718
G1 X42.084 Y64.986 E1.69904
G1 X42.084 Y65.521 E.01646
G1 X80.53 Y103.967 E1.67468
G1 X79.97 Y103.942 E.01724
G1 X42.084 Y66.055 E1.65032
G1 X42.084 Y66.59 E.01646
G1 X79.411 Y103.917 E1.62596
G1 X78.852 Y103.893 E.01724
G1 X42.084 Y67.124 E1.6016
G1 X42.084 Y67.659 E.01646
G1 X78.293 Y103.868 E1.57724
G1 X77.733 Y103.843 E.01724
G1 X42.084 Y68.193 E1.55288
G1 X42.084 Y68.728 E.01646
G1 X77.174 Y103.819 E1.52852
G1 X76.615 Y103.794 E.01724
G1 X42.084 Y69.263 E1.50415
G1 X42.084 Y69.797 E.01646
G1 X76.054 Y103.767 E1.47971
G1 X75.491 Y103.739 E.01735
G1 X42.084 Y70.332 E1.4552
G1 X42.084 Y70.866 E.01646
G1 X74.928 Y103.711 E1.43069
G1 X74.366 Y103.683 E.01735
G1 X42.084 Y71.401 E1.40618
G1 X42.084 Y71.935 E.01646
G1 X73.803 Y103.655 E1.38167
G1 X73.24 Y103.627 E.01735
G1 X42.084 Y72.47 E1.35716
G1 X42.084 Y72.894 E.01306
G1 X42.23 Y72.897 E.00452
G1 X42.221 Y73.142 E.00756
G1 X72.678 Y103.598 E1.32666
G1 X72.115 Y103.57 E.01735
G1 X42.201 Y73.657 E1.30301
G1 X42.182 Y74.172 E.01587
G1 X71.552 Y103.542 E1.27935
G1 X70.99 Y103.514 E.01735
G1 X42.162 Y74.687 E1.25569
G1 X42.129 Y75.188 E.01548
G1 X70.427 Y103.486 E1.23262
G1 X69.864 Y103.458 E.01735
G1 X42.06 Y75.654 E1.21112
G1 X41.991 Y76.119 E.01449
G1 X69.301 Y103.43 E1.18962
G1 X68.739 Y103.401 E.01735
G1 X41.922 Y76.585 E1.16811
G1 X41.853 Y77.05 E.01449
G1 X68.176 Y103.373 E1.14661
G1 X67.613 Y103.345 E.01735
G1 X41.784 Y77.516 E1.12511
G1 X41.715 Y77.981 E.01449
G1 X67.051 Y103.317 E1.10361
G1 X66.488 Y103.289 E.01735
G1 X41.685 Y78.486 E1.0804
G1 X41.666 Y79.002 E.01591
G1 X65.921 Y103.256 E1.05649
G1 X65.353 Y103.223 E.01752
G1 X41.648 Y79.518 E1.03257
G1 X41.629 Y80.034 E.01591
G1 X64.785 Y103.19 E1.00864
G1 X64.217 Y103.156 E.01752
G1 X41.611 Y80.55 E.98472
G1 X41.592 Y81.066 E.01591
G1 X63.65 Y103.123 E.96079
G1 X63.082 Y103.09 E.01752
G1 X41.574 Y81.582 E.93687
G1 X41.555 Y82.098 E.01591
G1 X62.514 Y103.057 E.91294
G1 X61.946 Y103.024 E.01752
G1 X41.537 Y82.614 E.88902
G1 X41.518 Y83.13 E.01591
G1 X61.379 Y102.99 E.86509
G1 X60.811 Y102.957 E.01752
G1 X41.5 Y83.646 E.84116
G1 X41.482 Y84.162 E.01591
G1 X60.243 Y102.924 E.81724
G1 X59.675 Y102.891 E.01752
G1 X41.463 Y84.678 E.79331
G1 X41.445 Y85.195 E.01591
G1 X59.108 Y102.858 E.76939
G1 X58.536 Y102.821 E.01764
G1 X41.426 Y85.711 E.74529
G1 X41.408 Y86.227 E.01591
G1 X57.964 Y102.783 E.72119
G1 X57.392 Y102.746 E.01765
G1 X41.389 Y86.743 E.69708
G1 X41.371 Y87.259 E.01591
G1 X56.82 Y102.708 E.67297
G1 X56.248 Y102.671 E.01765
G1 X41.352 Y87.775 E.64886
G1 X41.349 Y88.306 E.01636
G1 X55.676 Y102.634 E.62409
G1 X55.104 Y102.596 E.01765
G1 X41.349 Y88.841 E.59918
G1 X41.349 Y89.375 E.01646
G1 X54.532 Y102.559 E.57426
G1 X53.961 Y102.521 E.01765
G1 X41.349 Y89.91 E.54935
G1 X41.349 Y90.444 E.01646
G1 X53.389 Y102.484 E.52444
G1 X52.817 Y102.447 E.01765
G1 X41.349 Y90.979 E.49953
G1 X41.349 Y91.513 E.01646
G1 X52.245 Y102.409 E.47461
G1 X51.671 Y102.37 E.01772
G1 X41.349 Y92.048 E.44962
G1 X41.349 Y92.583 E.01646
G1 X51.092 Y102.326 E.42442
G1 X50.514 Y102.282 E.01787
G1 X41.349 Y93.117 E.39922
G1 X41.349 Y93.652 E.01646
G1 X49.935 Y102.238 E.37402
G1 X49.357 Y102.194 E.01787
G1 X41.349 Y94.186 E.34883
G1 X41.349 Y94.721 E.01646
G1 X48.779 Y102.15 E.32363
G1 X48.2 Y102.106 E.01787
G1 X41.349 Y95.255 E.29843
G1 X41.349 Y95.79 E.01646
G1 X47.622 Y102.063 E.27323
G1 X47.043 Y102.019 E.01787
G1 X41.349 Y96.324 E.24804
G1 X41.349 Y96.859 E.01646
G1 X46.465 Y101.975 E.22284
G1 X45.886 Y101.931 E.01787
G1 X41.349 Y97.394 E.19764
G1 X41.349 Y97.928 E.01646
G1 X45.308 Y101.887 E.17244
G1 X44.729 Y101.843 E.01787
G1 X41.349 Y98.463 E.14724
G1 X41.349 Y98.997 E.01646
G1 X44.151 Y101.799 E.12205
G1 X43.572 Y101.755 E.01787
G1 X41.349 Y99.532 E.09685
G1 X41.349 Y100.066 E.01646
G1 X42.994 Y101.711 E.07165
G1 X42.415 Y101.667 E.01787
G1 X41.349 Y100.601 E.04645
G1 X41.349 Y101.135 E.01646
G1 X42.019 Y101.805 E.02919
; stop printing object USV 1 e2mm.stl_5 id:1 copy 0
; end of layer_num: 3, T: 0, print_z: 0.640000
;LAYER_CHANGE
;Z:0.84
;HEIGHT:0.2
; BEFORE_LAYER_CHANGE 3 @ 0.84mm
G92 E0
; AFTER_LAYER_CHANGE 3 @ 0.84mm
; start of layer_num: 4, T: 0, print_z: 0.840000
; printing object "USV 1 e2mm.stl_6_B" id:0 copy 0
G1 E-.8 F3600
G1 X176.68 Y116.219 Z.84 F18000
G1 E.8 F3600
M204 S1000
;TYPE:Outer wall
;WIDTH:0.42
G1 F3000
G1 X176.68 Y128.973 E.39189
G1 X176.68 Y199.009 E2.152
G1 X163.261 Y198.906 E.41232
G1 X148.483 Y198.764 E.4541
G1 X141.107 Y198.67 E.22668
G1 X126.236 Y198.44 E.457
G1 X116.282 Y198.245 E.30592
G1 X101.423 Y197.877 E.4567
G1 X86.619 Y197.381 E.45514
G1 X81.69 Y197.186 E.15158
G1 X76.791 Y196.968 E.15068
G1 X69.422 Y196.607 E.2267
G1 X62.016 Y196.187 E.22795
G1 X52.39 Y195.567 E.29637
G1 X47.58 Y195.217 E.1482
G1 X42.769 Y194.834 E.1483
G1 X37.959 Y194.426 E.14831
G1 X33.148 Y193.99 E.14844
G1 X27.098 Y193.398 E.1868
G1 X27.098 Y121.826 E2.1992
G1 X33.281 Y121.222 E.19089
G1 X42.906 Y120.376 E.2969
G1 X47.726 Y119.993 E.14855
G1 X52.556 Y119.644 E.14881
G1 X59.79 Y119.171 E.22275
G1 X67.177 Y118.739 E.22739
G1 X77.089 Y118.243 E.30495
G1 X82.024 Y118.026 E.15178
G1 X87.001 Y117.831 E.15304
G1 X96.945 Y117.481 E.30576
G1 X106.854 Y117.203 E.3046
G1 X116.737 Y116.967 E.30374
G1 X126.638 Y116.783 E.30429
G1 X136.52 Y116.617 E.3037
G1 X148.938 Y116.46 E.38161
G1 X156.428 Y116.381 E.23015
G1 X176.66 Y116.219 E.62167
M204 S2000
G1 X176.287 Y116.614 F18000
M204 S1500
;TYPE:Inner wall
;WIDTH:0.45
G1 F4800
G1 X176.287 Y128.973 E.40996
G1 X176.287 Y198.614 E2.3101
G1 X163.265 Y198.514 E.432
G1 X148.488 Y198.372 E.49021
G1 X141.112 Y198.278 E.24468
G1 X126.243 Y198.048 E.4933
G1 X116.29 Y197.853 E.3302
G1 X101.435 Y197.485 E.49295
G1 X86.634 Y196.989 E.49125
G1 X81.706 Y196.794 E.16358
G1 X76.81 Y196.576 E.1626
G1 X69.443 Y196.216 E.24466
G1 X62.039 Y195.796 E.24598
G1 X52.417 Y195.176 E.31984
G1 X47.61 Y194.826 E.1599
G1 X42.801 Y194.444 E.16002
G1 X37.994 Y194.035 E.16004
G1 X33.185 Y193.599 E.16016
G1 X27.49 Y193.042 E.18982
G1 X27.49 Y122.182 E2.35058
G1 X33.317 Y121.612 E.19422
G1 X42.939 Y120.767 E.3204
G1 X47.755 Y120.384 E.16027
G1 X52.583 Y120.035 E.16055
G1 X59.814 Y119.563 E.24038
G1 X67.198 Y119.131 E.24538
G1 X77.108 Y118.635 E.32911
G1 X82.04 Y118.417 E.16379
G1 X87.015 Y118.222 E.16515
G1 X96.958 Y117.873 E.33001
G1 X106.865 Y117.595 E.32875
G1 X116.745 Y117.359 E.32784
G1 X126.645 Y117.175 E.32845
G1 X136.526 Y117.009 E.32783
G1 X148.943 Y116.852 E.41192
G1 X156.432 Y116.773 E.24844
G1 X176.267 Y116.615 E.658
G1 E-.8 F3600
M204 S2000
G1 X175.939 Y161.03 F18000
G1 E.8 F3600
;TYPE:Sparse infill
G1 F8843.478
G1 X175.939 Y151.03 E.33172
G1 X70.141 Y179.379 E3.63334
G1 X70.14 Y179.434 E.00185
G1 X86.443 Y118.593 E2.08941
G1 X81.189 Y118.803 E.17441
G1 X160.525 Y198.139 E3.7218
G1 X166.261 Y198.188 E.19028
G1 X175.939 Y162.068 E1.24046
G1 X175.939 Y161.741 E.01084
G1 X131.637 Y117.439 E2.07829
G1 X137.349 Y117.347 E.1895
G1 X115.874 Y197.494 E2.75243
G1 X125.326 Y197.681 E.31359
G1 X175.939 Y173.673 F18000
G1 F8843.478
G1 X175.939 Y163.673 E.33172
G1 X70.854 Y191.831 E3.60884
G1 X71.206 Y195.175 E.11156
G1 X72.024 Y195.993 E.03837
G1 X78.266 Y196.293 E.2073
G1 X99.202 Y118.158 E2.6833
G1 X97.852 Y118.196 E.04481
G1 X175.939 Y196.283 E3.66322
G1 X175.939 Y188.96 E.24292
G1 X142.402 Y197.946 E1.15173
G1 X141.044 Y197.928 E.04506
G1 X162.71 Y117.071 E2.7768
G1 X161.072 Y117.084 E.05432
G1 X67.307 Y142.208 E3.2201
G1 X67.377 Y142.563 E.012
G1 X73.648 Y119.157 E.80382
G1 X65.679 Y119.569 E.26472
G1 X65.755 Y120.64 E.03564
G1 X143.069 Y197.954 E3.62697
G1 X143.649 Y197.962 F18000
G1 F8843.478
G1 X153.648 Y198.073 E.33172
G1 X175.38 Y116.97 E2.78524
G1 X165.787 Y117.046 E.31824
G1 X175.939 Y127.199 E.47628
G1 X175.939 Y125.744 E.04828
G1 X72.036 Y153.584 E3.56824
G1 X69.248 Y147.369 E.22595
G1 X69.002 Y147.056 E.01321
G1 X68.361 Y146.558 E.02695
G1 X67.904 Y145.239 E.04629
G1 X67.792 Y144.668 E.01929
G1 X72.144 Y167.235 F18000
G1 F8843.478
G1 X71.473 Y171.235 E.13454
G1 X71.332 Y171.549 E.01139
G1 X70.505 Y172.644 E.04553
G1 X70.161 Y175.989 E.11153
G1 X70.156 Y176.854 E.0287
G1 X90.057 Y196.755 E.9336
G1 X90.779 Y196.779 E.02396
G1 X111.936 Y117.822 E2.71156
G1 X111.055 Y117.843 E.02922
G1 X66.405 Y129.807 E1.53337
G1 X67.079 Y139.236 E.31358
G1 X125.529 Y197.685 E2.74199
G1 X128.453 Y197.734 E.097
G1 X150.035 Y117.189 E2.76608
G1 X148.673 Y117.204 E.04519
G1 X175.939 Y144.47 E1.27913
G1 X175.939 Y138.387 E.20179
G1 X72.324 Y166.15 E3.55835
G1 X72.951 Y162.379 E.12683
G1 X107.869 Y197.296 E1.63804
G1 X103.314 Y197.183 E.15113
G1 X124.649 Y117.56 E2.73441
G1 X114.684 Y117.756 E.33063
G1 X175.939 Y179.012 E2.87363
G1 X175.939 Y176.316 E.08941
G1 X98.593 Y197.041 E2.65622
G1 X90.983 Y196.786 E.2526
G1 X70.29 Y196.093 F18000
;TYPE:Internal solid infill
;WIDTH:0.421459
G1 F6000
G1 X70.85 Y195.534 E.02441
G1 X70.799 Y195.049 E.01502
G1 X69.942 Y195.906 E.03738
G1 X69.432 Y195.881 E.01575
G1 X70.748 Y194.565 E.05741
G1 X70.697 Y194.081 E.01502
G1 X68.925 Y195.852 E.07729
G1 X68.418 Y195.824 E.01565
G1 X70.646 Y193.596 E.09716
G1 X70.595 Y193.112 E.01502
G1 X67.912 Y195.795 E.11704
G1 X67.405 Y195.766 E.01565
G1 X70.544 Y192.628 E.13691
G1 X70.493 Y192.143 E.01502
G1 X66.899 Y195.737 E.15678
G1 X66.392 Y195.709 E.01565
G1 X70.442 Y191.659 E.17666
G1 X70.391 Y191.175 E.01502
G1 X65.885 Y195.68 E.19653
G1 X65.379 Y195.651 E.01565
G1 X70.34 Y190.69 E.21641
G1 X70.289 Y190.206 E.01502
G1 X64.872 Y195.623 E.23628
G1 X64.365 Y195.594 E.01565
G1 X70.238 Y189.722 E.25616
G1 X70.187 Y189.237 E.01502
G1 X63.859 Y195.565 E.27603
G1 X63.352 Y195.536 E.01565
G1 X70.136 Y188.753 E.29591
G1 X70.084 Y188.269 E.01502
G1 X62.846 Y195.508 E.31578
G1 X62.339 Y195.479 E.01565
G1 X70.033 Y187.784 E.33565
G1 X69.982 Y187.3 E.01502
G1 X61.834 Y195.449 E.35546
G1 X61.331 Y195.416 E.01555
G1 X69.931 Y186.816 E.37517
G1 X69.88 Y186.332 E.01502
G1 X60.828 Y195.384 E.39489
G1 X60.325 Y195.351 E.01555
G1 X69.829 Y185.847 E.4146
G1 X69.778 Y185.363 E.01502
G1 X59.822 Y195.319 E.43431
G1 X59.319 Y195.287 E.01555
G1 X69.727 Y184.879 E.45403
G1 X69.718 Y184.352 E.01623
G1 X58.816 Y195.254 E.47557
G1 X58.313 Y195.222 E.01555
G1 X69.721 Y183.814 E.49765
G1 X69.725 Y183.275 E.01661
G1 X57.811 Y195.189 E.51973
G1 X57.308 Y195.157 E.01555
G1 X69.728 Y182.737 E.54182
G1 X69.731 Y182.198 E.01661
G1 X56.805 Y195.125 E.5639
G1 X56.302 Y195.092 E.01555
G1 X69.735 Y181.659 E.58598
G1 X69.738 Y181.121 E.01661
G1 X55.799 Y195.06 E.60807
G1 X55.296 Y195.027 E.01555
G1 X69.741 Y180.582 E.63015
G1 X69.744 Y180.043 E.01661
G1 X54.793 Y194.995 E.65223
G1 X54.29 Y194.963 E.01555
G1 X69.748 Y179.505 E.67432
G1 X69.751 Y178.966 E.01661
G1 X53.787 Y194.93 E.6964
G1 X53.284 Y194.898 E.01555
G1 X69.754 Y178.428 E.71848
G1 X69.758 Y177.889 E.01661
G1 X52.781 Y194.866 E.74057
G1 X52.279 Y194.832 E.01551
G1 X69.761 Y177.35 E.7626
G1 X69.764 Y176.812 E.01661
G1 X51.78 Y194.796 E.78451
G1 X51.281 Y194.759 E.01543
G1 X69.767 Y176.273 E.80642
G1 X69.769 Y175.976 E.00917
G1 X69.796 Y175.709 E.00827
G1 X50.782 Y194.723 E.82943
G1 X50.283 Y194.687 E.01543
G1 X69.857 Y175.113 E.85388
G1 X69.919 Y174.516 E.0185
G1 X49.784 Y194.65 E.87832
G1 X49.285 Y194.614 E.01543
G1 X69.98 Y173.919 E.90277
G1 X70.041 Y173.323 E.0185
G1 X48.786 Y194.578 E.92722
G1 X48.287 Y194.542 E.01543
G1 X70.103 Y172.726 E.95167
G1 X70.121 Y172.545 E.00562
G1 X70.156 Y172.456 E.00293
G1 X71.005 Y171.331 E.04346
G1 X71.037 Y171.256 E.00253
G1 X47.788 Y194.505 E1.0142
G1 X47.291 Y194.467 E.01537
G1 X71.193 Y170.565 E1.04266
G1 X71.3 Y169.923 E.02008
G1 X46.795 Y194.427 E1.06895
G1 X46.299 Y194.388 E.01534
G1 X71.406 Y169.281 E1.09523
G1 X71.513 Y168.639 E.02008
G1 X45.804 Y194.348 E1.12152
G1 X45.308 Y194.309 E.01534
G1 X71.62 Y167.997 E1.14781
G1 X71.727 Y167.355 E.02008
G1 X44.812 Y194.269 E1.1741
G1 X44.316 Y194.23 E.01534
G1 X71.833 Y166.713 E1.20039
G1 X71.94 Y166.07 E.02008
G1 X43.82 Y194.19 E1.22668
G1 X43.324 Y194.151 E.01534
G1 X72.047 Y165.428 E1.25297
G1 X72.154 Y164.786 E.02008
G1 X42.828 Y194.112 E1.27925
G1 X42.335 Y194.07 E.01527
G1 X72.26 Y164.144 E1.30544
G1 X72.367 Y163.502 E.02008
G1 X41.842 Y194.028 E1.33162
G1 X41.348 Y193.986 E.01527
G1 X72.474 Y162.86 E1.3578
G1 X72.581 Y162.218 E.02008
G1 X40.855 Y193.944 E1.38398
G1 X40.361 Y193.902 E.01527
G1 X72.687 Y161.576 E1.41016
G1 X72.794 Y160.934 E.02008
G1 X39.868 Y193.86 E1.43634
G1 X39.375 Y193.818 E.01527
G1 X72.901 Y160.292 E1.46252
G1 X73.008 Y159.65 E.02008
G1 X38.881 Y193.776 E1.4887
G1 X38.388 Y193.734 E.01527
G1 X73.097 Y159.024 E1.51413
G1 X73.052 Y158.967 E.00226
G1 X73.014 Y158.859 E.00353
G1 X73.011 Y158.576 E.00874
G1 X37.895 Y193.691 E1.53186
G1 X37.404 Y193.647 E.0152
G1 X73.005 Y158.046 E1.553
G1 X72.999 Y157.517 E.01632
G1 X36.913 Y193.602 E1.57414
G1 X36.423 Y193.558 E.0152
G1 X72.992 Y156.988 E1.59528
G1 X72.991 Y156.848 E.00432
G1 X73.021 Y156.737 E.00355
G1 X72.924 Y156.521 E.0073
G1 X35.932 Y193.513 E1.61371
G1 X35.441 Y193.469 E.0152
G1 X72.758 Y156.152 E1.62789
G1 X72.592 Y155.782 E.01249
G1 X34.95 Y193.425 E1.64207
G1 X34.459 Y193.38 E.0152
G1 X72.426 Y155.413 E1.65625
G1 X72.261 Y155.043 E.01249
G1 X33.968 Y193.336 E1.67043
G1 X33.477 Y193.291 E.0152
G1 X72.095 Y154.674 E1.68461
G1 X71.929 Y154.304 E.01249
G1 X32.988 Y193.245 E1.69873
G1 X32.5 Y193.197 E.01511
G1 X71.763 Y153.935 E1.71277
G1 X71.598 Y153.565 E.01249
G1 X32.013 Y193.15 E1.72681
G1 X31.525 Y193.102 E.01511
G1 X71.432 Y153.195 E1.74085
G1 X71.266 Y152.826 E.01249
G1 X31.037 Y193.054 E1.75489
G1 X30.55 Y193.007 E.01511
G1 X71.1 Y152.456 E1.76893
G1 X70.934 Y152.087 E.01249
G1 X30.062 Y192.959 E1.78297
G1 X29.575 Y192.911 E.01511
G1 X70.769 Y151.717 E1.79701
G1 X70.603 Y151.348 E.01249
G1 X29.087 Y192.864 E1.81105
G1 X28.599 Y192.816 E.01511
G1 X70.437 Y150.978 E1.82509
G1 X70.271 Y150.608 E.01249
G1 X28.112 Y192.768 E1.83914
G1 X27.823 Y192.74 E.00893
G1 X27.823 Y192.521 E.00675
G1 X70.106 Y150.239 E1.84448
G1 X69.94 Y149.869 E.01249
G1 X27.823 Y191.986 E1.83725
G1 X27.823 Y191.45 E.01651
G1 X69.774 Y149.5 E1.83002
G1 X69.608 Y149.13 E.01249
G1 X27.823 Y190.915 E1.82279
G1 X27.823 Y190.38 E.01651
G1 X69.443 Y148.761 E1.81555
G1 X69.277 Y148.391 E.01249
G1 X27.823 Y189.844 E1.80832
G1 X27.823 Y189.309 E.01651
G1 X69.111 Y148.022 E1.80109
G1 X68.945 Y147.652 E.01249
G1 X27.823 Y188.774 E1.79386
G1 X27.823 Y188.238 E.01651
G1 X68.725 Y147.337 E1.78424
G1 X68.424 Y147.103 E.01177
G1 X27.823 Y187.703 E1.7711
G1 X27.823 Y187.168 E.01651
G1 X68.122 Y146.869 E1.75796
G1 X68.011 Y146.746 E.00511
G1 X67.934 Y146.522 E.00731
G1 X27.823 Y186.632 E1.74973
G1 X27.823 Y186.097 E.01651
G1 X67.796 Y146.125 E1.74373
G1 X67.658 Y145.727 E.01298
G1 X27.823 Y185.562 E1.73772
G1 X27.823 Y185.026 E.01651
G1 X67.522 Y145.328 E1.73178
G1 X67.434 Y144.88 E.01406
G1 X27.823 Y184.491 E1.72794
G1 X27.823 Y183.956 E.01651
G1 X67.346 Y144.433 E1.72409
G1 X67.258 Y143.986 E.01406
G1 X27.823 Y183.42 E1.72024
G1 X27.823 Y182.885 E.01651
G1 X67.169 Y143.539 E1.7164
G1 X67.081 Y143.092 E.01406
G1 X27.823 Y182.35 E1.71255
G1 X27.823 Y181.814 E.01651
G1 X66.993 Y142.645 E1.7087
G1 X66.905 Y142.198 E.01406
G1 X27.823 Y181.279 E1.70485
G1 X27.823 Y180.744 E.01651
G1 X66.863 Y141.704 E1.70304
G1 X66.828 Y141.204 E.01545
G1 X27.823 Y180.208 E1.70148
G1 X27.823 Y179.673 E.01651
G1 X66.792 Y140.705 E1.69992
G1 X66.756 Y140.205 E.01545
G1 X27.823 Y179.138 E1.69836
G1 X27.823 Y178.602 E.01651
G1 X66.72 Y139.706 E1.69679
G1 X66.684 Y139.206 E.01545
G1 X27.823 Y178.067 E1.69523
G1 X27.823 Y177.532 E.01651
G1 X66.648 Y138.707 E1.69367
G1 X66.613 Y138.207 E.01545
G1 X27.823 Y176.996 E1.6921
G1 X27.823 Y176.461 E.01651
G1 X66.577 Y137.708 E1.69054
G1 X66.541 Y137.208 E.01545
G1 X27.823 Y175.926 E1.68898
G1 X27.823 Y175.39 E.01651
G1 X66.505 Y136.709 E1.68742
G1 X66.469 Y136.209 E.01545
G1 X27.823 Y174.855 E1.68585
G1 X27.823 Y174.32 E.01651
G1 X66.434 Y135.71 E1.68429
G1 X66.398 Y135.21 E.01545
G1 X27.823 Y173.784 E1.68273
G1 X27.823 Y173.249 E.01651
G1 X66.362 Y134.711 E1.68117
G1 X66.326 Y134.211 E.01545
G1 X27.823 Y172.714 E1.6796
G1 X27.823 Y172.178 E.01651
G1 X66.29 Y133.712 E1.67804
G1 X66.254 Y133.212 E.01545
G1 X27.823 Y171.643 E1.67648
G1 X27.823 Y171.108 E.01651
G1 X66.219 Y132.713 E1.67491
G1 X66.183 Y132.213 E.01545
G1 X27.823 Y170.572 E1.67336
G1 X27.823 Y170.037 E.01651
G1 X66.147 Y131.713 E1.67181
G1 X66.112 Y131.213 E.01546
G1 X27.823 Y169.502 E1.67027
G1 X27.823 Y168.966 E.01651
G1 X66.077 Y130.713 E1.66872
G1 X66.041 Y130.213 E.01546
G1 X27.823 Y168.431 E1.66717
G1 X27.823 Y167.896 E.01651
G1 X66.006 Y129.714 E1.66562
G1 X65.97 Y129.214 E.01546
G1 X27.823 Y167.36 E1.66408
G1 X27.823 Y166.825 E.01651
G1 X65.935 Y128.714 E1.66253
G1 X65.899 Y128.214 E.01546
G1 X27.823 Y166.29 E1.66098
G1 X27.823 Y165.754 E.01651
G1 X65.864 Y127.714 E1.65943
G1 X65.828 Y127.214 E.01546
G1 X27.823 Y165.219 E1.65789
G1 X27.823 Y164.684 E.01651
G1 X65.793 Y126.714 E1.65634
G1 X65.757 Y126.214 E.01546
G1 X27.823 Y164.148 E1.65479
G1 X27.823 Y163.613 E.01651
G1 X65.722 Y125.715 E1.65325
G1 X65.686 Y125.215 E.01546
G1 X27.823 Y163.078 E1.6517
G1 X27.823 Y162.542 E.01651
G1 X65.651 Y124.715 E1.65015
G1 X65.615 Y124.215 E.01546
G1 X27.823 Y162.007 E1.6486
G1 X27.823 Y161.472 E.01651
G1 X65.58 Y123.715 E1.64706
G1 X65.544 Y123.215 E.01546
G1 X27.823 Y160.936 E1.64551
G1 X27.823 Y160.401 E.01651
G1 X65.509 Y122.715 E1.64396
G1 X65.474 Y122.216 E.01546
G1 X27.823 Y159.866 E1.64241
G1 X27.823 Y159.33 E.01651
G1 X65.438 Y121.716 E1.64087
G1 X65.403 Y121.216 E.01546
G1 X27.823 Y158.795 E1.63932
G1 X27.823 Y158.26 E.01651
G1 X65.367 Y120.716 E1.63777
G1 X65.332 Y120.216 E.01546
G1 X27.823 Y157.724 E1.63623
G1 X27.823 Y157.189 E.01651
G1 X65.296 Y119.716 E1.63468
G1 X65.286 Y119.577 E.00432
G1 X64.877 Y119.601 E.01266
G1 X27.823 Y156.654 E1.61637
G1 X27.823 Y156.118 E.01651
G1 X64.308 Y119.634 E1.59157
G1 X63.739 Y119.667 E.01757
G1 X27.823 Y155.583 E1.56677
G1 X27.823 Y155.048 E.01651
G1 X63.171 Y119.7 E1.54196
G1 X62.602 Y119.733 E.01757
G1 X27.823 Y154.512 E1.51716
G1 X27.823 Y153.977 E.01651
G1 X62.034 Y119.767 E1.49236
G1 X61.465 Y119.8 E.01757
G1 X27.823 Y153.442 E1.46756
G1 X27.823 Y152.906 E.01651
G1 X60.897 Y119.833 E1.44275
G1 X60.328 Y119.866 E.01757
G1 X27.823 Y152.371 E1.41795
G1 X27.823 Y151.836 E.01651
G1 X59.759 Y119.9 E1.39312
G1 X59.186 Y119.938 E.01771
G1 X27.823 Y151.3 E1.36814
G1 X27.823 Y150.765 E.01651
G1 X58.613 Y119.975 E1.34315
G1 X58.04 Y120.013 E.01771
G1 X27.823 Y150.23 E1.31816
G1 X27.823 Y149.694 E.01651
G1 X57.468 Y120.05 E1.29318
G1 X56.895 Y120.087 E.01771
G1 X27.823 Y149.159 E1.26819
G1 X27.823 Y148.624 E.01651
G1 X56.322 Y120.125 E1.2432
G1 X55.749 Y120.162 E.01771
G1 X27.823 Y148.088 E1.21822
G1 X27.823 Y147.553 E.01651
G1 X55.177 Y120.2 E1.19323
G1 X54.604 Y120.237 E.01771
G1 X27.823 Y147.018 E1.16824
G1 X27.823 Y146.482 E.01651
G1 X54.031 Y120.275 E1.14326
G1 X53.458 Y120.312 E.01771
G1 X27.823 Y145.947 E1.11827
G1 X27.823 Y145.412 E.01651
G1 X52.885 Y120.35 E1.09329
G1 X52.311 Y120.389 E.01778
G1 X27.823 Y144.876 E1.0682
G1 X27.823 Y144.341 E.01651
G1 X51.734 Y120.431 E1.04303
G1 X51.156 Y120.473 E.01785
G1 X27.823 Y143.806 E1.01786
G1 X27.823 Y143.27 E.01651
G1 X50.579 Y120.514 E.99269
G1 X50.002 Y120.556 E.01785
G1 X27.823 Y142.735 E.96752
G1 X27.823 Y142.2 E.01651
G1 X49.425 Y120.598 E.94235
G1 X48.848 Y120.639 E.01785
G1 X27.823 Y141.664 E.91718
G1 X27.823 Y141.129 E.01651
G1 X48.271 Y120.681 E.89201
G1 X47.694 Y120.723 E.01787
G1 X27.823 Y140.594 E.86681
G1 X27.823 Y140.058 E.01651
G1 X47.112 Y120.769 E.84144
G1 X46.531 Y120.816 E.01799
G1 X27.823 Y139.523 E.81607
G1 X27.823 Y138.988 E.01651
G1 X45.949 Y120.862 E.7907
G1 X45.368 Y120.908 E.01799
G1 X27.823 Y138.452 E.76533
G1 X27.823 Y137.917 E.01651
G1 X44.786 Y120.954 E.73997
G1 X44.205 Y121 E.01799
G1 X27.823 Y137.382 E.7146
G1 X27.823 Y136.846 E.01651
G1 X43.623 Y121.047 E.68923
G1 X43.041 Y121.093 E.01799
G1 X27.823 Y136.311 E.66386
G1 X27.823 Y135.776 E.01651
G1 X42.455 Y121.144 E.63829
G1 X41.868 Y121.195 E.01817
G1 X27.823 Y135.24 E.61268
G1 X27.823 Y134.705 E.01651
G1 X41.281 Y121.247 E.58708
G1 X40.695 Y121.298 E.01817
G1 X27.823 Y134.17 E.56148
G1 X27.823 Y133.634 E.01651
G1 X40.108 Y121.35 E.53588
G1 X39.521 Y121.402 E.01817
G1 X27.823 Y133.099 E.51027
G1 X27.823 Y132.564 E.01651
G1 X38.934 Y121.453 E.48467
G1 X38.347 Y121.505 E.01817
G1 X27.823 Y132.028 E.45907
G1 X27.823 Y131.493 E.01651
G1 X37.76 Y121.556 E.43347
G1 X37.173 Y121.608 E.01817
G1 X27.823 Y130.958 E.40786
G1 X27.823 Y130.422 E.01651
G1 X36.586 Y121.66 E.38226
G1 X35.999 Y121.711 E.01817
G1 X27.823 Y129.887 E.35666
G1 X27.823 Y129.352 E.01651
G1 X35.412 Y121.763 E.33105
G1 X34.825 Y121.814 E.01817
G1 X27.823 Y128.816 E.30545
G1 X27.823 Y128.281 E.01651
G1 X34.239 Y121.866 E.27985
G1 X33.652 Y121.917 E.01817
G1 X27.823 Y127.746 E.25425
G1 X27.823 Y127.21 E.01651
G1 X33.062 Y121.972 E.22851
G1 X32.468 Y122.03 E.01839
G1 X27.823 Y126.675 E.20263
G1 X27.823 Y126.14 E.01651
G1 X31.875 Y122.088 E.17674
G1 X31.282 Y122.146 E.01839
G1 X27.823 Y125.604 E.15086
G1 X27.823 Y125.069 E.01651
G1 X30.688 Y122.204 E.12498
G1 X30.095 Y122.262 E.01839
G1 X27.823 Y124.534 E.0991
G1 X27.823 Y123.998 E.01651
G1 X29.502 Y122.32 E.07322
G1 X28.908 Y122.378 E.01839
G1 X27.823 Y123.463 E.04733
G1 X27.823 Y122.928 E.01651
G1 X28.504 Y122.247 E.02969
; stop printing object USV 1 e2mm.stl_6_B id:0 copy 0
; printing object "USV 1 e2mm.stl_5" id:1 copy 0
G1 E-.8 F3600
G1 X175.913 Y23.742 F18000
G1 E.8 F3600
M204 S1000
;TYPE:Outer wall
;WIDTH:0.42
G1 F3000
G1 X175.913 Y106.532 E2.54393
G1 X155.659 Y106.374 E.62236
G1 X148.169 Y106.291 E.23017
G1 X140.687 Y106.197 E.22993
G1 X125.869 Y105.972 E.45537
G1 X115.968 Y105.784 E.3043
G1 X106.086 Y105.547 E.30373
G1 X101.15 Y105.416 E.15171
G1 X91.205 Y105.104 E.30575
G1 X86.232 Y104.92 E.1529
G1 X81.255 Y104.725 E.15305
G1 X76.32 Y104.507 E.15178
G1 X66.408 Y104.011 E.30495
G1 X59.02 Y103.579 E.22738
G1 X51.787 Y103.106 E.22274
G1 X42.136 Y102.373 E.2974
G1 X32.511 Y101.529 E.29688
G1 X26.337 Y100.925 E.19062
G1 X26.337 Y29.351 E2.19927
G1 X32.379 Y28.761 E.18654
G1 X37.19 Y28.317 E.14845
G1 X46.811 Y27.532 E.29661
G1 X51.621 Y27.183 E.1482
G1 X61.247 Y26.567 E.29637
G1 X68.653 Y26.142 E.22795
G1 X76.022 Y25.782 E.2267
G1 X80.921 Y25.565 E.15068
G1 X85.851 Y25.37 E.1516
G1 X90.787 Y25.185 E.15179
G1 X100.654 Y24.877 E.30333
G1 X105.59 Y24.742 E.15171
G1 X115.513 Y24.506 E.305
G1 X125.467 Y24.31 E.30592
G1 X140.338 Y24.081 E.457
G1 X147.715 Y23.991 E.2267
G1 X155.103 Y23.908 E.22704
G1 X175.893 Y23.742 E.63883
M204 S2000
G1 X175.521 Y24.137 F18000
M204 S1500
;TYPE:Inner wall
;WIDTH:0.45
G1 F4800
G1 X175.521 Y106.137 E2.7201
G1 X155.663 Y105.982 E.65874
G1 X148.174 Y105.899 E.24845
G1 X140.692 Y105.805 E.2482
G1 X125.876 Y105.58 E.49155
G1 X115.976 Y105.392 E.32845
G1 X106.095 Y105.155 E.32786
G1 X101.161 Y105.024 E.16372
G1 X91.218 Y104.712 E.33001
G1 X86.247 Y104.528 E.16501
G1 X81.271 Y104.333 E.16517
G1 X76.338 Y104.115 E.16379
G1 X66.429 Y103.619 E.32912
G1 X59.045 Y103.188 E.24537
G1 X51.815 Y102.715 E.24035
G1 X42.168 Y101.983 E.32093
G1 X32.548 Y101.138 E.32033
G1 X26.729 Y100.57 E.19394
G1 X26.729 Y29.707 E2.35064
G1 X32.416 Y29.151 E.18954
G1 X37.224 Y28.707 E.16016
G1 X46.841 Y27.923 E.32007
G1 X51.648 Y27.574 E.15988
G1 X61.271 Y26.959 E.31985
G1 X68.674 Y26.534 E.24599
G1 X76.04 Y26.174 E.24465
G1 X80.937 Y25.956 E.1626
G1 X90.801 Y25.576 E.32743
G1 X100.666 Y25.268 E.3274
G1 X105.6 Y25.134 E.16373
G1 X115.521 Y24.898 E.32921
G1 X125.474 Y24.702 E.33021
G1 X140.343 Y24.473 E.49331
G1 X147.719 Y24.383 E.24469
G1 X155.107 Y24.3 E.24508
G1 X175.501 Y24.137 E.67652
M204 S2000
G1 X175.173 Y68.554 F18000
;TYPE:Sparse infill
G1 F8843.478
G1 X175.173 Y58.554 E.33172
G1 X77.51 Y84.723 E3.35394
G1 X76.687 Y88.265 E.12062
G1 X76.583 Y88.499 E.0085
G1 X75.357 Y90.342 E.07343
G1 X89.308 Y104.293 E.65446
G1 X90.011 Y104.319 E.02334
G1 X111.171 Y25.349 E2.71197
G1 X110.274 Y25.371 E.02976
G1 X74.079 Y35.069 E1.24304
G1 X74.559 Y37.731 E.08972
G1 X142.305 Y105.477 E3.17808
G1 X142.884 Y105.484 F18000
G1 F8843.478
G1 X152.883 Y105.603 E.33172
G1 X174.617 Y24.492 E2.78549
G1 X165.023 Y24.569 E.31827
G1 X175.173 Y34.719 E.47617
G1 X175.173 Y33.268 E.04815
G1 X80.479 Y58.641 E3.25199
G1 X81.202 Y61.645 E.10251
G1 X124.768 Y105.21 E2.04373
G1 X127.689 Y105.259 E.09693
G1 X149.271 Y24.714 E2.76609
G1 X147.912 Y24.729 E.0451
G1 X175.173 Y51.99 E1.27888
G1 X175.173 Y45.911 E.20166
G1 X80.627 Y71.244 E3.24688
G1 X79.294 Y77.008 E.19624
G1 X107.117 Y104.831 E1.30523
G1 X102.549 Y104.712 E.15158
G1 X123.886 Y25.081 E2.73469
G1 X113.925 Y25.284 E.33051
G1 X175.173 Y86.532 E2.87327
G1 X175.173 Y83.84 E.08928
G1 X97.808 Y104.57 E2.65686
G1 X90.215 Y104.326 E.25202
G1 X72.545 Y103.762 F18000
;TYPE:Internal solid infill
;WIDTH:0.421291
G1 F6000
G1 X73.193 Y103.113 E.02827
G1 X73.241 Y102.531 E.01803
G1 X72.197 Y103.574 E.04551
G1 X71.687 Y103.549 E.01573
G1 X73.289 Y101.948 E.06981
G1 X73.336 Y101.365 E.01803
G1 X71.178 Y103.523 E.09411
G1 X70.668 Y103.498 E.01573
G1 X73.384 Y100.782 E.11842
G1 X73.432 Y100.199 E.01803
G1 X70.159 Y103.472 E.14272
G1 X69.649 Y103.447 E.01573
G1 X73.479 Y99.616 E.16702
G1 X73.527 Y99.034 E.01803
G1 X69.139 Y103.421 E.19132
G1 X68.63 Y103.396 E.01573
G1 X73.575 Y98.451 E.21562
G1 X73.623 Y97.868 E.01803
G1 X68.12 Y103.37 E.23992
G1 X67.611 Y103.345 E.01573
G1 X73.67 Y97.285 E.26423
G1 X73.718 Y96.702 E.01803
G1 X67.101 Y103.319 E.28853
G1 X66.591 Y103.294 E.01573
G1 X73.766 Y96.12 E.31283
G1 X73.783 Y95.913 E.0064
G1 X73.858 Y95.492 E.01316
G1 X66.085 Y103.266 E.33893
G1 X65.579 Y103.236 E.01561
G1 X73.973 Y94.843 E.36598
G1 X74.087 Y94.193 E.02035
G1 X65.074 Y103.206 E.39303
G1 X64.568 Y103.177 E.01561
G1 X74.202 Y93.543 E.42008
G1 X74.317 Y92.893 E.02035
G1 X64.063 Y103.147 E.44713
G1 X63.557 Y103.118 E.01561
G1 X74.432 Y92.243 E.47418
G1 X74.547 Y91.593 E.02035
G1 X63.051 Y103.088 E.50123
G1 X62.546 Y103.059 E.01561
G1 X74.662 Y90.943 E.52829
G1 X74.718 Y90.621 E.01008
G1 X74.745 Y90.555 E.00221
G1 X75.202 Y89.868 E.02544
G1 X62.04 Y103.029 E.57389
G1 X61.535 Y102.999 E.01561
G1 X76.253 Y88.281 E.64178
G1 X76.321 Y88.124 E.00527
G1 X76.455 Y87.544 E.01835
G1 X61.029 Y102.97 E.67261
G1 X60.524 Y102.94 E.01561
G1 X76.616 Y86.848 E.70167
G1 X76.777 Y86.152 E.02203
G1 X60.018 Y102.911 E.73074
G1 X59.513 Y102.881 E.01561
G1 X76.938 Y85.456 E.7598
G1 X77.099 Y84.76 E.02203
G1 X59.008 Y102.851 E.78885
G1 X58.505 Y102.819 E.01552
G1 X77.26 Y84.064 E.81777
G1 X77.421 Y83.368 E.02203
G1 X58.003 Y102.786 E.84669
G1 X57.501 Y102.753 E.01552
G1 X77.582 Y82.672 E.87561
G1 X77.743 Y81.976 E.02203
G1 X56.998 Y102.72 E.90453
G1 X56.496 Y102.687 E.01552
G1 X77.904 Y81.28 E.93345
G1 X78.065 Y80.583 E.02203
G1 X55.994 Y102.654 E.96237
G1 X55.492 Y102.621 E.01552
G1 X78.226 Y79.887 E.99129
G1 X78.387 Y79.191 E.02203
G1 X54.989 Y102.589 E1.02021
G1 X54.487 Y102.556 E.01552
G1 X78.548 Y78.495 E1.04913
G1 X78.709 Y77.799 E.02203
G1 X53.985 Y102.523 E1.07805
G1 X53.483 Y102.49 E.01552
G1 X78.87 Y77.103 E1.10697
G1 X79.031 Y76.407 E.02203
G1 X52.98 Y102.457 E1.1359
G1 X52.478 Y102.424 E.01552
G1 X79.192 Y75.711 E1.16482
G1 X79.353 Y75.015 E.02203
G1 X51.976 Y102.392 E1.19374
G1 X51.477 Y102.355 E.01542
G1 X79.514 Y74.319 E1.2225
G1 X79.675 Y73.622 E.02203
G1 X50.98 Y102.317 E1.25121
G1 X50.482 Y102.28 E.01538
G1 X79.836 Y72.926 E1.27991
G1 X79.997 Y72.23 E.02203
G1 X49.985 Y102.242 E1.30862
G1 X49.488 Y102.204 E.01538
G1 X80.158 Y71.534 E1.33732
G1 X80.319 Y70.838 E.02203
G1 X48.99 Y102.166 E1.36603
G1 X48.493 Y102.129 E.01538
G1 X80.48 Y70.142 E1.39473
G1 X80.641 Y69.446 E.02203
G1 X47.996 Y102.091 E1.42344
G1 X47.498 Y102.053 E.01538
G1 X80.802 Y68.75 E1.45215
G1 X80.963 Y68.054 E.02203
G1 X47.001 Y102.015 E1.48085
G1 X46.504 Y101.978 E.01538
G1 X81.124 Y67.358 E1.50956
G1 X81.285 Y66.662 E.02203
G1 X46.007 Y101.94 E1.53826
G1 X45.509 Y101.902 E.01538
G1 X81.446 Y65.965 E1.56697
G1 X81.607 Y65.269 E.02203
G1 X45.012 Y101.864 E1.59567
G1 X44.515 Y101.827 E.01538
G1 X81.556 Y64.785 E1.61513
G1 X81.452 Y64.354 E.01368
G1 X44.017 Y101.789 E1.63228
G1 X43.52 Y101.751 E.01538
G1 X81.348 Y63.923 E1.64944
G1 X81.244 Y63.492 E.01368
G1 X43.023 Y101.713 E1.6666
G1 X42.525 Y101.675 E.01538
G1 X81.14 Y63.061 E1.68375
G1 X81.036 Y62.629 E.01368
G1 X42.03 Y101.636 E1.70083
G1 X41.538 Y101.593 E.01523
G1 X80.932 Y62.198 E1.71775
G1 X80.828 Y61.767 E.01368
G1 X41.046 Y101.55 E1.73467
G1 X40.554 Y101.506 E.01523
G1 X80.725 Y61.336 E1.75159
G1 X80.621 Y60.904 E.01368
G1 X40.062 Y101.463 E1.76851
G1 X39.57 Y101.42 E.01523
G1 X80.517 Y60.473 E1.78543
G1 X80.413 Y60.042 E.01368
G1 X39.078 Y101.377 E1.80235
G1 X38.586 Y101.334 E.01523
G1 X80.309 Y59.611 E1.81927
G1 X80.205 Y59.18 E.01368
G1 X38.094 Y101.29 E1.83619
G1 X37.602 Y101.247 E.01523
G1 X80.101 Y58.748 E1.85311
G1 X79.997 Y58.317 E.01368
G1 X37.11 Y101.204 E1.87003
G1 X36.619 Y101.161 E.01523
G1 X79.893 Y57.886 E1.88695
G1 X79.79 Y57.455 E.01368
G1 X36.127 Y101.118 E1.90387
G1 X35.635 Y101.075 E.01523
G1 X79.686 Y57.024 E1.92079
G1 X79.582 Y56.592 E.01368
G1 X35.143 Y101.031 E1.93771
G1 X34.651 Y100.988 E.01523
G1 X79.478 Y56.161 E1.95463
G1 X79.374 Y55.73 E.01368
G1 X34.159 Y100.945 E1.97155
G1 X33.667 Y100.902 E.01523
G1 X79.27 Y55.299 E1.98847
G1 X79.166 Y54.867 E.01368
G1 X33.175 Y100.859 E2.00539
G1 X32.683 Y100.816 E.01523
G1 X79.062 Y54.436 E2.02231
G1 X78.959 Y54.005 E.01368
G1 X32.195 Y100.769 E2.03907
G1 X31.707 Y100.721 E.0151
G1 X78.855 Y53.574 E2.0558
G1 X78.751 Y53.143 E.01368
G1 X31.22 Y100.674 E2.07252
G1 X30.732 Y100.626 E.0151
G1 X78.647 Y52.711 E2.08925
G1 X78.543 Y52.28 E.01368
G1 X30.245 Y100.578 E2.10598
G1 X29.757 Y100.531 E.0151
G1 X78.439 Y51.849 E2.1227
G1 X78.335 Y51.418 E.01368
G1 X29.27 Y100.483 E2.13943
G1 X28.782 Y100.435 E.0151
G1 X78.231 Y50.987 E2.15615
G1 X78.127 Y50.555 E.01368
G1 X28.295 Y100.388 E2.17288
G1 X27.808 Y100.34 E.0151
G1 X78.024 Y50.124 E2.1896
G1 X77.92 Y49.693 E.01368
G1 X27.32 Y100.293 E2.20633
G1 X27.062 Y100.267 E.00798
G1 X27.062 Y100.015 E.00778
G1 X77.816 Y49.262 E2.21303
G1 X77.712 Y48.83 E.01368
G1 X27.062 Y99.48 E2.20851
G1 X27.062 Y98.945 E.0165
G1 X77.608 Y48.399 E2.20398
G1 X77.504 Y47.968 E.01368
G1 X27.062 Y98.41 E2.19945
G1 X27.062 Y97.875 E.0165
G1 X77.4 Y47.537 E2.19492
G1 X77.296 Y47.106 E.01368
G1 X27.062 Y97.34 E2.19039
G1 X27.062 Y96.805 E.0165
G1 X77.193 Y46.674 E2.18586
G1 X77.089 Y46.243 E.01368
G1 X27.062 Y96.269 E2.18133
G1 X27.062 Y95.734 E.0165
G1 X76.985 Y45.812 E2.1768
G1 X76.881 Y45.381 E.01368
G1 X27.062 Y95.199 E2.17227
G1 X27.062 Y94.664 E.0165
G1 X76.777 Y44.95 E2.16774
G1 X76.673 Y44.518 E.01368
G1 X27.062 Y94.129 E2.16321
G1 X27.062 Y93.594 E.0165
G1 X76.569 Y44.087 E2.15868
G1 X76.465 Y43.656 E.01368
G1 X27.062 Y93.059 E2.15415
G1 X27.062 Y92.524 E.0165
G1 X76.361 Y43.225 E2.14962
G1 X76.258 Y42.793 E.01368
G1 X27.062 Y91.989 E2.14509
G1 X27.062 Y91.454 E.0165
G1 X76.154 Y42.362 E2.14056
G1 X76.102 Y42.149 E.00675
G1 X76.017 Y41.964 E.00629
G1 X27.062 Y90.918 E2.13459
G1 X27.062 Y90.383 E.0165
G1 X75.804 Y41.642 E2.1253
G1 X75.591 Y41.32 E.0119
G1 X27.062 Y89.848 E2.116
G1 X27.062 Y89.313 E.0165
G1 X75.377 Y40.998 E2.10671
G1 X75.164 Y40.676 E.0119
G1 X27.062 Y88.778 E2.09742
G1 X27.062 Y88.243 E.0165
G1 X74.951 Y40.354 E2.08812
G1 X74.738 Y40.032 E.0119
G1 X27.062 Y87.708 E2.07883
G1 X27.062 Y87.173 E.0165
G1 X74.528 Y39.707 E2.06967
G1 X74.437 Y39.263 E.01399
G1 X27.062 Y86.638 E2.06572
G1 X27.062 Y86.103 E.0165
G1 X74.355 Y38.81 E2.06215
G1 X74.274 Y38.356 E.0142
G1 X27.062 Y85.567 E2.05858
G1 X27.062 Y85.032 E.0165
G1 X74.192 Y37.903 E2.05501
G1 X74.11 Y37.45 E.0142
G1 X27.062 Y84.497 E2.05145
G1 X27.062 Y83.962 E.0165
G1 X74.028 Y36.997 E2.04788
G1 X73.946 Y36.543 E.0142
G1 X27.062 Y83.427 E2.04431
G1 X27.062 Y82.892 E.0165
G1 X73.864 Y36.09 E2.04074
G1 X73.783 Y35.637 E.0142
G1 X27.062 Y82.357 E2.03717
G1 X27.062 Y81.822 E.0165
G1 X73.701 Y35.183 E2.0336
G1 X73.619 Y34.73 E.0142
G1 X27.062 Y81.287 E2.03003
G1 X27.062 Y80.752 E.0165
G1 X73.544 Y34.27 E2.02678
G1 X73.502 Y33.777 E.01524
G1 X27.062 Y80.217 E2.02492
G1 X27.062 Y79.681 E.0165
G1 X73.459 Y33.285 E2.02305
G1 X73.416 Y32.793 E.01524
G1 X27.062 Y79.146 E2.02119
G1 X27.062 Y78.611 E.0165
G1 X73.373 Y32.3 E2.01933
G1 X73.331 Y31.808 E.01524
G1 X27.062 Y78.076 E2.01747
G1 X27.062 Y77.541 E.0165
G1 X73.288 Y31.315 E2.01561
G1 X73.245 Y30.823 E.01524
G1 X27.062 Y77.006 E2.01374
G1 X27.062 Y76.471 E.0165
G1 X73.203 Y30.331 E2.01188
G1 X73.16 Y29.838 E.01524
G1 X27.062 Y75.936 E2.01002
G1 X27.062 Y75.401 E.0165
G1 X73.117 Y29.346 E2.00816
G1 X73.074 Y28.853 E.01524
G1 X27.062 Y74.866 E2.00629
G1 X27.062 Y74.33 E.0165
G1 X73.032 Y28.361 E2.00443
G1 X72.989 Y27.869 E.01524
G1 X27.062 Y73.795 E2.00257
G1 X27.062 Y73.26 E.0165
G1 X72.946 Y27.376 E2.00071
G1 X72.904 Y26.884 E.01524
G1 X27.062 Y72.725 E1.99885
G1 X27.062 Y72.19 E.0165
G1 X72.575 Y26.677 E1.98454
G1 X72.013 Y26.704 E.01737
G1 X27.062 Y71.655 E1.96001
G1 X27.062 Y71.12 E.0165
G1 X71.45 Y26.732 E1.93548
G1 X70.888 Y26.759 E.01737
G1 X27.062 Y70.585 E1.91094
G1 X27.062 Y70.05 E.0165
G1 X70.325 Y26.787 E1.88641
G1 X69.763 Y26.814 E.01737
G1 X27.062 Y69.515 E1.86188
G1 X27.062 Y68.979 E.0165
G1 X69.2 Y26.842 E1.83735
G1 X68.637 Y26.87 E.01738
G1 X27.062 Y68.444 E1.8128
G1 X27.062 Y67.909 E.0165
G1 X68.069 Y26.902 E1.78805
G1 X67.502 Y26.935 E.01753
G1 X27.062 Y67.374 E1.7633
G1 X27.062 Y66.839 E.0165
G1 X66.934 Y26.968 E1.73854
G1 X66.366 Y27 E.01753
G1 X27.062 Y66.304 E1.71379
G1 X27.062 Y65.769 E.0165
G1 X65.799 Y27.033 E1.68904
G1 X65.231 Y27.065 E.01753
G1 X27.062 Y65.234 E1.66429
G1 X27.062 Y64.699 E.0165
G1 X64.663 Y27.098 E1.63954
G1 X64.096 Y27.13 E.01753
G1 X27.062 Y64.164 E1.61478
G1 X27.062 Y63.629 E.0165
G1 X63.528 Y27.163 E1.59003
G1 X62.96 Y27.196 E.01753
G1 X27.062 Y63.093 E1.56528
G1 X27.062 Y62.558 E.0165
G1 X62.393 Y27.228 E1.54053
G1 X61.825 Y27.261 E.01753
G1 X27.062 Y62.023 E1.51577
G1 X27.062 Y61.488 E.0165
G1 X61.257 Y27.293 E1.49101
G1 X60.685 Y27.33 E.01766
G1 X27.062 Y60.953 E1.46608
G1 X27.062 Y60.418 E.0165
G1 X60.114 Y27.367 E1.44116
G1 X59.542 Y27.403 E.01766
G1 X27.062 Y59.883 E1.41623
G1 X27.062 Y59.348 E.0165
G1 X58.97 Y27.44 E1.3913
G1 X58.399 Y27.476 E.01766
G1 X27.062 Y58.813 E1.36638
G1 X27.062 Y58.278 E.0165
G1 X57.827 Y27.513 E1.34145
G1 X57.255 Y27.55 E.01766
G1 X27.062 Y57.742 E1.31652
G1 X27.062 Y57.207 E.0165
G1 X56.684 Y27.586 E1.29159
G1 X56.112 Y27.623 E.01766
G1 X27.062 Y56.672 E1.26667
G1 X27.062 Y56.137 E.0165
G1 X55.54 Y27.659 E1.24174
G1 X54.969 Y27.696 E.01766
G1 X27.062 Y55.602 E1.21681
G1 X27.062 Y55.067 E.0165
G1 X54.397 Y27.732 E1.19189
G1 X53.825 Y27.769 E.01766
G1 X27.062 Y54.532 E1.16696
G1 X27.062 Y53.997 E.0165
G1 X53.254 Y27.806 E1.14203
G1 X52.682 Y27.842 E.01766
G1 X27.062 Y53.462 E1.1171
G1 X27.062 Y52.927 E.0165
G1 X52.11 Y27.879 E1.09218
G1 X51.537 Y27.917 E.0177
G1 X27.062 Y52.391 E1.0672
G1 X27.062 Y51.856 E.0165
G1 X50.96 Y27.958 E1.04204
G1 X50.383 Y28 E.01784
G1 X27.062 Y51.321 E1.01688
G1 X27.062 Y50.786 E.0165
G1 X49.807 Y28.042 E.99173
G1 X49.23 Y28.084 E.01784
G1 X27.062 Y50.251 E.96657
G1 X27.062 Y49.716 E.0165
G1 X48.653 Y28.126 E.94141
G1 X48.076 Y28.168 E.01784
G1 X27.062 Y49.181 E.91626
G1 X27.062 Y48.646 E.0165
G1 X47.499 Y28.209 E.8911
G1 X46.922 Y28.251 E.01784
G1 X27.062 Y48.111 E.86594
G1 X27.062 Y47.576 E.0165
G1 X46.34 Y28.298 E.84056
G1 X45.757 Y28.346 E.01802
G1 X27.062 Y47.04 E.81516
G1 X27.062 Y46.505 E.0165
G1 X45.174 Y28.393 E.78975
G1 X44.592 Y28.441 E.01802
G1 X27.062 Y45.97 E.76435
G1 X27.062 Y45.435 E.0165
G1 X44.009 Y28.488 E.73894
G1 X43.427 Y28.536 E.01802
G1 X27.062 Y44.9 E.71354
G1 X27.062 Y44.365 E.0165
G1 X42.844 Y28.583 E.68814
G1 X42.261 Y28.631 E.01802
G1 X27.062 Y43.83 E.66273
G1 X27.062 Y43.295 E.0165
G1 X41.679 Y28.678 E.63733
G1 X41.096 Y28.726 E.01802
G1 X27.062 Y42.76 E.61192
G1 X27.062 Y42.225 E.0165
G1 X40.513 Y28.774 E.58652
G1 X39.931 Y28.821 E.01802
G1 X27.062 Y41.69 E.56111
G1 X27.062 Y41.154 E.0165
G1 X39.348 Y28.869 E.53571
G1 X38.766 Y28.916 E.01802
G1 X27.062 Y40.619 E.5103
G1 X27.062 Y40.084 E.0165
G1 X38.183 Y28.964 E.4849
G1 X37.6 Y29.011 E.01802
G1 X27.062 Y39.549 E.45949
G1 X27.062 Y39.014 E.0165
G1 X37.015 Y29.061 E.43397
G1 X36.425 Y29.116 E.01825
G1 X27.062 Y38.479 E.40826
G1 X27.062 Y37.944 E.0165
G1 X35.836 Y29.17 E.38256
G1 X35.247 Y29.225 E.01825
G1 X27.062 Y37.409 E.35686
G1 X27.062 Y36.874 E.0165
G1 X34.657 Y29.279 E.33115
G1 X34.068 Y29.333 E.01825
G1 X27.062 Y36.339 E.30545
G1 X27.062 Y35.803 E.0165
G1 X33.478 Y29.388 E.27975
G1 X32.889 Y29.442 E.01825
G1 X27.062 Y35.268 E.25404
G1 X27.062 Y34.733 E.0165
G1 X32.298 Y29.497 E.2283
G1 X31.705 Y29.555 E.01837
G1 X27.062 Y34.198 E.20244
G1 X27.062 Y33.663 E.0165
G1 X31.112 Y29.613 E.17658
G1 X30.519 Y29.671 E.01837
G1 X27.062 Y33.128 E.15072
G1 X27.062 Y32.593 E.0165
G1 X29.926 Y29.729 E.12486
G1 X29.333 Y29.787 E.01837
G1 X27.062 Y32.058 E.099
G1 X27.062 Y31.523 E.0165
G1 X28.74 Y29.845 E.07314
G1 X28.147 Y29.903 E.01837
G1 X27.062 Y30.988 E.04728
G1 X27.062 Y30.452 E.0165
G1 X27.743 Y29.772 E.02966
G1 X124.564 Y105.206 F18000
;TYPE:Sparse infill
;WIDTH:0.45
G1 F8843.478
G1 X115.109 Y105.023 E.31369
G1 X136.584 Y24.879 E2.7523
G1 X130.879 Y24.967 E.18927
G1 X175.173 Y69.261 E2.07793
G1 X175.173 Y69.603 E.01133
G1 X165.498 Y105.71 E1.24001
G1 X159.765 Y105.665 E.19019
G1 X80.427 Y26.328 E3.7219
G1 X85.678 Y26.122 E.17432
G1 X78.815 Y51.735 E.87958
G1 X77.617 Y46.764 E.16959
G1 X160.312 Y24.606 E2.83989
G1 X161.947 Y24.593 E.05423
G1 X140.281 Y105.45 E2.77678
G1 X141.642 Y105.468 E.04514
G1 X175.173 Y96.484 E1.15153
G1 X175.173 Y103.803 E.24279
G1 X97.098 Y25.728 E3.66264
G1 X98.438 Y25.686 E.04445
G1 X77.502 Y103.818 E2.6832
G1 X73.544 Y103.627 E.13145
G1 X73.98 Y98.312 E.1769
G1 X175.173 Y71.197 E3.47517
G1 X175.173 Y81.197 E.33172
; stop printing object USV 1 e2mm.stl_5 id:1 copy 0
; end of layer_num: 4, T: 0, print_z: 0.840000
;LAYER_CHANGE
;Z:1.04
;HEIGHT:0.2
; BEFORE_LAYER_CHANGE 4 @ 1.04mm
G92 E0
; AFTER_LAYER_CHANGE 4 @ 1.04mm
; start of layer_num: 5, T: 0, print_z: 1.040000
; printing object "USV 1 e2mm.stl_6_B" id:0 copy 0
G1 E-.8 F3600
G1 X176.679 Y116.219 Z1.04 F18000
G1 E.8 F3600
M204 S1000
;TYPE:Outer wall
;WIDTH:0.42
G1 F3000
G1 X176.679 Y142.925 E.82059
G1 X176.679 Y199.009 E1.7233
G1 X163.261 Y198.906 E.41232
G1 X148.483 Y198.764 E.4541
G1 X141.107 Y198.67 E.22668
G1 X126.236 Y198.44 E.457
G1 X116.282 Y198.245 E.30592
G1 X101.423 Y197.877 E.4567
G1 X86.62 Y197.381 E.45511
G1 X81.69 Y197.186 E.15162
G1 X76.792 Y196.968 E.15065
G1 X69.424 Y196.607 E.22666
G1 X62.016 Y196.187 E.22798
G1 X52.391 Y195.567 E.29636
G1 X47.581 Y195.217 E.1482
G1 X42.77 Y194.834 E.14831
G1 X37.961 Y194.425 E.14828
G1 X33.15 Y193.99 E.14844
G1 X27.098 Y193.398 E.18686
G1 X27.098 Y121.826 E2.19919
G1 X33.283 Y121.222 E.19096
G1 X42.908 Y120.376 E.29689
G1 X47.728 Y119.993 E.14856
G1 X52.557 Y119.644 E.14878
G1 X59.791 Y119.171 E.22275
G1 X67.178 Y118.739 E.22738
G1 X77.09 Y118.243 E.30495
G1 X82.025 Y118.025 E.15178
G1 X87.002 Y117.831 E.15304
G1 X96.946 Y117.481 E.30575
G1 X106.854 Y117.203 E.30458
G1 X116.736 Y116.967 E.30374
G1 X126.638 Y116.783 E.30429
G1 X136.52 Y116.617 E.3037
G1 X148.938 Y116.46 E.38161
G1 X156.428 Y116.381 E.23015
G1 X176.659 Y116.219 E.62167
M204 S2000
G1 X176.287 Y116.614 F18000
M204 S1500
;TYPE:Inner wall
;WIDTH:0.45
G1 F4800
G1 X176.287 Y142.925 E.87277
G1 X176.287 Y198.614 E1.8473
G1 X163.265 Y198.514 E.432
G1 X148.488 Y198.372 E.49021
G1 X141.112 Y198.278 E.24468
G1 X126.243 Y198.048 E.4933
G1 X116.29 Y197.853 E.3302
G1 X101.435 Y197.485 E.49295
G1 X86.634 Y196.989 E.49122
G1 X81.706 Y196.794 E.16361
G1 X76.81 Y196.576 E.16257
G1 X69.445 Y196.215 E.24462
G1 X62.04 Y195.796 E.24602
G1 X52.418 Y195.176 E.31983
G1 X47.611 Y194.826 E.1599
G1 X42.802 Y194.444 E.16003
G1 X37.996 Y194.035 E.15999
G1 X33.187 Y193.599 E.16017
G1 X27.49 Y193.042 E.18988
G1 X27.49 Y122.182 E2.35056
G1 X33.319 Y121.612 E.19429
G1 X42.941 Y120.767 E.32039
G1 X47.757 Y120.384 E.16028
G1 X52.584 Y120.035 E.16053
G1 X59.815 Y119.563 E.24037
G1 X67.199 Y119.131 E.24538
G1 X77.109 Y118.635 E.32912
G1 X82.042 Y118.417 E.16379
G1 X87.016 Y118.222 E.16515
G1 X96.958 Y117.872 E.33
G1 X106.864 Y117.595 E.32873
G1 X116.745 Y117.359 E.32784
G1 X126.645 Y117.175 E.32845
G1 X136.526 Y117.009 E.32783
G1 X148.943 Y116.852 E.41192
G1 X156.432 Y116.773 E.24844
G1 X176.267 Y116.615 E.658
G1 E-.8 F3600
M204 S2000
G1 X175.562 Y160.96 F18000
G1 E.8 F3600
;TYPE:Sparse infill
G1 F8843.478
G1 X175.562 Y151.278 E.32119
G1 X37.509 Y188.269 E4.74103
G1 X37.746 Y193.663 E.17909
G1 X40.824 Y193.926 E.10249
G1 X60.567 Y120.245 E2.53034
G1 X65.284 Y119.969 E.15673
G1 X142.889 Y197.575 E3.64063
G1 X144.268 Y197.592 E.04572
G1 X175.562 Y189.207 E1.07471
G1 X175.562 Y195.706 E.21556
G1 X98.414 Y118.557 E3.61919
G1 X98.953 Y118.542 E.0179
G1 X78.222 Y195.913 E2.65707
G1 X81.736 Y196.069 E.11671
G1 X88.213 Y196.316 E.21501
G1 X90.938 Y196.407 F18000
G1 F8843.478
G1 X100.331 Y196.722 E.31176
G1 X175.562 Y176.564 E2.58359
G1 X175.562 Y178.435 E.06205
G1 X115.247 Y118.12 E2.82949
G1 X124.4 Y117.942 E.30368
G1 X103.269 Y196.805 E2.70831
G1 X107.687 Y196.914 E.14659
G1 X34.592 Y123.819 E3.42903
G1 X34.542 Y123.004 E.02709
G1 X34.857 Y121.827 E.04043
G1 X42.97 Y121.114 E.27015
G1 X44.82 Y120.967 E.06157
G1 X34.291 Y122.559 F18000
;TYPE:Internal solid infill
;WIDTH:0.422383
G1 F6000
G1 X33.65 Y121.918 E.02806
G1 X33.158 Y121.963 E.01526
G1 X34.145 Y122.95 E.04317
G1 X34.181 Y123.522 E.01772
G1 X32.669 Y122.01 E.0661
G1 X32.18 Y122.058 E.01519
G1 X34.216 Y124.094 E.08902
G1 X34.251 Y124.666 E.01772
G1 X31.692 Y122.106 E.11194
G1 X31.203 Y122.154 E.01519
G1 X34.287 Y125.238 E.13486
G1 X34.322 Y125.81 E.01772
G1 X30.714 Y122.202 E.15778
G1 X30.225 Y122.249 E.01519
G1 X34.357 Y126.382 E.1807
G1 X34.392 Y126.953 E.01772
G1 X29.736 Y122.297 E.20362
G1 X29.247 Y122.345 E.01519
G1 X34.428 Y127.525 E.22654
G1 X34.463 Y128.097 E.01772
G1 X28.758 Y122.393 E.24946
G1 X28.269 Y122.44 E.01519
G1 X34.498 Y128.669 E.27238
G1 X34.533 Y129.241 E.01772
G1 X27.823 Y122.531 E.29344
G1 X27.823 Y123.067 E.01659
G1 X34.569 Y129.813 E.29498
G1 X34.604 Y130.385 E.01772
G1 X27.823 Y123.604 E.29652
G1 X27.823 Y124.141 E.01659
G1 X34.639 Y130.957 E.29807
G1 X34.675 Y131.529 E.01772
G1 X27.823 Y124.677 E.29961
G1 X27.823 Y125.214 E.01659
G1 X34.71 Y132.101 E.30115
G1 X34.745 Y132.673 E.01772
G1 X27.823 Y125.751 E.30269
G1 X27.823 Y126.287 E.01659
G1 X34.78 Y133.245 E.30424
G1 X34.816 Y133.816 E.01772
G1 X27.823 Y126.824 E.30578
G1 X27.823 Y127.361 E.01659
G1 X34.851 Y134.388 E.30732
G1 X34.886 Y134.96 E.01772
G1 X27.823 Y127.897 E.30886
G1 X27.823 Y128.434 E.01659
G1 X34.921 Y135.532 E.31041
G1 X34.957 Y136.104 E.01772
G1 X27.823 Y128.971 E.31195
G1 X27.823 Y129.507 E.01659
G1 X34.992 Y136.676 E.31349
G1 X35.027 Y137.248 E.01772
G1 X27.823 Y130.044 E.31503
G1 X27.823 Y130.58 E.01659
G1 X35.063 Y137.82 E.31658
G1 X35.098 Y138.392 E.01772
G1 X27.823 Y131.117 E.31812
G1 X27.823 Y131.654 E.01659
G1 X35.133 Y138.964 E.31966
G1 X35.168 Y139.536 E.01772
G1 X27.823 Y132.19 E.3212
G1 X27.823 Y132.727 E.01659
G1 X35.204 Y140.108 E.32275
G1 X35.239 Y140.679 E.01772
G1 X27.823 Y133.264 E.32429
G1 X27.823 Y133.8 E.01659
G1 X35.274 Y141.251 E.32583
G1 X35.309 Y141.823 E.01772
G1 X27.823 Y134.337 E.32737
G1 X27.823 Y134.874 E.01659
G1 X35.345 Y142.395 E.32892
G1 X35.38 Y142.967 E.01772
G1 X27.823 Y135.41 E.33046
G1 X27.823 Y135.947 E.01659
G1 X35.415 Y143.539 E.332
G1 X35.451 Y144.111 E.01772
G1 X27.823 Y136.483 E.33354
G1 X27.823 Y137.02 E.01659
G1 X35.486 Y144.683 E.33509
G1 X35.529 Y145.263 E.01799
G1 X27.823 Y137.557 E.33699
G1 X27.823 Y138.093 E.01659
G1 X35.574 Y145.845 E.33895
G1 X35.619 Y146.426 E.01804
G1 X27.823 Y138.63 E.34092
G1 X27.823 Y139.167 E.01659
G1 X35.664 Y147.008 E.34288
G1 X35.709 Y147.589 E.01804
G1 X27.823 Y139.703 E.34484
G1 X27.823 Y140.24 E.01659
G1 X35.754 Y148.171 E.34681
G1 X35.799 Y148.752 E.01804
G1 X27.823 Y140.777 E.34877
G1 X27.823 Y141.313 E.01659
G1 X35.844 Y149.334 E.35073
G1 X35.889 Y149.915 E.01804
G1 X27.823 Y141.85 E.3527
G1 X27.823 Y142.387 E.01659
G1 X35.937 Y150.5 E.35482
G1 X35.988 Y151.088 E.01824
G1 X27.823 Y142.923 E.35705
G1 X27.823 Y143.46 E.01659
G1 X36.039 Y151.676 E.35929
G1 X36.091 Y152.264 E.01824
G1 X27.823 Y143.996 E.36153
G1 X27.823 Y144.533 E.01659
G1 X36.142 Y152.852 E.36377
G1 X36.193 Y153.44 E.01824
G1 X27.823 Y145.07 E.366
G1 X27.823 Y145.606 E.01659
G1 X36.244 Y154.027 E.36824
G1 X36.295 Y154.615 E.01824
G1 X27.823 Y146.143 E.37048
G1 X27.823 Y146.68 E.01659
G1 X36.346 Y155.203 E.37272
G1 X36.398 Y155.791 E.01824
G1 X27.823 Y147.216 E.37496
G1 X27.823 Y147.753 E.01659
G1 X36.449 Y156.379 E.37719
G1 X36.5 Y156.966 E.01824
G1 X27.823 Y148.29 E.37943
G1 X27.823 Y148.826 E.01659
G1 X36.551 Y157.554 E.38167
G1 X36.559 Y158.099 E.01684
G1 X27.823 Y149.363 E.38201
G1 X27.823 Y149.9 E.01659
G1 X36.565 Y158.642 E.38229
G1 X36.572 Y159.185 E.01679
G1 X27.823 Y150.436 E.38257
G1 X27.823 Y150.973 E.01659
G1 X36.578 Y159.728 E.38285
G1 X36.584 Y160.271 E.01679
G1 X27.823 Y151.509 E.38313
G1 X27.823 Y152.046 E.01659
G1 X36.591 Y160.814 E.3834
G1 X36.597 Y161.357 E.01679
G1 X27.823 Y152.583 E.38368
G1 X27.823 Y153.119 E.01659
G1 X36.603 Y161.9 E.38396
G1 X36.61 Y162.443 E.01679
G1 X27.823 Y153.656 E.38424
G1 X27.823 Y154.193 E.01659
G1 X36.616 Y162.986 E.38452
G1 X36.603 Y163.509 E.01619
G1 X27.823 Y154.729 E.38393
G1 X27.823 Y155.266 E.01659
G1 X36.574 Y164.017 E.38269
G1 X36.546 Y164.526 E.01574
G1 X27.823 Y155.803 E.38145
G1 X27.823 Y156.339 E.01659
G1 X36.518 Y165.034 E.38021
G1 X36.489 Y165.542 E.01574
G1 X27.823 Y156.876 E.37897
G1 X27.823 Y157.413 E.01659
G1 X36.461 Y166.05 E.37773
G1 X36.433 Y166.559 E.01574
G1 X27.823 Y157.949 E.37649
G1 X27.823 Y158.486 E.01659
G1 X36.421 Y167.084 E.37598
G1 X36.429 Y167.628 E.01684
G1 X27.823 Y159.022 E.37632
G1 X27.823 Y159.559 E.01659
G1 X36.437 Y168.173 E.37666
G1 X36.444 Y168.717 E.01684
G1 X27.823 Y160.096 E.37701
G1 X27.823 Y160.632 E.01659
G1 X36.452 Y169.261 E.37735
G1 X36.46 Y169.806 E.01684
G1 X27.823 Y161.169 E.37769
G1 X27.823 Y161.706 E.01659
G1 X36.468 Y170.35 E.37803
G1 X36.476 Y170.895 E.01684
G1 X27.823 Y162.242 E.37837
G1 X27.823 Y162.779 E.01659
G1 X36.483 Y171.439 E.37871
G1 X36.491 Y171.984 E.01684
G1 X27.823 Y163.316 E.37905
G1 X27.823 Y163.852 E.01659
G1 X36.499 Y172.528 E.37939
G1 X36.507 Y173.072 E.01684
G1 X27.823 Y164.389 E.37973
G1 X27.823 Y164.926 E.01659
G1 X36.515 Y173.617 E.38007
G1 X36.522 Y174.161 E.01684
G1 X27.823 Y165.462 E.38041
G1 X27.823 Y165.999 E.01659
G1 X36.53 Y174.706 E.38075
G1 X36.543 Y175.255 E.017
G1 X27.823 Y166.535 E.38132
G1 X27.823 Y167.072 E.01659
G1 X36.568 Y175.817 E.3824
G1 X36.592 Y176.378 E.01737
G1 X27.823 Y167.609 E.38348
G1 X27.823 Y168.145 E.01659
G1 X36.617 Y176.939 E.38456
G1 X36.642 Y177.501 E.01737
G1 X27.823 Y168.682 E.38564
G1 X27.823 Y169.219 E.01659
G1 X36.667 Y178.062 E.38672
G1 X36.691 Y178.623 E.01737
G1 X27.823 Y169.755 E.3878
G1 X27.823 Y170.292 E.01659
G1 X36.716 Y179.185 E.38888
G1 X36.741 Y179.746 E.01737
G1 X27.823 Y170.829 E.38996
G1 X27.823 Y171.365 E.01659
G1 X36.766 Y180.308 E.39105
G1 X36.79 Y180.869 E.01737
G1 X27.823 Y171.902 E.39213
G1 X27.823 Y172.438 E.01659
G1 X36.815 Y181.43 E.39321
G1 X36.818 Y181.5 E.00217
G1 X36.733 Y181.591 E.00383
G1 X36.685 Y181.714 E.00408
G1 X36.685 Y181.837 E.00381
G1 X27.823 Y172.975 E.38752
G1 X27.823 Y173.512 E.01659
G1 X36.685 Y182.374 E.38752
G1 X36.685 Y182.91 E.01659
G1 X27.823 Y174.048 E.38752
G1 X27.823 Y174.585 E.01659
G1 X36.685 Y183.447 E.38752
G1 X36.685 Y183.983 E.01659
G1 X27.823 Y175.122 E.38752
G1 X27.823 Y175.658 E.01659
G1 X36.963 Y184.798 E.39969
G1 X36.988 Y185.36 E.01737
G1 X27.823 Y176.195 E.40078
G1 X27.823 Y176.732 E.01659
G1 X37.013 Y185.921 E.40186
G1 X37.037 Y186.483 E.01737
G1 X27.823 Y177.268 E.40294
G1 X27.823 Y177.805 E.01659
G1 X37.062 Y187.044 E.40402
G1 X37.087 Y187.605 E.01737
G1 X27.823 Y178.342 E.4051
G1 X27.823 Y178.878 E.01659
G1 X37.112 Y188.167 E.40618
G1 X37.136 Y188.728 E.01737
G1 X27.823 Y179.415 E.40726
G1 X27.823 Y179.951 E.01659
G1 X37.161 Y189.289 E.40834
G1 X37.186 Y189.851 E.01737
G1 X27.823 Y180.488 E.40942
G1 X27.823 Y181.025 E.01659
G1 X37.211 Y190.412 E.4105
G1 X37.235 Y190.973 E.01737
G1 X27.823 Y181.561 E.41159
G1 X27.823 Y182.098 E.01659
G1 X37.26 Y191.535 E.41267
G1 X37.285 Y192.096 E.01737
G1 X27.823 Y182.635 E.41375
G1 X27.823 Y183.171 E.01659
G1 X37.309 Y192.658 E.41483
G1 X37.334 Y193.219 E.01737
G1 X27.823 Y183.708 E.41591
G1 X27.823 Y184.245 E.01659
G1 X37.207 Y193.629 E.41037
G1 X36.617 Y193.575 E.01832
G1 X27.823 Y184.781 E.38456
G1 X27.823 Y185.318 E.01659
G1 X36.027 Y193.522 E.35876
G1 X35.437 Y193.468 E.01832
G1 X27.823 Y185.855 E.33295
G1 X27.823 Y186.391 E.01659
G1 X34.847 Y193.415 E.30715
G1 X34.257 Y193.362 E.01832
G1 X27.823 Y186.928 E.28134
G1 X27.823 Y187.464 E.01659
G1 X33.667 Y193.308 E.25554
G1 X33.076 Y193.253 E.01836
G1 X27.823 Y188.001 E.22968
G1 X27.823 Y188.538 E.01659
G1 X32.481 Y193.195 E.20367
G1 X31.886 Y193.137 E.01848
G1 X27.823 Y189.074 E.17766
G1 X27.823 Y189.611 E.01659
G1 X31.291 Y193.079 E.15165
G1 X30.696 Y193.021 E.01848
G1 X27.823 Y190.148 E.12564
G1 X27.823 Y190.684 E.01659
G1 X30.101 Y192.963 E.09963
G1 X29.507 Y192.904 E.01848
G1 X27.823 Y191.221 E.07362
G1 X27.823 Y191.758 E.01659
G1 X28.912 Y192.846 E.04761
G1 X28.317 Y192.788 E.01848
G1 X27.653 Y192.125 E.02902
G1 X36.899 Y173.11 F18000
;TYPE:Sparse infill
;WIDTH:0.45
G1 F8843.478
G1 X36.81 Y166.841 E.20797
G1 X37.01 Y163.116 E.12374
G1 X175.562 Y125.991 E4.75815
G1 X175.562 Y126.622 E.02092
G1 X166.359 Y117.419 E.43173
G1 X175.132 Y117.349 E.29103
G1 X153.603 Y197.695 E2.75926
G1 X145.469 Y197.608 E.26985
G1 X131 Y197.396 F18000
G1 F8843.478
G1 X140.999 Y197.55 E.33172
G1 X162.462 Y117.45 E2.75081
G1 X160.185 Y117.468 E.07551
G1 X36.344 Y150.651 E4.25297
G1 X35.882 Y144.734 E.19689
G1 X35.727 Y142.225 E.08337
G1 X89.874 Y196.372 E2.54012
G1 X90.734 Y196.401 E.02856
G1 X111.687 Y118.205 E2.6854
G1 X110.11 Y118.243 E.05231
G1 X35.481 Y138.239 E2.56291
G1 X34.866 Y128.258 E.33172
G1 X34.714 Y125.802 E.08165
G1 X55.69 Y120.181 E.72034
G1 X58.538 Y119.995 E.09469
G1 X58.134 Y120.399 E.01897
G1 X60.364 Y120.257 E.07413
G1 X59.072 Y119.975 F18000
;TYPE:Internal solid infill
;WIDTH:0.383747
G1 F6000
G1 X67.221 Y119.493 E.22672
G1 X77.127 Y118.997 E.27548
G1 X87.03 Y118.591 E.27527
G1 X96.971 Y118.235 E.27627
G1 X116.753 Y117.721 E.54959
G1 X136.531 Y117.391 E.54937
G1 X148.946 Y117.231 E.34484
G1 X175.764 Y116.982 E.74484
G1 X175.897 Y117.008 E.00377
G1 X175.925 Y117.14 E.00375
G1 X175.925 Y198.088 E2.24816
G1 X175.897 Y198.22 E.00376
G1 X175.764 Y198.247 E.00377
G1 X148.492 Y197.997 E.75746
G1 X141.118 Y197.908 E.20483
G1 X126.249 Y197.673 E.413
G1 X116.299 Y197.49 E.27639
G1 X101.445 Y197.122 E.41268
G1 X86.647 Y196.627 E.4112
G1 X76.827 Y196.207 E.27298
G1 X69.463 Y195.853 E.20475
G1 X63.259 Y195.502 E.17258
G1 X65.545 Y195.268 F18000
;TYPE:Sparse infill
;WIDTH:0.45
G1 F8843.478
G1 X63.057 Y195.127 E.08266
G1 X62.805 Y195.49 E.01468
G1 X62.061 Y195.448 E.02471
G1 X59.932 Y195.311 E.07077
G1 X60.041 Y195.282 E.00373
G1 X60.007 Y194.938 E.01146
G1 X59.844 Y194.927 E.00542
G1 X175.562 Y163.921 E3.974
G1 X125.145 Y197.301 F18000
G1 F8843.478
G1 X115.829 Y197.116 E.30909
G1 X137.101 Y117.727 E2.72638
G1 X132.205 Y117.807 E.16244
G1 X175.562 Y161.164 E2.03397
G1 X175.562 Y162.929 E.05857
G1 X166.215 Y197.811 E1.19791
G1 X160.346 Y197.76 E.19472
G1 X81.742 Y119.156 E3.68746
G1 X86.192 Y118.98 E.14774
G1 X65.748 Y195.279 E2.62026
G1 X71.837 Y195.606 E.20228
G1 X36.982 Y160.751 E1.63513
G1 X36.986 Y161.067 E.01047
G1 X47.794 Y120.731 E1.38523
G1 X48.708 Y120.664 E.03041
G1 X125.348 Y197.305 E3.59535
G1 X128.408 Y197.356 E.1015
G1 X149.787 Y117.568 E2.74007
G1 X149.243 Y117.574 E.01804
G1 X175.562 Y143.893 E1.23467
G1 X175.562 Y138.634 E.17443
G1 X36.958 Y175.773 E4.75993
G1 X37.061 Y178.101 E.07729
G1 X53.881 Y194.921 E.78908
G1 X53.213 Y194.878 E.02223
G1 X73.397 Y119.547 E2.58702
G1 X81.539 Y119.165 E.27036
G1 X57.974 Y195.17 F18000
;TYPE:Internal solid infill
;WIDTH:0.38292
G1 F6000
G1 X58.882 Y195.229 E.02519
; stop printing object USV 1 e2mm.stl_6_B id:0 copy 0
; printing object "USV 1 e2mm.stl_5" id:1 copy 0
G1 E-.8 F3600
G1 X175.913 Y23.742 F18000
G1 E.8 F3600
M204 S1000
;TYPE:Outer wall
;WIDTH:0.42
G1 F3000
G1 X175.913 Y106.532 E2.54393
G1 X155.659 Y106.374 E.62236
G1 X148.169 Y106.291 E.23017
G1 X140.687 Y106.197 E.22993
G1 X125.869 Y105.972 E.45537
G1 X115.968 Y105.784 E.3043
G1 X106.086 Y105.547 E.30373
G1 X101.15 Y105.416 E.15171
G1 X91.205 Y105.104 E.30575
G1 X86.233 Y104.92 E.15286
G1 X81.256 Y104.725 E.15305
G1 X76.321 Y104.507 E.15178
G1 X66.409 Y104.011 E.30496
G1 X59.022 Y103.579 E.22738
G1 X51.788 Y103.106 E.22274
G1 X42.138 Y102.373 E.29738
G1 X32.513 Y101.529 E.29687
G1 X26.337 Y100.925 E.19069
G1 X26.337 Y29.352 E2.19925
G1 X32.381 Y28.761 E.1866
G1 X37.192 Y28.317 E.14845
G1 X46.812 Y27.532 E.29658
G1 X51.622 Y27.183 E.14819
G1 X61.247 Y26.567 E.29636
G1 X68.655 Y26.142 E.22799
G1 X76.023 Y25.782 E.22666
G1 X80.921 Y25.565 E.15065
G1 X85.852 Y25.37 E.15164
G1 X90.788 Y25.185 E.15179
G1 X100.654 Y24.877 E.3033
G1 X105.59 Y24.742 E.15171
G1 X115.513 Y24.506 E.305
G1 X125.467 Y24.31 E.30592
G1 X140.338 Y24.081 E.457
G1 X147.715 Y23.991 E.2267
G1 X155.103 Y23.908 E.22704
G1 X175.893 Y23.742 E.63883
M204 S2000
G1 X175.521 Y24.137 F18000
M204 S1500
;TYPE:Inner wall
;WIDTH:0.45
G1 F4800
G1 X175.521 Y106.137 E2.7201
G1 X155.663 Y105.982 E.65874
G1 X148.174 Y105.899 E.24845
G1 X140.692 Y105.805 E.2482
G1 X125.876 Y105.58 E.49155
G1 X115.976 Y105.392 E.32845
G1 X106.095 Y105.155 E.32786
G1 X101.161 Y105.024 E.16372
G1 X91.218 Y104.712 E.33001
G1 X86.248 Y104.528 E.16498
G1 X81.272 Y104.333 E.16517
G1 X76.34 Y104.115 E.16379
G1 X66.43 Y103.619 E.32912
G1 X59.046 Y103.188 E.24537
G1 X51.816 Y102.715 E.24034
G1 X42.17 Y101.983 E.3209
G1 X32.55 Y101.138 E.32032
G1 X26.729 Y100.569 E.19401
G1 X26.729 Y29.707 E2.35063
G1 X32.418 Y29.151 E.18961
G1 X37.226 Y28.708 E.16016
G1 X46.842 Y27.923 E.32005
G1 X51.649 Y27.574 E.15987
G1 X61.271 Y26.959 E.31984
G1 X68.676 Y26.534 E.24603
G1 X76.041 Y26.174 E.24461
G1 X80.937 Y25.956 E.16257
G1 X90.802 Y25.576 E.32747
G1 X100.666 Y25.268 E.32736
G1 X105.6 Y25.134 E.16373
G1 X115.521 Y24.898 E.32921
G1 X125.474 Y24.702 E.33021
G1 X140.343 Y24.473 E.49331
G1 X147.719 Y24.383 E.24469
G1 X155.107 Y24.3 E.24508
G1 X175.501 Y24.137 E.67652
M204 S2000
G1 X174.796 Y68.48 F18000
;TYPE:Sparse infill
G1 F8843.478
G1 X174.796 Y58.802 E.32106
G1 X41.443 Y94.533 E4.5796
G1 X41.443 Y90.77 E.12485
G1 X53.125 Y102.452 E.54803
G1 X52.448 Y102.407 E.02253
G1 X72.635 Y27.067 E2.58735
G1 X80.776 Y26.689 E.27035
G1 X42.241 Y56.184 F18000
G1 F8843.478
G1 X42.203 Y55.289 E.02971
G1 X42.172 Y46.386 E.29534
G1 X47.029 Y28.259 E.62253
G1 X47.949 Y28.192 E.03059
G1 X124.587 Y104.83 E3.59524
G1 X127.644 Y104.881 E.10142
G1 X149.023 Y25.093 E2.74007
G1 X148.482 Y25.1 E.01794
G1 X174.796 Y51.413 E1.23441
G1 X174.796 Y46.158 E.1743
G1 X41.659 Y81.832 E4.57217
G1 X41.443 Y87.867 E.20033
G1 X41.443 Y90.566 E.08952
G1 X26.893 Y99.657 F18000
;TYPE:Internal solid infill
;WIDTH:0.420098
G1 F6000
G1 X27.551 Y100.315 E.02861
G1 X28.142 Y100.373 E.01826
G1 X27.062 Y99.293 E.04693
G1 X27.062 Y98.76 E.01639
G1 X28.733 Y100.43 E.07262
G1 X29.324 Y100.488 E.01826
G1 X27.062 Y98.226 E.09832
G1 X27.062 Y97.693 E.01639
G1 X29.915 Y100.546 E.12401
G1 X30.507 Y100.604 E.01826
G1 X27.062 Y97.159 E.14971
G1 X27.062 Y96.626 E.01639
G1 X31.098 Y100.661 E.17541
G1 X31.689 Y100.719 E.01826
G1 X27.062 Y96.093 E.2011
G1 X27.062 Y95.559 E.01639
G1 X32.28 Y100.777 E.2268
G1 X32.868 Y100.832 E.01815
G1 X27.062 Y95.026 E.25236
G1 X27.062 Y94.492 E.01639
G1 X33.453 Y100.883 E.27777
G1 X34.038 Y100.934 E.01804
G1 X27.062 Y93.959 E.30319
G1 X27.062 Y93.426 E.01639
G1 X34.622 Y100.986 E.32861
G1 X35.207 Y101.037 E.01804
G1 X27.062 Y92.892 E.35402
G1 X27.062 Y92.359 E.01639
G1 X35.792 Y101.088 E.37944
G1 X36.377 Y101.14 E.01804
G1 X27.062 Y91.825 E.40485
G1 X27.062 Y91.292 E.01639
G1 X36.961 Y101.191 E.43027
G1 X37.546 Y101.242 E.01804
G1 X27.062 Y90.758 E.45569
G1 X27.062 Y90.225 E.01639
G1 X38.131 Y101.294 E.4811
G1 X38.716 Y101.345 E.01804
G1 X27.062 Y89.692 E.50652
G1 X27.062 Y89.158 E.01639
G1 X39.3 Y101.396 E.53193
G1 X39.885 Y101.447 E.01804
G1 X27.062 Y88.625 E.55735
G1 X27.062 Y88.091 E.01639
G1 X40.47 Y101.499 E.58277
G1 X41.051 Y101.55 E.01793
G1 X27.062 Y87.558 E.6081
G1 X27.062 Y87.025 E.01639
G1 X41.051 Y101.013 E.60803
G1 X41.051 Y100.48 E.01639
G1 X27.062 Y86.491 E.60803
G1 X27.062 Y85.958 E.01639
G1 X41.051 Y99.946 E.60803
G1 X41.051 Y99.413 E.01639
G1 X27.062 Y85.424 E.60803
G1 X27.062 Y84.891 E.01639
G1 X41.051 Y98.88 E.60803
G1 X41.051 Y98.346 E.01639
G1 X27.062 Y84.358 E.60803
G1 X27.062 Y83.824 E.01639
G1 X41.051 Y97.813 E.60803
G1 X41.051 Y97.279 E.01639
G1 X27.062 Y83.291 E.60803
G1 X27.062 Y82.757 E.01639
G1 X41.051 Y96.746 E.60803
G1 X41.051 Y96.213 E.01639
G1 X27.062 Y82.224 E.60803
G1 X27.062 Y81.691 E.01639
G1 X41.051 Y95.679 E.60803
G1 X41.051 Y95.146 E.01639
G1 X27.062 Y81.157 E.60803
G1 X27.062 Y80.624 E.01639
G1 X41.051 Y94.612 E.60803
G1 X41.051 Y94.079 E.01639
G1 X27.062 Y80.09 E.60803
G1 X27.062 Y79.557 E.01639
G1 X41.051 Y93.546 E.60803
G1 X41.051 Y93.012 E.01639
G1 X27.062 Y79.023 E.60803
G1 X27.062 Y78.49 E.01639
G1 X41.051 Y92.479 E.60803
G1 X41.051 Y91.945 E.01639
G1 X27.062 Y77.957 E.60803
G1 X27.062 Y77.423 E.01639
G1 X41.051 Y91.412 E.60803
G1 X41.051 Y90.878 E.01639
G1 X27.062 Y76.89 E.60803
G1 X27.062 Y76.356 E.01639
G1 X41.051 Y90.345 E.60803
G1 X41.051 Y89.812 E.01639
G1 X27.062 Y75.823 E.60803
G1 X27.062 Y75.29 E.01639
G1 X41.051 Y89.278 E.60803
G1 X41.051 Y88.745 E.01639
G1 X27.062 Y74.756 E.60803
G1 X27.062 Y74.223 E.01639
G1 X41.051 Y88.211 E.60803
G1 X41.057 Y87.684 E.0162
G1 X27.062 Y73.689 E.60831
G1 X27.062 Y73.156 E.01639
G1 X41.076 Y87.169 E.60911
G1 X41.094 Y86.654 E.01584
G1 X27.062 Y72.623 E.60991
G1 X27.062 Y72.089 E.01639
G1 X41.113 Y86.139 E.61071
G1 X41.131 Y85.624 E.01584
G1 X27.062 Y71.556 E.61151
G1 X27.062 Y71.022 E.01639
G1 X41.15 Y85.109 E.61231
G1 X41.168 Y84.595 E.01584
G1 X27.062 Y70.489 E.61312
G1 X27.062 Y69.955 E.01639
G1 X41.186 Y84.08 E.61392
G1 X41.205 Y83.565 E.01584
G1 X27.062 Y69.422 E.61472
G1 X27.062 Y68.889 E.01639
G1 X41.223 Y83.05 E.61552
G1 X41.242 Y82.535 E.01584
G1 X27.062 Y68.355 E.61632
G1 X27.062 Y67.822 E.01639
G1 X41.26 Y82.02 E.61712
G1 X41.279 Y81.505 E.01584
G1 X27.062 Y67.288 E.61793
G1 X27.062 Y66.755 E.01639
G1 X41.297 Y80.99 E.61873
G1 X41.316 Y80.475 E.01584
G1 X27.062 Y66.222 E.61953
G1 X27.062 Y65.688 E.01639
G1 X41.334 Y79.96 E.62033
G1 X41.352 Y79.445 E.01584
G1 X27.062 Y65.155 E.62113
G1 X27.062 Y64.621 E.01639
G1 X41.371 Y78.93 E.62193
G1 X41.389 Y78.415 E.01584
G1 X27.062 Y64.088 E.62274
G1 X27.062 Y63.555 E.01639
G1 X41.423 Y77.916 E.62422
G1 X41.492 Y77.451 E.01443
G1 X27.062 Y63.021 E.62721
G1 X27.062 Y62.488 E.01639
G1 X41.561 Y76.987 E.63021
G1 X41.63 Y76.522 E.01443
G1 X27.062 Y61.954 E.6332
G1 X27.062 Y61.421 E.01639
G1 X41.699 Y76.058 E.6362
G1 X41.768 Y75.593 E.01443
G1 X27.062 Y60.888 E.63919
G1 X27.062 Y60.354 E.01639
G1 X41.837 Y75.129 E.64219
G1 X41.866 Y74.625 E.01551
G1 X27.062 Y59.821 E.64348
G1 X27.062 Y59.287 E.01639
G1 X41.886 Y74.111 E.64433
G1 X41.906 Y73.597 E.0158
G1 X27.062 Y58.754 E.64518
G1 X27.062 Y58.22 E.01639
G1 X41.786 Y72.944 E.63997
G1 X41.786 Y72.41 E.01639
G1 X27.062 Y57.687 E.63997
G1 X27.062 Y57.154 E.01639
G1 X41.786 Y71.877 E.63997
G1 X41.786 Y71.344 E.01639
G1 X27.062 Y56.62 E.63997
G1 X27.062 Y56.087 E.01639
G1 X41.786 Y70.81 E.63997
G1 X41.786 Y70.277 E.01639
G1 X27.062 Y55.553 E.63997
G1 X27.062 Y55.02 E.01639
G1 X41.786 Y69.743 E.63997
G1 X41.786 Y69.21 E.01639
G1 X27.062 Y54.487 E.63997
G1 X27.062 Y53.953 E.01639
G1 X41.786 Y68.677 E.63997
G1 X41.786 Y68.143 E.01639
G1 X27.062 Y53.42 E.63997
G1 X27.062 Y52.886 E.01639
G1 X41.786 Y67.61 E.63997
G1 X41.786 Y67.076 E.01639
G1 X27.062 Y52.353 E.63997
G1 X27.062 Y51.82 E.01639
G1 X41.786 Y66.543 E.63997
G1 X41.786 Y66.01 E.01639
G1 X27.062 Y51.286 E.63997
G1 X27.062 Y50.753 E.01639
G1 X41.786 Y65.476 E.63997
G1 X41.786 Y64.943 E.01639
G1 X27.062 Y50.219 E.63997
G1 X27.062 Y49.686 E.01639
G1 X41.786 Y64.409 E.63997
G1 X41.786 Y63.876 E.01639
G1 X27.062 Y49.152 E.63997
G1 X27.062 Y48.619 E.01639
G1 X41.786 Y63.342 E.63997
G1 X41.786 Y62.809 E.01639
G1 X27.062 Y48.086 E.63997
G1 X27.062 Y47.552 E.01639
G1 X41.786 Y62.276 E.63997
G1 X41.786 Y61.742 E.01639
G1 X27.062 Y47.019 E.63997
G1 X27.062 Y46.485 E.01639
G1 X41.786 Y61.209 E.63997
G1 X41.786 Y60.675 E.01639
G1 X27.062 Y45.952 E.63997
G1 X27.062 Y45.419 E.01639
G1 X41.786 Y60.142 E.63997
G1 X41.786 Y59.609 E.01639
G1 X27.062 Y44.885 E.63997
G1 X27.062 Y44.352 E.01639
G1 X41.786 Y59.075 E.63997
G1 X41.786 Y58.542 E.01639
G1 X27.062 Y43.818 E.63997
G1 X27.062 Y43.285 E.01639
G1 X41.804 Y58.027 E.64078
G1 X41.834 Y57.951 E.00251
G1 X41.919 Y57.86 E.00382
G1 X41.908 Y57.597 E.00809
G1 X27.062 Y42.752 E.64529
G1 X27.062 Y42.218 E.01639
G1 X41.885 Y57.04 E.64427
G1 X41.861 Y56.483 E.01714
G1 X27.062 Y41.685 E.64324
G1 X27.062 Y41.151 E.01639
G1 X41.837 Y55.926 E.64221
G1 X41.814 Y55.369 E.01714
G1 X27.062 Y40.618 E.64118
G1 X27.062 Y40.085 E.01639
G1 X41.809 Y54.831 E.64098
G1 X41.807 Y54.296 E.01645
G1 X27.062 Y39.551 E.6409
G1 X27.062 Y39.018 E.01639
G1 X41.805 Y53.761 E.64082
G1 X41.804 Y53.225 E.01645
G1 X27.062 Y38.484 E.64074
G1 X27.062 Y37.951 E.01639
G1 X41.802 Y52.69 E.64066
G1 X41.8 Y52.155 E.01645
G1 X27.062 Y37.417 E.64058
G1 X27.062 Y36.884 E.01639
G1 X41.798 Y51.62 E.6405
G1 X41.796 Y51.084 E.01645
G1 X27.062 Y36.351 E.64042
G1 X27.062 Y35.817 E.01639
G1 X41.794 Y50.549 E.64034
G1 X41.792 Y50.014 E.01645
G1 X27.062 Y35.284 E.64026
G1 X27.062 Y34.75 E.01639
G1 X41.791 Y49.479 E.64018
G1 X41.789 Y48.943 E.01645
G1 X27.062 Y34.217 E.6401
G1 X27.062 Y33.684 E.01639
G1 X41.787 Y48.408 E.64002
G1 X41.785 Y47.873 E.01645
G1 X27.062 Y33.15 E.63994
G1 X27.062 Y32.617 E.01639
G1 X41.783 Y47.338 E.63986
G1 X41.781 Y46.802 E.01645
G1 X27.062 Y32.083 E.63978
G1 X27.062 Y31.55 E.01639
G1 X41.78 Y46.267 E.6397
G1 X41.778 Y45.732 E.01645
G1 X27.062 Y31.017 E.63962
G1 X27.062 Y30.483 E.01639
G1 X41.776 Y45.197 E.63954
G1 X41.774 Y44.661 E.01645
G1 X27.117 Y30.004 E.6371
G1 X27.603 Y29.957 E.01501
G1 X41.772 Y44.126 E.61589
G1 X41.77 Y43.591 E.01645
G1 X28.089 Y29.909 E.59469
G1 X28.574 Y29.862 E.01501
G1 X41.768 Y43.056 E.57349
G1 X41.767 Y42.52 E.01645
G1 X29.06 Y29.814 E.55229
G1 X29.546 Y29.767 E.01501
G1 X41.765 Y41.985 E.53109
G1 X41.763 Y41.45 E.01645
G1 X30.032 Y29.719 E.50989
G1 X30.518 Y29.672 E.01501
G1 X41.761 Y40.915 E.48869
G1 X41.759 Y40.379 E.01645
G1 X31.004 Y29.624 E.46749
G1 X31.49 Y29.577 E.01501
G1 X41.757 Y39.844 E.44629
G1 X41.756 Y39.309 E.01645
G1 X31.976 Y29.529 E.42509
G1 X32.462 Y29.482 E.01501
G1 X41.754 Y38.774 E.40388
G1 X41.752 Y38.238 E.01645
G1 X32.95 Y29.437 E.38258
G1 X33.439 Y29.392 E.01507
G1 X41.75 Y37.703 E.36127
G1 X41.748 Y37.168 E.01645
G1 X33.927 Y29.347 E.33996
G1 X34.415 Y29.301 E.01507
G1 X41.746 Y36.633 E.31865
G1 X41.745 Y36.097 E.01645
G1 X34.904 Y29.256 E.29735
G1 X35.392 Y29.211 E.01507
G1 X41.743 Y35.562 E.27604
G1 X41.741 Y35.027 E.01645
G1 X35.88 Y29.166 E.25473
G1 X36.369 Y29.121 E.01507
G1 X41.739 Y34.492 E.23343
G1 X41.737 Y33.956 E.01645
G1 X36.857 Y29.076 E.21212
G1 X37.346 Y29.032 E.0151
G1 X41.735 Y33.421 E.19077
G1 X41.733 Y32.886 E.01645
G1 X37.839 Y28.992 E.16926
G1 X38.333 Y28.952 E.01521
G1 X41.732 Y32.351 E.14774
G1 X41.73 Y31.815 E.01645
G1 X38.826 Y28.911 E.12622
G1 X39.319 Y28.871 E.01521
G1 X41.728 Y31.28 E.10471
G1 X41.726 Y30.745 E.01645
G1 X39.812 Y28.831 E.08319
G1 X40.305 Y28.791 E.01521
G1 X41.724 Y30.209 E.06167
G1 X41.722 Y29.674 E.01645
G1 X40.799 Y28.75 E.04016
G1 X41.292 Y28.71 E.01521
G1 X41.891 Y29.309 E.02604
G1 X42.148 Y39.459 F18000
;TYPE:Sparse infill
;WIDTH:0.45
G1 F8843.478
G1 X42.119 Y31.136 E.27609
G1 X54.881 Y27.717 E.43826
G1 X59.701 Y27.408 E.1602
G1 X64.07 Y27.161 F18000
;TYPE:Internal solid infill
;WIDTH:0.383799
G1 F6000
G1 X68.696 Y26.896 E.1287
G1 X80.953 Y26.319 E.34083
G1 X90.815 Y25.939 E.27415
G1 X105.609 Y25.502 E.41111
G1 X115.53 Y25.27 E.27565
G1 X125.48 Y25.077 E.27645
G1 X140.349 Y24.849 E.41305
G1 X155.111 Y24.678 E.41008
G1 X174.998 Y24.504 E.55242
G1 X175.131 Y24.53 E.00377
G1 X175.158 Y24.663 E.00376
G1 X175.158 Y105.611 E2.24853
G1 X175.131 Y105.744 E.00376
G1 X174.998 Y105.77 E.00377
G1 X148.177 Y105.536 E.74503
G1 X125.881 Y105.217 E.61939
G1 X106.104 Y104.792 E.54949
G1 X91.229 Y104.349 E.41336
G1 X76.356 Y103.753 E.41347
G1 X67.299 Y103.3 E.2519
G1 X70.866 Y103.115 F18000
;TYPE:Sparse infill
;WIDTH:0.45
G1 F8843.478
G1 X66.562 Y102.9 E.14298
G1 X66.505 Y103.261 E.01214
G1 X66.565 Y103.278 E.00206
G1 X64.884 Y103.18 E.05586
G1 X85.428 Y26.509 E2.63303
G1 X80.98 Y26.681 E.14766
G1 X159.586 Y105.287 E3.68759
G1 X165.452 Y105.333 E.19461
G1 X174.796 Y70.464 E1.19749
G1 X174.796 Y68.684 E.05904
G1 X131.447 Y25.335 E2.03358
G1 X136.335 Y25.26 E.16217
G1 X115.064 Y104.644 E2.72622
G1 X124.383 Y104.826 E.3092
G1 X130.237 Y104.92 F18000
G1 F8843.478
G1 X140.236 Y105.072 E.33172
G1 X161.699 Y24.973 E2.75079
G1 X159.424 Y24.991 E.07544
G1 X42.249 Y56.388 E4.02403
G1 X42.278 Y57.063 E.02241
G1 X89.124 Y103.909 E2.19764
G1 X89.967 Y103.94 E.02797
G1 X110.922 Y25.733 E2.68579
G1 X109.329 Y25.77 E.05286
G1 X42.163 Y43.768 E2.30662
G1 X42.149 Y39.663 E.13617
G1 X106.936 Y104.449 E3.03928
G1 X102.504 Y104.334 E.14705
G1 X123.637 Y25.463 E2.70857
G1 X114.489 Y25.648 E.30355
G1 X174.796 Y85.955 E2.82913
G1 X174.796 Y84.088 E.06193
G1 X99.558 Y104.248 E2.58382
G1 X90.17 Y103.947 E.31157
G1 X144.71 Y105.13 F18000
G1 F8843.478
G1 X152.838 Y105.225 E.26965
G1 X174.369 Y24.871 E2.7595
G1 X165.595 Y24.941 E.29105
G1 X174.796 Y34.142 E.43162
G1 X174.796 Y33.515 E.02079
G1 X42.178 Y69.05 E4.55436
G1 X42.178 Y72.901 E.12776
G1 X42.319 Y73.051 E.00681
G1 X42.27 Y74.326 E.04233
G1 X71.07 Y103.125 E1.35105
G1 X77.458 Y103.439 E.21215
G1 X98.188 Y26.072 E2.65694
G1 X97.658 Y26.088 E.01759
G1 X174.796 Y103.226 E3.61868
G1 X174.796 Y96.731 E.21544
G1 X143.508 Y105.115 E1.07448
G1 X142.125 Y105.097 E.04587
G1 X64.527 Y27.498 E3.64032
G1 X63.955 Y27.531 E.01898
G1 X63.501 Y27.18 E.01906
G1 X59.904 Y27.395 E.11954
G1 X41.443 Y96.292 E2.36604
G1 X41.443 Y101.569 E.17506
G1 X46.151 Y101.936 E.15665
G1 X53.328 Y102.465 F18000
G1 F8843.478
G1 X57.909 Y102.764 E.15227
G1 X174.796 Y71.445 E4.01413
; stop printing object USV 1 e2mm.stl_5 id:1 copy 0
; end of layer_num: 5, T: 0, print_z: 1.040000
;LAYER_CHANGE
;Z:1.24
;HEIGHT:0.2
; BEFORE_LAYER_CHANGE 5 @ 1.24mm
G92 E0
; AFTER_LAYER_CHANGE 5 @ 1.24mm
; start of layer_num: 6, T: 0, print_z: 1.240000
; printing object "USV 1 e2mm.stl_6_B" id:0 copy 0
G1 E-.8 F3600
G1 X176.679 Y116.219 Z1.24 F18000
G1 E.8 F3600
M204 S1000
;TYPE:Outer wall
;WIDTH:0.42
G1 F3000
G1 X176.679 Y156.876 E1.24929
G1 X176.679 Y199.009 E1.2946
G1 X163.261 Y198.906 E.41232
G1 X148.483 Y198.764 E.4541
G1 X141.106 Y198.67 E.22668
G1 X126.236 Y198.44 E.457
G1 X116.281 Y198.245 E.30592
G1 X101.423 Y197.877 E.4567
G1 X86.621 Y197.381 E.45509
G1 X81.689 Y197.186 E.15164
G1 X76.792 Y196.968 E.15063
G1 X69.426 Y196.607 E.22662
G1 X62.017 Y196.187 E.22802
G1 X52.392 Y195.567 E.29635
G1 X47.582 Y195.217 E.1482
G1 X42.771 Y194.834 E.1483
G1 X37.963 Y194.425 E.14826
G1 X33.152 Y193.989 E.14844
G1 X27.098 Y193.397 E.18692
G1 X27.098 Y121.826 E2.19918
G1 X33.285 Y121.222 E.19103
G1 X42.91 Y120.376 E.29688
G1 X47.73 Y119.993 E.14857
G1 X52.558 Y119.644 E.14874
G1 X59.792 Y119.171 E.22275
G1 X67.179 Y118.739 E.22738
G1 X77.091 Y118.243 E.30495
G1 X82.026 Y118.025 E.15178
G1 X87.003 Y117.83 E.15303
G1 X96.947 Y117.48 E.30573
G1 X106.854 Y117.203 E.30455
G1 X116.736 Y116.967 E.30374
G1 X126.637 Y116.783 E.30429
G1 X136.52 Y116.617 E.3037
G1 X148.938 Y116.46 E.38161
G1 X156.428 Y116.381 E.23015
G1 X176.659 Y116.219 E.62167
M204 S2000
G1 X176.287 Y116.614 F18000
M204 S1500
;TYPE:Inner wall
;WIDTH:0.45
G1 F4800
G1 X176.287 Y156.876 E1.33557
G1 X176.287 Y198.613 E1.3845
G1 X163.265 Y198.514 E.432
G1 X148.487 Y198.372 E.49021
G1 X141.112 Y198.278 E.24468
G1 X126.243 Y198.048 E.4933
G1 X116.29 Y197.853 E.3302
G1 X101.434 Y197.485 E.49295
G1 X86.635 Y196.989 E.4912
G1 X81.706 Y196.794 E.16364
G1 X76.81 Y196.576 E.16255
G1 X69.447 Y196.215 E.24457
G1 X62.04 Y195.796 E.24607
G1 X52.419 Y195.176 E.31982
G1 X47.612 Y194.826 E.1599
G1 X42.803 Y194.443 E.16003
G1 X37.997 Y194.035 E.15998
G1 X33.189 Y193.599 E.16017
G1 X27.49 Y193.042 E.18994
G1 X27.49 Y122.182 E2.35055
G1 X33.321 Y121.612 E.19436
G1 X42.942 Y120.767 E.32038
G1 X47.76 Y120.384 E.16029
G1 X52.585 Y120.035 E.16048
G1 X59.816 Y119.563 E.24038
G1 X67.2 Y119.131 E.24537
G1 X77.11 Y118.635 E.32912
G1 X82.043 Y118.417 E.1638
G1 X87.017 Y118.222 E.16515
G1 X96.959 Y117.872 E.32999
G1 X106.864 Y117.594 E.32871
G1 X116.745 Y117.359 E.32784
G1 X126.644 Y117.175 E.32845
G1 X136.526 Y117.009 E.32783
G1 X148.942 Y116.852 E.41192
G1 X156.432 Y116.773 E.24844
G1 X176.267 Y116.614 E.658
G1 E-.8 F3600
M204 S2000
G1 X175.549 Y198.442 F18000
G1 E.8 F3600
M204 S500
;TYPE:Internal Bridge
;WIDTH:0.379473
;HEIGHT:0.379473
G1 F5400
M106 S255
G1 X175.928 Y198.063 E.02467
G1 X175.928 Y197.456 E.02799
G1 X175.138 Y198.245 E.05145
G1 X174.535 Y198.241 E.02778
G1 X175.928 Y196.848 E.09073
G1 X175.928 Y196.241 E.02799
G1 X173.933 Y198.236 E.13001
G1 X173.33 Y198.231 E.02778
G1 X175.928 Y195.634 E.16929
G1 X175.928 Y195.026 E.02799
G1 X172.727 Y198.227 E.20857
G1 X172.124 Y198.222 E.02778
G1 X175.928 Y194.419 E.24785
G1 X175.928 Y193.811 E.02799
G1 X171.522 Y198.217 E.28712
G1 X170.919 Y198.213 E.02778
G1 X175.928 Y193.204 E.3264
G1 X175.928 Y192.597 E.02799
G1 X170.316 Y198.208 E.36568
G1 X169.714 Y198.204 E.02778
G1 X175.928 Y191.989 E.40496
G1 X175.928 Y191.382 E.02799
G1 X169.111 Y198.199 E.44424
G1 X168.508 Y198.194 E.02778
G1 X175.928 Y190.775 E.48352
G1 X175.928 Y190.167 E.02799
G1 X167.905 Y198.19 E.5228
G1 X167.303 Y198.185 E.02778
G1 X175.928 Y189.56 E.56208
G1 X175.928 Y188.953 E.02799
G1 X166.7 Y198.18 E.60135
G1 X166.097 Y198.176 E.02778
G1 X175.928 Y188.345 E.64063
G1 X175.928 Y187.738 E.02799
G1 X165.494 Y198.171 E.67991
G1 X164.892 Y198.167 E.02778
G1 X175.928 Y187.13 E.71919
G1 X175.928 Y186.523 E.02799
G1 X164.289 Y198.162 E.75847
G1 X163.686 Y198.157 E.02778
G1 X175.928 Y185.916 E.79775
G1 X175.928 Y185.308 E.02799
G1 X163.084 Y198.152 E.837
G1 X162.482 Y198.147 E.02772
G1 X175.928 Y184.701 E.87621
G1 X175.928 Y184.094 E.02799
G1 X161.881 Y198.141 E.91541
G1 X161.279 Y198.135 E.02772
G1 X175.928 Y183.486 E.95462
G1 X175.928 Y182.879 E.02799
G1 X160.677 Y198.129 E.99382
G1 X160.076 Y198.123 E.02772
G1 X175.928 Y182.271 E1.03302
G1 X175.928 Y181.664 E.02799
G1 X159.474 Y198.118 E1.07223
G1 X158.873 Y198.112 E.02772
G1 X175.928 Y181.057 E1.11143
G1 X175.928 Y180.449 E.02799
G1 X158.271 Y198.106 E1.15063
G1 X157.669 Y198.1 E.02772
G1 X175.928 Y179.842 E1.18984
G1 X175.928 Y179.235 E.02799
G1 X157.068 Y198.095 E1.22904
G1 X156.466 Y198.089 E.02772
G1 X175.928 Y178.627 E1.26824
G1 X175.928 Y178.02 E.02799
G1 X155.865 Y198.083 E1.30745
G1 X155.263 Y198.077 E.02772
G1 X175.928 Y177.413 E1.34665
G1 X175.928 Y176.805 E.02799
G1 X154.662 Y198.071 E1.38585
G1 X154.06 Y198.066 E.02772
G1 X175.928 Y176.198 E1.42506
G1 X175.928 Y175.59 E.02799
G1 X153.458 Y198.06 E1.46426
G1 X152.857 Y198.054 E.02772
G1 X175.928 Y174.983 E1.50346
G1 X175.928 Y174.376 E.02799
G1 X152.255 Y198.048 E1.54267
G1 X151.654 Y198.042 E.02772
G1 X175.928 Y173.768 E1.58187
G1 X175.928 Y173.161 E.02799
G1 X151.052 Y198.037 E1.62108
G1 X150.45 Y198.031 E.02772
G1 X175.928 Y172.554 E1.66028
G1 X175.928 Y171.946 E.02799
G1 X149.849 Y198.025 E1.69948
G1 X149.247 Y198.019 E.02772
G1 X175.928 Y171.339 E1.73869
G1 X175.928 Y170.732 E.02799
G1 X148.646 Y198.014 E1.77789
G1 X148.045 Y198.006 E.02766
G1 X175.928 Y170.124 E1.817
G1 X175.928 Y169.517 E.02799
G1 X147.446 Y197.999 E1.85608
G1 X146.846 Y197.991 E.02764
G1 X175.928 Y168.909 E1.89517
G1 X175.928 Y168.302 E.02799
G1 X146.246 Y197.984 E1.93425
G1 X145.647 Y197.976 E.02764
G1 X175.928 Y167.695 E1.97333
G1 X175.928 Y167.087 E.02799
G1 X145.047 Y197.968 E2.01241
G1 X144.447 Y197.961 E.02764
G1 X175.928 Y166.48 E2.0515
G1 X175.928 Y165.873 E.02799
G1 X143.847 Y197.953 E2.09058
G1 X143.248 Y197.945 E.02764
G1 X175.928 Y165.265 E2.12966
G1 X175.928 Y164.658 E.02799
G1 X142.648 Y197.938 E2.16874
G1 X142.048 Y197.93 E.02764
G1 X175.928 Y164.051 E2.20783
G1 X175.928 Y163.443 E.02799
G1 X141.448 Y197.922 E2.24691
G1 X140.849 Y197.914 E.0276
G1 X175.928 Y162.836 E2.28594
G1 X175.928 Y162.228 E.02799
G1 X140.251 Y197.905 E2.32492
G1 X139.653 Y197.896 E.02756
G1 X175.928 Y161.621 E2.3639
G1 X175.928 Y161.014 E.02799
G1 X139.055 Y197.886 E2.40288
G1 X138.457 Y197.877 E.02756
G1 X175.928 Y160.406 E2.44185
G1 X175.928 Y159.799 E.02799
G1 X137.859 Y197.868 E2.48083
G1 X137.261 Y197.859 E.02756
G1 X175.928 Y159.192 E2.51981
G1 X175.928 Y158.584 E.02799
G1 X136.663 Y197.849 E2.55879
G1 X136.065 Y197.84 E.02756
G1 X175.928 Y157.977 E2.59776
G1 X175.928 Y157.369 E.02799
G1 X135.466 Y197.831 E2.63674
G1 X134.868 Y197.822 E.02756
G1 X175.928 Y156.762 E2.67572
G1 X175.928 Y156.155 E.02799
G1 X134.27 Y197.812 E2.7147
G1 X133.672 Y197.803 E.02756
G1 X175.928 Y155.547 E2.75367
G1 X175.928 Y154.94 E.02799
G1 X133.074 Y197.794 E2.79265
G1 X132.476 Y197.785 E.02756
G1 X175.928 Y154.333 E2.83163
G1 X175.928 Y153.725 E.02799
G1 X131.878 Y197.775 E2.8706
G1 X131.28 Y197.766 E.02756
G1 X175.928 Y153.118 E2.90958
G1 X175.928 Y152.511 E.02799
G1 X130.681 Y197.757 E2.94856
G1 X130.083 Y197.748 E.02756
G1 X175.928 Y151.903 E2.98754
G1 X175.928 Y151.296 E.02799
G1 X129.485 Y197.738 E3.02651
G1 X128.887 Y197.729 E.02756
G1 X175.928 Y150.688 E3.06549
G1 X175.928 Y150.081 E.02799
G1 X128.289 Y197.72 E3.10447
G1 X127.691 Y197.711 E.02756
G1 X175.928 Y149.474 E3.14345
G1 X175.928 Y148.866 E.02799
G1 X127.093 Y197.701 E3.18242
G1 X126.495 Y197.692 E.02756
G1 X175.928 Y148.259 E3.2214
G1 X175.928 Y147.652 E.02799
G1 X125.898 Y197.681 E3.26029
G1 X125.302 Y197.67 E.02746
G1 X175.928 Y147.044 E3.29911
G1 X175.928 Y146.437 E.02799
G1 X124.707 Y197.658 E3.33793
G1 X124.111 Y197.646 E.02745
G1 X175.928 Y145.83 E3.37675
G1 X175.928 Y145.222 E.02799
G1 X123.515 Y197.635 E3.41557
G1 X122.919 Y197.623 E.02746
G1 X175.928 Y144.615 E3.45439
G1 X175.928 Y144.007 E.02799
G1 X122.324 Y197.611 E3.49321
G1 X121.728 Y197.6 E.02746
G1 X175.928 Y143.4 E3.53203
G1 X175.928 Y142.793 E.02799
G1 X121.132 Y197.588 E3.57084
G1 X120.537 Y197.576 E.02745
G1 X175.928 Y142.185 E3.60966
G1 X175.928 Y141.578 E.02799
G1 X119.941 Y197.565 E3.64848
G1 X119.345 Y197.553 E.02745
G1 X175.928 Y140.971 E3.6873
G1 X175.928 Y140.363 E.02799
G1 X118.75 Y197.541 E3.72612
G1 X118.154 Y197.53 E.02745
G1 X175.928 Y139.756 E3.76494
G1 X175.928 Y139.148 E.02799
G1 X117.558 Y197.518 E3.80376
G1 X116.963 Y197.506 E.02745
G1 X175.928 Y138.541 E3.84258
G1 X175.928 Y137.934 E.02799
G1 X116.367 Y197.495 E3.8814
G1 X115.774 Y197.48 E.02734
G1 X175.928 Y137.326 E3.92005
G1 X175.928 Y136.719 E.02799
G1 X115.181 Y197.466 E3.95867
G1 X114.588 Y197.451 E.02732
G1 X175.928 Y136.112 E3.9973
G1 X175.928 Y135.504 E.02799
G1 X113.996 Y197.436 E4.03592
G1 X113.403 Y197.422 E.02732
G1 X175.928 Y134.897 E4.07454
G1 X175.928 Y134.29 E.02799
G1 X112.81 Y197.407 E4.11317
G1 X112.218 Y197.392 E.02732
G1 X175.928 Y133.682 E4.15179
G1 X175.928 Y133.075 E.02799
G1 X111.625 Y197.378 E4.19042
G1 X111.032 Y197.363 E.02732
G1 X175.928 Y132.467 E4.22904
G1 X175.928 Y131.86 E.02799
G1 X110.44 Y197.348 E4.26766
G1 X109.847 Y197.334 E.02732
G1 X175.928 Y131.253 E4.30629
G1 X175.928 Y130.645 E.02799
G1 X109.254 Y197.319 E4.34491
G1 X108.662 Y197.304 E.02732
G1 X175.928 Y130.038 E4.38353
G1 X175.928 Y129.431 E.02799
G1 X108.069 Y197.289 E4.42216
G1 X107.476 Y197.275 E.02732
G1 X175.928 Y128.823 E4.46078
G1 X175.928 Y128.216 E.02799
G1 X106.883 Y197.26 E4.4994
G1 X106.291 Y197.245 E.02732
G1 X175.928 Y127.609 E4.53803
G1 X175.928 Y127.001 E.02799
G1 X105.698 Y197.231 E4.57665
G1 X105.105 Y197.216 E.02732
G1 X175.928 Y126.394 E4.61528
G1 X175.928 Y125.786 E.02799
G1 X104.513 Y197.201 E4.6539
G1 X103.92 Y197.187 E.02732
G1 X175.928 Y125.179 E4.69252
G1 X175.928 Y124.572 E.02799
G1 X103.327 Y197.172 E4.73115
G1 X102.735 Y197.157 E.02732
G1 X175.928 Y123.964 E4.76977
G1 X175.928 Y123.357 E.02799
G1 X102.142 Y197.143 E4.80839
G1 X101.549 Y197.128 E.02732
G1 X175.928 Y122.75 E4.84702
G1 X175.928 Y122.142 E.02799
G1 X100.961 Y197.109 E4.88537
G1 X100.373 Y197.09 E.0271
G1 X175.928 Y121.535 E4.92367
G1 X175.928 Y120.927 E.02799
G1 X99.785 Y197.07 E4.96197
G1 X99.198 Y197.05 E.0271
G1 X175.928 Y120.32 E5.00026
G1 X175.928 Y119.713 E.02799
G1 X98.61 Y197.03 E5.03856
G1 X98.022 Y197.011 E.0271
G1 X175.928 Y119.105 E5.07686
G1 X175.928 Y118.498 E.02799
G1 X97.435 Y196.991 E5.11515
G1 X96.847 Y196.971 E.0271
G1 X175.928 Y117.891 E5.15345
G1 X175.928 Y117.283 E.02799
G1 X96.259 Y196.952 E5.19175
G1 X95.672 Y196.932 E.0271
G1 X175.625 Y116.979 E5.21029
G1 X175.012 Y116.984 E.02821
G1 X95.084 Y196.912 E5.20869
G1 X94.496 Y196.893 E.0271
G1 X174.4 Y116.989 E5.20709
G1 X173.788 Y116.994 E.02821
G1 X93.909 Y196.873 E5.20549
G1 X93.321 Y196.853 E.0271
G1 X173.176 Y116.999 E5.20389
G1 X172.563 Y117.003 E.02821
G1 X92.733 Y196.834 E5.20229
G1 X92.146 Y196.814 E.0271
G1 X171.951 Y117.008 E5.20069
G1 X171.339 Y117.013 E.02821
G1 X91.558 Y196.794 E5.19908
G1 X90.97 Y196.774 E.0271
G1 X170.727 Y117.018 E5.19748
G1 X170.114 Y117.023 E.02821
G1 X90.383 Y196.755 E5.19588
G1 X89.795 Y196.735 E.0271
G1 X169.502 Y117.028 E5.19428
G1 X168.89 Y117.033 E.02821
G1 X89.207 Y196.715 E5.19268
G1 X88.619 Y196.696 E.0271
G1 X168.278 Y117.038 E5.19108
G1 X167.665 Y117.043 E.02821
G1 X88.032 Y196.676 E5.18948
G1 X87.444 Y196.656 E.0271
G1 X167.053 Y117.047 E5.18787
G1 X166.441 Y117.052 E.02821
G1 X86.856 Y196.637 E5.18627
G1 X86.271 Y196.615 E.027
G1 X165.829 Y117.057 E5.18453
G1 X165.216 Y117.062 E.02821
G1 X85.687 Y196.592 E5.1827
G1 X85.102 Y196.569 E.02694
G1 X164.604 Y117.067 E5.18088
G1 X163.992 Y117.072 E.02821
G1 X84.518 Y196.545 E5.17906
G1 X83.934 Y196.522 E.02694
G1 X163.38 Y117.077 E5.17723
G1 X162.767 Y117.082 E.02821
G1 X83.35 Y196.499 E5.17541
G1 X82.765 Y196.476 E.02694
G1 X162.155 Y117.086 E5.17359
G1 X161.543 Y117.091 E.02821
G1 X82.181 Y196.453 E5.17176
G1 X81.597 Y196.429 E.02692
G1 X160.931 Y117.096 E5.1699
G1 X160.318 Y117.101 E.02821
G1 X81.016 Y196.403 E5.1679
G1 X80.434 Y196.378 E.02682
G1 X159.706 Y117.106 E5.16589
G1 X159.094 Y117.111 E.02821
G1 X79.853 Y196.352 E5.16389
G1 X79.271 Y196.326 E.02682
G1 X158.482 Y117.116 E5.16188
G1 X157.869 Y117.121 E.02821
G1 X78.69 Y196.3 E5.15988
G1 X78.109 Y196.274 E.02682
G1 X157.257 Y117.126 E5.15787
G1 X156.645 Y117.13 E.02821
G1 X77.527 Y196.248 E5.15587
G1 X76.946 Y196.222 E.02682
G1 X156.032 Y117.136 E5.15379
G1 X155.418 Y117.143 E.02829
G1 X76.366 Y196.194 E5.15156
G1 X75.787 Y196.166 E.02671
G1 X154.804 Y117.149 E5.14929
G1 X154.19 Y117.156 E.02829
G1 X75.208 Y196.138 E5.14702
G1 X74.629 Y196.109 E.02671
G1 X153.576 Y117.162 E5.14475
G1 X152.962 Y117.169 E.02829
G1 X74.05 Y196.081 E5.14247
G1 X73.471 Y196.053 E.02671
G1 X152.349 Y117.175 E5.1402
G1 X151.735 Y117.182 E.02829
G1 X72.892 Y196.024 E5.13793
G1 X72.313 Y195.996 E.02671
G1 X151.121 Y117.188 E5.13566
G1 X150.507 Y117.195 E.02829
G1 X71.734 Y195.968 E5.13339
G1 X71.155 Y195.939 E.02671
G1 X149.893 Y117.201 E5.13112
G1 X149.279 Y117.208 E.02829
G1 X70.576 Y195.911 E5.12885
G1 X69.997 Y195.882 E.02671
G1 X148.665 Y117.215 E5.12654
G1 X148.05 Y117.222 E.02835
G1 X69.418 Y195.854 E5.12416
G1 X68.844 Y195.821 E.02653
G1 X147.435 Y117.23 E5.12153
G1 X146.819 Y117.238 E.02835
G1 X68.269 Y195.789 E5.1189
G1 X67.694 Y195.756 E.02653
G1 X146.204 Y117.246 E5.11627
G1 X145.589 Y117.254 E.02835
G1 X67.119 Y195.723 E5.11364
G1 X66.544 Y195.691 E.02653
G1 X144.974 Y117.261 E5.11101
G1 X144.359 Y117.269 E.02835
G1 X65.97 Y195.658 E5.10838
G1 X65.395 Y195.626 E.02653
G1 X143.744 Y117.277 E5.10576
G1 X143.129 Y117.285 E.02835
G1 X64.82 Y195.593 E5.10313
G1 X64.245 Y195.561 E.02653
G1 X142.513 Y117.292 E5.1005
G1 X141.898 Y117.3 E.02835
G1 X63.671 Y195.528 E5.09787
G1 X63.302 Y195.507 E.017
G1 X63.798 Y194.793 E.04008
G1 X141.283 Y117.308 E5.04945
G1 X140.668 Y117.316 E.02835
G1 X64.268 Y193.716 E4.97878
G1 X63.438 Y193.938 E.03958
G1 X140.053 Y117.324 E4.99276
G1 X139.438 Y117.331 E.02835
G1 X62.608 Y194.161 E5.00674
G1 X61.779 Y194.383 E.03958
G1 X138.823 Y117.339 E5.02072
G1 X138.207 Y117.347 E.02835
G1 X60.949 Y194.605 E5.0347
G1 X60.119 Y194.828 E.03958
G1 X137.592 Y117.355 E5.04868
G1 X136.977 Y117.362 E.02835
G1 X59.29 Y195.05 E5.06267
G1 X59.055 Y195.113 E.01119
G1 X58.76 Y195.224 E.01453
G1 X58.523 Y195.209 E.01093
G1 X136.361 Y117.371 E5.07246
G1 X135.744 Y117.381 E.02847
G1 X64.561 Y188.563 E4.63873
G1 X64.258 Y188.26 E.01979
G1 X135.126 Y117.392 E4.61826
G1 X134.508 Y117.402 E.02847
G1 X63.954 Y187.956 E4.59779
G1 X63.65 Y187.652 E.01979
G1 X133.89 Y117.412 E4.57733
G1 X133.273 Y117.423 E.02847
G1 X63.347 Y187.349 E4.55686
G1 X63.043 Y187.045 E.01979
G1 X132.655 Y117.433 E4.5364
G1 X132.037 Y117.444 E.02847
G1 X62.739 Y186.741 E4.51593
G1 X62.436 Y186.438 E.01979
G1 X131.419 Y117.454 E4.49546
G1 X130.802 Y117.464 E.02847
G1 X62.132 Y186.134 E4.475
G1 X61.828 Y185.83 E.01979
G1 X130.184 Y117.475 E4.45453
G1 X129.566 Y117.485 E.02847
G1 X61.525 Y185.527 E4.43406
G1 X61.221 Y185.223 E.01979
G1 X128.948 Y117.495 E4.4136
G1 X128.331 Y117.506 E.02847
G1 X60.917 Y184.919 E4.39313
G1 X60.663 Y184.665 E.01657
G1 X62.9 Y182.428 E.14577
G1 X62.864 Y182.365 E.00333
G1 X127.713 Y117.516 E4.22603
G1 X127.095 Y117.527 E.02847
G1 X62.641 Y181.98 E4.20026
G1 X62.419 Y181.595 E.02049
G1 X126.477 Y117.537 E4.17448
G1 X125.858 Y117.549 E.02852
G1 X61.626 Y181.781 E4.1858
G1 X60.797 Y182.003 E.03958
G1 X125.239 Y117.56 E4.19954
G1 X124.62 Y117.572 E.02852
G1 X59.967 Y182.225 E4.21328
G1 X59.137 Y182.448 E.03958
G1 X124.002 Y117.583 E4.22702
G1 X123.383 Y117.595 E.02852
G1 X58.497 Y182.481 E4.22842
G1 X58.478 Y182.48 E.00087
G1 X58.184 Y182.186 E.01915
G1 X122.764 Y117.606 E4.20847
G1 X122.145 Y117.618 E.02852
G1 X57.88 Y181.882 E4.18794
G1 X57.577 Y181.579 E.01979
G1 X121.526 Y117.629 E4.1674
G1 X120.907 Y117.641 E.02852
G1 X57.273 Y181.275 E4.14686
G1 X57.078 Y181.08 E.01268
G1 X57.071 Y180.87 E.00971
G1 X120.288 Y117.652 E4.11971
G1 X119.67 Y117.664 E.02852
G1 X57.185 Y180.148 E4.0719
G1 X57.408 Y179.318 E.03958
G1 X119.051 Y117.675 E4.01709
G1 X118.432 Y117.687 E.02852
G1 X57.63 Y178.489 E3.96227
G1 X57.852 Y177.659 E.03958
G1 X117.813 Y117.698 E3.90745
G1 X117.194 Y117.71 E.02852
G1 X58.075 Y176.829 E3.85264
G1 X58.297 Y175.999 E.03958
G1 X116.574 Y117.722 E3.79776
G1 X115.952 Y117.737 E.02868
G1 X63.479 Y170.21 E3.41951
G1 X63.175 Y169.906 E.01979
G1 X115.33 Y117.752 E3.39875
G1 X114.708 Y117.767 E.02868
G1 X63.093 Y169.381 E3.36356
G1 X63.257 Y168.709 E.03188
G1 X63.126 Y168.741 E.00619
G1 X114.085 Y117.782 E3.32086
G1 X113.463 Y117.796 E.02868
G1 X62.323 Y168.936 E3.33263
G1 X62.228 Y168.959 E.00451
G1 X61.961 Y168.692 E.01745
G1 X112.841 Y117.811 E3.31572
G1 X112.219 Y117.826 E.02868
G1 X61.657 Y168.388 E3.29496
G1 X61.353 Y168.084 E.01979
G1 X111.596 Y117.841 E3.2742
G1 X110.974 Y117.856 E.02868
G1 X61.049 Y167.781 E3.25344
G1 X60.811 Y167.542 E.01556
G1 X60.759 Y167.464 E.00432
G1 X110.352 Y117.871 E3.23181
G1 X109.73 Y117.886 E.02868
G1 X60.742 Y166.873 E3.19236
G1 X60.965 Y166.043 E.03958
G1 X109.108 Y117.9 E3.13733
G1 X108.485 Y117.915 E.02868
G1 X61.187 Y165.214 E3.08229
G1 X61.409 Y164.384 E.03958
G1 X107.863 Y117.93 E3.02725
G1 X107.241 Y117.945 E.02868
G1 X61.632 Y163.554 E2.97222
G1 X61.854 Y162.725 E.03958
G1 X106.618 Y117.961 E2.91711
G1 X105.993 Y117.979 E.02881
G1 X62.076 Y161.895 E2.8619
G1 X62.299 Y161.065 E.03958
G1 X105.368 Y117.996 E2.80669
G1 X104.743 Y118.014 E.02881
G1 X62.521 Y160.236 E2.75148
G1 X62.743 Y159.406 E.03958
G1 X104.118 Y118.031 E2.69627
G1 X103.493 Y118.049 E.02881
G1 X62.965 Y158.576 E2.64106
G1 X63.102 Y158.067 E.02429
G1 X62.953 Y157.981 E.00791
G1 X102.868 Y118.066 E2.60114
G1 X102.243 Y118.084 E.02881
G1 X62.568 Y157.759 E2.58551
G1 X62.246 Y157.573 E.01716
G1 X56.544 Y163.275 E.37159
G1 X56.494 Y163.225 E.00322
G1 X101.618 Y118.101 E2.9406
G1 X100.993 Y118.119 E.02881
G1 X61.729 Y157.383 E2.55873
G1 X61.507 Y156.998 E.02049
G1 X100.369 Y118.136 E2.5325
G1 X99.744 Y118.154 E.02881
G1 X61.285 Y156.613 E2.50626
G1 X61.271 Y156.589 E.00125
G1 X60.492 Y156.798 E.03717
G1 X99.119 Y118.171 E2.51719
G1 X98.494 Y118.189 E.02881
G1 X59.662 Y157.021 E2.53054
G1 X58.833 Y157.243 E.03958
G1 X97.869 Y118.206 E2.54388
G1 X97.244 Y118.224 E.02881
G1 X58.003 Y157.465 E2.55723
G1 X57.173 Y157.687 E.03958
G1 X96.617 Y118.244 E2.5704
G1 X95.987 Y118.266 E.02903
G1 X56.344 Y157.91 E2.58345
G1 X55.956 Y158.014 E.01848
G1 X55.874 Y157.871 E.00759
G1 X62.142 Y151.602 E.40849
G1 X62.093 Y151.553 E.00322
G1 X95.358 Y118.288 E2.16776
G1 X94.728 Y118.311 E.02903
G1 X61.789 Y151.249 E2.14653
G1 X61.485 Y150.946 E.01979
G1 X94.099 Y118.333 E2.12529
G1 X93.469 Y118.355 E.02903
G1 X61.182 Y150.642 E2.10406
G1 X60.878 Y150.338 E.01979
G1 X92.839 Y118.377 E2.08282
G1 X92.21 Y118.399 E.02903
G1 X60.574 Y150.035 E2.06159
G1 X60.271 Y149.731 E.01979
G1 X91.58 Y118.421 E2.04036
G1 X90.951 Y118.443 E.02903
G1 X59.967 Y149.427 E2.01912
G1 X59.663 Y149.124 E.01979
G1 X90.321 Y118.466 E1.99789
G1 X89.692 Y118.488 E.02903
G1 X59.36 Y148.82 E1.97665
G1 X59.056 Y148.516 E.01979
G1 X89.062 Y118.51 E1.95542
G1 X88.433 Y118.532 E.02903
G1 X58.752 Y148.213 E1.93419
G1 X58.449 Y147.909 E.01979
G1 X87.803 Y118.554 E1.91295
G1 X87.174 Y118.576 E.02903
G1 X58.145 Y147.605 E1.89172
G1 X57.891 Y147.351 E.01657
G1 X59.954 Y145.288 E.13444
G1 X59.918 Y145.225 E.00333
G1 X86.542 Y118.601 E1.73505
G1 X85.91 Y118.625 E.02915
G1 X59.695 Y144.84 E1.70834
G1 X59.473 Y144.455 E.02049
G1 X85.278 Y118.65 E1.68164
G1 X84.646 Y118.675 E.02915
G1 X58.68 Y144.64 E1.6921
G1 X57.851 Y144.863 E.03958
G1 X84.014 Y118.7 E1.70497
G1 X83.382 Y118.724 E.02915
G1 X57.021 Y145.085 E1.71784
G1 X56.191 Y145.307 E.03958
G1 X82.749 Y118.749 E1.73072
G1 X82.117 Y118.774 E.02915
G1 X55.716 Y145.176 E1.72053
G1 X55.412 Y144.872 E.01979
G1 X81.482 Y118.802 E1.69893
G1 X80.847 Y118.83 E.02931
G1 X55.108 Y144.568 E1.67731
G1 X54.804 Y144.265 E.01979
G1 X80.211 Y118.858 E1.65569
G1 X79.576 Y118.886 E.02931
G1 X54.501 Y143.961 E1.63407
G1 X54.328 Y143.788 E.01127
G1 X54.393 Y143.461 E.01537
G1 X78.94 Y118.914 E1.59965
G1 X78.305 Y118.942 E.02931
G1 X54.587 Y142.66 E1.54563
G1 X54.809 Y141.83 E.03958
G1 X77.67 Y118.97 E1.48974
G1 X77.034 Y118.999 E.02934
G1 X55.032 Y141.001 E1.4338
G1 X55.254 Y140.171 E.03958
G1 X76.394 Y119.031 E1.37765
G1 X75.755 Y119.063 E.0295
G1 X55.476 Y139.341 E1.3215
G1 X55.699 Y138.512 E.03958
G1 X75.116 Y119.095 E1.26535
G1 X74.476 Y119.127 E.0295
G1 X55.921 Y137.682 E1.20919
G1 X56.143 Y136.852 E.03958
G1 X73.837 Y119.159 E1.15304
G1 X73.198 Y119.191 E.0295
G1 X60.099 Y132.289 E.85356
G1 X59.796 Y131.985 E.01979
G1 X72.558 Y119.223 E.83169
G1 X71.919 Y119.255 E.0295
G1 X59.492 Y131.681 E.80981
G1 X59.188 Y131.378 E.01979
G1 X71.279 Y119.287 E.78794
G1 X70.64 Y119.319 E.0295
G1 X58.885 Y131.074 E.76606
G1 X58.581 Y130.77 E.01979
G1 X70.001 Y119.351 E.74419
G1 X69.361 Y119.383 E.0295
G1 X58.277 Y130.467 E.72231
G1 X58.075 Y130.265 E.01317
G1 X58.053 Y130.084 E.00839
G1 X68.722 Y119.415 E.69528
G1 X68.083 Y119.447 E.0295
G1 X58.144 Y129.385 E.64767
G1 X58.366 Y128.556 E.03958
G1 X67.443 Y119.479 E.59152
G1 X66.8 Y119.514 E.02968
G1 X58.589 Y127.726 E.53513
G1 X58.811 Y126.896 E.03958
G1 X66.155 Y119.552 E.4786
G1 X65.51 Y119.59 E.02978
G1 X59.033 Y126.066 E.42207
G1 X59.17 Y125.557 E.02429
G1 X59.021 Y125.471 E.00791
G1 X64.865 Y119.627 E.38083
G1 X64.22 Y119.665 E.02978
G1 X58.636 Y125.249 E.36389
G1 X58.314 Y125.063 E.01716
G1 X55.594 Y127.783 E.17725
G1 X55.544 Y127.733 E.00322
G1 X63.575 Y119.703 E.52333
G1 X62.93 Y119.741 E.02978
G1 X55.24 Y127.43 E.50109
G1 X54.937 Y127.126 E.01979
G1 X62.285 Y119.778 E.47884
G1 X61.64 Y119.816 E.02978
G1 X54.633 Y126.822 E.45659
G1 X54.329 Y126.519 E.01979
G1 X60.994 Y119.854 E.43434
G1 X60.349 Y119.891 E.02978
G1 X54.026 Y126.215 E.41209
G1 X53.722 Y125.911 E.01979
G1 X59.91 Y119.723 E.40325
M204 S2000
G1 X53.605 Y124.929 F18000
;TYPE:Sparse infill
;WIDTH:0.45
;HEIGHT:0.2
G1 F8843.478
M106 S204
G1 X58.134 Y120.399 E.21248
G1 X54.547 Y120.634 E.11924
G1 X27.838 Y127.79 E.91724
G1 X27.838 Y122.498 E.17557
G1 X31.675 Y122.123 E.12789
G1 X31.774 Y122.492 E.01268
G1 X32.242 Y122.446 E.01558
G1 X32.045 Y122.101 F18000
;TYPE:Internal solid infill
;WIDTH:0.38292
G1 F6000
G1 X42.973 Y121.128 E.30398
G1 X47.788 Y120.746 E.1338
G1 X52.61 Y120.397 E.13396
G1 X58.57 Y120.007 E.16547
G1 X59.243 Y153.91 F18000
;TYPE:Sparse infill
;WIDTH:0.45
G1 F8843.478
G1 X61.551 Y151.602 E.10824
G1 X57.299 Y147.351 E.19945
G1 X57.811 Y146.839 E.02403
G1 X56.603 Y145.63 E.05669
G1 X56.002 Y145.791 E.02063
G1 X55.655 Y145.623 E.01279
G1 X27.838 Y153.077 E.95529
G1 X27.838 Y151.407 E.05539
G1 X56.716 Y180.285 E1.35471
G1 X56.641 Y180.563 E.00957
G1 X56.666 Y181.26 E.02312
G1 X56.705 Y181.298 E.00181
G1 X53.168 Y194.497 E.45328
G1 X53.691 Y194.531 E.01738
G1 X27.838 Y168.678 E1.21281
G1 X27.838 Y165.72 E.09812
G1 X55.624 Y158.275 E.95423
G1 X55.754 Y158.501 E.00865
G1 X61.069 Y157.077 E.18252
G1 X61.243 Y157.377 E.0115
G1 X58.492 Y160.128 E.12905
G1 X61.408 Y191.224 F18000
G1 F8843.478
G1 X64.019 Y188.613 E.12248
G1 X60.071 Y184.665 E.1852
G1 X60.584 Y184.153 E.02403
G1 X59.275 Y182.844 E.0614
G1 X58.991 Y182.92 E.00974
G1 X58.297 Y182.891 E.02303
G1 X58.261 Y182.855 E.00171
G1 X27.838 Y191.006 E1.04479
G1 X27.838 Y192.726 E.05704
G1 X28.343 Y192.775 E.01684
G1 X47.541 Y121.129 E2.46048
G1 X49.247 Y121.004 E.05676
G1 X53.388 Y125.145 E.19427
G1 X52.876 Y125.657 E.02403
G1 X55.594 Y128.374 E.12748
G1 X56.106 Y127.862 E.02403
G1 X57.694 Y129.45 E.07449
G1 X57.597 Y129.809 E.01235
G1 X57.683 Y130.464 E.02188
G1 X56.311 Y135.585 E.17587
G1 X59.557 Y132.338 E.15231
G1 X59.239 Y132.02 E.01493
G1 X27.838 Y140.434 E1.07837
G1 X27.838 Y134.136 E.2089
G1 X56.161 Y162.459 E1.32867
G1 X55.648 Y162.971 E.02403
G1 X56.544 Y163.866 E.042
G1 X57.056 Y163.354 E.02403
G1 X60.365 Y166.664 E.15526
G1 X60.182 Y167.347 E.02347
G1 X60.368 Y167.629 E.01119
G1 X58.464 Y174.732 E.24393
G1 X62.937 Y170.259 E.20981
G1 X62.544 Y169.867 E.01841
G1 X62.688 Y169.278 E.02011
G1 X62.099 Y169.421 E.02011
G1 X61.911 Y169.234 E.00882
G1 X27.838 Y178.363 E1.17013
G1 X27.838 Y185.949 E.25163
G1 X35.333 Y193.444 E.35159
G1 X35.677 Y193.475 E.01145
G1 X35.573 Y193.087 E.01333
G1 X40.781 Y193.544 E.17342
G1 X54.033 Y144.085 E1.69851
G1 X53.874 Y143.925 E.00748
G1 X54.045 Y143.072 E.02887
G1 X33.314 Y122.342 E.97251
G1 X34.603 Y122.228 E.04292
G1 X27.838 Y147.476 E.86707
G1 X27.838 Y151.204 E.12367
G1 X36.057 Y193.495 F18000
;TYPE:Internal solid infill
;WIDTH:0.38292
G1 F6000
G1 X42.833 Y194.082 E.18842
G1 X47.64 Y194.465 E.13359
G1 X52.445 Y194.814 E.13348
G1 X57.532 Y195.142 E.14123
G1 X59.837 Y195.29 F18000
G1 F6000
G1 X62.846 Y195.478 E.08353
; stop printing object USV 1 e2mm.stl_6_B id:0 copy 0
; printing object "USV 1 e2mm.stl_5" id:1 copy 0
G1 E-.8 F3600
G1 X175.913 Y23.742 F18000
G1 E.8 F3600
M204 S1000
;TYPE:Outer wall
;WIDTH:0.42
G1 F3000
G1 X175.913 Y106.532 E2.54393
G1 X155.659 Y106.374 E.62236
G1 X148.169 Y106.291 E.23017
G1 X140.687 Y106.197 E.22993
G1 X125.869 Y105.972 E.45537
G1 X115.968 Y105.784 E.3043
G1 X106.086 Y105.547 E.30373
G1 X101.15 Y105.416 E.15171
G1 X91.205 Y105.104 E.30575
G1 X86.234 Y104.92 E.15283
G1 X81.257 Y104.725 E.15305
G1 X76.322 Y104.507 E.15178
G1 X66.41 Y104.011 E.30496
G1 X59.023 Y103.579 E.22737
G1 X51.789 Y103.106 E.22275
G1 X42.14 Y102.373 E.29735
G1 X32.516 Y101.529 E.29686
G1 X26.337 Y100.925 E.19076
G1 X26.337 Y29.352 E2.19924
G1 X32.383 Y28.761 E.18666
G1 X37.194 Y28.317 E.14845
G1 X46.813 Y27.532 E.29656
G1 X51.623 Y27.183 E.14819
G1 X61.248 Y26.567 E.29635
G1 X68.657 Y26.142 E.22802
G1 X76.024 Y25.782 E.22663
G1 X80.921 Y25.565 E.15063
G1 X85.853 Y25.37 E.15166
G1 X90.789 Y25.185 E.1518
G1 X100.654 Y24.877 E.30326
G1 X105.59 Y24.742 E.15171
G1 X115.513 Y24.506 E.305
G1 X125.467 Y24.31 E.30592
G1 X140.338 Y24.081 E.457
G1 X147.715 Y23.991 E.2267
G1 X155.103 Y23.908 E.22704
G1 X175.893 Y23.742 E.63883
M204 S2000
G1 X175.521 Y24.137 F18000
M204 S1500
;TYPE:Inner wall
;WIDTH:0.45
G1 F4800
G1 X175.521 Y106.137 E2.7201
G1 X155.663 Y105.982 E.65874
G1 X148.174 Y105.899 E.24845
G1 X140.692 Y105.805 E.2482
G1 X125.876 Y105.58 E.49155
G1 X115.976 Y105.392 E.32845
G1 X106.095 Y105.155 E.32786
G1 X101.161 Y105.024 E.16372
G1 X91.218 Y104.712 E.33001
G1 X86.249 Y104.528 E.16495
G1 X81.274 Y104.333 E.16516
G1 X76.341 Y104.115 E.16379
G1 X66.431 Y103.619 E.32913
G1 X59.047 Y103.188 E.24536
G1 X51.817 Y102.715 E.24035
G1 X42.172 Y101.983 E.32088
G1 X32.552 Y101.138 E.32032
G1 X26.729 Y100.569 E.19408
G1 X26.729 Y29.707 E2.35062
G1 X32.42 Y29.151 E.18967
G1 X37.228 Y28.708 E.16016
G1 X46.843 Y27.923 E.32003
G1 X51.65 Y27.574 E.15987
G1 X61.272 Y26.959 E.31983
G1 X68.678 Y26.534 E.24607
G1 X76.042 Y26.174 E.24458
G1 X80.937 Y25.956 E.16255
G1 X90.803 Y25.576 E.3275
G1 X100.666 Y25.268 E.32733
G1 X105.6 Y25.134 E.16372
G1 X115.521 Y24.898 E.32921
G1 X125.474 Y24.702 E.33021
G1 X140.343 Y24.473 E.49331
G1 X147.719 Y24.383 E.24469
G1 X155.107 Y24.3 E.24508
G1 X175.501 Y24.137 E.67652
M204 S2000
G1 X102.379 Y65.919 F18000
;TYPE:Sparse infill
G1 F8843.478
G1 X102.434 Y66.226 E.01036
G1 X101.44 Y65.96 E.0341
G1 X102.343 Y65.718 E.03099
G1 X102.248 Y65.19 E.0178
G1 X102.382 Y65.154 E.0046
G1 X99.545 Y62.317 E.13311
G1 X100.877 Y62.674 E.04576
G1 X100.088 Y65.62 E.1012
G1 X99.461 Y66.252 E.02949
G1 X99.393 Y66.509 E.00884
G1 X96.462 Y67.294 E.10063
G1 X94.926 Y66.882 E.05276
G1 X94.848 Y67.173 E.00998
G1 X89.127 Y68.706 E.19648
G1 X89.011 Y68.775 E.00448
G1 X82.555 Y71.126 F18000
G1 F8843.478
G1 X85.314 Y71.865 E.09477
G1 X85.771 Y70.159 E.05861
G1 X82.358 Y71.073 E.11723
G1 X80.822 Y70.662 E.05276
G1 X80.744 Y70.952 E.00998
G1 X75.337 Y72.401 E.18569
G1 X69.28 Y74.683 F18000
G1 F8843.478
G1 X71.739 Y75.342 E.08447
G1 X72.15 Y73.808 E.05267
G1 X69.083 Y74.63 E.10533
G1 X67.547 Y74.219 E.05276
G1 X67.469 Y74.509 E.00998
G1 X61.739 Y76.045 E.19678
G1 X64.333 Y86.228 F18000
G1 F8843.478
G1 X66.978 Y86.937 E.09084
G1 X66.978 Y87.284 E.0115
G1 X60.834 Y88.93 E.21101
G1 X60.834 Y89.484 E.01836
G1 X27.077 Y98.529 E1.15926
G1 X27.077 Y100.253 E.0572
G1 X27.579 Y100.302 E.01671
G1 X46.776 Y28.656 E2.46047
G1 X48.488 Y28.531 E.05693
G1 X58.901 Y38.944 E.4885
G1 X58.695 Y39.484 E.01918
G1 X27.077 Y47.956 E1.08581
G1 X27.077 Y41.662 E.20879
G1 X61.605 Y76.189 E1.61974
G1 X61.279 Y76.62 E.01791
G1 X61.359 Y76.7 E.00374
G1 X27.077 Y85.886 E1.1773
G1 X27.077 Y93.475 E.25175
G1 X34.568 Y100.966 E.35141
G1 X39.313 Y101.382 E.15799
G1 X39.209 Y100.994 E.01331
G1 X40.018 Y101.065 E.02693
G1 X57.916 Y34.267 E2.294
G1 X57.49 Y34.152 E.01465
G1 X59.04 Y28.366 E.19871
G1 X59.467 Y28.481 E.01465
G1 X59.652 Y27.789 E.02374
G1 X53.746 Y28.167 E.19631
G1 X27.077 Y35.313 E.91586
G1 X27.077 Y30.023 E.17547
G1 X31.765 Y29.565 E.15625
G1 X39.602 Y28.878 F18000
;TYPE:Internal solid infill
;WIDTH:0.38292
G1 F6000
G1 X46.872 Y28.285 E.20209
G1 X51.676 Y27.936 E.13344
G1 X61.294 Y27.321 E.26704
G1 X63.566 Y27.19 E.06304
G1 X66.799 Y46.593 F18000
;TYPE:Sparse infill
;WIDTH:0.45
G1 F8843.478
G1 X67.619 Y43.536 E.10499
G1 X61.983 Y42.026 E.19354
G1 X66.747 Y46.79 E.22348
G1 X66.601 Y47.4 E.02083
G1 X66.947 Y47.747 E.01624
G1 X66.483 Y49.479 E.05951
G1 X67.53 Y49.76 E.03596
G1 X68.659 Y49.458 E.03875
G1 X67.091 Y47.89 E.07352
G1 X27.077 Y58.729 F18000
G1 F8843.478
G1 X27.077 Y54.989 E.12409
G1 X33.945 Y29.36 E.88013
G1 X32.208 Y29.522 E.05785
G1 X75.14 Y72.454 E2.01403
G1 X74.788 Y72.548 E.01209
G1 X75.076 Y73.025 E.01847
G1 X73.231 Y73.519 E.06335
G1 X72.722 Y73.382 E.01751
G1 X77.174 Y56.767 E.5706
G1 X76.56 Y56.603 E.02108
G1 X88.836 Y68.879 E.5759
G1 X88.361 Y69.16 E.01831
G1 X88.601 Y69.4 E.01127
G1 X87.336 Y69.739 E.04346
G1 X86.408 Y69.491 E.03188
G1 X89.192 Y59.098 E.3569
G1 X84.8 Y57.921 E.15084
G1 X84.767 Y58.046 E.00427
G1 X83.937 Y58.268 E.02849
G1 X83.859 Y58.558 E.00998
G1 X82.869 Y58.293 E.03399
G1 X27.077 Y73.243 E1.916
G1 X27.077 Y76.204 E.09823
G1 X52.935 Y102.061 E1.21302
G1 X52.403 Y102.027 E.01767
G1 X57.152 Y84.304 E.60862
G1 X56.725 Y84.19 E.01465
G1 X57.72 Y80.478 E.12748
G1 X58.146 Y80.592 E.01465
G1 X65.377 Y53.606 E.92676
G1 X64.951 Y53.492 E.01465
G1 X65.829 Y50.216 E.1125
G1 X27.077 Y60.599 E1.33079
G1 X27.077 Y58.933 E.05528
G1 X65.769 Y97.624 E1.81509
G1 X65.735 Y97.749 E.00428
G1 X65.683 Y98.295 E.01819
G1 X65.97 Y98.581 E.01344
G1 X65.495 Y100.353 E.06083
G1 X64.989 Y100.533 E.01781
G1 X64.851 Y101.051 E.01777
G1 X59.49 Y102.487 E.18408
G1 X53.138 Y102.075 E.21117
G1 X39.693 Y101.401 F18000
;TYPE:Internal solid infill
;WIDTH:0.38292
G1 F6000
G1 X42.202 Y101.621 E.06978
G1 X51.843 Y102.353 E.26788
G1 X59.07 Y102.826 E.20066
G1 X66.689 Y103.268 E.21143
G1 X64.749 Y102.298 F18000
M204 S500
;TYPE:Internal Bridge
;WIDTH:0.379473
;HEIGHT:0.379473
G1 F5400
M106 S255
G1 X68.777 Y103.377 E.19212
G1 X70.817 Y103.479 E.09414
G1 X65.047 Y101.933 E.27524
G1 X65.158 Y101.518 E.01979
G1 X72.857 Y103.581 E.36727
G1 X74.898 Y103.683 E.09414
G1 X65.27 Y101.103 E.45931
G1 X65.337 Y100.853 E.01192
G1 X65.619 Y100.752 E.01383
G1 X76.923 Y103.781 E.53924
G1 X78.91 Y103.869 E.09164
G1 X66.396 Y100.516 E.59694
G1 X67.226 Y100.294 E.03958
G1 X80.896 Y103.957 E.65214
G1 X82.848 Y104.035 E.09002
G1 X67.808 Y100.005 E.71749
G1 X67.389 Y99.448 E.03212
G1 X84.792 Y104.111 E.8302
G1 X86.731 Y104.186 E.08942
G1 X66.835 Y98.855 E.94916
G1 X66.227 Y98.248 E.03958
G1 X88.656 Y104.257 E1.06999
G1 X90.582 Y104.329 E.08878
G1 X66.159 Y97.785 E1.1651
G1 X66.27 Y97.37 E.01979
G1 X92.476 Y104.392 E1.25019
G1 X94.356 Y104.451 E.08664
G1 X66.381 Y96.955 E1.33455
G1 X66.492 Y96.54 E.01979
G1 X96.235 Y104.51 E1.4189
G1 X98.115 Y104.569 E.08664
G1 X66.603 Y96.125 E1.50325
G1 X66.715 Y95.71 E.01979
G1 X99.994 Y104.628 E1.5876
G1 X101.859 Y104.683 E.08599
G1 X66.826 Y95.296 E1.67129
G1 X66.937 Y94.881 E.01979
G1 X103.701 Y104.732 E1.75385
G1 X105.543 Y104.781 E.0849
G1 X67.048 Y94.466 E1.83641
G1 X67.159 Y94.051 E.01979
G1 X107.371 Y104.826 E1.91833
G1 X109.194 Y104.87 E.084
G1 X67.27 Y93.636 E1.99997
G1 X67.382 Y93.221 E.01979
G1 X111.016 Y104.913 E2.08161
G1 X112.839 Y104.957 E.084
G1 X67.493 Y92.807 E2.16325
G1 X67.604 Y92.392 E.01979
G1 X114.661 Y105.001 E2.24488
G1 X116.473 Y105.042 E.08354
G1 X67.715 Y91.977 E2.32605
G1 X67.826 Y91.562 E.01979
G1 X118.259 Y105.076 E2.40594
G1 X120.045 Y105.109 E.08231
G1 X61.252 Y89.356 E2.80477
G1 X61.252 Y89.251 E.00482
G1 X61.887 Y89.081 E.03028
G1 X121.831 Y105.143 E2.85969
G1 X123.617 Y105.177 E.08231
G1 X62.716 Y88.859 E2.9053
G1 X63.546 Y88.637 E.03958
G1 X125.403 Y105.211 E2.95092
G1 X127.169 Y105.24 E.0814
G1 X64.376 Y88.414 E2.9956
G1 X65.205 Y88.192 E.03958
G1 X128.928 Y105.267 E3.03993
G1 X130.687 Y105.293 E.08107
G1 X66.035 Y87.97 E3.08427
G1 X66.865 Y87.747 E.03958
G1 X132.446 Y105.32 E3.12861
G1 X134.205 Y105.347 E.08107
G1 X67.396 Y87.445 E3.18715
G1 X67.396 Y87.001 E.02049
G1 X135.964 Y105.373 E3.27107
G1 X137.723 Y105.4 E.08107
G1 X57.253 Y83.838 E3.8389
G1 X57.364 Y83.423 E.01979
G1 X139.482 Y105.427 E3.91751
G1 X141.236 Y105.452 E.08081
G1 X57.475 Y83.008 E3.99586
G1 X57.586 Y82.593 E.01979
G1 X142.977 Y105.474 E4.07361
G1 X144.718 Y105.496 E.08023
G1 X57.697 Y82.179 E4.15136
G1 X57.808 Y81.764 E.01979
G1 X146.459 Y105.518 E4.22911
G1 X148.2 Y105.539 E.08022
G1 X57.92 Y81.349 E4.30686
G1 X58.016 Y80.99 E.01711
G1 X67.407 Y83.507 E.44801
G1 X67.437 Y83.455 E.00278
G1 X149.931 Y105.559 E3.9354
G1 X151.661 Y105.578 E.07977
G1 X67.659 Y83.069 E4.00737
G1 X67.882 Y82.684 E.02049
G1 X153.392 Y105.597 E4.07934
G1 X155.123 Y105.616 E.07977
G1 X67.347 Y82.097 E4.1874
G1 X66.74 Y81.489 E.03958
G1 X156.839 Y105.631 E4.29825
G1 X158.549 Y105.645 E.07877
G1 X66.133 Y80.882 E4.40876
G1 X65.525 Y80.275 E.03958
G1 X160.258 Y105.658 E4.51928
G1 X161.967 Y105.672 E.07877
G1 X64.918 Y79.667 E4.6298
G1 X64.31 Y79.06 E.03958
G1 X163.677 Y105.685 E4.74032
G1 X165.386 Y105.698 E.07877
G1 X63.703 Y78.452 E4.85084
G1 X63.096 Y77.845 E.03958
G1 X167.095 Y105.712 E4.96136
G1 X168.805 Y105.725 E.07877
G1 X62.488 Y77.238 E5.07188
G1 X61.881 Y76.63 E.03958
G1 X170.514 Y105.738 E5.1824
G1 X172.223 Y105.752 E.07877
G1 X62.355 Y76.313 E5.24134
G1 X63.184 Y76.09 E.03958
G1 X173.933 Y105.765 E5.28331
G1 X175.162 Y105.775 E.05663
G1 X175.162 Y105.65 E.00576
G1 X64.014 Y75.868 E5.30235
G1 X64.844 Y75.646 E.03958
G1 X175.162 Y105.205 E5.26277
G1 X175.162 Y104.761 E.02049
G1 X65.673 Y75.423 E5.22319
G1 X66.503 Y75.201 E.03958
G1 X175.162 Y104.316 E5.18361
G1 X175.162 Y103.871 E.02049
G1 X67.333 Y74.979 E5.14403
G1 X67.811 Y74.851 E.02279
G1 X67.843 Y74.731 E.00571
G1 X72.035 Y75.854 E.2
G1 X72.05 Y75.798 E.00268
G1 X175.162 Y103.427 E4.91898
G1 X175.162 Y102.982 E.02049
G1 X72.161 Y75.383 E4.91368
G1 X72.272 Y74.968 E.01979
G1 X175.162 Y102.538 E4.90838
G1 X175.162 Y102.093 E.02049
G1 X72.384 Y74.554 E4.90308
G1 X72.495 Y74.139 E.01979
G1 X175.162 Y101.648 E4.89777
G1 X175.162 Y101.204 E.02049
G1 X75.845 Y74.592 E4.73793
G1 X76.068 Y74.207 E.02049
G1 X175.162 Y100.759 E4.72733
G1 X175.162 Y100.314 E.02049
G1 X76.29 Y73.822 E4.71672
G1 X76.31 Y73.788 E.0018
G1 X75.756 Y73.234 E.03609
G1 X175.162 Y99.87 E4.74221
G1 X175.162 Y99.425 E.02049
G1 X75.63 Y72.756 E4.74823
G1 X76.459 Y72.533 E.03958
G1 X175.162 Y98.981 E4.70865
G1 X175.162 Y98.536 E.02049
G1 X77.289 Y72.311 E4.66907
G1 X78.119 Y72.089 E.03958
G1 X175.162 Y98.091 E4.62949
G1 X175.162 Y97.647 E.02049
G1 X78.948 Y71.866 E4.5899
G1 X79.778 Y71.644 E.03958
G1 X175.162 Y97.202 E4.55032
G1 X175.162 Y96.757 E.02049
G1 X80.608 Y71.422 E4.51074
G1 X81.085 Y71.294 E.02279
G1 X81.117 Y71.174 E.00571
G1 X85.61 Y72.378 E.21431
G1 X85.625 Y72.322 E.00268
G1 X175.162 Y96.313 E4.27139
G1 X175.162 Y95.868 E.02049
G1 X85.736 Y71.907 E4.26609
G1 X85.847 Y71.492 E.01979
G1 X175.162 Y95.424 E4.26079
G1 X175.162 Y94.979 E.02049
G1 X85.958 Y71.077 E4.25549
G1 X86.07 Y70.662 E.01979
G1 X175.162 Y94.534 E4.25018
G1 X175.162 Y94.09 E.02049
G1 X86.181 Y70.247 E4.24488
G1 X86.277 Y69.889 E.01711
G1 X89.083 Y70.641 E.13385
G1 X89.113 Y70.588 E.00278
G1 X175.162 Y93.645 E4.10501
G1 X175.162 Y93.2 E.02049
G1 X89.335 Y70.203 E4.0944
G1 X89.557 Y69.818 E.02049
G1 X175.162 Y92.756 E4.0838
G1 X175.162 Y92.311 E.02049
G1 X89.05 Y69.238 E4.10798
G1 X89.291 Y69.095 E.01289
G1 X89.734 Y68.976 E.02114
G1 X175.162 Y91.867 E4.07536
G1 X175.162 Y91.422 E.02049
G1 X90.564 Y68.754 E4.03578
G1 X91.393 Y68.532 E.03958
G1 X175.162 Y90.977 E3.9962
G1 X175.162 Y90.533 E.02049
G1 X92.223 Y68.309 E3.95662
G1 X93.053 Y68.087 E.03958
G1 X175.162 Y90.088 E3.91704
G1 X175.162 Y89.643 E.02049
G1 X93.882 Y67.865 E3.87746
G1 X94.712 Y67.642 E.03958
G1 X175.162 Y89.199 E3.83788
G1 X175.162 Y88.754 E.02049
G1 X99.311 Y68.43 E3.6185
G1 X99.422 Y68.015 E.01979
G1 X175.162 Y88.31 E3.6132
G1 X175.162 Y87.865 E.02049
G1 X99.533 Y67.6 E3.60789
G1 X99.644 Y67.186 E.01979
G1 X175.162 Y87.42 E3.60259
G1 X175.162 Y86.976 E.02049
G1 X99.755 Y66.771 E3.59729
G1 X99.837 Y66.467 E.01448
G1 X99.93 Y66.373 E.00612
G1 X175.162 Y86.531 E3.58895
G1 X175.162 Y86.086 E.02049
G1 X102.95 Y66.737 E3.4449
G1 X102.866 Y66.27 E.02186
G1 X175.162 Y85.642 E3.44888
G1 X175.162 Y85.197 E.02049
G1 X102.783 Y65.803 E3.45286
G1 X102.728 Y65.495 E.01445
G1 X103.009 Y65.419 E.01341
G1 X175.162 Y84.753 E3.44208
G1 X175.162 Y84.308 E.02049
G1 X103.839 Y65.197 E3.4025
G1 X104.668 Y64.975 E.03958
G1 X175.162 Y83.863 E3.36292
G1 X175.162 Y83.419 E.02049
G1 X105.498 Y64.752 E3.32334
G1 X106.03 Y64.61 E.02537
G1 X106.03 Y64.45 E.00736
G1 X175.162 Y82.974 E3.29797
G1 X175.162 Y82.529 E.02049
G1 X105.836 Y63.954 E3.30719
M204 S2000
G1 X83.842 Y58.06 F18000
M204 S500
G1 F5400
G1 X65.478 Y53.14 E.87604
G1 X65.589 Y52.725 E.01979
G1 X84.298 Y57.738 E.8925
G1 X84.425 Y57.704 E.00606
G1 X84.504 Y57.409 E.01408
G1 X98.632 Y61.195 E.67399
G1 X98.536 Y61.553 E.01711
G1 X175.162 Y82.085 E3.65546
G1 X175.162 Y81.64 E.02049
G1 X65.701 Y52.31 E5.2219
G1 X65.812 Y51.895 E.01979
G1 X175.162 Y81.196 E5.21659
G1 X175.162 Y80.751 E.02049
G1 X65.923 Y51.481 E5.21129
G1 X66.034 Y51.066 E.01979
G1 X175.162 Y80.306 E5.20599
G1 X175.162 Y79.862 E.02049
G1 X66.145 Y50.651 E5.20069
G1 X66.256 Y50.236 E.01979
G1 X175.162 Y79.417 E5.19538
G1 X175.162 Y78.972 E.02049
G1 X69.07 Y50.545 E5.06117
G1 X69.292 Y50.16 E.02049
G1 X175.162 Y78.528 E5.05057
G1 X175.162 Y78.083 E.02049
G1 X69.514 Y49.775 E5.03996
G1 X69.534 Y49.741 E.0018
G1 X68.98 Y49.187 E.03609
G1 X175.162 Y77.639 E5.06545
G1 X175.162 Y77.194 E.02049
G1 X68.373 Y48.58 E5.09443
G1 X67.765 Y47.973 E.03958
G1 X175.162 Y76.749 E5.1234
G1 X175.162 Y76.305 E.02049
G1 X67.158 Y47.365 E5.15238
G1 X67.062 Y47.269 E.00627
G1 X67.146 Y46.917 E.01666
G1 X175.162 Y75.86 E5.15296
G1 X175.162 Y75.416 E.02049
G1 X67.257 Y46.502 E5.14766
G1 X67.368 Y46.088 E.01979
G1 X175.162 Y74.971 E5.14236
G1 X175.162 Y74.526 E.02049
G1 X67.479 Y45.673 E5.13705
G1 X67.59 Y45.258 E.01979
G1 X175.162 Y74.082 E5.13175
G1 X175.162 Y73.637 E.02049
G1 X67.701 Y44.843 E5.12645
G1 X67.812 Y44.428 E.01979
G1 X175.162 Y73.192 E5.12114
G1 X175.162 Y72.748 E.02049
G1 X67.924 Y44.013 E5.11584
G1 X68.035 Y43.599 E.01979
G1 X175.162 Y72.303 E5.11054
G1 X175.162 Y71.859 E.02049
G1 X60.974 Y41.262 E5.44737
G1 X60.991 Y41.199 E.00303
G1 X60.477 Y40.684 E.03352
G1 X175.162 Y71.414 E5.4711
G1 X175.162 Y70.969 E.02049
G1 X59.869 Y40.077 E5.50007
G1 X59.262 Y39.469 E.03958
G1 X175.162 Y70.525 E5.52905
G1 X175.162 Y70.08 E.02049
G1 X59.611 Y39.118 E5.51241
G1 X60.44 Y38.896 E.03958
G1 X175.162 Y69.635 E5.47283
G1 X175.162 Y69.191 E.02049
G1 X61.27 Y38.674 E5.43325
G1 X62.1 Y38.451 E.03958
G1 X175.162 Y68.746 E5.39367
G1 X175.162 Y68.302 E.02049
G1 X62.929 Y38.229 E5.35409
G1 X63.759 Y38.007 E.03958
G1 X175.162 Y67.857 E5.31451
G1 X175.162 Y67.412 E.02049
G1 X64.589 Y37.784 E5.27493
G1 X65.419 Y37.562 E.03958
G1 X175.162 Y66.968 E5.23535
G1 X175.162 Y66.523 E.02049
G1 X66.248 Y37.34 E5.19577
G1 X66.78 Y37.197 E.02537
G1 X66.78 Y37.038 E.00736
G1 X175.162 Y66.078 E5.1704
G1 X175.162 Y65.634 E.02049
G1 X66.78 Y36.593 E5.1704
G1 X66.78 Y36.209 E.01771
G1 X58.002 Y33.857 E.41876
G1 X58.017 Y33.8 E.00268
G1 X175.162 Y65.189 E5.58844
G1 X175.162 Y64.745 E.02049
G1 X58.128 Y33.386 E5.58314
G1 X58.239 Y32.971 E.01979
G1 X175.162 Y64.3 E5.57784
G1 X175.162 Y63.855 E.02049
G1 X58.35 Y32.556 E5.57253
G1 X58.462 Y32.141 E.01979
G1 X175.162 Y63.411 E5.56723
G1 X175.162 Y62.966 E.02049
G1 X58.573 Y31.726 E5.56193
G1 X58.684 Y31.311 E.01979
G1 X175.162 Y62.521 E5.55663
G1 X175.162 Y62.077 E.02049
G1 X58.795 Y30.897 E5.55132
G1 X58.906 Y30.482 E.01979
G1 X175.162 Y61.632 E5.54602
G1 X175.162 Y61.188 E.02049
G1 X59.017 Y30.067 E5.54072
G1 X59.129 Y29.652 E.01979
G1 X175.162 Y60.743 E5.53541
G1 X175.162 Y60.298 E.02049
G1 X59.24 Y29.237 E5.53011
G1 X59.336 Y28.879 E.01711
G1 X66.515 Y30.802 E.3425
G1 X66.545 Y30.75 E.00278
G1 X175.162 Y59.854 E5.18159
G1 X175.162 Y59.409 E.02049
G1 X66.768 Y30.365 E5.17099
G1 X66.99 Y29.98 E.02049
G1 X175.162 Y58.964 E5.16038
G1 X175.162 Y58.52 E.02049
G1 X66.456 Y29.392 E5.18587
G1 X65.848 Y28.785 E.03958
G1 X175.162 Y58.075 E5.21485
G1 X175.162 Y57.631 E.02049
G1 X65.241 Y28.177 E5.24382
G1 X64.634 Y27.57 E.03958
G1 X175.162 Y57.186 E5.2728
G1 X175.162 Y56.741 E.02049
G1 X64.635 Y27.126 E5.27273
G1 X66.002 Y27.047 E.06309
G1 X175.162 Y56.297 E5.20752
G1 X175.162 Y55.852 E.02049
G1 X67.369 Y26.969 E5.14232
G1 X68.736 Y26.891 E.06313
G1 X175.162 Y55.407 E5.07707
G1 X175.162 Y54.963 E.02049
G1 X70.14 Y26.822 E5.01012
G1 X71.543 Y26.754 E.06475
G1 X175.162 Y54.518 E4.94316
G1 X175.162 Y54.074 E.02049
G1 X72.947 Y26.685 E4.87621
G1 X74.35 Y26.617 E.06475
G1 X175.162 Y53.629 E4.80926
G1 X175.162 Y53.184 E.02049
G1 X75.754 Y26.548 E4.74231
G1 X77.172 Y26.484 E.06544
G1 X175.162 Y52.74 E4.67463
G1 X175.162 Y52.295 E.02049
G1 X78.595 Y26.42 E4.60674
G1 X80.018 Y26.357 E.06564
G1 X175.162 Y51.85 E4.53885
G1 X175.162 Y51.406 E.02049
G1 X81.451 Y26.296 E4.47051
G1 X82.902 Y26.24 E.06691
G1 X175.162 Y50.961 E4.4013
G1 X175.162 Y50.517 E.02049
G1 X84.353 Y26.184 E4.33208
G1 X85.804 Y26.129 E.06691
G1 X175.162 Y50.072 E4.26287
G1 X175.162 Y49.627 E.02049
G1 X87.255 Y26.073 E4.19365
G1 X88.705 Y26.017 E.06691
G1 X175.162 Y49.183 E4.12444
G1 X175.162 Y48.738 E.02049
G1 X90.156 Y25.961 E4.05522
G1 X91.626 Y25.91 E.06778
G1 X175.162 Y48.293 E3.98509
G1 X175.162 Y47.849 E.02049
G1 X93.113 Y25.864 E3.91419
G1 X94.599 Y25.818 E.06852
G1 X175.162 Y47.404 E3.84329
G1 X175.162 Y46.96 E.02049
G1 X96.085 Y25.771 E3.77239
G1 X97.571 Y25.725 E.06852
G1 X175.162 Y46.515 E3.70149
G1 X175.162 Y46.07 E.02049
G1 X99.057 Y25.678 E3.63059
G1 X100.544 Y25.632 E.06852
G1 X175.162 Y45.626 E3.55969
G1 X175.162 Y45.181 E.02049
G1 X102.048 Y25.59 E3.48794
G1 X103.553 Y25.549 E.06941
G1 X175.162 Y44.737 E3.41611
G1 X175.162 Y44.292 E.02049
G1 X105.059 Y25.508 E3.34428
G1 X106.576 Y25.47 E.06994
G1 X175.162 Y43.847 E3.2719
G1 X175.162 Y43.403 E.02049
G1 X108.1 Y25.434 E3.19919
G1 X109.624 Y25.397 E.07025
G1 X175.162 Y42.958 E3.12648
G1 X175.162 Y42.513 E.02049
G1 X111.149 Y25.361 E3.05377
G1 X112.673 Y25.325 E.07025
G1 X175.162 Y42.069 E2.98107
G1 X175.162 Y41.624 E.02049
G1 X114.197 Y25.289 E2.90836
G1 X115.724 Y25.253 E.07037
G1 X175.162 Y41.18 E2.83552
G1 X175.162 Y40.735 E.02049
G1 X117.269 Y25.223 E2.76178
G1 X118.815 Y25.192 E.07124
G1 X175.162 Y40.29 E2.68804
G1 X175.162 Y39.846 E.02049
G1 X120.361 Y25.162 E2.6143
G1 X121.907 Y25.131 E.07124
G1 X175.162 Y39.401 E2.54055
G1 X175.162 Y38.956 E.02049
G1 X123.452 Y25.101 E2.46681
G1 X124.998 Y25.071 E.07124
G1 X175.162 Y38.512 E2.39307
G1 X175.162 Y38.067 E.02049
G1 X126.56 Y25.044 E2.31856
G1 X128.129 Y25.02 E.07232
G1 X175.162 Y37.623 E2.2437
G1 X175.162 Y37.178 E.02049
G1 X129.698 Y24.996 E2.16884
G1 X131.268 Y24.972 E.07232
G1 X175.162 Y36.733 E2.09398
G1 X175.162 Y36.289 E.02049
G1 X132.837 Y24.948 E2.01912
G1 X134.406 Y24.924 E.07232
G1 X175.162 Y35.844 E1.94427
G1 X175.162 Y35.399 E.02049
G1 X135.975 Y24.899 E1.86941
G1 X137.544 Y24.875 E.07232
G1 X175.162 Y34.955 E1.79455
G1 X175.162 Y34.51 E.02049
G1 X139.114 Y24.851 E1.71969
G1 X140.687 Y24.828 E.07249
G1 X175.162 Y34.066 E1.64465
G1 X175.162 Y33.621 E.02049
G1 X142.274 Y24.809 E1.56894
G1 X143.861 Y24.789 E.07314
G1 X175.162 Y33.176 E1.49322
G1 X175.162 Y32.732 E.02049
G1 X145.448 Y24.77 E1.41751
G1 X147.035 Y24.751 E.07314
G1 X175.162 Y32.287 E1.3418
G1 X175.162 Y31.842 E.02049
G1 X148.625 Y24.732 E1.26593
G1 X150.218 Y24.714 E.07339
G1 X175.162 Y31.398 E1.18996
G1 X175.162 Y30.953 E.02049
G1 X151.81 Y24.696 E1.11398
G1 X153.403 Y24.678 E.07339
G1 X175.162 Y30.509 E1.03801
G1 X175.162 Y30.064 E.02049
G1 X154.995 Y24.66 E.96203
G1 X156.605 Y24.647 E.07419
G1 X175.162 Y29.619 E.88523
G1 X175.162 Y29.175 E.02049
G1 X158.217 Y24.634 E.80836
G1 X159.828 Y24.622 E.07425
G1 X175.162 Y28.73 E.73148
G1 X175.162 Y28.285 E.02049
G1 X161.44 Y24.609 E.65461
G1 X163.051 Y24.596 E.07425
G1 X175.162 Y27.841 E.57774
G1 X175.162 Y27.396 E.02049
G1 X164.662 Y24.583 E.50087
G1 X166.274 Y24.57 E.07425
G1 X175.162 Y26.952 E.424
G1 X175.162 Y26.507 E.02049
G1 X167.885 Y24.557 E.34713
G1 X169.496 Y24.544 E.07425
G1 X175.162 Y26.062 E.27026
G1 X175.162 Y25.618 E.02049
G1 X171.108 Y24.532 E.19339
G1 X172.719 Y24.519 E.07425
G1 X175.162 Y25.173 E.11652
G1 X175.162 Y24.728 E.02049
G1 X173.63 Y24.318 E.07306
; stop printing object USV 1 e2mm.stl_5 id:1 copy 0
; end of layer_num: 6, T: 0, print_z: 1.240000
;LAYER_CHANGE
;Z:1.44
;HEIGHT:0.2
; BEFORE_LAYER_CHANGE 6 @ 1.44mm
G92 E0
; AFTER_LAYER_CHANGE 6 @ 1.44mm
; start of layer_num: 7, T: 0, print_z: 1.440000
; printing object "USV 1 e2mm.stl_6_B" id:0 copy 0
M204 S2000
G1 E-.8 F3600
G1 X176.679 Y116.219 Z1.44 F18000
G1 E.8 F3600
M204 S1000
;TYPE:Outer wall
;WIDTH:0.42
G1 F3000
M106 S204
G1 X176.679 Y170.828 E1.67798
G1 X176.679 Y199.009 E.86591
G1 X163.261 Y198.906 E.41232
G1 X148.483 Y198.764 E.4541
G1 X141.106 Y198.67 E.22668
G1 X126.235 Y198.44 E.457
G1 X116.281 Y198.245 E.30592
G1 X101.423 Y197.877 E.4567
G1 X86.621 Y197.381 E.45506
G1 X81.689 Y197.186 E.15167
G1 X76.793 Y196.968 E.15061
G1 X69.427 Y196.607 E.22659
G1 X62.017 Y196.187 E.22806
G1 X52.393 Y195.567 E.29634
G1 X47.583 Y195.217 E.1482
G1 X42.772 Y194.834 E.1483
G1 X37.965 Y194.425 E.14823
G1 X33.154 Y193.989 E.14844
G1 X27.098 Y193.397 E.18697
G1 X27.098 Y121.826 E2.19916
G1 X33.287 Y121.222 E.19109
G1 X42.912 Y120.376 E.29687
G1 X47.732 Y119.993 E.14858
G1 X52.559 Y119.644 E.14871
G1 X59.793 Y119.171 E.22275
G1 X67.18 Y118.739 E.22737
G1 X77.092 Y118.243 E.30496
G1 X82.027 Y118.025 E.15178
G1 X87.004 Y117.83 E.15303
G1 X96.947 Y117.48 E.30572
G1 X106.854 Y117.202 E.30453
G1 X116.736 Y116.966 E.30374
G1 X126.637 Y116.782 E.30429
G1 X136.52 Y116.617 E.3037
G1 X148.938 Y116.46 E.38161
G1 X156.428 Y116.381 E.23015
G1 X176.659 Y116.219 E.62167
M204 S2000
G1 X176.287 Y116.614 F18000
M204 S1500
;TYPE:Inner wall
;WIDTH:0.45
G1 F4800
G1 X176.287 Y170.828 E1.79837
G1 X176.287 Y198.613 E.92169
G1 X163.264 Y198.513 E.432
G1 X148.487 Y198.371 E.49021
G1 X141.112 Y198.278 E.24468
G1 X126.242 Y198.048 E.4933
G1 X116.29 Y197.853 E.3302
G1 X101.434 Y197.485 E.49295
G1 X86.636 Y196.989 E.49117
G1 X81.706 Y196.794 E.16366
G1 X76.811 Y196.576 E.16253
G1 X69.448 Y196.215 E.24453
G1 X62.041 Y195.796 E.2461
G1 X52.42 Y195.176 E.31981
G1 X47.613 Y194.826 E.1599
G1 X42.804 Y194.443 E.16003
G1 X37.999 Y194.035 E.15995
G1 X33.19 Y193.599 E.16017
G1 X27.49 Y193.041 E.19001
G1 X27.49 Y122.182 E2.35053
G1 X33.323 Y121.612 E.19444
G1 X42.944 Y120.766 E.32037
G1 X47.761 Y120.384 E.1603
G1 X52.586 Y120.035 E.16046
G1 X59.817 Y119.562 E.24038
G1 X67.201 Y119.131 E.24536
G1 X77.111 Y118.635 E.32913
G1 X82.044 Y118.417 E.1638
G1 X87.018 Y118.222 E.16514
G1 X96.959 Y117.872 E.32997
G1 X106.864 Y117.594 E.32869
G1 X116.744 Y117.358 E.32784
G1 X126.644 Y117.175 E.32845
G1 X136.526 Y117.009 E.32783
G1 X148.942 Y116.852 E.41192
G1 X156.431 Y116.773 E.24844
G1 X176.267 Y116.614 E.658
G1 E-.8 F3600
M204 S2000
G1 X176.123 Y117.542 F18000
G1 E.8 F3600
;TYPE:Internal solid infill
;WIDTH:0.420319
G1 F6000
G1 X175.535 Y116.953 E.02559
G1 X175.006 Y116.958 E.01628
G1 X175.954 Y117.906 E.04124
G1 X175.954 Y118.44 E.01641
G1 X174.476 Y116.962 E.06427
G1 X173.947 Y116.966 E.01628
G1 X175.954 Y118.973 E.0873
G1 X175.954 Y119.507 E.01641
G1 X173.417 Y116.97 E.11033
G1 X172.888 Y116.975 E.01628
G1 X175.954 Y120.041 E.13336
G1 X175.954 Y120.575 E.01641
G1 X172.358 Y116.979 E.15638
G1 X171.829 Y116.983 E.01628
G1 X175.954 Y121.108 E.17941
G1 X175.954 Y121.642 E.01641
G1 X171.299 Y116.987 E.20244
G1 X170.77 Y116.991 E.01628
G1 X175.954 Y122.176 E.22547
G1 X175.954 Y122.709 E.01641
G1 X170.24 Y116.996 E.2485
G1 X169.711 Y117 E.01628
G1 X175.954 Y123.243 E.27153
G1 X175.954 Y123.777 E.01641
G1 X169.181 Y117.004 E.29456
G1 X168.652 Y117.008 E.01628
G1 X175.954 Y124.311 E.31759
G1 X175.954 Y124.844 E.01641
G1 X168.122 Y117.013 E.34061
G1 X167.593 Y117.017 E.01628
G1 X175.954 Y125.378 E.36364
G1 X175.954 Y125.912 E.01641
G1 X167.063 Y117.021 E.38667
G1 X166.534 Y117.025 E.01628
G1 X175.954 Y126.445 E.4097
G1 X175.954 Y126.979 E.01641
G1 X166.004 Y117.029 E.43273
G1 X165.475 Y117.034 E.01628
G1 X175.954 Y127.513 E.45576
G1 X175.954 Y128.047 E.01641
G1 X164.945 Y117.038 E.47879
G1 X164.416 Y117.042 E.01628
G1 X175.954 Y128.58 E.50182
G1 X175.954 Y129.114 E.01641
G1 X163.886 Y117.046 E.52484
G1 X163.357 Y117.051 E.01628
G1 X175.954 Y129.648 E.54787
G1 X175.954 Y130.182 E.01641
G1 X162.827 Y117.055 E.5709
G1 X162.298 Y117.059 E.01628
G1 X175.954 Y130.715 E.59393
G1 X175.954 Y131.249 E.01641
G1 X161.768 Y117.063 E.61696
G1 X161.239 Y117.067 E.01628
G1 X175.954 Y131.783 E.63999
G1 X175.954 Y132.316 E.01641
G1 X160.709 Y117.072 E.66302
G1 X160.18 Y117.076 E.01628
G1 X175.954 Y132.85 E.68605
G1 X175.954 Y133.384 E.01641
G1 X159.65 Y117.08 E.70907
G1 X159.121 Y117.084 E.01628
G1 X175.954 Y133.918 E.7321
G1 X175.954 Y134.451 E.01641
G1 X158.591 Y117.089 E.75513
G1 X158.062 Y117.093 E.01628
G1 X175.954 Y134.985 E.77816
G1 X175.954 Y135.519 E.01641
G1 X157.532 Y117.097 E.80119
G1 X157.003 Y117.101 E.01628
G1 X175.954 Y136.052 E.82422
G1 X175.954 Y136.586 E.01641
G1 X156.473 Y117.106 E.84725
G1 X155.945 Y117.111 E.01625
G1 X175.954 Y137.12 E.87022
G1 X175.954 Y137.654 E.01641
G1 X155.417 Y117.117 E.89319
G1 X154.889 Y117.122 E.01624
G1 X175.954 Y138.187 E.91616
G1 X175.954 Y138.721 E.01641
G1 X154.36 Y117.128 E.93913
G1 X153.832 Y117.133 E.01624
G1 X175.954 Y139.255 E.9621
G1 X175.954 Y139.789 E.01641
G1 X153.304 Y117.139 E.98507
G1 X152.776 Y117.144 E.01624
G1 X175.954 Y140.322 E1.00804
G1 X175.954 Y140.856 E.01641
G1 X152.248 Y117.15 E1.03101
G1 X151.72 Y117.156 E.01624
G1 X175.954 Y141.39 E1.05398
G1 X175.954 Y141.923 E.01641
G1 X151.191 Y117.161 E1.07695
G1 X150.663 Y117.167 E.01624
G1 X175.954 Y142.457 E1.09992
G1 X175.954 Y142.991 E.01641
G1 X150.135 Y117.172 E1.12289
G1 X149.607 Y117.178 E.01624
G1 X175.954 Y143.525 E1.14586
G1 X175.954 Y144.058 E.01641
G1 X149.079 Y117.183 E1.16883
G1 X148.552 Y117.19 E.01622
G1 X175.954 Y144.592 E1.19177
G1 X175.954 Y145.126 E.01641
G1 X148.024 Y117.196 E1.21469
G1 X147.497 Y117.203 E.01621
G1 X175.954 Y145.659 E1.23761
G1 X175.954 Y146.193 E.01641
G1 X146.97 Y117.21 E1.26054
G1 X146.443 Y117.216 E.01621
G1 X175.954 Y146.727 E1.28346
G1 X175.954 Y147.261 E.01641
G1 X145.916 Y117.223 E1.30638
G1 X145.389 Y117.23 E.01621
G1 X175.954 Y147.794 E1.32931
G1 X175.954 Y148.328 E.01641
G1 X144.862 Y117.236 E1.35223
G1 X144.335 Y117.243 E.01621
G1 X175.954 Y148.862 E1.37515
G1 X175.954 Y149.396 E.01641
G1 X143.808 Y117.25 E1.39807
G1 X143.281 Y117.256 E.01621
G1 X175.954 Y149.929 E1.421
G1 X175.954 Y150.463 E.01641
G1 X142.754 Y117.263 E1.44392
G1 X142.227 Y117.27 E.01621
G1 X175.954 Y150.997 E1.46684
G1 X175.954 Y151.53 E.01641
G1 X141.7 Y117.276 E1.48976
G1 X141.173 Y117.283 E.01621
G1 X175.954 Y152.064 E1.51269
G1 X175.954 Y152.598 E.01641
G1 X140.646 Y117.29 E1.53561
G1 X140.119 Y117.296 E.01621
G1 X175.954 Y153.132 E1.55853
G1 X175.954 Y153.665 E.01641
G1 X139.592 Y117.303 E1.58145
G1 X139.064 Y117.31 E.01621
G1 X175.954 Y154.199 E1.60438
G1 X175.954 Y154.733 E.01641
G1 X138.537 Y117.316 E1.6273
G1 X138.01 Y117.323 E.01621
G1 X175.954 Y155.266 E1.65022
G1 X175.954 Y155.8 E.01641
G1 X137.483 Y117.33 E1.67315
G1 X136.956 Y117.336 E.01621
G1 X175.954 Y156.334 E1.69607
G1 X175.954 Y156.868 E.01641
G1 X136.43 Y117.343 E1.71897
G1 X135.905 Y117.352 E.01614
G1 X175.954 Y157.401 E1.7418
G1 X175.954 Y157.935 E.01641
G1 X135.38 Y117.361 E1.76463
G1 X134.855 Y117.37 E.01614
G1 X175.954 Y158.469 E1.78746
G1 X175.954 Y159.003 E.01641
G1 X134.33 Y117.379 E1.81029
G1 X133.805 Y117.388 E.01614
G1 X175.954 Y159.536 E1.83312
G1 X175.954 Y160.07 E.01641
G1 X133.28 Y117.396 E1.85595
G1 X132.755 Y117.405 E.01614
G1 X175.954 Y160.604 E1.87878
G1 X175.954 Y161.137 E.01641
G1 X132.23 Y117.414 E1.90161
G1 X131.705 Y117.423 E.01614
G1 X175.954 Y161.671 E1.92443
G1 X175.954 Y162.205 E.01641
G1 X131.18 Y117.432 E1.94726
G1 X130.656 Y117.44 E.01614
G1 X175.954 Y162.739 E1.97009
G1 X175.954 Y163.272 E.01641
G1 X130.131 Y117.449 E1.99292
G1 X129.606 Y117.458 E.01614
G1 X175.954 Y163.806 E2.01575
G1 X175.954 Y164.34 E.01641
G1 X129.081 Y117.467 E2.03858
G1 X128.556 Y117.476 E.01614
G1 X175.954 Y164.874 E2.06141
G1 X175.954 Y165.407 E.01641
G1 X128.031 Y117.485 E2.08424
G1 X127.506 Y117.493 E.01614
G1 X175.954 Y165.941 E2.10707
G1 X175.954 Y166.475 E.01641
G1 X126.981 Y117.502 E2.1299
G1 X126.457 Y117.511 E.01613
G1 X175.954 Y167.008 E2.15271
G1 X175.954 Y167.542 E.01641
G1 X125.933 Y117.521 E2.1755
G1 X125.409 Y117.531 E.01612
G1 X175.954 Y168.076 E2.19829
G1 X175.954 Y168.61 E.01641
G1 X124.885 Y117.541 E2.22108
G1 X124.361 Y117.55 E.01612
G1 X175.954 Y169.143 E2.24387
G1 X175.954 Y169.677 E.01641
G1 X123.837 Y117.56 E2.26666
G1 X123.313 Y117.57 E.01612
G1 X175.954 Y170.211 E2.28944
G1 X175.954 Y170.744 E.01641
G1 X122.789 Y117.579 E2.31223
G1 X122.265 Y117.589 E.01612
G1 X175.954 Y171.278 E2.33502
G1 X175.954 Y171.812 E.01641
G1 X121.741 Y117.599 E2.35781
G1 X121.217 Y117.609 E.01612
G1 X175.954 Y172.346 E2.3806
G1 X175.954 Y172.879 E.01641
G1 X120.693 Y117.618 E2.40339
G1 X120.169 Y117.628 E.01612
G1 X175.954 Y173.413 E2.42618
G1 X175.954 Y173.947 E.01641
G1 X119.645 Y117.638 E2.44897
G1 X119.121 Y117.648 E.01612
G1 X175.954 Y174.481 E2.47176
G1 X175.954 Y175.014 E.01641
G1 X118.597 Y117.657 E2.49455
G1 X118.073 Y117.667 E.01612
G1 X175.954 Y175.548 E2.51733
G1 X175.954 Y176.082 E.01641
G1 X117.549 Y117.677 E2.54012
G1 X117.025 Y117.687 E.01612
G1 X175.954 Y176.615 E2.56291
G1 X175.954 Y177.149 E.01641
G1 X116.502 Y117.698 E2.58565
G1 X115.981 Y117.71 E.01604
G1 X175.954 Y177.683 E2.60832
G1 X175.954 Y178.217 E.01641
G1 X115.46 Y117.722 E2.63099
G1 X114.938 Y117.735 E.01604
G1 X175.954 Y178.75 E2.65366
G1 X175.954 Y179.284 E.01641
G1 X114.417 Y117.747 E2.67633
G1 X113.896 Y117.76 E.01604
G1 X175.954 Y179.818 E2.699
G1 X175.954 Y180.351 E.01641
G1 X113.375 Y117.772 E2.72167
G1 X112.853 Y117.785 E.01604
G1 X175.954 Y180.885 E2.74434
G1 X175.954 Y181.419 E.01641
G1 X112.332 Y117.797 E2.76701
G1 X111.811 Y117.81 E.01604
G1 X175.954 Y181.953 E2.78969
G1 X175.954 Y182.486 E.01641
G1 X111.289 Y117.822 E2.81236
G1 X110.768 Y117.835 E.01604
G1 X175.954 Y183.02 E2.83503
G1 X175.954 Y183.554 E.01641
G1 X110.247 Y117.847 E2.8577
G1 X109.726 Y117.859 E.01604
G1 X175.954 Y184.088 E2.88037
G1 X175.954 Y184.621 E.01641
G1 X109.204 Y117.872 E2.90304
G1 X108.683 Y117.884 E.01604
G1 X175.954 Y185.155 E2.92571
G1 X175.954 Y185.689 E.01641
G1 X108.162 Y117.897 E2.94838
G1 X107.641 Y117.909 E.01604
G1 X175.954 Y186.222 E2.97105
G1 X175.954 Y186.756 E.01641
G1 X107.119 Y117.922 E2.99373
G1 X106.599 Y117.935 E.016
G1 X175.954 Y187.29 E3.01635
G1 X175.954 Y187.824 E.01641
G1 X106.08 Y117.95 E3.03893
G1 X105.561 Y117.964 E.01597
G1 X175.954 Y188.357 E3.06151
G1 X175.954 Y188.891 E.01641
G1 X105.042 Y117.979 E3.08408
G1 X104.522 Y117.993 E.01597
G1 X175.954 Y189.425 E3.10666
G1 X175.954 Y189.958 E.01641
G1 X104.003 Y118.008 E3.12924
G1 X103.484 Y118.023 E.01597
G1 X175.954 Y190.492 E3.15182
G1 X175.954 Y191.026 E.01641
G1 X102.965 Y118.037 E3.1744
G1 X102.446 Y118.052 E.01597
G1 X175.954 Y191.56 E3.19698
G1 X175.954 Y192.093 E.01641
G1 X101.927 Y118.066 E3.21956
G1 X101.408 Y118.081 E.01597
G1 X175.954 Y192.627 E3.24214
G1 X175.954 Y193.161 E.01641
G1 X100.888 Y118.095 E3.26472
G1 X100.369 Y118.11 E.01597
G1 X175.954 Y193.695 E3.2873
G1 X175.954 Y194.228 E.01641
G1 X99.85 Y118.125 E3.30987
G1 X99.331 Y118.139 E.01597
G1 X175.954 Y194.762 E3.33245
G1 X175.954 Y195.296 E.01641
G1 X98.812 Y118.154 E3.35503
G1 X98.293 Y118.168 E.01597
G1 X175.954 Y195.829 E3.37761
G1 X175.954 Y196.363 E.01641
G1 X97.773 Y118.183 E3.40019
G1 X97.254 Y118.197 E.01597
G1 X175.954 Y196.897 E3.42277
G1 X175.954 Y197.431 E.01641
G1 X96.737 Y118.214 E3.44528
G1 X96.221 Y118.232 E.01587
G1 X175.954 Y197.964 E3.4677
G1 X175.954 Y198.278 E.00963
G1 X175.732 Y198.276 E.00683
G1 X95.706 Y118.25 E3.48046
G1 X95.19 Y118.268 E.01587
G1 X175.194 Y198.272 E3.47949
G1 X174.656 Y198.268 E.01654
G1 X94.674 Y118.286 E3.47852
G1 X94.159 Y118.304 E.01587
G1 X174.118 Y198.263 E3.47756
G1 X173.58 Y198.259 E.01654
G1 X93.643 Y118.322 E3.47659
G1 X93.128 Y118.341 E.01587
G1 X173.042 Y198.255 E3.47562
G1 X172.505 Y198.251 E.01654
G1 X92.612 Y118.359 E3.47465
G1 X92.097 Y118.377 E.01587
G1 X171.967 Y198.247 E3.47368
G1 X171.429 Y198.243 E.01654
G1 X91.581 Y118.395 E3.47271
G1 X91.065 Y118.413 E.01587
G1 X170.891 Y198.239 E3.47174
G1 X170.353 Y198.235 E.01654
G1 X90.55 Y118.431 E3.47078
G1 X90.034 Y118.449 E.01587
G1 X169.815 Y198.23 E3.46981
G1 X169.277 Y198.226 E.01654
G1 X89.519 Y118.468 E3.46884
G1 X89.003 Y118.486 E.01587
G1 X168.74 Y198.222 E3.46787
G1 X168.202 Y198.218 E.01654
G1 X88.488 Y118.504 E3.4669
G1 X87.972 Y118.522 E.01587
G1 X167.664 Y198.214 E3.46593
G1 X167.126 Y198.21 E.01654
G1 X87.456 Y118.54 E3.46496
G1 X86.941 Y118.559 E.01586
G1 X166.588 Y198.206 E3.46398
G1 X166.05 Y198.202 E.01654
G1 X86.428 Y118.579 E3.46292
G1 X85.914 Y118.599 E.01581
G1 X165.512 Y198.197 E3.46187
G1 X164.975 Y198.193 E.01654
G1 X85.4 Y118.619 E3.46082
G1 X84.887 Y118.639 E.01581
G1 X164.437 Y198.189 E3.45976
G1 X163.899 Y198.185 E.01654
G1 X84.373 Y118.659 E3.45871
G1 X83.86 Y118.679 E.01581
G1 X163.361 Y198.181 E3.45765
G1 X162.822 Y198.176 E.01657
G1 X83.346 Y118.7 E3.45656
G1 X82.832 Y118.72 E.01581
G1 X162.283 Y198.171 E3.45546
G1 X161.745 Y198.166 E.01657
G1 X82.319 Y118.74 E3.45436
G1 X81.806 Y118.761 E.01577
G1 X161.206 Y198.16 E3.45321
G1 X160.667 Y198.155 E.01657
G1 X81.295 Y118.784 E3.452
G1 X80.784 Y118.806 E.01573
G1 X160.128 Y198.15 E3.45079
G1 X159.589 Y198.145 E.01657
G1 X80.273 Y118.829 E3.44959
G1 X79.762 Y118.851 E.01573
G1 X159.05 Y198.14 E3.44838
G1 X158.511 Y198.135 E.01657
G1 X79.251 Y118.874 E3.44717
G1 X78.739 Y118.897 E.01573
G1 X157.972 Y198.129 E3.44596
G1 X157.433 Y198.124 E.01657
G1 X78.228 Y118.919 E3.44476
G1 X77.717 Y118.942 E.01573
G1 X156.894 Y198.119 E3.44355
G1 X156.356 Y198.114 E.01657
G1 X77.206 Y118.964 E3.44234
G1 X76.697 Y118.989 E.01566
G1 X155.817 Y198.109 E3.44103
G1 X155.278 Y198.103 E.01657
G1 X76.189 Y119.015 E3.4397
G1 X75.681 Y119.04 E.01565
G1 X154.739 Y198.098 E3.43837
G1 X154.2 Y198.093 E.01657
G1 X75.172 Y119.066 E3.43704
G1 X74.664 Y119.091 E.01565
G1 X153.661 Y198.088 E3.43571
G1 X153.122 Y198.083 E.01657
G1 X74.156 Y119.116 E3.43438
G1 X73.648 Y119.142 E.01565
G1 X152.583 Y198.078 E3.43304
G1 X152.044 Y198.072 E.01657
G1 X73.139 Y119.167 E3.43171
G1 X72.631 Y119.193 E.01565
G1 X151.505 Y198.067 E3.43038
G1 X150.967 Y198.062 E.01657
G1 X72.123 Y119.218 E3.42905
G1 X71.614 Y119.244 E.01565
G1 X150.428 Y198.057 E3.42772
G1 X149.889 Y198.052 E.01657
G1 X71.106 Y119.269 E3.42639
G1 X70.598 Y119.294 E.01565
G1 X149.35 Y198.046 E3.42506
G1 X148.811 Y198.041 E.01657
G1 X70.089 Y119.32 E3.42373
G1 X69.581 Y119.345 E.01565
G1 X148.271 Y198.035 E3.42236
G1 X147.731 Y198.029 E.01663
G1 X69.073 Y119.371 E3.42096
G1 X68.565 Y119.396 E.01565
G1 X147.19 Y198.022 E3.41955
G1 X146.649 Y198.015 E.01663
G1 X68.056 Y119.422 E3.41815
G1 X67.548 Y119.447 E.01565
G1 X146.109 Y198.008 E3.41674
G1 X145.568 Y198.001 E.01663
G1 X67.041 Y119.474 E3.41527
G1 X66.537 Y119.503 E.01553
G1 X145.028 Y197.994 E3.41369
G1 X144.487 Y197.987 E.01663
G1 X66.033 Y119.533 E3.41211
G1 X65.528 Y119.562 E.01553
G1 X143.946 Y197.98 E3.41053
G1 X143.406 Y197.973 E.01663
G1 X65.024 Y119.592 E3.40895
G1 X64.52 Y119.621 E.01553
G1 X142.865 Y197.967 E3.40736
G1 X142.325 Y197.96 E.01663
G1 X64.016 Y119.651 E3.40578
G1 X63.511 Y119.68 E.01553
G1 X141.784 Y197.953 E3.4042
G1 X141.243 Y197.946 E.01663
G1 X63.007 Y119.71 E3.40262
G1 X62.503 Y119.739 E.01553
G1 X140.702 Y197.938 E3.40099
G1 X140.16 Y197.929 E.01667
G1 X61.999 Y119.769 E3.39934
G1 X61.494 Y119.798 E.01553
G1 X139.617 Y197.921 E3.39769
G1 X139.075 Y197.913 E.01667
G1 X60.99 Y119.828 E3.39605
G1 X60.486 Y119.857 E.01553
G1 X138.533 Y197.904 E3.3944
G1 X137.991 Y197.896 E.01667
G1 X60.047 Y119.952 E3.38992
G1 X59.78 Y120.219 E.01161
G1 X137.449 Y197.888 E3.37795
G1 X136.907 Y197.879 E.01667
G1 X59.513 Y120.486 E3.36598
G1 X59.246 Y120.752 E.01161
G1 X136.365 Y197.871 E3.354
G1 X135.823 Y197.862 E.01667
G1 X58.98 Y121.019 E3.34203
G1 X58.713 Y121.286 E.01161
G1 X135.281 Y197.854 E3.33006
G1 X134.738 Y197.846 E.01667
G1 X58.446 Y121.553 E3.31809
G1 X58.179 Y121.82 E.01161
G1 X134.196 Y197.837 E3.30612
G1 X133.654 Y197.829 E.01667
G1 X57.912 Y122.087 E3.29415
G1 X57.645 Y122.354 E.01161
G1 X133.112 Y197.82 E3.28218
G1 X132.57 Y197.812 E.01667
G1 X57.378 Y122.62 E3.27021
G1 X57.112 Y122.887 E.01161
G1 X58.929 Y124.704 E.07903
G1 X58.212 Y124.291 E.02545
G1 X58.096 Y124.406 E.00502
G1 X56.845 Y123.154 E.05444
G1 X56.578 Y123.421 E.01161
G1 X57.83 Y124.673 E.05444
G1 X57.563 Y124.94 E.01161
G1 X56.311 Y123.688 E.05444
G1 X56.044 Y123.955 E.01161
G1 X57.296 Y125.207 E.05444
G1 X57.029 Y125.473 E.01161
G1 X55.777 Y124.222 E.05444
G1 X55.51 Y124.489 E.01161
G1 X56.762 Y125.74 E.05444
G1 X56.495 Y126.007 E.01161
G1 X55.243 Y124.755 E.05444
G1 X54.977 Y125.022 E.01161
G1 X56.228 Y126.274 E.05444
G1 X55.962 Y126.541 E.01161
G1 X54.71 Y125.289 E.05444
G1 X54.443 Y125.556 E.01161
G1 X55.815 Y126.928 E.05966
G1 X54.928 Y143.12 F18000
G1 F6000
G1 X56.415 Y144.608 E.06469
G1 X56.836 Y144.495 E.0134
G1 X55.179 Y142.838 E.07207
G1 X55.292 Y142.417 E.0134
G1 X57.257 Y144.382 E.08547
G1 X57.678 Y144.269 E.0134
G1 X55.405 Y141.996 E.09887
G1 X55.518 Y141.575 E.0134
G1 X58.099 Y144.156 E.11227
G1 X58.52 Y144.044 E.0134
G1 X55.63 Y141.154 E.12567
G1 X55.743 Y140.733 E.0134
G1 X58.941 Y143.931 E.13908
G1 X59.362 Y143.818 E.0134
G1 X55.856 Y140.312 E.15248
G1 X55.969 Y139.891 E.0134
G1 X113.528 Y197.451 E2.50337
G1 X114.076 Y197.464 E.01684
G1 X56.082 Y139.47 E2.52226
G1 X56.194 Y139.049 E.0134
G1 X114.623 Y197.478 E2.54116
G1 X115.17 Y197.492 E.01684
G1 X56.307 Y138.628 E2.56006
G1 X56.42 Y138.207 E.0134
G1 X115.718 Y197.505 E2.57895
G1 X116.265 Y197.519 E.01684
G1 X56.533 Y137.786 E2.59785
G1 X56.645 Y137.366 E.0134
G1 X116.809 Y197.529 E2.61663
G1 X117.354 Y197.54 E.01674
G1 X56.758 Y136.945 E2.6354
G1 X56.871 Y136.524 E.0134
G1 X117.898 Y197.551 E2.65417
G1 X118.443 Y197.561 E.01674
G1 X57.121 Y136.24 E2.66697
G1 X57.388 Y135.973 E.01161
G1 X118.987 Y197.572 E2.67904
G1 X119.531 Y197.583 E.01674
G1 X57.655 Y135.706 E2.69111
G1 X57.922 Y135.439 E.01161
G1 X120.076 Y197.593 E2.70318
G1 X120.62 Y197.604 E.01674
G1 X58.188 Y135.172 E2.71526
G1 X58.455 Y134.906 E.01161
G1 X121.164 Y197.615 E2.72733
G1 X121.709 Y197.625 E.01674
G1 X58.722 Y134.639 E2.7394
G1 X58.989 Y134.372 E.01161
G1 X122.253 Y197.636 E2.75147
G1 X122.798 Y197.647 E.01674
G1 X59.256 Y134.105 E2.76354
G1 X59.523 Y133.838 E.01161
G1 X123.342 Y197.657 E2.77561
G1 X123.886 Y197.668 E.01674
G1 X59.79 Y133.571 E2.78768
G1 X60.056 Y133.304 E.01161
G1 X124.431 Y197.679 E2.79975
G1 X124.975 Y197.689 E.01674
G1 X60.323 Y133.038 E2.81182
G1 X60.59 Y132.771 E.01161
G1 X125.52 Y197.7 E2.82389
G1 X126.064 Y197.711 E.01674
G1 X60.857 Y132.504 E2.83596
G1 X61.023 Y132.338 E.00721
G1 X58.662 Y129.978 E.10266
G1 X58.651 Y129.882 E.00295
G1 X58.676 Y129.789 E.00298
G1 X126.607 Y197.72 E2.95444
G1 X127.149 Y197.728 E.01667
G1 X58.788 Y129.368 E2.97311
G1 X58.901 Y128.947 E.0134
G1 X127.691 Y197.737 E2.99178
G1 X128.233 Y197.745 E.01667
G1 X59.014 Y128.526 E3.01045
G1 X59.127 Y128.105 E.0134
G1 X128.775 Y197.753 E3.02912
G1 X129.317 Y197.762 E.01667
G1 X59.24 Y127.684 E3.0478
G1 X59.352 Y127.263 E.0134
G1 X129.859 Y197.77 E3.06647
G1 X130.402 Y197.779 E.01667
G1 X59.465 Y126.842 E3.08514
G1 X59.578 Y126.421 E.0134
G1 X130.944 Y197.787 E3.10381
G1 X131.486 Y197.795 E.01667
G1 X59.691 Y126 E3.12248
G1 X59.804 Y125.579 E.0134
G1 X132.2 Y197.976 E3.14865
G1 X113.155 Y197.611 F18000
G1 F6000
G1 X60.443 Y144.899 E2.29255
G1 X60.726 Y145.39 E.01742
G1 X60.563 Y145.553 E.0071
G1 X112.434 Y197.424 E2.25596
G1 X111.887 Y197.41 E.01684
G1 X60.296 Y145.82 E2.24376
G1 X60.029 Y146.086 E.01161
G1 X111.339 Y197.397 E2.23156
G1 X110.792 Y197.383 E.01684
G1 X59.762 Y146.353 E2.21937
G1 X59.495 Y146.62 E.01161
G1 X110.245 Y197.37 E2.20717
G1 X109.698 Y197.356 E.01684
G1 X59.229 Y146.887 E2.19498
G1 X58.962 Y147.154 E.01161
G1 X109.15 Y197.342 E2.18278
G1 X108.603 Y197.329 E.01684
G1 X62.946 Y151.672 E1.98568
G1 X62.68 Y151.939 E.01161
G1 X108.056 Y197.315 E1.97348
G1 X107.508 Y197.302 E.01684
G1 X62.413 Y152.206 E1.96129
G1 X62.146 Y152.473 E.01161
G1 X106.961 Y197.288 E1.94909
G1 X106.414 Y197.275 E.01684
G1 X61.879 Y152.74 E1.9369
G1 X61.612 Y153.007 E.01161
G1 X105.867 Y197.261 E1.9247
G1 X105.319 Y197.248 E.01684
G1 X61.345 Y153.273 E1.9125
G1 X61.078 Y153.54 E.01161
G1 X104.772 Y197.234 E1.90031
G1 X104.225 Y197.22 E.01684
G1 X60.812 Y153.807 E1.88811
G1 X60.545 Y154.074 E.01161
G1 X103.677 Y197.207 E1.87592
G1 X103.13 Y197.193 E.01684
G1 X60.278 Y154.341 E1.86372
G1 X60.011 Y154.608 E.01161
G1 X61.336 Y155.932 E.05761
G1 X60.915 Y156.045 E.0134
G1 X59.744 Y154.875 E.05091
G1 X59.477 Y155.142 E.01161
G1 X60.494 Y156.158 E.04421
G1 X60.073 Y156.271 E.0134
G1 X59.21 Y155.408 E.0375
G1 X58.943 Y155.675 E.01161
G1 X59.652 Y156.384 E.0308
G1 X59.231 Y156.496 E.0134
G1 X58.677 Y155.942 E.0241
G1 X58.41 Y156.209 E.01161
G1 X58.81 Y156.609 E.0174
G1 X58.389 Y156.722 E.0134
G1 X58.143 Y156.476 E.0107
G1 X57.876 Y156.743 E.01161
G1 X58.107 Y156.973 E.01003
G1 X61.51 Y156.107 F18000
G1 F6000
G1 X62.748 Y157.345 E.05384
G1 X62.602 Y168.407 F18000
G1 F6000
G1 X61.316 Y167.121 E.05594
G1 X61.429 Y166.7 E.0134
G1 X62.891 Y168.162 E.06359
G1 X63.32 Y168.058 E.01359
G1 X61.541 Y166.279 E.07736
G1 X61.654 Y165.858 E.0134
G1 X92.653 Y196.857 E1.3482
G1 X93.205 Y196.876 E.01699
G1 X61.767 Y165.437 E1.36731
G1 X61.88 Y165.016 E.0134
G1 X93.758 Y196.894 E1.38642
G1 X94.31 Y196.913 E.01699
G1 X61.993 Y164.595 E1.40553
G1 X62.105 Y164.174 E.0134
G1 X94.862 Y196.931 E1.42464
G1 X95.414 Y196.95 E.01699
G1 X62.218 Y163.753 E1.44376
G1 X62.331 Y163.332 E.0134
G1 X95.967 Y196.968 E1.46287
G1 X96.519 Y196.987 E.01699
G1 X62.444 Y162.911 E1.48198
G1 X62.556 Y162.491 E.0134
G1 X97.071 Y197.005 E1.50109
G1 X97.623 Y197.024 E.01699
G1 X62.669 Y162.07 E1.5202
G1 X62.782 Y161.649 E.0134
G1 X98.175 Y197.042 E1.53932
G1 X98.728 Y197.061 E.01699
G1 X62.895 Y161.228 E1.55843
G1 X63.008 Y160.807 E.0134
G1 X99.28 Y197.079 E1.57754
G1 X99.832 Y197.098 E.01699
G1 X63.12 Y160.386 E1.59665
G1 X63.233 Y159.965 E.0134
G1 X100.384 Y197.116 E1.61576
G1 X100.937 Y197.135 E.01699
G1 X63.346 Y159.544 E1.63488
G1 X63.459 Y159.123 E.0134
G1 X101.488 Y197.153 E1.65397
G1 X102.036 Y197.166 E.01684
G1 X63.572 Y158.702 E1.67287
G1 X63.684 Y158.281 E.0134
G1 X102.757 Y197.354 E1.69933
G1 X92.277 Y197.014 F18000
G1 F6000
G1 X63.908 Y168.646 E1.23379
G1 X63.804 Y169.075 E.01359
G1 X91.549 Y196.82 E1.20668
G1 X90.996 Y196.801 E.01699
G1 X63.699 Y169.504 E1.1872
G1 X63.689 Y169.546 E.00133
G1 X64.402 Y170.259 E.03103
G1 X64.162 Y170.5 E.01047
G1 X90.444 Y196.783 E1.14308
G1 X89.892 Y196.764 E.01699
G1 X63.895 Y170.767 E1.13067
G1 X63.628 Y171.034 E.01161
G1 X89.34 Y196.746 E1.11826
G1 X88.788 Y196.727 E.01699
G1 X63.361 Y171.301 E1.10584
G1 X63.094 Y171.568 E.01161
G1 X88.235 Y196.709 E1.09343
G1 X87.683 Y196.69 E.01699
G1 X62.827 Y171.835 E1.08102
G1 X62.56 Y172.101 E.01161
G1 X87.131 Y196.672 E1.06861
G1 X86.578 Y196.653 E.01701
G1 X62.294 Y172.368 E1.05618
G1 X62.027 Y172.635 E.01161
G1 X86.023 Y196.631 E1.04362
G1 X85.467 Y196.609 E.0171
G1 X61.76 Y172.902 E1.03106
G1 X61.493 Y173.169 E.01161
G1 X84.911 Y196.587 E1.0185
G1 X84.355 Y196.565 E.0171
G1 X61.226 Y173.436 E1.00594
G1 X60.959 Y173.703 E.01161
G1 X83.8 Y196.543 E.99337
G1 X83.244 Y196.521 E.0171
G1 X60.692 Y173.969 E.98081
G1 X60.425 Y174.236 E.01161
G1 X82.688 Y196.499 E.96825
G1 X82.133 Y196.477 E.0171
G1 X60.159 Y174.503 E.95569
G1 X59.892 Y174.77 E.01161
G1 X81.576 Y196.455 E.9431
G1 X81.018 Y196.43 E.0172
G1 X59.625 Y175.037 E.93041
G1 X59.358 Y175.304 E.01161
G1 X80.459 Y196.405 E.91772
G1 X79.901 Y196.38 E.0172
G1 X59.091 Y175.571 E.90503
G1 X59.037 Y175.625 E.00235
G1 X58.947 Y175.96 E.01069
G1 X79.342 Y196.355 E.887
G1 X78.783 Y196.33 E.0172
G1 X58.834 Y176.381 E.86761
G1 X58.722 Y176.802 E.0134
G1 X78.225 Y196.305 E.84822
G1 X77.666 Y196.281 E.0172
G1 X63.34 Y181.954 E.62309
G1 X63.672 Y182.53 E.02045
G1 X63.527 Y182.675 E.00631
G1 X77.108 Y196.256 E.59065
G1 X76.548 Y196.23 E.01724
G1 X63.26 Y182.942 E.5779
G1 X62.993 Y183.209 E.01161
G1 X75.986 Y196.202 E.5651
G1 X75.425 Y196.175 E.01728
G1 X62.726 Y183.476 E.5523
G1 X62.459 Y183.742 E.01161
G1 X74.864 Y196.147 E.5395
G1 X74.303 Y196.12 E.01728
G1 X62.193 Y184.009 E.52669
G1 X61.926 Y184.276 E.01161
G1 X73.742 Y196.092 E.51389
G1 X73.18 Y196.065 E.01728
G1 X61.659 Y184.543 E.50109
G1 X61.537 Y184.665 E.0053
G1 X65.485 Y188.613 E.1717
G1 X65.34 Y188.758 E.0063
G1 X72.619 Y196.037 E.31659
G1 X72.058 Y196.01 E.01728
G1 X65.073 Y189.025 E.30379
G1 X64.806 Y189.291 E.01161
G1 X71.497 Y195.982 E.29098
G1 X70.935 Y195.955 E.01728
G1 X64.539 Y189.558 E.27818
G1 X64.272 Y189.825 E.01161
G1 X70.374 Y195.927 E.26538
G1 X69.813 Y195.899 E.01728
G1 X64.006 Y190.092 E.25258
G1 X63.739 Y190.359 E.01161
G1 X69.25 Y195.87 E.2397
G1 X68.684 Y195.838 E.01743
G1 X63.472 Y190.626 E.2267
G1 X63.205 Y190.893 E.01161
G1 X65.152 Y192.839 E.08467
G1 X64.731 Y192.952 E.0134
G1 X62.938 Y191.159 E.07797
G1 X62.671 Y191.426 E.01161
G1 X64.31 Y193.065 E.07127
G1 X63.889 Y193.178 E.0134
G1 X62.404 Y191.693 E.06457
G1 X62.138 Y191.96 E.01161
G1 X63.468 Y193.291 E.05786
G1 X63.047 Y193.403 E.0134
G1 X61.871 Y192.227 E.05116
G1 X61.604 Y192.494 E.01161
G1 X62.626 Y193.516 E.04446
G1 X62.205 Y193.629 E.0134
G1 X61.337 Y192.761 E.03776
G1 X61.07 Y193.028 E.01161
G1 X61.784 Y193.742 E.03106
G1 X61.363 Y193.854 E.0134
G1 X60.803 Y193.294 E.02436
G1 X60.536 Y193.561 E.01161
G1 X60.942 Y193.967 E.01766
G1 X60.521 Y194.08 E.0134
G1 X60.269 Y193.828 E.01096
G1 X60.003 Y194.095 E.01161
G1 X60.239 Y194.331 E.01028
G1 X64.338 Y195.762 F18000
G1 F6000
G1 X64.066 Y195.49 E.01182
G1 X64.285 Y195.175 E.01179
G1 X64.724 Y195.614 E.01907
G1 X65.29 Y195.646 E.01743
G1 X64.504 Y194.86 E.03417
G1 X64.723 Y194.545 E.01179
G1 X65.855 Y195.678 E.04926
G1 X66.421 Y195.71 E.01743
G1 X64.941 Y194.23 E.06435
G1 X65.16 Y193.915 E.01179
G1 X66.987 Y195.742 E.07944
G1 X67.553 Y195.774 E.01743
G1 X65.379 Y193.6 E.09454
G1 X65.598 Y193.285 E.01179
G1 X68.299 Y195.986 E.11747
G1 X62.475 Y181.089 F18000
G1 F6000
G1 X58.609 Y177.223 E.16814
G1 X58.496 Y177.644 E.0134
G1 X61.915 Y181.063 E.14871
G1 X61.494 Y181.176 E.0134
G1 X58.383 Y178.065 E.13531
G1 X58.27 Y178.486 E.0134
G1 X61.073 Y181.289 E.1219
G1 X60.652 Y181.402 E.0134
G1 X58.158 Y178.907 E.1085
G1 X58.045 Y179.328 E.0134
G1 X60.232 Y181.515 E.0951
G1 X59.811 Y181.627 E.0134
G1 X57.932 Y179.749 E.0817
G1 X57.819 Y180.17 E.0134
G1 X59.39 Y181.74 E.0683
G1 X58.969 Y181.853 E.0134
G1 X57.568 Y180.452 E.06092
G1 X36.195 Y193.704 F18000
M204 S500
;TYPE:Internal Bridge
;WIDTH:0.379473
;HEIGHT:0.379473
G1 F5400
M106 S255
G1 X34.918 Y188.939 E.22735
G1 X35.333 Y188.828 E.01979
G1 X36.598 Y193.547 E.22513
G1 X37.053 Y193.588 E.02108
G1 X32.587 Y176.92 E.79515
G1 X33.002 Y176.809 E.01979
G1 X37.509 Y193.629 E.80242
G1 X37.965 Y193.671 E.02108
G1 X33.417 Y176.698 E.8097
G1 X33.832 Y176.587 E.01979
G1 X38.42 Y193.71 E.81686
G1 X38.875 Y193.748 E.02104
G1 X34.247 Y176.476 E.82401
G1 X34.661 Y176.364 E.01979
G1 X39.33 Y193.787 E.83116
G1 X39.785 Y193.826 E.02104
G1 X34.939 Y175.741 E.86275
G1 X34.992 Y175.57 E.00823
G1 X35.292 Y175.49 E.01433
G1 X34.091 Y171.006 E.21389
G1 X34.113 Y171 E.00107
G1 X40.24 Y193.865 E1.09075
G1 X40.695 Y193.903 E.02104
G1 X34.381 Y170.339 E1.12414
G1 X34.603 Y169.509 E.03958
G1 X41.15 Y193.942 E1.16557
G1 X41.605 Y193.981 E.02104
G1 X34.825 Y168.68 E1.20699
G1 X34.878 Y168.485 E.00928
G1 X35.173 Y168.406 E.01408
G1 X33.967 Y163.907 E.21462
G1 X33.99 Y163.901 E.00107
G1 X42.06 Y194.019 E1.4368
G1 X42.515 Y194.058 E.02104
G1 X34.404 Y163.79 E1.44395
G1 X34.819 Y163.679 E.01979
G1 X42.97 Y194.096 E1.45107
G1 X43.424 Y194.132 E.021
G1 X33.574 Y157.37 E1.75375
G1 X33.695 Y157.3 E.00648
G1 X33.942 Y157.546 E.01606
G1 X34.049 Y157.485 E.00569
G1 X43.878 Y194.168 E1.75002
G1 X44.332 Y194.205 E.021
G1 X34.434 Y157.262 E1.76235
G1 X34.798 Y157.052 E.01938
G1 X33.295 Y151.444 E.26753
G1 X33.318 Y151.438 E.00107
G1 X44.787 Y194.241 E2.04192
G1 X45.241 Y194.277 E.021
G1 X33.733 Y151.327 E2.04895
G1 X34.148 Y151.216 E.01979
G1 X45.695 Y194.313 E2.05598
G1 X46.15 Y194.349 E.021
G1 X31.402 Y139.308 E2.62575
G1 X31.816 Y139.197 E.01979
G1 X46.604 Y194.385 E2.63278
G1 X47.058 Y194.421 E.021
G1 X32.231 Y139.086 E2.63981
G1 X32.529 Y139.006 E.0142
G1 X32.682 Y139.11 E.00854
G1 X47.513 Y194.458 E2.64038
G1 X47.966 Y194.491 E.02096
G1 X33.212 Y139.426 E2.62693
G1 X33.498 Y138.836 E.03022
G1 X48.42 Y194.524 E2.65665
G1 X48.873 Y194.557 E.02095
G1 X32.016 Y131.644 E3.00132
G1 X32.113 Y131.618 E.00464
G1 X32.283 Y130.983 E.0303
G1 X49.327 Y194.59 E3.03444
G1 X49.78 Y194.623 E.02095
G1 X32.505 Y130.153 E3.07559
G1 X32.728 Y129.323 E.03958
G1 X50.234 Y194.656 E3.11675
G1 X50.687 Y194.689 E.02095
G1 X32.95 Y128.494 E3.1579
G1 X33.043 Y128.147 E.01655
G1 X32.984 Y126.962 E.05466
G1 X51.141 Y194.722 E3.23254
G1 X51.594 Y194.755 E.02095
G1 X32.124 Y122.09 E3.46652
G1 X32.557 Y122.048 E.02006
G1 X52.048 Y194.788 E3.47011
G1 X52.501 Y194.821 E.02094
G1 X32.99 Y122.006 E3.47368
G1 X33.424 Y121.964 E.02007
G1 X52.953 Y194.85 E3.47706
G1 X53.406 Y194.879 E.02089
G1 X33.858 Y121.926 E3.48027
G1 X34.292 Y121.888 E.02009
G1 X53.858 Y194.908 E3.48348
G1 X54.311 Y194.937 E.02089
G1 X34.727 Y121.85 E3.4867
G1 X35.161 Y121.811 E.02009
G1 X54.763 Y194.967 E3.48991
G1 X55.215 Y194.996 E.02089
G1 X35.596 Y121.773 E3.49312
G1 X36.03 Y121.735 E.02009
G1 X55.668 Y195.025 E3.49633
G1 X56.12 Y195.054 E.02089
G1 X36.464 Y121.697 E3.49954
G1 X36.899 Y121.659 E.02009
G1 X56.573 Y195.083 E3.50275
G1 X57.025 Y195.112 E.02089
G1 X37.333 Y121.62 E3.50596
G1 X37.768 Y121.582 E.02009
G1 X57.478 Y195.141 E3.50918
G1 X57.93 Y195.171 E.02089
G1 X38.202 Y121.544 E3.51239
G1 X38.636 Y121.506 E.02009
G1 X58.382 Y195.2 E3.5156
G1 X58.835 Y195.229 E.02089
G1 X39.071 Y121.468 E3.51881
G1 X39.505 Y121.43 E.02009
G1 X59.287 Y195.258 E3.52202
G1 X59.74 Y195.287 E.02089
G1 X59.595 Y194.746 E.02582
G1 X60.01 Y194.635 E.01979
G1 X60.192 Y195.316 E.03251
G1 X60.645 Y195.345 E.02089
G1 X60.424 Y194.524 E.0392
G1 X60.839 Y194.412 E.01979
G1 X61.097 Y195.375 E.0459
G1 X61.549 Y195.404 E.02089
G1 X61.254 Y194.301 E.05259
G1 X61.669 Y194.19 E.01979
G1 X62.002 Y195.433 E.05928
G1 X62.454 Y195.459 E.02084
G1 X62.084 Y194.079 E.06583
G1 X62.499 Y193.968 E.01979
G1 X62.905 Y195.484 E.07235
G1 X63.356 Y195.51 E.02084
G1 X62.913 Y193.857 E.07887
G1 X63.328 Y193.745 E.01979
G1 X63.734 Y195.261 E.07231
G1 X64.055 Y194.799 E.02592
G1 X63.743 Y193.634 E.05557
G1 X64.158 Y193.523 E.01979
G1 X64.376 Y194.337 E.03884
G1 X64.697 Y193.875 E.02592
G1 X64.573 Y193.412 E.02211
G1 X64.988 Y193.301 E.01979
G1 X65.083 Y193.658 E.01703
M204 S2000
G1 X59.481 Y194.32 F18000
M204 S500
G1 F5400
G1 X39.939 Y121.391 E3.47909
G1 X40.374 Y121.353 E.02009
G1 X59.774 Y193.754 E3.4539
G1 X60.124 Y193.403 E.02285
G1 X40.808 Y121.315 E3.439
G1 X41.243 Y121.277 E.02009
G1 X60.475 Y193.052 E3.42409
G1 X60.826 Y192.702 E.02285
G1 X57.832 Y181.531 E.53292
G1 X57.29 Y180.988 E.03534
G1 X57.277 Y180.635 E.01627
G1 X57.435 Y180.047 E.02806
G1 X41.677 Y121.239 E2.80548
G1 X42.111 Y121.201 E.02009
G1 X57.657 Y179.217 E2.76773
G1 X57.879 Y178.388 E.03958
G1 X42.546 Y121.162 E2.72997
G1 X42.98 Y121.124 E.02009
G1 X58.102 Y177.558 E2.6922
G1 X58.324 Y176.728 E.03958
G1 X43.416 Y121.09 E2.65427
G1 X43.851 Y121.055 E.02012
G1 X58.546 Y175.899 E2.61634
G1 X58.676 Y175.416 E.02303
G1 X58.822 Y175.269 E.00955
G1 X44.286 Y121.02 E2.58797
G1 X44.722 Y120.986 E.02012
G1 X59.173 Y174.919 E2.57289
G1 X59.524 Y174.568 E.02285
G1 X45.157 Y120.951 E2.55781
G1 X45.592 Y120.917 E.02012
G1 X59.874 Y174.217 E2.54273
G1 X60.225 Y173.867 E.02285
G1 X46.028 Y120.882 E2.52765
G1 X46.463 Y120.848 E.02012
G1 X60.576 Y173.516 E2.51257
G1 X60.926 Y173.165 E.02285
G1 X46.898 Y120.813 E2.49749
G1 X47.334 Y120.778 E.02012
G1 X57.041 Y157.007 E1.72831
G1 X56.817 Y157.231 E.01458
G1 X56.982 Y157.516 E.01519
G1 X57.165 Y157.467 E.0087
G1 X61.277 Y172.815 E.73214
G1 X61.628 Y172.464 E.02285
G1 X57.579 Y157.356 E.72072
G1 X57.994 Y157.245 E.01979
G1 X61.978 Y172.113 E.70929
G1 X62.329 Y171.763 E.02285
G1 X61.228 Y167.656 E.19591
G1 X60.978 Y167.406 E.01632
G1 X60.867 Y167.237 E.00931
G1 X60.992 Y166.772 E.02216
G1 X58.409 Y157.134 E.4598
G1 X58.824 Y157.023 E.01979
G1 X61.214 Y165.943 E.42552
G1 X61.436 Y165.113 E.03958
G1 X59.239 Y156.912 E.39124
G1 X59.654 Y156.801 E.01979
G1 X61.659 Y164.283 E.35696
G1 X61.881 Y163.453 E.03958
G1 X60.068 Y156.689 E.32269
G1 X60.483 Y156.578 E.01979
G1 X62.103 Y162.624 E.28841
G1 X62.326 Y161.794 E.03958
G1 X60.898 Y156.467 E.25413
G1 X61.313 Y156.356 E.01979
G1 X62.548 Y160.964 E.21985
G1 X62.77 Y160.135 E.03958
G1 X62.054 Y157.461 E.12755
G1 X62.21 Y157.304 E.01021
G1 X62.501 Y157.472 E.01548
G1 X62.992 Y159.305 E.08743
G1 X63.215 Y158.475 E.03958
G1 X62.957 Y157.512 E.04596
M204 S2000
G1 X57.45 Y156.872 F18000
M204 S500
G1 F5400
G1 X47.769 Y120.744 E1.72351
G1 X48.205 Y120.712 E.02015
G1 X57.743 Y156.306 E1.69801
G1 X58.093 Y155.955 E.02285
G1 X54.907 Y144.063 E.5673
G1 X54.561 Y143.718 E.02254
G1 X54.67 Y143.18 E.02529
G1 X48.642 Y120.681 E1.07333
G1 X49.078 Y120.649 E.02015
G1 X54.892 Y142.35 E1.03525
G1 X55.115 Y141.52 E.03958
G1 X49.514 Y120.618 E.99718
G1 X49.95 Y120.586 E.02015
G1 X55.337 Y140.691 E.9591
G1 X55.559 Y139.861 E.03958
G1 X50.386 Y120.555 E.92102
G1 X50.822 Y120.523 E.02015
G1 X55.782 Y139.031 E.88295
G1 X56.004 Y138.202 E.03958
G1 X51.259 Y120.492 E.84487
G1 X51.695 Y120.46 E.02015
G1 X56.226 Y137.372 E.80679
G1 X56.449 Y136.542 E.03958
G1 X52.131 Y120.428 E.76872
G1 X52.567 Y120.397 E.02015
G1 X56.757 Y136.034 E.74596
G1 X57.108 Y135.683 E.02285
G1 X54.659 Y126.545 E.43595
G1 X55.266 Y127.152 E.03958
G1 X57.458 Y135.332 E.39025
G1 X57.809 Y134.982 E.02285
G1 X55.755 Y127.317 E.36563
G1 X56.106 Y126.967 E.02285
G1 X58.16 Y134.631 E.36563
G1 X58.51 Y134.28 E.02285
G1 X56.457 Y126.616 E.36563
G1 X56.807 Y126.265 E.02285
G1 X58.861 Y133.93 E.36563
G1 X59.212 Y133.579 E.02285
G1 X57.158 Y125.915 E.36563
G1 X57.509 Y125.564 E.02285
G1 X58.449 Y129.075 E.16749
G1 X58.672 Y128.245 E.03958
G1 X57.859 Y125.213 E.14464
G1 X58.21 Y124.863 E.02285
G1 X58.894 Y127.416 E.12179
G1 X59.116 Y126.586 E.03958
G1 X58.702 Y125.039 E.0738
G1 X59.228 Y125.343 E.02799
G1 X59.439 Y126.13 E.03754
M204 S2000
G1 X54.342 Y125.36 F18000
M204 S500
G1 F5400
G1 X53.004 Y120.368 E.23815
G1 X53.441 Y120.339 E.02018
G1 X54.635 Y124.794 E.2125
G1 X54.985 Y124.443 E.02285
G1 X53.878 Y120.311 E.19714
G1 X54.315 Y120.282 E.02018
G1 X55.336 Y124.093 E.18177
G1 X55.687 Y123.742 E.02285
G1 X54.752 Y120.254 E.16641
G1 X55.189 Y120.225 E.02018
G1 X56.037 Y123.391 E.15104
G1 X56.388 Y123.041 E.02285
G1 X55.626 Y120.197 E.13568
G1 X56.063 Y120.168 E.02018
G1 X56.739 Y122.69 E.12031
G1 X57.089 Y122.339 E.02285
G1 X56.5 Y120.14 E.10494
G1 X56.937 Y120.111 E.02018
G1 X57.44 Y121.989 E.08958
G1 X57.79 Y121.638 E.02285
G1 X57.374 Y120.082 E.07421
G1 X57.811 Y120.054 E.02018
G1 X58.141 Y121.287 E.05885
G1 X58.492 Y120.937 E.02285
G1 X58.248 Y120.025 E.04348
G1 X58.685 Y119.997 E.02018
G1 X58.842 Y120.586 E.02811
G1 X59.193 Y120.235 E.02285
G1 X59.071 Y119.778 E.02183
M204 S2000
G1 X58.81 Y130.423 F18000
M204 S500
G1 F5400
G1 X59.562 Y133.228 E.13384
G1 X59.913 Y132.878 E.02285
G1 X59.518 Y131.404 E.07033
G1 X60.125 Y132.011 E.03958
G1 X60.321 Y132.743 E.03491
M204 S2000
G1 X55.414 Y144.297 F18000
M204 S500
G1 F5400
G1 X58.444 Y155.604 E.53941
G1 X58.795 Y155.254 E.02285
G1 X56.078 Y145.115 E.48366
G1 X56.493 Y145.004 E.01979
G1 X59.145 Y154.903 E.47223
G1 X59.496 Y154.552 E.02285
G1 X56.908 Y144.893 E.46081
G1 X57.323 Y144.782 E.01979
G1 X59.847 Y154.202 E.44938
G1 X60.197 Y153.851 E.02285
G1 X57.737 Y144.671 E.43795
G1 X58.152 Y144.56 E.01979
G1 X58.751 Y146.794 E.10661
G1 X59.102 Y146.444 E.02285
G1 X58.567 Y144.448 E.09518
G1 X58.982 Y144.337 E.01979
G1 X59.452 Y146.093 E.08375
G1 X59.803 Y145.742 E.02285
G1 X59.397 Y144.226 E.07233
G1 X59.563 Y144.182 E.00793
G1 X60.06 Y145.043 E.04582
G1 X60.211 Y145.607 E.02693
M204 S2000
G1 X59.058 Y147.942 F18000
M204 S500
G1 F5400
G1 X60.548 Y153.501 E.26519
G1 X60.899 Y153.15 E.02285
G1 X59.766 Y148.922 E.20167
G1 X60.373 Y149.53 E.03958
G1 X61.249 Y152.799 E.15597
G1 X61.6 Y152.449 E.02285
G1 X60.981 Y150.137 E.11027
G1 X61.588 Y150.744 E.03958
G1 X61.951 Y152.098 E.06456
G1 X62.301 Y151.747 E.02285
G1 X62.095 Y150.978 E.03667
M204 S2000
G1 X61.736 Y167.89 F18000
M204 S500
G1 F5400
G1 X62.68 Y171.412 E.16802
G1 X63.03 Y171.061 E.02285
G1 X62.397 Y168.697 E.11277
G1 X62.814 Y168.596 E.0198
G1 X63.381 Y170.711 E.10089
G1 X63.732 Y170.36 E.02285
G1 X63.658 Y170.085 E.0131
G1 X63.244 Y169.671 E.02701
G1 X63.388 Y169.078 E.02814
G1 X63.182 Y168.307 E.03675
M204 S2000
G1 X58.34 Y181.765 F18000
M204 S500
G1 F5400
G1 X61.176 Y192.351 E.50503
G1 X61.527 Y192 E.02285
G1 X58.923 Y182.283 E.46359
G1 X59.338 Y182.172 E.01979
G1 X61.877 Y191.65 E.45216
G1 X62.228 Y191.299 E.02285
G1 X59.753 Y182.06 E.44074
G1 X60.167 Y181.949 E.01979
G1 X62.579 Y190.948 E.42931
G1 X62.929 Y190.598 E.02285
G1 X61.476 Y185.175 E.2587
G1 X60.967 Y184.665 E.03323
G1 X61.261 Y184.371 E.01918
G1 X60.582 Y181.838 E.12081
G1 X60.997 Y181.727 E.01979
G1 X61.612 Y184.02 E.10939
G1 X61.962 Y183.669 E.02285
G1 X61.412 Y181.616 E.09796
G1 X61.827 Y181.505 E.01979
G1 X62.313 Y183.319 E.08654
G1 X62.664 Y182.968 E.02285
G1 X62.242 Y181.393 E.07511
G1 X62.509 Y181.322 E.01275
G1 X62.804 Y181.833 E.0272
G1 X63.072 Y182.833 E.04769
M204 S2000
G1 X61.984 Y185.409 F18000
M204 S500
G1 F5400
G1 X63.28 Y190.247 E.23081
G1 X63.631 Y189.896 E.02285
G1 X62.691 Y186.39 E.1673
G1 X63.299 Y186.997 E.03958
G1 X63.981 Y189.546 E.12159
G1 X64.332 Y189.195 E.02285
G1 X63.906 Y187.604 E.07589
G1 X64.513 Y188.212 E.03958
G1 X64.741 Y189.06 E.04047
M204 S2000
G1 X34.933 Y193.029 F18000
;TYPE:Sparse infill
;WIDTH:0.45
;HEIGHT:0.2
G1 F8843.478
M106 S204
G1 X28.3 Y192.392 E.22107
G1 X32.288 Y177.508 E.51114
G1 X32.24 Y177.33 E.00611
G1 X28.215 Y178.409 E.13823
G1 X28.215 Y186.126 E.25599
G1 X35.136 Y193.047 E.32468
G1 X35.573 Y193.087 E.01454
G1 X34.571 Y189.349 E.12836
G1 X28.215 Y191.052 E.21828
G1 X28.215 Y186.329 E.15665
G1 X33.695 Y164.508 F18000
G1 F8843.478
G1 X34.66 Y168.11 E.12372
G1 X34.536 Y168.144 E.00427
G1 X33.869 Y170.633 E.08548
G1 X33.579 Y170.711 E.00998
G1 X33.844 Y171.7 E.03399
G1 X32.559 Y176.495 E.16465
G1 X34.422 Y175.995 E.06398
G1 X34.643 Y175.283 E.02474
G1 X28.215 Y168.855 E.30155
G1 X28.215 Y165.766 E.10248
G1 X33.642 Y164.311 E.18639
G1 X33.455 Y163.611 E.02403
G1 X34.699 Y163.278 E.04274
G1 X33.066 Y157.18 E.2094
G1 X33.538 Y156.907 E.01811
G1 X28.215 Y151.584 E.24974
G1 X28.215 Y153.122 E.05103
G1 X32.971 Y151.848 E.16332
G1 X32.783 Y151.148 E.02403
G1 X34.028 Y150.815 E.04274
G1 X31.96 Y143.1 E.26495
G1 X28.215 Y151.38 F18000
G1 F8843.478
G1 X28.215 Y145.523 E.19431
G1 X31.746 Y132.344 E.45259
G1 X31.481 Y131.354 E.03399
G1 X31.771 Y131.276 E.00998
G1 X32.622 Y128.102 E.10901
G1 X32.551 Y126.674 E.04743
G1 X28.215 Y127.836 E.14892
G1 X28.215 Y134.313 E.21486
G1 X32.486 Y138.585 E.20039
G1 X30.867 Y139.019 E.05562
G1 X31.054 Y139.718 E.02403
G1 X28.215 Y140.479 E.09751
G1 X28.215 Y134.517 E.19779
G1 X31.724 Y122.133 F18000
;TYPE:Internal solid infill
;WIDTH:0.38292
G1 F6000
G1 X27.996 Y122.497 E.10378
G1 X27.852 Y122.54 E.00415
G1 X27.852 Y192.568 E1.94019
G1 X27.881 Y192.715 E.00415
G1 X33.224 Y193.238 E.14874
G1 X35.7 Y193.462 E.06888
; stop printing object USV 1 e2mm.stl_6_B id:0 copy 0
; printing object "USV 1 e2mm.stl_5" id:1 copy 0
G1 E-.8 F3600
G1 X175.913 Y23.742 F18000
G1 E.8 F3600
M204 S1000
;TYPE:Outer wall
;WIDTH:0.42
G1 F3000
G1 X175.913 Y106.532 E2.54393
G1 X155.659 Y106.374 E.62236
G1 X148.169 Y106.291 E.23017
G1 X140.687 Y106.197 E.22993
G1 X125.869 Y105.972 E.45537
G1 X115.968 Y105.784 E.3043
G1 X106.086 Y105.547 E.30373
G1 X101.15 Y105.416 E.15171
G1 X91.205 Y105.104 E.30574
G1 X86.235 Y104.92 E.1528
G1 X81.258 Y104.725 E.15304
G1 X76.324 Y104.507 E.15178
G1 X66.411 Y104.011 E.30497
G1 X59.024 Y103.579 E.22737
G1 X51.79 Y103.106 E.22275
G1 X42.142 Y102.373 E.29733
G1 X32.518 Y101.529 E.29686
G1 X26.337 Y100.925 E.19082
G1 X26.337 Y29.352 E2.19923
G1 X32.385 Y28.761 E.18672
G1 X37.196 Y28.317 E.14845
G1 X46.814 Y27.532 E.29653
G1 X51.624 Y27.183 E.14819
G1 X61.249 Y26.567 E.29634
G1 X68.659 Y26.142 E.22806
G1 X76.024 Y25.782 E.22659
G1 X80.921 Y25.565 E.15061
G1 X85.853 Y25.37 E.15169
G1 X90.79 Y25.185 E.15181
G1 X100.654 Y24.877 E.30323
G1 X105.59 Y24.742 E.15171
G1 X115.513 Y24.506 E.305
G1 X125.467 Y24.31 E.30592
G1 X140.338 Y24.081 E.457
G1 X147.715 Y23.991 E.2267
G1 X155.103 Y23.908 E.22704
G1 X175.893 Y23.742 E.63883
M204 S2000
G1 X175.521 Y24.137 F18000
M204 S1500
;TYPE:Inner wall
;WIDTH:0.45
G1 F4800
G1 X175.521 Y106.137 E2.7201
G1 X155.663 Y105.982 E.65874
G1 X148.174 Y105.899 E.24845
G1 X140.692 Y105.805 E.2482
G1 X125.876 Y105.58 E.49155
G1 X115.976 Y105.392 E.32845
G1 X106.095 Y105.155 E.32786
G1 X101.161 Y105.024 E.16372
G1 X91.218 Y104.712 E.33
G1 X86.25 Y104.528 E.16492
G1 X81.275 Y104.333 E.16515
G1 X76.342 Y104.115 E.16379
G1 X66.432 Y103.619 E.32913
G1 X59.048 Y103.188 E.24536
G1 X51.818 Y102.715 E.24035
G1 X42.173 Y101.983 E.32085
G1 X32.554 Y101.138 E.32031
G1 X26.729 Y100.569 E.19416
G1 X26.729 Y29.708 E2.3506
G1 X32.422 Y29.151 E.18974
G1 X37.23 Y28.707 E.16016
G1 X46.844 Y27.923 E.31999
G1 X51.651 Y27.574 E.15987
G1 X61.273 Y26.959 E.31982
G1 X68.68 Y26.534 E.2461
G1 X76.043 Y26.174 E.24454
G1 X80.937 Y25.956 E.16253
G1 X90.804 Y25.576 E.32754
G1 X100.666 Y25.268 E.32729
G1 X105.6 Y25.134 E.16372
G1 X115.521 Y24.898 E.32921
G1 X125.474 Y24.702 E.33021
G1 X140.343 Y24.473 E.49331
G1 X147.719 Y24.383 E.24469
G1 X155.107 Y24.3 E.24508
G1 X175.501 Y24.137 E.67652
M204 S2000
G1 X175.357 Y25.066 F18000
;TYPE:Internal solid infill
;WIDTH:0.420839
G1 F6000
G1 X174.768 Y24.476 E.02567
G1 X174.238 Y24.48 E.01633
G1 X175.188 Y25.43 E.04138
G1 X175.188 Y25.965 E.01646
G1 X173.707 Y24.485 E.06447
G1 X173.177 Y24.489 E.01633
G1 X175.188 Y26.499 E.08756
G1 X175.188 Y27.034 E.01646
G1 X172.647 Y24.493 E.11065
G1 X172.117 Y24.497 E.01633
G1 X175.188 Y27.568 E.13374
G1 X175.188 Y28.103 E.01646
G1 X171.587 Y24.501 E.15684
G1 X171.056 Y24.506 E.01633
G1 X175.188 Y28.637 E.17993
G1 X175.188 Y29.172 E.01646
G1 X170.526 Y24.51 E.20302
G1 X169.996 Y24.514 E.01633
G1 X175.188 Y29.706 E.22611
G1 X175.188 Y30.24 E.01646
G1 X169.466 Y24.518 E.24921
G1 X168.935 Y24.523 E.01633
G1 X175.188 Y30.775 E.2723
G1 X175.188 Y31.309 E.01646
G1 X168.405 Y24.527 E.29539
G1 X167.875 Y24.531 E.01633
G1 X175.188 Y31.844 E.31848
G1 X175.188 Y32.378 E.01646
G1 X167.345 Y24.535 E.34157
G1 X166.815 Y24.54 E.01633
G1 X175.188 Y32.913 E.36467
G1 X175.188 Y33.447 E.01646
G1 X166.284 Y24.544 E.38776
G1 X165.754 Y24.548 E.01633
G1 X175.188 Y33.982 E.41085
G1 X175.188 Y34.516 E.01646
G1 X165.224 Y24.552 E.43394
G1 X164.694 Y24.556 E.01633
G1 X175.188 Y35.051 E.45704
G1 X175.188 Y35.585 E.01646
G1 X164.163 Y24.561 E.48013
G1 X163.633 Y24.565 E.01633
G1 X175.188 Y36.12 E.50322
G1 X175.188 Y36.654 E.01646
G1 X163.103 Y24.569 E.52631
G1 X162.573 Y24.573 E.01633
G1 X175.188 Y37.188 E.5494
G1 X175.188 Y37.723 E.01646
G1 X162.042 Y24.578 E.5725
G1 X161.512 Y24.582 E.01633
G1 X175.188 Y38.257 E.59559
G1 X175.188 Y38.792 E.01646
G1 X160.982 Y24.586 E.61868
G1 X160.452 Y24.59 E.01633
G1 X175.188 Y39.326 E.64177
G1 X175.188 Y39.861 E.01646
G1 X159.922 Y24.595 E.66487
G1 X159.391 Y24.599 E.01633
G1 X175.188 Y40.395 E.68796
G1 X175.188 Y40.93 E.01646
G1 X158.861 Y24.603 E.71105
G1 X158.331 Y24.607 E.01633
G1 X175.188 Y41.464 E.73414
G1 X175.188 Y41.999 E.01646
G1 X157.801 Y24.611 E.75723
G1 X157.27 Y24.616 E.01633
G1 X175.188 Y42.533 E.78033
G1 X175.188 Y43.067 E.01646
G1 X156.74 Y24.62 E.80342
G1 X156.21 Y24.624 E.01633
G1 X175.188 Y43.602 E.82651
G1 X175.188 Y44.136 E.01646
G1 X155.68 Y24.628 E.8496
G1 X155.15 Y24.633 E.01633
G1 X175.188 Y44.671 E.8727
G1 X175.188 Y45.205 E.01646
G1 X154.621 Y24.638 E.89572
G1 X154.092 Y24.644 E.01628
G1 X175.188 Y45.74 E.91874
G1 X175.188 Y46.274 E.01646
G1 X153.564 Y24.65 E.94175
G1 X153.035 Y24.656 E.01628
G1 X175.188 Y46.809 E.96477
G1 X175.188 Y47.343 E.01646
G1 X152.507 Y24.662 E.98779
G1 X151.978 Y24.668 E.01628
G1 X175.188 Y47.878 E1.01081
G1 X175.188 Y48.412 E.01646
G1 X151.45 Y24.674 E1.03383
G1 X150.921 Y24.68 E.01628
G1 X175.188 Y48.947 E1.05684
G1 X175.188 Y49.481 E.01646
G1 X150.393 Y24.686 E1.07986
G1 X149.864 Y24.692 E.01628
G1 X175.188 Y50.015 E1.10288
G1 X175.188 Y50.55 E.01646
G1 X149.336 Y24.698 E1.1259
G1 X148.807 Y24.704 E.01628
G1 X175.188 Y51.084 E1.14892
G1 X175.188 Y51.619 E.01646
G1 X148.279 Y24.71 E1.17193
G1 X147.75 Y24.716 E.01628
G1 X175.188 Y52.153 E1.19495
G1 X175.188 Y52.688 E.01646
G1 X147.222 Y24.722 E1.21795
G1 X146.694 Y24.729 E.01626
G1 X175.188 Y53.222 E1.24094
G1 X175.188 Y53.757 E.01646
G1 X146.166 Y24.735 E1.26394
G1 X145.638 Y24.741 E.01626
G1 X175.188 Y54.291 E1.28694
G1 X175.188 Y54.826 E.01646
G1 X145.11 Y24.748 E1.30993
G1 X144.582 Y24.754 E.01626
G1 X175.188 Y55.36 E1.33293
G1 X175.188 Y55.894 E.01646
G1 X144.054 Y24.761 E1.35592
G1 X143.526 Y24.767 E.01626
G1 X175.188 Y56.429 E1.37892
G1 X175.188 Y56.963 E.01646
G1 X142.998 Y24.774 E1.40192
G1 X142.47 Y24.78 E.01626
G1 X175.188 Y57.498 E1.42491
G1 X175.188 Y58.032 E.01646
G1 X141.942 Y24.786 E1.44791
G1 X141.414 Y24.793 E.01626
G1 X175.188 Y58.567 E1.4709
G1 X175.188 Y59.101 E.01646
G1 X140.886 Y24.799 E1.4939
G1 X140.358 Y24.806 E.01626
G1 X175.188 Y59.636 E1.5169
G1 X175.188 Y60.17 E.01646
G1 X139.831 Y24.814 E1.53982
G1 X139.305 Y24.822 E.01621
G1 X175.188 Y60.705 E1.56274
G1 X175.188 Y61.239 E.01646
G1 X138.779 Y24.83 E1.58567
G1 X138.252 Y24.838 E.01621
G1 X175.188 Y61.774 E1.60859
G1 X175.188 Y62.308 E.01646
G1 X137.726 Y24.846 E1.63152
G1 X137.2 Y24.854 E.01621
G1 X175.188 Y62.842 E1.65444
G1 X175.188 Y63.377 E.01646
G1 X136.673 Y24.863 E1.67736
G1 X136.147 Y24.871 E.01621
G1 X175.188 Y63.911 E1.70029
G1 X175.188 Y64.446 E.01646
G1 X135.621 Y24.879 E1.72321
G1 X135.094 Y24.887 E.01621
G1 X175.188 Y64.98 E1.74613
G1 X175.188 Y65.515 E.01646
G1 X134.568 Y24.895 E1.76906
G1 X134.042 Y24.903 E.01621
G1 X175.188 Y66.049 E1.79198
G1 X175.188 Y66.584 E.01646
G1 X133.515 Y24.911 E1.8149
G1 X132.989 Y24.919 E.01621
G1 X175.188 Y67.118 E1.83783
G1 X175.188 Y67.653 E.01646
G1 X132.463 Y24.927 E1.86075
G1 X131.936 Y24.935 E.01621
G1 X175.188 Y68.187 E1.88367
G1 X175.188 Y68.721 E.01646
G1 X131.41 Y24.944 E1.9066
G1 X130.883 Y24.952 E.01621
G1 X175.188 Y69.256 E1.92952
G1 X175.188 Y69.79 E.01646
G1 X130.357 Y24.96 E1.95244
G1 X129.831 Y24.968 E.01621
G1 X175.188 Y70.325 E1.97537
G1 X175.188 Y70.859 E.01646
G1 X129.304 Y24.976 E1.99829
G1 X128.778 Y24.984 E.01621
G1 X175.188 Y71.394 E2.02121
G1 X175.188 Y71.928 E.01646
G1 X128.252 Y24.992 E2.04414
G1 X127.725 Y25 E.01621
G1 X175.188 Y72.463 E2.06706
G1 X175.188 Y72.997 E.01646
G1 X127.199 Y25.008 E2.08999
G1 X126.673 Y25.017 E.01621
G1 X175.188 Y73.532 E2.11291
G1 X175.188 Y74.066 E.01646
G1 X126.146 Y25.025 E2.13583
G1 X125.62 Y25.033 E.01621
G1 X175.188 Y74.601 E2.15876
G1 X175.188 Y75.135 E.01646
G1 X125.095 Y25.042 E2.18161
G1 X124.571 Y25.053 E.01614
G1 X175.188 Y75.669 E2.20444
G1 X175.188 Y76.204 E.01646
G1 X124.047 Y25.063 E2.22726
G1 X123.523 Y25.073 E.01614
G1 X175.188 Y76.738 E2.25009
G1 X175.188 Y77.273 E.01646
G1 X122.999 Y25.084 E2.27292
G1 X122.475 Y25.094 E.01614
G1 X175.188 Y77.807 E2.29574
G1 X175.188 Y78.342 E.01646
G1 X121.95 Y25.104 E2.31857
G1 X121.426 Y25.115 E.01614
G1 X175.188 Y78.876 E2.3414
G1 X175.188 Y79.411 E.01646
G1 X120.902 Y25.125 E2.36423
G1 X120.378 Y25.135 E.01614
G1 X175.188 Y79.945 E2.38705
G1 X175.188 Y80.48 E.01646
G1 X119.854 Y25.146 E2.40988
G1 X119.33 Y25.156 E.01614
G1 X175.188 Y81.014 E2.43271
G1 X175.188 Y81.548 E.01646
G1 X118.806 Y25.166 E2.45553
G1 X118.281 Y25.177 E.01614
G1 X175.188 Y82.083 E2.47836
G1 X175.188 Y82.617 E.01646
G1 X117.757 Y25.187 E2.50119
G1 X117.233 Y25.197 E.01614
G1 X175.188 Y83.152 E2.52401
G1 X175.188 Y83.686 E.01646
G1 X116.709 Y25.208 E2.54684
G1 X116.185 Y25.218 E.01614
G1 X175.188 Y84.221 E2.56967
G1 X175.188 Y84.755 E.01646
G1 X115.661 Y25.228 E2.5925
G1 X115.138 Y25.24 E.0161
G1 X175.188 Y85.29 E2.61526
G1 X175.188 Y85.824 E.01646
G1 X114.616 Y25.252 E2.63799
G1 X114.094 Y25.265 E.01608
G1 X175.188 Y86.359 E2.66073
G1 X175.188 Y86.893 E.01646
G1 X113.572 Y25.277 E2.68346
G1 X113.05 Y25.29 E.01608
G1 X175.188 Y87.428 E2.7062
G1 X175.188 Y87.962 E.01646
G1 X112.528 Y25.302 E2.72893
G1 X112.006 Y25.315 E.01608
G1 X175.188 Y88.496 E2.75167
G1 X175.188 Y89.031 E.01646
G1 X111.484 Y25.327 E2.77441
G1 X110.962 Y25.339 E.01608
G1 X175.188 Y89.565 E2.79714
G1 X175.188 Y90.1 E.01646
G1 X110.44 Y25.352 E2.81988
G1 X109.918 Y25.364 E.01608
G1 X175.188 Y90.634 E2.84261
G1 X175.188 Y91.169 E.01646
G1 X109.396 Y25.377 E2.86535
G1 X108.874 Y25.389 E.01608
G1 X175.188 Y91.703 E2.88808
G1 X175.188 Y92.238 E.01646
G1 X108.352 Y25.401 E2.91082
G1 X107.83 Y25.414 E.01608
G1 X175.188 Y92.772 E2.93356
G1 X175.188 Y93.307 E.01646
G1 X107.308 Y25.426 E2.95629
G1 X106.785 Y25.439 E.01608
G1 X175.188 Y93.841 E2.97903
G1 X175.188 Y94.375 E.01646
G1 X106.263 Y25.451 E3.00176
G1 X105.741 Y25.464 E.01608
G1 X175.188 Y94.91 E3.0245
G1 X175.188 Y95.444 E.01646
G1 X105.221 Y25.477 E3.04718
G1 X104.7 Y25.492 E.01603
G1 X175.188 Y95.979 E3.06983
G1 X175.188 Y96.513 E.01646
G1 X104.18 Y25.506 E3.09249
G1 X103.66 Y25.52 E.01603
G1 X175.188 Y97.048 E3.11515
G1 X175.188 Y97.582 E.01646
G1 X103.14 Y25.534 E3.1378
G1 X102.62 Y25.548 E.01603
G1 X175.188 Y98.117 E3.16046
G1 X175.188 Y98.651 E.01646
G1 X102.099 Y25.563 E3.18312
G1 X101.579 Y25.577 E.01603
G1 X175.188 Y99.186 E3.20577
G1 X175.188 Y99.72 E.01646
G1 X101.059 Y25.591 E3.22843
G1 X100.539 Y25.606 E.01601
G1 X175.188 Y100.255 E3.25107
G1 X175.188 Y100.789 E.01646
G1 X100.021 Y25.622 E3.27364
G1 X99.503 Y25.638 E.01597
G1 X175.188 Y101.323 E3.29621
G1 X175.188 Y101.858 E.01646
G1 X98.984 Y25.654 E3.31878
G1 X98.466 Y25.671 E.01597
G1 X175.188 Y102.392 E3.34135
G1 X175.188 Y102.927 E.01646
G1 X97.948 Y25.687 E3.36392
G1 X97.429 Y25.703 E.01597
G1 X175.188 Y103.461 E3.3865
G1 X175.188 Y103.996 E.01646
G1 X96.911 Y25.719 E3.40907
G1 X96.393 Y25.735 E.01597
G1 X175.188 Y104.53 E3.43164
G1 X175.188 Y105.065 E.01646
G1 X95.875 Y25.752 E3.45421
G1 X95.356 Y25.768 E.01597
G1 X175.188 Y105.599 E3.47678
G1 X175.188 Y105.801 E.00623
G1 X174.853 Y105.799 E.01031
G1 X94.838 Y25.784 E3.48477
G1 X94.32 Y25.8 E.01597
G1 X174.314 Y105.794 E3.48388
G1 X173.776 Y105.79 E.01659
G1 X93.802 Y25.816 E3.48299
G1 X93.283 Y25.832 E.01597
G1 X173.237 Y105.786 E3.4821
G1 X172.698 Y105.782 E.01659
G1 X92.765 Y25.849 E3.48122
G1 X92.247 Y25.865 E.01597
G1 X172.159 Y105.778 E3.48033
G1 X171.621 Y105.773 E.01659
G1 X91.728 Y25.881 E3.47944
G1 X91.21 Y25.897 E.01597
G1 X171.082 Y105.769 E3.47855
G1 X170.543 Y105.765 E.01659
G1 X90.693 Y25.914 E3.47762
G1 X90.178 Y25.934 E.01586
G1 X170.005 Y105.761 E3.47658
G1 X169.466 Y105.756 E.01659
G1 X89.663 Y25.954 E3.47553
G1 X89.149 Y25.974 E.01586
G1 X168.927 Y105.752 E3.47448
G1 X168.389 Y105.748 E.01659
G1 X88.634 Y25.993 E3.47344
G1 X88.12 Y26.013 E.01586
G1 X167.85 Y105.744 E3.47239
G1 X167.311 Y105.74 E.01659
G1 X87.605 Y26.033 E3.47134
G1 X87.09 Y26.053 E.01586
G1 X166.773 Y105.735 E3.4703
G1 X166.234 Y105.731 E.01659
G1 X86.576 Y26.073 E3.46925
G1 X86.061 Y26.093 E.01586
G1 X165.695 Y105.727 E3.4682
G1 X165.157 Y105.723 E.01659
G1 X85.546 Y26.112 E3.46716
G1 X85.032 Y26.132 E.01586
G1 X164.618 Y105.718 E3.46611
G1 X164.079 Y105.714 E.01659
G1 X84.517 Y26.152 E3.46506
G1 X84.002 Y26.172 E.01586
G1 X163.541 Y105.71 E3.46402
G1 X163.002 Y105.706 E.01659
G1 X83.488 Y26.192 E3.46297
G1 X82.973 Y26.211 E.01586
G1 X162.463 Y105.702 E3.46192
G1 X161.925 Y105.697 E.01659
G1 X82.458 Y26.231 E3.46088
G1 X81.944 Y26.251 E.01586
G1 X161.386 Y105.693 E3.45983
G1 X160.847 Y105.689 E.01659
G1 X81.429 Y26.271 E3.45879
G1 X80.915 Y26.291 E.01585
G1 X160.309 Y105.685 E3.45773
G1 X159.77 Y105.681 E.01659
G1 X80.403 Y26.314 E3.45655
G1 X79.891 Y26.336 E.01577
G1 X159.231 Y105.676 E3.45538
G1 X158.693 Y105.672 E.01659
G1 X79.38 Y26.359 E3.4542
G1 X78.868 Y26.382 E.01577
G1 X158.154 Y105.668 E3.45303
G1 X157.615 Y105.664 E.01659
G1 X78.356 Y26.405 E3.45185
G1 X77.845 Y26.427 E.01577
G1 X157.077 Y105.659 E3.45068
G1 X156.538 Y105.655 E.01659
G1 X77.333 Y26.45 E3.4495
G1 X76.821 Y26.473 E.01577
G1 X155.999 Y105.651 E3.44832
G1 X155.46 Y105.646 E.01661
G1 X76.31 Y26.496 E3.44712
G1 X75.799 Y26.52 E.01574
G1 X154.919 Y105.64 E3.44582
G1 X154.379 Y105.634 E.01664
G1 X75.289 Y26.545 E3.44447
G1 X74.78 Y26.569 E.01571
G1 X153.838 Y105.628 E3.44313
G1 X153.298 Y105.622 E.01664
G1 X74.27 Y26.594 E3.44178
G1 X73.761 Y26.619 E.01571
G1 X152.758 Y105.616 E3.44044
G1 X152.217 Y105.61 E.01664
G1 X73.251 Y26.644 E3.43909
G1 X72.742 Y26.669 E.01571
G1 X151.677 Y105.604 E3.43775
G1 X151.136 Y105.598 E.01664
G1 X72.232 Y26.694 E3.4364
G1 X71.722 Y26.719 E.01571
G1 X150.596 Y105.592 E3.43506
G1 X150.055 Y105.586 E.01664
G1 X71.213 Y26.744 E3.43371
G1 X70.703 Y26.769 E.01571
G1 X149.515 Y105.58 E3.43237
G1 X148.974 Y105.574 E.01664
G1 X70.194 Y26.794 E3.43102
G1 X69.684 Y26.818 E.01571
G1 X105.78 Y62.915 E1.57205
G1 X105.05 Y62.719 E.02328
G1 X69.55 Y27.219 E1.54608
G1 X69.564 Y27.462 E.0075
G1 X69.276 Y27.479 E.00891
G1 X104.32 Y62.523 E1.52625
G1 X103.59 Y62.328 E.02328
G1 X68.77 Y27.508 E1.51647
G1 X68.265 Y27.537 E.01559
G1 X102.86 Y62.132 E1.50669
G1 X102.13 Y61.937 E.02328
G1 X67.759 Y27.566 E1.49691
G1 X67.254 Y27.595 E.01559
G1 X101.4 Y61.741 E1.48712
G1 X100.67 Y61.545 E.02328
G1 X66.748 Y27.624 E1.47734
G1 X66.243 Y27.653 E.01559
G1 X100.18 Y61.59 E1.47801
G1 X98.842 Y60.787 F18000
G1 F6000
G1 X65.737 Y27.682 E1.44178
G1 X65.626 Y27.688 E.00345
G1 X67.782 Y29.844 E.09391
G1 X67.629 Y30.108 E.00939
G1 X97.872 Y60.351 E1.31712
G1 X97.142 Y60.155 E.02328
G1 X67.434 Y30.447 E1.29384
G1 X67.238 Y30.786 E.01205
G1 X96.412 Y59.96 E1.27057
G1 X95.682 Y59.764 E.02328
G1 X67.043 Y31.125 E1.24729
G1 X66.847 Y31.464 E.01205
G1 X94.952 Y59.569 E1.22401
G1 X94.222 Y59.373 E.02328
G1 X66.209 Y31.36 E1.22001
G1 X65.479 Y31.164 E.02328
G1 X93.492 Y59.177 E1.22001
G1 X92.762 Y58.982 E.02328
G1 X64.749 Y30.969 E1.22001
G1 X64.019 Y30.773 E.02328
G1 X92.032 Y58.786 E1.22001
G1 X91.301 Y58.59 E.02328
G1 X63.289 Y30.577 E1.22001
G1 X62.558 Y30.382 E.02328
G1 X90.571 Y58.395 E1.22001
G1 X89.841 Y58.199 E.02328
G1 X61.828 Y30.186 E1.22001
G1 X61.098 Y29.991 E.02328
G1 X66.639 Y35.531 E.24129
G1 X65.909 Y35.335 E.02328
G1 X60.368 Y29.795 E.24129
G1 X59.773 Y29.635 E.01898
G1 X59.752 Y29.713 E.00248
G1 X65.179 Y35.14 E.23633
G1 X64.448 Y34.944 E.02328
G1 X59.639 Y30.135 E.20946
G1 X59.526 Y30.556 E.01344
G1 X63.718 Y34.749 E.18258
G1 X62.988 Y34.553 E.02328
G1 X59.413 Y30.978 E.1557
G1 X59.3 Y31.399 E.01344
G1 X62.258 Y34.357 E.12882
G1 X61.528 Y34.162 E.02328
G1 X59.187 Y31.821 E.10195
G1 X59.074 Y32.242 E.01344
G1 X60.798 Y33.966 E.07507
G1 X60.068 Y33.77 E.02328
G1 X58.961 Y32.664 E.04819
G1 X58.848 Y33.085 E.01344
G1 X59.578 Y33.815 E.03177
G1 X62.118 Y41.165 F18000
G1 F6000
G1 X60.479 Y39.526 E.07138
G1 X60.9 Y39.413 E.01344
G1 X62.608 Y41.12 E.07437
G1 X63.338 Y41.316 E.02328
G1 X61.322 Y39.3 E.08781
G1 X61.743 Y39.187 E.01344
G1 X64.068 Y41.511 E.10125
G1 X64.798 Y41.707 E.02328
G1 X62.165 Y39.074 E.11468
G1 X62.586 Y38.961 E.01344
G1 X65.528 Y41.903 E.12812
G1 X66.258 Y42.098 E.02328
G1 X63.008 Y38.848 E.14156
G1 X63.429 Y38.735 E.01344
G1 X66.988 Y42.294 E.155
G1 X67.718 Y42.49 E.02328
G1 X63.851 Y38.622 E.16844
G1 X64.272 Y38.509 E.01344
G1 X83.025 Y57.262 E.81672
G1 X83.356 Y57.351 E.01054
G1 X83.586 Y57.289 E.00735
G1 X64.694 Y38.396 E.82281
G1 X65.115 Y38.283 E.01344
G1 X83.944 Y57.112 E.82002
G1 X84.057 Y56.69 E.01344
G1 X65.537 Y38.17 E.80658
G1 X65.958 Y38.057 E.01344
G1 X84.731 Y56.83 E.81757
G1 X85.461 Y57.025 E.02328
G1 X66.38 Y37.944 E.83101
G1 X66.801 Y37.831 E.01344
G1 X86.191 Y57.221 E.84445
G1 X86.921 Y57.417 E.02328
G1 X67.223 Y37.718 E.85789
G1 X67.398 Y37.672 E.00559
G1 X67.398 Y37.359 E.00962
G1 X87.651 Y57.612 E.88205
G1 X88.381 Y57.808 E.02328
G1 X67.398 Y36.825 E.91385
G1 X67.398 Y36.29 E.01646
G1 X89.351 Y58.244 E.9561
G1 X82.535 Y57.306 F18000
G1 F6000
G1 X68.707 Y43.478 E.60224
G1 X68.594 Y43.9 E.01344
G1 X81.565 Y56.871 E.56491
G1 X80.835 Y56.675 E.02328
G1 X68.481 Y44.321 E.53803
G1 X68.368 Y44.743 E.01344
G1 X80.105 Y56.48 E.51116
G1 X79.375 Y56.284 E.02328
G1 X68.255 Y45.164 E.48428
G1 X68.142 Y45.586 E.01344
G1 X78.645 Y56.088 E.4574
G1 X77.915 Y55.893 E.02328
G1 X68.029 Y46.007 E.43052
G1 X67.916 Y46.429 E.01344
G1 X77.184 Y55.697 E.40365
G1 X76.454 Y55.501 E.02328
G1 X67.803 Y46.85 E.37677
G1 X67.743 Y47.076 E.0072
G1 X70.306 Y49.64 E.11164
G1 X70.215 Y49.797 E.00559
G1 X75.724 Y55.306 E.23993
G1 X74.994 Y55.11 E.02328
G1 X70.02 Y50.136 E.21665
G1 X69.824 Y50.474 E.01205
G1 X74.264 Y54.915 E.19337
G1 X73.534 Y54.719 E.02328
G1 X69.628 Y50.813 E.1701
G1 X69.433 Y51.152 E.01205
G1 X72.804 Y54.523 E.14682
G1 X72.074 Y54.328 E.02328
G1 X68.963 Y51.217 E.13549
G1 X68.233 Y51.021 E.02328
G1 X71.344 Y54.132 E.13549
G1 X70.614 Y53.936 E.02328
G1 X67.503 Y50.825 E.13549
G1 X66.787 Y50.644 E.02275
G1 X69.884 Y53.741 E.13487
G1 X69.154 Y53.545 E.02328
G1 X66.674 Y51.065 E.10799
G1 X66.561 Y51.487 E.01344
G1 X68.423 Y53.35 E.08112
G1 X67.693 Y53.154 E.02328
G1 X66.448 Y51.909 E.05424
G1 X66.335 Y52.33 E.01344
G1 X66.963 Y52.958 E.02736
G1 X66.233 Y52.763 E.02328
G1 X66.084 Y52.613 E.00652
G1 X58.852 Y83.863 F18000
G1 F6000
G1 X58.09 Y83.101 E.0332
G1 X58.203 Y82.679 E.01344
G1 X59.342 Y83.818 E.04962
G1 X60.073 Y84.014 E.02328
G1 X58.316 Y82.258 E.0765
G1 X58.429 Y81.836 E.01344
G1 X60.803 Y84.21 E.10338
G1 X61.533 Y84.405 E.02328
G1 X59.029 Y81.902 E.10903
G1 X59.759 Y82.097 E.02328
G1 X62.263 Y84.601 E.10903
G1 X62.993 Y84.797 E.02328
G1 X60.489 Y82.293 E.10903
G1 X61.219 Y82.489 E.02328
G1 X63.723 Y84.992 E.10903
G1 X64.453 Y85.188 E.02328
G1 X61.949 Y82.684 E.10903
G1 X62.68 Y82.88 E.02328
G1 X65.183 Y85.383 E.10903
G1 X65.913 Y85.579 E.02328
G1 X63.41 Y83.075 E.10903
G1 X64.14 Y83.271 E.02328
G1 X66.643 Y85.775 E.10903
G1 X67.373 Y85.97 E.02328
G1 X64.87 Y83.467 E.10903
G1 X65.6 Y83.662 E.02328
G1 X86.127 Y104.19 E.894
G1 X86.683 Y104.211 E.01711
G1 X66.33 Y83.858 E.88639
G1 X67.06 Y84.054 E.02328
G1 X87.238 Y104.231 E.87876
G1 X87.793 Y104.252 E.0171
G1 X67.728 Y84.187 E.87385
G1 X67.923 Y83.848 E.01205
G1 X88.348 Y104.272 E.8895
G1 X88.903 Y104.293 E.0171
G1 X68.119 Y83.509 E.90515
G1 X68.315 Y83.17 E.01205
G1 X89.458 Y104.313 E.92081
G1 X90.013 Y104.334 E.0171
G1 X68.51 Y82.832 E.93646
G1 X68.674 Y82.549 E.01005
G1 X62.924 Y76.8 E.25038
G1 X62.994 Y76.781 E.00222
G1 X90.568 Y104.354 E1.20086
G1 X91.123 Y104.375 E.0171
G1 X63.416 Y76.668 E1.20667
G1 X63.837 Y76.555 E.01344
G1 X91.675 Y104.393 E1.21237
G1 X92.227 Y104.41 E.017
G1 X64.259 Y76.442 E1.21805
G1 X64.68 Y76.329 E.01344
G1 X92.778 Y104.427 E1.22372
G1 X93.33 Y104.445 E.017
G1 X65.102 Y76.216 E1.22939
G1 X65.523 Y76.103 E.01344
G1 X93.882 Y104.462 E1.23506
G1 X94.434 Y104.479 E.017
G1 X65.945 Y75.99 E1.24074
G1 X66.366 Y75.878 E.01344
G1 X94.986 Y104.497 E1.24641
G1 X95.537 Y104.514 E.017
G1 X66.788 Y75.765 E1.25208
G1 X67.209 Y75.652 E.01344
G1 X96.089 Y104.531 E1.25775
G1 X96.641 Y104.549 E.017
G1 X67.631 Y75.539 E1.26343
G1 X68.054 Y75.428 E.01348
G1 X97.193 Y104.566 E1.26902
G1 X97.744 Y104.583 E.017
G1 X68.784 Y75.623 E1.26126
G1 X69.514 Y75.819 E.02328
G1 X98.296 Y104.601 E1.25349
G1 X98.848 Y104.618 E.017
G1 X70.244 Y76.014 E1.24573
G1 X70.975 Y76.21 E.02328
G1 X99.4 Y104.635 E1.23796
G1 X99.951 Y104.652 E.017
G1 X71.705 Y76.406 E1.23019
G1 X72.435 Y76.601 E.02328
G1 X100.503 Y104.67 E1.22243
G1 X101.055 Y104.687 E.017
G1 X72.579 Y76.211 E1.24016
G1 X72.692 Y75.79 E.01344
G1 X101.605 Y104.702 E1.25918
G1 X102.154 Y104.717 E.01691
G1 X72.805 Y75.368 E1.27817
G1 X72.918 Y74.947 E.01344
G1 X102.703 Y104.731 E1.29716
G1 X103.252 Y104.746 E.01691
G1 X73.048 Y74.543 E1.3154
G1 X73.778 Y74.738 E.02328
G1 X103.801 Y104.761 E1.30752
G1 X104.35 Y104.775 E.01691
G1 X74.508 Y74.934 E1.29963
G1 X75.239 Y75.129 E.02328
G1 X104.899 Y104.79 E1.29175
G1 X105.448 Y104.804 E.01691
G1 X75.969 Y75.325 E1.28386
G1 X76.113 Y75.364 E.00461
G1 X76.27 Y75.092 E.00966
G1 X105.997 Y104.819 E1.29464
G1 X106.545 Y104.832 E.01688
G1 X76.466 Y74.753 E1.30998
G1 X76.661 Y74.415 E.01205
G1 X107.092 Y104.845 E1.32531
G1 X107.64 Y104.858 E.01687
G1 X76.857 Y74.076 E1.34064
G1 X77.053 Y73.737 E.01205
G1 X108.187 Y104.872 E1.35597
G1 X108.735 Y104.885 E.01687
G1 X76.904 Y73.054 E1.38628
G1 X77.326 Y72.941 E.01344
G1 X109.283 Y104.898 E1.39177
G1 X109.83 Y104.911 E.01687
G1 X77.747 Y72.828 E1.39726
G1 X78.169 Y72.715 E.01344
G1 X110.378 Y104.924 E1.40275
G1 X110.925 Y104.937 E.01687
G1 X78.59 Y72.602 E1.40824
G1 X79.012 Y72.489 E.01344
G1 X111.473 Y104.95 E1.41374
G1 X112.021 Y104.964 E.01687
G1 X79.433 Y72.376 E1.41923
G1 X79.855 Y72.263 E.01344
G1 X112.568 Y104.977 E1.42472
G1 X113.116 Y104.99 E.01687
G1 X80.276 Y72.15 E1.43021
G1 X80.698 Y72.037 E.01344
G1 X113.663 Y105.003 E1.4357
G1 X114.211 Y105.016 E.01687
G1 X81.119 Y71.924 E1.44119
G1 X81.325 Y71.869 E.00655
G1 X81.699 Y71.97 E.01193
G1 X114.759 Y105.029 E1.43979
G1 X115.306 Y105.042 E.01687
G1 X82.429 Y72.165 E1.43185
G1 X83.159 Y72.361 E.02328
G1 X115.854 Y105.055 E1.4239
G1 X116.399 Y105.066 E.0168
G1 X83.889 Y72.557 E1.41586
G1 X84.619 Y72.752 E.02328
G1 X116.944 Y105.077 E1.40779
G1 X117.489 Y105.087 E.01678
G1 X85.349 Y72.948 E1.39972
G1 X86.047 Y73.135 E.02223
G1 X86.052 Y73.116 E.0006
G1 X118.034 Y105.097 E1.39285
G1 X118.578 Y105.108 E.01678
G1 X86.165 Y72.694 E1.41166
G1 X86.278 Y72.273 E.01344
G1 X119.123 Y105.118 E1.43047
G1 X119.668 Y105.129 E.01678
G1 X86.391 Y71.851 E1.44928
G1 X86.504 Y71.43 E.01344
G1 X120.213 Y105.139 E1.46809
G1 X120.758 Y105.149 E.01678
G1 X86.617 Y71.008 E1.48689
G1 X86.714 Y70.646 E.01156
G1 X86.816 Y70.673 E.00325
G1 X121.302 Y105.16 E1.50194
G1 X121.847 Y105.17 E.01678
G1 X87.546 Y70.869 E1.49388
G1 X88.276 Y71.064 E.02328
G1 X122.392 Y105.18 E1.48581
G1 X122.937 Y105.191 E.01678
G1 X89.006 Y71.26 E1.47774
G1 X89.381 Y71.36 E.01194
G1 X89.476 Y71.195 E.00587
G1 X123.482 Y105.201 E1.481
G1 X124.026 Y105.211 E.01678
G1 X89.672 Y70.856 E1.49621
G1 X89.867 Y70.518 E.01205
G1 X124.571 Y105.222 E1.51142
G1 X125.116 Y105.232 E.01678
G1 X90.063 Y70.179 E1.52662
G1 X90.258 Y69.84 E.01205
G1 X125.661 Y105.242 E1.54183
G1 X126.204 Y105.251 E.01674
G1 X90.393 Y69.44 E1.55965
G1 X90.814 Y69.327 E.01344
G1 X126.747 Y105.26 E1.56493
G1 X127.29 Y105.268 E.01671
G1 X91.236 Y69.214 E1.57021
G1 X91.657 Y69.101 E.01344
G1 X127.832 Y105.276 E1.57549
G1 X128.375 Y105.284 E.01671
G1 X92.079 Y68.988 E1.58077
G1 X92.5 Y68.875 E.01344
G1 X128.918 Y105.293 E1.58604
G1 X129.461 Y105.301 E.01671
G1 X92.922 Y68.762 E1.59132
G1 X93.343 Y68.649 E.01344
G1 X130.003 Y105.309 E1.5966
G1 X130.546 Y105.317 E.01671
G1 X93.765 Y68.536 E1.60188
G1 X94.186 Y68.423 E.01344
G1 X131.089 Y105.326 E1.60715
G1 X131.631 Y105.334 E.01671
G1 X94.608 Y68.31 E1.61243
G1 X95.029 Y68.197 E.01344
G1 X132.174 Y105.342 E1.61771
G1 X132.717 Y105.35 E.01671
G1 X95.467 Y68.1 E1.6223
G1 X96.197 Y68.296 E.02328
G1 X133.259 Y105.358 E1.61414
G1 X133.802 Y105.367 E.01671
G1 X96.927 Y68.491 E1.60598
G1 X97.657 Y68.687 E.02328
G1 X134.345 Y105.375 E1.59782
G1 X134.888 Y105.383 E.01671
G1 X98.387 Y68.883 E1.58966
G1 X99.117 Y69.078 E.02328
G1 X135.43 Y105.391 E1.5815
G1 X135.973 Y105.4 E.01671
G1 X99.75 Y69.177 E1.57755
G1 X99.863 Y68.756 E.01344
G1 X136.516 Y105.408 E1.59626
G1 X137.058 Y105.416 E.01671
G1 X99.976 Y68.334 E1.61498
G1 X100.089 Y67.913 E.01344
G1 X137.601 Y105.424 E1.6337
G1 X138.144 Y105.433 E.01671
G1 X100.202 Y67.491 E1.65241
G1 X100.315 Y67.07 E.01344
G1 X138.686 Y105.441 E1.67113
G1 X139.229 Y105.449 E.01671
G1 X100.583 Y66.803 E1.68308
G1 X101.313 Y66.999 E.02328
G1 X139.772 Y105.457 E1.67492
G1 X140.314 Y105.466 E.01671
G1 X102.043 Y67.195 E1.66676
G1 X102.774 Y67.39 E.02328
G1 X140.857 Y105.473 E1.65858
G1 X141.398 Y105.48 E.01667
G1 X103.504 Y67.586 E1.65036
G1 X103.74 Y67.649 E.00755
G1 X103.662 Y67.21 E.01375
G1 X141.939 Y105.487 E1.66704
G1 X142.481 Y105.494 E.01667
G1 X103.546 Y66.559 E1.69568
G1 X103.436 Y65.945 E.01921
G1 X103.46 Y65.938 E.00075
G1 X143.022 Y105.501 E1.723
G1 X143.563 Y105.507 E.01667
G1 X103.881 Y65.825 E1.72821
G1 X104.303 Y65.713 E.01344
G1 X144.104 Y105.514 E1.73343
G1 X144.646 Y105.521 E.01667
G1 X104.724 Y65.6 E1.73864
G1 X105.146 Y65.487 E.01344
G1 X145.187 Y105.528 E1.74386
G1 X145.728 Y105.535 E.01667
G1 X105.567 Y65.374 E1.74907
G1 X105.989 Y65.261 E.01344
G1 X146.269 Y105.541 E1.75429
G1 X146.811 Y105.548 E.01667
G1 X106.41 Y65.148 E1.7595
G1 X106.648 Y65.084 E.00757
G1 X106.648 Y64.851 E.00718
G1 X147.352 Y105.555 E1.77273
G1 X147.893 Y105.562 E.01667
G1 X106.648 Y64.316 E1.7963
G1 X106.648 Y63.782 E.01646
G1 X148.606 Y105.74 E1.82733
G1 X85.748 Y104.345 F18000
G1 F6000
G1 X68.014 Y86.611 E.77231
G1 X68.014 Y87.146 E.01646
G1 X85.015 Y104.146 E.74039
G1 X84.458 Y104.124 E.01714
G1 X68.014 Y87.68 E.71616
G1 X68.014 Y88.079 E.01228
G1 X67.907 Y88.108 E.00341
G1 X83.902 Y104.103 E.6966
G1 X83.346 Y104.081 E.01714
G1 X67.486 Y88.221 E.69073
G1 X67.064 Y88.334 E.01344
G1 X82.79 Y104.059 E.68486
G1 X82.233 Y104.037 E.01714
G1 X66.643 Y88.447 E.67899
G1 X66.221 Y88.56 E.01344
G1 X81.677 Y104.015 E.67312
G1 X81.12 Y103.993 E.01717
G1 X68.513 Y91.386 E.54905
G1 X68.4 Y91.807 E.01344
G1 X80.561 Y103.968 E.52962
G1 X80.002 Y103.943 E.01724
G1 X68.287 Y92.229 E.51018
G1 X68.174 Y92.65 E.01344
G1 X79.443 Y103.919 E.49075
G1 X78.883 Y103.894 E.01724
G1 X68.061 Y93.072 E.47132
G1 X67.949 Y93.493 E.01344
G1 X78.324 Y103.869 E.45188
G1 X77.765 Y103.845 E.01724
G1 X67.836 Y93.915 E.43245
G1 X67.723 Y94.336 E.01344
G1 X77.206 Y103.82 E.41302
G1 X76.647 Y103.795 E.01724
G1 X67.61 Y94.758 E.39358
G1 X67.497 Y95.179 E.01344
G1 X76.086 Y103.769 E.37408
G1 X75.523 Y103.741 E.01735
G1 X67.384 Y95.601 E.35449
G1 X67.271 Y96.022 E.01344
G1 X74.961 Y103.712 E.33491
G1 X74.398 Y103.684 E.01735
G1 X67.158 Y96.444 E.31533
G1 X67.045 Y96.866 E.01344
G1 X73.836 Y103.656 E.29574
G1 X73.273 Y103.628 E.01735
G1 X66.932 Y97.287 E.27616
G1 X66.819 Y97.709 E.01344
G1 X72.71 Y103.6 E.25658
G1 X72.148 Y103.572 E.01735
G1 X68.584 Y100.008 E.15521
G1 X68.936 Y100.475 E.01802
G1 X68.606 Y100.564 E.01053
G1 X71.585 Y103.544 E.12977
G1 X71.023 Y103.515 E.01735
G1 X68.184 Y100.677 E.12362
G1 X67.763 Y100.79 E.01344
G1 X70.46 Y103.487 E.11748
G1 X69.897 Y103.459 E.01735
G1 X67.341 Y100.903 E.11133
G1 X66.919 Y101.016 E.01344
G1 X68.656 Y102.752 E.07562
G1 X68.13 Y102.726 E.01622
G1 X68.155 Y102.631 E.00302
G1 X67.943 Y102.574 E.00676
G1 X66.498 Y101.129 E.06295
G1 X66.079 Y101.244 E.01338
G1 X67.213 Y102.378 E.04939
G1 X66.483 Y102.183 E.02328
G1 X65.803 Y101.502 E.02964
G1 X65.69 Y101.924 E.01344
G1 X65.993 Y102.227 E.01322
G1 X69.083 Y103.179 F18000
G1 F6000
G1 X69.514 Y103.61 E.01876
G1 X67.846 Y90.719 F18000
G1 F6000
G1 X65.8 Y88.673 E.08912
G1 X65.378 Y88.785 E.01344
G1 X66.876 Y90.283 E.06523
G1 X66.146 Y90.088 E.02328
G1 X64.957 Y88.898 E.0518
G1 X64.535 Y89.011 E.01344
G1 X65.416 Y89.892 E.03836
G1 X64.686 Y89.696 E.02328
G1 X64.114 Y89.124 E.02492
G1 X63.692 Y89.237 E.01344
G1 X64.196 Y89.741 E.02193
G1 X39.268 Y80.475 F18000
;TYPE:Sparse infill
;WIDTH:0.45
G1 F8843.478
G1 X36.68 Y70.816 E.33172
G1 X27.454 Y73.288 E.31683
G1 X27.454 Y76.381 E.1026
G1 X37.374 Y86.3 E.46532
G1 X37.599 Y86.17 E.00865
G1 X38.453 Y87.024 E.04006
G1 X38.753 Y86.85 E.0115
G1 X37.767 Y83.168 E.12646
G1 X27.454 Y85.931 E.35415
G1 X27.454 Y76.585 E.31004
G1 X37.069 Y87.201 F18000
G1 F8843.478
G1 X39.081 Y94.709 E.25782
G1 X37.629 Y95.098 E.04986
G1 X37.816 Y95.798 E.02403
G1 X27.454 Y98.574 E.35585
G1 X27.454 Y93.652 E.16328
G1 X34.372 Y100.57 E.32452
G1 X32.621 Y100.416 E.0583
G1 X27.535 Y99.919 E.16953
G1 X38.008 Y60.835 E1.34221
G1 X40.226 Y69.116 E.28436
G1 X39.64 Y69.273 E.02013
G1 X39.685 Y70.011 E.02453
G1 X38.917 Y70.216 E.02636
G1 X38.244 Y69.647 E.02925
G1 X38.045 Y69.7 E.00684
G1 X27.454 Y59.11 E.49681
G1 X27.454 Y60.645 E.05091
G1 X38.598 Y57.659 E.38269
G1 X38.678 Y57.361 E.01024
G1 X39.054 Y56.787 E.02276
G1 X39.095 Y56.776 E.00143
G1 X39.564 Y55.028 E.06003
G1 X39.299 Y54.038 E.03399
G1 X39.578 Y53.963 E.00961
G1 X27.454 Y41.839 E.56875
G1 X27.454 Y48.001 E.20442
G1 X37.826 Y45.223 E.35617
G1 X37.638 Y44.523 E.02403
G1 X39.712 Y43.967 E.07123
G1 X37.868 Y37.082 E.23645
G1 X39.279 Y28.904 F18000
;TYPE:Internal solid infill
;WIDTH:0.38292
G1 F6000
G1 X37.26 Y29.069 E.05613
G1 X32.456 Y29.512 E.13367
G1 X27.235 Y30.022 E.14532
G1 X27.092 Y30.065 E.00415
G1 X27.092 Y100.096 E1.94025
G1 X27.12 Y100.243 E.00415
G1 X32.587 Y100.777 E.15219
G1 X39.336 Y101.369 E.18769
G1 X39.984 Y101.624 F18000
M204 S500
;TYPE:Internal Bridge
;WIDTH:0.379473
;HEIGHT:0.379473
G1 F5400
M106 S255
G1 X38.303 Y95.35 E.29927
G1 X38.718 Y95.239 E.01979
G1 X40.386 Y101.465 E.297
G1 X40.842 Y101.505 E.02106
G1 X39.133 Y95.128 E.30421
G1 X39.548 Y95.017 E.01979
G1 X41.297 Y101.545 E.31142
G1 X41.752 Y101.585 E.02106
G1 X37.847 Y87.009 E.69537
G1 X38.384 Y87.546 E.03504
G1 X38.429 Y87.521 E.00235
G1 X42.208 Y101.625 E.67283
G1 X42.662 Y101.659 E.02097
G1 X38.814 Y87.298 E.68508
G1 X39.199 Y87.076 E.02049
G1 X43.115 Y101.694 E.69733
G1 X43.569 Y101.728 E.02097
G1 X38.461 Y82.665 E.90942
G1 X38.876 Y82.554 E.01979
G1 X44.023 Y101.763 E.91637
G1 X44.477 Y101.797 E.02097
G1 X39.291 Y82.443 E.92332
G1 X39.706 Y82.331 E.01979
G1 X44.931 Y101.831 E.93026
G1 X45.385 Y101.866 E.02097
G1 X40.121 Y82.22 E.93721
G1 X40.166 Y82.208 E.00215
G1 X37.005 Y70.412 E.56275
G1 X37.375 Y70.313 E.01764
G1 X45.839 Y101.9 E1.5069
G1 X46.292 Y101.935 E.02097
G1 X37.79 Y70.202 E1.51385
G1 X38.141 Y70.107 E.01678
G1 X38.229 Y70.181 E.00527
G1 X46.746 Y101.969 E1.51647
G1 X47.2 Y102.004 E.02097
G1 X38.813 Y70.704 E1.49316
G1 X39.421 Y71.312 E.03958
G1 X47.654 Y102.038 E1.46582
G1 X48.108 Y102.073 E.02097
G1 X40.028 Y71.919 E1.43849
G1 X40.232 Y72.123 E.01326
G1 X40.145 Y70.697 E.06581
G1 X48.562 Y102.107 E1.49844
G1 X49.016 Y102.142 E.02097
G1 X40.279 Y69.535 E1.55553
G1 X40.693 Y69.424 E.01979
G1 X49.469 Y102.176 E1.56248
G1 X49.923 Y102.211 E.02097
G1 X38.508 Y59.609 E2.03232
G1 X38.731 Y58.78 E.03958
G1 X50.377 Y102.245 E2.07354
G1 X50.831 Y102.28 E.02097
G1 X38.953 Y57.95 E2.11477
G1 X39.065 Y57.534 E.01986
G1 X39.222 Y57.294 E.01322
G1 X51.285 Y102.314 E2.14772
G1 X51.739 Y102.349 E.02097
G1 X39.607 Y57.072 E2.15997
G1 X40.022 Y56.96 E.01979
G1 X52.192 Y102.379 E2.16673
G1 X52.644 Y102.409 E.0209
G1 X40.436 Y56.849 E2.17345
G1 X40.482 Y56.837 E.00215
G1 X39.811 Y54.334 E.11943
G1 X39.931 Y54.301 E.00571
G1 X40.065 Y53.802 E.02385
G1 X53.097 Y102.438 E2.32024
G1 X53.549 Y102.468 E.0209
G1 X40.403 Y53.405 E2.34058
G1 X40.448 Y53.393 E.00215
G1 X38.151 Y44.819 E.40904
G1 X38.52 Y44.719 E.01764
G1 X54.002 Y102.498 E2.75634
G1 X54.454 Y102.527 E.0209
G1 X38.935 Y44.608 E2.76305
G1 X39.35 Y44.497 E.01979
G1 X54.907 Y102.557 E2.76976
G1 X55.359 Y102.586 E.0209
G1 X39.765 Y44.386 E2.77648
G1 X40.18 Y44.275 E.01979
G1 X55.812 Y102.616 E2.78319
G1 X56.265 Y102.646 E.0209
G1 X38.318 Y35.667 E3.19526
G1 X38.925 Y36.274 E.03958
G1 X56.717 Y102.675 E3.1677
G1 X57.17 Y102.705 E.0209
G1 X39.507 Y36.786 E3.14467
G1 X39.892 Y36.564 E.02049
G1 X57.622 Y102.734 E3.15669
G1 X58.075 Y102.764 E.0209
G1 X40.277 Y36.342 E3.16871
G1 X40.319 Y36.317 E.00223
G1 X39.138 Y31.911 E.21023
G1 X39.508 Y31.812 E.01764
G1 X58.527 Y102.793 E3.38622
G1 X58.98 Y102.823 E.0209
G1 X39.923 Y31.7 E3.39294
G1 X40.337 Y31.589 E.01979
G1 X59.432 Y102.85 E3.39953
G1 X59.883 Y102.876 E.02085
G1 X40.045 Y28.838 E3.53202
G1 X40.48 Y28.803 E.02012
G1 X60.335 Y102.903 E3.53498
G1 X60.787 Y102.929 E.02085
G1 X40.915 Y28.767 E3.53793
G1 X41.35 Y28.732 E.02012
G1 X61.239 Y102.956 E3.54089
G1 X61.69 Y102.982 E.02085
G1 X41.785 Y28.696 E3.54384
G1 X42.221 Y28.661 E.02012
G1 X62.142 Y103.009 E3.54679
G1 X62.594 Y103.035 E.02085
G1 X42.656 Y28.625 E3.54975
G1 X43.091 Y28.59 E.02012
G1 X57.685 Y83.055 E2.5983
G1 X57.501 Y83.742 E.03278
G1 X57.897 Y83.849 E.01893
G1 X63.045 Y103.061 E.91655
G1 X63.497 Y103.088 E.02085
G1 X58.376 Y83.977 E.91169
G1 X58.855 Y84.105 E.02285
G1 X63.949 Y103.114 E.90682
G1 X64.4 Y103.141 E.02085
G1 X59.334 Y84.234 E.90196
G1 X59.813 Y84.362 E.02285
G1 X64.852 Y103.167 E.8971
G1 X65.304 Y103.193 E.02085
G1 X60.292 Y84.49 E.89223
G1 X60.771 Y84.619 E.02285
G1 X65.34 Y101.67 E.81342
G1 X65.184 Y102.252 E.02779
G1 X65.52 Y102.342 E.01604
G1 X65.756 Y103.22 E.04186
G1 X66.207 Y103.246 E.02085
G1 X65.999 Y102.471 E.037
G1 X66.478 Y102.599 E.02285
G1 X66.658 Y103.271 E.03205
G1 X67.109 Y103.293 E.02079
G1 X66.957 Y102.727 E.027
G1 X67.436 Y102.856 E.02285
G1 X67.56 Y103.316 E.02195
G1 X68.01 Y103.339 E.02079
G1 X67.952 Y103.121 E.01039
G1 X68.403 Y103.143 E.02079
G1 X68.514 Y103.557 E.01975
M204 S2000
G1 X65.663 Y101.213 F18000
M204 S500
G1 F5400
G1 X61.25 Y84.747 E.78553
G1 X61.729 Y84.876 E.02285
G1 X62.847 Y89.046 E.19897
G1 X63.262 Y88.935 E.01979
G1 X62.208 Y85.004 E.18754
G1 X62.687 Y85.132 E.02285
G1 X63.677 Y88.824 E.17612
G1 X64.091 Y88.713 E.01979
G1 X63.166 Y85.261 E.16469
G1 X63.645 Y85.389 E.02285
G1 X64.506 Y88.602 E.15326
G1 X64.921 Y88.49 E.01979
G1 X64.124 Y85.517 E.14184
G1 X64.604 Y85.646 E.02285
G1 X65.336 Y88.379 E.13041
G1 X65.751 Y88.268 E.01979
G1 X65.083 Y85.774 E.11899
G1 X65.562 Y85.902 E.02285
G1 X66.166 Y88.157 E.10756
G1 X66.581 Y88.046 E.01979
G1 X66.041 Y86.031 E.09614
G1 X66.52 Y86.159 E.02285
G1 X66.995 Y87.935 E.08471
G1 X67.41 Y87.824 E.01979
G1 X66.999 Y86.287 E.07328
G1 X67.478 Y86.416 E.02285
G1 X67.804 Y87.635 E.05818
M204 S2000
G1 X62.955 Y89.45 F18000
M204 S500
G1 F5400
G1 X66.008 Y100.843 E.54348
G1 X66.423 Y100.731 E.01979
G1 X63.492 Y89.794 E.52177
G1 X63.971 Y89.922 E.02285
G1 X66.837 Y100.62 E.51035
G1 X67.252 Y100.509 E.01979
G1 X66.689 Y98.405 E.10037
G1 X66.342 Y98.058 E.0226
G1 X66.36 Y97.862 E.00909
G1 X66.452 Y97.521 E.01624
G1 X64.45 Y90.051 E.35639
G1 X64.929 Y90.179 E.02285
G1 X66.674 Y96.692 E.31069
G1 X66.896 Y95.862 E.03958
G1 X65.408 Y90.307 E.26498
G1 X65.887 Y90.436 E.02285
G1 X67.119 Y95.032 E.21928
G1 X67.341 Y94.203 E.03958
G1 X66.366 Y90.564 E.17358
G1 X66.845 Y90.692 E.02285
G1 X67.563 Y93.373 E.12787
G1 X67.786 Y92.543 E.03958
G1 X67.324 Y90.821 E.08217
G1 X67.803 Y90.949 E.02285
G1 X68.108 Y92.087 E.05428
M204 S2000
G1 X67.196 Y98.639 F18000
M204 S500
G1 F5400
G1 X67.667 Y100.398 E.0839
G1 X68.082 Y100.287 E.01979
G1 X67.834 Y99.36 E.04421
M204 S2000
G1 X58.007 Y82.599 F18000
M204 S500
G1 F5400
G1 X43.526 Y28.554 E2.57822
G1 X43.961 Y28.519 E.02012
G1 X58.129 Y81.396 E2.52253
G1 X58.168 Y81.253 E.0068
G1 X58.564 Y81.36 E.01892
G1 X44.396 Y28.483 E2.52249
G1 X44.831 Y28.448 E.02012
G1 X59.043 Y81.488 E2.53031
G1 X59.522 Y81.616 E.02285
G1 X45.266 Y28.412 E2.53812
G1 X45.701 Y28.377 E.02012
G1 X60.001 Y81.745 E2.54594
G1 X60.48 Y81.873 E.02285
G1 X46.137 Y28.341 E2.55376
G1 X46.572 Y28.306 E.02012
G1 X60.959 Y82.001 E2.56157
G1 X61.438 Y82.13 E.02285
G1 X47.007 Y28.272 E2.56933
G1 X47.443 Y28.24 E.02015
G1 X61.917 Y82.258 E2.57696
G1 X62.396 Y82.386 E.02285
G1 X47.879 Y28.208 E2.5846
G1 X48.316 Y28.177 E.02015
G1 X62.875 Y82.515 E2.59223
G1 X63.354 Y82.643 E.02285
G1 X48.752 Y28.145 E2.59986
G1 X49.188 Y28.113 E.02015
G1 X63.833 Y82.772 E2.60749
G1 X64.312 Y82.9 E.02285
G1 X62.796 Y77.242 E.26991
G1 X63.404 Y77.849 E.03958
G1 X64.791 Y83.028 E.24706
G1 X65.27 Y83.157 E.02285
G1 X64.011 Y78.457 E.22421
G1 X64.619 Y79.064 E.03958
G1 X65.749 Y83.285 E.20135
G1 X66.228 Y83.413 E.02285
G1 X65.226 Y79.671 E.1785
G1 X65.833 Y80.279 E.03958
G1 X66.707 Y83.542 E.15565
G1 X67.186 Y83.67 E.02285
G1 X66.441 Y80.886 E.1328
G1 X67.048 Y81.494 E.03958
G1 X67.609 Y83.587 E.09984
G1 X67.912 Y83.061 E.02799
G1 X67.555 Y81.728 E.06359
M204 S2000
G1 X62.64 Y76.659 F18000
M204 S500
G1 F5400
G1 X49.624 Y28.082 E2.31738
G1 X50.06 Y28.05 E.02015
G1 X63.005 Y76.361 E2.30468
G1 X63.42 Y76.25 E.01979
G1 X50.496 Y28.019 E2.30089
G1 X50.932 Y27.987 E.02015
G1 X63.835 Y76.138 E2.29709
G1 X64.249 Y76.027 E.01979
G1 X51.369 Y27.955 E2.2933
G1 X51.805 Y27.925 E.02016
G1 X64.664 Y75.916 E2.28945
G1 X65.079 Y75.805 E.01979
G1 X52.242 Y27.897 E2.28549
G1 X52.679 Y27.869 E.02018
G1 X65.494 Y75.694 E2.28152
G1 X65.909 Y75.583 E.01979
G1 X53.116 Y27.841 E2.27755
G1 X53.554 Y27.813 E.02018
G1 X66.324 Y75.471 E2.27358
G1 X66.738 Y75.36 E.01979
G1 X53.991 Y27.785 E2.26961
G1 X54.428 Y27.757 E.02018
G1 X67.153 Y75.249 E2.26565
G1 X67.568 Y75.138 E.01979
G1 X54.865 Y27.729 E2.26168
G1 X55.302 Y27.701 E.02018
G1 X67.983 Y75.027 E2.25771
G1 X68.05 Y75.009 E.0032
G1 X68.452 Y75.116 E.01916
G1 X55.739 Y27.673 E2.26332
G1 X56.176 Y27.645 E.02018
G1 X68.931 Y75.245 E2.27078
G1 X69.41 Y75.373 E.02285
G1 X56.613 Y27.617 E2.27823
G1 X57.051 Y27.589 E.02018
G1 X58.477 Y32.913 E.25398
G1 X58.265 Y33.705 E.03777
G1 X58.722 Y33.827 E.02181
G1 X60.16 Y39.193 E.256
G1 X60.575 Y39.082 E.01979
G1 X59.201 Y33.956 E.24457
G1 X59.68 Y34.084 E.02285
G1 X60.99 Y38.971 E.23315
G1 X61.404 Y38.86 E.01979
G1 X60.159 Y34.212 E.22172
G1 X60.638 Y34.341 E.02285
G1 X61.819 Y38.749 E.21029
G1 X62.234 Y38.638 E.01979
G1 X61.117 Y34.469 E.19887
G1 X61.596 Y34.597 E.02285
G1 X62.649 Y38.527 E.18744
G1 X63.064 Y38.415 E.01979
G1 X62.075 Y34.726 E.17602
G1 X62.554 Y34.854 E.02285
G1 X63.479 Y38.304 E.16459
G1 X63.893 Y38.193 E.01979
G1 X63.033 Y34.982 E.15316
G1 X63.512 Y35.111 E.02285
G1 X64.308 Y38.082 E.14174
G1 X64.723 Y37.971 E.01979
G1 X63.991 Y35.239 E.13031
G1 X64.47 Y35.367 E.02285
G1 X65.138 Y37.86 E.11889
G1 X65.553 Y37.748 E.01979
G1 X64.949 Y35.496 E.10746
G1 X65.428 Y35.624 E.02285
G1 X65.968 Y37.637 E.09604
G1 X66.383 Y37.526 E.01979
G1 X65.907 Y35.753 E.08461
G1 X66.386 Y35.881 E.02285
G1 X66.797 Y37.415 E.07318
G1 X66.995 Y37.362 E.00941
G1 X66.995 Y36.492 E.04009
G1 X66.808 Y35.794 E.03332
M204 S2000
G1 X58.799 Y32.457 F18000
M204 S500
G1 F5400
G1 X57.488 Y27.561 E.23355
G1 X57.925 Y27.533 E.02018
G1 X58.922 Y31.254 E.17749
G1 X59.144 Y30.424 E.03958
G1 X58.362 Y27.505 E.13925
G1 X58.799 Y27.477 E.02018
G1 X59.366 Y29.594 E.101
G1 X59.488 Y29.142 E.0216
G1 X59.705 Y29.2 E.01038
G1 X59.236 Y27.449 E.08352
G1 X59.673 Y27.421 E.02018
G1 X60.184 Y29.328 E.09097
G1 X60.663 Y29.457 E.02285
G1 X60.11 Y27.393 E.09843
G1 X60.548 Y27.365 E.02018
G1 X61.142 Y29.585 E.10589
G1 X61.621 Y29.713 E.02285
G1 X60.985 Y27.337 E.11335
G1 X61.422 Y27.31 E.02019
G1 X62.1 Y29.842 E.12076
G1 X62.579 Y29.97 E.02285
G1 X61.86 Y27.285 E.12809
G1 X62.298 Y27.26 E.02021
G1 X63.058 Y30.098 E.13541
G1 X63.537 Y30.227 E.02285
G1 X62.736 Y27.235 E.14273
G1 X63.174 Y27.21 E.02021
G1 X64.016 Y30.355 E.15005
G1 X64.495 Y30.483 E.02285
G1 X63.612 Y27.185 E.15737
G1 X64.049 Y27.159 E.02021
G1 X64.974 Y30.612 E.16469
G1 X65.453 Y30.74 E.02285
G1 X64.487 Y27.134 E.17201
G1 X64.925 Y27.109 E.02021
G1 X65.932 Y30.868 E.17933
G1 X66.411 Y30.997 E.02285
G1 X65.697 Y28.33 E.12723
G1 X66.304 Y28.937 E.03958
G1 X66.791 Y30.754 E.08668
G1 X67.095 Y30.228 E.02799
G1 X66.812 Y29.171 E.05042
M204 S2000
G1 X65.471 Y27.487 F18000
M204 S500
G1 F5400
G1 X65.363 Y27.084 E.0192
G1 X65.801 Y27.059 E.02021
G1 X65.858 Y27.271 E.0101
G1 X66.296 Y27.246 E.02021
G1 X66.239 Y27.034 E.0101
G1 X66.677 Y27.009 E.02021
G1 X66.734 Y27.221 E.0101
G1 X67.171 Y27.195 E.02021
G1 X67.115 Y26.984 E.0101
G1 X67.553 Y26.959 E.02021
G1 X67.609 Y27.17 E.0101
G1 X68.047 Y27.145 E.02021
G1 X67.99 Y26.933 E.0101
G1 X68.428 Y26.908 E.02021
G1 X68.485 Y27.12 E.0101
G1 X68.923 Y27.095 E.02021
G1 X68.815 Y26.694 E.01914
M204 S2000
G1 X60.378 Y40.009 F18000
M204 S500
G1 F5400
G1 X69.889 Y75.502 E1.6932
G1 X70.368 Y75.63 E.02285
G1 X61.086 Y40.99 E1.65253
G1 X61.278 Y41.181 E.0125
G1 X61.605 Y41.269 E.01564
G1 X70.847 Y75.758 E1.64532
G1 X71.326 Y75.887 E.02285
G1 X62.084 Y41.398 E1.64532
G1 X62.563 Y41.526 E.02285
G1 X71.805 Y76.015 E1.64532
G1 X72.187 Y76.117 E.01823
G1 X72.232 Y75.95 E.008
G1 X66.123 Y53.151 E1.08764
G1 X65.726 Y53.044 E.01893
G1 X65.91 Y52.357 E.03278
G1 X63.042 Y41.654 E.51059
G1 X63.521 Y41.783 E.02285
G1 X66.133 Y51.527 E.46489
G1 X66.355 Y50.698 E.03958
G1 X64 Y41.911 E.41918
G1 X64.479 Y42.039 E.02285
G1 X66.661 Y50.183 E.38848
G1 X67.14 Y50.311 E.02285
G1 X64.958 Y42.168 E.38848
G1 X65.437 Y42.296 E.02285
G1 X67.619 Y50.439 E.38848
G1 X68.098 Y50.568 E.02285
G1 X65.916 Y42.424 E.38848
G1 X66.396 Y42.553 E.02285
G1 X67.466 Y46.549 E.19067
G1 X67.298 Y47.202 E.03104
G1 X67.767 Y47.671 E.03057
G1 X68.577 Y50.696 E.14432
G1 X69.056 Y50.824 E.02285
G1 X68.374 Y48.278 E.12147
G1 X68.982 Y48.885 E.03958
G1 X69.392 Y50.416 E.07304
G1 X69.696 Y49.89 E.02799
G1 X69.489 Y49.119 E.03679
M204 S2000
G1 X67.789 Y46.093 F18000
M204 S500
G1 F5400
G1 X66.875 Y42.681 E.16277
G1 X67.354 Y42.809 E.02285
G1 X67.911 Y44.89 E.09926
G1 X68.133 Y44.06 E.03958
G1 X67.833 Y42.938 E.05356
G1 X68.312 Y43.066 E.02285
G1 X68.456 Y43.604 E.02566
M204 S2000
G1 X66.544 Y53.063 F18000
M204 S500
G1 F5400
G1 X72.454 Y75.12 E1.05222
G1 X72.676 Y74.29 E.03958
G1 X67.081 Y53.407 E.99624
G1 X67.56 Y53.536 E.02285
G1 X73.079 Y74.133 E.98262
G1 X73.558 Y74.262 E.02285
G1 X68.039 Y53.664 E.98262
G1 X68.518 Y53.792 E.02285
G1 X74.037 Y74.39 E.98262
G1 X74.516 Y74.518 E.02285
G1 X68.997 Y53.921 E.98262
G1 X69.476 Y54.049 E.02285
G1 X74.995 Y74.647 E.98262
G1 X75.474 Y74.775 E.02285
G1 X69.955 Y54.177 E.98262
G1 X70.434 Y54.306 E.02285
G1 X75.941 Y74.857 E.98039
G1 X76.244 Y74.331 E.02799
G1 X70.913 Y54.434 E.94917
G1 X71.392 Y54.562 E.02285
G1 X76.28 Y72.804 E.87021
G1 X76.695 Y72.693 E.01979
G1 X71.871 Y54.691 E.85878
G1 X72.35 Y54.819 E.02285
G1 X77.109 Y72.581 E.84736
G1 X77.524 Y72.47 E.01979
G1 X72.829 Y54.948 E.83593
G1 X73.308 Y55.076 E.02285
G1 X77.939 Y72.359 E.82451
G1 X78.354 Y72.248 E.01979
G1 X73.787 Y55.204 E.81308
G1 X74.266 Y55.333 E.02285
G1 X78.769 Y72.137 E.80166
G1 X79.184 Y72.026 E.01979
G1 X74.745 Y55.461 E.79023
G1 X75.224 Y55.589 E.02285
G1 X79.598 Y71.915 E.7788
G1 X80.013 Y71.803 E.01979
G1 X75.703 Y55.718 E.76738
G1 X76.182 Y55.846 E.02285
G1 X80.428 Y71.692 E.75595
G1 X80.843 Y71.581 E.01979
G1 X76.661 Y55.974 E.74453
G1 X77.14 Y56.103 E.02285
G1 X81.258 Y71.47 E.7331
G1 X81.325 Y71.452 E.0032
G1 X81.726 Y71.559 E.01916
G1 X77.619 Y56.231 E.73125
G1 X78.098 Y56.359 E.02285
G1 X82.205 Y71.688 E.73125
G1 X82.684 Y71.816 E.02285
G1 X78.577 Y56.488 E.73125
G1 X79.056 Y56.616 E.02285
G1 X83.163 Y71.945 E.73125
G1 X83.642 Y72.073 E.02285
G1 X79.535 Y56.744 E.73125
G1 X80.014 Y56.873 E.02285
G1 X84.122 Y72.201 E.73125
G1 X84.601 Y72.33 E.02285
G1 X80.493 Y57.001 E.73125
G1 X80.972 Y57.13 E.02285
G1 X85.08 Y72.458 E.73125
G1 X85.559 Y72.586 E.02285
G1 X81.451 Y57.258 E.73125
G1 X81.93 Y57.386 E.02285
G1 X85.89 Y72.163 E.70493
G1 X86.112 Y71.333 E.03958
G1 X82.409 Y57.515 E.65922
G1 X82.888 Y57.643 E.02285
G1 X86.334 Y70.503 E.61352
G1 X86.429 Y70.152 E.01678
G1 X86.705 Y70.226 E.01316
G1 X83.366 Y57.765 E.59442
G1 X83.781 Y57.654 E.01979
G1 X87.184 Y70.354 E.60584
G1 X87.663 Y70.482 E.02285
G1 X84.196 Y57.543 E.61727
G1 X84.25 Y57.529 E.00258
G1 X84.352 Y57.146 E.01826
G1 X84.548 Y57.198 E.00933
G1 X88.142 Y70.611 E.63985
G1 X88.621 Y70.739 E.02285
G1 X85.027 Y57.327 E.63985
G1 X85.506 Y57.455 E.02285
G1 X89.1 Y70.867 E.63985
G1 X89.186 Y70.891 E.00413
G1 X89.435 Y70.46 E.02293
G1 X85.985 Y57.583 E.61427
G1 X86.464 Y57.712 E.02285
G1 X89.809 Y70.198 E.59565
M204 S2000
G1 X90.019 Y69.322 F18000
M204 S500
G1 F5400
G1 X86.943 Y57.84 E.54777
G1 X87.422 Y57.968 E.02285
G1 X90.384 Y69.024 E.52744
G1 X90.799 Y68.913 E.01979
G1 X87.901 Y58.097 E.51601
G1 X88.38 Y58.225 E.02285
G1 X91.214 Y68.802 E.50458
G1 X91.629 Y68.691 E.01979
G1 X88.859 Y58.353 E.49316
G1 X89.338 Y58.482 E.02285
G1 X92.044 Y68.58 E.48173
G1 X92.458 Y68.469 E.01979
G1 X89.817 Y58.61 E.47031
G1 X90.296 Y58.739 E.02285
G1 X92.873 Y68.358 E.45888
G1 X93.288 Y68.246 E.01979
G1 X90.775 Y58.867 E.44745
G1 X91.254 Y58.995 E.02285
G1 X93.703 Y68.135 E.43603
G1 X94.118 Y68.024 E.01979
G1 X91.733 Y59.124 E.4246
G1 X92.212 Y59.252 E.02285
G1 X94.533 Y67.913 E.41318
G1 X94.947 Y67.802 E.01979
G1 X92.691 Y59.38 E.40175
G1 X93.17 Y59.509 E.02285
G1 X95.362 Y67.691 E.39033
G1 X95.429 Y67.673 E.0032
G1 X95.831 Y67.78 E.01916
G1 X93.649 Y59.637 E.38848
G1 X94.128 Y59.765 E.02285
G1 X96.31 Y67.909 E.38848
G1 X96.789 Y68.037 E.02285
G1 X94.607 Y59.894 E.38848
G1 X95.086 Y60.022 E.02285
G1 X97.268 Y68.165 E.38848
G1 X97.747 Y68.294 E.02285
G1 X95.565 Y60.15 E.38848
G1 X96.044 Y60.279 E.02285
G1 X98.226 Y68.422 E.38848
G1 X98.705 Y68.55 E.02285
G1 X96.523 Y60.407 E.38848
G1 X97.002 Y60.535 E.02285
G1 X99.184 Y68.679 E.38848
G1 X99.448 Y68.749 E.01257
G1 X99.548 Y68.376 E.01781
G1 X97.481 Y60.664 E.36792
G1 X97.96 Y60.792 E.02285
G1 X99.77 Y67.546 E.32221
G1 X99.992 Y66.717 E.03958
G1 X98.439 Y60.92 E.27651
G1 X98.895 Y61.043 E.02175
G1 X98.784 Y61.457 E.01979
G1 X99.047 Y61.528 E.01253
G1 X100.33 Y66.318 E.22852
G1 X100.809 Y66.446 E.02285
G1 X99.526 Y61.656 E.22852
G1 X100.005 Y61.785 E.02285
G1 X101.288 Y66.575 E.22852
G1 X101.767 Y66.703 E.02285
G1 X100.484 Y61.913 E.22852
G1 X100.963 Y62.041 E.02285
G1 X102.246 Y66.831 E.22852
G1 X102.725 Y66.96 E.02285
G1 X101.442 Y62.17 E.22852
G1 X101.921 Y62.298 E.02285
G1 X103.204 Y67.088 E.22852
G1 X103.232 Y67.096 E.00132
G1 X102.974 Y65.651 E.06761
G1 X103.244 Y65.579 E.0129
G1 X102.4 Y62.426 E.15038
G1 X102.879 Y62.555 E.02285
G1 X103.659 Y65.467 E.13896
G1 X104.074 Y65.356 E.01979
G1 X103.358 Y62.683 E.12753
G1 X103.837 Y62.811 E.02285
G1 X104.489 Y65.245 E.11611
G1 X104.904 Y65.134 E.01979
G1 X104.316 Y62.94 E.10468
G1 X104.795 Y63.068 E.02285
G1 X105.318 Y65.023 E.09325
G1 X105.733 Y64.912 E.01979
G1 X105.274 Y63.196 E.08183
G1 X105.753 Y63.325 E.02285
G1 X106.148 Y64.801 E.0704
G1 X106.244 Y64.775 E.0046
G1 X106.244 Y63.501 E.05871
G1 X106.174 Y63.238 E.01255
M204 S2000
G1 X76.619 Y74.069 F18000
M204 S500
G1 F5400
G1 X76.418 Y73.319 E.03575
M204 S2000
G1 X27.454 Y58.907 F18000
;TYPE:Sparse infill
;WIDTH:0.45
;HEIGHT:0.2
G1 F8843.478
M106 S204
G1 X27.454 Y53.035 E.19477
G1 X33.69 Y29.762 E.79922
G1 X32.737 Y29.85 E.03177
G1 X37.844 Y34.958 E.23961
G1 X38.07 Y34.828 E.00865
G1 X39.532 Y36.289 E.06855
G1 X39.832 Y36.116 E.0115
G1 X38.813 Y32.315 E.13053
G1 X27.454 Y35.358 E.39009
G1 X27.454 Y30.365 E.16562
G1 X32.438 Y29.878 E.1661
; stop printing object USV 1 e2mm.stl_5 id:1 copy 0
; end of layer_num: 7, T: 0, print_z: 1.440000
;LAYER_CHANGE
;Z:1.64
;HEIGHT:0.2
; BEFORE_LAYER_CHANGE 7 @ 1.64mm
G92 E0
; AFTER_LAYER_CHANGE 7 @ 1.64mm
; start of layer_num: 8, T: 0, print_z: 1.640000
; printing object "USV 1 e2mm.stl_6_B" id:0 copy 0
G1 E-.8 F3600
G1 X176.679 Y116.219 Z1.64 F18000
G1 E.8 F3600
M204 S1000
;TYPE:Outer wall
;WIDTH:0.42
G1 F3000
G1 X176.679 Y184.78 E2.10668
G1 X176.679 Y199.008 E.43721
G1 X163.261 Y198.905 E.41232
G1 X148.483 Y198.763 E.4541
G1 X141.106 Y198.669 E.22668
G1 X126.235 Y198.439 E.457
G1 X116.281 Y198.245 E.30592
G1 X101.423 Y197.877 E.4567
G1 X86.622 Y197.381 E.45504
G1 X81.689 Y197.186 E.15169
G1 X76.793 Y196.968 E.15059
G1 X69.429 Y196.607 E.22655
G1 X62.018 Y196.187 E.22809
G1 X52.394 Y195.567 E.29632
G1 X47.584 Y195.217 E.1482
G1 X42.773 Y194.834 E.1483
G1 X37.966 Y194.425 E.14821
G1 X33.155 Y193.989 E.14843
G1 X27.097 Y193.397 E.18703
G1 X27.097 Y121.827 E2.19915
G1 X33.289 Y121.222 E.19116
G1 X42.913 Y120.376 E.29687
G1 X47.734 Y119.993 E.14859
G1 X52.56 Y119.644 E.14869
G1 X59.794 Y119.171 E.22275
G1 X67.181 Y118.739 E.22737
G1 X77.093 Y118.243 E.30496
G1 X82.028 Y118.025 E.15178
G1 X87.005 Y117.83 E.15303
G1 X96.948 Y117.48 E.30571
G1 X106.854 Y117.202 E.30451
G1 X116.736 Y116.966 E.30374
G1 X126.637 Y116.782 E.30429
G1 X136.52 Y116.616 E.3037
G1 X148.938 Y116.459 E.38161
G1 X156.428 Y116.38 E.23015
G1 X176.659 Y116.219 E.62167
M204 S2000
G1 X176.287 Y116.614 F18000
M204 S1500
;TYPE:Inner wall
;WIDTH:0.45
G1 F4800
G1 X176.287 Y184.78 E2.26118
G1 X176.287 Y198.613 E.45889
G1 X163.264 Y198.513 E.432
G1 X148.487 Y198.371 E.49021
G1 X141.112 Y198.277 E.24468
G1 X126.242 Y198.047 E.4933
G1 X116.29 Y197.853 E.3302
G1 X101.434 Y197.485 E.49295
G1 X86.636 Y196.989 E.49114
G1 X81.706 Y196.794 E.16368
G1 X76.812 Y196.576 E.16251
G1 X69.45 Y196.215 E.24449
G1 X62.042 Y195.795 E.24614
G1 X52.421 Y195.176 E.31979
G1 X47.614 Y194.826 E.1599
G1 X42.805 Y194.443 E.16002
G1 X38.001 Y194.035 E.15993
G1 X33.192 Y193.599 E.16016
G1 X27.489 Y193.041 E.19007
G1 X27.489 Y122.182 E2.35052
G1 X33.325 Y121.612 E.19451
G1 X42.946 Y120.766 E.32037
G1 X47.763 Y120.384 E.1603
G1 X52.587 Y120.035 E.16043
G1 X59.818 Y119.562 E.24038
G1 X67.202 Y119.131 E.24536
G1 X77.112 Y118.635 E.32913
G1 X82.045 Y118.417 E.16379
G1 X87.019 Y118.222 E.16514
G1 X96.96 Y117.872 E.32996
G1 X106.864 Y117.594 E.32866
G1 X116.744 Y117.358 E.32784
G1 X126.644 Y117.174 E.32845
G1 X136.525 Y117.008 E.32783
G1 X148.942 Y116.851 E.41192
G1 X156.431 Y116.772 E.24844
G1 X176.267 Y116.614 E.658
G1 E-.8 F3600
M204 S2000
G1 X175.366 Y198.443 F18000
G1 E.8 F3600
;TYPE:Internal solid infill
;WIDTH:0.420259
G1 F6000
G1 X175.954 Y197.856 E.02553
G1 X175.954 Y197.322 E.01641
G1 X175.005 Y198.27 E.04124
G1 X174.476 Y198.266 E.01628
G1 X175.954 Y196.788 E.06427
G1 X175.954 Y196.255 E.01641
G1 X173.946 Y198.262 E.0873
G1 X173.417 Y198.258 E.01628
G1 X175.954 Y195.721 E.11032
G1 X175.954 Y195.187 E.01641
G1 X172.887 Y198.254 E.13335
G1 X172.357 Y198.25 E.01628
G1 X175.954 Y194.654 E.15638
G1 X175.954 Y194.12 E.01641
G1 X171.828 Y198.246 E.17941
G1 X171.298 Y198.242 E.01628
G1 X175.954 Y193.586 E.20244
G1 X175.954 Y193.053 E.01641
G1 X170.769 Y198.238 E.22547
G1 X170.239 Y198.234 E.01628
G1 X175.954 Y192.519 E.24849
G1 X175.954 Y191.985 E.01641
G1 X169.71 Y198.23 E.27152
G1 X169.18 Y198.226 E.01628
G1 X175.954 Y191.452 E.29455
G1 X175.954 Y190.918 E.01641
G1 X168.65 Y198.221 E.31758
G1 X168.121 Y198.217 E.01628
G1 X175.954 Y190.385 E.34061
G1 X175.954 Y189.851 E.01641
G1 X167.591 Y198.213 E.36364
G1 X167.062 Y198.209 E.01628
G1 X175.954 Y189.317 E.38666
G1 X175.954 Y188.784 E.01641
G1 X166.532 Y198.205 E.40969
G1 X166.003 Y198.201 E.01628
G1 X175.954 Y188.25 E.43272
G1 X175.954 Y187.716 E.01641
G1 X165.473 Y198.197 E.45575
G1 X164.943 Y198.193 E.01628
G1 X175.954 Y187.183 E.47878
G1 X175.954 Y186.649 E.01641
G1 X164.414 Y198.189 E.50181
G1 X163.884 Y198.185 E.01628
G1 X175.954 Y186.115 E.52484
G1 X175.954 Y185.582 E.01641
G1 X163.355 Y198.181 E.54786
G1 X162.826 Y198.176 E.01626
G1 X175.954 Y185.048 E.57085
G1 X175.954 Y184.515 E.01641
G1 X162.297 Y198.171 E.59384
G1 X161.769 Y198.166 E.01625
G1 X175.954 Y183.981 E.61682
G1 X175.954 Y183.447 E.01641
G1 X161.24 Y198.161 E.63981
G1 X160.712 Y198.156 E.01625
G1 X175.954 Y182.914 E.66279
G1 X175.954 Y182.38 E.01641
G1 X160.183 Y198.151 E.68578
G1 X159.655 Y198.145 E.01625
G1 X175.954 Y181.846 E.70876
G1 X175.954 Y181.313 E.01641
G1 X159.126 Y198.14 E.73174
G1 X158.597 Y198.135 E.01625
G1 X175.954 Y180.779 E.75473
G1 X175.954 Y180.245 E.01641
G1 X158.069 Y198.13 E.77771
G1 X157.54 Y198.125 E.01625
G1 X175.954 Y179.712 E.8007
G1 X175.954 Y179.178 E.01641
G1 X157.012 Y198.12 E.82368
G1 X156.483 Y198.115 E.01625
G1 X175.954 Y178.645 E.84667
G1 X175.954 Y178.111 E.01641
G1 X155.955 Y198.11 E.86965
G1 X155.426 Y198.105 E.01625
G1 X175.954 Y177.577 E.89263
G1 X175.954 Y177.044 E.01641
G1 X154.898 Y198.1 E.91562
G1 X154.369 Y198.095 E.01625
G1 X175.954 Y176.51 E.9386
G1 X175.954 Y175.976 E.01641
G1 X153.84 Y198.09 E.96159
G1 X153.312 Y198.084 E.01625
G1 X175.954 Y175.443 E.98457
G1 X175.954 Y174.909 E.01641
G1 X152.783 Y198.079 E1.00756
G1 X152.255 Y198.074 E.01625
G1 X175.954 Y174.375 E1.03054
G1 X175.954 Y173.842 E.01641
G1 X151.726 Y198.069 E1.05352
G1 X151.198 Y198.064 E.01625
G1 X175.954 Y173.308 E1.07651
G1 X175.954 Y172.775 E.01641
G1 X150.669 Y198.059 E1.09949
G1 X150.14 Y198.054 E.01625
G1 X175.954 Y172.241 E1.12248
G1 X175.954 Y171.707 E.01641
G1 X149.612 Y198.049 E1.14546
G1 X149.083 Y198.044 E.01625
G1 X175.954 Y171.174 E1.16845
G1 X175.954 Y170.64 E.01641
G1 X148.555 Y198.039 E1.19143
G1 X148.028 Y198.032 E.01621
G1 X175.954 Y170.106 E1.21435
G1 X175.954 Y169.573 E.01641
G1 X147.501 Y198.026 E1.23726
G1 X146.974 Y198.019 E.0162
G1 X175.954 Y169.039 E1.26018
G1 X175.954 Y168.505 E.01641
G1 X146.447 Y198.012 E1.28309
G1 X145.92 Y198.005 E.0162
G1 X175.954 Y167.972 E1.306
G1 X175.954 Y167.438 E.01641
G1 X145.393 Y197.999 E1.32892
G1 X144.866 Y197.992 E.0162
G1 X175.954 Y166.905 E1.35183
G1 X175.954 Y166.371 E.01641
G1 X144.339 Y197.985 E1.37474
G1 X143.812 Y197.979 E.0162
G1 X175.954 Y165.837 E1.39766
G1 X175.954 Y165.304 E.01641
G1 X143.285 Y197.972 E1.42057
G1 X142.758 Y197.965 E.0162
G1 X175.954 Y164.77 E1.44348
G1 X175.954 Y164.236 E.01641
G1 X142.232 Y197.958 E1.4664
G1 X141.705 Y197.952 E.0162
G1 X175.954 Y163.703 E1.48931
G1 X175.954 Y163.169 E.01641
G1 X141.178 Y197.945 E1.51222
G1 X140.652 Y197.937 E.01617
G1 X175.954 Y162.635 E1.53508
G1 X175.954 Y162.102 E.01641
G1 X140.126 Y197.929 E1.55793
G1 X139.601 Y197.921 E.01616
G1 X175.954 Y161.568 E1.58078
G1 X175.954 Y161.035 E.01641
G1 X139.075 Y197.913 E1.60364
G1 X138.55 Y197.905 E.01616
G1 X175.954 Y160.501 E1.62649
G1 X175.954 Y159.967 E.01641
G1 X138.024 Y197.896 E1.64934
G1 X137.499 Y197.888 E.01616
G1 X175.954 Y159.434 E1.67219
G1 X175.954 Y158.9 E.01641
G1 X136.973 Y197.88 E1.69504
G1 X136.448 Y197.872 E.01616
G1 X175.954 Y158.366 E1.71789
G1 X175.954 Y157.833 E.01641
G1 X135.922 Y197.864 E1.74075
G1 X135.397 Y197.856 E.01616
G1 X175.954 Y157.299 E1.7636
G1 X175.954 Y156.765 E.01641
G1 X134.871 Y197.848 E1.78645
G1 X134.346 Y197.84 E.01616
G1 X175.954 Y156.232 E1.8093
G1 X175.954 Y155.698 E.01641
G1 X133.82 Y197.831 E1.83215
G1 X133.295 Y197.823 E.01616
G1 X175.954 Y155.164 E1.85501
G1 X175.954 Y154.631 E.01641
G1 X132.769 Y197.815 E1.87786
G1 X132.244 Y197.807 E.01616
G1 X175.954 Y154.097 E1.90071
G1 X175.954 Y153.564 E.01641
G1 X131.718 Y197.799 E1.92356
G1 X131.193 Y197.791 E.01616
G1 X175.954 Y153.03 E1.94641
G1 X175.954 Y152.496 E.01641
G1 X130.667 Y197.783 E1.96926
G1 X130.142 Y197.774 E.01616
G1 X175.954 Y151.963 E1.99212
G1 X175.954 Y151.429 E.01641
G1 X129.616 Y197.766 E2.01497
G1 X129.091 Y197.758 E.01616
G1 X175.954 Y150.895 E2.03782
G1 X175.954 Y150.362 E.01641
G1 X128.565 Y197.75 E2.06067
G1 X128.04 Y197.742 E.01616
G1 X175.954 Y149.828 E2.08352
G1 X175.954 Y149.294 E.01641
G1 X127.514 Y197.734 E2.10637
G1 X126.989 Y197.726 E.01616
G1 X175.954 Y148.761 E2.12923
G1 X175.954 Y148.227 E.01641
G1 X126.463 Y197.718 E2.15208
G1 X125.939 Y197.708 E.01612
G1 X175.954 Y147.694 E2.17487
G1 X175.954 Y147.16 E.01641
G1 X125.416 Y197.698 E2.19763
G1 X124.892 Y197.688 E.0161
G1 X175.954 Y146.626 E2.22039
G1 X175.954 Y146.093 E.01641
G1 X124.369 Y197.677 E2.24315
G1 X123.845 Y197.667 E.0161
G1 X175.954 Y145.559 E2.26591
G1 X175.954 Y145.025 E.01641
G1 X123.322 Y197.657 E2.28867
G1 X122.799 Y197.647 E.0161
G1 X175.954 Y144.492 E2.31143
G1 X175.954 Y143.958 E.01641
G1 X122.275 Y197.636 E2.33419
G1 X121.752 Y197.626 E.0161
G1 X175.954 Y143.424 E2.35695
G1 X175.954 Y142.891 E.01641
G1 X121.228 Y197.616 E2.37971
G1 X120.705 Y197.606 E.0161
G1 X175.954 Y142.357 E2.40247
G1 X175.954 Y141.824 E.01641
G1 X120.182 Y197.595 E2.42523
G1 X119.658 Y197.585 E.0161
G1 X175.954 Y141.29 E2.44799
G1 X175.954 Y140.756 E.01641
G1 X119.135 Y197.575 E2.47074
G1 X118.612 Y197.565 E.0161
G1 X175.954 Y140.223 E2.4935
G1 X175.954 Y139.689 E.01641
G1 X118.088 Y197.554 E2.51626
G1 X117.565 Y197.544 E.0161
G1 X175.954 Y139.155 E2.53902
G1 X175.954 Y138.622 E.01641
G1 X117.041 Y197.534 E2.56178
G1 X116.518 Y197.524 E.0161
G1 X175.954 Y138.088 E2.58454
G1 X175.954 Y137.554 E.01641
G1 X115.996 Y197.512 E2.60723
G1 X115.475 Y197.499 E.01602
G1 X175.954 Y137.021 E2.62988
G1 X175.954 Y136.487 E.01641
G1 X114.955 Y197.486 E2.65252
G1 X114.434 Y197.473 E.01602
G1 X175.954 Y135.954 E2.67517
G1 X175.954 Y135.42 E.01641
G1 X113.913 Y197.46 E2.69781
G1 X113.392 Y197.447 E.01602
G1 X175.954 Y134.886 E2.72046
G1 X175.954 Y134.353 E.01641
G1 X112.872 Y197.435 E2.7431
G1 X112.351 Y197.422 E.01602
G1 X175.954 Y133.819 E2.76574
G1 X175.954 Y133.285 E.01641
G1 X111.83 Y197.409 E2.78839
G1 X111.309 Y197.396 E.01602
G1 X175.954 Y132.752 E2.81103
G1 X175.954 Y132.218 E.01641
G1 X110.789 Y197.383 E2.83368
G1 X110.268 Y197.37 E.01602
G1 X175.954 Y131.684 E2.85632
G1 X175.954 Y131.151 E.01641
G1 X109.747 Y197.357 E2.87897
G1 X109.227 Y197.344 E.01602
G1 X175.954 Y130.617 E2.90161
G1 X175.954 Y130.084 E.01641
G1 X108.706 Y197.331 E2.92425
G1 X108.185 Y197.318 E.01602
G1 X175.954 Y129.55 E2.9469
G1 X175.954 Y129.016 E.01641
G1 X107.664 Y197.306 E2.96954
G1 X107.144 Y197.293 E.01602
G1 X175.954 Y128.483 E2.99219
G1 X175.954 Y127.949 E.01641
G1 X106.623 Y197.28 E3.01483
G1 X106.102 Y197.267 E.01602
G1 X175.954 Y127.415 E3.03748
G1 X175.954 Y126.882 E.01641
G1 X105.581 Y197.254 E3.06012
G1 X105.061 Y197.241 E.01602
G1 X175.954 Y126.348 E3.08276
G1 X175.954 Y125.814 E.01641
G1 X104.54 Y197.228 E3.10541
G1 X104.019 Y197.215 E.01602
G1 X175.954 Y125.281 E3.12805
G1 X175.954 Y124.747 E.01641
G1 X103.498 Y197.202 E3.1507
G1 X102.978 Y197.189 E.01602
G1 X175.954 Y124.213 E3.17334
G1 X175.954 Y123.68 E.01641
G1 X102.457 Y197.177 E3.19599
G1 X101.936 Y197.164 E.01602
G1 X175.954 Y123.146 E3.21863
G1 X175.954 Y122.613 E.01641
G1 X101.416 Y197.151 E3.24126
G1 X100.899 Y197.133 E.01589
G1 X175.954 Y122.079 E3.26372
G1 X175.954 Y121.545 E.01641
G1 X100.383 Y197.116 E3.28617
G1 X99.867 Y197.099 E.01589
G1 X175.954 Y121.012 E3.30862
G1 X175.954 Y120.478 E.01641
G1 X99.35 Y197.081 E3.33107
G1 X98.834 Y197.064 E.01589
G1 X175.954 Y119.944 E3.35353
G1 X175.954 Y119.411 E.01641
G1 X98.318 Y197.047 E3.37598
G1 X97.801 Y197.029 E.01589
G1 X175.954 Y118.877 E3.39843
G1 X175.954 Y118.343 E.01641
G1 X97.285 Y197.012 E3.42089
G1 X96.769 Y196.995 E.01589
G1 X175.954 Y117.81 E3.44334
G1 X175.954 Y117.276 E.01641
G1 X96.252 Y196.978 E3.46579
G1 X95.736 Y196.96 E.01589
G1 X175.744 Y116.952 E3.47915
G1 X175.207 Y116.956 E.01654
G1 X95.22 Y196.943 E3.47821
G1 X94.703 Y196.926 E.01589
G1 X174.669 Y116.96 E3.47727
G1 X174.131 Y116.965 E.01654
G1 X94.187 Y196.908 E3.47633
G1 X93.671 Y196.891 E.01589
G1 X173.593 Y116.969 E3.47539
G1 X173.055 Y116.973 E.01654
G1 X93.154 Y196.874 E3.47446
G1 X92.638 Y196.856 E.01589
G1 X172.517 Y116.977 E3.47352
G1 X171.979 Y116.982 E.01654
G1 X92.122 Y196.839 E3.47258
G1 X91.605 Y196.822 E.01589
G1 X171.441 Y116.986 E3.47164
G1 X170.903 Y116.99 E.01654
G1 X91.089 Y196.805 E3.4707
G1 X90.573 Y196.787 E.01589
G1 X170.365 Y116.995 E3.46976
G1 X169.827 Y116.999 E.01654
G1 X90.056 Y196.77 E3.46882
G1 X89.54 Y196.753 E.01589
G1 X169.289 Y117.003 E3.46788
G1 X168.751 Y117.007 E.01654
G1 X89.024 Y196.735 E3.46694
G1 X88.507 Y196.718 E.01589
G1 X168.213 Y117.012 E3.466
G1 X167.676 Y117.016 E.01654
G1 X87.991 Y196.701 E3.46507
G1 X87.475 Y196.683 E.01589
G1 X167.138 Y117.02 E3.46413
G1 X166.6 Y117.025 E.01654
G1 X86.958 Y196.666 E3.46319
G1 X86.443 Y196.648 E.01585
G1 X166.062 Y117.029 E3.4622
G1 X165.524 Y117.033 E.01654
G1 X85.93 Y196.627 E3.46113
G1 X85.416 Y196.607 E.0158
G1 X164.986 Y117.038 E3.46006
G1 X164.448 Y117.042 E.01654
G1 X84.903 Y196.587 E3.45899
G1 X84.39 Y196.566 E.0158
G1 X163.91 Y117.046 E3.45792
G1 X163.372 Y117.05 E.01654
G1 X83.876 Y196.546 E3.45685
G1 X83.363 Y196.526 E.0158
G1 X162.834 Y117.055 E3.45578
G1 X162.296 Y117.059 E.01654
G1 X82.85 Y196.506 E3.45471
G1 X82.336 Y196.485 E.0158
G1 X161.758 Y117.063 E3.45365
G1 X161.22 Y117.068 E.01654
G1 X81.823 Y196.465 E3.45258
G1 X81.312 Y196.443 E.01574
G1 X160.682 Y117.072 E3.45142
G1 X160.145 Y117.076 E.01654
G1 X80.801 Y196.42 E3.45025
G1 X80.29 Y196.397 E.01572
G1 X159.607 Y117.08 E3.44907
G1 X159.069 Y117.085 E.01654
G1 X79.779 Y196.375 E3.4479
G1 X79.268 Y196.352 E.01572
G1 X158.531 Y117.089 E3.44672
G1 X157.993 Y117.093 E.01654
G1 X78.757 Y196.329 E3.44554
G1 X78.246 Y196.306 E.01572
G1 X157.455 Y117.098 E3.44437
G1 X156.917 Y117.102 E.01654
G1 X77.735 Y196.284 E3.44319
G1 X77.224 Y196.261 E.01572
G1 X156.379 Y117.106 E3.44201
G1 X155.84 Y117.112 E.01658
G1 X76.714 Y196.238 E3.44075
G1 X76.205 Y196.213 E.01566
G1 X155.3 Y117.118 E3.43942
G1 X154.761 Y117.123 E.01658
G1 X75.697 Y196.188 E3.43809
G1 X75.188 Y196.163 E.01566
G1 X154.222 Y117.129 E3.43676
G1 X153.682 Y117.135 E.01658
G1 X74.679 Y196.138 E3.43543
G1 X74.17 Y196.113 E.01566
G1 X153.143 Y117.14 E3.4341
G1 X152.604 Y117.146 E.01658
G1 X73.662 Y196.088 E3.43276
G1 X73.153 Y196.063 E.01566
G1 X152.064 Y117.152 E3.43143
G1 X151.525 Y117.158 E.01658
G1 X72.644 Y196.038 E3.4301
G1 X72.136 Y196.013 E.01566
G1 X150.986 Y117.163 E3.42877
G1 X150.446 Y117.169 E.01658
G1 X71.627 Y195.988 E3.42744
G1 X71.118 Y195.963 E.01566
G1 X149.907 Y117.175 E3.42611
G1 X149.368 Y117.18 E.01658
G1 X70.61 Y195.938 E3.42478
G1 X70.101 Y195.913 E.01566
G1 X148.828 Y117.186 E3.42343
G1 X148.288 Y117.193 E.01662
G1 X69.592 Y195.889 E3.42205
G1 X69.086 Y195.861 E.01558
G1 X147.747 Y117.2 E3.42055
G1 X147.207 Y117.207 E.01662
G1 X68.581 Y195.832 E3.41901
G1 X68.076 Y195.804 E.01555
G1 X146.666 Y117.214 E3.41747
G1 X146.126 Y117.22 E.01662
G1 X67.571 Y195.775 E3.41592
G1 X67.066 Y195.746 E.01555
G1 X145.585 Y117.227 E3.41438
G1 X145.045 Y117.234 E.01662
G1 X66.561 Y195.718 E3.41284
G1 X66.056 Y195.689 E.01555
G1 X144.504 Y117.241 E3.4113
G1 X143.964 Y117.248 E.01662
G1 X65.551 Y195.66 E3.40976
G1 X65.046 Y195.632 E.01555
G1 X143.423 Y117.255 E3.40822
G1 X142.883 Y117.261 E.01662
G1 X64.541 Y195.603 E3.40668
G1 X64.036 Y195.575 E.01555
G1 X142.342 Y117.268 E3.40513
G1 X141.802 Y117.275 E.01662
G1 X63.531 Y195.546 E3.40359
G1 X63.026 Y195.517 E.01555
G1 X141.261 Y117.282 E3.40205
G1 X140.721 Y117.289 E.01662
G1 X62.521 Y195.489 E3.40051
G1 X62.016 Y195.46 E.01554
G1 X140.181 Y117.296 E3.39895
G1 X139.64 Y117.302 E.01662
G1 X61.515 Y195.428 E3.39725
G1 X61.013 Y195.395 E.01545
G1 X139.1 Y117.309 E3.39555
G1 X138.559 Y117.316 E.01662
G1 X60.512 Y195.363 E3.39385
G1 X60.011 Y195.331 E.01545
G1 X138.019 Y117.323 E3.39215
G1 X137.478 Y117.33 E.01662
G1 X59.509 Y195.298 E3.39045
G1 X59.008 Y195.266 E.01545
G1 X136.938 Y117.337 E3.38875
G1 X136.397 Y117.344 E.01664
G1 X58.507 Y195.234 E3.38702
G1 X58.005 Y195.202 E.01545
G1 X135.854 Y117.353 E3.38522
G1 X135.311 Y117.362 E.01669
G1 X57.504 Y195.169 E3.38342
G1 X57.003 Y195.137 E.01545
G1 X134.768 Y117.371 E3.38162
G1 X134.226 Y117.38 E.01669
G1 X56.501 Y195.105 E3.37982
G1 X56 Y195.072 E.01545
G1 X133.683 Y117.39 E3.37802
G1 X133.14 Y117.399 E.01669
G1 X55.499 Y195.04 E3.37622
G1 X54.997 Y195.008 E.01545
G1 X132.597 Y117.408 E3.37442
G1 X132.055 Y117.417 E.01669
G1 X54.496 Y194.975 E3.37262
G1 X53.995 Y194.943 E.01545
G1 X131.512 Y117.426 E3.37082
G1 X130.969 Y117.435 E.01669
G1 X53.493 Y194.911 E3.36901
G1 X52.992 Y194.879 E.01545
G1 X130.426 Y117.444 E3.36721
G1 X129.884 Y117.453 E.01669
G1 X52.491 Y194.846 E3.36541
G1 X51.993 Y194.81 E.01535
G1 X129.341 Y117.462 E3.36346
G1 X128.798 Y117.472 E.01669
G1 X51.495 Y194.774 E3.36149
G1 X50.998 Y194.738 E.01534
G1 X128.255 Y117.481 E3.35952
G1 X127.713 Y117.49 E.01669
G1 X50.5 Y194.702 E3.35755
G1 X50.003 Y194.666 E.01534
G1 X127.17 Y117.499 E3.35558
G1 X126.627 Y117.508 E.01669
G1 X49.506 Y194.63 E3.35361
G1 X49.008 Y194.593 E.01534
G1 X126.083 Y117.518 E3.3516
G1 X125.54 Y117.528 E.01672
G1 X48.511 Y194.557 E3.34958
G1 X48.013 Y194.521 E.01534
G1 X124.996 Y117.538 E3.34757
G1 X124.452 Y117.548 E.01672
G1 X47.516 Y194.484 E3.34552
G1 X47.022 Y194.445 E.01525
G1 X123.908 Y117.559 E3.34337
G1 X123.365 Y117.569 E.01672
G1 X46.528 Y194.405 E3.34122
G1 X46.034 Y194.366 E.01525
G1 X122.821 Y117.579 E3.33907
G1 X122.277 Y117.589 E.01672
G1 X45.539 Y194.327 E3.33692
G1 X45.045 Y194.287 E.01525
G1 X121.733 Y117.599 E3.33477
G1 X121.19 Y117.609 E.01672
G1 X44.551 Y194.248 E3.33262
G1 X44.056 Y194.209 E.01525
G1 X120.646 Y117.619 E3.33047
G1 X120.102 Y117.629 E.01672
G1 X43.562 Y194.169 E3.32832
G1 X43.068 Y194.13 E.01525
G1 X119.558 Y117.639 E3.32617
G1 X119.015 Y117.65 E.01672
G1 X42.575 Y194.089 E3.32397
G1 X42.083 Y194.048 E.01518
G1 X118.471 Y117.66 E3.32171
G1 X117.927 Y117.67 E.01672
G1 X41.591 Y194.006 E3.31945
G1 X41.099 Y193.964 E.01518
G1 X117.383 Y117.68 E3.31719
G1 X116.84 Y117.69 E.01672
G1 X40.608 Y193.922 E3.31493
G1 X40.116 Y193.88 E.01518
G1 X116.293 Y117.702 E3.31256
G1 X115.747 Y117.716 E.01681
G1 X39.624 Y193.838 E3.31018
G1 X39.132 Y193.796 E.01518
G1 X115.2 Y117.729 E3.30779
G1 X114.653 Y117.742 E.01681
G1 X38.64 Y193.755 E3.3054
G1 X38.149 Y193.713 E.01518
G1 X114.107 Y117.755 E3.30302
G1 X113.56 Y117.768 E.01681
G1 X37.659 Y193.669 E3.30055
G1 X37.169 Y193.625 E.01511
G1 X113.013 Y117.781 E3.29805
G1 X112.467 Y117.794 E.01681
G1 X36.757 Y193.503 E3.29221
G1 X36.644 Y193.082 E.0134
G1 X111.92 Y117.807 E3.27334
G1 X111.373 Y117.82 E.01681
G1 X36.532 Y192.662 E3.25447
G1 X36.419 Y192.241 E.0134
G1 X110.827 Y117.833 E3.2356
G1 X110.28 Y117.846 E.01681
G1 X36.306 Y191.82 E3.21673
G1 X36.193 Y191.399 E.0134
G1 X109.733 Y117.859 E3.19786
G1 X109.186 Y117.872 E.01681
G1 X36.081 Y190.978 E3.17899
G1 X35.968 Y190.557 E.0134
G1 X108.64 Y117.885 E3.16012
G1 X108.093 Y117.898 E.01681
G1 X35.855 Y190.136 E3.14125
G1 X35.742 Y189.716 E.0134
G1 X107.546 Y117.911 E3.12239
G1 X107 Y117.924 E.01681
G1 X36.331 Y188.593 E3.07302
G1 X36.218 Y188.172 E.0134
G1 X106.451 Y117.939 E3.05407
G1 X105.902 Y117.955 E.01689
G1 X36.105 Y187.752 E3.0351
G1 X35.992 Y187.331 E.0134
G1 X105.353 Y117.97 E3.01613
G1 X104.804 Y117.986 E.01689
G1 X35.88 Y186.91 E2.99716
G1 X35.767 Y186.489 E.0134
G1 X104.255 Y118.001 E2.97819
G1 X103.706 Y118.016 E.01689
G1 X35.654 Y186.068 E2.95922
G1 X35.541 Y185.647 E.0134
G1 X103.157 Y118.032 E2.94024
G1 X102.608 Y118.047 E.01689
G1 X35.429 Y185.226 E2.92127
G1 X35.316 Y184.806 E.0134
G1 X102.059 Y118.063 E2.9023
G1 X101.51 Y118.078 E.01689
G1 X35.203 Y184.385 E2.88333
G1 X35.09 Y183.964 E.0134
G1 X100.961 Y118.093 E2.86436
G1 X100.412 Y118.109 E.01689
G1 X34.978 Y183.543 E2.84539
G1 X34.865 Y183.122 E.0134
G1 X99.863 Y118.124 E2.82642
G1 X99.314 Y118.14 E.01689
G1 X34.752 Y182.701 E2.80745
G1 X34.639 Y182.28 E.0134
G1 X98.765 Y118.155 E2.78848
G1 X98.216 Y118.17 E.01689
G1 X34.526 Y181.859 E2.7695
G1 X34.414 Y181.439 E.0134
G1 X97.667 Y118.186 E2.75053
G1 X97.117 Y118.201 E.01689
G1 X34.301 Y181.018 E2.73156
G1 X34.188 Y180.597 E.0134
G1 X96.565 Y118.22 E2.71246
G1 X96.012 Y118.239 E.01702
G1 X34.075 Y180.176 E2.69331
G1 X33.963 Y179.755 E.0134
G1 X95.459 Y118.259 E2.67417
G1 X94.906 Y118.278 E.01702
G1 X33.85 Y179.334 E2.65502
G1 X33.737 Y178.913 E.0134
G1 X94.353 Y118.297 E2.63587
G1 X93.8 Y118.317 E.01702
G1 X33.624 Y178.493 E2.61672
G1 X33.512 Y178.072 E.0134
G1 X34.549 Y177.034 E.04511
G1 X33.82 Y177.23 E.02321
G1 X33.26 Y177.789 E.02433
G1 X35.214 Y176.37 F18000
G1 F6000
G1 X35.513 Y176.071 E.01301
G1 X36.049 Y175.927 E.01708
G1 X35.966 Y175.617 E.00986
G1 X93.247 Y118.336 E2.49083
G1 X92.694 Y118.356 E.01702
G1 X35.853 Y175.196 E2.47169
G1 X35.741 Y174.775 E.0134
G1 X92.141 Y118.375 E2.45254
G1 X91.588 Y118.395 E.01702
G1 X35.628 Y174.354 E2.43339
G1 X35.515 Y173.934 E.0134
G1 X91.034 Y118.414 E2.41424
G1 X90.481 Y118.434 E.01702
G1 X35.402 Y173.513 E2.3951
G1 X35.29 Y173.092 E.0134
G1 X89.928 Y118.453 E2.37595
G1 X89.375 Y118.473 E.01702
G1 X35.177 Y172.671 E2.3568
G1 X35.064 Y172.25 E.0134
G1 X88.822 Y118.492 E2.33765
G1 X88.269 Y118.512 E.01702
G1 X34.951 Y171.829 E2.3185
G1 X34.838 Y171.408 E.0134
G1 X87.716 Y118.531 E2.29936
G1 X87.163 Y118.551 E.01702
G1 X34.891 Y170.822 E2.27301
G1 X35.087 Y170.093 E.02321
G1 X86.608 Y118.572 E2.24038
G1 X86.052 Y118.593 E.01709
G1 X35.042 Y169.604 E2.21817
G1 X35.651 Y168.461 F18000
G1 F6000
G1 X85.497 Y118.615 E2.16752
G1 X84.942 Y118.637 E.01709
G1 X35.677 Y167.901 E2.14225
G1 X35.564 Y167.481 E.0134
G1 X84.386 Y118.659 E2.123
G1 X83.831 Y118.681 E.01709
G1 X35.452 Y167.06 E2.10375
G1 X35.339 Y166.639 E.0134
G1 X83.275 Y118.702 E2.08451
G1 X82.72 Y118.724 E.01709
G1 X35.226 Y166.218 E2.06526
G1 X35.113 Y165.797 E.0134
G1 X82.165 Y118.746 E2.04601
G1 X81.607 Y118.77 E.01717
G1 X35.001 Y165.376 E2.02666
G1 X34.888 Y164.955 E.0134
G1 X81.049 Y118.795 E2.00729
G1 X80.49 Y118.819 E.01718
G1 X35.827 Y163.482 E1.94217
G1 X35.714 Y163.062 E.0134
G1 X79.932 Y118.844 E1.9228
G1 X79.374 Y118.869 E.01718
G1 X35.602 Y162.641 E1.90342
G1 X35.489 Y162.22 E.0134
G1 X78.815 Y118.893 E1.88405
G1 X78.257 Y118.918 E.01718
G1 X35.376 Y161.799 E1.86468
G1 X35.263 Y161.378 E.0134
G1 X77.699 Y118.942 E1.8453
G1 X77.141 Y118.967 E.01718
G1 X35.15 Y160.957 E1.82593
G1 X35.038 Y160.536 E.0134
G1 X76.579 Y118.995 E1.80641
G1 X76.017 Y119.023 E.01729
G1 X34.925 Y160.116 E1.78688
G1 X34.812 Y159.695 E.0134
G1 X75.455 Y119.051 E1.76736
G1 X74.894 Y119.079 E.01729
G1 X34.699 Y159.274 E1.74784
G1 X34.587 Y158.853 E.0134
G1 X74.332 Y119.108 E1.72831
G1 X73.77 Y119.136 E.01729
G1 X34.474 Y158.432 E1.70879
G1 X34.363 Y158.017 E.01321
G1 X35.518 Y157.35 E.04101
G1 X35.413 Y156.959 E.01244
G1 X73.208 Y119.164 E1.64352
G1 X72.647 Y119.192 E.01729
G1 X35.3 Y156.538 E1.624
G1 X35.187 Y156.117 E.0134
G1 X72.085 Y119.22 E1.60448
G1 X71.523 Y119.248 E.01729
G1 X35.075 Y155.697 E1.58495
G1 X34.962 Y155.276 E.0134
G1 X70.961 Y119.276 E1.56543
G1 X70.4 Y119.304 E.01729
G1 X34.849 Y154.855 E1.54591
G1 X34.736 Y154.434 E.0134
G1 X69.838 Y119.332 E1.52638
G1 X69.276 Y119.361 E.01729
G1 X34.624 Y154.013 E1.50686
G1 X34.511 Y153.592 E.0134
G1 X68.714 Y119.389 E1.48734
G1 X68.153 Y119.417 E.01729
G1 X34.398 Y153.171 E1.46781
G1 X34.285 Y152.751 E.0134
G1 X67.591 Y119.445 E1.44829
G1 X67.028 Y119.475 E.01735
G1 X35.225 Y151.278 E1.38295
G1 X35.112 Y150.857 E.0134
G1 X66.461 Y119.508 E1.3632
G1 X65.894 Y119.541 E.01746
G1 X34.999 Y150.436 E1.34346
G1 X34.886 Y150.015 E.0134
G1 X65.327 Y119.574 E1.32372
G1 X64.76 Y119.607 E.01746
G1 X34.773 Y149.594 E1.30398
G1 X34.661 Y149.173 E.0134
G1 X64.194 Y119.64 E1.28423
G1 X63.627 Y119.673 E.01746
G1 X34.548 Y148.752 E1.26449
G1 X34.435 Y148.332 E.0134
G1 X63.06 Y119.707 E1.24475
G1 X62.493 Y119.74 E.01746
G1 X34.322 Y147.911 E1.22501
G1 X34.21 Y147.49 E.0134
G1 X61.927 Y119.773 E1.20526
G1 X61.36 Y119.806 E.01746
G1 X34.097 Y147.069 E1.18552
G1 X33.984 Y146.648 E.0134
G1 X60.793 Y119.839 E1.16578
G1 X60.226 Y119.872 E.01746
G1 X33.871 Y146.227 E1.14604
G1 X33.759 Y145.806 E.0134
G1 X59.658 Y119.907 E1.12624
G1 X59.087 Y119.944 E.01759
G1 X33.646 Y145.386 E1.10631
G1 X33.533 Y144.965 E.0134
G1 X58.516 Y119.981 E1.08639
G1 X57.945 Y120.019 E.01759
G1 X33.42 Y144.544 E1.06646
G1 X33.307 Y144.123 E.0134
G1 X57.374 Y120.056 E1.04654
G1 X56.803 Y120.093 E.01759
G1 X33.195 Y143.702 E1.02662
G1 X33.082 Y143.281 E.0134
G1 X56.232 Y120.131 E1.00669
G1 X55.661 Y120.168 E.01759
G1 X32.969 Y142.86 E.98677
G1 X32.856 Y142.439 E.0134
G1 X55.09 Y120.205 E.96684
G1 X54.519 Y120.243 E.01759
G1 X32.744 Y142.019 E.94692
G1 X32.631 Y141.598 E.0134
G1 X53.948 Y120.28 E.92699
G1 X53.378 Y120.317 E.01759
G1 X32.518 Y141.177 E.90707
G1 X32.405 Y140.756 E.0134
G1 X33.054 Y140.108 E.02819
G1 X32.735 Y139.892 E.01182
G1 X32.292 Y140.335 E.01926
G1 X32.18 Y139.914 E.0134
G1 X32.539 Y139.555 E.01564
G1 X33.686 Y139.475 F18000
G1 F6000
G1 X52.807 Y120.355 E.83145
G1 X52.233 Y120.395 E.01769
G1 X34.396 Y138.231 E.77561
G1 X34.284 Y137.81 E.0134
G1 X51.658 Y120.436 E.7555
G1 X51.082 Y120.478 E.01773
G1 X34.171 Y137.389 E.73539
G1 X34.058 Y136.969 E.0134
G1 X50.507 Y120.52 E.71528
G1 X49.932 Y120.561 E.01773
G1 X33.945 Y136.548 E.69517
G1 X33.833 Y136.127 E.0134
G1 X49.357 Y120.603 E.67506
G1 X48.781 Y120.644 E.01773
G1 X33.72 Y135.706 E.65495
G1 X33.607 Y135.285 E.0134
G1 X48.206 Y120.686 E.63484
G1 X47.63 Y120.729 E.01777
G1 X33.494 Y134.864 E.61468
G1 X33.382 Y134.443 E.0134
G1 X47.05 Y120.775 E.59437
G1 X46.47 Y120.821 E.01788
G1 X33.269 Y134.022 E.57407
G1 X33.156 Y133.602 E.0134
G1 X45.891 Y120.867 E.55377
G1 X45.311 Y120.913 E.01788
G1 X33.043 Y133.181 E.53347
G1 X32.93 Y132.76 E.0134
G1 X44.731 Y120.959 E.51316
G1 X44.152 Y121.005 E.01788
G1 X32.818 Y132.339 E.49286
G1 X32.705 Y131.918 E.0134
G1 X43.572 Y121.051 E.47256
G1 X42.992 Y121.097 E.01788
G1 X32.856 Y131.234 E.44079
G1 X33.051 Y130.505 E.02321
G1 X42.408 Y121.148 E.40686
G1 X41.822 Y121.2 E.01806
G1 X33.246 Y129.776 E.37293
G1 X33.442 Y129.047 E.02321
G1 X41.237 Y121.251 E.33899
G1 X40.652 Y121.303 E.01806
G1 X33.637 Y128.318 E.30506
G1 X33.665 Y128.213 E.00333
G1 X33.644 Y127.778 E.0134
G1 X40.067 Y121.354 E.27934
G1 X39.482 Y121.405 E.01806
G1 X33.618 Y127.269 E.25499
G1 X33.593 Y126.761 E.01565
G1 X38.897 Y121.457 E.23064
G1 X38.312 Y121.508 E.01806
G1 X33.794 Y126.026 E.19647
G1 X33.681 Y125.605 E.0134
G1 X37.727 Y121.56 E.17593
G1 X37.142 Y121.611 E.01806
G1 X33.568 Y125.185 E.1554
G1 X33.456 Y124.764 E.0134
G1 X36.557 Y121.662 E.13486
G1 X35.972 Y121.714 E.01806
G1 X33.343 Y124.343 E.11432
G1 X33.23 Y123.922 E.0134
G1 X35.387 Y121.765 E.09378
G1 X34.802 Y121.817 E.01806
G1 X33.117 Y123.501 E.07325
G1 X33.005 Y123.08 E.0134
G1 X34.217 Y121.868 E.05271
G1 X33.632 Y121.92 E.01806
G1 X32.892 Y122.659 E.03217
G1 X32.779 Y122.239 E.0134
G1 X33.232 Y121.785 E.01971
G1 X33.921 Y152.047 F18000
G1 F6000
G1 X34.1 Y151.868 E.00779
G1 X34.829 Y151.673 E.02321
G1 X34.034 Y152.468 E.03459
G1 X35.294 Y164.016 F18000
G1 F6000
G1 X34.637 Y164.673 E.02857
G1 X27.983 Y192.922 F18000
M204 S500
;TYPE:Internal Bridge
;WIDTH:0.379473
;HEIGHT:0.379473
G1 F5400
M106 S255
G1 X27.849 Y192.424 E.02378
G1 X27.849 Y190.764 E.07646
G1 X28.386 Y192.768 E.09556
G1 X28.842 Y192.812 E.02114
G1 X27.849 Y189.105 E.17685
G1 X27.849 Y187.446 E.07646
G1 X29.299 Y192.857 E.25814
G1 X29.755 Y192.902 E.02114
G1 X27.849 Y185.786 E.33943
G1 X27.849 Y184.127 E.07646
G1 X30.212 Y192.946 E.42073
G1 X30.669 Y192.991 E.02114
G1 X27.849 Y182.468 E.50202
G1 X27.849 Y180.808 E.07646
G1 X31.125 Y193.036 E.58331
G1 X31.582 Y193.08 E.02114
G1 X27.849 Y179.149 E.6646
G1 X27.849 Y177.49 E.07646
G1 X32.038 Y193.125 E.74589
G1 X32.495 Y193.17 E.02114
G1 X27.849 Y175.83 E.82718
G1 X27.849 Y174.171 E.07646
G1 X32.952 Y193.214 E.90847
G1 X33.408 Y193.258 E.02112
G1 X27.849 Y172.512 E.9897
G1 X27.849 Y170.852 E.07646
G1 X33.863 Y193.299 E1.07083
G1 X34.319 Y193.34 E.02108
G1 X27.849 Y169.193 E1.15196
G1 X27.849 Y167.533 E.07646
G1 X34.775 Y193.381 E1.23309
G1 X35.231 Y193.423 E.02108
G1 X27.849 Y165.874 E1.31422
G1 X27.849 Y164.215 E.07646
G1 X35.686 Y193.464 E1.39535
G1 X36.142 Y193.505 E.02108
G1 X27.849 Y162.555 E1.47648
G1 X27.849 Y160.896 E.07646
G1 X35.389 Y189.035 E1.34238
G1 X35.804 Y188.924 E.01979
G1 X27.849 Y159.237 E1.41624
G1 X27.849 Y157.577 E.07646
G1 X33.058 Y177.016 E.92735
G1 X33.472 Y176.905 E.01979
G1 X27.849 Y155.918 E1.00121
G1 X27.849 Y154.259 E.07646
G1 X33.887 Y176.794 E1.07507
G1 X34.302 Y176.683 E.01979
G1 X27.849 Y152.599 E1.14893
G1 X27.849 Y150.94 E.07646
G1 X34.717 Y176.572 E1.22278
G1 X34.923 Y176.516 E.00985
G1 X35.043 Y176.13 E.01864
G1 X27.849 Y149.281 E1.28087
G1 X27.849 Y147.621 E.07646
G1 X35.37 Y175.691 E1.33909
G1 X35.555 Y175.642 E.00882
G1 X34.369 Y171.214 E.21123
G1 X34.492 Y170.754 E.02193
G1 X27.849 Y145.962 E1.18272
G1 X27.849 Y144.302 E.07646
G1 X34.714 Y169.924 E1.2223
G1 X34.937 Y169.095 E.03958
G1 X27.849 Y142.643 E1.26188
G1 X27.849 Y140.984 E.07646
G1 X35.251 Y168.608 E1.31781
G1 X35.436 Y168.558 E.00882
G1 X34.23 Y164.059 E.21462
G1 X34.46 Y163.997 E.01097
G1 X27.849 Y139.324 E1.17704
G1 X27.849 Y137.665 E.07646
G1 X34.875 Y163.886 E1.2509
G1 X35.29 Y163.775 E.01979
G1 X27.849 Y136.006 E1.32476
G1 X27.849 Y134.346 E.07646
G1 X34.106 Y157.699 E1.11407
G1 X34.491 Y157.477 E.02049
G1 X27.849 Y132.687 E1.18262
G1 X27.849 Y131.028 E.07646
G1 X34.876 Y157.255 E1.25118
G1 X35.048 Y157.156 E.00914
G1 X33.558 Y151.596 E.26523
G1 X33.788 Y151.534 E.01097
G1 X27.849 Y129.368 E1.05744
G1 X27.849 Y127.709 E.07646
G1 X34.203 Y151.423 E1.1313
G1 X34.618 Y151.312 E.01979
G1 X27.849 Y126.05 E1.20516
G1 X27.849 Y124.39 E.07646
G1 X31.872 Y139.405 E.71627
G1 X32.287 Y139.293 E.01979
G1 X27.849 Y122.731 E.79013
G1 X27.849 Y122.508 E.01025
G1 X28.224 Y122.472 E.01737
G1 X32.767 Y139.427 E.80886
G1 X33.281 Y139.775 E.02859
G1 X33.296 Y139.743 E.00164
G1 X28.657 Y122.429 E.82594
G1 X29.091 Y122.387 E.02006
G1 X33.583 Y139.153 E.79982
G1 X33.87 Y138.563 E.03022
G1 X29.524 Y122.345 E.7737
G1 X29.957 Y122.302 E.02006
G1 X32.394 Y131.398 E.4339
G1 X32.617 Y130.568 E.03958
G1 X30.39 Y122.26 E.39634
G1 X30.824 Y122.218 E.02006
G1 X32.839 Y129.738 E.35878
G1 X33.061 Y128.909 E.03958
G1 X31.257 Y122.175 E.32122
G1 X31.69 Y122.133 E.02006
G1 X33.248 Y127.947 E.27735
G1 X33.172 Y126.413 E.07076
G1 X33.274 Y126.386 E.00488
G1 X32.073 Y121.901 E.21392
; stop printing object USV 1 e2mm.stl_6_B id:0 copy 0
; printing object "USV 1 e2mm.stl_5" id:1 copy 0
M204 S2000
G1 E-.8 F3600
G1 X175.913 Y23.742 F18000
G1 E.8 F3600
M204 S1000
;TYPE:Outer wall
;WIDTH:0.42
;HEIGHT:0.2
G1 F3000
M106 S204
G1 X175.913 Y106.532 E2.54393
G1 X155.659 Y106.374 E.62236
G1 X148.169 Y106.291 E.23017
G1 X140.687 Y106.197 E.22993
G1 X125.869 Y105.972 E.45537
G1 X115.968 Y105.784 E.3043
G1 X106.086 Y105.547 E.30373
G1 X101.15 Y105.416 E.15171
G1 X91.205 Y105.104 E.30574
G1 X86.236 Y104.92 E.15277
G1 X81.26 Y104.725 E.15304
G1 X76.325 Y104.507 E.15178
G1 X66.412 Y104.011 E.30497
G1 X59.025 Y103.579 E.22736
G1 X51.792 Y103.106 E.22274
G1 X42.144 Y102.373 E.29731
G1 X32.52 Y101.529 E.29685
G1 X26.337 Y100.924 E.19089
G1 X26.337 Y29.352 E2.19921
G1 X32.387 Y28.761 E.18678
G1 X37.197 Y28.317 E.14845
G1 X46.815 Y27.532 E.29651
G1 X51.626 Y27.183 E.14819
G1 X61.25 Y26.567 E.29633
G1 X68.661 Y26.142 E.2281
G1 X76.025 Y25.782 E.22655
G1 X80.921 Y25.565 E.15059
G1 X85.854 Y25.37 E.15171
G1 X90.792 Y25.185 E.15182
G1 X100.654 Y24.877 E.3032
G1 X105.59 Y24.742 E.15171
G1 X115.513 Y24.506 E.305
G1 X125.467 Y24.31 E.30592
G1 X140.338 Y24.081 E.457
G1 X147.715 Y23.991 E.2267
G1 X155.103 Y23.908 E.22704
G1 X175.893 Y23.742 E.63883
M204 S2000
G1 X175.521 Y24.137 F18000
M204 S1500
;TYPE:Inner wall
;WIDTH:0.45
G1 F4800
G1 X175.521 Y106.137 E2.7201
G1 X155.663 Y105.982 E.65874
G1 X148.174 Y105.899 E.24845
G1 X140.692 Y105.805 E.2482
G1 X125.876 Y105.58 E.49155
G1 X115.976 Y105.392 E.32845
G1 X106.095 Y105.155 E.32786
G1 X101.161 Y105.024 E.16372
G1 X91.218 Y104.712 E.33001
G1 X86.251 Y104.528 E.16487
G1 X81.276 Y104.333 E.16516
G1 X76.343 Y104.115 E.16379
G1 X66.433 Y103.619 E.32914
G1 X59.05 Y103.188 E.24535
G1 X51.819 Y102.715 E.24035
G1 X42.175 Y101.983 E.32083
G1 X32.557 Y101.138 E.32029
G1 X26.729 Y100.569 E.19423
G1 X26.729 Y29.708 E2.35059
G1 X32.424 Y29.151 E.18981
G1 X37.231 Y28.708 E.16015
G1 X46.845 Y27.923 E.31997
G1 X51.652 Y27.574 E.15987
G1 X61.273 Y26.959 E.31981
G1 X68.681 Y26.534 E.24614
G1 X76.043 Y26.174 E.24449
G1 X80.937 Y25.956 E.16251
G1 X90.805 Y25.576 E.32757
G1 X100.666 Y25.268 E.32726
G1 X105.6 Y25.134 E.16372
G1 X115.521 Y24.898 E.32921
G1 X125.474 Y24.702 E.33021
G1 X140.343 Y24.473 E.49331
G1 X147.719 Y24.383 E.24469
G1 X155.107 Y24.3 E.24508
G1 X175.501 Y24.137 E.67652
M204 S2000
G1 X174.599 Y105.966 F18000
;TYPE:Internal solid infill
;WIDTH:0.420827
G1 F6000
G1 X175.188 Y105.378 E.02562
G1 X175.188 Y104.844 E.01646
G1 X174.238 Y105.794 E.04138
G1 X173.707 Y105.79 E.01633
G1 X175.188 Y104.309 E.06447
G1 X175.188 Y103.775 E.01646
G1 X173.177 Y105.786 E.08757
G1 X172.647 Y105.781 E.01633
G1 X175.188 Y103.24 E.11066
G1 X175.188 Y102.706 E.01646
G1 X172.116 Y105.777 E.13376
G1 X171.586 Y105.773 E.01633
G1 X175.188 Y102.171 E.15685
G1 X175.188 Y101.637 E.01646
G1 X171.056 Y105.769 E.17994
G1 X170.526 Y105.765 E.01633
G1 X175.188 Y101.103 E.20304
G1 X175.188 Y100.568 E.01646
G1 X169.995 Y105.761 E.22613
G1 X169.465 Y105.756 E.01633
G1 X175.188 Y100.034 E.24923
G1 X175.188 Y99.499 E.01646
G1 X168.935 Y105.752 E.27232
G1 X168.404 Y105.748 E.01633
G1 X175.188 Y98.965 E.29542
G1 X175.188 Y98.43 E.01646
G1 X167.874 Y105.744 E.31851
G1 X167.344 Y105.74 E.01633
G1 X175.188 Y97.896 E.3416
G1 X175.188 Y97.361 E.01646
G1 X166.814 Y105.736 E.3647
G1 X166.283 Y105.732 E.01633
G1 X175.188 Y96.827 E.38779
G1 X175.188 Y96.293 E.01646
G1 X165.753 Y105.727 E.41089
G1 X165.223 Y105.723 E.01633
G1 X175.188 Y95.758 E.43398
G1 X175.188 Y95.224 E.01646
G1 X164.692 Y105.719 E.45707
G1 X164.162 Y105.715 E.01633
G1 X175.188 Y94.689 E.48017
G1 X175.188 Y94.155 E.01646
G1 X163.632 Y105.711 E.50326
G1 X163.102 Y105.707 E.01633
G1 X175.188 Y93.62 E.52636
G1 X175.188 Y93.086 E.01646
G1 X162.571 Y105.702 E.54945
G1 X162.041 Y105.698 E.01633
G1 X175.188 Y92.552 E.57254
G1 X175.188 Y92.017 E.01646
G1 X161.511 Y105.694 E.59564
G1 X160.98 Y105.69 E.01633
G1 X175.188 Y91.483 E.61873
G1 X175.188 Y90.948 E.01646
G1 X160.45 Y105.686 E.64183
G1 X159.92 Y105.682 E.01633
G1 X175.188 Y90.414 E.66492
G1 X175.188 Y89.879 E.01646
G1 X159.39 Y105.678 E.68802
G1 X158.859 Y105.673 E.01633
G1 X175.188 Y89.345 E.71111
G1 X175.188 Y88.81 E.01646
G1 X158.329 Y105.669 E.7342
G1 X157.799 Y105.665 E.01633
G1 X175.188 Y88.276 E.7573
G1 X175.188 Y87.742 E.01646
G1 X157.268 Y105.661 E.78039
G1 X156.738 Y105.657 E.01633
G1 X175.188 Y87.207 E.80349
G1 X175.188 Y86.673 E.01646
G1 X156.208 Y105.653 E.82658
G1 X155.678 Y105.648 E.01633
G1 X175.188 Y86.138 E.84967
G1 X175.188 Y85.604 E.01646
G1 X155.149 Y105.643 E.8727
G1 X154.62 Y105.637 E.01628
G1 X175.188 Y85.069 E.89572
G1 X175.188 Y84.535 E.01646
G1 X154.092 Y105.631 E.91874
G1 X153.563 Y105.625 E.01628
G1 X175.188 Y84 E.94176
G1 X175.188 Y83.466 E.01646
G1 X153.035 Y105.619 E.96478
G1 X152.506 Y105.613 E.01628
G1 X175.188 Y82.932 E.9878
G1 X175.188 Y82.397 E.01646
G1 X151.977 Y105.608 E1.01082
G1 X151.449 Y105.602 E.01628
G1 X175.188 Y81.863 E1.03384
G1 X175.188 Y81.328 E.01646
G1 X150.92 Y105.596 E1.05686
G1 X150.392 Y105.59 E.01628
G1 X175.188 Y80.794 E1.07988
G1 X175.188 Y80.259 E.01646
G1 X149.863 Y105.584 E1.10289
G1 X149.334 Y105.578 E.01628
G1 X175.188 Y79.725 E1.12591
G1 X175.188 Y79.191 E.01646
G1 X148.806 Y105.572 E1.14893
G1 X148.277 Y105.566 E.01628
G1 X175.188 Y78.656 E1.17195
G1 X175.188 Y78.122 E.01646
G1 X147.749 Y105.56 E1.19495
G1 X147.222 Y105.553 E.01625
G1 X175.188 Y77.587 E1.21793
G1 X175.188 Y77.053 E.01646
G1 X146.694 Y105.547 E1.24092
G1 X146.166 Y105.54 E.01626
G1 X175.188 Y76.518 E1.26391
G1 X175.188 Y75.984 E.01646
G1 X145.638 Y105.533 E1.28689
G1 X145.11 Y105.527 E.01626
G1 X175.188 Y75.449 E1.30988
G1 X175.188 Y74.915 E.01646
G1 X144.582 Y105.52 E1.33286
G1 X144.055 Y105.514 E.01625
G1 X175.188 Y74.381 E1.35585
G1 X175.188 Y73.846 E.01646
G1 X143.527 Y105.507 E1.37884
G1 X142.999 Y105.5 E.01626
G1 X175.188 Y73.312 E1.40182
G1 X175.188 Y72.777 E.01646
G1 X142.471 Y105.494 E1.42481
G1 X141.943 Y105.487 E.01626
G1 X175.188 Y72.243 E1.4478
G1 X175.188 Y71.708 E.01646
G1 X141.416 Y105.48 E1.47078
G1 X140.888 Y105.474 E.01626
G1 X175.188 Y71.174 E1.49377
G1 X175.188 Y70.639 E.01646
G1 X140.361 Y105.466 E1.51672
G1 X139.834 Y105.458 E.01621
G1 X175.188 Y70.105 E1.53964
G1 X175.188 Y69.571 E.01646
G1 X139.308 Y105.45 E1.56257
G1 X138.782 Y105.442 E.01621
G1 X175.188 Y69.036 E1.5855
G1 X175.188 Y68.502 E.01646
G1 X138.255 Y105.434 E1.60842
G1 X137.729 Y105.426 E.01621
G1 X175.188 Y67.967 E1.63135
G1 X175.188 Y67.433 E.01646
G1 X137.202 Y105.418 E1.65428
G1 X136.676 Y105.41 E.01621
G1 X175.188 Y66.898 E1.67721
G1 X175.188 Y66.364 E.01646
G1 X136.149 Y105.402 E1.70013
G1 X135.623 Y105.394 E.01621
G1 X175.188 Y65.829 E1.72306
G1 X175.188 Y65.295 E.01646
G1 X135.096 Y105.386 E1.74599
G1 X134.57 Y105.378 E.01621
G1 X175.188 Y64.761 E1.76891
G1 X175.188 Y64.226 E.01646
G1 X134.043 Y105.37 E1.79184
G1 X133.517 Y105.362 E.01621
G1 X175.188 Y63.692 E1.81477
G1 X175.188 Y63.157 E.01646
G1 X132.991 Y105.354 E1.83769
G1 X132.464 Y105.346 E.01621
G1 X175.188 Y62.623 E1.86062
G1 X175.188 Y62.088 E.01646
G1 X131.938 Y105.338 E1.88355
G1 X131.411 Y105.33 E.01621
G1 X175.188 Y61.554 E1.90647
G1 X175.188 Y61.02 E.01646
G1 X130.885 Y105.322 E1.9294
G1 X130.358 Y105.314 E.01621
G1 X175.188 Y60.485 E1.95233
G1 X175.188 Y59.951 E.01646
G1 X129.832 Y105.306 E1.97526
G1 X129.305 Y105.298 E.01621
G1 X175.188 Y59.416 E1.99818
G1 X175.188 Y58.882 E.01646
G1 X128.779 Y105.29 E2.02111
G1 X128.253 Y105.282 E.01621
G1 X175.188 Y58.347 E2.04404
G1 X175.188 Y57.813 E.01646
G1 X127.726 Y105.274 E2.06696
G1 X127.2 Y105.266 E.01621
G1 X175.188 Y57.278 E2.08989
G1 X175.188 Y56.744 E.01646
G1 X126.673 Y105.258 E2.11282
G1 X126.147 Y105.25 E.01621
G1 X175.188 Y56.21 E2.13574
G1 X175.188 Y55.675 E.01646
G1 X125.621 Y105.242 E2.15863
G1 X125.097 Y105.232 E.01615
G1 X175.188 Y55.141 E2.18147
G1 X175.188 Y54.606 E.01646
G1 X124.572 Y105.222 E2.20431
G1 X124.048 Y105.212 E.01615
G1 X175.188 Y54.072 E2.22715
G1 X175.188 Y53.537 E.01646
G1 X123.523 Y105.202 E2.24999
G1 X122.999 Y105.192 E.01615
G1 X175.188 Y53.003 E2.27283
G1 X175.188 Y52.468 E.01646
G1 X122.474 Y105.182 E2.29568
G1 X121.95 Y105.172 E.01615
G1 X175.188 Y51.934 E2.31852
G1 X175.188 Y51.4 E.01646
G1 X121.425 Y105.162 E2.34136
G1 X120.901 Y105.152 E.01615
G1 X175.188 Y50.865 E2.3642
G1 X175.188 Y50.331 E.01646
G1 X120.376 Y105.142 E2.38704
G1 X119.852 Y105.132 E.01615
G1 X175.188 Y49.796 E2.40988
G1 X175.188 Y49.262 E.01646
G1 X119.327 Y105.122 E2.43272
G1 X118.803 Y105.112 E.01615
G1 X175.188 Y48.727 E2.45557
G1 X175.188 Y48.193 E.01646
G1 X118.279 Y105.102 E2.47841
G1 X117.754 Y105.092 E.01615
G1 X175.188 Y47.658 E2.50125
G1 X175.188 Y47.124 E.01646
G1 X117.23 Y105.082 E2.52409
G1 X116.705 Y105.072 E.01615
G1 X175.188 Y46.59 E2.54693
G1 X175.188 Y46.055 E.01646
G1 X116.181 Y105.062 E2.56977
G1 X115.658 Y105.051 E.01611
G1 X175.188 Y45.521 E2.59254
G1 X175.188 Y44.986 E.01646
G1 X115.136 Y105.038 E2.61527
G1 X114.614 Y105.026 E.01608
G1 X175.188 Y44.452 E2.638
G1 X175.188 Y43.917 E.01646
G1 X114.092 Y105.013 E2.66073
G1 X113.57 Y105.001 E.01608
G1 X175.188 Y43.383 E2.68346
G1 X175.188 Y42.849 E.01646
G1 X113.048 Y104.988 E2.70619
G1 X112.526 Y104.976 E.01608
G1 X175.188 Y42.314 E2.72892
G1 X175.188 Y41.78 E.01646
G1 X112.004 Y104.963 E2.75165
G1 X111.482 Y104.951 E.01608
G1 X175.188 Y41.245 E2.77438
G1 X175.188 Y40.711 E.01646
G1 X110.96 Y104.938 E2.79711
G1 X110.438 Y104.926 E.01608
G1 X175.188 Y40.176 E2.81984
G1 X175.188 Y39.642 E.01646
G1 X109.917 Y104.913 E2.84257
G1 X109.395 Y104.901 E.01608
G1 X175.188 Y39.107 E2.8653
G1 X175.188 Y38.573 E.01646
G1 X108.873 Y104.888 E2.88803
G1 X108.351 Y104.876 E.01608
G1 X175.188 Y38.039 E2.91076
G1 X175.188 Y37.504 E.01646
G1 X107.829 Y104.863 E2.93349
G1 X107.307 Y104.85 E.01608
G1 X175.188 Y36.97 E2.95622
G1 X175.188 Y36.435 E.01646
G1 X106.785 Y104.838 E2.97895
G1 X106.263 Y104.825 E.01608
G1 X175.188 Y35.901 E3.00168
G1 X175.188 Y35.366 E.01646
G1 X105.742 Y104.812 E3.02437
G1 X105.221 Y104.798 E.01604
G1 X175.188 Y34.832 E3.04705
G1 X175.188 Y34.297 E.01646
G1 X104.701 Y104.784 E3.06972
G1 X104.18 Y104.771 E.01604
G1 X175.188 Y33.763 E3.09239
G1 X175.188 Y33.229 E.01646
G1 X103.66 Y104.757 E3.11507
G1 X103.139 Y104.743 E.01604
G1 X175.188 Y32.694 E3.13774
G1 X175.188 Y32.16 E.01646
G1 X102.618 Y104.729 E3.16041
G1 X102.098 Y104.715 E.01604
G1 X175.188 Y31.625 E3.18309
G1 X175.188 Y31.091 E.01646
G1 X101.577 Y104.701 E3.20576
G1 X101.057 Y104.687 E.01602
G1 X175.188 Y30.556 E3.22841
G1 X175.188 Y30.022 E.01646
G1 X100.539 Y104.671 E3.25098
G1 X100.021 Y104.655 E.01597
G1 X175.188 Y29.487 E3.27354
G1 X175.188 Y28.953 E.01646
G1 X99.502 Y104.638 E3.29611
G1 X98.984 Y104.622 E.01597
G1 X175.188 Y28.419 E3.31868
G1 X175.188 Y27.884 E.01646
G1 X98.466 Y104.606 E3.34125
G1 X97.948 Y104.59 E.01597
G1 X175.188 Y27.35 E3.36381
G1 X175.188 Y26.815 E.01646
G1 X97.43 Y104.573 E3.38638
G1 X96.911 Y104.557 E.01597
G1 X175.188 Y26.281 E3.40895
G1 X175.188 Y25.746 E.01646
G1 X96.393 Y104.541 E3.43151
G1 X95.875 Y104.525 E.01597
G1 X175.188 Y25.212 E3.45408
G1 X175.188 Y24.678 E.01646
G1 X95.357 Y104.508 E3.47665
G1 X94.839 Y104.492 E.01597
G1 X174.855 Y24.475 E3.48474
G1 X174.317 Y24.48 E.01659
G1 X94.321 Y104.476 E3.48385
G1 X93.802 Y104.46 E.01597
G1 X173.778 Y24.484 E3.48295
G1 X173.239 Y24.488 E.01659
G1 X93.284 Y104.443 E3.48206
G1 X92.766 Y104.427 E.01597
G1 X172.7 Y24.493 E3.48116
G1 X172.162 Y24.497 E.01659
G1 X92.248 Y104.411 E3.48027
G1 X91.73 Y104.395 E.01597
G1 X171.623 Y24.501 E3.47937
G1 X171.084 Y24.505 E.01659
G1 X91.211 Y104.378 E3.47847
G1 X90.696 Y104.359 E.01588
G1 X170.546 Y24.51 E3.47745
G1 X170.007 Y24.514 E.01659
G1 X90.181 Y104.34 E3.47644
G1 X89.665 Y104.321 E.01588
G1 X169.468 Y24.518 E3.47542
G1 X168.929 Y24.523 E.01659
G1 X89.15 Y104.302 E3.4744
G1 X88.635 Y104.283 E.01588
G1 X168.391 Y24.527 E3.47338
G1 X167.852 Y24.531 E.01659
G1 X88.119 Y104.264 E3.47236
G1 X87.604 Y104.245 E.01588
G1 X167.313 Y24.536 E3.47135
G1 X166.774 Y24.54 E.01659
G1 X87.089 Y104.226 E3.47033
G1 X86.573 Y104.206 E.01588
G1 X166.236 Y24.544 E3.46931
G1 X165.697 Y24.548 E.01659
G1 X86.058 Y104.187 E3.46827
G1 X85.544 Y104.167 E.01585
G1 X165.158 Y24.553 E3.46721
G1 X164.619 Y24.557 E.01659
G1 X85.03 Y104.147 E3.46614
G1 X84.515 Y104.127 E.01585
G1 X164.081 Y24.561 E3.46508
G1 X163.542 Y24.566 E.01659
G1 X84.001 Y104.106 E3.46401
G1 X83.487 Y104.086 E.01585
G1 X163.003 Y24.57 E3.46295
G1 X162.464 Y24.574 E.01659
G1 X82.973 Y104.066 E3.46188
G1 X82.458 Y104.046 E.01585
G1 X161.926 Y24.579 E3.46082
G1 X161.387 Y24.583 E.01659
G1 X81.944 Y104.026 E3.45975
G1 X81.43 Y104.006 E.01585
G1 X160.848 Y24.587 E3.45869
G1 X160.309 Y24.591 E.01659
G1 X80.917 Y103.984 E3.45755
G1 X80.405 Y103.961 E.01578
G1 X159.771 Y24.596 E3.45637
G1 X159.232 Y24.6 E.01659
G1 X79.894 Y103.938 E3.4552
G1 X79.382 Y103.916 E.01578
G1 X158.693 Y24.604 E3.45403
G1 X158.154 Y24.609 E.01659
G1 X78.87 Y103.893 E3.45286
G1 X78.358 Y103.871 E.01578
G1 X157.616 Y24.613 E3.45169
G1 X157.077 Y24.617 E.01659
G1 X77.846 Y103.848 E3.45052
G1 X77.334 Y103.825 E.01578
G1 X156.538 Y24.622 E3.44934
G1 X156 Y24.626 E.01659
G1 X76.823 Y103.803 E3.44817
G1 X76.311 Y103.78 E.01577
G1 X155.461 Y24.63 E3.44699
G1 X154.921 Y24.635 E.01661
G1 X75.802 Y103.755 E3.44567
G1 X75.293 Y103.729 E.01569
G1 X154.381 Y24.641 E3.44429
G1 X153.84 Y24.647 E.01665
G1 X74.784 Y103.704 E3.44292
G1 X74.275 Y103.678 E.01569
G1 X153.3 Y24.653 E3.44155
G1 X152.759 Y24.659 E.01665
G1 X73.766 Y103.653 E3.44017
G1 X73.257 Y103.627 E.01569
G1 X152.219 Y24.665 E3.4388
G1 X151.678 Y24.672 E.01665
G1 X72.748 Y103.602 E3.43743
G1 X72.239 Y103.576 E.01569
G1 X151.138 Y24.678 E3.43605
G1 X150.597 Y24.684 E.01665
G1 X71.73 Y103.551 E3.43468
G1 X71.221 Y103.525 E.01569
G1 X150.057 Y24.69 E3.43331
G1 X149.516 Y24.696 E.01665
G1 X70.712 Y103.5 E3.43193
G1 X70.203 Y103.474 E.01569
G1 X148.976 Y24.702 E3.43056
G1 X148.435 Y24.708 E.01665
G1 X69.694 Y103.449 E3.42918
G1 X69.185 Y103.423 E.01569
G1 X147.895 Y24.714 E3.42781
G1 X147.354 Y24.72 E.01666
G1 X68.676 Y103.398 E3.42642
G1 X68.167 Y103.373 E.01569
G1 X146.813 Y24.727 E3.42503
G1 X146.272 Y24.734 E.01666
G1 X67.658 Y103.347 E3.42363
G1 X67.149 Y103.322 E.01569
G1 X145.731 Y24.74 E3.42223
G1 X145.19 Y24.747 E.01666
G1 X66.64 Y103.296 E3.42084
G1 X66.134 Y103.268 E.01562
G1 X144.649 Y24.753 E3.41933
G1 X144.108 Y24.76 E.01666
G1 X65.629 Y103.239 E3.41776
G1 X65.124 Y103.209 E.01558
G1 X143.567 Y24.767 E3.41618
G1 X143.026 Y24.773 E.01666
G1 X64.619 Y103.18 E3.41461
G1 X64.114 Y103.15 E.01558
G1 X142.484 Y24.78 E3.41304
G1 X141.943 Y24.786 E.01666
G1 X63.609 Y103.121 E3.41146
G1 X63.104 Y103.091 E.01558
G1 X141.402 Y24.793 E3.40989
G1 X140.861 Y24.8 E.01666
G1 X62.6 Y103.061 E3.40832
G1 X62.095 Y103.032 E.01558
G1 X140.32 Y24.806 E3.40674
G1 X139.777 Y24.815 E.01672
G1 X61.59 Y103.002 E3.40509
G1 X61.085 Y102.973 E.01558
G1 X139.235 Y24.823 E3.40344
G1 X138.692 Y24.831 E.01672
G1 X60.58 Y102.943 E3.40179
G1 X60.075 Y102.914 E.01558
G1 X138.149 Y24.84 E3.40014
G1 X137.606 Y24.848 E.01672
G1 X59.57 Y102.884 E3.39849
G1 X59.065 Y102.855 E.01557
G1 X137.063 Y24.856 E3.39684
G1 X136.521 Y24.865 E.01672
G1 X58.563 Y102.822 E3.39505
G1 X58.062 Y102.789 E.01548
G1 X135.978 Y24.873 E3.39326
G1 X135.435 Y24.882 E.01672
G1 X57.56 Y102.756 E3.39146
G1 X57.059 Y102.724 E.01548
G1 X134.892 Y24.89 E3.38967
G1 X134.349 Y24.898 E.01672
G1 X56.557 Y102.691 E3.38788
G1 X56.055 Y102.658 E.01548
G1 X133.807 Y24.907 E3.38609
G1 X133.264 Y24.915 E.01672
G1 X55.554 Y102.625 E3.3843
G1 X55.052 Y102.592 E.01548
G1 X132.721 Y24.923 E3.3825
G1 X132.178 Y24.932 E.01672
G1 X54.55 Y102.56 E3.38071
G1 X54.049 Y102.527 E.01548
G1 X131.635 Y24.94 E3.37892
G1 X131.093 Y24.948 E.01672
G1 X53.547 Y102.494 E3.37713
G1 X53.045 Y102.461 E.01548
G1 X130.55 Y24.957 E3.37533
G1 X130.007 Y24.965 E.01672
G1 X52.544 Y102.428 E3.37354
G1 X52.042 Y102.396 E.01548
G1 X129.464 Y24.974 E3.37175
G1 X128.921 Y24.982 E.01672
G1 X51.543 Y102.36 E3.36983
G1 X51.047 Y102.322 E.01534
G1 X128.379 Y24.99 E3.36782
G1 X127.836 Y24.999 E.01672
G1 X50.55 Y102.284 E3.36581
G1 X50.053 Y102.247 E.01534
G1 X127.293 Y25.007 E3.36381
G1 X126.75 Y25.015 E.01672
G1 X49.557 Y102.209 E3.3618
G1 X49.06 Y102.171 E.01534
G1 X126.207 Y25.024 E3.35979
G1 X125.665 Y25.032 E.01672
G1 X48.563 Y102.134 E3.35779
G1 X48.066 Y102.096 E.01534
G1 X125.12 Y25.042 E3.35571
G1 X124.575 Y25.053 E.01679
G1 X47.57 Y102.058 E3.3536
G1 X47.073 Y102.02 E.01534
G1 X124.03 Y25.063 E3.35149
G1 X123.485 Y25.074 E.01679
G1 X46.576 Y101.983 E3.34938
G1 X46.08 Y101.945 E.01534
G1 X122.94 Y25.085 E3.34727
G1 X122.394 Y25.096 E.01679
G1 X45.583 Y101.907 E3.34516
G1 X45.086 Y101.869 E.01534
G1 X121.849 Y25.106 E3.34305
G1 X121.304 Y25.117 E.01679
G1 X44.589 Y101.832 E3.34094
G1 X44.093 Y101.794 E.01534
G1 X120.759 Y25.128 E3.33883
G1 X120.214 Y25.139 E.01679
G1 X43.596 Y101.756 E3.33672
G1 X43.099 Y101.719 E.01534
G1 X119.669 Y25.149 E3.3346
G1 X119.123 Y25.16 E.01679
G1 X42.603 Y101.681 E3.33249
G1 X42.107 Y101.642 E.01531
G1 X118.578 Y25.171 E3.33034
G1 X118.033 Y25.181 E.01679
G1 X41.616 Y101.599 E3.32799
G1 X41.124 Y101.556 E.01519
G1 X117.488 Y25.192 E3.32565
G1 X116.943 Y25.203 E.01679
G1 X40.633 Y101.513 E3.3233
G1 X40.415 Y101.494 E.00673
G1 X40.352 Y101.259 E.00749
G1 X116.397 Y25.214 E3.31178
G1 X115.852 Y25.224 E.01679
G1 X40.239 Y100.837 E3.29295
G1 X40.127 Y100.416 E.01344
G1 X115.306 Y25.236 E3.27409
G1 X114.759 Y25.249 E.01686
G1 X40.014 Y99.994 E3.25516
G1 X39.901 Y99.573 E.01344
G1 X114.211 Y25.262 E3.23624
G1 X113.664 Y25.275 E.01686
G1 X39.788 Y99.151 E3.21732
G1 X39.675 Y98.73 E.01344
G1 X113.116 Y25.288 E3.19839
G1 X112.569 Y25.301 E.01686
G1 X39.562 Y98.308 E3.17947
G1 X39.449 Y97.887 E.01344
G1 X112.021 Y25.314 E3.16055
G1 X111.474 Y25.327 E.01686
G1 X39.336 Y97.465 E3.14162
G1 X39.223 Y97.044 E.01344
G1 X110.927 Y25.34 E3.1227
G1 X110.379 Y25.353 E.01686
G1 X39.11 Y96.622 E3.10378
G1 X38.997 Y96.201 E.01344
G1 X39.779 Y95.419 E.03403
G1 X40.086 Y95.112 F18000
G1 F6000
G1 X109.832 Y25.366 E3.03744
G1 X109.284 Y25.379 E.01686
G1 X40.112 Y94.552 E3.01248
G1 X39.999 Y94.13 E.01344
G1 X108.737 Y25.392 E2.99356
G1 X108.189 Y25.405 E.01686
G1 X39.886 Y93.709 E2.97463
G1 X39.773 Y93.287 E.01344
G1 X107.642 Y25.418 E2.95571
G1 X107.094 Y25.431 E.01686
G1 X39.66 Y92.866 E2.93679
G1 X39.547 Y92.444 E.01344
G1 X106.547 Y25.444 E2.91786
G1 X105.999 Y25.457 E.01686
G1 X39.434 Y92.023 E2.89894
G1 X39.321 Y91.601 E.01344
G1 X105.451 Y25.471 E2.87999
G1 X104.902 Y25.486 E.01693
G1 X39.208 Y91.18 E2.86098
G1 X39.095 Y90.758 E.01344
G1 X104.352 Y25.501 E2.84197
G1 X103.803 Y25.516 E.01693
G1 X38.982 Y90.337 E2.82296
G1 X38.869 Y89.915 E.01344
G1 X103.253 Y25.531 E2.80395
G1 X102.704 Y25.546 E.01693
G1 X38.756 Y89.494 E2.78494
G1 X38.643 Y89.072 E.01344
G1 X102.155 Y25.561 E2.76593
G1 X101.605 Y25.576 E.01693
G1 X38.392 Y88.789 E2.75295
G1 X39.682 Y86.965 F18000
G1 F6000
G1 X101.056 Y25.591 E2.67285
G1 X100.505 Y25.607 E.01695
G1 X39.707 Y86.405 E2.64778
G1 X39.594 Y85.984 E.01344
G1 X99.954 Y25.624 E2.62867
G1 X99.402 Y25.641 E.017
G1 X39.481 Y85.562 E2.60956
G1 X39.368 Y85.141 E.01344
G1 X98.85 Y25.659 E2.59046
G1 X98.299 Y25.676 E.017
G1 X39.255 Y84.719 E2.57135
G1 X39.142 Y84.298 E.01344
G1 X97.747 Y25.693 E2.55224
G1 X97.195 Y25.71 E.017
G1 X40.783 Y82.123 E2.45678
G1 X40.67 Y81.701 E.01344
G1 X96.644 Y25.728 E2.43767
G1 X96.092 Y25.745 E.017
G1 X40.557 Y81.28 E2.41857
G1 X40.444 Y80.858 E.01344
G1 X95.54 Y25.762 E2.39946
G1 X94.989 Y25.779 E.017
G1 X40.331 Y80.437 E2.38035
G1 X40.218 Y80.015 E.01344
G1 X94.437 Y25.796 E2.36125
G1 X93.885 Y25.814 E.017
G1 X40.105 Y79.594 E2.34214
G1 X39.992 Y79.172 E.01344
G1 X93.334 Y25.831 E2.32303
G1 X92.782 Y25.848 E.017
G1 X39.879 Y78.751 E2.30393
G1 X39.766 Y78.329 E.01344
G1 X92.23 Y25.865 E2.28482
G1 X91.679 Y25.883 E.017
G1 X39.653 Y77.908 E2.26571
G1 X39.54 Y77.486 E.01344
G1 X91.127 Y25.9 E2.24661
G1 X90.574 Y25.919 E.01705
G1 X39.428 Y77.065 E2.22742
G1 X39.315 Y76.643 E.01344
G1 X90.018 Y25.94 E2.20813
G1 X89.462 Y25.962 E.01713
G1 X39.202 Y76.222 E2.18885
G1 X39.089 Y75.8 E.01344
G1 X88.906 Y25.983 E2.16956
G1 X88.35 Y26.004 E.01713
G1 X38.976 Y75.379 E2.15027
G1 X38.863 Y74.957 E.01344
G1 X40.528 Y73.293 E.0725
G1 X40.26 Y73.025 E.01164
G1 X38.75 Y74.536 E.06578
G1 X38.637 Y74.114 E.01344
G1 X39.993 Y72.758 E.05907
G1 X39.726 Y72.491 E.01164
G1 X38.524 Y73.693 E.05235
G1 X38.411 Y73.271 E.01344
G1 X39.459 Y72.224 E.04563
G1 X39.192 Y71.956 E.01164
G1 X38.298 Y72.85 E.03891
G1 X38.185 Y72.428 E.01344
G1 X38.924 Y71.689 E.03219
G1 X38.657 Y71.422 E.01164
G1 X38.072 Y72.007 E.02547
G1 X37.959 Y71.585 E.01344
G1 X38.39 Y71.155 E.01875
G1 X38.116 Y70.895 E.01164
G1 X37.708 Y71.302 E.01776
G1 X40.586 Y70.562 F18000
G1 F6000
G1 X85.015 Y26.133 E1.93488
G1 X85.571 Y26.111 E.01713
G1 X40.777 Y70.905 E1.95078
G1 X40.808 Y71.409 E.01555
G1 X86.127 Y26.09 E1.97366
G1 X86.683 Y26.069 E.01713
G1 X40.838 Y71.913 E1.99654
G1 X40.869 Y72.417 E.01555
G1 X87.239 Y26.047 E2.01941
G1 X87.794 Y26.026 E.01713
G1 X40.739 Y73.081 E2.04927
G1 X41.203 Y69.411 F18000
G1 F6000
G1 X84.459 Y26.154 E1.88384
G1 X83.904 Y26.176 E.01713
G1 X41.228 Y68.851 E1.85852
G1 X41.115 Y68.429 E.01344
G1 X83.348 Y26.197 E1.83923
G1 X82.792 Y26.218 E.01713
G1 X41.002 Y68.008 E1.81994
G1 X40.889 Y67.586 E.01344
G1 X82.236 Y26.24 E1.80066
G1 X81.68 Y26.261 E.01713
G1 X40.776 Y67.165 E1.78137
G1 X40.663 Y66.743 E.01344
G1 X81.124 Y26.283 E1.76208
G1 X80.566 Y26.306 E.01721
G1 X40.551 Y66.322 E1.74269
G1 X40.438 Y65.9 E.01344
G1 X80.007 Y26.331 E1.72324
G1 X79.447 Y26.356 E.01724
G1 X40.325 Y65.479 E1.7038
G1 X40.212 Y65.057 E.01344
G1 X78.888 Y26.381 E1.68436
G1 X78.329 Y26.406 E.01724
G1 X40.099 Y64.636 E1.66492
G1 X39.986 Y64.214 E.01344
G1 X77.769 Y26.431 E1.64548
G1 X77.21 Y26.456 E.01724
G1 X39.873 Y63.793 E1.62604
G1 X39.76 Y63.371 E.01344
G1 X76.651 Y26.481 E1.6066
G1 X76.091 Y26.506 E.01724
G1 X39.647 Y62.95 E1.58716
G1 X39.534 Y62.528 E.01344
G1 X75.53 Y26.533 E1.56761
G1 X74.968 Y26.56 E.01732
G1 X39.421 Y62.107 E1.54806
G1 X39.308 Y61.685 E.01344
G1 X74.406 Y26.588 E1.52851
G1 X73.844 Y26.615 E.01732
G1 X39.195 Y61.264 E1.50896
G1 X39.082 Y60.842 E.01344
G1 X73.282 Y26.643 E1.4894
G1 X72.72 Y26.67 E.01732
G1 X38.969 Y60.421 E1.46985
G1 X38.95 Y60.349 E.0023
G1 X39.112 Y59.744 E.01929
G1 X72.158 Y26.698 E1.43916
G1 X71.596 Y26.725 E.01732
G1 X39.308 Y59.014 E1.40617
G1 X39.503 Y58.284 E.02328
G1 X40.487 Y57.3 E.04284
G1 X40.947 Y56.84 F18000
G1 F6000
G1 X71.034 Y26.753 E1.31033
G1 X70.472 Y26.78 E.01732
G1 X40.972 Y56.28 E1.28474
G1 X40.859 Y55.859 E.01344
G1 X69.911 Y26.808 E1.26519
G1 X69.349 Y26.835 E.01732
G1 X40.746 Y55.437 E1.24564
G1 X40.633 Y55.016 E.01344
G1 X68.787 Y26.862 E1.22608
G1 X68.221 Y26.894 E.01746
G1 X40.52 Y54.594 E1.20635
G1 X40.506 Y54.541 E.0017
G1 X40.658 Y53.976 E.018
G1 X41.205 Y53.83 E.01745
G1 X41.109 Y53.471 E.01142
G1 X67.654 Y26.927 E1.15603
G1 X67.087 Y26.959 E.01749
G1 X40.996 Y53.05 E1.13626
G1 X40.883 Y52.628 E.01344
G1 X66.52 Y26.992 E1.11649
G1 X65.953 Y27.024 E.01749
G1 X40.77 Y52.207 E1.09671
G1 X40.657 Y51.785 E.01344
G1 X65.386 Y27.057 E1.07694
G1 X64.819 Y27.089 E.01749
G1 X40.544 Y51.364 E1.05717
G1 X40.431 Y50.942 E.01344
G1 X64.252 Y27.122 E1.0374
G1 X63.685 Y27.154 E.01749
G1 X40.318 Y50.521 E1.01763
G1 X40.205 Y50.099 E.01344
G1 X63.118 Y27.187 E.99785
G1 X62.551 Y27.219 E.01749
G1 X40.092 Y49.678 E.97808
G1 X39.979 Y49.256 E.01344
G1 X61.984 Y27.252 E.95831
G1 X61.417 Y27.284 E.01749
G1 X39.867 Y48.835 E.93854
G1 X39.754 Y48.413 E.01344
G1 X60.847 Y27.32 E.91863
G1 X60.276 Y27.356 E.01762
G1 X39.641 Y47.992 E.89868
G1 X39.528 Y47.57 E.01344
G1 X59.705 Y27.393 E.87873
G1 X59.134 Y27.429 E.01762
G1 X39.415 Y47.149 E.85879
G1 X39.302 Y46.727 E.01344
G1 X58.563 Y27.466 E.83884
G1 X57.992 Y27.503 E.01762
G1 X39.189 Y46.306 E.81889
G1 X39.076 Y45.884 E.01344
G1 X39.997 Y44.964 E.0401
G1 X39.267 Y45.159 E.02327
G1 X38.824 Y45.601 E.01926
G1 X40.691 Y44.27 F18000
G1 F6000
G1 X57.421 Y27.539 E.72862
G1 X56.85 Y27.576 E.01762
G1 X40.716 Y43.71 E.70264
G1 X40.603 Y43.288 E.01344
G1 X56.279 Y27.612 E.68269
G1 X55.708 Y27.649 E.01762
G1 X40.49 Y42.867 E.66274
G1 X40.378 Y42.445 E.01344
G1 X55.137 Y27.685 E.64279
G1 X54.566 Y27.722 E.01762
G1 X40.265 Y42.024 E.62285
G1 X40.152 Y41.602 E.01344
G1 X53.995 Y27.758 E.6029
G1 X53.424 Y27.795 E.01762
G1 X40.039 Y41.181 E.58295
G1 X39.926 Y40.759 E.01344
G1 X52.853 Y27.831 E.563
G1 X52.282 Y27.868 E.01762
G1 X39.813 Y40.338 E.54306
G1 X39.7 Y39.916 E.01344
G1 X51.711 Y27.905 E.52311
G1 X51.136 Y27.946 E.01778
G1 X39.587 Y39.495 E.50295
G1 X39.474 Y39.073 E.01344
G1 X50.559 Y27.988 E.48277
G1 X49.983 Y28.03 E.01779
G1 X39.361 Y38.652 E.46259
G1 X39.248 Y38.23 E.01344
G1 X49.407 Y28.071 E.44242
G1 X48.831 Y28.113 E.01779
G1 X40.888 Y36.055 E.34588
G1 X40.776 Y35.634 E.01344
G1 X48.254 Y28.155 E.32571
G1 X47.678 Y28.197 E.01779
G1 X40.663 Y35.212 E.30553
G1 X40.55 Y34.791 E.01344
G1 X47.102 Y28.239 E.28535
G1 X46.522 Y28.284 E.0179
G1 X40.437 Y34.369 E.26503
G1 X40.324 Y33.948 E.01344
G1 X45.94 Y28.331 E.2446
G1 X45.358 Y28.379 E.01798
G1 X40.211 Y33.526 E.22418
G1 X40.098 Y33.105 E.01344
G1 X44.777 Y28.426 E.20375
G1 X44.195 Y28.474 E.01798
G1 X41.037 Y31.631 E.13752
G1 X40.924 Y31.21 E.01344
G1 X43.613 Y28.521 E.11709
G1 X43.031 Y28.569 E.01798
G1 X40.811 Y30.788 E.09667
G1 X40.698 Y30.367 E.01344
G1 X42.449 Y28.616 E.07624
G1 X41.867 Y28.664 E.01798
G1 X40.585 Y29.945 E.05582
G1 X40.472 Y29.524 E.01344
G1 X41.285 Y28.711 E.03539
G1 X40.703 Y28.759 E.01798
G1 X40.221 Y29.241 E.021
G1 X40.716 Y31.952 F18000
G1 F6000
G1 X39.846 Y32.822 E.03788
G1 X38.884 Y37.526 F18000
G1 F6000
G1 X39.093 Y37.316 E.00912
G1 X39.36 Y37.583 E.01164
G1 X38.997 Y37.947 E.01584
G1 X38.778 Y83.593 F18000
G1 F6000
G1 X39.288 Y83.083 E.02222
G1 X40.018 Y82.887 E.02327
G1 X38.891 Y84.015 E.04909
G1 X27.22 Y100.45 F18000
M204 S500
;TYPE:Internal Bridge
;WIDTH:0.379473
;HEIGHT:0.379473
G1 F5400
M106 S255
G1 X27.089 Y99.958 E.02345
G1 X27.089 Y98.299 E.07646
G1 X27.623 Y100.295 E.09523
G1 X28.08 Y100.34 E.02114
G1 X27.089 Y96.639 E.17652
G1 X27.089 Y94.98 E.07646
G1 X28.537 Y100.384 E.25781
G1 X28.993 Y100.429 E.02114
G1 X27.089 Y93.321 E.3391
G1 X27.089 Y91.661 E.07646
G1 X29.45 Y100.473 E.42038
G1 X29.906 Y100.518 E.02114
G1 X27.089 Y90.002 E.50167
G1 X27.089 Y88.343 E.07646
G1 X30.363 Y100.563 E.58296
G1 X30.82 Y100.607 E.02114
G1 X27.089 Y86.683 E.66425
G1 X27.089 Y85.024 E.07646
G1 X31.276 Y100.652 E.74554
G1 X31.733 Y100.697 E.02114
G1 X27.089 Y83.365 E.82683
G1 X27.089 Y81.705 E.07646
G1 X32.189 Y100.741 E.90812
G1 X32.646 Y100.785 E.02113
G1 X27.089 Y80.046 E.98938
G1 X27.089 Y78.387 E.07646
G1 X33.101 Y100.825 E1.07045
G1 X33.556 Y100.865 E.02106
G1 X27.089 Y76.727 E1.15151
G1 X27.089 Y75.068 E.07646
G1 X34.012 Y100.905 E1.23258
G1 X34.467 Y100.945 E.02106
G1 X27.089 Y73.408 E1.31365
G1 X27.089 Y71.749 E.07646
G1 X34.922 Y100.985 E1.39472
G1 X35.378 Y101.025 E.02106
G1 X27.089 Y70.09 E1.47578
G1 X27.089 Y68.43 E.07646
G1 X35.833 Y101.065 E1.55685
G1 X36.288 Y101.105 E.02106
G1 X27.089 Y66.771 E1.63792
G1 X27.089 Y65.112 E.07646
G1 X36.744 Y101.145 E1.71898
G1 X37.199 Y101.185 E.02106
G1 X27.089 Y63.452 E1.80005
G1 X27.089 Y61.793 E.07646
G1 X37.654 Y101.225 E1.88112
G1 X38.11 Y101.265 E.02106
G1 X27.089 Y60.134 E1.96219
G1 X27.089 Y58.474 E.07646
G1 X38.565 Y101.305 E2.04325
G1 X39.02 Y101.345 E.02106
G1 X27.089 Y56.815 E2.12432
G1 X27.089 Y55.156 E.07646
G1 X39.476 Y101.385 E2.20539
G1 X39.931 Y101.425 E.02106
G1 X27.089 Y53.496 E2.28646
G1 X27.089 Y51.837 E.07646
G1 X38.774 Y95.447 E2.08043
G1 X39.189 Y95.335 E.01979
G1 X27.089 Y50.177 E2.15429
G1 X27.089 Y48.518 E.07646
G1 X39.603 Y95.224 E2.22814
G1 X39.856 Y95.157 E.01205
G1 X37.885 Y87.801 E.35092
G1 X38.036 Y87.714 E.00801
G1 X27.089 Y46.859 E1.94901
G1 X27.089 Y45.199 E.07646
G1 X38.486 Y87.735 E2.02921
G1 X38.871 Y87.513 E.02049
G1 X27.089 Y43.54 E2.09776
G1 X27.089 Y41.881 E.07646
G1 X39.256 Y87.291 E2.16632
G1 X39.491 Y87.156 E.01247
G1 X38.355 Y82.916 E.20226
G1 X38.517 Y82.872 E.00774
G1 X27.089 Y40.221 E2.03469
G1 X27.089 Y38.562 E.07646
G1 X38.932 Y82.761 E2.10854
G1 X39.347 Y82.65 E.01979
G1 X27.089 Y36.903 E2.1824
G1 X27.089 Y35.243 E.07646
G1 X39.761 Y82.539 E2.25626
G1 X40.176 Y82.428 E.01979
G1 X27.089 Y33.584 E2.33012
G1 X27.089 Y31.925 E.07646
G1 X37.43 Y70.52 E1.84123
G1 X37.845 Y70.409 E.01979
G1 X27.089 Y30.265 E1.91509
G1 X27.089 Y30.034 E.01066
G1 X27.461 Y29.997 E.01726
G1 X38.326 Y70.544 E1.93431
G1 X38.478 Y70.672 E.00914
G1 X38.925 Y71.119 E.02913
G1 X27.895 Y29.955 E1.96376
G1 X28.328 Y29.913 E.02006
G1 X39.532 Y71.727 E1.99476
G1 X40.139 Y72.334 E.03958
G1 X28.761 Y29.87 E2.02575
G1 X29.195 Y29.828 E.02006
G1 X40.423 Y71.735 E1.99918
G1 X40.303 Y69.75 E.0916
G1 X40.334 Y69.742 E.00148
G1 X29.628 Y29.786 E1.90615
G1 X30.061 Y29.743 E.02006
G1 X40.749 Y69.631 E1.90287
G1 X41.002 Y69.563 E.01205
G1 X38.533 Y60.349 E.43958
G1 X38.619 Y60.024 E.01548
G1 X30.494 Y29.701 E1.44659
G1 X30.928 Y29.659 E.02006
G1 X38.842 Y59.195 E1.40903
G1 X39.064 Y58.365 E.03958
G1 X31.361 Y29.616 E1.37147
G1 X31.794 Y29.574 E.02006
G1 X39.296 Y57.572 E1.33566
G1 X39.451 Y57.336 E.01302
G1 X39.662 Y57.279 E.01008
G1 X32.227 Y29.531 E1.32371
G1 X32.661 Y29.49 E.02007
G1 X40.077 Y57.168 E1.32037
G1 X40.492 Y57.057 E.01979
G1 X33.095 Y29.45 E1.31698
G1 X33.529 Y29.41 E.02008
G1 X40.176 Y54.216 E1.1834
G1 X40.328 Y53.647 E.02716
G1 X40.458 Y53.612 E.00621
G1 X33.963 Y29.37 E1.15649
G1 X34.397 Y29.33 E.02008
G1 X38.576 Y44.927 E.74406
G1 X38.991 Y44.816 E.01979
G1 X34.831 Y29.29 E.74066
G1 X35.264 Y29.25 E.02008
G1 X39.405 Y44.705 E.73727
G1 X39.82 Y44.593 E.01979
G1 X35.698 Y29.21 E.73388
G1 X36.132 Y29.17 E.02008
G1 X40.235 Y44.482 E.73048
G1 X40.488 Y44.415 E.01205
G1 X38.356 Y36.459 E.37953
G1 X38.507 Y36.372 E.00801
G1 X36.566 Y29.13 E.34549
G1 X37 Y29.09 E.02008
G1 X39.036 Y36.689 E.36252
G1 X39.427 Y37.08 E.02549
G1 X39.564 Y37.001 E.00729
G1 X37.434 Y29.052 E.37923
G1 X37.869 Y29.016 E.02012
G1 X39.949 Y36.779 E.37032
G1 X40.335 Y36.556 E.02049
G1 X38.305 Y28.981 E.36141
G1 X38.74 Y28.945 E.02012
G1 X39.563 Y32.019 E.14665
G1 X39.978 Y31.908 E.01979
G1 X39.175 Y28.91 E.14304
G1 X39.61 Y28.874 E.02012
G1 X40.443 Y31.983 E.14833
; stop printing object USV 1 e2mm.stl_5 id:1 copy 0
; end of layer_num: 8, T: 0, print_z: 1.640000
;LAYER_CHANGE
;Z:1.84
;HEIGHT:0.2
; BEFORE_LAYER_CHANGE 8 @ 1.84mm
G92 E0
; AFTER_LAYER_CHANGE 8 @ 1.84mm
; start of layer_num: 9, T: 0, print_z: 1.840000
; printing object "USV 1 e2mm.stl_6_B" id:0 copy 0
M204 S2000
G1 E-.8 F3600
G1 X176.679 Y116.219 Z1.84 F18000
G1 E.8 F3600
M204 S1000
;TYPE:Outer wall
;WIDTH:0.42
G1 F3000
M106 S204
G1 X176.679 Y198.731 E2.53538
G1 X176.679 Y199.008 E.00851
G1 X163.26 Y198.905 E.41232
G1 X148.483 Y198.763 E.45409
G1 X131.212 Y198.522 E.53074
G1 X121.258 Y198.349 E.30589
G1 X116.281 Y198.244 E.15297
G1 X101.422 Y197.876 E.45671
G1 X91.561 Y197.557 E.30317
G1 X81.689 Y197.186 E.30356
G1 X76.794 Y196.968 E.15055
G1 X66.964 Y196.472 E.30243
G1 X57.206 Y195.886 E.30037
G1 X52.395 Y195.567 E.14815
G1 X47.585 Y195.217 E.14821
G1 X42.773 Y194.834 E.1483
G1 X37.968 Y194.425 E.14818
G1 X33.157 Y193.989 E.14844
G1 X27.097 Y193.396 E.18709
G1 X27.097 Y121.827 E2.19914
G1 X33.291 Y121.221 E.19123
G1 X42.915 Y120.376 E.29686
G1 X47.736 Y119.993 E.14859
G1 X52.561 Y119.644 E.14866
G1 X59.795 Y119.171 E.22275
G1 X67.182 Y118.739 E.22736
G1 X77.094 Y118.243 E.30497
G1 X82.029 Y118.025 E.15178
G1 X87.006 Y117.83 E.15303
G1 X96.948 Y117.48 E.3057
G1 X106.854 Y117.202 E.30449
G1 X116.736 Y116.966 E.30374
G1 X126.637 Y116.782 E.30429
G1 X136.519 Y116.616 E.3037
G1 X148.938 Y116.459 E.38161
G1 X156.427 Y116.38 E.23015
G1 X176.659 Y116.219 E.62167
M204 S2000
G1 X176.287 Y116.614 F18000
M204 S1500
;TYPE:Inner wall
;WIDTH:0.45
G1 F4800
G1 X176.287 Y198.613 E2.72006
G1 X163.264 Y198.513 E.432
G1 X148.487 Y198.371 E.49019
G1 X131.218 Y198.13 E.5729
G1 X121.266 Y197.957 E.33019
G1 X116.29 Y197.852 E.16509
G1 X101.434 Y197.485 E.49297
G1 X91.575 Y197.166 E.32721
G1 X81.705 Y196.794 E.32763
G1 X76.812 Y196.576 E.16246
G1 X66.986 Y196.08 E.32639
G1 X57.231 Y195.494 E.32417
G1 X52.422 Y195.176 E.15985
G1 X47.614 Y194.826 E.15991
G1 X42.805 Y194.443 E.16003
G1 X38.003 Y194.035 E.1599
G1 X33.194 Y193.599 E.16017
G1 X27.489 Y193.041 E.19014
G1 X27.489 Y122.182 E2.3505
G1 X33.327 Y121.612 E.19458
G1 X42.948 Y120.766 E.32035
G1 X47.765 Y120.384 E.16031
G1 X52.588 Y120.035 E.1604
G1 X59.819 Y119.562 E.24038
G1 X67.203 Y119.131 E.24536
G1 X77.113 Y118.635 E.32913
G1 X82.046 Y118.417 E.16379
G1 X87.02 Y118.222 E.16514
G1 X96.961 Y117.872 E.32995
G1 X106.864 Y117.594 E.32864
G1 X116.744 Y117.358 E.32784
G1 X126.644 Y117.174 E.32845
G1 X136.525 Y117.008 E.32783
G1 X148.942 Y116.851 E.41192
G1 X156.431 Y116.772 E.24844
G1 X176.267 Y116.614 E.658
G1 E-.8 F3600
M204 S2000
G1 X176.123 Y117.542 F18000
G1 E.8 F3600
;TYPE:Internal solid infill
;WIDTH:0.420252
G1 F6000
G1 X175.535 Y116.953 E.02558
G1 X175.005 Y116.958 E.01628
G1 X175.953 Y117.906 E.04122
G1 X175.953 Y118.439 E.01641
G1 X174.476 Y116.962 E.06424
G1 X173.947 Y116.966 E.01628
G1 X175.953 Y118.973 E.08726
G1 X175.953 Y119.506 E.01641
G1 X173.417 Y116.97 E.11028
G1 X172.888 Y116.974 E.01628
G1 X175.953 Y120.04 E.1333
G1 X175.953 Y120.574 E.01641
G1 X172.358 Y116.979 E.15633
G1 X171.829 Y116.983 E.01628
G1 X175.953 Y121.107 E.17935
G1 X175.953 Y121.641 E.01641
G1 X171.3 Y116.987 E.20237
G1 X170.77 Y116.991 E.01628
G1 X175.953 Y122.175 E.22539
G1 X175.953 Y122.708 E.01641
G1 X170.241 Y116.996 E.24841
G1 X169.711 Y117 E.01628
G1 X175.953 Y123.242 E.27143
G1 X175.953 Y123.775 E.01641
G1 X169.182 Y117.004 E.29445
G1 X168.653 Y117.008 E.01628
G1 X175.953 Y124.309 E.31747
G1 X175.953 Y124.843 E.01641
G1 X168.123 Y117.012 E.34049
G1 X167.594 Y117.017 E.01628
G1 X175.953 Y125.376 E.36351
G1 X175.953 Y125.91 E.01641
G1 X167.064 Y117.021 E.38653
G1 X166.535 Y117.025 E.01628
G1 X175.953 Y126.444 E.40955
G1 X175.953 Y126.977 E.01641
G1 X166.006 Y117.029 E.43257
G1 X165.476 Y117.034 E.01628
G1 X175.953 Y127.511 E.45559
G1 X175.953 Y128.044 E.01641
G1 X164.947 Y117.038 E.47861
G1 X164.417 Y117.042 E.01628
G1 X175.953 Y128.578 E.50163
G1 X175.953 Y129.112 E.01641
G1 X163.888 Y117.046 E.52465
G1 X163.359 Y117.05 E.01628
G1 X175.953 Y129.645 E.54768
G1 X175.953 Y130.179 E.01641
G1 X162.829 Y117.055 E.5707
G1 X162.3 Y117.059 E.01628
G1 X175.953 Y130.713 E.59372
G1 X175.953 Y131.246 E.01641
G1 X161.77 Y117.063 E.61674
G1 X161.241 Y117.067 E.01628
G1 X175.953 Y131.78 E.63976
G1 X175.953 Y132.313 E.01641
G1 X160.712 Y117.072 E.66278
G1 X160.182 Y117.076 E.01628
G1 X175.953 Y132.847 E.6858
G1 X175.953 Y133.381 E.01641
G1 X159.653 Y117.08 E.70882
G1 X159.123 Y117.084 E.01628
G1 X175.953 Y133.914 E.73184
G1 X175.953 Y134.448 E.01641
G1 X158.594 Y117.088 E.75486
G1 X158.065 Y117.093 E.01628
G1 X175.953 Y134.982 E.77788
G1 X175.953 Y135.515 E.01641
G1 X157.535 Y117.097 E.8009
G1 X157.006 Y117.101 E.01628
G1 X175.953 Y136.049 E.82392
G1 X175.953 Y136.582 E.01641
G1 X156.476 Y117.105 E.84694
G1 X155.948 Y117.111 E.01624
G1 X175.953 Y137.116 E.86991
G1 X175.953 Y137.65 E.01641
G1 X155.42 Y117.116 E.89287
G1 X154.892 Y117.122 E.01624
G1 X175.953 Y138.183 E.91583
G1 X175.953 Y138.717 E.01641
G1 X154.364 Y117.128 E.9388
G1 X153.836 Y117.133 E.01624
G1 X175.953 Y139.251 E.96176
G1 X175.953 Y139.784 E.01641
G1 X153.308 Y117.139 E.98472
G1 X152.78 Y117.144 E.01624
G1 X175.953 Y140.318 E1.00768
G1 X175.953 Y140.852 E.01641
G1 X152.252 Y117.15 E1.03064
G1 X151.724 Y117.155 E.01624
G1 X175.953 Y141.385 E1.05361
G1 X175.953 Y141.919 E.01641
G1 X151.196 Y117.161 E1.07657
G1 X150.668 Y117.167 E.01624
G1 X175.953 Y142.452 E1.09953
G1 X175.953 Y142.986 E.01641
G1 X150.139 Y117.172 E1.12249
G1 X149.611 Y117.178 E.01624
G1 X175.953 Y143.52 E1.14545
G1 X175.953 Y144.053 E.01641
G1 X149.083 Y117.183 E1.16842
G1 X148.556 Y117.19 E.01621
G1 X175.953 Y144.587 E1.19134
G1 X175.953 Y145.121 E.01641
G1 X148.029 Y117.196 E1.21426
G1 X147.502 Y117.203 E.0162
G1 X175.953 Y145.654 E1.23717
G1 X175.953 Y146.188 E.01641
G1 X146.975 Y117.21 E1.26009
G1 X146.448 Y117.216 E.0162
G1 X175.953 Y146.721 E1.283
G1 X175.953 Y147.255 E.01641
G1 X145.921 Y117.223 E1.30592
G1 X145.394 Y117.23 E.0162
G1 X175.953 Y147.789 E1.32883
G1 X175.953 Y148.322 E.01641
G1 X144.867 Y117.236 E1.35175
G1 X144.34 Y117.243 E.0162
G1 X175.953 Y148.856 E1.37466
G1 X175.953 Y149.39 E.01641
G1 X143.813 Y117.25 E1.39757
G1 X143.286 Y117.256 E.0162
G1 X175.953 Y149.923 E1.42049
G1 X175.953 Y150.457 E.01641
G1 X142.759 Y117.263 E1.4434
G1 X142.233 Y117.27 E.0162
G1 X175.953 Y150.99 E1.46632
G1 X175.953 Y151.524 E.01641
G1 X141.706 Y117.276 E1.48923
G1 X141.179 Y117.283 E.0162
G1 X175.953 Y152.058 E1.51215
G1 X175.953 Y152.591 E.01641
G1 X140.652 Y117.29 E1.53506
G1 X140.125 Y117.296 E.0162
G1 X175.953 Y153.125 E1.55798
G1 X175.953 Y153.659 E.01641
G1 X139.598 Y117.303 E1.58089
G1 X139.071 Y117.31 E.0162
G1 X175.953 Y154.192 E1.60381
G1 X175.953 Y154.726 E.01641
G1 X138.544 Y117.316 E1.62672
G1 X138.017 Y117.323 E.0162
G1 X175.953 Y155.259 E1.64963
G1 X175.953 Y155.793 E.01641
G1 X137.49 Y117.329 E1.67255
G1 X136.963 Y117.336 E.0162
G1 X175.953 Y156.327 E1.69546
G1 X175.953 Y156.86 E.01641
G1 X136.436 Y117.343 E1.71836
G1 X135.911 Y117.352 E.01614
G1 X175.953 Y157.394 E1.74118
G1 X175.953 Y157.928 E.01641
G1 X135.387 Y117.361 E1.764
G1 X134.862 Y117.37 E.01614
G1 X175.953 Y158.461 E1.78682
G1 X175.953 Y158.995 E.01641
G1 X134.337 Y117.378 E1.80965
G1 X133.812 Y117.387 E.01614
G1 X175.953 Y159.529 E1.83247
G1 X175.953 Y160.062 E.01641
G1 X133.287 Y117.396 E1.85529
G1 X132.763 Y117.405 E.01614
G1 X175.953 Y160.596 E1.87811
G1 X175.953 Y161.129 E.01641
G1 X132.238 Y117.414 E1.90093
G1 X131.713 Y117.423 E.01614
G1 X175.953 Y161.663 E1.92375
G1 X175.953 Y162.197 E.01641
G1 X131.188 Y117.431 E1.94657
G1 X130.663 Y117.44 E.01614
G1 X175.953 Y162.73 E1.96939
G1 X175.953 Y163.264 E.01641
G1 X130.139 Y117.449 E1.99221
G1 X129.614 Y117.458 E.01614
G1 X175.953 Y163.798 E2.01503
G1 X175.953 Y164.331 E.01641
G1 X129.089 Y117.467 E2.03785
G1 X128.564 Y117.475 E.01614
G1 X175.953 Y164.865 E2.06068
G1 X175.953 Y165.398 E.01641
G1 X128.039 Y117.484 E2.0835
G1 X127.514 Y117.493 E.01614
G1 X175.953 Y165.932 E2.10632
G1 X175.953 Y166.466 E.01641
G1 X126.99 Y117.502 E2.12914
G1 X126.465 Y117.511 E.01613
G1 X175.953 Y166.999 E2.15195
G1 X175.953 Y167.533 E.01641
G1 X125.941 Y117.521 E2.17473
G1 X125.417 Y117.53 E.01611
G1 X175.953 Y168.067 E2.19751
G1 X175.953 Y168.6 E.01641
G1 X124.893 Y117.54 E2.22029
G1 X124.37 Y117.55 E.01611
G1 X175.953 Y169.134 E2.24307
G1 X175.953 Y169.667 E.01641
G1 X123.846 Y117.56 E2.26585
G1 X123.322 Y117.569 E.01611
G1 X175.953 Y170.201 E2.28863
G1 X175.953 Y170.735 E.01641
G1 X122.798 Y117.579 E2.31141
G1 X122.274 Y117.589 E.01611
G1 X175.953 Y171.268 E2.33419
G1 X175.953 Y171.802 E.01641
G1 X121.75 Y117.599 E2.35697
G1 X121.226 Y117.608 E.01611
G1 X175.953 Y172.336 E2.37975
G1 X175.953 Y172.869 E.01641
G1 X120.702 Y117.618 E2.40254
G1 X120.178 Y117.628 E.01611
G1 X175.953 Y173.403 E2.42532
G1 X175.953 Y173.936 E.01641
G1 X119.655 Y117.638 E2.4481
G1 X119.131 Y117.647 E.01611
G1 X175.953 Y174.47 E2.47088
G1 X175.953 Y175.004 E.01641
G1 X118.607 Y117.657 E2.49366
G1 X118.083 Y117.667 E.01611
G1 X175.953 Y175.537 E2.51644
G1 X175.953 Y176.071 E.01641
G1 X117.559 Y117.676 E2.53922
G1 X117.035 Y117.686 E.01611
G1 X175.953 Y176.605 E2.562
G1 X175.953 Y177.138 E.01641
G1 X116.512 Y117.697 E2.58473
G1 X115.991 Y117.71 E.01603
G1 X175.953 Y177.672 E2.60739
G1 X175.953 Y178.205 E.01641
G1 X115.47 Y117.722 E2.63006
G1 X114.949 Y117.735 E.01603
G1 X175.953 Y178.739 E2.65272
G1 X175.953 Y179.273 E.01641
G1 X114.428 Y117.747 E2.67538
G1 X113.907 Y117.759 E.01603
G1 X175.953 Y179.806 E2.69804
G1 X175.953 Y180.34 E.01641
G1 X113.385 Y117.772 E2.72071
G1 X112.864 Y117.784 E.01603
G1 X175.953 Y180.874 E2.74337
G1 X175.953 Y181.407 E.01641
G1 X112.343 Y117.797 E2.76603
G1 X111.822 Y117.809 E.01603
G1 X175.953 Y181.941 E2.7887
G1 X175.953 Y182.475 E.01641
G1 X111.301 Y117.822 E2.81136
G1 X110.779 Y117.834 E.01603
G1 X175.953 Y183.008 E2.83402
G1 X175.953 Y183.542 E.01641
G1 X110.258 Y117.847 E2.85669
G1 X109.737 Y117.859 E.01603
G1 X175.953 Y184.075 E2.87935
G1 X175.953 Y184.609 E.01641
G1 X109.216 Y117.871 E2.90201
G1 X108.695 Y117.884 E.01603
G1 X175.953 Y185.143 E2.92468
G1 X175.953 Y185.676 E.01641
G1 X108.174 Y117.896 E2.94734
G1 X107.652 Y117.909 E.01603
G1 X175.953 Y186.21 E2.97
G1 X175.953 Y186.744 E.01641
G1 X107.131 Y117.921 E2.99266
G1 X106.611 Y117.935 E.016
G1 X175.953 Y187.277 E3.01528
G1 X175.953 Y187.811 E.01641
G1 X106.092 Y117.949 E3.03785
G1 X105.573 Y117.964 E.01597
G1 X175.953 Y188.344 E3.06042
G1 X175.953 Y188.878 E.01641
G1 X105.054 Y117.978 E3.08299
G1 X104.535 Y117.993 E.01597
G1 X175.953 Y189.412 E3.10556
G1 X175.953 Y189.945 E.01641
G1 X104.016 Y118.008 E3.12814
G1 X103.497 Y118.022 E.01597
G1 X175.953 Y190.479 E3.15071
G1 X175.953 Y191.013 E.01641
G1 X102.978 Y118.037 E3.17328
G1 X102.459 Y118.051 E.01597
G1 X175.953 Y191.546 E3.19585
G1 X175.953 Y192.08 E.01641
G1 X101.939 Y118.066 E3.21842
G1 X101.42 Y118.08 E.01597
G1 X175.953 Y192.613 E3.24099
G1 X175.953 Y193.147 E.01641
G1 X100.901 Y118.095 E3.26356
G1 X100.382 Y118.11 E.01597
G1 X175.953 Y193.681 E3.28613
G1 X175.953 Y194.214 E.01641
G1 X99.863 Y118.124 E3.3087
G1 X99.344 Y118.139 E.01597
G1 X175.953 Y194.748 E3.33127
G1 X175.953 Y195.282 E.01641
G1 X98.825 Y118.153 E3.35384
G1 X98.306 Y118.168 E.01597
G1 X175.953 Y195.815 E3.37642
G1 X175.953 Y196.349 E.01641
G1 X97.787 Y118.182 E3.39899
G1 X97.268 Y118.197 E.01597
G1 X175.953 Y196.882 E3.42156
G1 X175.953 Y197.416 E.01641
G1 X96.75 Y118.213 E3.44406
G1 X96.235 Y118.231 E.01586
G1 X175.953 Y197.95 E3.46648
G1 X175.953 Y198.277 E.01008
G1 X175.746 Y198.276 E.00638
G1 X95.719 Y118.249 E3.47987
G1 X95.204 Y118.267 E.01586
G1 X175.208 Y198.272 E3.4789
G1 X174.67 Y198.268 E.01654
G1 X94.688 Y118.286 E3.47793
G1 X94.173 Y118.304 E.01586
G1 X174.133 Y198.263 E3.47696
G1 X173.595 Y198.259 E.01654
G1 X93.657 Y118.322 E3.47599
G1 X93.142 Y118.34 E.01586
G1 X173.057 Y198.255 E3.47503
G1 X172.519 Y198.251 E.01654
G1 X92.626 Y118.358 E3.47406
G1 X92.111 Y118.376 E.01586
G1 X171.982 Y198.247 E3.47309
G1 X171.444 Y198.243 E.01654
G1 X91.596 Y118.394 E3.47212
G1 X91.08 Y118.413 E.01586
G1 X170.906 Y198.239 E3.47115
G1 X170.368 Y198.235 E.01654
G1 X90.565 Y118.431 E3.47018
G1 X90.049 Y118.449 E.01586
G1 X169.831 Y198.23 E3.46921
G1 X169.293 Y198.226 E.01654
G1 X89.534 Y118.467 E3.46825
G1 X89.018 Y118.485 E.01586
G1 X168.755 Y198.222 E3.46728
G1 X168.217 Y198.218 E.01654
G1 X88.503 Y118.503 E3.46631
G1 X87.987 Y118.521 E.01586
G1 X167.68 Y198.214 E3.46534
G1 X167.142 Y198.21 E.01654
G1 X87.472 Y118.54 E3.46437
G1 X86.956 Y118.558 E.01585
G1 X166.604 Y198.206 E3.46339
G1 X166.066 Y198.202 E.01654
G1 X86.443 Y118.578 E3.46234
G1 X85.929 Y118.598 E.0158
G1 X165.529 Y198.197 E3.46128
G1 X164.991 Y198.193 E.01654
G1 X85.416 Y118.618 E3.46023
G1 X84.902 Y118.639 E.0158
G1 X164.453 Y198.189 E3.45917
G1 X163.915 Y198.185 E.01654
G1 X84.389 Y118.659 E3.45812
G1 X83.875 Y118.679 E.0158
G1 X163.378 Y198.181 E3.45707
G1 X162.839 Y198.176 E.01656
G1 X83.362 Y118.699 E3.45598
G1 X82.848 Y118.719 E.0158
G1 X162.3 Y198.171 E3.45488
G1 X161.761 Y198.166 E.01657
G1 X82.335 Y118.739 E3.45378
G1 X81.823 Y118.76 E.01577
G1 X161.223 Y198.16 E3.45263
G1 X160.684 Y198.155 E.01657
G1 X81.311 Y118.783 E3.45142
G1 X80.8 Y118.805 E.01573
G1 X160.145 Y198.15 E3.45021
G1 X159.606 Y198.145 E.01657
G1 X80.289 Y118.828 E3.44901
G1 X79.778 Y118.851 E.01573
G1 X159.067 Y198.14 E3.4478
G1 X158.529 Y198.135 E.01657
G1 X79.267 Y118.873 E3.44659
G1 X78.756 Y118.896 E.01573
G1 X157.99 Y198.129 E3.44539
G1 X157.451 Y198.124 E.01657
G1 X78.245 Y118.918 E3.44418
G1 X77.734 Y118.941 E.01573
G1 X156.912 Y198.119 E3.44297
G1 X156.373 Y198.114 E.01657
G1 X77.223 Y118.963 E3.44177
G1 X76.714 Y118.988 E.01566
G1 X155.835 Y198.109 E3.44046
G1 X155.296 Y198.103 E.01657
G1 X76.206 Y119.014 E3.43913
G1 X75.698 Y119.039 E.01565
G1 X154.757 Y198.098 E3.4378
G1 X154.218 Y198.093 E.01657
G1 X75.19 Y119.065 E3.43647
G1 X74.681 Y119.09 E.01565
G1 X153.679 Y198.088 E3.43514
G1 X153.14 Y198.083 E.01657
G1 X74.173 Y119.116 E3.43381
G1 X73.665 Y119.141 E.01565
G1 X152.602 Y198.078 E3.43247
G1 X152.063 Y198.072 E.01657
G1 X73.157 Y119.166 E3.43114
G1 X72.649 Y119.192 E.01565
G1 X151.524 Y198.067 E3.42981
G1 X150.985 Y198.062 E.01657
G1 X72.14 Y119.217 E3.42848
G1 X71.632 Y119.243 E.01565
G1 X150.446 Y198.057 E3.42715
G1 X149.908 Y198.052 E.01657
G1 X71.124 Y119.268 E3.42582
G1 X70.616 Y119.293 E.01565
G1 X149.369 Y198.047 E3.42449
G1 X148.83 Y198.041 E.01657
G1 X70.108 Y119.319 E3.42316
G1 X69.599 Y119.344 E.01565
G1 X148.29 Y198.035 E3.42179
G1 X147.749 Y198.028 E.01664
G1 X69.091 Y119.37 E3.42036
G1 X68.583 Y119.395 E.01565
G1 X147.208 Y198.02 E3.41892
G1 X146.667 Y198.013 E.01664
G1 X68.075 Y119.421 E3.41749
G1 X67.567 Y119.446 E.01565
G1 X146.126 Y198.005 E3.41605
G1 X145.584 Y197.998 E.01664
G1 X67.06 Y119.473 E3.41456
G1 X66.556 Y119.502 E.01553
G1 X145.043 Y197.99 E3.41295
G1 X144.502 Y197.982 E.01664
G1 X66.051 Y119.532 E3.41134
G1 X65.547 Y119.561 E.01553
G1 X143.961 Y197.975 E3.40973
G1 X143.42 Y197.967 E.01664
G1 X65.043 Y119.591 E3.40812
G1 X64.539 Y119.62 E.01553
G1 X142.879 Y197.96 E3.40651
G1 X142.337 Y197.952 E.01664
G1 X64.035 Y119.65 E3.4049
G1 X63.531 Y119.679 E.01553
G1 X141.796 Y197.945 E3.40329
G1 X141.255 Y197.937 E.01664
G1 X63.026 Y119.709 E3.40168
G1 X62.522 Y119.738 E.01553
G1 X140.714 Y197.93 E3.40007
G1 X140.173 Y197.922 E.01664
G1 X62.018 Y119.768 E3.39846
G1 X61.514 Y119.797 E.01553
G1 X139.631 Y197.914 E3.39685
G1 X139.09 Y197.907 E.01664
G1 X61.01 Y119.826 E3.39524
G1 X60.506 Y119.856 E.01553
G1 X138.549 Y197.899 E3.39363
G1 X138.008 Y197.892 E.01664
G1 X60.002 Y119.885 E3.39202
G1 X59.5 Y119.917 E.01546
G1 X137.467 Y197.884 E3.39032
G1 X136.926 Y197.877 E.01664
G1 X58.999 Y119.95 E3.38856
G1 X58.498 Y119.983 E.01543
G1 X136.384 Y197.869 E3.38681
G1 X135.843 Y197.862 E.01664
G1 X57.997 Y120.015 E3.38506
G1 X57.496 Y120.048 E.01543
G1 X135.302 Y197.854 E3.38331
G1 X134.761 Y197.847 E.01664
G1 X56.995 Y120.081 E3.38155
G1 X56.494 Y120.114 E.01543
G1 X134.22 Y197.839 E3.3798
G1 X133.679 Y197.831 E.01664
G1 X55.993 Y120.146 E3.37805
G1 X55.493 Y120.179 E.01543
G1 X133.137 Y197.824 E3.3763
G1 X132.596 Y197.816 E.01664
G1 X54.992 Y120.212 E3.37455
G1 X54.491 Y120.245 E.01543
G1 X132.055 Y197.809 E3.37279
G1 X131.514 Y197.801 E.01664
G1 X53.99 Y120.277 E3.37104
G1 X53.489 Y120.31 E.01543
G1 X130.972 Y197.793 E3.36925
G1 X130.429 Y197.783 E.0167
G1 X52.988 Y120.343 E3.36742
G1 X52.488 Y120.376 E.01541
G1 X129.886 Y197.774 E3.36555
G1 X129.343 Y197.764 E.0167
G1 X51.99 Y120.412 E3.36357
G1 X51.493 Y120.448 E.01534
G1 X128.799 Y197.755 E3.3616
G1 X128.256 Y197.746 E.0167
G1 X50.995 Y120.484 E3.35962
G1 X50.498 Y120.52 E.01534
G1 X127.713 Y197.736 E3.35765
G1 X127.17 Y197.727 E.0167
G1 X50 Y120.556 E3.35567
G1 X49.502 Y120.592 E.01534
G1 X126.627 Y197.717 E3.3537
G1 X126.084 Y197.708 E.0167
G1 X49.005 Y120.628 E3.35172
G1 X48.507 Y120.664 E.01534
G1 X125.541 Y197.698 E3.34975
G1 X124.998 Y197.689 E.0167
G1 X48.009 Y120.7 E3.34777
G1 X47.513 Y120.738 E.01529
G1 X124.455 Y197.68 E3.34572
G1 X123.912 Y197.67 E.0167
G1 X47.019 Y120.777 E3.3436
G1 X46.525 Y120.817 E.01525
G1 X123.369 Y197.661 E3.34148
G1 X122.826 Y197.651 E.0167
G1 X46.03 Y120.856 E3.33936
G1 X45.536 Y120.895 E.01525
G1 X122.283 Y197.642 E3.33725
G1 X121.74 Y197.632 E.0167
G1 X45.042 Y120.934 E3.33513
G1 X44.547 Y120.974 E.01525
G1 X121.196 Y197.623 E3.333
G1 X120.651 Y197.611 E.01677
G1 X44.053 Y121.013 E3.33079
G1 X43.559 Y121.052 E.01525
G1 X120.106 Y197.6 E3.32858
G1 X119.561 Y197.588 E.01677
G1 X43.064 Y121.091 E3.32638
G1 X42.573 Y121.134 E.01516
G1 X119.016 Y197.577 E3.32403
G1 X118.471 Y197.565 E.01677
G1 X42.082 Y121.177 E3.32166
G1 X41.592 Y121.22 E.01514
G1 X117.926 Y197.554 E3.31928
G1 X117.38 Y197.542 E.01677
G1 X41.101 Y121.263 E3.31691
G1 X40.611 Y121.306 E.01514
G1 X116.835 Y197.531 E3.31453
G1 X116.29 Y197.519 E.01677
G1 X40.12 Y121.349 E3.31216
G1 X39.63 Y121.392 E.01514
G1 X115.743 Y197.506 E3.30969
G1 X115.196 Y197.492 E.01683
G1 X39.139 Y121.436 E3.30723
G1 X38.649 Y121.479 E.01514
G1 X114.649 Y197.478 E3.30477
G1 X114.101 Y197.465 E.01683
G1 X38.158 Y121.522 E3.3023
G1 X37.668 Y121.565 E.01514
G1 X113.554 Y197.451 E3.29984
G1 X113.007 Y197.438 E.01683
G1 X37.177 Y121.608 E3.29737
G1 X36.687 Y121.651 E.01514
G1 X112.46 Y197.424 E3.29491
G1 X111.913 Y197.411 E.01683
G1 X36.196 Y121.694 E3.29245
G1 X35.706 Y121.737 E.01514
G1 X111.365 Y197.397 E3.28998
G1 X110.818 Y197.384 E.01683
G1 X35.215 Y121.78 E3.28752
G1 X34.725 Y121.824 E.01514
G1 X110.271 Y197.37 E3.28506
G1 X109.724 Y197.356 E.01683
G1 X34.234 Y121.867 E3.28259
G1 X33.744 Y121.91 E.01514
G1 X109.177 Y197.343 E3.28013
G1 X108.63 Y197.329 E.01683
G1 X33.254 Y121.954 E3.27762
G1 X32.768 Y122.001 E.01502
G1 X108.082 Y197.316 E3.27497
G1 X107.535 Y197.302 E.01683
G1 X32.282 Y122.049 E3.27231
G1 X31.796 Y122.096 E.01502
G1 X106.988 Y197.289 E3.26966
G1 X106.441 Y197.275 E.01683
G1 X31.31 Y122.144 E3.267
G1 X30.823 Y122.191 E.01502
G1 X105.894 Y197.262 E3.26435
G1 X105.347 Y197.248 E.01683
G1 X30.337 Y122.239 E3.26169
G1 X29.851 Y122.286 E.01502
G1 X104.799 Y197.235 E3.25904
G1 X104.252 Y197.221 E.01683
G1 X29.365 Y122.334 E3.25638
G1 X28.879 Y122.381 E.01502
G1 X103.705 Y197.207 E3.25373
G1 X103.158 Y197.194 E.01683
G1 X28.393 Y122.429 E3.25107
G1 X27.907 Y122.476 E.01502
G1 X102.611 Y197.18 E3.24842
G1 X102.063 Y197.167 E.01683
G1 X27.823 Y122.926 E3.22828
G1 X27.823 Y123.46 E.01641
G1 X101.516 Y197.153 E3.20449
G1 X100.965 Y197.136 E.01695
G1 X27.823 Y123.993 E3.18054
G1 X27.823 Y124.527 E.01641
G1 X100.414 Y197.118 E3.15656
G1 X99.862 Y197.1 E.01697
G1 X27.823 Y125.06 E3.13258
G1 X27.823 Y125.594 E.01641
G1 X99.311 Y197.082 E3.1086
G1 X98.76 Y197.065 E.01697
G1 X27.823 Y126.128 E3.08462
G1 X27.823 Y126.661 E.01641
G1 X98.208 Y197.047 E3.06064
G1 X97.657 Y197.029 E.01697
G1 X27.823 Y127.195 E3.03666
G1 X27.823 Y127.729 E.01641
G1 X97.105 Y197.011 E3.01268
G1 X96.554 Y196.993 E.01697
G1 X27.823 Y128.262 E2.9887
G1 X27.823 Y128.796 E.01641
G1 X96.002 Y196.975 E2.96472
G1 X95.451 Y196.958 E.01697
G1 X27.823 Y129.329 E2.94074
G1 X27.823 Y129.863 E.01641
G1 X94.899 Y196.94 E2.91676
G1 X94.348 Y196.922 E.01697
G1 X27.823 Y130.397 E2.89278
G1 X27.823 Y130.93 E.01641
G1 X93.796 Y196.904 E2.8688
G1 X93.245 Y196.886 E.01697
G1 X27.823 Y131.464 E2.84482
G1 X27.823 Y131.998 E.01641
G1 X92.693 Y196.868 E2.82084
G1 X92.142 Y196.851 E.01697
G1 X27.823 Y132.531 E2.79686
G1 X27.823 Y133.065 E.01641
G1 X91.59 Y196.833 E2.77288
G1 X91.036 Y196.812 E.01706
G1 X27.823 Y133.598 E2.74877
G1 X27.823 Y134.132 E.01641
G1 X90.481 Y196.791 E2.72465
G1 X89.927 Y196.77 E.01706
G1 X27.823 Y134.666 E2.70054
G1 X27.823 Y135.199 E.01641
G1 X89.372 Y196.749 E2.67643
G1 X88.818 Y196.728 E.01706
G1 X27.823 Y135.733 E2.65232
G1 X27.823 Y136.267 E.01641
G1 X88.263 Y196.707 E2.6282
G1 X87.709 Y196.686 E.01706
G1 X27.823 Y136.8 E2.60409
G1 X27.823 Y137.334 E.01641
G1 X87.154 Y196.666 E2.57998
G1 X86.6 Y196.645 E.01706
G1 X27.823 Y137.867 E2.55586
G1 X27.823 Y138.401 E.01641
G1 X86.045 Y196.624 E2.53175
G1 X85.491 Y196.603 E.01706
G1 X27.823 Y138.935 E2.50764
G1 X27.823 Y139.468 E.01641
G1 X84.936 Y196.582 E2.48353
G1 X84.382 Y196.561 E.01706
G1 X27.823 Y140.002 E2.45941
G1 X27.823 Y140.536 E.01641
G1 X83.827 Y196.54 E2.4353
G1 X83.273 Y196.519 E.01706
G1 X27.823 Y141.069 E2.41119
G1 X27.823 Y141.603 E.01641
G1 X82.718 Y196.498 E2.38707
G1 X82.164 Y196.478 E.01706
G1 X27.823 Y142.136 E2.36296
G1 X27.823 Y142.67 E.01641
G1 X81.608 Y196.456 E2.33882
G1 X81.05 Y196.431 E.01719
G1 X27.823 Y143.204 E2.31453
G1 X27.823 Y143.737 E.01641
G1 X80.491 Y196.406 E2.29024
G1 X79.933 Y196.381 E.01719
G1 X27.823 Y144.271 E2.26596
G1 X27.823 Y144.805 E.01641
G1 X79.374 Y196.356 E2.24167
G1 X78.816 Y196.332 E.01719
G1 X27.823 Y145.338 E2.21739
G1 X27.823 Y145.872 E.01641
G1 X78.257 Y196.307 E2.1931
G1 X77.699 Y196.282 E.01719
G1 X27.823 Y146.406 E2.16882
G1 X27.823 Y146.939 E.01641
G1 X77.14 Y196.257 E2.14453
G1 X76.58 Y196.231 E.01724
G1 X27.823 Y147.473 E2.12018
G1 X27.823 Y148.006 E.01641
G1 X76.018 Y196.202 E2.09574
G1 X75.456 Y196.174 E.0173
G1 X27.823 Y148.54 E2.0713
G1 X27.823 Y149.074 E.01641
G1 X74.894 Y196.145 E2.04687
G1 X74.332 Y196.117 E.0173
G1 X27.823 Y149.607 E2.02243
G1 X27.823 Y150.141 E.01641
G1 X73.77 Y196.089 E1.99799
G1 X73.208 Y196.06 E.0173
G1 X27.823 Y150.675 E1.97356
G1 X27.823 Y151.208 E.01641
G1 X72.646 Y196.032 E1.94912
G1 X72.085 Y196.004 E.0173
G1 X27.823 Y151.742 E1.92468
G1 X27.823 Y152.275 E.01641
G1 X71.523 Y195.975 E1.90025
G1 X70.961 Y195.947 E.0173
G1 X27.823 Y152.809 E1.87581
G1 X27.823 Y153.343 E.01641
G1 X70.399 Y195.919 E1.85137
G1 X69.837 Y195.89 E.0173
G1 X27.823 Y153.876 E1.82693
G1 X27.823 Y154.41 E.01641
G1 X69.275 Y195.862 E1.8025
G1 X68.713 Y195.834 E.0173
G1 X27.823 Y154.944 E1.77806
G1 X27.823 Y155.477 E.01641
G1 X68.151 Y195.805 E1.75362
G1 X67.589 Y195.777 E.0173
G1 X27.823 Y156.011 E1.72919
G1 X27.823 Y156.544 E.01641
G1 X67.027 Y195.749 E1.70475
G1 X66.459 Y195.715 E.01748
G1 X27.823 Y157.078 E1.68007
G1 X27.823 Y157.612 E.01641
G1 X65.891 Y195.681 E1.65539
G1 X65.324 Y195.647 E.01749
G1 X27.823 Y158.145 E1.6307
G1 X27.823 Y158.679 E.01641
G1 X64.756 Y195.612 E1.60601
G1 X64.188 Y195.578 E.01749
G1 X27.823 Y159.213 E1.58133
G1 X27.823 Y159.746 E.01641
G1 X63.621 Y195.544 E1.55664
G1 X63.053 Y195.51 E.01749
G1 X27.823 Y160.28 E1.53195
G1 X27.823 Y160.813 E.01641
G1 X62.485 Y195.476 E1.50727
G1 X61.917 Y195.442 E.01749
G1 X27.823 Y161.347 E1.48258
G1 X27.823 Y161.881 E.01641
G1 X61.35 Y195.408 E1.45789
G1 X60.782 Y195.374 E.01749
G1 X27.823 Y162.414 E1.43321
G1 X27.823 Y162.948 E.01641
G1 X60.214 Y195.34 E1.40852
G1 X59.647 Y195.306 E.01749
G1 X27.823 Y163.482 E1.38383
G1 X27.823 Y164.015 E.01641
G1 X59.079 Y195.272 E1.35915
G1 X58.511 Y195.237 E.01749
G1 X27.823 Y164.549 E1.33446
G1 X27.823 Y165.083 E.01641
G1 X57.943 Y195.203 E1.30977
G1 X57.376 Y195.169 E.01749
G1 X27.823 Y165.616 E1.28509
G1 X27.823 Y166.15 E.01641
G1 X56.805 Y195.132 E1.26027
G1 X56.234 Y195.094 E.01761
G1 X27.823 Y166.683 E1.23542
G1 X27.823 Y167.217 E.01641
G1 X55.662 Y195.056 E1.21057
G1 X55.091 Y195.019 E.01761
G1 X27.823 Y167.751 E1.18572
G1 X27.823 Y168.284 E.01641
G1 X54.519 Y194.981 E1.16087
G1 X53.947 Y194.943 E.01761
G1 X27.823 Y168.818 E1.13601
G1 X27.823 Y169.352 E.01641
G1 X53.376 Y194.905 E1.11116
G1 X52.804 Y194.867 E.01761
G1 X27.823 Y169.885 E1.08631
G1 X27.823 Y170.419 E.01641
G1 X52.231 Y194.828 E1.06139
G1 X51.656 Y194.786 E.01774
G1 X27.823 Y170.952 E1.03637
G1 X27.823 Y171.486 E.01641
G1 X51.081 Y194.744 E1.01135
G1 X50.505 Y194.702 E.01774
G1 X27.823 Y172.02 E.98632
G1 X27.823 Y172.553 E.01641
G1 X49.93 Y194.66 E.9613
G1 X49.354 Y194.618 E.01774
G1 X27.823 Y173.087 E.93627
G1 X27.823 Y173.621 E.01641
G1 X48.779 Y194.577 E.91125
G1 X48.203 Y194.535 E.01774
G1 X27.823 Y174.154 E.88622
G1 X27.823 Y174.688 E.01641
G1 X47.628 Y194.493 E.8612
G1 X47.048 Y194.447 E.01788
G1 X27.823 Y175.221 E.83598
G1 X27.823 Y175.755 E.01641
G1 X46.468 Y194.4 E.81077
G1 X45.888 Y194.354 E.01788
G1 X27.823 Y176.289 E.78556
G1 X27.823 Y176.822 E.01641
G1 X45.308 Y194.308 E.76035
G1 X44.729 Y194.262 E.01788
G1 X27.823 Y177.356 E.73514
G1 X27.823 Y177.89 E.01641
G1 X44.149 Y194.216 E.70993
G1 X43.569 Y194.17 E.01788
G1 X27.823 Y178.423 E.68472
G1 X27.823 Y178.957 E.01641
G1 X42.989 Y194.124 E.65951
G1 X42.407 Y194.075 E.01797
G1 X27.823 Y179.49 E.63419
G1 X27.823 Y180.024 E.01641
G1 X41.824 Y194.025 E.60883
G1 X41.24 Y193.976 E.018
G1 X27.823 Y180.558 E.58346
G1 X27.823 Y181.091 E.01641
G1 X40.657 Y193.926 E.5581
G1 X40.074 Y193.876 E.018
G1 X27.823 Y181.625 E.53274
G1 X27.823 Y182.159 E.01641
G1 X39.491 Y193.827 E.50738
G1 X38.907 Y193.777 E.018
G1 X27.823 Y182.692 E.48201
G1 X27.823 Y183.226 E.01641
G1 X38.324 Y193.727 E.45665
G1 X37.739 Y193.676 E.01806
G1 X27.823 Y183.759 E.43121
G1 X27.823 Y184.293 E.01641
G1 X37.152 Y193.623 E.4057
G1 X36.566 Y193.57 E.01812
G1 X27.823 Y184.827 E.38018
G1 X27.823 Y185.36 E.01641
G1 X35.979 Y193.517 E.35466
G1 X35.392 Y193.463 E.01812
G1 X27.823 Y185.894 E.32915
G1 X27.823 Y186.428 E.01641
G1 X34.805 Y193.41 E.30363
G1 X34.218 Y193.357 E.01812
G1 X27.823 Y186.961 E.27812
G1 X27.823 Y187.495 E.01641
G1 X33.632 Y193.304 E.2526
G1 X33.043 Y193.249 E.01816
G1 X27.823 Y188.029 E.22702
G1 X27.823 Y188.562 E.01641
G1 X32.452 Y193.191 E.2013
G1 X31.86 Y193.134 E.01827
G1 X27.823 Y189.096 E.17558
G1 X27.823 Y189.629 E.01641
G1 X31.269 Y193.076 E.14986
G1 X30.677 Y193.018 E.01827
G1 X27.823 Y190.163 E.12414
G1 X27.823 Y190.697 E.01641
G1 X30.086 Y192.96 E.09842
G1 X29.494 Y192.902 E.01827
G1 X27.823 Y191.23 E.0727
G1 X27.823 Y191.764 E.01641
G1 X28.903 Y192.844 E.04698
G1 X28.311 Y192.786 E.01827
G1 X27.653 Y192.128 E.02864
; stop printing object USV 1 e2mm.stl_6_B id:0 copy 0
; printing object "USV 1 e2mm.stl_5" id:1 copy 0
G1 E-.8 F3600
G1 X175.913 Y23.742 F18000
G1 E.8 F3600
M204 S1000
;TYPE:Outer wall
;WIDTH:0.42
G1 F3000
G1 X175.913 Y106.532 E2.54393
G1 X155.659 Y106.374 E.62236
G1 X148.169 Y106.291 E.23017
G1 X140.687 Y106.197 E.22993
G1 X125.869 Y105.972 E.45537
G1 X115.968 Y105.784 E.3043
G1 X106.086 Y105.547 E.30373
G1 X101.15 Y105.416 E.15171
G1 X91.205 Y105.104 E.30574
G1 X86.237 Y104.92 E.15273
G1 X81.261 Y104.725 E.15303
G1 X76.326 Y104.507 E.15178
G1 X66.413 Y104.011 E.30497
G1 X59.027 Y103.579 E.22736
G1 X51.793 Y103.106 E.22274
G1 X42.146 Y102.373 E.29729
G1 X32.522 Y101.529 E.29684
G1 X26.337 Y100.924 E.19096
G1 X26.337 Y29.352 E2.1992
G1 X32.389 Y28.761 E.18684
G1 X37.199 Y28.317 E.14845
G1 X46.816 Y27.532 E.29649
G1 X51.627 Y27.183 E.14819
G1 X61.25 Y26.567 E.29631
G1 X68.662 Y26.142 E.22812
G1 X76.026 Y25.782 E.22652
G1 X80.921 Y25.565 E.15057
G1 X85.855 Y25.37 E.15173
G1 X90.793 Y25.185 E.15182
G1 X100.654 Y24.877 E.30316
G1 X105.59 Y24.742 E.15171
G1 X115.513 Y24.506 E.305
G1 X125.467 Y24.31 E.30592
G1 X140.338 Y24.081 E.457
G1 X147.715 Y23.991 E.2267
G1 X155.103 Y23.908 E.22704
G1 X175.893 Y23.742 E.63883
M204 S2000
G1 X175.521 Y24.137 F18000
M204 S1500
;TYPE:Inner wall
;WIDTH:0.45
G1 F4800
G1 X175.521 Y106.137 E2.7201
G1 X155.663 Y105.982 E.65874
G1 X148.174 Y105.899 E.24845
G1 X140.692 Y105.805 E.2482
G1 X125.876 Y105.58 E.49155
G1 X115.976 Y105.392 E.32845
G1 X106.095 Y105.155 E.32786
G1 X101.161 Y105.024 E.16372
G1 X91.218 Y104.712 E.33001
G1 X86.252 Y104.528 E.16483
G1 X81.277 Y104.333 E.16516
G1 X76.344 Y104.115 E.16379
G1 X66.435 Y103.619 E.32914
G1 X59.051 Y103.188 E.24535
G1 X51.821 Y102.715 E.24035
G1 X42.177 Y101.983 E.3208
G1 X32.559 Y101.138 E.32029
G1 X26.729 Y100.569 E.19431
G1 X26.729 Y29.708 E2.35057
G1 X32.426 Y29.151 E.18987
G1 X37.233 Y28.708 E.16015
G1 X46.846 Y27.923 E.31995
G1 X51.653 Y27.574 E.15987
G1 X61.274 Y26.959 E.31979
G1 X68.683 Y26.534 E.24618
G1 X76.044 Y26.174 E.24446
G1 X80.937 Y25.956 E.16249
G1 X90.806 Y25.576 E.3276
G1 X100.666 Y25.268 E.32722
G1 X105.6 Y25.134 E.16372
G1 X115.521 Y24.898 E.32921
G1 X125.474 Y24.702 E.33021
G1 X140.343 Y24.473 E.49331
G1 X147.719 Y24.383 E.24469
G1 X155.107 Y24.3 E.24508
G1 X175.501 Y24.137 E.67652
M204 S2000
G1 X175.357 Y25.064 F18000
;TYPE:Internal solid infill
;WIDTH:0.420251
G1 F6000
G1 X174.769 Y24.476 E.02558
G1 X174.24 Y24.48 E.01628
G1 X175.188 Y25.428 E.04122
G1 X175.188 Y25.962 E.01641
G1 X173.71 Y24.485 E.06424
G1 X173.181 Y24.489 E.01628
G1 X175.188 Y26.496 E.08726
G1 X175.188 Y27.029 E.01641
G1 X172.652 Y24.493 E.11028
G1 X172.122 Y24.497 E.01628
G1 X175.188 Y27.563 E.1333
G1 X175.188 Y28.096 E.01641
G1 X171.593 Y24.501 E.15632
G1 X171.063 Y24.506 E.01628
G1 X175.188 Y28.63 E.17934
G1 X175.188 Y29.164 E.01641
G1 X170.534 Y24.51 E.20236
G1 X170.005 Y24.514 E.01628
G1 X175.188 Y29.697 E.22539
G1 X175.188 Y30.231 E.01641
G1 X169.475 Y24.518 E.24841
G1 X168.946 Y24.523 E.01628
G1 X175.188 Y30.765 E.27143
G1 X175.188 Y31.298 E.01641
G1 X168.416 Y24.527 E.29445
G1 X167.887 Y24.531 E.01628
G1 X175.188 Y31.832 E.31747
G1 X175.188 Y32.365 E.01641
G1 X167.358 Y24.535 E.34049
G1 X166.828 Y24.539 E.01628
G1 X175.188 Y32.899 E.36351
G1 X175.188 Y33.433 E.01641
G1 X166.299 Y24.544 E.38653
G1 X165.769 Y24.548 E.01628
G1 X175.188 Y33.966 E.40955
G1 X175.188 Y34.5 E.01641
G1 X165.24 Y24.552 E.43257
G1 X164.711 Y24.556 E.01628
G1 X175.188 Y35.034 E.45559
G1 X175.188 Y35.567 E.01641
G1 X164.181 Y24.561 E.47861
G1 X163.652 Y24.565 E.01628
G1 X175.188 Y36.101 E.50163
G1 X175.188 Y36.634 E.01641
G1 X163.122 Y24.569 E.52465
G1 X162.593 Y24.573 E.01628
G1 X175.188 Y37.168 E.54767
G1 X175.188 Y37.702 E.01641
G1 X162.064 Y24.577 E.57069
G1 X161.534 Y24.582 E.01628
G1 X175.188 Y38.235 E.59371
G1 X175.188 Y38.769 E.01641
G1 X161.005 Y24.586 E.61673
G1 X160.475 Y24.59 E.01628
G1 X175.188 Y39.303 E.63975
G1 X175.188 Y39.836 E.01641
G1 X159.946 Y24.594 E.66277
G1 X159.417 Y24.599 E.01628
G1 X175.188 Y40.37 E.68579
G1 X175.188 Y40.903 E.01641
G1 X158.887 Y24.603 E.70881
G1 X158.358 Y24.607 E.01628
G1 X175.188 Y41.437 E.73183
G1 X175.188 Y41.971 E.01641
G1 X157.828 Y24.611 E.75485
G1 X157.299 Y24.616 E.01628
G1 X175.188 Y42.504 E.77787
G1 X175.188 Y43.038 E.01641
G1 X156.77 Y24.62 E.8009
G1 X156.24 Y24.624 E.01628
G1 X175.188 Y43.572 E.82392
G1 X175.188 Y44.105 E.01641
G1 X155.711 Y24.628 E.84694
G1 X155.181 Y24.632 E.01628
G1 X175.188 Y44.639 E.86996
G1 X175.188 Y45.172 E.01641
G1 X154.653 Y24.638 E.89291
G1 X154.126 Y24.644 E.01623
G1 X175.188 Y45.706 E.91586
G1 X175.188 Y46.24 E.01641
G1 X153.598 Y24.65 E.93881
G1 X153.07 Y24.656 E.01623
G1 X175.188 Y46.773 E.96175
G1 X175.188 Y47.307 E.01641
G1 X152.543 Y24.662 E.9847
G1 X152.015 Y24.668 E.01623
G1 X175.188 Y47.841 E1.00764
G1 X175.188 Y48.374 E.01641
G1 X151.487 Y24.674 E1.03059
G1 X150.959 Y24.68 E.01623
G1 X175.188 Y48.908 E1.05354
G1 X175.188 Y49.441 E.01641
G1 X150.432 Y24.686 E1.07648
G1 X149.904 Y24.691 E.01623
G1 X175.188 Y49.975 E1.09943
G1 X175.188 Y50.509 E.01641
G1 X149.376 Y24.697 E1.12238
G1 X148.849 Y24.703 E.01623
G1 X175.188 Y51.042 E1.14532
G1 X175.188 Y51.576 E.01641
G1 X148.321 Y24.709 E1.16827
G1 X147.793 Y24.715 E.01623
G1 X175.188 Y52.11 E1.19122
G1 X175.188 Y52.643 E.01641
G1 X147.266 Y24.722 E1.21414
G1 X146.739 Y24.728 E.01621
G1 X175.188 Y53.177 E1.23707
G1 X175.188 Y53.711 E.01641
G1 X146.212 Y24.734 E1.25999
G1 X145.684 Y24.741 E.01621
G1 X175.188 Y54.244 E1.28292
G1 X175.188 Y54.778 E.01641
G1 X145.157 Y24.747 E1.30584
G1 X144.63 Y24.754 E.01621
G1 X175.188 Y55.311 E1.32876
G1 X175.188 Y55.845 E.01641
G1 X144.103 Y24.76 E1.35169
G1 X143.576 Y24.767 E.01621
G1 X175.188 Y56.379 E1.37461
G1 X175.188 Y56.912 E.01641
G1 X143.048 Y24.773 E1.39754
G1 X142.521 Y24.779 E.01621
G1 X175.188 Y57.446 E1.42046
G1 X175.188 Y57.98 E.01641
G1 X141.994 Y24.786 E1.44339
G1 X141.467 Y24.792 E.01621
G1 X175.188 Y58.513 E1.46631
G1 X175.188 Y59.047 E.01641
G1 X140.94 Y24.799 E1.48924
G1 X140.412 Y24.805 E.01621
G1 X175.188 Y59.58 E1.51216
G1 X175.188 Y60.114 E.01641
G1 X139.887 Y24.813 E1.53502
G1 X139.361 Y24.821 E.01616
G1 X175.188 Y60.648 E1.55787
G1 X175.188 Y61.181 E.01641
G1 X138.836 Y24.829 E1.58073
G1 X138.31 Y24.837 E.01616
G1 X175.188 Y61.715 E1.60358
G1 X175.188 Y62.249 E.01641
G1 X137.785 Y24.845 E1.62643
G1 X137.259 Y24.853 E.01616
G1 X175.188 Y62.782 E1.64928
G1 X175.188 Y63.316 E.01641
G1 X136.734 Y24.862 E1.67213
G1 X136.208 Y24.87 E.01616
G1 X175.188 Y63.849 E1.69499
G1 X175.188 Y64.383 E.01641
G1 X135.682 Y24.878 E1.71784
G1 X135.157 Y24.886 E.01616
G1 X175.188 Y64.917 E1.74069
G1 X175.188 Y65.45 E.01641
G1 X134.631 Y24.894 E1.76354
G1 X134.106 Y24.902 E.01616
G1 X175.188 Y65.984 E1.7864
G1 X175.188 Y66.518 E.01641
G1 X133.58 Y24.91 E1.80925
G1 X133.055 Y24.918 E.01616
G1 X175.188 Y67.051 E1.8321
G1 X175.188 Y67.585 E.01641
G1 X132.529 Y24.926 E1.85495
G1 X132.004 Y24.934 E.01616
G1 X175.188 Y68.118 E1.8778
G1 X175.188 Y68.652 E.01641
G1 X131.478 Y24.943 E1.90066
G1 X130.953 Y24.951 E.01616
G1 X175.188 Y69.186 E1.92351
G1 X175.188 Y69.719 E.01641
G1 X130.427 Y24.959 E1.94636
G1 X129.902 Y24.967 E.01616
G1 X175.188 Y70.253 E1.96921
G1 X175.188 Y70.787 E.01641
G1 X129.376 Y24.975 E1.99207
G1 X128.851 Y24.983 E.01616
G1 X175.188 Y71.32 E2.01492
G1 X175.188 Y71.854 E.01641
G1 X128.325 Y24.991 E2.03777
G1 X127.799 Y24.999 E.01616
G1 X175.188 Y72.387 E2.06062
G1 X175.188 Y72.921 E.01641
G1 X127.274 Y25.007 E2.08347
G1 X126.748 Y25.015 E.01616
G1 X175.188 Y73.455 E2.10633
G1 X175.188 Y73.988 E.01641
G1 X126.223 Y25.023 E2.12918
G1 X125.697 Y25.032 E.01616
G1 X175.188 Y74.522 E2.15203
G1 X175.188 Y75.056 E.01641
G1 X125.173 Y25.041 E2.17483
G1 X124.65 Y25.051 E.01609
G1 X175.188 Y75.589 E2.19758
G1 X175.188 Y76.123 E.01641
G1 X124.126 Y25.062 E2.22034
G1 X123.603 Y25.072 E.01609
G1 X175.188 Y76.656 E2.2431
G1 X175.188 Y77.19 E.01641
G1 X123.08 Y25.082 E2.26585
G1 X122.556 Y25.092 E.01609
G1 X175.188 Y77.724 E2.28861
G1 X175.188 Y78.257 E.01641
G1 X122.033 Y25.103 E2.31136
G1 X121.51 Y25.113 E.01609
G1 X175.188 Y78.791 E2.33412
G1 X175.188 Y79.325 E.01641
G1 X120.987 Y25.123 E2.35688
G1 X120.463 Y25.134 E.01609
G1 X175.188 Y79.858 E2.37963
G1 X175.188 Y80.392 E.01641
G1 X119.94 Y25.144 E2.40239
G1 X119.417 Y25.154 E.01609
G1 X175.188 Y80.925 E2.42514
G1 X175.188 Y81.459 E.01641
G1 X118.893 Y25.165 E2.4479
G1 X118.37 Y25.175 E.01609
G1 X175.188 Y81.993 E2.47066
G1 X175.188 Y82.526 E.01641
G1 X117.847 Y25.185 E2.49341
G1 X117.323 Y25.195 E.01609
G1 X175.188 Y83.06 E2.51617
G1 X175.188 Y83.594 E.01641
G1 X116.8 Y25.206 E2.53893
G1 X116.277 Y25.216 E.01609
G1 X175.188 Y84.127 E2.56168
G1 X175.188 Y84.661 E.01641
G1 X115.753 Y25.226 E2.58444
G1 X115.231 Y25.238 E.01606
G1 X175.188 Y85.194 E2.60714
G1 X175.188 Y85.728 E.01641
G1 X114.71 Y25.25 E2.62981
G1 X114.189 Y25.263 E.01603
G1 X175.188 Y86.262 E2.65247
G1 X175.188 Y86.795 E.01641
G1 X113.667 Y25.275 E2.67514
G1 X113.146 Y25.287 E.01603
G1 X175.188 Y87.329 E2.6978
G1 X175.188 Y87.863 E.01641
G1 X112.625 Y25.3 E2.72047
G1 X112.104 Y25.312 E.01603
G1 X175.188 Y88.396 E2.74313
G1 X175.188 Y88.93 E.01641
G1 X111.583 Y25.325 E2.7658
G1 X111.061 Y25.337 E.01603
G1 X175.188 Y89.463 E2.78846
G1 X175.188 Y89.997 E.01641
G1 X110.54 Y25.349 E2.81113
G1 X110.019 Y25.362 E.01603
G1 X175.188 Y90.531 E2.83379
G1 X175.188 Y91.064 E.01641
G1 X109.498 Y25.374 E2.85646
G1 X108.976 Y25.387 E.01603
G1 X175.188 Y91.598 E2.87912
G1 X175.188 Y92.132 E.01641
G1 X108.455 Y25.399 E2.90179
G1 X107.934 Y25.411 E.01603
G1 X175.188 Y92.665 E2.92445
G1 X175.188 Y93.199 E.01641
G1 X107.413 Y25.424 E2.94712
G1 X106.891 Y25.436 E.01603
G1 X175.188 Y93.733 E2.96978
G1 X175.188 Y94.266 E.01641
G1 X106.37 Y25.449 E2.99245
G1 X105.849 Y25.461 E.01603
G1 X175.188 Y94.8 E3.01511
G1 X175.188 Y95.333 E.01641
G1 X105.329 Y25.474 E3.03774
G1 X104.809 Y25.489 E.01598
G1 X175.188 Y95.867 E3.06032
G1 X175.188 Y96.401 E.01641
G1 X104.29 Y25.503 E3.08291
G1 X103.77 Y25.517 E.01598
G1 X175.188 Y96.934 E3.1055
G1 X175.188 Y97.468 E.01641
G1 X103.251 Y25.531 E3.12808
G1 X102.732 Y25.545 E.01598
G1 X175.188 Y98.002 E3.15067
G1 X175.188 Y98.535 E.01641
G1 X102.212 Y25.56 E3.17325
G1 X101.693 Y25.574 E.01598
G1 X175.188 Y99.069 E3.19584
G1 X175.188 Y99.602 E.01641
G1 X101.173 Y25.588 E3.21843
G1 X100.654 Y25.602 E.01597
G1 X175.188 Y100.136 E3.24101
G1 X175.188 Y100.67 E.01641
G1 X100.137 Y25.618 E3.26351
G1 X99.619 Y25.635 E.01592
G1 X175.188 Y101.203 E3.28601
G1 X175.188 Y101.737 E.01641
G1 X99.102 Y25.651 E3.30851
G1 X98.584 Y25.667 E.01592
G1 X175.188 Y102.271 E3.33102
G1 X175.188 Y102.804 E.01641
G1 X98.067 Y25.683 E3.35352
G1 X97.549 Y25.699 E.01592
G1 X175.188 Y103.338 E3.37602
G1 X175.188 Y103.871 E.01641
G1 X97.032 Y25.715 E3.39852
G1 X96.514 Y25.732 E.01592
G1 X175.188 Y104.405 E3.42102
G1 X175.188 Y104.939 E.01641
G1 X95.997 Y25.748 E3.44352
G1 X95.479 Y25.764 E.01592
G1 X175.188 Y105.472 E3.46602
G1 X175.188 Y105.801 E.01012
G1 X174.981 Y105.8 E.00634
G1 X94.962 Y25.78 E3.47956
G1 X94.444 Y25.796 E.01592
G1 X174.444 Y105.795 E3.47867
G1 X173.906 Y105.791 E.01654
G1 X93.927 Y25.812 E3.47779
G1 X93.409 Y25.829 E.01592
G1 X173.368 Y105.787 E3.4769
G1 X172.83 Y105.783 E.01654
G1 X92.892 Y25.845 E3.47601
G1 X92.375 Y25.861 E.01592
G1 X172.292 Y105.779 E3.47513
G1 X171.754 Y105.774 E.01654
G1 X91.857 Y25.877 E3.47424
G1 X91.34 Y25.893 E.01592
G1 X171.217 Y105.77 E3.47336
G1 X170.679 Y105.766 E.01654
G1 X90.822 Y25.909 E3.47247
G1 X90.308 Y25.929 E.01581
G1 X170.141 Y105.762 E3.47143
G1 X169.603 Y105.758 E.01654
G1 X89.794 Y25.949 E3.47039
G1 X89.281 Y25.969 E.01581
G1 X169.065 Y105.753 E3.46934
G1 X168.527 Y105.749 E.01654
G1 X88.767 Y25.988 E3.4683
G1 X88.253 Y26.008 E.01581
G1 X167.99 Y105.745 E3.46726
G1 X167.452 Y105.741 E.01654
G1 X87.739 Y26.028 E3.46621
G1 X87.225 Y26.048 E.01581
G1 X166.914 Y105.736 E3.46517
G1 X166.376 Y105.732 E.01654
G1 X86.711 Y26.068 E3.46413
G1 X86.197 Y26.087 E.01581
G1 X165.838 Y105.728 E3.46308
G1 X165.3 Y105.724 E.01654
G1 X85.684 Y26.107 E3.46204
G1 X85.17 Y26.127 E.01581
G1 X164.763 Y105.72 E3.461
G1 X164.225 Y105.715 E.01654
G1 X84.656 Y26.147 E3.45995
G1 X84.142 Y26.166 E.01581
G1 X163.687 Y105.711 E3.45891
G1 X163.149 Y105.707 E.01654
G1 X83.628 Y26.186 E3.45787
G1 X83.114 Y26.206 E.01581
G1 X162.611 Y105.703 E3.45682
G1 X162.073 Y105.699 E.01654
G1 X82.601 Y26.226 E3.45578
G1 X82.087 Y26.246 E.01581
G1 X161.536 Y105.694 E3.45474
G1 X160.998 Y105.69 E.01654
G1 X81.573 Y26.265 E3.45369
G1 X81.059 Y26.285 E.01581
G1 X160.46 Y105.686 E3.45265
G1 X159.922 Y105.682 E.01654
G1 X80.547 Y26.307 E3.45151
G1 X80.037 Y26.33 E.01572
G1 X159.384 Y105.677 E3.45033
G1 X158.846 Y105.673 E.01654
G1 X79.526 Y26.353 E3.44916
G1 X79.015 Y26.375 E.01572
G1 X158.308 Y105.669 E3.44799
G1 X157.771 Y105.665 E.01654
G1 X78.504 Y26.398 E3.44682
G1 X77.993 Y26.421 E.01572
G1 X157.233 Y105.661 E3.44564
G1 X156.695 Y105.656 E.01654
G1 X77.482 Y26.444 E3.44447
G1 X76.971 Y26.466 E.01572
G1 X156.157 Y105.652 E3.4433
G1 X155.619 Y105.648 E.01654
G1 X76.46 Y26.489 E3.44212
G1 X75.95 Y26.512 E.01571
G1 X155.08 Y105.642 E3.44085
G1 X154.54 Y105.636 E.01659
G1 X75.441 Y26.537 E3.43951
G1 X74.932 Y26.562 E.01566
G1 X154 Y105.63 E3.43817
G1 X153.461 Y105.624 E.01659
G1 X74.424 Y26.587 E3.43683
G1 X73.915 Y26.612 E.01566
G1 X152.921 Y105.618 E3.43549
G1 X152.381 Y105.612 E.01659
G1 X73.406 Y26.637 E3.43415
G1 X72.897 Y26.662 E.01566
G1 X151.842 Y105.606 E3.4328
G1 X151.302 Y105.6 E.01659
G1 X72.389 Y26.686 E3.43146
G1 X71.88 Y26.711 E.01566
G1 X150.763 Y105.594 E3.43012
G1 X150.223 Y105.588 E.01659
G1 X71.371 Y26.736 E3.42878
G1 X70.862 Y26.761 E.01566
G1 X149.683 Y105.582 E3.42744
G1 X149.144 Y105.576 E.01659
G1 X70.354 Y26.786 E3.4261
G1 X69.845 Y26.811 E.01566
G1 X148.604 Y105.57 E3.42475
G1 X148.064 Y105.564 E.0166
G1 X69.336 Y26.836 E3.42341
G1 X68.827 Y26.861 E.01566
G1 X147.524 Y105.557 E3.42203
G1 X146.984 Y105.55 E.01662
G1 X68.322 Y26.888 E3.42052
G1 X67.817 Y26.917 E.01554
G1 X146.443 Y105.544 E3.41897
G1 X145.903 Y105.537 E.01662
G1 X67.312 Y26.946 E3.41741
G1 X66.808 Y26.975 E.01554
G1 X145.362 Y105.53 E3.41586
G1 X144.822 Y105.523 E.01662
G1 X66.303 Y27.004 E3.41431
G1 X65.798 Y27.033 E.01554
G1 X144.282 Y105.516 E3.41275
G1 X143.741 Y105.51 E.01662
G1 X65.294 Y27.062 E3.4112
G1 X64.789 Y27.091 E.01554
G1 X143.201 Y105.503 E3.40965
G1 X142.66 Y105.496 E.01662
G1 X64.284 Y27.12 E3.40809
G1 X63.779 Y27.149 E.01554
G1 X142.12 Y105.489 E3.40654
G1 X141.579 Y105.482 E.01662
G1 X63.275 Y27.178 E3.40499
G1 X62.77 Y27.207 E.01554
G1 X141.039 Y105.476 E3.40343
G1 X140.498 Y105.468 E.01663
G1 X62.265 Y27.236 E3.40186
G1 X61.761 Y27.265 E.01554
G1 X139.956 Y105.46 E3.40024
G1 X139.414 Y105.452 E.01666
G1 X61.256 Y27.294 E3.39862
G1 X60.755 Y27.326 E.01545
G1 X138.873 Y105.444 E3.39686
G1 X138.331 Y105.435 E.01666
G1 X60.253 Y27.358 E3.39511
G1 X59.752 Y27.39 E.01545
G1 X137.789 Y105.427 E3.39336
G1 X137.247 Y105.419 E.01666
G1 X59.25 Y27.422 E3.3916
G1 X58.749 Y27.454 E.01545
G1 X136.705 Y105.411 E3.38985
G1 X136.163 Y105.403 E.01666
G1 X58.247 Y27.486 E3.3881
G1 X57.746 Y27.518 E.01545
G1 X135.621 Y105.394 E3.38634
G1 X135.08 Y105.386 E.01666
G1 X57.244 Y27.551 E3.38459
G1 X56.742 Y27.583 E.01545
G1 X134.538 Y105.378 E3.38283
G1 X133.996 Y105.37 E.01666
G1 X56.241 Y27.615 E3.38108
G1 X55.739 Y27.647 E.01545
G1 X133.454 Y105.361 E3.37933
G1 X132.912 Y105.353 E.01666
G1 X55.238 Y27.679 E3.37757
G1 X54.736 Y27.711 E.01545
G1 X132.37 Y105.345 E3.37582
G1 X131.828 Y105.337 E.01666
G1 X54.235 Y27.743 E3.37407
G1 X53.733 Y27.775 E.01545
G1 X131.287 Y105.329 E3.37231
G1 X130.745 Y105.32 E.01666
G1 X53.232 Y27.807 E3.37056
G1 X52.73 Y27.839 E.01545
G1 X130.203 Y105.312 E3.36881
G1 X129.661 Y105.304 E.01666
G1 X52.229 Y27.871 E3.36705
G1 X51.727 Y27.904 E.01545
G1 X129.119 Y105.296 E3.3653
G1 X128.577 Y105.287 E.01666
G1 X51.229 Y27.939 E3.36339
G1 X50.732 Y27.975 E.01534
G1 X128.035 Y105.279 E3.36146
G1 X127.494 Y105.271 E.01666
G1 X50.234 Y28.011 E3.35954
G1 X49.737 Y28.048 E.01534
G1 X126.952 Y105.263 E3.35761
G1 X126.41 Y105.254 E.01666
G1 X49.239 Y28.084 E3.35568
G1 X48.741 Y28.12 E.01534
G1 X125.868 Y105.246 E3.35375
G1 X125.324 Y105.236 E.01673
G1 X48.244 Y28.156 E3.35174
G1 X47.746 Y28.192 E.01534
G1 X124.78 Y105.226 E3.34972
G1 X124.236 Y105.215 E.01673
G1 X47.249 Y28.228 E3.3477
G1 X46.752 Y28.265 E.01531
G1 X123.692 Y105.205 E3.34564
G1 X123.148 Y105.195 E.01673
G1 X46.259 Y28.305 E3.34344
G1 X45.766 Y28.346 E.01522
G1 X122.604 Y105.184 E3.34124
G1 X122.06 Y105.174 E.01673
G1 X45.272 Y28.386 E3.33904
G1 X44.779 Y28.426 E.01522
G1 X121.516 Y105.164 E3.33684
G1 X120.972 Y105.153 E.01673
G1 X44.286 Y28.466 E3.33464
G1 X43.792 Y28.507 E.01522
G1 X120.428 Y105.143 E3.33244
G1 X119.885 Y105.133 E.01673
G1 X43.299 Y28.547 E3.33024
G1 X42.805 Y28.587 E.01522
G1 X119.341 Y105.122 E3.32804
G1 X118.797 Y105.112 E.01673
G1 X42.312 Y28.627 E3.32584
G1 X41.819 Y28.668 E.01522
G1 X118.253 Y105.102 E3.32364
G1 X117.709 Y105.091 E.01673
G1 X41.325 Y28.708 E3.32144
G1 X40.832 Y28.748 E.01522
G1 X117.165 Y105.081 E3.31924
G1 X116.621 Y105.071 E.01673
G1 X40.339 Y28.788 E3.31704
G1 X39.845 Y28.829 E.01522
G1 X116.077 Y105.06 E3.31484
G1 X115.531 Y105.048 E.0168
G1 X39.352 Y28.869 E3.31254
G1 X38.859 Y28.909 E.01522
G1 X114.984 Y105.035 E3.31022
G1 X114.437 Y105.021 E.01682
G1 X38.365 Y28.95 E3.3079
G1 X37.872 Y28.99 E.01522
G1 X113.89 Y105.008 E3.30558
G1 X113.344 Y104.995 E.01682
G1 X37.378 Y29.03 E3.30326
G1 X36.889 Y29.074 E.01512
G1 X112.797 Y104.982 E3.30078
G1 X112.25 Y104.969 E.01682
G1 X36.4 Y29.119 E3.29825
G1 X35.912 Y29.164 E.01509
G1 X111.703 Y104.956 E3.29572
G1 X111.157 Y104.943 E.01682
G1 X35.423 Y29.209 E3.29319
G1 X34.935 Y29.254 E.01509
G1 X110.61 Y104.93 E3.29066
G1 X110.063 Y104.917 E.01682
G1 X34.446 Y29.299 E3.28813
G1 X33.957 Y29.344 E.01509
G1 X109.516 Y104.903 E3.2856
G1 X108.97 Y104.89 E.01682
G1 X33.469 Y29.39 E3.28306
G1 X32.98 Y29.435 E.01509
G1 X108.423 Y104.877 E3.28053
G1 X107.876 Y104.864 E.01682
G1 X32.492 Y29.48 E3.278
G1 X32.006 Y29.527 E.01502
G1 X107.33 Y104.851 E3.27538
G1 X106.783 Y104.838 E.01682
G1 X31.519 Y29.575 E3.27274
G1 X31.033 Y29.622 E.01502
G1 X106.236 Y104.825 E3.2701
G1 X105.688 Y104.811 E.01685
G1 X30.547 Y29.67 E3.26742
G1 X30.061 Y29.717 E.01502
G1 X105.14 Y104.796 E3.26472
G1 X104.592 Y104.782 E.01686
G1 X29.575 Y29.765 E3.26202
G1 X29.089 Y29.812 E.01502
G1 X104.044 Y104.767 E3.25932
G1 X103.496 Y104.752 E.01686
G1 X28.603 Y29.86 E3.25662
G1 X28.117 Y29.907 E.01502
G1 X102.947 Y104.738 E3.25392
G1 X102.399 Y104.723 E.01686
G1 X27.631 Y29.955 E3.25122
G1 X27.145 Y30.002 E.01502
G1 X101.851 Y104.709 E3.24852
G1 X101.303 Y104.694 E.01686
G1 X27.062 Y30.454 E3.22826
G1 X27.062 Y30.987 E.01641
G1 X100.753 Y104.678 E3.20433
G1 X100.202 Y104.66 E.01695
G1 X27.062 Y31.521 E3.18037
G1 X27.062 Y32.055 E.01641
G1 X99.651 Y104.643 E3.15642
G1 X99.1 Y104.626 E.01695
G1 X27.062 Y32.588 E3.13246
G1 X27.062 Y33.122 E.01641
G1 X98.549 Y104.608 E3.10851
G1 X97.998 Y104.591 E.01695
G1 X27.062 Y33.656 E3.08455
G1 X27.062 Y34.189 E.01641
G1 X97.447 Y104.574 E3.0606
G1 X96.896 Y104.557 E.01695
G1 X27.062 Y34.723 E3.03664
G1 X27.062 Y35.256 E.01641
G1 X96.345 Y104.539 E3.01268
G1 X95.794 Y104.522 E.01695
G1 X27.062 Y35.79 E2.98873
G1 X27.062 Y36.324 E.01641
G1 X95.243 Y104.505 E2.96477
G1 X94.693 Y104.488 E.01695
G1 X27.062 Y36.857 E2.94082
G1 X27.062 Y37.391 E.01641
G1 X94.142 Y104.47 E2.91686
G1 X93.591 Y104.453 E.01695
G1 X27.062 Y37.925 E2.89291
G1 X27.062 Y38.458 E.01641
G1 X93.04 Y104.436 E2.86895
G1 X92.489 Y104.418 E.01695
G1 X27.062 Y38.992 E2.845
G1 X27.062 Y39.525 E.01641
G1 X91.938 Y104.401 E2.82104
G1 X91.387 Y104.384 E.01695
G1 X27.062 Y40.059 E2.79709
G1 X27.062 Y40.593 E.01641
G1 X90.834 Y104.364 E2.77303
G1 X90.28 Y104.344 E.01705
G1 X27.062 Y41.126 E2.74893
G1 X27.062 Y41.66 E.01641
G1 X89.726 Y104.323 E2.72484
G1 X89.171 Y104.303 E.01705
G1 X27.062 Y42.194 E2.70074
G1 X27.062 Y42.727 E.01641
G1 X88.617 Y104.282 E2.67664
G1 X88.063 Y104.262 E.01705
G1 X27.062 Y43.261 E2.65255
G1 X27.062 Y43.794 E.01641
G1 X87.509 Y104.241 E2.62845
G1 X86.955 Y104.221 E.01705
G1 X27.062 Y44.328 E2.60435
G1 X27.062 Y44.862 E.01641
G1 X86.401 Y104.2 E2.58026
G1 X85.846 Y104.179 E.01708
G1 X27.062 Y45.395 E2.55612
G1 X27.062 Y45.929 E.01641
G1 X85.29 Y104.157 E2.53197
G1 X84.735 Y104.135 E.01709
G1 X27.062 Y46.463 E2.50782
G1 X27.062 Y46.996 E.01641
G1 X84.179 Y104.113 E2.48367
G1 X83.624 Y104.092 E.01709
G1 X27.062 Y47.53 E2.45952
G1 X27.062 Y48.063 E.01641
G1 X83.069 Y104.07 E2.43537
G1 X82.513 Y104.048 E.01709
G1 X27.062 Y48.597 E2.41122
G1 X27.062 Y49.131 E.01641
G1 X81.958 Y104.026 E2.38707
G1 X81.403 Y104.005 E.01709
G1 X27.062 Y49.664 E2.36292
G1 X27.062 Y50.198 E.01641
G1 X80.845 Y103.98 E2.33867
G1 X80.287 Y103.956 E.01718
G1 X27.062 Y50.732 E2.31439
G1 X27.062 Y51.265 E.01641
G1 X79.728 Y103.931 E2.29011
G1 X79.17 Y103.906 E.01718
G1 X27.062 Y51.799 E2.26584
G1 X27.062 Y52.332 E.01641
G1 X78.612 Y103.882 E2.24156
G1 X78.053 Y103.857 E.01718
G1 X27.062 Y52.866 E2.21728
G1 X27.062 Y53.4 E.01641
G1 X77.495 Y103.832 E2.19301
G1 X76.937 Y103.808 E.01718
G1 X27.062 Y53.933 E2.16873
G1 X27.062 Y54.467 E.01641
G1 X76.379 Y103.783 E2.14446
G1 X75.817 Y103.755 E.01729
G1 X27.062 Y55.001 E2.12003
G1 X27.062 Y55.534 E.01641
G1 X75.255 Y103.727 E2.09561
G1 X74.694 Y103.699 E.01729
G1 X27.062 Y56.068 E2.07118
G1 X27.062 Y56.601 E.01641
G1 X74.132 Y103.671 E2.04676
G1 X73.57 Y103.643 E.01729
G1 X27.062 Y57.135 E2.02233
G1 X27.062 Y57.669 E.01641
G1 X73.008 Y103.615 E1.9979
G1 X72.447 Y103.587 E.01729
G1 X27.062 Y58.202 E1.97348
G1 X27.062 Y58.736 E.01641
G1 X71.885 Y103.558 E1.94905
G1 X71.323 Y103.53 E.01729
G1 X27.062 Y59.27 E1.92463
G1 X27.062 Y59.803 E.01641
G1 X70.761 Y103.502 E1.9002
G1 X70.2 Y103.474 E.01729
G1 X27.062 Y60.337 E1.87577
G1 X27.062 Y60.871 E.01641
G1 X69.638 Y103.446 E1.85135
G1 X69.076 Y103.418 E.01729
G1 X27.062 Y61.404 E1.82692
G1 X27.062 Y61.938 E.01641
G1 X68.514 Y103.39 E1.80249
G1 X67.953 Y103.362 E.01729
G1 X27.062 Y62.471 E1.77807
G1 X27.062 Y63.005 E.01641
G1 X67.391 Y103.334 E1.75364
G1 X66.829 Y103.306 E.01729
G1 X27.062 Y63.539 E1.72922
G1 X27.062 Y64.072 E.01641
G1 X66.266 Y103.276 E1.70472
G1 X65.699 Y103.243 E.01746
G1 X27.062 Y64.606 E1.68007
G1 X27.062 Y65.14 E.01641
G1 X65.132 Y103.209 E1.65543
G1 X64.566 Y103.176 E.01746
G1 X27.062 Y65.673 E1.63078
G1 X27.062 Y66.207 E.01641
G1 X63.999 Y103.143 E1.60614
G1 X63.432 Y103.11 E.01746
G1 X27.062 Y66.74 E1.58149
G1 X27.062 Y67.274 E.01641
G1 X62.865 Y103.077 E1.55685
G1 X62.299 Y103.044 E.01746
G1 X27.062 Y67.808 E1.5322
G1 X27.062 Y68.341 E.01641
G1 X61.732 Y103.011 E1.50756
G1 X61.165 Y102.978 E.01746
G1 X27.062 Y68.875 E1.48291
G1 X27.062 Y69.409 E.01641
G1 X60.598 Y102.944 E1.45827
G1 X60.031 Y102.911 E.01746
G1 X27.062 Y69.942 E1.43362
G1 X27.062 Y70.476 E.01641
G1 X59.465 Y102.878 E1.40898
G1 X58.897 Y102.844 E.0175
G1 X27.062 Y71.009 E1.38428
G1 X27.062 Y71.543 E.01641
G1 X58.326 Y102.806 E1.35945
G1 X57.755 Y102.769 E.01759
G1 X27.062 Y72.077 E1.33462
G1 X27.062 Y72.61 E.01641
G1 X57.184 Y102.732 E1.30979
G1 X56.613 Y102.694 E.01759
G1 X27.062 Y73.144 E1.28497
G1 X27.062 Y73.678 E.01641
G1 X56.042 Y102.657 E1.26014
G1 X55.471 Y102.62 E.01759
G1 X27.062 Y74.211 E1.23531
G1 X27.062 Y74.745 E.01641
G1 X54.9 Y102.582 E1.21049
G1 X54.329 Y102.545 E.01759
G1 X27.062 Y75.278 E1.18566
G1 X27.062 Y75.812 E.01641
G1 X53.758 Y102.508 E1.16083
G1 X53.187 Y102.47 E.01759
G1 X27.062 Y76.346 E1.136
G1 X27.062 Y76.879 E.01641
G1 X52.616 Y102.433 E1.11118
G1 X52.045 Y102.396 E.01759
G1 X27.062 Y77.413 E1.08635
G1 X27.062 Y77.947 E.01641
G1 X51.47 Y102.354 E1.06134
G1 X50.893 Y102.31 E.01781
G1 X27.062 Y78.48 E1.03623
G1 X27.062 Y79.014 E.01641
G1 X50.315 Y102.266 E1.01112
G1 X49.738 Y102.223 E.01781
G1 X27.062 Y79.547 E.986
G1 X27.062 Y80.081 E.01641
G1 X49.16 Y102.179 E.96089
G1 X48.583 Y102.135 E.01781
G1 X27.062 Y80.615 E.93578
G1 X27.062 Y81.148 E.01641
G1 X48.005 Y102.091 E.91067
G1 X47.428 Y102.047 E.01781
G1 X27.062 Y81.682 E.88556
G1 X27.062 Y82.216 E.01641
G1 X46.85 Y102.003 E.86045
G1 X46.273 Y101.959 E.01781
G1 X27.062 Y82.749 E.83533
G1 X27.062 Y83.283 E.01641
G1 X45.695 Y101.916 E.81022
G1 X45.118 Y101.872 E.01781
G1 X27.062 Y83.816 E.78511
G1 X27.062 Y84.35 E.01641
G1 X44.54 Y101.828 E.76
G1 X43.963 Y101.784 E.01781
G1 X27.062 Y84.884 E.73489
G1 X27.062 Y85.417 E.01641
G1 X43.385 Y101.74 E.70977
G1 X42.808 Y101.696 E.01781
G1 X27.062 Y85.951 E.68466
G1 X27.062 Y86.485 E.01641
G1 X42.23 Y101.652 E.65955
G1 X41.646 Y101.601 E.01804
G1 X27.062 Y87.018 E.63413
G1 X27.062 Y87.552 E.01641
G1 X41.061 Y101.55 E.60869
G1 X40.476 Y101.499 E.01806
G1 X27.062 Y88.085 E.58325
G1 X27.062 Y88.619 E.01641
G1 X39.891 Y101.447 E.55782
G1 X39.306 Y101.396 E.01806
G1 X27.062 Y89.153 E.53238
G1 X27.062 Y89.686 E.01641
G1 X38.721 Y101.345 E.50694
G1 X38.136 Y101.293 E.01806
G1 X27.062 Y90.22 E.48151
G1 X27.062 Y90.754 E.01641
G1 X37.551 Y101.242 E.45607
G1 X36.966 Y101.191 E.01806
G1 X27.062 Y91.287 E.43063
G1 X27.062 Y91.821 E.01641
G1 X36.381 Y101.139 E.4052
G1 X35.796 Y101.088 E.01806
G1 X27.062 Y92.354 E.37976
G1 X27.062 Y92.888 E.01641
G1 X35.211 Y101.036 E.35432
G1 X34.626 Y100.985 E.01806
G1 X27.062 Y93.422 E.32888
G1 X27.062 Y93.955 E.01641
G1 X34.041 Y100.934 E.30345
G1 X33.456 Y100.882 E.01806
G1 X27.062 Y94.489 E.27801
G1 X27.062 Y95.023 E.01641
G1 X32.871 Y100.831 E.25257
G1 X32.283 Y100.776 E.01817
G1 X27.062 Y95.556 E.22699
G1 X27.062 Y96.09 E.01641
G1 X31.691 Y100.719 E.20127
G1 X31.1 Y100.661 E.01827
G1 X27.062 Y96.623 E.17556
G1 X27.062 Y97.157 E.01641
G1 X30.508 Y100.603 E.14984
G1 X29.917 Y100.545 E.01827
G1 X27.062 Y97.691 E.12412
G1 X27.062 Y98.224 E.01641
G1 X29.325 Y100.487 E.09841
G1 X28.734 Y100.43 E.01827
G1 X27.062 Y98.758 E.07269
G1 X27.062 Y99.292 E.01641
G1 X28.143 Y100.372 E.04697
G1 X27.551 Y100.314 E.01827
G1 X26.893 Y99.656 E.02863
; stop printing object USV 1 e2mm.stl_5 id:1 copy 0
; end of layer_num: 9, T: 0, print_z: 1.840000
;LAYER_CHANGE
;Z:2.04
;HEIGHT:0.2
; BEFORE_LAYER_CHANGE 9 @ 2.04mm
G92 E0
; AFTER_LAYER_CHANGE 9 @ 2.04mm
; start of layer_num: 10, T: 0, print_z: 2.040000
; printing object "USV 1 e2mm.stl_6_B" id:0 copy 0
G1 E-.8 F3600
G1 X176.679 Y116.219 Z2.04 F18000
G1 E.8 F3600
M204 S1000
;TYPE:Outer wall
;WIDTH:0.42
G1 F3000
G1 X176.679 Y143.067 E.82498
G1 X176.679 Y199.008 E1.71891
G1 X163.26 Y198.905 E.41232
G1 X148.483 Y198.763 E.4541
G1 X141.106 Y198.669 E.22668
G1 X126.235 Y198.439 E.457
G1 X116.281 Y198.244 E.30592
G1 X101.422 Y197.876 E.4567
G1 X86.623 Y197.38 E.45499
G1 X81.689 Y197.185 E.15174
G1 X76.794 Y196.968 E.15055
G1 X69.43 Y196.607 E.22655
G1 X62.019 Y196.187 E.22809
G1 X52.396 Y195.567 E.2963
G1 X47.586 Y195.217 E.1482
G1 X42.774 Y194.834 E.1483
G1 X37.97 Y194.425 E.14816
G1 X33.159 Y193.989 E.14844
G1 X27.097 Y193.396 E.18715
G1 X27.097 Y121.827 E2.19912
G1 X33.293 Y121.221 E.1913
G1 X42.917 Y120.376 E.29685
G1 X47.738 Y119.993 E.1486
G1 X52.562 Y119.644 E.14862
G1 X59.796 Y119.171 E.22275
G1 X67.183 Y118.739 E.22736
G1 X77.095 Y118.243 E.30497
G1 X82.03 Y118.025 E.15178
G1 X87.006 Y117.83 E.15302
G1 X96.949 Y117.48 E.30569
G1 X106.854 Y117.202 E.30447
G1 X116.736 Y116.966 E.30374
G1 X126.637 Y116.782 E.30429
G1 X136.519 Y116.616 E.3037
G1 X148.938 Y116.459 E.38161
G1 X156.427 Y116.38 E.23015
G1 X176.659 Y116.219 E.62167
M204 S2000
G1 E-.8 F3600
G1 X106.273 Y157.585 F18000
G1 E.8 F3600
M204 S1500
;TYPE:Inner wall
;WIDTH:0.45
G1 F4800
G1 X106.274 Y157.824 E.00793
G1 X65.113 Y158.813 E1.36578
G1 X63.999 Y158.575 E.03776
G1 X63.887 Y158.745 E.00677
G1 X62.821 Y158.482 E.03641
G1 X62.796 Y162.447 E.13153
G1 X63.204 Y166.279 E.12783
G1 X63.482 Y172.972 E.22221
G1 X64.975 Y195.961 E.7642
G1 X62.043 Y195.795 E.09742
G1 X52.423 Y195.176 E.31977
G1 X47.615 Y194.826 E.15989
G1 X42.806 Y194.443 E.16003
G1 X38.004 Y194.035 E.15987
G1 X33.196 Y193.599 E.16017
G1 X27.489 Y193.041 E.1902
G1 X27.489 Y122.183 E2.35049
G1 X33.329 Y121.612 E.19466
G1 X42.95 Y120.766 E.32035
G1 X47.768 Y120.384 E.16033
G1 X52.589 Y120.035 E.16035
G1 X59.193 Y119.603 E.21953
G1 X59.439 Y122.763 E.10512
G1 X61.223 Y145.65 E.76152
G1 X61.647 Y145.732 E.0143
G1 X62.304 Y154.978 E.30749
G1 X62.485 Y155.897 E.03108
G1 X63.682 Y156.954 E.05294
G1 X64.48 Y156.81 E.02689
G1 X106.253 Y157.585 E1.38593
G1 E-.8 F3600
M204 S2000
G1 X106.469 Y157.704 F18000
G1 E.8 F3600
;TYPE:Gap infill
;WIDTH:0.606413
G1 F6000
G1 X107.585 Y157.701 E.05125
;WIDTH:0.583254
G1 X108.702 Y157.698 E.04914
;WIDTH:0.536936
G1 X109.818 Y157.695 E.04493
;WIDTH:0.490619
G1 X110.934 Y157.692 E.04072
;WIDTH:0.444301
G1 X112.05 Y157.689 E.0365
;WIDTH:0.397984
G1 X113.166 Y157.686 E.03229
;WIDTH:0.351666
G1 X114.282 Y157.683 E.02808
;WIDTH:0.305349
G1 X115.398 Y157.68 E.02387
;WIDTH:0.259031
G1 X116.514 Y157.677 E.01965
;WIDTH:0.212714
G1 X117.63 Y157.673 E.01544
;WIDTH:0.166396
G1 X118.746 Y157.67 E.01123
;WIDTH:0.120079
G1 X119.862 Y157.667 E.00702
G1 X101.083 Y157.719 F18000
;WIDTH:0.120677
G1 F6000
G1 X99.938 Y157.722 E.00725
;WIDTH:0.168193
G1 X98.793 Y157.725 E.01169
;WIDTH:0.215708
G1 X97.648 Y157.728 E.01612
;WIDTH:0.263224
G1 X96.503 Y157.731 E.02055
;WIDTH:0.310739
G1 X95.359 Y157.735 E.02498
;WIDTH:0.358254
G1 X94.214 Y157.738 E.02942
;WIDTH:0.40577
G1 X93.069 Y157.741 E.03385
;WIDTH:0.453285
G1 X91.924 Y157.744 E.03828
;WIDTH:0.500801
G1 X90.779 Y157.747 E.04272
;WIDTH:0.548316
G1 X89.634 Y157.75 E.04715
;WIDTH:0.595832
G1 X88.49 Y157.753 E.05158
;WIDTH:0.619589
G1 X87.345 Y157.757 E.0538
G1 X86.724 Y158.13 F18000
;TYPE:Internal solid infill
;WIDTH:0.421
G1 F6000
G1 X87.012 Y157.843 E.01253
G1 X87.011 Y157.561 E.00867
G1 X86.763 Y157.557 E.00764
G1 X86.35 Y157.97 E.01799
G1 X85.802 Y157.983 E.01688
G1 X86.238 Y157.547 E.01898
G1 X85.713 Y157.537 E.01618
G1 X85.254 Y157.996 E.01998
G1 X84.707 Y158.009 E.01688
G1 X85.188 Y157.528 E.02098
G1 X84.663 Y157.518 E.01618
G1 X84.159 Y158.022 E.02198
G1 X83.611 Y158.035 E.01688
G1 X84.138 Y157.508 E.02297
G1 X83.613 Y157.498 E.01618
G1 X83.063 Y158.049 E.02397
G1 X82.515 Y158.062 E.01688
G1 X83.088 Y157.489 E.02497
G1 X82.563 Y157.479 E.01618
G1 X81.967 Y158.075 E.02597
G1 X81.419 Y158.088 E.01688
G1 X82.038 Y157.469 E.02696
G1 X81.513 Y157.459 E.01618
G1 X80.872 Y158.101 E.02796
G1 X80.324 Y158.114 E.01688
G1 X80.988 Y157.45 E.02896
G1 X80.463 Y157.44 E.01618
G1 X79.776 Y158.128 E.02996
G1 X79.228 Y158.141 E.01688
G1 X79.938 Y157.43 E.03095
G1 X79.414 Y157.421 E.01618
G1 X78.68 Y158.154 E.03195
G1 X78.132 Y158.167 E.01688
G1 X78.889 Y157.411 E.03295
G1 X78.364 Y157.401 E.01618
G1 X77.585 Y158.18 E.03395
G1 X77.037 Y158.193 E.01688
G1 X77.839 Y157.391 E.03494
G1 X77.314 Y157.382 E.01618
G1 X76.489 Y158.207 E.03594
G1 X75.941 Y158.22 E.01688
G1 X76.789 Y157.372 E.03694
G1 X76.264 Y157.362 E.01618
G1 X75.393 Y158.233 E.03794
G1 X74.845 Y158.246 E.01688
G1 X75.739 Y157.352 E.03893
G1 X75.214 Y157.343 E.01618
G1 X74.297 Y158.259 E.03993
G1 X73.75 Y158.272 E.01688
G1 X74.689 Y157.333 E.04093
G1 X74.164 Y157.323 E.01618
G1 X73.202 Y158.286 E.04193
G1 X72.654 Y158.299 E.01688
G1 X73.639 Y157.314 E.04292
G1 X73.114 Y157.304 E.01618
G1 X72.106 Y158.312 E.04392
G1 X71.558 Y158.325 E.01688
G1 X72.589 Y157.294 E.04492
G1 X72.064 Y157.284 E.01618
G1 X71.01 Y158.338 E.04592
G1 X70.462 Y158.351 E.01688
G1 X71.539 Y157.275 E.04691
G1 X71.014 Y157.265 E.01618
G1 X69.915 Y158.364 E.04791
G1 X69.367 Y158.378 E.01688
G1 X70.489 Y157.255 E.04891
G1 X69.964 Y157.245 E.01618
G1 X68.819 Y158.391 E.04991
G1 X68.271 Y158.404 E.01688
G1 X69.439 Y157.236 E.0509
G1 X68.914 Y157.226 E.01618
G1 X67.723 Y158.417 E.0519
G1 X67.175 Y158.43 E.01688
G1 X68.389 Y157.216 E.0529
G1 X67.864 Y157.206 E.01618
G1 X66.628 Y158.443 E.0539
G1 X66.08 Y158.457 E.01688
G1 X67.34 Y157.197 E.05489
G1 X66.815 Y157.187 E.01618
G1 X65.532 Y158.47 E.05589
G1 X65.144 Y158.479 E.01196
G1 X65.015 Y158.452 E.00405
G1 X66.29 Y157.177 E.05552
G1 X65.765 Y157.168 E.01618
G1 X64.575 Y158.357 E.05184
G1 X64.135 Y158.263 E.01388
G1 X65.24 Y157.158 E.04815
G1 X64.715 Y157.148 E.01618
G1 X63.545 Y158.318 E.05095
G1 X63.116 Y158.212 E.01361
G1 X64.113 Y157.215 E.04343
G1 X63.582 Y157.31 E.01663
G1 X63.53 Y157.264 E.00216
G1 X28.034 Y192.759 E1.54653
G1 X27.822 Y192.738 E.00656
G1 X27.822 Y192.436 E.0093
G1 X63.246 Y157.013 E1.54339
G1 X62.962 Y156.762 E.01167
G1 X27.822 Y191.902 E1.53102
G1 X27.822 Y191.367 E.01647
G1 X62.678 Y156.512 E1.51865
G1 X62.394 Y156.261 E.01167
G1 X27.822 Y190.832 E1.50627
G1 X27.822 Y190.298 E.01647
G1 X62.158 Y155.962 E1.49602
G1 X62.07 Y155.515 E.01402
G1 X27.822 Y189.763 E1.49218
G1 X27.822 Y189.228 E.01647
G1 X61.982 Y155.069 E1.48834
G1 X61.941 Y154.575 E.01526
G1 X27.822 Y188.694 E1.48656
G1 X27.822 Y188.159 E.01647
G1 X61.906 Y154.076 E1.48501
G1 X61.87 Y153.576 E.01542
G1 X27.822 Y187.624 E1.48347
G1 X27.822 Y187.09 E.01647
G1 X61.835 Y153.077 E1.48192
G1 X61.799 Y152.578 E.01542
G1 X27.822 Y186.555 E1.48037
G1 X27.822 Y186.02 E.01647
G1 X61.764 Y152.079 E1.47883
G1 X61.728 Y151.58 E.01542
G1 X27.822 Y185.485 E1.47728
G1 X27.822 Y184.951 E.01647
G1 X61.693 Y151.08 E1.47574
G1 X61.657 Y150.581 E.01542
G1 X27.822 Y184.416 E1.47419
G1 X27.822 Y183.881 E.01647
G1 X61.622 Y150.082 E1.47264
G1 X61.586 Y149.583 E.01542
G1 X27.822 Y183.347 E1.4711
G1 X27.822 Y182.812 E.01647
G1 X61.551 Y149.084 E1.46955
G1 X61.515 Y148.584 E.01542
G1 X27.822 Y182.277 E1.468
G1 X27.822 Y181.743 E.01647
G1 X61.48 Y148.085 E1.46646
G1 X61.444 Y147.586 E.01542
G1 X27.822 Y181.208 E1.46491
G1 X27.822 Y180.673 E.01647
G1 X61.409 Y147.087 E1.46336
G1 X61.373 Y146.588 E.01542
G1 X27.822 Y180.139 E1.46182
G1 X27.822 Y179.604 E.01647
G1 X61.338 Y146.088 E1.46027
G1 X61.332 Y146.011 E.00241
G1 X60.954 Y145.937 E.01186
G1 X27.822 Y179.069 E1.44356
G1 X27.822 Y178.535 E.01647
G1 X60.876 Y145.481 E1.44014
G1 X60.837 Y144.985 E.01533
G1 X27.822 Y178 E1.43846
G1 X27.822 Y177.465 E.01647
G1 X60.799 Y144.489 E1.43677
G1 X60.76 Y143.993 E.01533
G1 X27.822 Y176.93 E1.43509
G1 X27.822 Y176.396 E.01647
G1 X60.721 Y143.497 E1.4334
G1 X60.683 Y143.001 E.01533
G1 X27.822 Y175.861 E1.43172
G1 X27.822 Y175.326 E.01647
G1 X60.644 Y142.505 E1.43003
G1 X60.605 Y142.009 E.01533
G1 X27.822 Y174.792 E1.42835
G1 X27.822 Y174.257 E.01647
G1 X60.566 Y141.513 E1.42666
G1 X60.528 Y141.017 E.01533
G1 X27.822 Y173.722 E1.42498
G1 X27.822 Y173.188 E.01647
G1 X60.489 Y140.521 E1.42329
G1 X60.45 Y140.025 E.01533
G1 X27.822 Y172.653 E1.42161
G1 X27.822 Y172.118 E.01647
G1 X60.412 Y139.529 E1.41992
G1 X60.373 Y139.033 E.01533
G1 X27.822 Y171.584 E1.41824
G1 X27.822 Y171.049 E.01647
G1 X60.334 Y138.537 E1.41655
G1 X60.296 Y138.041 E.01533
G1 X27.822 Y170.514 E1.41487
G1 X27.822 Y169.98 E.01647
G1 X60.257 Y137.545 E1.41318
G1 X60.218 Y137.049 E.01533
G1 X27.822 Y169.445 E1.41149
G1 X27.822 Y168.91 E.01647
G1 X60.18 Y136.553 E1.40981
G1 X60.141 Y136.057 E.01533
G1 X27.822 Y168.376 E1.40812
G1 X27.822 Y167.841 E.01647
G1 X60.102 Y135.561 E1.40644
G1 X60.064 Y135.065 E.01533
G1 X27.822 Y167.306 E1.40475
G1 X27.822 Y166.771 E.01647
G1 X60.025 Y134.569 E1.40307
G1 X59.986 Y134.073 E.01533
G1 X27.822 Y166.237 E1.40138
G1 X27.822 Y165.702 E.01647
G1 X59.948 Y133.577 E1.3997
G1 X59.909 Y133.081 E.01533
G1 X27.822 Y165.167 E1.39801
G1 X27.822 Y164.633 E.01647
G1 X59.87 Y132.585 E1.39633
G1 X59.832 Y132.089 E.01533
G1 X27.822 Y164.098 E1.39464
G1 X27.822 Y163.563 E.01647
G1 X59.793 Y131.593 E1.39296
G1 X59.754 Y131.097 E.01533
G1 X27.822 Y163.029 E1.39127
G1 X27.822 Y162.494 E.01647
G1 X59.716 Y130.601 E1.38959
G1 X59.677 Y130.105 E.01533
G1 X27.822 Y161.959 E1.3879
G1 X27.822 Y161.425 E.01647
G1 X59.638 Y129.609 E1.38622
G1 X59.6 Y129.113 E.01533
G1 X27.822 Y160.89 E1.38453
G1 X27.822 Y160.355 E.01647
G1 X59.561 Y128.617 E1.38285
G1 X59.522 Y128.121 E.01533
G1 X27.822 Y159.821 E1.38116
G1 X27.822 Y159.286 E.01647
G1 X59.483 Y127.625 E1.37948
G1 X59.445 Y127.129 E.01533
G1 X27.822 Y158.751 E1.37779
G1 X27.822 Y158.216 E.01647
G1 X59.406 Y126.633 E1.3761
G1 X59.367 Y126.137 E.01533
G1 X27.822 Y157.682 E1.37442
G1 X27.822 Y157.147 E.01647
G1 X59.329 Y125.641 E1.37273
G1 X59.29 Y125.145 E.01533
G1 X27.822 Y156.612 E1.37105
G1 X27.822 Y156.078 E.01647
G1 X59.251 Y124.649 E1.36936
G1 X59.213 Y124.153 E.01533
G1 X27.822 Y155.543 E1.36768
G1 X27.822 Y155.008 E.01647
G1 X59.174 Y123.657 E1.36599
G1 X59.135 Y123.161 E.01533
G1 X27.822 Y154.474 E1.36431
G1 X27.822 Y153.939 E.01647
G1 X59.097 Y122.665 E1.36262
G1 X59.058 Y122.169 E.01533
G1 X27.822 Y153.404 E1.36094
G1 X27.822 Y152.87 E.01647
G1 X59.02 Y121.673 E1.35926
G1 X58.981 Y121.176 E.01533
G1 X27.822 Y152.335 E1.35758
G1 X27.822 Y151.8 E.01647
G1 X58.942 Y120.68 E1.3559
G1 X58.904 Y120.184 E.01533
G1 X27.822 Y151.266 E1.35422
G1 X27.822 Y150.731 E.01647
G1 X58.576 Y119.978 E1.33993
G1 X58.004 Y120.015 E.01766
G1 X27.822 Y150.196 E1.315
G1 X27.822 Y149.662 E.01647
G1 X57.432 Y120.052 E1.29008
G1 X56.86 Y120.09 E.01766
G1 X27.822 Y149.127 E1.26515
G1 X27.822 Y148.592 E.01647
G1 X56.287 Y120.127 E1.24022
G1 X55.715 Y120.165 E.01766
G1 X27.822 Y148.057 E1.2153
G1 X27.822 Y147.523 E.01647
G1 X55.143 Y120.202 E1.19037
G1 X54.571 Y120.239 E.01766
G1 X27.822 Y146.988 E1.16545
G1 X27.822 Y146.453 E.01647
G1 X53.999 Y120.277 E1.14052
G1 X53.427 Y120.314 E.01766
G1 X27.822 Y145.919 E1.11559
G1 X27.822 Y145.384 E.01647
G1 X52.855 Y120.352 E1.09067
G1 X52.28 Y120.391 E.01774
G1 X27.822 Y144.849 E1.06564
G1 X27.822 Y144.315 E.01647
G1 X51.704 Y120.433 E1.04052
G1 X51.128 Y120.475 E.0178
G1 X27.822 Y143.78 E1.01541
G1 X27.822 Y143.245 E.01647
G1 X50.551 Y120.516 E.9903
G1 X49.975 Y120.558 E.0178
G1 X27.822 Y142.711 E.96519
G1 X27.822 Y142.176 E.01647
G1 X49.399 Y120.6 E.94007
G1 X48.822 Y120.642 E.0178
G1 X27.822 Y141.641 E.91496
G1 X27.822 Y141.107 E.01647
G1 X48.246 Y120.683 E.88985
G1 X47.668 Y120.726 E.01783
G1 X27.822 Y140.572 E.86469
G1 X27.822 Y140.037 E.01647
G1 X47.088 Y120.772 E.83939
G1 X46.507 Y120.818 E.01795
G1 X27.822 Y139.502 E.81408
G1 X27.822 Y138.968 E.01647
G1 X45.926 Y120.864 E.78878
G1 X45.345 Y120.91 E.01795
G1 X27.822 Y138.433 E.76347
G1 X27.822 Y137.898 E.01647
G1 X44.764 Y120.956 E.73816
G1 X44.184 Y121.003 E.01795
G1 X27.822 Y137.364 E.71286
G1 X27.822 Y136.829 E.01647
G1 X43.603 Y121.049 E.68755
G1 X43.022 Y121.095 E.01795
G1 X27.822 Y136.294 E.66225
G1 X27.822 Y135.76 E.01647
G1 X42.436 Y121.146 E.63672
G1 X41.85 Y121.197 E.01813
G1 X27.822 Y135.225 E.61118
G1 X27.822 Y134.69 E.01647
G1 X41.264 Y121.249 E.58564
G1 X40.678 Y121.3 E.01813
G1 X27.822 Y134.156 E.5601
G1 X27.822 Y133.621 E.01647
G1 X40.091 Y121.352 E.53456
G1 X39.505 Y121.404 E.01813
G1 X27.822 Y133.086 E.50902
G1 X27.822 Y132.552 E.01647
G1 X38.919 Y121.455 E.48348
G1 X38.333 Y121.507 E.01813
G1 X27.822 Y132.017 E.45793
G1 X27.822 Y131.482 E.01647
G1 X37.747 Y121.558 E.43239
G1 X37.16 Y121.61 E.01813
G1 X27.822 Y130.948 E.40685
G1 X27.822 Y130.413 E.01647
G1 X36.574 Y121.661 E.38131
G1 X35.988 Y121.713 E.01813
G1 X27.822 Y129.878 E.35577
G1 X27.822 Y129.343 E.01647
G1 X35.402 Y121.764 E.33023
G1 X34.815 Y121.816 E.01813
G1 X27.822 Y128.809 E.30469
G1 X27.822 Y128.274 E.01647
G1 X34.229 Y121.867 E.27915
G1 X33.643 Y121.919 E.01813
G1 X27.822 Y127.739 E.25361
G1 X27.822 Y127.205 E.01647
G1 X33.054 Y121.974 E.22792
G1 X32.461 Y122.032 E.01834
G1 X27.822 Y126.67 E.2021
G1 X27.822 Y126.135 E.01647
G1 X31.868 Y122.089 E.17628
G1 X31.276 Y122.147 E.01834
G1 X27.822 Y125.601 E.15046
G1 X27.822 Y125.066 E.01647
G1 X30.683 Y122.205 E.12464
G1 X30.091 Y122.263 E.01834
G1 X27.822 Y124.531 E.09882
G1 X27.822 Y123.997 E.01647
G1 X29.498 Y122.321 E.073
G1 X28.905 Y122.379 E.01834
G1 X27.822 Y123.462 E.04718
G1 X27.822 Y122.927 E.01647
G1 X28.502 Y122.248 E.0296
G1 X62.657 Y158.672 F18000
G1 F6000
G1 X28.521 Y192.807 E1.48727
G1 X29.009 Y192.854 E.01508
G1 X62.482 Y159.38 E1.45846
G1 X62.479 Y159.919 E.01658
G1 X29.496 Y192.902 E1.43709
G1 X29.983 Y192.95 E.01508
G1 X62.476 Y160.457 E1.41572
G1 X62.472 Y160.995 E.01658
G1 X30.47 Y192.997 E1.39436
G1 X30.957 Y193.045 E.01508
G1 X62.469 Y161.533 E1.37299
G1 X62.465 Y162.071 E.01658
G1 X31.444 Y193.093 E1.35162
G1 X31.931 Y193.14 E.01508
G1 X62.477 Y162.594 E1.3309
G1 X62.528 Y163.077 E.01497
G1 X32.418 Y193.188 E1.31191
G1 X32.905 Y193.236 E.01508
G1 X62.58 Y163.561 E1.29293
G1 X62.631 Y164.044 E.01497
G1 X33.393 Y193.282 E1.2739
G1 X33.883 Y193.326 E.01517
G1 X62.682 Y164.527 E1.25478
G1 X62.734 Y165.011 E.01497
G1 X34.373 Y193.371 E1.23566
G1 X34.864 Y193.415 E.01517
G1 X62.785 Y165.494 E1.21653
G1 X62.836 Y165.977 E.01497
G1 X35.354 Y193.46 E1.19741
G1 X35.844 Y193.504 E.01517
G1 X62.878 Y166.47 E1.17786
G1 X62.899 Y166.984 E.01583
G1 X36.335 Y193.549 E1.15743
G1 X36.825 Y193.593 E.01517
G1 X62.921 Y167.497 E1.137
G1 X62.942 Y168.01 E.01583
G1 X37.315 Y193.637 E1.11657
G1 X37.805 Y193.682 E.01517
G1 X62.963 Y168.524 E1.09614
G1 X62.985 Y169.037 E.01583
G1 X38.297 Y193.725 E1.07565
G1 X38.79 Y193.767 E.01524
G1 X63.006 Y169.551 E1.05511
G1 X63.027 Y170.064 E.01583
G1 X39.282 Y193.809 E1.03457
G1 X39.775 Y193.851 E.01524
G1 X63.049 Y170.577 E1.01403
G1 X63.07 Y171.091 E.01583
G1 X40.268 Y193.893 E.99349
G1 X40.761 Y193.935 E.01524
G1 X63.091 Y171.604 E.97295
G1 X63.113 Y172.117 E.01583
G1 X41.253 Y193.977 E.95241
G1 X41.746 Y194.018 E.01524
G1 X63.134 Y172.631 E.93187
G1 X63.159 Y173.141 E.01573
G1 X42.239 Y194.06 E.91148
G1 X42.732 Y194.102 E.01524
G1 X63.191 Y173.643 E.89143
G1 X63.224 Y174.145 E.0155
G1 X43.226 Y194.142 E.8713
G1 X43.722 Y194.182 E.01531
G1 X63.257 Y174.647 E.85114
G1 X63.289 Y175.149 E.0155
G1 X44.217 Y194.221 E.83098
G1 X44.712 Y194.261 E.01531
G1 X63.322 Y175.651 E.81082
G1 X63.354 Y176.153 E.0155
G1 X45.208 Y194.3 E.79066
G1 X45.703 Y194.339 E.01531
G1 X63.387 Y176.655 E.77051
G1 X63.42 Y177.157 E.0155
G1 X46.198 Y194.379 E.75035
G1 X46.693 Y194.418 E.01531
G1 X63.452 Y177.659 E.73019
G1 X63.485 Y178.161 E.0155
G1 X47.189 Y194.458 E.71003
G1 X47.684 Y194.497 E.01531
G1 X63.517 Y178.663 E.68986
G1 X63.55 Y179.166 E.0155
G1 X48.183 Y194.533 E.66957
G1 X48.681 Y194.569 E.0154
G1 X63.583 Y179.668 E.64927
G1 X63.615 Y180.17 E.0155
G1 X49.179 Y194.606 E.62897
G1 X49.678 Y194.642 E.0154
G1 X63.648 Y180.672 E.60868
G1 X63.681 Y181.174 E.0155
G1 X50.176 Y194.678 E.58838
G1 X50.675 Y194.714 E.0154
G1 X63.713 Y181.676 E.56809
G1 X63.746 Y182.178 E.0155
G1 X51.173 Y194.751 E.54779
G1 X51.672 Y194.787 E.0154
G1 X63.778 Y182.68 E.52749
G1 X63.811 Y183.182 E.0155
G1 X52.17 Y194.823 E.5072
G1 X52.67 Y194.858 E.01545
G1 X63.844 Y183.684 E.48683
G1 X63.876 Y184.186 E.0155
G1 X53.173 Y194.89 E.46636
G1 X53.675 Y194.922 E.01551
G1 X63.909 Y184.688 E.44589
G1 X63.941 Y185.19 E.0155
G1 X54.177 Y194.955 E.42543
G1 X54.68 Y194.987 E.01551
G1 X63.974 Y185.692 E.40496
G1 X64.007 Y186.195 E.0155
G1 X55.182 Y195.019 E.3845
G1 X55.684 Y195.052 E.01551
G1 X64.039 Y186.697 E.36403
G1 X64.072 Y187.199 E.0155
G1 X56.186 Y195.084 E.34357
G1 X56.689 Y195.116 E.01551
G1 X64.104 Y187.701 E.3231
G1 X64.137 Y188.203 E.0155
G1 X57.191 Y195.149 E.30264
G1 X57.693 Y195.181 E.01551
G1 X64.17 Y188.705 E.28217
G1 X64.202 Y189.207 E.0155
G1 X58.196 Y195.214 E.2617
G1 X58.698 Y195.246 E.01551
G1 X64.235 Y189.709 E.24124
G1 X64.268 Y190.211 E.0155
G1 X59.2 Y195.278 E.22077
G1 X59.703 Y195.311 E.01551
G1 X64.3 Y190.713 E.20031
G1 X64.333 Y191.215 E.0155
G1 X60.205 Y195.343 E.17984
G1 X60.707 Y195.375 E.01551
G1 X64.365 Y191.717 E.15938
G1 X64.398 Y192.219 E.0155
G1 X61.21 Y195.408 E.13891
G1 X61.712 Y195.44 E.01551
G1 X64.431 Y192.722 E.11844
G1 X64.463 Y193.224 E.0155
G1 X62.216 Y195.471 E.09793
G1 X62.722 Y195.5 E.01561
G1 X64.496 Y193.726 E.0773
G1 X64.528 Y194.228 E.0155
G1 X63.228 Y195.529 E.05668
G1 X63.734 Y195.557 E.01561
G1 X64.561 Y194.73 E.03605
G1 X64.594 Y195.232 E.0155
G1 X64.079 Y195.747 E.02243
G1 E-.8 F3600
G1 X175.812 Y198.892 F18000
G1 E.8 F3600
M204 S1000
;TYPE:Top surface
;WIDTH:0.420302
G1 X176.569 Y198.135 E.03292
M204 S2000
G1 X176.569 Y197.602 F18000
M204 S1000
G1 F3600
G1 X175.283 Y198.888 E.05595
M204 S2000
G1 X174.753 Y198.884 F18000
M204 S1000
G1 F3600
G1 X176.569 Y197.068 E.07899
M204 S2000
G1 X176.569 Y196.534 F18000
M204 S1000
G1 F3600
G1 X174.223 Y198.88 E.10202
M204 S2000
G1 X173.694 Y198.876 F18000
M204 S1000
G1 F3600
G1 X176.569 Y196.001 E.12505
M204 S2000
G1 X176.569 Y195.467 F18000
M204 S1000
G1 F3600
G1 X173.164 Y198.872 E.14809
M204 S2000
G1 X172.635 Y198.868 F18000
M204 S1000
G1 F3600
G1 X176.569 Y194.933 E.17112
M204 S2000
G1 X176.569 Y194.399 F18000
M204 S1000
G1 F3600
G1 X172.105 Y198.864 E.19416
M204 S2000
G1 X171.575 Y198.86 F18000
M204 S1000
G1 F3600
G1 X176.569 Y193.866 E.21719
M204 S2000
G1 X176.569 Y193.332 F18000
M204 S1000
G1 F3600
G1 X171.046 Y198.856 E.24022
M204 S2000
G1 X170.516 Y198.852 F18000
M204 S1000
G1 F3600
G1 X176.569 Y192.798 E.26326
M204 S2000
G1 X176.569 Y192.265 F18000
M204 S1000
G1 F3600
G1 X169.986 Y198.848 E.28629
M204 S2000
G1 X169.457 Y198.843 F18000
M204 S1000
G1 F3600
G1 X176.569 Y191.731 E.30932
M204 S2000
G1 X176.569 Y191.197 F18000
M204 S1000
G1 F3600
G1 X168.927 Y198.839 E.33236
M204 S2000
G1 X168.397 Y198.835 F18000
M204 S1000
G1 F3600
G1 X176.569 Y190.664 E.35539
M204 S2000
G1 X176.569 Y190.13 F18000
M204 S1000
G1 F3600
G1 X167.868 Y198.831 E.37842
M204 S2000
G1 X167.338 Y198.827 F18000
M204 S1000
G1 F3600
G1 X176.569 Y189.596 E.40146
M204 S2000
G1 X176.569 Y189.062 F18000
M204 S1000
G1 F3600
G1 X166.809 Y198.823 E.42449
M204 S2000
G1 X166.279 Y198.819 F18000
M204 S1000
G1 F3600
G1 X176.569 Y188.529 E.44753
M204 S2000
G1 X176.569 Y187.995 F18000
M204 S1000
G1 F3600
G1 X165.749 Y198.815 E.47056
M204 S2000
G1 X165.22 Y198.811 F18000
M204 S1000
G1 F3600
G1 X176.569 Y187.461 E.49359
M204 S2000
G1 X176.569 Y186.928 F18000
M204 S1000
G1 F3600
G1 X164.69 Y198.807 E.51663
M204 S2000
G1 X164.16 Y198.803 F18000
M204 S1000
G1 F3600
G1 X176.569 Y186.394 E.53966
M204 S2000
G1 X176.569 Y185.86 F18000
M204 S1000
G1 F3600
G1 X163.631 Y198.799 E.56269
M204 S2000
G1 X163.101 Y198.794 F18000
M204 S1000
G1 F3600
G1 X176.569 Y185.327 E.58571
M204 S2000
G1 X176.569 Y184.793 F18000
M204 S1000
G1 F3600
G1 X162.573 Y198.789 E.6087
M204 S2000
G1 X162.044 Y198.784 F18000
M204 S1000
G1 F3600
G1 X176.569 Y184.259 E.63169
M204 S2000
G1 X176.569 Y183.725 F18000
M204 S1000
G1 F3600
G1 X161.516 Y198.779 E.65468
M204 S2000
G1 X160.987 Y198.774 F18000
M204 S1000
G1 F3600
G1 X176.569 Y183.192 E.67767
M204 S2000
G1 X176.569 Y182.658 F18000
M204 S1000
G1 F3600
G1 X160.458 Y198.769 E.70066
M204 S2000
G1 X159.93 Y198.764 F18000
M204 S1000
G1 F3600
G1 X176.569 Y182.124 E.72365
M204 S2000
G1 X176.569 Y181.591 F18000
M204 S1000
G1 F3600
G1 X159.401 Y198.759 E.74664
M204 S2000
G1 X158.872 Y198.754 F18000
M204 S1000
G1 F3600
G1 X176.569 Y181.057 E.76963
M204 S2000
G1 X176.569 Y180.523 F18000
M204 S1000
G1 F3600
G1 X158.344 Y198.749 E.79262
M204 S2000
G1 X157.815 Y198.744 F18000
M204 S1000
G1 F3600
G1 X176.569 Y179.99 E.81561
M204 S2000
G1 X176.569 Y179.456 F18000
M204 S1000
G1 F3600
G1 X157.287 Y198.739 E.8386
M204 S2000
G1 X156.758 Y198.733 F18000
M204 S1000
G1 F3600
G1 X176.569 Y178.922 E.86159
M204 S2000
G1 X176.569 Y178.388 F18000
M204 S1000
G1 F3600
G1 X156.229 Y198.728 E.88458
M204 S2000
G1 X155.701 Y198.723 F18000
M204 S1000
G1 F3600
G1 X176.569 Y177.855 E.90757
M204 S2000
G1 X176.569 Y177.321 F18000
M204 S1000
G1 F3600
G1 X155.172 Y198.718 E.93056
M204 S2000
G1 X154.643 Y198.713 F18000
M204 S1000
G1 F3600
G1 X176.569 Y176.787 E.95355
M204 S2000
G1 X176.569 Y176.254 F18000
M204 S1000
G1 F3600
G1 X154.115 Y198.708 E.97653
M204 S2000
G1 X153.586 Y198.703 F18000
M204 S1000
G1 F3600
G1 X176.569 Y175.72 E.99952
M204 S2000
G1 X176.569 Y175.186 F18000
M204 S1000
G1 F3600
G1 X153.058 Y198.698 E1.02251
M204 S2000
G1 X152.529 Y198.693 F18000
M204 S1000
G1 F3600
G1 X176.569 Y174.653 E1.0455
M204 S2000
G1 X176.569 Y174.119 F18000
M204 S1000
G1 F3600
G1 X152 Y198.688 E1.06849
M204 S2000
G1 X151.472 Y198.683 F18000
M204 S1000
G1 F3600
G1 X176.569 Y173.585 E1.09148
M204 S2000
G1 X176.569 Y173.051 F18000
M204 S1000
G1 F3600
G1 X150.943 Y198.678 E1.11447
M204 S2000
G1 X150.415 Y198.673 F18000
M204 S1000
G1 F3600
G1 X176.569 Y172.518 E1.13746
M204 S2000
G1 X176.569 Y171.984 F18000
M204 S1000
G1 F3600
G1 X149.886 Y198.667 E1.16045
M204 S2000
G1 X149.357 Y198.662 F18000
M204 S1000
G1 F3600
G1 X176.569 Y171.45 E1.18344
M204 S2000
G1 X176.569 Y170.917 F18000
M204 S1000
G1 F3600
G1 X148.829 Y198.657 E1.20643
M204 S2000
G1 X148.301 Y198.652 F18000
M204 S1000
G1 F3600
G1 X176.569 Y170.383 E1.22939
M204 S2000
G1 X176.569 Y169.849 F18000
M204 S1000
G1 F3600
G1 X147.774 Y198.645 E1.25231
M204 S2000
G1 X147.247 Y198.638 F18000
M204 S1000
G1 F3600
G1 X176.569 Y169.316 E1.27523
M204 S2000
G1 X176.569 Y168.782 F18000
M204 S1000
G1 F3600
G1 X146.72 Y198.631 E1.29815
M204 S2000
G1 X146.193 Y198.625 F18000
M204 S1000
G1 F3600
G1 X176.569 Y168.248 E1.32107
M204 S2000
G1 X176.569 Y167.714 F18000
M204 S1000
G1 F3600
G1 X145.666 Y198.618 E1.34399
M204 S2000
G1 X145.139 Y198.611 F18000
M204 S1000
G1 F3600
G1 X176.569 Y167.181 E1.3669
M204 S2000
G1 X176.569 Y166.647 F18000
M204 S1000
G1 F3600
G1 X144.612 Y198.605 E1.38982
M204 S2000
G1 X144.085 Y198.598 F18000
M204 S1000
G1 F3600
G1 X176.569 Y166.113 E1.41274
M204 S2000
G1 X176.569 Y165.58 F18000
M204 S1000
G1 F3600
G1 X143.558 Y198.591 E1.43566
M204 S2000
G1 X143.031 Y198.584 F18000
M204 S1000
G1 F3600
G1 X176.569 Y165.046 E1.45858
M204 S2000
G1 X176.569 Y164.512 F18000
M204 S1000
G1 F3600
G1 X142.504 Y198.578 E1.4815
M204 S2000
G1 X141.977 Y198.571 F18000
M204 S1000
G1 F3600
G1 X176.569 Y163.979 E1.50442
M204 S2000
G1 X176.569 Y163.445 F18000
M204 S1000
G1 F3600
G1 X141.45 Y198.564 E1.52733
M204 S2000
G1 X140.923 Y198.557 F18000
M204 S1000
G1 F3600
G1 X176.569 Y162.911 E1.55023
M204 S2000
G1 X176.569 Y162.378 F18000
M204 S1000
G1 F3600
G1 X140.398 Y198.549 E1.57309
M204 S2000
G1 X139.872 Y198.541 F18000
M204 S1000
G1 F3600
G1 X176.569 Y161.844 E1.59594
M204 S2000
G1 X176.569 Y161.31 F18000
M204 S1000
G1 F3600
G1 X139.347 Y198.533 E1.6188
M204 S2000
G1 X138.821 Y198.525 F18000
M204 S1000
G1 F3600
G1 X176.569 Y160.776 E1.64166
M204 S2000
G1 X176.569 Y160.243 F18000
M204 S1000
G1 F3600
G1 X138.295 Y198.516 E1.66451
M204 S2000
G1 X137.77 Y198.508 F18000
M204 S1000
G1 F3600
G1 X176.569 Y159.709 E1.68737
M204 S2000
G1 X176.569 Y159.175 F18000
M204 S1000
G1 F3600
G1 X137.244 Y198.5 E1.71023
M204 S2000
G1 X136.719 Y198.492 F18000
M204 S1000
G1 F3600
G1 X176.569 Y158.642 E1.73309
M204 S2000
G1 X176.569 Y158.108 F18000
M204 S1000
G1 F3600
G1 X136.193 Y198.484 E1.75594
M204 S2000
G1 X135.668 Y198.476 F18000
M204 S1000
G1 F3600
G1 X176.569 Y157.574 E1.7788
M204 S2000
G1 X176.569 Y157.041 F18000
M204 S1000
G1 F3600
G1 X135.142 Y198.468 E1.80166
M204 S2000
G1 X134.616 Y198.46 F18000
M204 S1000
G1 F3600
G1 X176.569 Y156.507 E1.82451
M204 S2000
G1 X176.569 Y155.973 F18000
M204 S1000
G1 F3600
G1 X134.091 Y198.451 E1.84737
M204 S2000
G1 X133.565 Y198.443 F18000
M204 S1000
G1 F3600
G1 X176.569 Y155.439 E1.87023
M204 S2000
G1 X176.569 Y154.906 F18000
M204 S1000
G1 F3600
G1 X133.04 Y198.435 E1.89308
M204 S2000
G1 X132.514 Y198.427 F18000
M204 S1000
G1 F3600
G1 X176.569 Y154.372 E1.91594
M204 S2000
G1 X176.569 Y153.838 F18000
M204 S1000
G1 F3600
G1 X131.989 Y198.419 E1.9388
M204 S2000
G1 X131.463 Y198.411 F18000
M204 S1000
G1 F3600
G1 X176.569 Y153.305 E1.96165
M204 S2000
G1 X176.569 Y152.771 F18000
M204 S1000
G1 F3600
G1 X130.937 Y198.403 E1.98451
M204 S2000
G1 X130.412 Y198.395 F18000
M204 S1000
G1 F3600
G1 X176.569 Y152.237 E2.00737
M204 S2000
G1 X176.569 Y151.704 F18000
M204 S1000
G1 F3600
G1 X129.886 Y198.386 E2.03023
M204 S2000
G1 X129.361 Y198.378 F18000
M204 S1000
G1 F3600
G1 X176.569 Y151.17 E2.05308
M204 S2000
G1 X176.569 Y150.636 F18000
M204 S1000
G1 F3600
G1 X128.835 Y198.37 E2.07594
M204 S2000
G1 X128.31 Y198.362 F18000
M204 S1000
G1 F3600
G1 X176.569 Y150.102 E2.0988
M204 S2000
G1 X176.569 Y149.569 F18000
M204 S1000
G1 F3600
G1 X127.784 Y198.354 E2.12165
M204 S2000
G1 X127.258 Y198.346 F18000
M204 S1000
G1 F3600
G1 X176.569 Y149.035 E2.14451
M204 S2000
G1 X176.569 Y148.501 F18000
M204 S1000
G1 F3600
G1 X126.733 Y198.338 E2.16737
M204 S2000
G1 X126.207 Y198.329 F18000
M204 S1000
G1 F3600
G1 X176.569 Y147.968 E2.19022
M204 S2000
G1 X176.569 Y147.434 F18000
M204 S1000
G1 F3600
G1 X125.684 Y198.319 E2.21298
M204 S2000
G1 X125.161 Y198.309 F18000
M204 S1000
G1 F3600
G1 X176.569 Y146.9 E2.23575
M204 S2000
G1 X176.569 Y146.367 F18000
M204 S1000
G1 F3600
G1 X124.637 Y198.299 E2.25851
M204 S2000
G1 X124.114 Y198.288 F18000
M204 S1000
G1 F3600
G1 X176.569 Y145.833 E2.28128
M204 S2000
G1 X176.569 Y145.299 F18000
M204 S1000
G1 F3600
G1 X123.59 Y198.278 E2.30404
M204 S2000
G1 X123.067 Y198.268 F18000
M204 S1000
G1 F3600
G1 X176.569 Y144.765 E2.32681
M204 S2000
G1 X176.569 Y144.232 F18000
M204 S1000
G1 F3600
G1 X122.543 Y198.258 E2.34957
M204 S2000
G1 X122.02 Y198.247 F18000
M204 S1000
G1 F3600
G1 X176.569 Y143.698 E2.37233
M204 S2000
G1 X176.569 Y143.164 F18000
M204 S1000
G1 F3600
G1 X121.496 Y198.237 E2.3951
M204 S2000
G1 X120.973 Y198.227 F18000
M204 S1000
G1 F3600
G1 X176.569 Y142.631 E2.41786
M204 S2000
G1 X176.569 Y142.097 F18000
M204 S1000
G1 F3600
G1 X120.45 Y198.217 E2.44063
M204 S2000
G1 X119.926 Y198.206 F18000
M204 S1000
G1 F3600
G1 X176.569 Y141.563 E2.46339
M204 S2000
G1 X176.569 Y141.03 F18000
M204 S1000
G1 F3600
G1 X119.403 Y198.196 E2.48616
M204 S2000
G1 X118.879 Y198.186 F18000
M204 S1000
G1 F3600
G1 X176.569 Y140.496 E2.50892
M204 S2000
G1 X176.569 Y139.962 F18000
M204 S1000
G1 F3600
G1 X118.356 Y198.176 E2.53169
M204 S2000
G1 X117.832 Y198.165 F18000
M204 S1000
G1 F3600
G1 X176.569 Y139.428 E2.55445
M204 S2000
G1 X176.569 Y138.895 F18000
M204 S1000
G1 F3600
G1 X117.309 Y198.155 E2.57721
M204 S2000
G1 X116.785 Y198.145 F18000
M204 S1000
G1 F3600
G1 X176.569 Y138.361 E2.59998
M204 S2000
G1 X176.569 Y137.827 F18000
M204 S1000
G1 F3600
G1 X116.262 Y198.134 E2.62274
M204 S2000
G1 X115.741 Y198.122 F18000
M204 S1000
G1 F3600
G1 X176.569 Y137.294 E2.64539
M204 S2000
G1 X176.569 Y136.76 F18000
M204 S1000
G1 F3600
G1 X115.221 Y198.109 E2.66804
M204 S2000
G1 X114.7 Y198.096 F18000
M204 S1000
G1 F3600
G1 X176.569 Y136.226 E2.69069
M204 S2000
G1 X176.569 Y135.693 F18000
M204 S1000
G1 F3600
G1 X114.179 Y198.083 E2.71334
M204 S2000
G1 X113.658 Y198.07 F18000
M204 S1000
G1 F3600
G1 X176.569 Y135.159 E2.73599
M204 S2000
G1 X176.569 Y134.625 F18000
M204 S1000
G1 F3600
G1 X113.137 Y198.057 E2.75864
M204 S2000
G1 X112.617 Y198.044 F18000
M204 S1000
G1 F3600
G1 X176.569 Y134.091 E2.78129
M204 S2000
G1 X176.569 Y133.558 F18000
M204 S1000
G1 F3600
G1 X112.096 Y198.031 E2.80393
M204 S2000
G1 X111.575 Y198.018 F18000
M204 S1000
G1 F3600
G1 X176.569 Y133.024 E2.82658
M204 S2000
G1 X176.569 Y132.49 F18000
M204 S1000
G1 F3600
G1 X111.054 Y198.006 E2.84923
M204 S2000
G1 X110.533 Y197.993 F18000
M204 S1000
G1 F3600
G1 X176.569 Y131.957 E2.87188
M204 S2000
G1 X176.569 Y131.423 F18000
M204 S1000
G1 F3600
G1 X110.013 Y197.98 E2.89453
M204 S2000
G1 X109.492 Y197.967 F18000
M204 S1000
G1 F3600
G1 X176.569 Y130.889 E2.91718
M204 S2000
G1 X176.569 Y130.356 F18000
M204 S1000
G1 F3600
G1 X108.971 Y197.954 E2.93983
M204 S2000
G1 X108.45 Y197.941 F18000
M204 S1000
G1 F3600
G1 X176.569 Y129.822 E2.96248
M204 S2000
G1 X176.569 Y129.288 F18000
M204 S1000
G1 F3600
G1 X107.929 Y197.928 E2.98513
M204 S2000
G1 X107.409 Y197.915 F18000
M204 S1000
G1 F3600
G1 X176.569 Y128.754 E3.00778
M204 S2000
G1 X176.569 Y128.221 F18000
M204 S1000
G1 F3600
G1 X106.888 Y197.902 E3.03043
M204 S2000
G1 X106.367 Y197.889 F18000
M204 S1000
G1 F3600
G1 X176.569 Y127.687 E3.05308
M204 S2000
G1 X176.569 Y127.153 F18000
M204 S1000
G1 F3600
G1 X105.846 Y197.877 E3.07573
M204 S2000
G1 X105.325 Y197.864 F18000
M204 S1000
G1 F3600
G1 X176.569 Y126.62 E3.09838
M204 S2000
G1 X176.569 Y126.086 F18000
M204 S1000
G1 F3600
G1 X104.805 Y197.851 E3.12103
M204 S2000
G1 X104.284 Y197.838 F18000
M204 S1000
G1 F3600
G1 X176.569 Y125.552 E3.14368
M204 S2000
G1 X176.569 Y125.019 F18000
M204 S1000
G1 F3600
G1 X103.763 Y197.825 E3.16633
M204 S2000
G1 X103.242 Y197.812 F18000
M204 S1000
G1 F3600
G1 X176.569 Y124.485 E3.18898
M204 S2000
G1 X176.569 Y123.951 F18000
M204 S1000
G1 F3600
G1 X102.721 Y197.799 E3.21162
M204 S2000
G1 X102.201 Y197.786 F18000
M204 S1000
G1 F3600
G1 X176.569 Y123.418 E3.23427
M204 S2000
G1 X176.569 Y122.884 F18000
M204 S1000
G1 F3600
G1 X101.68 Y197.773 E3.25692
M204 S2000
G1 X101.161 Y197.758 F18000
M204 S1000
G1 F3600
G1 X176.569 Y122.35 E3.27948
M204 S2000
G1 X176.569 Y121.816 F18000
M204 S1000
G1 F3600
G1 X100.645 Y197.741 E3.30193
M204 S2000
G1 X100.128 Y197.724 F18000
M204 S1000
G1 F3600
G1 X176.569 Y121.283 E3.32439
M204 S2000
G1 X176.569 Y120.749 F18000
M204 S1000
G1 F3600
G1 X99.612 Y197.706 E3.34685
M204 S2000
G1 X99.096 Y197.689 F18000
M204 S1000
G1 F3600
G1 X176.569 Y120.215 E3.36931
M204 S2000
G1 X176.569 Y119.682 F18000
M204 S1000
G1 F3600
G1 X98.579 Y197.672 E3.39176
M204 S2000
G1 X98.063 Y197.654 F18000
M204 S1000
G1 F3600
G1 X176.569 Y119.148 E3.41422
M204 S2000
G1 X176.569 Y118.614 F18000
M204 S1000
G1 F3600
G1 X97.546 Y197.637 E3.43668
M204 S2000
G1 X97.03 Y197.62 F18000
M204 S1000
G1 F3600
G1 X176.569 Y118.081 E3.45914
M204 S2000
G1 X176.569 Y117.547 F18000
M204 S1000
G1 F3600
G1 X96.514 Y197.602 E3.48159
M204 S2000
G1 X95.997 Y197.585 F18000
M204 S1000
G1 F3600
G1 X176.569 Y117.013 E3.50405
M204 S2000
G1 X176.569 Y116.479 F18000
M204 S1000
G1 F3600
G1 X95.481 Y197.568 E3.52651
M204 S2000
G1 X94.964 Y197.551 F18000
M204 S1000
G1 F3600
G1 X176.183 Y116.332 E3.53217
M204 S2000
G1 X175.645 Y116.336 F18000
M204 S1000
G1 F3600
G1 X94.448 Y197.533 E3.53123
M204 S2000
G1 X93.932 Y197.516 F18000
M204 S1000
G1 F3600
G1 X175.107 Y116.341 E3.53029
M204 S2000
G1 X174.569 Y116.345 F18000
M204 S1000
G1 F3600
G1 X93.415 Y197.499 E3.52935
M204 S2000
G1 X92.899 Y197.481 F18000
M204 S1000
G1 F3600
G1 X174.031 Y116.349 E3.52841
M204 S2000
G1 X173.493 Y116.354 F18000
M204 S1000
G1 F3600
G1 X92.382 Y197.464 E3.52747
M204 S2000
G1 X91.866 Y197.447 F18000
M204 S1000
G1 F3600
G1 X172.955 Y116.358 E3.52653
M204 S2000
G1 X172.417 Y116.362 F18000
M204 S1000
G1 F3600
G1 X91.35 Y197.429 E3.52559
M204 S2000
G1 X90.833 Y197.412 F18000
M204 S1000
G1 F3600
G1 X171.879 Y116.366 E3.52465
M204 S2000
G1 X171.341 Y116.371 F18000
M204 S1000
G1 F3600
G1 X90.317 Y197.395 E3.52371
M204 S2000
G1 X89.801 Y197.377 F18000
M204 S1000
G1 F3600
G1 X170.803 Y116.375 E3.52277
M204 S2000
G1 X170.265 Y116.379 F18000
M204 S1000
G1 F3600
G1 X89.284 Y197.36 E3.52183
M204 S2000
G1 X88.768 Y197.343 F18000
M204 S1000
G1 F3600
G1 X169.727 Y116.384 E3.5209
M204 S2000
G1 X169.189 Y116.388 F18000
M204 S1000
G1 F3600
G1 X88.251 Y197.326 E3.51996
M204 S2000
G1 X87.735 Y197.308 F18000
M204 S1000
G1 F3600
G1 X168.651 Y116.392 E3.51902
M204 S2000
G1 X168.113 Y116.396 F18000
M204 S1000
G1 F3600
G1 X87.219 Y197.291 E3.51808
M204 S2000
G1 X86.702 Y197.274 F18000
M204 S1000
G1 F3600
G1 X167.575 Y116.401 E3.51714
M204 S2000
G1 X167.037 Y116.405 F18000
M204 S1000
G1 F3600
G1 X86.188 Y197.254 E3.51609
M204 S2000
G1 X85.675 Y197.233 F18000
M204 S1000
G1 F3600
G1 X166.499 Y116.409 E3.51502
M204 S2000
G1 X165.961 Y116.414 F18000
M204 S1000
G1 F3600
G1 X85.161 Y197.213 E3.51395
M204 S2000
G1 X84.648 Y197.193 F18000
M204 S1000
G1 F3600
G1 X165.423 Y116.418 E3.51288
M204 S2000
G1 X164.885 Y116.422 F18000
M204 S1000
G1 F3600
G1 X84.135 Y197.173 E3.51181
M204 S2000
G1 X83.621 Y197.152 F18000
M204 S1000
G1 F3600
G1 X164.347 Y116.426 E3.51074
M204 S2000
G1 X163.809 Y116.431 F18000
M204 S1000
G1 F3600
G1 X83.108 Y197.132 E3.50968
M204 S2000
G1 X82.594 Y197.112 F18000
M204 S1000
G1 F3600
G1 X163.271 Y116.435 E3.50861
M204 S2000
G1 X162.733 Y116.439 F18000
M204 S1000
G1 F3600
G1 X82.081 Y197.091 E3.50754
M204 S2000
G1 X81.568 Y197.071 F18000
M204 S1000
G1 F3600
G1 X162.195 Y116.444 E3.50644
M204 S2000
G1 X161.657 Y116.448 F18000
M204 S1000
G1 F3600
G1 X81.057 Y197.048 E3.50527
M204 S2000
G1 X80.546 Y197.025 F18000
M204 S1000
G1 F3600
G1 X161.119 Y116.452 E3.50409
M204 S2000
G1 X160.581 Y116.457 F18000
M204 S1000
G1 F3600
G1 X80.035 Y197.002 E3.50291
M204 S2000
G1 X79.524 Y196.98 F18000
M204 S1000
G1 F3600
G1 X160.043 Y116.461 E3.50174
M204 S2000
G1 X159.505 Y116.465 F18000
M204 S1000
G1 F3600
G1 X79.013 Y196.957 E3.50056
M204 S2000
G1 X78.503 Y196.934 F18000
M204 S1000
G1 F3600
G1 X158.967 Y116.469 E3.49939
M204 S2000
G1 X158.429 Y116.474 F18000
M204 S1000
G1 F3600
G1 X77.992 Y196.911 E3.49821
M204 S2000
G1 X77.481 Y196.889 F18000
M204 S1000
G1 F3600
G1 X157.891 Y116.478 E3.49703
M204 S2000
G1 X157.353 Y116.482 F18000
M204 S1000
G1 F3600
G1 X76.97 Y196.866 E3.49586
M204 S2000
G1 X76.46 Y196.842 F18000
M204 S1000
G1 F3600
G1 X156.815 Y116.487 E3.49462
M204 S2000
G1 X156.277 Y116.491 F18000
M204 S1000
G1 F3600
G1 X75.951 Y196.817 E3.49333
M204 S2000
G1 X75.443 Y196.792 F18000
M204 S1000
G1 F3600
G1 X155.738 Y116.497 E3.492
M204 S2000
G1 X155.198 Y116.503 F18000
M204 S1000
G1 F3600
G1 X74.934 Y196.767 E3.49067
M204 S2000
G1 X74.425 Y196.742 F18000
M204 S1000
G1 F3600
G1 X154.659 Y116.508 E3.48933
M204 S2000
G1 X154.119 Y116.514 F18000
M204 S1000
G1 F3600
G1 X73.916 Y196.717 E3.488
M204 S2000
G1 X73.408 Y196.692 F18000
M204 S1000
G1 F3600
G1 X153.58 Y116.52 E3.48667
M204 S2000
G1 X153.041 Y116.525 F18000
M204 S1000
G1 F3600
G1 X72.899 Y196.667 E3.48534
M204 S2000
G1 X72.39 Y196.642 F18000
M204 S1000
G1 F3600
G1 X152.501 Y116.531 E3.48401
M204 S2000
G1 X151.962 Y116.537 F18000
M204 S1000
G1 F3600
G1 X71.881 Y196.617 E3.48267
M204 S2000
G1 X71.373 Y196.592 F18000
M204 S1000
G1 F3600
G1 X110.108 Y157.856 E1.68461
M204 S2000
G1 X109.562 Y157.87 F18000
M204 S1000
G1 F3600
G1 X70.864 Y196.567 E1.68295
M204 S2000
G1 X70.355 Y196.542 F18000
M204 S1000
G1 F3600
G1 X109.015 Y157.883 E1.6813
M204 S2000
G1 X108.468 Y157.896 F18000
M204 S1000
G1 F3600
G1 X69.846 Y196.517 E1.67964
M204 S2000
G1 X69.338 Y196.492 F18000
M204 S1000
G1 F3600
G1 X107.921 Y157.909 E1.67795
M204 S2000
G1 X107.374 Y157.922 F18000
M204 S1000
G1 F3600
G1 X68.833 Y196.463 E1.67614
M204 S2000
G1 X68.328 Y196.435 F18000
M204 S1000
G1 F3600
G1 X106.827 Y157.935 E1.67432
M204 S2000
G1 X106.28 Y157.948 F18000
M204 S1000
G1 F3600
G1 X67.823 Y196.406 E1.67251
M204 S2000
G1 X67.318 Y196.377 F18000
M204 S1000
G1 F3600
G1 X105.734 Y157.962 E1.67069
M204 S2000
G1 X105.187 Y157.975 F18000
M204 S1000
G1 F3600
G1 X66.813 Y196.349 E1.66887
M204 S2000
G1 X66.308 Y196.32 F18000
M204 S1000
G1 F3600
G1 X104.64 Y157.988 E1.66706
M204 S2000
G1 X104.093 Y158.001 F18000
M204 S1000
G1 F3600
G1 X65.803 Y196.291 E1.66524
M204 S2000
G1 X65.298 Y196.263 F18000
M204 S1000
G1 F3600
G1 X103.546 Y158.014 E1.66343
M204 S2000
G1 X102.999 Y158.027 F18000
M204 S1000
G1 F3600
G1 X65.098 Y195.929 E1.64834
M204 S2000
G1 X65.065 Y195.428 F18000
M204 S1000
G1 F3600
G1 X102.453 Y158.04 E1.62598
M204 S2000
G1 X101.906 Y158.054 F18000
M204 S1000
G1 F3600
G1 X65.032 Y194.927 E1.60361
M204 S2000
G1 X65 Y194.426 F18000
M204 S1000
G1 F3600
G1 X101.359 Y158.067 E1.58124
M204 S2000
G1 X100.812 Y158.08 F18000
M204 S1000
G1 F3600
G1 X64.967 Y193.925 E1.55888
M204 S2000
G1 X64.935 Y193.423 F18000
M204 S1000
G1 F3600
G1 X100.265 Y158.093 E1.53651
M204 S2000
G1 X99.718 Y158.106 F18000
M204 S1000
G1 F3600
G1 X64.902 Y192.922 E1.51415
M204 S2000
G1 X64.87 Y192.421 F18000
M204 S1000
G1 F3600
G1 X99.172 Y158.119 E1.49178
M204 S2000
G1 X98.625 Y158.132 F18000
M204 S1000
G1 F3600
G1 X64.837 Y191.92 E1.46941
M204 S2000
G1 X64.805 Y191.419 F18000
M204 S1000
G1 F3600
G1 X98.078 Y158.146 E1.44705
M204 S2000
G1 X97.531 Y158.159 F18000
M204 S1000
G1 F3600
G1 X64.772 Y190.918 E1.42468
M204 S2000
G1 X64.739 Y190.417 F18000
M204 S1000
G1 F3600
G1 X96.984 Y158.172 E1.40231
M204 S2000
G1 X96.437 Y158.185 F18000
M204 S1000
G1 F3600
G1 X64.707 Y189.915 E1.37995
M204 S2000
G1 X64.674 Y189.414 F18000
M204 S1000
G1 F3600
G1 X95.891 Y158.198 E1.35758
M204 S2000
G1 X95.344 Y158.211 F18000
M204 S1000
G1 F3600
G1 X64.642 Y188.913 E1.33522
M204 S2000
G1 X64.609 Y188.412 F18000
M204 S1000
G1 F3600
G1 X94.797 Y158.224 E1.31285
M204 S2000
G1 X94.25 Y158.238 F18000
M204 S1000
G1 F3600
G1 X64.577 Y187.911 E1.29048
M204 S2000
G1 X64.544 Y187.41 F18000
M204 S1000
G1 F3600
G1 X93.703 Y158.251 E1.26812
M204 S2000
G1 X93.156 Y158.264 F18000
M204 S1000
G1 F3600
G1 X64.512 Y186.909 E1.24575
M204 S2000
G1 X64.479 Y186.407 F18000
M204 S1000
G1 F3600
G1 X92.61 Y158.277 E1.22338
M204 S2000
G1 X92.063 Y158.29 F18000
M204 S1000
G1 F3600
G1 X64.447 Y185.906 E1.20102
M204 S2000
G1 X64.414 Y185.405 F18000
M204 S1000
G1 F3600
G1 X91.516 Y158.303 E1.17865
M204 S2000
G1 X90.969 Y158.316 F18000
M204 S1000
G1 F3600
G1 X64.381 Y184.904 E1.15629
M204 S2000
G1 X64.349 Y184.403 F18000
M204 S1000
G1 F3600
G1 X90.422 Y158.33 E1.13392
M204 S2000
G1 X89.875 Y158.343 F18000
M204 S1000
G1 F3600
G1 X64.316 Y183.902 E1.11155
M204 S2000
G1 X64.284 Y183.401 F18000
M204 S1000
G1 F3600
G1 X89.328 Y158.356 E1.08919
M204 S2000
G1 X88.782 Y158.369 F18000
M204 S1000
G1 F3600
G1 X64.251 Y182.899 E1.06682
M204 S2000
G1 X64.219 Y182.398 F18000
M204 S1000
G1 F3600
G1 X88.235 Y158.382 E1.04445
M204 S2000
G1 X87.688 Y158.395 F18000
M204 S1000
G1 F3600
G1 X64.186 Y181.897 E1.02209
M204 S2000
G1 X64.154 Y181.396 F18000
M204 S1000
G1 F3600
G1 X87.141 Y158.408 E.99972
M204 S2000
G1 X86.594 Y158.421 F18000
M204 S1000
G1 F3600
G1 X64.121 Y180.895 E.97736
M204 S2000
G1 X64.088 Y180.394 F18000
M204 S1000
G1 F3600
G1 X86.047 Y158.435 E.95499
M204 S2000
G1 X85.501 Y158.448 F18000
M204 S1000
G1 F3600
G1 X64.056 Y179.892 E.93262
M204 S2000
G1 X64.023 Y179.391 F18000
M204 S1000
G1 F3600
G1 X84.954 Y158.461 E.91026
M204 S2000
G1 X84.407 Y158.474 F18000
M204 S1000
G1 F3600
G1 X63.991 Y178.89 E.88789
M204 S2000
G1 X63.958 Y178.389 F18000
M204 S1000
G1 F3600
G1 X83.86 Y158.487 E.86553
M204 S2000
G1 X83.313 Y158.5 F18000
M204 S1000
G1 F3600
G1 X63.926 Y177.888 E.84316
M204 S2000
G1 X63.893 Y177.387 F18000
M204 S1000
G1 F3600
G1 X82.766 Y158.513 E.82079
M204 S2000
G1 X82.22 Y158.527 F18000
M204 S1000
G1 F3600
G1 X63.861 Y176.886 E.79843
M204 S2000
G1 X63.828 Y176.384 F18000
M204 S1000
G1 F3600
G1 X81.673 Y158.54 E.77606
M204 S2000
G1 X81.126 Y158.553 F18000
M204 S1000
G1 F3600
G1 X63.796 Y175.883 E.75369
M204 S2000
G1 X63.763 Y175.382 F18000
M204 S1000
G1 F3600
G1 X80.579 Y158.566 E.73133
M204 S2000
G1 X80.032 Y158.579 F18000
M204 S1000
G1 F3600
G1 X63.73 Y174.881 E.70896
M204 S2000
G1 X63.698 Y174.38 F18000
M204 S1000
G1 F3600
G1 X79.485 Y158.592 E.6866
M204 S2000
G1 X78.939 Y158.605 F18000
M204 S1000
G1 F3600
G1 X63.665 Y173.879 E.66423
M204 S2000
G1 X63.633 Y173.378 F18000
M204 S1000
G1 F3600
G1 X78.392 Y158.619 E.64186
M204 S2000
G1 X77.845 Y158.632 F18000
M204 S1000
G1 F3600
G1 X63.602 Y172.874 E.61941
M204 S2000
G1 X63.581 Y172.362 F18000
M204 S1000
G1 F3600
G1 X77.298 Y158.645 E.59655
M204 S2000
G1 X76.751 Y158.658 F18000
M204 S1000
G1 F3600
G1 X63.56 Y171.85 E.5737
M204 S2000
G1 X63.538 Y171.337 F18000
M204 S1000
G1 F3600
G1 X76.204 Y158.671 E.55084
M204 S2000
G1 X75.658 Y158.684 F18000
M204 S1000
G1 F3600
G1 X63.517 Y170.825 E.52799
M204 S2000
G1 X63.496 Y170.312 F18000
M204 S1000
G1 F3600
G1 X75.111 Y158.697 E.50513
M204 S2000
G1 X74.564 Y158.711 F18000
M204 S1000
G1 F3600
G1 X63.474 Y169.8 E.48228
M204 S2000
G1 X63.453 Y169.288 F18000
M204 S1000
G1 F3600
G1 X74.017 Y158.724 E.45942
M204 S2000
G1 X73.47 Y158.737 F18000
M204 S1000
G1 F3600
G1 X63.432 Y168.775 E.43656
M204 S2000
G1 X63.411 Y168.263 F18000
M204 S1000
G1 F3600
G1 X72.923 Y158.75 E.41371
M204 S2000
G1 X72.377 Y158.763 F18000
M204 S1000
G1 F3600
G1 X63.389 Y167.75 E.39085
M204 S2000
G1 X63.368 Y167.238 F18000
M204 S1000
G1 F3600
G1 X71.83 Y158.776 E.368
M204 S2000
G1 X71.283 Y158.789 F18000
M204 S1000
G1 F3600
G1 X63.347 Y166.726 E.34514
M204 S2000
G1 X63.322 Y166.216 F18000
M204 S1000
G1 F3600
G1 X70.736 Y158.803 E.32243
M204 S2000
G1 X70.189 Y158.816 F18000
M204 S1000
G1 F3600
G1 X63.271 Y165.734 E.30088
M204 S2000
G1 X63.22 Y165.252 F18000
M204 S1000
G1 F3600
G1 X69.642 Y158.829 E.27933
M204 S2000
G1 X69.095 Y158.842 F18000
M204 S1000
G1 F3600
G1 X63.168 Y164.769 E.25777
M204 S2000
G1 X63.117 Y164.287 F18000
M204 S1000
G1 F3600
G1 X68.549 Y158.855 E.23622
M204 S2000
G1 X68.002 Y158.868 F18000
M204 S1000
G1 F3600
G1 X63.066 Y163.804 E.21467
M204 S2000
G1 X63.014 Y163.322 F18000
M204 S1000
G1 F3600
G1 X67.455 Y158.881 E.19312
M204 S2000
G1 X66.908 Y158.895 F18000
M204 S1000
G1 F3600
G1 X62.963 Y162.84 E.17157
M204 S2000
G1 X62.921 Y162.348 F18000
M204 S1000
G1 F3600
G1 X66.361 Y158.908 E.1496
M204 S2000
G1 X65.814 Y158.921 F18000
M204 S1000
G1 F3600
G1 X62.925 Y161.811 E.12567
M204 S2000
G1 X62.928 Y161.273 F18000
M204 S1000
G1 F3600
G1 X65.268 Y158.934 E.10174
M204 S2000
G1 X64.795 Y158.873 F18000
M204 S1000
G1 F3600
G1 X62.931 Y160.736 E.08106
M204 S2000
G1 X62.935 Y160.199 F18000
M204 S1000
G1 F3600
G1 X64.356 Y158.778 E.06179
M204 S2000
G1 X63.759 Y158.842 F18000
M204 S1000
G1 F3600
G1 X62.938 Y159.662 E.03569
M204 S2000
G1 X62.942 Y159.125 F18000
M204 S1000
G1 F3600
G1 X63.331 Y158.736 E.01692
M204 S2000
G1 X110.357 Y157.607 F18000
M204 S1000
G1 F3600
G1 X151.422 Y116.542 E1.7859
M204 S2000
G1 X150.883 Y116.548 F18000
M204 S1000
G1 F3600
G1 X109.903 Y157.528 E1.7822
M204 S2000
G1 X109.379 Y157.518 F18000
M204 S1000
G1 F3600
G1 X150.344 Y116.554 E1.78153
M204 S2000
G1 X149.804 Y116.56 F18000
M204 S1000
G1 F3600
G1 X108.855 Y157.509 E1.78086
M204 S2000
G1 X108.331 Y157.499 F18000
M204 S1000
G1 F3600
G1 X149.265 Y116.565 E1.78019
M204 S2000
G1 X148.725 Y116.571 F18000
M204 S1000
G1 F3600
G1 X107.807 Y157.489 E1.7795
M204 S2000
G1 X107.283 Y157.479 F18000
M204 S1000
G1 F3600
G1 X148.184 Y116.578 E1.77878
M204 S2000
G1 X147.644 Y116.585 F18000
M204 S1000
G1 F3600
G1 X106.759 Y157.47 E1.77806
M204 S2000
G1 X106.235 Y157.46 F18000
M204 S1000
G1 F3600
G1 X147.103 Y116.592 E1.77734
M204 S2000
G1 X146.563 Y116.599 F18000
M204 S1000
G1 F3600
G1 X105.711 Y157.45 E1.77663
M204 S2000
G1 X105.187 Y157.441 F18000
M204 S1000
G1 F3600
G1 X146.022 Y116.606 E1.77591
M204 S2000
G1 X145.482 Y116.612 F18000
M204 S1000
G1 F3600
G1 X104.663 Y157.431 E1.77519
M204 S2000
G1 X104.139 Y157.421 F18000
M204 S1000
G1 F3600
G1 X144.941 Y116.619 E1.77447
M204 S2000
G1 X144.401 Y116.626 F18000
M204 S1000
G1 F3600
G1 X103.615 Y157.411 E1.77375
M204 S2000
G1 X103.091 Y157.402 F18000
M204 S1000
G1 F3600
G1 X143.86 Y116.633 E1.77303
M204 S2000
G1 X143.32 Y116.64 F18000
M204 S1000
G1 F3600
G1 X102.567 Y157.392 E1.77231
M204 S2000
G1 X102.043 Y157.382 F18000
M204 S1000
G1 F3600
G1 X142.779 Y116.647 E1.77159
M204 S2000
G1 X142.239 Y116.653 F18000
M204 S1000
G1 F3600
G1 X101.519 Y157.373 E1.77087
M204 S2000
G1 X100.995 Y157.363 F18000
M204 S1000
G1 F3600
G1 X141.698 Y116.66 E1.77015
M204 S2000
G1 X141.158 Y116.667 F18000
M204 S1000
G1 F3600
G1 X100.471 Y157.353 E1.76943
M204 S2000
G1 X99.947 Y157.343 F18000
M204 S1000
G1 F3600
G1 X140.617 Y116.674 E1.76871
M204 S2000
G1 X140.076 Y116.681 F18000
M204 S1000
G1 F3600
G1 X99.423 Y157.334 E1.76799
M204 S2000
G1 X98.899 Y157.324 F18000
M204 S1000
G1 F3600
G1 X139.536 Y116.688 E1.76727
M204 S2000
G1 X138.995 Y116.694 F18000
M204 S1000
G1 F3600
G1 X98.375 Y157.314 E1.76655
M204 S2000
G1 X97.851 Y157.305 F18000
M204 S1000
G1 F3600
G1 X138.455 Y116.701 E1.76583
M204 S2000
G1 X137.914 Y116.708 F18000
M204 S1000
G1 F3600
G1 X97.327 Y157.295 E1.76511
M204 S2000
G1 X96.803 Y157.285 F18000
M204 S1000
G1 F3600
G1 X137.374 Y116.715 E1.76439
M204 S2000
G1 X136.833 Y116.722 F18000
M204 S1000
G1 F3600
G1 X96.279 Y157.275 E1.76367
M204 S2000
G1 X95.755 Y157.266 F18000
M204 S1000
G1 F3600
G1 X136.292 Y116.729 E1.76291
M204 S2000
G1 X135.749 Y116.739 F18000
M204 S1000
G1 F3600
G1 X95.232 Y157.256 E1.76209
M204 S2000
G1 X94.708 Y157.246 F18000
M204 S1000
G1 F3600
G1 X135.206 Y116.748 E1.76127
M204 S2000
G1 X134.663 Y116.757 F18000
M204 S1000
G1 F3600
G1 X94.184 Y157.237 E1.76045
M204 S2000
G1 X93.66 Y157.227 F18000
M204 S1000
G1 F3600
G1 X134.121 Y116.766 E1.75964
M204 S2000
G1 X133.578 Y116.775 F18000
M204 S1000
G1 F3600
G1 X93.136 Y157.217 E1.75882
M204 S2000
G1 X92.612 Y157.207 F18000
M204 S1000
G1 F3600
G1 X133.035 Y116.784 E1.758
M204 S2000
G1 X132.492 Y116.793 F18000
M204 S1000
G1 F3600
G1 X92.088 Y157.198 E1.75718
M204 S2000
G1 X91.564 Y157.188 F18000
M204 S1000
G1 F3600
G1 X131.949 Y116.802 E1.75636
M204 S2000
G1 X131.406 Y116.812 F18000
M204 S1000
G1 F3600
G1 X91.04 Y157.178 E1.75554
M204 S2000
G1 X90.516 Y157.169 F18000
M204 S1000
G1 F3600
G1 X130.864 Y116.821 E1.75472
M204 S2000
G1 X130.321 Y116.83 F18000
M204 S1000
G1 F3600
G1 X89.992 Y157.159 E1.7539
M204 S2000
G1 X89.468 Y157.149 F18000
M204 S1000
G1 F3600
G1 X129.778 Y116.839 E1.75308
M204 S2000
G1 X129.235 Y116.848 F18000
M204 S1000
G1 F3600
G1 X88.944 Y157.14 E1.75227
M204 S2000
G1 X88.42 Y157.13 F18000
M204 S1000
G1 F3600
G1 X128.692 Y116.857 E1.75145
M204 S2000
G1 X128.15 Y116.866 F18000
M204 S1000
G1 F3600
G1 X87.896 Y157.12 E1.75063
M204 S2000
G1 X87.372 Y157.11 F18000
M204 S1000
G1 F3600
G1 X127.607 Y116.875 E1.74981
M204 S2000
G1 X127.064 Y116.884 F18000
M204 S1000
G1 F3600
G1 X86.848 Y157.101 E1.74899
M204 S2000
G1 X86.324 Y157.091 F18000
M204 S1000
G1 F3600
G1 X126.521 Y116.894 E1.74816
M204 S2000
G1 X125.977 Y116.904 F18000
M204 S1000
G1 F3600
G1 X85.8 Y157.081 E1.7473
M204 S2000
G1 X85.276 Y157.072 F18000
M204 S1000
G1 F3600
G1 X125.433 Y116.914 E1.74644
M204 S2000
G1 X124.889 Y116.924 F18000
M204 S1000
G1 F3600
G1 X84.752 Y157.062 E1.74558
M204 S2000
G1 X84.228 Y157.052 F18000
M204 S1000
G1 F3600
G1 X124.346 Y116.934 E1.74471
M204 S2000
G1 X123.802 Y116.944 F18000
M204 S1000
G1 F3600
G1 X83.704 Y157.042 E1.74385
M204 S2000
G1 X83.18 Y157.033 F18000
M204 S1000
G1 F3600
G1 X123.258 Y116.954 E1.74299
M204 S2000
G1 X122.714 Y116.965 F18000
M204 S1000
G1 F3600
G1 X82.656 Y157.023 E1.74213
M204 S2000
G1 X82.132 Y157.013 F18000
M204 S1000
G1 F3600
G1 X122.17 Y116.975 E1.74127
M204 S2000
G1 X121.627 Y116.985 F18000
M204 S1000
G1 F3600
G1 X81.608 Y157.004 E1.7404
M204 S2000
G1 X81.084 Y156.994 F18000
M204 S1000
G1 F3600
G1 X121.083 Y116.995 E1.73954
M204 S2000
G1 X120.539 Y117.005 F18000
M204 S1000
G1 F3600
G1 X80.56 Y156.984 E1.73868
M204 S2000
G1 X80.036 Y156.974 F18000
M204 S1000
G1 F3600
G1 X119.995 Y117.015 E1.73782
M204 S2000
G1 X119.451 Y117.025 F18000
M204 S1000
G1 F3600
G1 X79.512 Y156.965 E1.73696
M204 S2000
G1 X78.988 Y156.955 F18000
M204 S1000
G1 F3600
G1 X118.908 Y117.035 E1.7361
M204 S2000
G1 X118.364 Y117.045 F18000
M204 S1000
G1 F3600
G1 X78.464 Y156.945 E1.73523
M204 S2000
G1 X77.94 Y156.936 F18000
M204 S1000
G1 F3600
G1 X117.82 Y117.055 E1.73437
M204 S2000
G1 X117.276 Y117.066 F18000
M204 S1000
G1 F3600
G1 X77.416 Y156.926 E1.73351
M204 S2000
G1 X76.892 Y156.916 F18000
M204 S1000
G1 F3600
G1 X116.732 Y117.076 E1.73265
M204 S2000
G1 X116.186 Y117.089 F18000
M204 S1000
G1 F3600
G1 X76.368 Y156.906 E1.73166
M204 S2000
G1 X75.844 Y156.897 F18000
M204 S1000
G1 F3600
G1 X115.639 Y117.102 E1.73067
M204 S2000
G1 X115.092 Y117.115 F18000
M204 S1000
G1 F3600
G1 X75.32 Y156.887 E1.72968
M204 S2000
G1 X74.796 Y156.877 F18000
M204 S1000
G1 F3600
G1 X114.545 Y117.128 E1.72869
M204 S2000
G1 X113.999 Y117.141 F18000
M204 S1000
G1 F3600
G1 X74.272 Y156.868 E1.7277
M204 S2000
G1 X73.748 Y156.858 F18000
M204 S1000
G1 F3600
G1 X113.452 Y117.154 E1.72671
M204 S2000
G1 X112.905 Y117.167 F18000
M204 S1000
G1 F3600
G1 X73.224 Y156.848 E1.72572
M204 S2000
G1 X72.7 Y156.838 F18000
M204 S1000
G1 F3600
G1 X112.358 Y117.18 E1.72472
M204 S2000
G1 X111.812 Y117.193 F18000
M204 S1000
G1 F3600
G1 X72.176 Y156.829 E1.72373
M204 S2000
G1 X71.652 Y156.819 F18000
M204 S1000
G1 F3600
G1 X111.265 Y117.206 E1.72274
M204 S2000
G1 X110.718 Y117.219 F18000
M204 S1000
G1 F3600
G1 X71.128 Y156.809 E1.72175
M204 S2000
G1 X70.604 Y156.8 F18000
M204 S1000
G1 F3600
G1 X110.171 Y117.232 E1.72076
M204 S2000
G1 X109.625 Y117.245 F18000
M204 S1000
G1 F3600
G1 X70.08 Y156.79 E1.71977
M204 S2000
G1 X69.556 Y156.78 F18000
M204 S1000
G1 F3600
G1 X109.078 Y117.259 E1.71878
M204 S2000
G1 X108.531 Y117.272 F18000
M204 S1000
G1 F3600
G1 X69.032 Y156.77 E1.71779
M204 S2000
G1 X68.508 Y156.761 F18000
M204 S1000
G1 F3600
G1 X107.984 Y117.285 E1.7168
M204 S2000
G1 X107.438 Y117.298 F18000
M204 S1000
G1 F3600
G1 X67.984 Y156.751 E1.71581
M204 S2000
G1 X67.46 Y156.741 F18000
M204 S1000
G1 F3600
G1 X106.891 Y117.311 E1.71482
M204 S2000
G1 X106.342 Y117.326 F18000
M204 S1000
G1 F3600
G1 X66.936 Y156.732 E1.71374
M204 S2000
G1 X66.412 Y156.722 F18000
M204 S1000
G1 F3600
G1 X105.793 Y117.341 E1.71264
M204 S2000
G1 X105.244 Y117.357 F18000
M204 S1000
G1 F3600
G1 X65.888 Y156.712 E1.71155
M204 S2000
G1 X65.364 Y156.702 F18000
M204 S1000
G1 F3600
G1 X104.695 Y117.372 E1.71046
M204 S2000
G1 X104.145 Y117.388 F18000
M204 S1000
G1 F3600
G1 X64.84 Y156.693 E1.70937
M204 S2000
G1 X64.279 Y156.72 F18000
M204 S1000
G1 F3600
G1 X103.596 Y117.403 E1.70989
M204 S2000
G1 X103.047 Y117.418 F18000
M204 S1000
G1 F3600
G1 X63.68 Y156.786 E1.71208
M204 S2000
G1 X63.396 Y156.536 F18000
M204 S1000
G1 F3600
G1 X102.498 Y117.434 E1.70053
M204 S2000
G1 X101.949 Y117.449 F18000
M204 S1000
G1 F3600
G1 X63.113 Y156.285 E1.68897
M204 S2000
G1 X62.829 Y156.035 F18000
M204 S1000
G1 F3600
G1 X101.4 Y117.465 E1.67742
M204 S2000
G1 X100.851 Y117.48 F18000
M204 S1000
G1 F3600
G1 X62.583 Y155.748 E1.66427
M204 S2000
G1 X62.495 Y155.302 F18000
M204 S1000
G1 F3600
G1 X100.302 Y117.495 E1.64421
M204 S2000
G1 X99.753 Y117.511 F18000
M204 S1000
G1 F3600
G1 X62.419 Y154.844 E1.62362
M204 S2000
G1 X62.384 Y154.346 F18000
M204 S1000
G1 F3600
G1 X99.203 Y117.526 E1.60128
M204 S2000
G1 X98.654 Y117.542 F18000
M204 S1000
G1 F3600
G1 X62.348 Y153.848 E1.57894
M204 S2000
G1 X62.313 Y153.349 F18000
M204 S1000
G1 F3600
G1 X98.105 Y117.557 E1.5566
M204 S2000
G1 X97.556 Y117.573 F18000
M204 S1000
G1 F3600
G1 X62.277 Y152.851 E1.53426
M204 S2000
G1 X62.242 Y152.353 F18000
M204 S1000
G1 F3600
G1 X97.007 Y117.588 E1.51192
M204 S2000
G1 X96.454 Y117.607 F18000
M204 S1000
G1 F3600
G1 X62.207 Y151.855 E1.48942
M204 S2000
G1 X62.171 Y151.356 F18000
M204 S1000
G1 F3600
G1 X95.901 Y117.626 E1.4669
M204 S2000
G1 X95.348 Y117.646 F18000
M204 S1000
G1 F3600
G1 X62.136 Y150.858 E1.44439
M204 S2000
G1 X62.1 Y150.36 F18000
M204 S1000
G1 F3600
G1 X94.795 Y117.665 E1.42187
M204 S2000
G1 X94.242 Y117.685 F18000
M204 S1000
G1 F3600
G1 X62.065 Y149.862 E1.39935
M204 S2000
G1 X62.029 Y149.363 F18000
M204 S1000
G1 F3600
G1 X93.688 Y117.704 E1.37684
M204 S2000
G1 X93.135 Y117.724 F18000
M204 S1000
G1 F3600
G1 X61.994 Y148.865 E1.35432
M204 S2000
G1 X61.959 Y148.367 F18000
M204 S1000
G1 F3600
G1 X92.582 Y117.743 E1.3318
M204 S2000
G1 X92.029 Y117.763 F18000
M204 S1000
G1 F3600
G1 X61.923 Y147.868 E1.30929
M204 S2000
G1 X61.888 Y147.37 F18000
M204 S1000
G1 F3600
G1 X91.476 Y117.782 E1.28677
M204 S2000
G1 X90.923 Y117.802 F18000
M204 S1000
G1 F3600
G1 X61.852 Y146.872 E1.26425
M204 S2000
G1 X61.817 Y146.374 F18000
M204 S1000
G1 F3600
G1 X90.369 Y117.821 E1.24174
M204 S2000
G1 X89.816 Y117.841 F18000
M204 S1000
G1 F3600
G1 X61.782 Y145.875 E1.21922
M204 S2000
G1 X61.539 Y145.584 F18000
M204 S1000
G1 F3600
G1 X89.263 Y117.86 E1.20572
M204 S2000
G1 X88.71 Y117.88 F18000
M204 S1000
G1 F3600
G1 X61.319 Y145.271 E1.19124
M204 S2000
G1 X61.28 Y144.776 F18000
M204 S1000
G1 F3600
G1 X88.157 Y117.899 E1.16886
M204 S2000
G1 X87.604 Y117.919 F18000
M204 S1000
G1 F3600
G1 X61.241 Y144.281 E1.14648
M204 S2000
G1 X61.203 Y143.786 F18000
M204 S1000
G1 F3600
G1 X87.05 Y117.938 E1.12411
M204 S2000
G1 X86.495 Y117.96 F18000
M204 S1000
G1 F3600
G1 X61.164 Y143.291 E1.10164
M204 S2000
G1 X61.126 Y142.795 F18000
M204 S1000
G1 F3600
G1 X85.94 Y117.981 E1.07916
M204 S2000
G1 X85.384 Y118.003 F18000
M204 S1000
G1 F3600
G1 X61.087 Y142.3 E1.05668
M204 S2000
G1 X61.048 Y141.805 F18000
M204 S1000
G1 F3600
G1 X84.829 Y118.025 E1.0342
M204 S2000
G1 X84.273 Y118.047 F18000
M204 S1000
G1 F3600
G1 X61.01 Y141.31 E1.01172
M204 S2000
G1 X60.971 Y140.815 F18000
M204 S1000
G1 F3600
G1 X83.718 Y118.068 E.98925
M204 S2000
G1 X83.162 Y118.09 F18000
M204 S1000
G1 F3600
G1 X60.932 Y140.32 E.96677
M204 S2000
G1 X60.894 Y139.825 F18000
M204 S1000
G1 F3600
G1 X82.607 Y118.112 E.94429
M204 S2000
G1 X82.051 Y118.134 F18000
M204 S1000
G1 F3600
G1 X60.855 Y139.33 E.92181
M204 S2000
G1 X60.817 Y138.835 F18000
M204 S1000
G1 F3600
G1 X81.493 Y118.158 E.89921
M204 S2000
G1 X80.935 Y118.183 F18000
M204 S1000
G1 F3600
G1 X60.778 Y138.34 E.87661
M204 S2000
G1 X60.739 Y137.845 F18000
M204 S1000
G1 F3600
G1 X80.376 Y118.208 E.85401
M204 S2000
G1 X79.818 Y118.232 F18000
M204 S1000
G1 F3600
G1 X60.701 Y137.349 E.8314
M204 S2000
G1 X60.662 Y136.854 F18000
M204 S1000
G1 F3600
G1 X79.26 Y118.257 E.8088
M204 S2000
G1 X78.701 Y118.282 F18000
M204 S1000
G1 F3600
G1 X60.624 Y136.359 E.78619
M204 S2000
G1 X60.585 Y135.864 F18000
M204 S1000
G1 F3600
G1 X78.143 Y118.306 E.76359
M204 S2000
G1 X77.585 Y118.331 F18000
M204 S1000
G1 F3600
G1 X60.546 Y135.369 E.74099
M204 S2000
G1 X60.508 Y134.874 F18000
M204 S1000
G1 F3600
G1 X77.026 Y118.356 E.71836
M204 S2000
G1 X76.464 Y118.384 F18000
M204 S1000
G1 F3600
G1 X60.469 Y134.379 E.69561
M204 S2000
G1 X60.431 Y133.884 F18000
M204 S1000
G1 F3600
G1 X75.902 Y118.412 E.67285
M204 S2000
G1 X75.34 Y118.44 F18000
M204 S1000
G1 F3600
G1 X60.392 Y133.389 E.6501
M204 S2000
G1 X60.353 Y132.894 F18000
M204 S1000
G1 F3600
G1 X74.779 Y118.468 E.62735
M204 S2000
G1 X74.217 Y118.497 F18000
M204 S1000
G1 F3600
G1 X60.315 Y132.399 E.60459
M204 S2000
G1 X60.276 Y131.903 F18000
M204 S1000
G1 F3600
G1 X73.655 Y118.525 E.58184
M204 S2000
G1 X73.093 Y118.553 F18000
M204 S1000
G1 F3600
G1 X60.238 Y131.408 E.55909
M204 S2000
G1 X60.199 Y130.913 F18000
M204 S1000
G1 F3600
G1 X72.531 Y118.581 E.53633
M204 S2000
G1 X71.97 Y118.609 F18000
M204 S1000
G1 F3600
G1 X60.16 Y130.418 E.51358
M204 S2000
G1 X60.122 Y129.923 F18000
M204 S1000
G1 F3600
G1 X71.408 Y118.637 E.49082
M204 S2000
G1 X70.846 Y118.665 F18000
M204 S1000
G1 F3600
G1 X60.083 Y129.428 E.46807
M204 S2000
G1 X60.045 Y128.933 F18000
M204 S1000
G1 F3600
G1 X70.284 Y118.693 E.44532
M204 S2000
G1 X69.722 Y118.721 F18000
M204 S1000
G1 F3600
G1 X60.006 Y128.438 E.42256
M204 S2000
G1 X59.967 Y127.943 F18000
M204 S1000
G1 F3600
G1 X69.16 Y118.75 E.39981
M204 S2000
G1 X68.599 Y118.778 F18000
M204 S1000
G1 F3600
G1 X59.929 Y127.448 E.37706
M204 S2000
G1 X59.89 Y126.953 F18000
M204 S1000
G1 F3600
G1 X68.037 Y118.806 E.3543
M204 S2000
G1 X67.475 Y118.834 F18000
M204 S1000
G1 F3600
G1 X59.851 Y126.457 E.33155
M204 S2000
G1 X59.813 Y125.962 F18000
M204 S1000
G1 F3600
G1 X66.911 Y118.864 E.30869
M204 S2000
G1 X66.344 Y118.898 F18000
M204 S1000
G1 F3600
G1 X59.774 Y125.467 E.28571
M204 S2000
G1 X59.736 Y124.972 F18000
M204 S1000
G1 F3600
G1 X65.777 Y118.931 E.26274
M204 S2000
G1 X65.21 Y118.964 F18000
M204 S1000
G1 F3600
G1 X59.697 Y124.477 E.23977
M204 S2000
G1 X59.658 Y123.982 F18000
M204 S1000
G1 F3600
G1 X64.643 Y118.997 E.2168
M204 S2000
G1 X64.077 Y119.03 F18000
M204 S1000
G1 F3600
G1 X59.62 Y123.487 E.19382
M204 S2000
G1 X59.581 Y122.992 F18000
M204 S1000
G1 F3600
G1 X63.51 Y119.063 E.17085
M204 S2000
G1 X62.943 Y119.096 F18000
M204 S1000
G1 F3600
G1 X59.543 Y122.497 E.14788
M204 S2000
G1 X59.504 Y122.002 F18000
M204 S1000
G1 F3600
G1 X62.376 Y119.13 E.1249
M204 S2000
G1 X61.809 Y119.163 F18000
M204 S1000
G1 F3600
G1 X59.466 Y121.506 E.10192
M204 S2000
G1 X59.427 Y121.011 F18000
M204 S1000
G1 F3600
G1 X61.242 Y119.196 E.07895
M204 S2000
G1 X60.676 Y119.229 F18000
M204 S1000
G1 F3600
G1 X59.389 Y120.516 E.05597
M204 S2000
G1 X59.35 Y120.021 F18000
M204 S1000
G1 F3600
G1 X60.109 Y119.262 E.03299
; stop printing object USV 1 e2mm.stl_6_B id:0 copy 0
; printing object "USV 1 e2mm.stl_5" id:1 copy 0
M204 S2000
G1 E-.8
G1 X175.913 Y23.742 F18000
G1 E.8 F3600
M204 S1000
;TYPE:Outer wall
;WIDTH:0.42
G1 F3000
G1 X175.913 Y106.532 E2.54393
G1 X155.659 Y106.374 E.62236
G1 X148.169 Y106.291 E.23017
G1 X140.687 Y106.197 E.22993
G1 X125.869 Y105.972 E.45537
G1 X115.968 Y105.784 E.3043
G1 X106.086 Y105.547 E.30373
G1 X101.15 Y105.416 E.15171
G1 X91.205 Y105.104 E.30574
G1 X86.238 Y104.92 E.15271
G1 X81.262 Y104.725 E.15302
G1 X76.327 Y104.507 E.15179
G1 X66.414 Y104.011 E.30497
G1 X59.028 Y103.579 E.22736
G1 X51.794 Y103.106 E.22274
G1 X42.148 Y102.373 E.29726
G1 X32.525 Y101.529 E.29683
G1 X26.337 Y100.924 E.19103
G1 X26.337 Y29.353 E2.19919
G1 X32.391 Y28.761 E.1869
G1 X37.201 Y28.317 E.14845
G1 X46.818 Y27.532 E.29646
G1 X51.628 Y27.183 E.14819
G1 X61.251 Y26.567 E.2963
G1 X68.662 Y26.142 E.2281
G1 X76.026 Y25.782 E.22654
G1 X80.921 Y25.565 E.15055
G1 X85.856 Y25.37 E.15176
G1 X90.794 Y25.185 E.15183
G1 X100.654 Y24.877 E.30313
G1 X105.59 Y24.742 E.15171
G1 X115.513 Y24.506 E.305
G1 X125.467 Y24.31 E.30592
G1 X140.338 Y24.081 E.457
G1 X147.715 Y23.991 E.2267
G1 X155.103 Y23.908 E.22704
G1 X175.893 Y23.742 E.63883
M204 S2000
G1 E-.8 F3600
G1 X110.339 Y65.044 F18000
G1 E.8 F3600
M204 S1500
;TYPE:Inner wall
;WIDTH:0.45
G1 F4800
G1 X110.339 Y65.227 E.0061
G1 X79.646 Y74.08 E1.05966
G1 X78.086 Y74.057 E.05176
G1 X77.994 Y74.66 E.02022
G1 X74.675 Y74.6 E.11014
G1 X73.745 Y75.198 E.03667
G1 X73.421 Y75.755 E.02138
G1 X72.103 Y75.72 E.04375
G1 X70.491 Y77.898 E.08987
G1 X70.221 Y80.011 E.07068
G1 X69.186 Y81.598 E.06284
G1 X68.503 Y85.401 E.12819
G1 X67.885 Y92.934 E.25071
G1 X67.88 Y103.692 E.35685
G1 X59.052 Y103.188 E.29333
G1 X51.822 Y102.715 E.24035
G1 X42.179 Y101.983 E.32078
G1 X32.561 Y101.138 E.32028
G1 X26.729 Y100.568 E.19438
G1 X26.729 Y29.708 E2.35056
G1 X32.428 Y29.151 E.18993
G1 X37.235 Y28.707 E.16015
G1 X46.848 Y27.923 E.31992
G1 X51.654 Y27.574 E.15987
G1 X61.275 Y26.959 E.31978
G1 X68.196 Y26.562 E.22997
G1 X67.693 Y37.337 E.35781
G1 X68.348 Y44.881 E.25119
G1 X69.043 Y48.681 E.12815
G1 X70.922 Y51.564 E.11415
G1 X71.163 Y54.578 E.1003
G1 X73.29 Y54.52 E.07059
G1 X73.628 Y55.081 E.02172
G1 X74.566 Y55.675 E.03683
G1 X77.912 Y55.612 E.11102
G1 X78.014 Y56.215 E.0203
G1 X79.566 Y56.191 E.05148
G1 X110.32 Y65.038 E1.06154
M204 S2000
G1 X108.739 Y65.519 F18000
;TYPE:Internal solid infill
;WIDTH:0.421581
G1 F6000
G1 X109.196 Y65.062 E.01996
G1 X108.78 Y64.942 E.01335
G1 X108.234 Y65.488 E.02382
G1 X107.482 Y65.705 E.02417
G1 X108.364 Y64.822 E.03851
G1 X107.948 Y64.703 E.01335
G1 X106.729 Y65.922 E.0532
G1 X105.977 Y66.139 E.02417
G1 X107.532 Y64.583 E.06789
G1 X107.117 Y64.463 E.01335
G1 X105.224 Y66.356 E.08259
G1 X104.471 Y66.573 E.02417
G1 X106.701 Y64.344 E.09728
G1 X106.285 Y64.224 E.01335
G1 X103.719 Y66.79 E.11197
G1 X102.966 Y67.007 E.02417
G1 X105.869 Y64.104 E.12666
G1 X105.453 Y63.985 E.01335
G1 X102.214 Y67.224 E.14135
G1 X101.461 Y67.441 E.02417
G1 X105.037 Y63.865 E.15604
G1 X104.621 Y63.746 E.01335
G1 X100.709 Y67.658 E.17074
G1 X99.956 Y67.875 E.02417
G1 X104.205 Y63.626 E.18543
G1 X103.79 Y63.506 E.01335
G1 X99.204 Y68.092 E.20012
G1 X98.451 Y68.309 E.02417
G1 X103.374 Y63.387 E.21481
G1 X102.958 Y63.267 E.01335
G1 X97.698 Y68.526 E.2295
G1 X96.946 Y68.743 E.02417
G1 X102.542 Y63.147 E.24419
G1 X102.126 Y63.028 E.01335
G1 X96.193 Y68.96 E.25889
G1 X95.441 Y69.178 E.02417
G1 X101.71 Y62.908 E.27358
G1 X101.294 Y62.789 E.01335
G1 X94.688 Y69.395 E.28827
G1 X93.936 Y69.612 E.02417
G1 X100.878 Y62.669 E.30296
G1 X100.463 Y62.549 E.01335
G1 X93.183 Y69.829 E.31765
G1 X92.431 Y70.046 E.02417
G1 X100.047 Y62.43 E.33234
G1 X99.631 Y62.31 E.01335
G1 X91.678 Y70.263 E.34703
G1 X90.925 Y70.48 E.02417
G1 X99.215 Y62.19 E.36173
G1 X98.799 Y62.071 E.01335
G1 X90.173 Y70.697 E.37642
G1 X89.42 Y70.914 E.02417
G1 X98.383 Y61.951 E.39111
G1 X97.967 Y61.832 E.01335
G1 X88.668 Y71.131 E.4058
G1 X87.915 Y71.348 E.02417
G1 X97.551 Y61.712 E.42049
G1 X97.136 Y61.592 E.01335
G1 X87.163 Y71.565 E.43518
G1 X86.41 Y71.782 E.02417
G1 X96.72 Y61.473 E.44988
G1 X96.304 Y61.353 E.01335
G1 X85.658 Y71.999 E.46457
G1 X84.905 Y72.216 E.02417
G1 X95.888 Y61.233 E.47926
G1 X95.472 Y61.114 E.01335
G1 X84.152 Y72.433 E.49395
G1 X83.4 Y72.65 E.02417
G1 X95.056 Y60.994 E.50864
G1 X94.64 Y60.874 E.01335
G1 X82.647 Y72.867 E.52333
G1 X81.895 Y73.084 E.02417
G1 X94.224 Y60.755 E.53803
G1 X93.808 Y60.635 E.01335
G1 X81.142 Y73.301 E.55272
G1 X80.39 Y73.518 E.02417
G1 X93.393 Y60.516 E.56741
G1 X92.977 Y60.396 E.01335
G1 X79.637 Y73.736 E.5821
G1 X79.099 Y73.739 E.01662
G1 X92.561 Y60.276 E.58746
G1 X92.145 Y60.157 E.01335
G1 X78.403 Y73.898 E.59965
G1 X77.283 Y74.483 F18000
G1 F6000
G1 X91.729 Y60.037 E.63039
G1 X91.313 Y59.917 E.01335
G1 X76.924 Y74.307 E.62792
G1 X76.398 Y74.298 E.01623
G1 X90.897 Y59.798 E.63273
G1 X90.481 Y59.678 E.01335
G1 X75.872 Y74.288 E.63753
G1 X75.346 Y74.278 E.01623
G1 X90.066 Y59.559 E.64233
G1 X89.65 Y59.439 E.01335
G1 X74.653 Y74.436 E.65441
G1 X72.974 Y75.58 F18000
G1 F6000
G1 X89.234 Y59.319 E.70955
G1 X88.818 Y59.2 E.01335
G1 X72.452 Y75.566 E.71417
G1 X70.765 Y77.253 F18000
G1 F6000
G1 X46.073 Y101.944 E1.07746
G1 X46.571 Y101.982 E.0154
G1 X70.082 Y78.471 E1.02593
G1 X70.003 Y79.085 E.0191
G1 X47.069 Y102.02 E1.00079
G1 X47.567 Y102.058 E.0154
G1 X69.925 Y79.699 E.97565
G1 X69.9 Y79.893 E.00603
G1 X69.213 Y80.947 E.03882
G1 X48.064 Y102.095 E.92286
G1 X48.562 Y102.133 E.0154
G1 X68.793 Y81.902 E.88281
G1 X68.675 Y82.555 E.02047
G1 X49.06 Y102.171 E.85598
G1 X49.557 Y102.209 E.0154
G1 X68.558 Y83.208 E.82914
G1 X68.441 Y83.861 E.02047
G1 X50.055 Y102.247 E.8023
G1 X50.553 Y102.284 E.0154
G1 X68.324 Y84.514 E.77547
G1 X68.206 Y85.166 E.02047
G1 X51.05 Y102.322 E.74863
G1 X51.548 Y102.36 E.0154
G1 X68.138 Y85.77 E.72394
G1 X68.09 Y86.353 E.01806
G1 X52.048 Y102.396 E.70005
G1 X52.55 Y102.429 E.01554
G1 X68.042 Y86.937 E.67603
G1 X67.995 Y87.52 E.01806
G1 X53.053 Y102.462 E.65201
G1 X53.556 Y102.494 E.01554
G1 X67.947 Y88.103 E.62799
G1 X67.899 Y88.687 E.01806
G1 X54.058 Y102.527 E.60397
G1 X54.561 Y102.56 E.01554
G1 X67.851 Y89.27 E.57995
G1 X67.803 Y89.853 E.01806
G1 X55.064 Y102.593 E.55593
G1 X55.566 Y102.626 E.01554
G1 X67.756 Y90.437 E.53191
G1 X67.708 Y91.02 E.01806
G1 X56.069 Y102.659 E.50789
G1 X56.572 Y102.692 E.01554
G1 X67.66 Y91.603 E.48387
G1 X67.612 Y92.186 E.01806
G1 X57.074 Y102.724 E.45985
G1 X57.577 Y102.757 E.01554
G1 X67.565 Y92.77 E.43583
G1 X67.552 Y93.318 E.01691
G1 X58.08 Y102.79 E.41335
G1 X58.582 Y102.823 E.01554
G1 X67.552 Y93.854 E.3914
G1 X67.551 Y94.389 E.01653
G1 X59.085 Y102.856 E.36945
G1 X59.592 Y102.885 E.01566
G1 X67.551 Y94.925 E.34734
G1 X67.551 Y95.461 E.01653
G1 X60.098 Y102.914 E.32522
G1 X60.605 Y102.943 E.01566
G1 X67.551 Y95.997 E.3031
G1 X67.55 Y96.532 E.01653
G1 X61.111 Y102.972 E.28099
G1 X61.618 Y103 E.01566
G1 X67.55 Y97.068 E.25887
G1 X67.55 Y97.604 E.01653
G1 X62.124 Y103.029 E.23675
G1 X62.631 Y103.058 E.01566
G1 X67.55 Y98.14 E.21464
G1 X67.549 Y98.675 E.01653
G1 X63.138 Y103.087 E.19252
G1 X63.644 Y103.116 E.01566
G1 X67.549 Y99.211 E.1704
G1 X67.549 Y99.747 E.01653
G1 X64.151 Y103.145 E.14829
G1 X64.657 Y103.174 E.01566
G1 X67.549 Y100.283 E.12617
G1 X67.548 Y100.818 E.01653
G1 X65.164 Y103.203 E.10405
G1 X65.671 Y103.232 E.01566
G1 X67.548 Y101.354 E.08193
G1 X67.548 Y101.89 E.01653
G1 X66.177 Y103.261 E.05982
G1 X66.684 Y103.29 E.01566
G1 X67.548 Y102.426 E.0377
G1 X67.547 Y102.961 E.01653
G1 X67.03 Y103.479 E.0226
G1 X45.418 Y102.065 F18000
G1 F6000
G1 X88.402 Y59.08 E1.87572
G1 X87.986 Y58.96 E.01335
G1 X45.078 Y101.869 E1.87239
G1 X44.58 Y101.831 E.0154
G1 X87.57 Y58.841 E1.87596
G1 X87.154 Y58.721 E.01335
G1 X44.083 Y101.793 E1.87953
G1 X43.585 Y101.755 E.0154
G1 X86.739 Y58.602 E1.8831
G1 X86.323 Y58.482 E.01335
G1 X43.087 Y101.717 E1.88667
G1 X42.59 Y101.68 E.0154
G1 X85.907 Y58.362 E1.89024
G1 X85.491 Y58.243 E.01335
G1 X42.093 Y101.64 E1.89375
G1 X41.601 Y101.597 E.01525
G1 X85.075 Y58.123 E1.89709
G1 X84.659 Y58.003 E.01335
G1 X41.109 Y101.554 E1.90042
G1 X40.616 Y101.511 E.01525
G1 X84.243 Y57.884 E1.90376
G1 X83.827 Y57.764 E.01335
G1 X40.124 Y101.468 E1.90709
G1 X39.632 Y101.424 E.01525
G1 X83.412 Y57.644 E1.91043
G1 X82.996 Y57.525 E.01335
G1 X39.139 Y101.381 E1.91376
G1 X38.647 Y101.338 E.01525
G1 X82.58 Y57.405 E1.9171
G1 X82.164 Y57.286 E.01335
G1 X38.155 Y101.295 E1.92043
G1 X37.662 Y101.252 E.01525
G1 X81.748 Y57.166 E1.92376
G1 X81.332 Y57.046 E.01335
G1 X37.17 Y101.208 E1.9271
G1 X36.678 Y101.165 E.01525
G1 X80.916 Y56.927 E1.93043
G1 X80.5 Y56.807 E.01335
G1 X36.186 Y101.122 E1.93377
G1 X35.693 Y101.079 E.01525
G1 X80.085 Y56.687 E1.9371
G1 X79.669 Y56.568 E.01335
G1 X35.201 Y101.035 E1.94044
G1 X34.709 Y100.992 E.01525
G1 X79.17 Y56.531 E1.94017
G1 X78.626 Y56.539 E.01678
G1 X34.216 Y100.949 E1.93792
G1 X33.724 Y100.906 E.01525
G1 X78.083 Y56.547 E1.93568
G1 X77.733 Y56.553 E.01078
G1 X77.706 Y56.389 E.00512
G1 X33.232 Y100.863 E1.9407
G1 X32.74 Y100.819 E.01525
G1 X77.608 Y55.951 E1.95793
G1 X77.062 Y55.961 E.01685
G1 X32.25 Y100.773 E1.95546
G1 X31.763 Y100.725 E.01512
G1 X76.516 Y55.972 E1.95292
G1 X75.97 Y55.982 E.01685
G1 X31.275 Y100.678 E1.95039
G1 X30.787 Y100.63 E.01512
G1 X75.425 Y55.992 E1.94786
G1 X74.879 Y56.003 E.01685
G1 X30.299 Y100.582 E1.94533
G1 X29.811 Y100.535 E.01512
G1 X74.388 Y55.957 E1.94522
G1 X74.061 Y55.75 E.01197
G1 X29.323 Y100.487 E1.95221
G1 X28.836 Y100.439 E.01512
G1 X73.733 Y55.542 E1.95919
G1 X73.405 Y55.334 E.01197
G1 X28.348 Y100.392 E1.96618
G1 X27.86 Y100.344 E.01512
G1 X73.195 Y55.008 E1.97831
G1 X73.105 Y54.858 E.00541
G1 X72.802 Y54.866 E.00936
G1 X27.372 Y100.296 E1.98243
G1 X27.062 Y100.266 E.0096
G1 X27.062 Y100.07 E.00604
G1 X72.251 Y54.881 E1.97191
G1 X71.701 Y54.897 E.01699
G1 X27.062 Y99.535 E1.94789
G1 X27.062 Y98.999 E.01652
G1 X71.15 Y54.912 E1.92386
G1 X70.856 Y54.92 E.00908
G1 X70.838 Y54.689 E.00715
G1 X27.062 Y98.464 E1.91022
G1 X27.062 Y97.928 E.01652
G1 X70.798 Y54.193 E1.90849
G1 X70.758 Y53.697 E.01535
G1 X27.062 Y97.393 E1.90676
G1 X27.062 Y96.857 E.01652
G1 X70.719 Y53.201 E1.90503
G1 X70.679 Y52.705 E.01535
G1 X27.062 Y96.322 E1.90331
G1 X27.062 Y95.786 E.01652
G1 X70.64 Y52.209 E1.90158
G1 X70.6 Y51.713 E.01535
G1 X27.062 Y95.251 E1.89985
G1 X27.062 Y94.715 E.01652
G1 X70.402 Y51.376 E1.89121
G1 X70.191 Y51.052 E.01194
G1 X27.062 Y94.18 E1.88199
G1 X27.062 Y93.644 E.01652
G1 X69.979 Y50.727 E1.87277
G1 X69.768 Y50.403 E.01194
G1 X27.062 Y93.109 E1.86355
G1 X27.062 Y92.573 E.01652
G1 X69.557 Y50.079 E1.85433
G1 X69.345 Y49.755 E.01194
G1 X27.062 Y92.038 E1.84511
G1 X27.062 Y91.502 E.01652
G1 X69.134 Y49.431 E1.83589
G1 X68.923 Y49.106 E.01194
G1 X27.062 Y90.967 E1.82667
G1 X27.062 Y90.431 E.01652
G1 X68.721 Y48.772 E1.81787
G1 X68.638 Y48.32 E.0142
G1 X27.062 Y89.896 E1.81426
G1 X27.062 Y89.36 E.01652
G1 X68.556 Y47.867 E1.81064
G1 X68.473 Y47.414 E.0142
G1 X27.062 Y88.825 E1.80703
G1 X27.062 Y88.289 E.01652
G1 X68.39 Y46.962 E1.80342
G1 X68.307 Y46.509 E.0142
G1 X27.062 Y87.754 E1.79981
G1 X27.062 Y87.218 E.01652
G1 X68.225 Y46.056 E1.79619
G1 X68.142 Y45.603 E.0142
G1 X27.062 Y86.683 E1.79258
G1 X27.062 Y86.147 E.01652
G1 X68.059 Y45.151 E1.78897
G1 X67.996 Y44.678 E.01472
G1 X27.062 Y85.612 E1.78623
G1 X27.062 Y85.076 E.01652
G1 X67.953 Y44.185 E1.78436
G1 X67.911 Y43.693 E.01526
G1 X27.062 Y84.541 E1.78249
G1 X27.062 Y84.005 E.01652
G1 X67.868 Y43.2 E1.78063
G1 X67.825 Y42.707 E.01526
G1 X27.062 Y83.47 E1.77876
G1 X27.062 Y82.934 E.01652
G1 X67.782 Y42.215 E1.77689
G1 X67.739 Y41.722 E.01526
G1 X27.062 Y82.399 E1.77502
G1 X27.062 Y81.863 E.01652
G1 X67.696 Y41.229 E1.77315
G1 X67.654 Y40.736 E.01526
G1 X27.062 Y81.328 E1.77128
G1 X27.062 Y80.792 E.01652
G1 X67.611 Y40.244 E1.76941
G1 X67.568 Y39.751 E.01526
G1 X27.062 Y80.257 E1.76754
G1 X27.062 Y79.721 E.01652
G1 X67.525 Y39.258 E1.76568
G1 X67.482 Y38.766 E.01526
G1 X27.062 Y79.186 E1.76381
G1 X27.062 Y78.65 E.01652
G1 X67.439 Y38.273 E1.76194
G1 X67.397 Y37.78 E.01526
G1 X27.062 Y78.115 E1.76007
G1 X27.062 Y77.579 E.01652
G1 X67.362 Y37.28 E1.75854
G1 X67.388 Y36.718 E.01735
G1 X27.062 Y77.044 E1.75969
G1 X27.062 Y76.508 E.01652
G1 X67.414 Y36.156 E1.76083
G1 X67.44 Y35.595 E.01735
G1 X27.062 Y75.973 E1.76198
G1 X27.062 Y75.437 E.01652
G1 X67.467 Y35.033 E1.76312
G1 X67.493 Y34.471 E.01735
G1 X27.062 Y74.902 E1.76427
G1 X27.062 Y74.366 E.01652
G1 X67.519 Y33.909 E1.76541
G1 X67.545 Y33.348 E.01735
G1 X27.062 Y73.831 E1.76656
G1 X27.062 Y73.295 E.01652
G1 X67.572 Y32.786 E1.76771
G1 X67.598 Y32.224 E.01735
G1 X27.062 Y72.76 E1.76885
G1 X27.062 Y72.224 E.01652
G1 X67.624 Y31.662 E1.77
G1 X67.65 Y31.101 E.01735
G1 X27.062 Y71.689 E1.77114
G1 X27.062 Y71.153 E.01652
G1 X67.677 Y30.539 E1.77229
G1 X67.703 Y29.977 E.01735
G1 X27.062 Y70.618 E1.77343
G1 X27.062 Y70.082 E.01652
G1 X67.729 Y29.415 E1.77458
G1 X67.755 Y28.853 E.01735
G1 X27.062 Y69.547 E1.77572
G1 X27.062 Y69.011 E.01652
G1 X67.782 Y28.292 E1.77687
G1 X67.808 Y27.73 E.01735
G1 X27.062 Y68.475 E1.77802
G1 X27.062 Y67.94 E.01652
G1 X67.834 Y27.168 E1.77916
G1 X67.846 Y26.916 E.0078
G1 X67.533 Y26.934 E.00967
G1 X27.062 Y67.404 E1.76603
G1 X27.062 Y66.869 E.01652
G1 X66.965 Y26.966 E1.74124
G1 X66.397 Y26.999 E.01756
G1 X27.062 Y66.333 E1.71645
G1 X27.062 Y65.798 E.01652
G1 X65.829 Y27.031 E1.69166
G1 X65.261 Y27.064 E.01756
G1 X27.062 Y65.262 E1.66687
G1 X27.062 Y64.727 E.01652
G1 X64.693 Y27.096 E1.64208
G1 X64.125 Y27.129 E.01756
G1 X27.062 Y64.191 E1.61729
G1 X27.062 Y63.656 E.01652
G1 X63.557 Y27.162 E1.5925
G1 X62.989 Y27.194 E.01756
G1 X27.062 Y63.12 E1.56772
G1 X27.062 Y62.585 E.01652
G1 X62.421 Y27.227 E1.54293
G1 X61.852 Y27.259 E.01756
G1 X27.062 Y62.049 E1.51814
G1 X27.062 Y61.514 E.01652
G1 X61.284 Y27.292 E1.49334
G1 X60.712 Y27.329 E.01769
G1 X27.062 Y60.978 E1.46838
G1 X27.062 Y60.443 E.01652
G1 X60.14 Y27.365 E1.44341
G1 X59.568 Y27.402 E.01769
G1 X27.062 Y59.907 E1.41845
G1 X27.062 Y59.372 E.01652
G1 X58.996 Y27.438 E1.39348
G1 X58.424 Y27.475 E.01769
G1 X27.062 Y58.836 E1.36852
G1 X27.062 Y58.301 E.01652
G1 X57.852 Y27.512 E1.34355
G1 X57.279 Y27.548 E.01769
G1 X27.062 Y57.765 E1.31858
G1 X27.062 Y57.23 E.01652
G1 X56.707 Y27.585 E1.29362
G1 X56.135 Y27.622 E.01769
G1 X27.062 Y56.694 E1.26865
G1 X27.062 Y56.159 E.01652
G1 X55.563 Y27.658 E1.24369
G1 X54.991 Y27.695 E.01769
G1 X27.062 Y55.623 E1.21872
G1 X27.062 Y55.088 E.01652
G1 X54.419 Y27.731 E1.19375
G1 X53.847 Y27.768 E.01769
G1 X27.062 Y54.552 E1.16879
G1 X27.062 Y54.017 E.01652
G1 X53.275 Y27.805 E1.14382
G1 X52.702 Y27.841 E.01769
G1 X27.062 Y53.481 E1.11886
G1 X27.062 Y52.946 E.01652
G1 X52.13 Y27.878 E1.09389
G1 X51.557 Y27.916 E.01773
G1 X27.062 Y52.41 E1.06888
G1 X27.062 Y51.875 E.01652
G1 X50.98 Y27.957 E1.04368
G1 X50.402 Y27.999 E.01786
G1 X27.062 Y51.339 E1.01849
G1 X27.062 Y50.804 E.01652
G1 X49.825 Y28.041 E.99329
G1 X49.248 Y28.083 E.01786
G1 X27.062 Y50.268 E.9681
G1 X27.062 Y49.733 E.01652
G1 X48.67 Y28.125 E.9429
G1 X48.093 Y28.167 E.01786
G1 X27.062 Y49.197 E.91771
G1 X27.062 Y48.662 E.01652
G1 X47.515 Y28.209 E.89251
G1 X46.938 Y28.251 E.01786
G1 X27.062 Y48.126 E.86732
G1 X27.062 Y47.591 E.01652
G1 X46.356 Y28.297 E.8419
G1 X45.772 Y28.345 E.01805
G1 X27.062 Y47.055 E.81645
G1 X27.062 Y46.52 E.01652
G1 X45.189 Y28.393 E.79101
G1 X44.606 Y28.44 E.01805
G1 X27.062 Y45.984 E.76557
G1 X27.062 Y45.449 E.01652
G1 X44.023 Y28.488 E.74012
G1 X43.44 Y28.535 E.01805
G1 X27.062 Y44.913 E.71468
G1 X27.062 Y44.378 E.01652
G1 X42.857 Y28.583 E.68923
G1 X42.274 Y28.631 E.01805
G1 X27.062 Y43.842 E.66379
G1 X27.062 Y43.307 E.01652
G1 X41.691 Y28.678 E.63834
G1 X41.108 Y28.726 E.01805
G1 X27.062 Y42.771 E.6129
G1 X27.062 Y42.236 E.01652
G1 X40.525 Y28.773 E.58745
G1 X39.942 Y28.821 E.01805
G1 X27.062 Y41.7 E.56201
G1 X27.062 Y41.165 E.01652
G1 X39.358 Y28.869 E.53656
G1 X38.775 Y28.916 E.01805
G1 X27.062 Y40.629 E.51112
G1 X27.062 Y40.094 E.01652
G1 X38.192 Y28.964 E.48567
G1 X37.609 Y29.011 E.01805
G1 X27.062 Y39.558 E.46023
G1 X27.062 Y39.023 E.01652
G1 X37.023 Y29.062 E.43466
G1 X36.433 Y29.116 E.01828
G1 X27.062 Y38.487 E.40892
G1 X27.062 Y37.952 E.01652
G1 X35.843 Y29.171 E.38318
G1 X35.253 Y29.225 E.01828
G1 X27.062 Y37.416 E.35743
G1 X27.062 Y36.881 E.01652
G1 X34.663 Y29.279 E.33169
G1 X34.074 Y29.334 E.01828
G1 X27.062 Y36.345 E.30595
G1 X27.062 Y35.81 E.01652
G1 X33.484 Y29.388 E.2802
G1 X32.894 Y29.443 E.01828
G1 X27.062 Y35.274 E.25446
G1 X27.062 Y34.739 E.01652
G1 X32.303 Y29.498 E.22868
G1 X31.709 Y29.556 E.0184
G1 X27.062 Y34.203 E.20278
G1 X27.062 Y33.668 E.01652
G1 X31.116 Y29.614 E.17688
G1 X30.522 Y29.672 E.0184
G1 X27.062 Y33.132 E.15097
G1 X27.062 Y32.596 E.01652
G1 X29.929 Y29.73 E.12507
G1 X29.335 Y29.788 E.0184
G1 X27.062 Y32.061 E.09917
G1 X27.062 Y31.525 E.01652
G1 X28.742 Y29.846 E.07327
G1 X28.148 Y29.904 E.0184
G1 X27.062 Y30.99 E.04737
G1 X27.062 Y30.454 E.01652
G1 X27.743 Y29.773 E.02972
G1 E-.8 F3600
G1 X175.045 Y106.416 F18000
G1 E.8 F3600
M204 S1000
;TYPE:Top surface
;WIDTH:0.421039
G1 X175.804 Y105.658 E.03305
M204 S2000
G1 X175.804 Y105.123 F18000
M204 S1000
G1 F3600
G1 X174.515 Y106.412 E.05617
M204 S2000
G1 X173.984 Y106.408 F18000
M204 S1000
G1 F3600
G1 X175.804 Y104.588 E.07929
M204 S2000
G1 X175.804 Y104.054 F18000
M204 S1000
G1 F3600
G1 X173.454 Y106.404 E.10241
M204 S2000
G1 X172.923 Y106.4 F18000
M204 S1000
G1 F3600
G1 X175.804 Y103.519 E.12553
M204 S2000
G1 X175.804 Y102.984 F18000
M204 S1000
G1 F3600
G1 X172.392 Y106.395 E.14865
M204 S2000
G1 X171.862 Y106.391 F18000
M204 S1000
G1 F3600
G1 X175.804 Y102.449 E.17177
M204 S2000
G1 X175.804 Y101.915 F18000
M204 S1000
G1 F3600
G1 X171.331 Y106.387 E.19489
M204 S2000
G1 X170.801 Y106.383 F18000
M204 S1000
G1 F3600
G1 X175.804 Y101.38 E.21801
M204 S2000
G1 X175.804 Y100.845 F18000
M204 S1000
G1 F3600
G1 X170.27 Y106.379 E.24113
M204 S2000
G1 X169.739 Y106.375 F18000
M204 S1000
G1 F3600
G1 X175.804 Y100.31 E.26425
M204 S2000
G1 X175.804 Y99.776 F18000
M204 S1000
G1 F3600
G1 X169.209 Y106.37 E.28737
M204 S2000
G1 X168.678 Y106.366 F18000
M204 S1000
G1 F3600
G1 X175.804 Y99.241 E.31049
M204 S2000
G1 X175.804 Y98.706 F18000
M204 S1000
G1 F3600
G1 X168.148 Y106.362 E.33361
M204 S2000
G1 X167.617 Y106.358 F18000
M204 S1000
G1 F3600
G1 X175.804 Y98.171 E.35673
M204 S2000
G1 X175.804 Y97.637 F18000
M204 S1000
G1 F3600
G1 X167.087 Y106.354 E.37985
M204 S2000
G1 X166.556 Y106.35 F18000
M204 S1000
G1 F3600
G1 X175.804 Y97.102 E.40297
M204 S2000
G1 X175.804 Y96.567 F18000
M204 S1000
G1 F3600
G1 X166.025 Y106.346 E.42609
M204 S2000
G1 X165.495 Y106.341 F18000
M204 S1000
G1 F3600
G1 X175.804 Y96.032 E.44921
M204 S2000
G1 X175.804 Y95.498 F18000
M204 S1000
G1 F3600
G1 X164.964 Y106.337 E.47233
M204 S2000
G1 X164.434 Y106.333 F18000
M204 S1000
G1 F3600
G1 X175.804 Y94.963 E.49545
M204 S2000
G1 X175.804 Y94.428 F18000
M204 S1000
G1 F3600
G1 X163.903 Y106.329 E.51857
M204 S2000
G1 X163.372 Y106.325 F18000
M204 S1000
G1 F3600
G1 X175.804 Y93.893 E.54169
M204 S2000
G1 X175.804 Y93.359 F18000
M204 S1000
G1 F3600
G1 X162.842 Y106.321 E.56481
M204 S2000
G1 X162.311 Y106.316 F18000
M204 S1000
G1 F3600
G1 X175.804 Y92.824 E.58793
M204 S2000
G1 X175.804 Y92.289 F18000
M204 S1000
G1 F3600
G1 X161.781 Y106.312 E.61105
M204 S2000
G1 X161.25 Y106.308 F18000
M204 S1000
G1 F3600
G1 X175.804 Y91.755 E.63417
M204 S2000
G1 X175.804 Y91.22 F18000
M204 S1000
G1 F3600
G1 X160.72 Y106.304 E.65729
M204 S2000
G1 X160.189 Y106.3 F18000
M204 S1000
G1 F3600
G1 X175.804 Y90.685 E.68041
M204 S2000
G1 X175.804 Y90.15 F18000
M204 S1000
G1 F3600
G1 X159.658 Y106.296 E.70353
M204 S2000
G1 X159.128 Y106.291 F18000
M204 S1000
G1 F3600
G1 X175.804 Y89.616 E.72665
M204 S2000
G1 X175.804 Y89.081 F18000
M204 S1000
G1 F3600
G1 X158.597 Y106.287 E.74977
M204 S2000
G1 X158.067 Y106.283 F18000
M204 S1000
G1 F3600
G1 X175.804 Y88.546 E.77289
M204 S2000
G1 X175.804 Y88.011 F18000
M204 S1000
G1 F3600
G1 X157.536 Y106.279 E.79601
M204 S2000
G1 X157.005 Y106.275 F18000
M204 S1000
G1 F3600
G1 X175.804 Y87.477 E.81913
M204 S2000
G1 X175.804 Y86.942 F18000
M204 S1000
G1 F3600
G1 X156.475 Y106.271 E.84225
M204 S2000
G1 X155.944 Y106.267 F18000
M204 S1000
G1 F3600
G1 X175.804 Y86.407 E.86537
M204 S2000
G1 X175.804 Y85.872 F18000
M204 S1000
G1 F3600
G1 X155.414 Y106.262 E.88845
M204 S2000
G1 X154.886 Y106.256 F18000
M204 S1000
G1 F3600
G1 X175.804 Y85.338 E.9115
M204 S2000
G1 X175.804 Y84.803 F18000
M204 S1000
G1 F3600
G1 X154.357 Y106.25 E.93454
M204 S2000
G1 X153.828 Y106.244 F18000
M204 S1000
G1 F3600
G1 X175.804 Y84.268 E.95759
M204 S2000
G1 X175.804 Y83.733 F18000
M204 S1000
G1 F3600
G1 X153.299 Y106.238 E.98064
M204 S2000
G1 X152.77 Y106.232 F18000
M204 S1000
G1 F3600
G1 X175.804 Y83.199 E1.00368
M204 S2000
G1 X175.804 Y82.664 F18000
M204 S1000
G1 F3600
G1 X152.241 Y106.226 E1.02673
M204 S2000
G1 X151.712 Y106.221 F18000
M204 S1000
G1 F3600
G1 X175.804 Y82.129 E1.04977
M204 S2000
G1 X175.804 Y81.594 F18000
M204 S1000
G1 F3600
G1 X151.183 Y106.215 E1.07282
M204 S2000
G1 X150.655 Y106.209 F18000
M204 S1000
G1 F3600
G1 X175.804 Y81.06 E1.09586
M204 S2000
G1 X175.804 Y80.525 F18000
M204 S1000
G1 F3600
G1 X150.126 Y106.203 E1.11891
M204 S2000
G1 X149.597 Y106.197 F18000
M204 S1000
G1 F3600
G1 X175.804 Y79.99 E1.14196
M204 S2000
G1 X175.804 Y79.455 F18000
M204 S1000
G1 F3600
G1 X149.068 Y106.191 E1.165
M204 S2000
G1 X148.539 Y106.185 F18000
M204 S1000
G1 F3600
G1 X175.804 Y78.921 E1.18805
M204 S2000
G1 X175.804 Y78.386 F18000
M204 S1000
G1 F3600
G1 X148.01 Y106.179 E1.21108
M204 S2000
G1 X147.482 Y106.173 F18000
M204 S1000
G1 F3600
G1 X175.804 Y77.851 E1.2341
M204 S2000
G1 X175.804 Y77.317 F18000
M204 S1000
G1 F3600
G1 X146.954 Y106.166 E1.25711
M204 S2000
G1 X146.426 Y106.159 F18000
M204 S1000
G1 F3600
G1 X175.804 Y76.782 E1.28012
M204 S2000
G1 X175.804 Y76.247 F18000
M204 S1000
G1 F3600
G1 X145.898 Y106.153 E1.30313
M204 S2000
G1 X145.37 Y106.146 F18000
M204 S1000
G1 F3600
G1 X175.804 Y75.712 E1.32614
M204 S2000
G1 X175.804 Y75.178 F18000
M204 S1000
G1 F3600
G1 X144.842 Y106.14 E1.34916
M204 S2000
G1 X144.314 Y106.133 F18000
M204 S1000
G1 F3600
G1 X175.804 Y74.643 E1.37217
M204 S2000
G1 X175.804 Y74.108 F18000
M204 S1000
G1 F3600
G1 X143.786 Y106.126 E1.39518
M204 S2000
G1 X143.257 Y106.12 F18000
M204 S1000
G1 F3600
G1 X175.804 Y73.573 E1.41819
M204 S2000
G1 X175.804 Y73.039 F18000
M204 S1000
G1 F3600
G1 X142.729 Y106.113 E1.4412
M204 S2000
G1 X142.201 Y106.106 F18000
M204 S1000
G1 F3600
G1 X175.804 Y72.504 E1.46422
M204 S2000
G1 X175.804 Y71.969 F18000
M204 S1000
G1 F3600
G1 X141.673 Y106.1 E1.48723
M204 S2000
G1 X141.145 Y106.093 F18000
M204 S1000
G1 F3600
G1 X175.804 Y71.434 E1.51024
M204 S2000
G1 X175.804 Y70.9 F18000
M204 S1000
G1 F3600
G1 X140.617 Y106.086 E1.53324
M204 S2000
G1 X140.09 Y106.078 F18000
M204 S1000
G1 F3600
G1 X175.804 Y70.365 E1.5562
M204 S2000
G1 X175.804 Y69.83 F18000
M204 S1000
G1 F3600
G1 X139.564 Y106.07 E1.57915
M204 S2000
G1 X139.037 Y106.062 F18000
M204 S1000
G1 F3600
G1 X175.804 Y69.295 E1.6021
M204 S2000
G1 X175.804 Y68.761 F18000
M204 S1000
G1 F3600
G1 X138.51 Y106.054 E1.62505
M204 S2000
G1 X137.983 Y106.046 F18000
M204 S1000
G1 F3600
G1 X175.804 Y68.226 E1.64801
M204 S2000
G1 X175.804 Y67.691 F18000
M204 S1000
G1 F3600
G1 X137.457 Y106.038 E1.67096
M204 S2000
G1 X136.93 Y106.03 F18000
M204 S1000
G1 F3600
G1 X175.804 Y67.156 E1.69391
M204 S2000
G1 X175.804 Y66.622 F18000
M204 S1000
G1 F3600
G1 X136.403 Y106.022 E1.71687
M204 S2000
G1 X135.876 Y106.014 F18000
M204 S1000
G1 F3600
G1 X175.804 Y66.087 E1.73982
M204 S2000
G1 X175.804 Y65.552 F18000
M204 S1000
G1 F3600
G1 X135.35 Y106.006 E1.76277
M204 S2000
G1 X134.823 Y105.998 F18000
M204 S1000
G1 F3600
G1 X175.804 Y65.017 E1.78572
M204 S2000
G1 X175.804 Y64.483 F18000
M204 S1000
G1 F3600
G1 X134.296 Y105.99 E1.80868
M204 S2000
G1 X133.769 Y105.982 F18000
M204 S1000
G1 F3600
G1 X175.804 Y63.948 E1.83163
M204 S2000
G1 X175.804 Y63.413 F18000
M204 S1000
G1 F3600
G1 X133.243 Y105.974 E1.85458
M204 S2000
G1 X132.716 Y105.966 F18000
M204 S1000
G1 F3600
G1 X175.804 Y62.879 E1.87753
M204 S2000
G1 X175.804 Y62.344 F18000
M204 S1000
G1 F3600
G1 X132.189 Y105.958 E1.90049
M204 S2000
G1 X131.662 Y105.95 F18000
M204 S1000
G1 F3600
G1 X175.804 Y61.809 E1.92344
M204 S2000
G1 X175.804 Y61.274 F18000
M204 S1000
G1 F3600
G1 X131.136 Y105.942 E1.94639
M204 S2000
G1 X130.609 Y105.934 F18000
M204 S1000
G1 F3600
G1 X175.804 Y60.74 E1.96934
M204 S2000
G1 X175.804 Y60.205 F18000
M204 S1000
G1 F3600
G1 X130.082 Y105.926 E1.9923
M204 S2000
G1 X129.555 Y105.918 F18000
M204 S1000
G1 F3600
G1 X175.804 Y59.67 E2.01525
M204 S2000
G1 X175.804 Y59.135 F18000
M204 S1000
G1 F3600
G1 X129.029 Y105.91 E2.0382
M204 S2000
G1 X128.502 Y105.902 F18000
M204 S1000
G1 F3600
G1 X175.804 Y58.601 E2.06115
M204 S2000
G1 X175.804 Y58.066 F18000
M204 S1000
G1 F3600
G1 X127.975 Y105.894 E2.08411
M204 S2000
G1 X127.449 Y105.886 F18000
M204 S1000
G1 F3600
G1 X175.804 Y57.531 E2.10706
M204 S2000
G1 X175.804 Y56.996 F18000
M204 S1000
G1 F3600
G1 X126.922 Y105.878 E2.13001
M204 S2000
G1 X126.395 Y105.87 F18000
M204 S1000
G1 F3600
G1 X175.804 Y56.462 E2.15297
M204 S2000
G1 X175.804 Y55.927 F18000
M204 S1000
G1 F3600
G1 X125.868 Y105.862 E2.17592
M204 S2000
G1 X125.344 Y105.852 F18000
M204 S1000
G1 F3600
G1 X175.804 Y55.392 E2.19878
M204 S2000
G1 X175.804 Y54.857 F18000
M204 S1000
G1 F3600
G1 X124.819 Y105.842 E2.22165
M204 S2000
G1 X124.294 Y105.832 F18000
M204 S1000
G1 F3600
G1 X175.804 Y54.323 E2.24452
M204 S2000
G1 X175.804 Y53.788 F18000
M204 S1000
G1 F3600
G1 X123.769 Y105.822 E2.26739
M204 S2000
G1 X123.244 Y105.812 F18000
M204 S1000
G1 F3600
G1 X175.804 Y53.253 E2.29025
M204 S2000
G1 X175.804 Y52.718 F18000
M204 S1000
G1 F3600
G1 X122.72 Y105.803 E2.31312
M204 S2000
G1 X122.195 Y105.793 F18000
M204 S1000
G1 F3600
G1 X175.804 Y52.184 E2.33599
M204 S2000
G1 X175.804 Y51.649 F18000
M204 S1000
G1 F3600
G1 X121.67 Y105.783 E2.35885
M204 S2000
G1 X121.145 Y105.773 F18000
M204 S1000
G1 F3600
G1 X175.804 Y51.114 E2.38172
M204 S2000
G1 X175.804 Y50.579 F18000
M204 S1000
G1 F3600
G1 X120.621 Y105.763 E2.40459
M204 S2000
G1 X120.096 Y105.753 F18000
M204 S1000
G1 F3600
G1 X175.804 Y50.045 E2.42745
M204 S2000
G1 X175.804 Y49.51 F18000
M204 S1000
G1 F3600
G1 X119.571 Y105.743 E2.45032
M204 S2000
G1 X119.046 Y105.733 F18000
M204 S1000
G1 F3600
G1 X175.804 Y48.975 E2.47319
M204 S2000
G1 X175.804 Y48.441 F18000
M204 S1000
G1 F3600
G1 X118.521 Y105.723 E2.49606
M204 S2000
G1 X117.997 Y105.713 F18000
M204 S1000
G1 F3600
G1 X175.804 Y47.906 E2.51892
M204 S2000
G1 X175.804 Y47.371 F18000
M204 S1000
G1 F3600
G1 X117.472 Y105.703 E2.54179
M204 S2000
G1 X116.947 Y105.693 F18000
M204 S1000
G1 F3600
G1 X175.804 Y46.836 E2.56466
M204 S2000
G1 X175.804 Y46.302 F18000
M204 S1000
G1 F3600
G1 X116.422 Y105.683 E2.58752
M204 S2000
G1 X115.898 Y105.673 F18000
M204 S1000
G1 F3600
G1 X175.804 Y45.767 E2.61038
M204 S2000
G1 X175.804 Y45.232 F18000
M204 S1000
G1 F3600
G1 X115.376 Y105.66 E2.63313
M204 S2000
G1 X114.853 Y105.648 F18000
M204 S1000
G1 F3600
G1 X175.804 Y44.697 E2.65589
M204 S2000
G1 X175.804 Y44.163 F18000
M204 S1000
G1 F3600
G1 X114.331 Y105.635 E2.67864
M204 S2000
G1 X113.809 Y105.623 F18000
M204 S1000
G1 F3600
G1 X175.804 Y43.628 E2.7014
M204 S2000
G1 X175.804 Y43.093 F18000
M204 S1000
G1 F3600
G1 X113.287 Y105.61 E2.72415
M204 S2000
G1 X112.765 Y105.598 F18000
M204 S1000
G1 F3600
G1 X175.804 Y42.558 E2.74691
M204 S2000
G1 X175.804 Y42.024 F18000
M204 S1000
G1 F3600
G1 X112.242 Y105.585 E2.76966
M204 S2000
G1 X111.72 Y105.572 F18000
M204 S1000
G1 F3600
G1 X175.804 Y41.489 E2.79242
M204 S2000
G1 X175.804 Y40.954 F18000
M204 S1000
G1 F3600
G1 X111.198 Y105.56 E2.81517
M204 S2000
G1 X110.676 Y105.547 F18000
M204 S1000
G1 F3600
G1 X175.804 Y40.419 E2.83793
M204 S2000
G1 X175.804 Y39.885 F18000
M204 S1000
G1 F3600
G1 X110.153 Y105.535 E2.86069
M204 S2000
G1 X109.631 Y105.522 F18000
M204 S1000
G1 F3600
G1 X175.804 Y39.35 E2.88344
M204 S2000
G1 X175.804 Y38.815 F18000
M204 S1000
G1 F3600
G1 X109.109 Y105.51 E2.9062
M204 S2000
G1 X108.587 Y105.497 F18000
M204 S1000
G1 F3600
G1 X175.804 Y38.28 E2.92895
M204 S2000
G1 X175.804 Y37.746 F18000
M204 S1000
G1 F3600
G1 X108.065 Y105.485 E2.95171
M204 S2000
G1 X107.542 Y105.472 F18000
M204 S1000
G1 F3600
G1 X175.804 Y37.211 E2.97446
M204 S2000
G1 X175.804 Y36.676 F18000
M204 S1000
G1 F3600
G1 X107.02 Y105.46 E2.99722
M204 S2000
G1 X106.498 Y105.447 F18000
M204 S1000
G1 F3600
G1 X175.804 Y36.141 E3.01997
M204 S2000
G1 X175.804 Y35.607 F18000
M204 S1000
G1 F3600
G1 X105.976 Y105.434 E3.04272
M204 S2000
G1 X105.455 Y105.421 F18000
M204 S1000
G1 F3600
G1 X175.804 Y35.072 E3.06542
M204 S2000
G1 X175.804 Y34.537 F18000
M204 S1000
G1 F3600
G1 X104.934 Y105.407 E3.08811
M204 S2000
G1 X104.413 Y105.393 F18000
M204 S1000
G1 F3600
G1 X175.804 Y34.003 E3.11081
M204 S2000
G1 X175.804 Y33.468 F18000
M204 S1000
G1 F3600
G1 X103.892 Y105.379 E3.13351
M204 S2000
G1 X103.371 Y105.365 F18000
M204 S1000
G1 F3600
G1 X175.804 Y32.933 E3.15621
M204 S2000
G1 X175.804 Y32.398 F18000
M204 S1000
G1 F3600
G1 X102.851 Y105.351 E3.17891
M204 S2000
G1 X102.33 Y105.338 F18000
M204 S1000
G1 F3600
G1 X175.804 Y31.864 E3.20161
M204 S2000
G1 X175.804 Y31.329 F18000
M204 S1000
G1 F3600
G1 X101.809 Y105.324 E3.22431
M204 S2000
G1 X101.288 Y105.31 F18000
M204 S1000
G1 F3600
G1 X175.804 Y30.794 E3.247
M204 S2000
G1 X175.804 Y30.259 F18000
M204 S1000
G1 F3600
G1 X100.769 Y105.294 E3.26962
M204 S2000
G1 X100.25 Y105.278 F18000
M204 S1000
G1 F3600
G1 X175.804 Y29.725 E3.29222
M204 S2000
G1 X175.804 Y29.19 F18000
M204 S1000
G1 F3600
G1 X99.732 Y105.262 E3.31481
M204 S2000
G1 X99.213 Y105.246 F18000
M204 S1000
G1 F3600
G1 X175.804 Y28.655 E3.3374
M204 S2000
G1 X175.804 Y28.12 F18000
M204 S1000
G1 F3600
G1 X98.695 Y105.229 E3.35999
M204 S2000
G1 X98.176 Y105.213 F18000
M204 S1000
G1 F3600
G1 X175.804 Y27.586 E3.38259
M204 S2000
G1 X175.804 Y27.051 F18000
M204 S1000
G1 F3600
G1 X97.658 Y105.197 E3.40518
M204 S2000
G1 X97.139 Y105.181 F18000
M204 S1000
G1 F3600
G1 X175.804 Y26.516 E3.42777
M204 S2000
G1 X175.804 Y25.981 F18000
M204 S1000
G1 F3600
G1 X96.621 Y105.164 E3.45036
M204 S2000
G1 X96.102 Y105.148 F18000
M204 S1000
G1 F3600
G1 X175.804 Y25.447 E3.47296
M204 S2000
G1 X175.804 Y24.912 F18000
M204 S1000
G1 F3600
G1 X95.584 Y105.132 E3.49555
M204 S2000
G1 X95.065 Y105.115 F18000
M204 S1000
G1 F3600
G1 X175.804 Y24.377 E3.51814
M204 S2000
G1 X175.794 Y23.852 F18000
M204 S1000
G1 F3600
G1 X94.547 Y105.099 E3.54032
M204 S2000
G1 X94.028 Y105.083 F18000
M204 S1000
G1 F3600
G1 X175.255 Y23.856 E3.53943
M204 S2000
G1 X174.716 Y23.861 F18000
M204 S1000
G1 F3600
G1 X93.51 Y105.067 E3.53853
M204 S2000
G1 X92.991 Y105.05 F18000
M204 S1000
G1 F3600
G1 X174.177 Y23.865 E3.53763
M204 S2000
G1 X173.638 Y23.869 F18000
M204 S1000
G1 F3600
G1 X92.473 Y105.034 E3.53674
M204 S2000
G1 X91.955 Y105.018 F18000
M204 S1000
G1 F3600
G1 X173.099 Y23.873 E3.53584
M204 S2000
G1 X172.56 Y23.878 F18000
M204 S1000
G1 F3600
G1 X91.436 Y105.002 E3.53494
M204 S2000
G1 X90.919 Y104.984 F18000
M204 S1000
G1 F3600
G1 X172.021 Y23.882 E3.53398
M204 S2000
G1 X171.482 Y23.886 F18000
M204 S1000
G1 F3600
G1 X90.404 Y104.965 E3.53296
M204 S2000
G1 X89.888 Y104.946 F18000
M204 S1000
G1 F3600
G1 X170.943 Y23.891 E3.53194
M204 S2000
G1 X170.404 Y23.895 F18000
M204 S1000
G1 F3600
G1 X89.372 Y104.926 E3.53092
M204 S2000
G1 X88.857 Y104.907 F18000
M204 S1000
G1 F3600
G1 X169.865 Y23.899 E3.5299
M204 S2000
G1 X169.326 Y23.904 F18000
M204 S1000
G1 F3600
G1 X88.341 Y104.888 E3.52888
M204 S2000
G1 X87.825 Y104.869 F18000
M204 S1000
G1 F3600
G1 X168.787 Y23.908 E3.52786
M204 S2000
G1 X168.248 Y23.912 F18000
M204 S1000
G1 F3600
G1 X87.31 Y104.85 E3.52684
M204 S2000
G1 X86.794 Y104.831 F18000
M204 S1000
G1 F3600
G1 X167.709 Y23.916 E3.52582
M204 S2000
G1 X167.17 Y23.921 F18000
M204 S1000
G1 F3600
G1 X86.278 Y104.812 E3.5248
M204 S2000
G1 X85.764 Y104.792 F18000
M204 S1000
G1 F3600
G1 X166.631 Y23.925 E3.52374
M204 S2000
G1 X166.091 Y23.929 F18000
M204 S1000
G1 F3600
G1 X85.249 Y104.772 E3.52267
M204 S2000
G1 X84.735 Y104.751 F18000
M204 S1000
G1 F3600
G1 X165.552 Y23.934 E3.52161
M204 S2000
G1 X165.013 Y23.938 F18000
M204 S1000
G1 F3600
G1 X84.22 Y104.731 E3.52054
M204 S2000
G1 X83.705 Y104.711 F18000
M204 S1000
G1 F3600
G1 X164.474 Y23.942 E3.51947
M204 S2000
G1 X163.935 Y23.947 F18000
M204 S1000
G1 F3600
G1 X83.191 Y104.691 E3.51841
M204 S2000
G1 X82.676 Y104.671 F18000
M204 S1000
G1 F3600
G1 X163.396 Y23.951 E3.51734
M204 S2000
G1 X162.857 Y23.955 F18000
M204 S1000
G1 F3600
G1 X82.162 Y104.651 E3.51628
M204 S2000
G1 X81.647 Y104.63 F18000
M204 S1000
G1 F3600
G1 X162.318 Y23.959 E3.51521
M204 S2000
G1 X161.779 Y23.964 F18000
M204 S1000
G1 F3600
G1 X81.133 Y104.61 E3.51412
M204 S2000
G1 X80.621 Y104.587 F18000
M204 S1000
G1 F3600
G1 X161.24 Y23.968 E3.51294
M204 S2000
G1 X160.701 Y23.972 F18000
M204 S1000
G1 F3600
G1 X80.109 Y104.564 E3.51177
M204 S2000
G1 X79.597 Y104.542 F18000
M204 S1000
G1 F3600
G1 X160.162 Y23.977 E3.5106
M204 S2000
G1 X159.623 Y23.981 F18000
M204 S1000
G1 F3600
G1 X79.085 Y104.519 E3.50942
M204 S2000
G1 X78.573 Y104.497 F18000
M204 S1000
G1 F3600
G1 X159.084 Y23.985 E3.50825
M204 S2000
G1 X158.545 Y23.99 F18000
M204 S1000
G1 F3600
G1 X78.06 Y104.474 E3.50708
M204 S2000
G1 X77.548 Y104.451 F18000
M204 S1000
G1 F3600
G1 X158.006 Y23.994 E3.50591
M204 S2000
G1 X157.467 Y23.998 F18000
M204 S1000
G1 F3600
G1 X77.036 Y104.429 E3.50473
M204 S2000
G1 X76.524 Y104.406 F18000
M204 S1000
G1 F3600
G1 X156.928 Y24.002 E3.50356
M204 S2000
G1 X156.389 Y24.007 F18000
M204 S1000
G1 F3600
G1 X76.014 Y104.382 E3.50231
M204 S2000
G1 X75.504 Y104.356 F18000
M204 S1000
G1 F3600
G1 X155.85 Y24.011 E3.50101
M204 S2000
G1 X155.311 Y24.015 F18000
M204 S1000
G1 F3600
G1 X74.995 Y104.331 E3.49971
M204 S2000
G1 X74.486 Y104.305 F18000
M204 S1000
G1 F3600
G1 X154.77 Y24.021 E3.49837
M204 S2000
G1 X154.23 Y24.027 F18000
M204 S1000
G1 F3600
G1 X73.977 Y104.28 E3.49699
M204 S2000
G1 X73.467 Y104.254 F18000
M204 S1000
G1 F3600
G1 X112.49 Y65.232 E1.70038
M204 S2000
G1 X112.641 Y65.081 F18000
M204 S1000
G1 F3600
G1 X153.689 Y24.033 E1.78865
M204 S2000
G1 X153.148 Y24.039 F18000
M204 S1000
G1 F3600
G1 X72.958 Y104.229 E3.49424
M204 S2000
G1 X72.449 Y104.203 F18000
M204 S1000
G1 F3600
G1 X152.607 Y24.045 E3.49287
M204 S2000
G1 X152.066 Y24.051 F18000
M204 S1000
G1 F3600
G1 X71.94 Y104.178 E3.49149
M204 S2000
G1 X71.43 Y104.152 F18000
M204 S1000
G1 F3600
G1 X110.18 Y65.403 E1.6885
M204 S2000
G1 X109.428 Y65.62 F18000
M204 S1000
G1 F3600
G1 X70.921 Y104.127 E1.67794
M204 S2000
G1 X70.412 Y104.101 F18000
M204 S1000
G1 F3600
G1 X108.677 Y65.836 E1.66739
M204 S2000
G1 X107.925 Y66.053 F18000
M204 S1000
G1 F3600
G1 X69.903 Y104.076 E1.65683
M204 S2000
G1 X69.393 Y104.051 F18000
M204 S1000
G1 F3600
G1 X107.174 Y66.27 E1.64628
M204 S2000
G1 X106.423 Y66.487 F18000
M204 S1000
G1 F3600
G1 X68.884 Y104.025 E1.63573
M204 S2000
G1 X68.375 Y104 F18000
M204 S1000
G1 F3600
G1 X105.671 Y66.703 E1.62517
M204 S2000
G1 X104.92 Y66.92 F18000
M204 S1000
G1 F3600
G1 X68.005 Y103.835 E1.60855
M204 S2000
G1 X68.005 Y103.3 F18000
M204 S1000
G1 F3600
G1 X104.168 Y67.137 E1.57579
M204 S2000
G1 X103.417 Y67.353 F18000
M204 S1000
G1 F3600
G1 X68.005 Y102.765 E1.54304
M204 S2000
G1 X68.005 Y102.23 F18000
M204 S1000
G1 F3600
G1 X102.665 Y67.57 E1.51028
M204 S2000
G1 X101.914 Y67.787 F18000
M204 S1000
G1 F3600
G1 X68.006 Y101.695 E1.47753
M204 S2000
G1 X68.006 Y101.16 F18000
M204 S1000
G1 F3600
G1 X101.162 Y68.004 E1.44477
M204 S2000
G1 X100.411 Y68.22 F18000
M204 S1000
G1 F3600
G1 X68.006 Y100.625 E1.41201
M204 S2000
G1 X68.006 Y100.09 F18000
M204 S1000
G1 F3600
G1 X99.659 Y68.437 E1.37926
M204 S2000
G1 X98.908 Y68.654 F18000
M204 S1000
G1 F3600
G1 X68.007 Y99.555 E1.3465
M204 S2000
G1 X68.007 Y99.02 F18000
M204 S1000
G1 F3600
G1 X98.156 Y68.871 E1.31374
M204 S2000
G1 X97.405 Y69.087 F18000
M204 S1000
G1 F3600
G1 X68.007 Y98.485 E1.28099
M204 S2000
G1 X68.007 Y97.95 F18000
M204 S1000
G1 F3600
G1 X96.653 Y69.304 E1.24823
M204 S2000
G1 X95.902 Y69.521 F18000
M204 S1000
G1 F3600
G1 X68.008 Y97.415 E1.21548
M204 S2000
G1 X68.008 Y96.88 F18000
M204 S1000
G1 F3600
G1 X95.15 Y69.738 E1.18272
M204 S2000
G1 X94.399 Y69.954 F18000
M204 S1000
G1 F3600
G1 X68.008 Y96.345 E1.14996
M204 S2000
G1 X68.008 Y95.81 F18000
M204 S1000
G1 F3600
G1 X93.647 Y70.171 E1.11721
M204 S2000
G1 X92.896 Y70.388 F18000
M204 S1000
G1 F3600
G1 X68.009 Y95.275 E1.08445
M204 S2000
G1 X68.009 Y94.74 F18000
M204 S1000
G1 F3600
G1 X92.144 Y70.605 E1.0517
M204 S2000
G1 X91.393 Y70.821 F18000
M204 S1000
G1 F3600
G1 X68.009 Y94.205 E1.01894
M204 S2000
G1 X68.009 Y93.67 F18000
M204 S1000
G1 F3600
G1 X90.642 Y71.038 E.98618
M204 S2000
G1 X89.89 Y71.255 F18000
M204 S1000
G1 F3600
G1 X68.01 Y93.135 E.95343
M204 S2000
G1 X68.04 Y92.57 F18000
M204 S1000
G1 F3600
G1 X89.139 Y71.471 E.91936
M204 S2000
G1 X88.387 Y71.688 F18000
M204 S1000
G1 F3600
G1 X68.088 Y91.988 E.88453
M204 S2000
G1 X68.136 Y91.405 F18000
M204 S1000
G1 F3600
G1 X87.636 Y71.905 E.84971
M204 S2000
G1 X86.884 Y72.122 F18000
M204 S1000
G1 F3600
G1 X68.183 Y90.823 E.81488
M204 S2000
G1 X68.231 Y90.24 F18000
M204 S1000
G1 F3600
G1 X86.133 Y72.338 E.78006
M204 S2000
G1 X85.381 Y72.555 F18000
M204 S1000
G1 F3600
G1 X68.279 Y89.658 E.74523
M204 S2000
G1 X68.326 Y89.075 F18000
M204 S1000
G1 F3600
G1 X84.63 Y72.772 E.71041
M204 S2000
G1 X83.878 Y72.989 F18000
M204 S1000
G1 F3600
G1 X68.374 Y88.493 E.67558
M204 S2000
G1 X68.422 Y87.91 F18000
M204 S1000
G1 F3600
G1 X83.127 Y73.205 E.64076
M204 S2000
G1 X82.375 Y73.422 F18000
M204 S1000
G1 F3600
G1 X68.47 Y87.328 E.60593
M204 S2000
G1 X68.517 Y86.745 F18000
M204 S1000
G1 F3600
G1 X81.624 Y73.639 E.57111
M204 S2000
G1 X80.872 Y73.856 F18000
M204 S1000
G1 F3600
G1 X68.565 Y86.163 E.53628
M204 S2000
G1 X68.613 Y85.58 F18000
M204 S1000
G1 F3600
G1 X80.121 Y74.072 E.50146
M204 S2000
G1 X79.457 Y74.201 F18000
M204 S1000
G1 F3600
G1 X68.711 Y84.948 E.46827
M204 S2000
G1 X68.828 Y84.296 F18000
M204 S1000
G1 F3600
G1 X78.93 Y74.194 E.4402
M204 S2000
G1 X77.808 Y74.781 F18000
M204 S1000
G1 F3600
G1 X68.945 Y83.644 E.38621
M204 S2000
G1 X69.062 Y82.992 F18000
M204 S1000
G1 F3600
G1 X77.283 Y74.771 E.35822
M204 S2000
G1 X76.758 Y74.762 F18000
M204 S1000
G1 F3600
G1 X69.179 Y82.34 E.33024
M204 S2000
G1 X69.296 Y81.689 F18000
M204 S1000
G1 F3600
G1 X76.232 Y74.752 E.30225
M204 S2000
G1 X75.707 Y74.743 F18000
M204 S1000
G1 F3600
G1 X70.24 Y80.21 E.23825
M204 S2000
G1 X70.411 Y79.504 F18000
M204 S1000
G1 F3600
G1 X75.182 Y74.733 E.20789
M204 S2000
G1 X74.558 Y74.822 F18000
M204 S1000
G1 F3600
G1 X70.49 Y78.891 E.17729
M204 S2000
G1 X70.568 Y78.278 F18000
M204 S1000
G1 F3600
G1 X72.978 Y75.868 E.10502
M204 S2000
G1 X72.457 Y75.854 F18000
M204 S1000
G1 F3600
G1 X71.283 Y77.028 E.05114
M204 S2000
G1 E-.8
G1 X110.595 Y64.988 F18000
G1 E.8 F3600
M204 S1000
G1 X151.526 Y24.057 E1.78353
M204 S2000
G1 X150.985 Y24.063 F18000
M204 S1000
G1 F3600
G1 X110.18 Y64.868 E1.77806
M204 S2000
G1 X109.764 Y64.749 F18000
M204 S1000
G1 F3600
G1 X150.444 Y24.069 E1.77259
M204 S2000
G1 X149.903 Y24.075 F18000
M204 S1000
G1 F3600
G1 X109.349 Y64.629 E1.76712
M204 S2000
G1 X108.934 Y64.51 F18000
M204 S1000
G1 F3600
G1 X149.362 Y24.082 E1.76165
M204 S2000
G1 X148.821 Y24.088 F18000
M204 S1000
G1 F3600
G1 X108.519 Y64.39 E1.75618
M204 S2000
G1 X108.103 Y64.271 F18000
M204 S1000
G1 F3600
G1 X148.281 Y24.094 E1.75071
M204 S2000
G1 X147.74 Y24.1 F18000
M204 S1000
G1 F3600
G1 X107.688 Y64.152 E1.74524
M204 S2000
G1 X107.273 Y64.032 F18000
M204 S1000
G1 F3600
G1 X147.199 Y24.106 E1.73975
M204 S2000
G1 X146.657 Y24.113 F18000
M204 S1000
G1 F3600
G1 X106.857 Y63.913 E1.73426
M204 S2000
G1 X106.442 Y63.793 F18000
M204 S1000
G1 F3600
G1 X146.116 Y24.12 E1.72876
M204 S2000
G1 X145.575 Y24.126 F18000
M204 S1000
G1 F3600
G1 X106.027 Y63.674 E1.72327
M204 S2000
G1 X105.612 Y63.554 F18000
M204 S1000
G1 F3600
G1 X145.033 Y24.133 E1.71778
M204 S2000
G1 X144.492 Y24.139 F18000
M204 S1000
G1 F3600
G1 X105.196 Y63.435 E1.71229
M204 S2000
G1 X104.781 Y63.315 F18000
M204 S1000
G1 F3600
G1 X143.95 Y24.146 E1.70679
M204 S2000
G1 X143.409 Y24.153 F18000
M204 S1000
G1 F3600
G1 X104.366 Y63.196 E1.7013
M204 S2000
G1 X103.95 Y63.076 F18000
M204 S1000
G1 F3600
G1 X142.868 Y24.159 E1.69581
M204 S2000
G1 X142.326 Y24.166 F18000
M204 S1000
G1 F3600
G1 X103.535 Y62.957 E1.69031
M204 S2000
G1 X103.12 Y62.838 F18000
M204 S1000
G1 F3600
G1 X141.785 Y24.172 E1.68482
M204 S2000
G1 X141.244 Y24.179 F18000
M204 S1000
G1 F3600
G1 X102.705 Y62.718 E1.67933
M204 S2000
G1 X102.289 Y62.599 F18000
M204 S1000
G1 F3600
G1 X140.702 Y24.186 E1.67383
M204 S2000
G1 X140.16 Y24.193 F18000
M204 S1000
G1 F3600
G1 X101.874 Y62.479 E1.66832
M204 S2000
G1 X101.459 Y62.36 F18000
M204 S1000
G1 F3600
G1 X139.617 Y24.201 E1.66275
M204 S2000
G1 X139.074 Y24.209 F18000
M204 S1000
G1 F3600
G1 X101.044 Y62.24 E1.65718
M204 S2000
G1 X100.628 Y62.121 F18000
M204 S1000
G1 F3600
G1 X138.531 Y24.218 E1.65161
M204 S2000
G1 X137.988 Y24.226 F18000
M204 S1000
G1 F3600
G1 X100.213 Y62.001 E1.64604
M204 S2000
G1 X99.798 Y61.882 F18000
M204 S1000
G1 F3600
G1 X137.445 Y24.235 E1.64047
M204 S2000
G1 X136.902 Y24.243 F18000
M204 S1000
G1 F3600
G1 X99.382 Y61.762 E1.6349
M204 S2000
G1 X98.967 Y61.643 F18000
M204 S1000
G1 F3600
G1 X136.359 Y24.251 E1.62933
M204 S2000
G1 X135.816 Y24.26 F18000
M204 S1000
G1 F3600
G1 X98.552 Y61.523 E1.62376
M204 S2000
G1 X98.137 Y61.404 F18000
M204 S1000
G1 F3600
G1 X135.273 Y24.268 E1.61819
M204 S2000
G1 X134.729 Y24.276 F18000
M204 S1000
G1 F3600
G1 X97.721 Y61.285 E1.61262
M204 S2000
G1 X97.306 Y61.165 F18000
M204 S1000
G1 F3600
G1 X134.186 Y24.285 E1.60705
M204 S2000
G1 X133.643 Y24.293 F18000
M204 S1000
G1 F3600
G1 X96.891 Y61.046 E1.60148
M204 S2000
G1 X96.475 Y60.926 F18000
M204 S1000
G1 F3600
G1 X133.1 Y24.301 E1.59591
M204 S2000
G1 X132.557 Y24.31 F18000
M204 S1000
G1 F3600
G1 X96.06 Y60.807 E1.59034
M204 S2000
G1 X95.645 Y60.687 F18000
M204 S1000
G1 F3600
G1 X132.014 Y24.318 E1.58477
M204 S2000
G1 X131.471 Y24.327 F18000
M204 S1000
G1 F3600
G1 X95.23 Y60.568 E1.5792
M204 S2000
G1 X94.814 Y60.448 F18000
M204 S1000
G1 F3600
G1 X130.928 Y24.335 E1.57363
M204 S2000
G1 X130.385 Y24.343 F18000
M204 S1000
G1 F3600
G1 X94.399 Y60.329 E1.56806
M204 S2000
G1 X93.984 Y60.209 F18000
M204 S1000
G1 F3600
G1 X129.841 Y24.352 E1.56249
M204 S2000
G1 X129.298 Y24.36 F18000
M204 S1000
G1 F3600
G1 X93.568 Y60.09 E1.55692
M204 S2000
G1 X93.153 Y59.971 F18000
M204 S1000
G1 F3600
G1 X128.755 Y24.368 E1.55135
M204 S2000
G1 X128.212 Y24.377 F18000
M204 S1000
G1 F3600
G1 X92.738 Y59.851 E1.54578
M204 S2000
G1 X92.323 Y59.732 F18000
M204 S1000
G1 F3600
G1 X127.669 Y24.385 E1.54021
M204 S2000
G1 X127.126 Y24.393 F18000
M204 S1000
G1 F3600
G1 X91.907 Y59.612 E1.53464
M204 S2000
G1 X91.492 Y59.493 F18000
M204 S1000
G1 F3600
G1 X126.583 Y24.402 E1.52907
M204 S2000
G1 X126.04 Y24.41 F18000
M204 S1000
G1 F3600
G1 X91.077 Y59.373 E1.5235
M204 S2000
G1 X90.661 Y59.254 F18000
M204 S1000
G1 F3600
G1 X125.497 Y24.419 E1.51793
M204 S2000
G1 X124.951 Y24.429 F18000
M204 S1000
G1 F3600
G1 X90.246 Y59.134 E1.51226
M204 S2000
G1 X89.831 Y59.015 F18000
M204 S1000
G1 F3600
G1 X124.406 Y24.44 E1.50659
M204 S2000
G1 X123.86 Y24.451 F18000
M204 S1000
G1 F3600
G1 X89.416 Y58.895 E1.50092
M204 S2000
G1 X89 Y58.776 F18000
M204 S1000
G1 F3600
G1 X123.315 Y24.461 E1.49524
M204 S2000
G1 X122.769 Y24.472 F18000
M204 S1000
G1 F3600
G1 X88.585 Y58.656 E1.48957
M204 S2000
G1 X88.17 Y58.537 F18000
M204 S1000
G1 F3600
G1 X122.224 Y24.483 E1.4839
M204 S2000
G1 X121.678 Y24.494 F18000
M204 S1000
G1 F3600
G1 X87.754 Y58.418 E1.47822
M204 S2000
G1 X87.339 Y58.298 F18000
M204 S1000
G1 F3600
G1 X121.133 Y24.504 E1.47255
M204 S2000
G1 X120.587 Y24.515 F18000
M204 S1000
G1 F3600
G1 X86.924 Y58.179 E1.46688
M204 S2000
G1 X86.509 Y58.059 F18000
M204 S1000
G1 F3600
G1 X120.042 Y24.526 E1.4612
M204 S2000
G1 X119.497 Y24.537 F18000
M204 S1000
G1 F3600
G1 X86.093 Y57.94 E1.45553
M204 S2000
G1 X85.678 Y57.82 F18000
M204 S1000
G1 F3600
G1 X118.951 Y24.547 E1.44986
M204 S2000
G1 X118.406 Y24.558 F18000
M204 S1000
G1 F3600
G1 X85.263 Y57.701 E1.44418
M204 S2000
G1 X84.847 Y57.581 F18000
M204 S1000
G1 F3600
G1 X117.86 Y24.569 E1.43851
M204 S2000
G1 X117.315 Y24.58 F18000
M204 S1000
G1 F3600
G1 X84.432 Y57.462 E1.43284
M204 S2000
G1 X84.017 Y57.342 F18000
M204 S1000
G1 F3600
G1 X116.769 Y24.59 E1.42716
M204 S2000
G1 X116.224 Y24.601 F18000
M204 S1000
G1 F3600
G1 X83.602 Y57.223 E1.42149
M204 S2000
G1 X83.186 Y57.104 F18000
M204 S1000
G1 F3600
G1 X115.678 Y24.612 E1.41582
M204 S2000
G1 X115.131 Y24.624 F18000
M204 S1000
G1 F3600
G1 X82.771 Y56.984 E1.41007
M204 S2000
G1 X82.356 Y56.865 F18000
M204 S1000
G1 F3600
G1 X114.583 Y24.637 E1.4043
M204 S2000
G1 X114.036 Y24.65 F18000
M204 S1000
G1 F3600
G1 X81.941 Y56.745 E1.39853
M204 S2000
G1 X81.525 Y56.626 F18000
M204 S1000
G1 F3600
G1 X113.488 Y24.663 E1.39275
M204 S2000
G1 X112.94 Y24.676 F18000
M204 S1000
G1 F3600
G1 X81.11 Y56.506 E1.38698
M204 S2000
G1 X80.695 Y56.387 F18000
M204 S1000
G1 F3600
G1 X112.392 Y24.689 E1.38121
M204 S2000
G1 X111.844 Y24.702 F18000
M204 S1000
G1 F3600
G1 X80.279 Y56.267 E1.37544
M204 S2000
G1 X79.864 Y56.148 F18000
M204 S1000
G1 F3600
G1 X111.297 Y24.715 E1.36966
M204 S2000
G1 X110.749 Y24.728 F18000
M204 S1000
G1 F3600
G1 X79.408 Y56.069 E1.36568
M204 S2000
G1 X78.865 Y56.078 F18000
M204 S1000
G1 F3600
G1 X110.201 Y24.741 E1.36547
M204 S2000
G1 X109.653 Y24.754 F18000
M204 S1000
G1 F3600
G1 X78.322 Y56.086 E1.36526
M204 S2000
G1 X78.07 Y55.803 F18000
M204 S1000
G1 F3600
G1 X109.106 Y24.767 E1.35235
M204 S2000
G1 X108.558 Y24.78 F18000
M204 S1000
G1 F3600
G1 X77.85 Y55.488 E1.33809
M204 S2000
G1 X77.306 Y55.498 F18000
M204 S1000
G1 F3600
G1 X108.01 Y24.793 E1.33793
M204 S2000
G1 X107.462 Y24.806 F18000
M204 S1000
G1 F3600
G1 X76.761 Y55.507 E1.33778
M204 S2000
G1 X76.217 Y55.517 F18000
M204 S1000
G1 F3600
G1 X106.915 Y24.819 E1.33762
M204 S2000
G1 X106.367 Y24.833 F18000
M204 S1000
G1 F3600
G1 X75.672 Y55.527 E1.33751
M204 S2000
G1 X75.126 Y55.539 F18000
M204 S1000
G1 F3600
G1 X105.819 Y24.846 E1.33745
M204 S2000
G1 X105.27 Y24.86 F18000
M204 S1000
G1 F3600
G1 X74.588 Y55.542 E1.33697
M204 S2000
G1 X74.261 Y55.335 F18000
M204 S1000
G1 F3600
G1 X104.72 Y24.875 E1.32727
M204 S2000
G1 X104.17 Y24.89 F18000
M204 S1000
G1 F3600
G1 X73.933 Y55.127 E1.31758
M204 S2000
G1 X73.65 Y54.876 F18000
M204 S1000
G1 F3600
G1 X103.621 Y24.905 E1.30597
M204 S2000
G1 X103.071 Y24.92 F18000
M204 S1000
G1 F3600
G1 X73.449 Y54.542 E1.29077
M204 S2000
G1 X73.054 Y54.402 F18000
M204 S1000
G1 F3600
G1 X102.521 Y24.935 E1.284
M204 S2000
G1 X101.971 Y24.95 F18000
M204 S1000
G1 F3600
G1 X72.505 Y54.417 E1.284
M204 S2000
G1 X71.955 Y54.432 F18000
M204 S1000
G1 F3600
G1 X101.422 Y24.965 E1.284
M204 S2000
G1 X100.872 Y24.98 F18000
M204 S1000
G1 F3600
G1 X71.405 Y54.447 E1.284
M204 S2000
G1 X71.247 Y54.07 F18000
M204 S1000
G1 F3600
G1 X100.321 Y24.996 E1.26687
M204 S2000
G1 X99.769 Y25.014 F18000
M204 S1000
G1 F3600
G1 X71.208 Y53.575 E1.24454
M204 S2000
G1 X71.168 Y53.08 F18000
M204 S1000
G1 F3600
G1 X99.217 Y25.031 E1.22221
M204 S2000
G1 X98.665 Y25.048 F18000
M204 S1000
G1 F3600
G1 X71.129 Y52.584 E1.19988
M204 S2000
G1 X71.089 Y52.089 F18000
M204 S1000
G1 F3600
G1 X98.113 Y25.065 E1.17755
M204 S2000
G1 X97.561 Y25.083 F18000
M204 S1000
G1 F3600
G1 X71.049 Y51.594 E1.15522
M204 S2000
G1 X70.863 Y51.245 F18000
M204 S1000
G1 F3600
G1 X97.009 Y25.1 E1.13928
M204 S2000
G1 X96.457 Y25.117 F18000
M204 S1000
G1 F3600
G1 X70.652 Y50.922 E1.12442
M204 S2000
G1 X70.441 Y50.598 F18000
M204 S1000
G1 F3600
G1 X95.905 Y25.134 E1.10957
M204 S2000
G1 X95.353 Y25.152 F18000
M204 S1000
G1 F3600
G1 X70.23 Y50.274 E1.09471
M204 S2000
G1 X70.019 Y49.95 F18000
M204 S1000
G1 F3600
G1 X94.801 Y25.169 E1.07985
M204 S2000
G1 X94.249 Y25.186 F18000
M204 S1000
G1 F3600
G1 X69.808 Y49.627 E1.06499
M204 S2000
G1 X69.597 Y49.303 F18000
M204 S1000
G1 F3600
G1 X93.697 Y25.203 E1.05013
M204 S2000
G1 X93.145 Y25.221 F18000
M204 S1000
G1 F3600
G1 X69.386 Y48.979 E1.03528
M204 S2000
G1 X69.175 Y48.655 F18000
M204 S1000
G1 F3600
G1 X92.593 Y25.238 E1.02042
M204 S2000
G1 X92.041 Y25.255 F18000
M204 S1000
G1 F3600
G1 X69.084 Y48.212 E1.00034
M204 S2000
G1 X69.001 Y47.76 F18000
M204 S1000
G1 F3600
G1 X91.489 Y25.272 E.97989
M204 S2000
G1 X90.937 Y25.289 F18000
M204 S1000
G1 F3600
G1 X68.919 Y47.308 E.95944
M204 S2000
G1 X68.836 Y46.856 F18000
M204 S1000
G1 F3600
G1 X90.382 Y25.309 E.93888
M204 S2000
G1 X89.827 Y25.33 F18000
M204 S1000
G1 F3600
G1 X68.753 Y46.404 E.91827
M204 S2000
G1 X68.671 Y45.952 F18000
M204 S1000
G1 F3600
G1 X89.271 Y25.351 E.89767
M204 S2000
G1 X88.716 Y25.372 F18000
M204 S1000
G1 F3600
G1 X68.588 Y45.5 E.87706
M204 S2000
G1 X68.505 Y45.048 F18000
M204 S1000
G1 F3600
G1 X88.16 Y25.393 E.85645
M204 S2000
G1 X87.605 Y25.413 F18000
M204 S1000
G1 F3600
G1 X68.446 Y44.572 E.83482
M204 S2000
G1 X68.404 Y44.08 F18000
M204 S1000
G1 F3600
G1 X87.049 Y25.434 E.81247
M204 S2000
G1 X86.494 Y25.455 F18000
M204 S1000
G1 F3600
G1 X68.361 Y43.588 E.79013
M204 S2000
G1 X68.318 Y43.096 F18000
M204 S1000
G1 F3600
G1 X85.938 Y25.476 E.76778
M204 S2000
G1 X85.381 Y25.498 F18000
M204 S1000
G1 F3600
G1 X68.275 Y42.604 E.74539
M204 S2000
G1 X68.233 Y42.112 F18000
M204 S1000
G1 F3600
G1 X84.825 Y25.52 E.723
M204 S2000
G1 X84.268 Y25.542 F18000
M204 S1000
G1 F3600
G1 X68.19 Y41.62 E.7006
M204 S2000
G1 X68.147 Y41.128 F18000
M204 S1000
G1 F3600
G1 X83.711 Y25.564 E.6782
M204 S2000
G1 X83.154 Y25.586 F18000
M204 S1000
G1 F3600
G1 X68.104 Y40.636 E.65581
M204 S2000
G1 X68.061 Y40.144 F18000
M204 S1000
G1 F3600
G1 X82.598 Y25.608 E.63341
M204 S2000
G1 X82.041 Y25.63 F18000
M204 S1000
G1 F3600
G1 X68.019 Y39.652 E.61102
M204 S2000
G1 X67.976 Y39.16 F18000
M204 S1000
G1 F3600
G1 X81.484 Y25.652 E.58862
M204 S2000
G1 X80.928 Y25.674 F18000
M204 S1000
G1 F3600
G1 X67.933 Y38.668 E.56622
M204 S2000
G1 X67.89 Y38.176 F18000
M204 S1000
G1 F3600
G1 X80.368 Y25.699 E.5437
M204 S2000
G1 X79.808 Y25.724 F18000
M204 S1000
G1 F3600
G1 X67.848 Y37.684 E.52118
M204 S2000
G1 X67.825 Y37.172 F18000
M204 S1000
G1 F3600
G1 X79.249 Y25.748 E.49778
M204 S2000
G1 X78.689 Y25.773 F18000
M204 S1000
G1 F3600
G1 X67.851 Y36.611 E.47226
M204 S2000
G1 X67.877 Y36.05 F18000
M204 S1000
G1 F3600
G1 X78.129 Y25.798 E.44673
M204 S2000
G1 X77.57 Y25.823 F18000
M204 S1000
G1 F3600
G1 X67.903 Y35.489 E.4212
M204 S2000
G1 X67.93 Y34.928 F18000
M204 S1000
G1 F3600
G1 X77.01 Y25.848 E.39567
M204 S2000
G1 X76.45 Y25.873 F18000
M204 S1000
G1 F3600
G1 X67.956 Y34.367 E.37014
M204 S2000
G1 X67.982 Y33.806 F18000
M204 S1000
G1 F3600
G1 X75.89 Y25.899 E.34458
M204 S2000
G1 X75.328 Y25.926 F18000
M204 S1000
G1 F3600
G1 X68.008 Y33.245 E.31894
M204 S2000
G1 X68.035 Y32.685 F18000
M204 S1000
G1 F3600
G1 X74.765 Y25.954 E.2933
M204 S2000
G1 X74.203 Y25.981 F18000
M204 S1000
G1 F3600
G1 X68.061 Y32.124 E.26766
M204 S2000
G1 X68.087 Y31.563 F18000
M204 S1000
G1 F3600
G1 X73.641 Y26.009 E.24202
M204 S2000
G1 X73.079 Y26.036 F18000
M204 S1000
G1 F3600
G1 X68.113 Y31.002 E.21638
M204 S2000
G1 X68.139 Y30.441 F18000
M204 S1000
G1 F3600
G1 X72.517 Y26.063 E.19074
M204 S2000
G1 X71.954 Y26.091 F18000
M204 S1000
G1 F3600
G1 X68.166 Y29.88 E.16509
M204 S2000
G1 X68.192 Y29.319 F18000
M204 S1000
G1 F3600
G1 X71.392 Y26.118 E.13945
M204 S2000
G1 X70.83 Y26.146 F18000
M204 S1000
G1 F3600
G1 X68.218 Y28.758 E.11381
M204 S2000
G1 X68.244 Y28.197 F18000
M204 S1000
G1 F3600
G1 X70.268 Y26.173 E.08817
M204 S2000
G1 X69.705 Y26.201 F18000
M204 S1000
G1 F3600
G1 X68.27 Y27.636 E.06253
M204 S2000
G1 X68.297 Y27.075 F18000
M204 S1000
G1 F3600
G1 X69.143 Y26.228 E.03689
M204 S2000
G1 E-.8
G1 X112.612 Y65.07 F18000
G1 E.8 F3600
;TYPE:Gap infill
;WIDTH:0.133607
G1 F6000
G1 X112.507 Y65.014 E.00088
G1 X112.457 Y65.061 E.00051
G1 X112.417 Y65.159 E.00079
G1 E-.8 F3600
G1 X71.379 Y77.123 F18000
G1 E.8 F3600
;WIDTH:0.129693
G1 F6000
G1 X71.237 Y77.288 E.00154
;WIDTH:0.115852
G1 X71.095 Y77.454 E.0013
G1 X70.335 Y80.306 F18000
;WIDTH:0.126899
G1 F6000
G1 X70.234 Y80.431 E.0011
;WIDTH:0.113989
G1 X70.133 Y80.555 E.00093
; stop printing object USV 1 e2mm.stl_5 id:1 copy 0
; end of layer_num: 10, T: 0, print_z: 2.040000
;LAYER_CHANGE
;Z:2.24
;HEIGHT:0.2
; BEFORE_LAYER_CHANGE 10 @ 2.24mm
G92 E0
; AFTER_LAYER_CHANGE 10 @ 2.24mm
; start of layer_num: 11, T: 0, print_z: 2.240000
; printing object "USV 1 e2mm.stl_6_B" id:0 copy 0
G1 E-.8 F3600
G1 X61.625 Y146.022 Z2.24 F18000
G1 E.8 F3600
M204 S1000
;TYPE:Outer wall
;WIDTH:0.42
G1 F3000
G1 X62.014 Y146.096 E.01216
G1 X62.041 Y146.041 E.00191
G1 X62.673 Y154.929 E.27381
G1 X62.793 Y155.539 E.01911
G1 X62.926 Y155.917 E.01229
G1 X63.07 Y156.031 E.00564
G1 X63.128 Y156.237 E.00659
G1 X63.474 Y156.486 E.01309
G1 X63.668 Y156.446 E.00607
G1 X63.706 Y156.48 E.00156
G1 X63.915 Y156.534 E.00663
G1 X64.457 Y156.437 E.01694
G1 X64.491 Y156.507 E.00239
G1 X64.858 Y156.446 E.01145
G1 X129.352 Y157.641 E1.98207
G1 X65.597 Y159.173 E1.9596
G1 X65.051 Y159.065 E.0171
G1 X65.05 Y159.18 E.00352
G1 X64.341 Y159.028 E.02227
G1 X64.084 Y159.12 E.00838
G1 X64.052 Y159.169 E.00179
G1 X63.794 Y159.105 E.00819
G1 X63.55 Y159.379 E.01127
G1 X63.558 Y159.7 E.00987
G1 X63.254 Y160.112 E.01572
G1 X63.178 Y160.837 E.02239
G1 X63.168 Y162.429 E.0489
G1 X63.574 Y166.252 E.11813
G1 X63.853 Y172.952 E.20607
G1 X65.374 Y196.379 E.72136
G1 X57.208 Y195.886 E.25139
G1 X52.397 Y195.567 E.14815
G1 X47.587 Y195.217 E.14821
G1 X42.775 Y194.834 E.1483
G1 X37.972 Y194.425 E.14814
G1 X33.161 Y193.989 E.14844
G1 X27.097 Y193.396 E.18721
G1 X27.097 Y121.827 E2.19911
G1 X33.295 Y121.221 E.19137
G1 X42.919 Y120.375 E.29684
G1 X47.74 Y119.993 E.14862
G1 X52.563 Y119.644 E.14859
G1 X59.533 Y119.188 E.21463
G1 X59.809 Y122.734 E.10928
G1 X61.623 Y146.002 E.71715
M204 S2000
G1 E-.8 F3600
G1 X34.895 Y166.884 F18000
G1 E.8 F3600
M204 S1500
;TYPE:Inner wall
;WIDTH:0.45
G1 F4800
G1 X34.868 Y167.387 E.01672
G1 X34.99 Y176.258 E.2943
G1 X35.762 Y193.831 E.58348
G1 X33.197 Y193.599 E.08542
G1 X27.489 Y193.04 E.19026
G1 X27.489 Y122.183 E2.35048
G1 X32.505 Y121.693 E.16717
G1 X33.887 Y144.052 E.74311
G1 X34.327 Y149.804 E.19139
G1 X35.044 Y157.642 E.26108
G1 X35.079 Y163.547 E.19588
G1 X34.896 Y166.864 E.11019
G1 E-.8 F3600
M204 S2000
G1 X28.5 Y192.975 F18000
G1 E.8 F3600
;TYPE:Internal solid infill
;WIDTH:0.420343
G1 F6000
G1 X27.822 Y192.297 E.02948
G1 X27.822 Y191.763 E.01642
G1 X28.903 Y192.844 E.047
G1 X29.494 Y192.902 E.01828
G1 X27.822 Y191.229 E.07273
G1 X27.822 Y190.696 E.01642
G1 X30.086 Y192.959 E.09846
G1 X30.678 Y193.017 E.01828
G1 X27.822 Y190.162 E.1242
G1 X27.822 Y189.628 E.01642
G1 X31.269 Y193.075 E.14993
G1 X31.861 Y193.133 E.01828
G1 X27.822 Y189.094 E.17566
G1 X27.822 Y188.561 E.01642
G1 X32.453 Y193.191 E.2014
G1 X33.044 Y193.249 E.01828
G1 X27.822 Y188.027 E.22713
G1 X27.822 Y187.493 E.01642
G1 X33.633 Y193.304 E.25272
G1 X34.22 Y193.357 E.01813
G1 X27.822 Y186.959 E.27825
G1 X27.822 Y186.426 E.01642
G1 X34.807 Y193.41 E.30378
G1 X35.394 Y193.463 E.01813
G1 X27.822 Y185.892 E.32931
G1 X27.822 Y185.358 E.01642
G1 X35.389 Y192.924 E.3291
G1 X35.364 Y192.366 E.01719
G1 X27.822 Y184.824 E.32803
G1 X27.822 Y184.291 E.01642
G1 X35.34 Y191.808 E.32696
G1 X35.315 Y191.25 E.01719
G1 X27.822 Y183.757 E.32589
G1 X27.822 Y183.223 E.01642
G1 X35.29 Y190.691 E.32483
G1 X35.266 Y190.133 E.01719
G1 X27.822 Y182.689 E.32376
G1 X27.822 Y182.156 E.01642
G1 X35.241 Y189.575 E.32269
G1 X35.217 Y189.016 E.01719
G1 X27.822 Y181.622 E.32162
G1 X27.822 Y181.088 E.01642
G1 X35.192 Y188.458 E.32056
G1 X35.168 Y187.9 E.01719
G1 X27.822 Y180.554 E.31949
G1 X27.822 Y180.021 E.01642
G1 X35.143 Y187.342 E.31842
G1 X35.119 Y186.783 E.01719
G1 X27.822 Y179.487 E.31735
G1 X27.822 Y178.953 E.01642
G1 X35.094 Y186.225 E.31629
G1 X35.07 Y185.667 E.01719
G1 X27.822 Y178.419 E.31522
G1 X27.822 Y177.886 E.01642
G1 X35.045 Y185.108 E.31415
G1 X35.021 Y184.55 E.01719
G1 X27.822 Y177.352 E.31309
G1 X27.822 Y176.818 E.01642
G1 X34.996 Y183.992 E.31202
G1 X34.971 Y183.433 E.01719
G1 X27.822 Y176.284 E.31095
G1 X27.822 Y175.75 E.01642
G1 X34.947 Y182.875 E.30988
G1 X34.922 Y182.317 E.01719
G1 X27.822 Y175.217 E.30882
G1 X27.822 Y174.683 E.01642
G1 X34.898 Y181.759 E.30775
G1 X34.873 Y181.2 E.01719
G1 X27.822 Y174.149 E.30668
G1 X27.822 Y173.615 E.01642
G1 X34.849 Y180.642 E.30561
G1 X34.824 Y180.084 E.01719
G1 X27.822 Y173.082 E.30455
G1 X27.822 Y172.548 E.01642
G1 X34.8 Y179.525 E.30348
G1 X34.775 Y178.967 E.01719
G1 X27.822 Y172.014 E.30241
G1 X27.822 Y171.48 E.01642
G1 X34.751 Y178.409 E.30134
G1 X34.726 Y177.85 E.01719
G1 X27.822 Y170.947 E.30028
G1 X27.822 Y170.413 E.01642
G1 X34.702 Y177.292 E.29921
G1 X34.677 Y176.734 E.01719
G1 X27.822 Y169.879 E.29814
G1 X27.822 Y169.345 E.01642
G1 X34.655 Y176.178 E.2972
G1 X34.648 Y175.637 E.01665
G1 X27.822 Y168.812 E.29687
G1 X27.822 Y168.278 E.01642
G1 X34.64 Y175.096 E.29655
G1 X34.633 Y174.555 E.01665
G1 X27.822 Y167.744 E.29623
G1 X27.822 Y167.21 E.01642
G1 X34.625 Y174.014 E.2959
G1 X34.618 Y173.472 E.01665
G1 X27.822 Y166.677 E.29558
G1 X27.822 Y166.143 E.01642
G1 X34.611 Y172.931 E.29525
G1 X34.603 Y172.39 E.01665
G1 X27.822 Y165.609 E.29493
G1 X27.822 Y165.075 E.01642
G1 X34.596 Y171.849 E.2946
G1 X34.588 Y171.308 E.01665
G1 X27.822 Y164.542 E.29428
G1 X27.822 Y164.008 E.01642
G1 X34.581 Y170.766 E.29396
G1 X34.573 Y170.225 E.01665
G1 X27.822 Y163.474 E.29363
G1 X27.822 Y162.94 E.01642
G1 X34.566 Y169.684 E.29331
G1 X34.558 Y169.143 E.01665
G1 X27.822 Y162.407 E.29298
G1 X27.822 Y161.873 E.01642
G1 X34.551 Y168.601 E.29266
G1 X34.543 Y168.06 E.01665
G1 X27.822 Y161.339 E.29233
G1 X27.822 Y160.805 E.01642
G1 X34.536 Y167.519 E.29201
G1 X34.555 Y167.004 E.01585
G1 X27.822 Y160.272 E.29283
G1 X27.822 Y159.738 E.01642
G1 X34.583 Y166.498 E.29404
G1 X34.611 Y165.992 E.01558
G1 X27.822 Y159.204 E.29525
G1 X27.822 Y158.67 E.01642
G1 X34.638 Y165.486 E.29646
G1 X34.666 Y164.98 E.01558
G1 X27.822 Y158.137 E.29767
G1 X27.822 Y157.603 E.01642
G1 X34.694 Y164.475 E.29889
G1 X34.722 Y163.969 E.01558
G1 X27.822 Y157.069 E.3001
G1 X27.822 Y156.535 E.01642
G1 X34.745 Y163.458 E.3011
G1 X34.742 Y162.921 E.01651
G1 X27.822 Y156.001 E.30097
G1 X27.822 Y155.468 E.01642
G1 X34.739 Y162.384 E.30083
G1 X34.736 Y161.847 E.01651
G1 X27.822 Y154.934 E.3007
G1 X27.822 Y154.4 E.01642
G1 X34.733 Y161.311 E.30056
G1 X34.729 Y160.774 E.01651
G1 X27.822 Y153.866 E.30042
G1 X27.822 Y153.333 E.01642
G1 X34.726 Y160.237 E.30029
G1 X34.723 Y159.7 E.01651
G1 X27.822 Y152.799 E.30015
G1 X27.822 Y152.265 E.01642
G1 X34.72 Y159.163 E.30001
G1 X34.717 Y158.626 E.01651
G1 X27.822 Y151.731 E.29988
G1 X27.822 Y151.198 E.01642
G1 X34.714 Y158.089 E.29974
G1 X34.701 Y157.542 E.01683
G1 X27.822 Y150.664 E.29917
G1 X27.822 Y150.13 E.01642
G1 X34.647 Y156.955 E.29683
G1 X34.593 Y156.367 E.01815
G1 X27.822 Y149.596 E.29449
G1 X27.822 Y149.063 E.01642
G1 X34.539 Y155.78 E.29215
G1 X34.486 Y155.192 E.01815
G1 X27.822 Y148.529 E.28981
G1 X27.822 Y147.995 E.01642
G1 X34.432 Y154.605 E.28748
G1 X34.378 Y154.017 E.01815
G1 X27.822 Y147.461 E.28514
G1 X27.822 Y146.928 E.01642
G1 X34.324 Y153.43 E.2828
G1 X34.27 Y152.842 E.01815
G1 X27.822 Y146.394 E.28046
G1 X27.822 Y145.86 E.01642
G1 X34.217 Y152.254 E.27812
G1 X34.163 Y151.667 E.01815
G1 X27.822 Y145.326 E.27578
G1 X27.822 Y144.793 E.01642
G1 X34.109 Y151.079 E.27344
G1 X34.055 Y150.492 E.01815
G1 X27.822 Y144.259 E.2711
G1 X27.822 Y143.725 E.01642
G1 X34.002 Y149.904 E.26877
G1 X33.956 Y149.325 E.01787
G1 X27.822 Y143.191 E.26679
G1 X27.822 Y142.658 E.01642
G1 X33.912 Y148.747 E.26487
G1 X33.868 Y148.169 E.01783
G1 X27.822 Y142.124 E.26295
G1 X27.822 Y141.59 E.01642
G1 X33.824 Y147.591 E.26103
G1 X33.78 Y147.014 E.01783
G1 X27.822 Y141.056 E.25911
G1 X27.822 Y140.523 E.01642
G1 X33.735 Y146.436 E.25719
G1 X33.691 Y145.858 E.01783
G1 X27.822 Y139.989 E.25526
G1 X27.822 Y139.455 E.01642
G1 X33.647 Y145.28 E.25334
G1 X33.603 Y144.702 E.01783
G1 X27.822 Y138.921 E.25142
G1 X27.822 Y138.388 E.01642
G1 X33.559 Y144.124 E.2495
G1 X33.523 Y143.554 E.01756
G1 X27.822 Y137.854 E.24794
G1 X27.822 Y137.32 E.01642
G1 X33.488 Y142.985 E.24641
G1 X33.452 Y142.416 E.01753
G1 X27.822 Y136.786 E.24488
G1 X27.822 Y136.252 E.01642
G1 X33.417 Y141.847 E.24335
G1 X33.382 Y141.278 E.01753
G1 X27.822 Y135.719 E.24181
G1 X27.822 Y135.185 E.01642
G1 X33.347 Y140.709 E.24028
G1 X33.312 Y140.141 E.01753
G1 X27.822 Y134.651 E.23875
G1 X27.822 Y134.117 E.01642
G1 X33.276 Y139.572 E.23722
G1 X33.241 Y139.003 E.01753
G1 X27.822 Y133.584 E.23569
G1 X27.822 Y133.05 E.01642
G1 X33.206 Y138.434 E.23416
G1 X33.171 Y137.865 E.01753
G1 X27.822 Y132.516 E.23263
G1 X27.822 Y131.982 E.01642
G1 X33.136 Y137.296 E.2311
G1 X33.1 Y136.727 E.01753
G1 X27.822 Y131.449 E.22957
G1 X27.822 Y130.915 E.01642
G1 X33.065 Y136.158 E.22804
G1 X33.03 Y135.589 E.01753
G1 X27.822 Y130.381 E.22651
G1 X27.822 Y129.847 E.01642
G1 X32.995 Y135.02 E.22498
G1 X32.96 Y134.451 E.01753
G1 X27.822 Y129.314 E.22345
G1 X27.822 Y128.78 E.01642
G1 X32.925 Y133.882 E.22192
G1 X32.889 Y133.313 E.01753
G1 X27.822 Y128.246 E.22039
G1 X27.822 Y127.712 E.01642
G1 X32.854 Y132.744 E.21886
G1 X32.819 Y132.175 E.01753
G1 X27.822 Y127.179 E.21733
G1 X27.822 Y126.645 E.01642
G1 X32.784 Y131.606 E.2158
G1 X32.749 Y131.037 E.01753
G1 X27.822 Y126.111 E.21427
G1 X27.822 Y125.577 E.01642
G1 X32.713 Y130.468 E.21274
G1 X32.678 Y129.9 E.01753
G1 X27.822 Y125.044 E.21121
G1 X27.822 Y124.51 E.01642
G1 X32.643 Y129.331 E.20968
G1 X32.608 Y128.762 E.01753
G1 X27.822 Y123.976 E.20815
G1 X27.822 Y123.442 E.01642
G1 X32.573 Y128.193 E.20662
G1 X32.537 Y127.624 E.01753
G1 X27.822 Y122.909 E.20509
G1 X27.822 Y122.485 E.01303
G1 X27.923 Y122.475 E.0031
G1 X32.502 Y127.055 E.19919
G1 X32.467 Y126.486 E.01753
G1 X28.409 Y122.428 E.17651
G1 X28.895 Y122.38 E.01503
G1 X32.432 Y125.917 E.15383
G1 X32.397 Y125.348 E.01753
G1 X29.381 Y122.333 E.13115
G1 X29.868 Y122.285 E.01503
G1 X32.362 Y124.779 E.10847
G1 X32.326 Y124.21 E.01753
G1 X30.354 Y122.238 E.0858
G1 X30.84 Y122.19 E.01503
G1 X32.291 Y123.641 E.06312
G1 X32.256 Y123.072 E.01753
G1 X31.326 Y122.143 E.04044
G1 X31.813 Y122.095 E.01503
G1 X32.402 Y122.685 E.02564
G1 E-.8 F3600
G1 X111.118 Y157.413 F18000
G1 E.8 F3600
M204 S1000
;TYPE:Top surface
;WIDTH:0.420839
G1 X111.663 Y157.957 E.0237
M204 S2000
G1 X111.141 Y157.97 F18000
M204 S1000
G1 F3600
G1 X110.574 Y157.403 E.02469
M204 S2000
G1 X110.029 Y157.393 F18000
M204 S1000
G1 F3600
G1 X110.619 Y157.982 E.02568
M204 S2000
G1 X110.097 Y157.995 F18000
M204 S1000
G1 F3600
G1 X109.485 Y157.382 E.02666
M204 S2000
G1 X108.94 Y157.372 F18000
M204 S1000
G1 F3600
G1 X109.575 Y158.007 E.02765
M204 S2000
G1 X109.053 Y158.02 F18000
M204 S1000
G1 F3600
G1 X108.396 Y157.362 E.02863
M204 S2000
G1 X107.851 Y157.352 F18000
M204 S1000
G1 F3600
G1 X108.531 Y158.032 E.02962
M204 S2000
G1 X108.009 Y158.045 F18000
M204 S1000
G1 F3600
G1 X107.307 Y157.342 E.0306
M204 S2000
G1 X106.762 Y157.332 F18000
M204 S1000
G1 F3600
G1 X107.487 Y158.057 E.03159
M204 S2000
G1 X106.965 Y158.07 F18000
M204 S1000
G1 F3600
G1 X106.218 Y157.322 E.03258
M204 S2000
G1 X105.673 Y157.312 F18000
M204 S1000
G1 F3600
G1 X106.444 Y158.082 E.03356
M204 S2000
G1 X105.922 Y158.095 F18000
M204 S1000
G1 F3600
G1 X105.128 Y157.302 E.03455
M204 S2000
G1 X104.584 Y157.292 F18000
M204 S1000
G1 F3600
G1 X105.4 Y158.107 E.03553
M204 S2000
G1 X104.878 Y158.12 F18000
M204 S1000
G1 F3600
G1 X104.039 Y157.281 E.03652
M204 S2000
G1 X103.495 Y157.271 F18000
M204 S1000
G1 F3600
G1 X104.356 Y158.133 E.0375
M204 S2000
G1 X103.834 Y158.145 F18000
M204 S1000
G1 F3600
G1 X102.95 Y157.261 E.03849
M204 S2000
G1 X102.406 Y157.251 F18000
M204 S1000
G1 F3600
G1 X103.312 Y158.158 E.03948
M204 S2000
G1 X102.79 Y158.17 F18000
M204 S1000
G1 F3600
G1 X101.861 Y157.241 E.04046
M204 S2000
G1 X101.317 Y157.231 F18000
M204 S1000
G1 F3600
G1 X102.268 Y158.183 E.04145
M204 S2000
G1 X101.746 Y158.195 F18000
M204 S1000
G1 F3600
G1 X100.772 Y157.221 E.04243
M204 S2000
G1 X100.227 Y157.211 F18000
M204 S1000
G1 F3600
G1 X101.224 Y158.208 E.04342
M204 S2000
G1 X100.702 Y158.22 F18000
M204 S1000
G1 F3600
G1 X99.683 Y157.201 E.0444
M204 S2000
G1 X99.138 Y157.191 F18000
M204 S1000
G1 F3600
G1 X100.181 Y158.233 E.04539
M204 S2000
G1 X99.659 Y158.245 F18000
M204 S1000
G1 F3600
G1 X98.594 Y157.181 E.04638
M204 S2000
G1 X98.049 Y157.17 F18000
M204 S1000
G1 F3600
G1 X99.137 Y158.258 E.04736
M204 S2000
G1 X98.615 Y158.27 F18000
M204 S1000
G1 F3600
G1 X97.505 Y157.16 E.04835
M204 S2000
G1 X96.96 Y157.15 F18000
M204 S1000
G1 F3600
G1 X98.093 Y158.283 E.04933
M204 S2000
G1 X97.571 Y158.296 F18000
M204 S1000
G1 F3600
G1 X96.416 Y157.14 E.05032
M204 S2000
G1 X95.871 Y157.13 F18000
M204 S1000
G1 F3600
G1 X97.049 Y158.308 E.05131
M204 S2000
G1 X96.527 Y158.321 F18000
M204 S1000
G1 F3600
G1 X95.326 Y157.12 E.05229
M204 S2000
G1 X94.782 Y157.11 F18000
M204 S1000
G1 F3600
G1 X96.005 Y158.333 E.05328
M204 S2000
G1 X95.483 Y158.346 F18000
M204 S1000
G1 F3600
G1 X94.237 Y157.1 E.05426
M204 S2000
G1 X93.693 Y157.09 F18000
M204 S1000
G1 F3600
G1 X94.961 Y158.358 E.05525
M204 S2000
G1 X94.439 Y158.371 F18000
M204 S1000
G1 F3600
G1 X93.148 Y157.08 E.05623
M204 S2000
G1 X92.604 Y157.07 F18000
M204 S1000
G1 F3600
G1 X93.918 Y158.383 E.05722
M204 S2000
G1 X93.396 Y158.396 F18000
M204 S1000
G1 F3600
G1 X92.059 Y157.059 E.05821
M204 S2000
G1 X91.515 Y157.049 F18000
M204 S1000
G1 F3600
G1 X92.874 Y158.408 E.05919
M204 S2000
G1 X92.352 Y158.421 F18000
M204 S1000
G1 F3600
G1 X90.97 Y157.039 E.06018
M204 S2000
G1 X90.426 Y157.029 F18000
M204 S1000
G1 F3600
G1 X91.83 Y158.434 E.06116
M204 S2000
G1 X91.308 Y158.446 F18000
M204 S1000
G1 F3600
G1 X89.881 Y157.019 E.06215
M204 S2000
G1 X89.336 Y157.009 F18000
M204 S1000
G1 F3600
G1 X90.786 Y158.459 E.06313
M204 S2000
G1 X90.264 Y158.471 F18000
M204 S1000
G1 F3600
G1 X88.792 Y156.999 E.06412
M204 S2000
G1 X88.247 Y156.989 F18000
M204 S1000
G1 F3600
G1 X89.742 Y158.484 E.06511
M204 S2000
G1 X89.22 Y158.496 F18000
M204 S1000
G1 F3600
G1 X87.703 Y156.979 E.06609
M204 S2000
G1 X87.158 Y156.969 F18000
M204 S1000
G1 F3600
G1 X88.698 Y158.509 E.06708
M204 S2000
G1 X88.176 Y158.521 F18000
M204 S1000
G1 F3600
G1 X86.614 Y156.958 E.06806
M204 S2000
G1 X86.069 Y156.948 F18000
M204 S1000
G1 F3600
G1 X87.655 Y158.534 E.06905
M204 S2000
G1 X87.133 Y158.546 F18000
M204 S1000
G1 F3600
G1 X85.525 Y156.938 E.07003
M204 S2000
G1 X84.98 Y156.928 F18000
M204 S1000
G1 F3600
G1 X86.611 Y158.559 E.07102
M204 S2000
G1 X86.089 Y158.571 F18000
M204 S1000
G1 F3600
G1 X84.435 Y156.918 E.07201
M204 S2000
G1 X83.891 Y156.908 F18000
M204 S1000
G1 F3600
G1 X85.567 Y158.584 E.07299
M204 S2000
G1 X85.045 Y158.597 F18000
M204 S1000
G1 F3600
G1 X83.346 Y156.898 E.07398
M204 S2000
G1 X82.802 Y156.888 F18000
M204 S1000
G1 F3600
G1 X84.523 Y158.609 E.07496
M204 S2000
G1 X84.001 Y158.622 F18000
M204 S1000
G1 F3600
G1 X82.257 Y156.878 E.07595
M204 S2000
G1 X81.713 Y156.868 F18000
M204 S1000
G1 F3600
G1 X83.479 Y158.634 E.07694
M204 S2000
G1 X82.957 Y158.647 F18000
M204 S1000
G1 F3600
G1 X81.168 Y156.858 E.07792
M204 S2000
G1 X80.624 Y156.847 F18000
M204 S1000
G1 F3600
G1 X82.435 Y158.659 E.07891
M204 S2000
G1 X81.913 Y158.672 F18000
M204 S1000
G1 F3600
G1 X80.079 Y156.837 E.07989
M204 S2000
G1 X79.534 Y156.827 F18000
M204 S1000
G1 F3600
G1 X81.392 Y158.684 E.08088
M204 S2000
G1 X80.87 Y158.697 F18000
M204 S1000
G1 F3600
G1 X78.99 Y156.817 E.08186
M204 S2000
G1 X78.445 Y156.807 F18000
M204 S1000
G1 F3600
G1 X80.348 Y158.709 E.08285
M204 S2000
G1 X79.826 Y158.722 F18000
M204 S1000
G1 F3600
G1 X77.901 Y156.797 E.08384
M204 S2000
G1 X77.356 Y156.787 F18000
M204 S1000
G1 F3600
G1 X79.304 Y158.734 E.08482
M204 S2000
G1 X78.782 Y158.747 F18000
M204 S1000
G1 F3600
G1 X76.812 Y156.777 E.08581
M204 S2000
G1 X76.267 Y156.767 F18000
M204 S1000
G1 F3600
G1 X78.26 Y158.76 E.08679
M204 S2000
G1 X77.738 Y158.772 F18000
M204 S1000
G1 F3600
G1 X75.723 Y156.757 E.08778
M204 S2000
G1 X75.178 Y156.747 F18000
M204 S1000
G1 F3600
G1 X77.216 Y158.785 E.08876
M204 S2000
G1 X76.694 Y158.797 F18000
M204 S1000
G1 F3600
G1 X74.633 Y156.736 E.08975
M204 S2000
G1 X74.089 Y156.726 F18000
M204 S1000
G1 F3600
G1 X76.172 Y158.81 E.09074
M204 S2000
G1 X75.65 Y158.822 F18000
M204 S1000
G1 F3600
G1 X73.544 Y156.716 E.09172
M204 S2000
G1 X73 Y156.706 F18000
M204 S1000
G1 F3600
G1 X75.129 Y158.835 E.09271
M204 S2000
G1 X74.607 Y158.847 F18000
M204 S1000
G1 F3600
G1 X72.455 Y156.696 E.09369
M204 S2000
G1 X71.911 Y156.686 F18000
M204 S1000
G1 F3600
G1 X74.085 Y158.86 E.09468
M204 S2000
G1 X73.563 Y158.872 F18000
M204 S1000
G1 F3600
G1 X71.366 Y156.676 E.09567
M204 S2000
G1 X70.822 Y156.666 F18000
M204 S1000
G1 F3600
G1 X73.041 Y158.885 E.09665
M204 S2000
G1 X72.519 Y158.898 F18000
M204 S1000
G1 F3600
G1 X70.277 Y156.656 E.09764
M204 S2000
G1 X69.733 Y156.646 F18000
M204 S1000
G1 F3600
G1 X71.997 Y158.91 E.09862
M204 S2000
G1 X71.475 Y158.923 F18000
M204 S1000
G1 F3600
G1 X69.188 Y156.635 E.09961
M204 S2000
G1 X68.643 Y156.625 F18000
M204 S1000
G1 F3600
G1 X70.953 Y158.935 E.10059
M204 S2000
G1 X70.431 Y158.948 F18000
M204 S1000
G1 F3600
G1 X68.099 Y156.615 E.10158
M204 S2000
G1 X67.554 Y156.605 F18000
M204 S1000
G1 F3600
G1 X69.909 Y158.96 E.10257
M204 S2000
G1 X69.387 Y158.973 F18000
M204 S1000
G1 F3600
G1 X67.01 Y156.595 E.10355
M204 S2000
G1 X66.465 Y156.585 F18000
M204 S1000
G1 F3600
G1 X68.866 Y158.985 E.10454
M204 S2000
G1 X68.344 Y158.998 F18000
M204 S1000
G1 F3600
G1 X65.921 Y156.575 E.10552
M204 S2000
G1 X65.376 Y156.565 F18000
M204 S1000
G1 F3600
G1 X67.822 Y159.01 E.10651
M204 S2000
G1 X67.3 Y159.023 F18000
M204 S1000
G1 F3600
G1 X64.837 Y156.56 E.10725
M204 S2000
G1 X64.316 Y156.573 F18000
M204 S1000
G1 F3600
G1 X66.778 Y159.035 E.10722
M204 S2000
G1 X66.256 Y159.048 F18000
M204 S1000
G1 F3600
G1 X63.834 Y156.626 E.10546
M204 S2000
G1 E-.8
G1 X59.504 Y120.229 F18000
G1 E.8 F3600
M204 S1000
G1 X58.632 Y119.356 E.038
M204 S2000
G1 X58.13 Y119.389 F18000
M204 S1000
G1 F3600
G1 X59.55 Y120.809 E.06181
M204 S2000
G1 X59.595 Y121.388 F18000
M204 S1000
G1 F3600
G1 X57.629 Y119.422 E.08562
M204 S2000
G1 X57.127 Y119.455 F18000
M204 S1000
G1 F3600
G1 X59.64 Y121.968 E.10944
M204 S2000
G1 X59.685 Y122.547 F18000
M204 S1000
G1 F3600
G1 X56.625 Y119.488 E.13325
M204 S2000
G1 X56.124 Y119.521 F18000
M204 S1000
G1 F3600
G1 X59.73 Y123.127 E.15706
M204 S2000
G1 X59.775 Y123.707 F18000
M204 S1000
G1 F3600
G1 X55.622 Y119.553 E.18088
M204 S2000
G1 X55.12 Y119.586 F18000
M204 S1000
G1 F3600
G1 X59.82 Y124.286 E.2047
M204 S2000
G1 X59.866 Y124.866 F18000
M204 S1000
G1 F3600
G1 X54.619 Y119.619 E.22851
M204 S2000
G1 X54.117 Y119.652 F18000
M204 S1000
G1 F3600
G1 X59.911 Y125.445 E.25233
M204 S2000
G1 X59.956 Y126.025 F18000
M204 S1000
G1 F3600
G1 X53.615 Y119.685 E.27614
M204 S2000
G1 X53.114 Y119.717 F18000
M204 S1000
G1 F3600
G1 X60.001 Y126.605 E.29996
M204 S2000
G1 X60.046 Y127.184 F18000
M204 S1000
G1 F3600
G1 X52.612 Y119.75 E.32378
M204 S2000
G1 X52.113 Y119.786 F18000
M204 S1000
G1 F3600
G1 X60.092 Y127.764 E.34746
M204 S2000
G1 X60.137 Y128.344 F18000
M204 S1000
G1 F3600
G1 X51.615 Y119.822 E.37114
M204 S2000
G1 X51.117 Y119.858 F18000
M204 S1000
G1 F3600
G1 X60.182 Y128.923 E.39481
M204 S2000
G1 X60.227 Y129.503 F18000
M204 S1000
G1 F3600
G1 X50.618 Y119.894 E.41849
M204 S2000
G1 X50.12 Y119.93 F18000
M204 S1000
G1 F3600
G1 X60.272 Y130.083 E.44216
M204 S2000
G1 X60.318 Y130.662 F18000
M204 S1000
G1 F3600
G1 X49.621 Y119.966 E.46584
M204 S2000
G1 X49.123 Y120.002 F18000
M204 S1000
G1 F3600
G1 X60.363 Y131.242 E.48951
M204 S2000
G1 X60.408 Y131.822 F18000
M204 S1000
G1 F3600
G1 X48.625 Y120.038 E.51319
M204 S2000
G1 X48.126 Y120.074 F18000
M204 S1000
G1 F3600
G1 X60.453 Y132.401 E.53686
M204 S2000
G1 X60.498 Y132.981 F18000
M204 S1000
G1 F3600
G1 X47.628 Y120.111 E.5605
M204 S2000
G1 X47.133 Y120.15 F18000
M204 S1000
G1 F3600
G1 X60.544 Y133.561 E.58404
M204 S2000
G1 X60.589 Y134.14 F18000
M204 S1000
G1 F3600
G1 X46.638 Y120.19 E.60757
M204 S2000
G1 X46.143 Y120.229 F18000
M204 S1000
G1 F3600
G1 X60.634 Y134.72 E.6311
M204 S2000
G1 X60.679 Y135.3 F18000
M204 S1000
G1 F3600
G1 X45.648 Y120.268 E.65464
M204 S2000
G1 X45.153 Y120.308 F18000
M204 S1000
G1 F3600
G1 X60.724 Y135.879 E.67817
M204 S2000
G1 X60.77 Y136.459 F18000
M204 S1000
G1 F3600
G1 X44.658 Y120.347 E.7017
M204 S2000
G1 X44.163 Y120.386 F18000
M204 S1000
G1 F3600
G1 X60.815 Y137.039 E.72523
M204 S2000
G1 X60.86 Y137.618 F18000
M204 S1000
G1 F3600
G1 X43.667 Y120.426 E.74877
M204 S2000
G1 X43.172 Y120.465 F18000
M204 S1000
G1 F3600
G1 X60.905 Y138.198 E.7723
M204 S2000
G1 X60.95 Y138.778 F18000
M204 S1000
G1 F3600
G1 X42.679 Y120.506 E.79575
M204 S2000
G1 X42.188 Y120.549 F18000
M204 S1000
G1 F3600
G1 X60.996 Y139.357 E.81911
M204 S2000
G1 X61.041 Y139.937 F18000
M204 S1000
G1 F3600
G1 X41.696 Y120.593 E.84248
M204 S2000
G1 X41.205 Y120.636 F18000
M204 S1000
G1 F3600
G1 X61.086 Y140.517 E.86584
M204 S2000
G1 X61.131 Y141.096 F18000
M204 S1000
G1 F3600
G1 X40.714 Y120.679 E.8892
M204 S2000
G1 X40.223 Y120.722 F18000
M204 S1000
G1 F3600
G1 X61.176 Y141.676 E.91257
M204 S2000
G1 X61.222 Y142.256 F18000
M204 S1000
G1 F3600
G1 X39.731 Y120.765 E.93593
M204 S2000
G1 X39.24 Y120.809 F18000
M204 S1000
G1 F3600
G1 X61.267 Y142.835 E.9593
M204 S2000
G1 X61.312 Y143.415 F18000
M204 S1000
G1 F3600
G1 X38.749 Y120.852 E.98266
M204 S2000
G1 X38.258 Y120.895 F18000
M204 S1000
G1 F3600
G1 X61.357 Y143.995 E1.00603
M204 S2000
G1 X61.402 Y144.574 F18000
M204 S1000
G1 F3600
G1 X37.766 Y120.938 E1.02939
M204 S2000
G1 X37.275 Y120.981 F18000
M204 S1000
G1 F3600
G1 X61.448 Y145.154 E1.05276
M204 S2000
G1 X61.493 Y145.734 F18000
M204 S1000
G1 F3600
G1 X36.784 Y121.024 E1.07612
M204 S2000
G1 X36.292 Y121.068 F18000
M204 S1000
G1 F3600
G1 X61.982 Y146.758 E1.11884
M204 S2000
G1 X62.023 Y147.333 F18000
M204 S1000
G1 F3600
G1 X35.801 Y121.111 E1.14201
M204 S2000
G1 X35.31 Y121.154 F18000
M204 S1000
G1 F3600
G1 X62.064 Y147.908 E1.16519
M204 S2000
G1 X62.105 Y148.484 F18000
M204 S1000
G1 F3600
G1 X34.819 Y121.197 E1.18837
M204 S2000
G1 X34.327 Y121.24 F18000
M204 S1000
G1 F3600
G1 X62.146 Y149.059 E1.21155
M204 S2000
G1 X62.187 Y149.634 F18000
M204 S1000
G1 F3600
G1 X33.836 Y121.284 E1.23472
M204 S2000
G1 X33.345 Y121.327 F18000
M204 S1000
G1 F3600
G1 X62.228 Y150.21 E1.2579
M204 S2000
G1 X62.269 Y150.785 F18000
M204 S1000
G1 F3600
G1 X32.858 Y121.374 E1.2809
M204 S2000
G1 X32.628 Y121.679 F18000
M204 S1000
G1 F3600
G1 X62.31 Y151.361 E1.29267
M204 S2000
G1 X62.351 Y151.936 F18000
M204 S1000
G1 F3600
G1 X32.664 Y122.249 E1.29291
M204 S2000
G1 X32.699 Y122.819 F18000
M204 S1000
G1 F3600
G1 X62.391 Y152.511 E1.29316
M204 S2000
G1 X62.432 Y153.087 F18000
M204 S1000
G1 F3600
G1 X32.734 Y123.388 E1.29341
M204 S2000
G1 X32.769 Y123.958 F18000
M204 S1000
G1 F3600
G1 X62.473 Y153.662 E1.29365
M204 S2000
G1 X62.514 Y154.237 F18000
M204 S1000
G1 F3600
G1 X32.805 Y124.528 E1.2939
M204 S2000
G1 X32.84 Y125.097 F18000
M204 S1000
G1 F3600
G1 X62.555 Y154.813 E1.29415
M204 S2000
G1 X62.666 Y155.458 F18000
M204 S1000
G1 F3600
G1 X32.875 Y125.667 E1.29744
M204 S2000
G1 X32.91 Y126.237 F18000
M204 S1000
G1 F3600
G1 X65.734 Y159.061 E1.42953
M204 S2000
G1 X65.103 Y158.964 F18000
M204 S1000
G1 F3600
G1 X32.945 Y126.806 E1.40051
M204 S2000
G1 X32.981 Y127.376 F18000
M204 S1000
G1 F3600
G1 X64.57 Y158.965 E1.37575
M204 S2000
G1 X64.077 Y159.007 F18000
M204 S1000
G1 F3600
G1 X33.016 Y127.946 E1.35275
M204 S2000
G1 X33.051 Y128.516 F18000
M204 S1000
G1 F3600
G1 X63.644 Y159.109 E1.33238
M204 S2000
G1 X63.442 Y159.441 F18000
M204 S1000
G1 F3600
G1 X33.086 Y129.085 E1.32205
M204 S2000
G1 X33.122 Y129.655 F18000
M204 S1000
G1 F3600
G1 X63.314 Y159.847 E1.31492
M204 S2000
G1 X63.135 Y160.203 F18000
M204 S1000
G1 F3600
G1 X33.157 Y130.225 E1.30559
M204 S2000
G1 X33.192 Y130.794 F18000
M204 S1000
G1 F3600
G1 X63.084 Y160.686 E1.30184
M204 S2000
G1 X63.066 Y161.203 F18000
M204 S1000
G1 F3600
G1 X33.227 Y131.364 E1.29954
M204 S2000
G1 X33.263 Y131.934 F18000
M204 S1000
G1 F3600
G1 X63.063 Y161.734 E1.29786
M204 S2000
G1 X63.06 Y162.265 F18000
M204 S1000
G1 F3600
G1 X33.298 Y132.503 E1.29618
M204 S2000
G1 X33.333 Y133.073 F18000
M204 S1000
G1 F3600
G1 X63.102 Y162.842 E1.29648
M204 S2000
G1 X63.166 Y163.44 F18000
M204 S1000
G1 F3600
G1 X33.368 Y133.643 E1.29772
M204 S2000
G1 X33.403 Y134.212 F18000
M204 S1000
G1 F3600
G1 X63.229 Y164.038 E1.29895
M204 S2000
G1 X63.293 Y164.636 F18000
M204 S1000
G1 F3600
G1 X33.439 Y134.782 E1.30019
M204 S2000
G1 X33.474 Y135.352 F18000
M204 S1000
G1 F3600
G1 X63.356 Y165.234 E1.30142
M204 S2000
G1 X63.42 Y165.832 F18000
M204 S1000
G1 F3600
G1 X33.509 Y135.921 E1.30266
M204 S2000
G1 X33.544 Y136.491 F18000
M204 S1000
G1 F3600
G1 X63.472 Y166.419 E1.30339
M204 S2000
G1 X63.495 Y166.976 F18000
M204 S1000
G1 F3600
G1 X33.58 Y137.061 E1.30286
M204 S2000
G1 X33.615 Y137.631 F18000
M204 S1000
G1 F3600
G1 X63.518 Y167.534 E1.30234
M204 S2000
G1 X63.541 Y168.092 F18000
M204 S1000
G1 F3600
G1 X33.65 Y138.2 E1.30181
M204 S2000
G1 X33.685 Y138.77 F18000
M204 S1000
G1 F3600
G1 X63.565 Y168.649 E1.30129
M204 S2000
G1 X63.588 Y169.207 F18000
M204 S1000
G1 F3600
G1 X33.721 Y139.34 E1.30076
M204 S2000
G1 X33.756 Y139.909 F18000
M204 S1000
G1 F3600
G1 X63.611 Y169.764 E1.30024
M204 S2000
G1 X63.634 Y170.322 F18000
M204 S1000
G1 F3600
G1 X33.791 Y140.479 E1.29971
M204 S2000
G1 X33.826 Y141.049 F18000
M204 S1000
G1 F3600
G1 X63.657 Y170.88 E1.29919
M204 S2000
G1 X63.68 Y171.437 F18000
M204 S1000
G1 F3600
G1 X33.861 Y141.618 E1.29866
M204 S2000
G1 X33.897 Y142.188 F18000
M204 S1000
G1 F3600
G1 X63.704 Y171.995 E1.29814
M204 S2000
G1 X63.727 Y172.553 F18000
M204 S1000
G1 F3600
G1 X33.932 Y142.758 E1.29761
M204 S2000
G1 X33.967 Y143.327 F18000
M204 S1000
G1 F3600
G1 X63.754 Y173.114 E1.29725
M204 S2000
G1 X63.791 Y173.686 F18000
M204 S1000
G1 F3600
G1 X34.002 Y143.897 E1.29733
M204 S2000
G1 X34.044 Y144.474 F18000
M204 S1000
G1 F3600
G1 X63.828 Y174.257 E1.29712
M204 S2000
G1 X63.865 Y174.829 F18000
M204 S1000
G1 F3600
G1 X34.089 Y145.052 E1.29681
M204 S2000
G1 X34.133 Y145.631 F18000
M204 S1000
G1 F3600
G1 X63.902 Y175.4 E1.29651
M204 S2000
G1 X63.939 Y175.972 F18000
M204 S1000
G1 F3600
G1 X34.177 Y146.21 E1.2962
M204 S2000
G1 X34.221 Y146.788 F18000
M204 S1000
G1 F3600
G1 X63.976 Y176.544 E1.29589
M204 S2000
G1 X64.014 Y177.115 F18000
M204 S1000
G1 F3600
G1 X34.266 Y147.367 E1.29558
M204 S2000
G1 X34.31 Y147.946 F18000
M204 S1000
G1 F3600
G1 X64.051 Y177.687 E1.29527
M204 S2000
G1 X64.088 Y178.258 F18000
M204 S1000
G1 F3600
G1 X34.354 Y148.524 E1.29496
M204 S2000
G1 X34.398 Y149.103 F18000
M204 S1000
G1 F3600
G1 X64.125 Y178.83 E1.29465
M204 S2000
G1 X64.162 Y179.401 F18000
M204 S1000
G1 F3600
G1 X34.442 Y149.682 E1.29434
M204 S2000
G1 X34.494 Y150.268 F18000
M204 S1000
G1 F3600
G1 X64.199 Y179.973 E1.29369
M204 S2000
G1 X64.236 Y180.545 F18000
M204 S1000
G1 F3600
G1 X34.548 Y150.857 E1.29296
M204 S2000
G1 X34.602 Y151.445 F18000
M204 S1000
G1 F3600
G1 X64.273 Y181.116 E1.29224
M204 S2000
G1 X64.311 Y181.688 F18000
M204 S1000
G1 F3600
G1 X34.656 Y152.033 E1.29151
M204 S2000
G1 X34.71 Y152.621 F18000
M204 S1000
G1 F3600
G1 X64.348 Y182.259 E1.29078
M204 S2000
G1 X64.385 Y182.831 F18000
M204 S1000
G1 F3600
G1 X34.764 Y153.21 E1.29005
M204 S2000
G1 X34.817 Y153.798 F18000
M204 S1000
G1 F3600
G1 X64.422 Y183.403 E1.28932
M204 S2000
G1 X64.459 Y183.974 F18000
M204 S1000
G1 F3600
G1 X34.871 Y154.386 E1.28859
M204 S2000
G1 X34.925 Y154.975 F18000
M204 S1000
G1 F3600
G1 X64.496 Y184.546 E1.28787
M204 S2000
G1 X64.533 Y185.117 F18000
M204 S1000
G1 F3600
G1 X34.979 Y155.563 E1.28714
M204 S2000
G1 X35.033 Y156.151 F18000
M204 S1000
G1 F3600
G1 X64.57 Y185.689 E1.28641
M204 S2000
G1 X64.608 Y186.26 F18000
M204 S1000
G1 F3600
G1 X35.087 Y156.74 E1.28568
M204 S2000
G1 X35.141 Y157.328 F18000
M204 S1000
G1 F3600
G1 X64.645 Y186.832 E1.28495
M204 S2000
G1 X64.682 Y187.404 F18000
M204 S1000
G1 F3600
G1 X35.17 Y157.892 E1.28528
M204 S2000
G1 X35.173 Y158.43 F18000
M204 S1000
G1 F3600
G1 X64.719 Y187.975 E1.28676
M204 S2000
G1 X64.756 Y188.547 F18000
M204 S1000
G1 F3600
G1 X35.177 Y158.967 E1.28824
M204 S2000
G1 X35.18 Y159.505 F18000
M204 S1000
G1 F3600
G1 X64.793 Y189.118 E1.28972
M204 S2000
G1 X64.83 Y189.69 F18000
M204 S1000
G1 F3600
G1 X35.183 Y160.042 E1.2912
M204 S2000
G1 X35.186 Y160.58 F18000
M204 S1000
G1 F3600
G1 X64.867 Y190.262 E1.29268
M204 S2000
G1 X64.905 Y190.833 F18000
M204 S1000
G1 F3600
G1 X35.189 Y161.118 E1.29416
M204 S2000
G1 X35.192 Y161.655 F18000
M204 S1000
G1 F3600
G1 X64.942 Y191.405 E1.29564
M204 S2000
G1 X64.979 Y191.976 F18000
M204 S1000
G1 F3600
G1 X35.195 Y162.193 E1.29712
M204 S2000
G1 X35.199 Y162.73 F18000
M204 S1000
G1 F3600
G1 X65.016 Y192.548 E1.2986
M204 S2000
G1 X65.053 Y193.119 F18000
M204 S1000
G1 F3600
G1 X35.202 Y163.268 E1.30008
M204 S2000
G1 X35.19 Y163.791 F18000
M204 S1000
G1 F3600
G1 X65.09 Y193.691 E1.3022
M204 S2000
G1 X65.127 Y194.263 F18000
M204 S1000
G1 F3600
G1 X35.162 Y164.297 E1.30503
M204 S2000
G1 X35.134 Y164.804 F18000
M204 S1000
G1 F3600
G1 X65.164 Y194.834 E1.30786
M204 S2000
G1 X65.202 Y195.406 F18000
M204 S1000
G1 F3600
G1 X35.106 Y165.311 E1.31069
M204 S2000
G1 X35.079 Y165.817 F18000
M204 S1000
G1 F3600
G1 X65.239 Y195.977 E1.31353
M204 S2000
G1 X64.972 Y196.245 F18000
M204 S1000
G1 F3600
G1 X35.051 Y166.324 E1.30313
M204 S2000
G1 X35.023 Y166.83 F18000
M204 S1000
G1 F3600
G1 X64.403 Y196.211 E1.27957
M204 S2000
G1 X63.835 Y196.177 F18000
M204 S1000
G1 F3600
G1 X34.995 Y167.337 E1.25601
M204 S2000
G1 X34.999 Y167.875 F18000
M204 S1000
G1 F3600
G1 X63.266 Y196.142 E1.23108
M204 S2000
G1 X62.697 Y196.108 F18000
M204 S1000
G1 F3600
G1 X35.006 Y168.417 E1.20598
M204 S2000
G1 X35.014 Y168.959 F18000
M204 S1000
G1 F3600
G1 X62.128 Y196.073 E1.18088
M204 S2000
G1 X61.559 Y196.039 F18000
M204 S1000
G1 F3600
G1 X35.021 Y169.501 E1.15578
M204 S2000
G1 X35.028 Y170.043 F18000
M204 S1000
G1 F3600
G1 X60.99 Y196.005 E1.13068
M204 S2000
G1 X60.422 Y195.97 F18000
M204 S1000
G1 F3600
G1 X35.036 Y170.585 E1.10558
M204 S2000
G1 X35.043 Y171.127 F18000
M204 S1000
G1 F3600
G1 X59.853 Y195.936 E1.08048
M204 S2000
G1 X59.284 Y195.902 F18000
M204 S1000
G1 F3600
G1 X35.051 Y171.669 E1.05538
M204 S2000
G1 X35.058 Y172.21 F18000
M204 S1000
G1 F3600
G1 X58.715 Y195.867 E1.03029
M204 S2000
G1 X58.146 Y195.833 F18000
M204 S1000
G1 F3600
G1 X35.066 Y172.752 E1.00519
M204 S2000
G1 X35.073 Y173.294 F18000
M204 S1000
G1 F3600
G1 X57.577 Y195.798 E.98009
M204 S2000
G1 X57.007 Y195.763 F18000
M204 S1000
G1 F3600
G1 X35.081 Y173.836 E.95493
M204 S2000
G1 X35.088 Y174.378 F18000
M204 S1000
G1 F3600
G1 X56.435 Y195.725 E.92968
M204 S2000
G1 X55.862 Y195.687 F18000
M204 S1000
G1 F3600
G1 X35.096 Y174.92 E.90443
M204 S2000
G1 X35.103 Y175.462 F18000
M204 S1000
G1 F3600
G1 X55.29 Y195.649 E.87917
M204 S2000
G1 X54.718 Y195.611 F18000
M204 S1000
G1 F3600
G1 X35.111 Y176.004 E.85392
M204 S2000
G1 X35.127 Y176.555 F18000
M204 S1000
G1 F3600
G1 X54.145 Y195.573 E.82826
M204 S2000
G1 X53.573 Y195.535 F18000
M204 S1000
G1 F3600
G1 X35.152 Y177.114 E.80226
M204 S2000
G1 X35.176 Y177.673 F18000
M204 S1000
G1 F3600
G1 X53 Y195.497 E.77626
M204 S2000
G1 X52.428 Y195.459 F18000
M204 S1000
G1 F3600
G1 X35.201 Y178.232 E.75027
M204 S2000
G1 X35.226 Y178.791 F18000
M204 S1000
G1 F3600
G1 X51.852 Y195.417 E.7241
M204 S2000
G1 X51.275 Y195.375 F18000
M204 S1000
G1 F3600
G1 X35.25 Y179.35 E.69793
M204 S2000
G1 X35.275 Y179.909 F18000
M204 S1000
G1 F3600
G1 X50.699 Y195.334 E.67176
M204 S2000
G1 X50.123 Y195.292 F18000
M204 S1000
G1 F3600
G1 X35.299 Y180.468 E.64558
M204 S2000
G1 X35.324 Y181.027 F18000
M204 S1000
G1 F3600
G1 X49.546 Y195.25 E.61941
M204 S2000
G1 X48.97 Y195.208 F18000
M204 S1000
G1 F3600
G1 X35.348 Y181.586 E.59324
M204 S2000
G1 X35.373 Y182.145 F18000
M204 S1000
G1 F3600
G1 X48.393 Y195.166 E.56707
M204 S2000
G1 X47.817 Y195.124 F18000
M204 S1000
G1 F3600
G1 X35.398 Y182.704 E.54089
M204 S2000
G1 X35.422 Y183.263 F18000
M204 S1000
G1 F3600
G1 X47.238 Y195.079 E.51461
M204 S2000
G1 X46.657 Y195.033 F18000
M204 S1000
G1 F3600
G1 X35.447 Y183.822 E.48825
M204 S2000
G1 X35.471 Y184.381 F18000
M204 S1000
G1 F3600
G1 X46.077 Y194.987 E.46189
M204 S2000
G1 X45.496 Y194.941 F18000
M204 S1000
G1 F3600
G1 X35.496 Y184.94 E.43553
M204 S2000
G1 X35.52 Y185.499 F18000
M204 S1000
G1 F3600
G1 X44.915 Y194.895 E.40917
M204 S2000
G1 X44.335 Y194.848 F18000
M204 S1000
G1 F3600
G1 X35.545 Y186.059 E.38281
M204 S2000
G1 X35.57 Y186.618 F18000
M204 S1000
G1 F3600
G1 X43.754 Y194.802 E.35645
M204 S2000
G1 X43.173 Y194.756 F18000
M204 S1000
G1 F3600
G1 X35.594 Y187.177 E.33009
M204 S2000
G1 X35.619 Y187.736 F18000
M204 S1000
G1 F3600
G1 X42.592 Y194.708 E.30368
M204 S2000
G1 X42.007 Y194.659 F18000
M204 S1000
G1 F3600
G1 X35.643 Y188.295 E.27717
M204 S2000
G1 X35.668 Y188.854 F18000
M204 S1000
G1 F3600
G1 X41.423 Y194.609 E.25066
M204 S2000
G1 X40.839 Y194.559 F18000
M204 S1000
G1 F3600
G1 X35.692 Y189.413 E.22414
M204 S2000
G1 X35.717 Y189.972 F18000
M204 S1000
G1 F3600
G1 X40.255 Y194.51 E.19763
M204 S2000
G1 X39.671 Y194.46 F18000
M204 S1000
G1 F3600
G1 X35.742 Y190.531 E.17112
M204 S2000
G1 X35.766 Y191.09 F18000
M204 S1000
G1 F3600
G1 X39.086 Y194.41 E.14461
M204 S2000
G1 X38.502 Y194.36 F18000
M204 S1000
G1 F3600
G1 X35.791 Y191.649 E.11809
M204 S2000
G1 X35.815 Y192.208 F18000
M204 S1000
G1 F3600
G1 X37.918 Y194.31 E.09157
M204 S2000
G1 X37.33 Y194.257 F18000
M204 S1000
G1 F3600
G1 X35.84 Y192.767 E.0649
M204 S2000
G1 X35.864 Y193.326 F18000
M204 S1000
G1 F3600
G1 X36.742 Y194.204 E.03823
M204 S2000
G1 E-.8
G1 X111.826 Y157.689 F18000
G1 E.8 F3600
;TYPE:Gap infill
;WIDTH:0.340559
G1 F6000
G1 X113.005 Y157.686 E.02858
;WIDTH:0.316195
G1 X114.183 Y157.683 E.02624
;WIDTH:0.267467
G1 X115.362 Y157.68 E.02156
;WIDTH:0.218739
G1 X116.54 Y157.676 E.01688
;WIDTH:0.170011
G1 X117.719 Y157.673 E.0122
;WIDTH:0.121284
G1 X118.897 Y157.67 E.00753
; stop printing object USV 1 e2mm.stl_6_B id:0 copy 0
; printing object "USV 1 e2mm.stl_5" id:1 copy 0
G1 E-.8 F3600
G1 X78.404 Y74.434 F18000
G1 E.8 F3600
M204 S1000
;TYPE:Outer wall
;WIDTH:0.42
G1 F3000
G1 X78.313 Y75.037 E.01876
G1 X74.781 Y74.973 E.10855
G1 X74.021 Y75.462 E.02775
G1 X73.632 Y76.132 E.02383
G1 X72.284 Y76.097 E.04141
G1 X70.847 Y78.04 E.07426
G1 X70.579 Y80.143 E.06515
G1 X69.538 Y81.738 E.05851
G1 X68.872 Y85.45 E.11588
G1 X68.257 Y92.949 E.23122
G1 X68.252 Y104.105 E.3428
G1 X59.029 Y103.579 E.28386
G1 X51.795 Y103.106 E.22274
G1 X46.972 Y102.745 E.14863
G1 X42.15 Y102.373 E.14861
G1 X37.338 Y101.96 E.14839
G1 X32.527 Y101.529 E.14843
G1 X26.337 Y100.924 E.1911
G1 X26.337 Y29.353 E2.19917
G1 X32.393 Y28.761 E.18696
G1 X37.203 Y28.317 E.14845
G1 X46.818 Y27.532 E.29643
G1 X51.629 Y27.183 E.1482
G1 X56.44 Y26.864 E.14816
G1 X61.251 Y26.567 E.14811
G1 X68.587 Y26.148 E.22578
G1 X68.065 Y37.329 E.34395
G1 X68.717 Y44.831 E.23138
G1 X69.395 Y48.54 E.11587
G1 X71.285 Y51.44 E.10635
G1 X71.427 Y53.213 E.05467
G1 X72.148 Y54.179 E.03705
G1 X73.497 Y54.142 E.04145
G1 X73.901 Y54.814 E.02408
G1 X74.67 Y55.301 E.02796
G1 X78.225 Y55.235 E.10926
G1 X78.327 Y55.839 E.01881
G1 X79.615 Y55.819 E.03959
G1 X112.001 Y65.135 E1.03547
G1 X79.696 Y74.452 E1.0331
G1 X78.424 Y74.434 E.03907
M204 S2000
G1 E-.8 F3600
G1 X40.17 Y38.698 F18000
G1 E.8 F3600
M204 S1500
;TYPE:Inner wall
;WIDTH:0.45
G1 F4800
G1 X40.233 Y55.823 E.56805
G1 X40.63 Y65.14 E.30934
G1 X40.276 Y78.973 E.45903
G1 X39.513 Y86.679 E.25687
G1 X39.513 Y101.754 E.50005
G1 X32.563 Y101.138 E.23142
G1 X26.729 Y100.568 E.19445
G1 X26.729 Y29.708 E2.35054
G1 X32.43 Y29.151 E.19
G1 X37.237 Y28.707 E.16015
G1 X40.133 Y28.471 E.09637
G1 X40.166 Y37.676 E.30534
G1 X40.17 Y38.678 E.03325
M204 S2000
G1 X39.972 Y29.413 F18000
;TYPE:Internal solid infill
;WIDTH:0.420591
G1 F6000
G1 X39.423 Y28.863 E.02393
G1 X38.929 Y28.904 E.01525
G1 X39.804 Y29.779 E.0381
G1 X39.806 Y30.315 E.0165
G1 X38.435 Y28.944 E.05967
G1 X37.941 Y28.984 E.01525
G1 X39.808 Y30.851 E.08125
G1 X39.81 Y31.387 E.0165
G1 X37.447 Y29.025 E.10283
G1 X36.957 Y29.068 E.01516
G1 X39.812 Y31.923 E.12427
G1 X39.814 Y32.459 E.0165
G1 X36.468 Y29.113 E.14564
G1 X35.979 Y29.158 E.01511
G1 X39.816 Y32.996 E.16701
G1 X39.818 Y33.532 E.0165
G1 X35.49 Y29.203 E.18837
G1 X35.001 Y29.249 E.01511
G1 X39.82 Y34.068 E.20974
G1 X39.822 Y34.604 E.0165
G1 X34.512 Y29.294 E.23111
G1 X34.023 Y29.339 E.01511
G1 X39.824 Y35.14 E.25248
G1 X39.826 Y35.676 E.0165
G1 X33.534 Y29.384 E.27384
G1 X33.045 Y29.429 E.01511
G1 X39.828 Y36.212 E.29521
G1 X39.83 Y36.748 E.0165
G1 X32.556 Y29.474 E.31658
G1 X32.069 Y29.521 E.01506
G1 X39.831 Y37.284 E.33786
G1 X39.833 Y37.82 E.0165
G1 X31.582 Y29.569 E.35912
G1 X31.096 Y29.616 E.01504
G1 X39.835 Y38.356 E.38038
G1 X39.837 Y38.892 E.0165
G1 X30.609 Y29.664 E.40164
G1 X30.123 Y29.712 E.01504
G1 X39.839 Y39.428 E.42291
G1 X39.841 Y39.964 E.0165
G1 X29.636 Y29.759 E.44417
G1 X29.15 Y29.807 E.01504
G1 X39.843 Y40.501 E.46543
G1 X39.845 Y41.037 E.0165
G1 X28.663 Y29.854 E.48669
G1 X28.176 Y29.902 E.01504
G1 X39.847 Y41.573 E.50795
G1 X39.849 Y42.109 E.0165
G1 X27.69 Y29.949 E.52922
G1 X27.203 Y29.997 E.01504
G1 X39.851 Y42.645 E.55048
G1 X39.853 Y43.181 E.0165
G1 X27.062 Y30.39 E.5567
G1 X27.062 Y30.924 E.01644
G1 X39.855 Y43.717 E.55679
G1 X39.857 Y44.253 E.0165
G1 X27.062 Y31.458 E.55687
G1 X27.062 Y31.992 E.01644
G1 X39.859 Y44.789 E.55696
G1 X39.861 Y45.325 E.0165
G1 X27.062 Y32.527 E.55705
G1 X27.062 Y33.061 E.01644
G1 X39.863 Y45.862 E.55713
G1 X39.865 Y46.398 E.0165
G1 X27.062 Y33.595 E.55722
G1 X27.062 Y34.129 E.01644
G1 X39.867 Y46.934 E.55731
G1 X39.869 Y47.47 E.0165
G1 X27.062 Y34.663 E.55739
G1 X27.062 Y35.197 E.01644
G1 X39.871 Y48.006 E.55748
G1 X39.873 Y48.542 E.0165
G1 X27.062 Y35.731 E.55757
G1 X27.062 Y36.265 E.01644
G1 X39.875 Y49.078 E.55765
G1 X39.877 Y49.614 E.0165
G1 X27.062 Y36.799 E.55774
G1 X27.062 Y37.333 E.01644
G1 X39.879 Y50.15 E.55782
G1 X39.881 Y50.686 E.0165
G1 X27.062 Y37.868 E.55791
G1 X27.062 Y38.402 E.01644
G1 X39.883 Y51.222 E.558
G1 X39.885 Y51.759 E.0165
G1 X27.062 Y38.936 E.55808
G1 X27.062 Y39.47 E.01644
G1 X39.887 Y52.295 E.55817
G1 X39.889 Y52.831 E.0165
G1 X27.062 Y40.004 E.55826
G1 X27.062 Y40.538 E.01644
G1 X39.891 Y53.367 E.55834
G1 X39.893 Y53.903 E.0165
G1 X27.062 Y41.072 E.55843
G1 X27.062 Y41.606 E.01644
G1 X39.895 Y54.439 E.55852
G1 X39.897 Y54.975 E.0165
G1 X27.062 Y42.14 E.5586
G1 X27.062 Y42.675 E.01644
G1 X39.899 Y55.511 E.55869
G1 X39.91 Y56.056 E.01677
G1 X27.062 Y43.209 E.55916
G1 X27.062 Y43.743 E.01644
G1 X39.934 Y56.614 E.56019
G1 X39.957 Y57.172 E.01718
G1 X27.062 Y44.277 E.56122
G1 X27.062 Y44.811 E.01644
G1 X39.981 Y57.73 E.56226
G1 X40.005 Y58.287 E.01718
G1 X27.062 Y45.345 E.56329
G1 X27.062 Y45.879 E.01644
G1 X40.028 Y58.845 E.56432
G1 X40.052 Y59.403 E.01718
G1 X27.062 Y46.413 E.56535
G1 X27.062 Y46.947 E.01644
G1 X40.076 Y59.961 E.56639
G1 X40.1 Y60.519 E.01718
G1 X27.062 Y47.482 E.56742
G1 X27.062 Y48.016 E.01644
G1 X40.123 Y61.077 E.56845
G1 X40.147 Y61.634 E.01718
G1 X27.062 Y48.55 E.56948
G1 X27.062 Y49.084 E.01644
G1 X40.171 Y62.192 E.57052
G1 X40.195 Y62.75 E.01718
G1 X27.062 Y49.618 E.57155
G1 X27.062 Y50.152 E.01644
G1 X40.218 Y63.308 E.57258
G1 X40.242 Y63.866 E.01718
G1 X27.062 Y50.686 E.57361
G1 X27.062 Y51.22 E.01644
G1 X40.266 Y64.424 E.57465
G1 X40.289 Y64.981 E.01718
G1 X27.062 Y51.754 E.57568
G1 X27.062 Y52.288 E.01644
G1 X40.287 Y65.513 E.57557
G1 X40.273 Y66.034 E.01603
G1 X27.062 Y52.823 E.57499
G1 X27.062 Y53.357 E.01644
G1 X40.26 Y66.554 E.57441
G1 X40.247 Y67.075 E.01603
G1 X27.062 Y53.891 E.57383
G1 X27.062 Y54.425 E.01644
G1 X40.234 Y67.596 E.57325
G1 X40.22 Y68.117 E.01603
G1 X27.062 Y54.959 E.57267
G1 X27.062 Y55.493 E.01644
G1 X40.207 Y68.638 E.57209
G1 X40.194 Y69.158 E.01603
G1 X27.062 Y56.027 E.57151
G1 X27.062 Y56.561 E.01644
G1 X40.18 Y69.679 E.57093
G1 X40.167 Y70.2 E.01603
G1 X27.062 Y57.095 E.57035
G1 X27.062 Y57.63 E.01644
G1 X40.154 Y70.721 E.56977
G1 X40.14 Y71.242 E.01603
G1 X27.062 Y58.164 E.56919
G1 X27.062 Y58.698 E.01644
G1 X40.127 Y71.762 E.56861
G1 X40.114 Y72.283 E.01603
G1 X27.062 Y59.232 E.56803
G1 X27.062 Y59.766 E.01644
G1 X40.1 Y72.804 E.56745
G1 X40.087 Y73.325 E.01603
G1 X27.062 Y60.3 E.56687
G1 X27.062 Y60.834 E.01644
G1 X40.074 Y73.846 E.56629
G1 X40.06 Y74.366 E.01603
G1 X27.062 Y61.368 E.56571
G1 X27.062 Y61.902 E.01644
G1 X40.047 Y74.887 E.56513
G1 X40.034 Y75.408 E.01603
G1 X27.062 Y62.437 E.56455
G1 X27.062 Y62.971 E.01644
G1 X40.02 Y75.929 E.56398
G1 X40.007 Y76.45 E.01603
G1 X27.062 Y63.505 E.5634
G1 X27.062 Y64.039 E.01644
G1 X39.994 Y76.97 E.56282
G1 X39.981 Y77.491 E.01603
G1 X27.062 Y64.573 E.56224
G1 X27.062 Y65.107 E.01644
G1 X39.967 Y78.012 E.56166
G1 X39.954 Y78.533 E.01603
G1 X27.062 Y65.641 E.56108
G1 X27.062 Y66.175 E.01644
G1 X39.934 Y79.047 E.5602
G1 X39.886 Y79.533 E.01503
G1 X27.062 Y66.709 E.55811
G1 X27.062 Y67.243 E.01644
G1 X39.838 Y80.019 E.55601
G1 X39.789 Y80.505 E.01503
G1 X27.062 Y67.778 E.55392
G1 X27.062 Y68.312 E.01644
G1 X39.741 Y80.991 E.55182
G1 X39.693 Y81.477 E.01503
G1 X27.062 Y68.846 E.54973
G1 X27.062 Y69.38 E.01644
G1 X39.645 Y81.963 E.54763
G1 X39.597 Y82.449 E.01503
G1 X27.062 Y69.914 E.54554
G1 X27.062 Y70.448 E.01644
G1 X39.549 Y82.934 E.54344
G1 X39.501 Y83.42 E.01503
G1 X27.062 Y70.982 E.54135
G1 X27.062 Y71.516 E.01644
G1 X39.452 Y83.906 E.53925
G1 X39.404 Y84.392 E.01503
G1 X27.062 Y72.05 E.53716
G1 X27.062 Y72.585 E.01644
G1 X39.356 Y84.878 E.53506
G1 X39.308 Y85.364 E.01503
G1 X27.062 Y73.119 E.53297
G1 X27.062 Y73.653 E.01644
G1 X39.26 Y85.85 E.53087
G1 X39.212 Y86.336 E.01503
G1 X27.062 Y74.187 E.52878
G1 X27.062 Y74.721 E.01644
G1 X39.179 Y86.838 E.52737
G1 X39.179 Y87.372 E.01644
G1 X27.062 Y75.255 E.52737
G1 X27.062 Y75.789 E.01644
G1 X39.179 Y87.906 E.52737
G1 X39.179 Y88.44 E.01644
G1 X27.062 Y76.323 E.52737
G1 X27.062 Y76.857 E.01644
G1 X39.179 Y88.974 E.52737
G1 X39.179 Y89.509 E.01644
G1 X27.062 Y77.392 E.52737
G1 X27.062 Y77.926 E.01644
G1 X39.179 Y90.043 E.52737
G1 X39.179 Y90.577 E.01644
G1 X27.062 Y78.46 E.52737
G1 X27.062 Y78.994 E.01644
G1 X39.179 Y91.111 E.52737
G1 X39.179 Y91.645 E.01644
G1 X27.062 Y79.528 E.52737
G1 X27.062 Y80.062 E.01644
G1 X39.179 Y92.179 E.52737
G1 X39.179 Y92.713 E.01644
G1 X27.062 Y80.596 E.52737
G1 X27.062 Y81.13 E.01644
G1 X39.179 Y93.247 E.52737
G1 X39.179 Y93.781 E.01644
G1 X27.062 Y81.664 E.52737
G1 X27.062 Y82.199 E.01644
G1 X39.179 Y94.316 E.52737
G1 X39.179 Y94.85 E.01644
G1 X27.062 Y82.733 E.52737
G1 X27.062 Y83.267 E.01644
G1 X39.179 Y95.384 E.52737
G1 X39.179 Y95.918 E.01644
G1 X27.062 Y83.801 E.52737
G1 X27.062 Y84.335 E.01644
G1 X39.179 Y96.452 E.52737
G1 X39.179 Y96.986 E.01644
G1 X27.062 Y84.869 E.52737
G1 X27.062 Y85.403 E.01644
G1 X39.179 Y97.52 E.52737
G1 X39.179 Y98.054 E.01644
G1 X27.062 Y85.937 E.52737
G1 X27.062 Y86.471 E.01644
G1 X39.179 Y98.588 E.52737
G1 X39.179 Y99.123 E.01644
G1 X27.062 Y87.005 E.52737
G1 X27.062 Y87.54 E.01644
G1 X39.179 Y99.657 E.52737
G1 X39.179 Y100.191 E.01644
G1 X27.062 Y88.074 E.52737
G1 X27.062 Y88.608 E.01644
G1 X39.179 Y100.725 E.52737
G1 X39.179 Y101.259 E.01644
G1 X27.062 Y89.142 E.52737
G1 X27.062 Y89.676 E.01644
G1 X38.737 Y101.35 E.5081
G1 X38.151 Y101.298 E.0181
G1 X27.062 Y90.21 E.48259
G1 X27.062 Y90.744 E.01644
G1 X37.565 Y101.247 E.45709
G1 X36.979 Y101.195 E.0181
G1 X27.062 Y91.278 E.43159
G1 X27.062 Y91.812 E.01644
G1 X36.393 Y101.143 E.40608
G1 X35.807 Y101.091 E.0181
G1 X27.062 Y92.347 E.38058
G1 X27.062 Y92.881 E.01644
G1 X35.221 Y101.039 E.35507
G1 X34.635 Y100.987 E.0181
G1 X27.062 Y93.415 E.32957
G1 X27.062 Y93.949 E.01644
G1 X34.049 Y100.935 E.30406
G1 X33.463 Y100.883 E.0181
G1 X27.062 Y94.483 E.27856
G1 X27.062 Y95.017 E.01644
G1 X32.877 Y100.831 E.25306
G1 X32.288 Y100.776 E.01821
G1 X27.062 Y95.551 E.22742
G1 X27.062 Y96.085 E.01644
G1 X31.696 Y100.719 E.20165
G1 X31.104 Y100.661 E.0183
G1 X27.062 Y96.619 E.17589
G1 X27.062 Y97.154 E.01644
G1 X30.512 Y100.603 E.15013
G1 X29.92 Y100.545 E.0183
G1 X27.062 Y97.688 E.12436
G1 X27.062 Y98.222 E.01644
G1 X29.328 Y100.487 E.0986
G1 X28.736 Y100.429 E.0183
G1 X27.062 Y98.756 E.07284
G1 X27.062 Y99.29 E.01644
G1 X28.144 Y100.372 E.04707
G1 X27.552 Y100.314 E.0183
G1 X26.893 Y99.654 E.02869
G1 E-.8 F3600
G1 X109.827 Y64.624 F18000
G1 E.8 F3600
M204 S1000
;TYPE:Top surface
;WIDTH:0.42069
G1 X110.622 Y65.419 E.03461
M204 S2000
G1 X110.208 Y65.538 F18000
M204 S1000
G1 F3600
G1 X109.077 Y64.408 E.04921
M204 S2000
G1 X108.327 Y64.192 F18000
M204 S1000
G1 F3600
G1 X109.793 Y65.658 E.06381
M204 S2000
G1 X109.378 Y65.777 F18000
M204 S1000
G1 F3600
G1 X107.577 Y63.976 E.07841
M204 S2000
G1 X106.827 Y63.761 F18000
M204 S1000
G1 F3600
G1 X108.964 Y65.897 E.09301
M204 S2000
G1 X108.549 Y66.017 F18000
M204 S1000
G1 F3600
G1 X106.077 Y63.545 E.10761
M204 S2000
G1 X105.327 Y63.329 F18000
M204 S1000
G1 F3600
G1 X108.135 Y66.136 E.1222
M204 S2000
G1 X107.72 Y66.256 F18000
M204 S1000
G1 F3600
G1 X104.577 Y63.113 E.1368
M204 S2000
G1 X103.827 Y62.898 F18000
M204 S1000
G1 F3600
G1 X107.305 Y66.375 E.1514
M204 S2000
G1 X106.891 Y66.495 F18000
M204 S1000
G1 F3600
G1 X103.077 Y62.682 E.166
M204 S2000
G1 X102.328 Y62.466 F18000
M204 S1000
G1 F3600
G1 X106.476 Y66.615 E.1806
M204 S2000
G1 X106.061 Y66.734 F18000
M204 S1000
G1 F3600
G1 X101.578 Y62.25 E.1952
M204 S2000
G1 X100.828 Y62.035 F18000
M204 S1000
G1 F3600
G1 X105.647 Y66.854 E.20979
M204 S2000
G1 X105.232 Y66.973 F18000
M204 S1000
G1 F3600
G1 X100.078 Y61.819 E.22439
M204 S2000
G1 X99.328 Y61.603 F18000
M204 S1000
G1 F3600
G1 X104.817 Y67.093 E.23899
M204 S2000
G1 X104.403 Y67.213 F18000
M204 S1000
G1 F3600
G1 X98.578 Y61.387 E.25359
M204 S2000
G1 X97.828 Y61.172 F18000
M204 S1000
G1 F3600
G1 X103.988 Y67.332 E.26819
M204 S2000
G1 X103.573 Y67.452 F18000
M204 S1000
G1 F3600
G1 X97.078 Y60.956 E.28279
M204 S2000
G1 X96.328 Y60.74 F18000
M204 S1000
G1 F3600
G1 X103.159 Y67.571 E.29738
M204 S2000
G1 X102.744 Y67.691 F18000
M204 S1000
G1 F3600
G1 X95.578 Y60.525 E.31198
M204 S2000
G1 X94.828 Y60.309 F18000
M204 S1000
G1 F3600
G1 X102.329 Y67.81 E.32658
M204 S2000
G1 X101.915 Y67.93 F18000
M204 S1000
G1 F3600
G1 X94.078 Y60.093 E.34118
M204 S2000
G1 X93.328 Y59.877 F18000
M204 S1000
G1 F3600
G1 X101.5 Y68.05 E.35578
M204 S2000
G1 X101.085 Y68.169 F18000
M204 S1000
G1 F3600
G1 X92.578 Y59.662 E.37038
M204 S2000
G1 X91.828 Y59.446 F18000
M204 S1000
G1 F3600
G1 X100.671 Y68.289 E.38497
M204 S2000
G1 X100.256 Y68.408 F18000
M204 S1000
G1 F3600
G1 X91.078 Y59.23 E.39957
M204 S2000
G1 X90.328 Y59.014 F18000
M204 S1000
G1 F3600
G1 X99.841 Y68.528 E.41417
M204 S2000
G1 X99.427 Y68.648 F18000
M204 S1000
G1 F3600
G1 X89.578 Y58.799 E.42877
M204 S2000
G1 X88.828 Y58.583 F18000
M204 S1000
G1 F3600
G1 X99.012 Y68.767 E.44337
M204 S2000
G1 X98.597 Y68.887 F18000
M204 S1000
G1 F3600
G1 X88.078 Y58.367 E.45797
M204 S2000
G1 X87.328 Y58.151 F18000
M204 S1000
G1 F3600
G1 X98.183 Y69.006 E.47257
M204 S2000
G1 X97.768 Y69.126 F18000
M204 S1000
G1 F3600
G1 X86.578 Y57.936 E.48716
M204 S2000
G1 X85.828 Y57.72 F18000
M204 S1000
G1 F3600
G1 X97.353 Y69.246 E.50176
M204 S2000
G1 X96.939 Y69.365 F18000
M204 S1000
G1 F3600
G1 X85.078 Y57.504 E.51636
M204 S2000
G1 X84.328 Y57.288 F18000
M204 S1000
G1 F3600
G1 X96.524 Y69.485 E.53096
M204 S2000
G1 X96.11 Y69.604 F18000
M204 S1000
G1 F3600
G1 X83.578 Y57.073 E.54556
M204 S2000
G1 X82.828 Y56.857 F18000
M204 S1000
G1 F3600
G1 X95.695 Y69.724 E.56016
M204 S2000
G1 X95.28 Y69.844 F18000
M204 S1000
G1 F3600
G1 X82.078 Y56.641 E.57475
M204 S2000
G1 X81.328 Y56.426 F18000
M204 S1000
G1 F3600
G1 X94.866 Y69.963 E.58935
M204 S2000
G1 X94.451 Y70.083 F18000
M204 S1000
G1 F3600
G1 X80.578 Y56.21 E.60395
M204 S2000
G1 X79.828 Y55.994 F18000
M204 S1000
G1 F3600
G1 X94.036 Y70.202 E.61855
M204 S2000
G1 X93.622 Y70.322 F18000
M204 S1000
G1 F3600
G1 X79.234 Y55.934 E.62636
M204 S2000
G1 X78.708 Y55.942 F18000
M204 S1000
G1 F3600
G1 X93.207 Y70.442 E.63122
M204 S2000
G1 X92.792 Y70.561 F18000
M204 S1000
G1 F3600
G1 X77.587 Y55.356 E.66193
M204 S2000
G1 X77.063 Y55.366 F18000
M204 S1000
G1 F3600
G1 X92.378 Y70.681 E.66671
M204 S2000
G1 X91.963 Y70.8 F18000
M204 S1000
G1 F3600
G1 X76.538 Y55.376 E.6715
M204 S2000
G1 X76.014 Y55.386 F18000
M204 S1000
G1 F3600
G1 X91.548 Y70.92 E.67628
M204 S2000
G1 X91.134 Y71.039 F18000
M204 S1000
G1 F3600
G1 X75.49 Y55.395 E.68106
M204 S2000
G1 X74.965 Y55.405 F18000
M204 S1000
G1 F3600
G1 X90.719 Y71.159 E.68584
M204 S2000
G1 X90.304 Y71.279 F18000
M204 S1000
G1 F3600
G1 X74.087 Y55.061 E.70601
M204 S2000
G1 E-.8
G1 X72.763 Y54.272 F18000
G1 E.8 F3600
M204 S1000
G1 X89.89 Y71.398 E.74559
M204 S2000
G1 X89.475 Y71.518 F18000
M204 S1000
G1 F3600
G1 X72.243 Y54.286 E.75018
M204 S2000
G1 E-.8
G1 X68.439 Y26.975 F18000
G1 E.8 F3600
M204 S1000
G1 X67.768 Y26.304 E.02921
M204 S2000
G1 X67.263 Y26.333 F18000
M204 S1000
G1 F3600
G1 X68.415 Y27.486 E.05018
M204 S2000
G1 X68.392 Y27.996 F18000
M204 S1000
G1 F3600
G1 X66.758 Y26.362 E.07114
M204 S2000
G1 X66.252 Y26.391 F18000
M204 S1000
G1 F3600
G1 X68.368 Y28.506 E.0921
M204 S2000
G1 X68.344 Y29.017 F18000
M204 S1000
G1 F3600
G1 X65.747 Y26.42 E.11306
M204 S2000
G1 X65.241 Y26.449 F18000
M204 S1000
G1 F3600
G1 X68.32 Y29.527 E.13402
M204 S2000
G1 X68.296 Y30.038 F18000
M204 S1000
G1 F3600
G1 X64.736 Y26.478 E.15498
M204 S2000
G1 X64.231 Y26.506 F18000
M204 S1000
G1 F3600
G1 X68.272 Y30.548 E.17595
M204 S2000
G1 X68.248 Y31.058 F18000
M204 S1000
G1 F3600
G1 X63.725 Y26.535 E.19691
M204 S2000
G1 X63.22 Y26.564 F18000
M204 S1000
G1 F3600
G1 X68.225 Y31.569 E.21787
M204 S2000
G1 X68.201 Y32.079 F18000
M204 S1000
G1 F3600
G1 X62.715 Y26.593 E.23883
M204 S2000
G1 X62.209 Y26.622 F18000
M204 S1000
G1 F3600
G1 X68.177 Y32.59 E.25979
M204 S2000
G1 X68.153 Y33.1 F18000
M204 S1000
G1 F3600
G1 X61.704 Y26.651 E.28075
M204 S2000
G1 X61.199 Y26.68 F18000
M204 S1000
G1 F3600
G1 X68.129 Y33.61 E.3017
M204 S2000
G1 X68.105 Y34.121 F18000
M204 S1000
G1 F3600
G1 X60.696 Y26.711 E.32257
M204 S2000
G1 X60.193 Y26.742 F18000
M204 S1000
G1 F3600
G1 X68.081 Y34.631 E.34344
M204 S2000
G1 X68.058 Y35.142 F18000
M204 S1000
G1 F3600
G1 X59.689 Y26.773 E.36431
M204 S2000
G1 X59.186 Y26.804 F18000
M204 S1000
G1 F3600
G1 X68.034 Y35.652 E.38517
M204 S2000
G1 X68.01 Y36.162 F18000
M204 S1000
G1 F3600
G1 X58.683 Y26.835 E.40604
M204 S2000
G1 X58.18 Y26.866 F18000
M204 S1000
G1 F3600
G1 X67.986 Y36.673 E.42691
M204 S2000
G1 X67.962 Y37.183 F18000
M204 S1000
G1 F3600
G1 X57.677 Y26.898 E.44778
M204 S2000
G1 X57.173 Y26.929 F18000
M204 S1000
G1 F3600
G1 X67.991 Y37.747 E.47095
M204 S2000
G1 X68.042 Y38.332 F18000
M204 S1000
G1 F3600
G1 X56.67 Y26.96 E.49507
M204 S2000
G1 X56.168 Y26.992 F18000
M204 S1000
G1 F3600
G1 X68.093 Y38.917 E.51914
M204 S2000
G1 X68.144 Y39.502 F18000
M204 S1000
G1 F3600
G1 X55.667 Y27.025 E.54317
M204 S2000
G1 X55.166 Y27.058 F18000
M204 S1000
G1 F3600
G1 X68.195 Y40.087 E.56719
M204 S2000
G1 X68.246 Y40.672 F18000
M204 S1000
G1 F3600
G1 X54.665 Y27.092 E.59122
M204 S2000
G1 X54.164 Y27.125 F18000
M204 S1000
G1 F3600
G1 X68.297 Y41.257 E.61525
M204 S2000
G1 X68.347 Y41.842 F18000
M204 S1000
G1 F3600
G1 X53.663 Y27.158 E.63927
M204 S2000
G1 X53.162 Y27.191 F18000
M204 S1000
G1 F3600
G1 X68.398 Y42.427 E.6633
M204 S2000
G1 X68.449 Y43.012 F18000
M204 S1000
G1 F3600
G1 X52.661 Y27.224 E.68733
M204 S2000
G1 X52.16 Y27.258 F18000
M204 S1000
G1 F3600
G1 X68.5 Y43.598 E.71135
M204 S2000
G1 X68.551 Y44.183 F18000
M204 S1000
G1 F3600
G1 X51.659 Y27.291 E.73538
M204 S2000
G1 X51.161 Y27.327 F18000
M204 S1000
G1 F3600
G1 X68.602 Y44.768 E.75928
M204 S2000
G1 X68.712 Y45.412 F18000
M204 S1000
G1 F3600
G1 X50.663 Y27.363 E.78578
M204 S2000
G1 X50.164 Y27.399 F18000
M204 S1000
G1 F3600
G1 X68.832 Y46.066 E.81267
M204 S2000
G1 X68.951 Y46.72 F18000
M204 S1000
G1 F3600
G1 X49.666 Y27.435 E.83956
M204 S2000
G1 X49.168 Y27.471 F18000
M204 S1000
G1 F3600
G1 X69.071 Y47.374 E.86645
M204 S2000
G1 X69.19 Y48.028 F18000
M204 S1000
G1 F3600
G1 X48.67 Y27.507 E.89334
M204 S2000
G1 X48.172 Y27.544 F18000
M204 S1000
G1 F3600
G1 X69.444 Y48.816 E.92608
M204 S2000
G1 E-.8
G1 X70.444 Y50.35 F18000
G1 E.8 F3600
M204 S1000
G1 X47.674 Y27.58 E.99129
M204 S2000
G1 X47.176 Y27.616 F18000
M204 S1000
G1 F3600
G1 X71.191 Y51.631 E1.04548
M204 S2000
G1 X71.237 Y52.211 F18000
M204 S1000
G1 F3600
G1 X46.679 Y27.653 E1.06912
M204 S2000
G1 X46.185 Y27.693 F18000
M204 S1000
G1 F3600
G1 X71.283 Y52.792 E1.09265
M204 S2000
G1 X71.644 Y53.687 F18000
M204 S1000
G1 F3600
G1 X45.691 Y27.734 E1.12984
M204 S2000
G1 X45.197 Y27.774 F18000
M204 S1000
G1 F3600
G1 X89.06 Y71.637 E1.90956
M204 S2000
G1 X88.646 Y71.757 F18000
M204 S1000
G1 F3600
G1 X44.703 Y27.814 E1.91301
M204 S2000
G1 X44.209 Y27.855 F18000
M204 S1000
G1 F3600
G1 X88.231 Y71.877 E1.91647
M204 S2000
G1 X87.816 Y71.996 F18000
M204 S1000
G1 F3600
G1 X43.715 Y27.895 E1.91992
M204 S2000
G1 X43.221 Y27.935 F18000
M204 S1000
G1 F3600
G1 X87.402 Y72.116 E1.92337
M204 S2000
G1 X86.987 Y72.235 F18000
M204 S1000
G1 F3600
G1 X42.727 Y27.976 E1.92682
M204 S2000
G1 X42.233 Y28.016 F18000
M204 S1000
G1 F3600
G1 X86.572 Y72.355 E1.93027
M204 S2000
G1 X86.158 Y72.475 F18000
M204 S1000
G1 F3600
G1 X41.74 Y28.056 E1.93372
M204 S2000
G1 X41.246 Y28.097 F18000
M204 S1000
G1 F3600
G1 X85.743 Y72.594 E1.93717
M204 S2000
G1 X85.328 Y72.714 F18000
M204 S1000
G1 F3600
G1 X40.752 Y28.137 E1.94062
M204 S2000
G1 X40.258 Y28.177 F18000
M204 S1000
G1 F3600
G1 X84.914 Y72.833 E1.94408
M204 S2000
G1 X84.499 Y72.953 F18000
M204 S1000
G1 F3600
G1 X40.258 Y28.712 E1.92602
M204 S2000
G1 X40.26 Y29.248 F18000
M204 S1000
G1 F3600
G1 X84.085 Y73.073 E1.90788
M204 S2000
G1 X83.67 Y73.192 F18000
M204 S1000
G1 F3600
G1 X40.262 Y29.784 E1.88974
M204 S2000
G1 X40.264 Y30.32 F18000
M204 S1000
G1 F3600
G1 X83.255 Y73.312 E1.87161
M204 S2000
G1 X82.841 Y73.431 F18000
M204 S1000
G1 F3600
G1 X40.266 Y30.856 E1.85347
M204 S2000
G1 X40.268 Y31.393 F18000
M204 S1000
G1 F3600
G1 X82.426 Y73.551 E1.83533
M204 S2000
G1 X82.011 Y73.671 F18000
M204 S1000
G1 F3600
G1 X40.27 Y31.929 E1.8172
M204 S2000
G1 X40.272 Y32.465 F18000
M204 S1000
G1 F3600
G1 X81.597 Y73.79 E1.79906
M204 S2000
G1 X81.182 Y73.91 F18000
M204 S1000
G1 F3600
G1 X40.274 Y33.001 E1.78092
M204 S2000
G1 X40.275 Y33.537 F18000
M204 S1000
G1 F3600
G1 X80.767 Y74.029 E1.76279
M204 S2000
G1 X80.353 Y74.149 F18000
M204 S1000
G1 F3600
G1 X40.277 Y34.074 E1.74465
M204 S2000
G1 X40.279 Y34.61 F18000
M204 S1000
G1 F3600
G1 X79.938 Y74.268 E1.72651
M204 S2000
G1 X79.475 Y74.34 F18000
M204 S1000
G1 F3600
G1 X40.281 Y35.146 E1.70626
M204 S2000
G1 X40.283 Y35.682 F18000
M204 S1000
G1 F3600
G1 X78.933 Y74.332 E1.68258
M204 S2000
G1 X78.391 Y74.324 F18000
M204 S1000
G1 F3600
G1 X40.285 Y36.219 E1.6589
M204 S2000
G1 X40.287 Y36.755 F18000
M204 S1000
G1 F3600
G1 X78.251 Y74.718 E1.65272
M204 S2000
G1 X77.919 Y74.921 F18000
M204 S1000
G1 F3600
G1 X40.289 Y37.291 E1.63819
M204 S2000
G1 X40.291 Y37.827 F18000
M204 S1000
G1 F3600
G1 X77.375 Y74.911 E1.61442
M204 S2000
G1 X76.831 Y74.901 F18000
M204 S1000
G1 F3600
G1 X40.293 Y38.363 E1.59064
M204 S2000
G1 X40.295 Y38.9 F18000
M204 S1000
G1 F3600
G1 X76.287 Y74.891 E1.56687
M204 S2000
G1 X75.742 Y74.881 F18000
M204 S1000
G1 F3600
G1 X40.297 Y39.436 E1.54309
M204 S2000
G1 X40.299 Y39.972 F18000
M204 S1000
G1 F3600
G1 X75.198 Y74.871 E1.51932
M204 S2000
G1 X74.693 Y74.9 F18000
M204 S1000
G1 F3600
G1 X40.301 Y40.508 E1.49721
M204 S2000
G1 X40.303 Y41.045 F18000
M204 S1000
G1 F3600
G1 X74.367 Y75.109 E1.48297
M204 S2000
G1 X74.042 Y75.318 F18000
M204 S1000
G1 F3600
G1 X40.305 Y41.581 E1.46873
M204 S2000
G1 X40.307 Y42.117 F18000
M204 S1000
G1 F3600
G1 X73.805 Y75.615 E1.45833
M204 S2000
G1 X73.609 Y75.953 F18000
M204 S1000
G1 F3600
G1 X40.309 Y42.653 E1.4497
M204 S2000
G1 X40.311 Y43.189 F18000
M204 S1000
G1 F3600
G1 X73.131 Y76.01 E1.42881
M204 S2000
G1 X72.582 Y75.995 F18000
M204 S1000
G1 F3600
G1 X40.313 Y43.726 E1.40483
M204 S2000
G1 X40.315 Y44.262 F18000
M204 S1000
G1 F3600
G1 X72.149 Y76.096 E1.38587
M204 S2000
G1 X71.922 Y76.403 F18000
M204 S1000
G1 F3600
G1 X40.317 Y44.798 E1.3759
M204 S2000
G1 X40.319 Y45.334 F18000
M204 S1000
G1 F3600
G1 X71.695 Y76.71 E1.36592
M204 S2000
G1 X71.468 Y77.017 F18000
M204 S1000
G1 F3600
G1 X40.321 Y45.871 E1.35595
M204 S2000
G1 X40.323 Y46.407 F18000
M204 S1000
G1 F3600
G1 X71.24 Y77.324 E1.34597
M204 S2000
G1 X71.013 Y77.631 F18000
M204 S1000
G1 F3600
G1 X40.325 Y46.943 E1.336
M204 S2000
G1 X40.327 Y47.479 F18000
M204 S1000
G1 F3600
G1 X70.786 Y77.939 E1.32602
M204 S2000
G1 X70.694 Y78.38 F18000
M204 S1000
G1 F3600
G1 X40.329 Y48.016 E1.32191
M204 S2000
G1 X40.331 Y48.552 F18000
M204 S1000
G1 F3600
G1 X70.633 Y78.854 E1.31919
M204 S2000
G1 X70.573 Y79.328 F18000
M204 S1000
G1 F3600
G1 X40.333 Y49.088 E1.31647
M204 S2000
G1 X40.335 Y49.624 F18000
M204 S1000
G1 F3600
G1 X70.512 Y79.802 E1.31375
M204 S2000
G1 X70.397 Y80.221 F18000
M204 S1000
G1 F3600
G1 X40.337 Y50.161 E1.30866
M204 S2000
G1 X40.339 Y50.697 F18000
M204 S1000
G1 F3600
G1 X70.186 Y80.544 E1.29939
M204 S2000
G1 X69.975 Y80.868 F18000
M204 S1000
G1 F3600
G1 X40.341 Y51.233 E1.29012
M204 S2000
G1 X40.343 Y51.769 F18000
M204 S1000
G1 F3600
G1 X69.764 Y81.191 E1.28085
M204 S2000
G1 X69.554 Y81.514 F18000
M204 S1000
G1 F3600
G1 X40.345 Y52.305 E1.27159
M204 S2000
G1 X40.347 Y52.842 F18000
M204 S1000
G1 F3600
G1 X69.399 Y81.894 E1.26478
M204 S2000
G1 X69.318 Y82.347 F18000
M204 S1000
G1 F3600
G1 X40.349 Y53.378 E1.26115
M204 S2000
G1 X40.351 Y53.914 F18000
M204 S1000
G1 F3600
G1 X69.236 Y82.8 E1.25752
M204 S2000
G1 X69.155 Y83.253 F18000
M204 S1000
G1 F3600
G1 X40.353 Y54.45 E1.25389
M204 S2000
G1 X40.355 Y54.987 F18000
M204 S1000
G1 F3600
G1 X69.074 Y83.706 E1.25026
M204 S2000
G1 X68.992 Y84.159 F18000
M204 S1000
G1 F3600
G1 X40.357 Y55.523 E1.24663
M204 S2000
G1 X40.368 Y56.069 F18000
M204 S1000
G1 F3600
G1 X68.911 Y84.611 E1.24258
M204 S2000
G1 X68.83 Y85.064 F18000
M204 S1000
G1 F3600
G1 X40.392 Y56.627 E1.23801
M204 S2000
G1 X40.416 Y57.185 F18000
M204 S1000
G1 F3600
G1 X68.756 Y85.525 E1.23375
M204 S2000
G1 X68.715 Y86.018 F18000
M204 S1000
G1 F3600
G1 X40.44 Y57.743 E1.23096
M204 S2000
G1 X40.463 Y58.301 F18000
M204 S1000
G1 F3600
G1 X68.675 Y86.512 E1.22816
M204 S2000
G1 X68.634 Y87.006 F18000
M204 S1000
G1 F3600
G1 X40.487 Y58.859 E1.22537
M204 S2000
G1 X40.511 Y59.417 F18000
M204 S1000
G1 F3600
G1 X68.594 Y87.5 E1.22257
M204 S2000
G1 X68.553 Y87.993 F18000
M204 S1000
G1 F3600
G1 X40.535 Y59.975 E1.21978
M204 S2000
G1 X40.558 Y60.533 F18000
M204 S1000
G1 F3600
G1 X68.513 Y88.487 E1.21699
M204 S2000
G1 X68.472 Y88.981 F18000
M204 S1000
G1 F3600
G1 X40.582 Y61.091 E1.21419
M204 S2000
G1 X40.606 Y61.649 F18000
M204 S1000
G1 F3600
G1 X68.432 Y89.475 E1.2114
M204 S2000
G1 X68.391 Y89.969 F18000
M204 S1000
G1 F3600
G1 X40.629 Y62.207 E1.2086
M204 S2000
G1 X40.653 Y62.765 F18000
M204 S1000
G1 F3600
G1 X68.351 Y90.462 E1.20581
M204 S2000
G1 X68.311 Y90.956 F18000
M204 S1000
G1 F3600
G1 X40.677 Y63.323 E1.20301
M204 S2000
G1 X40.701 Y63.881 F18000
M204 S1000
G1 F3600
G1 X68.27 Y91.45 E1.20022
M204 S2000
G1 X68.23 Y91.944 F18000
M204 S1000
G1 F3600
G1 X40.724 Y64.439 E1.19742
M204 S2000
G1 X40.748 Y64.996 F18000
M204 S1000
G1 F3600
G1 X68.189 Y92.438 E1.19463
M204 S2000
G1 X68.149 Y92.931 F18000
M204 S1000
G1 F3600
G1 X40.744 Y65.527 E1.19304
M204 S2000
G1 X40.731 Y66.048 F18000
M204 S1000
G1 F3600
G1 X68.147 Y93.464 E1.19356
M204 S2000
G1 X68.147 Y93.998 F18000
M204 S1000
G1 F3600
G1 X40.718 Y66.569 E1.19413
M204 S2000
G1 X40.704 Y67.09 F18000
M204 S1000
G1 F3600
G1 X68.147 Y94.532 E1.1947
M204 S2000
G1 X68.147 Y95.066 F18000
M204 S1000
G1 F3600
G1 X40.691 Y67.611 E1.19527
M204 S2000
G1 X40.678 Y68.131 F18000
M204 S1000
G1 F3600
G1 X68.146 Y95.6 E1.19583
M204 S2000
G1 X68.146 Y96.134 F18000
M204 S1000
G1 F3600
G1 X40.664 Y68.652 E1.1964
M204 S2000
G1 X40.651 Y69.173 F18000
M204 S1000
G1 F3600
G1 X68.146 Y96.668 E1.19697
M204 S2000
G1 X68.146 Y97.202 F18000
M204 S1000
G1 F3600
G1 X40.638 Y69.694 E1.19754
M204 S2000
G1 X40.624 Y70.215 F18000
M204 S1000
G1 F3600
G1 X68.145 Y97.736 E1.19811
M204 S2000
G1 X68.145 Y98.27 F18000
M204 S1000
G1 F3600
G1 X40.611 Y70.736 E1.19868
M204 S2000
G1 X40.598 Y71.257 F18000
M204 S1000
G1 F3600
G1 X68.145 Y98.804 E1.19925
M204 S2000
G1 X68.145 Y99.338 F18000
M204 S1000
G1 F3600
G1 X40.584 Y71.778 E1.19982
M204 S2000
G1 X40.571 Y72.299 F18000
M204 S1000
G1 F3600
G1 X68.144 Y99.872 E1.20039
M204 S2000
G1 X68.144 Y100.406 F18000
M204 S1000
G1 F3600
G1 X40.558 Y72.82 E1.20096
M204 S2000
G1 X40.544 Y73.341 F18000
M204 S1000
G1 F3600
G1 X68.144 Y100.94 E1.20152
M204 S2000
G1 X68.144 Y101.474 F18000
M204 S1000
G1 F3600
G1 X40.531 Y73.862 E1.20209
M204 S2000
G1 X40.518 Y74.383 F18000
M204 S1000
G1 F3600
G1 X68.143 Y102.008 E1.20266
M204 S2000
G1 X68.143 Y102.542 F18000
M204 S1000
G1 F3600
G1 X40.504 Y74.904 E1.20323
M204 S2000
G1 X40.491 Y75.424 F18000
M204 S1000
G1 F3600
G1 X68.143 Y103.076 E1.2038
M204 S2000
G1 X68.143 Y103.61 F18000
M204 S1000
G1 F3600
G1 X40.478 Y75.945 E1.20437
M204 S2000
G1 X40.465 Y76.466 F18000
M204 S1000
G1 F3600
G1 X67.978 Y103.98 E1.1978
M204 S2000
G1 X67.412 Y103.948 F18000
M204 S1000
G1 F3600
G1 X40.451 Y76.987 E1.17372
M204 S2000
G1 X40.438 Y77.508 F18000
M204 S1000
G1 F3600
G1 X66.845 Y103.916 E1.14963
M204 S2000
G1 X66.279 Y103.883 F18000
M204 S1000
G1 F3600
G1 X40.425 Y78.029 E1.12554
M204 S2000
G1 X40.411 Y78.55 F18000
M204 S1000
G1 F3600
G1 X65.712 Y103.851 E1.10146
M204 S2000
G1 X65.146 Y103.819 F18000
M204 S1000
G1 F3600
G1 X40.392 Y79.065 E1.07763
M204 S2000
G1 X40.344 Y79.551 F18000
M204 S1000
G1 F3600
G1 X64.579 Y103.786 E1.05506
M204 S2000
G1 X64.012 Y103.754 F18000
M204 S1000
G1 F3600
G1 X40.296 Y80.037 E1.0325
M204 S2000
G1 X40.247 Y80.523 F18000
M204 S1000
G1 F3600
G1 X63.446 Y103.722 E1.00993
M204 S2000
G1 X62.879 Y103.689 F18000
M204 S1000
G1 F3600
G1 X40.199 Y81.009 E.98736
M204 S2000
G1 X40.151 Y81.495 F18000
M204 S1000
G1 F3600
G1 X62.313 Y103.657 E.96479
M204 S2000
G1 X61.746 Y103.625 F18000
M204 S1000
G1 F3600
G1 X40.103 Y81.982 E.94222
M204 S2000
G1 X40.055 Y82.468 F18000
M204 S1000
G1 F3600
G1 X61.179 Y103.592 E.91965
M204 S2000
G1 X60.613 Y103.56 F18000
M204 S1000
G1 F3600
G1 X40.007 Y82.954 E.89708
M204 S2000
G1 X39.959 Y83.44 F18000
M204 S1000
G1 F3600
G1 X60.046 Y103.528 E.87451
M204 S2000
G1 X59.48 Y103.495 F18000
M204 S1000
G1 F3600
G1 X39.91 Y83.926 E.85194
M204 S2000
G1 X39.862 Y84.412 F18000
M204 S1000
G1 F3600
G1 X58.912 Y103.462 E.82932
M204 S2000
G1 X58.34 Y103.424 F18000
M204 S1000
G1 F3600
G1 X39.814 Y84.898 E.80653
M204 S2000
G1 X39.766 Y85.384 F18000
M204 S1000
G1 F3600
G1 X57.769 Y103.387 E.78374
M204 S2000
G1 X57.197 Y103.35 F18000
M204 S1000
G1 F3600
G1 X39.718 Y85.87 E.76096
M204 S2000
G1 X39.67 Y86.356 F18000
M204 S1000
G1 F3600
G1 X56.626 Y103.312 E.73817
M204 S2000
G1 X56.054 Y103.275 F18000
M204 S1000
G1 F3600
G1 X39.637 Y86.858 E.7147
M204 S2000
G1 X39.637 Y87.392 F18000
M204 S1000
G1 F3600
G1 X55.482 Y103.238 E.68981
M204 S2000
G1 X54.911 Y103.2 F18000
M204 S1000
G1 F3600
G1 X39.637 Y87.927 E.66493
M204 S2000
G1 X39.637 Y88.461 F18000
M204 S1000
G1 F3600
G1 X54.339 Y103.163 E.64004
M204 S2000
G1 X53.768 Y103.126 F18000
M204 S1000
G1 F3600
G1 X39.637 Y88.995 E.61516
M204 S2000
G1 X39.637 Y89.529 F18000
M204 S1000
G1 F3600
G1 X53.196 Y103.088 E.59027
M204 S2000
G1 X52.624 Y103.051 F18000
M204 S1000
G1 F3600
G1 X39.637 Y90.064 E.56539
M204 S2000
G1 X39.637 Y90.598 F18000
M204 S1000
G1 F3600
G1 X52.053 Y103.013 E.5405
M204 S2000
G1 X51.478 Y102.973 F18000
M204 S1000
G1 F3600
G1 X39.637 Y91.132 E.51548
M204 S2000
G1 X39.637 Y91.666 F18000
M204 S1000
G1 F3600
G1 X50.9 Y102.93 E.49034
M204 S2000
G1 X50.323 Y102.886 F18000
M204 S1000
G1 F3600
G1 X39.637 Y92.201 E.4652
M204 S2000
G1 X39.637 Y92.735 F18000
M204 S1000
G1 F3600
G1 X49.745 Y102.843 E.44006
M204 S2000
G1 X49.168 Y102.8 F18000
M204 S1000
G1 F3600
G1 X39.637 Y93.269 E.41492
M204 S2000
G1 X39.637 Y93.803 F18000
M204 S1000
G1 F3600
G1 X48.591 Y102.757 E.38978
M204 S2000
G1 X48.013 Y102.714 F18000
M204 S1000
G1 F3600
G1 X39.637 Y94.338 E.36464
M204 S2000
G1 X39.637 Y94.872 F18000
M204 S1000
G1 F3600
G1 X47.436 Y102.67 E.3395
M204 S2000
G1 X46.858 Y102.627 F18000
M204 S1000
G1 F3600
G1 X39.637 Y95.406 E.31435
M204 S2000
G1 X39.637 Y95.94 F18000
M204 S1000
G1 F3600
G1 X46.279 Y102.582 E.28915
M204 S2000
G1 X45.7 Y102.538 F18000
M204 S1000
G1 F3600
G1 X39.637 Y96.475 E.26395
M204 S2000
G1 X39.637 Y97.009 F18000
M204 S1000
G1 F3600
G1 X45.121 Y102.493 E.23875
M204 S2000
G1 X44.542 Y102.448 F18000
M204 S1000
G1 F3600
G1 X39.637 Y97.543 E.21354
M204 S2000
G1 X39.637 Y98.077 F18000
M204 S1000
G1 F3600
G1 X43.963 Y102.404 E.18834
M204 S2000
G1 X43.384 Y102.359 F18000
M204 S1000
G1 F3600
G1 X39.637 Y98.612 E.16314
M204 S2000
G1 X39.637 Y99.146 F18000
M204 S1000
G1 F3600
G1 X42.806 Y102.314 E.13794
M204 S2000
G1 X42.227 Y102.27 F18000
M204 S1000
G1 F3600
G1 X39.637 Y99.68 E.11274
M204 S2000
G1 X39.637 Y100.214 F18000
M204 S1000
G1 F3600
G1 X41.643 Y102.22 E.08732
M204 S2000
G1 X41.059 Y102.17 F18000
M204 S1000
G1 F3600
G1 X39.637 Y100.749 E.06188
M204 S2000
G1 X39.637 Y101.283 F18000
M204 S1000
G1 F3600
G1 X40.474 Y102.12 E.03644
M204 S2000
G1 E-.8
G1 X69.55 Y49.16 F18000
G1 E.8 F3600
;TYPE:Gap infill
;WIDTH:0.101033
G1 F6000
G1 X69.449 Y49.036 E.00076
;WIDTH:0.113896
G1 X69.348 Y48.912 E.00092
G1 E-.8 F3600
G1 X70.55 Y50.694 F18000
G1 E.8 F3600
;WIDTH:0.101033
G1 F6000
G1 X70.449 Y50.57 E.00076
;WIDTH:0.113896
G1 X70.348 Y50.446 E.00092
G1 E-.8 F3600
G1 X71.851 Y54.131 F18000
G1 E.8 F3600
;WIDTH:0.102116
G1 F6000
G1 X71.7 Y53.956 E.00111
;WIDTH:0.116062
G1 X71.549 Y53.782 E.00138
G1 E-.8 F3600
G1 X73.744 Y54.958 F18000
G1 E.8 F3600
;WIDTH:0.107605
G1 F6000
G1 X73.623 Y54.803 E.00104
;WIDTH:0.146477
G1 X73.502 Y54.647 E.00166
;WIDTH:0.185349
G1 X73.381 Y54.492 E.00228
;WIDTH:0.204785
G1 X73.259 Y54.337 E.0026
G1 E-.8 F3600
G1 X73.991 Y55.157 F18000
G1 E.8 F3600
;WIDTH:0.1261
G1 F6000
G1 X73.874 Y55.063 E.00102
;WIDTH:0.113457
G1 X73.756 Y54.969 E.00086
; stop printing object USV 1 e2mm.stl_5 id:1 copy 0
; end of layer_num: 11, T: 0, print_z: 2.240000
M106 S214
;LAYER_CHANGE
;Z:2.44
;HEIGHT:0.2
; BEFORE_LAYER_CHANGE 11 @ 2.44mm
G92 E0
; AFTER_LAYER_CHANGE 11 @ 2.44mm
; start of layer_num: 12, T: 0, print_z: 2.440000
; printing object "USV 1 e2mm.stl_6_B" id:0 copy 0
G1 E-.8 F3600
G1 X36.153 Y194.26 Z2.44 F18000
G1 E.8 F3600
M204 S1000
;TYPE:Outer wall
;WIDTH:0.42
G1 F3000
G1 X33.162 Y193.989 E.09227
G1 X27.097 Y193.396 E.18727
G1 X27.097 Y121.827 E2.1991
G1 X32.85 Y121.265 E.17763
G1 X34.258 Y144.026 E.70073
G1 X34.697 Y149.773 E.17712
G1 X35.416 Y157.624 E.24225
G1 X35.45 Y163.557 E.18228
G1 X35.239 Y167.395 E.11812
G1 X35.361 Y176.248 E.27204
G1 X36.152 Y194.24 E.55339
G1 E-.8 F3600
M204 S2000
G1 X36.002 Y193.408 F18000
G1 E.8 F3600
M204 S1000
;TYPE:Top surface
;WIDTH:0.420229
G1 X35.337 Y194.073 E.02891
M204 S2000
G1 X34.848 Y194.028 F18000
M204 S1000
G1 F3600
G1 X35.98 Y192.897 E.0492
M204 S2000
G1 X35.957 Y192.385 F18000
M204 S1000
G1 F3600
G1 X34.359 Y193.984 E.0695
M204 S2000
G1 X33.87 Y193.94 F18000
M204 S1000
G1 F3600
G1 X35.935 Y191.874 E.0898
M204 S2000
G1 X35.912 Y191.363 F18000
M204 S1000
G1 F3600
G1 X33.38 Y193.895 E.1101
M204 S2000
G1 X32.893 Y193.849 F18000
M204 S1000
G1 F3600
G1 X35.89 Y190.852 E.13031
M204 S2000
G1 X35.867 Y190.341 F18000
M204 S1000
G1 F3600
G1 X32.407 Y193.801 E.15047
M204 S2000
G1 X31.921 Y193.754 F18000
M204 S1000
G1 F3600
G1 X35.845 Y189.83 E.17063
M204 S2000
G1 X35.822 Y189.319 F18000
M204 S1000
G1 F3600
G1 X31.435 Y193.706 E.19078
M204 S2000
G1 X30.949 Y193.659 F18000
M204 S1000
G1 F3600
G1 X35.8 Y188.808 E.21094
M204 S2000
G1 X35.777 Y188.296 F18000
M204 S1000
G1 F3600
G1 X30.463 Y193.611 E.2311
M204 S2000
G1 X29.977 Y193.564 F18000
M204 S1000
G1 F3600
G1 X35.755 Y187.785 E.25125
M204 S2000
G1 X35.733 Y187.274 F18000
M204 S1000
G1 F3600
G1 X29.491 Y193.516 E.27141
M204 S2000
G1 X29.005 Y193.469 F18000
M204 S1000
G1 F3600
G1 X35.71 Y186.763 E.29157
M204 S2000
G1 X35.688 Y186.252 F18000
M204 S1000
G1 F3600
G1 X28.519 Y193.421 E.31172
M204 S2000
G1 X28.032 Y193.373 F18000
M204 S1000
G1 F3600
G1 X35.665 Y185.741 E.33188
M204 S2000
G1 X35.643 Y185.23 F18000
M204 S1000
G1 F3600
G1 X27.546 Y193.326 E.35203
M204 S2000
G1 X27.21 Y193.129 F18000
M204 S1000
G1 F3600
G1 X35.62 Y184.718 E.36569
M204 S2000
G1 X35.598 Y184.207 F18000
M204 S1000
G1 F3600
G1 X27.21 Y192.595 E.36471
M204 S2000
G1 X27.21 Y192.062 F18000
M204 S1000
G1 F3600
G1 X35.575 Y183.696 E.36374
M204 S2000
G1 X35.553 Y183.185 F18000
M204 S1000
G1 F3600
G1 X27.21 Y191.528 E.36276
M204 S2000
G1 X27.21 Y190.994 F18000
M204 S1000
G1 F3600
G1 X35.53 Y182.674 E.36178
M204 S2000
G1 X35.508 Y182.163 F18000
M204 S1000
G1 F3600
G1 X27.21 Y190.461 E.36081
M204 S2000
G1 X27.21 Y189.927 F18000
M204 S1000
G1 F3600
G1 X35.485 Y181.652 E.35983
M204 S2000
G1 X35.463 Y181.141 F18000
M204 S1000
G1 F3600
G1 X27.21 Y189.394 E.35885
M204 S2000
G1 X27.21 Y188.86 F18000
M204 S1000
G1 F3600
G1 X35.44 Y180.629 E.35788
M204 S2000
G1 X35.418 Y180.118 F18000
M204 S1000
G1 F3600
G1 X27.21 Y188.326 E.3569
M204 S2000
G1 X27.21 Y187.793 F18000
M204 S1000
G1 F3600
G1 X35.396 Y179.607 E.35592
M204 S2000
G1 X35.373 Y179.096 F18000
M204 S1000
G1 F3600
G1 X27.21 Y187.259 E.35495
M204 S2000
G1 X27.21 Y186.726 F18000
M204 S1000
G1 F3600
G1 X35.351 Y178.585 E.35397
M204 S2000
G1 X35.328 Y178.074 F18000
M204 S1000
G1 F3600
G1 X27.21 Y186.192 E.35299
M204 S2000
G1 X27.21 Y185.658 F18000
M204 S1000
G1 F3600
G1 X35.306 Y177.563 E.35202
M204 S2000
G1 X35.283 Y177.052 F18000
M204 S1000
G1 F3600
G1 X27.21 Y185.125 E.35104
M204 S2000
G1 X27.21 Y184.591 F18000
M204 S1000
G1 F3600
G1 X35.261 Y176.54 E.35006
M204 S2000
G1 X35.245 Y176.023 F18000
M204 S1000
G1 F3600
G1 X27.21 Y184.058 E.34937
M204 S2000
G1 X27.21 Y183.524 F18000
M204 S1000
G1 F3600
G1 X35.238 Y175.496 E.34906
M204 S2000
G1 X35.23 Y174.97 F18000
M204 S1000
G1 F3600
G1 X27.21 Y182.99 E.34874
M204 S2000
G1 X27.21 Y182.457 F18000
M204 S1000
G1 F3600
G1 X35.223 Y174.444 E.34843
M204 S2000
G1 X35.216 Y173.917 F18000
M204 S1000
G1 F3600
G1 X27.21 Y181.923 E.34811
M204 S2000
G1 X27.21 Y181.39 F18000
M204 S1000
G1 F3600
G1 X35.209 Y173.391 E.3478
M204 S2000
G1 X35.201 Y172.865 F18000
M204 S1000
G1 F3600
G1 X27.21 Y180.856 E.34748
M204 S2000
G1 X27.21 Y180.323 F18000
M204 S1000
G1 F3600
G1 X35.194 Y172.338 E.34716
M204 S2000
G1 X35.187 Y171.812 F18000
M204 S1000
G1 F3600
G1 X27.21 Y179.789 E.34685
M204 S2000
G1 X27.21 Y179.255 F18000
M204 S1000
G1 F3600
G1 X35.18 Y171.286 E.34653
M204 S2000
G1 X35.172 Y170.759 F18000
M204 S1000
G1 F3600
G1 X27.21 Y178.722 E.34622
M204 S2000
G1 X27.21 Y178.188 F18000
M204 S1000
G1 F3600
G1 X35.165 Y170.233 E.3459
M204 S2000
G1 X35.158 Y169.707 F18000
M204 S1000
G1 F3600
G1 X27.21 Y177.655 E.34559
M204 S2000
G1 X27.21 Y177.121 F18000
M204 S1000
G1 F3600
G1 X35.151 Y169.18 E.34527
M204 S2000
G1 X35.143 Y168.654 F18000
M204 S1000
G1 F3600
G1 X27.21 Y176.587 E.34496
M204 S2000
G1 X27.21 Y176.054 F18000
M204 S1000
G1 F3600
G1 X35.136 Y168.128 E.34464
M204 S2000
G1 X35.129 Y167.601 F18000
M204 S1000
G1 F3600
G1 X27.21 Y175.52 E.34433
M204 S2000
G1 X27.21 Y174.987 F18000
M204 S1000
G1 F3600
G1 X35.145 Y167.052 E.34502
M204 S2000
G1 X35.176 Y166.487 F18000
M204 S1000
G1 F3600
G1 X27.21 Y174.453 E.34637
M204 S2000
G1 X27.21 Y173.919 F18000
M204 S1000
G1 F3600
G1 X35.207 Y165.922 E.34772
M204 S2000
G1 X35.238 Y165.358 F18000
M204 S1000
G1 F3600
G1 X27.21 Y173.386 E.34907
M204 S2000
G1 X27.21 Y172.852 F18000
M204 S1000
G1 F3600
G1 X35.269 Y164.793 E.35043
M204 S2000
G1 X35.3 Y164.228 F18000
M204 S1000
G1 F3600
G1 X27.21 Y172.319 E.35178
M204 S2000
G1 X27.21 Y171.785 F18000
M204 S1000
G1 F3600
G1 X35.331 Y163.664 E.35313
M204 S2000
G1 X35.335 Y163.126 F18000
M204 S1000
G1 F3600
G1 X27.21 Y171.251 E.35328
M204 S2000
G1 X27.21 Y170.718 F18000
M204 S1000
G1 F3600
G1 X35.332 Y162.596 E.35315
M204 S2000
G1 X35.329 Y162.065 F18000
M204 S1000
G1 F3600
G1 X27.21 Y170.184 E.35301
M204 S2000
G1 X27.21 Y169.651 F18000
M204 S1000
G1 F3600
G1 X35.326 Y161.535 E.35288
M204 S2000
G1 X35.322 Y161.004 F18000
M204 S1000
G1 F3600
G1 X27.21 Y169.117 E.35275
M204 S2000
G1 X27.21 Y168.583 F18000
M204 S1000
G1 F3600
G1 X35.319 Y160.474 E.35261
M204 S2000
G1 X35.316 Y159.943 F18000
M204 S1000
G1 F3600
G1 X27.21 Y168.05 E.35248
M204 S2000
G1 X27.21 Y167.516 F18000
M204 S1000
G1 F3600
G1 X35.313 Y159.413 E.35234
M204 S2000
G1 X35.31 Y158.882 F18000
M204 S1000
G1 F3600
G1 X27.21 Y166.983 E.35221
M204 S2000
G1 X27.21 Y166.449 F18000
M204 S1000
G1 F3600
G1 X35.307 Y158.352 E.35207
M204 S2000
G1 X35.304 Y157.821 F18000
M204 S1000
G1 F3600
G1 X27.21 Y165.915 E.35194
M204 S2000
G1 X27.21 Y165.382 F18000
M204 S1000
G1 F3600
G1 X35.274 Y157.318 E.35065
M204 S2000
G1 X35.229 Y156.829 F18000
M204 S1000
G1 F3600
G1 X27.21 Y164.848 E.3487
M204 S2000
G1 X27.21 Y164.315 F18000
M204 S1000
G1 F3600
G1 X35.185 Y156.34 E.34676
M204 S2000
G1 X35.14 Y155.851 F18000
M204 S1000
G1 F3600
G1 X27.21 Y163.781 E.34481
M204 S2000
G1 X27.21 Y163.247 F18000
M204 S1000
G1 F3600
G1 X35.095 Y155.362 E.34286
M204 S2000
G1 X35.05 Y154.873 F18000
M204 S1000
G1 F3600
G1 X27.21 Y162.714 E.34092
M204 S2000
G1 X27.21 Y162.18 F18000
M204 S1000
G1 F3600
G1 X35.006 Y154.384 E.33897
M204 S2000
G1 X34.961 Y153.896 F18000
M204 S1000
G1 F3600
G1 X27.21 Y161.647 E.33703
M204 S2000
G1 X27.21 Y161.113 F18000
M204 S1000
G1 F3600
G1 X34.916 Y153.407 E.33508
M204 S2000
G1 X34.872 Y152.918 F18000
M204 S1000
G1 F3600
G1 X27.21 Y160.579 E.33314
M204 S2000
G1 X27.21 Y160.046 F18000
M204 S1000
G1 F3600
G1 X34.827 Y152.429 E.33119
M204 S2000
G1 X34.782 Y151.94 F18000
M204 S1000
G1 F3600
G1 X27.21 Y159.512 E.32925
M204 S2000
G1 X27.21 Y158.979 F18000
M204 S1000
G1 F3600
G1 X34.737 Y151.451 E.3273
M204 S2000
G1 X34.693 Y150.962 F18000
M204 S1000
G1 F3600
G1 X27.21 Y158.445 E.32536
M204 S2000
G1 X27.21 Y157.912 F18000
M204 S1000
G1 F3600
G1 X34.648 Y150.474 E.32341
M204 S2000
G1 X34.603 Y149.985 F18000
M204 S1000
G1 F3600
G1 X27.21 Y157.378 E.32147
M204 S2000
G1 X27.21 Y156.844 F18000
M204 S1000
G1 F3600
G1 X34.562 Y149.492 E.31969
M204 S2000
G1 X34.524 Y148.996 F18000
M204 S1000
G1 F3600
G1 X27.21 Y156.311 E.31805
M204 S2000
G1 X27.21 Y155.777 F18000
M204 S1000
G1 F3600
G1 X34.487 Y148.5 E.3164
M204 S2000
G1 X34.449 Y148.005 F18000
M204 S1000
G1 F3600
G1 X27.21 Y155.244 E.31475
M204 S2000
G1 X27.21 Y154.71 F18000
M204 S1000
G1 F3600
G1 X34.411 Y147.509 E.3131
M204 S2000
G1 X34.373 Y147.013 F18000
M204 S1000
G1 F3600
G1 X27.21 Y154.176 E.31146
M204 S2000
G1 X27.21 Y153.643 F18000
M204 S1000
G1 F3600
G1 X34.335 Y146.518 E.30981
M204 S2000
G1 X34.297 Y146.022 F18000
M204 S1000
G1 F3600
G1 X27.21 Y153.109 E.30816
M204 S2000
G1 X27.21 Y152.576 F18000
M204 S1000
G1 F3600
G1 X34.259 Y145.526 E.30651
M204 S2000
G1 X34.221 Y145.031 F18000
M204 S1000
G1 F3600
G1 X27.21 Y152.042 E.30487
M204 S2000
G1 X27.21 Y151.508 F18000
M204 S1000
G1 F3600
G1 X34.183 Y144.535 E.30322
M204 S2000
G1 X34.146 Y144.039 F18000
M204 S1000
G1 F3600
G1 X27.21 Y150.975 E.30157
M204 S2000
G1 X27.21 Y150.441 F18000
M204 S1000
G1 F3600
G1 X34.114 Y143.537 E.30022
M204 S2000
G1 X34.083 Y143.034 F18000
M204 S1000
G1 F3600
G1 X27.21 Y149.908 E.29887
M204 S2000
G1 X27.21 Y149.374 F18000
M204 S1000
G1 F3600
G1 X34.052 Y142.532 E.29751
M204 S2000
G1 X34.021 Y142.029 F18000
M204 S1000
G1 F3600
G1 X27.21 Y148.84 E.29616
M204 S2000
G1 X27.21 Y148.307 F18000
M204 S1000
G1 F3600
G1 X33.99 Y141.527 E.29481
M204 S2000
G1 X33.959 Y141.024 F18000
M204 S1000
G1 F3600
G1 X27.21 Y147.773 E.29346
M204 S2000
G1 X27.21 Y147.24 F18000
M204 S1000
G1 F3600
G1 X33.928 Y140.522 E.29211
M204 S2000
G1 X33.897 Y140.019 F18000
M204 S1000
G1 F3600
G1 X27.21 Y146.706 E.29076
M204 S2000
G1 X27.21 Y146.172 F18000
M204 S1000
G1 F3600
G1 X33.866 Y139.517 E.28941
M204 S2000
G1 X33.835 Y139.014 F18000
M204 S1000
G1 F3600
G1 X27.21 Y145.639 E.28806
M204 S2000
G1 X27.21 Y145.105 F18000
M204 S1000
G1 F3600
G1 X33.804 Y138.511 E.2867
M204 S2000
G1 X33.773 Y138.009 F18000
M204 S1000
G1 F3600
G1 X27.21 Y144.572 E.28535
M204 S2000
G1 X27.21 Y144.038 F18000
M204 S1000
G1 F3600
G1 X33.741 Y137.506 E.284
M204 S2000
G1 X33.71 Y137.004 F18000
M204 S1000
G1 F3600
G1 X27.21 Y143.504 E.28265
M204 S2000
G1 X27.21 Y142.971 F18000
M204 S1000
G1 F3600
G1 X33.679 Y136.501 E.2813
M204 S2000
G1 X33.648 Y135.999 F18000
M204 S1000
G1 F3600
G1 X27.21 Y142.437 E.27995
M204 S2000
G1 X27.21 Y141.904 F18000
M204 S1000
G1 F3600
G1 X33.617 Y135.496 E.2786
M204 S2000
G1 X33.586 Y134.994 F18000
M204 S1000
G1 F3600
G1 X27.21 Y141.37 E.27725
M204 S2000
G1 X27.21 Y140.836 F18000
M204 S1000
G1 F3600
G1 X33.555 Y134.491 E.27589
M204 S2000
G1 X33.524 Y133.989 F18000
M204 S1000
G1 F3600
G1 X27.21 Y140.303 E.27454
M204 S2000
G1 X27.21 Y139.769 F18000
M204 S1000
G1 F3600
G1 X33.493 Y133.486 E.27319
M204 S2000
G1 X33.462 Y132.984 F18000
M204 S1000
G1 F3600
G1 X27.21 Y139.236 E.27184
M204 S2000
G1 X27.21 Y138.702 F18000
M204 S1000
G1 F3600
G1 X33.431 Y132.481 E.27049
M204 S2000
G1 X33.4 Y131.979 F18000
M204 S1000
G1 F3600
G1 X27.21 Y138.168 E.26914
M204 S2000
G1 X27.21 Y137.635 F18000
M204 S1000
G1 F3600
G1 X33.369 Y131.476 E.26779
M204 S2000
G1 X33.337 Y130.974 F18000
M204 S1000
G1 F3600
G1 X27.21 Y137.101 E.26643
M204 S2000
G1 X27.21 Y136.568 F18000
M204 S1000
G1 F3600
G1 X33.306 Y130.471 E.26508
M204 S2000
G1 X33.275 Y129.969 F18000
M204 S1000
G1 F3600
G1 X27.21 Y136.034 E.26373
M204 S2000
G1 X27.21 Y135.501 F18000
M204 S1000
G1 F3600
G1 X33.244 Y129.466 E.26238
M204 S2000
G1 X33.213 Y128.964 F18000
M204 S1000
G1 F3600
G1 X27.21 Y134.967 E.26103
M204 S2000
G1 X27.21 Y134.433 F18000
M204 S1000
G1 F3600
G1 X33.182 Y128.461 E.25968
M204 S2000
G1 X33.151 Y127.959 F18000
M204 S1000
G1 F3600
G1 X27.21 Y133.9 E.25833
M204 S2000
G1 X27.21 Y133.366 F18000
M204 S1000
G1 F3600
G1 X33.12 Y127.456 E.25698
M204 S2000
G1 X33.089 Y126.954 F18000
M204 S1000
G1 F3600
G1 X27.21 Y132.833 E.25562
M204 S2000
G1 X27.21 Y132.299 F18000
M204 S1000
G1 F3600
G1 X33.058 Y126.451 E.25427
M204 S2000
G1 X33.027 Y125.949 F18000
M204 S1000
G1 F3600
G1 X27.21 Y131.765 E.25292
M204 S2000
G1 X27.21 Y131.232 F18000
M204 S1000
G1 F3600
G1 X32.996 Y125.446 E.25157
M204 S2000
G1 X32.965 Y124.944 F18000
M204 S1000
G1 F3600
G1 X27.21 Y130.698 E.25022
M204 S2000
G1 X27.21 Y130.165 F18000
M204 S1000
G1 F3600
G1 X32.933 Y124.441 E.24887
M204 S2000
G1 X32.902 Y123.938 F18000
M204 S1000
G1 F3600
G1 X27.21 Y129.631 E.24752
M204 S2000
G1 X27.21 Y129.097 F18000
M204 S1000
G1 F3600
G1 X32.871 Y123.436 E.24617
M204 S2000
G1 X32.84 Y122.933 F18000
M204 S1000
G1 F3600
G1 X27.21 Y128.564 E.24481
M204 S2000
G1 X27.21 Y128.03 F18000
M204 S1000
G1 F3600
G1 X32.809 Y122.431 E.24346
M204 S2000
G1 X32.778 Y121.928 F18000
M204 S1000
G1 F3600
G1 X27.21 Y127.497 E.24211
M204 S2000
G1 X27.21 Y126.963 F18000
M204 S1000
G1 F3600
G1 X32.747 Y121.426 E.24076
M204 S2000
G1 X32.197 Y121.442 F18000
M204 S1000
G1 F3600
G1 X27.21 Y126.429 E.21686
M204 S2000
G1 X27.21 Y125.896 F18000
M204 S1000
G1 F3600
G1 X31.606 Y121.5 E.19114
M204 S2000
G1 X31.014 Y121.558 F18000
M204 S1000
G1 F3600
G1 X27.21 Y125.362 E.16542
M204 S2000
G1 X27.21 Y124.829 F18000
M204 S1000
G1 F3600
G1 X30.423 Y121.616 E.13971
M204 S2000
G1 X29.831 Y121.673 F18000
M204 S1000
G1 F3600
G1 X27.21 Y124.295 E.11399
M204 S2000
G1 X27.21 Y123.761 F18000
M204 S1000
G1 F3600
G1 X29.24 Y121.731 E.08827
M204 S2000
G1 X28.649 Y121.789 F18000
M204 S1000
G1 F3600
G1 X27.21 Y123.228 E.06256
M204 S2000
G1 X27.21 Y122.694 F18000
M204 S1000
G1 F3600
G1 X28.057 Y121.847 E.03684
; stop printing object USV 1 e2mm.stl_6_B id:0 copy 0
; printing object "USV 1 e2mm.stl_5" id:1 copy 0
M204 S2000
G1 E-.8
G1 X40.503 Y28.041 F18000
G1 E.8 F3600
M204 S1000
;TYPE:Outer wall
;WIDTH:0.42
G1 F3000
G1 X40.538 Y37.674 E.29601
G1 X40.605 Y55.814 E.55738
G1 X41.001 Y65.136 E.28671
G1 X40.647 Y78.996 E.42601
G1 X39.884 Y86.697 E.23779
G1 X39.884 Y102.178 E.47568
G1 X32.529 Y101.529 E.22689
G1 X26.337 Y100.924 E.19116
G1 X26.337 Y29.353 E2.19916
G1 X32.394 Y28.761 E.18701
G1 X37.205 Y28.317 E.14846
G1 X40.483 Y28.043 E.10106
M204 S2000
G1 E-.8 F3600
G1 X39.771 Y101.293 F18000
G1 E.8 F3600
M204 S1000
;TYPE:Top surface
;WIDTH:0.420608
G1 X39.071 Y101.993 E.03047
M204 S2000
G1 X38.58 Y101.95 F18000
M204 S1000
G1 F3600
G1 X39.771 Y100.759 E.05183
M204 S2000
G1 X39.771 Y100.225 F18000
M204 S1000
G1 F3600
G1 X38.09 Y101.906 E.07319
M204 S2000
G1 X37.599 Y101.863 F18000
M204 S1000
G1 F3600
G1 X39.771 Y99.69 E.09455
M204 S2000
G1 X39.771 Y99.156 F18000
M204 S1000
G1 F3600
G1 X37.108 Y101.819 E.11591
M204 S2000
G1 X36.617 Y101.776 F18000
M204 S1000
G1 F3600
G1 X39.771 Y98.622 E.13727
M204 S2000
G1 X39.771 Y98.088 F18000
M204 S1000
G1 F3600
G1 X36.126 Y101.733 E.15864
M204 S2000
G1 X35.636 Y101.689 F18000
M204 S1000
G1 F3600
G1 X39.771 Y97.554 E.18
M204 S2000
G1 X39.771 Y97.02 F18000
M204 S1000
G1 F3600
G1 X35.145 Y101.646 E.20136
M204 S2000
G1 X34.654 Y101.603 F18000
M204 S1000
G1 F3600
G1 X39.771 Y96.486 E.22272
M204 S2000
G1 X39.771 Y95.952 F18000
M204 S1000
G1 F3600
G1 X34.163 Y101.559 E.24408
M204 S2000
G1 X33.673 Y101.516 F18000
M204 S1000
G1 F3600
G1 X39.771 Y95.417 E.26544
M204 S2000
G1 X39.771 Y94.883 F18000
M204 S1000
G1 F3600
G1 X33.182 Y101.473 E.2868
M204 S2000
G1 X32.691 Y101.429 F18000
M204 S1000
G1 F3600
G1 X39.771 Y94.349 E.30817
M204 S2000
G1 X39.771 Y93.815 F18000
M204 S1000
G1 F3600
G1 X32.203 Y101.383 E.3294
M204 S2000
G1 X31.716 Y101.336 F18000
M204 S1000
G1 F3600
G1 X39.771 Y93.281 E.35058
M204 S2000
G1 X39.771 Y92.747 F18000
M204 S1000
G1 F3600
G1 X31.23 Y101.288 E.37176
M204 S2000
G1 X30.743 Y101.24 F18000
M204 S1000
G1 F3600
G1 X39.771 Y92.213 E.39294
M204 S2000
G1 X39.771 Y91.678 F18000
M204 S1000
G1 F3600
G1 X30.257 Y101.193 E.41411
M204 S2000
G1 X29.77 Y101.145 F18000
M204 S1000
G1 F3600
G1 X39.771 Y91.144 E.43529
M204 S2000
G1 X39.771 Y90.61 F18000
M204 S1000
G1 F3600
G1 X29.284 Y101.098 E.45647
M204 S2000
G1 X28.797 Y101.05 F18000
M204 S1000
G1 F3600
G1 X39.771 Y90.076 E.47765
M204 S2000
G1 X39.771 Y89.542 F18000
M204 S1000
G1 F3600
G1 X28.31 Y101.003 E.49883
M204 S2000
G1 X27.824 Y100.955 F18000
M204 S1000
G1 F3600
G1 X39.771 Y89.008 E.52001
M204 S2000
G1 X39.771 Y88.474 F18000
M204 S1000
G1 F3600
G1 X27.337 Y100.908 E.54118
M204 S2000
G1 X26.851 Y100.86 F18000
M204 S1000
G1 F3600
G1 X39.771 Y87.94 E.56236
M204 S2000
G1 X39.771 Y87.405 F18000
M204 S1000
G1 F3600
G1 X26.45 Y100.726 E.57979
M204 S2000
G1 X26.45 Y100.192 F18000
M204 S1000
G1 F3600
G1 X39.771 Y86.871 E.57979
M204 S2000
G1 X39.81 Y86.298 F18000
M204 S1000
G1 F3600
G1 X26.45 Y99.658 E.58149
M204 S2000
G1 X26.45 Y99.124 F18000
M204 S1000
G1 F3600
G1 X39.869 Y85.705 E.58405
M204 S2000
G1 X39.928 Y85.112 F18000
M204 S1000
G1 F3600
G1 X26.45 Y98.59 E.5866
M204 S2000
G1 X26.45 Y98.056 F18000
M204 S1000
G1 F3600
G1 X39.986 Y84.52 E.58916
M204 S2000
G1 X40.045 Y83.927 F18000
M204 S1000
G1 F3600
G1 X26.45 Y97.522 E.59172
M204 S2000
G1 X26.45 Y96.987 F18000
M204 S1000
G1 F3600
G1 X40.104 Y83.334 E.59427
M204 S2000
G1 X40.162 Y82.741 F18000
M204 S1000
G1 F3600
G1 X26.45 Y96.453 E.59683
M204 S2000
G1 X26.45 Y95.919 F18000
M204 S1000
G1 F3600
G1 X40.221 Y82.148 E.59938
M204 S2000
G1 X40.28 Y81.555 F18000
M204 S1000
G1 F3600
G1 X26.45 Y95.385 E.60194
M204 S2000
G1 X26.45 Y94.851 F18000
M204 S1000
G1 F3600
G1 X40.339 Y80.962 E.6045
M204 S2000
G1 X40.397 Y80.37 F18000
M204 S1000
G1 F3600
G1 X26.45 Y94.317 E.60705
M204 S2000
G1 X26.45 Y93.783 F18000
M204 S1000
G1 F3600
G1 X40.456 Y79.777 E.60961
M204 S2000
G1 X40.515 Y79.184 F18000
M204 S1000
G1 F3600
G1 X26.45 Y93.249 E.61216
M204 S2000
G1 X26.45 Y92.714 F18000
M204 S1000
G1 F3600
G1 X40.544 Y78.621 E.61341
M204 S2000
G1 X40.558 Y78.073 F18000
M204 S1000
G1 F3600
G1 X26.45 Y92.18 E.61402
M204 S2000
G1 X26.45 Y91.646 F18000
M204 S1000
G1 F3600
G1 X40.572 Y77.525 E.61463
M204 S2000
G1 X40.586 Y76.977 F18000
M204 S1000
G1 F3600
G1 X26.45 Y91.112 E.61524
M204 S2000
G1 X26.45 Y90.578 F18000
M204 S1000
G1 F3600
G1 X40.6 Y76.428 E.61585
M204 S2000
G1 X40.614 Y75.88 F18000
M204 S1000
G1 F3600
G1 X26.45 Y90.044 E.61646
M204 S2000
G1 X26.45 Y89.51 F18000
M204 S1000
G1 F3600
G1 X40.628 Y75.332 E.61707
M204 S2000
G1 X40.642 Y74.784 F18000
M204 S1000
G1 F3600
G1 X26.45 Y88.976 E.61768
M204 S2000
G1 X26.45 Y88.441 F18000
M204 S1000
G1 F3600
G1 X40.656 Y74.236 E.61829
M204 S2000
G1 X40.67 Y73.688 F18000
M204 S1000
G1 F3600
G1 X26.45 Y87.907 E.6189
M204 S2000
G1 X26.45 Y87.373 F18000
M204 S1000
G1 F3600
G1 X40.684 Y73.14 E.61951
M204 S2000
G1 X40.698 Y72.591 F18000
M204 S1000
G1 F3600
G1 X26.45 Y86.839 E.62012
M204 S2000
G1 X26.45 Y86.305 F18000
M204 S1000
G1 F3600
G1 X40.712 Y72.043 E.62073
M204 S2000
G1 X40.726 Y71.495 F18000
M204 S1000
G1 F3600
G1 X26.45 Y85.771 E.62134
M204 S2000
G1 X26.45 Y85.237 F18000
M204 S1000
G1 F3600
G1 X40.74 Y70.947 E.62195
M204 S2000
G1 X40.754 Y70.399 F18000
M204 S1000
G1 F3600
G1 X26.45 Y84.702 E.62256
M204 S2000
G1 X26.45 Y84.168 F18000
M204 S1000
G1 F3600
G1 X40.768 Y69.851 E.62317
M204 S2000
G1 X40.782 Y69.303 F18000
M204 S1000
G1 F3600
G1 X26.45 Y83.634 E.62378
M204 S2000
G1 X26.45 Y83.1 F18000
M204 S1000
G1 F3600
G1 X40.796 Y68.754 E.62439
M204 S2000
G1 X40.81 Y68.206 F18000
M204 S1000
G1 F3600
G1 X26.45 Y82.566 E.625
M204 S2000
G1 X26.45 Y82.032 F18000
M204 S1000
G1 F3600
G1 X40.824 Y67.658 E.62561
M204 S2000
G1 X40.838 Y67.11 F18000
M204 S1000
G1 F3600
G1 X26.45 Y81.498 E.62622
M204 S2000
G1 X26.45 Y80.964 F18000
M204 S1000
G1 F3600
G1 X40.852 Y66.562 E.62683
M204 S2000
G1 X40.866 Y66.014 F18000
M204 S1000
G1 F3600
G1 X26.45 Y80.429 E.62744
M204 S2000
G1 X26.45 Y79.895 F18000
M204 S1000
G1 F3600
G1 X40.88 Y65.466 E.62805
M204 S2000
G1 X40.88 Y64.932 F18000
M204 S1000
G1 F3600
G1 X26.45 Y79.361 E.62804
M204 S2000
G1 X26.45 Y78.827 F18000
M204 S1000
G1 F3600
G1 X40.858 Y64.419 E.62709
M204 S2000
G1 X40.836 Y63.907 F18000
M204 S1000
G1 F3600
G1 X26.45 Y78.293 E.62614
M204 S2000
G1 X26.45 Y77.759 F18000
M204 S1000
G1 F3600
G1 X40.814 Y63.395 E.62519
M204 S2000
G1 X40.792 Y62.882 F18000
M204 S1000
G1 F3600
G1 X26.45 Y77.225 E.62424
M204 S2000
G1 X26.45 Y76.69 F18000
M204 S1000
G1 F3600
G1 X40.771 Y62.37 E.6233
M204 S2000
G1 X40.749 Y61.858 F18000
M204 S1000
G1 F3600
G1 X26.45 Y76.156 E.62235
M204 S2000
G1 X26.45 Y75.622 F18000
M204 S1000
G1 F3600
G1 X40.727 Y61.345 E.6214
M204 S2000
G1 X40.705 Y60.833 F18000
M204 S1000
G1 F3600
G1 X26.45 Y75.088 E.62045
M204 S2000
G1 X26.45 Y74.554 F18000
M204 S1000
G1 F3600
G1 X40.683 Y60.321 E.6195
M204 S2000
G1 X40.662 Y59.808 F18000
M204 S1000
G1 F3600
G1 X26.45 Y74.02 E.61855
M204 S2000
G1 X26.45 Y73.486 F18000
M204 S1000
G1 F3600
G1 X40.64 Y59.296 E.6176
M204 S2000
G1 X40.618 Y58.784 F18000
M204 S1000
G1 F3600
G1 X26.45 Y72.952 E.61666
M204 S2000
G1 X26.45 Y72.417 F18000
M204 S1000
G1 F3600
G1 X40.596 Y58.271 E.61571
M204 S2000
G1 X40.574 Y57.759 F18000
M204 S1000
G1 F3600
G1 X26.45 Y71.883 E.61476
M204 S2000
G1 X26.45 Y71.349 F18000
M204 S1000
G1 F3600
G1 X40.553 Y57.247 E.61381
M204 S2000
G1 X40.531 Y56.734 F18000
M204 S1000
G1 F3600
G1 X26.45 Y70.815 E.61286
M204 S2000
G1 X26.45 Y70.281 F18000
M204 S1000
G1 F3600
G1 X40.509 Y56.222 E.61191
M204 S2000
G1 X40.491 Y55.705 F18000
M204 S1000
G1 F3600
G1 X26.45 Y69.747 E.61115
M204 S2000
G1 X26.45 Y69.213 F18000
M204 S1000
G1 F3600
G1 X40.489 Y55.173 E.61106
M204 S2000
G1 X40.488 Y54.641 F18000
M204 S1000
G1 F3600
G1 X26.45 Y68.679 E.61097
M204 S2000
G1 X26.45 Y68.144 F18000
M204 S1000
G1 F3600
G1 X40.486 Y54.109 E.61089
M204 S2000
G1 X40.484 Y53.577 F18000
M204 S1000
G1 F3600
G1 X26.45 Y67.61 E.6108
M204 S2000
G1 X26.45 Y67.076 F18000
M204 S1000
G1 F3600
G1 X40.482 Y53.045 E.61072
M204 S2000
G1 X40.48 Y52.513 F18000
M204 S1000
G1 F3600
G1 X26.45 Y66.542 E.61063
M204 S2000
G1 X26.45 Y66.008 F18000
M204 S1000
G1 F3600
G1 X40.478 Y51.98 E.61055
M204 S2000
G1 X40.476 Y51.448 F18000
M204 S1000
G1 F3600
G1 X26.45 Y65.474 E.61046
M204 S2000
G1 X26.45 Y64.94 F18000
M204 S1000
G1 F3600
G1 X40.474 Y50.916 E.61037
M204 S2000
G1 X40.472 Y50.384 F18000
M204 S1000
G1 F3600
G1 X26.45 Y64.405 E.61029
M204 S2000
G1 X26.45 Y63.871 F18000
M204 S1000
G1 F3600
G1 X40.47 Y49.852 E.6102
M204 S2000
G1 X40.468 Y49.32 F18000
M204 S1000
G1 F3600
G1 X26.45 Y63.337 E.61012
M204 S2000
G1 X26.45 Y62.803 F18000
M204 S1000
G1 F3600
G1 X40.466 Y48.787 E.61003
M204 S2000
G1 X40.464 Y48.255 F18000
M204 S1000
G1 F3600
G1 X26.45 Y62.269 E.60994
M204 S2000
G1 X26.45 Y61.735 F18000
M204 S1000
G1 F3600
G1 X40.462 Y47.723 E.60986
M204 S2000
G1 X40.46 Y47.191 F18000
M204 S1000
G1 F3600
G1 X26.45 Y61.201 E.60977
M204 S2000
G1 X26.45 Y60.667 F18000
M204 S1000
G1 F3600
G1 X40.458 Y46.659 E.60969
M204 S2000
G1 X40.456 Y46.127 F18000
M204 S1000
G1 F3600
G1 X26.45 Y60.132 E.6096
M204 S2000
G1 X26.45 Y59.598 F18000
M204 S1000
G1 F3600
G1 X40.454 Y45.594 E.60951
M204 S2000
G1 X40.452 Y45.062 F18000
M204 S1000
G1 F3600
G1 X26.45 Y59.064 E.60943
M204 S2000
G1 X26.45 Y58.53 F18000
M204 S1000
G1 F3600
G1 X40.45 Y44.53 E.60934
M204 S2000
G1 X40.448 Y43.998 F18000
M204 S1000
G1 F3600
G1 X26.45 Y57.996 E.60926
M204 S2000
G1 X26.45 Y57.462 F18000
M204 S1000
G1 F3600
G1 X40.446 Y43.466 E.60917
M204 S2000
G1 X40.444 Y42.934 F18000
M204 S1000
G1 F3600
G1 X26.45 Y56.928 E.60909
M204 S2000
G1 X26.45 Y56.393 F18000
M204 S1000
G1 F3600
G1 X40.442 Y42.402 E.609
M204 S2000
G1 X40.44 Y41.869 F18000
M204 S1000
G1 F3600
G1 X26.45 Y55.859 E.60891
M204 S2000
G1 X26.45 Y55.325 F18000
M204 S1000
G1 F3600
G1 X40.438 Y41.337 E.60883
M204 S2000
G1 X40.436 Y40.805 F18000
M204 S1000
G1 F3600
G1 X26.45 Y54.791 E.60874
M204 S2000
G1 X26.45 Y54.257 F18000
M204 S1000
G1 F3600
G1 X40.434 Y40.273 E.60866
M204 S2000
G1 X40.432 Y39.741 F18000
M204 S1000
G1 F3600
G1 X26.45 Y53.723 E.60857
M204 S2000
G1 X26.45 Y53.189 F18000
M204 S1000
G1 F3600
G1 X40.43 Y39.209 E.60848
M204 S2000
G1 X40.428 Y38.676 F18000
M204 S1000
G1 F3600
G1 X26.45 Y52.655 E.6084
M204 S2000
G1 X26.45 Y52.12 F18000
M204 S1000
G1 F3600
G1 X40.426 Y38.144 E.60831
M204 S2000
G1 X40.424 Y37.612 F18000
M204 S1000
G1 F3600
G1 X26.45 Y51.586 E.60823
M204 S2000
G1 X26.45 Y51.052 F18000
M204 S1000
G1 F3600
G1 X40.422 Y37.08 E.60814
M204 S2000
G1 X40.42 Y36.548 F18000
M204 S1000
G1 F3600
G1 X26.45 Y50.518 E.60806
M204 S2000
G1 X26.45 Y49.984 F18000
M204 S1000
G1 F3600
G1 X40.419 Y36.016 E.60797
M204 S2000
G1 X40.417 Y35.483 F18000
M204 S1000
G1 F3600
G1 X26.45 Y49.45 E.60789
M204 S2000
G1 X26.45 Y48.916 F18000
M204 S1000
G1 F3600
G1 X40.415 Y34.951 E.6078
M204 S2000
G1 X40.413 Y34.419 F18000
M204 S1000
G1 F3600
G1 X26.45 Y48.382 E.60772
M204 S2000
G1 X26.45 Y47.847 F18000
M204 S1000
G1 F3600
G1 X40.411 Y33.887 E.60764
M204 S2000
G1 X40.409 Y33.355 F18000
M204 S1000
G1 F3600
G1 X26.45 Y47.313 E.60755
M204 S2000
G1 X26.45 Y46.779 F18000
M204 S1000
G1 F3600
G1 X40.407 Y32.822 E.60747
M204 S2000
G1 X40.405 Y32.29 F18000
M204 S1000
G1 F3600
G1 X26.45 Y46.245 E.60738
M204 S2000
G1 X26.45 Y45.711 F18000
M204 S1000
G1 F3600
G1 X40.403 Y31.758 E.6073
M204 S2000
G1 X40.401 Y31.226 F18000
M204 S1000
G1 F3600
G1 X26.45 Y45.177 E.60721
M204 S2000
G1 X26.45 Y44.643 F18000
M204 S1000
G1 F3600
G1 X40.399 Y30.694 E.60713
M204 S2000
G1 X40.397 Y30.161 F18000
M204 S1000
G1 F3600
G1 X26.45 Y44.108 E.60704
M204 S2000
G1 X26.45 Y43.574 F18000
M204 S1000
G1 F3600
G1 X40.395 Y29.629 E.60696
M204 S2000
G1 X40.393 Y29.097 F18000
M204 S1000
G1 F3600
G1 X26.45 Y43.04 E.60688
M204 S2000
G1 X26.45 Y42.506 F18000
M204 S1000
G1 F3600
G1 X40.391 Y28.565 E.60679
M204 S2000
G1 X40.246 Y28.176 F18000
M204 S1000
G1 F3600
G1 X26.45 Y41.972 E.60047
M204 S2000
G1 X26.45 Y41.438 F18000
M204 S1000
G1 F3600
G1 X39.663 Y28.225 E.5751
M204 S2000
G1 X39.08 Y28.273 F18000
M204 S1000
G1 F3600
G1 X26.45 Y40.904 E.54973
M204 S2000
G1 X26.45 Y40.37 F18000
M204 S1000
G1 F3600
G1 X38.497 Y28.322 E.52436
M204 S2000
G1 X37.915 Y28.371 F18000
M204 S1000
G1 F3600
G1 X26.45 Y39.835 E.49899
M204 S2000
G1 X26.45 Y39.301 F18000
M204 S1000
G1 F3600
G1 X37.332 Y28.42 E.47362
M204 S2000
G1 X36.744 Y28.473 F18000
M204 S1000
G1 F3600
G1 X26.45 Y38.767 E.44805
M204 S2000
G1 X26.45 Y38.233 F18000
M204 S1000
G1 F3600
G1 X36.156 Y28.527 E.42244
M204 S2000
G1 X35.567 Y28.582 F18000
M204 S1000
G1 F3600
G1 X26.45 Y37.699 E.39683
M204 S2000
G1 X26.45 Y37.165 F18000
M204 S1000
G1 F3600
G1 X34.979 Y28.636 E.37122
M204 S2000
G1 X34.391 Y28.69 F18000
M204 S1000
G1 F3600
G1 X26.45 Y36.631 E.34561
M204 S2000
G1 X26.45 Y36.096 F18000
M204 S1000
G1 F3600
G1 X33.802 Y28.744 E.32
M204 S2000
G1 X33.214 Y28.799 F18000
M204 S1000
G1 F3600
G1 X26.45 Y35.562 E.29439
M204 S2000
G1 X26.45 Y35.028 F18000
M204 S1000
G1 F3600
G1 X32.625 Y28.853 E.26878
M204 S2000
G1 X32.035 Y28.91 F18000
M204 S1000
G1 F3600
G1 X26.45 Y34.494 E.24307
M204 S2000
G1 X26.45 Y33.96 F18000
M204 S1000
G1 F3600
G1 X31.443 Y28.967 E.2173
M204 S2000
G1 X30.851 Y29.025 F18000
M204 S1000
G1 F3600
G1 X26.45 Y33.426 E.19153
M204 S2000
G1 X26.45 Y32.892 F18000
M204 S1000
G1 F3600
G1 X30.259 Y29.083 E.16576
M204 S2000
G1 X29.667 Y29.141 F18000
M204 S1000
G1 F3600
G1 X26.45 Y32.358 E.13999
M204 S2000
G1 X26.45 Y31.823 F18000
M204 S1000
G1 F3600
G1 X29.075 Y29.199 E.11423
M204 S2000
G1 X28.483 Y29.257 F18000
M204 S1000
G1 F3600
G1 X26.45 Y31.289 E.08846
M204 S2000
G1 X26.45 Y30.755 F18000
M204 S1000
G1 F3600
G1 X27.891 Y29.315 E.06269
M204 S2000
G1 X27.298 Y29.373 F18000
M204 S1000
G1 F3600
G1 X26.45 Y30.221 E.03692
; stop printing object USV 1 e2mm.stl_5 id:1 copy 0
; end of layer_num: 12, T: 0, print_z: 2.440000
G1 E-.8 F3600
M106 S0
;TYPE:Custom
; filament end gcode
M104 S0                                    ; Extruder off 
M140 S0                                    ; Heatbed off 
M107                                       ; Fan off 
G91                                        ; relative positioning 
G1 E-5 F3000  
G1 Z+0.3 F3000                             ; lift print head 
G28 X0  F3000
M84                    
; EXECUTABLE_BLOCK_END

; filament used [mm] = 17550.73
; filament used [cm3] = 42.21
; filament used [g] = 52.35
; filament cost = 1.05
; total filament used [g] = 52.35
; total filament cost = 1.05
; total layers count = 12
; estimated printing time (normal mode) = 2h 0m 47s
; estimated first layer printing time (normal mode) = 8s

; CONFIG_BLOCK_START = begin
; AnycubicSlicer_config = begin
; accel_to_decel_enable = 1
; accel_to_decel_factor = 50%
; activate_air_filtration = 0
; activate_chamber_temp_control = 0
; adaptive_bed_mesh_margin = 0
; adaptive_pressure_advance = 0
; adaptive_pressure_advance_bridges = 0
; adaptive_pressure_advance_model = "0,0,0\n0,0,0"
; adaptive_pressure_advance_overhangs = 0
; additional_cooling_fan_speed = 0
; alternate_extra_wall = 0
; app_full_name = AnycubicSlicerNext
; app_version = 1.4.1.0
; auxiliary_fan = 0
; bbl_calib_mark_logo = 1
; bbl_use_printhost = 0
; bed_custom_model = 
; bed_custom_texture = 
; bed_exclude_area = 0x0
; bed_mesh_max = 0,0
; bed_mesh_min = 0,0
; bed_mesh_probe_distance = 0,0
; before_layer_change_gcode = ; BEFORE_LAYER_CHANGE [layer_num] @ [layer_z]mm\nG92 E0
; best_object_pos = 0.5,0.5
; bottom_shell_layers = 3
; bottom_shell_thickness = 0.6
; bottom_solid_infill_flow_ratio = 1
; bottom_surface_pattern = monotonic
; bridge_acceleration = 50%
; bridge_angle = 0
; bridge_density = 100%
; bridge_flow = 0.9
; bridge_no_support = 0
; bridge_speed = 60
; brim_ears_detection_length = 1
; brim_ears_max_angle = 125
; brim_object_gap = 0
; brim_type = outer_only
; brim_width = 5
; chamber_temperature = 0
; change_extrusion_role_gcode = 
; change_filament_gcode = 
; close_fan_the_first_x_layers = 1
; complete_print_exhaust_fan_speed = 80
; cool_plate_temp = 35
; cool_plate_temp_initial_layer = 35
; cooling_tube_length = 0
; cooling_tube_retraction = 0
; counterbore_hole_bridging = none
; curr_bed_type = High Temp Plate
; default_acceleration = 2000
; default_filament_colour = ""
; default_filament_profile = "Anycubic PLA @Anycubic Kobra 2 Neo 0.4 nozzle";"Anycubic PETG @Anycubic Kobra 2 Neo 0.4 nozzle"
; default_jerk = 0
; default_print_profile = 0.20mm Standard @Anycubic Kobra 2 Neo 0.4 nozzle
; deretraction_speed = 0
; detect_narrow_internal_solid_infill = 1
; detect_overhang_wall = 1
; detect_thin_wall = 0
; different_settings_to_system = enable_support;sparse_infill_density;sparse_infill_pattern;support_on_build_plate_only;;
; disable_m73 = 1
; dont_filter_internal_bridges = disabled
; dont_slow_down_outer_wall = 0
; draft_shield = disabled
; during_print_exhaust_fan_speed = 60
; elefant_foot_compensation = 0.075
; elefant_foot_compensation_layers = 1
; emit_machine_limits_to_gcode = 1
; enable_arc_fitting = 0
; enable_extra_bridge_layer = disabled
; enable_filament_ramming = 0
; enable_long_retraction_when_cut = 0
; enable_overhang_bridge_fan = 1
; enable_overhang_speed = 1
; enable_pressure_advance = 0
; enable_prime_tower = 0
; enable_support = 1
; enforce_support_layers = 0
; eng_plate_temp = 0
; eng_plate_temp_initial_layer = 0
; ensure_vertical_shell_thickness = ensure_all
; exclude_object = 0
; extra_loading_move = 0
; extra_perimeters_on_overhangs = 1
; extruder_clearance_height_to_lid = 20
; extruder_clearance_height_to_rod = 20
; extruder_clearance_radius = 20
; extruder_colour = #ffffff
; extruder_offset = 0x0
; extrusion_rate_smoothing_external_perimeter_only = 0
; fan_cooling_layer_time = 100
; fan_cooling_layer_time_BRASS = 100
; fan_cooling_layer_time_HS = 100
; fan_kickstart = 0
; fan_max_speed = 100
; fan_max_speed_BRASS = 100
; fan_max_speed_HS = 100
; fan_min_speed = 80
; fan_min_speed_BRASS = 80
; fan_min_speed_HS = 80
; fan_p2_after_x_layers = 0
; fan_p2_before_x_layers = 0
; fan_p2_speed_before_x_layers = 0
; fan_p3_speed = 0
; fan_p4_speed = 0
; fan_speed_after_x_layers = 100
; fan_speed_before_x_layers = 0
; fan_speedup_overhangs = 1
; fan_speedup_time = 0
; filament_adhesiveness_category = 0
; filament_change_length = 10
; filament_colour = #ffffff
; filament_cooling_final_speed = 0
; filament_cooling_initial_speed = 0
; filament_cooling_moves = 0
; filament_cost = 20
; filament_density = 1.24
; filament_diameter = 1.75
; filament_end_gcode = "; filament end gcode\n"
; filament_flow_ratio = 0.98
; filament_ids = GFPLA
; filament_is_support = 0
; filament_loading_speed = 0
; filament_loading_speed_start = 0
; filament_max_volumetric_speed = 12
; filament_minimal_purge_on_wipe_tower = 15
; filament_multitool_ramming = 0
; filament_multitool_ramming_flow = 0
; filament_multitool_ramming_volume = 0
; filament_notes = ""
; filament_prime_volume = 45
; filament_ramming_parameters = "120 100 6.6 6.8 7.2 7.6 7.9 8.2 8.7 9.4 9.9 10.0| 0.05 6.6 0.45 6.8 0.95 7.8 1.45 8.3 1.95 9.7 2.45 10 2.95 7.6 3.45 7.6 3.95 7.6 4.45 7.6 4.95 7.6"
; filament_ramming_volumetric_speed = -1
; filament_retraction_length = 0.8
; filament_retraction_speed = 60
; filament_settings_id = "Anycubic PLA @Anycubic Kobra 2 Neo 0.4 nozzle"
; filament_shrink = 100%
; filament_shrinkage_compensation_z = 100%
; filament_soluble = 0
; filament_stamping_distance = 0
; filament_stamping_loading_speed = 0
; filament_start_gcode = "; filament start gcode"
; filament_toolchange_delay = 0
; filament_type = PLA
; filament_unloading_speed = 0
; filament_unloading_speed_start = 0
; filament_vendor = Anycubic
; filename_format = {timestamp}-{if plate_name==\"\" then input_filename_base+\"_plate\" else plate_name endif}{\"(\"+plate_number+\")\"}_{filament_type[initial_tool]}_{layer_height}_{print_time}.gcode
; filter_out_gap_fill = 0
; first_layer_print_sequence = 0
; flush_into_infill = 0
; flush_into_objects = 0
; flush_into_support = 0
; flush_multiplier_any = 1
; flush_multiplier = 1
; flush_volumes_chan_multipliers = 1,1,1,1
; flush_volumes_chan_multipliers_str = 
; flush_volumes_matrix = 0
; flush_volumes_vector = 140,140
; full_fan_speed_layer = 3
; fuzzy_skin = none
; fuzzy_skin_first_layer = 0
; fuzzy_skin_noise_type = classic
; fuzzy_skin_octaves = 4
; fuzzy_skin_persistence = 0.5
; fuzzy_skin_point_distance = 0.8
; fuzzy_skin_scale = 1
; fuzzy_skin_thickness = 0.3
; gap_fill_target = topbottom
; gap_infill_speed = 100
; gcode_add_line_number = 0
; gcode_comments = 0
; gcode_flavor = marlin
; gcode_label_objects = 1
; has_scarf_joint_seam = 0
; head_wrap_detect_zone = 
; high_current_on_filament_swap = 0
; hole_to_polyhole = 0
; hole_to_polyhole_threshold = 0.01
; hole_to_polyhole_twisted = 1
; host_type = octoprint
; hot_plate_temp = 60
; hot_plate_temp_initial_layer = 60
; idle_temperature = 0
; independent_support_layer_height = 1
; infill_anchor = 400
; infill_anchor_max = 10
; infill_combination = 0
; infill_combination_max_layer_height = 100%
; infill_direction = 45
; infill_jerk = 9
; infill_wall_overlap = 15%
; inherits_group = "0.20mm Standard @Anycubic Kobra 2 Neo 0.4 nozzle";;
; initial_layer_acceleration = 500
; initial_layer_infill_speed = 50
; initial_layer_jerk = 9
; initial_layer_line_width = 0.5
; initial_layer_min_bead_width = 85%
; initial_layer_print_height = 0.24
; initial_layer_speed = 40
; initial_layer_travel_speed = 100%
; inner_wall_acceleration = 1500
; inner_wall_jerk = 10
; inner_wall_line_width = 0.45
; inner_wall_speed = 80
; interface_shells = 0
; interlocking_beam = 0
; interlocking_beam_layer_count = 2
; interlocking_beam_width = 0.8
; interlocking_boundary_avoidance = 2
; interlocking_depth = 2
; interlocking_orientation = 22.5
; internal_bridge_angle = 0
; internal_bridge_density = 100%
; internal_bridge_fan_speed = -1
; internal_bridge_flow = 1
; internal_bridge_speed = 150%
; internal_solid_infill_acceleration = 100%
; internal_solid_infill_line_width = 0.42
; internal_solid_infill_pattern = zig-zag
; internal_solid_infill_speed = 100
; ironing_angle = -1
; ironing_flow = 15%
; ironing_inset = 0
; ironing_pattern = zig-zag
; ironing_spacing = 0.1
; ironing_speed = 15
; is_infill_first = 0
; lattice_angle_1 = -45
; lattice_angle_2 = 45
; layer_change_gcode = ; AFTER_LAYER_CHANGE [layer_num] @ [layer_z]mm
; layer_height = 0.2
; line_width = 0.42
; long_retractions_when_cut = 0
; machine_end_gcode = M104 S0                                    ; Extruder off \nM140 S0                                    ; Heatbed off \nM107                                       ; Fan off \nG91                                        ; relative positioning \nG1 E-5 F3000  \nG1 Z+0.3 F3000                             ; lift print head \nG28 X0  F3000\nM84                    
; machine_load_filament_time = 42
; machine_max_acceleration_e = 2000,2000,2000
; machine_max_acceleration_extruding = 2000,2000,2000
; machine_max_acceleration_retracting = 2000,2000,2000
; machine_max_acceleration_travel = 20000,20000,20000
; machine_max_acceleration_x = 2000,2000,2000
; machine_max_acceleration_y = 2000,2000,2000
; machine_max_acceleration_z = 800,800,800
; machine_max_jerk_e = 5,5,5
; machine_max_jerk_x = 10,10,10
; machine_max_jerk_y = 10,10,10
; machine_max_jerk_z = 2,2,2
; machine_max_speed_e = 100,50,130
; machine_max_speed_x = 300,150,390
; machine_max_speed_y = 300,150,390
; machine_max_speed_z = 8,4,10.4
; machine_min_extruding_rate = 0,0,0
; machine_min_travel_rate = 0,0,0
; machine_pause_gcode = M600
; machine_start_gcode = G90 ; use absolute coordinates\nM83 ; extruder relative mode\nM104 S[first_layer_temperature] ; set extruder temp\nM140 S[first_layer_bed_temperature] ; set bed temp\nM190 S[first_layer_bed_temperature] ; wait for bed temp\nM109 S[first_layer_temperature] ; wait for extruder temp\nG28                                        ; move X/Y/Z to min endstops\nG1 Z0.28                                   ; lift nozzle a bit \nG92 E0 \nG1 Y3 F1800                                    ; zero the extruded length \nG1 X60  E25 F500                       ; Extrude 25mm of filament in a 5cm line. \nG92 E0                                     ; zero the extruded length again \nG1 E-2 F500                                ; Retract a little \nG1 X70 F4000                              ; Quickly wipe away from the filament line\nM117
; machine_tool_change_time = 0
; machine_unload_filament_time = 0
; magic_doubles = 0
; magic_numbers = 1,4,100
; magic_strings = Unused
; make_overhang_printable = 0
; make_overhang_printable_angle = 55
; make_overhang_printable_hole_size = 0
; manual_filament_change = 0
; max_bridge_length = 10
; max_layer_height = 0.28
; max_travel_detour_distance = 0
; max_volumetric_extrusion_rate_slope = 0
; max_volumetric_extrusion_rate_slope_segment_length = 5
; min_bead_width = 85%
; min_feature_size = 25%
; min_layer_height = 0.08
; min_length_factor = 0.5
; min_skirt_length = 0
; min_width_top_surface = 300%
; minimum_sparse_infill_area = 15
; mmu_segmented_region_interlocking_depth = 0
; mmu_segmented_region_max_width = 0
; notes = 
; nozzle_diameter = 0.4
; nozzle_height = 4
; nozzle_hrc = 0
; nozzle_temperature = 190
; nozzle_temperature_BRASS = 190
; nozzle_temperature_HS = 190
; nozzle_temperature_initial_layer = 220
; nozzle_temperature_initial_layer_BRASS = 220
; nozzle_temperature_initial_layer_HS = 220
; nozzle_temperature_range_high = 230
; nozzle_temperature_range_low = 190
; nozzle_type = brass
; nozzle_volume = 0
; only_one_wall_first_layer = 0
; only_one_wall_top = 1
; ooze_prevention = 0
; other_layers_print_sequence = 0
; other_layers_print_sequence_nums = 0
; outer_wall_acceleration = 1000
; outer_wall_jerk = 10
; outer_wall_line_width = 0.42
; outer_wall_speed = 50
; overhang_1_4_speed = 60
; overhang_2_4_speed = 45
; overhang_3_4_speed = 28
; overhang_4_4_speed = 10
; overhang_fan_speed = 100
; overhang_fan_threshold = 50%
; overhang_reverse = 0
; overhang_reverse_internal_only = 0
; overhang_reverse_threshold = 50%
; overhang_speed_classic = 0
; overhang_totally_speed = 15
; parking_pos_retraction = 0
; pellet_flow_coefficient = 0.4157
; pellet_modded_printer = 0
; post_process = 
; precise_outer_wall = 0
; precise_z_height = 0
; preferred_orientation = 0
; preheat_steps = 1
; preheat_time = 0
; pressure_advance = 0.04
; prime_tower_brim_width = 5
; prime_tower_extra_rib_length = 0
; prime_tower_fillet_wall = 1
; prime_tower_flat_ironing = 0
; prime_tower_infill_gap = 150%
; prime_tower_max_speed = 90
; prime_tower_rib_wall = 1
; prime_tower_rib_width = 8
; prime_tower_skip_points = 1
; prime_tower_width = 35
; prime_volume = 20
; print_compatible_printers = "Anycubic Kobra 2 Neo 0.4 nozzle"
; print_flow_ratio = 1
; print_order = default
; print_sequence = by layer
; print_settings_id = 0.20mm Standard @AC K2 Neo.
; printable_area = 0x0,220x0,220x220,0x220
; printable_height = 250
; printer_flush_multiplier = 1
; printer_model = Anycubic Kobra 2 Neo
; printer_notes = 
; printer_settings_id = Anycubic Kobra 2 Neo 0.4 nozzle
; printer_structure = i3
; printer_technology = FFF
; printer_variant = 0.4
; printhost_authorization_type = key
; printhost_ssl_ignore_revoke = 0
; printing_by_object_gcode = 
; project_name = CAT-USV-Mecatronica
; purge_in_prime_tower = 0
; raft_contact_distance = 0.1
; raft_expansion = 1.5
; raft_first_layer_density = 90%
; raft_first_layer_expansion = 2
; raft_layers = 0
; reduce_crossing_wall = 0
; reduce_fan_stop_start_freq = 1
; reduce_infill_retraction = 1
; required_nozzle_HRC = 0
; resolution = 0.012
; retract_before_wipe = 70%
; retract_length_toolchange = 0
; retract_lift_above = 0.3
; retract_lift_below = 258
; retract_lift_enforce = All Surfaces
; retract_on_top_layer = 1
; retract_restart_extra = 0
; retract_restart_extra_toolchange = 0
; retract_when_changing_layer = 0
; retraction_distances_when_cut = 0
; retraction_length = 2.5
; retraction_minimum_travel = 1
; retraction_speed = 100
; role_based_wipe_speed = 1
; rotate_solid_infill_direction = 1
; scan_first_layer = 0
; scarf_angle_threshold = 155
; scarf_joint_flow_ratio = 1
; scarf_joint_speed = 100%
; scarf_overhang_threshold = 40%
; seam_gap = 5%
; seam_position = aligned
; seam_slope_conditional = 0
; seam_slope_entire_loop = 0
; seam_slope_inner_walls = 0
; seam_slope_min_length = 20
; seam_slope_start_height = 0
; seam_slope_steps = 10
; seam_slope_type = none
; silent_mode = 0
; single_extruder_multi_material = 1
; single_extruder_multi_material_priming = 0
; single_loop_draft_shield = 0
; skirt_distance = 2
; skirt_height = 1
; skirt_loops = 0
; skirt_speed = 50
; skirt_start_angle = -135
; skirt_type = combined
; slice_closing_radius = 0.049
; slicing_mode = regular
; slow_down_for_layer_cooling = 1
; slow_down_layer_time = 9
; slow_down_layer_time_BRASS = 9
; slow_down_layer_time_HS = 9
; slow_down_layers = 1
; slow_down_min_speed = 20
; slowdown_for_curled_perimeters = 0
; small_area_infill_flow_compensation = 0
; small_area_infill_flow_compensation_model = 0,0;"\n0.2,0.4444";"\n0.4,0.6145";"\n0.6,0.7059";"\n0.8,0.7619";"\n1.5,0.8571";"\n2,0.8889";"\n3,0.9231";"\n5,0.9520";"\n10,1"
; small_perimeter_speed = 50%
; small_perimeter_threshold = 0
; smooth_coefficient = 80
; smooth_speed_discontinuity_area = 1
; solid_infill_direction = 45
; solid_infill_filament = 1
; sparse_infill_acceleration = 100%
; sparse_infill_density = 10%
; sparse_infill_filament = 1
; sparse_infill_line_width = 0.45
; sparse_infill_pattern = cubic
; sparse_infill_speed = 150
; spiral_finishing_flow_ratio = 0
; spiral_mode = 0
; spiral_mode_max_xy_smoothing = 200%
; spiral_mode_smooth = 0
; spiral_starting_flow_ratio = 0
; staggered_inner_seams = 0
; standby_temperature_delta = 0
; start_end_points = 30x-3,54x245
; supertack_plate_temp = 35
; supertack_plate_temp_initial_layer = 35
; support_air_filtration = 1
; support_angle = 0
; support_base_pattern = default
; support_base_pattern_spacing = 0.2
; support_bottom_interface_spacing = 0.5
; support_bottom_z_distance = 0.1
; support_chamber_temp_control = 1
; support_critical_regions_only = 0
; support_expansion = 0
; support_filament = 0
; support_interface_bottom_layers = -1
; support_interface_filament = 0
; support_interface_loop_pattern = 0
; support_interface_not_for_body = 1
; support_interface_pattern = auto
; support_interface_spacing = 0.5
; support_interface_speed = 80
; support_interface_top_layers = 2
; support_line_width = 0.4
; support_material_interface_fan_speed = -1
; support_multi_bed_types = 1
; support_object_first_layer_gap = 0.2
; support_object_xy_distance = 0.35
; support_on_build_plate_only = 0
; support_remove_small_overhang = 1
; support_speed = 100
; support_style = default
; support_threshold_angle = 40
; support_threshold_overlap = 50%
; support_top_z_distance = 0.1
; support_type = tree(auto)
; temperature_vitrification = 60
; template_custom_gcode = 
; textured_cool_plate_temp = 40
; textured_cool_plate_temp_initial_layer = 40
; textured_plate_temp = 60
; textured_plate_temp_initial_layer = 60
; thick_bridges = 0
; thick_internal_bridges = 1
; thumbnails = 230x110/PNG
; thumbnails_format = PNG
; thumbnails_internal = 512x512/PNG/plate, 512x512/PNG/top
; thumbnails_internal_switch = 0
; time_cost = 0
; time_lapse_gcode = 
; timelapse_type = 0
; top_bottom_infill_wall_overlap = 25%
; top_shell_layers = 3
; top_shell_thickness = 1
; top_solid_infill_flow_ratio = 1
; top_surface_acceleration = 1000
; top_surface_jerk = 9
; top_surface_line_width = 0.42
; top_surface_pattern = monotonicline
; top_surface_speed = 60
; travel_acceleration = 2000
; travel_jerk = 10
; travel_slope = 3
; travel_speed = 300
; travel_speed_z = 0
; tree_support_adaptive_layer_height = 1
; tree_support_angle_slow = 25
; tree_support_auto_brim = 1
; tree_support_branch_angle = 40
; tree_support_branch_angle_organic = 40
; tree_support_branch_diameter = 5
; tree_support_branch_diameter_angle = 5
; tree_support_branch_diameter_organic = 2
; tree_support_branch_distance = 5
; tree_support_branch_distance_organic = 1
; tree_support_brim_width = 3
; tree_support_tip_diameter = 0.8
; tree_support_top_rate = 30%
; tree_support_wall_count = 0
; upward_compatible_machine = 
; use_firmware_retraction = 0
; use_relative_e_distances = 1
; wall_direction = auto
; wall_distribution_count = 1
; wall_filament = 1
; wall_generator = classic
; wall_loops = 2
; wall_sequence = outer wall/inner wall
; wall_transition_angle = 10
; wall_transition_filter_deviation = 25%
; wall_transition_length = 100%
; wipe = 0
; wipe_before_external_loop = 0
; wipe_distance = 1
; wipe_on_loops = 0
; wipe_speed = 80%
; wipe_tower_bridging = 10
; wipe_tower_cone_angle = 0
; wipe_tower_extra_flow = 100%
; wipe_tower_extra_spacing = 120%
; wipe_tower_filament = 0
; wipe_tower_max_purge_speed = 90
; wipe_tower_no_sparse_layers = 0
; wipe_tower_rotation_angle = 0
; wipe_tower_x = 0.000
; wipe_tower_y = 250.000
; wiping_volumes_extruders = 70,70,70,70,70,70,70,70,70,70
; xy_contour_compensation = 0
; xy_hole_compensation = 0
; z_hop = 0
; z_hop_types = Auto Lift
; z_offset = 0
; bed_shape = 0x0,220x0,220x220,0x220
; first_layer_height = 0.240
; first_layer_temperature = 220
; first_layer_bed_temperature = 60
; bed_temperature = 60
; AnycubicSlicer_config = end
; CONFIG_BLOCK_END = end



; ams_info = begin
; paint_info = [{"material_type":"PLA","paint_color":[255,255,255],"paint_index":0}]
; ams_info = end

; statistics = begin
; used_filament = 17.55
; print_time = 2h 0m 47s
; model_size = 121.46,184.66,2.44
; total_layers = 12
; statistics = end
