; HEADER_BLOCK_START
; generated by AnycubicSlicerNext 1.4.1.0 on 2026-05-11 at 23:19:55
; total layer number: 11
; filament_density: 1.24
; filament_diameter: 1.75
; max_z_height: 2.24
; exclude_object: 0
; model_instances: 2
; source_info: {"models":[{"file_source":0,"mo_file_id":-1,"name":"USV_1_e2mm.stl_6_B_id_0_copy_0"},{"file_source":0,"mo_file_id":-1,"name":"USV_1_e2mm.stl_5_id_1_copy_0"}],"models_from":0,"plate_index":2,"slice_paras_process":1,"software_version":"AnycubicSlicerNext 1.4.1.0 20260506162140"}
; paint_info = [{"material_type":"PLA","paint_color":[255,255,255],"paint_index":0}]
; project_info = {"flush_multiplier":1.0,"flush_volumes_chan_multipliers":[1.0,1.0,1.0,1.0],"flush_volumes_matrix":[0.0],"flush_volumes_vector":[140.0,140.0]}
; flush_multiplier_calculate_by_acnext: 1
; test_mode: 0
; HEADER_BLOCK_END

; THUMBNAIL_BLOCK_START
; thumbnail begin 230x110 2020
; iVBORw0KGgoAAAANSUhEUgAAAOYAAABuCAYAAAAziW8OAAAFsklEQVR4Ae3dP07lOhTH8SziLmD2gZ
; BeQ0dDBaJCooAFQAEVDVQICegZGgqgACRoQIgOKqCggYYrWmAP970zwk8ZK7n5Zyc+zvcjWaPRTDXk
; N7ZPHJ8kAQAAAAAAAAAAAAAAAAAAAAAAAAAAbVldXd04Pz+/+/r6GqXH09PTcG5ubiEB0I68MKbH9/
; f3n3FxcXGXAPBDZr+iMOaFU4KcAHBHQlUljFlDAp0AaKbO7EgwAU9czI5ZY3t7m2ACVbieHe0xHA5H
; CYByfM2Odij39vaGCYB8Mjvu7+//9h1IM05OTgglkEdmR3nh31YgZby8vLCEBbK0sVzNGysrKxR8gL
; Q2l6tZg30l8MN3dZV9JVBBF/vHvPHw8MC+Ev3W5f4xa8irkdnZ2d8J0Edd7x/zQsm+Er0Uwv4xbxwc
; HBBK9EcoBZ1x4+bmhn0l+kECGUpBZ9yQYs/U1NRGAsQspAprmUGxB1HTFkgZW1tb7CsRJ42BpAKLaI
; X2DrLK4GQPoqM5kDKowCIq2gMpg+N2iIbGPWTW4LgdohBLIE0ol5eX+bYSemk5GFAllLwWgVqxBdKE
; ktciUCv0s6x1B6GESmdnZ3eaglZlxPiu0twQKP+RmtWN/EpflUjID/Lz83NkhqbA9S2URV/nmKZHEt
; CJiYl/EuiTfheZDmZM4YzhAIEErOrH5CacCfRIz5D2DzSmcGoPpYtXVDTaVUB+SI+Pj8Oi2TGGcGr9
; rtL1h+QEM3D2D9sOpx1CzeHUGEpfRxynp6cXEoSnqLAzLqAawymh1HLUzvc1K1dXV+wxQzQYDH6dnp
; 6OPj4+Ks2QWeEMKXx5Q8v51zaON8q/xeLiImeBQ7azszO8v7/PDGeZgGoIp4bzr21d08kJJ0VmZmY2
; Li8vc8NZZhkbajjlQVxfXw/yQeziVkA+/FZIlravr6+FAbVny/TvQwlkyKHs6ntV+ffglj+l1tbW7s
; YtbYuWsyGFM7RQdn2rPK0ClZOlbZXZs2hv2sUI5fOtEC6xZl8ZmaqzZwjBDOWbypA+HmdfGaGyhaFQ
; Atr18jW0+464uyhyTZa28oD4DmnXhZ5QLyDj7qIekKXt7e1to3D6CmhXoQyxTaAZ7Ct7ZHJycsHF7O
; kqoF3MlBq6ktEqsKeaFoZc7EVl/9TmiR4NgZRBsafnTGEo77xtUTibBLTNA+maLh+j2IP/yXnb5+fn
; 2rNn1YDKR85thFLjfbkUe/CXJq9V0g9W0Z9fX197P1amtSsZd+IiV93CUFE4ZfgOpeYb5anAolDdwp
; D9sNmhTDzR3gSJCixKM+dtmxSGzBLt+PjYy4MXQ88VKrCopensubu76/zBi6UJEv070UidwtD7+/to
; c3PTaShj6kqm9aY/BKhsYch1KGPsSsZrEThVZmn7399xEsoYu5LJ4LUIvDDnbd/e3v48aCaQElhXoY
; y1KxmhhHdm9pQHztU7ylgDKYN3lWiNFIaOjo4ahzLmrmRcDQJ1Yu9KJqHkXSXUMDOk/SDHFkxCCRXK
; dCWLJZwcIIAK0m6+7FE+7eEklAie2UfWOWurMZyEEsGbn5/fsN93xhxOCSVH7aCCuZ2vajjTYdQQTs
; 6/QqWQbucjlECKi9v5Qgwlh9KhXpOPsEObNQklolPUDTv0cBJKREtb0yNCiV5pWhgilIAnTQpDbYWU
; UKKXmnbDlvD4CiihRO/VmT3ToXQ9g3KiB/hRpzBkz5gulrmEEshQdWlrz5hN9qGEEhijSjdse7bMmj
; 3LBJRQAiVU6YadF86sgNp/LteB8OkWUFHZwlDVcMrgjh6ggbLdsIuKQPbf99UACeiVom7YeSG095PS
; 1sFHAySgt4peq5QJp+sGSAB+jCsM5YXTR1cyAJZxhaGscLrqtQKgQN6H2OlgSniXlpbuEgDtypo9JZ
; SuGiABqMkuDBFKICCytD08PGQ/CYRmMBj8SgAAAKL1L93uOXv69S8OAAAAAElFTkSuQmCC
; thumbnail end
; THUMBNAIL_BLOCK_END

; external perimeters extrusion width = 0.42mm
; perimeters extrusion width = 0.45mm
; infill extrusion width = 0.45mm
; solid infill extrusion width = 0.42mm
; top infill extrusion width = 0.42mm
; support material extrusion width = 0.40mm
; first layer extrusion width = 0.50mm

; external perimeters extrusion width = 0.42mm
; perimeters extrusion width = 0.45mm
; infill extrusion width = 0.45mm
; solid infill extrusion width = 0.42mm
; top infill extrusion width = 0.42mm
; support material extrusion width = 0.40mm
; first layer extrusion width = 0.50mm

; EXECUTABLE_BLOCK_START
M201 X2000 Y2000 Z800 E2000
M203 X300 Y300 Z8 E100
M204 P2000 R2000 T2000
M205 X10.00 Y10.00 Z2.00 E5.00
;TYPE:Custom
G90 ; use absolute coordinates
M83 ; extruder relative mode
M104 S220 ; set extruder temp
M140 S60 ; set bed temp
M190 S60 ; wait for bed temp
M109 S220 ; wait for extruder temp
G28                                        ; move X/Y/Z to min endstops
G1 Z0.28                                   ; lift nozzle a bit 
G92 E0 
G1 Y3 F1800                                    ; zero the extruded length 
G1 X60  E25 F500                       ; Extrude 25mm of filament in a 5cm line. 
G92 E0                                     ; zero the extruded length again 
G1 E-2 F500                                ; Retract a little 
G1 X70 F4000                              ; Quickly wipe away from the filament line
M117
G90
G21
M83 ; use relative distances for extrusion
; EXECUTABLE_BLOCK_HEAD
; filament start gcode
M75 ; The first extruder is ready.
M106 S0
;LAYER_CHANGE
;Z:0.24
;HEIGHT:0.24
; BEFORE_LAYER_CHANGE 0 @ 0.24mm
G92 E0
; AFTER_LAYER_CHANGE 0 @ 0.24mm
M204 S500
; start of layer_num: 1, T: 0, print_z: 0.240000
; printing object "USV 1 e2mm.stl_6_B" id:0 copy 0
G1 E-.8 F3600
G1 X53.175 Y113.802 F18000
G1 Z.24
G1 E.8 F3600
;TYPE:Brim
;WIDTH:0.5
G1 F2400
G1 X53.392 Y113.204 E.02788
G1 X53.696 Y112.646 E.02788
G1 X54.079 Y112.139 E.02788
G1 X54.534 Y111.694 E.02788
G1 X55.049 Y111.322 E.02788
G1 X55.614 Y111.032 E.02788
G1 X56.216 Y110.828 E.02788
G1 X56.842 Y110.716 E.02788
G1 X57.482 Y110.699 E.02805
G1 X57.826 Y110.729 E.01518
G1 X61.917 Y111.257 E.1809
G1 X66.716 Y111.922 E.21245
G1 X71.511 Y112.618 E.2125
G1 X76.281 Y113.339 E.21158
G1 X81.098 Y114.106 E.2139
G1 X86.869 Y115.069 E.25662
G1 X92.641 Y116.086 E.25702
G1 X98.39 Y117.144 E.25636
G1 X104.144 Y118.25 E.257
G1 X109.88 Y119.403 E.25657
G1 X115.636 Y120.6 E.25783
G1 X121.355 Y121.845 E.25669
G1 X127.063 Y123.142 E.25673
G1 X135.425 Y125.143 E.37705
G1 X138.439 Y125.89 E.13622
G1 X144.129 Y127.344 E.25755
G1 X149.77 Y128.84 E.25594
G1 X155.391 Y130.4 E.25583
G1 X160.987 Y132.018 E.25547
G1 X166.685 Y133.739 E.26103
G1 X168.992 Y134.472 E.10618
G1 X169.59 Y134.713 E.02825
G1 X170.138 Y135.036 E.02793
G1 X170.576 Y135.384 E.02453
G1 X171.505 Y136.226 E.05498
G1 X171.908 Y136.64 E.02534
G1 X172.302 Y137.144 E.02807
G1 X172.615 Y137.698 E.02788
G1 X172.841 Y138.292 E.02788
G1 X172.977 Y138.913 E.02791
G1 X173.02 Y139.505 E.02604
G1 X173.068 Y158.06 E.81371
G1 X173.021 Y158.702 E.02825
G1 X172.882 Y159.322 E.02788
G1 X172.652 Y159.915 E.02788
G1 X172.335 Y160.467 E.0279
G1 X171.963 Y160.941 E.02644
G1 X171.498 Y161.413 E.02907
G1 X170.55 Y162.249 E.05543
G1 X170.037 Y162.638 E.02825
G1 X169.477 Y162.943 E.02796
G1 X169.009 Y163.122 E.02199
G1 X166.613 Y163.882 E.11024
G1 X160.987 Y165.584 E.25776
G1 X155.342 Y167.216 E.25772
G1 X149.71 Y168.775 E.25626
G1 X144.086 Y170.267 E.25521
G1 X138.436 Y171.721 E.25582
G1 X132.737 Y173.112 E.25729
G1 X127.009 Y174.47 E.25817
G1 X121.293 Y175.766 E.25707
G1 X115.617 Y177.002 E.25473
G1 X109.886 Y178.203 E.2568
G1 X104.152 Y179.355 E.2565
G1 X98.337 Y180.471 E.25966
G1 X92.565 Y181.528 E.25739
G1 X86.765 Y182.545 E.25824
G1 X80.974 Y183.507 E.25743
G1 X76.197 Y184.269 E.21217
G1 X71.397 Y185.006 E.21294
G1 X66.561 Y185.695 E.21423
G1 X57.987 Y186.857 E.37948
G1 X57.344 Y186.893 E.02823
G1 X56.711 Y186.835 E.02788
G1 X56.094 Y186.683 E.02788
G1 X55.506 Y186.44 E.02788
G1 X54.961 Y186.113 E.02788
G1 X54.471 Y185.708 E.02788
G1 X54.046 Y185.235 E.02788
G1 X53.697 Y184.705 E.02788
G1 X53.43 Y184.127 E.02788
G1 X53.252 Y183.517 E.02788
G1 X53.167 Y182.883 E.02805
G1 X53.16 Y182.541 E.01502
G1 X53.469 Y167.724 E.64993
G1 X53.503 Y167.258 E.02053
G1 X54.193 Y161.891 E.23728
G1 X55.196 Y148.832 E.5744
G1 X54.117 Y136.062 E.56205
G1 X53.435 Y130.905 E.22815
G1 X53.399 Y130.44 E.02045
G1 X53.017 Y115.068 E.67435
G1 X53.049 Y114.425 E.02825
G1 X53.167 Y113.841 E.02612
G1 X53.608 Y113.931 F18000
G1 F2400
G1 X53.611 Y113.914 E.00077
G1 X53.799 Y113.399 E.02405
G1 X54.08 Y112.881 E.02581
G1 X54.411 Y112.444 E.02405
G1 X54.816 Y112.046 E.02493
G1 X55.293 Y111.701 E.02581
G1 X55.799 Y111.442 E.02493
G1 X56.319 Y111.267 E.02405
G1 X56.898 Y111.163 E.02581
G1 X57.476 Y111.148 E.02534
G1 X61.858 Y111.702 E.19373
G1 X66.653 Y112.366 E.21229
G1 X71.445 Y113.061 E.21234
G1 X76.213 Y113.782 E.21148
G1 X81.025 Y114.548 E.2137
G1 X86.793 Y115.511 E.25645
G1 X92.561 Y116.528 E.25686
G1 X98.306 Y117.585 E.2562
G1 X104.057 Y118.69 E.25684
G1 X109.79 Y119.843 E.25643
G1 X115.543 Y121.039 E.25771
G1 X121.258 Y122.283 E.25651
G1 X126.962 Y123.579 E.25653
G1 X135.319 Y125.579 E.37685
G1 X138.33 Y126.326 E.13606
G1 X144.017 Y127.778 E.2574
G1 X149.652 Y129.273 E.25568
G1 X155.27 Y130.832 E.25567
G1 X160.861 Y132.449 E.25526
G1 X166.551 Y134.167 E.26069
G1 X168.835 Y134.893 E.10512
G1 X169.382 Y135.113 E.02582
G1 X169.876 Y135.402 E.0251
G1 X170.282 Y135.723 E.02273
G1 X171.19 Y136.546 E.05375
G1 X171.575 Y136.941 E.02415
G1 X171.933 Y137.403 E.02564
G1 X172.211 Y137.898 E.02493
G1 X172.412 Y138.43 E.02493
G1 X172.533 Y138.987 E.025
G1 X172.571 Y139.527 E.02372
G1 X172.619 Y158.039 E.81188
G1 X172.574 Y158.646 E.0267
G1 X172.448 Y159.2 E.02493
G1 X172.249 Y159.711 E.02405
G1 X171.967 Y160.207 E.025
G1 X171.621 Y160.65 E.02466
G1 X171.186 Y161.091 E.02715
G1 X170.27 Y161.899 E.05357
G1 X169.801 Y162.254 E.02582
G1 X169.297 Y162.531 E.02522
G1 X168.864 Y162.697 E.02032
G1 X166.479 Y163.454 E.10974
G1 X160.861 Y165.154 E.25743
G1 X155.22 Y166.784 E.25749
G1 X149.592 Y168.342 E.25611
G1 X143.973 Y169.833 E.25498
G1 X138.328 Y171.285 E.2556
G1 X132.633 Y172.675 E.25712
G1 X126.909 Y174.033 E.258
G1 X121.196 Y175.328 E.25689
G1 X115.524 Y176.563 E.25457
G1 X109.797 Y177.763 E.25664
G1 X104.065 Y178.916 E.25639
G1 X98.254 Y180.03 E.25948
G1 X92.486 Y181.087 E.25719
G1 X86.69 Y182.103 E.25808
G1 X80.903 Y183.064 E.25728
G1 X76.127 Y183.826 E.21209
G1 X71.331 Y184.562 E.2128
G1 X66.499 Y185.251 E.21405
G1 X57.949 Y186.409 E.3784
G1 X57.362 Y186.443 E.02578
G1 X56.796 Y186.392 E.02493
G1 X56.244 Y186.258 E.02493
G1 X55.718 Y186.042 E.02493
G1 X55.229 Y185.751 E.02493
G1 X54.79 Y185.39 E.02493
G1 X54.409 Y184.968 E.02493
G1 X54.095 Y184.494 E.02493
G1 X53.856 Y183.979 E.02493
G1 X53.695 Y183.434 E.02493
G1 X53.615 Y182.836 E.02645
G1 X53.917 Y167.742 E.66208
G1 X53.95 Y167.299 E.01948
G1 X54.641 Y161.922 E.23776
G1 X55.643 Y148.878 E.57377
G1 X54.564 Y136.027 E.56554
G1 X53.882 Y130.861 E.22853
G1 X53.847 Y130.42 E.01939
G1 X53.466 Y115.069 E.67347
G1 X53.498 Y114.471 E.02626
G1 X53.6 Y113.97 E.0224
G1 X54.039 Y114.06 F18000
G1 F2400
G1 X54.042 Y114.046 E.00065
G1 X54.205 Y113.593 E.02112
G1 X54.464 Y113.117 E.02374
G1 X54.755 Y112.734 E.02112
G1 X55.099 Y112.396 E.0211
G1 X55.537 Y112.08 E.0237
G1 X55.965 Y111.861 E.0211
G1 X56.421 Y111.706 E.02112
G1 X56.934 Y111.612 E.02284
G1 X57.463 Y111.599 E.02324
G1 X61.8 Y112.147 E.19171
G1 X66.591 Y112.81 E.21209
G1 X71.379 Y113.505 E.21218
G1 X76.145 Y114.225 E.21139
G1 X80.952 Y114.991 E.21351
G1 X86.716 Y115.953 E.25627
G1 X92.482 Y116.969 E.25676
G1 X98.223 Y118.025 E.256
G1 X103.97 Y119.13 E.25668
G1 X109.7 Y120.282 E.25629
G1 X115.45 Y121.478 E.2576
G1 X121.161 Y122.721 E.25634
G1 X126.861 Y124.016 E.25634
G1 X135.213 Y126.015 E.37664
G1 X138.221 Y126.761 E.13591
G1 X143.905 Y128.212 E.25725
G1 X149.534 Y129.706 E.25542
G1 X155.148 Y131.263 E.25552
G1 X160.734 Y132.879 E.25504
G1 X166.417 Y134.595 E.26035
G1 X168.679 Y135.314 E.10408
G1 X169.175 Y135.513 E.02342
G1 X169.614 Y135.768 E.02229
G1 X169.989 Y136.063 E.0209
G1 X170.876 Y136.866 E.05248
G1 X171.24 Y137.242 E.02295
G1 X171.563 Y137.66 E.02318
G1 X171.807 Y138.098 E.02198
G1 X171.983 Y138.567 E.02198
G1 X172.088 Y139.06 E.02211
G1 X172.123 Y139.548 E.02144
G1 X172.171 Y158.018 E.81002
G1 X172.127 Y158.589 E.02513
G1 X172.02 Y159.059 E.02113
G1 X171.847 Y159.509 E.02116
G1 X171.599 Y159.948 E.02211
G1 X171.278 Y160.359 E.02286
G1 X170.874 Y160.768 E.02521
G1 X169.99 Y161.548 E.05172
G1 X169.548 Y161.882 E.02429
G1 X169.115 Y162.119 E.02163
G1 X168.719 Y162.272 E.01862
G1 X166.345 Y163.026 E.10923
G1 X160.734 Y164.723 E.2571
G1 X155.099 Y166.353 E.25726
G1 X149.474 Y167.91 E.25595
G1 X143.86 Y169.399 E.25476
G1 X138.22 Y170.85 E.25539
G1 X132.528 Y172.239 E.25695
G1 X126.808 Y173.596 E.25783
G1 X121.099 Y174.89 E.25671
G1 X115.431 Y176.124 E.25442
G1 X109.707 Y177.324 E.25648
G1 X103.978 Y178.476 E.25627
G1 X98.171 Y179.589 E.25931
G1 X92.407 Y180.645 E.25698
G1 X86.615 Y181.66 E.25791
G1 X80.831 Y182.622 E.25713
G1 X76.057 Y183.383 E.212
G1 X71.265 Y184.119 E.21265
G1 X66.437 Y184.807 E.21387
G1 X57.911 Y185.962 E.37732
G1 X57.379 Y185.993 E.02336
G1 X56.88 Y185.949 E.022
G1 X56.392 Y185.832 E.02198
G1 X55.928 Y185.644 E.02198
G1 X55.497 Y185.388 E.02198
G1 X55.108 Y185.071 E.02198
G1 X54.771 Y184.7 E.02198
G1 X54.493 Y184.283 E.02198
G1 X54.281 Y183.829 E.02198
G1 X54.138 Y183.35 E.02195
G1 X54.064 Y182.8 E.02433
G1 X54.365 Y167.76 E.65973
G1 X54.397 Y167.341 E.01841
G1 X55.088 Y161.953 E.23824
G1 X56.089 Y148.923 E.57315
G1 X55.012 Y135.993 E.56901
G1 X54.329 Y130.818 E.22893
G1 X54.296 Y130.401 E.01834
G1 X53.915 Y115.07 E.67257
G1 X53.946 Y114.518 E.02423
G1 X54.031 Y114.099 E.01874
G1 X54.471 Y114.189 F18000
G1 F2400
G1 X54.473 Y114.177 E.00056
G1 X54.612 Y113.786 E.01818
G1 X54.848 Y113.353 E.02163
G1 X55.087 Y113.039 E.01733
G1 X55.381 Y112.747 E.01816
G1 X55.781 Y112.459 E.0216
G1 X56.15 Y112.272 E.01816
G1 X56.525 Y112.144 E.01737
G1 X56.99 Y112.06 E.02074
G1 X57.451 Y112.049 E.02022
G1 X61.742 Y112.591 E.18969
G1 X66.528 Y113.254 E.21189
G1 X71.312 Y113.949 E.21202
G1 X76.076 Y114.668 E.2113
G1 X80.88 Y115.434 E.21331
G1 X86.64 Y116.395 E.2561
G1 X92.403 Y117.411 E.25665
G1 X98.139 Y118.466 E.2558
G1 X103.883 Y119.57 E.25652
G1 X109.609 Y120.721 E.25615
G1 X115.357 Y121.917 E.25748
G1 X121.065 Y123.159 E.25616
G1 X126.76 Y124.453 E.25614
G1 X135.108 Y126.451 E.37644
G1 X138.112 Y127.196 E.13575
G1 X143.792 Y128.646 E.2571
G1 X149.416 Y130.138 E.25516
G1 X155.026 Y131.695 E.25536
G1 X160.608 Y133.309 E.25482
G1 X166.284 Y135.023 E.26001
G1 X168.523 Y135.735 E.10304
G1 X168.968 Y135.913 E.02105
G1 X169.353 Y136.135 E.0195
G1 X169.696 Y136.403 E.01904
G1 X170.561 Y137.186 E.05118
G1 X170.905 Y137.542 E.02173
G1 X171.182 Y137.9 E.01982
G1 X171.394 Y138.278 E.01903
G1 X171.554 Y138.703 E.01992
G1 X171.644 Y139.132 E.01923
G1 X171.674 Y139.569 E.01918
G1 X171.722 Y157.996 E.80816
G1 X171.68 Y158.532 E.02356
G1 X171.587 Y158.937 E.01823
G1 X171.444 Y159.308 E.01743
G1 X171.219 Y159.706 E.02006
G1 X170.935 Y160.068 E.02016
G1 X170.569 Y160.438 E.02284
G1 X169.702 Y161.203 E.05072
G1 X169.311 Y161.498 E.02145
G1 X168.917 Y161.714 E.01972
G1 X168.566 Y161.851 E.01651
G1 X166.212 Y162.598 E.10833
G1 X160.608 Y164.293 E.25676
G1 X154.976 Y165.921 E.2571
G1 X149.358 Y167.477 E.25567
G1 X143.746 Y168.965 E.25464
G1 X138.112 Y170.415 E.25513
G1 X132.423 Y171.803 E.25681
G1 X126.707 Y173.159 E.25763
G1 X121.003 Y174.452 E.25653
G1 X115.338 Y175.685 E.25426
G1 X109.617 Y176.884 E.25633
G1 X103.891 Y178.036 E.25616
G1 X98.088 Y179.148 E.25914
G1 X92.329 Y180.204 E.25678
G1 X86.539 Y181.218 E.2578
G1 X80.759 Y182.179 E.25697
G1 X75.987 Y182.94 E.21189
G1 X71.2 Y183.675 E.21243
G1 X66.375 Y184.363 E.21375
G1 X57.873 Y185.514 E.37626
G1 X57.396 Y185.543 E.02098
G1 X56.962 Y185.506 E.01908
G1 X56.54 Y185.406 E.01903
G1 X56.137 Y185.244 E.01903
G1 X55.763 Y185.025 E.01903
G1 X55.426 Y184.751 E.01903
G1 X55.133 Y184.431 E.01903
G1 X54.891 Y184.071 E.01903
G1 X54.705 Y183.678 E.01903
G1 X54.581 Y183.265 E.01892
G1 X54.513 Y182.764 E.02218
G1 X54.814 Y167.777 E.65738
G1 X54.844 Y167.383 E.01734
G1 X55.536 Y161.984 E.23872
G1 X56.535 Y148.968 E.57253
G1 X55.459 Y135.959 E.57246
G1 X54.775 Y130.774 E.22935
G1 X54.744 Y130.381 E.01729
G1 X54.364 Y115.071 E.67164
G1 X54.394 Y114.566 E.0222
G1 X54.463 Y114.229 E.0151
G1 X54.903 Y114.32 F18000
G1 F2400
G1 X54.909 Y114.289 E.00142
G1 X55.02 Y113.98 E.01438
G1 X55.232 Y113.589 E.01949
G1 X55.432 Y113.329 E.01441
G1 X55.665 Y113.098 E.01437
G1 X56.024 Y112.839 E.01944
G1 X56.316 Y112.691 E.01437
G1 X56.628 Y112.583 E.01448
G1 X57.025 Y112.509 E.01769
G1 X57.438 Y112.5 E.01811
G1 X61.684 Y113.036 E.18771
G1 X66.465 Y113.699 E.21169
G1 X71.246 Y114.392 E.21186
G1 X76.008 Y115.112 E.21121
G1 X80.807 Y115.876 E.21311
G1 X86.563 Y116.837 E.25594
G1 X92.324 Y117.852 E.25653
G1 X98.056 Y118.907 E.25559
G1 X103.796 Y120.01 E.25635
G1 X109.519 Y121.161 E.25601
G1 X115.264 Y122.356 E.25737
G1 X120.968 Y123.597 E.25598
G1 X126.659 Y124.89 E.25594
G1 X135.002 Y126.887 E.37624
G1 X138.003 Y127.631 E.1356
G1 X143.68 Y129.08 E.25695
G1 X149.297 Y130.571 E.25489
G1 X154.905 Y132.127 E.25521
G1 X160.482 Y133.74 E.2546
G1 X166.15 Y135.451 E.25967
G1 X168.367 Y136.156 E.10201
G1 X168.763 Y136.314 E.01872
G1 X169.094 Y136.504 E.01672
G1 X169.41 Y136.749 E.01757
G1 X170.246 Y137.506 E.04942
G1 X170.57 Y137.842 E.02051
G1 X170.812 Y138.156 E.01738
G1 X170.99 Y138.477 E.0161
G1 X171.124 Y138.839 E.01691
G1 X171.199 Y139.204 E.01634
G1 X171.226 Y139.589 E.01696
G1 X171.274 Y157.974 E.80627
G1 X171.234 Y158.473 E.02197
G1 X171.159 Y158.796 E.01452
G1 X171.041 Y159.106 E.01458
G1 X170.839 Y159.464 E.018
G1 X170.592 Y159.776 E.01745
G1 X170.264 Y160.109 E.0205
G1 X169.414 Y160.859 E.04971
G1 X169.075 Y161.115 E.01863
G1 X168.719 Y161.31 E.01781
G1 X168.413 Y161.429 E.01439
G1 X166.078 Y162.17 E.10743
G1 X160.481 Y163.863 E.25643
G1 X154.853 Y165.49 E.25694
G1 X149.241 Y167.044 E.25538
G1 X143.632 Y168.531 E.25451
G1 X138.004 Y169.98 E.25488
G1 X132.318 Y171.367 E.25668
G1 X126.606 Y172.722 E.25742
G1 X120.906 Y174.014 E.25635
G1 X115.245 Y175.247 E.25409
G1 X109.527 Y176.445 E.25617
G1 X103.804 Y177.596 E.25604
G1 X98.005 Y178.708 E.25896
G1 X92.25 Y179.762 E.25657
G1 X86.463 Y180.776 E.25768
G1 X80.686 Y181.737 E.25681
G1 X75.918 Y182.497 E.21177
G1 X71.135 Y183.231 E.21222
G1 X66.312 Y183.919 E.21363
G1 X57.835 Y185.067 E.3752
G1 X57.411 Y185.093 E.01863
G1 X57.043 Y185.063 E.01618
G1 X56.686 Y184.98 E.01609
G1 X56.345 Y184.845 E.01609
G1 X56.028 Y184.66 E.01609
G1 X55.742 Y184.43 E.01609
G1 X55.493 Y184.161 E.01609
G1 X55.287 Y183.857 E.01609
G1 X55.129 Y183.526 E.01609
G1 X55.024 Y183.18 E.01586
G1 X54.962 Y182.728 E.02002
G1 X55.262 Y167.795 E.65502
G1 X55.291 Y167.425 E.01627
G1 X55.983 Y162.015 E.23921
G1 X56.981 Y148.92 E.57596
G1 X55.906 Y135.925 E.57185
G1 X55.222 Y130.73 E.22979
G1 X55.192 Y130.361 E.01623
G1 X54.813 Y115.084 E.67021
G1 X54.841 Y114.615 E.02063
G1 X54.895 Y114.36 E.01143
G1 X55.339 Y114.48 F18000
G1 F2400
G1 X55.433 Y114.174 E.01404
G1 X55.575 Y113.895 E.01372
G1 X55.805 Y113.595 E.01655
G1 X56.11 Y113.33 E.01774
G1 X56.38 Y113.167 E.01381
G1 X56.74 Y113.028 E.01693
G1 X57.139 Y112.952 E.01784
G1 X57.568 Y112.957 E.01881
G1 X61.611 Y113.479 E.17878
G1 X66.38 Y114.139 E.21115
G1 X71.17 Y114.834 E.21228
G1 X75.958 Y115.558 E.21236
G1 X80.744 Y116.32 E.21252
G1 X86.499 Y117.28 E.25587
G1 X92.264 Y118.297 E.25676
G1 X97.983 Y119.349 E.25499
G1 X103.72 Y120.452 E.25622
G1 X109.441 Y121.602 E.25591
G1 X115.16 Y122.792 E.2562
G1 X120.837 Y124.027 E.25477
G1 X126.547 Y125.324 E.25684
G1 X132.203 Y126.666 E.25491
G1 X137.864 Y128.058 E.25569
G1 X143.533 Y129.505 E.25657
G1 X149.16 Y130.998 E.25532
G1 X154.77 Y132.555 E.25533
G1 X160.391 Y134.18 E.25663
G1 X165.972 Y135.865 E.25565
G1 X168.293 Y136.603 E.10681
G1 X169.102 Y137.075 E.0411
G1 X170.028 Y137.917 E.05488
G1 X170.204 Y138.099 E.01112
G1 X170.572 Y138.673 E.0299
G1 X170.625 Y138.79 E.00563
G1 X170.709 Y139.059 E.01235
G1 X170.764 Y139.373 E.01399
G1 X170.825 Y158.034 E.8184
G1 X170.778 Y158.431 E.01756
G1 X170.677 Y158.786 E.01618
G1 X170.405 Y159.287 E.02501
G1 X169.999 Y159.746 E.02685
G1 X169.096 Y160.542 E.05279
G1 X168.414 Y160.945 E.03474
G1 X165.961 Y161.736 E.11306
G1 X160.385 Y163.423 E.25546
G1 X154.767 Y165.048 E.25649
G1 X149.146 Y166.605 E.25582
G1 X143.539 Y168.092 E.25441
G1 X137.88 Y169.548 E.25627
G1 X132.194 Y170.936 E.25668
G1 X126.537 Y172.278 E.25498
G1 X120.834 Y173.571 E.25646
G1 X115.133 Y174.812 E.25589
G1 X109.427 Y176.007 E.25564
G1 X103.694 Y177.16 E.25646
G1 X97.932 Y178.265 E.25733
G1 X92.196 Y179.316 E.25572
G1 X86.412 Y180.33 E.25753
G1 X80.62 Y181.293 E.25752
G1 X75.833 Y182.056 E.21258
G1 X71.037 Y182.792 E.2128
G1 X61.548 Y184.123 E.42021
G1 X57.732 Y184.629 E.16884
G1 X57.16 Y184.611 E.02507
G1 X56.644 Y184.48 E.02336
G1 X56.425 Y184.374 E.01069
G1 X56.216 Y184.236 E.01095
G1 X55.797 Y183.802 E.02648
G1 X55.639 Y183.542 E.01334
G1 X55.493 Y183.185 E.01692
G1 X55.426 Y182.884 E.01352
G1 X55.405 Y182.627 E.01129
G1 X55.71 Y167.794 E.65069
G1 X56.425 Y162.114 E.25107
G1 X57.444 Y148.805 E.58535
G1 X56.348 Y135.826 E.57125
G1 X55.64 Y130.362 E.24164
G1 X55.26 Y115.052 E.67165
G1 X55.333 Y114.519 E.02357
G1 X55.776 Y114.587 F18000
G1 F2400
G1 X55.783 Y114.539 E.00215
G1 X55.861 Y114.31 E.01062
G1 X55.974 Y114.098 E.01052
G1 X56.159 Y113.87 E.01288
G1 X56.401 Y113.671 E.01372
G1 X56.61 Y113.552 E.01054
G1 X56.902 Y113.446 E.01365
G1 X57.128 Y113.401 E.01009
G1 X57.503 Y113.4 E.01645
G1 X61.549 Y113.923 E.17892
G1 X66.319 Y114.584 E.21119
G1 X71.106 Y115.278 E.21215
G1 X75.887 Y116.001 E.21205
G1 X80.674 Y116.763 E.21257
G1 X86.425 Y117.723 E.25573
G1 X92.187 Y118.739 E.25658
G1 X97.902 Y119.79 E.25484
G1 X103.636 Y120.893 E.25607
G1 X109.353 Y122.042 E.25574
G1 X115.064 Y123.23 E.25585
G1 X120.742 Y124.465 E.25482
G1 X126.443 Y125.761 E.25641
G1 X132.1 Y127.102 E.25496
G1 X137.758 Y128.494 E.25552
G1 X143.422 Y129.94 E.2564
G1 X149.039 Y131.43 E.25485
G1 X154.645 Y132.985 E.25511
G1 X160.261 Y134.61 E.2564
G1 X165.843 Y136.295 E.25573
G1 X168.164 Y137.033 E.1068
G1 X168.791 Y137.397 E.03181
G1 X169.729 Y138.252 E.05565
G1 X169.888 Y138.418 E.01007
G1 X170.195 Y138.915 E.02562
G1 X170.283 Y139.2 E.0131
G1 X170.322 Y139.45 E.01109
G1 X170.377 Y158.043 E.81543
G1 X170.332 Y158.382 E.01499
G1 X170.245 Y158.667 E.01304
G1 X170.011 Y159.074 E.02062
G1 X169.709 Y159.404 E.0196
G1 X168.79 Y160.214 E.05371
G1 X168.181 Y160.562 E.03077
G1 X165.832 Y161.307 E.10806
G1 X160.255 Y162.994 E.25555
G1 X154.642 Y164.618 E.25624
G1 X149.025 Y166.173 E.2556
G1 X143.423 Y167.659 E.25419
G1 X137.767 Y169.114 E.25613
G1 X132.091 Y170.499 E.25625
G1 X126.433 Y171.841 E.25503
G1 X120.734 Y173.133 E.25625
G1 X115.036 Y174.374 E.25573
G1 X109.335 Y175.569 E.25548
G1 X103.61 Y176.72 E.25608
G1 X97.852 Y177.824 E.25716
G1 X92.115 Y178.875 E.25578
G1 X86.339 Y179.887 E.25715
G1 X80.55 Y180.85 E.2574
G1 X75.766 Y181.613 E.21247
G1 X70.968 Y182.349 E.21285
G1 X61.486 Y183.679 E.41994
G1 X57.662 Y184.185 E.16914
G1 X57.168 Y184.163 E.02169
G1 X56.852 Y184.083 E.0143
G1 X56.612 Y183.967 E.01169
G1 X56.464 Y183.863 E.00792
G1 X56.182 Y183.571 E.01781
G1 X56.054 Y183.37 E.01048
G1 X55.931 Y183.088 E.0135
G1 X55.873 Y182.85 E.01074
G1 X55.853 Y182.643 E.00909
G1 X56.159 Y167.796 E.65129
G1 X56.871 Y162.162 E.24903
G1 X57.895 Y148.815 E.5871
G1 X56.794 Y135.775 E.57388
G1 X56.089 Y130.358 E.23959
G1 X55.708 Y115.03 E.67244
G1 X55.77 Y114.627 E.01787
G1 X56.209 Y114.704 F18000
G1 F2400
G1 X56.226 Y114.608 E.00428
G1 X56.281 Y114.464 E.00677
G1 X56.368 Y114.312 E.00768
G1 X56.503 Y114.158 E.00896
G1 X56.679 Y114.023 E.00973
G1 X56.827 Y113.944 E.00737
G1 X57.052 Y113.868 E.01044
G1 X57.212 Y113.841 E.00708
G1 X57.437 Y113.844 E.00988
G1 X61.487 Y114.367 E.17909
G1 X66.258 Y115.028 E.21124
G1 X71.042 Y115.722 E.21203
G1 X75.816 Y116.443 E.21174
G1 X80.604 Y117.206 E.21261
G1 X86.352 Y118.165 E.25559
G1 X92.105 Y119.18 E.2562
G1 X97.821 Y120.232 E.25489
G1 X103.552 Y121.333 E.25591
G1 X109.265 Y122.482 E.25557
G1 X114.968 Y123.668 E.25549
G1 X120.647 Y124.904 E.25487
G1 X126.339 Y126.197 E.25599
G1 X131.997 Y127.539 E.25501
G1 X137.651 Y128.929 E.25535
G1 X143.312 Y130.375 E.25624
G1 X148.925 Y131.864 E.25467
G1 X154.519 Y133.416 E.25461
G1 X160.13 Y135.039 E.25617
G1 X165.714 Y136.725 E.2558
G1 X168.035 Y137.462 E.10679
G1 X168.479 Y137.72 E.02254
G1 X169.431 Y138.586 E.05643
G1 X169.568 Y138.733 E.00881
G1 X169.769 Y139.055 E.01661
G1 X169.838 Y139.259 E.00946
G1 X169.88 Y139.528 E.01197
G1 X169.928 Y158.053 E.81244
G1 X169.888 Y158.325 E.01202
G1 X169.818 Y158.532 E.0096
G1 X169.682 Y158.769 E.01199
G1 X169.418 Y159.063 E.01732
G1 X168.484 Y159.886 E.05457
G1 X168.052 Y160.132 E.02182
G1 X165.703 Y160.877 E.10807
G1 X160.131 Y162.563 E.25531
G1 X154.517 Y164.187 E.25631
G1 X148.905 Y165.741 E.25537
G1 X143.308 Y167.226 E.25397
G1 X137.654 Y168.68 E.256
G1 X131.988 Y170.063 E.25581
G1 X126.328 Y171.405 E.25509
G1 X120.634 Y172.696 E.25605
G1 X114.945 Y173.935 E.25535
G1 X109.242 Y175.13 E.25553
G1 X103.526 Y176.279 E.2557
G1 X97.771 Y177.383 E.25699
G1 X92.033 Y178.434 E.25583
G1 X86.261 Y179.446 E.25699
G1 X80.48 Y180.407 E.25705
G1 X75.698 Y181.169 E.21236
G1 X70.907 Y181.905 E.21257
G1 X61.423 Y183.235 E.42
G1 X57.592 Y183.742 E.1695
G1 X57.188 Y183.715 E.01774
G1 X57.039 Y183.675 E.00677
G1 X56.878 Y183.605 E.00768
G1 X56.711 Y183.488 E.00896
G1 X56.558 Y183.327 E.00973
G1 X56.464 Y183.188 E.00736
G1 X56.364 Y182.973 E.01043
G1 X56.32 Y182.817 E.00707
G1 X56.299 Y182.594 E.00985
G1 X56.607 Y167.798 E.64902
G1 X57.317 Y162.211 E.24699
G1 X58.346 Y148.824 E.58885
G1 X57.239 Y135.724 E.57653
G1 X56.537 Y130.354 E.23753
G1 X56.156 Y115.007 E.67327
G1 X56.202 Y114.744 E.01171
G1 X56.635 Y114.837 F18000
G1 F2400
G1 X56.666 Y114.695 E.00637
G1 X56.764 Y114.522 E.00872
G1 X56.96 Y114.373 E.01081
G1 X57.206 Y114.289 E.01139
G1 X57.372 Y114.288 E.00726
G1 X61.425 Y114.811 E.17922
G1 X66.197 Y115.472 E.21128
G1 X70.975 Y116.165 E.21174
G1 X75.745 Y116.886 E.21159
G1 X80.534 Y117.649 E.21265
G1 X86.279 Y118.608 E.25545
G1 X92.024 Y119.621 E.25583
G1 X97.741 Y120.673 E.25493
G1 X103.467 Y121.774 E.25575
G1 X109.173 Y122.921 E.25523
G1 X114.873 Y124.106 E.25531
G1 X120.552 Y125.342 E.25492
G1 X126.235 Y126.633 E.25557
G1 X131.894 Y127.975 E.25506
G1 X137.545 Y129.365 E.25519
G1 X143.202 Y130.81 E.25606
G1 X148.811 Y132.298 E.25449
G1 X154.394 Y133.846 E.25411
G1 X160 Y135.468 E.25593
G1 X165.586 Y137.154 E.25589
G1 X167.906 Y137.892 E.10678
G1 X168.168 Y138.044 E.0133
G1 X169.133 Y138.922 E.0572
G1 X169.246 Y139.045 E.00735
G1 X169.347 Y139.207 E.00838
G1 X169.397 Y139.334 E.00597
G1 X169.432 Y139.519 E.00826
G1 X169.48 Y158.065 E.81333
G1 X169.446 Y158.251 E.00829
G1 X169.397 Y158.378 E.006
G1 X169.296 Y158.541 E.00841
G1 X169.127 Y158.721 E.01081
G1 X168.179 Y159.557 E.05544
G1 X167.923 Y159.702 E.0129
G1 X165.574 Y160.448 E.10808
G1 X160 Y162.134 E.25538
G1 X154.391 Y163.756 E.25607
G1 X148.791 Y165.307 E.25486
G1 X143.196 Y166.791 E.25384
G1 X137.542 Y168.246 E.25605
G1 X131.885 Y169.626 E.25538
G1 X126.224 Y170.969 E.25514
G1 X120.535 Y172.259 E.25586
G1 X114.854 Y173.496 E.25498
G1 X109.15 Y174.691 E.25557
G1 X103.437 Y175.839 E.25554
G1 X97.691 Y176.941 E.25661
G1 X91.952 Y177.993 E.25589
G1 X86.184 Y179.004 E.25683
G1 X80.409 Y179.964 E.2567
G1 X75.63 Y180.726 E.21225
G1 X70.845 Y181.46 E.2123
G1 X61.36 Y182.791 E.42005
G1 X57.519 Y183.299 E.16991
G1 X57.228 Y183.268 E.01287
G1 X57.045 Y183.189 E.00872
G1 X56.875 Y183.01 E.01081
G1 X56.767 Y182.775 E.01138
G1 X56.747 Y182.611 E.00724
G1 X57.056 Y167.8 E.64967
G1 X57.764 Y162.26 E.24494
G1 X58.797 Y148.811 E.59156
G1 X57.685 Y135.673 E.57824
G1 X56.986 Y130.35 E.23547
G1 X56.604 Y114.982 E.67417
G1 X56.627 Y114.876 E.00474
G1 X57.052 Y114.96 F18000
G1 F2400
G1 X57.097 Y114.819 E.00648
G1 X57.22 Y114.737 E.00648
G1 X57.305 Y114.732 E.00374
G1 X61.362 Y115.255 E.17941
G1 X66.136 Y115.917 E.21133
G1 X70.907 Y116.609 E.21146
G1 X75.679 Y117.33 E.21164
G1 X80.463 Y118.092 E.21248
G1 X86.206 Y119.05 E.25532
G1 X91.942 Y120.062 E.25545
G1 X97.66 Y121.114 E.25498
G1 X103.383 Y122.214 E.25559
G1 X109.085 Y123.361 E.25506
G1 X114.777 Y124.544 E.25495
G1 X120.458 Y125.78 E.25498
G1 X126.131 Y127.069 E.25515
G1 X131.791 Y128.412 E.25511
G1 X137.438 Y129.801 E.25504
G1 X143.091 Y131.244 E.25589
G1 X148.69 Y132.729 E.25402
G1 X154.269 Y134.277 E.2539
G1 X159.87 Y135.897 E.2557
G1 X165.457 Y137.584 E.25597
G1 X167.777 Y138.322 E.10676
G1 X167.859 Y138.369 E.00418
G1 X168.799 Y139.221 E.0556
G1 X168.925 Y139.358 E.00817
G1 X168.983 Y139.508 E.00707
G1 X169.031 Y158.078 E.81442
G1 X168.973 Y158.23 E.0071
G1 X168.835 Y158.381 E.00899
G1 X167.874 Y159.227 E.05615
G1 X167.794 Y159.273 E.00406
G1 X165.445 Y160.018 E.10808
G1 X159.87 Y161.705 E.25546
G1 X154.266 Y163.326 E.25583
G1 X148.676 Y164.873 E.25435
G1 X143.081 Y166.358 E.2539
G1 X137.429 Y167.812 E.25592
G1 X131.778 Y169.191 E.25511
G1 X126.12 Y170.533 E.25503
G1 X120.435 Y171.822 E.25566
G1 X114.758 Y173.058 E.2548
G1 X109.057 Y174.252 E.25542
G1 X103.354 Y175.399 E.25516
G1 X97.611 Y176.5 E.25644
G1 X91.87 Y177.552 E.25594
G1 X86.106 Y178.562 E.25668
G1 X80.339 Y179.521 E.25636
G1 X75.559 Y180.283 E.21228
G1 X70.784 Y181.016 E.21188
G1 X61.297 Y182.347 E.42011
G1 X57.449 Y182.856 E.17024
G1 X57.305 Y182.826 E.00648
G1 X57.21 Y182.713 E.00648
G1 X57.196 Y182.629 E.00373
G1 X57.504 Y167.802 E.65039
G1 X58.21 Y162.309 E.24288
G1 X59.247 Y148.798 E.59428
G1 X58.131 Y135.622 E.57995
G1 X57.434 Y130.346 E.23339
G1 X57.053 Y115 E.67323
G1 E-.8 F3600
G1 X57.753 Y182.261 F18000
G1 E.8 F3600
;TYPE:Outer wall
G1 F2400
G1 X58.053 Y167.831 E.63298
G1 X58.756 Y162.365 E.24169
G1 X59.798 Y148.796 E.59684
G1 X58.677 Y135.562 E.58247
G1 X57.983 Y130.315 E.23214
G1 X57.611 Y115.325 E.6576
G1 X57.685 Y115.335 E.0033
G1 X61.288 Y115.8 E.15933
G1 X66.058 Y116.46 E.21116
G1 X70.826 Y117.152 E.2113
G1 X75.595 Y117.873 E.21154
G1 X80.376 Y118.634 E.2123
G1 X86.114 Y119.592 E.25513
G1 X91.844 Y120.602 E.25516
G1 X97.559 Y121.654 E.25488
G1 X103.278 Y122.753 E.25539
G1 X108.976 Y123.899 E.25488
G1 X114.661 Y125.081 E.25467
G1 X120.339 Y126.317 E.25485
G1 X126.005 Y127.604 E.25482
G1 X134.322 Y129.594 E.37502
G1 X137.305 Y130.334 E.13481
G1 X142.954 Y131.776 E.25568
G1 X148.545 Y133.259 E.25368
G1 X154.118 Y134.805 E.25364
G1 X159.713 Y136.423 E.25541
G1 X165.296 Y138.109 E.25578
G1 X167.542 Y138.823 E.10335
G1 X168.434 Y139.648 E.05328
G1 X168.482 Y157.954 E.80286
G1 X167.563 Y158.77 E.05391
G1 X165.284 Y159.493 E.10484
G1 X159.713 Y161.179 E.25528
G1 X154.118 Y162.797 E.25543
G1 X148.534 Y164.343 E.25408
G1 X142.943 Y165.826 E.2537
G1 X137.294 Y167.279 E.25577
G1 X131.65 Y168.657 E.25479
G1 X125.995 Y169.998 E.25491
G1 X120.316 Y171.285 E.25535
G1 X114.642 Y172.521 E.25468
G1 X108.946 Y173.714 E.25523
G1 X103.249 Y174.86 E.25487
G1 X97.51 Y175.96 E.25624
G1 X91.773 Y177.012 E.25582
G1 X86.012 Y178.021 E.25648
G1 X80.252 Y178.979 E.25611
G1 X75.475 Y179.74 E.21213
G1 X70.702 Y180.473 E.21177
G1 X65.934 Y181.153 E.21121
G1 X57.773 Y182.259 E.36122
G1 X58.212 Y181.746 F18000
;TYPE:Inner wall
G1 F2400
G1 X58.501 Y167.865 E.60893
G1 X59.202 Y162.411 E.24114
G1 X60.248 Y148.794 E.59893
G1 X59.123 Y135.514 E.58452
G1 X58.431 Y130.28 E.23156
G1 X58.072 Y115.837 E.63361
G1 X61.229 Y116.244 E.1396
G1 X65.995 Y116.904 E.21101
G1 X70.76 Y117.596 E.21117
G1 X75.527 Y118.316 E.21141
G1 X80.304 Y119.077 E.21215
G1 X86.038 Y120.034 E.25496
G1 X91.764 Y121.044 E.255
G1 X97.477 Y122.095 E.25473
G1 X103.192 Y123.194 E.25523
G1 X108.886 Y124.338 E.25474
G1 X114.568 Y125.52 E.25451
G1 X120.242 Y126.755 E.25467
G1 X125.904 Y128.041 E.25462
G1 X134.215 Y130.03 E.37482
G1 X137.196 Y130.769 E.13467
G1 X142.841 Y132.21 E.25552
G1 X148.427 Y133.692 E.25347
G1 X153.996 Y135.237 E.25341
G1 X159.585 Y136.853 E.2552
G1 X165.163 Y138.537 E.25552
G1 X167.311 Y139.22 E.09884
G1 X167.986 Y139.844 E.04033
G1 X168.033 Y157.757 E.7856
G1 X167.337 Y158.371 E.0407
G1 X165.151 Y159.065 E.10057
G1 X159.585 Y160.749 E.25503
G1 X153.995 Y162.365 E.2552
G1 X148.417 Y163.91 E.25386
G1 X142.829 Y165.392 E.25352
G1 X137.185 Y166.844 E.25558
G1 X131.545 Y168.221 E.25461
G1 X125.894 Y169.561 E.25475
G1 X120.219 Y170.847 E.25517
G1 X114.549 Y172.082 E.25452
G1 X108.856 Y173.275 E.25507
G1 X103.162 Y174.42 E.2547
G1 X97.428 Y175.519 E.25607
G1 X91.693 Y176.57 E.25567
G1 X85.937 Y177.579 E.25631
G1 X80.179 Y178.536 E.25596
G1 X75.406 Y179.297 E.21201
G1 X70.637 Y180.029 E.2116
G1 X65.873 Y180.708 E.21104
G1 X58.232 Y181.744 E.33816
G1 E-.8 F3600
G1 X165.959 Y138.932 F18000
G1 E.8 F3600
;TYPE:Bottom surface
;WIDTH:0.500937
G1 F3000
G1 X167.652 Y140.625 E.10522
G1 X167.654 Y141.262 E.02801
G1 X165.338 Y138.946 E.14394
G1 X164.421 Y138.665 E.04214
G1 X167.655 Y141.899 E.20103
G1 X167.657 Y142.536 E.02801
G1 X163.51 Y138.39 E.25772
G1 X162.6 Y138.115 E.0418
G1 X167.659 Y143.174 E.31441
G1 X167.66 Y143.811 E.02801
G1 X161.689 Y137.84 E.37111
G1 X160.779 Y137.565 E.0418
G1 X167.662 Y144.448 E.4278
G1 X167.663 Y145.085 E.02801
G1 X159.868 Y137.29 E.48449
G1 X158.967 Y137.025 E.04128
G1 X167.665 Y145.723 E.54059
G1 X167.667 Y146.36 E.02801
G1 X158.073 Y136.766 E.59627
G1 X157.179 Y136.508 E.04091
G1 X167.668 Y146.997 E.65195
G1 X167.67 Y147.634 E.02801
G1 X156.285 Y136.249 E.70762
G1 X155.39 Y135.99 E.04091
G1 X167.672 Y148.272 E.7633
G1 X167.673 Y148.909 E.02801
G1 X154.496 Y135.732 E.81898
G1 X153.607 Y135.478 E.04064
G1 X167.675 Y149.546 E.87435
G1 X167.677 Y150.183 E.02801
G1 X152.727 Y135.234 E.92912
G1 X151.848 Y134.99 E.04012
G1 X167.678 Y150.821 E.9839
G1 X167.68 Y151.458 E.02801
G1 X150.968 Y134.746 E1.03867
G1 X150.089 Y134.502 E.04012
G1 X167.682 Y152.095 E1.09344
G1 X167.683 Y152.732 E.02801
G1 X149.209 Y134.258 E1.14822
G1 X148.329 Y134.014 E.04011
G1 X167.685 Y153.37 E1.20298
G1 X167.687 Y154.007 E.02801
G1 X147.464 Y133.785 E1.25685
G1 X146.599 Y133.555 E.03933
G1 X167.688 Y154.644 E1.31072
G1 X167.69 Y155.281 E.02801
G1 X145.734 Y133.326 E1.36459
G1 X144.869 Y133.096 E.03933
G1 X167.692 Y155.919 E1.41846
G1 X167.693 Y156.556 E.02801
G1 X144.004 Y132.867 E1.47232
G1 X143.139 Y132.637 E.03933
G1 X167.695 Y157.193 E1.52619
G1 X167.696 Y157.606 E.01814
G1 X167.577 Y157.711 E.00697
G1 X142.28 Y132.414 E1.57223
G1 X141.427 Y132.196 E.03871
G1 X167.239 Y158.009 E1.60429
G1 X167.168 Y158.072 E.0042
G1 X166.788 Y158.193 E.01752
G1 X140.573 Y131.978 E1.62926
G1 X139.72 Y131.76 E.03871
G1 X166.305 Y158.346 E1.65232
G1 X165.823 Y158.499 E.02225
G1 X138.866 Y131.542 E1.67538
G1 X138.013 Y131.324 E.03871
G1 X165.34 Y158.652 E1.69844
G1 X164.855 Y158.803 E.02231
G1 X137.159 Y131.106 E1.72136
G1 X136.314 Y130.897 E.03828
G1 X164.367 Y158.95 E1.74359
G1 X163.88 Y159.098 E.0224
G1 X135.469 Y130.687 E1.76578
G1 X134.624 Y130.478 E.03826
G1 X163.392 Y159.246 E1.78797
G1 X162.904 Y159.393 E.0224
G1 X133.783 Y130.272 E1.80992
G1 X132.947 Y130.072 E.03776
G1 X162.416 Y159.541 E1.83152
G1 X161.928 Y159.689 E.0224
G1 X132.111 Y129.872 E1.85312
G1 X131.276 Y129.672 E.03776
G1 X161.44 Y159.836 E1.87473
G1 X160.952 Y159.984 E.0224
G1 X130.44 Y129.472 E1.89633
G1 X129.605 Y129.272 E.03776
G1 X160.464 Y160.132 E1.91794
G1 X159.976 Y160.279 E.0224
G1 X128.769 Y129.073 E1.93954
G1 X127.934 Y128.873 E.03776
G1 X159.488 Y160.427 E1.96114
G1 X158.995 Y160.569 E.02255
G1 X127.098 Y128.673 E1.98243
G1 X126.263 Y128.473 E.03776
G1 X158.502 Y160.712 E2.00372
G1 X158.009 Y160.855 E.02255
G1 X125.433 Y128.279 E2.02462
G1 X124.611 Y128.092 E.03707
G1 X157.516 Y160.997 E2.04509
G1 X157.023 Y161.14 E.02255
G1 X123.788 Y127.905 E2.06557
G1 X122.966 Y127.718 E.03707
G1 X156.53 Y161.282 E2.08604
G1 X156.037 Y161.425 E.02255
G1 X122.143 Y127.532 E2.10652
G1 X121.321 Y127.345 E.03707
G1 X155.544 Y161.567 E2.12699
G1 X155.051 Y161.71 E.02255
G1 X120.499 Y127.158 E2.14747
G1 X119.682 Y126.977 E.03675
G1 X154.558 Y161.853 E2.16756
G1 X154.065 Y161.995 E.02255
G1 X118.87 Y126.8 E2.18741
G1 X118.058 Y126.624 E.03654
G1 X153.568 Y162.135 E2.20706
G1 X153.071 Y162.272 E.0227
G1 X117.245 Y126.447 E2.22661
G1 X116.433 Y126.27 E.03654
G1 X152.573 Y162.41 E2.24616
G1 X152.075 Y162.548 E.0227
G1 X115.621 Y126.093 E2.26571
G1 X114.808 Y125.917 E.03654
G1 X151.577 Y162.686 E2.28526
G1 X151.08 Y162.824 E.0227
G1 X114.002 Y125.746 E2.30443
G1 X113.199 Y125.579 E.03602
G1 X150.582 Y162.961 E2.32337
G1 X150.084 Y163.099 E.0227
G1 X112.397 Y125.412 E2.34231
G1 X111.594 Y125.245 E.03602
G1 X149.586 Y163.237 E2.36125
G1 X149.089 Y163.375 E.0227
G1 X110.792 Y125.078 E2.38019
G1 X109.989 Y124.911 E.03602
G1 X148.591 Y163.513 E2.39913
G1 X148.091 Y163.648 E.02277
G1 X109.187 Y124.745 E2.41793
G1 X108.388 Y124.581 E.03583
G1 X147.589 Y163.782 E2.43635
G1 X147.086 Y163.915 E.02284
G1 X107.593 Y124.421 E2.45458
G1 X106.797 Y124.262 E.03566
G1 X146.584 Y164.048 E2.4728
G1 X146.082 Y164.181 E.02284
G1 X106.002 Y124.102 E2.49102
G1 X105.206 Y123.942 E.03566
G1 X145.579 Y164.315 E2.50924
G1 X145.077 Y164.448 E.02284
G1 X104.411 Y123.782 E2.52747
G1 X103.615 Y123.622 E.03566
G1 X144.575 Y164.581 E2.54569
G1 X144.072 Y164.714 E.02284
G1 X102.823 Y123.465 E2.56371
G1 X102.036 Y123.314 E.03522
G1 X143.57 Y164.848 E2.58139
G1 X143.067 Y164.981 E.02284
G1 X101.249 Y123.163 E2.59908
G1 X100.462 Y123.011 E.03522
G1 X142.564 Y165.113 E2.61669
G1 X142.058 Y165.243 E.02294
G1 X99.675 Y122.86 E2.63418
G1 X98.888 Y122.709 E.03522
G1 X141.553 Y165.373 E2.65166
G1 X141.047 Y165.503 E.02294
G1 X98.102 Y122.557 E2.66915
G1 X97.316 Y122.407 E.03516
G1 X140.542 Y165.633 E2.68657
G1 X140.036 Y165.763 E.02294
G1 X96.537 Y122.264 E2.70356
G1 X95.758 Y122.121 E.03481
G1 X139.531 Y165.894 E2.72055
G1 X139.025 Y166.024 E.02294
G1 X94.979 Y121.977 E2.73754
G1 X94.2 Y121.834 E.0348
G1 X138.52 Y166.154 E2.75453
G1 X138.014 Y166.284 E.02294
G1 X93.421 Y121.691 E2.77152
G1 X92.642 Y121.547 E.03481
G1 X137.509 Y166.414 E2.78851
G1 X137.002 Y166.543 E.02297
G1 X91.863 Y121.404 E2.80544
G1 X91.09 Y121.267 E.03451
G1 X136.491 Y166.667 E2.82173
G1 X135.98 Y166.792 E.02311
G1 X90.319 Y121.13 E2.83794
G1 X89.547 Y120.994 E.03444
G1 X135.469 Y166.917 E2.85415
G1 X134.958 Y167.041 E.02311
G1 X88.775 Y120.858 E2.87036
G1 X88.004 Y120.722 E.03444
G1 X134.448 Y167.166 E2.88656
G1 X133.937 Y167.291 E.02311
G1 X87.232 Y120.586 E2.90277
G1 X86.46 Y120.45 E.03444
G1 X133.426 Y167.415 E2.91898
G1 X132.915 Y167.54 E.02311
G1 X85.692 Y120.317 E2.93498
G1 X84.929 Y120.19 E.03399
G1 X132.404 Y167.665 E2.95064
G1 X131.893 Y167.789 E.02311
G1 X84.166 Y120.063 E2.9663
G1 X83.403 Y119.935 E.03399
G1 X131.382 Y167.914 E2.98193
G1 X130.868 Y168.036 E.0232
G1 X82.64 Y119.808 E2.99742
G1 X81.877 Y119.681 E.03399
G1 X130.354 Y168.157 E3.0129
G1 X129.84 Y168.279 E.0232
G1 X81.114 Y119.553 E3.02839
G1 X80.351 Y119.426 E.03399
G1 X129.327 Y168.401 E3.04387
G1 X128.813 Y168.523 E.0232
G1 X79.594 Y119.305 E3.05899
G1 X78.838 Y119.184 E.03365
G1 X128.299 Y168.645 E3.07405
G1 X127.785 Y168.767 E.0232
G1 X78.082 Y119.064 E3.08911
G1 X77.326 Y118.943 E.03365
G1 X127.272 Y168.889 E3.10417
G1 X126.758 Y169.01 E.0232
G1 X76.57 Y118.823 E3.11923
G1 X75.814 Y118.702 E.03365
G1 X126.244 Y169.132 E3.13429
G1 X125.73 Y169.253 E.02323
G1 X75.062 Y118.586 E3.14905
G1 X74.313 Y118.473 E.03328
G1 X125.211 Y169.371 E3.16339
G1 X124.693 Y169.488 E.02335
G1 X73.565 Y118.36 E3.17772
G1 X72.816 Y118.247 E.03328
G1 X124.175 Y169.606 E3.19205
G1 X123.657 Y169.723 E.02335
G1 X72.067 Y118.133 E3.20638
G1 X71.319 Y118.02 E.03328
G1 X123.139 Y169.841 E3.22071
G1 X122.621 Y169.958 E.02335
G1 X70.571 Y117.908 E3.23498
G1 X69.827 Y117.8 E.03301
G1 X122.103 Y170.076 E3.24899
G1 X121.585 Y170.193 E.02335
G1 X69.084 Y117.692 E3.26299
G1 X68.341 Y117.585 E.03301
G1 X121.066 Y170.311 E3.27699
G1 X120.548 Y170.428 E.02335
G1 X67.597 Y117.477 E3.291
G1 X66.854 Y117.369 E.03301
G1 X120.029 Y170.545 E3.30495
G1 X119.507 Y170.658 E.02348
G1 X66.11 Y117.261 E3.31871
G1 X65.371 Y117.158 E.0328
G1 X118.985 Y170.772 E3.3322
G1 X118.463 Y170.885 E.02348
G1 X64.633 Y117.055 E3.34562
G1 X63.896 Y116.953 E.03273
G1 X117.942 Y170.999 E3.35903
G1 X117.42 Y171.113 E.02348
G1 X63.158 Y116.851 E3.37245
G1 X62.42 Y116.749 E.03273
G1 X116.898 Y171.226 E3.38586
G1 X116.376 Y171.34 E.02348
G1 X61.682 Y116.647 E3.39928
G1 X60.947 Y116.547 E.03261
G1 X115.854 Y171.454 E3.41253
G1 X115.332 Y171.567 E.02348
G1 X60.217 Y116.453 E3.42545
G1 X59.487 Y116.359 E.03234
G1 X114.81 Y171.681 E3.43837
G1 X114.287 Y171.793 E.02352
G1 X58.758 Y116.264 E3.45121
G1 X58.418 Y116.22 E.01505
G1 X58.427 Y116.569 E.01532
G1 X113.761 Y171.903 E3.43911
G1 X113.236 Y172.014 E.0236
G1 X58.443 Y117.221 E3.40545
G1 X58.459 Y117.873 E.02865
G1 X112.71 Y172.124 E3.37178
G1 X112.185 Y172.234 E.0236
G1 X58.475 Y118.524 E3.33811
G1 X58.491 Y119.176 E.02865
G1 X111.659 Y172.344 E3.30445
G1 X111.134 Y172.454 E.0236
G1 X58.508 Y119.828 E3.27078
G1 X58.524 Y120.48 E.02865
G1 X110.608 Y172.564 E3.23712
G1 X110.083 Y172.674 E.0236
G1 X58.54 Y121.132 E3.20345
G1 X58.556 Y121.783 E.02865
G1 X109.557 Y172.784 E3.16978
G1 X109.032 Y172.894 E.0236
G1 X58.572 Y122.435 E3.13612
G1 X58.589 Y123.087 E.02865
G1 X108.504 Y173.002 E3.10233
G1 X107.975 Y173.109 E.02372
G1 X58.605 Y123.739 E3.06843
G1 X58.621 Y124.39 E.02865
G1 X107.446 Y173.215 E3.03454
G1 X106.917 Y173.322 E.02372
G1 X58.637 Y125.042 E3.00064
G1 X58.653 Y125.694 E.02865
G1 X106.387 Y173.428 E2.96674
G1 X105.858 Y173.534 E.02372
G1 X58.669 Y126.346 E2.93285
G1 X58.686 Y126.998 E.02865
G1 X105.329 Y173.641 E2.89895
G1 X104.8 Y173.747 E.02372
G1 X58.702 Y127.649 E2.86505
G1 X58.718 Y128.301 E.02865
G1 X104.271 Y173.854 E2.83116
G1 X103.741 Y173.96 E.02372
G1 X58.734 Y128.953 E2.79726
G1 X58.75 Y129.605 E.02865
G1 X103.212 Y174.066 E2.76336
G1 X102.68 Y174.17 E.02383
G1 X58.767 Y130.257 E2.72924
G1 X58.864 Y130.989 E.03247
G1 X102.146 Y174.272 E2.69008
G1 X101.613 Y174.374 E.02387
G1 X58.961 Y131.722 E2.65091
G1 X59.058 Y132.454 E.03247
G1 X101.08 Y174.476 E2.61174
G1 X100.546 Y174.579 E.02387
G1 X59.154 Y133.187 E2.57257
G1 X59.251 Y133.919 E.03247
G1 X100.013 Y174.681 E2.53341
G1 X99.48 Y174.783 E.02387
G1 X59.348 Y134.652 E2.49424
G1 X59.445 Y135.384 E.03247
G1 X98.947 Y174.886 E2.45507
G1 X98.413 Y174.988 E.02387
G1 X59.509 Y136.083 E2.41797
G1 X59.568 Y136.778 E.03063
G1 X97.88 Y175.09 E2.38116
G1 X97.346 Y175.192 E.02387
G1 X59.627 Y137.472 E2.34435
G1 X59.685 Y138.167 E.03063
G1 X96.809 Y175.291 E2.30731
G1 X96.272 Y175.389 E.024
G1 X59.744 Y138.861 E2.27027
G1 X59.803 Y139.556 E.03063
G1 X95.735 Y175.488 E2.23322
G1 X95.198 Y175.586 E.024
G1 X59.862 Y140.25 E2.19618
G1 X59.921 Y140.944 E.03063
G1 X94.661 Y175.684 E2.15914
G1 X94.124 Y175.783 E.024
G1 X59.98 Y141.639 E2.1221
G1 X60.038 Y142.333 E.03063
G1 X93.586 Y175.881 E2.08506
G1 X93.049 Y175.98 E.024
G1 X60.097 Y143.028 E2.04801
G1 X60.156 Y143.722 E.03063
G1 X92.512 Y176.078 E2.01097
G1 X91.975 Y176.177 E.024
G1 X60.215 Y144.417 E1.97393
G1 X60.274 Y145.111 E.03063
G1 X91.436 Y176.274 E1.9368
G1 X90.896 Y176.369 E.02413
G1 X60.333 Y145.806 E1.89954
G1 X60.391 Y146.5 E.03063
G1 X90.355 Y176.463 E1.86227
G1 X89.814 Y176.558 E.02413
G1 X60.45 Y147.194 E1.825
G1 X60.509 Y147.889 E.03063
G1 X89.273 Y176.653 E1.78773
G1 X88.732 Y176.748 E.02413
G1 X60.568 Y148.583 E1.75046
G1 X60.586 Y148.793 E.00926
G1 X60.554 Y149.205 E.01815
G1 X88.192 Y176.842 E1.7177
G1 X87.651 Y176.937 E.02413
G1 X60.509 Y149.795 E1.68691
G1 X60.463 Y150.386 E.02602
G1 X87.11 Y177.032 E1.65612
G1 X86.569 Y177.127 E.02413
G1 X60.418 Y150.976 E1.62532
G1 X60.373 Y151.566 E.02602
G1 X86.028 Y177.222 E1.59453
G1 X85.484 Y177.313 E.02424
G1 X60.327 Y152.156 E1.56354
G1 X60.282 Y152.747 E.02602
G1 X84.939 Y177.404 E1.53249
G1 X84.394 Y177.494 E.02428
G1 X60.237 Y153.337 E1.50143
G1 X60.191 Y153.927 E.02602
G1 X83.849 Y177.585 E1.47038
G1 X83.304 Y177.676 E.02428
G1 X60.146 Y154.517 E1.43932
G1 X60.101 Y155.108 E.02602
G1 X82.759 Y177.766 E1.40827
G1 X82.214 Y177.857 E.02428
G1 X60.055 Y155.698 E1.37722
G1 X60.01 Y156.288 E.02602
G1 X81.669 Y177.947 E1.34616
G1 X81.124 Y178.038 E.02428
G1 X59.965 Y156.878 E1.31511
G1 X59.919 Y157.469 E.02602
G1 X80.579 Y178.129 E1.28405
G1 X80.034 Y178.219 E.0243
G1 X59.874 Y158.059 E1.25296
G1 X59.829 Y158.649 E.02602
G1 X79.486 Y178.306 E1.22171
G1 X78.938 Y178.394 E.0244
G1 X59.783 Y159.239 E1.19046
G1 X59.738 Y159.83 E.02602
G1 X78.389 Y178.481 E1.15921
G1 X77.841 Y178.568 E.0244
G1 X59.693 Y160.42 E1.12795
G1 X59.647 Y161.01 E.02602
G1 X77.293 Y178.656 E1.0967
G1 X76.745 Y178.743 E.0244
G1 X59.602 Y161.6 E1.06545
G1 X59.557 Y162.191 E.02602
G1 X76.197 Y178.831 E1.0342
G1 X75.648 Y178.918 E.0244
G1 X59.496 Y162.766 E1.0039
G1 X59.424 Y163.329 E.02495
G1 X75.099 Y179.004 E.97425
G1 X74.548 Y179.089 E.0245
G1 X59.351 Y163.892 E.94451
G1 X59.279 Y164.455 E.02495
G1 X73.997 Y179.173 E.91476
G1 X73.446 Y179.258 E.0245
G1 X59.206 Y165.018 E.88502
G1 X59.134 Y165.581 E.02495
G1 X72.895 Y179.342 E.85527
G1 X72.344 Y179.427 E.0245
G1 X59.061 Y166.145 E.82553
G1 X58.989 Y166.708 E.02495
G1 X71.793 Y179.512 E.79578
G1 X71.242 Y179.596 E.0245
G1 X58.917 Y167.271 E.76604
G1 X58.844 Y167.834 E.02495
G1 X70.691 Y179.681 E.73629
G1 X70.136 Y179.761 E.02466
G1 X58.825 Y168.451 E.70295
G1 X58.812 Y169.073 E.02737
G1 X69.579 Y179.84 E.66918
G1 X69.023 Y179.92 E.0247
G1 X58.799 Y169.696 E.63541
G1 X58.786 Y170.319 E.02737
G1 X68.467 Y179.999 E.60164
G1 X67.91 Y180.078 E.0247
G1 X58.773 Y170.941 E.56787
G1 X58.76 Y171.564 E.02737
G1 X67.354 Y180.158 E.5341
G1 X66.798 Y180.237 E.0247
G1 X58.747 Y172.187 E.50034
G1 X58.735 Y172.809 E.02737
G1 X66.241 Y180.316 E.46657
G1 X65.684 Y180.395 E.02473
G1 X58.722 Y173.432 E.43274
G1 X58.709 Y174.054 E.02737
G1 X65.125 Y180.47 E.39876
G1 X64.565 Y180.546 E.02482
G1 X58.696 Y174.677 E.36478
G1 X58.683 Y175.3 E.02737
G1 X64.005 Y180.622 E.33079
G1 X63.445 Y180.698 E.02482
G1 X58.67 Y175.922 E.29681
G1 X58.657 Y176.545 E.02737
G1 X62.885 Y180.774 E.26282
G1 X62.326 Y180.85 E.02482
G1 X58.644 Y177.168 E.22884
G1 X58.631 Y177.79 E.02737
G1 X61.766 Y180.925 E.19486
G1 X61.206 Y181.001 E.02482
G1 X58.618 Y178.413 E.16087
G1 X58.605 Y179.036 E.02737
G1 X60.646 Y181.077 E.12689
G1 X60.087 Y181.153 E.02482
G1 X58.592 Y179.658 E.0929
G1 X58.579 Y180.281 E.02737
G1 X59.527 Y181.229 E.05892
G1 X58.967 Y181.305 E.02482
G1 X58.368 Y180.706 E.03723
G1 E-.8 F3600
G1 X66.626 Y117.321 F18000
G1 E.8 F3600
;TYPE:Gap infill
;WIDTH:0.133242
G1 F2400
G1 X66.402 Y117.209 E.00201
G1 E-.8 F3600
G1 X69.6 Y117.753 F18000
G1 E.8 F3600
;WIDTH:0.120808
G1 F2400
G1 X69.375 Y117.64 E.0017
G1 E-.8 F3600
G1 X129.244 Y129.071 F18000
G1 E.8 F3600
;WIDTH:0.107005
G1 F2400
G1 X129.098 Y129.056 E.00079
G1 E-.8 F3600
G1 X134.4 Y130.417 F18000
G1 E.8 F3600
;WIDTH:0.117478
G1 F2400
G1 X134.112 Y130.256 E.00213
G1 E-.8 F3600
G1 X137.674 Y131.122 F18000
G1 E.8 F3600
;WIDTH:0.117863
G1 F2400
G1 X137.54 Y131.122 E.00087
G1 X137.496 Y131.097 E.00033
G1 E-.8 F3600
G1 X141.17 Y132.193 F18000
G1 E.8 F3600
;WIDTH:0.141554
G1 F2400
G1 X140.93 Y131.954 E.00298
G1 E-.8 F3600
G1 X165.841 Y139.049 F18000
G1 E.8 F3600
;WIDTH:0.114536
G1 F2400
G1 X165.705 Y138.967 E.00098
G1 E-.8 F3600
G1 X167.763 Y140.176 F18000
G1 E.8 F3600
;WIDTH:0.38426
G1 F2400
G1 X166.866 Y139.314 E.04046
; stop printing object USV 1 e2mm.stl_6_B id:0 copy 0
; printing object "USV 1 e2mm.stl_5" id:1 copy 0
G1 E-.8 F3600
G1 X150.695 Y80.922 F18000
G1 E.8 F3600
;TYPE:Brim
;WIDTH:0.5
G1 F2400
G1 X148.658 Y81.486 E.0927
G1 X143.027 Y82.991 E.25562
G1 X137.291 Y84.455 E.25963
G1 X131.637 Y85.839 E.25526
G1 X125.953 Y87.186 E.25621
G1 X120.245 Y88.483 E.25671
G1 X114.486 Y89.736 E.2585
G1 X108.776 Y90.924 E.25577
G1 X103.029 Y92.087 E.25713
G1 X97.28 Y93.185 E.25671
G1 X91.53 Y94.243 E.25639
G1 X85.759 Y95.26 E.25698
G1 X79.988 Y96.222 E.25658
G1 X75.171 Y96.991 E.21394
G1 X70.374 Y97.716 E.21278
G1 X65.574 Y98.411 E.2127
G1 X56.733 Y99.606 E.39124
G1 X56.091 Y99.642 E.02823
G1 X55.458 Y99.584 E.02788
G1 X54.84 Y99.431 E.02788
G1 X54.253 Y99.189 E.02788
G1 X53.708 Y98.862 E.02788
G1 X53.218 Y98.457 E.02788
G1 X52.793 Y97.984 E.02788
G1 X52.443 Y97.453 E.02788
G1 X52.177 Y96.876 E.02788
G1 X51.999 Y96.266 E.02788
G1 X51.914 Y95.632 E.02804
G1 X51.907 Y95.273 E.01577
G1 X52.289 Y79.888 E.67492
G1 X52.326 Y79.423 E.02046
G1 X53.008 Y74.268 E.22806
G1 X54.087 Y61.497 E.56207
G1 X53.084 Y48.436 E.57447
G1 X52.394 Y43.067 E.23742
G1 X52.359 Y42.6 E.02052
G1 X52.051 Y27.791 E.64964
G1 X52.085 Y27.148 E.02825
G1 X52.214 Y26.525 E.02788
G1 X52.433 Y25.928 E.02788
G1 X52.739 Y25.371 E.02788
G1 X53.124 Y24.866 E.02788
G1 X53.581 Y24.423 E.02788
G1 X54.098 Y24.053 E.02788
G1 X54.664 Y23.764 E.02788
G1 X55.267 Y23.563 E.02788
G1 X55.893 Y23.454 E.02788
G1 X56.533 Y23.439 E.02805
G1 X56.87 Y23.47 E.01485
G1 X60.695 Y23.973 E.1692
G1 X65.454 Y24.633 E.21072
G1 X70.277 Y25.333 E.2137
G1 X75.087 Y26.059 E.21335
G1 X79.893 Y26.826 E.21345
G1 X85.694 Y27.79 E.25789
G1 X91.455 Y28.801 E.25652
G1 X97.228 Y29.859 E.25736
G1 X103.002 Y30.965 E.25785
G1 X108.746 Y32.127 E.25698
G1 X114.508 Y33.327 E.25812
G1 X120.221 Y34.571 E.25643
G1 X125.942 Y35.869 E.25727
G1 X134.448 Y37.903 E.38357
G1 X143.009 Y40.07 E.38728
G1 X148.648 Y41.566 E.25587
G1 X154.278 Y43.126 E.25624
G1 X159.874 Y44.741 E.25542
G1 X165.56 Y46.464 E.26057
G1 X167.898 Y47.206 E.10755
G1 X168.495 Y47.446 E.02825
G1 X169.045 Y47.769 E.02796
G1 X169.44 Y48.078 E.02199
G1 X170.388 Y48.914 E.05546
G1 X170.893 Y49.435 E.03181
G1 X171.278 Y49.945 E.02801
G1 X171.582 Y50.503 E.02788
G1 X171.799 Y51.101 E.02788
G1 X171.925 Y51.725 E.02793
G1 X171.959 Y52.272 E.02402
G1 X171.91 Y70.829 E.81388
G1 X171.861 Y71.472 E.02825
G1 X171.718 Y72.091 E.02788
G1 X171.484 Y72.682 E.02788
G1 X171.166 Y73.232 E.02786
G1 X170.723 Y73.782 E.03097
G1 X170.374 Y74.132 E.02169
G1 X169.446 Y74.962 E.05459
G1 X168.935 Y75.354 E.02825
G1 X168.378 Y75.663 E.02794
G1 X167.882 Y75.854 E.02328
G1 X165.514 Y76.605 E.10896
G1 X159.877 Y78.31 E.25828
G1 X154.281 Y79.928 E.25547
G1 X150.714 Y80.916 E.16232
G1 X150.595 Y80.484 F18000
G1 F2400
G1 X148.54 Y81.053 E.09351
G1 X142.915 Y82.557 E.25536
G1 X137.183 Y84.019 E.25943
G1 X131.533 Y85.403 E.2551
G1 X125.851 Y86.75 E.2561
G1 X120.148 Y88.045 E.25647
G1 X114.392 Y89.298 E.25837
G1 X108.686 Y90.485 E.25558
G1 X102.942 Y91.647 E.25702
G1 X97.197 Y92.744 E.25649
G1 X91.45 Y93.802 E.25629
G1 X85.683 Y94.818 E.25682
G1 X79.917 Y95.78 E.25637
G1 X75.102 Y96.548 E.21384
G1 X70.308 Y97.272 E.21263
G1 X65.511 Y97.967 E.21256
G1 X56.696 Y99.158 E.39013
G1 X56.109 Y99.192 E.02578
G1 X55.543 Y99.141 E.02493
G1 X54.99 Y99.006 E.02493
G1 X54.464 Y98.791 E.02493
G1 X53.976 Y98.5 E.02493
G1 X53.537 Y98.139 E.02493
G1 X53.156 Y97.717 E.02493
G1 X52.842 Y97.243 E.02493
G1 X52.602 Y96.728 E.02493
G1 X52.442 Y96.182 E.02493
G1 X52.362 Y95.59 E.0262
G1 X52.356 Y95.271 E.01399
G1 X52.738 Y79.907 E.67401
G1 X52.772 Y79.466 E.01941
G1 X53.455 Y74.302 E.22844
G1 X54.533 Y61.452 E.56555
G1 X53.531 Y48.405 E.57385
G1 X52.841 Y43.025 E.23789
G1 X52.808 Y42.583 E.01946
G1 X52.5 Y27.793 E.64875
G1 X52.534 Y27.195 E.02626
G1 X52.644 Y26.658 E.02405
G1 X52.839 Y26.124 E.02493
G1 X53.122 Y25.608 E.02581
G1 X53.468 Y25.157 E.02493
G1 X53.862 Y24.775 E.02405
G1 X54.34 Y24.433 E.02581
G1 X54.848 Y24.176 E.02493
G1 X55.368 Y24.002 E.02405
G1 X55.947 Y23.901 E.02581
G1 X56.525 Y23.889 E.02535
G1 X60.636 Y24.417 E.18176
G1 X65.392 Y25.078 E.21057
G1 X70.211 Y25.777 E.21359
G1 X75.019 Y26.503 E.21322
G1 X79.821 Y27.268 E.21326
G1 X85.619 Y28.233 E.25779
G1 X91.376 Y29.242 E.25631
G1 X97.145 Y30.299 E.25721
G1 X102.915 Y31.405 E.25766
G1 X108.655 Y32.566 E.25684
G1 X114.415 Y33.766 E.25802
G1 X120.123 Y35.009 E.25621
G1 X125.841 Y36.306 E.25713
G1 X134.342 Y38.338 E.38333
G1 X142.897 Y40.504 E.38703
G1 X148.531 Y41.999 E.25565
G1 X154.157 Y43.558 E.25602
G1 X159.746 Y45.17 E.25512
G1 X165.428 Y46.893 E.26039
G1 X167.741 Y47.627 E.10643
G1 X168.288 Y47.846 E.02582
G1 X168.784 Y48.136 E.02522
G1 X169.156 Y48.426 E.02066
G1 X170.075 Y49.236 E.05371
G1 X170.557 Y49.734 E.03042
G1 X170.905 Y50.197 E.02541
G1 X171.175 Y50.697 E.02493
G1 X171.368 Y51.232 E.02493
G1 X171.48 Y51.793 E.02506
G1 X171.51 Y52.289 E.02181
G1 X171.462 Y70.807 E.81211
G1 X171.414 Y71.413 E.0267
G1 X171.285 Y71.967 E.02493
G1 X171.083 Y72.477 E.02405
G1 X170.789 Y72.985 E.02577
G1 X170.384 Y73.487 E.02828
G1 X170.062 Y73.809 E.01993
G1 X169.163 Y74.613 E.0529
G1 X168.68 Y74.983 E.0267
G1 X168.195 Y75.251 E.02428
G1 X167.737 Y75.429 E.02155
G1 X165.381 Y76.177 E.10844
G1 X159.751 Y77.88 E.25795
G1 X154.16 Y79.497 E.25524
G1 X150.614 Y80.479 E.16136
G1 X150.494 Y80.046 F18000
G1 F2400
G1 X148.421 Y80.621 E.09433
G1 X142.802 Y82.122 E.2551
G1 X137.075 Y83.584 E.25922
G1 X131.428 Y84.967 E.25494
G1 X125.749 Y86.313 E.25599
G1 X120.051 Y87.608 E.25624
G1 X114.298 Y88.859 E.25823
G1 X108.596 Y90.045 E.2554
G1 X102.855 Y91.207 E.2569
G1 X97.115 Y92.304 E.25626
G1 X91.37 Y93.36 E.25619
G1 X85.606 Y94.376 E.25667
G1 X79.845 Y95.337 E.25616
G1 X75.032 Y96.105 E.21373
G1 X70.242 Y96.828 E.21248
G1 X65.448 Y97.523 E.21242
G1 X56.658 Y98.711 E.38902
G1 X56.126 Y98.742 E.02337
G1 X55.626 Y98.698 E.022
G1 X55.139 Y98.581 E.02198
G1 X54.675 Y98.393 E.02198
G1 X54.243 Y98.137 E.02198
G1 X53.855 Y97.82 E.02198
G1 X53.518 Y97.449 E.02198
G1 X53.24 Y97.032 E.02198
G1 X53.027 Y96.578 E.02198
G1 X52.885 Y96.098 E.02196
G1 X52.809 Y95.543 E.02457
G1 X53.186 Y79.927 E.68504
G1 X53.219 Y79.51 E.01836
G1 X53.902 Y74.337 E.22884
G1 X54.98 Y61.407 E.56902
G1 X53.979 Y48.375 E.57322
G1 X53.287 Y42.983 E.23837
G1 X53.256 Y42.565 E.01841
G1 X52.949 Y27.796 E.64785
G1 X52.981 Y27.244 E.02425
G1 X53.08 Y26.772 E.02116
G1 X53.245 Y26.32 E.0211
G1 X53.494 Y25.863 E.02281
G1 X53.811 Y25.449 E.02286
G1 X54.158 Y25.115 E.02114
G1 X54.565 Y24.824 E.02195
G1 X55.03 Y24.588 E.02286
G1 X55.488 Y24.437 E.02114
G1 X55.981 Y24.351 E.02196
G1 X56.511 Y24.339 E.02326
G1 X60.577 Y24.862 E.17977
G1 X65.329 Y25.522 E.2104
G1 X70.146 Y26.22 E.21347
G1 X74.951 Y26.946 E.21309
G1 X79.748 Y27.711 E.21307
G1 X85.544 Y28.675 E.25769
G1 X91.296 Y29.684 E.25609
G1 X97.061 Y30.74 E.25706
G1 X102.828 Y31.845 E.25748
G1 X108.565 Y33.005 E.25672
G1 X114.322 Y34.204 E.2579
G1 X120.025 Y35.446 E.25598
G1 X125.74 Y36.743 E.25699
G1 X134.235 Y38.774 E.38309
G1 X142.785 Y40.939 E.38679
G1 X148.414 Y42.432 E.25542
G1 X154.036 Y43.99 E.25581
G1 X159.618 Y45.6 E.25481
G1 X165.296 Y47.321 E.2602
G1 X167.585 Y48.048 E.10532
G1 X168.081 Y48.246 E.02342
G1 X168.524 Y48.504 E.02249
G1 X168.873 Y48.774 E.01932
G1 X169.761 Y49.557 E.05193
G1 X170.22 Y50.033 E.02901
G1 X170.531 Y50.449 E.02279
G1 X170.768 Y50.891 E.02198
G1 X170.937 Y51.363 E.02199
G1 X171.035 Y51.859 E.02221
G1 X171.062 Y52.306 E.01962
G1 X171.014 Y70.783 E.81033
G1 X170.967 Y71.354 E.02513
G1 X170.858 Y71.823 E.02113
G1 X170.682 Y72.272 E.02112
G1 X170.411 Y72.739 E.02367
G1 X170.044 Y73.192 E.02559
G1 X169.751 Y73.486 E.01819
G1 X168.881 Y74.264 E.0512
G1 X168.425 Y74.611 E.02515
G1 X168.012 Y74.84 E.02068
G1 X167.592 Y75.005 E.0198
G1 X165.247 Y75.749 E.10791
G1 X159.624 Y77.45 E.25762
G1 X154.038 Y79.065 E.25501
G1 X150.514 Y80.041 E.16041
G1 X150.394 Y79.609 F18000
G1 F2400
G1 X148.303 Y80.188 E.09514
G1 X142.688 Y81.689 E.25491
G1 X136.966 Y83.149 E.25896
G1 X131.324 Y84.531 E.25477
G1 X125.647 Y85.876 E.25588
G1 X119.955 Y87.17 E.256
G1 X114.204 Y88.421 E.2581
G1 X108.506 Y89.606 E.25522
G1 X102.767 Y90.767 E.25679
G1 X97.033 Y91.863 E.25604
G1 X91.29 Y92.919 E.25608
G1 X85.53 Y93.934 E.25651
G1 X79.773 Y94.894 E.25595
G1 X74.963 Y95.661 E.21363
G1 X70.176 Y96.385 E.21233
G1 X65.385 Y97.079 E.21227
G1 X56.62 Y98.264 E.38793
G1 X56.142 Y98.292 E.02098
G1 X55.709 Y98.255 E.01908
G1 X55.286 Y98.155 E.01904
G1 X54.884 Y97.993 E.01903
G1 X54.51 Y97.773 E.01903
G1 X54.172 Y97.5 E.01903
G1 X53.879 Y97.18 E.01903
G1 X53.638 Y96.819 E.01903
G1 X53.452 Y96.427 E.01903
G1 X53.327 Y96.013 E.01895
G1 X53.259 Y95.507 E.0224
G1 X53.634 Y79.947 E.68263
G1 X53.666 Y79.553 E.01729
G1 X54.349 Y74.371 E.22926
G1 X55.426 Y61.362 E.57248
G1 X54.426 Y48.344 E.5726
G1 X53.734 Y42.941 E.23885
G1 X53.704 Y42.547 E.01735
G1 X53.398 Y27.799 E.64692
G1 X53.429 Y27.294 E.02221
G1 X53.511 Y26.905 E.01743
G1 X53.652 Y26.514 E.0182
G1 X53.878 Y26.1 E.0207
G1 X54.154 Y25.742 E.01984
G1 X54.454 Y25.455 E.0182
G1 X54.79 Y25.214 E.01813
G1 X55.212 Y25 E.02077
G1 X55.607 Y24.871 E.0182
G1 X56.015 Y24.8 E.01816
G1 X56.498 Y24.79 E.02118
G1 X60.518 Y25.307 E.17779
G1 X65.266 Y25.966 E.21022
G1 X70.081 Y26.664 E.21336
G1 X74.882 Y27.389 E.21296
G1 X79.676 Y28.154 E.21288
G1 X85.47 Y29.117 E.25758
G1 X91.216 Y30.125 E.25588
G1 X96.978 Y31.181 E.2569
G1 X102.74 Y32.285 E.2573
G1 X108.475 Y33.445 E.2566
G1 X114.229 Y34.643 E.25777
G1 X119.927 Y35.884 E.25575
G1 X125.639 Y37.18 E.25685
G1 X134.129 Y39.21 E.38285
G1 X142.673 Y41.373 E.38654
G1 X148.298 Y42.865 E.2552
G1 X153.913 Y44.421 E.25554
G1 X159.49 Y46.03 E.25457
G1 X165.164 Y47.75 E.26002
G1 X167.429 Y48.469 E.10421
G1 X167.875 Y48.647 E.02105
G1 X168.265 Y48.872 E.01976
G1 X168.59 Y49.122 E.01797
G1 X169.447 Y49.878 E.0501
G1 X169.883 Y50.331 E.02759
G1 X170.157 Y50.699 E.02014
G1 X170.361 Y51.082 E.01903
G1 X170.505 Y51.492 E.01904
G1 X170.589 Y51.926 E.01937
G1 X170.613 Y52.323 E.01747
G1 X170.565 Y70.759 E.80853
G1 X170.521 Y71.294 E.02356
G1 X170.43 Y71.68 E.01739
G1 X170.281 Y72.067 E.01817
G1 X170.034 Y72.492 E.02154
G1 X169.715 Y72.886 E.02226
G1 X169.446 Y73.157 E.01675
G1 X168.591 Y73.921 E.05027
G1 X168.187 Y74.229 E.02228
G1 X167.813 Y74.436 E.01876
G1 X167.438 Y74.583 E.01766
G1 X165.115 Y75.321 E.10688
G1 X159.498 Y77.019 E.25737
G1 X153.916 Y78.634 E.25485
G1 X150.413 Y79.604 E.15939
G1 X150.293 Y79.171 F18000
G1 F2400
G1 X148.185 Y79.755 E.09595
G1 X142.574 Y81.255 E.25472
G1 X136.858 Y82.713 E.25869
G1 X131.219 Y84.094 E.2546
G1 X125.545 Y85.439 E.25577
G1 X119.858 Y86.732 E.25577
G1 X114.11 Y87.982 E.25797
G1 X108.416 Y89.166 E.25505
G1 X102.68 Y90.327 E.25667
G1 X96.951 Y91.422 E.25581
G1 X91.211 Y92.478 E.25593
G1 X85.453 Y93.492 E.2564
G1 X79.701 Y94.452 E.25578
G1 X74.894 Y95.218 E.21349
G1 X70.111 Y95.941 E.21215
G1 X65.323 Y96.634 E.21217
G1 X56.581 Y97.816 E.38685
G1 X56.157 Y97.842 E.01863
G1 X55.79 Y97.812 E.01618
G1 X55.432 Y97.729 E.01609
G1 X55.091 Y97.594 E.01609
G1 X54.774 Y97.409 E.01609
G1 X54.488 Y97.179 E.01609
G1 X54.24 Y96.909 E.01609
G1 X54.034 Y96.606 E.01609
G1 X53.876 Y96.275 E.01609
G1 X53.77 Y95.928 E.01589
G1 X53.708 Y95.472 E.02021
G1 X54.083 Y79.966 E.68022
G1 X54.112 Y79.597 E.01623
G1 X54.796 Y74.404 E.2297
G1 X55.872 Y61.317 E.57592
G1 X54.874 Y48.313 E.57198
G1 X54.181 Y42.899 E.23934
G1 X54.153 Y42.529 E.01629
G1 X53.847 Y27.814 E.64549
G1 X53.877 Y27.344 E.02064
G1 X53.946 Y27.018 E.01461
G1 X54.058 Y26.709 E.01445
G1 X54.249 Y26.355 E.01762
G1 X54.496 Y26.035 E.0177
G1 X54.734 Y25.807 E.01445
G1 X55.015 Y25.605 E.0152
G1 X55.394 Y25.413 E.01865
G1 X55.707 Y25.311 E.01441
G1 X56.049 Y25.25 E.01524
G1 X56.484 Y25.24 E.0191
G1 X60.46 Y25.751 E.1758
G1 X65.204 Y26.41 E.21004
G1 X70.016 Y27.108 E.21324
G1 X74.814 Y27.833 E.21283
G1 X79.603 Y28.596 E.21268
G1 X85.395 Y29.559 E.25748
G1 X91.137 Y30.566 E.25566
G1 X96.895 Y31.622 E.25675
G1 X102.653 Y32.725 E.25712
G1 X108.385 Y33.884 E.25648
G1 X114.136 Y35.082 E.25763
G1 X119.829 Y36.322 E.25552
G1 X125.538 Y37.617 E.25671
G1 X134.023 Y39.645 E.38261
G1 X142.561 Y41.807 E.38629
G1 X148.18 Y43.298 E.25491
G1 X153.792 Y44.853 E.2554
G1 X159.364 Y46.46 E.25434
G1 X165.032 Y48.179 E.25976
G1 X167.273 Y48.89 E.10312
G1 X167.67 Y49.048 E.01872
G1 X168.007 Y49.241 E.01705
G1 X168.307 Y49.471 E.01658
G1 X169.132 Y50.198 E.04823
G1 X169.545 Y50.628 E.02614
G1 X169.781 Y50.949 E.01746
G1 X169.952 Y51.273 E.01608
G1 X170.073 Y51.62 E.01611
G1 X170.144 Y51.991 E.01656
G1 X170.165 Y52.34 E.01534
G1 X170.117 Y70.734 E.80671
G1 X170.074 Y71.234 E.02199
G1 X169.997 Y71.557 E.01454
G1 X169.879 Y71.862 E.01437
G1 X169.657 Y72.245 E.01939
G1 X169.385 Y72.581 E.01897
G1 X169.14 Y72.829 E.01529
G1 X168.301 Y73.578 E.04933
G1 X167.949 Y73.846 E.01942
G1 X167.613 Y74.033 E.01684
G1 X167.284 Y74.161 E.0155
G1 X164.983 Y74.892 E.10585
G1 X159.371 Y76.589 E.25712
G1 X153.793 Y78.202 E.25469
G1 X150.313 Y79.166 E.15836
G1 X150.193 Y78.734 F18000
G1 F2400
G1 X148.054 Y79.326 E.09733
G1 X142.437 Y80.827 E.25499
G1 X136.771 Y82.273 E.25648
G1 X131.097 Y83.663 E.25616
G1 X125.437 Y85.004 E.2551
G1 X119.742 Y86.298 E.25611
G1 X114.028 Y87.541 E.25649
G1 X108.336 Y88.725 E.25496
G1 X102.607 Y89.885 E.25634
G1 X96.878 Y90.979 E.25578
G1 X91.158 Y92.031 E.25507
G1 X85.401 Y93.046 E.25638
G1 X79.647 Y94.006 E.25587
G1 X74.856 Y94.77 E.21277
G1 X70.059 Y95.495 E.21276
G1 X65.272 Y96.189 E.21212
G1 X56.484 Y97.377 E.3889
G1 X55.913 Y97.361 E.02507
G1 X55.396 Y97.232 E.02336
G1 X55.176 Y97.126 E.01069
G1 X54.968 Y96.989 E.01095
G1 X54.547 Y96.555 E.02651
G1 X54.388 Y96.293 E.01341
G1 X54.24 Y95.934 E.01704
G1 X54.173 Y95.631 E.01364
G1 X54.152 Y95.369 E.01151
G1 X54.531 Y79.966 E.67572
G1 X55.238 Y74.504 E.24156
G1 X56.335 Y61.502 E.57221
G1 X55.316 Y48.214 E.58448
G1 X54.601 Y42.531 E.25119
G1 X54.294 Y27.783 E.64693
G1 X54.375 Y27.212 E.02532
G1 X54.471 Y26.906 E.01404
G1 X54.613 Y26.627 E.01372
G1 X54.844 Y26.329 E.01655
G1 X55.151 Y26.065 E.01775
G1 X55.421 Y25.903 E.01379
G1 X55.783 Y25.765 E.01699
G1 X56.07 Y25.702 E.01291
G1 X56.608 Y25.697 E.02359
G1 X60.38 Y26.193 E.16683
G1 X65.156 Y26.856 E.21145
G1 X69.936 Y27.549 E.21186
G1 X74.735 Y28.274 E.21284
G1 X79.527 Y29.038 E.21281
G1 X85.286 Y29.996 E.25602
G1 X91.08 Y31.012 E.25799
G1 X96.822 Y32.064 E.25604
G1 X102.579 Y33.167 E.25704
G1 X108.307 Y34.326 E.2563
G1 X114.021 Y35.516 E.256
G1 X119.719 Y36.757 E.25575
G1 X125.426 Y38.052 E.25664
G1 X131.101 Y39.397 E.25577
G1 X136.75 Y40.787 E.25516
G1 X142.411 Y42.232 E.25622
G1 X148.036 Y43.724 E.25521
G1 X153.658 Y45.281 E.25586
G1 X159.284 Y46.904 E.25677
G1 X164.852 Y48.592 E.25519
G1 X167.2 Y49.337 E.10804
G1 X167.99 Y49.79 E.03992
G1 X168.944 Y50.636 E.0559
G1 X169.158 Y50.86 E.0136
G1 X169.521 Y51.437 E.02991
G1 X169.573 Y51.554 E.0056
G1 X169.652 Y51.82 E.01216
G1 X169.704 Y52.13 E.01379
G1 X169.668 Y70.793 E.8185
G1 X169.621 Y71.183 E.01722
G1 X169.522 Y71.529 E.01577
G1 X169.251 Y72.031 E.02504
G1 X168.862 Y72.476 E.02592
G1 X167.974 Y73.269 E.05222
G1 X167.28 Y73.68 E.03537
G1 X164.862 Y74.46 E.11141
G1 X159.276 Y76.15 E.25597
G1 X153.645 Y77.778 E.25707
G1 X150.212 Y78.729 E.15619
G1 X150.093 Y78.296 F18000
G1 F2400
G1 X147.934 Y78.894 E.09823
G1 X142.327 Y80.392 E.25453
G1 X136.664 Y81.837 E.25629
G1 X130.99 Y83.227 E.25622
G1 X125.333 Y84.568 E.25496
G1 X119.642 Y85.861 E.25593
G1 X113.937 Y87.102 E.25608
G1 X108.244 Y88.286 E.255
G1 X102.524 Y89.444 E.25597
G1 X96.794 Y90.539 E.25583
G1 X91.077 Y91.59 E.25493
G1 X85.328 Y92.603 E.25601
G1 X79.572 Y93.564 E.25591
G1 X74.784 Y94.328 E.21263
G1 X69.995 Y95.051 E.21244
G1 X65.213 Y95.744 E.21192
G1 X56.413 Y96.934 E.38941
G1 X55.919 Y96.913 E.02169
G1 X55.603 Y96.833 E.0143
G1 X55.363 Y96.718 E.01169
G1 X55.215 Y96.615 E.00792
G1 X54.931 Y96.323 E.01782
G1 X54.802 Y96.121 E.01053
G1 X54.678 Y95.837 E.01359
G1 X54.62 Y95.597 E.01083
G1 X54.6 Y95.387 E.00926
G1 X54.979 Y79.97 E.67633
G1 X55.684 Y74.555 E.23951
G1 X56.785 Y61.515 E.57391
G1 X55.762 Y48.165 E.58717
G1 X55.049 Y42.529 E.24916
G1 X54.742 Y27.763 E.64772
G1 X54.819 Y27.273 E.02177
G1 X54.897 Y27.044 E.01062
G1 X55.012 Y26.833 E.01052
G1 X55.198 Y26.605 E.01288
G1 X55.44 Y26.408 E.01372
G1 X55.649 Y26.289 E.01053
G1 X55.942 Y26.184 E.01363
G1 X56.167 Y26.14 E.01007
G1 X56.54 Y26.141 E.01638
G1 X60.322 Y26.638 E.16727
G1 X65.091 Y27.3 E.21115
G1 X69.872 Y27.993 E.21189
G1 X74.664 Y28.717 E.21253
G1 X79.453 Y29.481 E.21268
G1 X85.213 Y30.438 E.25606
G1 X90.998 Y31.453 E.25762
G1 X96.742 Y32.505 E.25608
G1 X102.495 Y33.608 E.25689
G1 X108.215 Y34.765 E.25594
G1 X113.931 Y35.955 E.25604
G1 X119.619 Y37.194 E.25534
G1 X125.322 Y38.488 E.25645
G1 X130.993 Y39.832 E.25561
G1 X136.644 Y41.223 E.25521
G1 X142.301 Y42.666 E.25606
G1 X147.922 Y44.157 E.25503
G1 X153.533 Y45.712 E.25538
G1 X159.153 Y47.333 E.2565
G1 X164.723 Y49.022 E.25527
G1 X167.072 Y49.767 E.10806
G1 X167.683 Y50.117 E.03089
G1 X168.65 Y50.975 E.05671
G1 X168.84 Y51.176 E.01214
G1 X169.141 Y51.675 E.02553
G1 X169.225 Y51.957 E.01291
G1 X169.261 Y52.203 E.01093
G1 X169.22 Y70.8 E.81557
G1 X169.175 Y71.132 E.01471
G1 X169.09 Y71.409 E.0127
G1 X168.856 Y71.818 E.02067
G1 X168.569 Y72.136 E.01877
G1 X167.666 Y72.943 E.05311
G1 X167.149 Y73.25 E.02638
G1 X164.734 Y74.03 E.11133
G1 X159.145 Y75.721 E.25606
G1 X153.526 Y77.346 E.25654
G1 X150.112 Y78.291 E.15535
G1 X149.992 Y77.859 F18000
G1 F2400
G1 X147.814 Y78.462 E.09914
G1 X142.217 Y79.958 E.25407
G1 X136.553 Y81.403 E.25635
G1 X130.887 Y82.791 E.25583
G1 X125.229 Y84.132 E.25501
G1 X119.542 Y85.424 E.25575
G1 X113.846 Y86.663 E.25567
G1 X108.156 Y87.846 E.2549
G1 X102.44 Y89.003 E.25575
G1 X96.713 Y90.097 E.25571
G1 X90.995 Y91.149 E.25497
G1 X85.255 Y92.161 E.25564
G1 X79.498 Y93.122 E.25596
G1 X74.713 Y93.885 E.21249
G1 X69.927 Y94.608 E.21227
G1 X65.148 Y95.3 E.2118
G1 X56.341 Y96.491 E.38972
G1 X55.938 Y96.465 E.01774
G1 X55.789 Y96.426 E.00677
G1 X55.628 Y96.356 E.00768
G1 X55.46 Y96.239 E.00896
G1 X55.307 Y96.079 E.00973
G1 X55.212 Y95.94 E.0074
G1 X55.111 Y95.722 E.01049
G1 X55.067 Y95.566 E.00713
G1 X55.046 Y95.338 E.01004
G1 X55.428 Y79.974 E.67401
G1 X56.13 Y74.606 E.23745
G1 X57.236 Y61.527 E.57561
G1 X56.208 Y48.117 E.58987
G1 X55.498 Y42.527 E.24712
G1 X55.19 Y27.742 E.64856
G1 X55.262 Y27.344 E.01774
G1 X55.317 Y27.2 E.00677
G1 X55.405 Y27.048 E.00768
G1 X55.54 Y26.895 E.00896
G1 X55.717 Y26.76 E.00974
G1 X55.865 Y26.682 E.00736
G1 X56.09 Y26.607 E.01042
G1 X56.249 Y26.58 E.00706
G1 X56.473 Y26.584 E.00983
G1 X60.264 Y27.082 E.16767
G1 X65.026 Y27.744 E.21085
G1 X69.808 Y28.437 E.21192
G1 X74.593 Y29.16 E.21222
G1 X79.379 Y29.923 E.21255
G1 X85.14 Y30.881 E.25611
G1 X90.917 Y31.894 E.25725
G1 X96.661 Y32.947 E.25612
G1 X102.411 Y34.048 E.25674
G1 X108.126 Y35.204 E.25573
G1 X113.84 Y36.394 E.25594
G1 X119.52 Y37.631 E.25493
G1 X125.218 Y38.924 E.25626
G1 X130.886 Y40.267 E.25545
G1 X136.537 Y41.658 E.25525
G1 X142.191 Y43.101 E.25589
G1 X147.801 Y44.589 E.25457
G1 X153.408 Y46.143 E.25517
G1 X159.022 Y47.762 E.25622
G1 X164.594 Y49.451 E.25535
G1 X166.943 Y50.197 E.10808
G1 X167.376 Y50.444 E.02188
G1 X168.357 Y51.314 E.05753
G1 X168.518 Y51.489 E.01041
G1 X168.713 Y51.81 E.0165
G1 X168.78 Y52.012 E.00932
G1 X168.819 Y52.278 E.0118
G1 X168.771 Y70.807 E.81261
G1 X168.731 Y71.073 E.0118
G1 X168.662 Y71.277 E.00942
G1 X168.529 Y71.511 E.01179
G1 X168.276 Y71.797 E.01677
G1 X167.358 Y72.617 E.05399
G1 X166.918 Y72.866 E.02217
G1 X164.605 Y73.601 E.10642
G1 X159.021 Y75.289 E.25584
G1 X153.407 Y76.913 E.25631
G1 X150.011 Y77.853 E.15451
G1 X149.892 Y77.421 F18000
G1 F2400
G1 X147.698 Y78.029 E.09981
G1 X142.1 Y79.525 E.25413
G1 X136.441 Y80.969 E.25613
G1 X130.784 Y82.354 E.25545
G1 X125.125 Y83.695 E.25505
G1 X119.442 Y84.986 E.25556
G1 X113.755 Y86.224 E.25525
G1 X108.064 Y87.407 E.25494
G1 X102.357 Y88.563 E.25539
G1 X96.632 Y89.656 E.25558
G1 X90.914 Y90.708 E.255
G1 X85.176 Y91.719 E.2555
G1 X79.424 Y92.679 E.25578
G1 X74.642 Y93.442 E.21236
G1 X69.86 Y94.165 E.2121
G1 X65.083 Y94.857 E.21169
G1 X56.268 Y96.048 E.3901
G1 X55.976 Y96.018 E.01287
G1 X55.794 Y95.939 E.00872
G1 X55.623 Y95.761 E.0108
G1 X55.514 Y95.524 E.01145
G1 X55.494 Y95.357 E.00738
G1 X55.876 Y79.978 E.67466
G1 X56.576 Y74.657 E.23538
G1 X57.687 Y61.518 E.57826
G1 X56.654 Y48.068 E.59163
G1 X55.946 Y42.525 E.24507
G1 X55.638 Y27.719 E.64946
G1 X55.701 Y27.432 E.01287
G1 X55.8 Y27.26 E.00872
G1 X55.997 Y27.111 E.01081
G1 X56.243 Y27.029 E.01137
G1 X56.407 Y27.028 E.00722
G1 X60.202 Y27.527 E.16784
G1 X64.965 Y28.188 E.21089
G1 X69.741 Y28.881 E.21165
G1 X74.522 Y29.603 E.21206
G1 X79.305 Y30.365 E.21242
G1 X85.067 Y31.323 E.25616
G1 X90.84 Y32.336 E.25707
G1 X96.581 Y33.388 E.25597
G1 X102.327 Y34.489 E.25659
G1 X108.035 Y35.643 E.25536
G1 X113.744 Y36.833 E.25576
G1 X119.42 Y38.068 E.25476
G1 X125.114 Y39.36 E.25607
G1 X130.778 Y40.703 E.25527
G1 X136.426 Y42.093 E.25508
G1 X142.08 Y43.536 E.25594
G1 X147.681 Y45.021 E.25411
G1 X153.283 Y46.574 E.25496
G1 X158.891 Y48.191 E.25595
G1 X164.465 Y49.881 E.25542
G1 X166.814 Y50.626 E.10809
G1 X167.069 Y50.771 E.01289
G1 X168.065 Y51.654 E.05835
G1 X168.192 Y51.797 E.00837
G1 X168.291 Y51.959 E.00833
G1 X168.338 Y52.085 E.00589
G1 X168.371 Y52.267 E.00814
G1 X168.323 Y70.816 E.81349
G1 X168.289 Y70.999 E.00814
G1 X168.241 Y71.124 E.00589
G1 X168.142 Y71.285 E.00827
G1 X167.982 Y71.457 E.01031
G1 X167.053 Y72.288 E.05465
G1 X166.794 Y72.435 E.0131
G1 X164.476 Y73.171 E.10664
G1 X158.89 Y74.86 E.25592
G1 X153.282 Y76.483 E.25607
G1 X149.911 Y77.416 E.15338
G1 X149.791 Y76.984 F18000
G1 F2400
G1 X147.578 Y77.596 E.10072
G1 X141.984 Y79.091 E.25395
G1 X136.33 Y80.534 E.2559
G1 X130.681 Y81.918 E.25507
G1 X125.021 Y83.259 E.2551
G1 X119.348 Y84.548 E.25515
G1 X113.665 Y85.784 E.25507
G1 X107.975 Y86.968 E.25484
G1 X102.273 Y88.122 E.25516
G1 X96.552 Y89.215 E.25546
G1 X90.832 Y90.267 E.25504
G1 X85.098 Y91.278 E.25536
G1 X79.353 Y92.236 E.25541
G1 X74.571 Y92.999 E.2124
G1 X69.796 Y93.721 E.21178
G1 X65.023 Y94.412 E.2115
G1 X56.197 Y95.605 E.39062
G1 X56.052 Y95.576 E.00648
G1 X55.957 Y95.463 E.00648
G1 X55.943 Y95.378 E.00379
G1 X56.325 Y79.982 E.67539
G1 X57.021 Y74.708 E.2333
G1 X58.138 Y61.531 E.57998
G1 X57.1 Y48.018 E.59435
G1 X56.395 Y42.522 E.24301
G1 X56.086 Y27.698 E.65027
G1 X56.132 Y27.558 E.00648
G1 X56.255 Y27.476 E.00648
G1 X56.34 Y27.471 E.00372
G1 X60.14 Y27.971 E.16808
G1 X64.9 Y28.632 E.21078
G1 X69.673 Y29.324 E.21154
G1 X74.451 Y30.045 E.21188
G1 X79.231 Y30.808 E.21229
G1 X84.994 Y31.766 E.25621
G1 X90.759 Y32.777 E.25669
G1 X96.501 Y33.829 E.25602
G1 X102.244 Y34.93 E.25644
G1 X107.946 Y36.083 E.25514
G1 X113.648 Y37.271 E.25543
G1 X119.325 Y38.507 E.2548
G1 X125.01 Y39.797 E.25567
G1 X130.67 Y41.138 E.2551
G1 X136.319 Y42.528 E.25513
G1 X141.97 Y43.971 E.25579
G1 X147.567 Y45.455 E.25392
G1 X153.158 Y47.004 E.25447
G1 X158.76 Y48.62 E.25567
G1 X164.335 Y50.31 E.2555
G1 X166.685 Y51.056 E.10811
G1 X166.765 Y51.101 E.00406
G1 X167.725 Y51.948 E.05614
G1 X167.866 Y52.105 E.00926
G1 X167.922 Y52.254 E.00697
G1 X167.874 Y70.827 E.81456
G1 X167.817 Y70.976 E.00697
G1 X167.688 Y71.119 E.00845
G1 X166.749 Y71.958 E.05524
G1 X166.668 Y72.005 E.00412
G1 X164.347 Y72.741 E.10678
G1 X158.76 Y74.431 E.256
G1 X153.156 Y76.052 E.25582
G1 X149.811 Y76.978 E.15224
G1 E-.8 F3600
G1 X56.643 Y28.065 F18000
G1 E.8 F3600
;TYPE:Outer wall
G1 F2400
G1 X56.743 Y28.078 E.00441
G1 X60.065 Y28.515 E.14696
G1 X64.823 Y29.176 E.21067
G1 X69.592 Y29.867 E.21135
G1 X74.365 Y30.588 E.21169
G1 X79.142 Y31.35 E.21212
G1 X84.902 Y32.307 E.25611
G1 X90.663 Y33.318 E.25648
G1 X96.401 Y34.369 E.25583
G1 X102.139 Y35.469 E.25623
G1 X107.836 Y36.621 E.25492
G1 X113.532 Y37.808 E.25518
G1 X119.207 Y39.043 E.25468
G1 X124.885 Y40.331 E.25534
G1 X133.365 Y42.358 E.38237
G1 X141.833 Y44.502 E.38312
G1 X147.424 Y45.986 E.25367
G1 X153.008 Y47.533 E.2541
G1 X158.603 Y49.146 E.25538
G1 X164.174 Y50.835 E.25531
G1 X166.453 Y51.559 E.10489
G1 X167.373 Y52.376 E.05394
G1 X167.325 Y70.703 E.80376
G1 X166.435 Y71.502 E.05247
G1 X164.186 Y72.216 E.10349
G1 X158.603 Y73.905 E.25582
G1 X153.008 Y75.523 E.25542
G1 X147.435 Y77.066 E.25361
G1 X141.844 Y78.56 E.2538
G1 X136.196 Y80.002 E.25565
G1 X130.551 Y81.384 E.25485
G1 X124.896 Y82.724 E.2549
G1 X119.23 Y84.012 E.25484
G1 X113.551 Y85.247 E.25485
G1 X107.866 Y86.429 E.25468
G1 X102.168 Y87.583 E.25494
G1 X96.45 Y88.675 E.25532
G1 X90.734 Y89.727 E.25488
G1 X85.004 Y90.737 E.25516
G1 X79.266 Y91.694 E.25514
G1 X74.486 Y92.457 E.21229
G1 X69.716 Y93.177 E.21154
G1 X64.948 Y93.868 E.21129
G1 X56.501 Y95.01 E.37382
G1 X56.873 Y80.013 E.65791
G1 X57.567 Y74.768 E.23206
G1 X58.689 Y61.533 E.58249
G1 X57.647 Y47.962 E.59691
G1 X56.944 Y42.494 E.24182
G1 X56.644 Y28.085 E.63203
G1 X57.102 Y28.578 F18000
;TYPE:Inner wall
G1 F2400
G1 X60.005 Y28.959 E.1284
G1 X64.76 Y29.62 E.21053
G1 X69.527 Y30.311 E.21124
G1 X74.296 Y31.031 E.21154
G1 X79.07 Y31.792 E.21197
G1 X84.827 Y32.749 E.25596
G1 X90.583 Y33.759 E.25631
G1 X96.318 Y34.81 E.25569
G1 X102.052 Y35.909 E.25605
G1 X107.746 Y37.06 E.25477
G1 X113.439 Y38.246 E.25503
G1 X119.109 Y39.481 E.25451
G1 X124.783 Y40.768 E.25514
G1 X133.257 Y42.794 E.38213
G1 X141.721 Y44.937 E.38288
G1 X147.307 Y46.418 E.25345
G1 X152.886 Y47.964 E.2539
G1 X158.475 Y49.577 E.25514
G1 X164.041 Y51.264 E.25505
G1 X166.228 Y51.958 E.10061
G1 X166.924 Y52.571 E.04069
G1 X166.877 Y70.506 E.78654
G1 X166.208 Y71.104 E.03937
G1 X164.053 Y71.788 E.09914
G1 X158.475 Y73.475 E.25557
G1 X152.886 Y75.092 E.25519
G1 X147.317 Y76.633 E.25341
G1 X141.731 Y78.126 E.2536
G1 X136.087 Y79.566 E.25544
G1 X130.446 Y80.948 E.25468
G1 X124.794 Y82.287 E.25474
G1 X119.132 Y83.574 E.25465
G1 X113.458 Y84.808 E.25467
G1 X107.776 Y85.99 E.25453
G1 X102.082 Y87.143 E.25479
G1 X96.367 Y88.235 E.25515
G1 X90.654 Y89.286 E.25474
G1 X84.928 Y90.294 E.255
G1 X79.194 Y91.251 E.25498
G1 X74.417 Y92.013 E.21214
G1 X69.651 Y92.734 E.2114
G1 X64.886 Y93.424 E.21115
G1 X56.963 Y94.495 E.35065
G1 X57.321 Y80.048 E.63378
G1 X58.013 Y74.816 E.23147
G1 X59.139 Y61.535 E.58454
G1 X58.093 Y47.917 E.599
G1 X57.391 Y42.46 E.24126
G1 X57.103 Y28.598 E.60808
G1 E-.8 F3600
G1 X164.918 Y51.683 F18000
G1 E.8 F3600
;TYPE:Bottom surface
;WIDTH:0.501551
G1 F3000
G1 X166.585 Y53.35 E.10376
G1 X166.584 Y53.985 E.02794
G1 X164.296 Y51.697 E.14238
G1 X163.375 Y51.413 E.0424
G1 X166.582 Y54.62 E.19956
G1 X166.58 Y55.255 E.02794
G1 X162.462 Y51.136 E.2563
G1 X161.549 Y50.86 E.042
G1 X166.579 Y55.89 E.31304
G1 X166.577 Y56.524 E.02794
G1 X160.636 Y50.583 E.36978
G1 X159.722 Y50.306 E.042
G1 X166.575 Y57.159 E.42652
G1 X166.574 Y57.794 E.02794
G1 X158.809 Y50.029 E.48325
G1 X157.906 Y49.762 E.04145
G1 X166.572 Y58.429 E.53937
G1 X166.57 Y59.064 E.02794
G1 X157.011 Y49.504 E.59494
G1 X156.117 Y49.246 E.04097
G1 X166.569 Y59.698 E.65051
G1 X166.567 Y60.333 E.02794
G1 X155.222 Y48.988 E.70607
G1 X154.328 Y48.73 E.04097
G1 X166.565 Y60.968 E.76164
G1 X166.564 Y61.603 E.02794
G1 X153.433 Y48.472 E.81721
G1 X152.543 Y48.218 E.04075
G1 X166.562 Y62.238 E.87252
G1 X166.561 Y62.872 E.02794
G1 X151.662 Y47.974 E.92721
G1 X150.782 Y47.73 E.0402
G1 X166.559 Y63.507 E.9819
G1 X166.557 Y64.142 E.02794
G1 X149.902 Y47.486 E1.03659
G1 X149.021 Y47.242 E.0402
G1 X166.556 Y64.777 E1.09128
G1 X166.554 Y65.412 E.02794
G1 X148.141 Y46.999 E1.14597
G1 X147.26 Y46.755 E.0402
G1 X166.552 Y66.046 E1.20066
G1 X166.551 Y66.681 E.02794
G1 X146.393 Y46.524 E1.25451
G1 X145.527 Y46.294 E.03944
G1 X166.549 Y67.316 E1.30832
G1 X166.547 Y67.951 E.02794
G1 X144.661 Y46.065 E1.36213
G1 X143.795 Y45.835 E.03944
G1 X166.546 Y68.586 E1.41594
G1 X166.544 Y69.221 E.02794
G1 X142.928 Y45.605 E1.46975
G1 X142.062 Y45.375 E.03944
G1 X166.542 Y69.855 E1.52356
G1 X166.541 Y70.355 E.02198
G1 X166.469 Y70.419 E.00423
G1 X141.203 Y45.152 E1.57249
G1 X140.351 Y44.937 E.03869
G1 X166.133 Y70.719 E1.60461
G1 X166.037 Y70.805 E.00567
G1 X165.692 Y70.915 E.01593
G1 X139.499 Y44.721 E1.6302
G1 X138.646 Y44.505 E.03869
G1 X165.209 Y71.068 E1.65317
G1 X164.726 Y71.221 E.02231
G1 X137.794 Y44.289 E1.67615
G1 X136.942 Y44.074 E.03869
G1 X164.243 Y71.375 E1.69912
G1 X163.758 Y71.526 E.02237
G1 X136.09 Y43.858 E1.72195
G1 X135.238 Y43.642 E.03869
G1 X163.269 Y71.674 E1.74458
G1 X162.78 Y71.822 E.02247
G1 X134.385 Y43.426 E1.7672
G1 X133.533 Y43.211 E.03869
G1 X162.292 Y71.969 E1.78983
G1 X161.803 Y72.117 E.02247
G1 X132.69 Y43.004 E1.81188
G1 X131.854 Y42.804 E.03785
G1 X161.314 Y72.265 E1.83353
G1 X160.826 Y72.413 E.02247
G1 X131.017 Y42.604 E1.85517
G1 X130.181 Y42.404 E.03785
G1 X160.337 Y72.561 E1.87681
G1 X159.848 Y72.708 E.02247
G1 X129.345 Y42.204 E1.89845
G1 X128.508 Y42.005 E.03785
G1 X159.36 Y72.856 E1.92009
G1 X158.871 Y73.004 E.02247
G1 X127.672 Y41.805 E1.94174
G1 X126.835 Y41.605 E.03785
G1 X158.382 Y73.152 E1.96338
G1 X157.889 Y73.295 E.02262
G1 X125.999 Y41.405 E1.98471
G1 X125.163 Y41.205 E.03785
G1 X157.395 Y73.437 E2.00604
G1 X156.901 Y73.58 E.02262
G1 X124.332 Y41.011 E2.02699
G1 X123.509 Y40.824 E.03715
G1 X156.408 Y73.723 E2.0475
G1 X155.914 Y73.866 E.02262
G1 X122.686 Y40.637 E2.06801
G1 X121.862 Y40.45 E.03715
G1 X155.42 Y74.008 E2.08852
G1 X154.927 Y74.151 E.02262
G1 X121.039 Y40.264 E2.10904
G1 X120.216 Y40.077 E.03715
G1 X154.433 Y74.294 E2.12955
G1 X153.939 Y74.437 E.02262
G1 X119.393 Y39.89 E2.15006
G1 X118.575 Y39.709 E.03686
G1 X153.446 Y74.579 E2.17023
G1 X152.952 Y74.722 E.02262
G1 X117.761 Y39.532 E2.19014
G1 X116.948 Y39.355 E.03664
G1 X152.455 Y74.862 E2.20984
G1 X151.956 Y75 E.02276
G1 X116.134 Y39.177 E2.22946
G1 X115.32 Y39 E.03664
G1 X151.458 Y75.138 E2.24907
G1 X150.96 Y75.276 E.02276
G1 X114.507 Y38.823 E2.26868
G1 X113.693 Y38.646 E.03664
G1 X150.461 Y75.414 E2.2883
G1 X149.963 Y75.552 E.02276
G1 X112.885 Y38.475 E2.30755
G1 X112.082 Y38.307 E.03614
G1 X149.464 Y75.69 E2.32656
G1 X148.966 Y75.828 E.02276
G1 X111.278 Y38.14 E2.34557
G1 X110.474 Y37.972 E.03614
G1 X148.467 Y75.966 E2.36458
G1 X147.969 Y76.104 E.02276
G1 X109.67 Y37.805 E2.3836
G1 X108.866 Y37.637 E.03614
G1 X147.47 Y76.242 E2.40261
G1 X146.97 Y76.378 E.02282
G1 X108.062 Y37.47 E2.4215
G1 X107.261 Y37.306 E.03597
G1 X146.468 Y76.512 E2.44007
G1 X145.966 Y76.646 E.02288
G1 X106.463 Y37.144 E2.45847
G1 X105.666 Y36.983 E.03582
G1 X145.463 Y76.781 E2.47687
G1 X144.961 Y76.915 E.02288
G1 X104.868 Y36.821 E2.49527
G1 X104.07 Y36.66 E.03582
G1 X144.459 Y77.049 E2.51366
G1 X143.957 Y77.183 E.02288
G1 X103.272 Y36.499 E2.53206
G1 X102.474 Y36.337 E.03582
G1 X143.454 Y77.318 E2.55046
G1 X142.952 Y77.452 E.02288
G1 X101.68 Y36.18 E2.5686
G1 X100.893 Y36.029 E.03528
G1 X142.45 Y77.586 E2.58634
G1 X141.948 Y77.72 E.02288
G1 X100.106 Y35.878 E2.60409
G1 X99.318 Y35.727 E.03528
G1 X141.443 Y77.852 E2.62171
G1 X140.936 Y77.982 E.02303
G1 X98.531 Y35.577 E2.63915
G1 X97.744 Y35.426 E.03528
G1 X140.429 Y78.111 E2.65659
G1 X139.922 Y78.241 E.02303
G1 X96.956 Y35.275 E2.67403
G1 X96.17 Y35.125 E.03523
G1 X139.415 Y78.37 E2.69142
G1 X138.908 Y78.499 E.02303
G1 X95.391 Y34.982 E2.70836
G1 X94.612 Y34.839 E.03487
G1 X138.401 Y78.629 E2.7253
G1 X137.894 Y78.758 E.02303
G1 X93.832 Y34.697 E2.74224
G1 X93.053 Y34.554 E.03487
G1 X137.387 Y78.888 E2.75918
G1 X136.88 Y79.017 E.02303
G1 X92.274 Y34.411 E2.77612
G1 X91.494 Y34.268 E.03487
G1 X136.373 Y79.146 E2.79306
G1 X135.864 Y79.275 E.02307
G1 X90.715 Y34.125 E2.80993
G1 X89.941 Y33.988 E.03458
G1 X135.353 Y79.4 E2.82626
G1 X134.842 Y79.525 E.02316
G1 X89.17 Y33.853 E2.84248
G1 X88.398 Y33.717 E.03449
G1 X134.331 Y79.65 E2.8587
G1 X133.819 Y79.775 E.02316
G1 X87.626 Y33.582 E2.87492
G1 X86.854 Y33.446 E.03449
G1 X133.308 Y79.901 E2.89114
G1 X132.797 Y80.026 E.02316
G1 X86.082 Y33.311 E2.90736
G1 X85.31 Y33.176 E.03449
G1 X132.286 Y80.151 E2.92358
G1 X131.774 Y80.276 E.02316
G1 X84.541 Y33.043 E2.93964
G1 X83.778 Y32.916 E.03405
G1 X131.263 Y80.401 E2.95533
G1 X130.752 Y80.527 E.02316
G1 X83.014 Y32.789 E2.97102
G1 X82.251 Y32.662 E.03405
G1 X130.24 Y80.651 E2.98666
G1 X129.725 Y80.773 E.02327
G1 X81.487 Y32.535 E3.00215
G1 X80.724 Y32.408 E.03405
G1 X129.211 Y80.895 E3.01763
G1 X128.696 Y81.017 E.02327
G1 X79.961 Y32.281 E3.03312
G1 X79.197 Y32.154 E.03405
G1 X128.182 Y81.139 E3.04861
G1 X127.667 Y81.261 E.02327
G1 X78.439 Y32.032 E3.0638
G1 X77.682 Y31.912 E.03374
G1 X127.153 Y81.383 E3.07891
G1 X126.638 Y81.505 E.02327
G1 X76.924 Y31.791 E3.09401
G1 X76.167 Y31.67 E.03374
G1 X126.124 Y81.627 E3.10911
G1 X125.609 Y81.749 E.02327
G1 X75.41 Y31.549 E3.12422
G1 X74.653 Y31.429 E.03374
G1 X125.095 Y81.87 E3.13932
G1 X124.579 Y81.991 E.02331
G1 X73.899 Y31.311 E3.15414
G1 X73.149 Y31.198 E.03336
G1 X124.06 Y82.109 E3.16852
G1 X123.542 Y82.227 E.02341
G1 X72.4 Y31.085 E3.18289
G1 X71.65 Y30.972 E.03336
G1 X123.023 Y82.345 E3.19727
G1 X122.504 Y82.463 E.02341
G1 X70.9 Y30.859 E3.21165
G1 X70.151 Y30.745 E.03336
G1 X121.986 Y82.58 E3.22603
G1 X121.467 Y82.698 E.02341
G1 X69.402 Y30.633 E3.24037
G1 X68.657 Y30.525 E.0331
G1 X120.949 Y82.816 E3.25442
G1 X120.43 Y82.934 E.02341
G1 X67.913 Y30.417 E3.26848
G1 X67.168 Y30.309 E.0331
G1 X119.911 Y83.052 E3.28253
G1 X119.393 Y83.17 E.02341
G1 X66.424 Y30.201 E3.29659
G1 X65.679 Y30.093 E.0331
G1 X118.873 Y83.286 E3.31055
G1 X118.35 Y83.4 E.02354
G1 X64.935 Y29.985 E3.32435
G1 X64.194 Y29.881 E.03292
G1 X117.827 Y83.513 E3.33791
G1 X117.304 Y83.627 E.02354
G1 X63.455 Y29.778 E3.35138
G1 X62.716 Y29.675 E.03284
G1 X116.782 Y83.741 E3.36484
G1 X116.259 Y83.855 E.02354
G1 X61.977 Y29.573 E3.37831
G1 X61.238 Y29.47 E.03284
G1 X115.736 Y83.968 E3.39177
G1 X115.213 Y84.082 E.02354
G1 X60.499 Y29.368 E3.40524
G1 X59.762 Y29.267 E.03275
G1 X114.691 Y84.196 E3.41859
G1 X114.168 Y84.31 E.02354
G1 X59.029 Y29.17 E3.43167
G1 X58.296 Y29.074 E.03253
G1 X113.645 Y84.423 E3.44474
G1 X113.12 Y84.535 E.02361
G1 X57.563 Y28.978 E3.45768
G1 X57.447 Y28.962 E.00516
G1 X57.458 Y29.509 E.02407
G1 X112.594 Y84.644 E3.43141
G1 X112.067 Y84.754 E.02368
G1 X57.472 Y30.159 E3.39778
G1 X57.485 Y30.809 E.02861
G1 X111.54 Y84.864 E3.36415
G1 X111.013 Y84.973 E.02368
G1 X57.499 Y31.459 E3.33052
G1 X57.512 Y32.109 E.02861
G1 X110.486 Y85.083 E3.29688
G1 X109.959 Y85.192 E.02368
G1 X57.526 Y32.759 E3.26325
G1 X57.54 Y33.409 E.02861
G1 X109.432 Y85.302 E3.22962
G1 X108.905 Y85.412 E.02368
G1 X57.553 Y34.059 E3.19598
G1 X57.567 Y34.709 E.02861
G1 X108.378 Y85.521 E3.16235
G1 X107.852 Y85.631 E.02368
G1 X57.58 Y35.359 E3.12872
G1 X57.594 Y36.009 E.02861
G1 X107.323 Y85.739 E3.09497
G1 X106.794 Y85.846 E.02377
G1 X57.607 Y36.659 E3.06119
G1 X57.621 Y37.309 E.02861
G1 X106.264 Y85.953 E3.0274
G1 X105.735 Y86.06 E.02377
G1 X57.634 Y37.959 E2.99362
G1 X57.648 Y38.609 E.02861
G1 X105.206 Y86.167 E2.95984
G1 X104.676 Y86.274 E.02377
G1 X57.661 Y39.259 E2.92605
G1 X57.675 Y39.909 E.02861
G1 X104.147 Y86.382 E2.89227
G1 X103.618 Y86.489 E.02377
G1 X57.688 Y40.559 E2.85849
G1 X57.702 Y41.209 E.02861
G1 X103.089 Y86.596 E2.8247
G1 X102.559 Y86.703 E.02377
G1 X57.715 Y41.859 E2.79092
G1 X57.738 Y42.518 E.02902
G1 X102.03 Y86.81 E2.75656
G1 X101.496 Y86.912 E.02394
G1 X57.832 Y43.249 E2.71747
G1 X57.926 Y43.979 E.03241
G1 X100.961 Y87.014 E2.67837
G1 X100.427 Y87.117 E.02394
G1 X58.02 Y44.709 E2.63927
G1 X58.114 Y45.44 E.03241
G1 X99.893 Y87.219 E2.60017
G1 X99.358 Y87.321 E.02394
G1 X58.208 Y46.17 E2.56107
G1 X58.301 Y46.9 E.03241
G1 X98.824 Y87.423 E2.52197
G1 X98.289 Y87.525 E.02394
G1 X58.395 Y47.631 E2.48286
G1 X58.462 Y48.334 E.0311
G1 X97.755 Y87.627 E2.44543
G1 X97.221 Y87.729 E.02394
G1 X58.515 Y49.024 E2.40888
G1 X58.568 Y49.713 E.03043
G1 X96.686 Y87.831 E2.37233
G1 X96.151 Y87.932 E.02397
G1 X58.621 Y50.403 E2.33572
G1 X58.674 Y51.092 E.03043
G1 X95.613 Y88.031 E2.29897
G1 X95.076 Y88.13 E.02405
G1 X58.727 Y51.781 E2.26222
G1 X58.78 Y52.471 E.03043
G1 X94.538 Y88.229 E2.22546
G1 X94.001 Y88.328 E.02405
G1 X58.833 Y53.16 E2.18871
G1 X58.886 Y53.85 E.03043
G1 X93.463 Y88.427 E2.15196
G1 X92.926 Y88.526 E.02405
G1 X58.939 Y54.539 E2.11521
G1 X58.992 Y55.228 E.03043
G1 X92.388 Y88.625 E2.07846
G1 X91.851 Y88.723 E.02405
G1 X59.045 Y55.918 E2.04171
G1 X59.098 Y56.607 E.03043
G1 X91.313 Y88.822 E2.00496
G1 X90.775 Y88.921 E.02405
G1 X59.151 Y57.297 E1.9682
G1 X59.204 Y57.986 E.03043
G1 X90.235 Y89.018 E1.93131
G1 X89.694 Y89.113 E.02418
G1 X59.257 Y58.675 E1.89433
G1 X59.31 Y59.365 E.03043
G1 X89.153 Y89.209 E1.85736
G1 X88.612 Y89.304 E.02418
G1 X59.363 Y60.054 E1.82039
G1 X59.415 Y60.744 E.03043
G1 X88.071 Y89.399 E1.78341
G1 X87.53 Y89.495 E.02418
G1 X59.468 Y61.433 E1.74644
G1 X59.476 Y61.536 E.00455
G1 X59.434 Y62.035 E.02204
G1 X86.989 Y89.59 E1.7149
G1 X86.448 Y89.685 E.02418
G1 X59.384 Y62.622 E1.68432
G1 X59.335 Y63.209 E.02591
G1 X85.906 Y89.781 E1.65374
G1 X85.365 Y89.876 E.02418
G1 X59.285 Y63.795 E1.62315
G1 X59.235 Y64.382 E.02591
G1 X84.824 Y89.971 E1.59255
G1 X84.278 Y90.062 E.02434
G1 X59.185 Y64.969 E1.56169
G1 X59.136 Y65.556 E.02591
G1 X83.733 Y90.153 E1.53084
G1 X83.188 Y90.244 E.02434
G1 X59.086 Y66.142 E1.49999
G1 X59.036 Y66.729 E.02591
G1 X82.642 Y90.335 E1.46914
G1 X82.097 Y90.426 E.02434
G1 X58.987 Y67.316 E1.43829
G1 X58.937 Y67.903 E.02591
G1 X81.551 Y90.517 E1.40743
G1 X81.006 Y90.608 E.02434
G1 X58.887 Y68.489 E1.37658
G1 X58.837 Y69.076 E.02591
G1 X80.46 Y90.699 E1.34573
G1 X79.915 Y90.79 E.02434
G1 X58.788 Y69.663 E1.31488
G1 X58.738 Y70.25 E.02591
G1 X79.369 Y90.881 E1.28403
G1 X78.822 Y90.97 E.02441
G1 X58.688 Y70.836 E1.25305
G1 X58.639 Y71.423 E.02591
G1 X78.273 Y91.058 E1.22198
G1 X77.724 Y91.145 E.02446
G1 X58.589 Y72.01 E1.19092
G1 X58.539 Y72.597 E.02591
G1 X77.175 Y91.233 E1.15985
G1 X76.626 Y91.32 E.02446
G1 X58.489 Y73.183 E1.12878
G1 X58.44 Y73.77 E.02591
G1 X76.077 Y91.408 E1.09772
G1 X75.529 Y91.495 E.02446
G1 X58.39 Y74.357 E1.06665
G1 X58.336 Y74.94 E.02576
G1 X74.98 Y91.583 E1.03582
G1 X74.431 Y91.671 E.02446
G1 X58.262 Y75.502 E1.00629
G1 X58.188 Y76.064 E.02495
G1 X73.878 Y91.755 E.97654
G1 X73.325 Y91.838 E.02461
G1 X58.113 Y76.626 E.94675
G1 X58.039 Y77.188 E.02495
G1 X72.773 Y91.922 E.91697
G1 X72.22 Y92.005 E.02461
G1 X57.964 Y77.75 E.88719
G1 X57.89 Y78.312 E.02495
G1 X71.667 Y92.089 E.85741
G1 X71.114 Y92.172 E.02461
G1 X57.816 Y78.874 E.82762
G1 X57.741 Y79.436 E.02495
G1 X70.561 Y92.256 E.79784
G1 X70.008 Y92.339 E.02461
G1 X57.667 Y79.998 E.76806
G1 X57.644 Y80.612 E.027
G1 X69.454 Y92.422 E.73505
G1 X68.898 Y92.503 E.02472
G1 X57.628 Y81.233 E.70141
G1 X57.613 Y81.854 E.02734
G1 X68.342 Y92.583 E.66777
G1 X67.786 Y92.664 E.02472
G1 X57.597 Y82.475 E.63413
G1 X57.582 Y83.096 E.02734
G1 X67.231 Y92.744 E.60049
G1 X66.675 Y92.825 E.02472
G1 X57.567 Y83.717 E.56685
G1 X57.551 Y84.338 E.02734
G1 X66.119 Y92.905 E.53321
G1 X65.563 Y92.986 E.02472
G1 X57.536 Y84.959 E.49957
G1 X57.52 Y85.58 E.02734
G1 X65.007 Y93.066 E.46593
G1 X64.448 Y93.144 E.02484
G1 X57.505 Y86.201 E.43209
G1 X57.489 Y86.822 E.02734
G1 X63.887 Y93.219 E.39815
G1 X63.326 Y93.295 E.0249
G1 X57.474 Y87.443 E.36422
G1 X57.459 Y88.064 E.02734
G1 X62.766 Y93.371 E.33029
G1 X62.205 Y93.447 E.0249
G1 X57.443 Y88.685 E.29635
G1 X57.428 Y89.306 E.02734
G1 X61.644 Y93.523 E.26242
G1 X61.084 Y93.599 E.0249
G1 X57.412 Y89.927 E.22849
G1 X57.397 Y90.548 E.02734
G1 X60.523 Y93.674 E.19455
G1 X59.962 Y93.75 E.0249
G1 X57.382 Y91.169 E.16062
G1 X57.366 Y91.79 E.02734
G1 X59.402 Y93.826 E.12669
G1 X58.841 Y93.902 E.0249
G1 X57.351 Y92.411 E.09275
G1 X57.335 Y93.032 E.02734
G1 X58.28 Y93.978 E.05882
G1 X57.72 Y94.053 E.0249
G1 X57.123 Y93.457 E.03715
G1 E-.8 F3600
G1 X72.955 Y31.084 F18000
G1 E.8 F3600
;TYPE:Gap infill
;WIDTH:0.157262
G1 F2400
G1 X72.717 Y31.084 E.00246
G1 E-.8 F3600
G1 X74.426 Y31.378 F18000
G1 E.8 F3600
;WIDTH:0.132409
G1 F2400
G1 X74.193 Y31.261 E.00206
G1 E-.8 F3600
G1 X79.008 Y32.031 F18000
G1 E.8 F3600
;WIDTH:0.151738
G1 F2400
G1 X78.756 Y32.031 E.00247
G1 E-.8 F3600
G1 X91.268 Y34.216 F18000
G1 E.8 F3600
;WIDTH:0.118195
G1 F2400
G1 X91.021 Y34.087 E.00181
G1 E-.8 F3600
G1 X92.767 Y34.387 F18000
G1 E.8 F3600
;WIDTH:0.108688
G1 F2400
G1 X92.609 Y34.387 E.00089
G1 X92.58 Y34.372 E.00018
G1 E-.8 F3600
G1 X100.667 Y35.976 F18000
G1 E.8 F3600
;WIDTH:0.136889
G1 F2400
G1 X100.415 Y35.843 E.00237
G1 E-.8 F3600
G1 X107.035 Y37.251 F18000
G1 E.8 F3600
;WIDTH:0.129057
G1 F2400
G1 X106.777 Y37.113 E.00222
G1 E-.8 F3600
G1 X121.682 Y40.294 F18000
G1 E.8 F3600
;WIDTH:0.150413
G1 F2400
G1 X121.388 Y40.294 E.00284
G1 E-.8 F3600
G1 X124.938 Y41.145 F18000
G1 E.8 F3600
;WIDTH:0.132495
G1 F2400
G1 X124.656 Y40.989 E.00255
G1 E-.8 F3600
G1 X166.699 Y52.901 F18000
G1 E.8 F3600
;WIDTH:0.38213
G1 F2400
G1 X165.799 Y52.057 E.03989
; stop printing object USV 1 e2mm.stl_5 id:1 copy 0
; end of layer_num: 1, T: 0, print_z: 0.240000
M106 S127
;LAYER_CHANGE
;Z:0.44
;HEIGHT:0.2
; BEFORE_LAYER_CHANGE 1 @ 0.44mm
G92 E0
; AFTER_LAYER_CHANGE 1 @ 0.44mm
M204 S2000
M104 S190 ; set nozzle temperature
; start of layer_num: 2, T: 0, print_z: 0.440000
; printing object "USV 1 e2mm.stl_6_B" id:0 copy 0
G1 E-.8 F3600
G1 X59.876 Y155.343 Z.44 F18000
G1 E.8 F3600
M204 S500
;TYPE:Overhang wall
;WIDTH:0.409292
G1 F3000
G1 X59.876 Y142.858 E.37273
M204 S2000
G1 E-.8 F3600
G1 X59.509 Y138.534 F18000
G1 E.8 F3600
M204 S500
G1 F3000
G1 X59.509 Y160.112 E.64422
M204 S2000
G1 E-.8 F3600
G1 X59.376 Y161.851 F18000
G1 E.8 F3600
M204 S500
G1 F3000
G1 X59.143 Y161.881 E.00701
G1 X59.143 Y135.748 E.78021
G1 X59.275 Y135.764 E.00396
G1 X59.238 Y135.39 E.01122
G1 X58.777 Y135.332 E.01388
G1 X58.777 Y162.299 E.80511
G1 X59.347 Y162.224 E.01718
G1 X59.309 Y162.598 E.01124
G1 X58.41 Y162.717 E.02708
G1 X58.41 Y134.916 E.83
G1 X59.188 Y135.015 E.02341
G1 X59.138 Y134.639 E.01131
G1 X58.044 Y134.5 E.03294
G1 X58.044 Y163.135 E.8549
G1 X59.261 Y162.974 E.03665
G1 X59.213 Y163.35 E.01132
G1 X57.677 Y163.553 E.04623
G1 X57.677 Y134.084 E.87979
G1 X59.089 Y134.263 E.04247
G1 X59.039 Y133.888 E.01131
G1 X57.311 Y133.668 E.052
G1 X57.311 Y163.971 E.90469
G1 X59.164 Y163.726 E.05581
G1 X59.116 Y164.102 E.01132
G1 X56.945 Y164.389 E.06539
G1 X56.945 Y133.253 E.92958
G1 X58.989 Y133.512 E.06153
G1 X58.94 Y133.137 E.01131
G1 X56.578 Y132.837 E.07106
G1 X56.578 Y164.807 E.95448
G1 X59.068 Y164.478 E.07496
G1 X59.019 Y164.854 E.01132
G1 X56.212 Y165.225 E.08454
G1 X56.212 Y132.421 E.97937
G1 X58.89 Y132.761 E.08059
G1 X58.84 Y132.385 E.01131
G1 X55.846 Y132.005 E.09012
G1 X55.846 Y165.644 E1.00427
G1 X58.971 Y165.23 E.09412
G1 X58.922 Y165.606 E.01132
G1 X55.479 Y166.062 E.10369
G1 X55.479 Y131.589 E1.02916
G1 X58.791 Y132.01 E.09965
G1 X58.741 Y131.634 E.01131
G1 X55.113 Y131.173 E.10918
G1 X55.113 Y166.48 E1.05405
G1 X58.874 Y165.982 E.11327
G1 X58.826 Y166.358 E.01132
G1 X54.746 Y166.898 E.12285
G1 X54.746 Y130.758 E1.07895
G1 X58.691 Y131.258 E.11872
G1 X58.642 Y130.883 E.01131
G1 X54.38 Y130.342 E.12825
G1 X54.38 Y167.315 E1.10381
G1 X58.777 Y166.734 E.13242
G1 X58.729 Y167.11 E.01132
G1 X54.014 Y167.729 E.14198
G1 X54.014 Y129.926 E1.12859
G1 X58.592 Y130.507 E.13778
G1 X58.557 Y130.133 E.01121
G1 X53.647 Y129.51 E.14775
G1 X53.647 Y168.143 E1.15336
G1 X58.681 Y167.486 E.15154
G1 X58.632 Y167.862 E.01132
G1 X53.281 Y168.557 E.1611
G1 X53.281 Y129.094 E1.17814
G1 X58.548 Y129.763 E.1585
G1 X58.539 Y129.392 E.01106
G1 X52.915 Y128.678 E.16925
G1 X52.915 Y168.971 E1.20291
G1 X58.623 Y168.233 E.17185
G1 X58.616 Y168.603 E.01107
G1 X54.711 Y169.12 E.11757
G1 X52.548 Y169.385 E.06506
G1 X52.548 Y128.263 E1.22769
G1 X58.529 Y129.022 E.18
G1 X58.52 Y128.652 E.01106
G1 X52.182 Y127.847 E.19075
G1 X52.182 Y169.799 E1.25246
G1 X54.758 Y169.483 E.07747
G1 X58.608 Y168.974 E.11595
G1 X58.6 Y169.344 E.01107
G1 X54.804 Y169.846 E.11432
G1 X51.815 Y170.213 E.08989
G1 X51.815 Y127.431 E1.27724
G1 X58.511 Y128.281 E.2015
G1 X58.502 Y127.911 E.01106
G1 X51.449 Y127.015 E.21225
G1 X51.449 Y170.627 E1.30201
G1 X54.85 Y170.21 E.1023
G1 X58.592 Y169.715 E.11269
G1 X58.585 Y170.086 E.01107
G1 X54.897 Y170.573 E.11107
G1 X51.083 Y171.041 E.11471
G1 X51.083 Y126.599 E1.32679
G1 X58.493 Y127.54 E.223
G1 X58.483 Y127.17 E.01106
G1 X50.716 Y126.183 E.23374
G1 X50.716 Y171.455 E1.35156
G1 X54.943 Y170.937 E.12712
G1 X58.577 Y170.456 E.10944
G1 X58.569 Y170.827 E.01107
G1 X54.989 Y171.3 E.10782
G1 X50.35 Y171.869 E.13953
G1 X50.35 Y125.767 E1.37633
G1 X58.474 Y126.799 E.24449
G1 X58.465 Y126.429 E.01106
G1 X49.984 Y125.352 E.25524
G1 X49.984 Y172.279 E1.40101
G1 X55.035 Y171.664 E.15193
G1 X58.562 Y171.197 E.10619
G1 X58.554 Y171.568 E.01107
G1 X55.082 Y172.027 E.10456
G1 X49.617 Y172.69 E.16433
G1 X49.617 Y124.936 E1.42568
G1 X58.456 Y126.058 E.26599
G1 X58.447 Y125.688 E.01106
G1 X49.251 Y124.52 E.27674
G1 X49.251 Y173.1 E1.45034
G1 X55.128 Y172.391 E.17673
G1 X58.546 Y171.938 E.10294
G1 X58.538 Y172.309 E.01107
G1 X55.174 Y172.754 E.10131
G1 X48.885 Y173.511 E.18913
G1 X48.884 Y124.084 E1.4756
G1 X49.099 Y124.109 E.00644
G1 X49.099 Y124.131 E.00066
G1 X58.437 Y125.317 E.28102
G1 X58.428 Y124.947 E.01106
G1 X49.458 Y123.808 E.26996
G1 X49.457 Y123.782 E.00076
G1 X48.518 Y123.673 E.02822
G1 X48.518 Y173.921 E1.50014
G1 X50.525 Y173.693 E.06029
G1 X55.22 Y173.117 E.14124
G1 X58.531 Y172.68 E.09969
G1 X58.523 Y173.05 E.01107
G1 X55.267 Y173.481 E.09806
G1 X50.568 Y174.057 E.14134
G1 X48.152 Y174.331 E.07259
G1 X48.152 Y123.261 E1.52469
G1 X49.816 Y123.455 E.05001
G1 X49.816 Y123.484 E.00085
G1 X58.419 Y124.576 E.2589
G1 X58.41 Y124.206 E.01106
G1 X50.175 Y123.16 E.24783
G1 X50.174 Y123.128 E.00095
G1 X47.785 Y122.849 E.07179
G1 X47.785 Y174.742 E1.54923
G1 X50.611 Y174.421 E.08489
G1 X55.313 Y173.844 E.14144
G1 X58.515 Y173.421 E.09643
G1 X58.508 Y173.791 E.01107
G1 X55.359 Y174.208 E.09481
G1 X50.654 Y174.784 E.14154
G1 X47.419 Y175.152 E.09719
G1 X47.419 Y122.438 E1.57377
G1 X50.532 Y122.801 E.09358
G1 X50.533 Y122.836 E.00104
G1 X58.401 Y123.835 E.23677
G1 X58.391 Y123.465 E.01106
G1 X50.892 Y122.512 E.2257
G1 X50.891 Y122.475 E.00111
G1 X50.78 Y122.461 E.00334
G1 X47.053 Y122.026 E.11203
G1 X47.053 Y175.562 E1.59831
G1 X50.697 Y175.148 E.10949
G1 X55.406 Y174.571 E.14164
G1 X58.5 Y174.162 E.09318
G1 X58.492 Y174.532 E.01107
G1 X55.452 Y174.935 E.09156
G1 X50.74 Y175.512 E.14173
G1 X46.686 Y175.973 E.12179
G1 X46.686 Y121.614 E1.62285
G1 X50.824 Y122.098 E.12437
G1 X51.249 Y122.152 E.01279
G1 X51.25 Y122.189 E.00111
G1 X58.382 Y123.094 E.21464
G1 X58.373 Y122.724 E.01106
G1 X51.608 Y121.865 E.20358
G1 X51.607 Y121.828 E.00111
G1 X50.868 Y121.734 E.02224
G1 X46.32 Y121.203 E.13672
G1 X46.32 Y176.383 E1.64739
G1 X50.783 Y175.876 E.13409
G1 X55.498 Y175.298 E.14183
G1 X58.484 Y174.903 E.08993
G1 X58.477 Y175.274 E.01107
G1 X55.544 Y175.662 E.0883
G1 X50.826 Y176.24 E.14193
G1 X45.954 Y176.793 E.14639
G1 X45.954 Y120.792 E1.67189
G1 X50.913 Y121.37 E.14906
G1 X51.966 Y121.504 E.03169
G1 X51.967 Y121.541 E.00111
G1 X58.364 Y122.353 E.19251
G1 X58.355 Y121.983 E.01106
G1 X52.325 Y121.217 E.18145
G1 X52.324 Y121.18 E.00111
G1 X50.957 Y121.007 E.04115
G1 X45.587 Y120.383 E.16139
G1 X45.587 Y177.204 E1.69636
G1 X50.869 Y176.604 E.15869
G1 X55.591 Y176.025 E.14203
G1 X58.469 Y175.644 E.08668
G1 X58.461 Y176.015 E.01107
G1 X55.637 Y176.388 E.08505
G1 X50.912 Y176.967 E.14213
G1 X45.221 Y177.614 E.17099
G1 X45.221 Y119.974 E1.72082
G1 X51.001 Y120.643 E.17373
G1 X52.683 Y120.856 E.0506
G1 X52.684 Y120.893 E.00111
G1 X58.345 Y121.612 E.17038
G1 X58.336 Y121.242 E.01106
G1 X53.042 Y120.57 E.15932
G1 X53.041 Y120.533 E.00111
G1 X51.046 Y120.279 E.06005
G1 X44.854 Y119.565 E.18607
G1 X44.854 Y178.025 E1.74529
G1 X50.955 Y177.331 E.18329
G1 X55.683 Y176.752 E.14223
G1 X58.454 Y176.385 E.08343
G1 X58.446 Y176.756 E.01107
G1 X55.73 Y177.115 E.0818
G1 X50.998 Y177.695 E.14233
G1 X44.488 Y178.435 E.19559
G1 X44.488 Y119.156 E1.76975
G1 X51.09 Y119.916 E.1984
G1 X53.4 Y120.209 E.0695
G1 X53.401 Y120.246 E.00111
G1 X58.327 Y120.871 E.14826
G1 X58.318 Y120.501 E.01106
G1 X53.759 Y119.922 E.13719
G1 X53.758 Y119.885 E.00111
G1 X51.134 Y119.552 E.07896
G1 X44.122 Y118.747 E.21074
G1 X44.122 Y178.845 E1.79422
G1 X51.041 Y178.059 E.20789
G1 X55.776 Y177.479 E.14243
G1 X58.438 Y177.127 E.08017
G1 X58.43 Y177.497 E.01107
G1 X55.822 Y177.842 E.07855
G1 X51.084 Y178.423 E.14253
G1 X43.755 Y179.256 E.22019
G1 X43.755 Y118.338 E1.81868
G1 X51.179 Y119.188 E.22308
G1 X54.117 Y119.561 E.08841
G1 X54.117 Y119.598 E.00111
G1 X58.309 Y120.13 E.12613
G1 X58.299 Y119.76 E.01106
G1 X54.476 Y119.274 E.11507
G1 X54.475 Y119.237 E.00111
G1 X51.223 Y118.825 E.09786
G1 X43.389 Y117.929 E.23541
G1 X43.389 Y179.666 E1.84314
G1 X51.127 Y178.787 E.23249
G1 X55.868 Y178.206 E.14263
G1 X58.423 Y177.868 E.07692
G1 X58.415 Y178.238 E.01107
G1 X55.915 Y178.569 E.0753
G1 X51.169 Y179.15 E.14273
G1 X43.023 Y180.076 E.24479
G1 X43.023 Y117.52 E1.86761
G1 X46.508 Y117.905 E.1047
G1 X51.267 Y118.461 E.14305
G1 X54.833 Y118.914 E.10731
G1 X54.834 Y118.951 E.00111
G1 X58.29 Y119.389 E.104
G1 X58.281 Y119.019 E.01106
G1 X55.193 Y118.627 E.09294
G1 X55.192 Y118.59 E.00111
G1 X51.312 Y118.097 E.11677
G1 X46.55 Y117.541 E.14314
G1 X42.656 Y117.111 E.11695
G1 X42.656 Y180.487 E1.89207
G1 X51.212 Y179.514 E.25709
G1 X55.961 Y178.932 E.14283
G1 X58.407 Y178.609 E.07367
G1 X58.4 Y178.979 E.01107
G1 X56.007 Y179.296 E.07204
G1 X51.255 Y179.878 E.14292
G1 X42.29 Y180.897 E.26939
G1 X42.29 Y116.702 E1.91654
G1 X46.591 Y117.177 E.12919
G1 X51.356 Y117.733 E.14323
G1 X55.55 Y118.266 E.12622
G1 X55.551 Y118.303 E.00111
G1 X58.272 Y118.649 E.08187
G1 X58.263 Y118.278 E.01106
G1 X55.91 Y117.979 E.07081
G1 X55.909 Y117.942 E.00111
G1 X51.401 Y117.37 E.13567
G1 X46.632 Y116.813 E.14332
G1 X41.923 Y116.292 E.14144
G1 X41.923 Y181.308 E1.941
G1 X51.298 Y180.242 E.28169
G1 X56.054 Y179.659 E.14302
G1 X58.392 Y179.35 E.07042
G1 X58.384 Y179.721 E.01107
G1 X56.1 Y180.023 E.06879
G1 X51.341 Y180.606 E.14312
G1 X41.557 Y181.716 E.29398
G1 X41.557 Y115.886 E1.96534
G1 X46.674 Y116.449 E.15368
G1 X51.445 Y117.006 E.14341
G1 X56.267 Y117.618 E.14512
G1 X56.268 Y117.655 E.00111
G1 X58.253 Y117.908 E.05975
G1 X58.244 Y117.537 E.01106
G1 X56.627 Y117.332 E.04868
G1 X56.626 Y117.295 E.00111
G1 X51.489 Y116.642 E.15458
G1 X46.715 Y116.085 E.1435
G1 X41.191 Y115.479 E.16592
G1 X41.191 Y182.122 E1.98959
G1 X51.384 Y180.97 E.30627
G1 X56.146 Y180.386 E.14322
G1 X58.376 Y180.091 E.06717
G1 X58.369 Y180.462 E.01107
G1 X56.192 Y180.75 E.06554
G1 X51.427 Y181.334 E.14332
G1 X40.824 Y182.528 E.31855
G1 X40.824 Y115.073 E2.01384
G1 X46.756 Y115.721 E.17815
G1 X51.534 Y116.279 E.14359
G1 X56.984 Y116.971 E.16403
G1 X56.985 Y117.008 E.00111
G1 X58.235 Y117.167 E.03762
G1 X58.226 Y116.796 E.01106
G1 X57.343 Y116.684 E.02655
G1 X57.343 Y116.647 E.00111
G1 X51.578 Y115.915 E.17348
G1 X46.798 Y115.357 E.14368
G1 X40.458 Y114.667 E.19039
G1 X40.458 Y182.934 E2.03809
G1 X41.871 Y182.788 E.04241
G1 X51.47 Y181.697 E.28843
G1 X56.239 Y181.113 E.14342
G1 X58.361 Y180.832 E.06391
G1 X58.353 Y181.203 E.01107
G1 X56.285 Y181.477 E.06229
G1 X51.513 Y182.061 E.14352
G1 X41.91 Y183.153 E.28854
G1 X40.092 Y183.34 E.05459
G1 X40.092 Y114.261 E2.06234
G1 X46.839 Y114.993 E.20263
G1 X51.622 Y115.551 E.14377
G1 X57.701 Y116.323 E.18293
G1 X57.702 Y116.36 E.00111
G1 X58.217 Y116.426 E.01549
G1 X58.207 Y116.055 E.01106
G1 X58.06 Y116.036 E.00443
G1 X58.059 Y115.999 E.00111
G1 X51.667 Y115.188 E.19239
G1 X46.88 Y114.629 E.14386
G1 X39.725 Y113.855 E.21486
G1 X39.725 Y183.746 E2.08658
G1 X41.95 Y183.517 E.06677
G1 X51.556 Y182.425 E.28864
G1 X56.331 Y181.84 E.14361
G1 X58.346 Y181.574 E.06066
M204 S2000
G1 E-.8 F3600
G1 X167.881 Y149.155 F18000
G1 E.8 F3600
M204 S500
G1 F3000
G1 X168.905 Y148.824 E.03214
G1 X168.57 Y148.664 E.01109
G1 X167.879 Y148.44 E.02168
G1 X167.878 Y148.054 E.01151
G1 X168.706 Y148.323 E.02598
G1 X169.757 Y148.824 E.03478
G1 X169.481 Y148.981 E.00949
G1 X168.962 Y149.196 E.01677
G1 X167.882 Y149.539 E.03384
G1 X167.883 Y149.923 E.01147
G1 X169.088 Y149.541 E.03775
G1 X169.642 Y149.311 E.01791
G1 X170.542 Y148.8 E.03091
G1 X168.841 Y147.981 E.05634
G1 X167.877 Y147.669 E.03028
G1 X167.876 Y147.284 E.01151
G1 X168.977 Y147.64 E.03458
G1 X170.637 Y148.432 E.0549
G1 X170.908 Y148.585 E.00927
G1 X171 Y148.673 E.00381
G1 X171.027 Y148.8 E.00388
G1 X171.001 Y148.924 E.00378
G1 X170.905 Y149.014 E.00393
G1 X169.803 Y149.641 E.03785
G1 X169.213 Y149.885 E.01906
G1 X167.884 Y150.307 E.04166
G1 X167.885 Y150.691 E.01147
G1 X169.339 Y150.23 E.04556
G1 X169.965 Y149.971 E.02021
G1 X171.125 Y149.311 E.03984
G1 X171.336 Y149.112 E.00866
G1 X171.402 Y148.8 E.00952
G1 X171.335 Y148.485 E.00961
G1 X171.127 Y148.288 E.00855
G1 X170.806 Y148.107 E.01099
G1 X169.113 Y147.299 E.056
G1 X167.875 Y146.898 E.03887
G1 X167.874 Y146.513 E.01151
G1 X169.249 Y146.958 E.04317
G1 X170.975 Y147.782 E.0571
G1 X171.346 Y147.991 E.0127
G1 X171.669 Y148.297 E.0133
G1 X171.776 Y148.8 E.01534
G1 X171.67 Y149.3 E.01526
G1 X171.344 Y149.608 E.01339
G1 X170.126 Y150.3 E.04184
G1 X169.465 Y150.574 E.02136
G1 X167.886 Y151.076 E.04947
G1 X167.887 Y151.46 E.01147
G1 X169.591 Y150.919 E.05338
G1 X170.287 Y150.63 E.0225
G1 X171.564 Y149.904 E.04384
G1 X172.005 Y149.488 E.01812
G1 X172.151 Y148.8 E.021
G1 X172.004 Y148.11 E.02106
G1 X171.565 Y147.694 E.01804
G1 X171.145 Y147.457 E.01442
G1 X169.385 Y146.617 E.0582
G1 X167.873 Y146.127 E.04747
G1 X167.872 Y145.742 E.01151
G1 X169.521 Y146.276 E.05177
G1 X171.314 Y147.132 E.0593
G1 X171.784 Y147.397 E.01614
G1 X172.339 Y147.922 E.02278
G1 X172.525 Y148.8 E.02679
G1 X172.34 Y149.676 E.02674
G1 X171.783 Y150.201 E.02285
G1 X170.448 Y150.96 E.04583
G1 X169.717 Y151.263 E.02365
G1 X167.888 Y151.844 E.05729
G1 X167.889 Y152.228 E.01147
G1 X169.842 Y151.608 E.0612
G1 X170.61 Y151.29 E.0248
G1 X172.002 Y150.498 E.04783
G1 X172.674 Y149.864 E.02759
G1 X172.9 Y148.8 E.03247
G1 X172.673 Y147.734 E.03252
G1 X172.004 Y147.1 E.02753
G1 X171.483 Y146.806 E.01785
G1 X169.657 Y145.935 E.0604
G1 X167.871 Y145.356 E.05606
G1 X167.87 Y144.971 E.01151
G1 X169.793 Y145.594 E.06036
G1 X171.652 Y146.481 E.0615
G1 X172.223 Y146.804 E.01957
G1 X173.008 Y147.546 E.03227
G1 X173.275 Y148.799 E.03824
G1 X173.009 Y150.052 E.03821
G1 X172.222 Y150.795 E.03232
G1 X170.771 Y151.619 E.04982
G1 X169.968 Y151.952 E.02595
G1 X167.89 Y152.612 E.06511
G1 X167.891 Y152.996 E.01147
G1 X170.094 Y152.297 E.06902
G1 X170.932 Y151.949 E.02709
G1 X172.441 Y151.091 E.05182
G1 X173.344 Y150.239 E.03705
G1 X173.649 Y148.799 E.04395
G1 X173.343 Y147.359 E.04397
G1 X172.442 Y146.507 E.03701
G1 X171.821 Y146.156 E.02128
G1 X169.929 Y145.253 E.0626
G1 X167.869 Y144.585 E.06466
G1 X167.868 Y144.2 E.01151
G1 X170.065 Y144.912 E.06896
G1 X171.991 Y145.831 E.0637
G1 X172.661 Y146.21 E.023
G1 X173.646 Y147.142 E.04049
G1 X173.685 Y147.208 E.00229
G1 X174.024 Y148.799 E.04856
G1 X173.686 Y150.392 E.04861
G1 X173.649 Y150.455 E.00218
G1 X172.661 Y151.388 E.04057
G1 X171.094 Y152.279 E.05381
G1 X170.22 Y152.641 E.02824
G1 X167.892 Y153.38 E.07293
G1 X167.893 Y153.764 E.01147
G1 X170.346 Y152.986 E.07683
G1 X171.255 Y152.608 E.02939
G1 X172.88 Y151.685 E.05581
G1 X173.939 Y150.686 E.04346
G1 X174.032 Y150.526 E.00552
G1 X174.398 Y148.799 E.0527
G1 X174.031 Y147.074 E.05264
G1 X173.936 Y146.912 E.00562
G1 X172.881 Y145.913 E.04339
G1 X172.16 Y145.506 E.02471
G1 X170.201 Y144.571 E.0648
G1 X167.867 Y143.815 E.07325
G1 X167.866 Y143.429 E.01151
G1 X170.337 Y144.23 E.07755
G1 X172.329 Y145.18 E.0659
G1 X173.1 Y145.616 E.02643
G1 X174.226 Y146.682 E.0463
G1 X174.377 Y146.941 E.00895
G1 X174.773 Y148.799 E.05673
G1 X174.378 Y150.66 E.05679
G1 X174.228 Y150.916 E.00885
G1 X173.099 Y151.981 E.04634
G1 X171.416 Y152.938 E.0578
G1 X170.471 Y153.33 E.03054
G1 X167.894 Y154.148 E.08074
G1 X167.895 Y154.532 E.01147
G1 X170.597 Y153.674 E.08465
G1 X171.578 Y153.268 E.03169
G1 X173.319 Y152.278 E.0598
G1 X174.518 Y151.146 E.04922
G1 X174.724 Y150.794 E.01219
G1 X175.147 Y148.799 E.06089
G1 X174.723 Y146.807 E.06081
G1 X174.516 Y146.452 E.01227
G1 X173.319 Y145.319 E.04921
G1 X172.498 Y144.855 E.02815
G1 X170.473 Y143.889 E.067
G1 X167.865 Y143.044 E.08185
G1 X167.864 Y142.658 E.01151
G1 X170.609 Y143.547 E.08615
G1 X172.667 Y144.53 E.0681
G1 X173.538 Y145.022 E.02986
G1 X174.806 Y146.222 E.05211
G1 X175.07 Y146.673 E.0156
G1 X175.522 Y148.799 E.06489
G1 X175.07 Y150.928 E.06498
G1 X174.808 Y151.377 E.01553
G1 X173.538 Y152.575 E.05211
G1 X171.739 Y153.598 E.06179
G1 X170.723 Y154.019 E.03283
G1 X167.896 Y154.916 E.08856
G1 X167.897 Y155.3 E.01147
G1 X170.827 Y154.372 E.09178
G1 X171.9 Y153.927 E.03468
G1 X173.758 Y152.871 E.06379
G1 X175.097 Y151.607 E.05499
G1 X175.416 Y151.062 E.01886
G1 X175.896 Y148.799 E.06907
G1 X175.416 Y146.539 E.06897
G1 X175.096 Y145.992 E.01892
G1 X173.758 Y144.725 E.05502
G1 X172.837 Y144.205 E.03158
G1 X170.745 Y143.206 E.0692
G1 X167.863 Y142.273 E.09044
G1 X167.862 Y141.887 E.01151
G1 X170.881 Y142.865 E.09474
G1 X173.006 Y143.88 E.0703
G1 X173.977 Y144.428 E.03329
G1 X175.386 Y145.762 E.05793
G1 X175.762 Y146.405 E.02225
G1 X176.271 Y148.799 E.07305
G1 X175.763 Y151.196 E.07316
G1 X175.387 Y151.837 E.0222
G1 X173.977 Y153.168 E.05788
G1 X172.062 Y154.257 E.06579
G1 X170.958 Y154.714 E.03565
G1 X170.24 Y154.968 E.02273
G1 X170.24 Y154.941 E.0008
G1 X167.898 Y155.684 E.07338
G1 X167.899 Y156.068 E.01147
G1 X169.875 Y155.441 E.06192
G1 X169.875 Y155.479 E.00115
G1 X171.09 Y155.057 E.03838
G1 X172.223 Y154.587 E.03662
G1 X174.197 Y153.465 E.06778
G1 X175.677 Y152.068 E.06076
G1 X176.109 Y151.33 E.02553
G1 X176.645 Y148.798 E.07725
G1 X176.108 Y146.271 E.07713
G1 X175.676 Y145.532 E.02557
G1 X174.196 Y144.131 E.06083
G1 X173.175 Y143.554 E.03501
G1 X171.017 Y142.524 E.0714
G1 X167.861 Y141.502 E.09904
G1 X167.86 Y141.116 E.01151
G1 X171.153 Y142.183 E.10334
G1 X173.344 Y143.229 E.0725
G1 X174.415 Y143.834 E.03673
G1 X175.966 Y145.302 E.06374
G1 X176.454 Y146.138 E.0289
G1 X177.02 Y148.798 E.08121
G1 X176.455 Y151.464 E.08134
G1 X175.966 Y152.298 E.02887
G1 X174.416 Y153.762 E.06365
G1 X172.384 Y154.917 E.06978
G1 X171.221 Y155.399 E.0376
G1 X170.146 Y155.778 E.03401
G1 X169.51 Y155.98 E.01992
G1 X169.51 Y155.941 E.00115
G1 X167.9 Y156.452 E.05045
G1 X167.901 Y156.836 E.01147
G1 X169.145 Y156.441 E.03898
G1 X169.145 Y156.48 E.00115
G1 X170.263 Y156.125 E.035
G1 X171.352 Y155.741 E.03448
G1 X172.545 Y155.246 E.03857
G1 X174.635 Y154.058 E.07177
G1 X176.256 Y152.529 E.06653
G1 X176.801 Y151.598 E.0322
G1 X177.395 Y148.798 E.08544
G1 X176.8 Y146.004 E.08529
G1 X176.256 Y145.072 E.03222
G1 X174.635 Y143.537 E.06665
G1 X173.513 Y142.904 E.03844
G1 X171.288 Y141.842 E.0736
G1 X167.859 Y140.731 E.10764
G1 X167.858 Y140.346 E.01151
G1 X171.424 Y141.501 E.11193
G1 X173.683 Y142.579 E.0747
G1 X174.854 Y143.24 E.04016
G1 X176.546 Y144.842 E.06955
G1 X177.146 Y145.87 E.03555
G1 X177.769 Y148.798 E.08938
G1 X177.147 Y151.732 E.08953
G1 X176.546 Y152.759 E.03554
G1 X174.855 Y154.355 E.06941
G1 X172.707 Y155.576 E.07377
G1 X171.483 Y156.083 E.03955
G1 X170.379 Y156.473 E.03495
G1 X168.78 Y156.98 E.05008
G1 X168.78 Y156.942 E.00115
G1 X167.902 Y157.22 E.02752
G1 X167.903 Y157.605 E.01147
G1 X168.415 Y157.442 E.01605
G1 X168.415 Y157.48 E.00115
G1 X170.495 Y156.82 E.06516
G1 X171.614 Y156.426 E.03542
G1 X172.868 Y155.906 E.04052
G1 X175.074 Y154.652 E.07576
G1 X176.835 Y152.989 E.0723
G1 X177.493 Y151.866 E.03888
G1 X178.144 Y148.798 E.09362
G1 X177.492 Y145.736 E.09346
G1 X176.836 Y144.611 E.03887
G1 X175.073 Y142.943 E.07246
G1 X173.852 Y142.253 E.04187
G1 X171.56 Y141.16 E.0758
G1 X167.857 Y139.96 E.11623
G1 X167.856 Y139.575 E.01151
G1 X171.696 Y140.819 E.12053
G1 X174.021 Y141.928 E.0769
G1 X175.292 Y142.646 E.04359
G1 X177.126 Y144.381 E.07537
G1 X177.838 Y145.602 E.0422
G1 X178.518 Y148.798 E.09754
G1 X177.839 Y152 E.09771
G1 X177.125 Y153.22 E.04221
G1 X175.294 Y154.948 E.07518
G1 X173.029 Y156.236 E.07776
G1 X171.745 Y156.768 E.04149
G1 X170.612 Y157.168 E.03589
G1 X168.05 Y157.981 E.08024
G1 X168.05 Y157.942 E.00115
G1 X167.904 Y157.989 E.00459
M204 S2000
G1 E-.8 F3600
G1 X167.721 Y138.774 F18000
G1 E.8 F3600
M204 S1000
;TYPE:Outer wall
;WIDTH:0.42
G1 F1320
G1 X168.195 Y138.928 E.01531
G1 F900
G1 X168.575 Y139.051 E.01227
M204 S500
;TYPE:Overhang wall
;WIDTH:0.409292
G1 X171.963 Y140.149 E.10633
G1 X174.353 Y141.289 E.07906
G1 X175.723 Y142.063 E.04696
G1 X177.696 Y143.929 E.08108
G1 X178.519 Y145.339 E.04874
G1 X179.254 Y148.798 E.10556
G1 X178.519 Y152.263 E.10575
G1 X177.694 Y153.673 E.04877
G1 X175.725 Y155.532 E.08085
G1 X173.346 Y156.884 E.08168
G1 X172.003 Y157.44 E.04341
G1 X170.84 Y157.85 E.03681
G1 X168.589 Y158.565 E.07051
M204 S1000
;TYPE:Outer wall
;WIDTH:0.42
G1 X168.208 Y158.686 E.01228
G1 F1260
M106 S127
G1 X167.718 Y158.841 E.01579
G1 F3000
G1 X165.318 Y159.603 E.07737
G1 X159.745 Y161.289 E.1789
G1 X154.148 Y162.907 E.17902
G1 X148.564 Y164.454 E.17804
G1 X142.971 Y165.937 E.17778
G1 X137.322 Y167.391 E.17924
G1 X131.677 Y168.768 E.17855
G1 X126.02 Y170.11 E.17863
G1 X120.341 Y171.398 E.17893
G1 X114.666 Y172.633 E.17848
G1 X108.97 Y173.827 E.17882
G1 X103.271 Y174.973 E.1786
G1 X97.532 Y176.073 E.17956
G1 X91.792 Y177.125 E.1793
G1 X86.032 Y178.135 E.17969
G1 X80.271 Y179.092 E.17946
G1 X75.493 Y179.854 E.14866
G1 X70.72 Y180.587 E.14838
G1 X61.191 Y181.924 E.29569
G1 X57.594 Y182.399 E.11148
G1 F1680
G1 X57.424 Y182.422 E.00527
G1 F900
G1 X57.224 Y182.448 E.0062
M204 S500
;TYPE:Overhang wall
;WIDTH:0.409292
G1 X51.641 Y183.14 E.16794
G1 X46.838 Y183.696 E.14435
G1 X42.027 Y184.233 E.14453
G1 X39.005 Y184.544 E.09069
G1 X39.005 Y113.057 E2.13424
G1 X42.14 Y113.38 E.09409
G1 X46.962 Y113.913 E.14482
G1 X51.754 Y114.473 E.14404
G1 X57.081 Y115.149 E.16032
M204 S1000
;TYPE:Outer wall
;WIDTH:0.42
G1 X57.282 Y115.175 E.00623
M106 S127
G1 F1680
G1 X57.451 Y115.196 E.00523
G1 F3000
G1 X61.305 Y115.686 E.11936
G1 X66.075 Y116.347 E.14796
G1 X70.844 Y117.038 E.14807
G1 X75.614 Y117.759 E.14824
G1 X80.395 Y118.521 E.14877
G1 X86.134 Y119.479 E.17878
G1 X91.865 Y120.489 E.17879
G1 X97.582 Y121.541 E.17862
G1 X103.3 Y122.641 E.17893
G1 X108.998 Y123.786 E.1786
G1 X114.685 Y124.969 E.17847
G1 X120.364 Y126.205 E.17859
G1 X126.031 Y127.492 E.17858
G1 X133.93 Y129.38 E.24954
G1 X137.333 Y130.222 E.10772
G1 X142.983 Y131.665 E.17917
G1 X148.575 Y133.148 E.17777
G1 X154.149 Y134.695 E.17774
G1 X159.745 Y136.313 E.179
G1 X165.328 Y137.999 E.1792
G1 X167.702 Y138.768 E.07668
M204 S2000
G1 X167.6 Y139.147 F18000
M204 S1500
;TYPE:Inner wall
;WIDTH:0.45
G1 F4800
G1 X168.397 Y139.405 E.02778
G1 F1680
G1 X168.759 Y139.523 E.01263
G1 F900
G1 X168.959 Y139.587 E.00697
M204 S500
;TYPE:Overhang wall
;WIDTH:0.409292
G1 X171.818 Y140.514 E.08972
G1 X174.172 Y141.637 E.07788
G1 X175.488 Y142.381 E.04513
G1 X177.385 Y144.176 E.07797
G1 X178.148 Y145.482 E.04518
G1 X178.853 Y148.798 E.10119
G1 X178.149 Y152.119 E.10137
G1 X177.384 Y153.426 E.0452
G1 X175.49 Y155.214 E.07776
G1 X173.174 Y156.531 E.07954
G1 X171.863 Y157.074 E.04236
G1 X170.716 Y157.479 E.03631
G1 X169.007 Y158.021 E.05353
M204 S1500
;TYPE:Inner wall
;WIDTH:0.45
G1 X168.801 Y158.086 E.00717
M106 S127
G1 F1680
G1 X168.626 Y158.142 E.0061
G1 F2520
G1 X168.414 Y158.209 E.00738
G1 F4800
G1 X165.201 Y159.228 E.11182
G1 X159.634 Y160.913 E.19297
G1 X154.041 Y162.53 E.19311
G1 X148.461 Y164.075 E.19207
G1 X142.872 Y165.558 E.1918
G1 X137.227 Y167.011 E.19337
G1 X131.585 Y168.387 E.19263
G1 X125.932 Y169.728 E.19274
G1 X120.256 Y171.015 E.19304
G1 X114.584 Y172.25 E.19258
G1 X108.891 Y173.443 E.19295
G1 X103.196 Y174.588 E.1927
G1 X97.46 Y175.688 E.19373
G1 X91.723 Y176.739 E.19346
G1 X85.966 Y177.748 E.19388
G1 X80.208 Y178.705 E.19364
G1 X75.432 Y179.467 E.16041
G1 X70.663 Y180.199 E.16006
G1 X61.138 Y181.535 E.31907
G1 X58.012 Y181.948 E.10458
G1 X57.616 Y182.001 E.01327
G1 F1680
G1 X57.433 Y182.025 E.00612
G1 F900
G1 X57.232 Y182.052 E.00673
M204 S500
;TYPE:Overhang wall
;WIDTH:0.409292
G1 X51.595 Y182.751 E.16958
G1 X46.794 Y183.306 E.14428
G1 X41.985 Y183.843 E.14446
G1 X39.397 Y184.11 E.07767
G1 X39.397 Y113.491 E2.10829
G1 X42.099 Y113.77 E.08107
G1 X46.917 Y114.303 E.14474
G1 X51.706 Y114.862 E.14394
G1 X57.091 Y115.546 E.16205
M204 S1500
;TYPE:Inner wall
;WIDTH:0.45
G1 X57.292 Y115.571 E.00672
M106 S127
G1 F1680
G1 X57.475 Y115.595 E.00612
G1 F4800
G1 X57.872 Y115.645 E.01327
G1 X61.253 Y116.074 E.11308
G1 X66.02 Y116.735 E.15962
G1 X70.786 Y117.426 E.15977
G1 X75.554 Y118.146 E.15994
G1 X80.332 Y118.908 E.16051
G1 X86.068 Y119.865 E.1929
G1 X91.795 Y120.875 E.19291
G1 X97.509 Y121.926 E.19273
G1 X103.224 Y123.025 E.19305
G1 X108.92 Y124.17 E.19272
G1 X114.603 Y125.352 E.19256
G1 X120.279 Y126.587 E.19267
G1 X125.942 Y127.874 E.19266
G1 X133.837 Y129.761 E.26927
G1 X137.237 Y130.602 E.11619
G1 X142.884 Y132.044 E.19331
G1 X148.472 Y133.527 E.19178
G1 X154.042 Y135.072 E.19173
G1 X159.634 Y136.689 E.1931
G1 X165.211 Y138.373 E.19325
G1 X167.581 Y139.141 E.08265
G1 E-.8 F3600
M204 S2000
G1 X166.724 Y158.574 F18000
G1 E.8 F3600
;TYPE:Internal solid infill
;WIDTH:0.420089
G1 F6000
G1 X167.677 Y157.621 E.04142
G1 X167.676 Y157.089 E.01635
G1 X166.204 Y158.561 E.06399
G1 X165.423 Y158.809 E.02519
G1 X167.675 Y156.557 E.09789
G1 X167.673 Y156.025 E.01635
G1 X164.651 Y159.047 E.13137
G1 X163.886 Y159.278 E.02456
G1 X167.672 Y155.493 E.16455
G1 X167.67 Y154.961 E.01635
G1 X163.121 Y159.51 E.19773
G1 X162.356 Y159.741 E.02456
G1 X167.669 Y154.429 E.23091
G1 X167.668 Y153.896 E.01635
G1 X161.592 Y159.973 E.2641
G1 X160.827 Y160.204 E.02456
G1 X167.666 Y153.364 E.29728
G1 X167.665 Y152.832 E.01635
G1 X160.062 Y160.435 E.33046
G1 X159.302 Y160.662 E.02438
G1 X167.664 Y152.3 E.36345
G1 X167.662 Y151.768 E.01635
G1 X158.551 Y160.879 E.396
G1 X157.801 Y161.096 E.02401
G1 X167.661 Y151.236 E.42855
G1 X167.659 Y150.704 E.01635
G1 X157.051 Y161.313 E.46111
G1 X156.3 Y161.53 E.02401
G1 X167.658 Y150.172 E.49366
G1 X167.657 Y149.64 E.01635
G1 X155.55 Y161.747 E.52621
G1 X154.8 Y161.964 E.02401
G1 X167.655 Y149.108 E.55877
G1 X167.654 Y148.576 E.01635
G1 X154.049 Y162.181 E.59132
G1 X153.31 Y162.387 E.02359
G1 X167.652 Y148.044 E.6234
G1 X167.651 Y147.512 E.01635
G1 X152.572 Y162.591 E.6554
G1 X151.835 Y162.795 E.02353
G1 X167.65 Y146.98 E.68741
G1 X167.648 Y146.448 E.01635
G1 X151.097 Y163 E.71941
G1 X150.359 Y163.204 E.02353
G1 X167.647 Y145.916 E.75141
G1 X167.646 Y145.384 E.01635
G1 X149.622 Y163.408 E.78341
G1 X148.884 Y163.613 E.02353
G1 X167.644 Y144.852 E.81542
G1 X167.643 Y144.32 E.01635
G1 X148.15 Y163.813 E.84726
G1 X147.424 Y164.006 E.02308
G1 X167.641 Y143.788 E.87876
G1 X167.64 Y143.256 E.01635
G1 X146.698 Y164.198 E.91025
G1 X145.972 Y164.391 E.02308
G1 X167.639 Y142.724 E.94175
G1 X167.637 Y142.192 E.01635
G1 X145.246 Y164.584 E.97324
G1 X144.52 Y164.776 E.02308
G1 X167.636 Y141.66 E1.00474
G1 X167.634 Y141.128 E.01635
G1 X143.794 Y164.969 E1.03623
G1 X143.068 Y165.161 E.02308
G1 X167.633 Y140.596 E1.06773
G1 X167.632 Y140.064 E.01635
G1 X142.347 Y165.349 E1.09901
G1 X141.629 Y165.534 E.02279
G1 X167.63 Y139.532 E1.13017
G1 X167.63 Y139.507 E.00076
G1 X167.246 Y139.383 E.01241
G1 X140.91 Y165.719 E1.14469
G1 X140.192 Y165.903 E.02279
G1 X166.843 Y139.252 E1.15839
G1 X166.44 Y139.122 E.01302
G1 X139.474 Y166.088 E1.17209
G1 X138.756 Y166.273 E.02279
G1 X166.037 Y138.991 E1.1858
G1 X165.635 Y138.861 E.01302
G1 X138.038 Y166.458 E1.1995
G1 X137.32 Y166.643 E.02279
G1 X165.232 Y138.73 E1.21321
G1 X164.824 Y138.605 E.01311
G1 X136.611 Y166.818 E1.22629
G1 X135.905 Y166.99 E.02232
G1 X164.414 Y138.481 E1.23915
G1 X164.005 Y138.357 E.01315
G1 X135.2 Y167.162 E1.25201
G1 X134.494 Y167.334 E.02232
G1 X163.595 Y138.233 E1.26487
G1 X163.185 Y138.11 E.01315
G1 X133.789 Y167.506 E1.27773
G1 X133.083 Y167.679 E.02232
G1 X162.776 Y137.986 E1.29059
G1 X162.366 Y137.862 E.01315
G1 X132.378 Y167.851 E1.30346
G1 X131.672 Y168.023 E.02232
G1 X161.956 Y137.739 E1.31632
G1 X161.547 Y137.615 E.01315
G1 X130.971 Y168.19 E1.32897
G1 X130.272 Y168.356 E.02209
G1 X161.137 Y137.491 E1.34155
G1 X160.727 Y137.367 E.01315
G1 X129.573 Y168.522 E1.35414
G1 X128.873 Y168.688 E.02209
G1 X160.318 Y137.244 E1.36673
G1 X159.908 Y137.12 E.01315
G1 X128.174 Y168.854 E1.37931
G1 X127.475 Y169.02 E.02209
G1 X159.498 Y136.997 E1.39188
G1 X159.084 Y136.877 E.01324
G1 X126.776 Y169.185 E1.40429
G1 X126.076 Y169.351 E.02209
G1 X158.67 Y136.757 E1.4167
G1 X158.257 Y136.638 E.01324
G1 X125.384 Y169.511 E1.42883
G1 X124.694 Y169.667 E.02174
G1 X157.843 Y136.518 E1.44082
G1 X157.429 Y136.398 E.01324
G1 X124.004 Y169.823 E1.45282
G1 X123.314 Y169.98 E.02174
G1 X157.015 Y136.279 E1.46482
G1 X156.602 Y136.159 E.01324
G1 X122.625 Y170.136 E1.47682
G1 X121.935 Y170.292 E.02174
G1 X156.188 Y136.039 E1.48881
G1 X155.774 Y135.92 E.01324
G1 X121.245 Y170.449 E1.50081
G1 X120.555 Y170.605 E.02174
G1 X155.36 Y135.8 E1.51281
G1 X154.947 Y135.68 E.01324
G1 X119.869 Y170.758 E1.52465
G1 X119.187 Y170.906 E.02145
G1 X154.533 Y135.561 E1.5363
G1 X154.119 Y135.441 E.01324
G1 X118.505 Y171.055 E1.54795
G1 X117.824 Y171.203 E.02145
G1 X153.703 Y135.324 E1.55951
G1 X153.286 Y135.208 E.01332
G1 X117.142 Y171.352 E1.571
G1 X116.46 Y171.5 E.02145
G1 X152.868 Y135.092 E1.58248
G1 X152.451 Y134.976 E.01332
G1 X115.778 Y171.649 E1.59397
G1 X115.096 Y171.797 E.02145
G1 X152.033 Y134.86 E1.60546
G1 X151.615 Y134.745 E.01332
G1 X114.415 Y171.945 E1.6169
G1 X113.741 Y172.086 E.02119
G1 X151.198 Y134.629 E1.62808
G1 X150.78 Y134.513 E.01332
G1 X113.066 Y172.227 E1.63927
G1 X112.391 Y172.369 E.02119
G1 X150.363 Y134.397 E1.65045
G1 X149.945 Y134.281 E.01332
G1 X111.716 Y172.51 E1.66163
G1 X111.041 Y172.652 E.02119
G1 X149.528 Y134.165 E1.67281
G1 X149.11 Y134.05 E.01332
G1 X110.367 Y172.793 E1.68399
G1 X109.692 Y172.934 E.02119
G1 X148.693 Y133.934 E1.69517
G1 X148.274 Y133.819 E.01334
G1 X109.017 Y173.076 E1.70631
G1 X108.347 Y173.212 E.021
G1 X147.852 Y133.707 E1.71709
G1 X147.431 Y133.595 E.0134
G1 X107.68 Y173.346 E1.72779
G1 X107.012 Y173.481 E.02093
G1 X147.009 Y133.483 E1.73848
G1 X146.588 Y133.372 E.0134
G1 X106.344 Y173.615 E1.74918
G1 X105.677 Y173.749 E.02093
G1 X146.166 Y133.26 E1.75987
G1 X145.745 Y133.148 E.0134
G1 X105.009 Y173.883 E1.77057
G1 X104.342 Y174.017 E.02093
G1 X145.323 Y133.036 E1.78126
G1 X144.901 Y132.924 E.0134
G1 X103.674 Y174.152 E1.79196
G1 X103.008 Y174.284 E.02088
G1 X144.48 Y132.812 E1.80259
G1 X144.058 Y132.701 E.0134
G1 X102.348 Y174.411 E1.81295
G1 X101.688 Y174.538 E.02065
G1 X143.637 Y132.589 E1.82331
G1 X143.215 Y132.477 E.0134
G1 X101.028 Y174.664 E1.83368
G1 X100.368 Y174.791 E.02065
G1 X142.794 Y132.365 E1.84404
G1 X142.369 Y132.257 E.01348
G1 X99.708 Y174.917 E1.85425
G1 X99.048 Y175.044 E.02065
G1 X141.944 Y132.148 E1.86447
G1 X141.519 Y132.04 E.01348
G1 X98.388 Y175.17 E1.87469
G1 X97.728 Y175.297 E.02065
G1 X141.094 Y131.931 E1.88491
G1 X140.669 Y131.823 E.01348
G1 X97.071 Y175.42 E1.89497
G1 X96.418 Y175.54 E.02041
G1 X140.244 Y131.714 E1.90489
G1 X139.819 Y131.606 E.01348
G1 X95.765 Y175.659 E1.91481
G1 X95.112 Y175.779 E.02041
G1 X139.394 Y131.497 E1.92472
G1 X138.969 Y131.389 E.01348
G1 X94.459 Y175.899 E1.93464
G1 X93.806 Y176.018 E.02041
G1 X138.544 Y131.28 E1.94456
G1 X138.12 Y131.172 E.01348
G1 X93.153 Y176.138 E1.95447
G1 X92.5 Y176.258 E.02041
G1 X137.695 Y131.063 E1.96439
G1 X137.27 Y130.955 E.01348
G1 X91.847 Y176.377 E1.97431
G1 X91.198 Y176.493 E.02024
G1 X136.843 Y130.848 E1.98394
G1 X136.415 Y130.742 E.01354
G1 X90.552 Y176.606 E1.99346
G1 X89.905 Y176.719 E.02018
G1 X135.988 Y130.637 E2.00299
G1 X135.56 Y130.531 E.01354
G1 X89.258 Y176.833 E2.01252
G1 X88.611 Y176.946 E.02018
G1 X135.132 Y130.425 E2.02204
G1 X134.705 Y130.319 E.01354
G1 X87.965 Y177.059 E2.03157
G1 X87.318 Y177.173 E.02018
G1 X134.277 Y130.214 E2.04109
G1 X133.85 Y130.108 E.01354
G1 X86.671 Y177.286 E2.05062
G1 X86.024 Y177.4 E.02018
G1 X133.42 Y130.004 E2.06004
G1 X132.989 Y129.901 E.0136
G1 X85.383 Y177.507 E2.06919
G1 X84.744 Y177.613 E.01993
G1 X132.559 Y129.798 E2.07829
G1 X132.128 Y129.695 E.0136
G1 X84.104 Y177.72 E2.08739
G1 X83.464 Y177.826 E.01993
G1 X131.698 Y129.593 E2.09648
G1 X131.267 Y129.49 E.0136
G1 X82.824 Y177.933 E2.10558
G1 X82.185 Y178.039 E.01993
G1 X130.837 Y129.387 E2.11467
G1 X130.406 Y129.284 E.0136
G1 X81.545 Y178.145 E2.12377
G1 X80.905 Y178.252 E.01993
G1 X129.976 Y129.181 E2.13286
G1 X129.545 Y129.078 E.0136
G1 X80.265 Y178.358 E2.14196
G1 X79.63 Y178.46 E.01978
G1 X129.115 Y128.975 E2.15087
G1 X128.684 Y128.872 E.0136
G1 X78.995 Y178.561 E2.15974
G1 X78.361 Y178.662 E.01975
G1 X128.254 Y128.769 E2.16861
G1 X127.823 Y128.666 E.0136
G1 X77.726 Y178.764 E2.17748
G1 X77.092 Y178.865 E.01975
G1 X127.393 Y128.563 E2.18635
G1 X126.962 Y128.461 E.0136
G1 X76.457 Y178.966 E2.19522
G1 X75.822 Y179.067 E.01975
G1 X126.532 Y128.358 E2.20409
G1 X126.101 Y128.255 E.0136
G1 X75.189 Y179.167 E2.21291
G1 X74.559 Y179.264 E.01959
G1 X125.669 Y128.154 E2.2215
G1 X125.234 Y128.055 E.0137
G1 X73.929 Y179.36 E2.23
G1 X73.299 Y179.457 E.01959
G1 X124.8 Y127.956 E2.2385
G1 X124.365 Y127.857 E.0137
G1 X72.669 Y179.554 E2.24699
G1 X72.039 Y179.651 E.01959
G1 X123.93 Y127.759 E2.25549
G1 X123.496 Y127.66 E.0137
G1 X71.408 Y179.747 E2.26398
G1 X70.778 Y179.844 E.01959
G1 X123.061 Y127.561 E2.27248
G1 X122.627 Y127.462 E.0137
G1 X70.155 Y179.934 E2.28067
G1 X69.535 Y180.021 E.01926
G1 X122.192 Y127.364 E2.28874
G1 X121.757 Y127.265 E.0137
G1 X68.915 Y180.108 E2.29681
G1 X68.294 Y180.195 E.01926
G1 X121.323 Y127.166 E2.30489
G1 X120.888 Y127.067 E.0137
G1 X67.674 Y180.282 E2.31296
G1 X67.053 Y180.369 E.01926
G1 X120.453 Y126.969 E2.32104
G1 X120.017 Y126.871 E.01373
G1 X66.433 Y180.456 E2.32905
G1 X65.812 Y180.543 E.01926
G1 X119.579 Y126.776 E2.33697
G1 X119.141 Y126.681 E.01378
G1 X65.192 Y180.63 E2.3449
G1 X64.572 Y180.717 E.01926
G1 X118.703 Y126.585 E2.35283
G1 X118.265 Y126.49 E.01378
G1 X63.951 Y180.804 E2.36075
G1 X63.331 Y180.891 E.01926
G1 X117.827 Y126.395 E2.36868
G1 X117.389 Y126.3 E.01378
G1 X62.71 Y180.978 E2.3766
G1 X62.09 Y181.065 E.01926
G1 X116.951 Y126.204 E2.38453
G1 X116.512 Y126.109 E.01378
G1 X61.469 Y181.152 E2.39245
G1 X60.851 Y181.237 E.01918
G1 X116.074 Y126.014 E2.40028
G1 X115.636 Y125.918 E.01378
G1 X60.237 Y181.318 E2.40796
G1 X59.622 Y181.399 E.01906
G1 X115.198 Y125.823 E2.41563
G1 X114.76 Y125.728 E.01378
G1 X59.007 Y181.481 E2.42331
G1 X58.571 Y181.538 E.01351
G1 X58.575 Y181.38 E.00488
G1 X114.32 Y125.634 E2.42299
G1 X113.879 Y125.542 E.01386
G1 X58.586 Y180.835 E2.4033
G1 X58.597 Y180.29 E.01675
G1 X113.437 Y125.45 E2.38362
G1 X112.996 Y125.359 E.01386
G1 X58.609 Y179.745 E2.36393
G1 X58.62 Y179.201 E.01675
G1 X112.554 Y125.267 E2.34425
G1 X112.113 Y125.175 E.01386
G1 X58.632 Y178.656 E2.32456
G1 X58.643 Y178.111 E.01675
G1 X111.671 Y125.083 E2.30488
G1 X111.229 Y124.991 E.01386
G1 X58.654 Y177.566 E2.28519
G1 X58.666 Y177.022 E.01675
G1 X110.788 Y124.899 E2.2655
G1 X110.346 Y124.808 E.01386
G1 X58.677 Y176.477 E2.24582
G1 X58.688 Y175.932 E.01675
G1 X109.905 Y124.716 E2.22613
G1 X109.463 Y124.624 E.01386
G1 X58.7 Y175.387 E2.20645
G1 X58.711 Y174.843 E.01675
G1 X109.022 Y124.532 E2.18676
G1 X108.578 Y124.442 E.0139
G1 X58.722 Y174.298 E2.16701
G1 X58.734 Y173.753 E.01675
G1 X108.134 Y124.352 E2.14721
G1 X107.69 Y124.263 E.01392
G1 X58.745 Y173.209 E2.12742
G1 X58.756 Y172.664 E.01675
G1 X107.246 Y124.174 E2.10762
G1 X106.802 Y124.085 E.01392
G1 X58.768 Y172.119 E2.08782
G1 X58.779 Y171.574 E.01675
G1 X106.358 Y123.995 E2.06803
G1 X105.914 Y123.906 E.01392
G1 X58.79 Y171.03 E2.04823
G1 X58.802 Y170.485 E.01675
G1 X105.47 Y123.817 E2.02844
G1 X105.026 Y123.727 E.01392
G1 X58.813 Y169.94 E2.00864
G1 X58.824 Y169.395 E.01675
G1 X104.581 Y123.638 E1.98884
G1 X104.137 Y123.549 E.01392
G1 X58.836 Y168.851 E1.96905
G1 X58.847 Y168.306 E.01675
G1 X103.693 Y123.46 E1.94925
G1 X103.249 Y123.37 E.01392
G1 X58.874 Y167.745 E1.92876
G1 X58.953 Y167.133 E.01897
G1 X102.802 Y123.284 E1.90592
G1 X102.355 Y123.198 E.014
G1 X59.032 Y166.521 E1.88305
G1 X59.111 Y165.909 E.01897
G1 X101.908 Y123.112 E1.86018
G1 X101.46 Y123.026 E.014
G1 X59.189 Y165.297 E1.83732
G1 X59.268 Y164.684 E.01897
G1 X101.013 Y122.939 E1.81445
G1 X100.566 Y122.853 E.014
G1 X59.347 Y164.072 E1.79158
G1 X59.426 Y163.46 E.01897
G1 X100.118 Y122.767 E1.76872
G1 X99.671 Y122.681 E.014
G1 X59.504 Y162.848 E1.74585
G1 X59.571 Y162.248 E.01856
G1 X99.224 Y122.595 E1.7235
G1 X98.776 Y122.509 E.014
G1 X59.615 Y161.67 E1.70213
G1 X59.66 Y161.092 E.01781
G1 X98.329 Y122.423 E1.68075
G1 X97.881 Y122.337 E.014
G1 X59.704 Y160.514 E1.65938
G1 X59.749 Y159.937 E.01781
G1 X97.434 Y122.251 E1.638
G1 X96.983 Y122.168 E.01408
G1 X59.793 Y159.359 E1.61649
G1 X59.837 Y158.781 E.01781
G1 X96.533 Y122.086 E1.59498
G1 X96.082 Y122.003 E.01408
G1 X59.882 Y158.203 E1.57347
G1 X59.926 Y157.626 E.01781
G1 X95.632 Y121.92 E1.55196
G1 X95.181 Y121.837 E.01408
G1 X59.97 Y157.048 E1.53045
G1 X60.015 Y156.47 E.01781
G1 X94.731 Y121.754 E1.50893
G1 X94.28 Y121.671 E.01408
G1 X60.059 Y155.892 E1.48742
G1 X60.104 Y155.314 E.01781
G1 X93.83 Y121.588 E1.46591
G1 X93.379 Y121.505 E.01408
G1 X60.148 Y154.737 E1.4444
G1 X60.192 Y154.159 E.01781
G1 X92.929 Y121.423 E1.42289
G1 X92.478 Y121.34 E.01408
G1 X60.237 Y153.581 E1.40138
G1 X60.281 Y153.003 E.01781
G1 X92.028 Y121.257 E1.37987
G1 X91.576 Y121.175 E.0141
G1 X60.326 Y152.426 E1.35831
G1 X60.37 Y151.848 E.01781
G1 X91.123 Y121.095 E1.33668
G1 X90.669 Y121.015 E.01415
G1 X60.247 Y151.437 E1.3223
G1 X60.247 Y150.904 E.01639
G1 X90.216 Y120.935 E1.30259
G1 X89.763 Y120.855 E.01415
G1 X60.247 Y150.37 E1.28288
G1 X60.247 Y149.837 E.01639
G1 X89.309 Y120.775 E1.26317
G1 X88.856 Y120.695 E.01415
G1 X60.247 Y149.303 E1.24346
G1 X60.247 Y148.77 E.01639
G1 X88.402 Y120.615 E1.22376
G1 X87.949 Y120.535 E.01415
G1 X60.247 Y148.237 E1.20405
G1 X60.247 Y147.703 E.01639
G1 X87.495 Y120.455 E1.18434
G1 X87.042 Y120.375 E.01415
G1 X60.247 Y147.17 E1.16463
G1 X60.247 Y146.636 E.01639
G1 X86.589 Y120.295 E1.14492
G1 X86.135 Y120.215 E.01415
G1 X60.366 Y145.984 E1.12004
G1 X60.325 Y145.492 E.01517
G1 X85.679 Y120.138 E1.10202
G1 X85.222 Y120.062 E.01424
G1 X60.283 Y145 E1.08396
G1 X60.241 Y144.509 E.01517
G1 X84.765 Y119.985 E1.06591
G1 X84.308 Y119.909 E.01424
G1 X60.2 Y144.017 E1.04785
G1 X60.158 Y143.525 E.01517
G1 X83.851 Y119.833 E1.02979
G1 X83.393 Y119.757 E.01424
G1 X60.116 Y143.033 E1.01173
G1 X60.075 Y142.542 E.01517
G1 X82.936 Y119.68 E.99368
G1 X82.479 Y119.604 E.01424
G1 X60.033 Y142.05 E.97562
G1 X59.992 Y141.558 E.01517
G1 X82.022 Y119.528 E.95756
G1 X81.565 Y119.451 E.01424
G1 X59.95 Y141.067 E.9395
G1 X59.908 Y140.575 E.01517
G1 X81.108 Y119.375 E.92145
G1 X80.651 Y119.299 E.01424
G1 X59.867 Y140.083 E.90339
G1 X59.825 Y139.591 E.01517
G1 X80.193 Y119.223 E.88531
G1 X79.733 Y119.15 E.01432
G1 X59.783 Y139.1 E.86712
G1 X59.742 Y138.608 E.01517
G1 X79.273 Y119.077 E.84893
G1 X78.813 Y119.003 E.01432
G1 X59.7 Y138.116 E.83075
G1 X59.658 Y137.624 E.01517
G1 X78.353 Y118.93 E.81256
G1 X77.893 Y118.857 E.01432
G1 X59.617 Y137.133 E.79437
G1 X59.575 Y136.641 E.01517
G1 X77.432 Y118.783 E.77618
G1 X76.972 Y118.71 E.01432
G1 X59.533 Y136.149 E.758
G1 X59.492 Y135.657 E.01517
G1 X76.512 Y118.637 E.73981
G1 X76.052 Y118.563 E.01432
G1 X59.437 Y135.179 E.72219
G1 X59.375 Y134.708 E.0146
G1 X75.592 Y118.49 E.7049
G1 X75.129 Y118.419 E.01439
G1 X59.312 Y134.237 E.68749
G1 X59.25 Y133.765 E.0146
G1 X74.666 Y118.349 E.67006
G1 X74.203 Y118.279 E.0144
G1 X59.188 Y133.294 E.65263
G1 X59.125 Y132.823 E.0146
G1 X73.739 Y118.209 E.6352
G1 X73.276 Y118.139 E.0144
G1 X59.063 Y132.352 E.61776
G1 X59.001 Y131.881 E.0146
G1 X72.812 Y118.069 E.60033
G1 X72.349 Y117.999 E.0144
G1 X58.938 Y131.41 E.5829
G1 X58.876 Y130.939 E.0146
G1 X71.886 Y117.929 E.56547
G1 X71.422 Y117.859 E.0144
G1 X58.814 Y130.468 E.54803
G1 X58.785 Y130.252 E.0067
G1 X58.778 Y129.97 E.00867
G1 X70.959 Y117.789 E.52944
G1 X70.494 Y117.721 E.01444
G1 X58.765 Y129.45 E.5098
G1 X58.752 Y128.929 E.016
G1 X70.028 Y117.653 E.49012
G1 X69.563 Y117.585 E.01447
G1 X58.739 Y128.409 E.47043
G1 X58.726 Y127.888 E.016
G1 X69.097 Y117.518 E.45075
G1 X68.631 Y117.45 E.01447
G1 X58.714 Y127.368 E.43106
G1 X58.701 Y126.847 E.016
G1 X68.165 Y117.383 E.41138
G1 X67.699 Y117.315 E.01447
G1 X58.688 Y126.327 E.39169
G1 X58.675 Y125.806 E.016
G1 X67.234 Y117.248 E.37201
G1 X66.768 Y117.18 E.01447
G1 X58.662 Y125.286 E.35232
G1 X58.649 Y124.765 E.016
G1 X66.302 Y117.112 E.33264
G1 X65.835 Y117.046 E.01449
G1 X58.636 Y124.245 E.31292
G1 X58.623 Y123.724 E.016
G1 X65.367 Y116.981 E.29311
G1 X64.898 Y116.916 E.01454
G1 X58.61 Y123.204 E.27331
G1 X58.597 Y122.683 E.016
G1 X64.43 Y116.851 E.25351
G1 X63.961 Y116.786 E.01454
G1 X58.584 Y122.163 E.23371
G1 X58.571 Y121.642 E.016
G1 X63.493 Y116.721 E.21391
G1 X63.024 Y116.656 E.01454
G1 X58.558 Y121.122 E.19411
G1 X58.546 Y120.602 E.016
G1 X62.556 Y116.591 E.17431
G1 X62.087 Y116.526 E.01454
G1 X58.533 Y120.081 E.1545
G1 X58.52 Y119.561 E.016
G1 X61.619 Y116.462 E.1347
G1 X61.15 Y116.397 E.01455
G1 X58.507 Y119.04 E.11487
G1 X58.494 Y118.52 E.016
G1 X60.676 Y116.337 E.09486
G1 X60.203 Y116.277 E.01466
G1 X58.481 Y117.999 E.07485
G1 X58.468 Y117.479 E.016
G1 X59.73 Y116.217 E.05484
G1 X59.256 Y116.157 E.01466
G1 X58.455 Y116.958 E.03483
G1 X58.442 Y116.438 E.016
G1 X58.935 Y115.945 E.02142
; stop printing object USV 1 e2mm.stl_6_B id:0 copy 0
; printing object "USV 1 e2mm.stl_5" id:1 copy 0
G1 E-.8 F3600
G1 X58.758 Y67.572 F18000
G1 E.8 F3600
M204 S500
;TYPE:Overhang wall
;WIDTH:0.409292
G1 F3000
G1 X58.758 Y54.875 E.37905
M204 S2000
G1 E-.8 F3600
G1 X58.391 Y50.105 F18000
G1 E.8 F3600
M204 S500
G1 F3000
G1 X58.391 Y71.895 E.65054
M204 S2000
G1 E-.8 F3600
G1 X58.166 Y74.557 F18000
G1 E.8 F3600
M204 S500
G1 F3000
G1 X58.025 Y74.576 E.00424
G1 X58.025 Y48.442 E.78022
G1 X58.266 Y48.473 E.00726
G1 X58.237 Y48.1 E.01118
G1 X57.659 Y48.024 E.01743
G1 X57.659 Y74.994 E.80517
G1 X58.129 Y74.931 E.01417
G1 X58.079 Y75.308 E.01133
G1 X57.292 Y75.412 E.02371
G1 X57.292 Y47.606 E.83012
G1 X58.199 Y47.725 E.02732
G1 X58.151 Y47.35 E.01131
G1 X56.926 Y47.189 E.03689
G1 X56.926 Y75.83 E.85507
G1 X58.03 Y75.684 E.03324
G1 X57.98 Y76.06 E.01133
G1 X56.559 Y76.248 E.04278
G1 X56.559 Y46.771 E.88002
G1 X58.103 Y46.974 E.04647
G1 X58.054 Y46.598 E.01131
G1 X56.193 Y46.353 E.05605
G1 X56.193 Y76.666 E.90497
G1 X57.93 Y76.436 E.05231
G1 X57.88 Y76.812 E.01133
G1 X55.827 Y77.084 E.06184
G1 X55.827 Y45.935 E.92992
G1 X58.006 Y46.222 E.06562
G1 X57.958 Y45.846 E.01131
G1 X55.46 Y45.518 E.0752
G1 X55.46 Y77.502 E.95487
G1 X57.831 Y77.188 E.07138
G1 X57.781 Y77.564 E.01133
G1 X55.094 Y77.92 E.08091
G1 X55.094 Y45.1 E.97982
G1 X57.909 Y45.47 E.08478
G1 X57.861 Y45.094 E.01131
G1 X54.728 Y44.682 E.09435
G1 X54.728 Y78.338 E1.00477
G1 X57.731 Y77.941 E.09045
G1 X57.681 Y78.317 E.01133
G1 X54.361 Y78.756 E.09998
G1 X54.361 Y44.265 E1.02972
G1 X57.813 Y44.718 E.10393
G1 X57.764 Y44.343 E.01131
G1 X53.995 Y43.847 E.11351
G1 X53.995 Y79.174 E1.05466
G1 X57.631 Y78.693 E.10952
G1 X57.582 Y79.069 E.01133
G1 X53.628 Y79.592 E.11905
G1 X53.628 Y43.429 E1.07961
G1 X57.716 Y43.967 E.12308
G1 X57.668 Y43.591 E.01131
G1 X53.262 Y43.013 E.13266
G1 X53.262 Y80.01 E1.10453
G1 X57.532 Y79.445 E.12858
G1 X57.482 Y79.821 E.01133
G1 X52.896 Y80.428 E.13812
G1 X52.896 Y42.599 E1.12937
G1 X57.619 Y43.215 E.14222
G1 X57.571 Y42.839 E.01131
G1 X52.529 Y42.185 E.15178
G1 X52.529 Y80.846 E1.15421
G1 X57.447 Y80.195 E.1481
G1 X57.438 Y80.566 E.01107
G1 X52.163 Y81.264 E.15886
G1 X52.163 Y41.771 E1.17905
G1 X57.523 Y42.463 E.16135
G1 X57.514 Y42.092 E.01107
G1 X51.797 Y41.357 E.17209
G1 X51.797 Y81.682 E1.20389
G1 X57.429 Y80.937 E.16962
G1 X57.42 Y81.308 E.01107
G1 X51.43 Y82.1 E.18037
G1 X51.43 Y40.943 E1.22873
G1 X53.605 Y41.209 E.06542
G1 X57.506 Y41.722 E.11746
G1 X57.498 Y41.351 E.01106
G1 X53.651 Y40.846 E.11584
G1 X51.064 Y40.529 E.07783
G1 X51.064 Y82.518 E1.25357
G1 X57.411 Y81.679 E.19113
G1 X57.401 Y82.049 E.01107
G1 X50.698 Y82.936 E.20188
G1 X50.698 Y40.115 E1.27841
G1 X53.698 Y40.482 E.09024
G1 X57.491 Y40.981 E.11421
G1 X57.483 Y40.61 E.01106
G1 X53.744 Y40.119 E.11259
G1 X50.331 Y39.701 E.10265
G1 X50.331 Y83.354 E1.30325
G1 X57.392 Y82.42 E.21264
G1 X57.383 Y82.791 E.01107
G1 X49.965 Y83.77 E.22339
G1 X49.965 Y39.287 E1.32803
G1 X53.79 Y39.755 E.11505
G1 X57.475 Y40.24 E.11097
G1 X57.467 Y39.869 E.01106
G1 X53.836 Y39.392 E.10934
G1 X49.598 Y38.873 E.12746
G1 X49.598 Y84.184 E1.35276
G1 X57.374 Y83.162 E.23413
G1 X57.365 Y83.532 E.01107
G1 X49.232 Y84.598 E.24487
G1 X49.232 Y38.459 E1.37747
G1 X53.882 Y39.029 E.13987
G1 X57.46 Y39.499 E.10772
G1 X57.452 Y39.128 E.01106
G1 X53.929 Y38.665 E.1061
G1 X48.866 Y38.048 E.15227
G1 X48.866 Y85.008 E1.40199
G1 X50.345 Y84.83 E.04449
G1 X57.355 Y83.903 E.21111
G1 X57.346 Y84.274 E.01107
G1 X50.392 Y85.194 E.20943
G1 X48.499 Y85.419 E.05689
G1 X48.499 Y37.638 E1.42649
G1 X53.975 Y38.302 E.16466
G1 X57.444 Y38.758 E.10448
G1 X57.437 Y38.387 E.01106
G1 X54.021 Y37.938 E.10285
G1 X48.133 Y37.227 E.17706
G1 X48.133 Y85.829 E1.451
G1 X50.438 Y85.557 E.0693
G1 X57.337 Y84.645 E.20776
G1 X57.328 Y85.016 E.01107
G1 X50.485 Y85.921 E.20608
G1 X47.767 Y86.24 E.0817
G1 X47.767 Y36.817 E1.4755
G1 X54.067 Y37.575 E.18945
G1 X57.429 Y38.017 E.10123
G1 X57.421 Y37.646 E.01106
G1 X54.113 Y37.211 E.09961
G1 X49.415 Y36.636 E.1413
G1 X47.4 Y36.407 E.06055
G1 X47.4 Y86.65 E1.5
G1 X50.531 Y86.284 E.09411
G1 X57.319 Y85.386 E.2044
G1 X57.309 Y85.757 E.01107
G1 X50.577 Y86.647 E.20273
G1 X47.034 Y87.061 E.10651
G1 X47.034 Y35.996 E1.52451
G1 X49.458 Y36.272 E.07285
G1 X54.159 Y36.848 E.1414
G1 X57.413 Y37.276 E.09798
G1 X57.406 Y36.905 E.01106
G1 X54.206 Y36.484 E.09636
G1 X49.501 Y35.908 E.1415
G1 X46.667 Y35.586 E.08515
G1 X46.667 Y87.471 E1.54901
G1 X50.624 Y87.011 E.11892
G1 X57.3 Y86.128 E.20105
G1 X57.291 Y86.499 E.01107
G1 X50.67 Y87.374 E.19937
G1 X46.301 Y87.881 E.13132
G1 X46.301 Y35.175 E1.57352
G1 X49.544 Y35.544 E.09745
G1 X54.252 Y36.121 E.14159
G1 X57.398 Y36.534 E.09474
G1 X57.39 Y36.164 E.01106
G1 X54.298 Y35.757 E.09312
G1 X49.587 Y35.18 E.14169
G1 X45.935 Y34.765 E.10975
G1 X45.935 Y88.292 E1.59802
G1 X50.717 Y87.738 E.14373
G1 X57.282 Y86.869 E.1977
G1 X57.273 Y87.24 E.01107
G1 X50.763 Y88.101 E.19602
G1 X45.568 Y88.702 E.15613
G1 X45.568 Y34.355 E1.62252
G1 X49.63 Y34.816 E.12205
G1 X54.344 Y35.394 E.14178
G1 X57.383 Y35.793 E.09149
G1 X57.375 Y35.423 E.01106
G1 X54.39 Y35.031 E.08987
G1 X49.673 Y34.453 E.14188
G1 X45.202 Y33.944 E.13435
G1 X45.202 Y89.113 E1.64703
G1 X50.81 Y88.464 E.16854
G1 X57.263 Y87.611 E.19434
G1 X57.254 Y87.982 E.01107
G1 X50.856 Y88.829 E.19267
G1 X44.836 Y89.523 E.18094
G1 X44.836 Y33.534 E1.67153
G1 X49.716 Y34.089 E.14665
G1 X54.436 Y34.667 E.14198
G1 X57.367 Y35.052 E.08825
G1 X57.359 Y34.682 E.01106
G1 X54.483 Y34.304 E.08663
G1 X49.759 Y33.725 E.14207
G1 X44.469 Y33.124 E.15895
G1 X44.469 Y89.933 E1.69604
G1 X51.215 Y89.154 E.20273
G1 X57.245 Y88.353 E.18161
G1 X57.236 Y88.723 E.01107
G1 X51.573 Y89.479 E.17055
G1 X44.103 Y90.344 E.22451
G1 X44.103 Y32.713 E1.72054
G1 X49.802 Y33.361 E.17125
G1 X54.529 Y33.94 E.14217
G1 X57.352 Y34.311 E.085
G1 X57.344 Y33.941 E.01106
G1 X54.575 Y33.577 E.08338
G1 X49.845 Y32.997 E.14226
G1 X43.736 Y32.303 E.18355
G1 X43.736 Y90.754 E1.74504
G1 X49.957 Y90.047 E.18692
G1 X51.932 Y89.805 E.05938
G1 X57.227 Y89.094 E.1595
G1 X57.217 Y89.465 E.01107
G1 X52.29 Y90.116 E.14838
G1 X52.29 Y90.13 E.0004
G1 X50 Y90.41 E.06886
G1 X43.37 Y91.165 E.19922
G1 X43.37 Y31.893 E1.76955
G1 X49.888 Y32.633 E.19585
G1 X54.621 Y33.213 E.14236
G1 X57.336 Y33.57 E.08176
G1 X57.329 Y33.2 E.01106
G1 X54.667 Y32.85 E.08013
G1 X49.931 Y32.27 E.14245
G1 X43.004 Y31.482 E.20815
G1 X43.004 Y91.575 E1.79405
G1 X50.043 Y90.774 E.21152
G1 X52.648 Y90.455 E.07835
G1 X52.649 Y90.439 E.00049
G1 X57.208 Y89.836 E.1373
G1 X57.199 Y90.206 E.01107
G1 X53.007 Y90.761 E.12623
G1 X53.007 Y90.78 E.00058
G1 X50.086 Y91.138 E.08784
G1 X42.637 Y91.985 E.22383
G1 X42.637 Y31.072 E1.81856
G1 X49.974 Y31.906 E.22045
G1 X54.714 Y32.486 E.14255
G1 X57.321 Y32.829 E.07851
G1 X57.313 Y32.459 E.01106
G1 X54.76 Y32.123 E.07689
G1 X50.017 Y31.542 E.14265
G1 X42.271 Y30.661 E.23275
G1 X42.271 Y92.396 E1.84306
G1 X50.129 Y91.502 E.23613
G1 X53.365 Y91.105 E.09732
G1 X53.366 Y91.083 E.00067
G1 X57.19 Y90.577 E.11516
G1 X57.18 Y90.948 E.01107
G1 X53.724 Y91.405 E.10409
G1 X53.724 Y91.431 E.00076
G1 X50.172 Y91.866 E.10681
G1 X41.905 Y92.806 E.24843
G1 X41.905 Y30.251 E1.86757
G1 X50.06 Y31.178 E.24505
G1 X54.806 Y31.759 E.14274
G1 X57.305 Y32.088 E.07527
G1 X57.298 Y31.717 E.01106
G1 X54.852 Y31.396 E.07364
G1 X50.103 Y30.814 E.14284
G1 X41.538 Y29.841 E.25735
G1 X41.538 Y93.217 E1.89207
G1 X50.215 Y92.23 E.26073
G1 X54.082 Y91.756 E.1163
G1 X54.083 Y91.727 E.00085
G1 X57.171 Y91.319 E.09301
G1 X57.162 Y91.69 E.01107
G1 X54.441 Y92.049 E.08194
G1 X54.44 Y92.081 E.00094
G1 X50.259 Y92.593 E.12578
G1 X41.172 Y93.627 E.27303
G1 X41.172 Y29.43 E1.91657
G1 X50.146 Y30.45 E.26965
G1 X54.898 Y31.033 E.14293
G1 X57.29 Y31.347 E.07202
G1 X57.282 Y30.976 E.01106
G1 X54.944 Y30.669 E.0704
G1 X50.189 Y30.086 E.14303
G1 X40.806 Y29.02 E.28195
G1 X40.805 Y94.038 E1.94108
G1 X50.302 Y92.957 E.28533
G1 X54.799 Y92.406 E.13527
G1 X54.8 Y92.372 E.00103
G1 X57.153 Y92.06 E.07087
G1 X57.144 Y92.431 E.01107
G1 X55.158 Y92.694 E.05979
G1 X55.157 Y92.731 E.00111
G1 X50.345 Y93.321 E.14476
G1 X40.439 Y94.445 E.29762
G1 X40.439 Y28.612 E1.96542
G1 X50.232 Y29.723 E.29424
G1 X54.991 Y30.306 E.14313
G1 X57.275 Y30.606 E.06877
G1 X57.267 Y30.235 E.01106
G1 X55.037 Y29.942 E.06715
G1 X50.275 Y29.359 E.14322
G1 X40.073 Y28.206 E.30653
G1 X40.073 Y94.851 E1.98966
G1 X50.388 Y93.685 E.3099
G1 X55.148 Y93.102 E.14318
G1 X55.516 Y93.053 E.01108
G1 X55.517 Y93.016 E.00111
G1 X57.134 Y92.802 E.04872
G1 X57.125 Y93.173 E.01107
G1 X55.875 Y93.338 E.03765
G1 X55.874 Y93.375 E.00111
G1 X50.431 Y94.049 E.16376
G1 X39.706 Y95.257 E.32219
G1 X39.706 Y27.8 E2.01391
G1 X50.318 Y28.995 E.31881
G1 X55.083 Y29.579 E.14332
G1 X57.259 Y29.865 E.06553
G1 X57.252 Y29.494 E.01106
G1 X55.129 Y29.215 E.06391
G1 X50.361 Y28.631 E.14341
G1 X40.76 Y27.54 E.28847
G1 X39.34 Y27.394 E.04263
G1 X39.34 Y95.663 E2.03816
G1 X40.874 Y95.505 E.04604
G1 X50.474 Y94.413 E.28843
G1 X55.241 Y93.828 E.14338
G1 X56.233 Y93.697 E.02988
G1 X56.234 Y93.66 E.00111
G1 X57.116 Y93.543 E.02657
G1 X57.107 Y93.914 E.01107
G1 X56.592 Y93.982 E.0155
G1 X56.591 Y94.019 E.00111
G1 X50.517 Y94.776 E.18276
G1 X40.914 Y95.869 E.28854
G1 X38.974 Y96.069 E.05822
G1 X38.974 Y26.987 E2.0624
G1 X40.8 Y27.176 E.05481
G1 X50.404 Y28.267 E.28857
G1 X55.175 Y28.852 E.14351
G1 X57.244 Y29.124 E.06228
G1 X57.236 Y28.753 E.01106
G1 X55.221 Y28.488 E.06066
G1 X50.447 Y27.903 E.1436
G1 X40.839 Y26.811 E.28868
G1 X38.607 Y26.581 E.06699
G1 X38.607 Y96.475 E2.08665
G1 X40.953 Y96.233 E.0704
G1 X50.56 Y95.14 E.28865
G1 X55.333 Y94.555 E.14358
G1 X56.95 Y94.342 E.04868
G1 X56.951 Y94.304 E.00111
G1 X57.098 Y94.285 E.00443
M204 S2000
G1 E-.8 F3600
G1 X166.77 Y61.849 F18000
G1 E.8 F3600
M204 S500
G1 F3000
G1 X167.789 Y61.507 E.03209
G1 X166.772 Y61.135 E.03233
G1 X166.773 Y60.751 E.01147
G1 X167.747 Y61.094 E.03083
G1 X168.387 Y61.357 E.02068
G1 X168.646 Y61.503 E.00887
G1 X167.844 Y61.887 E.02654
G1 X166.769 Y62.235 E.03374
G1 X166.768 Y62.62 E.01151
G1 X167.98 Y62.228 E.03803
G1 X169.431 Y61.528 E.04809
G1 X168.548 Y61.026 E.03032
G1 X167.878 Y60.752 E.02162
G1 X166.774 Y60.367 E.03492
G1 X166.775 Y59.983 E.01147
G1 X168.009 Y60.41 E.039
G1 X168.709 Y60.696 E.02257
G1 X169.795 Y61.314 E.03732
G1 X169.891 Y61.405 E.00394
G1 X169.918 Y61.528 E.00376
G1 X169.89 Y61.655 E.00389
G1 X169.801 Y61.74 E.0037
G1 X169.529 Y61.894 E.00931
G1 X168.116 Y62.569 E.04675
G1 X166.767 Y63.005 E.04233
G1 X166.766 Y63.391 E.01151
G1 X168.252 Y62.91 E.04663
G1 X169.698 Y62.219 E.04785
G1 X170.02 Y62.037 E.01103
G1 X170.225 Y61.843 E.00844
G1 X170.292 Y61.528 E.00962
G1 X170.226 Y61.217 E.0095
G1 X170.015 Y61.017 E.00868
G1 X168.869 Y60.366 E.03934
G1 X168.14 Y60.068 E.02351
G1 X167.271 Y59.756 E.02756
G1 X166.776 Y59.599 E.01553
G1 X166.777 Y59.215 E.01147
G1 X167.389 Y59.409 E.01918
G1 X168.272 Y59.725 E.02801
G1 X169.03 Y60.036 E.02446
G1 X170.234 Y60.721 E.04136
G1 X170.561 Y61.029 E.01341
G1 X170.667 Y61.528 E.01523
G1 X170.56 Y62.031 E.01534
G1 X170.239 Y62.335 E.01319
G1 X169.867 Y62.544 E.01274
G1 X168.388 Y63.251 E.04895
G1 X166.765 Y63.776 E.05093
G1 X166.764 Y64.162 E.01151
G1 X168.524 Y63.592 E.05523
G1 X170.036 Y62.869 E.05004
G1 X170.458 Y62.632 E.01445
G1 X170.894 Y62.219 E.01794
G1 X171.041 Y61.528 E.02107
G1 X170.896 Y60.841 E.02097
G1 X170.454 Y60.424 E.01814
G1 X169.191 Y59.706 E.04338
G1 X168.403 Y59.383 E.02541
G1 X167.506 Y59.062 E.02845
G1 X166.778 Y58.831 E.02282
G1 X166.779 Y58.447 E.01147
G1 X167.623 Y58.715 E.02646
G1 X168.534 Y59.041 E.0289
G1 X169.351 Y59.376 E.02635
G1 X170.673 Y60.127 E.0454
G1 X171.23 Y60.653 E.02288
G1 X171.416 Y61.529 E.02671
G1 X171.229 Y62.406 E.0268
G1 X170.677 Y62.929 E.02269
G1 X170.205 Y63.195 E.01617
G1 X168.66 Y63.933 E.05114
G1 X166.763 Y64.547 E.05953
G1 X166.762 Y64.932 E.01151
G1 X168.796 Y64.274 E.06382
G1 X170.374 Y63.52 E.05224
G1 X170.896 Y63.226 E.01788
G1 X171.564 Y62.594 E.02744
G1 X171.79 Y61.529 E.03252
G1 X171.565 Y60.465 E.03245
G1 X170.892 Y59.831 E.02761
G1 X169.512 Y59.046 E.04741
G1 X168.666 Y58.699 E.0273
G1 X167.741 Y58.367 E.02934
G1 X166.78 Y58.063 E.0301
G1 X166.781 Y57.678 E.01147
G1 X167.858 Y58.02 E.03374
G1 X168.797 Y58.357 E.02979
G1 X169.672 Y58.716 E.02824
G1 X171.112 Y59.534 E.04943
G1 X171.9 Y60.278 E.03235
G1 X172.165 Y61.529 E.03819
G1 X171.898 Y62.782 E.03825
G1 X171.115 Y63.523 E.03218
G1 X170.543 Y63.845 E.01959
G1 X168.932 Y64.615 E.05333
G1 X166.761 Y65.318 E.06812
G1 X166.76 Y65.703 E.01151
G1 X169.068 Y64.956 E.07242
G1 X170.713 Y64.17 E.05443
G1 X171.334 Y63.82 E.0213
G1 X172.233 Y62.97 E.03693
G1 X172.539 Y61.529 E.04397
G1 X172.234 Y60.09 E.04393
G1 X171.331 Y59.237 E.03708
G1 X169.833 Y58.385 E.05145
G1 X168.928 Y58.015 E.02919
G1 X167.975 Y57.673 E.03023
G1 X166.782 Y57.294 E.03738
G1 X166.783 Y56.91 E.01147
G1 X168.092 Y57.326 E.04103
G1 X169.06 Y57.673 E.03068
G1 X169.994 Y58.055 E.03014
G1 X171.551 Y58.94 E.05347
G1 X172.541 Y59.875 E.04067
G1 X172.576 Y59.935 E.00206
G1 X172.914 Y61.529 E.04865
G1 X172.575 Y63.12 E.04856
G1 X172.536 Y63.187 E.0023
G1 X171.553 Y64.117 E.04041
G1 X170.882 Y64.495 E.02302
G1 X169.204 Y65.298 E.05553
G1 X166.759 Y66.088 E.07672
G1 X166.758 Y66.474 E.01151
G1 X169.34 Y65.639 E.08102
G1 X171.051 Y64.821 E.05662
G1 X171.772 Y64.414 E.02473
G1 X172.826 Y63.417 E.04332
G1 X172.921 Y63.254 E.00563
G1 X173.288 Y61.529 E.05264
G1 X172.922 Y59.801 E.05275
G1 X172.831 Y59.645 E.00539
G1 X171.77 Y58.644 E.04355
G1 X170.154 Y57.725 E.05549
G1 X169.191 Y57.331 E.03108
G1 X168.21 Y56.979 E.03112
G1 X166.784 Y56.526 E.04467
G1 X166.785 Y56.142 E.01147
G1 X168.327 Y56.632 E.04831
G1 X169.322 Y56.988 E.03157
G1 X170.315 Y57.395 E.03203
G1 X171.99 Y58.347 E.05751
G1 X173.12 Y59.414 E.04642
G1 X173.268 Y59.667 E.00873
G1 X173.663 Y61.53 E.05685
G1 X173.268 Y63.388 E.05672
G1 X173.116 Y63.647 E.00895
G1 X171.992 Y64.711 E.04623
G1 X171.22 Y65.146 E.02644
G1 X169.476 Y65.98 E.05772
G1 X166.757 Y66.859 E.08531
G1 X166.756 Y67.245 E.01151
G1 X169.612 Y66.321 E.08961
G1 X171.389 Y65.471 E.05882
G1 X172.211 Y65.008 E.02816
G1 X173.406 Y63.877 E.04915
G1 X173.614 Y63.522 E.01228
G1 X174.037 Y61.53 E.0608
G1 X173.614 Y59.532 E.06095
G1 X173.41 Y59.184 E.01207
G1 X172.209 Y58.05 E.0493
G1 X170.476 Y57.065 E.05953
G1 X169.454 Y56.646 E.03297
G1 X168.444 Y56.284 E.03201
G1 X166.786 Y55.758 E.05195
G1 X166.787 Y55.374 E.01147
G1 X168.561 Y55.937 E.05559
G1 X169.585 Y56.304 E.03246
G1 X170.636 Y56.735 E.03392
G1 X172.428 Y57.754 E.06155
G1 X173.699 Y58.953 E.05218
G1 X173.961 Y59.398 E.01541
G1 X174.412 Y61.53 E.06505
G1 X173.96 Y63.655 E.06488
G1 X173.696 Y64.107 E.0156
G1 X172.43 Y65.305 E.05206
G1 X171.558 Y65.796 E.02987
G1 X169.748 Y66.662 E.05991
G1 X166.755 Y67.63 E.09391
G1 X166.754 Y68.015 E.01151
G1 X169.467 Y67.138 E.08514
G1 X169.467 Y67.176 E.00115
G1 X169.634 Y67.122 E.00526
G1 X171.727 Y66.122 E.06925
G1 X172.649 Y65.602 E.03158
G1 X173.986 Y64.337 E.05497
G1 X174.306 Y63.789 E.01893
G1 X174.787 Y61.53 E.06896
G1 X174.307 Y59.264 E.06915
G1 X173.989 Y58.723 E.01874
G1 X172.648 Y57.457 E.05506
G1 X170.797 Y56.405 E.06357
G1 X169.716 Y55.962 E.03487
G1 X168.679 Y55.59 E.0329
G1 X166.787 Y54.99 E.05924
G1 X166.788 Y54.606 E.01147
G1 X168.796 Y55.243 E.06288
G1 X169.847 Y55.62 E.03335
G1 X170.957 Y56.075 E.03581
G1 X172.867 Y57.16 E.06558
G1 X174.278 Y58.492 E.05793
G1 X174.653 Y59.13 E.02208
G1 X175.161 Y61.53 E.07325
G1 X174.652 Y63.923 E.07304
G1 X174.276 Y64.567 E.02225
G1 X172.868 Y65.899 E.05788
G1 X171.896 Y66.447 E.0333
G1 X169.77 Y67.463 E.07035
G1 X169.099 Y67.68 E.02106
G1 X169.099 Y67.642 E.00115
G1 X166.753 Y68.401 E.07364
G1 X166.752 Y68.786 E.01151
G1 X168.732 Y68.146 E.06213
G1 X168.732 Y68.184 E.00115
G1 X169.906 Y67.804 E.03686
G1 X172.066 Y66.772 E.07144
G1 X173.087 Y66.196 E.03501
G1 X174.566 Y64.797 E.06079
G1 X174.998 Y64.057 E.02558
G1 X175.536 Y61.53 E.07711
G1 X174.999 Y58.996 E.07735
G1 X174.568 Y58.262 E.02542
G1 X173.087 Y56.863 E.06081
G1 X171.118 Y55.744 E.0676
G1 X169.979 Y55.278 E.03676
G1 X168.913 Y54.896 E.03379
G1 X166.789 Y54.222 E.06652
G1 X166.79 Y53.838 E.01147
G1 X169.03 Y54.549 E.07016
G1 X170.11 Y54.936 E.03424
G1 X171.279 Y55.414 E.0377
G1 X173.306 Y56.567 E.06962
G1 X174.857 Y58.031 E.06369
G1 X175.345 Y58.862 E.02876
G1 X175.91 Y61.531 E.08144
G1 X175.344 Y64.191 E.08119
G1 X174.856 Y65.027 E.0289
G1 X173.306 Y66.493 E.06371
G1 X172.235 Y67.097 E.03672
G1 X170.042 Y68.145 E.07254
G1 X168.364 Y68.688 E.05267
G1 X168.364 Y68.65 E.00115
G1 X166.751 Y69.172 E.05062
G1 X166.75 Y69.557 E.01151
G1 X167.996 Y69.154 E.03912
G1 X167.996 Y69.192 E.00115
G1 X170.178 Y68.486 E.06847
G1 X172.404 Y67.423 E.07364
G1 X173.525 Y66.791 E.03843
G1 X175.146 Y65.257 E.06662
G1 X175.69 Y64.325 E.03223
G1 X176.285 Y61.531 E.08527
G1 X175.691 Y58.728 E.08554
G1 X175.147 Y57.801 E.03209
G1 X173.525 Y56.27 E.06657
G1 X171.439 Y55.084 E.07164
G1 X170.241 Y54.594 E.03865
G1 X169.148 Y54.202 E.03468
G1 X166.791 Y53.454 E.0738
G1 X166.792 Y53.07 E.01147
G1 X169.265 Y53.854 E.07744
G1 X170.373 Y54.251 E.03513
G1 X171.6 Y54.754 E.03959
G1 X173.745 Y55.973 E.07366
G1 X175.436 Y57.57 E.06944
G1 X176.037 Y58.594 E.03543
G1 X176.659 Y61.531 E.08964
G1 X176.036 Y64.458 E.08935
G1 X175.436 Y65.487 E.03555
G1 X173.744 Y67.088 E.06953
G1 X172.573 Y67.748 E.04015
G1 X170.314 Y68.827 E.07474
G1 X167.629 Y69.696 E.08427
G1 X167.629 Y69.658 E.00115
G1 X166.749 Y69.942 E.02761
G1 X166.748 Y70.328 E.01151
G1 X167.261 Y70.162 E.01611
G1 X167.261 Y70.2 E.00115
G1 X170.45 Y69.168 E.10008
G1 X172.742 Y68.073 E.07583
G1 X173.964 Y67.385 E.04186
G1 X175.726 Y65.717 E.07244
G1 X176.382 Y64.592 E.03888
G1 X177.034 Y61.531 E.09343
G1 X176.383 Y58.459 E.09374
G1 X175.726 Y57.34 E.03877
G1 X173.964 Y55.677 E.07232
G1 X171.761 Y54.424 E.07568
G1 X170.504 Y53.909 E.04054
G1 X169.382 Y53.507 E.03557
G1 X166.793 Y52.686 E.08109
G1 X166.794 Y52.302 E.01147
G1 X169.5 Y53.16 E.08473
G1 X170.635 Y53.567 E.03602
G1 X171.921 Y54.094 E.04149
G1 X174.184 Y55.38 E.0777
G1 X176.015 Y57.109 E.0752
G1 X176.729 Y58.325 E.0421
G1 X177.408 Y61.531 E.09784
G1 X176.728 Y64.726 E.09751
G1 X176.016 Y65.947 E.0422
G1 X174.183 Y67.682 E.07535
G1 X172.911 Y68.398 E.04357
G1 X170.586 Y69.51 E.07693
G1 X166.893 Y70.704 E.11588
G1 X166.893 Y70.666 E.00115
G1 X166.747 Y70.713 E.0046
M204 S2000
G1 X166.615 Y71.551 F18000
M204 S1000
;TYPE:Outer wall
;WIDTH:0.42
G1 F3000
M106 S127
G1 X164.218 Y72.326 E.07741
G1 X158.635 Y74.015 E.17923
G1 X153.039 Y75.634 E.179
G1 X147.465 Y77.177 E.17772
G1 X141.872 Y78.672 E.17787
G1 X136.223 Y80.113 E.17915
G1 X130.578 Y81.496 E.17858
G1 X124.921 Y82.836 E.17863
G1 X119.254 Y84.124 E.17858
G1 X113.575 Y85.359 E.17859
G1 X107.888 Y86.542 E.17847
G1 X102.19 Y87.696 E.17864
G1 X96.472 Y88.788 E.17889
G1 X90.755 Y89.84 E.17861
G1 X85.024 Y90.85 E.1788
G1 X79.285 Y91.808 E.17878
G1 X74.504 Y92.57 E.14877
G1 X69.734 Y93.291 E.14823
G1 X64.965 Y93.982 E.14808
G1 X56.342 Y95.148 E.26738
G1 F1680
G1 X56.172 Y95.171 E.00527
G1 F900
G1 X55.971 Y95.197 E.00623
M204 S500
;TYPE:Overhang wall
;WIDTH:0.409292
G1 X50.644 Y95.855 E.16024
G1 X45.852 Y96.411 E.14405
G1 X41.03 Y96.949 E.14483
G1 X37.887 Y97.273 E.09433
G1 X37.887 Y25.783 E2.1343
G1 X40.917 Y26.096 E.09093
G1 X50.532 Y27.188 E.28889
G1 X56.114 Y27.88 E.16794
M204 S1000
;TYPE:Outer wall
;WIDTH:0.42
G1 X56.315 Y27.906 E.00623
M106 S127
G1 F1680
G1 X56.484 Y27.928 E.00524
G1 F3000
G1 X60.081 Y28.401 E.11147
G1 X64.841 Y29.062 E.14765
G1 X69.61 Y29.754 E.14808
G1 X74.383 Y30.474 E.14835
G1 X79.161 Y31.236 E.14866
G1 X84.922 Y32.194 E.17946
G1 X90.682 Y33.205 E.17969
G1 X96.422 Y34.256 E.17931
G1 X102.161 Y35.356 E.17955
G1 X107.86 Y36.509 E.17864
G1 X113.556 Y37.695 E.17879
G1 X119.231 Y38.931 E.17847
G1 X124.91 Y40.219 E.17893
G1 X133.392 Y42.247 E.26795
G1 X141.862 Y44.391 E.26847
G1 X147.454 Y45.875 E.17777
G1 X153.038 Y47.422 E.17805
G1 X158.635 Y49.036 E.17899
G1 X164.208 Y50.725 E.17893
G1 X166.608 Y51.487 E.07739
G1 F1260
G1 X167.099 Y51.643 E.01583
G1 F900
G1 X167.48 Y51.764 E.01228
M204 S500
;TYPE:Overhang wall
;WIDTH:0.409292
G1 X169.73 Y52.478 E.07047
G1 X170.893 Y52.895 E.03689
G1 X172.237 Y53.445 E.04334
G1 X174.615 Y54.797 E.08167
G1 X176.584 Y56.656 E.08085
G1 X177.409 Y58.062 E.04866
G1 X178.144 Y61.532 E.10589
G1 X177.409 Y64.989 E.10553
G1 X176.586 Y66.399 E.04874
G1 X174.613 Y68.266 E.08108
G1 X173.244 Y69.037 E.04694
G1 X170.854 Y70.18 E.07908
G1 X167.482 Y71.27 E.10578
M204 S1000
;TYPE:Outer wall
;WIDTH:0.42
G1 X167.102 Y71.393 E.01227
G1 F1260
M106 S127
G1 X166.634 Y71.545 E.01512
M204 S2000
G1 X166.494 Y71.178 F18000
M204 S1500
;TYPE:Inner wall
;WIDTH:0.45
G1 F4800
G1 X164.101 Y71.952 E.08344
G1 X158.524 Y73.639 E.19328
G1 X152.932 Y75.256 E.19308
G1 X147.362 Y76.799 E.19173
G1 X141.773 Y78.292 E.19188
G1 X136.128 Y79.733 E.19327
G1 X130.486 Y81.114 E.19268
G1 X124.833 Y82.454 E.19274
G1 X119.169 Y83.741 E.19267
G1 X113.493 Y84.976 E.19268
G1 X107.809 Y86.158 E.19258
G1 X102.114 Y87.311 E.19274
G1 X96.399 Y88.403 E.19301
G1 X90.685 Y89.454 E.19273
G1 X84.958 Y90.463 E.19292
G1 X79.222 Y91.421 E.1929
G1 X74.444 Y92.183 E.16051
G1 X69.677 Y92.903 E.15993
G1 X64.91 Y93.594 E.15978
G1 X56.761 Y94.696 E.27276
G1 X56.365 Y94.75 E.01327
G1 F1680
G1 X56.182 Y94.774 E.00612
G1 F900
G1 X55.981 Y94.8 E.00672
M204 S500
;TYPE:Overhang wall
;WIDTH:0.409292
G1 X50.598 Y95.466 E.16194
G1 X45.807 Y96.022 E.14399
G1 X40.988 Y96.559 E.14476
G1 X38.279 Y96.838 E.08131
G1 X38.279 Y26.218 E2.10835
G1 X40.875 Y26.485 E.07789
G1 X50.486 Y27.578 E.28878
G1 X56.123 Y28.276 E.16957
M204 S1500
;TYPE:Inner wall
;WIDTH:0.45
G1 X56.323 Y28.302 E.00669
M106 S127
G1 F1680
G1 X56.506 Y28.327 E.00613
G1 F4800
G1 X56.903 Y28.379 E.01327
G1 X60.029 Y28.789 E.10458
G1 X64.785 Y29.45 E.1593
G1 X69.552 Y30.141 E.15978
G1 X74.323 Y30.862 E.16006
G1 X79.098 Y31.623 E.16039
G1 X84.856 Y32.58 E.19364
G1 X90.613 Y33.59 E.19388
G1 X96.35 Y34.642 E.19347
G1 X102.085 Y35.741 E.19371
G1 X107.781 Y36.893 E.19275
G1 X113.474 Y38.079 E.19292
G1 X119.146 Y39.314 E.19256
G1 X124.821 Y40.601 E.19304
G1 X133.298 Y42.627 E.28911
G1 X141.763 Y44.771 E.28967
G1 X147.351 Y46.253 E.19177
G1 X152.931 Y47.799 E.19207
G1 X158.524 Y49.412 E.19308
G1 X164.091 Y51.1 E.19299
G1 X167.305 Y52.12 E.11185
G1 F2520
G1 X167.517 Y52.187 E.00738
G1 F1680
G1 X167.687 Y52.241 E.00592
G1 F900
G1 X167.898 Y52.308 E.00734
M204 S500
;TYPE:Overhang wall
;WIDTH:0.409292
G1 X169.605 Y52.849 E.05346
G1 X170.753 Y53.261 E.03641
G1 X172.065 Y53.798 E.04233
G1 X174.38 Y55.114 E.0795
G1 X176.274 Y56.903 E.07778
G1 X177.039 Y58.205 E.04509
G1 X177.743 Y61.532 E.10151
G1 X177.038 Y64.846 E.10116
G1 X176.275 Y66.153 E.04518
G1 X174.379 Y67.948 E.07796
G1 X173.063 Y68.689 E.0451
G1 X170.708 Y69.815 E.07791
G1 X167.85 Y70.739 E.08968
M204 S1500
;TYPE:Inner wall
;WIDTH:0.45
G1 X167.65 Y70.804 E.00698
M106 S127
G1 F1680
G1 X167.305 Y70.916 E.01203
G1 F4800
G1 X166.513 Y71.172 E.02762
M204 S2000
G1 X165.553 Y71.31 F18000
;TYPE:Internal solid infill
;WIDTH:0.420932
G1 F6000
G1 X166.522 Y70.341 E.04222
G1 X166.524 Y69.805 E.01651
G1 X165.027 Y71.302 E.06522
G1 X164.236 Y71.558 E.02558
G1 X166.525 Y69.269 E.0997
G1 X166.527 Y68.733 E.01651
G1 X163.463 Y71.797 E.13346
G1 X162.696 Y72.029 E.02467
G1 X166.528 Y68.197 E.16691
G1 X166.529 Y67.661 E.01651
G1 X161.93 Y72.261 E.20036
G1 X161.163 Y72.493 E.02467
G1 X166.531 Y67.125 E.23381
G1 X166.532 Y66.589 E.01651
G1 X160.397 Y72.725 E.26726
G1 X159.63 Y72.956 E.02467
G1 X166.534 Y66.053 E.30071
G1 X166.535 Y65.517 E.01651
G1 X158.864 Y73.188 E.33416
G1 X158.104 Y73.414 E.02443
G1 X166.536 Y64.981 E.36734
G1 X166.538 Y64.445 E.01651
G1 X157.352 Y73.631 E.40017
G1 X156.6 Y73.849 E.02412
G1 X166.539 Y63.909 E.43299
G1 X166.541 Y63.373 E.01651
G1 X155.847 Y74.066 E.46581
G1 X155.095 Y74.284 E.02412
G1 X166.542 Y62.837 E.49864
G1 X166.543 Y62.301 E.01651
G1 X154.343 Y74.501 E.53146
G1 X153.591 Y74.719 E.02412
G1 X166.545 Y61.765 E.56428
G1 X166.546 Y61.229 E.01651
G1 X152.839 Y74.936 E.5971
G1 X152.1 Y75.141 E.02363
G1 X166.547 Y60.693 E.62937
G1 X166.549 Y60.157 E.01651
G1 X151.361 Y75.346 E.66164
G1 X150.621 Y75.55 E.02363
G1 X166.55 Y59.622 E.6939
G1 X166.552 Y59.086 E.01651
G1 X149.882 Y75.755 E.72617
G1 X149.143 Y75.96 E.02363
G1 X166.553 Y58.55 E.75843
G1 X166.554 Y58.014 E.01651
G1 X148.403 Y76.165 E.7907
G1 X147.664 Y76.369 E.02363
G1 X166.556 Y57.478 E.82297
G1 X166.557 Y56.942 E.01651
G1 X146.929 Y76.569 E.85503
G1 X146.2 Y76.764 E.02326
G1 X166.559 Y56.406 E.88687
G1 X166.56 Y55.87 E.01651
G1 X145.47 Y76.959 E.91872
G1 X144.741 Y77.154 E.02326
G1 X166.561 Y55.334 E.95056
G1 X166.563 Y54.798 E.01651
G1 X144.011 Y77.349 E.9824
G1 X143.282 Y77.544 E.02326
G1 X166.564 Y54.262 E1.01424
G1 X166.566 Y53.726 E.01651
G1 X142.552 Y77.739 E1.04608
G1 X141.823 Y77.934 E.02326
G1 X166.567 Y53.19 E1.07793
G1 X166.568 Y52.654 E.01651
G1 X141.103 Y78.119 E1.10935
G1 X140.385 Y78.303 E.02282
G1 X166.48 Y52.207 E1.13676
G1 X166.074 Y52.079 E.01311
G1 X139.667 Y78.486 E1.15035
G1 X138.949 Y78.669 E.02282
G1 X165.668 Y51.95 E1.16394
G1 X165.263 Y51.821 E.01311
G1 X138.232 Y78.852 E1.17753
G1 X137.514 Y79.035 E.02282
G1 X164.857 Y51.692 E1.19111
G1 X164.451 Y51.564 E.01311
G1 X136.796 Y79.218 E1.2047
G1 X136.079 Y79.401 E.02282
G1 X164.045 Y51.435 E1.21829
G1 X163.636 Y51.31 E.01319
G1 X135.37 Y79.575 E1.2313
G1 X134.662 Y79.749 E.02245
G1 X163.225 Y51.186 E1.24427
G1 X162.815 Y51.061 E.0132
G1 X133.954 Y79.922 E1.25724
G1 X133.246 Y80.095 E.02245
G1 X162.405 Y50.937 E1.27021
G1 X161.995 Y50.813 E.0132
G1 X132.538 Y80.269 E1.28318
G1 X131.83 Y80.442 E.02245
G1 X161.584 Y50.688 E1.29615
G1 X161.174 Y50.564 E.0132
G1 X131.122 Y80.616 E1.30912
G1 X130.414 Y80.789 E.02245
G1 X160.764 Y50.439 E1.32209
G1 X160.354 Y50.315 E.0132
G1 X129.714 Y80.955 E1.33475
G1 X129.013 Y81.121 E.02218
G1 X159.943 Y50.191 E1.3474
G1 X159.533 Y50.066 E.0132
G1 X128.312 Y81.287 E1.36005
G1 X127.612 Y81.453 E.02218
G1 X159.123 Y49.942 E1.3727
G1 X158.713 Y49.818 E.0132
G1 X126.911 Y81.619 E1.38535
G1 X126.21 Y81.785 E.02218
G1 X158.301 Y49.695 E1.39794
G1 X157.886 Y49.575 E.0133
G1 X125.51 Y81.951 E1.41038
G1 X124.809 Y82.117 E.02218
G1 X157.471 Y49.455 E1.42283
G1 X157.056 Y49.336 E.0133
G1 X124.117 Y82.275 E1.43492
G1 X123.425 Y82.432 E.02185
G1 X156.641 Y49.216 E1.44698
G1 X156.226 Y49.096 E.0133
G1 X122.733 Y82.59 E1.45904
G1 X122.042 Y82.747 E.02185
G1 X155.811 Y48.977 E1.4711
G1 X155.397 Y48.857 E.0133
G1 X121.35 Y82.904 E1.48315
G1 X120.658 Y83.061 E.02185
G1 X154.982 Y48.737 E1.49521
G1 X154.567 Y48.618 E.0133
G1 X119.966 Y83.218 E1.50727
G1 X119.275 Y83.375 E.02185
G1 X154.152 Y48.498 E1.51933
G1 X153.737 Y48.378 E.0133
G1 X118.589 Y83.526 E1.53112
G1 X117.906 Y83.675 E.02154
G1 X153.322 Y48.259 E1.54281
G1 X152.907 Y48.139 E.0133
G1 X117.223 Y83.823 E1.55449
G1 X116.539 Y83.972 E.02154
G1 X152.489 Y48.022 E1.56605
G1 X152.07 Y47.906 E.01338
G1 X115.856 Y84.121 E1.57758
G1 X115.173 Y84.269 E.02154
G1 X151.652 Y47.79 E1.58911
G1 X151.233 Y47.674 E.01338
G1 X114.49 Y84.418 E1.60063
G1 X113.806 Y84.567 E.02154
G1 X150.815 Y47.558 E1.61216
G1 X150.396 Y47.443 E.01338
G1 X113.127 Y84.712 E1.62353
G1 X112.452 Y84.852 E.02124
G1 X149.977 Y47.327 E1.6347
G1 X149.559 Y47.211 E.01338
G1 X111.777 Y84.993 E1.64587
G1 X111.102 Y85.133 E.02124
G1 X149.14 Y47.095 E1.65704
G1 X148.722 Y46.979 E.01338
G1 X110.427 Y85.273 E1.66821
G1 X109.752 Y85.414 E.02124
G1 X148.303 Y46.863 E1.67937
G1 X147.884 Y46.747 E.01338
G1 X109.077 Y85.554 E1.69054
G1 X108.402 Y85.694 E.02124
G1 X147.466 Y46.631 E1.70171
G1 X147.045 Y46.517 E.01342
G1 X107.727 Y85.835 E1.71279
G1 X107.057 Y85.97 E.02107
G1 X146.623 Y46.404 E1.72358
G1 X146.2 Y46.292 E.01346
G1 X106.387 Y86.106 E1.73437
G1 X105.716 Y86.242 E.02107
G1 X145.778 Y46.18 E1.74517
G1 X145.355 Y46.068 E.01346
G1 X105.046 Y86.378 E1.75596
G1 X104.376 Y86.513 E.02107
G1 X144.933 Y45.956 E1.76676
G1 X144.51 Y45.844 E.01346
G1 X103.705 Y86.649 E1.77755
G1 X103.035 Y86.785 E.02107
G1 X144.088 Y45.732 E1.78835
G1 X143.665 Y45.62 E.01346
G1 X102.365 Y86.92 E1.79914
G1 X101.699 Y87.051 E.02089
G1 X143.243 Y45.508 E1.80972
G1 X142.82 Y45.396 E.01346
G1 X101.039 Y87.177 E1.8201
G1 X100.378 Y87.304 E.02073
G1 X142.398 Y45.284 E1.83048
G1 X141.975 Y45.172 E.01346
G1 X99.717 Y87.43 E1.84087
G1 X99.056 Y87.556 E.02073
G1 X141.551 Y45.061 E1.8512
G1 X141.125 Y44.953 E.01355
G1 X98.395 Y87.682 E1.8614
G1 X97.734 Y87.809 E.02073
G1 X140.698 Y44.845 E1.87161
G1 X140.272 Y44.737 E.01355
G1 X97.073 Y87.935 E1.88181
G1 X96.413 Y88.061 E.02073
G1 X139.845 Y44.629 E1.89202
G1 X139.418 Y44.521 E.01355
G1 X95.757 Y88.182 E1.902
G1 X95.102 Y88.303 E.02052
G1 X138.992 Y44.413 E1.91196
G1 X138.565 Y44.305 E.01355
G1 X94.447 Y88.423 E1.92191
G1 X93.791 Y88.544 E.02052
G1 X138.139 Y44.197 E1.93187
G1 X137.712 Y44.089 E.01355
G1 X93.136 Y88.664 E1.94182
G1 X92.481 Y88.785 E.02052
G1 X137.285 Y43.981 E1.95177
G1 X136.859 Y43.873 E.01355
G1 X91.826 Y88.906 E1.96173
G1 X91.171 Y89.026 E.02052
G1 X136.432 Y43.765 E1.97168
G1 X136.006 Y43.657 E.01355
G1 X90.517 Y89.146 E1.98159
G1 X89.868 Y89.26 E.0203
G1 X135.579 Y43.549 E1.99128
G1 X135.153 Y43.441 E.01355
G1 X89.219 Y89.374 E2.00096
G1 X88.57 Y89.489 E.0203
G1 X134.726 Y43.333 E2.01065
G1 X134.299 Y43.225 E.01355
G1 X87.921 Y89.603 E2.02034
G1 X87.272 Y89.717 E.0203
G1 X133.873 Y43.117 E2.03002
G1 X133.446 Y43.009 E.01355
G1 X86.623 Y89.832 E2.03971
G1 X85.974 Y89.946 E.0203
G1 X133.017 Y42.903 E2.04929
G1 X132.586 Y42.8 E.01366
G1 X85.326 Y90.06 E2.05877
G1 X84.679 Y90.172 E.02021
G1 X132.154 Y42.697 E2.06813
G1 X131.723 Y42.594 E.01366
G1 X84.037 Y90.279 E2.07729
G1 X83.396 Y90.386 E.02004
G1 X131.291 Y42.491 E2.08645
G1 X130.86 Y42.387 E.01366
G1 X82.754 Y90.493 E2.0956
G1 X82.112 Y90.6 E.02004
G1 X130.429 Y42.284 E2.10476
G1 X129.997 Y42.181 E.01366
G1 X81.471 Y90.707 E2.11392
G1 X80.829 Y90.815 E.02004
G1 X129.566 Y42.078 E2.12308
G1 X129.134 Y41.975 E.01366
G1 X80.187 Y90.922 E2.13223
G1 X79.546 Y91.029 E.02004
G1 X128.703 Y41.872 E2.14139
G1 X128.271 Y41.769 E.01366
G1 X78.906 Y91.133 E2.15045
G1 X78.27 Y91.235 E.01984
G1 X127.84 Y41.665 E2.15936
G1 X127.408 Y41.562 E.01366
G1 X77.634 Y91.336 E2.16827
G1 X76.998 Y91.438 E.01984
G1 X126.977 Y41.459 E2.17719
G1 X126.546 Y41.356 E.01366
G1 X76.362 Y91.539 E2.1861
G1 X75.726 Y91.641 E.01984
G1 X126.114 Y41.253 E2.19501
G1 X125.683 Y41.15 E.01366
G1 X75.09 Y91.742 E2.20393
G1 X74.454 Y91.844 E.01984
G1 X125.251 Y41.047 E2.21284
G1 X124.82 Y40.943 E.01366
G1 X73.824 Y91.94 E2.22151
G1 X73.194 Y92.035 E.01962
G1 X124.385 Y40.844 E2.22999
G1 X123.949 Y40.745 E.01376
G1 X72.564 Y92.13 E2.23844
G1 X71.934 Y92.225 E.01962
G1 X123.513 Y40.646 E2.24689
G1 X123.078 Y40.547 E.01376
G1 X71.305 Y92.32 E2.25535
G1 X70.675 Y92.415 E.01962
G1 X122.642 Y40.448 E2.2638
G1 X122.206 Y40.35 E.01376
G1 X70.045 Y92.51 E2.27225
G1 X69.417 Y92.604 E.01956
G1 X121.77 Y40.251 E2.28063
G1 X121.335 Y40.152 E.01376
G1 X68.792 Y92.695 E2.28888
G1 X68.167 Y92.785 E.01946
G1 X120.899 Y40.053 E2.29714
G1 X120.463 Y39.954 E.01376
G1 X67.542 Y92.876 E2.30539
G1 X66.916 Y92.966 E.01946
G1 X120.027 Y39.855 E2.31364
G1 X119.592 Y39.756 E.01376
G1 X66.291 Y93.057 E2.32189
G1 X65.666 Y93.147 E.01946
G1 X119.156 Y39.658 E2.33014
G1 X118.718 Y39.561 E.01383
G1 X65.041 Y93.238 E2.33828
G1 X64.42 Y93.325 E.01933
G1 X118.279 Y39.466 E2.34622
G1 X117.84 Y39.37 E.01384
G1 X63.8 Y93.41 E2.3541
G1 X63.18 Y93.495 E.01928
G1 X117.401 Y39.275 E2.36199
G1 X116.962 Y39.179 E.01384
G1 X62.56 Y93.581 E2.36987
G1 X61.94 Y93.666 E.01928
G1 X116.523 Y39.083 E2.37775
G1 X116.084 Y38.988 E.01384
G1 X61.32 Y93.752 E2.38563
G1 X60.7 Y93.837 E.01928
G1 X115.644 Y38.892 E2.39351
G1 X115.205 Y38.797 E.01384
G1 X60.08 Y93.922 E2.40139
G1 X59.464 Y94.004 E.01914
G1 X114.766 Y38.701 E2.4091
G1 X114.327 Y38.606 E.01384
G1 X58.848 Y94.085 E2.41682
G1 X58.232 Y94.167 E.01914
G1 X113.888 Y38.51 E2.42453
G1 X113.449 Y38.414 E.01384
G1 X57.616 Y94.248 E2.43224
G1 X57.323 Y94.287 E.0091
G1 X57.33 Y93.999 E.00886
G1 X113.007 Y38.322 E2.42543
G1 X112.565 Y38.23 E.01392
G1 X57.344 Y93.451 E2.40557
G1 X57.357 Y92.903 E.01689
G1 X112.123 Y38.138 E2.3857
G1 X111.68 Y38.045 E.01392
G1 X57.371 Y92.355 E2.36584
G1 X57.384 Y91.806 E.01689
G1 X111.238 Y37.953 E2.34597
G1 X110.795 Y37.861 E.01392
G1 X57.398 Y91.258 E2.32611
G1 X57.412 Y90.71 E.01689
G1 X110.353 Y37.769 E2.30624
G1 X109.91 Y37.677 E.01392
G1 X57.425 Y90.162 E2.28637
G1 X57.439 Y89.614 E.01689
G1 X109.468 Y37.585 E2.26651
G1 X109.026 Y37.492 E.01392
G1 X57.452 Y89.065 E2.24664
G1 X57.466 Y88.517 E.01689
G1 X108.583 Y37.4 E2.22678
G1 X108.141 Y37.308 E.01392
G1 X57.48 Y87.969 E2.20691
G1 X57.493 Y87.421 E.01689
G1 X107.698 Y37.216 E2.18704
G1 X107.254 Y37.126 E.01397
G1 X57.507 Y86.873 E2.16708
G1 X57.521 Y86.324 E.01689
G1 X106.809 Y37.036 E2.14712
G1 X106.364 Y36.946 E.01397
G1 X57.534 Y85.776 E2.12715
G1 X57.548 Y85.228 E.01689
G1 X105.92 Y36.856 E2.10719
G1 X105.475 Y36.766 E.01397
G1 X57.561 Y84.68 E2.08723
G1 X57.575 Y84.132 E.01689
G1 X105.03 Y36.676 E2.06727
G1 X104.586 Y36.586 E.01397
G1 X57.589 Y83.583 E2.0473
G1 X57.602 Y83.035 E.01689
G1 X104.141 Y36.496 E2.02734
G1 X103.696 Y36.406 E.01397
G1 X57.616 Y82.487 E2.00738
G1 X57.629 Y81.939 E.01689
G1 X103.252 Y36.316 E1.98742
G1 X102.807 Y36.227 E.01397
G1 X57.643 Y81.391 E1.96745
G1 X57.657 Y80.842 E.01689
G1 X102.362 Y36.137 E1.94749
G1 X101.917 Y36.048 E.014
G1 X57.67 Y80.294 E1.92749
G1 X57.676 Y80.076 E.00673
G1 X57.725 Y79.705 E.01152
G1 X101.468 Y35.962 E1.90557
G1 X101.02 Y35.876 E.01407
G1 X57.806 Y79.089 E1.88248
G1 X57.888 Y78.473 E.01914
G1 X100.571 Y35.79 E1.85938
G1 X100.122 Y35.704 E.01407
G1 X57.969 Y77.857 E1.83629
G1 X58.051 Y77.241 E.01914
G1 X99.674 Y35.618 E1.81319
G1 X99.225 Y35.532 E.01407
G1 X58.132 Y76.625 E1.7901
G1 X58.214 Y76.009 E.01914
G1 X98.777 Y35.446 E1.767
G1 X98.328 Y35.36 E.01407
G1 X58.295 Y75.392 E1.74391
G1 X58.373 Y74.78 E.019
G1 X97.879 Y35.274 E1.72099
G1 X97.431 Y35.188 E.01407
G1 X58.422 Y74.196 E1.69929
G1 X58.472 Y73.612 E.01806
G1 X96.982 Y35.102 E1.67759
G1 X96.533 Y35.016 E.01407
G1 X58.521 Y73.028 E1.65589
G1 X58.571 Y72.444 E.01806
G1 X96.083 Y34.932 E1.63413
G1 X95.631 Y34.849 E.01415
G1 X58.62 Y71.86 E1.61229
G1 X58.67 Y71.276 E.01806
G1 X95.18 Y34.766 E1.59045
G1 X94.728 Y34.683 E.01415
G1 X58.719 Y70.692 E1.56862
G1 X58.769 Y70.108 E.01806
G1 X94.276 Y34.6 E1.54678
G1 X93.824 Y34.518 E.01415
G1 X58.818 Y69.524 E1.52494
G1 X58.868 Y68.94 E.01806
G1 X93.372 Y34.435 E1.5031
G1 X92.921 Y34.352 E.01415
G1 X58.917 Y68.355 E1.48127
G1 X58.967 Y67.771 E.01806
G1 X92.469 Y34.269 E1.45943
G1 X92.017 Y34.186 E.01415
G1 X59.016 Y67.187 E1.43759
G1 X59.066 Y66.603 E.01806
G1 X91.565 Y34.104 E1.41575
G1 X91.113 Y34.021 E.01415
G1 X59.115 Y66.019 E1.39391
G1 X59.165 Y65.435 E.01806
G1 X90.662 Y33.938 E1.37208
G1 X90.208 Y33.858 E.01421
G1 X59.214 Y64.851 E1.35014
G1 X59.264 Y64.267 E.01806
G1 X89.753 Y33.778 E1.32817
G1 X89.298 Y33.698 E.01422
G1 X59.129 Y63.867 E1.31421
G1 X59.129 Y63.332 E.01647
G1 X88.843 Y33.618 E1.2944
G1 X88.388 Y33.538 E.01422
G1 X59.129 Y62.797 E1.27459
G1 X59.129 Y62.263 E.01647
G1 X87.934 Y33.459 E1.25478
G1 X87.479 Y33.379 E.01422
G1 X59.129 Y61.728 E1.23496
G1 X59.129 Y61.194 E.01647
G1 X87.024 Y33.299 E1.21515
G1 X86.569 Y33.219 E.01422
G1 X59.129 Y60.659 E1.19534
G1 X59.129 Y60.124 E.01647
G1 X86.114 Y33.139 E1.17553
G1 X85.66 Y33.06 E.01422
G1 X59.129 Y59.59 E1.15572
G1 X59.129 Y59.055 E.01647
G1 X85.205 Y32.98 E1.13591
G1 X84.75 Y32.9 E.01423
G1 X59.254 Y58.396 E1.11065
G1 X59.216 Y57.9 E.01534
G1 X84.291 Y32.824 E1.09235
G1 X83.833 Y32.748 E.01431
G1 X59.178 Y57.403 E1.07404
G1 X59.14 Y56.907 E.01534
G1 X83.375 Y32.672 E1.05573
G1 X82.916 Y32.596 E.01431
G1 X59.101 Y56.41 E1.03742
G1 X59.063 Y55.914 E.01534
G1 X82.458 Y32.519 E1.01912
G1 X81.999 Y32.443 E.01431
G1 X59.025 Y55.417 E1.00081
G1 X58.987 Y54.921 E.01534
G1 X81.541 Y32.367 E.9825
G1 X81.083 Y32.291 E.01431
G1 X58.949 Y54.424 E.96419
G1 X58.911 Y53.928 E.01534
G1 X80.624 Y32.215 E.94589
G1 X80.166 Y32.138 E.01431
G1 X58.873 Y53.432 E.92758
G1 X58.835 Y52.935 E.01534
G1 X79.707 Y32.062 E.90927
G1 X79.249 Y31.986 E.01431
G1 X58.796 Y52.439 E.89096
G1 X58.758 Y51.942 E.01534
G1 X78.789 Y31.911 E.87259
G1 X78.328 Y31.838 E.01438
G1 X58.72 Y51.446 E.85417
G1 X58.682 Y50.949 E.01534
G1 X77.867 Y31.764 E.83574
G1 X77.406 Y31.691 E.01438
G1 X58.644 Y50.453 E.81732
G1 X58.606 Y49.956 E.01534
G1 X76.945 Y31.617 E.79889
G1 X76.484 Y31.544 E.01438
G1 X58.568 Y49.46 E.78047
G1 X58.529 Y48.963 E.01534
G1 X76.023 Y31.47 E.76204
G1 X75.562 Y31.397 E.01438
G1 X58.491 Y48.467 E.74362
G1 X58.453 Y47.97 E.01534
G1 X75.101 Y31.323 E.72519
G1 X74.639 Y31.25 E.01438
G1 X58.396 Y47.493 E.70758
G1 X58.336 Y47.019 E.01471
G1 X74.178 Y31.177 E.69012
G1 X73.713 Y31.107 E.01447
G1 X58.275 Y46.545 E.67254
G1 X58.214 Y46.072 E.01471
G1 X73.249 Y31.037 E.65496
G1 X72.784 Y30.966 E.01447
G1 X58.153 Y45.598 E.63738
G1 X58.092 Y45.124 E.01471
G1 X72.32 Y30.896 E.6198
G1 X71.855 Y30.826 E.01447
G1 X58.031 Y44.65 E.60222
G1 X57.97 Y44.177 E.01471
G1 X71.391 Y30.756 E.58464
G1 X70.926 Y30.686 E.01447
G1 X57.909 Y43.703 E.56706
G1 X57.848 Y43.229 E.01471
G1 X70.462 Y30.616 E.54948
G1 X69.998 Y30.546 E.01447
G1 X57.787 Y42.756 E.5319
G1 X57.743 Y42.266 E.01515
G1 X69.533 Y30.476 E.51362
G1 X69.066 Y30.408 E.01453
G1 X57.732 Y41.742 E.49376
G1 X57.721 Y41.219 E.01613
G1 X68.6 Y30.34 E.4739
G1 X68.133 Y30.272 E.01453
G1 X57.71 Y40.695 E.45404
G1 X57.699 Y40.171 E.01613
G1 X67.666 Y30.204 E.43418
G1 X67.199 Y30.137 E.01453
G1 X57.688 Y39.648 E.41431
G1 X57.677 Y39.124 E.01613
G1 X66.732 Y30.069 E.39445
G1 X66.265 Y30.001 E.01453
G1 X57.666 Y38.6 E.37459
G1 X57.655 Y38.077 E.01613
G1 X65.798 Y29.934 E.35472
G1 X65.331 Y29.866 E.01453
G1 X57.644 Y37.553 E.33486
G1 X57.634 Y37.029 E.01613
G1 X64.865 Y29.798 E.315
G1 X64.396 Y29.732 E.01458
G1 X57.623 Y36.505 E.29505
G1 X57.612 Y35.982 E.01613
G1 X63.926 Y29.667 E.27508
G1 X63.457 Y29.602 E.0146
G1 X57.601 Y35.458 E.25511
G1 X57.59 Y34.934 E.01613
G1 X62.988 Y29.537 E.23513
G1 X62.518 Y29.472 E.0146
G1 X57.579 Y34.411 E.21516
G1 X57.568 Y33.887 E.01613
G1 X62.049 Y29.406 E.19518
G1 X61.579 Y29.341 E.0146
G1 X57.557 Y33.363 E.17521
G1 X57.546 Y32.84 E.01613
G1 X61.11 Y29.276 E.15524
G1 X60.64 Y29.211 E.0146
G1 X57.535 Y32.316 E.13526
G1 X57.525 Y31.792 E.01613
G1 X60.171 Y29.146 E.11529
G1 X59.7 Y29.082 E.01465
G1 X57.514 Y31.269 E.09523
G1 X57.503 Y30.745 E.01613
G1 X59.227 Y29.02 E.07513
G1 X58.755 Y28.958 E.01468
G1 X57.492 Y30.221 E.05502
G1 X57.481 Y29.698 E.01613
G1 X58.282 Y28.896 E.03491
G1 X57.81 Y28.834 E.01468
G1 X57.304 Y29.34 E.02205
; stop printing object USV 1 e2mm.stl_5 id:1 copy 0
; end of layer_num: 2, T: 0, print_z: 0.440000
M106 S204
;LAYER_CHANGE
;Z:0.64
;HEIGHT:0.2
; BEFORE_LAYER_CHANGE 2 @ 0.64mm
G92 E0
; AFTER_LAYER_CHANGE 2 @ 0.64mm
; start of layer_num: 3, T: 0, print_z: 0.640000
; printing object "USV 1 e2mm.stl_6_B" id:0 copy 0
G1 E-.8 F3600
G1 X39.285 Y113.085 Z.64 F18000
G1 E.8 F3600
M204 S1000
;TYPE:Outer wall
;WIDTH:0.42
G1 F3000
G1 X42.142 Y113.38 E.08827
G1 X46.962 Y113.913 E.14901
G1 X51.755 Y114.473 E.14828
G1 X61.306 Y115.686 E.29581
G1 X66.075 Y116.347 E.14796
G1 X70.844 Y117.038 E.14807
G1 X75.615 Y117.759 E.14824
G1 X80.396 Y118.521 E.14877
G1 X86.135 Y119.479 E.17878
G1 X91.865 Y120.489 E.17879
G1 X97.582 Y121.541 E.17862
G1 X103.3 Y122.641 E.1789
G1 X108.998 Y123.786 E.1786
G1 X114.684 Y124.969 E.17847
G1 X120.363 Y126.205 E.17858
G1 X126.031 Y127.492 E.17858
G1 X133.549 Y129.288 E.2375
G1 X137.333 Y130.222 E.11976
G1 X142.982 Y131.665 E.17916
G1 X148.574 Y133.148 E.17777
G1 X154.148 Y134.695 E.17774
G1 X159.744 Y136.313 E.179
G1 X165.326 Y137.999 E.17916
G1 X171.995 Y140.16 E.21542
G1 X174.598 Y141.492 E.08984
G1 X175.33 Y141.843 E.02493
G1 X175.719 Y142.063 E.01374
G1 X177.694 Y143.929 E.0835
G1 X178.489 Y145.296 E.04858
G1 X178.532 Y145.423 E.00413
G1 X179.25 Y148.798 E.106
G1 X178.516 Y152.263 E.10884
G1 X177.691 Y153.673 E.05019
G1 X175.722 Y155.532 E.08319
G1 X173.345 Y156.884 E.08403
G1 X172.002 Y157.44 E.04468
G1 X170.84 Y157.85 E.03786
G1 X165.317 Y159.603 E.17804
G1 X159.744 Y161.289 E.1789
G1 X154.147 Y162.907 E.17905
G1 X148.563 Y164.454 E.17802
G1 X142.971 Y165.937 E.17778
G1 X137.322 Y167.391 E.17924
G1 X131.677 Y168.768 E.17854
G1 X126.02 Y170.11 E.17863
G1 X120.341 Y171.398 E.17893
G1 X114.665 Y172.633 E.17848
G1 X108.97 Y173.827 E.1788
G1 X103.272 Y174.973 E.1786
G1 X97.533 Y176.073 E.17956
G1 X91.792 Y177.125 E.17933
G1 X86.033 Y178.135 E.17965
G1 X80.272 Y179.092 E.17946
G1 X75.493 Y179.854 E.14868
G1 X70.721 Y180.587 E.14837
G1 X61.191 Y181.924 E.2957
G1 X56.422 Y182.554 E.1478
G1 X51.642 Y183.14 E.148
G1 X46.84 Y183.696 E.14852
G1 X42.029 Y184.233 E.14876
G1 X39.009 Y184.544 E.09329
G1 X39.009 Y113.057 E2.1966
G1 X39.265 Y113.083 E.00791
M204 S2000
G1 X39.401 Y113.491 F18000
M204 S1500
;TYPE:Inner wall
;WIDTH:0.45
G1 F4800
G1 X42.101 Y113.77 E.09002
G1 X46.918 Y114.303 E.16078
G1 X51.708 Y114.862 E.15997
G1 X61.254 Y116.074 E.3192
G1 X66.021 Y116.735 E.15962
G1 X70.787 Y117.426 E.15977
G1 X75.554 Y118.146 E.15994
G1 X80.333 Y118.908 E.16051
G1 X86.069 Y119.865 E.19289
G1 X91.795 Y120.875 E.1929
G1 X97.51 Y121.926 E.19273
G1 X103.224 Y123.025 E.19303
G1 X108.919 Y124.17 E.19271
G1 X114.603 Y125.352 E.19256
G1 X120.278 Y126.587 E.19268
G1 X125.942 Y127.874 E.19266
G1 X133.456 Y129.669 E.25627
G1 X137.237 Y130.603 E.12919
G1 X142.883 Y132.044 E.19331
G1 X148.472 Y133.527 E.19178
G1 X154.041 Y135.072 E.19173
G1 X159.633 Y136.689 E.1931
G1 X165.209 Y138.373 E.19321
G1 X171.845 Y140.523 E.23139
G1 X174.424 Y141.843 E.09611
G1 X175.148 Y142.191 E.02664
G1 X175.484 Y142.381 E.01281
G1 X177.383 Y144.175 E.08668
G1 X178.13 Y145.459 E.04925
G1 X178.153 Y145.527 E.00239
G1 X178.849 Y148.798 E.11093
G1 X178.145 Y152.12 E.11263
G1 X177.381 Y153.426 E.05022
G1 X175.488 Y155.214 E.08638
G1 X173.173 Y156.531 E.08834
G1 X171.862 Y157.074 E.04707
G1 X170.716 Y157.479 E.04032
G1 X165.201 Y159.228 E.19191
G1 X159.633 Y160.913 E.19297
G1 X154.04 Y162.53 E.19314
G1 X148.461 Y164.075 E.19204
G1 X142.872 Y165.558 E.19181
G1 X137.226 Y167.011 E.19337
G1 X131.585 Y168.387 E.19263
G1 X125.931 Y169.728 E.19274
G1 X120.256 Y171.015 E.19305
G1 X114.583 Y172.25 E.19258
G1 X108.891 Y173.443 E.19292
G1 X103.196 Y174.588 E.1927
G1 X97.46 Y175.688 E.19373
G1 X91.723 Y176.739 E.1935
G1 X85.967 Y177.748 E.19383
G1 X80.209 Y178.705 E.19364
G1 X75.433 Y179.467 E.16043
G1 X70.664 Y180.199 E.16005
G1 X61.138 Y181.535 E.31909
G1 X56.373 Y182.165 E.15944
G1 X51.595 Y182.751 E.15967
G1 X41.987 Y183.843 E.32077
G1 X39.401 Y184.109 E.08624
G1 X39.401 Y113.511 E2.34187
G1 E-.8 F3600
M204 S2000
G1 X40.255 Y183.857 F18000
G1 E.8 F3600
;TYPE:Internal solid infill
;WIDTH:0.420765
G1 F6000
G1 X39.734 Y183.336 E.02269
G1 X39.734 Y182.802 E.01645
G1 X40.585 Y183.652 E.03705
G1 X41.07 Y183.602 E.01499
G1 X39.734 Y182.267 E.05814
G1 X39.734 Y181.733 E.01645
G1 X41.554 Y183.553 E.07923
G1 X42.038 Y183.502 E.01497
G1 X39.734 Y181.198 E.10029
G1 X39.734 Y180.664 E.01645
G1 X42.517 Y183.447 E.12118
G1 X42.997 Y183.393 E.01487
G1 X39.734 Y180.13 E.14208
G1 X39.734 Y179.595 E.01645
G1 X43.477 Y183.338 E.16297
G1 X43.957 Y183.284 E.01487
G1 X39.734 Y179.061 E.18386
G1 X39.734 Y178.527 E.01645
G1 X44.437 Y183.229 E.20475
G1 X44.916 Y183.175 E.01487
G1 X39.734 Y177.992 E.22565
G1 X39.734 Y177.458 E.01645
G1 X45.396 Y183.12 E.24654
G1 X45.876 Y183.065 E.01487
G1 X39.734 Y176.924 E.26743
G1 X39.734 Y176.389 E.01645
G1 X46.356 Y183.011 E.28832
G1 X46.836 Y182.956 E.01487
G1 X39.734 Y175.855 E.30922
G1 X39.734 Y175.321 E.01645
G1 X47.316 Y182.902 E.33011
G1 X47.795 Y182.847 E.01487
G1 X39.734 Y174.786 E.351
G1 X39.734 Y174.252 E.01645
G1 X48.275 Y182.793 E.37189
G1 X48.755 Y182.738 E.01487
G1 X39.734 Y173.718 E.39279
G1 X39.734 Y173.183 E.01645
G1 X49.235 Y182.684 E.41368
G1 X49.715 Y182.629 E.01487
G1 X39.734 Y172.649 E.43457
G1 X39.734 Y172.114 E.01645
G1 X50.194 Y182.575 E.45546
G1 X50.674 Y182.52 E.01487
G1 X39.734 Y171.58 E.47636
G1 X39.734 Y171.046 E.01645
G1 X51.154 Y182.465 E.49725
G1 X51.633 Y182.41 E.01485
G1 X39.734 Y170.511 E.51811
G1 X39.734 Y169.977 E.01645
G1 X52.109 Y182.352 E.53884
G1 X52.585 Y182.294 E.01477
G1 X39.734 Y169.443 E.55957
G1 X39.734 Y168.908 E.01645
G1 X53.061 Y182.235 E.5803
G1 X53.537 Y182.177 E.01477
G1 X39.734 Y168.374 E.60102
G1 X39.734 Y167.84 E.01645
G1 X54.013 Y182.119 E.62175
G1 X54.489 Y182.06 E.01477
G1 X39.734 Y167.305 E.64248
G1 X39.734 Y166.771 E.01645
G1 X54.965 Y182.002 E.66321
G1 X55.441 Y181.944 E.01477
G1 X39.734 Y166.237 E.68393
G1 X39.734 Y165.702 E.01645
G1 X55.917 Y181.885 E.70466
G1 X56.393 Y181.826 E.01475
G1 X39.734 Y165.168 E.72537
G1 X39.734 Y164.634 E.01645
G1 X56.865 Y181.764 E.74591
G1 X57.337 Y181.702 E.01466
G1 X39.734 Y164.099 E.76646
G1 X39.734 Y163.565 E.01645
G1 X57.809 Y181.639 E.78701
G1 X58.281 Y181.577 E.01466
G1 X39.734 Y163.03 E.80756
G1 X39.734 Y162.496 E.01645
G1 X58.753 Y181.514 E.82811
G1 X59.225 Y181.452 E.01466
G1 X39.734 Y161.962 E.84866
G1 X39.734 Y161.427 E.01645
G1 X59.696 Y181.39 E.86921
G1 X60.168 Y181.327 E.01466
G1 X39.734 Y160.893 E.88976
G1 X39.734 Y160.359 E.01645
G1 X60.64 Y181.265 E.91031
G1 X61.112 Y181.202 E.01465
G1 X39.734 Y159.824 E.93085
G1 X39.734 Y159.29 E.01645
G1 X61.581 Y181.136 E.95126
G1 X62.049 Y181.071 E.01457
G1 X39.734 Y158.756 E.97166
G1 X39.734 Y158.221 E.01645
G1 X62.518 Y181.005 E.99207
G1 X62.987 Y180.939 E.01457
G1 X39.734 Y157.687 E1.01247
G1 X39.734 Y157.153 E.01645
G1 X63.455 Y180.873 E1.03288
G1 X63.924 Y180.808 E.01457
G1 X39.734 Y156.618 E1.05328
G1 X39.734 Y156.084 E.01645
G1 X64.392 Y180.742 E1.07369
G1 X64.861 Y180.676 E.01457
G1 X39.734 Y155.55 E1.09409
G1 X39.734 Y155.015 E.01645
G1 X65.33 Y180.611 E1.1145
G1 X65.798 Y180.545 E.01457
G1 X39.734 Y154.481 E1.13491
G1 X39.734 Y153.946 E.01645
G1 X66.267 Y180.479 E1.15531
G1 X66.736 Y180.413 E.01457
G1 X39.734 Y153.412 E1.17572
G1 X39.734 Y152.878 E.01645
G1 X67.204 Y180.348 E1.19612
G1 X67.673 Y180.282 E.01457
G1 X39.734 Y152.343 E1.21653
G1 X39.734 Y151.809 E.01645
G1 X68.141 Y180.216 E1.23693
G1 X68.61 Y180.15 E.01457
G1 X39.734 Y151.275 E1.25734
G1 X39.734 Y150.74 E.01645
G1 X69.079 Y180.085 E1.27774
G1 X69.547 Y180.019 E.01457
G1 X39.734 Y150.206 E1.29815
G1 X39.734 Y149.672 E.01645
G1 X70.016 Y179.953 E1.31855
G1 X70.485 Y179.887 E.01457
G1 X39.734 Y149.137 E1.33896
G1 X39.734 Y148.603 E.01645
G1 X70.949 Y179.818 E1.35919
G1 X71.413 Y179.747 E.01443
G1 X39.734 Y148.069 E1.37936
G1 X39.734 Y147.534 E.01645
G1 X71.876 Y179.676 E1.39954
G1 X72.339 Y179.605 E.01443
G1 X39.734 Y147 E1.41971
G1 X39.734 Y146.466 E.01645
G1 X72.802 Y179.533 E1.43988
G1 X73.265 Y179.462 E.01443
G1 X39.734 Y145.931 E1.46005
G1 X39.734 Y145.397 E.01645
G1 X73.729 Y179.391 E1.48022
G1 X74.192 Y179.32 E.01443
G1 X39.734 Y144.862 E1.50039
G1 X39.734 Y144.328 E.01645
G1 X74.655 Y179.249 E1.52056
G1 X75.118 Y179.178 E.01443
G1 X39.734 Y143.794 E1.54073
G1 X39.734 Y143.259 E.01645
G1 X75.581 Y179.106 E1.56086
G1 X76.042 Y179.032 E.01437
G1 X39.734 Y142.725 E1.58092
G1 X39.734 Y142.191 E.01645
G1 X76.502 Y178.959 E1.60099
G1 X76.963 Y178.885 E.01437
G1 X39.734 Y141.656 E1.62106
G1 X39.734 Y141.122 E.01645
G1 X77.424 Y178.812 E1.64113
G1 X77.885 Y178.738 E.01437
G1 X39.734 Y140.588 E1.6612
G1 X39.734 Y140.053 E.01645
G1 X78.346 Y178.665 E1.68126
G1 X78.807 Y178.591 E.01437
G1 X39.734 Y139.519 E1.70133
G1 X39.734 Y138.985 E.01645
G1 X79.268 Y178.518 E1.7214
G1 X79.729 Y178.444 E.01437
G1 X39.734 Y138.45 E1.74147
G1 X39.734 Y137.916 E.01645
G1 X80.189 Y178.371 E1.76153
G1 X80.647 Y178.295 E.0143
G1 X39.734 Y137.381 E1.78148
G1 X39.734 Y136.847 E.01645
G1 X81.106 Y178.218 E1.80143
G1 X81.564 Y178.142 E.0143
G1 X39.734 Y136.313 E1.82138
G1 X39.734 Y135.778 E.01645
G1 X82.022 Y178.066 E1.84133
G1 X82.48 Y177.99 E.0143
G1 X39.734 Y135.244 E1.86128
G1 X39.734 Y134.71 E.01645
G1 X82.938 Y177.914 E1.88123
G1 X83.397 Y177.838 E.0143
G1 X39.734 Y134.175 E1.90118
G1 X39.734 Y133.641 E.01645
G1 X83.855 Y177.761 E1.92113
G1 X84.313 Y177.685 E.0143
G1 X39.734 Y133.107 E1.94109
G1 X39.734 Y132.572 E.01645
G1 X84.771 Y177.609 E1.96104
G1 X85.229 Y177.533 E.0143
G1 X39.734 Y132.038 E1.98099
G1 X39.734 Y131.504 E.01645
G1 X85.687 Y177.457 E2.00094
G1 X86.144 Y177.379 E.01426
G1 X39.734 Y130.969 E2.02081
G1 X39.734 Y130.435 E.01645
G1 X86.598 Y177.299 E2.04061
G1 X87.053 Y177.219 E.01421
G1 X39.734 Y129.901 E2.0604
G1 X39.734 Y129.366 E.01645
G1 X87.508 Y177.14 E2.0802
G1 X87.962 Y177.06 E.01421
G1 X39.734 Y128.832 E2.1
G1 X39.734 Y128.297 E.01645
G1 X88.417 Y176.98 E2.11979
G1 X88.872 Y176.9 E.01421
G1 X39.734 Y127.763 E2.13959
G1 X39.734 Y127.229 E.01645
G1 X89.326 Y176.821 E2.15939
G1 X89.781 Y176.741 E.01421
G1 X39.734 Y126.694 E2.17918
G1 X39.734 Y126.16 E.01645
G1 X90.236 Y176.661 E2.19898
G1 X90.69 Y176.582 E.01421
G1 X39.734 Y125.626 E2.21878
G1 X39.734 Y125.091 E.01645
G1 X91.145 Y176.502 E2.23857
G1 X91.6 Y176.422 E.01421
G1 X39.734 Y124.557 E2.25837
G1 X39.734 Y124.023 E.01645
G1 X92.052 Y176.34 E2.27805
G1 X92.503 Y176.257 E.01414
G1 X39.734 Y123.488 E2.29772
G1 X39.734 Y122.954 E.01645
G1 X92.955 Y176.174 E2.31738
G1 X93.406 Y176.092 E.01414
G1 X39.734 Y122.42 E2.33705
G1 X39.734 Y121.885 E.01645
G1 X93.858 Y176.009 E2.35671
G1 X94.31 Y175.926 E.01414
G1 X39.734 Y121.351 E2.37638
G1 X39.734 Y120.817 E.01645
G1 X94.761 Y175.843 E2.39604
G1 X95.213 Y175.761 E.01414
G1 X39.734 Y120.282 E2.41571
G1 X39.734 Y119.748 E.01645
G1 X95.664 Y175.678 E2.43537
G1 X96.116 Y175.595 E.01414
G1 X39.734 Y119.213 E2.45503
G1 X39.734 Y118.679 E.01645
G1 X96.568 Y175.513 E2.4747
G1 X97.019 Y175.43 E.01414
G1 X39.734 Y118.145 E2.49436
G1 X39.734 Y117.61 E.01645
G1 X97.47 Y175.347 E2.51401
G1 X97.919 Y175.261 E.01406
G1 X39.734 Y117.076 E2.53353
G1 X39.734 Y116.542 E.01645
G1 X98.367 Y175.175 E2.55305
G1 X98.816 Y175.089 E.01406
G1 X39.734 Y116.007 E2.57258
G1 X39.734 Y115.473 E.01645
G1 X99.264 Y175.003 E2.5921
G1 X99.712 Y174.917 E.01406
G1 X39.734 Y114.939 E2.61162
G1 X39.734 Y114.404 E.01645
G1 X100.161 Y174.831 E2.63114
G1 X100.609 Y174.745 E.01406
G1 X39.734 Y113.861 E2.65087
G1 X40.32 Y113.921 E.01813
G1 X101.057 Y174.659 E2.64468
G1 X101.506 Y174.573 E.01406
G1 X40.916 Y113.983 E2.63826
G1 X41.512 Y114.044 E.01845
G1 X101.954 Y174.487 E2.63183
G1 X102.402 Y174.401 E.01406
G1 X42.108 Y114.106 E2.62539
G1 X42.709 Y114.173 E.01861
G1 X102.851 Y174.315 E2.61876
G1 X103.298 Y174.227 E.01403
G1 X43.31 Y114.239 E2.61207
G1 X43.91 Y114.306 E.01861
G1 X103.743 Y174.138 E2.60528
G1 X104.188 Y174.048 E.01397
G1 X44.511 Y114.372 E2.59849
G1 X45.112 Y114.438 E.01861
G1 X104.633 Y173.959 E2.59171
G1 X105.077 Y173.87 E.01397
G1 X45.713 Y114.505 E2.58492
G1 X46.314 Y114.571 E.01861
G1 X105.522 Y173.78 E2.57813
G1 X105.967 Y173.691 E.01397
G1 X46.915 Y114.638 E2.57134
G1 X47.52 Y114.709 E.01875
G1 X106.412 Y173.601 E2.56436
G1 X106.857 Y173.512 E.01397
G1 X48.125 Y114.779 E2.55739
G1 X48.73 Y114.85 E.01875
G1 X107.302 Y173.422 E2.55042
G1 X107.747 Y173.333 E.01397
G1 X49.335 Y114.921 E2.54345
G1 X49.94 Y114.991 E.01875
G1 X108.192 Y173.243 E2.53648
G1 X108.637 Y173.154 E.01397
G1 X50.545 Y115.062 E2.52951
G1 X51.15 Y115.133 E.01875
G1 X109.08 Y173.063 E2.52246
G1 X109.522 Y172.97 E.0139
G1 X51.756 Y115.204 E2.5153
G1 X52.368 Y115.282 E.019
G1 X109.963 Y172.878 E2.50789
G1 X110.405 Y172.785 E.0139
G1 X52.98 Y115.36 E2.50047
G1 X53.592 Y115.437 E.019
G1 X110.847 Y172.692 E2.49306
G1 X111.289 Y172.6 E.0139
G1 X54.204 Y115.515 E2.48564
G1 X54.816 Y115.593 E.019
G1 X111.73 Y172.507 E2.47822
G1 X112.172 Y172.415 E.0139
G1 X55.428 Y115.671 E2.47081
G1 X56.04 Y115.748 E.019
G1 X112.614 Y172.322 E2.46339
G1 X113.056 Y172.229 E.0139
G1 X56.652 Y115.826 E2.45598
G1 X57.264 Y115.904 E.019
G1 X113.498 Y172.137 E2.44856
G1 X113.939 Y172.044 E.0139
G1 X57.876 Y115.981 E2.44114
G1 X58.489 Y116.059 E.019
G1 X114.381 Y171.952 E2.43373
G1 X114.821 Y171.857 E.01385
G1 X59.101 Y116.137 E2.42622
G1 X59.713 Y116.215 E.019
G1 X115.26 Y171.761 E2.41868
G1 X115.698 Y171.666 E.01383
G1 X60.325 Y116.292 E2.41113
G1 X60.937 Y116.37 E.019
G1 X116.137 Y171.57 E2.40359
G1 X116.576 Y171.475 E.01383
G1 X61.553 Y116.452 E2.39585
G1 X62.174 Y116.538 E.01928
G1 X117.015 Y171.379 E2.38795
G1 X117.454 Y171.284 E.01383
G1 X62.794 Y116.624 E2.38004
G1 X63.414 Y116.71 E.01928
G1 X117.892 Y171.188 E2.37214
G1 X118.331 Y171.093 E.01383
G1 X64.035 Y116.796 E2.36424
G1 X64.655 Y116.882 E.01928
G1 X118.77 Y170.997 E2.35634
G1 X119.209 Y170.902 E.01383
G1 X65.275 Y116.968 E2.34844
G1 X65.895 Y117.054 E.01928
G1 X119.648 Y170.806 E2.34054
G1 X120.087 Y170.711 E.01383
G1 X66.52 Y117.144 E2.33246
G1 X67.145 Y117.235 E.01945
G1 X120.523 Y170.613 E2.32424
G1 X120.958 Y170.514 E.01375
G1 X67.77 Y117.325 E2.31599
G1 X68.395 Y117.416 E.01945
G1 X121.394 Y170.415 E2.30774
G1 X121.83 Y170.316 E.01375
G1 X69.02 Y117.507 E2.2995
G1 X69.645 Y117.597 E.01945
G1 X122.265 Y170.218 E2.29125
G1 X122.701 Y170.119 E.01375
G1 X70.27 Y117.688 E2.283
G1 X70.896 Y117.78 E.01948
G1 X123.136 Y170.02 E2.2747
G1 X123.572 Y169.921 E.01375
G1 X71.526 Y117.875 E2.26626
G1 X72.155 Y117.97 E.0196
G1 X124.008 Y169.822 E2.25782
G1 X124.443 Y169.724 E.01375
G1 X72.784 Y118.065 E2.24938
G1 X73.414 Y118.16 E.0196
G1 X124.879 Y169.625 E2.24094
G1 X125.314 Y169.526 E.01375
G1 X74.043 Y118.255 E2.2325
G1 X74.673 Y118.35 E.0196
G1 X125.75 Y169.427 E2.22405
G1 X126.183 Y169.326 E.01369
G1 X75.302 Y118.445 E2.21549
G1 X75.936 Y118.545 E.01975
G1 X126.615 Y169.223 E2.20671
G1 X127.047 Y169.121 E.01367
G1 X76.572 Y118.646 E2.19784
G1 X77.207 Y118.747 E.01982
G1 X127.479 Y169.019 E2.18897
G1 X127.91 Y168.916 E.01367
G1 X77.843 Y118.849 E2.1801
G1 X78.479 Y118.95 E.01982
G1 X128.342 Y168.814 E2.17122
G1 X128.774 Y168.711 E.01367
G1 X79.114 Y119.051 E2.16235
G1 X79.75 Y119.152 E.01982
G1 X129.206 Y168.609 E2.15348
G1 X129.638 Y168.506 E.01367
G1 X80.386 Y119.255 E2.14457
G1 X81.028 Y119.362 E.02002
G1 X130.07 Y168.404 E2.13545
G1 X130.502 Y168.302 E.01367
G1 X81.669 Y119.469 E2.12633
G1 X82.31 Y119.576 E.02002
G1 X130.934 Y168.199 E2.11721
G1 X131.366 Y168.097 E.01367
G1 X82.952 Y119.683 E2.10809
G1 X83.593 Y119.79 E.02002
G1 X131.796 Y167.993 E2.0989
G1 X132.226 Y167.888 E.01361
G1 X84.235 Y119.897 E2.08967
G1 X84.876 Y120.004 E.02002
G1 X132.655 Y167.783 E2.08045
G1 X133.085 Y167.678 E.01361
G1 X85.517 Y120.111 E2.07122
G1 X86.16 Y120.22 E.02008
G1 X133.514 Y167.573 E2.06193
G1 X133.944 Y167.469 E.01361
G1 X86.809 Y120.334 E2.05238
G1 X87.458 Y120.448 E.02028
G1 X134.373 Y167.364 E2.04283
G1 X134.803 Y167.259 E.01361
G1 X88.107 Y120.563 E2.03329
G1 X88.756 Y120.677 E.02028
G1 X135.232 Y167.154 E2.02374
G1 X135.662 Y167.049 E.01361
G1 X89.404 Y120.792 E2.01419
G1 X90.053 Y120.906 E.02028
G1 X136.091 Y166.944 E2.00464
G1 X136.521 Y166.84 E.01361
G1 X90.702 Y121.021 E1.9951
G1 X91.351 Y121.135 E.02028
G1 X136.951 Y166.735 E1.98555
G1 X137.378 Y166.628 E.01356
G1 X92.002 Y121.252 E1.97579
G1 X92.657 Y121.372 E.0205
G1 X137.803 Y166.518 E1.96578
G1 X138.228 Y166.409 E.01351
G1 X93.312 Y121.493 E1.95578
G1 X93.966 Y121.613 E.0205
G1 X138.653 Y166.299 E1.94577
G1 X139.078 Y166.19 E.01351
G1 X94.621 Y121.734 E1.93576
G1 X95.276 Y121.854 E.0205
G1 X139.503 Y166.081 E1.92576
G1 X139.928 Y165.971 E.01351
G1 X95.931 Y121.975 E1.91575
G1 X96.586 Y122.095 E.0205
G1 X140.353 Y165.862 E1.90575
G1 X140.778 Y165.753 E.01351
G1 X97.241 Y122.216 E1.89574
G1 X97.9 Y122.341 E.02067
G1 X141.203 Y165.643 E1.88553
G1 X141.628 Y165.534 E.01351
G1 X98.562 Y122.468 E1.87523
G1 X99.223 Y122.595 E.02074
G1 X142.053 Y165.425 E1.86493
G1 X142.478 Y165.315 E.01351
G1 X99.885 Y122.722 E1.85462
G1 X100.546 Y122.85 E.02074
G1 X142.902 Y165.205 E1.84429
G1 X143.324 Y165.093 E.01345
G1 X101.208 Y122.977 E1.83387
G1 X101.87 Y123.104 E.02074
G1 X143.747 Y164.981 E1.82345
G1 X144.169 Y164.869 E.01345
G1 X102.531 Y123.231 E1.81303
G1 X103.193 Y123.359 E.02076
G1 X144.591 Y164.757 E1.8026
G1 X145.014 Y164.645 E.01345
G1 X103.862 Y123.494 E1.79186
G1 X104.531 Y123.628 E.021
G1 X145.436 Y164.533 E1.78113
G1 X145.858 Y164.421 E.01345
G1 X105.2 Y123.763 E1.7704
G1 X105.868 Y123.897 E.021
G1 X146.281 Y164.309 E1.75966
G1 X146.703 Y164.197 E.01345
G1 X106.537 Y124.031 E1.74893
G1 X107.206 Y124.166 E.021
G1 X147.125 Y164.085 E1.7382
G1 X147.547 Y163.973 E.01345
G1 X107.875 Y124.3 E1.72746
G1 X108.544 Y124.435 E.021
G1 X147.97 Y163.861 E1.71673
G1 X148.392 Y163.749 E.01345
G1 X109.216 Y124.572 E1.70585
G1 X109.89 Y124.713 E.02122
G1 X148.81 Y163.633 E1.6947
G1 X149.229 Y163.517 E.01337
G1 X110.565 Y124.853 E1.68354
G1 X111.24 Y124.993 E.02122
G1 X149.647 Y163.401 E1.67238
G1 X150.066 Y163.285 E.01337
G1 X111.914 Y125.134 E1.66123
G1 X112.589 Y125.274 E.02122
G1 X150.484 Y163.169 E1.65007
G1 X150.903 Y163.053 E.01337
G1 X113.264 Y125.414 E1.63891
G1 X113.938 Y125.555 E.02122
G1 X151.321 Y162.937 E1.62776
G1 X151.74 Y162.822 E.01337
G1 X114.614 Y125.696 E1.61656
G1 X115.297 Y125.845 E.02152
G1 X152.158 Y162.706 E1.60504
G1 X152.577 Y162.59 E.01337
G1 X115.98 Y125.993 E1.59353
G1 X116.663 Y126.142 E.02152
G1 X152.995 Y162.474 E1.58201
G1 X153.413 Y162.358 E.01337
G1 X117.346 Y126.29 E1.57049
G1 X118.029 Y126.439 E.02152
G1 X153.832 Y162.242 E1.55898
G1 X154.248 Y162.123 E.01331
G1 X118.712 Y126.587 E1.54734
G1 X119.395 Y126.736 E.02152
G1 X154.662 Y162.003 E1.53565
G1 X155.077 Y161.884 E.01329
G1 X120.078 Y126.885 E1.52396
G1 X120.767 Y127.04 E.02177
G1 X155.491 Y161.764 E1.51197
G1 X155.906 Y161.644 E.01329
G1 X121.459 Y127.197 E1.49991
G1 X122.15 Y127.354 E.02183
G1 X156.32 Y161.524 E1.48786
G1 X156.735 Y161.404 E.01329
G1 X122.842 Y127.511 E1.4758
G1 X123.533 Y127.669 E.02183
G1 X157.149 Y161.284 E1.46374
G1 X157.564 Y161.165 E.01329
G1 X124.225 Y127.826 E1.45168
G1 X124.916 Y127.983 E.02183
G1 X157.978 Y161.045 E1.43962
G1 X158.393 Y160.925 E.01329
G1 X125.608 Y128.14 E1.42757
G1 X126.306 Y128.303 E.02208
G1 X158.807 Y160.805 E1.41522
G1 X159.222 Y160.685 E.01329
G1 X127.008 Y128.471 E1.4027
G1 X127.71 Y128.639 E.02222
G1 X159.635 Y160.564 E1.39014
G1 X160.045 Y160.44 E.0132
G1 X128.412 Y128.806 E1.37743
G1 X129.114 Y128.974 E.02222
G1 X160.456 Y160.316 E1.36473
G1 X160.866 Y160.192 E.0132
G1 X129.816 Y129.142 E1.35202
G1 X130.518 Y129.309 E.02222
G1 X161.276 Y160.068 E1.33932
G1 X161.686 Y159.944 E.0132
G1 X131.22 Y129.477 E1.32661
G1 X131.922 Y129.645 E.02222
G1 X162.097 Y159.82 E1.31391
G1 X162.507 Y159.696 E.0132
G1 X132.624 Y129.812 E1.3012
G1 X133.326 Y129.98 E.02222
G1 X162.917 Y159.571 E1.2885
G1 X163.327 Y159.447 E.0132
G1 X134.035 Y130.155 E1.27549
G1 X134.744 Y130.33 E.02251
G1 X163.738 Y159.323 E1.26245
G1 X164.148 Y159.199 E.0132
G1 X135.454 Y130.505 E1.24941
G1 X136.164 Y130.681 E.02251
G1 X164.558 Y159.075 E1.23637
G1 X164.968 Y158.951 E.0132
G1 X136.873 Y130.856 E1.22333
G1 X137.588 Y131.036 E.02268
G1 X165.375 Y158.824 E1.20995
G1 X165.781 Y158.695 E.0131
G1 X138.305 Y131.219 E1.19637
G1 X139.023 Y131.402 E.0228
G1 X166.187 Y158.566 E1.18279
G1 X166.592 Y158.437 E.0131
G1 X139.741 Y131.586 E1.16921
G1 X140.458 Y131.769 E.0228
G1 X166.998 Y158.309 E1.15562
G1 X167.404 Y158.18 E.0131
G1 X141.176 Y131.952 E1.14204
G1 X141.893 Y132.135 E.0228
G1 X167.809 Y158.051 E1.12846
G1 X168.215 Y157.923 E.0131
G1 X142.611 Y132.319 E1.11487
G1 X143.336 Y132.509 E.02307
G1 X168.62 Y157.794 E1.10098
G1 X169.026 Y157.665 E.0131
G1 X144.063 Y132.702 E1.08697
G1 X144.79 Y132.895 E.02317
G1 X169.432 Y157.536 E1.07297
G1 X169.837 Y157.408 E.0131
G1 X145.517 Y133.088 E1.05896
G1 X146.245 Y133.281 E.02317
G1 X170.243 Y157.279 E1.04496
G1 X170.648 Y157.149 E.01308
G1 X146.972 Y133.474 E1.03091
G1 X147.699 Y133.667 E.02317
G1 X171.043 Y157.01 E1.01644
G1 X171.438 Y156.87 E.0129
G1 X148.427 Y133.86 E1.00194
G1 X149.167 Y134.065 E.02363
G1 X171.829 Y156.727 E.98676
G1 X172.206 Y156.571 E.01259
G1 X149.906 Y134.271 E.97101
G1 X150.646 Y134.476 E.02363
G1 X172.584 Y156.414 E.95526
G1 X172.962 Y156.257 E.01259
G1 X151.385 Y134.681 E.9395
G1 X152.125 Y134.886 E.02363
G1 X173.309 Y156.07 E.92241
G1 X173.649 Y155.876 E.01207
G1 X152.864 Y135.091 E.90504
G1 X153.604 Y135.296 E.02363
G1 X173.99 Y155.682 E.88767
G1 X174.331 Y155.489 E.01207
G1 X154.35 Y135.508 E.87002
G1 X155.102 Y135.725 E.02409
G1 X174.671 Y155.295 E.85212
G1 X175.012 Y155.101 E.01207
G1 X155.853 Y135.943 E.83422
G1 X156.605 Y136.16 E.02409
G1 X175.34 Y154.895 E.81577
G1 X175.615 Y154.635 E.01164
G1 X157.357 Y136.378 E.795
G1 X158.109 Y136.595 E.02409
G1 X175.89 Y154.376 E.77424
G1 X176.164 Y154.116 E.01164
G1 X158.86 Y136.812 E.75347
G1 X159.613 Y137.031 E.02415
G1 X176.439 Y153.857 E.73264
G1 X176.714 Y153.597 E.01164
G1 X160.379 Y137.262 E.71127
G1 X161.145 Y137.494 E.02463
G1 X176.989 Y153.338 E.6899
G1 X177.117 Y153.217 E.00544
G1 X177.222 Y153.037 E.00641
G1 X161.91 Y137.725 E.66673
G1 X162.676 Y137.956 E.02463
G1 X177.42 Y152.7 E.64198
G1 X177.617 Y152.363 E.01203
G1 X163.442 Y138.187 E.61724
G1 X164.207 Y138.419 E.02463
G1 X177.814 Y152.026 E.59249
G1 X177.916 Y151.593 E.01368
G1 X164.973 Y138.65 E.56359
G1 X165.759 Y138.902 E.02541
G1 X178.01 Y151.152 E.53343
G1 X178.103 Y150.711 E.01388
G1 X166.549 Y139.158 E.50308
G1 X167.34 Y139.414 E.02559
G1 X178.196 Y150.27 E.47272
G1 X178.29 Y149.829 E.01388
G1 X168.13 Y139.67 E.44237
G1 X168.921 Y139.926 E.02559
G1 X178.383 Y149.389 E.41201
G1 X178.477 Y148.948 E.01388
G1 X169.712 Y140.183 E.38165
G1 X170.502 Y140.439 E.02559
G1 X178.413 Y148.349 E.34446
G1 X178.268 Y147.671 E.02137
G1 X171.293 Y140.695 E.30375
G1 X171.717 Y140.832 E.01373
G1 X172.224 Y141.092 E.01754
G1 X178.124 Y146.992 E.25692
G1 X177.98 Y146.313 E.02137
G1 X173.318 Y141.651 E.20299
G1 X174.404 Y142.203 E.0375
G1 X178.056 Y145.855 E.15902
; stop printing object USV 1 e2mm.stl_6_B id:0 copy 0
; printing object "USV 1 e2mm.stl_5" id:1 copy 0
G1 E-.8 F3600
G1 X37.891 Y97.273 F18000
G1 E.8 F3600
M204 S1000
;TYPE:Outer wall
;WIDTH:0.42
G1 F3000
G1 X37.891 Y25.784 E2.19667
G1 X38.157 Y25.811 E.00823
G1 X40.919 Y26.096 E.0853
G1 X50.532 Y27.188 E.29729
G1 X55.313 Y27.774 E.14799
G1 X60.081 Y28.401 E.14779
G1 X64.841 Y29.062 E.14767
G1 X69.611 Y29.754 E.14808
G1 X74.384 Y30.474 E.14833
G1 X79.162 Y31.236 E.14867
G1 X84.923 Y32.194 E.17946
G1 X90.682 Y33.204 E.17965
G1 X96.423 Y34.256 E.17934
G1 X102.162 Y35.356 E.17954
G1 X107.86 Y36.509 E.17864
G1 X113.556 Y37.695 E.17877
G1 X119.231 Y38.931 E.17847
G1 X124.91 Y40.219 E.17893
G1 X133.391 Y42.247 E.26795
G1 X141.861 Y44.391 E.26847
G1 X147.453 Y45.874 E.17777
G1 X153.037 Y47.422 E.17803
G1 X158.635 Y49.036 E.17902
G1 X164.207 Y50.725 E.17893
G1 X169.73 Y52.478 E.17803
G1 X170.892 Y52.894 E.03793
G1 X172.236 Y53.445 E.04462
G1 X174.612 Y54.797 E.08402
G1 X176.581 Y56.656 E.0832
G1 X177.406 Y58.062 E.05008
G1 X178.14 Y61.532 E.10898
G1 X177.422 Y64.905 E.10597
G1 X177.379 Y65.033 E.00413
G1 X176.584 Y66.399 E.04858
G1 X174.609 Y68.266 E.08349
G1 X174.22 Y68.485 E.01373
G1 X173.488 Y68.837 E.02493
G1 X170.886 Y70.168 E.08984
G1 X164.216 Y72.326 E.21539
G1 X158.634 Y74.015 E.17919
G1 X153.038 Y75.634 E.179
G1 X147.464 Y77.177 E.17771
G1 X141.872 Y78.672 E.17786
G1 X136.223 Y80.113 E.17915
G1 X130.578 Y81.496 E.17858
G1 X124.921 Y82.836 E.17863
G1 X119.254 Y84.124 E.17858
G1 X113.574 Y85.359 E.17859
G1 X107.888 Y86.542 E.17847
G1 X102.19 Y87.696 E.17864
G1 X96.472 Y88.788 E.17885
G1 X90.755 Y89.84 E.17863
G1 X85.025 Y90.85 E.17878
G1 X79.286 Y91.808 E.17879
G1 X74.505 Y92.57 E.14877
G1 X69.735 Y93.291 E.14823
G1 X64.965 Y93.982 E.14808
G1 X60.195 Y94.639 E.14796
G1 X55.425 Y95.27 E.14786
G1 X50.646 Y95.855 E.14793
G1 X45.852 Y96.411 E.1483
G1 X41.032 Y96.949 E.14903
G1 X37.911 Y97.271 E.09641
M204 S2000
G1 X38.283 Y96.838 F18000
M204 S1500
;TYPE:Inner wall
;WIDTH:0.45
G1 F4800
G1 X38.283 Y26.218 E2.3426
G1 X40.877 Y26.485 E.08648
G1 X50.486 Y27.578 E.32082
G1 X55.263 Y28.163 E.15965
G1 X60.029 Y28.789 E.15945
G1 X64.786 Y29.45 E.15933
G1 X69.553 Y30.141 E.15978
G1 X74.324 Y30.862 E.16003
G1 X79.099 Y31.623 E.16041
G1 X84.857 Y32.58 E.19364
G1 X90.613 Y33.59 E.19383
G1 X96.351 Y34.642 E.19351
G1 X102.086 Y35.741 E.19371
G1 X107.781 Y36.893 E.19275
G1 X113.474 Y38.079 E.19289
G1 X119.146 Y39.314 E.19256
G1 X124.821 Y40.601 E.19304
G1 X133.297 Y42.627 E.28911
G1 X141.763 Y44.771 E.28967
G1 X147.351 Y46.253 E.19177
G1 X152.93 Y47.799 E.19205
G1 X158.523 Y49.412 E.19311
G1 X164.091 Y51.1 E.19299
G1 X169.604 Y52.849 E.19187
G1 X170.752 Y53.26 E.04041
G1 X172.064 Y53.798 E.04704
G1 X174.378 Y55.114 E.08831
G1 X176.271 Y56.903 E.08639
G1 X177.036 Y58.205 E.0501
G1 X177.739 Y61.531 E.11278
G1 X177.043 Y64.801 E.1109
G1 X177.02 Y64.87 E.00239
G1 X176.273 Y66.153 E.04925
G1 X174.375 Y67.948 E.08667
G1 X174.038 Y68.137 E.0128
G1 X173.314 Y68.485 E.02666
G1 X170.735 Y69.805 E.0961
G1 X164.099 Y71.952 E.23136
G1 X158.523 Y73.639 E.19324
G1 X152.932 Y75.256 E.19309
G1 X147.361 Y76.799 E.19172
G1 X141.773 Y78.292 E.19189
G1 X136.128 Y79.733 E.19326
G1 X130.486 Y81.114 E.19268
G1 X124.832 Y82.454 E.19273
G1 X119.168 Y83.741 E.19268
G1 X113.493 Y84.976 E.19267
G1 X107.809 Y86.158 E.19258
G1 X102.114 Y87.311 E.19275
G1 X96.4 Y88.403 E.19297
G1 X90.686 Y89.454 E.19275
G1 X84.959 Y90.463 E.1929
G1 X79.223 Y91.421 E.1929
G1 X74.445 Y92.183 E.16051
G1 X69.677 Y92.903 E.15993
G1 X64.911 Y93.594 E.15978
G1 X60.143 Y94.25 E.15966
G1 X55.375 Y94.881 E.15952
G1 X50.6 Y95.466 E.15959
G1 X40.99 Y96.559 E.32082
G1 X38.303 Y96.836 E.08961
M204 S2000
G1 X39.137 Y96.586 F18000
;TYPE:Internal solid infill
;WIDTH:0.420781
G1 F6000
G1 X38.616 Y96.065 E.02269
G1 X38.616 Y95.53 E.01645
G1 X39.467 Y96.381 E.03705
G1 X39.952 Y96.331 E.015
G1 X38.616 Y94.996 E.05814
G1 X38.616 Y94.462 E.01645
G1 X40.436 Y96.281 E.07924
G1 X40.92 Y96.231 E.015
G1 X38.616 Y93.927 E.10033
G1 X38.616 Y93.393 E.01645
G1 X41.401 Y96.177 E.12124
G1 X41.88 Y96.122 E.01487
G1 X38.616 Y92.858 E.14213
G1 X38.616 Y92.324 E.01645
G1 X42.36 Y96.068 E.16302
G1 X42.84 Y96.013 E.01487
G1 X38.616 Y91.79 E.18392
G1 X38.616 Y91.255 E.01645
G1 X43.32 Y95.959 E.20481
G1 X43.8 Y95.904 E.01487
G1 X38.616 Y90.721 E.2257
G1 X38.616 Y90.187 E.01645
G1 X44.279 Y95.85 E.24659
G1 X44.759 Y95.795 E.01487
G1 X38.616 Y89.652 E.26749
G1 X38.616 Y89.118 E.01645
G1 X45.239 Y95.74 E.28838
G1 X45.719 Y95.686 E.01487
G1 X38.616 Y88.583 E.30927
G1 X38.616 Y88.049 E.01645
G1 X46.199 Y95.631 E.33016
G1 X46.678 Y95.577 E.01487
G1 X38.616 Y87.515 E.35106
G1 X38.616 Y86.98 E.01645
G1 X47.158 Y95.522 E.37195
G1 X47.638 Y95.467 E.01487
G1 X38.616 Y86.446 E.39284
G1 X38.616 Y85.912 E.01645
G1 X48.118 Y95.413 E.41373
G1 X48.598 Y95.358 E.01487
G1 X38.616 Y85.377 E.43463
G1 X38.616 Y84.843 E.01645
G1 X49.077 Y95.304 E.45552
G1 X49.557 Y95.249 E.01487
G1 X38.616 Y84.308 E.47641
G1 X38.616 Y83.774 E.01645
G1 X50.037 Y95.195 E.49731
G1 X50.517 Y95.14 E.01487
G1 X38.616 Y83.24 E.5182
G1 X38.616 Y82.705 E.01645
G1 X50.993 Y95.082 E.53894
G1 X51.469 Y95.024 E.01477
G1 X38.616 Y82.171 E.55967
G1 X38.616 Y81.637 E.01645
G1 X51.945 Y94.965 E.5804
G1 X52.421 Y94.907 E.01477
G1 X38.616 Y81.102 E.60113
G1 X38.616 Y80.568 E.01645
G1 X52.897 Y94.849 E.62185
G1 X53.373 Y94.79 E.01477
G1 X38.616 Y80.033 E.64258
G1 X38.616 Y79.499 E.01645
G1 X53.849 Y94.732 E.66331
G1 X54.325 Y94.674 E.01477
G1 X38.616 Y78.965 E.68404
G1 X38.616 Y78.43 E.01645
G1 X54.801 Y94.615 E.70477
G1 X55.277 Y94.557 E.01477
G1 X38.616 Y77.896 E.7255
G1 X38.616 Y77.362 E.01645
G1 X55.75 Y94.495 E.74607
G1 X56.222 Y94.432 E.01466
G1 X38.616 Y76.827 E.76662
G1 X38.616 Y76.293 E.01645
G1 X56.694 Y94.37 E.78717
G1 X57.166 Y94.308 E.01466
G1 X38.616 Y75.758 E.80772
G1 X38.616 Y75.224 E.01645
G1 X57.638 Y94.245 E.82828
G1 X58.11 Y94.183 E.01466
G1 X38.616 Y74.69 E.84883
G1 X38.616 Y74.155 E.01645
G1 X58.582 Y94.12 E.86938
G1 X59.053 Y94.058 E.01466
G1 X38.616 Y73.621 E.88993
G1 X38.616 Y73.087 E.01645
G1 X59.525 Y93.996 E.91048
G1 X59.997 Y93.933 E.01466
G1 X38.616 Y72.552 E.93103
G1 X38.616 Y72.018 E.01645
G1 X60.468 Y93.869 E.95151
G1 X60.937 Y93.804 E.0146
G1 X38.616 Y71.483 E.97196
G1 X38.616 Y70.949 E.01645
G1 X61.407 Y93.74 E.99241
G1 X61.877 Y93.675 E.0146
G1 X38.616 Y70.415 E1.01287
G1 X38.616 Y69.88 E.01645
G1 X62.346 Y93.61 E1.03332
G1 X62.816 Y93.546 E.0146
G1 X38.616 Y69.346 E1.05377
G1 X38.616 Y68.812 E.01645
G1 X63.286 Y93.481 E1.07423
G1 X63.756 Y93.416 E.0146
G1 X38.616 Y68.277 E1.09468
G1 X38.616 Y67.743 E.01645
G1 X64.225 Y93.352 E1.11513
G1 X64.695 Y93.287 E.0146
G1 X38.616 Y67.208 E1.13559
G1 X38.616 Y66.674 E.01645
G1 X65.163 Y93.22 E1.15596
G1 X65.63 Y93.153 E.01452
G1 X38.616 Y66.14 E1.17628
G1 X38.616 Y65.605 E.01645
G1 X66.096 Y93.085 E1.19661
G1 X66.563 Y93.018 E.01452
G1 X38.616 Y65.071 E1.21693
G1 X38.616 Y64.537 E.01645
G1 X67.03 Y92.95 E1.23726
G1 X67.497 Y92.882 E.01452
G1 X38.616 Y64.002 E1.25758
G1 X38.616 Y63.468 E.01645
G1 X67.963 Y92.815 E1.27791
G1 X68.43 Y92.747 E.01452
G1 X38.616 Y62.933 E1.29824
G1 X38.616 Y62.399 E.01645
G1 X68.897 Y92.68 E1.31856
G1 X69.364 Y92.612 E.01452
G1 X38.616 Y61.865 E1.33889
G1 X38.616 Y61.33 E.01645
G1 X69.829 Y92.543 E1.35916
G1 X70.294 Y92.473 E.01446
G1 X38.616 Y60.796 E1.37938
G1 X38.616 Y60.262 E.01645
G1 X70.758 Y92.403 E1.39959
G1 X71.222 Y92.333 E.01446
G1 X38.616 Y59.727 E1.41981
G1 X38.616 Y59.193 E.01645
G1 X71.686 Y92.263 E1.44002
G1 X72.15 Y92.192 E.01446
G1 X38.616 Y58.658 E1.46024
G1 X38.616 Y58.124 E.01645
G1 X72.615 Y92.122 E1.48045
G1 X73.079 Y92.052 E.01446
G1 X38.616 Y57.59 E1.50067
G1 X38.616 Y57.055 E.01645
G1 X73.543 Y91.982 E1.52088
G1 X74.007 Y91.912 E.01446
G1 X38.616 Y56.521 E1.5411
G1 X38.616 Y55.987 E.01645
G1 X74.471 Y91.841 E1.56129
G1 X74.932 Y91.768 E.01437
G1 X38.616 Y55.452 E1.58135
G1 X38.616 Y54.918 E.01645
G1 X75.393 Y91.694 E1.60142
G1 X75.854 Y91.621 E.01437
G1 X38.616 Y54.383 E1.62149
G1 X38.616 Y53.849 E.01645
G1 X76.314 Y91.547 E1.64156
G1 X76.775 Y91.474 E.01437
G1 X38.616 Y53.315 E1.66163
G1 X38.616 Y52.78 E.01645
G1 X77.236 Y91.4 E1.68169
G1 X77.697 Y91.327 E.01437
G1 X38.616 Y52.246 E1.70176
G1 X38.616 Y51.712 E.01645
G1 X78.158 Y91.253 E1.72183
G1 X78.619 Y91.179 E.01437
G1 X38.616 Y51.177 E1.7419
G1 X38.616 Y50.643 E.01645
G1 X79.08 Y91.106 E1.76197
G1 X79.538 Y91.03 E.01431
G1 X38.616 Y50.108 E1.78193
G1 X38.616 Y49.574 E.01645
G1 X79.996 Y90.954 E1.80187
G1 X80.454 Y90.877 E.0143
G1 X38.616 Y49.04 E1.82181
G1 X38.616 Y48.505 E.01645
G1 X80.912 Y90.801 E1.84176
G1 X81.37 Y90.724 E.0143
G1 X38.616 Y47.971 E1.8617
G1 X38.616 Y47.436 E.01645
G1 X81.828 Y90.648 E1.88164
G1 X82.286 Y90.572 E.0143
G1 X38.616 Y46.902 E1.90158
G1 X38.616 Y46.368 E.01645
G1 X82.744 Y90.495 E1.92152
G1 X83.202 Y90.419 E.0143
G1 X38.616 Y45.833 E1.94146
G1 X38.616 Y45.299 E.01645
G1 X83.66 Y90.342 E1.96141
G1 X84.118 Y90.266 E.0143
G1 X38.616 Y44.765 E1.98135
G1 X38.616 Y44.23 E.01645
G1 X84.576 Y90.189 E2.00129
G1 X85.033 Y90.112 E.01427
G1 X38.616 Y43.696 E2.02119
G1 X38.616 Y43.161 E.01645
G1 X85.487 Y90.032 E2.04097
G1 X85.941 Y89.952 E.0142
G1 X38.616 Y42.627 E2.06075
G1 X38.616 Y42.093 E.01645
G1 X86.395 Y89.872 E2.08054
G1 X86.85 Y89.792 E.0142
G1 X38.616 Y41.558 E2.10032
G1 X38.616 Y41.024 E.01645
G1 X87.304 Y89.712 E2.1201
G1 X87.758 Y89.632 E.0142
G1 X38.616 Y40.49 E2.13989
G1 X38.616 Y39.955 E.01645
G1 X88.213 Y89.552 E2.15967
G1 X88.667 Y89.472 E.0142
G1 X38.616 Y39.421 E2.17945
G1 X38.616 Y38.886 E.01645
G1 X89.121 Y89.391 E2.19923
G1 X89.576 Y89.311 E.0142
G1 X38.616 Y38.352 E2.21902
G1 X38.616 Y37.818 E.01645
G1 X90.03 Y89.231 E2.2388
G1 X90.484 Y89.151 E.0142
G1 X38.616 Y37.283 E2.25858
G1 X38.616 Y36.749 E.01645
G1 X90.937 Y89.069 E2.27828
G1 X91.388 Y88.986 E.01413
G1 X38.616 Y36.215 E2.29793
G1 X38.616 Y35.68 E.01645
G1 X91.839 Y88.903 E2.31759
G1 X92.291 Y88.82 E.01413
G1 X38.616 Y35.146 E2.33724
G1 X38.616 Y34.611 E.01645
G1 X92.742 Y88.737 E2.3569
G1 X93.193 Y88.654 E.01413
G1 X38.616 Y34.077 E2.37655
G1 X38.616 Y33.543 E.01645
G1 X93.645 Y88.571 E2.3962
G1 X94.096 Y88.488 E.01413
G1 X38.616 Y33.008 E2.41586
G1 X38.616 Y32.474 E.01645
G1 X94.547 Y88.405 E2.43551
G1 X94.999 Y88.322 E.01413
G1 X38.616 Y31.94 E2.45517
G1 X38.616 Y31.405 E.01645
G1 X95.45 Y88.239 E2.47482
G1 X95.901 Y88.156 E.01413
G1 X38.616 Y30.871 E2.49447
G1 X38.616 Y30.336 E.01645
G1 X96.353 Y88.073 E2.51412
G1 X96.801 Y87.987 E.01406
G1 X38.616 Y29.802 E2.53366
G1 X38.616 Y29.268 E.01645
G1 X97.25 Y87.901 E2.55319
G1 X97.699 Y87.816 E.01406
G1 X38.616 Y28.733 E2.57273
G1 X38.616 Y28.199 E.01645
G1 X98.147 Y87.73 E2.59227
G1 X98.596 Y87.644 E.01406
G1 X38.616 Y27.665 E2.6118
G1 X38.616 Y27.13 E.01645
G1 X99.045 Y87.558 E2.63134
G1 X99.493 Y87.473 E.01406
G1 X38.616 Y26.587 E2.65106
G1 X39.203 Y26.648 E.01815
G1 X99.942 Y87.387 E2.64487
G1 X100.39 Y87.301 E.01406
G1 X39.799 Y26.709 E2.63846
G1 X40.394 Y26.771 E.01844
G1 X100.839 Y87.215 E2.63206
G1 X101.288 Y87.13 E.01406
G1 X40.992 Y26.834 E2.62557
G1 X41.595 Y26.902 E.01868
G1 X101.736 Y87.044 E2.61885
G1 X102.184 Y86.957 E.01403
G1 X42.198 Y26.971 E2.61208
G1 X42.801 Y27.04 E.01868
G1 X102.628 Y86.867 E2.60518
G1 X103.073 Y86.777 E.01396
G1 X43.404 Y27.108 E2.59827
G1 X44.007 Y27.177 E.01868
G1 X103.517 Y86.687 E2.59137
G1 X103.961 Y86.597 E.01396
G1 X44.609 Y27.245 E2.58447
G1 X45.212 Y27.314 E.01868
G1 X104.406 Y86.507 E2.57757
G1 X104.85 Y86.417 E.01396
G1 X45.815 Y27.382 E2.57067
G1 X46.418 Y27.451 E.01868
G1 X105.295 Y86.327 E2.56376
G1 X105.739 Y86.237 E.01396
G1 X47.021 Y27.519 E2.55686
G1 X47.624 Y27.588 E.01868
G1 X106.183 Y86.147 E2.54996
G1 X106.628 Y86.057 E.01396
G1 X48.227 Y27.656 E2.54306
G1 X48.83 Y27.725 E.01868
G1 X107.072 Y85.967 E2.53615
G1 X107.517 Y85.877 E.01396
G1 X49.433 Y27.793 E2.52925
G1 X50.036 Y27.862 E.01868
G1 X107.96 Y85.786 E2.52231
G1 X108.402 Y85.694 E.01391
G1 X50.641 Y27.932 E2.51523
G1 X51.25 Y28.007 E.01889
G1 X108.845 Y85.602 E2.50798
G1 X109.287 Y85.51 E.01391
G1 X51.859 Y28.082 E2.50072
G1 X52.468 Y28.156 E.01889
G1 X109.729 Y85.418 E2.49346
G1 X110.172 Y85.326 E.01391
G1 X53.077 Y28.231 E2.48621
G1 X53.686 Y28.306 E.01889
G1 X110.614 Y85.234 E2.47895
G1 X111.057 Y85.142 E.01391
G1 X54.295 Y28.38 E2.4717
G1 X54.904 Y28.455 E.01889
G1 X111.499 Y85.05 E2.46444
G1 X111.941 Y84.958 E.01391
G1 X55.516 Y28.532 E2.45706
G1 X56.131 Y28.613 E.01911
G1 X112.384 Y84.866 E2.44953
G1 X112.826 Y84.774 E.01391
G1 X56.746 Y28.694 E2.442
G1 X57.361 Y28.775 E.01911
G1 X113.268 Y84.682 E2.43447
G1 X113.709 Y84.588 E.01386
G1 X57.976 Y28.856 E2.42685
G1 X58.592 Y28.937 E.01911
G1 X114.147 Y84.492 E2.41917
G1 X114.586 Y84.397 E.01383
G1 X59.207 Y29.018 E2.41149
G1 X59.822 Y29.098 E.01911
G1 X115.025 Y84.301 E2.40381
G1 X115.464 Y84.206 E.01383
G1 X60.441 Y29.183 E2.39596
G1 X61.062 Y29.269 E.01929
G1 X115.903 Y84.11 E2.38805
G1 X116.342 Y84.015 E.01383
G1 X61.682 Y29.355 E2.38014
G1 X62.303 Y29.442 E.01929
G1 X116.781 Y83.92 E2.37223
G1 X117.22 Y83.824 E.01383
G1 X62.923 Y29.528 E2.36432
G1 X63.544 Y29.614 E.01929
G1 X117.659 Y83.729 E2.35641
G1 X118.097 Y83.633 E.01383
G1 X64.164 Y29.7 E2.34851
G1 X64.785 Y29.787 E.0193
G1 X118.536 Y83.538 E2.34058
G1 X118.975 Y83.442 E.01383
G1 X65.41 Y29.877 E2.33248
G1 X66.035 Y29.968 E.01945
G1 X119.412 Y83.344 E2.32426
G1 X119.847 Y83.245 E.01375
G1 X66.66 Y30.059 E2.31601
G1 X67.285 Y30.149 E.01945
G1 X120.282 Y83.146 E2.30775
G1 X120.718 Y83.047 E.01375
G1 X67.91 Y30.24 E2.29949
G1 X68.536 Y30.331 E.01945
G1 X121.153 Y82.948 E2.29124
G1 X121.589 Y82.849 E.01375
G1 X69.161 Y30.421 E2.28298
G1 X69.788 Y30.514 E.01952
G1 X122.024 Y82.751 E2.27464
G1 X122.46 Y82.652 E.01375
G1 X70.417 Y30.609 E2.26619
G1 X71.046 Y30.704 E.0196
G1 X122.895 Y82.553 E2.25775
G1 X123.331 Y82.454 E.01375
G1 X71.676 Y30.799 E2.2493
G1 X72.305 Y30.894 E.0196
G1 X123.766 Y82.355 E2.24085
G1 X124.202 Y82.256 E.01375
G1 X72.935 Y30.989 E2.23241
G1 X73.564 Y31.084 E.0196
G1 X124.637 Y82.157 E2.22396
G1 X125.07 Y82.056 E.01369
G1 X74.194 Y31.179 E2.21541
G1 X74.828 Y31.28 E.01979
G1 X125.502 Y81.953 E2.20657
G1 X125.934 Y81.851 E.01367
G1 X75.464 Y31.381 E2.1977
G1 X76.1 Y31.482 E.01982
G1 X126.366 Y81.748 E2.18882
G1 X126.798 Y81.646 E.01367
G1 X76.736 Y31.584 E2.17995
G1 X77.371 Y31.685 E.01982
G1 X127.23 Y81.544 E2.17108
G1 X127.662 Y81.441 E.01367
G1 X78.007 Y31.786 E2.16221
G1 X78.643 Y31.888 E.01982
G1 X128.094 Y81.339 E2.15334
G1 X128.526 Y81.236 E.01367
G1 X79.281 Y31.991 E2.14438
G1 X79.921 Y32.098 E.02001
G1 X128.958 Y81.134 E2.13529
G1 X129.39 Y81.032 E.01367
G1 X80.562 Y32.204 E2.12619
G1 X81.203 Y32.311 E.02001
G1 X129.822 Y80.929 E2.11709
G1 X130.254 Y80.827 E.01367
G1 X81.844 Y32.417 E2.10799
G1 X82.485 Y32.524 E.02001
G1 X130.684 Y80.723 E2.09882
G1 X131.113 Y80.618 E.01361
G1 X83.126 Y32.63 E2.0896
G1 X83.767 Y32.737 E.02001
G1 X131.543 Y80.513 E2.08038
G1 X131.972 Y80.407 E.01361
G1 X84.408 Y32.843 E2.07117
G1 X85.052 Y32.953 E.0201
G1 X132.401 Y80.302 E2.06183
G1 X132.83 Y80.197 E.01361
G1 X85.7 Y33.067 E2.0523
G1 X86.348 Y33.18 E.02026
G1 X133.26 Y80.092 E2.04277
G1 X133.689 Y79.987 E.01361
G1 X86.996 Y33.294 E2.03324
G1 X87.644 Y33.408 E.02026
G1 X134.118 Y79.882 E2.02371
G1 X134.547 Y79.777 E.01361
G1 X88.292 Y33.522 E2.01417
G1 X88.94 Y33.635 E.02026
G1 X134.977 Y79.672 E2.00464
G1 X135.406 Y79.566 E.01361
G1 X89.588 Y33.749 E1.99511
G1 X90.237 Y33.863 E.02026
G1 X135.835 Y79.461 E1.98558
G1 X136.263 Y79.354 E.01357
G1 X90.888 Y33.98 E1.97584
G1 X91.542 Y34.099 E.02048
G1 X136.688 Y79.246 E1.96589
G1 X137.114 Y79.137 E.01353
G1 X92.196 Y34.219 E1.95594
G1 X92.85 Y34.339 E.02048
G1 X137.54 Y79.028 E1.94599
G1 X137.966 Y78.92 E.01353
G1 X93.505 Y34.459 E1.93604
G1 X94.159 Y34.579 E.02048
G1 X138.391 Y78.811 E1.92609
G1 X138.817 Y78.703 E.01353
G1 X94.813 Y34.699 E1.91614
G1 X95.467 Y34.819 E.02048
G1 X139.243 Y78.594 E1.90619
G1 X139.668 Y78.485 E.01353
G1 X96.122 Y34.938 E1.89624
G1 X96.781 Y35.063 E.02066
G1 X140.094 Y78.377 E1.88607
G1 X140.52 Y78.268 E.01353
G1 X97.442 Y35.19 E1.87583
G1 X98.103 Y35.317 E.02072
G1 X140.946 Y78.159 E1.86558
G1 X141.371 Y78.051 E.01353
G1 X98.764 Y35.443 E1.85533
G1 X99.425 Y35.57 E.02072
G1 X141.796 Y77.941 E1.84504
G1 X142.218 Y77.828 E.01344
G1 X100.086 Y35.697 E1.83462
G1 X100.747 Y35.823 E.02072
G1 X142.64 Y77.716 E1.8242
G1 X143.061 Y77.603 E.01344
G1 X101.408 Y35.95 E1.81378
G1 X102.07 Y36.077 E.02075
G1 X143.483 Y77.49 E1.80332
G1 X143.905 Y77.378 E.01344
G1 X102.74 Y36.213 E1.79252
G1 X103.41 Y36.348 E.02104
G1 X144.326 Y77.265 E1.78171
G1 X144.748 Y77.152 E.01344
G1 X104.08 Y36.484 E1.7709
G1 X104.749 Y36.619 E.02104
G1 X145.17 Y77.04 E1.76009
G1 X145.591 Y76.927 E.01344
G1 X105.419 Y36.755 E1.74929
G1 X106.089 Y36.89 E.02104
G1 X146.013 Y76.814 E1.73848
G1 X146.435 Y76.702 E.01344
G1 X106.759 Y37.026 E1.72767
G1 X107.429 Y37.161 E.02104
G1 X146.856 Y76.589 E1.71686
G1 X147.278 Y76.476 E.01344
G1 X108.102 Y37.3 E1.70593
G1 X108.777 Y37.44 E.02123
G1 X147.697 Y76.36 E1.69476
G1 X148.115 Y76.244 E.01337
G1 X109.452 Y37.581 E1.68359
G1 X110.127 Y37.722 E.02123
G1 X148.534 Y76.128 E1.67242
G1 X148.952 Y76.013 E.01337
G1 X110.802 Y37.862 E1.66125
G1 X111.477 Y38.003 E.02123
G1 X149.371 Y75.897 E1.65008
G1 X149.789 Y75.781 E.01337
G1 X112.152 Y38.144 E1.63891
G1 X112.827 Y38.284 E.02123
G1 X150.208 Y75.665 E1.62774
G1 X150.626 Y75.549 E.01337
G1 X113.503 Y38.426 E1.61651
G1 X114.186 Y38.575 E.02153
G1 X151.045 Y75.433 E1.60499
G1 X151.463 Y75.317 E.01337
G1 X114.869 Y38.724 E1.59347
G1 X115.552 Y38.872 E.02153
G1 X151.882 Y75.201 E1.58195
G1 X152.3 Y75.086 E.01337
G1 X116.235 Y39.021 E1.57043
G1 X116.919 Y39.17 E.02153
G1 X152.718 Y74.97 E1.5589
G1 X153.134 Y74.851 E.01331
G1 X117.602 Y39.318 E1.54726
G1 X118.285 Y39.467 E.02153
G1 X153.549 Y74.731 E1.53556
G1 X153.963 Y74.611 E.01329
G1 X118.968 Y39.616 E1.52387
G1 X119.658 Y39.771 E.02178
G1 X154.378 Y74.491 E1.51187
G1 X154.792 Y74.371 E.01329
G1 X120.349 Y39.928 E1.49982
G1 X121.04 Y40.085 E.02182
G1 X155.207 Y74.252 E1.48778
G1 X155.621 Y74.132 E.01329
G1 X121.731 Y40.242 E1.47573
G1 X122.423 Y40.399 E.02182
G1 X156.036 Y74.012 E1.46368
G1 X156.45 Y73.892 E.01329
G1 X123.114 Y40.556 E1.45163
G1 X123.805 Y40.712 E.02182
G1 X156.865 Y73.772 E1.43958
G1 X157.279 Y73.652 E.01329
G1 X124.496 Y40.869 E1.42753
G1 X125.194 Y41.033 E.02208
G1 X157.694 Y73.532 E1.41518
G1 X158.108 Y73.413 E.01329
G1 X125.897 Y41.201 E1.40265
G1 X126.599 Y41.369 E.02223
G1 X158.522 Y73.292 E1.39008
G1 X158.932 Y73.168 E.0132
G1 X127.301 Y41.537 E1.37736
G1 X128.003 Y41.705 E.02223
G1 X159.342 Y73.043 E1.36464
G1 X159.753 Y72.919 E.0132
G1 X128.706 Y41.872 E1.35193
G1 X129.408 Y42.04 E.02223
G1 X160.163 Y72.795 E1.33921
G1 X160.573 Y72.671 E.0132
G1 X130.11 Y42.208 E1.3265
G1 X130.812 Y42.376 E.02223
G1 X160.983 Y72.547 E1.31378
G1 X161.393 Y72.423 E.0132
G1 X131.515 Y42.544 E1.30107
G1 X132.217 Y42.712 E.02223
G1 X161.804 Y72.299 E1.28835
G1 X162.214 Y72.174 E.0132
G1 X132.919 Y42.88 E1.27564
G1 X133.629 Y43.055 E.02252
G1 X162.624 Y72.05 E1.26259
G1 X163.034 Y71.926 E.0132
G1 X134.345 Y43.236 E1.2493
G1 X135.06 Y43.417 E.02273
G1 X163.445 Y71.802 E1.236
G1 X163.855 Y71.678 E.0132
G1 X135.776 Y43.599 E1.22271
G1 X136.491 Y43.78 E.02273
G1 X164.261 Y71.55 E1.20923
G1 X164.665 Y71.419 E.01307
G1 X137.207 Y43.961 E1.19565
G1 X137.922 Y44.142 E.02273
G1 X165.068 Y71.288 E1.18208
G1 X165.472 Y71.158 E.01307
G1 X138.638 Y44.323 E1.1685
G1 X139.353 Y44.504 E.02273
G1 X165.876 Y71.027 E1.15492
G1 X166.28 Y70.896 E.01307
G1 X140.069 Y44.686 E1.14135
G1 X140.784 Y44.867 E.02273
G1 X166.683 Y70.766 E1.12777
G1 X167.087 Y70.635 E.01307
G1 X141.5 Y45.048 E1.11419
G1 X142.224 Y45.238 E.02306
G1 X167.491 Y70.504 E1.10023
G1 X167.894 Y70.374 E.01307
G1 X142.951 Y45.431 E1.08614
G1 X143.679 Y45.624 E.02317
G1 X168.298 Y70.243 E1.07205
G1 X168.702 Y70.112 E.01307
G1 X144.406 Y45.817 E1.05796
G1 X145.133 Y46.01 E.02317
G1 X169.106 Y69.982 E1.04387
G1 X169.509 Y69.851 E.01307
G1 X145.861 Y46.202 E1.02978
G1 X146.588 Y46.395 E.02317
G1 X169.913 Y69.721 E1.01569
G1 X170.317 Y69.59 E.01307
G1 X147.316 Y46.589 E1.00156
G1 X148.055 Y46.794 E.02362
G1 X170.706 Y69.445 E.98634
G1 X171.06 Y69.264 E.01223
G1 X148.795 Y46.999 E.96954
G1 X149.534 Y47.204 E.02362
G1 X171.413 Y69.083 E.95274
G1 X171.767 Y68.903 E.01223
G1 X150.273 Y47.409 E.93595
G1 X151.012 Y47.614 E.02362
G1 X172.121 Y68.722 E.91915
G1 X172.474 Y68.541 E.01223
G1 X151.752 Y47.818 E.90235
G1 X152.491 Y48.023 E.02362
G1 X172.828 Y68.36 E.88556
G1 X173.181 Y68.179 E.01223
G1 X153.236 Y48.234 E.8685
G1 X153.987 Y48.451 E.02406
G1 X173.542 Y68.006 E.85152
G1 X173.902 Y67.831 E.01231
G1 X154.738 Y48.667 E.83449
G1 X155.489 Y48.884 E.02406
G1 X174.23 Y67.625 E.81608
G1 X174.505 Y67.366 E.01164
G1 X156.24 Y49.101 E.79535
G1 X156.991 Y49.317 E.02406
G1 X174.78 Y67.106 E.77461
G1 X175.055 Y66.846 E.01164
G1 X157.742 Y49.534 E.75388
G1 X158.494 Y49.752 E.02412
G1 X175.329 Y66.587 E.73308
G1 X175.604 Y66.327 E.01164
G1 X159.261 Y49.984 E.71165
G1 X160.028 Y50.216 E.02467
G1 X175.879 Y66.067 E.69022
G1 X176.009 Y65.944 E.00554
G1 X176.112 Y65.767 E.00631
G1 X160.795 Y50.449 E.66701
G1 X161.561 Y50.681 E.02467
G1 X176.309 Y65.429 E.64218
G1 X176.506 Y65.091 E.01203
G1 X162.328 Y50.914 E.61735
G1 X163.095 Y51.146 E.02467
G1 X176.702 Y64.753 E.59252
G1 X176.805 Y64.321 E.01367
G1 X163.862 Y51.379 E.56359
G1 X164.642 Y51.624 E.02518
G1 X176.898 Y63.881 E.5337
G1 X176.992 Y63.44 E.01387
G1 X165.425 Y51.873 E.5037
G1 X166.208 Y52.121 E.02529
G1 X177.086 Y62.999 E.4737
G1 X177.18 Y62.559 E.01387
G1 X166.99 Y52.37 E.44369
G1 X167.773 Y52.618 E.02529
G1 X177.273 Y62.118 E.41369
G1 X177.367 Y61.678 E.01387
G1 X168.556 Y52.866 E.38369
G1 X169.339 Y53.115 E.02529
G1 X177.303 Y61.079 E.34679
G1 X177.159 Y60.401 E.02133
G1 X170.161 Y53.402 E.30476
G1 X171.025 Y53.732 E.02848
G1 X177.016 Y59.723 E.26088
G1 X176.873 Y59.046 E.02133
G1 X171.936 Y54.109 E.21496
G1 X173.175 Y54.814 E.04389
G1 X176.949 Y58.588 E.16433
; stop printing object USV 1 e2mm.stl_5 id:1 copy 0
; end of layer_num: 3, T: 0, print_z: 0.640000
;LAYER_CHANGE
;Z:0.84
;HEIGHT:0.2
; BEFORE_LAYER_CHANGE 3 @ 0.84mm
G92 E0
; AFTER_LAYER_CHANGE 3 @ 0.84mm
; start of layer_num: 4, T: 0, print_z: 0.840000
; printing object "USV 1 e2mm.stl_6_B" id:0 copy 0
G1 E-.8 F3600
G1 X39.013 Y113.057 Z.84 F18000
G1 E.8 F3600
M204 S1000
;TYPE:Outer wall
;WIDTH:0.42
G1 F3000
G1 X39.626 Y113.12 E.01896
G1 X46.963 Y113.913 E.22676
G1 X51.757 Y114.473 E.1483
G1 X56.535 Y115.07 E.14795
G1 X61.306 Y115.686 E.14782
G1 X66.076 Y116.347 E.14797
G1 X70.845 Y117.038 E.14807
G1 X75.615 Y117.759 E.14824
G1 X80.397 Y118.521 E.14877
G1 X86.136 Y119.479 E.17878
G1 X91.865 Y120.489 E.17877
G1 X97.583 Y121.541 E.17864
G1 X103.299 Y122.641 E.17887
G1 X108.997 Y123.786 E.17859
G1 X114.684 Y124.969 E.17847
G1 X120.363 Y126.205 E.17858
G1 X126.03 Y127.492 E.17858
G1 X133.168 Y129.195 E.22547
G1 X137.332 Y130.222 E.13179
G1 X142.982 Y131.665 E.17917
G1 X148.574 Y133.148 E.17777
G1 X154.148 Y134.695 E.17774
G1 X159.744 Y136.313 E.17901
G1 X165.325 Y137.999 E.17913
G1 X171.995 Y140.16 E.21545
G1 X175.719 Y142.066 E.12855
G1 X177.69 Y143.929 E.08334
G1 X178.363 Y145.086 E.04114
G1 X178.614 Y145.832 E.02417
G1 X179.245 Y148.798 E.09316
G1 X178.512 Y152.263 E.10883
G1 X177.687 Y153.673 E.05019
G1 X175.72 Y155.532 E.08317
G1 X173.344 Y156.884 E.084
G1 X172.001 Y157.44 E.04468
G1 X170.84 Y157.85 E.03784
G1 X165.317 Y159.603 E.17804
G1 X159.744 Y161.289 E.1789
G1 X154.145 Y162.908 E.17907
G1 X148.563 Y164.454 E.178
G1 X142.97 Y165.937 E.17779
G1 X137.321 Y167.391 E.17923
G1 X131.676 Y168.768 E.17855
G1 X126.02 Y170.11 E.17863
G1 X120.34 Y171.398 E.17893
G1 X114.665 Y172.633 E.17848
G1 X108.97 Y173.827 E.17878
G1 X103.272 Y174.973 E.1786
G1 X97.533 Y176.073 E.17955
G1 X91.792 Y177.125 E.17936
G1 X86.034 Y178.135 E.17962
G1 X80.272 Y179.092 E.17946
G1 X75.494 Y179.854 E.14869
G1 X70.722 Y180.587 E.14835
G1 X61.191 Y181.924 E.29571
G1 X56.423 Y182.554 E.1478
G1 X51.642 Y183.14 E.148
G1 X46.842 Y183.696 E.14847
G1 X42.031 Y184.233 E.14876
G1 X39.013 Y184.544 E.09323
G1 X39.013 Y113.077 E2.19598
M204 S2000
G1 X39.405 Y113.492 F18000
M204 S1500
;TYPE:Inner wall
;WIDTH:0.45
G1 F4800
G1 X39.585 Y113.51 E.00601
G1 X46.92 Y114.303 E.24472
G1 X51.71 Y114.862 E.15999
G1 X56.486 Y115.459 E.15965
G1 X61.254 Y116.074 E.15949
G1 X66.021 Y116.735 E.15965
G1 X70.788 Y117.426 E.15977
G1 X75.555 Y118.146 E.15994
G1 X80.334 Y118.908 E.16051
G1 X86.069 Y119.865 E.1929
G1 X91.796 Y120.875 E.19288
G1 X97.511 Y121.926 E.19276
G1 X103.224 Y123.025 E.19298
G1 X108.919 Y124.17 E.1927
G1 X114.603 Y125.352 E.19257
G1 X120.278 Y126.587 E.19267
G1 X125.942 Y127.874 E.19266
G1 X133.076 Y129.576 E.24329
G1 X137.237 Y130.603 E.14218
G1 X142.883 Y132.044 E.19331
G1 X148.471 Y133.527 E.19178
G1 X154.041 Y135.072 E.19173
G1 X159.633 Y136.689 E.1931
G1 X165.207 Y138.373 E.19317
G1 X171.844 Y140.523 E.23142
G1 X175.49 Y142.389 E.13587
G1 X177.379 Y144.175 E.08624
G1 X178.004 Y145.249 E.04121
G1 X178.236 Y145.936 E.02403
G1 X178.844 Y148.798 E.09707
G1 X178.142 Y152.12 E.11262
G1 X177.377 Y153.426 E.05022
G1 X175.485 Y155.214 E.08636
G1 X173.171 Y156.531 E.08831
G1 X171.86 Y157.074 E.04707
G1 X170.715 Y157.479 E.04029
G1 X165.201 Y159.228 E.19191
G1 X159.633 Y160.913 E.19297
G1 X154.039 Y162.53 E.19317
G1 X148.46 Y164.075 E.19201
G1 X142.871 Y165.558 E.19182
G1 X137.226 Y167.011 E.19336
G1 X131.585 Y168.387 E.19263
G1 X125.931 Y169.728 E.19274
G1 X120.256 Y171.015 E.19305
G1 X114.583 Y172.25 E.19257
G1 X108.891 Y173.443 E.19291
G1 X103.196 Y174.588 E.19269
G1 X97.461 Y175.688 E.19373
G1 X91.722 Y176.739 E.19352
G1 X85.968 Y177.748 E.1938
G1 X80.209 Y178.705 E.19364
G1 X75.433 Y179.467 E.16044
G1 X70.665 Y180.199 E.16003
G1 X61.138 Y181.535 E.3191
G1 X56.373 Y182.165 E.15944
G1 X51.596 Y182.751 E.15967
G1 X41.989 Y183.843 E.32072
G1 X39.405 Y184.109 E.08617
G1 X39.405 Y113.512 E2.34185
G1 E-.8 F3600
M204 S2000
G1 X40.255 Y113.747 F18000
G1 E.8 F3600
;TYPE:Internal solid infill
;WIDTH:0.420253
G1 F6000
G1 X39.738 Y114.264 E.02247
G1 X39.738 Y114.797 E.01641
G1 X40.582 Y113.953 E.03671
G1 X41.064 Y114.005 E.01489
G1 X39.738 Y115.331 E.05765
G1 X39.738 Y115.865 E.01641
G1 X41.545 Y114.057 E.07859
G1 X42.027 Y114.109 E.01489
G1 X39.738 Y116.398 E.09953
G1 X39.738 Y116.932 E.01641
G1 X42.509 Y114.161 E.12048
G1 X42.99 Y114.213 E.01489
G1 X39.738 Y117.466 E.14142
G1 X39.738 Y117.999 E.01641
G1 X43.472 Y114.265 E.16236
G1 X43.953 Y114.318 E.01489
G1 X39.738 Y118.533 E.1833
G1 X39.738 Y119.066 E.01641
G1 X44.435 Y114.37 E.20424
G1 X44.917 Y114.422 E.01489
G1 X39.738 Y119.6 E.22518
G1 X39.738 Y120.134 E.01641
G1 X45.398 Y114.474 E.24612
G1 X45.88 Y114.526 E.01489
G1 X39.738 Y120.667 E.26706
G1 X39.738 Y121.201 E.01641
G1 X46.361 Y114.578 E.288
G1 X46.843 Y114.63 E.01489
G1 X39.738 Y121.735 E.30895
G1 X39.738 Y122.268 E.01641
G1 X47.321 Y114.685 E.32974
G1 X47.799 Y114.741 E.01479
G1 X39.738 Y122.802 E.35052
G1 X39.738 Y123.336 E.01641
G1 X48.277 Y114.797 E.37129
G1 X48.755 Y114.853 E.01479
G1 X39.738 Y123.869 E.39207
G1 X39.738 Y124.403 E.01641
G1 X49.232 Y114.908 E.41285
G1 X49.71 Y114.964 E.01479
G1 X39.738 Y124.936 E.43363
G1 X39.738 Y125.47 E.01641
G1 X50.188 Y115.02 E.45441
G1 X50.666 Y115.076 E.01479
G1 X39.738 Y126.004 E.47518
G1 X39.738 Y126.537 E.01641
G1 X51.144 Y115.132 E.49596
G1 X51.622 Y115.187 E.01479
G1 X39.738 Y127.071 E.51674
G1 X39.738 Y127.605 E.01641
G1 X52.096 Y115.246 E.53738
G1 X52.571 Y115.306 E.0147
G1 X39.738 Y128.138 E.55801
G1 X39.738 Y128.672 E.01641
G1 X53.045 Y115.365 E.57864
G1 X53.519 Y115.424 E.0147
G1 X39.738 Y129.205 E.59927
G1 X39.738 Y129.739 E.01641
G1 X53.994 Y115.483 E.61989
G1 X54.468 Y115.543 E.0147
G1 X39.738 Y130.273 E.64052
G1 X39.738 Y130.806 E.01641
G1 X54.943 Y115.602 E.66115
G1 X55.417 Y115.661 E.0147
G1 X39.738 Y131.34 E.68178
G1 X39.738 Y131.874 E.01641
G1 X55.891 Y115.72 E.7024
G1 X56.366 Y115.78 E.0147
G1 X39.738 Y132.407 E.72303
G1 X39.738 Y132.941 E.01641
G1 X56.839 Y115.84 E.7436
G1 X57.311 Y115.901 E.01465
G1 X39.738 Y133.474 E.76415
G1 X39.738 Y134.008 E.01641
G1 X57.784 Y115.962 E.7847
G1 X58.133 Y116.008 E.01084
G1 X58.137 Y116.143 E.00417
G1 X39.738 Y134.542 E.80005
G1 X39.738 Y135.075 E.01641
G1 X58.15 Y116.664 E.80061
G1 X58.163 Y117.184 E.01602
G1 X39.738 Y135.609 E.80118
G1 X39.738 Y136.143 E.01641
G1 X58.176 Y117.705 E.80174
G1 X58.189 Y118.226 E.01602
G1 X39.738 Y136.676 E.8023
G1 X39.738 Y137.21 E.01641
G1 X58.201 Y118.746 E.80286
G1 X58.214 Y119.267 E.01602
G1 X39.738 Y137.744 E.80343
G1 X39.738 Y138.277 E.01641
G1 X58.227 Y119.788 E.80399
G1 X58.24 Y120.309 E.01602
G1 X39.738 Y138.811 E.80455
G1 X39.738 Y139.344 E.01641
G1 X58.253 Y120.829 E.80511
G1 X58.266 Y121.35 E.01602
G1 X39.738 Y139.878 E.80567
G1 X39.738 Y140.412 E.01641
G1 X58.279 Y121.871 E.80624
G1 X58.292 Y122.391 E.01602
G1 X39.738 Y140.945 E.8068
G1 X39.738 Y141.479 E.01641
G1 X58.305 Y122.912 E.80736
G1 X58.318 Y123.433 E.01602
G1 X39.738 Y142.013 E.80792
G1 X39.738 Y142.546 E.01641
G1 X58.331 Y123.953 E.80849
G1 X58.344 Y124.474 E.01602
G1 X39.738 Y143.08 E.80905
G1 X39.738 Y143.613 E.01641
G1 X58.357 Y124.995 E.80961
G1 X58.37 Y125.516 E.01602
G1 X39.738 Y144.147 E.81017
G1 X39.738 Y144.681 E.01641
G1 X58.383 Y126.036 E.81074
G1 X58.395 Y126.557 E.01602
G1 X39.738 Y145.214 E.8113
G1 X39.738 Y145.748 E.01641
G1 X58.408 Y127.078 E.81186
G1 X58.421 Y127.598 E.01602
G1 X39.738 Y146.282 E.81242
G1 X39.738 Y146.815 E.01641
G1 X58.434 Y128.119 E.81299
G1 X58.447 Y128.64 E.01602
G1 X39.738 Y147.349 E.81355
G1 X39.738 Y147.882 E.01641
G1 X58.46 Y129.16 E.81411
G1 X58.473 Y129.681 E.01602
G1 X39.738 Y148.416 E.81467
G1 X39.738 Y148.95 E.01641
G1 X58.486 Y130.202 E.81523
G1 X58.541 Y130.68 E.0148
G1 X39.738 Y149.483 E.81764
G1 X39.738 Y150.017 E.01641
G1 X58.604 Y131.151 E.82035
G1 X58.666 Y131.623 E.01462
G1 X39.738 Y150.551 E.82306
G1 X39.738 Y151.084 E.01641
G1 X58.728 Y132.094 E.82577
G1 X58.791 Y132.565 E.01462
G1 X39.738 Y151.618 E.82848
G1 X39.738 Y152.151 E.01641
G1 X58.853 Y133.037 E.83119
G1 X58.915 Y133.508 E.01462
G1 X39.738 Y152.685 E.83391
G1 X39.738 Y153.219 E.01641
G1 X58.978 Y133.979 E.83662
G1 X59.04 Y134.45 E.01462
G1 X39.738 Y153.752 E.83933
G1 X39.738 Y154.286 E.01641
G1 X59.102 Y134.922 E.84204
G1 X59.165 Y135.393 E.01462
G1 X39.738 Y154.82 E.84475
G1 X39.738 Y155.353 E.01641
G1 X59.211 Y135.88 E.84678
G1 X59.253 Y136.372 E.01518
G1 X39.738 Y155.887 E.84859
G1 X39.738 Y156.421 E.01641
G1 X59.295 Y136.864 E.8504
G1 X59.336 Y137.356 E.01518
G1 X39.738 Y156.954 E.85222
G1 X39.738 Y157.488 E.01641
G1 X59.378 Y137.848 E.85403
G1 X59.42 Y138.34 E.01518
G1 X39.738 Y158.021 E.85584
G1 X39.738 Y158.555 E.01641
G1 X59.462 Y138.832 E.85765
G1 X59.503 Y139.324 E.01518
G1 X39.738 Y159.089 E.85947
G1 X39.738 Y159.622 E.01641
G1 X59.545 Y139.816 E.86128
G1 X59.587 Y140.307 E.01518
G1 X39.738 Y160.156 E.86309
G1 X39.738 Y160.69 E.01641
G1 X59.628 Y140.799 E.8649
G1 X59.67 Y141.291 E.01518
G1 X39.738 Y161.223 E.86672
G1 X39.738 Y161.757 E.01641
G1 X59.712 Y141.783 E.86853
G1 X59.753 Y142.275 E.01518
G1 X39.738 Y162.29 E.87034
G1 X39.738 Y162.824 E.01641
G1 X59.795 Y142.767 E.87215
G1 X59.837 Y143.259 E.01518
G1 X39.738 Y163.358 E.87397
G1 X39.738 Y163.891 E.01641
G1 X59.878 Y143.751 E.87578
G1 X59.92 Y144.243 E.01518
G1 X39.738 Y164.425 E.87759
G1 X39.738 Y164.959 E.01641
G1 X59.962 Y144.735 E.87941
G1 X60.003 Y145.227 E.01518
G1 X39.738 Y165.492 E.88122
G1 X39.738 Y166.026 E.01641
G1 X60.045 Y145.719 E.88303
G1 X60.07 Y146.016 E.00918
G1 X59.994 Y146.103 E.00354
G1 X59.949 Y146.221 E.00389
G1 X59.949 Y146.348 E.00391
G1 X39.738 Y166.559 E.87887
G1 X39.738 Y167.093 E.01641
G1 X59.949 Y146.882 E.87887
G1 X59.949 Y147.415 E.01641
G1 X39.738 Y167.627 E.87887
G1 X39.738 Y168.16 E.01641
G1 X59.949 Y147.949 E.87887
G1 X59.949 Y148.483 E.01641
G1 X39.738 Y168.694 E.87887
G1 X39.738 Y169.228 E.01641
G1 X59.949 Y149.016 E.87887
G1 X59.949 Y149.55 E.01641
G1 X39.738 Y169.761 E.87887
G1 X39.738 Y170.295 E.01641
G1 X59.949 Y150.084 E.87887
G1 X59.949 Y150.617 E.01641
G1 X39.738 Y170.829 E.87887
G1 X39.738 Y171.362 E.01641
G1 X59.949 Y151.151 E.87887
G1 X59.949 Y151.621 E.01446
G1 X59.967 Y151.667 E.00151
G1 X39.738 Y171.896 E.87963
G1 X39.738 Y172.429 E.01641
G1 X60.05 Y152.117 E.88326
G1 X60.006 Y152.695 E.01783
G1 X39.738 Y172.963 E.88133
G1 X39.738 Y173.497 E.01641
G1 X59.962 Y153.273 E.8794
G1 X59.917 Y153.851 E.01783
G1 X39.738 Y174.03 E.87747
G1 X39.738 Y174.564 E.01641
G1 X59.873 Y154.429 E.87554
G1 X59.828 Y155.007 E.01783
G1 X39.738 Y175.098 E.87361
G1 X39.738 Y175.631 E.01641
G1 X59.784 Y155.585 E.87168
G1 X59.74 Y156.163 E.01783
G1 X39.738 Y176.165 E.86975
G1 X39.738 Y176.698 E.01641
G1 X59.695 Y156.741 E.86782
G1 X59.651 Y157.319 E.01783
G1 X39.738 Y177.232 E.86589
G1 X39.738 Y177.766 E.01641
G1 X59.606 Y157.897 E.86396
G1 X59.562 Y158.475 E.01783
G1 X39.738 Y178.299 E.86203
G1 X39.738 Y178.833 E.01641
G1 X59.518 Y159.053 E.8601
G1 X59.473 Y159.631 E.01783
G1 X39.738 Y179.367 E.85817
G1 X39.738 Y179.9 E.01641
G1 X59.429 Y160.209 E.85624
G1 X59.384 Y160.787 E.01783
G1 X39.738 Y180.434 E.8543
G1 X39.738 Y180.967 E.01641
G1 X59.34 Y161.365 E.85237
G1 X59.296 Y161.943 E.01783
G1 X39.738 Y181.501 E.85044
G1 X39.738 Y182.035 E.01641
G1 X59.245 Y162.528 E.84824
G1 X59.166 Y163.14 E.01898
G1 X39.738 Y182.568 E.84482
G1 X39.738 Y183.102 E.01641
G1 X59.088 Y163.753 E.84139
G1 X59.009 Y164.365 E.01898
G1 X39.738 Y183.636 E.83797
G1 X39.738 Y183.74 E.00321
G1 X40.217 Y183.691 E.0148
G1 X58.93 Y164.977 E.81373
G1 X58.851 Y165.59 E.01898
G1 X40.812 Y183.629 E.78443
G1 X41.407 Y183.568 E.01839
G1 X58.773 Y166.202 E.75514
G1 X58.694 Y166.814 E.01898
G1 X42.002 Y183.506 E.72581
G1 X42.604 Y183.438 E.01863
G1 X58.615 Y167.427 E.69621
G1 X58.555 Y168.021 E.01835
G1 X43.206 Y183.369 E.66742
G1 X43.808 Y183.301 E.01863
G1 X58.544 Y168.565 E.64074
G1 X58.532 Y169.11 E.01676
G1 X44.411 Y183.232 E.61407
G1 X45.013 Y183.164 E.01863
G1 X58.521 Y169.655 E.5874
G1 X58.51 Y170.2 E.01676
G1 X45.615 Y183.095 E.56072
G1 X46.217 Y183.027 E.01863
G1 X58.498 Y170.745 E.53405
G1 X58.487 Y171.29 E.01676
G1 X46.819 Y182.958 E.50737
G1 X47.421 Y182.89 E.01863
G1 X58.476 Y171.835 E.4807
G1 X58.464 Y172.38 E.01676
G1 X48.023 Y182.821 E.45402
G1 X48.625 Y182.753 E.01863
G1 X58.453 Y172.925 E.42735
G1 X58.442 Y173.47 E.01676
G1 X49.227 Y182.685 E.40068
G1 X49.829 Y182.616 E.01863
G1 X58.43 Y174.015 E.374
G1 X58.419 Y174.56 E.01676
G1 X50.431 Y182.548 E.34733
G1 X51.033 Y182.479 E.01863
G1 X58.407 Y175.105 E.32065
G1 X58.396 Y175.65 E.01676
G1 X51.636 Y182.41 E.29394
G1 X52.244 Y182.335 E.01884
G1 X58.385 Y176.195 E.26701
G1 X58.373 Y176.74 E.01676
G1 X52.853 Y182.261 E.24007
G1 X53.461 Y182.186 E.01884
G1 X58.362 Y177.285 E.21313
G1 X58.351 Y177.83 E.01676
G1 X54.069 Y182.112 E.18619
G1 X54.677 Y182.037 E.01884
G1 X58.339 Y178.375 E.15925
G1 X58.328 Y178.92 E.01676
G1 X55.285 Y181.963 E.13232
G1 X55.893 Y181.888 E.01884
G1 X58.317 Y179.465 E.10538
G1 X58.305 Y180.01 E.01676
G1 X56.503 Y181.812 E.07836
G1 X57.118 Y181.731 E.01907
G1 X58.294 Y180.555 E.05112
G1 X58.283 Y181.1 E.01676
G1 X57.536 Y181.846 E.03246
G1 X60.342 Y149.642 F18000
;TYPE:Sparse infill
;WIDTH:0.45
G1 F8843.478
G1 X60.342 Y146.301 E.11081
G1 X60.475 Y146.15 E.0067
G1 X60.038 Y140.989 E.1718
G1 X66.427 Y117.145 E.81884
G1 X60.189 Y116.288 E.20885
G1 X115.578 Y171.677 E2.5984
G1 X114.997 Y171.803 E.01972
G1 X126.628 Y128.396 E1.4907
G1 X123.358 Y127.644 E.1113
G1 X157.02 Y161.306 E1.57914
G1 X155.632 Y161.707 E.04793
G1 X162.043 Y137.781 E.82168
G1 X159.534 Y137.023 E.08693
G1 X157.537 Y136.445 E.06897
G1 X59.621 Y162.682 E3.36264
G1 X59.068 Y166.979 E.14373
G1 X71.766 Y179.677 E.59569
G1 X75.095 Y179.166 E.11171
G1 X90.672 Y121.031 E1.9965
G1 X97.446 Y122.269 E.22843
G1 X100.504 Y122.857 E.10328
G1 X114.5 Y125.687 F18000
G1 F8843.478
G1 X108.195 Y124.38 E.21361
G1 X59.731 Y137.366 E1.66435
G1 X59.568 Y135.451 E.06374
G1 X59.185 Y132.554 E.09693
G1 X101.239 Y174.609 E1.97285
G1 X101.622 Y174.535 E.01294
G1 X114.699 Y125.73 E1.67607
G1 X120.202 Y126.927 E.18682
G1 X123.16 Y127.599 E.1006
G1 X167.76 Y140.239 F18000
;TYPE:Internal solid infill
;WIDTH:0.427975
G1 F6000
G1 X168.28 Y139.719 E.02306
G1 X168.691 Y139.852 E.01357
G1 X167.931 Y140.613 E.03374
G1 X167.932 Y141.156 E.01704
G1 X169.103 Y139.986 E.05193
G1 X169.514 Y140.119 E.01357
G1 X167.934 Y141.699 E.07012
G1 X167.935 Y142.242 E.01704
G1 X169.925 Y140.252 E.0883
G1 X170.337 Y140.385 E.01357
G1 X167.937 Y142.785 E.10649
G1 X167.938 Y143.328 E.01704
G1 X170.748 Y140.519 E.12468
G1 X171.159 Y140.652 E.01357
G1 X167.939 Y143.871 E.14287
G1 X167.941 Y144.415 E.01704
G1 X171.57 Y140.785 E.16106
G1 X171.716 Y140.832 E.0048
G1 X171.949 Y140.951 E.0082
G1 X167.942 Y144.958 E.17778
G1 X167.944 Y145.501 E.01704
G1 X172.309 Y141.136 E.1937
G1 X172.669 Y141.32 E.0127
G1 X167.945 Y146.044 E.20962
G1 X167.947 Y146.587 E.01704
G1 X173.029 Y141.504 E.22555
G1 X173.39 Y141.689 E.0127
G1 X167.948 Y147.13 E.24147
G1 X167.949 Y147.673 E.01704
G1 X173.75 Y141.873 E.25739
G1 X174.11 Y142.057 E.0127
G1 X167.951 Y148.217 E.27331
G1 X167.952 Y148.76 E.01704
G1 X174.47 Y142.242 E.28923
G1 X174.831 Y142.426 E.0127
G1 X167.954 Y149.303 E.30516
G1 X167.955 Y149.846 E.01704
G1 X175.191 Y142.61 E.32108
G1 X175.296 Y142.664 E.00372
G1 X175.494 Y142.851 E.00855
G1 X167.956 Y150.389 E.33448
G1 X167.958 Y150.932 E.01704
G1 X175.774 Y143.116 E.34683
G1 X176.054 Y143.381 E.01209
G1 X167.959 Y151.475 E.35919
G1 X167.961 Y152.019 E.01704
G1 X176.334 Y143.645 E.37155
G1 X176.614 Y143.91 E.01209
G1 X167.962 Y152.562 E.38391
G1 X167.964 Y153.105 E.01704
G1 X176.894 Y144.175 E.39626
G1 X177.116 Y144.385 E.00959
G1 X177.157 Y144.456 E.00259
G1 X167.965 Y153.648 E.40789
G1 X167.966 Y154.191 E.01704
G1 X177.357 Y144.8 E.41672
G1 X177.558 Y145.144 E.0125
G1 X167.968 Y154.734 E.42554
G1 X167.969 Y155.277 E.01704
G1 X177.74 Y145.507 E.43355
G1 X177.877 Y145.914 E.01349
G1 X167.971 Y155.82 E.43957
G1 X167.972 Y156.364 E.01704
G1 X177.983 Y146.352 E.44424
G1 X178.079 Y146.801 E.0144
G1 X167.973 Y156.907 E.44842
G1 X167.975 Y157.45 E.01704
G1 X178.174 Y147.25 E.4526
G1 X178.27 Y147.699 E.0144
G1 X167.976 Y157.998 E.45688
G1 X168.766 Y157.747 E.02601
G1 X178.365 Y148.148 E.42594
G1 X178.461 Y148.597 E.0144
G1 X169.564 Y157.494 E.39479
G1 X170.362 Y157.241 E.02626
G1 X178.423 Y149.18 E.3577
G1 X178.277 Y149.871 E.02215
G1 X171.19 Y156.958 E.31448
G1 X172.062 Y156.63 E.02924
G1 X178.131 Y150.561 E.26929
G1 X177.985 Y151.252 E.02215
G1 X172.992 Y156.244 E.22153
G1 X174.245 Y155.537 E.04512
G1 X177.839 Y151.942 E.15949
G1 X177.827 Y151.998 E.00178
G1 X177.12 Y153.205 E.04389
G1 X175.055 Y155.271 E.09165
G1 X68.692 Y117.474 F18000
;TYPE:Sparse infill
;WIDTH:0.45
G1 F8843.478
G1 X75.502 Y118.491 E.22838
G1 X78.578 Y118.981 E.10334
G1 X61.941 Y181.071 E2.13229
G1 X58.666 Y181.511 E.10961
G1 X58.79 Y175.548 E.19785
G1 X167.554 Y146.404 E3.73516
G1 X167.575 Y154.59 E.27154
G1 X146.294 Y133.309 E.99833
G1 X150.306 Y134.397 E.13789
G1 X141.993 Y165.424 E1.06554
G1 X143.479 Y165.036 E.05097
G1 X101.489 Y123.046 E1.96984
G1 X102.712 Y123.282 E.0413
G1 X88.323 Y176.981 E1.84416
G1 X86.637 Y177.277 E.0568
G1 X60.342 Y150.982 E1.23355
G1 X60.342 Y149.846 E.0377
G1 X133.896 Y130.137 E2.52599
G1 X138.497 Y131.284 E.15732
G1 X128.453 Y168.772 E1.28742
G1 X129.658 Y168.486 E.04111
G1 X80.453 Y119.281 E2.30832
G1 X80.197 Y119.239 E.00859
G1 X58.749 Y124.986 E.7366
G1 X58.527 Y116.074 E.29573
G1 X59.603 Y116.212 E.03598
; stop printing object USV 1 e2mm.stl_6_B id:0 copy 0
; printing object "USV 1 e2mm.stl_5" id:1 copy 0
G1 E-.8 F3600
G1 X37.895 Y97.273 F18000
G1 E.8 F3600
M204 S1000
;TYPE:Outer wall
;WIDTH:0.42
G1 F3000
G1 X37.895 Y25.784 E2.19665
G1 X38.49 Y25.845 E.01839
G1 X40.921 Y26.096 E.07509
G1 X45.732 Y26.632 E.14876
G1 X50.532 Y27.188 E.14847
G1 X55.313 Y27.774 E.148
G1 X60.082 Y28.401 E.14779
G1 X64.842 Y29.062 E.14768
G1 X69.611 Y29.754 E.14807
G1 X74.384 Y30.474 E.14832
G1 X79.163 Y31.236 E.14868
G1 X84.924 Y32.194 E.17946
G1 X90.682 Y33.204 E.17962
G1 X96.423 Y34.256 E.17936
G1 X102.162 Y35.356 E.17954
G1 X107.86 Y36.509 E.17864
G1 X113.555 Y37.695 E.17875
G1 X119.231 Y38.931 E.17847
G1 X124.91 Y40.219 E.17893
G1 X133.391 Y42.247 E.26795
G1 X141.861 Y44.391 E.26847
G1 X147.453 Y45.875 E.17778
G1 X153.036 Y47.422 E.178
G1 X158.634 Y49.036 E.17904
G1 X164.207 Y50.725 E.17893
G1 X169.729 Y52.478 E.17803
G1 X170.891 Y52.893 E.0379
G1 X172.234 Y53.445 E.04463
G1 X174.61 Y54.797 E.08399
G1 X176.578 Y56.656 E.08317
G1 X177.403 Y58.062 E.05008
G1 X178.135 Y61.532 E.10897
G1 X177.504 Y64.496 E.09314
G1 X177.253 Y65.242 E.02417
G1 X176.58 Y66.399 E.04114
G1 X174.609 Y68.263 E.08334
G1 X170.885 Y70.168 E.12854
G1 X164.215 Y72.326 E.21542
G1 X158.634 Y74.015 E.17915
G1 X153.038 Y75.634 E.179
G1 X147.464 Y77.177 E.17772
G1 X141.872 Y78.672 E.17786
G1 X136.223 Y80.113 E.17915
G1 X130.578 Y81.496 E.17858
G1 X124.921 Y82.836 E.17864
G1 X119.253 Y84.124 E.17859
G1 X113.574 Y85.359 E.17858
G1 X107.887 Y86.542 E.17847
G1 X102.189 Y87.696 E.17864
G1 X96.473 Y88.788 E.17882
G1 X90.755 Y89.84 E.17864
G1 X85.026 Y90.85 E.17877
G1 X79.287 Y91.808 E.17878
G1 X74.506 Y92.57 E.14877
G1 X69.736 Y93.291 E.14823
G1 X64.966 Y93.982 E.14808
G1 X60.196 Y94.639 E.14796
G1 X55.425 Y95.27 E.14788
G1 X50.648 Y95.855 E.14789
G1 X45.853 Y96.411 E.14831
G1 X41.034 Y96.949 E.149
G1 X37.915 Y97.271 E.09635
M204 S2000
G1 X38.287 Y96.838 F18000
M204 S1500
;TYPE:Inner wall
;WIDTH:0.45
G1 F4800
G1 X38.287 Y26.218 E2.34259
G1 X38.45 Y26.235 E.00543
G1 X40.879 Y26.485 E.08101
G1 X45.688 Y27.022 E.16051
G1 X50.486 Y27.578 E.16021
G1 X55.264 Y28.163 E.15967
G1 X60.029 Y28.789 E.15945
G1 X64.787 Y29.45 E.15934
G1 X69.554 Y30.141 E.15978
G1 X74.324 Y30.862 E.16003
G1 X79.1 Y31.623 E.16041
G1 X84.858 Y32.58 E.19364
G1 X90.612 Y33.59 E.1938
G1 X96.351 Y34.642 E.19353
G1 X102.086 Y35.741 E.19371
G1 X107.781 Y36.893 E.19274
G1 X113.474 Y38.079 E.19288
G1 X119.146 Y39.314 E.19256
G1 X124.821 Y40.601 E.19304
G1 X133.297 Y42.627 E.2891
G1 X141.762 Y44.771 E.28967
G1 X147.35 Y46.253 E.19178
G1 X152.929 Y47.799 E.19202
G1 X158.523 Y49.412 E.19313
G1 X164.091 Y51.1 E.19299
G1 X169.604 Y52.849 E.19188
G1 X170.75 Y53.259 E.04037
G1 X172.062 Y53.798 E.04705
G1 X174.375 Y55.114 E.08828
G1 X176.268 Y56.903 E.08637
G1 X177.032 Y58.205 E.0501
G1 X177.734 Y61.531 E.11277
G1 X177.126 Y64.393 E.09704
G1 X176.895 Y65.079 E.02402
G1 X176.27 Y66.153 E.04122
G1 X174.381 Y67.939 E.08624
G1 X170.734 Y69.805 E.13587
G1 X164.097 Y71.952 E.23139
G1 X158.523 Y73.639 E.1932
G1 X152.931 Y75.256 E.19309
G1 X147.361 Y76.799 E.19172
G1 X141.773 Y78.292 E.19188
G1 X136.127 Y79.733 E.19326
G1 X130.486 Y81.114 E.19267
G1 X124.832 Y82.454 E.19274
G1 X119.168 Y83.741 E.19268
G1 X113.492 Y84.976 E.19267
G1 X107.808 Y86.158 E.19258
G1 X102.114 Y87.311 E.19274
G1 X96.401 Y88.403 E.19293
G1 X90.686 Y89.454 E.19276
G1 X84.959 Y90.463 E.19289
G1 X79.224 Y91.421 E.1929
G1 X74.445 Y92.183 E.16051
G1 X69.678 Y92.903 E.15993
G1 X64.911 Y93.594 E.15978
G1 X60.144 Y94.25 E.15965
G1 X55.375 Y94.881 E.15955
G1 X50.601 Y95.466 E.15955
G1 X40.992 Y96.559 E.32081
G1 X38.307 Y96.836 E.08955
M204 S2000
G1 X56.283 Y94.596 F18000
;TYPE:Internal solid infill
;WIDTH:0.422105
G1 F6000
G1 X57.036 Y93.842 E.03291
G1 X57.05 Y93.292 E.017
G1 X55.862 Y94.48 E.0519
G1 X55.245 Y94.561 E.01923
G1 X57.063 Y92.743 E.07945
G1 X57.077 Y92.193 E.017
G1 X54.634 Y94.636 E.10676
G1 X54.023 Y94.711 E.01903
G1 X57.091 Y91.643 E.13406
G1 X57.104 Y91.093 E.017
G1 X53.411 Y94.786 E.16136
G1 X52.8 Y94.861 E.01903
G1 X57.118 Y90.543 E.18867
G1 X57.131 Y89.993 E.017
G1 X52.189 Y94.936 E.21597
G1 X51.578 Y95.01 E.01903
G1 X57.145 Y89.443 E.24328
G1 X57.159 Y88.893 E.017
G1 X50.967 Y95.085 E.27058
G1 X50.358 Y95.158 E.01896
G1 X57.172 Y88.343 E.29779
G1 X57.186 Y87.794 E.017
G1 X49.752 Y95.227 E.32483
G1 X49.147 Y95.296 E.01882
G1 X57.2 Y87.244 E.35187
G1 X57.213 Y86.694 E.017
G1 X48.542 Y95.365 E.3789
G1 X47.937 Y95.434 E.01882
G1 X57.227 Y86.144 E.40594
G1 X57.241 Y85.594 E.017
G1 X47.332 Y95.502 E.43298
G1 X46.727 Y95.571 E.01882
G1 X57.254 Y85.044 E.46002
G1 X57.268 Y84.494 E.017
G1 X46.122 Y95.64 E.48705
G1 X45.517 Y95.709 E.01882
G1 X57.282 Y83.944 E.51409
G1 X57.295 Y83.394 E.017
G1 X44.912 Y95.778 E.54113
G1 X44.307 Y95.847 E.01882
G1 X57.309 Y82.844 E.56816
G1 X57.323 Y82.295 E.017
G1 X43.702 Y95.916 E.5952
G1 X43.096 Y95.984 E.01882
G1 X57.336 Y81.745 E.62224
G1 X57.35 Y81.195 E.017
G1 X42.491 Y96.053 E.64928
G1 X41.886 Y96.122 E.01882
G1 X57.363 Y80.645 E.67631
G1 X57.377 Y80.095 E.017
G1 X41.281 Y96.191 E.70335
G1 X40.679 Y96.256 E.0187
G1 X57.454 Y79.482 E.73299
G1 X57.535 Y78.864 E.01926
G1 X40.082 Y96.318 E.76269
G1 X39.484 Y96.38 E.01857
G1 X57.617 Y78.246 E.79239
G1 X57.699 Y77.628 E.01926
G1 X38.886 Y96.441 E.82209
G1 X38.62 Y96.469 E.00825
G1 X38.62 Y96.171 E.00921
G1 X57.781 Y77.01 E.83727
G1 X57.863 Y76.392 E.01926
G1 X38.62 Y95.634 E.84085
G1 X38.62 Y95.098 E.01657
G1 X57.944 Y75.774 E.84442
G1 X58.026 Y75.156 E.01926
G1 X38.62 Y94.562 E.84799
G1 X38.62 Y94.026 E.01657
G1 X58.093 Y74.553 E.85092
G1 X58.143 Y73.967 E.01817
G1 X38.62 Y93.489 E.85309
G1 X38.62 Y92.953 E.01657
G1 X58.192 Y73.381 E.85526
G1 X58.242 Y72.795 E.01817
G1 X38.62 Y92.417 E.85743
G1 X38.62 Y91.881 E.01657
G1 X58.292 Y72.209 E.8596
G1 X58.341 Y71.623 E.01817
G1 X38.62 Y91.344 E.86177
G1 X38.62 Y90.808 E.01657
G1 X58.391 Y71.037 E.86394
G1 X58.441 Y70.451 E.01817
G1 X38.62 Y90.272 E.86611
G1 X38.62 Y89.736 E.01657
G1 X58.49 Y69.866 E.86828
G1 X58.54 Y69.28 E.01817
G1 X38.62 Y89.199 E.87045
G1 X38.62 Y88.663 E.01657
G1 X58.59 Y68.694 E.87262
G1 X58.639 Y68.108 E.01817
G1 X38.62 Y88.127 E.87479
G1 X38.62 Y87.591 E.01657
G1 X58.689 Y67.522 E.87696
G1 X58.739 Y66.936 E.01817
G1 X38.62 Y87.055 E.87913
G1 X38.62 Y86.518 E.01657
G1 X58.788 Y66.35 E.88129
G1 X58.838 Y65.764 E.01817
G1 X38.62 Y85.982 E.88346
G1 X38.62 Y85.446 E.01657
G1 X58.888 Y65.178 E.88563
G1 X58.937 Y64.592 E.01817
G1 X38.62 Y84.91 E.8878
G1 X38.62 Y84.373 E.01657
G1 X58.832 Y64.162 E.88319
G1 X58.832 Y63.626 E.01657
G1 X38.62 Y83.837 E.88319
G1 X38.62 Y83.301 E.01657
G1 X58.832 Y63.089 E.88319
G1 X58.832 Y62.553 E.01657
G1 X38.62 Y82.765 E.88319
G1 X38.62 Y82.228 E.01657
G1 X58.832 Y62.017 E.88319
G1 X58.832 Y61.481 E.01657
G1 X38.62 Y81.692 E.88319
G1 X38.62 Y81.156 E.01657
G1 X58.832 Y60.944 E.88319
G1 X58.832 Y60.408 E.01657
G1 X38.62 Y80.62 E.88319
G1 X38.62 Y80.083 E.01657
G1 X58.832 Y59.872 E.88319
G1 X58.832 Y59.336 E.01657
G1 X38.62 Y79.547 E.88319
G1 X38.62 Y79.011 E.01657
G1 X58.832 Y58.799 E.88319
G1 X58.832 Y58.597 E.00625
G1 X58.877 Y58.478 E.00394
G1 X58.955 Y58.391 E.00361
G1 X58.937 Y58.158 E.00722
G1 X38.62 Y78.475 E.88779
G1 X38.62 Y77.938 E.01657
G1 X58.899 Y57.66 E.88612
G1 X58.86 Y57.162 E.01543
G1 X38.62 Y77.402 E.88445
G1 X38.62 Y76.866 E.01657
G1 X58.822 Y56.664 E.88278
G1 X58.784 Y56.166 E.01543
G1 X38.62 Y76.33 E.8811
G1 X38.62 Y75.793 E.01657
G1 X58.746 Y55.668 E.87943
G1 X58.707 Y55.17 E.01543
G1 X38.62 Y75.257 E.87776
G1 X38.62 Y74.721 E.01657
G1 X58.669 Y54.672 E.87609
G1 X58.631 Y54.174 E.01543
G1 X38.62 Y74.185 E.87442
G1 X38.62 Y73.648 E.01657
G1 X58.593 Y53.676 E.87275
G1 X58.554 Y53.178 E.01543
G1 X38.62 Y73.112 E.87108
G1 X38.62 Y72.576 E.01657
G1 X58.516 Y52.68 E.8694
G1 X58.478 Y52.182 E.01543
G1 X38.62 Y72.04 E.86773
G1 X38.62 Y71.503 E.01657
G1 X58.44 Y51.684 E.86606
G1 X58.401 Y51.186 E.01543
G1 X38.62 Y70.967 E.86439
G1 X38.62 Y70.431 E.01657
G1 X58.363 Y50.688 E.86272
G1 X58.325 Y50.19 E.01543
G1 X38.62 Y69.895 E.86105
G1 X38.62 Y69.358 E.01657
G1 X58.287 Y49.692 E.85938
G1 X58.248 Y49.194 E.01543
G1 X38.62 Y68.822 E.85771
G1 X38.62 Y68.286 E.01657
G1 X58.21 Y48.696 E.85603
G1 X58.172 Y48.198 E.01543
G1 X38.62 Y67.75 E.85436
G1 X38.62 Y67.213 E.01657
G1 X58.124 Y47.709 E.85227
G1 X58.063 Y47.234 E.0148
G1 X38.62 Y66.677 E.8496
G1 X38.62 Y66.141 E.01657
G1 X58.002 Y46.759 E.84693
G1 X57.941 Y46.284 E.0148
G1 X38.62 Y65.605 E.84426
G1 X38.62 Y65.068 E.01657
G1 X57.88 Y45.809 E.84159
G1 X57.819 Y45.334 E.0148
G1 X38.62 Y64.532 E.83892
G1 X38.62 Y63.996 E.01657
G1 X57.757 Y44.858 E.83625
G1 X57.696 Y44.383 E.0148
G1 X38.62 Y63.46 E.83358
G1 X38.62 Y62.923 E.01657
G1 X57.635 Y43.908 E.83091
G1 X57.574 Y43.433 E.0148
G1 X38.62 Y62.387 E.82825
G1 X38.62 Y61.851 E.01657
G1 X57.513 Y42.958 E.82558
G1 X57.452 Y42.483 E.0148
G1 X38.62 Y61.315 E.82291
G1 X38.62 Y60.778 E.01657
G1 X57.438 Y41.96 E.82231
G1 X57.427 Y41.435 E.01624
G1 X38.62 Y60.242 E.82183
G1 X38.62 Y59.706 E.01657
G1 X57.416 Y40.91 E.82135
G1 X57.405 Y40.384 E.01624
G1 X38.62 Y59.17 E.82087
G1 X38.62 Y58.633 E.01657
G1 X57.395 Y39.859 E.82039
G1 X57.384 Y39.334 E.01624
G1 X38.62 Y58.097 E.81992
G1 X38.62 Y57.561 E.01657
G1 X57.373 Y38.808 E.81944
G1 X57.362 Y38.283 E.01624
G1 X38.62 Y57.025 E.81896
G1 X38.62 Y56.488 E.01657
G1 X57.351 Y37.758 E.81848
G1 X57.34 Y37.232 E.01624
G1 X38.62 Y55.952 E.818
G1 X38.62 Y55.416 E.01657
G1 X57.329 Y36.707 E.81753
G1 X57.318 Y36.182 E.01624
G1 X38.62 Y54.88 E.81705
G1 X38.62 Y54.343 E.01657
G1 X57.307 Y35.656 E.81657
G1 X57.296 Y35.131 E.01624
G1 X38.62 Y53.807 E.81609
G1 X38.62 Y53.271 E.01657
G1 X57.285 Y34.606 E.81562
G1 X57.274 Y34.08 E.01624
G1 X38.62 Y52.735 E.81514
G1 X38.62 Y52.198 E.01657
G1 X57.263 Y33.555 E.81466
G1 X57.252 Y33.03 E.01624
G1 X38.62 Y51.662 E.81418
G1 X38.62 Y51.126 E.01657
G1 X57.241 Y32.505 E.8137
G1 X57.231 Y31.979 E.01624
G1 X38.62 Y50.59 E.81323
G1 X38.62 Y50.053 E.01657
G1 X57.22 Y31.454 E.81275
G1 X57.209 Y30.929 E.01624
G1 X38.62 Y49.517 E.81227
G1 X38.62 Y48.981 E.01657
G1 X57.198 Y30.403 E.81179
G1 X57.187 Y29.878 E.01624
G1 X38.62 Y48.445 E.81131
G1 X38.62 Y47.908 E.01657
G1 X57.176 Y29.353 E.81084
G1 X57.165 Y28.827 E.01624
G1 X38.62 Y47.372 E.81036
G1 X38.62 Y46.836 E.01657
G1 X56.76 Y28.696 E.79267
G1 X56.286 Y28.634 E.01477
G1 X38.62 Y46.3 E.77196
G1 X38.62 Y45.763 E.01657
G1 X55.812 Y28.571 E.75125
G1 X55.338 Y28.509 E.01477
G1 X38.62 Y45.227 E.73054
G1 X38.62 Y44.691 E.01657
G1 X54.861 Y28.45 E.7097
G1 X54.384 Y28.391 E.01487
G1 X38.62 Y44.155 E.68883
G1 X38.62 Y43.618 E.01657
G1 X53.906 Y28.333 E.66795
G1 X53.428 Y28.274 E.01487
G1 X38.62 Y43.082 E.64708
G1 X38.62 Y42.546 E.01657
G1 X52.951 Y28.215 E.6262
G1 X52.473 Y28.157 E.01487
G1 X38.62 Y42.01 E.60533
G1 X38.62 Y41.473 E.01657
G1 X51.995 Y28.098 E.58445
G1 X51.517 Y28.04 E.01487
G1 X38.62 Y40.937 E.56358
G1 X38.62 Y40.401 E.01657
G1 X51.04 Y27.981 E.5427
G1 X50.562 Y27.923 E.01487
G1 X38.62 Y39.865 E.52183
G1 X38.62 Y39.328 E.01657
G1 X50.082 Y27.866 E.50086
G1 X49.602 Y27.811 E.01495
G1 X38.62 Y38.792 E.47986
G1 X38.62 Y38.256 E.01657
G1 X49.121 Y27.755 E.45886
G1 X48.64 Y27.699 E.01495
G1 X38.62 Y37.72 E.43786
G1 X38.62 Y37.183 E.01657
G1 X48.16 Y27.644 E.41686
G1 X47.679 Y27.588 E.01495
G1 X38.62 Y36.647 E.39586
G1 X38.62 Y36.111 E.01657
G1 X47.199 Y27.532 E.37485
G1 X46.718 Y27.477 E.01495
G1 X38.62 Y35.575 E.35385
G1 X38.62 Y35.038 E.01657
G1 X46.237 Y27.421 E.33285
G1 X45.757 Y27.366 E.01495
G1 X38.62 Y34.502 E.31185
G1 X38.62 Y33.966 E.01657
G1 X45.275 Y27.311 E.29079
G1 X44.792 Y27.257 E.015
G1 X38.62 Y33.43 E.26971
G1 X38.62 Y32.893 E.01657
G1 X44.31 Y27.204 E.24863
G1 X43.827 Y27.15 E.015
G1 X38.62 Y32.357 E.22755
G1 X38.62 Y31.821 E.01657
G1 X43.345 Y27.096 E.20647
G1 X42.863 Y27.042 E.015
G1 X38.62 Y31.285 E.18539
G1 X38.62 Y30.748 E.01657
G1 X42.38 Y26.988 E.16431
G1 X41.898 Y26.934 E.015
G1 X38.62 Y30.212 E.14323
G1 X38.62 Y29.676 E.01657
G1 X41.415 Y26.881 E.12215
G1 X40.933 Y26.827 E.015
G1 X38.62 Y29.14 E.10107
G1 X38.62 Y28.603 E.01657
G1 X40.448 Y26.776 E.07985
G1 X39.961 Y26.726 E.0151
G1 X38.62 Y28.067 E.05861
G1 X38.62 Y27.531 E.01657
G1 X39.475 Y26.676 E.03737
G1 X38.989 Y26.626 E.0151
G1 X38.45 Y27.164 E.02354
G1 X58.676 Y28.963 F18000
;TYPE:Sparse infill
;WIDTH:0.45
G1 F8843.478
G1 X57.557 Y28.816 E.03744
G1 X57.741 Y37.685 E.29428
G1 X79.068 Y31.971 E.73239
G1 X79.348 Y32.017 E.00941
G1 X128.546 Y81.216 E2.30801
G1 X127.338 Y81.503 E.0412
G1 X137.381 Y44.021 E1.2872
G1 X132.786 Y42.863 E.15718
G1 X59.224 Y62.574 E2.52629
G1 X59.224 Y63.706 E.03754
G1 X85.527 Y90.01 E1.23396
G1 X87.208 Y89.713 E.05662
G1 X101.6 Y36.002 E1.84456
G1 X100.367 Y35.766 E.04165
G1 X142.373 Y77.771 E1.97057
G1 X140.876 Y78.162 E.0513
G1 X149.193 Y47.125 E1.06586
G1 X145.181 Y46.038 E.13788
G1 X166.436 Y67.293 E.99713
G1 X166.457 Y59.128 E.27086
G1 X57.566 Y88.305 E3.73956
G1 X57.418 Y94.259 E.19757
G1 X60.826 Y93.805 E.11404
G1 X77.463 Y31.715 E2.13229
G1 X74.271 Y31.206 E.10722
G1 X67.577 Y30.207 E.2245
G1 X59.224 Y62.371 F18000
G1 F8843.478
G1 X59.224 Y58.678 E.12249
G1 X59.358 Y58.527 E.00672
G1 X58.975 Y53.528 E.16631
G1 X65.312 Y29.878 E.81219
G1 X59.075 Y29.015 E.20886
G1 X114.467 Y84.408 E2.59856
G1 X113.882 Y84.535 E.01985
G1 X125.514 Y41.125 E1.49078
G1 X122.246 Y40.374 E.11121
G1 X155.906 Y74.034 E1.57903
G1 X154.518 Y74.435 E.04792
G1 X160.93 Y50.506 E.82178
G1 X158.424 Y49.746 E.08685
G1 X156.43 Y49.171 E.06884
G1 X58.384 Y75.443 E3.36712
G1 X57.835 Y79.588 E.13872
G1 X70.651 Y92.404 E.6012
G1 X73.979 Y91.901 E.11165
G1 X89.558 Y33.759 E1.99672
G1 X96.287 Y34.984 E.22688
G1 X99.391 Y35.579 E.10484
G1 X113.386 Y38.416 F18000
G1 F8843.478
G1 X107.085 Y37.107 E.21349
G1 X58.709 Y50.069 E1.66132
G1 X58.538 Y47.855 E.07366
G1 X58.227 Y45.439 E.08082
G1 X100.125 Y87.337 E1.96551
G1 X100.508 Y87.263 E.01293
G1 X113.585 Y38.459 E1.67603
G1 X119.07 Y39.654 E.18621
G1 X122.048 Y40.329 E.1013
G1 X166.696 Y52.966 F18000
;TYPE:Internal solid infill
;WIDTH:0.427224
G1 F6000
G1 X167.22 Y52.442 E.02321
G1 X167.632 Y52.573 E.01355
G1 X166.864 Y53.341 E.03401
G1 X166.863 Y53.886 E.01706
G1 X168.045 Y52.704 E.05234
G1 X168.458 Y52.835 E.01355
G1 X166.862 Y54.431 E.07068
G1 X166.86 Y54.976 E.01706
G1 X168.87 Y52.966 E.08901
G1 X169.283 Y53.097 E.01355
G1 X166.859 Y55.521 E.10735
G1 X166.857 Y56.066 E.01706
G1 X169.689 Y53.234 E.12542
G1 X170.09 Y53.377 E.01332
G1 X166.856 Y56.611 E.14322
G1 X166.855 Y57.156 E.01706
G1 X170.49 Y53.52 E.16102
G1 X170.881 Y53.673 E.01313
G1 X166.853 Y57.701 E.17838
G1 X166.852 Y58.245 E.01706
G1 X171.266 Y53.831 E.1955
G1 X171.651 Y53.989 E.01304
G1 X166.85 Y58.79 E.21262
G1 X166.849 Y59.335 E.01706
G1 X172.024 Y54.16 E.2292
G1 X172.371 Y54.357 E.01248
G1 X166.847 Y59.88 E.2446
G1 X166.846 Y60.425 E.01706
G1 X172.717 Y54.554 E.26001
G1 X173.063 Y54.751 E.01248
G1 X166.845 Y60.97 E.27541
G1 X166.843 Y61.515 E.01706
G1 X173.41 Y54.948 E.29081
G1 X173.756 Y55.145 E.01248
G1 X166.842 Y62.06 E.30622
G1 X166.84 Y62.605 E.01706
G1 X174.103 Y55.343 E.32162
G1 X174.175 Y55.384 E.00263
G1 X174.396 Y55.593 E.00951
G1 X166.839 Y63.15 E.33468
G1 X166.838 Y63.694 E.01706
G1 X174.675 Y55.857 E.34712
G1 X174.955 Y56.121 E.01204
G1 X166.836 Y64.239 E.35956
G1 X166.835 Y64.784 E.01706
G1 X175.234 Y56.385 E.372
G1 X175.514 Y56.649 E.01204
G1 X166.833 Y65.329 E.38444
G1 X166.832 Y65.874 E.01706
G1 X175.793 Y56.913 E.39687
G1 X176.004 Y57.112 E.00909
G1 X176.053 Y57.196 E.00304
G1 X166.83 Y66.419 E.40846
G1 X166.829 Y66.964 E.01706
G1 X176.254 Y57.538 E.41743
G1 X176.455 Y57.881 E.01244
G1 X166.828 Y67.509 E.42639
G1 X166.826 Y68.054 E.01706
G1 X176.656 Y58.223 E.43536
G1 X176.717 Y58.327 E.00376
G1 X176.783 Y58.64 E.01002
G1 X166.825 Y68.599 E.44104
G1 X166.823 Y69.144 E.01706
G1 X176.878 Y59.089 E.4453
G1 X176.973 Y59.538 E.01436
G1 X166.822 Y69.688 E.44955
G1 X166.821 Y70.233 E.01706
G1 X177.068 Y59.986 E.45381
G1 X177.162 Y60.435 E.01436
G1 X166.903 Y70.694 E.45435
G1 X167.707 Y70.434 E.02644
G1 X177.257 Y60.884 E.42296
G1 X177.352 Y61.333 E.01436
G1 X168.51 Y70.174 E.39158
G1 X169.314 Y69.914 E.02644
G1 X177.312 Y61.916 E.35422
G1 X177.165 Y62.606 E.0221
G1 X170.117 Y69.654 E.31214
G1 X170.606 Y69.496 E.01611
G1 X171.041 Y69.273 E.01531
G1 X177.018 Y63.297 E.26469
G1 X176.871 Y63.987 E.0221
G1 X172.154 Y68.704 E.20889
G1 X173.267 Y68.134 E.03915
G1 X176.655 Y64.747 E.15001
G1 X176.59 Y64.941 E.0064
G1 X176.012 Y65.934 E.03598
G1 X173.99 Y67.955 E.08952
; stop printing object USV 1 e2mm.stl_5 id:1 copy 0
; end of layer_num: 4, T: 0, print_z: 0.840000
M106 S229
;LAYER_CHANGE
;Z:1.04
;HEIGHT:0.2
; BEFORE_LAYER_CHANGE 4 @ 1.04mm
G92 E0
; AFTER_LAYER_CHANGE 4 @ 1.04mm
; start of layer_num: 5, T: 0, print_z: 1.040000
; printing object "USV 1 e2mm.stl_6_B" id:0 copy 0
G1 E-.8 F3600
G1 X39.017 Y113.057 Z1.04 F18000
G1 E.8 F3600
M204 S1000
;TYPE:Outer wall
;WIDTH:0.42
G1 F3000
G1 X39.03 Y113.059 E.00042
G1 X42.146 Y113.38 E.09625
G1 X46.964 Y113.913 E.14894
G1 X51.759 Y114.473 E.14833
G1 X61.307 Y115.686 E.29575
G1 X66.077 Y116.347 E.14797
G1 X70.846 Y117.038 E.14807
G1 X75.616 Y117.759 E.14824
G1 X80.397 Y118.521 E.14877
G1 X86.136 Y119.479 E.17878
G1 X91.866 Y120.489 E.17876
G1 X97.584 Y121.541 E.17865
G1 X103.299 Y122.641 E.17883
G1 X108.997 Y123.786 E.17859
G1 X114.684 Y124.969 E.17847
G1 X120.363 Y126.205 E.17858
G1 X126.03 Y127.492 E.17859
G1 X132.787 Y129.102 E.21343
G1 X137.332 Y130.222 E.14383
G1 X142.982 Y131.665 E.17917
G1 X148.574 Y133.148 E.17777
G1 X154.147 Y134.695 E.17773
G1 X159.744 Y136.313 E.17901
G1 X165.323 Y137.999 E.17909
G1 X171.994 Y140.16 E.21548
G1 X175.717 Y142.066 E.12851
G1 X177.686 Y143.929 E.0833
G1 X178.238 Y144.877 E.03369
G1 X178.697 Y146.241 E.04421
G1 X179.241 Y148.798 E.08033
G1 X178.509 Y152.263 E.10882
G1 X177.684 Y153.673 E.05019
G1 X175.718 Y155.532 E.08315
G1 X173.343 Y156.884 E.08397
G1 X172 Y157.44 E.04468
G1 X170.839 Y157.85 E.03782
G1 X165.317 Y159.603 E.17804
G1 X159.744 Y161.289 E.1789
G1 X154.144 Y162.908 E.1791
G1 X148.563 Y164.454 E.17797
G1 X142.97 Y165.937 E.17779
G1 X137.321 Y167.391 E.17923
G1 X131.676 Y168.768 E.17855
G1 X126.019 Y170.11 E.17863
G1 X120.34 Y171.398 E.17893
G1 X114.665 Y172.633 E.17848
G1 X108.971 Y173.827 E.17876
G1 X103.272 Y174.973 E.1786
G1 X97.534 Y176.073 E.17955
G1 X91.791 Y177.125 E.17938
G1 X86.035 Y178.135 E.17958
G1 X80.273 Y179.092 E.17946
G1 X75.494 Y179.854 E.1487
G1 X70.722 Y180.587 E.14835
G1 X61.192 Y181.923 E.29572
G1 X56.423 Y182.554 E.1478
G1 X51.642 Y183.14 E.148
G1 X46.844 Y183.696 E.14843
G1 X42.033 Y184.233 E.14875
G1 X39.017 Y184.544 E.09317
G1 X39.017 Y113.077 E2.19597
M204 S2000
G1 X39.409 Y113.492 F18000
M204 S1500
;TYPE:Inner wall
;WIDTH:0.45
G1 F4800
G1 X42.104 Y113.77 E.0899
G1 X46.919 Y114.303 E.1607
G1 X51.711 Y114.862 E.16003
G1 X61.255 Y116.074 E.31914
G1 X66.022 Y116.735 E.15963
G1 X70.788 Y117.426 E.15977
G1 X75.556 Y118.147 E.15994
G1 X80.334 Y118.908 E.16051
G1 X86.07 Y119.865 E.19289
G1 X91.796 Y120.875 E.19288
G1 X97.511 Y121.926 E.19276
G1 X103.223 Y123.025 E.19295
G1 X108.919 Y124.17 E.1927
G1 X114.602 Y125.352 E.19257
G1 X120.277 Y126.587 E.19267
G1 X125.941 Y127.874 E.19267
G1 X132.695 Y129.483 E.23029
G1 X137.236 Y130.603 E.15517
G1 X142.883 Y132.044 E.19331
G1 X148.471 Y133.527 E.19178
G1 X154.04 Y135.072 E.19173
G1 X159.633 Y136.689 E.1931
G1 X165.206 Y138.373 E.19313
G1 X171.844 Y140.523 E.23145
G1 X175.488 Y142.389 E.13583
G1 X177.376 Y144.175 E.0862
G1 X177.879 Y145.04 E.03318
G1 X178.318 Y146.344 E.04566
G1 X178.84 Y148.798 E.08321
G1 X178.138 Y152.12 E.11262
G1 X177.374 Y153.426 E.05021
G1 X175.483 Y155.214 E.08634
G1 X173.17 Y156.531 E.08827
G1 X171.859 Y157.074 E.04707
G1 X170.715 Y157.479 E.04027
G1 X165.2 Y159.228 E.19191
G1 X159.633 Y160.913 E.19297
G1 X154.038 Y162.53 E.19319
G1 X148.46 Y164.075 E.19199
G1 X142.871 Y165.558 E.19182
G1 X137.226 Y167.011 E.19336
G1 X131.584 Y168.387 E.19263
G1 X125.931 Y169.728 E.19274
G1 X120.255 Y171.015 E.19305
G1 X114.583 Y172.25 E.19258
G1 X108.892 Y173.443 E.19288
G1 X103.197 Y174.588 E.1927
G1 X97.461 Y175.688 E.19372
G1 X91.722 Y176.739 E.19355
G1 X85.969 Y177.748 E.19376
G1 X80.21 Y178.705 E.19364
G1 X75.434 Y179.467 E.16045
G1 X70.665 Y180.199 E.16002
G1 X61.139 Y181.535 E.31911
G1 X56.374 Y182.165 E.15944
G1 X51.596 Y182.751 E.15966
G1 X41.991 Y183.843 E.32068
G1 X39.409 Y184.109 E.08611
G1 X39.409 Y113.512 E2.34184
G1 E-.8 F3600
M204 S2000
G1 X40.615 Y113.967 F18000
G1 E.8 F3600
;TYPE:Sparse infill
G1 F8843.478
G1 X39.757 Y113.878 E.02863
G1 X39.757 Y117.578 E.12274
G1 X48.546 Y115.223 E.30184
G1 X53.977 Y115.876 E.18146
G1 X39.757 Y168.947 E1.82256
G1 X39.757 Y178.947 E.33172
G1 X39.757 Y168.151 F18000
G1 F8843.478
G1 X157.095 Y136.71 E4.02962
G1 X159.427 Y137.384 E.08052
G1 X161.81 Y138.105 E.08258
G1 X155.587 Y161.327 E.79751
G1 X156.87 Y160.956 E.0443
G1 X124.117 Y128.203 E1.53651
G1 X126.393 Y128.727 E.07745
G1 X114.952 Y171.427 E1.4664
G1 X115.425 Y171.324 E.01608
G1 X60.855 Y116.754 E2.55999
G1 X66.188 Y117.492 E.17856
G1 X48.707 Y182.729 E2.24037
G1 X41.31 Y183.563 E.24695
G1 X39.757 Y182.01 E.07284
G1 X39.757 Y180.794 E.04035
G1 X176.77 Y144.081 E4.7053
G1 X177.1 Y144.394 E.01507
G1 X177.56 Y145.184 E.03035
G1 X177.981 Y146.436 E.04382
G1 X178.113 Y147.056 E.021
G1 X177.659 Y146.732 E.01851
G1 X177.786 Y147.33 E.02029
G1 X171.742 Y141.287 E.28352
G1 X171.565 Y141.196 E.00662
G1 X164.989 Y139.065 E.22928
G1 X162.224 Y138.23 E.09582
G1 X176.068 Y143.937 F18000
G1 F8843.478
G1 X175.065 Y142.987 E.0458
G1 X173.376 Y142.123 E.06294
G1 X169.35 Y157.151 E.51609
G1 X170.098 Y156.913 E.02605
G1 X147.098 Y133.913 E1.079
G1 X150.073 Y134.724 E.10228
G1 X141.948 Y165.047 E1.04135
G1 X143.329 Y164.686 E.04736
G1 X102.213 Y123.57 E1.92886
G1 X102.475 Y123.62 E.00886
G1 X88.277 Y176.607 E1.81967
G1 X86.481 Y176.922 E.06049
G1 X39.757 Y130.197 E2.19194
G1 X39.757 Y130.221 E.00079
G1 X79.647 Y119.533 E1.36991
G1 X81.152 Y119.779 E.05058
G1 X129.507 Y168.134 E2.26843
G1 X128.407 Y168.395 E.03748
G1 X138.263 Y131.613 E1.26317
G1 X133.424 Y130.41 E.16542
G1 X39.757 Y155.508 E3.2167
G1 X39.757 Y164.739 E.30623
G1 X56.442 Y181.425 E.78274
G1 X61.895 Y180.697 E.18249
G1 X78.34 Y119.324 E2.10764
G1 X75.446 Y118.863 E.09721
G1 X68.454 Y117.82 E.2345
G1 X48.322 Y114.832 F18000
;TYPE:Internal solid infill
;WIDTH:0.38292
G1 F6000
G1 X51.671 Y115.223 E.09341
G1 X61.208 Y116.434 E.26636
G1 X65.972 Y117.094 E.13326
G1 X70.736 Y117.785 E.13337
G1 X75.502 Y118.505 E.13352
G1 X80.277 Y119.266 E.13398
G1 X86.01 Y120.223 E.16103
G1 X91.733 Y121.232 E.161
G1 X97.445 Y122.283 E.16093
G1 X103.154 Y123.381 E.16106
G1 X108.846 Y124.526 E.16087
G1 X114.527 Y125.707 E.16076
G1 X120.199 Y126.941 E.16083
G1 X125.86 Y128.227 E.16083
G1 X132.418 Y129.789 E.18677
G1 X137.147 Y130.954 E.13495
G1 X142.792 Y132.395 E.16141
G1 X148.377 Y133.877 E.16008
G1 X153.942 Y135.421 E.16003
G1 X159.531 Y137.037 E.16117
G1 X165.099 Y138.72 E.16117
G1 X171.704 Y140.86 E.19236
G1 X175.277 Y142.688 E.1112
G1 X176.243 Y143.603 E.03685
G1 X100.267 Y123.195 F18000
;TYPE:Sparse infill
;WIDTH:0.45
G1 F8843.478
G1 X97.378 Y122.639 E.09758
G1 X90.434 Y121.371 E.23414
G1 X75.049 Y178.792 E1.97194
G1 X71.609 Y179.32 E.11544
G1 X39.757 Y147.468 E1.49424
G1 X39.757 Y142.864 E.15272
G1 X107.687 Y124.663 E2.33285
G1 X114.463 Y126.065 E.22955
G1 X101.576 Y174.16 E1.6517
G1 X101.085 Y174.254 E.0166
G1 X40.818 Y113.987 E2.82724
G1 X41.813 Y114.09 E.03317
G1 X39.757 Y121.762 E.26347
G1 X39.757 Y129.994 E.27306
G1 X53.079 Y182.206 F18000
;TYPE:Internal solid infill
;WIDTH:0.38292
G1 F6000
G1 X56.329 Y181.805 E.09073
G1 X61.091 Y181.176 E.13308
G1 X70.614 Y179.84 E.26644
G1 X75.378 Y179.108 E.13353
G1 X80.153 Y178.347 E.13397
G1 X85.909 Y177.39 E.16165
G1 X91.658 Y176.382 E.16173
G1 X97.396 Y175.331 E.16159
G1 X103.128 Y174.232 E.16171
G1 X108.82 Y173.087 E.16086
G1 X114.508 Y171.895 E.16101
G1 X120.177 Y170.661 E.16076
G1 X125.85 Y169.375 E.16115
G1 X131.5 Y168.034 E.16089
G1 X137.138 Y166.659 E.1608
G1 X142.78 Y165.207 E.16139
G1 X148.366 Y163.725 E.16012
G1 X153.94 Y162.181 E.16024
G1 X159.531 Y160.565 E.16124
G1 X165.094 Y158.882 E.16105
G1 X170.599 Y157.135 E.16002
G1 X171.729 Y156.736 E.0332
G1 X173.01 Y156.204 E.03842
G1 X175.265 Y154.921 E.07189
G1 X177.087 Y153.198 E.06946
G1 X177.796 Y151.987 E.03887
G1 X178.469 Y148.798 E.0903
G1 X178.212 Y147.588 E.03428
; stop printing object USV 1 e2mm.stl_6_B id:0 copy 0
; printing object "USV 1 e2mm.stl_5" id:1 copy 0
G1 E-.8 F3600
G1 X37.899 Y97.272 F18000
G1 E.8 F3600
M204 S1000
;TYPE:Outer wall
;WIDTH:0.42
G1 F3000
G1 X37.899 Y25.784 E2.19664
G1 X40.922 Y26.096 E.09341
G1 X50.533 Y27.188 E.2972
G1 X55.313 Y27.774 E.14799
G1 X60.082 Y28.401 E.14779
G1 X64.843 Y29.062 E.14769
G1 X69.612 Y29.754 E.14807
G1 X74.385 Y30.474 E.14831
G1 X79.163 Y31.236 E.14869
G1 X84.925 Y32.194 E.17946
G1 X90.681 Y33.204 E.17958
G1 X96.424 Y34.256 E.17939
G1 X102.162 Y35.356 E.17954
G1 X107.861 Y36.509 E.17865
G1 X113.555 Y37.695 E.17872
G1 X119.23 Y38.931 E.17847
G1 X124.909 Y40.219 E.17894
G1 X130.566 Y41.56 E.17862
G1 X136.211 Y42.949 E.17864
G1 X141.86 Y44.391 E.17915
G1 X147.453 Y45.874 E.17779
G1 X153.034 Y47.422 E.17798
G1 X158.634 Y49.036 E.17906
G1 X164.207 Y50.725 E.17893
G1 X169.729 Y52.478 E.17803
G1 X170.89 Y52.891 E.03786
G1 X172.233 Y53.445 E.04464
G1 X174.608 Y54.797 E.08396
G1 X176.574 Y56.656 E.08315
G1 X177.399 Y58.062 E.05008
G1 X178.131 Y61.532 E.10897
G1 X177.587 Y64.088 E.0803
G1 X177.128 Y65.451 E.04421
G1 X176.576 Y66.399 E.03369
G1 X174.607 Y68.263 E.0833
G1 X170.884 Y70.168 E.12851
G1 X164.213 Y72.326 E.21545
G1 X158.634 Y74.015 E.17912
G1 X153.037 Y75.634 E.17901
G1 X147.464 Y77.177 E.17771
G1 X141.871 Y78.672 E.17787
G1 X136.222 Y80.113 E.17915
G1 X130.577 Y81.496 E.17858
G1 X124.92 Y82.836 E.17864
G1 X119.253 Y84.124 E.17859
G1 X113.574 Y85.359 E.17858
G1 X107.887 Y86.542 E.17848
G1 X102.189 Y87.696 E.17863
G1 X96.474 Y88.788 E.17879
G1 X90.756 Y89.84 E.17865
G1 X85.027 Y90.85 E.17876
G1 X79.287 Y91.808 E.17879
G1 X74.506 Y92.57 E.14877
G1 X69.736 Y93.291 E.14823
G1 X64.967 Y93.982 E.14808
G1 X60.197 Y94.639 E.14796
G1 X55.426 Y95.27 E.14788
G1 X50.649 Y95.855 E.14786
G1 X41.036 Y96.949 E.29731
G1 X37.918 Y97.27 E.09629
M204 S2000
G1 X38.291 Y96.838 F18000
M204 S1500
;TYPE:Inner wall
;WIDTH:0.45
G1 F4800
G1 X38.291 Y26.218 E2.34257
G1 X40.88 Y26.485 E.08636
G1 X50.487 Y27.578 E.32072
G1 X55.264 Y28.163 E.15965
G1 X60.03 Y28.789 E.15945
G1 X64.788 Y29.45 E.15935
G1 X69.555 Y30.141 E.15978
G1 X74.324 Y30.862 E.16002
G1 X79.1 Y31.623 E.16042
G1 X84.859 Y32.58 E.19364
G1 X90.612 Y33.59 E.19376
G1 X96.352 Y34.642 E.19356
G1 X102.087 Y35.741 E.1937
G1 X107.782 Y36.893 E.19275
G1 X113.473 Y38.079 E.19284
G1 X119.145 Y39.314 E.19256
G1 X124.821 Y40.601 E.19306
G1 X130.474 Y41.941 E.19271
G1 X136.116 Y43.33 E.19274
G1 X141.761 Y44.77 E.19329
G1 X147.35 Y46.253 E.19179
G1 X152.928 Y47.799 E.192
G1 X158.523 Y49.412 E.19315
G1 X164.09 Y51.1 E.19299
G1 X169.604 Y52.849 E.19189
G1 X170.749 Y53.258 E.04033
G1 X172.061 Y53.798 E.04705
G1 X174.373 Y55.114 E.08825
G1 X176.264 Y56.902 E.08635
G1 X177.029 Y58.205 E.0501
G1 X177.73 Y61.531 E.11276
G1 X177.208 Y63.984 E.08319
G1 X176.769 Y65.289 E.04565
G1 X176.266 Y66.153 E.03318
G1 X174.378 Y67.939 E.0862
G1 X170.734 Y69.805 E.13582
G1 X164.096 Y71.952 E.23142
G1 X158.523 Y73.639 E.19317
G1 X152.931 Y75.256 E.19309
G1 X147.361 Y76.799 E.19172
G1 X141.772 Y78.292 E.19189
G1 X136.127 Y79.733 E.19326
G1 X130.486 Y81.114 E.19267
G1 X124.832 Y82.454 E.19274
G1 X119.168 Y83.741 E.19268
G1 X113.492 Y84.976 E.19267
G1 X107.808 Y86.158 E.19258
G1 X102.113 Y87.311 E.19274
G1 X96.402 Y88.403 E.1929
G1 X90.686 Y89.454 E.19277
G1 X84.96 Y90.463 E.19287
G1 X79.224 Y91.421 E.1929
G1 X74.446 Y92.183 E.16051
G1 X69.679 Y92.903 E.15993
G1 X64.912 Y93.594 E.15978
G1 X60.144 Y94.25 E.15965
G1 X55.376 Y94.881 E.15955
G1 X50.603 Y95.466 E.1595
G1 X40.993 Y96.559 E.32084
G1 X38.311 Y96.836 E.08947
M204 S2000
G1 X38.639 Y91.69 F18000
;TYPE:Sparse infill
G1 F8843.478
G1 X38.639 Y81.69 E.33172
G1 X52.864 Y28.6 E1.82322
G1 X47.407 Y27.958 E.18228
G1 X38.639 Y30.307 E.30111
G1 X38.639 Y26.605 E.12282
G1 X39.5 Y26.693 E.02872
G1 X47.275 Y27.578 F18000
;TYPE:Internal solid infill
;WIDTH:0.38292
G1 F6000
G1 X50.445 Y27.938 E.08841
G1 X55.219 Y28.523 E.13325
G1 X59.982 Y29.149 E.1331
G1 X64.738 Y29.809 E.13304
G1 X69.503 Y30.5 E.13338
G1 X74.27 Y31.22 E.13357
G1 X79.043 Y31.981 E.13392
G1 X84.799 Y32.938 E.16166
G1 X90.548 Y33.948 E.16172
G1 X96.286 Y34.998 E.1616
G1 X102.018 Y36.097 E.1617
G1 X107.71 Y37.248 E.1609
G1 X113.398 Y38.434 E.16098
G1 X119.067 Y39.668 E.16074
G1 X124.74 Y40.955 E.16115
G1 X130.389 Y42.294 E.16086
G1 X136.028 Y43.682 E.16089
G1 X141.671 Y45.122 E.16135
G1 X147.256 Y46.603 E.16009
G1 X152.83 Y48.148 E.16025
G1 X158.421 Y49.76 E.16122
G1 X163.984 Y51.447 E.16105
G1 X169.488 Y53.193 E.16
G1 X170.619 Y53.596 E.03324
G1 X171.901 Y54.125 E.03844
G1 X174.155 Y55.408 E.07186
G1 X175.132 Y56.331 E.03725
G1 X174.956 Y56.664 F18000
;TYPE:Sparse infill
;WIDTH:0.45
G1 F8843.478
G1 X173.938 Y55.701 E.04648
G1 X172.286 Y54.761 E.06304
G1 X168.244 Y69.848 E.51811
G1 X168.96 Y69.616 E.02495
G1 X145.984 Y46.641 E1.07782
G1 X148.959 Y47.452 E.10227
G1 X140.831 Y77.784 E1.04167
G1 X142.222 Y77.421 E.0477
G1 X101.089 Y36.288 E1.92964
G1 X101.363 Y36.34 E.00925
G1 X87.162 Y89.339 E1.82007
G1 X85.372 Y89.654 E.0603
G1 X38.639 Y42.921 E2.19235
G1 X38.639 Y42.95 E.00096
G1 X78.518 Y32.265 E1.36952
G1 X80.046 Y32.515 E.05136
G1 X128.395 Y80.864 E2.26815
G1 X127.292 Y81.126 E.03758
G1 X137.149 Y44.342 E1.26323
G1 X132.305 Y43.139 E.16556
G1 X38.639 Y68.237 E3.21668
G1 X38.639 Y77.463 E.30606
G1 X55.331 Y94.155 E.78305
G1 X60.779 Y93.431 E.18233
G1 X77.224 Y32.058 E2.10764
G1 X74.213 Y31.579 E.10113
G1 X67.338 Y30.553 E.23059
G1 X38.639 Y42.718 F18000
G1 F8843.478
G1 X38.639 Y34.505 E.27244
G1 X40.699 Y26.817 E.26402
G1 X39.703 Y26.714 E.03322
G1 X99.971 Y86.982 E2.8273
G1 X100.462 Y86.888 E.01659
G1 X113.349 Y38.794 E1.65166
G1 X106.578 Y37.389 E.22938
G1 X38.639 Y55.593 E2.33317
G1 X38.639 Y60.192 E.15255
G1 X70.493 Y92.047 E1.49436
G1 X73.933 Y91.527 E.11539
G1 X89.32 Y34.1 E1.97215
G1 X96.218 Y35.355 E.23257
G1 X99.154 Y35.917 E.09914
G1 X161.063 Y50.94 F18000
G1 F8843.478
G1 X163.875 Y51.793 E.09747
G1 X169.373 Y53.537 E.19131
G1 X170.59 Y53.976 E.04293
G1 X176.68 Y60.066 E.28567
G1 X176.553 Y59.467 E.0203
G1 X177.007 Y59.789 E.01844
G1 X176.7 Y58.332 E.04937
G1 X175.989 Y57.121 E.04657
G1 X175.658 Y56.809 E.0151
G1 X38.639 Y93.523 E4.70552
G1 X38.639 Y94.734 E.04018
G1 X40.196 Y96.291 E.07305
G1 X47.593 Y95.458 E.24692
G1 X65.072 Y30.224 E2.24026
G1 X59.743 Y29.483 E.17849
G1 X114.314 Y84.055 E2.56006
G1 X113.837 Y84.159 E.01621
G1 X125.279 Y41.455 E1.46652
G1 X123.005 Y40.933 E.07738
G1 X155.756 Y73.684 E1.53642
G1 X154.473 Y74.055 E.04431
G1 X160.697 Y50.829 E.79763
G1 X158.317 Y50.108 E.08249
G1 X155.988 Y49.436 E.08042
G1 X38.639 Y80.88 E4.02999
G1 X51.969 Y94.935 F18000
;TYPE:Internal solid infill
;WIDTH:0.38292
G1 F6000
G1 X55.331 Y94.521 E.09386
G1 X60.097 Y93.891 E.13318
G1 X64.863 Y93.234 E.13329
G1 X69.627 Y92.544 E.13337
G1 X74.392 Y91.824 E.13351
G1 X79.167 Y91.062 E.13398
G1 X84.9 Y90.106 E.16104
G1 X90.623 Y89.097 E.16099
G1 X96.336 Y88.046 E.16094
G1 X102.044 Y86.955 E.16101
G1 X107.736 Y85.803 E.16089
G1 X113.417 Y84.621 E.16078
G1 X119.089 Y83.387 E.16082
G1 X124.751 Y82.101 E.16084
G1 X130.401 Y80.762 E.16089
G1 X136.04 Y79.381 E.16084
G1 X141.682 Y77.941 E.16132
G1 X147.266 Y76.449 E.16016
G1 X152.833 Y74.907 E.16002
G1 X158.421 Y73.291 E.16116
G1 X163.989 Y71.606 E.1612
G1 X170.594 Y69.469 E.19234
G1 X174.167 Y67.64 E.11119
G1 X175.962 Y65.941 E.06847
G1 X176.437 Y65.138 E.02584
G1 X176.858 Y63.888 E.03655
G1 X177.359 Y61.531 E.06677
G1 X177.104 Y60.319 E.03431
; stop printing object USV 1 e2mm.stl_5 id:1 copy 0
; end of layer_num: 5, T: 0, print_z: 1.040000
M106 S204
;LAYER_CHANGE
;Z:1.24
;HEIGHT:0.2
; BEFORE_LAYER_CHANGE 5 @ 1.24mm
G92 E0
; AFTER_LAYER_CHANGE 5 @ 1.24mm
; start of layer_num: 6, T: 0, print_z: 1.240000
; printing object "USV 1 e2mm.stl_6_B" id:0 copy 0
G1 E-.8 F3600
G1 X39.02 Y113.057 Z1.24 F18000
G1 E.8 F3600
M204 S1000
;TYPE:Outer wall
;WIDTH:0.42
G1 F3000
G1 X39.519 Y113.109 E.0154
G1 X42.148 Y113.38 E.08121
G1 X46.965 Y113.913 E.14891
G1 X51.76 Y114.473 E.14836
G1 X56.536 Y115.07 E.14789
G1 X61.308 Y115.686 E.14783
G1 X66.078 Y116.347 E.14797
G1 X70.847 Y117.038 E.14807
G1 X75.617 Y117.759 E.14824
G1 X80.398 Y118.521 E.14877
G1 X86.137 Y119.479 E.17878
G1 X91.866 Y120.489 E.17875
G1 X97.585 Y121.541 E.17866
G1 X103.299 Y122.641 E.1788
G1 X108.996 Y123.786 E.17859
G1 X114.683 Y124.969 E.17848
G1 X120.362 Y126.205 E.17857
G1 X126.03 Y127.492 E.1786
G1 X132.406 Y129.009 E.20139
G1 X137.332 Y130.222 E.15587
G1 X142.981 Y131.665 E.17916
G1 X148.573 Y133.148 E.17777
G1 X154.147 Y134.695 E.17773
G1 X159.743 Y136.313 E.17901
G1 X165.321 Y137.999 E.17906
G1 X171.994 Y140.16 E.21551
G1 X175.715 Y142.066 E.12847
G1 X177.682 Y143.929 E.08326
G1 X178.112 Y144.668 E.02625
G1 X178.779 Y146.649 E.06425
G1 X179.236 Y148.798 E.06749
G1 X178.506 Y152.263 E.10882
G1 X177.681 Y153.673 E.05019
G1 X175.715 Y155.532 E.08313
G1 X173.342 Y156.884 E.08393
G1 X171.999 Y157.44 E.04468
G1 X170.839 Y157.85 E.03779
G1 X165.316 Y159.603 E.17804
G1 X159.743 Y161.289 E.1789
G1 X154.143 Y162.908 E.17912
G1 X148.562 Y164.454 E.17795
G1 X142.969 Y165.937 E.17779
G1 X137.321 Y167.391 E.17923
G1 X131.676 Y168.768 E.17855
G1 X126.019 Y170.11 E.17863
G1 X120.34 Y171.398 E.17893
G1 X114.664 Y172.633 E.17848
G1 X108.971 Y173.827 E.17874
G1 X103.273 Y174.973 E.1786
G1 X97.534 Y176.073 E.17954
G1 X91.791 Y177.125 E.17941
G1 X86.035 Y178.135 E.17955
G1 X80.274 Y179.092 E.17946
G1 X75.494 Y179.854 E.14872
G1 X70.723 Y180.587 E.14833
G1 X61.192 Y181.923 E.29573
G1 X56.424 Y182.554 E.1478
G1 X51.643 Y183.14 E.148
G1 X46.846 Y183.696 E.14839
G1 X42.034 Y184.233 E.14875
G1 X39.02 Y184.543 E.09311
G1 X39.02 Y113.077 E2.19595
M204 S2000
G1 X39.412 Y113.492 F18000
M204 S1500
;TYPE:Inner wall
;WIDTH:0.45
G1 F4800
G1 X42.106 Y113.77 E.08983
G1 X46.92 Y114.303 E.16067
G1 X51.713 Y114.862 E.16007
G1 X56.487 Y115.459 E.15959
G1 X61.256 Y116.074 E.15949
G1 X66.023 Y116.735 E.15965
G1 X70.789 Y117.426 E.15977
G1 X75.557 Y118.147 E.15994
G1 X80.335 Y118.908 E.16051
G1 X86.071 Y119.865 E.19289
G1 X91.797 Y120.875 E.19287
G1 X97.512 Y121.926 E.19277
G1 X103.223 Y123.025 E.19292
G1 X108.918 Y124.17 E.19269
G1 X114.602 Y125.352 E.19258
G1 X120.277 Y126.587 E.19266
G1 X125.941 Y127.874 E.19268
G1 X132.314 Y129.39 E.21729
G1 X137.236 Y130.603 E.16817
G1 X142.882 Y132.044 E.19331
G1 X148.471 Y133.527 E.19178
G1 X154.04 Y135.072 E.19172
G1 X159.632 Y136.689 E.19311
G1 X165.204 Y138.373 E.1931
G1 X171.843 Y140.523 E.23148
G1 X175.486 Y142.389 E.13578
G1 X177.372 Y144.175 E.08615
G1 X177.753 Y144.83 E.02515
G1 X178.4 Y146.753 E.06729
G1 X178.835 Y148.798 E.06935
G1 X178.135 Y152.12 E.11261
G1 X177.371 Y153.426 E.05021
G1 X175.48 Y155.214 E.08632
G1 X173.169 Y156.531 E.08823
G1 X171.858 Y157.074 E.04707
G1 X170.714 Y157.479 E.04024
G1 X165.2 Y159.228 E.1919
G1 X159.632 Y160.913 E.19297
G1 X154.036 Y162.53 E.19322
G1 X148.46 Y164.075 E.19196
G1 X142.87 Y165.558 E.19182
G1 X137.225 Y167.011 E.19336
G1 X131.584 Y168.387 E.19263
G1 X125.93 Y169.728 E.19274
G1 X120.255 Y171.015 E.19305
G1 X114.582 Y172.25 E.19258
G1 X108.892 Y173.443 E.19285
G1 X103.197 Y174.588 E.1927
G1 X97.462 Y175.688 E.19372
G1 X91.722 Y176.739 E.19358
G1 X85.969 Y177.748 E.19373
G1 X80.211 Y178.705 E.19364
G1 X75.434 Y179.467 E.16047
G1 X70.666 Y180.199 E.16
G1 X61.139 Y181.535 E.31912
G1 X56.374 Y182.165 E.15944
G1 X51.596 Y182.751 E.15966
G1 X41.993 Y183.843 E.32063
G1 X39.412 Y184.109 E.08605
G1 X39.412 Y113.512 E2.34183
G1 E-.8 F3600
M204 S2000
G1 X41.261 Y114.412 F18000
G1 E.8 F3600
;TYPE:Sparse infill
G1 F8843.478
G1 X40.138 Y114.296 E.03746
G1 X40.138 Y117.622 E.11034
G1 X47.003 Y115.783 E.23576
G1 X47.003 Y116.036 E.0084
G1 X52.907 Y117.618 E.20276
G1 X51.966 Y121.129 E.12056
G1 X47.97 Y114.79 F18000
;TYPE:Internal solid infill
;WIDTH:0.383057
G1 F6000
G1 X42.068 Y114.131 E.1646
G1 X39.951 Y113.912 E.05901
G1 X39.806 Y113.929 E.00402
G1 X39.775 Y114.071 E.00402
G1 X39.777 Y183.53 E1.92521
G1 X39.808 Y183.671 E.00399
G1 X39.954 Y183.688 E.00409
G1 X41.956 Y183.482 E.05578
G1 X52.215 Y182.31 E.2862
G1 X54.05 Y182.283 F18000
M204 S500
;TYPE:Internal Bridge
;WIDTH:0.379473
;HEIGHT:0.379473
G1 F5400
M106 S255
G1 X49.018 Y180.934 E.24008
G1 X49.129 Y180.519 E.01979
G1 X54.69 Y182.009 E.26531
G1 X55.829 Y181.87 E.05286
G1 X49.24 Y180.104 E.31432
G1 X49.351 Y179.69 E.01979
G1 X56.952 Y181.726 E.3626
G1 X58.063 Y181.579 E.05164
G1 X49.462 Y179.275 E.41029
G1 X49.573 Y178.86 E.01979
G1 X59.174 Y181.432 E.45799
G1 X60.285 Y181.285 E.05164
G1 X49.685 Y178.445 E.50568
G1 X49.739 Y178.243 E.00965
G1 X50.05 Y178.099 E.01582
G1 X61.39 Y181.137 E.54095
G1 X62.479 Y180.984 E.05068
G1 X52.065 Y178.194 E.4968
G1 X52.287 Y177.809 E.02049
G1 X63.568 Y180.831 E.53815
G1 X64.657 Y180.679 E.05068
G1 X52.603 Y177.449 E.57504
G1 X53.04 Y177.121 E.02514
G1 X65.747 Y180.526 E.60619
G1 X66.836 Y180.373 E.05068
G1 X51.45 Y176.25 E.73401
G1 X51.133 Y176.08 E.01655
G1 X50.642 Y175.589 E.032
G1 X67.925 Y180.22 E.82449
G1 X69.014 Y180.068 E.05068
G1 X50.574 Y175.126 E.87972
G1 X50.685 Y174.712 E.01979
G1 X70.104 Y179.915 E.92638
G1 X71.175 Y179.757 E.04988
G1 X50.796 Y174.297 E.97216
G1 X50.907 Y173.882 E.01979
G1 X72.229 Y179.595 E1.01718
G1 X73.284 Y179.433 E.04918
G1 X51.018 Y173.467 E1.0622
G1 X51.13 Y173.052 E.01979
G1 X74.339 Y179.271 E1.10722
G1 X75.394 Y179.109 E.04917
G1 X51.241 Y172.637 E1.15223
G1 X51.352 Y172.223 E.01979
G1 X76.434 Y178.943 E1.19656
G1 X77.475 Y178.777 E.04855
G1 X51.463 Y171.808 E1.24089
G1 X51.574 Y171.393 E.01979
G1 X78.515 Y178.612 E1.28523
G1 X79.555 Y178.446 E.04855
G1 X51.685 Y170.978 E1.32956
G1 X51.796 Y170.563 E.01979
G1 X80.589 Y178.278 E1.37356
G1 X81.613 Y178.108 E.04784
G1 X51.908 Y170.148 E1.41711
G1 X52.019 Y169.734 E.01979
G1 X82.637 Y177.938 E1.46066
G1 X83.661 Y177.767 E.04784
G1 X52.13 Y169.319 E1.50421
G1 X52.241 Y168.904 E.01979
G1 X84.685 Y177.597 E1.54776
G1 X85.709 Y177.427 E.04784
G1 X52.352 Y168.489 E1.59131
G1 X52.463 Y168.074 E.01979
G1 X86.716 Y177.252 E1.63404
G1 X87.719 Y177.076 E.04691
G1 X52.575 Y167.659 E1.67658
G1 X52.686 Y167.244 E.01979
G1 X88.722 Y176.9 E1.71911
G1 X89.724 Y176.724 E.04691
G1 X52.797 Y166.83 E1.76165
G1 X52.908 Y166.415 E.01979
G1 X90.727 Y176.548 E1.80418
G1 X91.729 Y176.372 E.04686
G1 X53.019 Y166 E1.84666
G1 X53.13 Y165.585 E.01979
G1 X92.714 Y176.192 E1.88838
G1 X93.7 Y176.011 E.04618
G1 X53.241 Y165.17 E1.9301
G1 X53.353 Y164.755 E.01979
G1 X94.686 Y175.831 E1.97183
G1 X95.672 Y175.65 E.04618
G1 X53.464 Y164.341 E2.01355
G1 X53.575 Y163.926 E.01979
G1 X96.657 Y175.47 E2.05527
G1 X97.638 Y175.288 E.04598
G1 X53.686 Y163.511 E2.09677
G1 X53.797 Y163.096 E.01979
G1 X98.606 Y175.102 E2.1376
G1 X99.573 Y174.917 E.04538
G1 X53.908 Y162.681 E2.17843
G1 X53.989 Y162.382 E.01428
G1 X42.192 Y159.221 E.56275
G1 X42.223 Y159.106 E.00551
G1 X100.54 Y174.731 E2.78201
G1 X101.507 Y174.546 E.04538
G1 X52.578 Y161.435 E2.33419
G1 X52.8 Y161.05 E.02049
G1 X102.474 Y174.36 E2.36972
G1 X103.435 Y174.173 E.04511
G1 X52.977 Y160.653 E2.40712
G1 X52.37 Y160.046 E.03958
G1 X104.383 Y173.983 E2.48132
G1 X105.331 Y173.792 E.04456
G1 X51.762 Y159.438 E2.55552
G1 X51.155 Y158.831 E.03958
G1 X106.279 Y173.602 E2.62972
G1 X107.227 Y173.411 E.04456
G1 X50.547 Y158.224 E2.70393
G1 X49.94 Y157.616 E.03958
G1 X108.175 Y173.22 E2.77813
G1 X109.118 Y173.028 E.04433
G1 X49.333 Y157.009 E2.85207
G1 X48.725 Y156.402 E.03958
G1 X110.048 Y172.833 E2.92545
G1 X110.979 Y172.638 E.04383
G1 X48.118 Y155.794 E2.99884
G1 X47.511 Y155.187 E.03958
G1 X111.91 Y172.443 E3.07222
G1 X112.841 Y172.248 E.04383
G1 X46.903 Y154.58 E3.14561
G1 X46.296 Y153.972 E.03958
G1 X113.772 Y172.052 E3.21899
G1 X114.7 Y171.856 E.04369
G1 X46.77 Y153.654 E3.24065
G1 X47.599 Y153.432 E.03958
G1 X115.615 Y171.657 E3.24475
G1 X116.531 Y171.458 E.04317
G1 X48.429 Y153.21 E3.24884
G1 X49.259 Y152.988 E.03958
G1 X117.446 Y171.258 E3.25293
G1 X118.362 Y171.059 E.04317
G1 X50.088 Y152.765 E3.25703
G1 X50.918 Y152.543 E.03958
G1 X119.277 Y170.86 E3.26112
G1 X120.193 Y170.66 E.04316
G1 X51.748 Y152.321 E3.2652
G1 X52.577 Y152.098 E.03958
G1 X121.091 Y170.457 E3.2685
G1 X121.99 Y170.253 E.04247
G1 X52.991 Y151.764 E3.29166
G1 X52.991 Y151.32 E.02049
G1 X122.889 Y170.049 E3.33454
G1 X123.788 Y169.845 E.04247
G1 X45.002 Y148.735 E3.75851
G1 X45.113 Y148.32 E.01979
G1 X124.687 Y169.641 E3.79609
G1 X125.586 Y169.438 E.04247
G1 X45.225 Y147.905 E3.83367
G1 X45.336 Y147.49 E.01979
G1 X126.471 Y169.23 E3.87062
G1 X127.352 Y169.022 E.04169
G1 X45.447 Y147.075 E3.90731
G1 X45.558 Y146.66 E.01979
G1 X128.232 Y168.813 E3.94399
G1 X129.112 Y168.604 E.04169
G1 X45.669 Y146.246 E3.98068
G1 X45.78 Y145.831 E.01979
G1 X129.992 Y168.395 E4.01737
G1 X130.872 Y168.186 E.04169
G1 X45.891 Y145.416 E4.05406
G1 X46.003 Y145.001 E.01979
G1 X131.749 Y167.977 E4.09059
G1 X132.618 Y167.765 E.04119
G1 X46.114 Y144.586 E4.12671
G1 X46.225 Y144.171 E.01979
G1 X133.486 Y167.553 E4.16284
G1 X134.355 Y167.341 E.04119
G1 X46.336 Y143.757 E4.19897
G1 X46.447 Y143.342 E.01979
G1 X135.223 Y167.129 E4.2351
G1 X136.092 Y166.917 E.04119
G1 X53.09 Y144.677 E3.95962
G1 X53.313 Y144.292 E.02049
G1 X136.96 Y166.705 E3.99045
G1 X137.811 Y166.489 E.04046
G1 X53.49 Y143.895 E4.0226
G1 X52.882 Y143.287 E.03958
G1 X138.657 Y166.271 E4.09196
G1 X139.504 Y166.053 E.04028
G1 X52.275 Y142.68 E4.16131
G1 X51.667 Y142.073 E.03958
G1 X140.35 Y165.835 E4.23067
G1 X141.197 Y165.617 E.04028
G1 X51.06 Y141.465 E4.30003
G1 X50.453 Y140.858 E.03958
G1 X142.043 Y165.4 E4.36938
G1 X142.888 Y165.181 E.04021
G1 X49.916 Y140.27 E4.43527
G1 X50.03 Y140.138 E.00804
G1 X50.556 Y139.997 E.0251
G1 X143.722 Y164.96 E4.44452
G1 X144.556 Y164.739 E.03975
G1 X51.386 Y139.774 E4.44472
G1 X52.216 Y139.552 E.03958
G1 X145.39 Y164.518 E4.44492
G1 X146.224 Y164.297 E.03975
G1 X52.629 Y139.218 E4.46498
G1 X52.629 Y138.773 E.02049
G1 X147.058 Y164.075 E4.50476
G1 X147.892 Y163.854 E.03975
G1 X48.115 Y137.119 E4.75991
G1 X48.226 Y136.704 E.01979
G1 X148.718 Y163.631 E4.79402
G1 X149.533 Y163.405 E.03901
G1 X48.337 Y136.289 E4.82763
G1 X48.448 Y135.875 E.01979
G1 X150.349 Y163.179 E4.86124
G1 X151.165 Y162.953 E.03901
G1 X48.559 Y135.46 E4.89486
G1 X48.67 Y135.045 E.01979
G1 X151.981 Y162.727 E4.92847
G1 X152.796 Y162.501 E.03901
G1 X48.782 Y134.63 E4.96209
G1 X48.893 Y134.215 E.01979
G1 X153.612 Y162.275 E4.9957
G1 X154.418 Y162.046 E.03858
G1 X49.004 Y133.8 E5.02882
G1 X49.115 Y133.386 E.01979
G1 X155.216 Y161.815 E5.0616
G1 X156.014 Y161.585 E.03829
G1 X49.226 Y132.971 E5.09438
G1 X49.337 Y132.556 E.01979
G1 X156.813 Y161.354 E5.12717
G1 X157.611 Y161.123 E.03829
G1 X49.448 Y132.141 E5.15995
G1 X49.56 Y131.726 E.01979
G1 X158.409 Y160.892 E5.19273
G1 X159.208 Y160.662 E.03829
G1 X49.671 Y131.311 E5.22552
G1 X49.782 Y130.897 E.01979
G1 X159.995 Y160.428 E5.25776
G1 X160.774 Y160.192 E.03752
G1 X49.893 Y130.482 E5.28963
G1 X50.004 Y130.067 E.01979
G1 X161.553 Y159.956 E5.32151
G1 X162.333 Y159.721 E.03752
G1 X50.115 Y129.652 E5.35338
G1 X50.227 Y129.237 E.01979
G1 X163.112 Y159.485 E5.38526
G1 X163.891 Y159.249 E.03752
G1 X50.338 Y128.822 E5.41713
G1 X50.449 Y128.408 E.01979
G1 X164.671 Y159.013 E5.44901
G1 X165.441 Y158.775 E.03716
G1 X50.56 Y127.993 E5.48046
G1 X50.671 Y127.578 E.01979
G1 X166.201 Y158.534 E5.51139
G1 X166.96 Y158.293 E.03673
G1 X51.075 Y127.241 E5.52838
G1 X51.277 Y127.16 E.01002
G1 X51.854 Y127.006 E.02756
G1 X167.72 Y158.052 E5.52743
G1 X168.48 Y157.811 E.03673
G1 X52.888 Y126.838 E5.51435
G1 X53.608 Y126.743 E.03347
G1 X53.395 Y126.529 E.01392
G1 X169.239 Y157.57 E5.52643
G1 X169.999 Y157.329 E.03673
G1 X52.787 Y125.922 E5.59164
G1 X52.18 Y125.314 E.03958
G1 X170.749 Y157.085 E5.65642
G1 X171.465 Y156.832 E.03496
G1 X51.573 Y124.707 E5.71952
G1 X51.541 Y124.675 E.00209
G1 X51.537 Y124.346 E.01515
G1 X51.56 Y124.259 E.00415
G1 X172.14 Y156.568 E5.75231
G1 X172.791 Y156.298 E.0325
G1 X51.672 Y123.844 E5.77808
G1 X51.783 Y123.429 E.01979
G1 X173.363 Y156.007 E5.80004
G1 X173.894 Y155.704 E.02815
G1 X51.894 Y123.015 E5.82006
G1 X52.005 Y122.6 E.01979
G1 X174.424 Y155.402 E5.84008
G1 X174.955 Y155.1 E.02815
G1 X52.116 Y122.185 E5.8601
G1 X52.227 Y121.77 E.01979
G1 X175.417 Y154.779 E5.87685
G1 X175.784 Y154.432 E.02323
G1 X52.339 Y121.355 E5.88902
G1 X52.45 Y120.94 E.01979
G1 X176.15 Y154.086 E5.90119
G1 X176.516 Y153.739 E.02323
G1 X52.561 Y120.526 E5.91337
G1 X52.672 Y120.111 E.01979
G1 X176.883 Y153.393 E5.92554
G1 X177.086 Y153.2 E.01291
G1 X177.186 Y153.03 E.00912
G1 X52.783 Y119.696 E5.93471
G1 X52.894 Y119.281 E.01979
G1 X177.411 Y152.645 E5.94014
G1 X177.636 Y152.261 E.02052
G1 X53.005 Y118.866 E5.94557
G1 X53.117 Y118.451 E.01979
G1 X177.821 Y151.866 E5.9491
G1 X177.91 Y151.445 E.01982
G1 X53.228 Y118.037 E5.94803
G1 X53.339 Y117.622 E.01979
G1 X177.999 Y151.024 E5.94696
G1 X178.087 Y150.603 E.01982
G1 X47.421 Y115.591 E6.23351
G1 X47.421 Y115.55 E.00189
G1 X48.031 Y115.387 E.02912
G1 X48.073 Y115.322 E.00357
G1 X178.176 Y150.182 E6.20662
G1 X178.265 Y149.762 E.01982
G1 X48.317 Y114.942 E6.19923
G1 X48.385 Y114.836 E.00583
G1 X49.682 Y114.987 E.06017
G1 X50.517 Y115.211 E.03981
G1 X50.573 Y115.102 E.00564
G1 X178.354 Y149.341 E6.09582
G1 X178.442 Y148.92 E.01982
G1 X53.543 Y115.453 E5.9584
G1 X56.659 Y115.843 E.14471
G1 X178.396 Y148.463 E5.80757
G1 X178.296 Y147.992 E.02221
G1 X59.86 Y116.257 E5.65006
G1 X63.197 Y116.706 E.15515
G1 X177.952 Y147.455 E5.47446
G1 X177.684 Y147.264 E.01516
G1 X177.24 Y146.819 E.02897
G1 X66.667 Y117.191 E5.27491
G1 X70.285 Y117.716 E.16847
G1 X176.632 Y146.212 E5.07333
G1 X176.483 Y146.062 E.00975
G1 X174.909 Y145.305 E.08047
G1 X74.067 Y118.285 E4.81071
G1 X78.052 Y118.908 E.18584
G1 X174.337 Y144.708 E4.59333
G1 X174.947 Y144.544 E.0291
G1 X174.798 Y144.386 E.01001
G1 X82.285 Y119.598 E4.41338
G1 X86.754 Y120.35 E.20884
G1 X174.6 Y143.889 E4.19074
G1 X174.828 Y143.505 E.02057
G1 X91.612 Y121.208 E3.96988
G1 X96.892 Y122.178 E.24737
G1 X176.006 Y143.376 E3.77417
G1 X175.351 Y142.756 E.04154
G1 X102.718 Y123.294 E3.46498
G1 X109.364 Y124.63 E.31234
G1 X173.663 Y141.859 E3.06742
G1 X171.841 Y140.926 E.09429
G1 X117.205 Y126.287 E2.60645
G1 X120.199 Y126.938 E.14118
G1 X125.86 Y128.224 E.26749
G1 X127.958 Y128.723 E.09939
G1 X167.985 Y139.449 E1.90951
M204 S2000
G1 X175.396 Y144.411 F18000
;TYPE:Sparse infill
;WIDTH:0.45
;HEIGHT:0.2
G1 F8843.478
M106 S204
G1 X175.016 Y144.008 E.01838
G1 X175.19 Y143.715 E.01134
G1 X176.432 Y144.047 E.04264
G1 X176.535 Y143.863 E.00702
G1 X176.888 Y144.196 E.0161
G1 X175.536 Y144.558 E.04641
G1 X175.733 Y144.766 E.0095
G1 X175.488 Y144.832 E.00842
G1 X176.042 Y145.386 E.02599
G1 X176.728 Y145.716 E.02526
G1 X177.955 Y146.943 E.05757
G1 X178.108 Y147.052 E.00621
G1 X178.064 Y146.845 E.00701
G1 X177.434 Y144.975 E.06546
G1 X177.096 Y144.394 E.02232
G1 X177.035 Y144.336 E.00277
G1 X50.528 Y176.067 F18000
G1 F8843.478
G1 X50.881 Y176.42 E.01654
G1 X52.278 Y177.17 E.0526
G1 X51.909 Y177.447 E.01531
G1 X51.975 Y177.513 E.0031
G1 X51.87 Y177.695 E.00694
G1 X51.614 Y177.763 E.00881
G1 X50.109 Y177.36 E.05167
G1 X48.863 Y182.332 F18000
G1 F8843.478
G1 X51.174 Y182.069 E.07715
G1 X48.901 Y181.46 E.07807
G1 X48.661 Y182.355 E.03073
G1 X41.148 Y183.201 E.25081
G1 X40.138 Y182.191 E.04738
G1 X40.138 Y180.838 E.04487
G1 X49.266 Y178.393 E.31347
G1 X49.385 Y177.945 E.01536
G1 X49.907 Y177.704 E.01908
G1 X50.384 Y175.923 E.06115
G1 X50.204 Y175.742 E.00848
G1 X50.128 Y175.173 E.01906
G1 X50.184 Y174.966 E.00709
G1 X40.138 Y164.92 E.47128
G1 X40.138 Y155.552 E.31076
G1 X45.845 Y154.023 E.19599
G1 X45.943 Y153.455 E.01912
G1 X40.138 Y147.649 E.27236
G1 X40.138 Y142.909 E.15725
G1 X49.424 Y140.421 E.3189
G1 X49.322 Y140.319 E.00478
G1 X49.672 Y139.913 E.01779
G1 X40.138 Y130.378 E.44727
G1 X40.138 Y130.266 E.00374
G1 X50.244 Y127.558 E.34705
G1 X50.374 Y127.072 E.01669
G1 X50.886 Y126.866 E.01831
G1 X51.362 Y125.088 E.06106
G1 X51.124 Y124.85 E.01118
G1 X51.118 Y124.293 E.01847
G1 X51.162 Y124.131 E.00556
G1 X41.463 Y114.433 E.45496
G1 X41.571 Y114.444 E.0036
G1 X40.138 Y119.794 E.18374
G1 X40.138 Y129.794 E.33172
G1 X49.808 Y139.764 F18000
G1 F8843.478
G1 X52.211 Y139.12 E.08251
G1 X52.211 Y138.773 E.0115
G1 X47.998 Y137.645 E.14468
G1 X46.658 Y142.644 E.1717
G1 X46.232 Y142.53 E.01465
G1 X44.459 Y149.146 E.2272
G1 X44.886 Y149.26 E.01465
G1 X42.434 Y158.408 E.31416
G1 X42.008 Y158.294 E.01465
G1 X41.68 Y159.517 E.042
G1 X42.107 Y159.631 E.01465
G1 X40.138 Y166.979 E.25236
G1 X40.138 Y168.195 E.04033
G1 X52.915 Y164.771 E.43881
G1 X53.476 Y162.678 E.07191
G1 X45.911 Y160.65 E.25981
; stop printing object USV 1 e2mm.stl_6_B id:0 copy 0
; printing object "USV 1 e2mm.stl_5" id:1 copy 0
G1 E-.8 F3600
G1 X37.902 Y97.272 F18000
G1 E.8 F3600
M204 S1000
;TYPE:Outer wall
;WIDTH:0.42
G1 F3000
G1 X37.902 Y25.784 E2.19663
G1 X38.299 Y25.825 E.01225
G1 X40.924 Y26.096 E.0811
G1 X50.533 Y27.188 E.29715
G1 X55.314 Y27.774 E.148
G1 X60.082 Y28.401 E.14779
G1 X64.844 Y29.062 E.14771
G1 X69.613 Y29.754 E.14807
G1 X74.385 Y30.474 E.14829
G1 X79.164 Y31.236 E.14871
G1 X84.926 Y32.194 E.17946
G1 X90.681 Y33.204 E.17954
G1 X96.424 Y34.256 E.17942
G1 X102.163 Y35.356 E.17954
G1 X107.861 Y36.509 E.17864
G1 X113.554 Y37.695 E.1787
G1 X119.23 Y38.931 E.17848
G1 X124.909 Y40.219 E.17894
G1 X130.565 Y41.56 E.17862
G1 X136.211 Y42.949 E.17864
G1 X141.86 Y44.391 E.17915
G1 X147.452 Y45.874 E.17779
G1 X153.033 Y47.422 E.17796
G1 X158.633 Y49.036 E.17908
G1 X164.206 Y50.725 E.17893
G1 X169.729 Y52.478 E.17803
G1 X170.889 Y52.89 E.03782
G1 X172.232 Y53.445 E.04465
G1 X174.605 Y54.797 E.08393
G1 X176.571 Y56.656 E.08313
G1 X177.396 Y58.062 E.05008
G1 X178.126 Y61.532 E.10896
G1 X177.669 Y63.679 E.06747
G1 X177.002 Y65.661 E.06424
G1 X176.572 Y66.399 E.02625
G1 X174.605 Y68.263 E.08326
G1 X170.884 Y70.168 E.12847
G1 X164.212 Y72.326 E.21548
G1 X158.633 Y74.015 E.17908
G1 X153.037 Y75.634 E.17901
G1 X147.463 Y77.177 E.1777
G1 X141.871 Y78.672 E.17787
G1 X136.222 Y80.113 E.17915
G1 X130.577 Y81.496 E.17857
G1 X124.92 Y82.836 E.17864
G1 X119.252 Y84.124 E.1786
G1 X113.573 Y85.359 E.17857
G1 X107.886 Y86.542 E.17849
G1 X102.189 Y87.696 E.17863
G1 X96.475 Y88.788 E.17875
G1 X90.756 Y89.84 E.17866
G1 X85.027 Y90.85 E.17875
G1 X79.288 Y91.808 E.17878
G1 X74.507 Y92.57 E.14877
G1 X69.737 Y93.291 E.14823
G1 X64.968 Y93.982 E.14808
G1 X60.197 Y94.639 E.14796
G1 X55.426 Y95.27 E.14789
G1 X50.651 Y95.855 E.14782
G1 X41.037 Y96.949 E.2973
G1 X37.922 Y97.27 E.09623
M204 S2000
G1 X38.294 Y96.838 F18000
M204 S1500
;TYPE:Inner wall
;WIDTH:0.45
G1 F4800
G1 X38.294 Y26.219 E2.34256
G1 X40.882 Y26.485 E.08629
G1 X50.487 Y27.578 E.32066
G1 X55.264 Y28.163 E.15965
G1 X60.03 Y28.789 E.15944
G1 X64.789 Y29.45 E.15937
G1 X69.555 Y30.141 E.15978
G1 X74.325 Y30.862 E.16
G1 X79.101 Y31.623 E.16044
G1 X84.86 Y32.58 E.19364
G1 X90.611 Y33.59 E.19372
G1 X96.352 Y34.642 E.19359
G1 X102.087 Y35.741 E.1937
G1 X107.782 Y36.893 E.19275
G1 X113.473 Y38.079 E.19282
G1 X119.145 Y39.314 E.19256
G1 X124.82 Y40.601 E.19306
G1 X130.473 Y41.941 E.19271
G1 X136.115 Y43.33 E.19274
G1 X141.761 Y44.77 E.19328
G1 X147.35 Y46.253 E.1918
G1 X152.927 Y47.799 E.19197
G1 X158.522 Y49.412 E.19318
G1 X164.09 Y51.1 E.19299
G1 X169.604 Y52.85 E.19189
G1 X170.748 Y53.256 E.04028
G1 X172.059 Y53.798 E.04706
G1 X174.37 Y55.114 E.08822
G1 X176.261 Y56.902 E.08633
G1 X177.025 Y58.205 E.05009
G1 X177.725 Y61.531 E.11276
G1 X177.29 Y63.576 E.06934
G1 X176.643 Y65.498 E.06728
G1 X176.262 Y66.153 E.02515
G1 X174.376 Y67.939 E.08615
G1 X170.733 Y69.805 E.13578
G1 X164.094 Y71.952 E.23145
G1 X158.522 Y73.639 E.19313
G1 X152.93 Y75.256 E.1931
G1 X147.36 Y76.799 E.19171
G1 X141.772 Y78.292 E.19189
G1 X136.127 Y79.733 E.19326
G1 X130.485 Y81.114 E.19268
G1 X124.831 Y82.454 E.19274
G1 X119.167 Y83.741 E.19269
G1 X113.492 Y84.976 E.19266
G1 X107.808 Y86.158 E.19259
G1 X102.113 Y87.311 E.19274
G1 X96.403 Y88.403 E.19285
G1 X90.687 Y89.454 E.19278
G1 X84.961 Y90.463 E.19286
G1 X79.225 Y91.421 E.1929
G1 X74.447 Y92.183 E.16051
G1 X69.68 Y92.903 E.15993
G1 X64.913 Y93.594 E.15978
G1 X60.145 Y94.25 E.15965
G1 X55.376 Y94.881 E.15956
G1 X50.605 Y95.466 E.15947
G1 X40.995 Y96.559 E.32082
G1 X38.314 Y96.836 E.08941
M204 S2000
G1 X47.749 Y95.061 F18000
;TYPE:Sparse infill
G1 F8843.478
G1 X50.063 Y94.798 E.07726
G1 X47.787 Y94.188 E.07817
G1 X47.547 Y95.084 E.03078
G1 X40.034 Y95.929 E.25078
G1 X39.02 Y94.915 E.04758
G1 X39.02 Y93.567 E.0447
G1 X48.152 Y91.12 E.31361
G1 X48.271 Y90.674 E.01535
G1 X48.793 Y90.432 E.01908
G1 X49.27 Y88.651 E.06115
G1 X49.09 Y88.471 E.00846
G1 X49.014 Y87.901 E.01907
G1 X49.07 Y87.694 E.00711
G1 X39.02 Y77.644 E.47147
G1 X39.02 Y68.281 E.31059
G1 X44.731 Y66.75 E.19615
G1 X44.829 Y66.182 E.01913
G1 X39.02 Y60.373 E.27252
G1 X39.02 Y55.638 E.15708
G1 X48.31 Y53.148 E.31904
G1 X48.209 Y53.047 E.00475
G1 X48.558 Y52.64 E.01779
G1 X39.02 Y43.102 E.44746
G1 X39.02 Y42.995 E.00357
G1 X49.13 Y40.286 E.34719
G1 X49.26 Y39.8 E.01668
G1 X49.772 Y39.594 E.01831
G1 X50.248 Y37.816 E.06106
G1 X50.011 Y37.578 E.01115
G1 X50.004 Y37.021 E.01848
G1 X50.048 Y36.859 E.00557
G1 X40.348 Y27.159 E.45504
G1 X40.458 Y27.171 E.00366
G1 X39.02 Y32.537 E.1843
G1 X39.02 Y42.537 E.33172
G1 X48.694 Y52.492 F18000
G1 F8843.478
G1 X51.096 Y51.848 E.08249
G1 X51.096 Y51.501 E.0115
G1 X46.884 Y50.373 E.14467
G1 X45.544 Y55.372 E.1717
G1 X45.118 Y55.258 E.01465
G1 X43.345 Y61.874 E.2272
G1 X43.772 Y61.988 E.01465
G1 X41.32 Y71.136 E.31416
G1 X40.894 Y71.022 E.01465
G1 X40.455 Y72.66 E.05624
G1 X40.882 Y72.774 E.01465
G1 X39.02 Y79.722 E.23861
G1 X39.02 Y80.924 E.03987
G1 X51.801 Y77.499 E.43895
G1 X52.251 Y75.821 E.05765
G1 X44.271 Y73.682 E.27407
G1 X49.414 Y88.795 F18000
G1 F8843.478
G1 X49.767 Y89.148 E.01656
G1 X51.164 Y89.898 E.05258
G1 X50.795 Y90.176 E.0153
G1 X50.861 Y90.242 E.00309
G1 X50.757 Y90.422 E.00692
G1 X50.499 Y90.491 E.00886
G1 X48.994 Y90.088 E.05168
G1 X50.751 Y34.236 F18000
G1 F8843.478
G1 X52.015 Y29.516 E.16207
G1 X47.075 Y28.193 E.16965
G1 X39.02 Y30.351 E.27664
G1 X39.02 Y27.023 E.11042
G1 X40.145 Y27.139 E.03754
G1 X46.886 Y27.53 F18000
;TYPE:Internal solid infill
;WIDTH:0.383057
G1 F6000
G1 X40.843 Y26.846 E.16857
G1 X38.833 Y26.639 E.05602
G1 X38.689 Y26.656 E.00402
G1 X38.657 Y26.797 E.00402
G1 X38.659 Y96.259 E1.92527
G1 X38.69 Y96.4 E.00399
G1 X38.836 Y96.417 E.00409
G1 X40.959 Y96.198 E.05914
G1 X51.106 Y95.039 E.28308
G1 X52.941 Y95.012 F18000
M204 S500
;TYPE:Internal Bridge
;WIDTH:0.379473
;HEIGHT:0.379473
G1 F5400
M106 S255
G1 X47.904 Y93.662 E.24032
G1 X48.015 Y93.247 E.01979
G1 X53.581 Y94.739 E.26554
G1 X54.719 Y94.599 E.05284
G1 X48.126 Y92.832 E.31454
G1 X48.237 Y92.417 E.01979
G1 X55.845 Y94.456 E.36294
G1 X56.956 Y94.309 E.05165
G1 X48.348 Y92.003 E.41064
G1 X48.459 Y91.588 E.01979
G1 X58.067 Y94.162 E.45835
G1 X59.178 Y94.015 E.05165
G1 X48.571 Y91.173 E.50605
G1 X48.625 Y90.971 E.00964
G1 X48.936 Y90.826 E.01583
G1 X60.287 Y93.868 E.54148
G1 X61.383 Y93.717 E.05099
G1 X50.952 Y90.922 E.49763
G1 X51.174 Y90.537 E.02049
G1 X62.479 Y93.566 E.53932
G1 X63.575 Y93.415 E.05099
G1 X51.49 Y90.177 E.57655
G1 X51.925 Y89.849 E.02512
G1 X64.671 Y93.264 E.60808
G1 X65.752 Y93.109 E.0503
G1 X50.335 Y88.978 E.73548
G1 X50.02 Y88.809 E.01648
G1 X49.528 Y88.317 E.03202
G1 X66.829 Y92.953 E.82533
G1 X67.906 Y92.797 E.05015
G1 X49.46 Y87.854 E.87998
G1 X49.571 Y87.439 E.01979
G1 X68.983 Y92.641 E.92606
G1 X70.054 Y92.483 E.04987
G1 X49.682 Y87.025 E.97184
G1 X49.793 Y86.61 E.01979
G1 X71.115 Y92.323 E1.01715
G1 X72.176 Y92.162 E.04945
G1 X49.904 Y86.195 E1.06246
G1 X50.016 Y85.78 E.01979
G1 X73.237 Y92.002 E1.10778
G1 X74.298 Y91.842 E.04945
G1 X50.127 Y85.365 E1.15309
G1 X50.238 Y84.95 E.01979
G1 X75.34 Y91.676 E1.1975
G1 X76.38 Y91.51 E.04853
G1 X50.349 Y84.536 E1.24181
G1 X50.46 Y84.121 E.01979
G1 X77.42 Y91.345 E1.28613
G1 X78.46 Y91.179 E.04853
G1 X50.571 Y83.706 E1.33044
G1 X50.683 Y83.291 E.01979
G1 X79.495 Y91.011 E1.37449
G1 X80.517 Y90.841 E.04777
G1 X50.794 Y82.876 E1.41797
G1 X50.905 Y82.461 E.01979
G1 X81.54 Y90.67 E1.46145
G1 X82.562 Y90.499 E.04777
G1 X51.016 Y82.047 E1.50492
G1 X51.127 Y81.632 E.01979
G1 X83.585 Y90.329 E1.5484
G1 X84.607 Y90.158 E.04777
G1 X51.238 Y81.217 E1.59188
G1 X51.349 Y80.802 E.01979
G1 X85.614 Y89.983 E1.63462
G1 X86.615 Y89.807 E.04683
G1 X51.461 Y80.387 E1.67707
G1 X51.572 Y79.972 E.01979
G1 X87.616 Y89.63 E1.71952
G1 X88.617 Y89.454 E.04683
G1 X51.683 Y79.557 E1.76197
G1 X51.794 Y79.143 E.01979
G1 X89.618 Y89.278 E1.80442
G1 X90.619 Y89.101 E.04683
G1 X51.905 Y78.728 E1.84686
G1 X52.016 Y78.313 E.01979
G1 X91.603 Y88.92 E1.88851
G1 X92.587 Y88.739 E.0461
G1 X52.128 Y77.898 E1.93015
G1 X52.239 Y77.483 E.01979
G1 X93.571 Y88.558 E1.97178
G1 X94.555 Y88.377 E.0461
G1 X52.35 Y77.068 E2.01342
G1 X52.461 Y76.654 E.01979
G1 X95.539 Y88.196 E2.05506
G1 X96.52 Y88.015 E.04597
G1 X52.572 Y76.239 E2.09656
G1 X52.683 Y75.824 E.01979
G1 X97.488 Y87.829 E2.13745
G1 X98.457 Y87.644 E.04543
G1 X40.998 Y72.248 E2.74109
G1 X41.109 Y71.833 E.01979
G1 X99.425 Y87.459 E2.78198
G1 X100.393 Y87.274 E.04543
G1 X51.464 Y74.163 E2.33419
G1 X51.687 Y73.778 E.02049
G1 X101.362 Y87.089 E2.36978
G1 X102.323 Y86.902 E.04513
G1 X51.863 Y73.381 E2.40723
G1 X51.256 Y72.774 E.03958
G1 X103.268 Y86.71 E2.48129
G1 X104.213 Y86.519 E.04444
G1 X50.648 Y72.166 E2.55535
G1 X50.041 Y71.559 E.03958
G1 X105.159 Y86.328 E2.62942
G1 X106.104 Y86.136 E.04444
G1 X49.434 Y70.952 E2.70348
G1 X48.826 Y70.344 E.03958
G1 X107.049 Y85.945 E2.77754
G1 X107.991 Y85.753 E.04431
G1 X48.219 Y69.737 E2.85147
G1 X47.611 Y69.129 E.03958
G1 X108.925 Y85.558 E2.92501
G1 X109.86 Y85.364 E.04397
G1 X47.004 Y68.522 E2.99855
G1 X46.397 Y67.915 E.03958
G1 X110.794 Y85.17 E3.0721
G1 X111.728 Y84.976 E.04397
G1 X45.789 Y67.307 E3.14564
G1 X45.182 Y66.7 E.03958
G1 X112.662 Y84.781 E3.21919
G1 X113.593 Y84.586 E.04382
G1 X45.656 Y66.382 E3.24099
G1 X46.485 Y66.16 E.03958
G1 X114.509 Y84.387 E3.24509
G1 X115.425 Y84.188 E.04318
G1 X47.315 Y65.938 E3.2492
G1 X48.145 Y65.715 E.03958
G1 X116.34 Y83.988 E3.2533
G1 X117.256 Y83.789 E.04318
G1 X48.974 Y65.493 E3.25741
G1 X49.804 Y65.271 E.03958
G1 X118.172 Y83.59 E3.26152
G1 X119.087 Y83.391 E.04318
G1 X50.634 Y65.048 E3.26562
G1 X51.463 Y64.826 E.03958
G1 X119.985 Y83.187 E3.26888
G1 X120.884 Y82.983 E.04243
G1 X51.876 Y64.492 E3.29203
G1 X51.876 Y64.047 E.02049
G1 X121.782 Y82.779 E3.33487
G1 X122.68 Y82.575 E.04243
G1 X43.888 Y61.462 E3.75878
G1 X43.999 Y61.048 E.01979
G1 X123.578 Y82.371 E3.79631
G1 X124.476 Y82.167 E.04243
G1 X44.111 Y60.633 E3.83385
G1 X44.222 Y60.218 E.01979
G1 X125.361 Y81.959 E3.87081
G1 X126.242 Y81.751 E.0417
G1 X44.333 Y59.803 E3.90752
G1 X44.444 Y59.388 E.01979
G1 X127.123 Y81.542 E3.94422
G1 X128.003 Y81.333 E.0417
G1 X44.555 Y58.973 E3.98093
G1 X44.666 Y58.559 E.01979
G1 X128.884 Y81.125 E4.01763
G1 X129.764 Y80.916 E.0417
G1 X44.778 Y58.144 E4.05434
G1 X44.889 Y57.729 E.01979
G1 X130.641 Y80.706 E4.09086
G1 X131.508 Y80.494 E.04113
G1 X45 Y57.314 E4.12691
G1 X45.111 Y56.899 E.01979
G1 X132.375 Y80.282 E4.16297
G1 X133.242 Y80.069 E.04113
G1 X45.222 Y56.484 E4.19902
G1 X45.333 Y56.07 E.01979
G1 X134.109 Y79.857 E4.23508
G1 X134.976 Y79.645 E.04113
G1 X51.977 Y57.405 E3.9595
G1 X52.199 Y57.02 E.02049
G1 X135.843 Y79.432 E3.99025
G1 X136.696 Y79.216 E.04058
G1 X52.376 Y56.623 E4.02257
G1 X51.768 Y56.015 E.03958
G1 X137.546 Y78.999 E4.09209
G1 X138.396 Y78.783 E.04042
G1 X51.161 Y55.408 E4.16161
G1 X50.554 Y54.801 E.03958
G1 X139.246 Y78.566 E4.23114
G1 X140.096 Y78.349 E.04042
G1 X49.946 Y54.193 E4.30066
G1 X49.339 Y53.586 E.03958
G1 X140.946 Y78.132 E4.37018
G1 X141.794 Y77.914 E.04031
G1 X48.803 Y52.998 E4.43618
G1 X48.916 Y52.865 E.00802
G1 X49.443 Y52.724 E.02512
G1 X142.624 Y77.692 E4.44529
G1 X143.455 Y77.47 E.03963
G1 X50.272 Y52.502 E4.44534
G1 X51.102 Y52.28 E.03958
G1 X144.286 Y77.248 E4.4454
G1 X145.117 Y77.026 E.03963
G1 X51.515 Y51.946 E4.46533
G1 X51.515 Y51.501 E.02049
G1 X145.948 Y76.804 E4.50497
G1 X146.778 Y76.582 E.03963
G1 X47.001 Y49.847 E4.75995
G1 X47.112 Y49.432 E.01979
G1 X147.603 Y76.359 E4.79398
G1 X148.419 Y76.133 E.03902
G1 X47.223 Y49.017 E4.82761
G1 X47.334 Y48.602 E.01979
G1 X149.235 Y75.907 E4.86124
G1 X150.051 Y75.681 E.03902
G1 X47.445 Y48.188 E4.89486
G1 X47.556 Y47.773 E.01979
G1 X150.867 Y75.455 E4.92849
G1 X151.683 Y75.229 E.03902
G1 X47.668 Y47.358 E4.96211
G1 X47.779 Y46.943 E.01979
G1 X152.499 Y75.003 E4.99574
G1 X153.305 Y74.774 E.03858
G1 X47.89 Y46.528 E5.02886
G1 X48.001 Y46.113 E.01979
G1 X154.103 Y74.543 E5.06163
G1 X154.901 Y74.312 E.03828
G1 X48.112 Y45.699 E5.0944
G1 X48.223 Y45.284 E.01979
G1 X155.699 Y74.082 E5.12717
G1 X156.497 Y73.851 E.03828
G1 X48.335 Y44.869 E5.15994
G1 X48.446 Y44.454 E.01979
G1 X157.295 Y73.62 E5.19271
G1 X158.093 Y73.389 E.03828
G1 X48.557 Y44.039 E5.22548
G1 X48.668 Y43.624 E.01979
G1 X158.88 Y73.156 E5.25771
G1 X159.659 Y72.92 E.03751
G1 X48.779 Y43.21 E5.28958
G1 X48.89 Y42.795 E.01979
G1 X160.438 Y72.684 E5.32144
G1 X161.217 Y72.448 E.03751
G1 X49.001 Y42.38 E5.3533
G1 X49.113 Y41.965 E.01979
G1 X161.996 Y72.212 E5.38516
G1 X162.775 Y71.976 E.03751
G1 X49.224 Y41.55 E5.41702
G1 X49.335 Y41.135 E.01979
G1 X163.554 Y71.74 E5.44888
G1 X164.321 Y71.501 E.03702
G1 X49.446 Y40.721 E5.48016
G1 X49.557 Y40.306 E.01979
G1 X165.073 Y71.258 E5.51073
G1 X165.825 Y71.015 E.03641
G1 X49.961 Y39.969 E5.52734
G1 X50.162 Y39.888 E.01
G1 X50.74 Y39.733 E.02758
G1 X166.576 Y70.772 E5.52602
G1 X167.328 Y70.528 E.03641
G1 X51.775 Y39.566 E5.51251
G1 X52.495 Y39.471 E.03345
G1 X52.281 Y39.257 E.01395
G1 X168.08 Y70.285 E5.52426
G1 X168.832 Y70.042 E.03641
G1 X51.673 Y38.65 E5.5891
G1 X51.066 Y38.042 E.03958
G1 X169.584 Y69.799 E5.65394
G1 X170.335 Y69.556 E.03641
G1 X50.459 Y37.435 E5.71878
G1 X50.427 Y37.403 E.00207
G1 X50.423 Y37.074 E.01516
G1 X50.446 Y36.987 E.00416
G1 X170.968 Y69.281 E5.74955
G1 X171.538 Y68.989 E.02951
G1 X50.558 Y36.572 E5.77144
G1 X50.669 Y36.157 E.01979
G1 X172.108 Y68.697 E5.79333
G1 X172.678 Y68.405 E.02951
G1 X50.78 Y35.742 E5.81522
G1 X50.891 Y35.328 E.01979
G1 X173.248 Y68.113 E5.83711
G1 X173.818 Y67.821 E.02951
G1 X51.002 Y34.913 E5.859
G1 X51.113 Y34.498 E.01979
G1 X174.309 Y67.508 E5.87711
G1 X174.675 Y67.161 E.02322
G1 X51.225 Y34.083 E5.88926
G1 X51.336 Y33.668 E.01979
G1 X175.041 Y66.815 E5.90141
G1 X175.407 Y66.468 E.02322
G1 X51.447 Y33.253 E5.91356
G1 X51.558 Y32.839 E.01979
G1 X175.772 Y66.122 E5.92571
G1 X175.977 Y65.928 E.013
G1 X176.076 Y65.758 E.00903
G1 X51.669 Y32.424 E5.93488
G1 X51.78 Y32.009 E.01979
G1 X176.3 Y65.374 E5.94026
G1 X176.443 Y64.967 E.01985
G1 X51.892 Y31.594 E5.94177
G1 X52.003 Y31.179 E.01979
G1 X176.58 Y64.56 E5.94302
G1 X176.717 Y64.152 E.01983
G1 X52.114 Y30.764 E5.94427
G1 X52.225 Y30.35 E.01979
G1 X176.854 Y63.744 E5.94551
G1 X176.975 Y63.332 E.01979
G1 X52.336 Y29.935 E5.94595
G1 X52.447 Y29.52 E.01979
G1 X177.064 Y62.911 E5.94492
G1 X177.154 Y62.49 E.01982
G1 X47.462 Y27.739 E6.18703
G1 X47.347 Y27.582 E.00896
G1 X48.608 Y27.726 E.05847
G1 X49.412 Y27.941 E.03835
G1 X49.469 Y27.833 E.00566
G1 X177.243 Y62.07 E6.09556
G1 X177.333 Y61.649 E.01982
G1 X52.407 Y28.175 E5.95967
G1 X55.48 Y28.554 E.1427
G1 X177.287 Y61.192 E5.81084
G1 X177.187 Y60.721 E.02219
G1 X58.737 Y28.982 E5.65073
G1 X62.109 Y29.441 E.15679
G1 X176.839 Y60.183 E5.47329
G1 X176.571 Y59.992 E.01517
G1 X176.126 Y59.547 E.02901
G1 X65.593 Y29.93 E5.27305
G1 X69.21 Y30.455 E.16846
G1 X175.518 Y58.94 E5.07148
G1 X175.369 Y58.791 E.00972
G1 X173.793 Y58.033 E.08057
G1 X72.999 Y31.025 E4.80846
G1 X76.997 Y31.652 E.18648
G1 X173.223 Y57.435 E4.59052
G1 X173.833 Y57.272 E.02908
G1 X173.683 Y57.114 E.01001
G1 X81.23 Y32.341 E4.41052
G1 X85.683 Y33.09 E.20807
G1 X173.486 Y56.617 E4.18868
G1 X173.715 Y56.233 E.02057
G1 X90.498 Y33.936 E3.96987
G1 X95.735 Y34.894 E.24532
G1 X174.895 Y56.105 E3.77634
G1 X174.239 Y55.484 E.0416
G1 X101.499 Y35.994 E3.47008
G1 X108.235 Y37.354 E.31664
G1 X172.869 Y54.673 E3.08344
G1 X171.901 Y54.121 E.05135
G1 X170.848 Y53.687 E.0525
G1 X116.131 Y39.025 E2.61029
G1 X119.067 Y39.664 E.13844
G1 X124.739 Y40.951 E.26802
G1 X126.816 Y41.444 E.09833
G1 X167.27 Y52.283 E1.92988
M204 S2000
G1 X174.282 Y57.139 F18000
;TYPE:Sparse infill
;WIDTH:0.45
;HEIGHT:0.2
G1 F8843.478
M106 S204
G1 X173.902 Y56.736 E.01837
G1 X174.077 Y56.443 E.01133
G1 X175.321 Y56.776 E.04274
G1 X175.425 Y56.591 E.00704
G1 X175.776 Y56.923 E.01605
G1 X174.422 Y57.286 E.04652
G1 X174.619 Y57.494 E.0095
G1 X174.374 Y57.56 E.0084
G1 X174.929 Y58.115 E.02602
G1 X175.615 Y58.444 E.02525
G1 X176.842 Y59.672 E.05757
G1 X177.002 Y59.785 E.00652
G1 X176.696 Y58.332 E.04926
G1 X175.986 Y57.121 E.04657
G1 X175.924 Y57.063 E.0028
; stop printing object USV 1 e2mm.stl_5 id:1 copy 0
; end of layer_num: 6, T: 0, print_z: 1.240000
;LAYER_CHANGE
;Z:1.44
;HEIGHT:0.2
; BEFORE_LAYER_CHANGE 6 @ 1.44mm
G92 E0
; AFTER_LAYER_CHANGE 6 @ 1.44mm
; start of layer_num: 7, T: 0, print_z: 1.440000
; printing object "USV 1 e2mm.stl_6_B" id:0 copy 0
G1 E-.8 F3600
G1 X39.024 Y113.058 Z1.44 F18000
G1 E.8 F3600
M204 S1000
;TYPE:Outer wall
;WIDTH:0.42
G1 F3000
G1 X40.007 Y113.159 E.03037
G1 X46.966 Y113.913 E.21507
G1 X51.762 Y114.473 E.14838
G1 X56.537 Y115.07 E.14786
G1 X61.308 Y115.686 E.14784
G1 X66.078 Y116.347 E.14797
G1 X70.847 Y117.038 E.14807
G1 X75.618 Y117.759 E.14824
G1 X80.399 Y118.521 E.14877
G1 X86.138 Y119.479 E.17878
G1 X91.866 Y120.489 E.17873
G1 X97.585 Y121.541 E.17867
G1 X103.298 Y122.641 E.17877
G1 X108.996 Y123.786 E.17858
G1 X114.683 Y124.969 E.17849
G1 X120.362 Y126.205 E.17857
G1 X126.03 Y127.492 E.1786
G1 X131.687 Y128.834 E.17864
G1 X137.331 Y130.222 E.17862
G1 X142.981 Y131.665 E.17917
G1 X148.573 Y133.148 E.17777
G1 X154.146 Y134.695 E.17772
G1 X159.743 Y136.313 E.17901
G1 X165.32 Y137.999 E.17902
G1 X171.993 Y140.16 E.21553
G1 X175.713 Y142.066 E.12843
G1 X177.679 Y143.929 E.08322
G1 X177.986 Y144.458 E.01881
G1 X178.861 Y147.058 E.08429
G1 X179.232 Y148.798 E.05465
G1 X178.502 Y152.263 E.10881
G1 X177.677 Y153.673 E.05019
G1 X175.713 Y155.532 E.08311
G1 X173.341 Y156.884 E.0839
G1 X171.997 Y157.44 E.04468
G1 X170.839 Y157.85 E.03777
G1 X165.316 Y159.603 E.17804
G1 X159.743 Y161.289 E.1789
G1 X154.142 Y162.908 E.17914
G1 X148.562 Y164.454 E.17792
G1 X142.969 Y165.937 E.17779
G1 X137.32 Y167.391 E.17923
G1 X131.675 Y168.768 E.17854
G1 X126.019 Y170.11 E.17863
G1 X120.339 Y171.398 E.17893
G1 X114.664 Y172.633 E.17848
G1 X108.971 Y173.827 E.17872
G1 X103.273 Y174.973 E.1786
G1 X97.534 Y176.073 E.17954
G1 X91.79 Y177.125 E.17944
G1 X86.036 Y178.135 E.17951
G1 X80.275 Y179.092 E.17946
G1 X75.495 Y179.854 E.14872
G1 X70.724 Y180.587 E.14832
G1 X61.192 Y181.923 E.29574
G1 X56.424 Y182.554 E.1478
G1 X51.643 Y183.14 E.148
G1 X46.848 Y183.696 E.14834
G1 X42.036 Y184.233 E.14875
G1 X39.024 Y184.543 E.09305
G1 X39.024 Y113.078 E2.19594
M204 S2000
G1 X39.416 Y113.492 F18000
M204 S1500
;TYPE:Inner wall
;WIDTH:0.45
G1 F4800
G1 X39.966 Y113.549 E.01833
G1 X46.922 Y114.303 E.23209
G1 X51.715 Y114.862 E.16008
G1 X56.487 Y115.459 E.15954
G1 X61.256 Y116.074 E.15951
G1 X66.024 Y116.735 E.15965
G1 X70.79 Y117.426 E.15977
G1 X75.557 Y118.147 E.15994
G1 X80.336 Y118.908 E.16051
G1 X86.072 Y119.865 E.19289
G1 X91.797 Y120.875 E.19285
G1 X97.513 Y121.926 E.19278
G1 X103.223 Y123.025 E.19288
G1 X108.917 Y124.17 E.19269
G1 X114.602 Y125.352 E.19259
G1 X120.276 Y126.587 E.19265
G1 X125.941 Y127.874 E.19269
G1 X131.594 Y129.215 E.19273
G1 X137.236 Y130.603 E.19272
G1 X142.882 Y132.044 E.1933
G1 X148.47 Y133.527 E.19179
G1 X154.04 Y135.072 E.19172
G1 X159.632 Y136.689 E.1931
G1 X165.203 Y138.373 E.19306
G1 X171.842 Y140.523 E.23151
G1 X175.484 Y142.389 E.13573
G1 X177.368 Y144.175 E.08611
G1 X177.628 Y144.621 E.01712
G1 X178.483 Y147.162 E.08893
G1 X178.831 Y148.798 E.0555
G1 X178.132 Y152.12 E.1126
G1 X177.367 Y153.426 E.05021
G1 X175.478 Y155.214 E.08629
G1 X173.168 Y156.531 E.08819
G1 X171.857 Y157.074 E.04707
G1 X170.714 Y157.479 E.04022
G1 X165.2 Y159.228 E.1919
G1 X159.632 Y160.913 E.19297
G1 X154.035 Y162.53 E.19324
G1 X148.459 Y164.076 E.19194
G1 X142.87 Y165.558 E.19182
G1 X137.225 Y167.011 E.19336
G1 X131.584 Y168.387 E.19263
G1 X125.93 Y169.728 E.19274
G1 X120.254 Y171.015 E.19305
G1 X114.582 Y172.25 E.19257
G1 X108.892 Y173.443 E.19284
G1 X103.197 Y174.588 E.1927
G1 X97.462 Y175.688 E.19372
G1 X91.721 Y176.739 E.19361
G1 X85.97 Y177.748 E.19368
G1 X80.212 Y178.705 E.19364
G1 X75.434 Y179.467 E.16047
G1 X70.667 Y180.199 E.16
G1 X61.139 Y181.535 E.31913
G1 X56.374 Y182.165 E.15945
G1 X51.597 Y182.751 E.15967
G1 X41.994 Y183.843 E.32058
G1 X39.416 Y184.109 E.08598
G1 X39.416 Y113.512 E2.34181
G1 E-.8 F3600
M204 S2000
G1 X49.171 Y115.379 F18000
G1 E.8 F3600
;TYPE:Internal solid infill
;WIDTH:0.421043
G1 F6000
G1 X49.397 Y115.605 E.00984
G1 X50.127 Y115.8 E.0233
G1 X50.053 Y115.726 E.00323
G1 X50.783 Y115.922 E.0233
G1 X50.858 Y115.996 E.00323
G1 X51.588 Y116.192 E.0233
G1 X51.006 Y115.61 E.02537
G1 X51.189 Y115.258 E.01221
G1 X52.319 Y116.388 E.04922
G1 X53.049 Y116.583 E.0233
G1 X51.657 Y115.191 E.06067
G1 X52.268 Y115.267 E.01897
G1 X109.893 Y172.893 E2.51102
G1 X110.335 Y172.8 E.01392
G1 X52.879 Y115.344 E2.50366
G1 X53.49 Y115.42 E.01898
G1 X110.777 Y172.707 E2.49629
G1 X111.219 Y172.614 E.01392
G1 X54.101 Y115.496 E2.48892
G1 X54.712 Y115.573 E.01898
G1 X111.661 Y172.522 E2.48155
G1 X112.103 Y172.429 E.01392
G1 X55.323 Y115.649 E2.47419
G1 X55.935 Y115.726 E.01898
G1 X112.545 Y172.336 E2.46682
G1 X112.987 Y172.244 E.01392
G1 X56.546 Y115.802 E2.45943
G1 X57.16 Y115.882 E.01908
G1 X113.429 Y172.151 E2.45194
G1 X113.871 Y172.058 E.01392
G1 X57.774 Y115.961 E2.44444
G1 X58.388 Y116.04 E.01908
G1 X114.314 Y171.966 E2.43695
G1 X114.754 Y171.871 E.01388
G1 X59.002 Y116.119 E2.42939
G1 X59.616 Y116.199 E.01908
G1 X115.193 Y171.776 E2.42177
G1 X115.632 Y171.68 E.01385
G1 X60.23 Y116.278 E2.41415
G1 X60.844 Y116.357 E.01908
G1 X116.071 Y171.584 E2.40653
G1 X116.511 Y171.489 E.01385
G1 X61.461 Y116.439 E2.3988
G1 X62.082 Y116.525 E.01931
G1 X116.95 Y171.393 E2.39088
G1 X117.389 Y171.298 E.01385
G1 X62.702 Y116.611 E2.38297
G1 X63.323 Y116.697 E.01931
G1 X117.828 Y171.202 E2.37506
G1 X118.267 Y171.106 E.01385
G1 X63.944 Y116.783 E2.36715
G1 X64.564 Y116.869 E.01931
G1 X118.706 Y171.011 E2.35923
G1 X119.145 Y170.915 E.01385
G1 X65.185 Y116.955 E2.35132
G1 X65.806 Y117.041 E.01931
G1 X119.585 Y170.82 E2.34341
G1 X120.024 Y170.724 E.01385
G1 X66.43 Y117.13 E2.33534
G1 X67.056 Y117.221 E.01947
G1 X120.461 Y170.626 E2.32713
G1 X120.897 Y170.528 E.01377
G1 X67.681 Y117.312 E2.31887
G1 X68.307 Y117.403 E.01947
G1 X121.333 Y170.429 E2.31061
G1 X121.768 Y170.33 E.01377
G1 X68.932 Y117.493 E2.30235
G1 X69.557 Y117.584 E.01947
G1 X122.204 Y170.231 E2.29409
G1 X122.64 Y170.132 E.01377
G1 X70.183 Y117.675 E2.28583
G1 X70.809 Y117.766 E.01949
G1 X123.076 Y170.033 E2.27755
G1 X123.512 Y169.935 E.01377
G1 X71.439 Y117.861 E2.2691
G1 X72.069 Y117.956 E.01963
G1 X123.948 Y169.836 E2.26064
G1 X124.384 Y169.737 E.01377
G1 X72.699 Y118.052 E2.25219
G1 X73.329 Y118.147 E.01963
G1 X124.82 Y169.638 E2.24374
G1 X125.256 Y169.539 E.01377
G1 X73.959 Y118.242 E2.23528
G1 X74.588 Y118.337 E.01963
G1 X125.692 Y169.44 E2.22683
G1 X126.125 Y169.339 E.01372
G1 X75.218 Y118.432 E2.21827
G1 X75.852 Y118.531 E.01975
G1 X126.558 Y169.237 E2.20951
G1 X126.99 Y169.134 E.01369
G1 X76.488 Y118.632 E2.20063
G1 X77.124 Y118.734 E.01985
G1 X127.422 Y169.032 E2.19175
G1 X127.854 Y168.929 E.01369
G1 X77.76 Y118.835 E2.18286
G1 X78.396 Y118.936 E.01985
G1 X128.287 Y168.827 E2.17398
G1 X128.719 Y168.724 E.01369
G1 X79.032 Y119.038 E2.1651
G1 X79.668 Y119.139 E.01985
G1 X129.151 Y168.622 E2.15621
G1 X129.583 Y168.519 E.01369
G1 X80.305 Y119.24 E2.14732
G1 X80.946 Y119.348 E.02005
G1 X130.015 Y168.417 E2.13819
G1 X130.448 Y168.314 E.01369
G1 X81.588 Y119.455 E2.12905
G1 X82.23 Y119.562 E.02005
G1 X130.88 Y168.212 E2.11992
G1 X131.312 Y168.109 E.01369
G1 X82.872 Y119.669 E2.11078
G1 X83.514 Y119.776 E.02005
G1 X131.743 Y168.005 E2.10159
G1 X132.173 Y167.9 E.01363
G1 X84.156 Y119.883 E2.09235
G1 X84.798 Y119.99 E.02005
G1 X132.603 Y167.795 E2.08312
G1 X133.033 Y167.691 E.01363
G1 X85.439 Y120.097 E2.07388
G1 X86.082 Y120.205 E.02008
G1 X133.462 Y167.586 E2.06461
G1 X133.892 Y167.481 E.01363
G1 X86.731 Y120.32 E2.05504
G1 X87.381 Y120.434 E.02032
G1 X134.322 Y167.376 E2.04548
G1 X134.752 Y167.271 E.01363
G1 X88.03 Y120.549 E2.03592
G1 X88.679 Y120.663 E.02032
G1 X135.182 Y167.166 E2.02636
G1 X135.612 Y167.061 E.01363
G1 X89.329 Y120.778 E2.01679
G1 X89.978 Y120.893 E.02032
G1 X136.042 Y166.956 E2.00723
G1 X136.471 Y166.851 E.01363
G1 X90.627 Y121.007 E1.99767
G1 X91.276 Y121.122 E.02032
G1 X136.901 Y166.747 E1.9881
G1 X137.329 Y166.64 E.01359
G1 X91.928 Y121.238 E1.97838
G1 X92.583 Y121.358 E.02053
G1 X137.754 Y166.53 E1.96836
G1 X138.18 Y166.421 E.01353
G1 X93.238 Y121.479 E1.95834
G1 X93.893 Y121.599 E.02053
G1 X138.605 Y166.311 E1.94832
G1 X139.03 Y166.202 E.01353
G1 X94.548 Y121.72 E1.9383
G1 X95.204 Y121.84 E.02053
G1 X139.456 Y166.092 E1.92828
G1 X139.881 Y165.983 E.01353
G1 X95.859 Y121.961 E1.91826
G1 X96.514 Y122.081 E.02053
G1 X140.306 Y165.874 E1.90824
G1 X140.732 Y165.764 E.01353
G1 X97.169 Y122.202 E1.89822
G1 X97.829 Y122.326 E.02067
G1 X141.157 Y165.655 E1.88803
G1 X141.582 Y165.545 E.01353
G1 X98.491 Y122.454 E1.87771
G1 X99.153 Y122.581 E.02078
G1 X142.008 Y165.436 E1.86739
G1 X142.433 Y165.326 E.01353
G1 X99.815 Y122.709 E1.85706
G1 X100.478 Y122.836 E.02078
G1 X142.858 Y165.217 E1.84672
G1 X143.28 Y165.104 E.01347
G1 X101.14 Y122.964 E1.83628
G1 X101.802 Y123.091 E.02078
G1 X143.703 Y164.992 E1.82584
G1 X144.126 Y164.88 E.01347
G1 X102.464 Y123.219 E1.8154
G1 X103.126 Y123.346 E.02078
G1 X144.548 Y164.768 E1.80496
G1 X144.971 Y164.656 E.01347
G1 X103.795 Y123.48 E1.79423
G1 X104.465 Y123.615 E.02104
G1 X145.394 Y164.544 E1.78348
G1 X145.816 Y164.432 E.01347
G1 X105.134 Y123.75 E1.77273
G1 X105.803 Y123.884 E.02104
G1 X146.239 Y164.32 E1.76198
G1 X146.662 Y164.208 E.01347
G1 X106.473 Y124.019 E1.75123
G1 X107.142 Y124.153 E.02104
G1 X147.084 Y164.095 E1.74048
G1 X147.507 Y163.983 E.01347
G1 X107.811 Y124.288 E1.72973
G1 X108.481 Y124.423 E.02104
G1 X147.929 Y163.871 E1.71898
G1 X148.352 Y163.759 E.01347
G1 X109.153 Y124.56 E1.70812
G1 X109.828 Y124.7 E.02125
G1 X148.771 Y163.643 E1.69695
G1 X149.19 Y163.527 E.01339
G1 X110.503 Y124.841 E1.68578
G1 X111.178 Y124.981 E.02125
G1 X149.608 Y163.411 E1.6746
G1 X150.027 Y163.295 E.01339
G1 X111.853 Y125.121 E1.66343
G1 X112.528 Y125.262 E.02125
G1 X150.446 Y163.179 E1.65225
G1 X150.865 Y163.063 E.01339
G1 X113.204 Y125.402 E1.64108
G1 X113.879 Y125.543 E.02125
G1 X151.283 Y162.947 E1.62991
G1 X151.702 Y162.831 E.01339
G1 X114.554 Y125.683 E1.61872
G1 X115.238 Y125.832 E.02155
G1 X152.121 Y162.715 E1.60718
G1 X152.539 Y162.599 E.01339
G1 X115.921 Y125.981 E1.59565
G1 X116.604 Y126.129 E.02155
G1 X152.958 Y162.483 E1.58411
G1 X153.377 Y162.367 E.01339
G1 X117.288 Y126.278 E1.57257
G1 X117.971 Y126.427 E.02155
G1 X153.796 Y162.251 E1.56104
G1 X154.212 Y162.132 E.01333
G1 X118.655 Y126.575 E1.54939
G1 X119.338 Y126.724 E.02155
G1 X154.627 Y162.012 E1.53769
G1 X155.041 Y161.893 E.01331
G1 X120.022 Y126.873 E1.52599
G1 X120.711 Y127.028 E.02178
G1 X155.456 Y161.773 E1.51401
G1 X155.871 Y161.653 E.01331
G1 X121.403 Y127.185 E1.50194
G1 X122.095 Y127.342 E.02186
G1 X156.286 Y161.533 E1.48987
G1 X156.701 Y161.413 E.01331
G1 X122.787 Y127.499 E1.47779
G1 X123.479 Y127.657 E.02186
G1 X157.116 Y161.293 E1.46572
G1 X157.531 Y161.173 E.01331
G1 X124.171 Y127.814 E1.45365
G1 X124.863 Y127.971 E.02186
G1 X157.946 Y161.054 E1.44158
G1 X158.361 Y160.934 E.01331
G1 X125.555 Y128.128 E1.4295
G1 X126.252 Y128.29 E.02205
G1 X158.775 Y160.814 E1.41721
G1 X159.19 Y160.694 E.01331
G1 X126.953 Y128.457 E1.40475
G1 X127.654 Y128.623 E.0222
G1 X159.604 Y160.573 E1.39225
G1 X160.015 Y160.449 E.01322
G1 X128.355 Y128.789 E1.37959
G1 X129.056 Y128.955 E.0222
G1 X160.425 Y160.325 E1.36693
G1 X160.836 Y160.201 E.01322
G1 X129.757 Y129.122 E1.35428
G1 X130.458 Y129.288 E.0222
G1 X161.247 Y160.076 E1.34162
G1 X161.657 Y159.952 E.01322
G1 X131.159 Y129.454 E1.32896
G1 X131.864 Y129.624 E.02235
G1 X162.068 Y159.828 E1.31613
G1 X162.478 Y159.704 E.01322
G1 X132.573 Y129.799 E1.30312
G1 X133.282 Y129.973 E.0225
G1 X162.889 Y159.58 E1.2901
G1 X163.299 Y159.455 E.01322
G1 X133.991 Y130.148 E1.27709
G1 X134.701 Y130.322 E.0225
G1 X163.71 Y159.331 E1.26407
G1 X164.12 Y159.207 E.01322
G1 X135.41 Y130.497 E1.25106
G1 X136.119 Y130.671 E.0225
G1 X164.531 Y159.083 E1.23804
G1 X164.941 Y158.959 E.01322
G1 X136.828 Y130.845 E1.22503
G1 X137.542 Y131.025 E.02268
G1 X165.349 Y158.831 E1.21168
G1 X165.755 Y158.703 E.01312
G1 X138.26 Y131.208 E1.19808
G1 X138.979 Y131.391 E.02284
G1 X166.161 Y158.574 E1.18447
G1 X166.567 Y158.445 E.01312
G1 X139.697 Y131.575 E1.17087
G1 X140.415 Y131.758 E.02284
G1 X166.973 Y158.316 E1.15727
G1 X167.379 Y158.187 E.01312
G1 X141.133 Y131.942 E1.14367
G1 X141.851 Y132.125 E.02284
G1 X167.785 Y158.059 E1.13006
G1 X168.191 Y157.93 E.01312
G1 X142.569 Y132.308 E1.11646
G1 X143.294 Y132.498 E.02308
G1 X168.596 Y157.801 E1.10257
G1 X169.002 Y157.672 E.01312
G1 X144.022 Y132.691 E1.08854
G1 X144.749 Y132.884 E.0232
G1 X169.408 Y157.543 E1.07452
G1 X169.814 Y157.415 E.01312
G1 X145.477 Y133.077 E1.06049
G1 X146.205 Y133.271 E.0232
G1 X170.22 Y157.286 E1.04646
G1 X170.626 Y157.156 E.01311
G1 X146.933 Y133.464 E1.03242
G1 X147.661 Y133.657 E.0232
G1 X171.021 Y157.017 E1.01791
G1 X171.416 Y156.877 E.01291
G1 X148.389 Y133.85 E1.00341
G1 X149.129 Y134.055 E.02367
G1 X171.807 Y156.734 E.98823
G1 X172.186 Y156.577 E.01261
G1 X149.869 Y134.26 E.97246
G1 X150.609 Y134.466 E.02367
G1 X172.564 Y156.421 E.95668
G1 X172.942 Y156.264 E.01261
G1 X151.349 Y134.671 E.9409
G1 X152.089 Y134.877 E.02367
G1 X173.29 Y156.078 E.92384
G1 X173.631 Y155.883 E.01208
G1 X152.829 Y135.082 E.90643
G1 X153.569 Y135.287 E.02367
G1 X173.971 Y155.689 E.88902
G1 X174.312 Y155.495 E.01208
G1 X154.315 Y135.498 E.87136
G1 X155.067 Y135.716 E.02413
G1 X174.653 Y155.301 E.85342
G1 X174.993 Y155.107 E.01208
G1 X155.82 Y135.934 E.83548
G1 X156.572 Y136.151 E.02413
G1 X175.323 Y154.902 E.81707
G1 X175.598 Y154.642 E.01166
G1 X157.324 Y136.369 E.79626
G1 X158.077 Y136.586 E.02413
G1 X175.872 Y154.382 E.77546
G1 X176.147 Y154.122 E.01166
G1 X158.829 Y136.804 E.75465
G1 X159.582 Y137.022 E.02416
G1 X176.422 Y153.862 E.7338
G1 X176.697 Y153.602 E.01166
G1 X160.348 Y137.254 E.71238
G1 X161.115 Y137.485 E.02467
G1 X176.971 Y153.342 E.69095
G1 X177.104 Y153.217 E.0056
G1 X177.206 Y153.042 E.00625
G1 X161.881 Y137.717 E.66777
G1 X162.648 Y137.949 E.02467
G1 X177.403 Y152.704 E.64297
G1 X177.601 Y152.367 E.01204
G1 X163.414 Y138.181 E.61818
G1 X164.181 Y138.412 E.02467
G1 X177.798 Y152.03 E.59338
G1 X177.901 Y151.598 E.01368
G1 X164.947 Y138.644 E.56445
G1 X165.733 Y138.895 E.02542
G1 X177.994 Y151.156 E.53426
G1 X178.087 Y150.714 E.01391
G1 X166.524 Y139.151 E.50385
G1 X167.315 Y139.408 E.02561
G1 X178.18 Y150.272 E.47344
G1 X178.273 Y149.831 E.01391
G1 X168.106 Y139.664 E.44303
G1 X168.897 Y139.92 E.02561
G1 X178.366 Y149.389 E.41262
G1 X178.459 Y148.947 E.01391
G1 X169.688 Y140.176 E.38221
G1 X170.478 Y140.432 E.02561
G1 X178.394 Y148.348 E.34493
G1 X178.25 Y147.669 E.0214
G1 X171.269 Y140.688 E.30417
G1 X171.714 Y140.832 E.01441
G1 X172.194 Y141.078 E.01661
G1 X178.057 Y146.941 E.25547
G1 X177.785 Y146.135 E.0262
G1 X173.29 Y141.64 E.19588
G1 X174.387 Y142.201 E.03796
G1 X177.784 Y145.599 E.14804
G1 X109.594 Y173.129 F18000
G1 F6000
G1 X54.002 Y117.536 E2.42245
G1 X53.889 Y117.958 E.01345
G1 X109.009 Y173.078 E2.40187
G1 X108.565 Y173.169 E.01396
G1 X53.776 Y118.379 E2.38745
G1 X53.663 Y118.801 E.01345
G1 X108.12 Y173.258 E2.37297
G1 X107.674 Y173.348 E.01399
G1 X53.55 Y119.223 E2.35849
G1 X53.437 Y119.645 E.01345
G1 X107.229 Y173.437 E2.34402
G1 X106.784 Y173.527 E.01399
G1 X53.324 Y120.066 E2.32954
G1 X53.211 Y120.488 E.01345
G1 X106.339 Y173.616 E2.31506
G1 X105.894 Y173.706 E.01399
G1 X53.098 Y120.91 E2.30059
G1 X52.985 Y121.332 E.01345
G1 X105.448 Y173.795 E2.28611
G1 X105.003 Y173.885 E.01399
G1 X52.872 Y121.753 E2.27163
G1 X52.759 Y122.175 E.01345
G1 X104.558 Y173.974 E2.25716
G1 X104.113 Y174.064 E.01399
G1 X52.646 Y122.597 E2.24268
G1 X52.533 Y123.019 E.01345
G1 X103.667 Y174.153 E2.2282
G1 X103.222 Y174.243 E.01399
G1 X52.42 Y123.44 E2.21372
G1 X52.307 Y123.862 E.01345
G1 X102.774 Y174.33 E2.19913
G1 X102.325 Y174.416 E.01408
G1 X52.194 Y124.284 E2.1845
G1 X52.158 Y124.418 E.00428
G1 X54.931 Y127.191 E.12083
G1 X54.609 Y127.234 E.01001
G1 X101.877 Y174.502 E2.05971
G1 X101.428 Y174.588 E.01408
G1 X54.136 Y127.296 E2.06074
G1 X53.664 Y127.359 E.01468
G1 X100.979 Y174.674 E2.06176
G1 X100.531 Y174.76 E.01408
G1 X53.192 Y127.421 E2.06279
G1 X52.72 Y127.484 E.01468
G1 X100.082 Y174.846 E2.06381
G1 X99.633 Y174.932 E.01408
G1 X52.248 Y127.546 E2.06484
G1 X51.821 Y127.654 E.01356
G1 X99.185 Y175.018 E2.06388
G1 X98.736 Y175.104 E.01408
G1 X51.406 Y127.774 E2.0624
G1 X51.241 Y127.841 E.0055
G1 X51.177 Y128.08 E.00762
G1 X98.287 Y175.19 E2.05285
G1 X97.839 Y175.276 E.01408
G1 X51.064 Y128.501 E2.03823
G1 X50.951 Y128.923 E.01345
G1 X97.39 Y175.362 E2.02359
G1 X96.938 Y175.445 E.01416
G1 X50.838 Y129.345 E2.00882
G1 X50.725 Y129.766 E.01345
G1 X96.486 Y175.528 E1.99405
G1 X96.034 Y175.611 E.01416
G1 X50.612 Y130.188 E1.97928
G1 X50.499 Y130.61 E.01345
G1 X95.582 Y175.693 E1.96451
G1 X95.13 Y175.776 E.01416
G1 X50.386 Y131.032 E1.94974
G1 X50.273 Y131.453 E.01345
G1 X94.678 Y175.859 E1.93497
G1 X94.226 Y175.942 E.01416
G1 X50.16 Y131.875 E1.9202
G1 X50.047 Y132.297 E.01345
G1 X93.774 Y176.024 E1.90542
G1 X93.322 Y176.107 E.01416
G1 X49.934 Y132.719 E1.89065
G1 X49.821 Y133.14 E.01345
G1 X92.87 Y176.19 E1.87588
G1 X92.418 Y176.273 E.01416
G1 X49.708 Y133.562 E1.86111
G1 X49.595 Y133.984 E.01345
G1 X91.966 Y176.355 E1.84634
G1 X91.513 Y176.437 E.01418
G1 X49.481 Y134.406 E1.83152
G1 X49.368 Y134.827 E.01345
G1 X52.253 Y137.712 E.12569
G1 X51.523 Y137.516 E.0233
G1 X49.255 Y135.249 E.09879
G1 X49.142 Y135.671 E.01345
G1 X50.792 Y137.32 E.07188
G1 X50.062 Y137.125 E.0233
G1 X49.029 Y136.093 E.04497
G1 X48.916 Y136.514 E.01345
G1 X49.571 Y137.169 E.02853
G1 X45.614 Y148.185 F18000
G1 F6000
G1 X45.884 Y148.455 E.01178
G1 X46.614 Y148.651 E.0233
G1 X45.865 Y147.901 E.03264
G1 X45.978 Y147.48 E.01345
G1 X47.345 Y148.846 E.05955
G1 X48.075 Y149.042 E.0233
G1 X46.091 Y147.058 E.08646
G1 X46.204 Y146.636 E.01345
G1 X48.806 Y149.238 E.11336
G1 X49.536 Y149.433 E.0233
G1 X46.317 Y146.214 E.14027
G1 X46.43 Y145.793 E.01345
G1 X50.267 Y149.629 E.16718
G1 X50.997 Y149.825 E.0233
G1 X46.543 Y145.371 E.19408
G1 X46.656 Y144.949 E.01345
G1 X51.728 Y150.021 E.22099
G1 X52.458 Y150.216 E.0233
G1 X46.769 Y144.527 E.2479
G1 X46.882 Y144.106 E.01345
G1 X53.429 Y150.652 E.28526
G1 X53.25 Y161.168 F18000
G1 F6000
G1 X54.003 Y161.922 E.03284
G1 X51.065 Y175.026 F18000
G1 F6000
G1 X51.749 Y175.71 E.02981
G1 X52.905 Y176.33 E.04042
G1 X51.316 Y174.742 E.0692
G1 X51.429 Y174.321 E.01345
G1 X58.639 Y181.53 E.31413
G1 X59.111 Y181.467 E.01468
G1 X51.542 Y173.899 E.32979
G1 X51.656 Y173.477 E.01345
G1 X59.583 Y181.405 E.34544
G1 X60.055 Y181.342 E.01468
G1 X51.769 Y173.055 E.3611
G1 X51.882 Y172.634 E.01345
G1 X60.528 Y181.28 E.37675
G1 X61 Y181.217 E.01468
G1 X51.995 Y172.212 E.39241
G1 X52.108 Y171.79 E.01345
G1 X61.47 Y181.152 E.40795
G1 X61.939 Y181.086 E.01459
G1 X52.221 Y171.368 E.42346
G1 X52.334 Y170.947 E.01345
G1 X62.407 Y181.021 E.43897
G1 X62.876 Y180.955 E.01459
G1 X52.447 Y170.525 E.45448
G1 X52.56 Y170.103 E.01345
G1 X63.345 Y180.889 E.47
G1 X63.814 Y180.823 E.01459
G1 X52.673 Y169.681 E.48551
G1 X52.786 Y169.26 E.01345
G1 X64.283 Y180.758 E.50102
G1 X64.752 Y180.692 E.01459
G1 X52.899 Y168.838 E.51653
G1 X53.012 Y168.416 E.01345
G1 X65.221 Y180.626 E.53204
G1 X65.69 Y180.56 E.01459
G1 X53.125 Y167.995 E.54755
G1 X53.238 Y167.573 E.01345
G1 X66.159 Y180.495 E.56307
G1 X66.628 Y180.429 E.01459
G1 X53.351 Y167.151 E.57858
G1 X53.464 Y166.729 E.01345
G1 X67.097 Y180.363 E.59409
G1 X67.566 Y180.297 E.01459
G1 X53.577 Y166.308 E.6096
G1 X53.69 Y165.886 E.01345
G1 X68.035 Y180.231 E.62511
G1 X68.504 Y180.166 E.01459
G1 X53.803 Y165.464 E.64062
G1 X53.916 Y165.042 E.01345
G1 X68.973 Y180.1 E.65613
G1 X69.442 Y180.034 E.01459
G1 X54.029 Y164.621 E.67165
G1 X54.142 Y164.199 E.01345
G1 X69.911 Y179.968 E.68716
G1 X70.38 Y179.903 E.01459
G1 X54.255 Y163.777 E.70267
G1 X54.368 Y163.355 E.01345
G1 X70.846 Y179.834 E.71806
G1 X71.31 Y179.763 E.01445
G1 X54.481 Y162.934 E.73334
G1 X54.594 Y162.512 E.01345
G1 X71.774 Y179.692 E.74861
G1 X72.237 Y179.621 E.01445
G1 X53.57 Y160.953 E.81343
G1 X53.765 Y160.614 E.01206
G1 X72.701 Y179.549 E.8251
G1 X73.164 Y179.478 E.01445
G1 X47.724 Y154.038 E1.10854
G1 X48.146 Y153.925 E.01345
G1 X73.628 Y179.407 E1.11036
G1 X74.091 Y179.336 E.01445
G1 X48.568 Y153.812 E1.11218
G1 X48.99 Y153.699 E.01345
G1 X74.555 Y179.265 E1.11401
G1 X75.018 Y179.193 E.01445
G1 X49.411 Y153.586 E1.11583
G1 X49.833 Y153.473 E.01345
G1 X75.481 Y179.122 E1.11763
G1 X75.943 Y179.048 E.01439
G1 X50.255 Y153.36 E1.11935
G1 X50.677 Y153.247 E.01345
G1 X76.404 Y178.975 E1.12107
G1 X76.865 Y178.901 E.01439
G1 X51.098 Y153.134 E1.12279
G1 X51.52 Y153.021 E.01345
G1 X77.326 Y178.828 E1.12451
G1 X77.788 Y178.754 E.01439
G1 X51.942 Y152.908 E1.12623
G1 X52.364 Y152.795 E.01345
G1 X78.249 Y178.681 E1.12796
G1 X78.71 Y178.607 E.01439
G1 X52.785 Y152.682 E1.12968
G1 X53.207 Y152.569 E.01345
G1 X79.171 Y178.534 E1.1314
G1 X79.633 Y178.46 E.01439
G1 X53.609 Y152.436 E1.13399
G1 X53.609 Y151.902 E.01648
G1 X80.094 Y178.387 E1.15409
G1 X80.553 Y178.311 E.01433
G1 X53.609 Y151.367 E1.17409
G1 X53.609 Y150.832 E.01648
G1 X81.011 Y178.235 E1.19407
G1 X81.47 Y178.158 E.01432
G1 X47.164 Y143.853 E1.49487
G1 X47.895 Y144.048 E.0233
G1 X81.928 Y178.082 E1.48302
G1 X82.387 Y178.006 E.01432
G1 X48.625 Y144.244 E1.47117
G1 X49.356 Y144.44 E.0233
G1 X82.845 Y177.93 E1.45932
G1 X83.304 Y177.853 E.01432
G1 X50.086 Y144.636 E1.44747
G1 X50.817 Y144.831 E.0233
G1 X83.762 Y177.777 E1.43562
G1 X84.221 Y177.701 E.01432
G1 X51.547 Y145.027 E1.42377
G1 X52.277 Y145.223 E.0233
G1 X84.679 Y177.625 E1.41192
G1 X85.138 Y177.549 E.01432
G1 X53.008 Y145.419 E1.40007
G1 X53.327 Y145.504 E.01016
G1 X53.437 Y145.313 E.0068
G1 X85.597 Y177.472 E1.40136
G1 X86.054 Y177.395 E.01429
G1 X53.633 Y144.974 E1.41276
G1 X53.828 Y144.635 E.01206
G1 X86.509 Y177.315 E1.42406
G1 X86.964 Y177.235 E.01423
G1 X54.024 Y144.296 E1.43535
G1 X54.22 Y143.957 E.01206
G1 X87.419 Y177.156 E1.44664
G1 X87.874 Y177.076 E.01423
G1 X51.249 Y140.451 E1.59593
G1 X51.671 Y140.338 E.01345
G1 X88.329 Y176.996 E1.59738
G1 X88.783 Y176.916 E.01423
G1 X52.092 Y140.225 E1.59882
G1 X52.514 Y140.112 E.01345
G1 X89.238 Y176.836 E1.60027
G1 X89.693 Y176.756 E.01423
G1 X52.936 Y139.999 E1.60171
G1 X53.247 Y139.915 E.00994
G1 X53.247 Y139.776 E.00431
G1 X90.148 Y176.677 E1.60796
G1 X90.603 Y176.597 E.01423
G1 X53.247 Y139.241 E1.62779
G1 X53.247 Y138.706 E.01648
G1 X91.205 Y176.663 E1.654
G1 X58.317 Y181.743 F18000
G1 F6000
G1 X53.855 Y177.281 E.19443
G1 X53.55 Y177.511 E.01177
G1 X57.694 Y181.655 E.18057
G1 X57.222 Y181.717 E.01468
G1 X53.245 Y177.74 E.1733
G1 X52.939 Y177.969 E.01177
G1 X56.749 Y181.78 E.16603
G1 X56.277 Y181.842 E.01469
G1 X52.724 Y178.289 E.15481
G1 X52.528 Y178.628 E.01206
G1 X55.8 Y181.9 E.14258
G1 X55.324 Y181.958 E.01479
G1 X52.332 Y178.967 E.13036
G1 X52.301 Y179.021 E.00191
G1 X51.687 Y178.856 E.0196
G1 X54.848 Y182.017 E.13773
G1 X54.371 Y182.075 E.01479
G1 X54.33 Y182.034 E.00179
G1 X54.257 Y181.44 E.01844
G1 X53.793 Y181.497 E.01441
G1 X50.956 Y178.66 E.12361
G1 X50.546 Y178.55 E.01309
G1 X50.386 Y178.624 E.00544
G1 X53.317 Y181.555 E.12771
G1 X53.279 Y181.56 E.00118
G1 X52.606 Y181.38 E.02145
G1 X50.186 Y178.96 E.10544
G1 X50.073 Y179.382 E.01345
G1 X51.876 Y181.184 E.07854
G1 X51.145 Y180.988 E.0233
G1 X49.96 Y179.803 E.05163
G1 X49.847 Y180.225 E.01345
G1 X50.655 Y181.032 E.03518
G1 X39.582 Y182.112 F18000
M204 S500
;TYPE:Internal Bridge
;WIDTH:0.379473
;HEIGHT:0.379473
G1 F5400
M106 S255
G1 X40.004 Y183.687 E.07513
G1 X40.437 Y183.642 E.02004
G1 X39.776 Y181.174 E.11776
G1 X39.776 Y179.514 E.07646
G1 X40.87 Y183.597 E.19479
G1 X41.302 Y183.553 E.02004
G1 X39.776 Y177.855 E.27182
G1 X39.776 Y176.196 E.07646
G1 X41.735 Y183.508 E.34886
G1 X42.167 Y183.462 E.02003
G1 X39.776 Y174.536 E.42579
G1 X39.776 Y172.877 E.07646
G1 X42.599 Y183.412 E.5026
G1 X43.03 Y183.363 E.02001
G1 X39.776 Y171.218 E.57942
G1 X39.776 Y169.558 E.07646
G1 X43.462 Y183.314 E.65624
G1 X43.893 Y183.265 E.02001
G1 X39.776 Y167.899 E.73306
G1 X39.776 Y166.239 E.07646
G1 X44.324 Y183.216 E.80988
G1 X44.756 Y183.167 E.02001
G1 X39.776 Y164.58 E.8867
G1 X39.776 Y162.921 E.07646
G1 X45.187 Y183.118 E.96352
G1 X45.619 Y183.069 E.02001
G1 X39.776 Y161.261 E1.04034
G1 X39.776 Y159.602 E.07646
G1 X46.05 Y183.02 E1.11716
G1 X46.482 Y182.971 E.02001
G1 X39.776 Y157.943 E1.19398
G1 X39.776 Y156.283 E.07646
G1 X46.913 Y182.922 E1.2708
G1 X47.345 Y182.873 E.02001
G1 X39.776 Y154.624 E1.34762
G1 X39.776 Y152.965 E.07646
G1 X47.776 Y182.823 E1.42444
G1 X48.208 Y182.774 E.02001
G1 X39.776 Y151.305 E1.50126
G1 X39.776 Y149.646 E.07646
G1 X48.639 Y182.725 E1.57807
G1 X49.071 Y182.676 E.02001
G1 X39.776 Y147.986 E1.65489
G1 X39.776 Y146.327 E.07646
G1 X49.502 Y182.627 E1.73171
G1 X49.934 Y182.578 E.02001
G1 X39.776 Y144.668 E1.80853
G1 X39.776 Y143.008 E.07646
G1 X49.589 Y179.632 E1.74715
G1 X49.811 Y178.802 E.03958
G1 X39.776 Y141.349 E1.78673
G1 X39.776 Y139.69 E.07646
G1 X50.122 Y178.302 E1.84203
G1 X50.519 Y178.125 E.02004
G1 X39.776 Y138.03 E1.91276
G1 X39.776 Y136.371 E.07646
G1 X50.998 Y178.254 E1.99804
G1 X51.477 Y178.382 E.02285
G1 X39.776 Y134.712 E2.08333
G1 X39.776 Y133.052 E.07646
G1 X50.923 Y174.654 E1.98463
G1 X50.772 Y175.215 E.02676
G1 X50.803 Y175.447 E.01077
G1 X51.257 Y175.9 E.02955
G1 X51.956 Y178.511 E.12454
G1 X52.107 Y178.551 E.00719
G1 X52.315 Y178.19 E.01918
G1 X51.777 Y176.182 E.09579
G1 X52.296 Y176.461 E.02717
G1 X52.628 Y177.699 E.05904
G1 X52.998 Y177.421 E.02133
G1 X52.816 Y176.74 E.03246
G1 X53.335 Y177.02 E.02717
G1 X53.422 Y177.344 E.01549
M204 S2000
G1 X50.416 Y182.718 F18000
M204 S500
G1 F5400
G1 X49.98 Y181.094 E.07748
G1 X50.459 Y181.222 E.02285
G1 X50.797 Y182.48 E.06002
G1 X51.228 Y182.431 E.02001
G1 X50.938 Y181.35 E.05155
G1 X51.417 Y181.479 E.02285
G1 X51.659 Y182.381 E.04304
G1 X52.09 Y182.328 E.01999
G1 X51.896 Y181.607 E.03441
G1 X52.376 Y181.735 E.02285
G1 X52.52 Y182.275 E.02577
G1 X52.951 Y182.223 E.01999
G1 X52.855 Y181.864 E.01713
G1 X53.25 Y181.97 E.01886
G1 X53.325 Y181.96 E.00349
G1 X53.381 Y182.17 E.00999
G1 X53.812 Y182.117 E.01999
G1 X53.705 Y181.719 E.01899
M204 S2000
G1 X51.245 Y174.198 F18000
M204 S500
G1 F5400
G1 X39.776 Y131.393 E2.04202
G1 X39.776 Y129.734 E.07646
G1 X51.367 Y172.995 E2.06379
G1 X51.59 Y172.165 E.03958
G1 X39.776 Y128.074 E2.10337
G1 X39.776 Y126.415 E.07646
G1 X45.49 Y147.743 E1.01746
G1 X45.713 Y146.913 E.03958
G1 X39.776 Y124.755 E1.05704
G1 X39.776 Y123.096 E.07646
G1 X45.935 Y146.083 E1.09662
G1 X46.157 Y145.254 E.03958
G1 X39.776 Y121.437 E1.1362
G1 X39.776 Y119.777 E.07646
G1 X46.38 Y144.424 E1.17578
G1 X46.602 Y143.594 E.03958
G1 X39.776 Y118.118 E1.21536
G1 X39.776 Y116.459 E.07646
G1 X46.991 Y143.389 E1.28472
G1 X47.471 Y143.517 E.02285
G1 X39.776 Y114.799 E1.37001
G1 X39.776 Y113.891 E.04187
G1 X39.983 Y113.912 E.00959
G1 X47.95 Y143.646 E1.41844
G1 X48.429 Y143.774 E.02285
G1 X40.44 Y113.962 E1.4222
G1 X40.898 Y114.012 E.02122
G1 X48.908 Y143.902 E1.42595
G1 X49.387 Y144.031 E.02285
G1 X41.356 Y114.061 E1.42971
G1 X41.814 Y114.111 E.02122
G1 X49.866 Y144.159 E1.43346
G1 X50.345 Y144.287 E.02285
G1 X42.272 Y114.161 E1.43722
G1 X42.73 Y114.21 E.02122
G1 X48.603 Y136.127 E1.04556
G1 X48.825 Y135.298 E.03958
G1 X43.188 Y114.26 E1.00362
G1 X43.646 Y114.309 E.02122
G1 X49.047 Y134.468 E.96167
G1 X49.27 Y133.638 E.03958
G1 X44.104 Y114.359 E.91972
G1 X44.562 Y114.409 E.02122
G1 X49.492 Y132.808 E.87777
G1 X49.714 Y131.979 E.03958
G1 X45.02 Y114.458 E.83582
G1 X45.478 Y114.508 E.02122
G1 X49.937 Y131.149 E.79388
G1 X50.159 Y130.319 E.03958
G1 X45.936 Y114.558 E.75193
G1 X46.393 Y114.607 E.02122
G1 X50.381 Y129.49 E.70998
G1 X50.604 Y128.66 E.03958
G1 X46.851 Y114.657 E.66803
G1 X47.31 Y114.71 E.02129
G1 X50.826 Y127.83 E.62591
G1 X50.903 Y127.541 E.01378
G1 X51.165 Y127.437 E.01299
G1 X47.769 Y114.764 E.60456
G1 X48.228 Y114.817 E.02129
G1 X48.353 Y115.283 E.02223
G1 X48.101 Y115.675 E.02146
G1 X48.486 Y115.778 E.01833
G1 X51.574 Y127.303 E.54981
G1 X51.989 Y127.192 E.01979
G1 X48.965 Y115.906 E.53838
G1 X49.444 Y116.035 E.02285
G1 X52.413 Y127.118 E.52871
G1 X52.843 Y127.061 E.01996
G1 X52.335 Y125.166 E.09041
G1 X51.754 Y124.585 E.03783
G1 X51.752 Y124.373 E.00976
G1 X51.937 Y123.682 E.03298
G1 X49.923 Y116.163 E.35869
G1 X50.402 Y116.291 E.02285
G1 X52.16 Y122.852 E.31299
G1 X52.382 Y122.023 E.03958
G1 X50.881 Y116.42 E.26729
G1 X51.36 Y116.548 E.02285
G1 X52.604 Y121.193 E.22158
G1 X52.827 Y120.363 E.03958
G1 X51.839 Y116.677 E.17588
G1 X52.318 Y116.805 E.02285
G1 X53.049 Y119.534 E.13018
G1 X53.271 Y118.704 E.03958
G1 X52.797 Y116.933 E.08447
G1 X53.276 Y117.062 E.02285
G1 X53.594 Y118.248 E.05658
M204 S2000
G1 X48.801 Y115.295 F18000
M204 S500
G1 F5400
G1 X48.687 Y114.871 E.02023
G1 X49.146 Y114.924 E.02129
G1 X49.206 Y115.148 E.01065
G1 X49.377 Y115.168 E.00795
G1 X49.382 Y115.129 E.0018
G1 X49.666 Y115.205 E.01355
G1 X49.605 Y114.978 E.01083
G1 X50.064 Y115.032 E.02129
G1 X50.145 Y115.333 E.0144
G1 X50.624 Y115.462 E.02285
G1 X50.469 Y114.884 E.02755
M204 S2000
G1 X52.842 Y125.4 F18000
M204 S500
G1 F5400
G1 X53.272 Y127.004 E.07653
G1 X53.701 Y126.947 E.01996
G1 X53.45 Y126.007 E.04485
M204 S2000
G1 X48.841 Y137.015 F18000
M204 S500
G1 F5400
G1 X50.824 Y144.416 E.35306
G1 X51.303 Y144.544 E.02285
G1 X49.377 Y137.359 E.34277
G1 X49.856 Y137.487 E.02285
G1 X50.586 Y140.211 E.12993
G1 X50.21 Y140.312 E.01794
G1 X50.761 Y140.862 E.03588
G1 X51.782 Y144.672 E.18176
G1 X52.261 Y144.801 E.02285
G1 X51.368 Y141.47 E.15891
G1 X51.975 Y142.077 E.03958
G1 X52.74 Y144.929 E.13606
G1 X53.132 Y145.034 E.01872
G1 X53.187 Y144.939 E.00507
G1 X52.583 Y142.684 E.10756
G1 X53.19 Y143.292 E.03958
G1 X53.561 Y144.677 E.06608
M204 S2000
G1 X51.051 Y140.286 F18000
M204 S500
G1 F5400
G1 X50.335 Y137.616 E.12741
G1 X50.814 Y137.744 E.02285
G1 X51.416 Y139.989 E.10708
G1 X51.831 Y139.877 E.01979
G1 X51.293 Y137.872 E.09566
G1 X51.772 Y138.001 E.02285
G1 X52.246 Y139.766 E.08423
G1 X52.66 Y139.655 E.01979
G1 X52.251 Y138.129 E.0728
G1 X52.73 Y138.257 E.02285
G1 X53.037 Y139.402 E.05461
M204 S2000
G1 X45.728 Y148.63 F18000
M204 S500
G1 F5400
G1 X47.11 Y153.786 E.24593
G1 X47.524 Y153.675 E.01979
G1 X46.265 Y148.974 E.22422
G1 X46.744 Y149.103 E.02285
G1 X47.939 Y153.563 E.2128
G1 X48.354 Y153.452 E.01979
G1 X47.223 Y149.231 E.20137
G1 X47.702 Y149.359 E.02285
G1 X48.769 Y153.341 E.18994
G1 X49.184 Y153.23 E.01979
G1 X48.181 Y149.488 E.17852
G1 X48.66 Y149.616 E.02285
G1 X49.599 Y153.119 E.16709
G1 X50.013 Y153.008 E.01979
G1 X49.139 Y149.744 E.15567
G1 X49.618 Y149.873 E.02285
G1 X50.428 Y152.896 E.14424
G1 X50.843 Y152.785 E.01979
G1 X50.097 Y150.001 E.13282
G1 X50.576 Y150.13 E.02285
G1 X51.258 Y152.674 E.12139
G1 X51.673 Y152.563 E.01979
G1 X51.055 Y150.258 E.10996
G1 X51.534 Y150.386 E.02285
G1 X52.088 Y152.452 E.09854
G1 X52.502 Y152.341 E.01979
G1 X52.013 Y150.515 E.08711
G1 X52.492 Y150.643 E.02285
G1 X52.917 Y152.229 E.07569
G1 X53.205 Y152.152 E.01375
G1 X53.205 Y151.646 E.02335
G1 X52.913 Y150.556 E.05199
M204 S2000
G1 X47.264 Y154.364 F18000
M204 S500
G1 F5400
G1 X51.812 Y171.335 E.80964
G1 X52.034 Y170.506 E.03958
G1 X47.972 Y155.344 E.72327
G1 X48.579 Y155.952 E.03958
G1 X52.257 Y169.676 E.65472
G1 X52.479 Y168.846 E.03958
G1 X49.187 Y156.559 E.58616
G1 X49.794 Y157.166 E.03958
G1 X52.701 Y168.016 E.51761
G1 X52.923 Y167.187 E.03958
G1 X50.401 Y157.774 E.44905
G1 X51.009 Y158.381 E.03958
G1 X53.146 Y166.357 E.3805
G1 X53.368 Y165.527 E.03958
G1 X51.616 Y158.989 E.31194
G1 X52.223 Y159.596 E.03958
G1 X53.59 Y164.698 E.24339
G1 X53.813 Y163.868 E.03958
G1 X53.306 Y161.977 E.09024
G1 X53.785 Y162.105 E.02285
G1 X54.135 Y163.412 E.06234
M204 S2000
G1 X53.125 Y161.303 F18000
M204 S500
G1 F5400
G1 X52.731 Y159.83 E.07026
; stop printing object USV 1 e2mm.stl_6_B id:0 copy 0
; printing object "USV 1 e2mm.stl_5" id:1 copy 0
M204 S2000
G1 E-.8 F3600
G1 X37.906 Y97.272 F18000
G1 E.8 F3600
M204 S1000
;TYPE:Outer wall
;WIDTH:0.42
;HEIGHT:0.2
G1 F3000
M106 S204
G1 X37.906 Y25.784 E2.19661
G1 X38.792 Y25.876 E.02735
G1 X40.926 Y26.096 E.06594
G1 X45.738 Y26.632 E.14875
G1 X50.533 Y27.188 E.14834
G1 X55.314 Y27.774 E.148
G1 X60.083 Y28.401 E.14779
G1 X64.844 Y29.062 E.14772
G1 X69.613 Y29.754 E.14807
G1 X74.385 Y30.474 E.14829
G1 X79.165 Y31.236 E.14871
G1 X84.926 Y32.194 E.17946
G1 X90.68 Y33.204 E.17951
G1 X96.425 Y34.256 E.17944
G1 X102.163 Y35.356 E.17954
G1 X107.861 Y36.509 E.17864
G1 X113.554 Y37.695 E.17868
G1 X119.23 Y38.931 E.17848
G1 X124.909 Y40.219 E.17894
G1 X130.565 Y41.56 E.17862
G1 X136.21 Y42.949 E.17864
G1 X141.859 Y44.391 E.17914
G1 X147.452 Y45.874 E.17779
G1 X153.032 Y47.422 E.17793
G1 X158.633 Y49.036 E.17911
G1 X164.206 Y50.725 E.17893
G1 X169.729 Y52.478 E.17804
G1 X170.887 Y52.889 E.03779
G1 X172.231 Y53.445 E.04466
G1 X174.603 Y54.797 E.0839
G1 X176.567 Y56.656 E.08311
G1 X177.392 Y58.062 E.05008
G1 X178.122 Y61.532 E.10895
G1 X177.752 Y63.271 E.05464
G1 X176.877 Y65.87 E.08428
G1 X176.569 Y66.399 E.01881
G1 X174.603 Y68.263 E.08322
G1 X170.883 Y70.168 E.12843
G1 X164.21 Y72.326 E.21551
G1 X158.633 Y74.015 E.17905
G1 X153.037 Y75.634 E.17901
G1 X147.463 Y77.177 E.1777
G1 X141.871 Y78.672 E.17787
G1 X136.222 Y80.113 E.17915
G1 X130.577 Y81.496 E.17858
G1 X124.92 Y82.836 E.17864
G1 X119.252 Y84.124 E.1786
G1 X113.573 Y85.359 E.17857
G1 X107.886 Y86.542 E.17849
G1 X102.188 Y87.696 E.17863
G1 X96.475 Y88.788 E.17872
G1 X90.756 Y89.84 E.17867
G1 X85.028 Y90.85 E.17873
G1 X79.289 Y91.808 E.17879
G1 X74.508 Y92.57 E.14877
G1 X69.738 Y93.291 E.14823
G1 X64.968 Y93.982 E.14808
G1 X60.198 Y94.639 E.14796
G1 X55.426 Y95.27 E.1479
G1 X50.653 Y95.855 E.14779
G1 X41.039 Y96.949 E.29729
G1 X37.926 Y97.27 E.09617
M204 S2000
G1 X38.298 Y96.837 F18000
M204 S1500
;TYPE:Inner wall
;WIDTH:0.45
G1 F4800
G1 X38.298 Y26.219 E2.34254
G1 X38.751 Y26.266 E.01512
G1 X40.885 Y26.485 E.07114
G1 X45.693 Y27.022 E.1605
G1 X50.487 Y27.578 E.16008
G1 X55.265 Y28.163 E.15967
G1 X60.03 Y28.789 E.15945
G1 X64.789 Y29.45 E.15937
G1 X69.556 Y30.141 E.15978
G1 X74.325 Y30.862 E.15999
G1 X79.102 Y31.623 E.16045
G1 X84.86 Y32.58 E.19364
G1 X90.611 Y33.59 E.19368
G1 X96.352 Y34.642 E.19362
G1 X102.087 Y35.741 E.1937
G1 X107.783 Y36.893 E.19275
G1 X113.472 Y38.079 E.1928
G1 X119.145 Y39.314 E.19256
G1 X124.82 Y40.601 E.19306
G1 X130.473 Y41.941 E.19271
G1 X136.115 Y43.33 E.19274
G1 X141.761 Y44.771 E.19328
G1 X147.349 Y46.253 E.19179
G1 X152.925 Y47.799 E.19195
G1 X158.522 Y49.412 E.19321
G1 X164.09 Y51.1 E.19299
G1 X169.604 Y52.85 E.1919
G1 X170.747 Y53.255 E.04024
G1 X172.058 Y53.798 E.04707
G1 X174.368 Y55.114 E.08819
G1 X176.257 Y56.902 E.08631
G1 X177.022 Y58.205 E.05009
G1 X177.721 Y61.531 E.11275
G1 X177.373 Y63.167 E.05548
G1 X176.518 Y65.707 E.08891
G1 X176.258 Y66.153 E.01712
G1 X174.374 Y67.939 E.08611
G1 X170.733 Y69.805 E.13573
G1 X164.093 Y71.952 E.23148
G1 X158.522 Y73.639 E.19309
G1 X152.93 Y75.256 E.1931
G1 X147.36 Y76.799 E.1917
G1 X141.772 Y78.292 E.19189
G1 X136.126 Y79.733 E.19326
G1 X130.485 Y81.114 E.19267
G1 X124.831 Y82.454 E.19274
G1 X119.167 Y83.741 E.19268
G1 X113.492 Y84.976 E.19266
G1 X107.807 Y86.158 E.1926
G1 X102.113 Y87.311 E.19273
G1 X96.403 Y88.403 E.19283
G1 X90.687 Y89.454 E.19279
G1 X84.962 Y90.463 E.19285
G1 X79.226 Y91.421 E.1929
G1 X74.448 Y92.183 E.16051
G1 X69.68 Y92.903 E.15993
G1 X64.914 Y93.594 E.15978
G1 X60.146 Y94.25 E.15966
G1 X55.377 Y94.881 E.15956
G1 X50.606 Y95.466 E.15943
G1 X40.997 Y96.559 E.32082
G1 X38.318 Y96.835 E.08934
M204 S2000
G1 X38.464 Y94.825 F18000
M204 S500
;TYPE:Internal Bridge
;WIDTH:0.379473
;HEIGHT:0.379473
G1 F5400
M106 S255
G1 X38.89 Y96.415 E.07587
G1 X39.323 Y96.37 E.02004
G1 X38.658 Y93.886 E.1185
G1 X38.658 Y92.227 E.07646
G1 X39.756 Y96.326 E.19553
G1 X40.189 Y96.281 E.02004
G1 X38.658 Y90.568 E.27256
G1 X38.658 Y88.908 E.07646
G1 X40.621 Y96.237 E.34959
G1 X41.054 Y96.191 E.02004
G1 X38.658 Y87.249 E.42658
G1 X38.658 Y85.59 E.07646
G1 X41.485 Y96.142 E.5034
G1 X41.917 Y96.093 E.02001
G1 X38.658 Y83.93 E.58022
G1 X38.658 Y82.271 E.07646
G1 X42.348 Y96.044 E.65704
G1 X42.779 Y95.995 E.02001
G1 X38.658 Y80.612 E.73385
G1 X38.658 Y78.952 E.07646
G1 X43.211 Y95.946 E.81067
G1 X43.642 Y95.896 E.02001
G1 X38.658 Y77.293 E.88749
G1 X38.658 Y75.634 E.07646
G1 X44.074 Y95.847 E.96431
G1 X44.505 Y95.798 E.02001
G1 X38.658 Y73.974 E1.04113
G1 X38.658 Y72.315 E.07646
G1 X44.937 Y95.749 E1.11795
G1 X45.368 Y95.7 E.02001
G1 X38.658 Y70.655 E1.19477
G1 X38.658 Y68.996 E.07646
G1 X45.8 Y95.651 E1.27158
G1 X46.231 Y95.602 E.02001
G1 X38.658 Y67.337 E1.3484
G1 X38.658 Y65.677 E.07646
G1 X46.663 Y95.553 E1.42522
G1 X47.094 Y95.504 E.02001
G1 X38.658 Y64.018 E1.50204
G1 X38.658 Y62.359 E.07646
G1 X47.526 Y95.455 E1.57886
G1 X47.957 Y95.406 E.02001
G1 X41.782 Y72.36 E1.0994
G1 X42.261 Y72.488 E.02285
G1 X48.389 Y95.356 E1.09094
G1 X48.82 Y95.307 E.02001
G1 X42.74 Y72.617 E1.08247
G1 X43.219 Y72.745 E.02285
G1 X48.475 Y92.36 E.93573
G1 X48.697 Y91.53 E.03958
G1 X43.698 Y72.873 E.89003
G1 X44.177 Y73.002 E.02285
G1 X49.008 Y91.03 E.86005
G1 X49.405 Y90.854 E.02003
G1 X44.656 Y73.13 E.84551
G1 X45.135 Y73.258 E.02285
G1 X49.884 Y90.982 E.84551
G1 X50.363 Y91.11 E.02285
G1 X45.614 Y73.387 E.84551
G1 X46.093 Y73.515 E.02285
G1 X49.809 Y87.382 E.66151
G1 X49.658 Y87.943 E.02676
G1 X49.689 Y88.175 E.01078
G1 X50.143 Y88.628 E.02954
G1 X50.842 Y91.239 E.12455
G1 X50.993 Y91.279 E.00721
G1 X51.201 Y90.919 E.01916
G1 X50.663 Y88.911 E.09582
G1 X51.182 Y89.19 E.02717
G1 X51.514 Y90.427 E.05903
G1 X51.884 Y90.148 E.02134
G1 X51.702 Y89.469 E.03242
G1 X52.221 Y89.748 E.02717
G1 X52.308 Y90.071 E.01541
M204 S2000
G1 X48.809 Y93.606 F18000
M204 S500
G1 F5400
G1 X49.252 Y95.258 E.07882
G1 X49.683 Y95.209 E.02001
G1 X49.346 Y93.95 E.06007
G1 X49.825 Y94.078 E.02285
G1 X50.114 Y95.16 E.0516
G1 X50.546 Y95.111 E.02001
G1 X50.304 Y94.207 E.04314
G1 X50.783 Y94.335 E.02285
G1 X50.976 Y95.058 E.0345
G1 X51.407 Y95.006 E.01998
G1 X51.262 Y94.463 E.02586
G1 X51.741 Y94.592 E.02285
G1 X51.837 Y94.953 E.01722
G1 X52.268 Y94.9 E.01998
G1 X52.212 Y94.69 E.01
G1 X52.642 Y94.637 E.01998
G1 X52.698 Y94.847 E.01
G1 X53.129 Y94.794 E.01998
G1 X53.022 Y94.396 E.01899
M204 S2000
G1 X50.131 Y86.925 F18000
M204 S500
G1 F5400
G1 X46.572 Y73.644 E.63362
G1 X47.051 Y73.772 E.02285
G1 X50.253 Y85.722 E.57011
G1 X50.476 Y84.893 E.03958
G1 X47.53 Y73.9 E.5244
G1 X48.009 Y74.029 E.02285
G1 X50.698 Y84.063 E.4787
G1 X50.92 Y83.233 E.03958
G1 X48.488 Y74.157 E.433
G1 X48.967 Y74.285 E.02285
G1 X51.143 Y82.404 E.38729
G1 X51.365 Y81.574 E.03958
G1 X49.446 Y74.414 E.34159
G1 X49.925 Y74.542 E.02285
G1 X51.587 Y80.744 E.29589
G1 X51.81 Y79.915 E.03958
G1 X50.404 Y74.67 E.25018
G1 X50.883 Y74.799 E.02285
G1 X52.032 Y79.085 E.20448
G1 X52.254 Y78.255 E.03958
G1 X51.362 Y74.927 E.15878
G1 X51.841 Y75.055 E.02285
G1 X52.476 Y77.426 E.11307
G1 X52.699 Y76.596 E.03958
G1 X52.32 Y75.184 E.06737
G1 X52.799 Y75.312 E.02285
G1 X53.021 Y76.14 E.03948
M204 S2000
G1 X41.711 Y72.097 F18000
M204 S500
G1 F5400
G1 X38.658 Y60.699 E.54371
G1 X38.658 Y59.04 E.07646
G1 X42.133 Y72.009 E.61871
G1 X42.612 Y72.138 E.02285
G1 X38.658 Y57.381 E.70399
G1 X38.658 Y55.721 E.07646
G1 X43.091 Y72.266 E.78928
G1 X43.57 Y72.394 E.02285
G1 X38.658 Y54.062 E.87456
G1 X38.658 Y52.403 E.07646
G1 X44.049 Y72.523 E.95984
G1 X44.528 Y72.651 E.02285
G1 X38.658 Y50.743 E1.04513
G1 X38.658 Y49.084 E.07646
G1 X45.007 Y72.779 E1.13041
G1 X45.486 Y72.908 E.02285
G1 X38.658 Y47.425 E1.21569
G1 X38.658 Y45.765 E.07646
G1 X45.965 Y73.036 E1.30098
G1 X46.444 Y73.164 E.02285
G1 X38.658 Y44.106 E1.38626
G1 X38.658 Y42.446 E.07646
G1 X46.923 Y73.293 E1.47154
G1 X47.402 Y73.421 E.02285
G1 X38.658 Y40.787 E1.55683
G1 X38.658 Y39.128 E.07646
G1 X44.376 Y60.471 E1.01817
G1 X44.599 Y59.641 E.03958
G1 X38.658 Y37.468 E1.05775
G1 X38.658 Y35.809 E.07646
G1 X44.821 Y58.811 E1.09733
G1 X45.043 Y57.981 E.03958
G1 X38.658 Y34.15 E1.13691
G1 X38.658 Y32.49 E.07646
G1 X45.266 Y57.152 E1.17649
G1 X45.488 Y56.322 E.03958
G1 X38.658 Y30.831 E1.21607
G1 X38.658 Y29.172 E.07646
G1 X45.878 Y56.117 E1.28545
G1 X46.357 Y56.245 E.02285
G1 X38.658 Y27.512 E1.37073
G1 X38.658 Y26.617 E.04124
G1 X38.868 Y26.639 E.00976
G1 X46.836 Y56.374 E1.41851
G1 X47.315 Y56.502 E.02285
G1 X39.326 Y26.686 E1.42239
G1 X39.783 Y26.733 E.02118
G1 X47.794 Y56.63 E1.42626
G1 X48.273 Y56.759 E.02285
G1 X40.24 Y26.78 E1.43014
G1 X40.697 Y26.828 E.02118
G1 X48.752 Y56.887 E1.43401
G1 X49.231 Y57.016 E.02285
G1 X41.155 Y26.877 E1.43776
G1 X41.614 Y26.928 E.02125
G1 X47.489 Y48.855 E1.04602
G1 X47.711 Y48.025 E.03958
G1 X42.072 Y26.98 E1.004
G1 X42.53 Y27.031 E.02125
G1 X47.933 Y47.196 E.96198
G1 X48.156 Y46.366 E.03958
G1 X42.989 Y27.082 E.91996
G1 X43.447 Y27.133 E.02125
G1 X48.378 Y45.536 E.87794
G1 X48.6 Y44.707 E.03958
G1 X43.905 Y27.184 E.83592
G1 X44.364 Y27.235 E.02125
G1 X48.823 Y43.877 E.7939
G1 X49.045 Y43.047 E.03958
G1 X44.822 Y27.286 E.75188
G1 X45.28 Y27.338 E.02125
G1 X49.267 Y42.218 E.70986
G1 X49.49 Y41.388 E.03958
G1 X45.739 Y27.389 E.66782
G1 X46.197 Y27.442 E.02129
G1 X49.712 Y40.558 E.6257
G1 X49.789 Y40.269 E.01377
G1 X50.051 Y40.164 E.013
G1 X46.656 Y27.496 E.60438
G1 X47.115 Y27.549 E.02129
G1 X50.46 Y40.031 E.59547
G1 X50.875 Y39.92 E.01979
G1 X47.574 Y27.602 E.58763
G1 X48.033 Y27.655 E.02129
G1 X51.299 Y39.846 E.58155
G1 X51.729 Y39.789 E.01996
G1 X51.221 Y37.893 E.09042
G1 X50.641 Y37.313 E.03782
G1 X50.638 Y37.101 E.00977
G1 X50.823 Y36.41 E.03298
G1 X48.492 Y27.708 E.41511
G1 X48.951 Y27.761 E.02129
G1 X51.046 Y35.58 E.37299
G1 X51.268 Y34.75 E.03958
G1 X49.41 Y27.815 E.33088
G1 X49.868 Y27.868 E.02129
G1 X51.49 Y33.921 E.28876
G1 X51.713 Y33.091 E.03958
G1 X50.327 Y27.921 E.24664
G1 X50.787 Y27.977 E.02133
G1 X51.935 Y32.261 E.20441
G1 X52.157 Y31.432 E.03958
G1 X51.247 Y28.033 E.16214
G1 X51.706 Y28.089 E.02134
G1 X51.766 Y28.313 E.01067
G1 X52.226 Y28.369 E.02134
G1 X52.166 Y28.146 E.01067
G1 X52.626 Y28.202 E.02134
G1 X52.686 Y28.426 E.01067
G1 X53.145 Y28.482 E.02134
G1 X53.032 Y28.057 E.02028
M204 S2000
G1 X51.847 Y28.616 F18000
M204 S500
G1 F5400
G1 X52.38 Y30.602 E.09474
G1 X52.602 Y29.772 E.03958
G1 X52.326 Y28.744 E.04904
M204 S2000
G1 X51.728 Y38.127 F18000
M204 S500
G1 F5400
G1 X52.158 Y39.732 E.07655
G1 X52.588 Y39.675 E.01996
G1 X52.336 Y38.735 E.04487
M204 S2000
G1 X47.727 Y49.743 F18000
M204 S500
G1 F5400
G1 X49.71 Y57.144 E.35306
G1 X50.189 Y57.272 E.02285
G1 X48.264 Y50.087 E.34277
G1 X48.743 Y50.215 E.02285
G1 X49.472 Y52.939 E.12992
G1 X49.096 Y53.04 E.01794
G1 X49.647 Y53.59 E.03588
G1 X50.668 Y57.401 E.18178
G1 X51.147 Y57.529 E.02285
G1 X50.254 Y54.198 E.15893
G1 X50.862 Y54.805 E.03958
G1 X51.626 Y57.657 E.13607
G1 X52.018 Y57.763 E.01873
G1 X52.073 Y57.668 E.00505
G1 X51.469 Y55.412 E.10759
G1 X52.076 Y56.02 E.03958
G1 X52.448 Y57.406 E.06612
M204 S2000
G1 X49.937 Y53.014 F18000
M204 S500
G1 F5400
G1 X49.222 Y50.344 E.1274
G1 X49.701 Y50.472 E.02285
G1 X50.302 Y52.716 E.10707
G1 X50.717 Y52.605 E.01979
G1 X50.18 Y50.6 E.09564
G1 X50.659 Y50.729 E.02285
G1 X51.132 Y52.494 E.08422
G1 X51.546 Y52.383 E.01979
G1 X51.138 Y50.857 E.07279
G1 X51.617 Y50.986 E.02285
G1 X51.923 Y52.128 E.0545
M204 S2000
G1 X44.614 Y61.359 F18000
M204 S500
G1 F5400
G1 X45.996 Y66.514 E.24592
G1 X46.41 Y66.402 E.01979
G1 X45.151 Y61.703 E.22421
G1 X45.63 Y61.831 E.02285
G1 X46.825 Y66.291 E.21278
G1 X47.24 Y66.18 E.01979
G1 X46.109 Y61.959 E.20136
G1 X46.588 Y62.088 E.02285
G1 X47.655 Y66.069 E.18993
G1 X48.07 Y65.958 E.01979
G1 X47.067 Y62.216 E.1785
G1 X47.546 Y62.344 E.02285
G1 X48.485 Y65.847 E.16708
G1 X48.899 Y65.735 E.01979
G1 X48.025 Y62.473 E.15565
G1 X48.504 Y62.601 E.02285
G1 X49.314 Y65.624 E.14423
G1 X49.729 Y65.513 E.01979
G1 X48.983 Y62.729 E.1328
G1 X49.462 Y62.858 E.02285
G1 X50.144 Y65.402 E.12137
G1 X50.559 Y65.291 E.01979
G1 X49.941 Y62.986 E.10995
G1 X50.42 Y63.114 E.02285
G1 X50.974 Y65.18 E.09852
G1 X51.389 Y65.068 E.01979
G1 X50.899 Y63.243 E.0871
G1 X51.378 Y63.371 E.02285
G1 X51.803 Y64.957 E.07567
G1 X52.091 Y64.88 E.01372
G1 X52.091 Y64.371 E.02345
G1 X51.8 Y63.284 E.05188
M204 S2000
G1 X46.15 Y67.091 F18000
M204 S500
G1 F5400
G1 X47.881 Y73.55 E.30809
G1 X48.36 Y73.678 E.02285
G1 X46.858 Y68.072 E.26742
G1 X47.465 Y68.68 E.03958
G1 X48.839 Y73.806 E.24457
G1 X49.318 Y73.935 E.02285
G1 X48.073 Y69.287 E.22172
G1 X48.68 Y69.894 E.03958
G1 X49.797 Y74.063 E.19887
G1 X50.276 Y74.191 E.02285
G1 X49.287 Y70.502 E.17602
G1 X49.895 Y71.109 E.03958
G1 X50.755 Y74.32 E.15316
G1 X51.234 Y74.448 E.02285
G1 X50.502 Y71.716 E.13031
G1 X51.109 Y72.324 E.03958
G1 X51.637 Y74.293 E.09396
G1 X51.941 Y73.767 E.02799
G1 X51.617 Y72.558 E.0577
M204 S2000
G1 X52.704 Y75.045 F18000
;TYPE:Internal solid infill
;WIDTH:0.421176
;HEIGHT:0.2
G1 F6000
M106 S204
G1 X52.048 Y74.388 E.02861
G1 X52.244 Y74.049 E.01207
G1 X70.619 Y92.424 E.80098
G1 X71.084 Y92.354 E.01449
G1 X52.44 Y73.71 E.8127
G1 X52.635 Y73.371 E.01207
G1 X71.548 Y92.284 E.82442
G1 X72.013 Y92.214 E.01449
G1 X46.575 Y66.776 E1.10885
G1 X46.997 Y66.663 E.01346
G1 X72.478 Y92.143 E1.11072
G1 X72.942 Y92.073 E.01449
G1 X47.419 Y66.55 E1.11258
G1 X47.841 Y66.437 E.01346
G1 X73.407 Y92.003 E1.11445
G1 X73.872 Y91.933 E.01449
G1 X48.263 Y66.324 E1.11632
G1 X48.684 Y66.211 E.01346
G1 X74.337 Y91.863 E1.11818
G1 X74.798 Y91.789 E.01441
G1 X49.106 Y66.097 E1.11992
G1 X49.528 Y65.984 E.01346
G1 X75.26 Y91.716 E1.12164
G1 X75.721 Y91.642 E.0144
G1 X49.95 Y65.871 E1.12336
G1 X50.372 Y65.758 E.01346
G1 X76.182 Y91.569 E1.12508
G1 X76.644 Y91.495 E.0144
G1 X50.794 Y65.645 E1.1268
G1 X51.216 Y65.532 E.01346
G1 X77.105 Y91.421 E1.12852
G1 X77.566 Y91.348 E.0144
G1 X51.638 Y65.419 E1.13024
G1 X52.06 Y65.306 E.01346
G1 X78.028 Y91.274 E1.13196
G1 X78.489 Y91.201 E.0144
G1 X52.481 Y65.193 E1.13368
G1 X52.494 Y65.19 E.00041
G1 X52.494 Y64.671 E.01599
G1 X78.95 Y91.127 E1.15323
G1 X79.41 Y91.052 E.01436
G1 X52.494 Y64.136 E1.17327
G1 X52.494 Y63.601 E.01649
G1 X79.869 Y90.975 E1.19326
G1 X80.327 Y90.899 E.01433
G1 X45.994 Y56.566 E1.4966
G1 X46.725 Y56.762 E.02332
G1 X80.785 Y90.822 E1.48473
G1 X81.244 Y90.746 E.01433
G1 X47.455 Y56.957 E1.47286
G1 X48.186 Y57.153 E.02332
G1 X81.702 Y90.669 E1.46099
G1 X82.161 Y90.593 E.01433
G1 X48.917 Y57.349 E1.44912
G1 X49.647 Y57.545 E.02332
G1 X82.619 Y90.516 E1.43725
G1 X83.078 Y90.44 E.01433
G1 X50.378 Y57.741 E1.42538
G1 X51.109 Y57.936 E.02332
G1 X83.536 Y90.363 E1.41351
G1 X83.994 Y90.287 E.01433
G1 X51.84 Y58.132 E1.40164
G1 X52.213 Y58.232 E.01191
G1 X52.309 Y58.066 E.0059
G1 X84.453 Y90.21 E1.40118
G1 X84.911 Y90.134 E.01432
G1 X52.505 Y57.727 E1.41262
G1 X52.7 Y57.388 E.01207
G1 X85.366 Y90.054 E1.42391
G1 X85.821 Y89.974 E.01423
G1 X52.896 Y57.049 E1.4352
G1 X53.092 Y56.71 E.01207
G1 X86.276 Y89.893 E1.44649
G1 X86.73 Y89.813 E.01423
G1 X50.104 Y53.187 E1.59656
G1 X50.526 Y53.074 E.01346
G1 X87.185 Y89.733 E1.59799
G1 X87.64 Y89.653 E.01423
G1 X50.948 Y52.961 E1.59942
G1 X51.37 Y52.848 E.01346
G1 X88.095 Y89.573 E1.60086
G1 X88.55 Y89.493 E.01423
G1 X51.792 Y52.735 E1.60229
G1 X52.133 Y52.643 E.01088
G1 X52.133 Y52.541 E.00316
G1 X89.004 Y89.412 E1.60725
G1 X89.459 Y89.332 E.01423
G1 X52.133 Y52.006 E1.62707
G1 X52.133 Y51.471 E.01649
G1 X89.914 Y89.252 E1.64689
G1 X90.369 Y89.172 E.01423
G1 X48.36 Y47.163 E1.83119
G1 X48.473 Y46.741 E.01346
G1 X90.822 Y89.091 E1.84603
G1 X91.274 Y89.007 E.01416
G1 X48.586 Y46.319 E1.8608
G1 X48.699 Y45.897 E.01346
G1 X91.726 Y88.924 E1.87557
G1 X92.178 Y88.841 E.01416
G1 X48.812 Y45.475 E1.89033
G1 X48.925 Y45.054 E.01346
G1 X92.629 Y88.758 E1.9051
G1 X93.081 Y88.675 E.01416
G1 X49.038 Y44.632 E1.91987
G1 X49.151 Y44.21 E.01346
G1 X93.533 Y88.592 E1.93464
G1 X93.985 Y88.509 E.01416
G1 X49.264 Y43.788 E1.94941
G1 X49.377 Y43.366 E.01346
G1 X94.437 Y88.426 E1.96418
G1 X94.889 Y88.343 E.01416
G1 X49.49 Y42.944 E1.97894
G1 X49.603 Y42.522 E.01346
G1 X95.341 Y88.26 E1.99371
G1 X95.792 Y88.177 E.01416
G1 X49.716 Y42.1 E2.00848
G1 X49.829 Y41.678 E.01346
G1 X96.244 Y88.093 E2.02325
G1 X96.694 Y88.008 E.01411
G1 X49.942 Y41.257 E2.03792
G1 X50.055 Y40.835 E.01346
G1 X97.143 Y87.922 E2.05257
G1 X97.592 Y87.836 E.01409
G1 X50.268 Y40.512 E2.06289
G1 X50.68 Y40.389 E.01326
G1 X98.041 Y87.75 E2.06449
G1 X98.49 Y87.665 E.01409
G1 X51.104 Y40.278 E2.06559
G1 X51.576 Y40.216 E.01469
G1 X98.939 Y87.579 E2.06457
G1 X99.388 Y87.493 E.01409
G1 X52.049 Y40.153 E2.06355
G1 X52.521 Y40.091 E.01469
G1 X99.837 Y87.407 E2.06252
G1 X100.286 Y87.321 E.01409
G1 X52.994 Y40.029 E2.0615
G1 X53.466 Y39.966 E.01469
G1 X100.735 Y87.235 E2.06047
G1 X101.184 Y87.149 E.01409
G1 X51.073 Y37.038 E2.18439
G1 X51.186 Y36.616 E.01346
G1 X101.633 Y87.063 E2.19903
G1 X102.082 Y86.977 E.01408
G1 X51.299 Y36.194 E2.21367
G1 X51.412 Y35.772 E.01346
G1 X102.527 Y86.887 E2.22813
G1 X102.972 Y86.797 E.01399
G1 X51.525 Y35.35 E2.24259
G1 X51.638 Y34.928 E.01346
G1 X103.417 Y86.707 E2.25706
G1 X103.862 Y86.617 E.01399
G1 X51.751 Y34.506 E2.27152
G1 X51.864 Y34.084 E.01346
G1 X104.306 Y86.527 E2.28599
G1 X104.751 Y86.437 E.01399
G1 X51.977 Y33.663 E2.30045
G1 X52.09 Y33.241 E.01346
G1 X105.196 Y86.347 E2.31491
G1 X105.641 Y86.257 E.01399
G1 X52.203 Y32.819 E2.32938
G1 X52.316 Y32.397 E.01346
G1 X106.086 Y86.167 E2.34384
G1 X106.531 Y86.076 E.01399
G1 X52.429 Y31.975 E2.35831
G1 X52.542 Y31.553 E.01346
G1 X106.976 Y85.986 E2.37277
G1 X107.42 Y85.896 E.01399
G1 X52.655 Y31.131 E2.38723
G1 X52.768 Y30.709 E.01346
G1 X107.865 Y85.806 E2.40167
G1 X108.308 Y85.714 E.01394
G1 X52.881 Y30.287 E2.41605
G1 X52.994 Y29.866 E.01346
G1 X108.75 Y85.621 E2.43042
G1 X109.193 Y85.529 E.01394
G1 X53.108 Y29.444 E2.4448
G1 X53.221 Y29.022 E.01346
G1 X109.636 Y85.437 E2.45918
G1 X110.079 Y85.345 E.01394
G1 X53.689 Y28.955 E2.45808
G1 X53.787 Y28.967 E.00306
G1 X53.836 Y28.567 E.0124
G1 X110.522 Y85.253 E2.47095
G1 X110.965 Y85.161 E.01394
G1 X54.168 Y28.364 E2.47578
G1 X54.778 Y28.439 E.01893
G1 X111.407 Y85.069 E2.46851
G1 X111.85 Y84.977 E.01394
G1 X55.389 Y28.516 E2.46117
G1 X56.005 Y28.597 E.01915
G1 X112.293 Y84.885 E2.45363
G1 X112.736 Y84.793 E.01394
G1 X56.621 Y28.677 E2.44608
G1 X57.237 Y28.758 E.01915
G1 X113.179 Y84.701 E2.43854
G1 X113.62 Y84.607 E.0139
G1 X57.853 Y28.839 E2.43093
G1 X58.469 Y28.92 E.01915
G1 X114.059 Y84.511 E2.42323
G1 X114.499 Y84.416 E.01386
G1 X59.084 Y29.001 E2.41554
G1 X59.7 Y29.082 E.01915
G1 X114.938 Y84.32 E2.40784
G1 X115.377 Y84.224 E.01386
G1 X60.319 Y29.166 E2.40002
G1 X60.94 Y29.252 E.01933
G1 X115.817 Y84.129 E2.3921
G1 X116.256 Y84.033 E.01386
G1 X61.561 Y29.338 E2.38417
G1 X62.182 Y29.425 E.01933
G1 X116.695 Y83.938 E2.37625
G1 X117.135 Y83.842 E.01386
G1 X62.804 Y29.511 E2.36832
G1 X63.425 Y29.597 E.01933
G1 X117.574 Y83.747 E2.3604
G1 X118.014 Y83.651 E.01386
G1 X64.046 Y29.683 E2.35248
G1 X64.667 Y29.769 E.01933
G1 X118.453 Y83.555 E2.34455
G1 X118.892 Y83.46 E.01386
G1 X65.292 Y29.86 E2.33645
G1 X65.918 Y29.95 E.01949
G1 X119.33 Y83.362 E2.32825
G1 X119.766 Y83.263 E.01378
G1 X66.543 Y30.041 E2.31998
G1 X67.169 Y30.132 E.01949
G1 X120.202 Y83.164 E2.3117
G1 X120.637 Y83.065 E.01378
G1 X67.795 Y30.223 E2.30343
G1 X68.421 Y30.313 E.01949
G1 X121.073 Y82.966 E2.29516
G1 X121.509 Y82.867 E.01378
G1 X69.046 Y30.404 E2.28688
G1 X69.673 Y30.496 E.01953
G1 X121.945 Y82.768 E2.27856
G1 X122.381 Y82.669 E.01378
G1 X70.303 Y30.591 E2.27009
G1 X70.933 Y30.686 E.01964
G1 X122.817 Y82.57 E2.26163
G1 X123.253 Y82.471 E.01378
G1 X71.563 Y30.782 E2.25316
G1 X72.194 Y30.877 E.01964
G1 X123.689 Y82.372 E2.2447
G1 X124.125 Y82.273 E.01378
G1 X72.824 Y30.972 E2.23623
G1 X73.454 Y31.067 E.01964
G1 X124.561 Y82.174 E2.22777
G1 X124.995 Y82.073 E.01373
G1 X74.084 Y31.162 E2.21922
G1 X74.718 Y31.262 E.0198
G1 X125.427 Y81.971 E2.21041
G1 X125.86 Y81.868 E.0137
G1 X75.355 Y31.363 E2.20152
G1 X75.991 Y31.465 E.01986
G1 X126.292 Y81.766 E2.19263
G1 X126.724 Y81.663 E.0137
G1 X76.627 Y31.566 E2.18375
G1 X77.264 Y31.668 E.01986
G1 X127.157 Y81.561 E2.17486
G1 X127.589 Y81.458 E.0137
G1 X77.9 Y31.769 E2.16597
G1 X78.537 Y31.87 E.01986
G1 X128.022 Y81.356 E2.15708
G1 X128.454 Y81.253 E.0137
G1 X79.174 Y31.973 E2.14815
G1 X79.815 Y32.08 E.02005
G1 X128.887 Y81.151 E2.13903
G1 X129.319 Y81.048 E.0137
G1 X80.457 Y32.186 E2.12992
G1 X81.099 Y32.293 E.02005
G1 X129.752 Y80.946 E2.1208
G1 X130.184 Y80.843 E.0137
G1 X81.74 Y32.399 E2.11168
G1 X82.382 Y32.506 E.02005
G1 X130.615 Y80.739 E2.10251
G1 X131.045 Y80.634 E.01364
G1 X83.023 Y32.613 E2.09327
G1 X83.665 Y32.719 E.02005
G1 X131.475 Y80.529 E2.08404
G1 X131.904 Y80.424 E.01364
G1 X84.307 Y32.826 E2.0748
G1 X84.95 Y32.934 E.02011
G1 X132.334 Y80.318 E2.06549
G1 X132.764 Y80.213 E.01364
G1 X85.599 Y33.048 E2.05593
G1 X86.248 Y33.162 E.02031
G1 X133.193 Y80.108 E2.04638
G1 X133.623 Y80.003 E.01364
G1 X86.897 Y33.276 E2.03682
G1 X87.546 Y33.39 E.02031
G1 X134.053 Y79.897 E2.02727
G1 X134.482 Y79.792 E.01364
G1 X88.194 Y33.504 E2.01771
G1 X88.843 Y33.618 E.02031
G1 X134.912 Y79.687 E2.00815
G1 X135.342 Y79.582 E.01364
G1 X89.492 Y33.732 E1.9986
G1 X90.141 Y33.846 E.02031
G1 X135.771 Y79.477 E1.98904
G1 X136.2 Y79.37 E.01361
G1 X90.792 Y33.962 E1.97934
G1 X91.447 Y34.082 E.02052
G1 X136.626 Y79.261 E1.96937
G1 X137.052 Y79.153 E.01356
G1 X92.102 Y34.202 E1.9594
G1 X92.757 Y34.322 E.02052
G1 X137.478 Y79.044 E1.94944
G1 X137.905 Y78.935 E.01356
G1 X93.412 Y34.442 E1.93947
G1 X94.066 Y34.562 E.02052
G1 X138.331 Y78.826 E1.92951
G1 X138.757 Y78.718 E.01356
G1 X94.721 Y34.682 E1.91954
G1 X95.376 Y34.802 E.02052
G1 X139.183 Y78.609 E1.90957
G1 X139.609 Y78.5 E.01356
G1 X96.031 Y34.922 E1.89961
G1 X96.69 Y35.046 E.02067
G1 X140.036 Y78.391 E1.88946
G1 X140.462 Y78.283 E.01356
G1 X97.352 Y35.172 E1.87919
G1 X98.013 Y35.299 E.02077
G1 X140.888 Y78.174 E1.86892
G1 X141.314 Y78.065 E.01356
G1 X98.675 Y35.426 E1.85865
G1 X99.337 Y35.553 E.02077
G1 X141.74 Y77.956 E1.84836
G1 X142.162 Y77.843 E.01347
G1 X99.999 Y35.68 E1.83792
G1 X100.66 Y35.806 E.02077
G1 X142.584 Y77.73 E1.82747
G1 X143.006 Y77.617 E.01347
G1 X101.322 Y35.933 E1.81703
G1 X101.984 Y36.06 E.02077
G1 X143.428 Y77.505 E1.80658
G1 X143.85 Y77.392 E.01347
G1 X102.654 Y36.195 E1.79578
G1 X103.324 Y36.331 E.02109
G1 X144.273 Y77.279 E1.78495
G1 X144.695 Y77.166 E.01347
G1 X103.995 Y36.466 E1.77412
G1 X104.666 Y36.602 E.02109
G1 X145.117 Y77.053 E1.76329
G1 X145.539 Y76.941 E.01347
G1 X105.336 Y36.738 E1.75246
G1 X106.007 Y36.873 E.02109
G1 X145.961 Y76.828 E1.74163
G1 X146.383 Y76.715 E.01347
G1 X106.677 Y37.009 E1.7308
G1 X107.348 Y37.145 E.02109
G1 X146.805 Y76.602 E1.71997
G1 X147.227 Y76.489 E.01347
G1 X108.021 Y37.283 E1.70903
G1 X108.697 Y37.424 E.02128
G1 X147.647 Y76.374 E1.69785
G1 X148.066 Y76.258 E.0134
G1 X109.372 Y37.564 E1.68665
G1 X110.048 Y37.705 E.02128
G1 X148.485 Y76.142 E1.67546
G1 X148.904 Y76.026 E.0134
G1 X110.724 Y37.846 E1.66426
G1 X111.4 Y37.987 E.02128
G1 X149.322 Y75.91 E1.65306
G1 X149.741 Y75.794 E.0134
G1 X112.076 Y38.128 E1.64186
G1 X112.752 Y38.269 E.02128
G1 X150.16 Y75.678 E1.63066
G1 X150.579 Y75.562 E.0134
G1 X113.428 Y38.41 E1.61945
G1 X114.111 Y38.559 E.02157
G1 X150.998 Y75.446 E1.60791
G1 X151.417 Y75.33 E.0134
G1 X114.795 Y38.708 E1.59636
G1 X115.479 Y38.857 E.02157
G1 X151.836 Y75.214 E1.58481
G1 X152.255 Y75.098 E.0134
G1 X116.163 Y39.005 E1.57327
G1 X116.847 Y39.154 E.02157
G1 X152.674 Y74.982 E1.56172
G1 X153.09 Y74.863 E.01335
G1 X117.53 Y39.303 E1.55007
G1 X118.214 Y39.452 E.02157
G1 X153.505 Y74.743 E1.53835
G1 X153.92 Y74.623 E.01331
G1 X118.898 Y39.601 E1.52663
G1 X119.588 Y39.756 E.02179
G1 X154.335 Y74.503 E1.51465
G1 X154.75 Y74.383 E.01331
G1 X120.28 Y39.913 E1.50257
G1 X120.972 Y40.07 E.02187
G1 X155.165 Y74.263 E1.4905
G1 X155.58 Y74.143 E.01331
G1 X121.664 Y40.227 E1.47843
G1 X122.356 Y40.384 E.02187
G1 X155.995 Y74.023 E1.46635
G1 X156.41 Y73.903 E.01331
G1 X123.048 Y40.541 E1.45428
G1 X123.74 Y40.698 E.02187
G1 X156.825 Y73.783 E1.4422
G1 X157.24 Y73.663 E.01331
G1 X124.431 Y40.855 E1.43013
G1 X125.128 Y41.017 E.02205
G1 X157.655 Y73.543 E1.41784
G1 X158.07 Y73.423 E.01331
G1 X125.829 Y41.183 E1.40537
G1 X126.531 Y41.349 E.02221
G1 X158.484 Y73.303 E1.39287
G1 X158.895 Y73.178 E.01322
G1 X127.232 Y41.515 E1.3802
G1 X127.933 Y41.682 E.02221
G1 X159.305 Y73.054 E1.36754
G1 X159.716 Y72.93 E.01322
G1 X128.634 Y41.848 E1.35488
G1 X129.335 Y42.014 E.02221
G1 X160.126 Y72.805 E1.34221
G1 X160.537 Y72.681 E.01322
G1 X130.036 Y42.18 E1.32955
G1 X130.741 Y42.35 E.02236
G1 X160.948 Y72.557 E1.3167
G1 X161.358 Y72.432 E.01322
G1 X131.451 Y42.525 E1.30367
G1 X132.16 Y42.7 E.02252
G1 X161.769 Y72.308 E1.29064
G1 X162.179 Y72.184 E.01322
G1 X132.87 Y42.874 E1.2776
G1 X133.58 Y43.049 E.02252
G1 X162.59 Y72.059 E1.26457
G1 X163.001 Y71.935 E.01322
G1 X134.289 Y43.224 E1.25153
G1 X134.999 Y43.398 E.02252
G1 X163.411 Y71.81 E1.2385
G1 X163.822 Y71.686 E.01322
G1 X135.708 Y43.573 E1.22547
G1 X136.423 Y43.752 E.0227
G1 X164.229 Y71.558 E1.21207
G1 X164.633 Y71.427 E.01309
G1 X137.141 Y43.936 E1.19838
G1 X137.859 Y44.119 E.02285
G1 X165.037 Y71.297 E1.18469
G1 X165.441 Y71.166 E.01309
G1 X138.577 Y44.302 E1.171
G1 X139.296 Y44.485 E.02285
G1 X165.845 Y71.035 E1.15732
G1 X166.25 Y70.904 E.01309
G1 X140.014 Y44.669 E1.14363
G1 X140.732 Y44.852 E.02285
G1 X166.654 Y70.774 E1.12994
G1 X167.058 Y70.643 E.01309
G1 X141.45 Y45.035 E1.11625
G1 X142.175 Y45.225 E.0231
G1 X167.462 Y70.512 E1.10227
G1 X167.866 Y70.382 E.01309
G1 X142.903 Y45.418 E1.08816
G1 X143.631 Y45.611 E.02322
G1 X168.271 Y70.251 E1.07404
G1 X168.675 Y70.12 E.01309
G1 X144.359 Y45.805 E1.05992
G1 X145.087 Y45.998 E.02322
G1 X169.079 Y69.989 E1.04581
G1 X169.483 Y69.859 E.01309
G1 X145.815 Y46.191 E1.03169
G1 X146.543 Y46.384 E.02322
G1 X169.887 Y69.728 E1.01757
G1 X170.292 Y69.597 E.01309
G1 X147.272 Y46.577 E1.00345
G1 X148.012 Y46.782 E.02368
G1 X170.684 Y69.455 E.98831
G1 X171.038 Y69.274 E.01225
G1 X148.752 Y46.988 E.97146
G1 X149.492 Y47.193 E.02368
G1 X171.392 Y69.093 E.95462
G1 X171.746 Y68.911 E.01225
G1 X150.232 Y47.398 E.93777
G1 X150.973 Y47.603 E.02368
G1 X172.099 Y68.73 E.92092
G1 X172.453 Y68.549 E.01225
G1 X151.713 Y47.809 E.90408
G1 X152.453 Y48.014 E.02368
G1 X172.807 Y68.368 E.88723
G1 X173.161 Y68.187 E.01225
G1 X153.199 Y48.225 E.87015
G1 X153.95 Y48.441 E.02411
G1 X173.514 Y68.005 E.85281
G1 X173.868 Y67.824 E.01225
G1 X154.702 Y48.658 E.83547
G1 X155.453 Y48.875 E.02411
G1 X174.212 Y67.634 E.81771
G1 X174.487 Y67.373 E.01166
G1 X156.205 Y49.091 E.79692
G1 X156.956 Y49.308 E.02411
G1 X174.762 Y67.113 E.77613
G1 X175.036 Y66.853 E.01166
G1 X157.708 Y49.524 E.75534
G1 X158.46 Y49.742 E.02413
G1 X175.311 Y66.592 E.73452
G1 X175.585 Y66.332 E.01166
G1 X159.228 Y49.974 E.71303
G1 X159.995 Y50.207 E.02472
G1 X175.86 Y66.072 E.69154
G1 X175.994 Y65.944 E.0057
G1 X176.095 Y65.771 E.00617
G1 X160.763 Y50.44 E.66832
G1 X161.531 Y50.672 E.02472
G1 X176.267 Y65.408 E.64235
G1 X176.401 Y65.008 E.01302
G1 X162.298 Y50.905 E.61476
G1 X163.066 Y51.138 E.02472
G1 X176.536 Y64.608 E.58717
G1 X176.671 Y64.208 E.01302
G1 X163.833 Y51.37 E.55958
G1 X164.614 Y51.616 E.02521
G1 X176.806 Y63.808 E.53144
G1 X176.94 Y63.407 E.01302
G1 X165.397 Y51.864 E.50316
G1 X166.181 Y52.113 E.02534
G1 X177.068 Y63 E.47455
G1 X177.161 Y62.559 E.0139
G1 X166.965 Y52.362 E.44449
G1 X167.748 Y52.61 E.02534
G1 X177.255 Y62.118 E.41442
G1 X177.349 Y61.676 E.0139
G1 X168.532 Y52.859 E.38435
G1 X169.315 Y53.108 E.02534
G1 X177.285 Y61.077 E.3474
G1 X177.143 Y60.4 E.02133
G1 X170.134 Y53.391 E.3055
G1 X170.997 Y53.719 E.02845
G1 X177 Y59.723 E.26168
G1 X176.858 Y59.045 E.02133
G1 X171.909 Y54.097 E.21571
G1 X173.152 Y54.805 E.04409
G1 X176.935 Y58.588 E.1649
G1 X70.303 Y92.644 F18000
G1 F6000
G1 X53.357 Y75.698 E.73869
G1 X53.244 Y76.119 E.01346
G1 X69.689 Y92.565 E.71686
G1 X69.222 Y92.633 E.01454
G1 X53.131 Y76.541 E.70143
G1 X53.018 Y76.963 E.01346
G1 X68.755 Y92.7 E.68599
G1 X68.288 Y92.768 E.01455
G1 X52.905 Y77.385 E.67055
G1 X52.792 Y77.807 E.01346
G1 X67.821 Y92.836 E.65511
G1 X67.353 Y92.904 E.01455
G1 X52.679 Y78.229 E.63967
G1 X52.566 Y78.651 E.01346
G1 X66.886 Y92.971 E.62423
G1 X66.419 Y93.039 E.01455
G1 X52.453 Y79.073 E.60879
G1 X52.34 Y79.495 E.01346
G1 X65.952 Y93.107 E.59335
G1 X65.484 Y93.174 E.01455
G1 X52.227 Y79.916 E.57791
G1 X52.114 Y80.338 E.01346
G1 X65.017 Y93.242 E.56247
G1 X64.548 Y93.308 E.0146
G1 X52 Y80.76 E.54695
G1 X51.887 Y81.182 E.01346
G1 X64.078 Y93.372 E.53138
G1 X63.608 Y93.437 E.01463
G1 X51.774 Y81.604 E.51581
G1 X51.661 Y82.026 E.01346
G1 X63.137 Y93.502 E.50024
G1 X62.667 Y93.567 E.01463
G1 X51.548 Y82.448 E.48467
G1 X51.435 Y82.87 E.01346
G1 X62.197 Y93.631 E.4691
G1 X61.727 Y93.696 E.01463
G1 X51.322 Y83.292 E.45354
G1 X51.209 Y83.713 E.01346
G1 X61.257 Y93.761 E.43797
G1 X60.786 Y93.826 E.01463
G1 X51.096 Y84.135 E.4224
G1 X50.983 Y84.557 E.01346
G1 X60.316 Y93.89 E.40683
G1 X59.845 Y93.954 E.01466
G1 X50.87 Y84.979 E.39121
G1 X50.757 Y85.401 E.01346
G1 X59.372 Y94.016 E.37554
G1 X58.9 Y94.079 E.01469
G1 X50.644 Y85.823 E.35987
G1 X50.531 Y86.245 E.01346
G1 X58.427 Y94.141 E.34421
G1 X57.955 Y94.204 E.01469
G1 X50.418 Y86.667 E.32854
G1 X50.305 Y87.089 E.01346
G1 X57.482 Y94.266 E.31287
G1 X57.01 Y94.329 E.01469
G1 X52.711 Y90.03 E.18738
G1 X52.406 Y90.26 E.01177
G1 X56.537 Y94.391 E.18008
G1 X56.065 Y94.453 E.01469
G1 X52.101 Y90.49 E.17278
G1 X51.796 Y90.72 E.01177
G1 X55.592 Y94.516 E.16549
G1 X55.118 Y94.577 E.01474
G1 X51.591 Y91.05 E.15373
G1 X51.396 Y91.389 E.01207
G1 X54.642 Y94.635 E.1415
G1 X54.165 Y94.693 E.0148
G1 X51.2 Y91.728 E.12926
G1 X51.188 Y91.749 E.00074
G1 X50.502 Y91.565 E.02189
G1 X53.111 Y94.174 E.11372
G1 X52.634 Y94.232 E.0148
G1 X49.771 Y91.369 E.1248
G1 X49.431 Y91.278 E.01084
G1 X49.236 Y91.369 E.00665
G1 X52.151 Y94.284 E.12709
G1 X51.421 Y94.089 E.02332
G1 X49.061 Y91.729 E.10284
G1 X48.948 Y92.151 E.01346
G1 X50.69 Y93.893 E.07591
G1 X49.959 Y93.697 E.02332
G1 X48.835 Y92.573 E.04899
G1 X48.722 Y92.995 E.01346
G1 X49.468 Y93.741 E.03252
G1 X52.098 Y89.416 F18000
G1 F6000
G1 X50.192 Y87.51 E.08308
G1 X50.079 Y87.932 E.01346
G1 X50.941 Y88.795 E.0376
G1 X52.258 Y63.365 F18000
G1 F6000
G1 X45.76 Y56.866 E.28327
G1 X45.647 Y57.288 E.01346
G1 X51.287 Y62.929 E.24589
G1 X50.557 Y62.733 E.02332
G1 X45.534 Y57.71 E.21896
G1 X45.42 Y58.132 E.01346
G1 X49.826 Y62.538 E.19204
G1 X49.095 Y62.342 E.02332
G1 X45.307 Y58.554 E.16511
G1 X45.194 Y58.976 E.01346
G1 X48.365 Y62.146 E.13819
G1 X47.634 Y61.95 E.02332
G1 X45.081 Y59.398 E.11126
G1 X44.968 Y59.82 E.01346
G1 X46.903 Y61.754 E.08434
G1 X46.172 Y61.559 E.02332
G1 X44.855 Y60.242 E.05741
G1 X44.742 Y60.663 E.01346
G1 X45.442 Y61.363 E.03049
G1 X44.711 Y61.167 E.02332
G1 X44.491 Y60.947 E.0096
G1 X47.656 Y49.134 F18000
G1 F6000
G1 X48.165 Y49.643 E.0222
G1 X48.896 Y49.839 E.02332
G1 X47.907 Y48.851 E.04309
G1 X48.021 Y48.429 E.01346
G1 X49.627 Y50.035 E.07001
G1 X50.357 Y50.231 E.02332
G1 X48.134 Y48.007 E.09694
G1 X48.247 Y47.585 E.01346
G1 X51.328 Y50.666 E.13432
; stop printing object USV 1 e2mm.stl_5 id:1 copy 0
; end of layer_num: 7, T: 0, print_z: 1.440000
;LAYER_CHANGE
;Z:1.64
;HEIGHT:0.2
; BEFORE_LAYER_CHANGE 7 @ 1.64mm
G92 E0
; AFTER_LAYER_CHANGE 7 @ 1.64mm
; start of layer_num: 8, T: 0, print_z: 1.640000
; printing object "USV 1 e2mm.stl_6_B" id:0 copy 0
G1 E-.8 F3600
G1 X39.028 Y113.058 Z1.64 F18000
G1 E.8 F3600
M204 S1000
;TYPE:Outer wall
;WIDTH:0.42
G1 F3000
G1 X40.496 Y113.209 E.04535
G1 X46.966 Y113.913 E.19999
G1 X51.763 Y114.473 E.1484
G1 X56.537 Y115.07 E.14782
G1 X61.309 Y115.686 E.14784
G1 X66.079 Y116.347 E.14797
G1 X70.848 Y117.038 E.14807
G1 X75.618 Y117.759 E.14824
G1 X80.4 Y118.521 E.14877
G1 X86.139 Y119.479 E.17878
G1 X91.867 Y120.489 E.17873
G1 X97.586 Y121.541 E.17869
G1 X103.298 Y122.641 E.17873
G1 X108.996 Y123.786 E.17858
G1 X114.683 Y124.969 E.17849
G1 X120.361 Y126.205 E.17857
G1 X126.029 Y127.492 E.1786
G1 X131.686 Y128.834 E.17864
G1 X137.331 Y130.222 E.17862
G1 X142.981 Y131.665 E.17917
G1 X148.573 Y133.148 E.17777
G1 X154.146 Y134.695 E.17772
G1 X159.743 Y136.313 E.17901
G1 X165.318 Y137.999 E.17899
G1 X171.992 Y140.16 E.21556
G1 X175.711 Y142.066 E.12839
G1 X177.675 Y143.929 E.08318
G1 X177.861 Y144.249 E.01136
G1 X178.944 Y147.467 E.10433
G1 X179.227 Y148.798 E.04181
G1 X178.499 Y152.263 E.1088
G1 X177.674 Y153.673 E.05018
G1 X175.71 Y155.532 E.08308
G1 X173.339 Y156.884 E.08387
G1 X171.996 Y157.44 E.04468
G1 X170.838 Y157.85 E.03775
G1 X165.316 Y159.603 E.17804
G1 X159.743 Y161.289 E.1789
G1 X154.141 Y162.908 E.17917
G1 X148.562 Y164.454 E.1779
G1 X142.969 Y165.937 E.1778
G1 X137.32 Y167.391 E.17922
G1 X131.675 Y168.768 E.17854
G1 X126.018 Y170.11 E.17863
G1 X120.339 Y171.398 E.17893
G1 X114.664 Y172.633 E.17848
G1 X108.972 Y173.827 E.1787
G1 X103.273 Y174.973 E.1786
G1 X97.535 Y176.073 E.17954
G1 X91.79 Y177.125 E.17946
G1 X86.037 Y178.135 E.17947
G1 X80.276 Y179.092 E.17946
G1 X75.495 Y179.854 E.14874
G1 X70.725 Y180.587 E.14831
G1 X61.193 Y181.924 E.29576
G1 X56.424 Y182.554 E.1478
G1 X51.643 Y183.14 E.148
G1 X46.849 Y183.696 E.14829
G1 X42.038 Y184.233 E.14875
G1 X39.028 Y184.543 E.09299
G1 X39.028 Y113.078 E2.19592
M204 S2000
G1 X39.42 Y113.492 F18000
M204 S1500
;TYPE:Inner wall
;WIDTH:0.45
G1 F4800
G1 X40.454 Y113.599 E.0345
G1 X46.922 Y114.303 E.21582
G1 X51.716 Y114.862 E.16011
G1 X56.488 Y115.459 E.15951
G1 X61.257 Y116.074 E.15951
G1 X66.024 Y116.735 E.15965
G1 X70.791 Y117.426 E.15977
G1 X75.558 Y118.147 E.15994
G1 X80.337 Y118.908 E.16051
G1 X86.072 Y119.865 E.19289
G1 X91.797 Y120.875 E.19284
G1 X97.513 Y121.926 E.1928
G1 X103.222 Y123.025 E.19284
G1 X108.917 Y124.17 E.1927
G1 X114.601 Y125.352 E.19258
G1 X120.276 Y126.587 E.19266
G1 X125.941 Y127.874 E.19269
G1 X131.594 Y129.215 E.19274
G1 X137.236 Y130.603 E.19272
G1 X142.882 Y132.044 E.1933
G1 X148.47 Y133.527 E.19179
G1 X154.039 Y135.072 E.19172
G1 X159.631 Y136.689 E.19311
G1 X165.201 Y138.373 E.19302
G1 X171.842 Y140.523 E.23154
G1 X175.482 Y142.389 E.13569
G1 X177.364 Y144.175 E.08607
G1 X177.502 Y144.412 E.00908
G1 X178.565 Y147.571 E.11056
G1 X178.826 Y148.798 E.04164
G1 X178.128 Y152.12 E.11259
G1 X177.364 Y153.426 E.05021
G1 X175.475 Y155.214 E.08627
G1 X173.167 Y156.531 E.08816
G1 X171.856 Y157.074 E.04707
G1 X170.713 Y157.479 E.04019
G1 X165.199 Y159.228 E.1919
G1 X159.632 Y160.913 E.19297
G1 X154.034 Y162.53 E.19327
G1 X148.459 Y164.075 E.19191
G1 X142.869 Y165.558 E.19183
G1 X137.225 Y167.011 E.19335
G1 X131.583 Y168.387 E.19262
G1 X125.93 Y169.728 E.19274
G1 X120.254 Y171.015 E.19305
G1 X114.582 Y172.25 E.19258
G1 X108.893 Y173.443 E.19281
G1 X103.198 Y174.588 E.1927
G1 X97.463 Y175.688 E.19371
G1 X91.721 Y176.739 E.19365
G1 X85.971 Y177.748 E.19364
G1 X80.213 Y178.705 E.19364
G1 X75.435 Y179.467 E.16049
G1 X70.668 Y180.199 E.15998
G1 X61.14 Y181.535 E.31915
G1 X56.375 Y182.165 E.15944
G1 X51.597 Y182.751 E.15967
G1 X41.996 Y183.843 E.32052
G1 X39.42 Y184.108 E.08592
G1 X39.42 Y113.512 E2.3418
G1 E-.8 F3600
M204 S2000
G1 X39.583 Y114.436 F18000
G1 E.8 F3600
;TYPE:Internal solid infill
;WIDTH:0.420683
G1 F6000
G1 X40.119 Y113.9 E.02333
G1 X40.603 Y113.951 E.01496
G1 X39.753 Y114.8 E.03699
G1 X39.753 Y115.335 E.01645
G1 X41.085 Y114.003 E.05796
G1 X41.566 Y114.055 E.01492
G1 X39.753 Y115.869 E.07894
G1 X39.753 Y116.403 E.01645
G1 X42.048 Y114.108 E.09992
G1 X42.53 Y114.16 E.01492
G1 X39.753 Y116.937 E.12089
G1 X39.753 Y117.471 E.01645
G1 X43.012 Y114.213 E.14187
G1 X43.494 Y114.265 E.01492
G1 X39.753 Y118.006 E.16284
G1 X39.753 Y118.54 E.01645
G1 X43.976 Y114.318 E.18382
G1 X44.457 Y114.37 E.01492
G1 X39.753 Y119.074 E.20479
G1 X39.753 Y119.608 E.01645
G1 X44.939 Y114.422 E.22577
G1 X45.421 Y114.475 E.01492
G1 X39.753 Y120.143 E.24674
G1 X39.753 Y120.677 E.01645
G1 X45.903 Y114.527 E.26772
G1 X46.385 Y114.58 E.01492
G1 X39.753 Y121.211 E.28869
G1 X39.753 Y121.745 E.01645
G1 X46.866 Y114.632 E.30967
G1 X47.345 Y114.688 E.01483
G1 X39.753 Y122.28 E.3305
G1 X39.753 Y122.814 E.01645
G1 X47.823 Y114.744 E.35133
G1 X48.302 Y114.799 E.01483
G1 X39.753 Y123.348 E.37216
G1 X39.753 Y123.882 E.01645
G1 X48.78 Y114.855 E.39298
G1 X49.259 Y114.911 E.01483
G1 X39.753 Y124.417 E.41381
G1 X39.753 Y124.951 E.01645
G1 X49.737 Y114.967 E.43464
G1 X50.215 Y115.023 E.01483
G1 X39.753 Y125.485 E.45546
G1 X39.753 Y126.019 E.01645
G1 X50.694 Y115.079 E.47629
G1 X51.172 Y115.134 E.01483
G1 X39.753 Y126.554 E.49712
G1 X39.753 Y127.088 E.01645
G1 X51.651 Y115.19 E.51795
G1 X52.126 Y115.249 E.01474
G1 X39.753 Y127.622 E.53863
G1 X39.753 Y128.156 E.01645
G1 X52.601 Y115.309 E.5593
G1 X53.075 Y115.368 E.01473
G1 X39.753 Y128.69 E.57997
G1 X39.753 Y129.225 E.01645
G1 X53.55 Y115.427 E.60064
G1 X54.025 Y115.487 E.01473
G1 X39.753 Y129.759 E.62132
G1 X39.753 Y130.293 E.01645
G1 X54.5 Y115.546 E.64199
G1 X54.975 Y115.606 E.01473
G1 X39.753 Y130.827 E.66266
G1 X39.753 Y131.362 E.01645
G1 X55.45 Y115.665 E.68333
G1 X55.925 Y115.724 E.01473
G1 X39.753 Y131.896 E.70401
G1 X39.753 Y132.43 E.01645
G1 X56.4 Y115.784 E.72468
G1 X56.873 Y115.845 E.01469
G1 X39.753 Y132.964 E.74529
G1 X39.753 Y133.499 E.01645
G1 X57.346 Y115.906 E.76588
G1 X57.819 Y115.967 E.01469
G1 X39.753 Y134.033 E.78648
G1 X39.753 Y134.567 E.01645
G1 X58.292 Y116.028 E.80708
G1 X58.766 Y116.089 E.01469
G1 X39.753 Y135.101 E.82768
G1 X39.753 Y135.636 E.01645
G1 X59.239 Y116.15 E.84828
G1 X59.712 Y116.211 E.01469
G1 X39.753 Y136.17 E.86888
G1 X39.753 Y136.704 E.01645
G1 X60.185 Y116.272 E.88948
G1 X60.658 Y116.333 E.01469
G1 X39.753 Y137.238 E.91008
G1 X39.753 Y137.773 E.01645
G1 X61.131 Y116.394 E.93068
G1 X61.601 Y116.458 E.0146
G1 X39.753 Y138.307 E.95113
G1 X39.753 Y138.841 E.01645
G1 X62.071 Y116.523 E.97156
G1 X62.54 Y116.588 E.01458
G1 X39.753 Y139.375 E.99199
G1 X39.753 Y139.909 E.01645
G1 X63.009 Y116.653 E1.01242
G1 X63.478 Y116.718 E.01458
G1 X39.753 Y140.444 E1.03284
G1 X39.753 Y140.978 E.01645
G1 X63.948 Y116.783 E1.05327
G1 X64.417 Y116.848 E.01458
G1 X39.753 Y141.512 E1.0737
G1 X39.753 Y142.046 E.01645
G1 X64.886 Y116.913 E1.09413
G1 X65.355 Y116.978 E.01458
G1 X39.753 Y142.581 E1.11455
G1 X39.753 Y143.115 E.01645
G1 X65.825 Y117.044 E1.13498
G1 X66.292 Y117.11 E.01454
G1 X39.753 Y143.649 E1.15533
G1 X39.753 Y144.183 E.01645
G1 X66.758 Y117.178 E1.17564
G1 X67.225 Y117.246 E.01451
G1 X39.753 Y144.718 E1.19595
G1 X39.753 Y145.252 E.01645
G1 X67.692 Y117.313 E1.21626
G1 X68.158 Y117.381 E.01451
G1 X39.753 Y145.786 E1.23657
G1 X39.753 Y146.32 E.01645
G1 X68.625 Y117.449 E1.25688
G1 X69.091 Y117.516 E.01451
G1 X39.753 Y146.855 E1.2772
G1 X39.753 Y147.389 E.01645
G1 X69.558 Y117.584 E1.29751
G1 X70.024 Y117.652 E.01451
G1 X39.753 Y147.923 E1.31782
G1 X39.753 Y148.457 E.01645
G1 X70.491 Y117.719 E1.33813
G1 X70.956 Y117.788 E.01448
G1 X39.753 Y148.991 E1.35839
G1 X39.753 Y149.526 E.01645
G1 X71.421 Y117.858 E1.37859
G1 X71.885 Y117.928 E.01445
G1 X39.753 Y150.06 E1.3988
G1 X39.753 Y150.594 E.01645
G1 X72.349 Y117.999 E1.419
G1 X72.813 Y118.069 E.01445
G1 X39.753 Y151.128 E1.43921
G1 X39.753 Y151.663 E.01645
G1 X73.277 Y118.139 E1.45941
G1 X73.741 Y118.209 E.01445
G1 X39.753 Y152.197 E1.47962
G1 X39.753 Y152.731 E.01645
G1 X74.205 Y118.279 E1.49982
G1 X74.669 Y118.349 E.01445
G1 X39.753 Y153.265 E1.52003
G1 X39.753 Y153.8 E.01645
G1 X75.133 Y118.419 E1.54023
G1 X75.597 Y118.49 E.01443
G1 X39.753 Y154.334 E1.56041
G1 X39.753 Y154.868 E.01645
G1 X76.058 Y118.564 E1.58047
G1 X76.519 Y118.637 E.01436
G1 X39.753 Y155.402 E1.60053
G1 X39.753 Y155.937 E.01645
G1 X76.979 Y118.71 E1.62059
G1 X77.44 Y118.784 E.01436
G1 X39.753 Y156.471 E1.64065
G1 X39.753 Y157.005 E.01645
G1 X77.901 Y118.857 E1.66071
G1 X78.362 Y118.931 E.01436
G1 X39.753 Y157.539 E1.68077
G1 X39.753 Y158.074 E.01645
G1 X78.823 Y119.004 E1.70083
G1 X79.283 Y119.077 E.01436
G1 X39.753 Y158.608 E1.72089
G1 X39.753 Y159.142 E.01645
G1 X79.744 Y119.151 E1.74096
G1 X80.205 Y119.224 E.01436
G1 X39.753 Y159.676 E1.76102
G1 X39.753 Y160.21 E.01645
G1 X80.663 Y119.3 E1.78097
G1 X81.121 Y119.377 E.01429
G1 X39.753 Y160.745 E1.8009
G1 X39.753 Y161.279 E.01645
G1 X81.579 Y119.453 E1.82083
G1 X82.037 Y119.529 E.01429
G1 X39.753 Y161.813 E1.84076
G1 X39.753 Y162.347 E.01645
G1 X82.495 Y119.606 E1.8607
G1 X82.953 Y119.682 E.01429
G1 X39.753 Y162.882 E1.88063
G1 X39.753 Y163.416 E.01645
G1 X83.41 Y119.759 E1.90056
G1 X83.868 Y119.835 E.01429
G1 X39.753 Y163.95 E1.92049
G1 X39.753 Y164.484 E.01645
G1 X84.326 Y119.911 E1.94042
G1 X84.784 Y119.988 E.01429
G1 X39.753 Y165.019 E1.96035
G1 X39.753 Y165.553 E.01645
G1 X85.242 Y120.064 E1.98028
G1 X85.7 Y120.141 E.01429
G1 X39.753 Y166.087 E2.00021
G1 X39.753 Y166.621 E.01645
G1 X86.156 Y120.218 E2.0201
G1 X86.61 Y120.298 E.01419
G1 X39.753 Y167.156 E2.03986
G1 X39.753 Y167.69 E.01645
G1 X87.064 Y120.378 E2.05963
G1 X87.519 Y120.459 E.01419
G1 X39.753 Y168.224 E2.0794
G1 X39.753 Y168.758 E.01645
G1 X87.973 Y120.539 E2.09917
G1 X88.427 Y120.619 E.01419
G1 X39.753 Y169.293 E2.11894
G1 X39.753 Y169.827 E.01645
G1 X88.881 Y120.699 E2.13871
G1 X89.335 Y120.779 E.01419
G1 X39.753 Y170.361 E2.15848
G1 X39.753 Y170.895 E.01645
G1 X89.789 Y120.859 E2.17825
G1 X90.243 Y120.939 E.01419
G1 X39.753 Y171.429 E2.19802
G1 X39.753 Y171.964 E.01645
G1 X90.697 Y121.019 E2.21779
G1 X91.151 Y121.1 E.01419
G1 X39.753 Y172.498 E2.23755
G1 X39.753 Y173.032 E.01645
G1 X91.606 Y121.18 E2.25732
G1 X92.058 Y121.262 E.01414
G1 X39.753 Y173.566 E2.277
G1 X39.753 Y174.101 E.01645
G1 X92.509 Y121.345 E2.29665
G1 X92.96 Y121.428 E.01412
G1 X39.753 Y174.635 E2.31629
G1 X39.753 Y175.169 E.01645
G1 X93.411 Y121.511 E2.33594
G1 X93.863 Y121.594 E.01412
G1 X39.753 Y175.703 E2.35558
G1 X39.753 Y176.238 E.01645
G1 X94.314 Y121.677 E2.37523
G1 X94.765 Y121.76 E.01412
G1 X39.753 Y176.772 E2.39487
G1 X39.753 Y177.306 E.01645
G1 X95.216 Y121.843 E2.41452
G1 X95.668 Y121.926 E.01412
G1 X39.753 Y177.84 E2.43416
G1 X39.753 Y178.375 E.01645
G1 X96.119 Y122.009 E2.45381
G1 X96.57 Y122.092 E.01412
G1 X39.753 Y178.909 E2.47345
G1 X39.753 Y179.443 E.01645
G1 X97.022 Y122.175 E2.4931
G1 X97.473 Y122.258 E.01412
G1 X39.753 Y179.977 E2.51274
G1 X39.753 Y180.511 E.01645
G1 X97.921 Y122.344 E2.53224
G1 X98.369 Y122.43 E.01404
G1 X39.753 Y181.046 E2.55174
G1 X39.753 Y181.58 E.01645
G1 X98.817 Y122.517 E2.57124
G1 X99.265 Y122.603 E.01404
G1 X39.753 Y182.114 E2.59075
G1 X39.753 Y182.648 E.01645
G1 X99.713 Y122.689 E2.61025
G1 X100.161 Y122.775 E.01404
G1 X39.753 Y183.183 E2.62975
G1 X39.753 Y183.717 E.01645
G1 X100.609 Y122.862 E2.64925
G1 X101.057 Y122.948 E.01404
G1 X40.324 Y183.68 E2.6439
G1 X40.92 Y183.619 E.01843
G1 X101.505 Y123.034 E2.63747
G1 X101.952 Y123.12 E.01404
G1 X41.515 Y183.557 E2.63105
G1 X42.113 Y183.494 E.01849
G1 X102.4 Y123.207 E2.62454
G1 X102.848 Y123.293 E.01404
G1 X42.716 Y183.426 E2.6178
G1 X43.318 Y183.357 E.01868
G1 X103.295 Y123.38 E2.61102
G1 X103.74 Y123.469 E.01397
G1 X43.921 Y183.289 E2.60414
G1 X44.524 Y183.22 E.01868
G1 X104.185 Y123.559 E2.59726
G1 X104.63 Y123.648 E.01397
G1 X45.127 Y183.151 E2.59038
G1 X45.73 Y183.083 E.01868
G1 X105.075 Y123.738 E2.5835
G1 X105.519 Y123.827 E.01397
G1 X46.332 Y183.014 E2.57662
G1 X46.935 Y182.946 E.01868
G1 X105.964 Y123.917 E2.56975
G1 X106.409 Y124.006 E.01397
G1 X47.538 Y182.877 E2.56287
G1 X48.141 Y182.808 E.01868
G1 X106.854 Y124.096 E2.55599
G1 X107.299 Y124.185 E.01397
G1 X48.744 Y182.74 E2.54911
G1 X49.347 Y182.671 E.01868
G1 X107.743 Y124.274 E2.54223
G1 X108.188 Y124.364 E.01397
G1 X49.949 Y182.603 E2.53535
G1 X50.552 Y182.534 E.01868
G1 X108.633 Y124.453 E2.52847
G1 X109.077 Y124.544 E.01394
G1 X51.155 Y182.466 E2.52154
G1 X51.76 Y182.395 E.01874
G1 X109.519 Y124.636 E2.51446
G1 X109.961 Y124.728 E.01391
G1 X52.369 Y182.32 E2.50721
G1 X52.977 Y182.246 E.01888
G1 X110.403 Y124.82 E2.49996
G1 X110.846 Y124.912 E.01391
G1 X53.586 Y182.171 E2.4927
G1 X54.195 Y182.097 E.01888
G1 X111.288 Y125.004 E2.48545
G1 X111.73 Y125.096 E.01391
G1 X54.804 Y182.022 E2.4782
G1 X55.413 Y181.947 E.01888
G1 X112.172 Y125.188 E2.47095
G1 X112.615 Y125.28 E.01391
G1 X56.022 Y181.873 E2.4637
G1 X56.634 Y181.795 E.019
G1 X113.057 Y125.372 E2.4563
G1 X113.499 Y125.464 E.01391
G1 X57.25 Y181.713 E2.44875
G1 X57.865 Y181.632 E.01912
G1 X113.941 Y125.556 E2.4412
G1 X114.384 Y125.648 E.01391
G1 X58.481 Y181.551 E2.43365
G1 X59.097 Y181.469 E.01912
G1 X114.824 Y125.742 E2.426
G1 X115.262 Y125.837 E.01382
G1 X59.712 Y181.388 E2.4183
G1 X60.328 Y181.306 E.01912
G1 X115.701 Y125.933 E2.4106
G1 X116.14 Y126.028 E.01382
G1 X60.944 Y181.225 E2.4029
G1 X61.564 Y181.139 E.01927
G1 X116.579 Y126.124 E2.39501
G1 X117.018 Y126.219 E.01382
G1 X62.185 Y181.052 E2.38706
G1 X62.806 Y180.965 E.01931
G1 X117.456 Y126.315 E2.37911
G1 X117.895 Y126.41 E.01382
G1 X63.428 Y180.878 E2.37116
G1 X64.049 Y180.791 E.01931
G1 X118.334 Y126.506 E2.36321
G1 X118.773 Y126.601 E.01382
G1 X64.67 Y180.703 E2.35526
G1 X65.292 Y180.616 E.01931
G1 X119.211 Y126.697 E2.34731
G1 X119.65 Y126.792 E.01382
G1 X65.913 Y180.529 E2.33936
G1 X66.535 Y180.442 E.01931
G1 X120.089 Y126.888 E2.33141
G1 X120.525 Y126.986 E.01376
G1 X67.156 Y180.355 E2.32335
G1 X67.777 Y180.268 E.01931
G1 X120.96 Y127.085 E2.31525
G1 X121.396 Y127.183 E.01374
G1 X68.399 Y180.181 E2.30716
G1 X69.02 Y180.093 E.01931
G1 X121.831 Y127.282 E2.29906
G1 X122.267 Y127.381 E.01374
G1 X69.641 Y180.006 E2.29096
G1 X70.263 Y179.919 E.01931
G1 X122.702 Y127.48 E2.28286
G1 X123.137 Y127.579 E.01374
G1 X70.888 Y179.828 E2.27458
G1 X71.52 Y179.731 E.01966
G1 X123.573 Y127.678 E2.26605
G1 X124.008 Y127.777 E.01374
G1 X72.151 Y179.634 E2.25753
G1 X72.782 Y179.537 E.01966
G1 X124.443 Y127.876 E2.249
G1 X124.879 Y127.975 E.01374
G1 X73.413 Y179.44 E2.24048
G1 X74.044 Y179.343 E.01966
G1 X125.314 Y128.073 E2.23195
G1 X125.749 Y128.172 E.01374
G1 X74.675 Y179.246 E2.22343
G1 X75.307 Y179.149 E.01966
G1 X126.182 Y128.274 E2.21479
G1 X126.614 Y128.376 E.01366
G1 X75.942 Y179.048 E2.20594
G1 X76.577 Y178.947 E.01981
G1 X127.046 Y128.479 E2.19708
G1 X127.478 Y128.581 E.01366
G1 X77.213 Y178.846 E2.18821
G1 X77.848 Y178.745 E.01981
G1 X127.909 Y128.683 E2.17934
G1 X128.341 Y128.786 E.01366
G1 X78.484 Y178.643 E2.17048
G1 X79.119 Y178.542 E.01981
G1 X128.773 Y128.888 E2.16161
G1 X129.205 Y128.991 E.01366
G1 X79.755 Y178.441 E2.15274
G1 X80.392 Y178.338 E.01988
G1 X129.637 Y129.093 E2.14379
G1 X130.068 Y129.196 E.01366
G1 X81.033 Y178.231 E2.1347
G1 X81.674 Y178.125 E.01999
G1 X130.5 Y129.298 E2.1256
G1 X130.932 Y129.4 E.01366
G1 X82.314 Y178.018 E2.11651
G1 X82.955 Y177.912 E.01999
G1 X131.364 Y129.503 E2.10741
G1 X131.794 Y129.607 E.01362
G1 X83.596 Y177.805 E2.09823
G1 X84.237 Y177.699 E.01999
G1 X132.223 Y129.713 E2.089
G1 X132.651 Y129.818 E.01359
G1 X84.877 Y177.592 E2.07977
G1 X85.518 Y177.486 E.01999
G1 X133.08 Y129.924 E2.07054
G1 X133.509 Y130.029 E.01359
G1 X86.162 Y177.376 E2.06119
G1 X86.81 Y177.263 E.02025
G1 X133.938 Y130.134 E2.05165
G1 X134.366 Y130.24 E.01359
G1 X87.458 Y177.149 E2.04211
G1 X88.106 Y177.035 E.02025
G1 X134.795 Y130.345 E2.03257
G1 X135.224 Y130.451 E.01359
G1 X88.753 Y176.921 E2.02303
G1 X89.401 Y176.808 E.02025
G1 X135.653 Y130.556 E2.01348
G1 X136.081 Y130.662 E.01359
G1 X90.049 Y176.694 E2.00394
G1 X90.697 Y176.58 E.02025
G1 X136.51 Y130.767 E1.9944
G1 X136.939 Y130.873 E.01359
G1 X91.345 Y176.466 E1.98486
G1 X91.996 Y176.35 E.02036
G1 X137.366 Y130.98 E1.97511
G1 X137.792 Y131.089 E.01352
G1 X92.65 Y176.23 E1.96517
G1 X93.304 Y176.11 E.02046
G1 X138.217 Y131.197 E1.95523
G1 X138.643 Y131.306 E.01352
G1 X93.958 Y175.991 E1.94528
G1 X94.612 Y175.871 E.02046
G1 X139.068 Y131.415 E1.93534
G1 X139.494 Y131.523 E.01352
G1 X95.266 Y175.751 E1.9254
G1 X95.92 Y175.631 E.02046
G1 X139.92 Y131.632 E1.91546
G1 X140.345 Y131.741 E.01352
G1 X96.574 Y175.512 E1.90552
G1 X97.228 Y175.392 E.02046
G1 X140.771 Y131.849 E1.89557
G1 X141.196 Y131.958 E.01352
G1 X97.887 Y175.267 E1.88541
G1 X98.548 Y175.14 E.02072
G1 X141.622 Y132.067 E1.87516
G1 X142.047 Y132.175 E.01352
G1 X99.209 Y175.013 E1.86491
G1 X99.87 Y174.887 E.02072
G1 X142.473 Y132.284 E1.85466
G1 X142.898 Y132.393 E.0135
G1 X100.531 Y174.76 E1.84437
G1 X101.192 Y174.633 E.02072
G1 X143.32 Y132.505 E1.83398
G1 X143.742 Y132.617 E.01345
G1 X101.853 Y174.506 E1.82358
G1 X102.514 Y174.38 E.02072
G1 X144.165 Y132.729 E1.81318
G1 X144.587 Y132.841 E.01345
G1 X103.176 Y174.252 E1.80277
G1 X103.844 Y174.118 E.021
G1 X145.009 Y132.953 E1.79204
G1 X145.431 Y133.065 E.01345
G1 X104.513 Y173.983 E1.78131
G1 X105.182 Y173.849 E.021
G1 X145.853 Y133.177 E1.77058
G1 X146.276 Y133.289 E.01345
G1 X105.85 Y173.715 E1.75985
G1 X106.519 Y173.58 E.021
G1 X146.698 Y133.401 E1.74913
G1 X147.12 Y133.513 E.01345
G1 X107.188 Y173.446 E1.7384
G1 X107.856 Y173.311 E.021
G1 X147.542 Y133.625 E1.72767
G1 X147.965 Y133.737 E.01345
G1 X108.525 Y173.177 E1.71694
G1 X109.198 Y173.038 E.02114
G1 X148.387 Y133.849 E1.70603
G1 X148.805 Y133.965 E.01336
G1 X109.874 Y172.897 E1.69481
G1 X110.55 Y172.755 E.02126
G1 X149.223 Y134.081 E1.68359
G1 X149.641 Y134.198 E.01336
G1 X111.226 Y172.613 E1.67237
G1 X111.902 Y172.471 E.02126
G1 X150.06 Y134.314 E1.66114
G1 X150.478 Y134.43 E.01336
G1 X112.578 Y172.329 E1.64992
G1 X113.254 Y172.188 E.02126
G1 X150.896 Y134.546 E1.6387
G1 X151.314 Y134.662 E.01336
G1 X113.93 Y172.046 E1.62747
G1 X114.607 Y171.903 E.0213
G1 X151.732 Y134.778 E1.61621
G1 X152.151 Y134.894 E.01336
G1 X115.29 Y171.755 E1.60468
G1 X115.973 Y171.606 E.02151
G1 X152.569 Y135.01 E1.59316
G1 X152.987 Y135.126 E.01336
G1 X116.656 Y171.457 E1.58164
G1 X117.339 Y171.309 E.02151
G1 X153.405 Y135.242 E1.57011
G1 X153.823 Y135.358 E.01336
G1 X118.021 Y171.16 E1.55859
G1 X118.704 Y171.011 E.02151
G1 X154.239 Y135.477 E1.54695
G1 X154.653 Y135.596 E.01328
G1 X119.387 Y170.862 E1.53526
G1 X120.07 Y170.714 E.02151
G1 X155.068 Y135.716 E1.52357
G1 X155.482 Y135.836 E.01328
G1 X120.76 Y170.558 E1.51159
G1 X121.451 Y170.402 E.02181
G1 X155.897 Y135.956 E1.49956
G1 X156.311 Y136.076 E.01328
G1 X122.142 Y170.245 E1.48752
G1 X122.832 Y170.089 E.02181
G1 X156.725 Y136.196 E1.47549
G1 X157.14 Y136.315 E.01328
G1 X123.523 Y169.932 E1.46345
G1 X124.214 Y169.775 E.02181
G1 X157.554 Y136.435 E1.45141
G1 X157.969 Y136.555 E.01328
G1 X124.905 Y169.619 E1.43938
G1 X125.596 Y169.462 E.02181
G1 X158.383 Y136.675 E1.42734
G1 X158.797 Y136.795 E.01328
G1 X126.293 Y169.299 E1.41505
G1 X126.993 Y169.133 E.02216
G1 X159.212 Y136.915 E1.4026
G1 X159.625 Y137.035 E.01326
G1 X127.693 Y168.967 E1.39012
G1 X128.394 Y168.801 E.02216
G1 X160.036 Y137.159 E1.37748
G1 X160.446 Y137.283 E.01319
G1 X129.094 Y168.635 E1.36485
G1 X129.794 Y168.469 E.02216
G1 X160.856 Y137.407 E1.35222
G1 X161.266 Y137.531 E.01319
G1 X130.495 Y168.303 E1.33959
G1 X131.195 Y168.137 E.02216
G1 X161.676 Y137.655 E1.32696
G1 X162.087 Y137.78 E.01319
G1 X131.899 Y167.967 E1.31417
G1 X132.606 Y167.795 E.02239
G1 X162.497 Y137.904 E1.30127
G1 X162.907 Y138.028 E.01319
G1 X133.312 Y167.622 E1.28836
G1 X134.019 Y167.45 E.02239
G1 X163.317 Y138.152 E1.27545
G1 X163.727 Y138.276 E.01319
G1 X134.726 Y167.277 E1.26255
G1 X135.432 Y167.105 E.02239
G1 X164.138 Y138.4 E1.24964
G1 X164.548 Y138.524 E.01319
G1 X136.139 Y166.932 E1.23673
G1 X136.846 Y166.76 E.02239
G1 X164.958 Y138.648 E1.22383
G1 X165.364 Y138.776 E.0131
G1 X137.56 Y166.58 E1.21041
G1 X138.279 Y166.395 E.02286
G1 X165.767 Y138.907 E1.19667
G1 X166.171 Y139.038 E.01306
G1 X138.998 Y166.21 E1.18292
G1 X139.718 Y166.025 E.02286
G1 X166.574 Y139.168 E1.16917
G1 X166.978 Y139.299 E.01306
G1 X140.437 Y165.84 E1.15542
G1 X141.156 Y165.655 E.02286
G1 X167.382 Y139.43 E1.14168
G1 X167.785 Y139.56 E.01306
G1 X141.876 Y165.47 E1.12793
G1 X142.595 Y165.285 E.02286
G1 X168.189 Y139.691 E1.11418
G1 X168.592 Y139.822 E.01306
G1 X143.32 Y165.094 E1.10019
G1 X144.047 Y164.901 E.02316
G1 X168.996 Y139.952 E1.0861
G1 X169.399 Y140.083 E.01306
G1 X144.774 Y164.708 E1.07202
G1 X145.501 Y164.515 E.02316
G1 X169.803 Y140.214 E1.05794
G1 X170.207 Y140.344 E.01306
G1 X146.228 Y164.322 E1.04385
G1 X146.956 Y164.129 E.02316
G1 X170.61 Y140.475 E1.02977
G1 X171.014 Y140.606 E.01306
G1 X147.683 Y163.937 E1.01568
G1 X148.41 Y163.743 E.02318
G1 X171.417 Y140.736 E1.00157
G1 X171.714 Y140.832 E.00959
G1 X171.807 Y140.88 E.00325
G1 X149.149 Y163.538 E.98638
G1 X149.889 Y163.333 E.02361
G1 X172.161 Y141.061 E.96958
G1 X172.514 Y141.242 E.01222
G1 X150.628 Y163.129 E.95279
G1 X151.367 Y162.924 E.02361
G1 X172.867 Y141.423 E.93599
G1 X173.22 Y141.604 E.01222
G1 X152.106 Y162.719 E.91919
G1 X152.845 Y162.514 E.02361
G1 X173.574 Y141.785 E.90239
G1 X173.927 Y141.966 E.01222
G1 X153.584 Y162.309 E.88559
G1 X154.329 Y162.098 E.02385
G1 X174.28 Y142.147 E.86852
G1 X174.633 Y142.328 E.01222
G1 X155.081 Y161.881 E.8512
G1 X155.832 Y161.664 E.02407
G1 X174.986 Y142.509 E.83387
G1 X175.287 Y142.664 E.01041
G1 X175.328 Y142.702 E.00172
G1 X156.583 Y161.447 E.81603
G1 X157.334 Y161.23 E.02407
G1 X175.602 Y142.962 E.79526
G1 X175.876 Y143.222 E.01163
G1 X158.086 Y161.013 E.77449
G1 X158.837 Y160.796 E.02407
G1 X176.15 Y143.482 E.75371
G1 X176.424 Y143.743 E.01163
G1 X159.589 Y160.578 E.7329
G1 X160.355 Y160.346 E.02464
G1 X176.699 Y144.003 E.71148
G1 X176.973 Y144.263 E.01163
G1 X161.121 Y160.114 E.69007
G1 X161.887 Y159.882 E.02464
G1 X177.203 Y144.567 E.66673
G1 X177.337 Y144.967 E.01298
G1 X162.653 Y159.651 E.63924
G1 X163.419 Y159.419 E.02464
G1 X177.472 Y145.367 E.61175
G1 X177.606 Y145.766 E.01298
G1 X164.185 Y159.187 E.58426
G1 X164.951 Y158.955 E.02464
G1 X177.741 Y146.166 E.55677
G1 X177.875 Y146.566 E.01298
G1 X165.731 Y158.71 E.5287
G1 X166.513 Y158.462 E.02527
G1 X178.01 Y146.965 E.50048
G1 X178.144 Y147.365 E.01298
G1 X167.296 Y158.214 E.47227
G1 X168.078 Y157.965 E.02527
G1 X178.268 Y147.776 E.44359
G1 X178.362 Y148.216 E.01386
G1 X168.861 Y157.717 E.4136
G1 X169.644 Y157.469 E.02527
G1 X178.455 Y148.657 E.38361
G1 X178.486 Y148.799 E.00447
G1 X178.389 Y149.257 E.01442
G1 X170.426 Y157.22 E.34666
G1 X171.243 Y156.938 E.0266
G1 X178.247 Y149.934 E.30492
G1 X178.105 Y150.61 E.02128
G1 X172.104 Y156.61 E.26122
G1 X173.017 Y156.232 E.03041
G1 X177.963 Y151.286 E.2153
G1 X177.821 Y151.963 E.02128
G1 X173.805 Y155.979 E.17483
; stop printing object USV 1 e2mm.stl_6_B id:0 copy 0
; printing object "USV 1 e2mm.stl_5" id:1 copy 0
G1 E-.8 F3600
G1 X37.91 Y97.272 F18000
G1 E.8 F3600
M204 S1000
;TYPE:Outer wall
;WIDTH:0.42
G1 F3000
G1 X37.91 Y25.785 E2.1966
G1 X39.284 Y25.926 E.04244
G1 X45.74 Y26.633 E.19957
G1 X50.534 Y27.188 E.14828
G1 X55.314 Y27.774 E.148
G1 X60.083 Y28.401 E.14779
G1 X64.845 Y29.062 E.14772
G1 X69.614 Y29.754 E.14808
G1 X74.385 Y30.474 E.14827
G1 X79.166 Y31.236 E.14873
G1 X84.927 Y32.194 E.17946
G1 X90.68 Y33.204 E.17947
G1 X96.425 Y34.256 E.17947
G1 X102.163 Y35.356 E.17953
G1 X107.862 Y36.509 E.17864
G1 X113.554 Y37.695 E.17866
G1 X119.229 Y38.931 E.17847
G1 X124.908 Y40.219 E.17894
G1 X130.565 Y41.56 E.17862
G1 X136.21 Y42.949 E.17864
G1 X141.859 Y44.391 E.17913
G1 X147.452 Y45.874 E.1778
G1 X153.031 Y47.422 E.17791
G1 X158.633 Y49.036 E.17913
G1 X164.206 Y50.725 E.17893
G1 X169.728 Y52.478 E.17804
G1 X170.886 Y52.888 E.03775
G1 X172.229 Y53.445 E.04468
G1 X174.601 Y54.797 E.08387
G1 X176.564 Y56.656 E.08309
G1 X177.389 Y58.061 E.05008
G1 X178.117 Y61.531 E.10895
G1 X177.834 Y62.862 E.0418
G1 X176.751 Y66.08 E.10432
G1 X176.565 Y66.399 E.01136
G1 X174.601 Y68.263 E.08318
G1 X170.883 Y70.168 E.12839
G1 X164.208 Y72.326 E.21554
G1 X158.633 Y74.015 E.17901
G1 X153.036 Y75.634 E.17901
G1 X147.463 Y77.177 E.1777
G1 X141.87 Y78.672 E.17786
G1 X136.221 Y80.113 E.17915
G1 X130.576 Y81.496 E.17857
G1 X124.919 Y82.836 E.17864
G1 X119.251 Y84.124 E.1786
G1 X113.573 Y85.359 E.17857
G1 X107.886 Y86.542 E.17849
G1 X102.188 Y87.696 E.17863
G1 X96.476 Y88.788 E.17868
G1 X90.757 Y89.84 E.17869
G1 X85.029 Y90.85 E.17872
G1 X79.29 Y91.808 E.17878
G1 X74.509 Y92.57 E.14877
G1 X69.739 Y93.291 E.14823
G1 X64.969 Y93.982 E.14808
G1 X60.199 Y94.639 E.14796
G1 X55.427 Y95.269 E.1479
G1 X50.654 Y95.855 E.14776
G1 X41.041 Y96.949 E.29728
G1 X37.93 Y97.27 E.09611
M204 S2000
G1 X38.302 Y96.837 F18000
M204 S1500
;TYPE:Inner wall
;WIDTH:0.45
G1 F4800
G1 X38.302 Y26.219 E2.34253
G1 X39.242 Y26.316 E.03136
G1 X45.696 Y27.022 E.21536
G1 X50.487 Y27.578 E.15999
G1 X55.265 Y28.163 E.15968
G1 X60.031 Y28.789 E.15945
G1 X64.79 Y29.45 E.15939
G1 X69.557 Y30.141 E.15979
G1 X74.325 Y30.862 E.15997
G1 X79.103 Y31.623 E.16047
G1 X84.861 Y32.58 E.19364
G1 X90.61 Y33.59 E.19364
G1 X96.353 Y34.642 E.19365
G1 X102.088 Y35.741 E.19369
G1 X107.783 Y36.893 E.19275
G1 X113.472 Y38.079 E.19277
G1 X119.144 Y39.314 E.19256
G1 X124.82 Y40.601 E.19305
G1 X130.473 Y41.941 E.19271
G1 X136.115 Y43.33 E.19275
G1 X141.76 Y44.77 E.19327
G1 X147.349 Y46.253 E.19181
G1 X152.924 Y47.799 E.19192
G1 X158.522 Y49.412 E.19323
G1 X164.089 Y51.1 E.19299
G1 X169.604 Y52.85 E.1919
G1 X170.746 Y53.254 E.0402
G1 X172.057 Y53.798 E.04707
G1 X174.365 Y55.114 E.08816
G1 X176.254 Y56.902 E.08628
G1 X177.018 Y58.205 E.05009
G1 X177.716 Y61.531 E.11274
G1 X177.455 Y62.758 E.04163
G1 X176.392 Y65.917 E.11054
G1 X176.254 Y66.153 E.00908
G1 X174.372 Y67.939 E.08607
G1 X170.732 Y69.805 E.13569
G1 X164.091 Y71.952 E.23152
G1 X158.521 Y73.639 E.19305
G1 X152.929 Y75.256 E.1931
G1 X147.36 Y76.799 E.19171
G1 X141.771 Y78.292 E.19188
G1 X136.126 Y79.733 E.19326
G1 X130.485 Y81.114 E.19267
G1 X124.831 Y82.454 E.19274
G1 X119.166 Y83.741 E.19269
G1 X113.491 Y84.976 E.19266
G1 X107.807 Y86.158 E.19259
G1 X102.112 Y87.311 E.19274
G1 X96.404 Y88.403 E.19278
G1 X90.687 Y89.454 E.19281
G1 X84.962 Y90.463 E.19284
G1 X79.227 Y91.421 E.1929
G1 X74.448 Y92.183 E.16051
G1 X69.681 Y92.903 E.15993
G1 X64.914 Y93.594 E.15978
G1 X60.146 Y94.25 E.15965
G1 X55.377 Y94.881 E.15957
G1 X50.608 Y95.466 E.1594
G1 X40.999 Y96.559 E.32081
G1 X38.322 Y96.835 E.08927
M204 S2000
G1 X38.465 Y27.162 F18000
;TYPE:Internal solid infill
;WIDTH:0.420702
G1 F6000
G1 X39.002 Y26.626 E.02334
G1 X39.484 Y26.678 E.01495
G1 X38.635 Y27.527 E.03697
G1 X38.635 Y28.061 E.01645
G1 X39.966 Y26.73 E.05794
G1 X40.448 Y26.783 E.01491
G1 X38.635 Y28.595 E.0789
G1 X38.635 Y29.13 E.01645
G1 X40.929 Y26.836 E.09987
G1 X41.411 Y26.889 E.01491
G1 X38.635 Y29.664 E.12083
G1 X38.635 Y30.198 E.01645
G1 X41.892 Y26.941 E.1418
G1 X42.374 Y26.994 E.01491
G1 X38.635 Y30.733 E.16276
G1 X38.635 Y31.267 E.01645
G1 X42.855 Y27.047 E.18373
G1 X43.337 Y27.099 E.01491
G1 X38.635 Y31.801 E.2047
G1 X38.635 Y32.335 E.01645
G1 X43.819 Y27.152 E.22566
G1 X44.3 Y27.205 E.01491
G1 X38.635 Y32.87 E.24663
G1 X38.635 Y33.404 E.01645
G1 X44.782 Y27.257 E.26759
G1 X45.263 Y27.31 E.01491
G1 X38.635 Y33.938 E.28856
G1 X38.635 Y34.472 E.01645
G1 X45.744 Y27.363 E.3095
G1 X46.223 Y27.419 E.01484
G1 X38.635 Y35.007 E.33035
G1 X38.635 Y35.541 E.01645
G1 X46.702 Y27.474 E.35119
G1 X47.181 Y27.53 E.01484
G1 X38.635 Y36.075 E.37203
G1 X38.635 Y36.609 E.01645
G1 X47.659 Y27.585 E.39287
G1 X48.138 Y27.641 E.01484
G1 X38.635 Y37.144 E.41372
G1 X38.635 Y37.678 E.01645
G1 X48.617 Y27.696 E.43456
G1 X49.096 Y27.752 E.01484
G1 X38.635 Y38.212 E.4554
G1 X38.635 Y38.746 E.01645
G1 X49.574 Y27.807 E.47625
G1 X50.053 Y27.863 E.01484
G1 X38.635 Y39.281 E.49709
G1 X38.635 Y39.815 E.01645
G1 X50.531 Y27.919 E.51791
G1 X51.007 Y27.977 E.01476
G1 X38.635 Y40.349 E.53863
G1 X38.635 Y40.884 E.01645
G1 X51.483 Y28.035 E.55935
G1 X51.959 Y28.094 E.01476
G1 X38.635 Y41.418 E.58007
G1 X38.635 Y41.952 E.01645
G1 X52.435 Y28.152 E.60079
G1 X52.911 Y28.21 E.01476
G1 X38.635 Y42.486 E.62151
G1 X38.635 Y43.021 E.01645
G1 X53.387 Y28.269 E.64223
G1 X53.863 Y28.327 E.01476
G1 X38.635 Y43.555 E.66295
G1 X38.635 Y44.089 E.01645
G1 X54.339 Y28.385 E.68368
G1 X54.815 Y28.444 E.01476
G1 X38.635 Y44.623 E.7044
G1 X38.635 Y45.158 E.01645
G1 X55.29 Y28.503 E.72509
G1 X55.762 Y28.565 E.01466
G1 X38.635 Y45.692 E.74565
G1 X38.635 Y46.226 E.01645
G1 X56.235 Y28.627 E.76621
G1 X56.707 Y28.689 E.01466
G1 X38.635 Y46.76 E.78677
G1 X38.635 Y47.295 E.01645
G1 X57.179 Y28.751 E.80732
G1 X57.651 Y28.813 E.01466
G1 X38.635 Y47.829 E.82788
G1 X38.635 Y48.363 E.01645
G1 X58.123 Y28.875 E.84844
G1 X58.596 Y28.937 E.01466
G1 X38.635 Y48.898 E.869
G1 X38.635 Y49.432 E.01645
G1 X59.068 Y28.999 E.88955
G1 X59.54 Y29.061 E.01466
G1 X38.635 Y49.966 E.91011
G1 X38.635 Y50.5 E.01645
G1 X60.012 Y29.123 E.93066
G1 X60.481 Y29.188 E.01458
G1 X38.635 Y51.035 E.95109
G1 X38.635 Y51.569 E.01645
G1 X60.95 Y29.254 E.97151
G1 X61.42 Y29.319 E.01458
G1 X38.635 Y52.103 E.99194
G1 X38.635 Y52.637 E.01645
G1 X61.889 Y29.384 E1.01236
G1 X62.358 Y29.449 E.01458
G1 X38.635 Y53.172 E1.03279
G1 X38.635 Y53.706 E.01645
G1 X62.827 Y29.514 E1.05321
G1 X63.296 Y29.579 E.01458
G1 X38.635 Y54.24 E1.07364
G1 X38.635 Y54.774 E.01645
G1 X63.765 Y29.644 E1.09406
G1 X64.235 Y29.709 E.01458
G1 X38.635 Y55.309 E1.11449
G1 X38.635 Y55.843 E.01645
G1 X64.704 Y29.774 E1.13492
G1 X65.171 Y29.842 E.01452
G1 X38.635 Y56.377 E1.15524
G1 X38.635 Y56.911 E.01645
G1 X65.637 Y29.91 E1.17555
G1 X66.104 Y29.977 E.01451
G1 X38.635 Y57.446 E1.19586
G1 X38.635 Y57.98 E.01645
G1 X66.57 Y30.045 E1.21618
G1 X67.037 Y30.113 E.01451
G1 X38.635 Y58.514 E1.23649
G1 X38.635 Y59.049 E.01645
G1 X67.503 Y30.18 E1.2568
G1 X67.97 Y30.248 E.01451
G1 X38.635 Y59.583 E1.27712
G1 X38.635 Y60.117 E.01645
G1 X68.437 Y30.316 E1.29743
G1 X68.903 Y30.383 E.01451
G1 X38.635 Y60.651 E1.31774
G1 X38.635 Y61.186 E.01645
G1 X69.37 Y30.451 E1.33806
G1 X69.835 Y30.52 E.01447
G1 X38.635 Y61.72 E1.35829
G1 X38.635 Y62.254 E.01645
G1 X70.299 Y30.59 E1.3785
G1 X70.763 Y30.661 E.01445
G1 X38.635 Y62.788 E1.39871
G1 X38.635 Y63.323 E.01645
G1 X71.227 Y30.731 E1.41891
G1 X71.691 Y30.801 E.01445
G1 X38.635 Y63.857 E1.43912
G1 X38.635 Y64.391 E.01645
G1 X72.155 Y30.871 E1.45933
G1 X72.62 Y30.941 E.01445
G1 X38.635 Y64.925 E1.47954
G1 X38.635 Y65.46 E.01645
G1 X73.084 Y31.011 E1.49974
G1 X73.548 Y31.081 E.01445
G1 X38.635 Y65.994 E1.51995
G1 X38.635 Y66.528 E.01645
G1 X74.012 Y31.151 E1.54016
G1 X74.475 Y31.223 E.01441
G1 X38.635 Y67.063 E1.5603
G1 X38.635 Y67.597 E.01645
G1 X74.936 Y31.296 E1.58036
G1 X75.396 Y31.37 E.01437
G1 X38.635 Y68.131 E1.60043
G1 X38.635 Y68.665 E.01645
G1 X75.857 Y31.443 E1.62049
G1 X76.318 Y31.517 E.01437
G1 X38.635 Y69.2 E1.64055
G1 X38.635 Y69.734 E.01645
G1 X76.779 Y31.59 E1.66061
G1 X77.24 Y31.664 E.01437
G1 X38.635 Y70.268 E1.68068
G1 X38.635 Y70.802 E.01645
G1 X77.7 Y31.737 E1.70074
G1 X78.161 Y31.811 E.01437
G1 X38.635 Y71.337 E1.7208
G1 X38.635 Y71.871 E.01645
G1 X78.622 Y31.884 E1.74086
G1 X79.083 Y31.958 E.01436
G1 X38.635 Y72.405 E1.76092
G1 X38.635 Y72.939 E.01645
G1 X79.541 Y32.034 E1.78086
G1 X79.999 Y32.11 E.0143
G1 X38.635 Y73.474 E1.8008
G1 X38.635 Y74.008 E.01645
G1 X80.457 Y32.186 E1.82075
G1 X80.915 Y32.262 E.0143
G1 X38.635 Y74.542 E1.84069
G1 X38.635 Y75.076 E.01645
G1 X81.373 Y32.338 E1.86064
G1 X81.831 Y32.415 E.0143
G1 X38.635 Y75.611 E1.88058
G1 X38.635 Y76.145 E.01645
G1 X82.29 Y32.491 E1.90053
G1 X82.748 Y32.567 E.0143
G1 X38.635 Y76.679 E1.92047
G1 X38.635 Y77.214 E.01645
G1 X83.206 Y32.643 E1.94041
G1 X83.664 Y32.719 E.0143
G1 X38.635 Y77.748 E1.96036
G1 X38.635 Y78.282 E.01645
G1 X84.122 Y32.795 E1.9803
G1 X84.58 Y32.871 E.0143
G1 X38.635 Y78.816 E2.00025
G1 X38.635 Y79.351 E.01645
G1 X85.036 Y32.949 E2.02011
G1 X85.491 Y33.029 E.0142
G1 X38.635 Y79.885 E2.03989
G1 X38.635 Y80.419 E.01645
G1 X85.945 Y33.109 E2.05968
G1 X86.4 Y33.189 E.0142
G1 X38.635 Y80.953 E2.07946
G1 X38.635 Y81.488 E.01645
G1 X86.854 Y33.269 E2.09924
G1 X87.308 Y33.349 E.0142
G1 X38.635 Y82.022 E2.11903
G1 X38.635 Y82.556 E.01645
G1 X87.763 Y33.428 E2.13881
G1 X88.217 Y33.508 E.0142
G1 X38.635 Y83.09 E2.1586
G1 X38.635 Y83.625 E.01645
G1 X88.672 Y33.588 E2.17838
G1 X89.126 Y33.668 E.0142
G1 X38.635 Y84.159 E2.19816
G1 X38.635 Y84.693 E.01645
G1 X89.581 Y33.748 E2.21795
G1 X90.035 Y33.828 E.0142
G1 X38.635 Y85.227 E2.23773
G1 X38.635 Y85.762 E.01645
G1 X90.489 Y33.908 E2.25752
G1 X90.941 Y33.99 E.01414
G1 X38.635 Y86.296 E2.27719
G1 X38.635 Y86.83 E.01645
G1 X91.393 Y34.072 E2.29685
G1 X91.845 Y34.155 E.01413
G1 X38.635 Y87.365 E2.31651
G1 X38.635 Y87.899 E.01645
G1 X92.296 Y34.238 E2.33618
G1 X92.748 Y34.32 E.01413
G1 X38.635 Y88.433 E2.35584
G1 X38.635 Y88.967 E.01645
G1 X93.199 Y34.403 E2.3755
G1 X93.651 Y34.486 E.01413
G1 X38.635 Y89.502 E2.39516
G1 X38.635 Y90.036 E.01645
G1 X94.103 Y34.568 E2.41482
G1 X94.554 Y34.651 E.01413
G1 X38.635 Y90.57 E2.43448
G1 X38.635 Y91.104 E.01645
G1 X95.006 Y34.734 E2.45414
G1 X95.457 Y34.816 E.01413
G1 X38.635 Y91.639 E2.4738
G1 X38.635 Y92.173 E.01645
G1 X95.909 Y34.899 E2.49346
G1 X96.36 Y34.982 E.01412
G1 X38.635 Y92.707 E2.5131
G1 X38.635 Y93.241 E.01645
G1 X96.808 Y35.068 E2.53262
G1 X97.257 Y35.154 E.01405
G1 X38.635 Y93.776 E2.55214
G1 X38.635 Y94.31 E.01645
G1 X97.705 Y35.24 E2.57166
G1 X98.153 Y35.326 E.01405
G1 X38.635 Y94.844 E2.59118
G1 X38.635 Y95.379 E.01645
G1 X98.602 Y35.412 E2.61069
G1 X99.05 Y35.498 E.01405
G1 X38.635 Y95.913 E2.63021
G1 X38.635 Y96.447 E.01645
G1 X99.499 Y35.584 E2.64973
G1 X99.947 Y35.67 E.01405
G1 X39.208 Y96.409 E2.64433
G1 X39.803 Y96.347 E.01843
G1 X100.395 Y35.756 E2.63791
G1 X100.844 Y35.841 E.01405
G1 X40.399 Y96.286 E2.6315
G1 X40.995 Y96.224 E.01845
G1 X101.292 Y35.927 E2.62507
G1 X101.74 Y36.013 E.01405
G1 X41.598 Y96.156 E2.61834
G1 X42.201 Y96.087 E.01868
G1 X102.187 Y36.101 E2.61155
G1 X102.632 Y36.191 E.01396
G1 X42.804 Y96.018 E2.60465
G1 X43.406 Y95.95 E.01868
G1 X103.076 Y36.28 E2.59775
G1 X103.52 Y36.37 E.01396
G1 X44.009 Y95.881 E2.59085
G1 X44.612 Y95.813 E.01868
G1 X103.965 Y36.46 E2.58396
G1 X104.409 Y36.55 E.01396
G1 X45.215 Y95.744 E2.57706
G1 X45.818 Y95.676 E.01868
G1 X104.853 Y36.64 E2.57016
G1 X105.298 Y36.73 E.01396
G1 X46.421 Y95.607 E2.56326
G1 X47.024 Y95.538 E.01868
G1 X105.742 Y36.82 E2.55636
G1 X106.187 Y36.91 E.01396
G1 X47.626 Y95.47 E2.54946
G1 X48.229 Y95.401 E.01868
G1 X106.631 Y37 E2.54256
G1 X107.075 Y37.089 E.01396
G1 X48.832 Y95.333 E2.53566
G1 X49.435 Y95.264 E.01868
G1 X107.52 Y37.179 E2.52876
G1 X107.963 Y37.271 E.01393
G1 X50.038 Y95.195 E2.5218
G1 X50.641 Y95.126 E.0187
G1 X108.405 Y37.363 E2.51477
G1 X108.847 Y37.455 E.0139
G1 X51.25 Y95.051 E2.50751
G1 X51.86 Y94.977 E.01889
G1 X109.289 Y37.547 E2.50024
G1 X109.731 Y37.639 E.0139
G1 X52.469 Y94.902 E2.49297
G1 X53.078 Y94.827 E.01889
G1 X110.173 Y37.731 E2.48571
G1 X110.615 Y37.824 E.0139
G1 X53.687 Y94.752 E2.47844
G1 X54.296 Y94.678 E.01889
G1 X111.057 Y37.916 E2.47117
G1 X111.5 Y38.008 E.0139
G1 X54.905 Y94.603 E2.46391
G1 X55.515 Y94.526 E.01896
G1 X111.942 Y38.1 E2.45656
G1 X112.384 Y38.192 E.0139
G1 X56.131 Y94.445 E2.449
G1 X56.747 Y94.363 E.01912
G1 X112.826 Y38.284 E2.44144
G1 X113.268 Y38.377 E.0139
G1 X57.362 Y94.282 E2.43389
G1 X57.978 Y94.201 E.01912
G1 X113.708 Y38.471 E2.42623
G1 X114.146 Y38.567 E.01382
G1 X58.594 Y94.119 E2.41853
G1 X59.209 Y94.038 E.01912
G1 X114.585 Y38.662 E2.41083
G1 X115.024 Y38.758 E.01382
G1 X59.825 Y93.956 E2.40313
G1 X60.443 Y93.873 E.01919
G1 X115.463 Y38.853 E2.39533
G1 X115.901 Y38.949 E.01382
G1 X61.062 Y93.788 E2.38746
G1 X61.682 Y93.702 E.01925
G1 X116.34 Y39.044 E2.37959
G1 X116.779 Y39.14 E.01382
G1 X62.302 Y93.617 E2.37171
G1 X62.921 Y93.532 E.01925
G1 X117.218 Y39.235 E2.36384
G1 X117.656 Y39.331 E.01382
G1 X63.541 Y93.446 E2.35597
G1 X64.16 Y93.361 E.01925
G1 X118.095 Y39.426 E2.3481
G1 X118.534 Y39.522 E.01382
G1 X64.78 Y93.276 E2.34022
G1 X65.404 Y93.186 E.01941
G1 X118.973 Y39.617 E2.33216
G1 X119.409 Y39.715 E.01376
G1 X66.029 Y93.096 E2.32395
G1 X66.653 Y93.005 E.01943
G1 X119.844 Y39.814 E2.31571
G1 X120.28 Y39.913 E.01375
G1 X67.278 Y92.915 E2.30747
G1 X67.903 Y92.824 E.01943
G1 X120.715 Y40.012 E2.29922
G1 X121.151 Y40.111 E.01375
G1 X68.528 Y92.734 E2.29098
G1 X69.152 Y92.643 E.01943
G1 X121.586 Y40.209 E2.28274
G1 X122.022 Y40.308 E.01375
G1 X69.778 Y92.551 E2.27445
G1 X70.408 Y92.456 E.01959
G1 X122.457 Y40.407 E2.26601
G1 X122.892 Y40.506 E.01375
G1 X71.037 Y92.361 E2.25757
G1 X71.666 Y92.266 E.01959
G1 X123.328 Y40.605 E2.24913
G1 X123.763 Y40.703 E.01375
G1 X72.296 Y92.171 E2.24069
G1 X72.925 Y92.076 E.01959
G1 X124.199 Y40.802 E2.23225
G1 X124.634 Y40.901 E.01375
G1 X73.554 Y91.981 E2.2238
G1 X74.184 Y91.886 E.01959
G1 X125.067 Y41.002 E2.21525
G1 X125.499 Y41.105 E.01366
G1 X74.817 Y91.787 E2.20647
G1 X75.453 Y91.685 E.01982
G1 X125.931 Y41.207 E2.1976
G1 X126.363 Y41.31 E.01366
G1 X76.089 Y91.584 E2.18873
G1 X76.724 Y91.482 E.01982
G1 X126.795 Y41.412 E2.17985
G1 X127.227 Y41.514 E.01366
G1 X77.36 Y91.381 E2.17098
G1 X77.996 Y91.279 E.01982
G1 X127.659 Y41.617 E2.16211
G1 X128.09 Y41.719 E.01366
G1 X78.631 Y91.178 E2.15324
G1 X79.268 Y91.076 E.01985
G1 X128.522 Y41.821 E2.14433
G1 X128.954 Y41.924 E.01366
G1 X79.909 Y90.969 E2.13522
G1 X80.55 Y90.862 E.02001
G1 X129.386 Y42.026 E2.1261
G1 X129.818 Y42.128 E.01366
G1 X81.192 Y90.755 E2.11699
G1 X81.833 Y90.648 E.02001
G1 X130.25 Y42.231 E2.10787
G1 X130.68 Y42.335 E.01362
G1 X82.474 Y90.541 E2.09866
G1 X83.116 Y90.434 E.02001
G1 X131.109 Y42.441 E2.08941
G1 X131.537 Y42.546 E.01359
G1 X83.757 Y90.327 E2.08016
G1 X84.398 Y90.22 E.02001
G1 X131.966 Y42.652 E2.0709
G1 X132.395 Y42.757 E.01359
G1 X85.041 Y90.111 E2.06159
G1 X85.689 Y89.997 E.02027
G1 X132.823 Y42.863 E2.05201
G1 X133.252 Y42.968 E.01359
G1 X86.338 Y89.883 E2.04244
G1 X86.987 Y89.768 E.02027
G1 X133.681 Y43.074 E2.03287
G1 X134.11 Y43.179 E.01359
G1 X87.635 Y89.654 E2.0233
G1 X88.284 Y89.54 E.02027
G1 X134.538 Y43.285 E2.01373
G1 X134.967 Y43.391 E.01359
G1 X88.932 Y89.425 E2.00415
G1 X89.581 Y89.311 E.02027
G1 X135.396 Y43.496 E1.99458
G1 X135.825 Y43.602 E.01359
G1 X90.23 Y89.197 E1.98501
G1 X90.881 Y89.08 E.02036
G1 X136.252 Y43.709 E1.97527
G1 X136.677 Y43.817 E.01352
G1 X91.535 Y88.959 E1.9653
G1 X92.19 Y88.839 E.02049
G1 X137.103 Y43.926 E1.95533
G1 X137.529 Y44.035 E.01352
G1 X92.845 Y88.719 E1.94536
G1 X93.499 Y88.598 E.02049
G1 X137.954 Y44.143 E1.93539
G1 X138.38 Y44.252 E.01352
G1 X94.154 Y88.478 E1.92542
G1 X94.808 Y88.358 E.02049
G1 X138.806 Y44.36 E1.91545
G1 X139.231 Y44.469 E.01352
G1 X95.463 Y88.237 E1.90548
G1 X96.118 Y88.117 E.02049
G1 X139.657 Y44.578 E1.89551
G1 X140.083 Y44.686 E.01352
G1 X96.776 Y87.993 E1.88537
G1 X97.437 Y87.866 E.02071
G1 X140.508 Y44.795 E1.87514
G1 X140.934 Y44.904 E.01352
G1 X98.098 Y87.74 E1.86491
G1 X98.758 Y87.613 E.02071
G1 X141.359 Y45.012 E1.85468
G1 X141.784 Y45.122 E.0135
G1 X99.419 Y87.487 E1.84441
G1 X100.08 Y87.361 E.02071
G1 X142.206 Y45.234 E1.83403
G1 X142.629 Y45.346 E.01345
G1 X100.74 Y87.234 E1.82365
G1 X101.401 Y87.108 E.02071
G1 X143.051 Y45.458 E1.81327
G1 X143.473 Y45.57 E.01345
G1 X102.062 Y86.981 E1.80289
G1 X102.732 Y86.846 E.02104
G1 X143.896 Y45.682 E1.7921
G1 X144.318 Y45.794 E.01345
G1 X103.401 Y86.71 E1.78132
G1 X104.071 Y86.574 E.02104
G1 X144.74 Y45.906 E1.77054
G1 X145.162 Y46.018 E.01345
G1 X104.741 Y86.439 E1.75976
G1 X105.411 Y86.303 E.02104
G1 X145.585 Y46.13 E1.74898
G1 X146.007 Y46.242 E.01345
G1 X106.081 Y86.167 E1.7382
G1 X106.751 Y86.032 E.02104
G1 X146.429 Y46.354 E1.72742
G1 X146.851 Y46.466 E.01345
G1 X107.421 Y85.896 E1.71663
G1 X108.093 Y85.758 E.02113
G1 X147.274 Y46.578 E1.70574
G1 X147.692 Y46.694 E.01336
G1 X108.768 Y85.618 E1.69459
G1 X109.442 Y85.477 E.02121
G1 X148.11 Y46.81 E1.68343
G1 X148.528 Y46.926 E.01336
G1 X110.117 Y85.337 E1.67227
G1 X110.791 Y85.197 E.02121
G1 X148.947 Y47.042 E1.66111
G1 X149.365 Y47.158 E.01336
G1 X111.466 Y85.057 E1.64996
G1 X112.141 Y84.916 E.02121
G1 X149.783 Y47.274 E1.6388
G1 X150.201 Y47.39 E.01336
G1 X112.815 Y84.776 E1.62764
G1 X113.49 Y84.635 E.02124
G1 X150.62 Y47.506 E1.61645
G1 X151.038 Y47.622 E.01336
G1 X114.173 Y84.486 E1.60493
G1 X114.856 Y84.338 E.02151
G1 X151.456 Y47.738 E1.59341
G1 X151.874 Y47.854 E.01336
G1 X115.539 Y84.189 E1.58189
G1 X116.222 Y84.041 E.02151
G1 X152.293 Y47.97 E1.57037
G1 X152.711 Y48.086 E.01336
G1 X116.905 Y83.892 E1.55885
G1 X117.588 Y83.744 E.02151
G1 X153.127 Y48.204 E1.54723
G1 X153.541 Y48.324 E.01329
G1 X118.27 Y83.595 E1.53555
G1 X118.953 Y83.446 E.02151
G1 X153.956 Y48.443 E1.52388
G1 X154.371 Y48.563 E.01329
G1 X119.643 Y83.291 E1.51192
G1 X120.334 Y83.134 E.02182
G1 X154.786 Y48.682 E1.49988
G1 X155.2 Y48.802 E.01329
G1 X121.025 Y82.977 E1.48784
G1 X121.717 Y82.82 E.02182
G1 X155.615 Y48.921 E1.4758
G1 X156.03 Y49.041 E.01329
G1 X122.408 Y82.663 E1.46376
G1 X123.099 Y82.506 E.02182
G1 X156.445 Y49.16 E1.45172
G1 X156.859 Y49.28 E.01329
G1 X123.791 Y82.349 E1.43968
G1 X124.482 Y82.192 E.02182
G1 X157.274 Y49.4 E1.42764
G1 X157.689 Y49.519 E.01329
G1 X125.179 Y82.029 E1.41536
G1 X125.879 Y81.863 E.02215
G1 X158.104 Y49.639 E1.40294
G1 X158.517 Y49.759 E.01327
G1 X126.579 Y81.698 E1.39046
G1 X127.279 Y81.532 E.02215
G1 X158.927 Y49.883 E1.37783
G1 X159.337 Y50.008 E.01319
G1 X127.979 Y81.366 E1.36519
G1 X128.68 Y81.2 E.02215
G1 X159.747 Y50.132 E1.35256
G1 X160.157 Y50.256 E.01319
G1 X129.38 Y81.034 E1.33993
G1 X130.08 Y80.868 E.02215
G1 X160.567 Y50.38 E1.32729
G1 X160.977 Y50.505 E.01319
G1 X130.784 Y80.698 E1.31449
G1 X131.492 Y80.525 E.02243
G1 X161.387 Y50.629 E1.30153
G1 X161.797 Y50.753 E.01319
G1 X132.199 Y80.351 E1.28857
G1 X132.907 Y80.178 E.02243
G1 X162.207 Y50.878 E1.27562
G1 X162.617 Y51.002 E.01319
G1 X133.614 Y80.005 E1.26266
G1 X134.322 Y79.831 E.02243
G1 X163.027 Y51.126 E1.24971
G1 X163.437 Y51.25 E.01319
G1 X135.029 Y79.658 E1.23675
G1 X135.737 Y79.485 E.02243
G1 X163.847 Y51.375 E1.2238
G1 X164.254 Y51.502 E.01313
G1 X136.45 Y79.306 E1.21048
G1 X137.167 Y79.123 E.02279
G1 X164.66 Y51.631 E1.19691
G1 X165.065 Y51.759 E.0131
G1 X137.885 Y78.94 E1.18334
G1 X138.602 Y78.757 E.02279
G1 X165.471 Y51.888 E1.16977
G1 X165.877 Y52.017 E.0131
G1 X139.319 Y78.574 E1.15619
G1 X140.037 Y78.391 E.02279
G1 X166.282 Y52.145 E1.14262
G1 X166.688 Y52.274 E.0131
G1 X140.754 Y78.208 E1.12905
G1 X141.471 Y78.025 E.02279
G1 X167.093 Y52.403 E1.11548
G1 X167.499 Y52.531 E.0131
G1 X142.197 Y77.834 E1.10155
G1 X142.926 Y77.639 E.02323
G1 X167.904 Y52.66 E1.08747
G1 X168.31 Y52.789 E.0131
G1 X143.655 Y77.444 E1.07338
G1 X144.384 Y77.249 E.02323
G1 X168.716 Y52.918 E1.05929
G1 X169.121 Y53.046 E.0131
G1 X145.113 Y77.054 E1.04521
G1 X145.842 Y76.859 E.02323
G1 X169.526 Y53.176 E1.03109
G1 X169.92 Y53.315 E.01288
G1 X146.571 Y76.665 E1.01652
G1 X147.301 Y76.469 E.02325
G1 X170.315 Y53.455 E1.00194
G1 X170.706 Y53.599 E.01282
G1 X148.04 Y76.265 E.98679
G1 X148.779 Y76.06 E.0236
G1 X171.084 Y53.755 E.97107
G1 X171.461 Y53.912 E.01259
G1 X149.517 Y75.856 E.95535
G1 X150.256 Y75.651 E.0236
G1 X171.839 Y54.068 E.93962
G1 X172.186 Y54.255 E.01214
G1 X150.995 Y75.446 E.92257
G1 X151.734 Y75.242 E.0236
G1 X172.527 Y54.449 E.90522
G1 X172.867 Y54.643 E.01206
G1 X152.473 Y75.037 E.88786
G1 X153.218 Y74.826 E.02385
G1 X173.207 Y54.837 E.87023
G1 X173.547 Y55.031 E.01206
G1 X153.97 Y74.609 E.85232
G1 X154.721 Y74.391 E.02409
G1 X173.888 Y55.225 E.83441
G1 X174.165 Y55.384 E.00984
G1 X174.216 Y55.431 E.00214
G1 X155.473 Y74.174 E.81598
G1 X156.225 Y73.957 E.02409
G1 X174.49 Y55.691 E.79521
G1 X174.765 Y55.951 E.01163
G1 X156.976 Y73.739 E.77443
G1 X157.728 Y73.522 E.02409
G1 X175.039 Y56.211 E.75366
G1 X175.314 Y56.471 E.01163
G1 X158.48 Y73.304 E.73284
G1 X159.247 Y73.071 E.02465
G1 X175.588 Y56.73 E.71142
G1 X175.862 Y56.99 E.01163
G1 X160.013 Y72.839 E.69
G1 X160.78 Y72.607 E.02465
G1 X176.096 Y57.291 E.6668
G1 X176.293 Y57.628 E.01202
G1 X161.546 Y72.375 E.64203
G1 X162.313 Y72.143 E.02465
G1 X176.491 Y57.965 E.61726
G1 X176.688 Y58.301 E.01202
G1 X163.079 Y71.911 E.59249
G1 X163.846 Y71.678 E.02465
G1 X176.789 Y58.735 E.5635
G1 X176.882 Y59.177 E.01389
G1 X164.631 Y71.428 E.53335
G1 X165.42 Y71.172 E.02555
G1 X176.974 Y59.618 E.50301
G1 X177.067 Y60.06 E.01389
G1 X166.21 Y70.917 E.47267
G1 X166.999 Y70.662 E.02555
G1 X177.16 Y60.501 E.44233
G1 X177.252 Y60.943 E.01389
G1 X167.789 Y70.406 E.41199
G1 X168.579 Y70.151 E.02555
G1 X177.345 Y61.384 E.38165
G1 X177.376 Y61.53 E.00459
G1 X177.279 Y61.985 E.0143
G1 X169.368 Y69.896 E.3444
G1 X170.158 Y69.64 E.02555
G1 X177.135 Y62.663 E.30374
G1 X176.865 Y63.468 E.02611
G1 X171.081 Y69.252 E.25182
G1 X172.176 Y68.69 E.0379
G1 X176.594 Y64.273 E.19231
G1 X176.323 Y65.078 E.02616
G1 X172.881 Y68.52 E.14983
; stop printing object USV 1 e2mm.stl_5 id:1 copy 0
; end of layer_num: 8, T: 0, print_z: 1.640000
;LAYER_CHANGE
;Z:1.84
;HEIGHT:0.2
; BEFORE_LAYER_CHANGE 8 @ 1.84mm
G92 E0
; AFTER_LAYER_CHANGE 8 @ 1.84mm
; start of layer_num: 9, T: 0, print_z: 1.840000
; printing object "USV 1 e2mm.stl_6_B" id:0 copy 0
G1 E-.8 F3600
G1 X39.032 Y113.058 Z1.84 F18000
G1 E.8 F3600
M204 S1000
;TYPE:Outer wall
;WIDTH:0.42
G1 F3000
G1 X40.985 Y113.26 E.06033
G1 X46.967 Y113.913 E.18491
G1 X51.765 Y114.473 E.14844
G1 X56.537 Y115.07 E.14778
G1 X61.31 Y115.686 E.14786
G1 X66.08 Y116.347 E.14797
G1 X70.849 Y117.038 E.14807
G1 X75.619 Y117.759 E.14824
G1 X80.401 Y118.521 E.14877
G1 X86.14 Y119.479 E.17878
G1 X91.867 Y120.489 E.17871
G1 X97.587 Y121.541 E.1787
G1 X103.297 Y122.641 E.1787
G1 X108.995 Y123.786 E.17858
G1 X114.682 Y124.969 E.17849
G1 X120.361 Y126.205 E.17857
G1 X126.029 Y127.492 E.1786
G1 X132.919 Y129.134 E.21763
G1 X137.331 Y130.222 E.13963
G1 X142.98 Y131.665 E.17917
G1 X148.572 Y133.148 E.17778
G1 X154.145 Y134.695 E.17771
G1 X159.742 Y136.313 E.17902
G1 X165.317 Y137.999 E.17895
G1 X171.992 Y140.16 E.21559
G1 X174.74 Y141.569 E.0949
G1 X175.406 Y141.892 E.02274
G1 X175.706 Y142.063 E.0106
G1 X177.671 Y143.929 E.08328
G1 X177.735 Y144.039 E.00392
G1 X179.026 Y147.876 E.12437
G1 X179.222 Y148.798 E.02897
G1 X178.495 Y152.263 E.1088
G1 X177.671 Y153.673 E.05018
G1 X175.708 Y155.532 E.08306
G1 X173.338 Y156.884 E.08383
G1 X171.995 Y157.44 E.04468
G1 X170.838 Y157.85 E.03772
G1 X165.315 Y159.603 E.17804
G1 X159.742 Y161.289 E.1789
G1 X154.14 Y162.908 E.1792
G1 X148.561 Y164.454 E.17787
G1 X142.968 Y165.937 E.17781
G1 X137.32 Y167.391 E.17921
G1 X131.675 Y168.768 E.17855
G1 X126.018 Y170.11 E.17863
G1 X120.339 Y171.398 E.17893
G1 X114.663 Y172.633 E.17848
G1 X108.972 Y173.827 E.17868
G1 X103.274 Y174.973 E.1786
G1 X97.535 Y176.073 E.17954
G1 X91.789 Y177.125 E.17949
G1 X86.038 Y178.135 E.17944
G1 X80.276 Y179.092 E.17946
G1 X75.496 Y179.854 E.14875
G1 X70.725 Y180.587 E.14829
G1 X61.193 Y181.924 E.29577
G1 X56.425 Y182.554 E.1478
G1 X51.644 Y183.14 E.148
G1 X46.851 Y183.696 E.14824
G1 X42.04 Y184.233 E.14875
G1 X39.032 Y184.543 E.09293
G1 X39.032 Y113.078 E2.19591
M204 S2000
G1 X39.424 Y113.493 F18000
M204 S1500
;TYPE:Inner wall
;WIDTH:0.45
G1 F4800
G1 X40.943 Y113.65 E.05068
G1 X46.923 Y114.303 E.19954
G1 X51.718 Y114.862 E.16014
G1 X56.488 Y115.459 E.15945
G1 X61.258 Y116.074 E.15954
G1 X66.025 Y116.735 E.15964
G1 X70.791 Y117.426 E.15977
G1 X75.559 Y118.147 E.15994
G1 X80.337 Y118.908 E.16051
G1 X86.073 Y119.865 E.19289
G1 X91.798 Y120.875 E.19282
G1 X97.514 Y121.926 E.19282
G1 X103.222 Y123.025 E.19281
G1 X108.917 Y124.17 E.19269
G1 X114.601 Y125.352 E.19259
G1 X120.276 Y126.587 E.19265
G1 X125.94 Y127.874 E.19268
G1 X132.826 Y129.516 E.23483
G1 X137.235 Y130.603 E.15063
G1 X142.881 Y132.044 E.19331
G1 X148.47 Y133.527 E.19178
G1 X154.039 Y135.072 E.19171
G1 X159.631 Y136.689 E.19312
G1 X165.2 Y138.373 E.19298
G1 X171.841 Y140.523 E.23157
G1 X174.565 Y141.92 E.10155
G1 X175.223 Y142.239 E.02427
G1 X175.471 Y142.38 E.00943
G1 X177.376 Y144.202 E.08746
G1 X178.647 Y147.979 E.1322
G1 X178.822 Y148.798 E.02778
G1 X178.125 Y152.12 E.11259
G1 X177.36 Y153.427 E.05021
G1 X175.473 Y155.215 E.08625
G1 X173.165 Y156.531 E.08812
G1 X171.854 Y157.074 E.04707
G1 X170.713 Y157.479 E.04017
G1 X165.199 Y159.228 E.1919
G1 X159.631 Y160.913 E.19297
G1 X154.033 Y162.53 E.1933
G1 X148.459 Y164.075 E.19188
G1 X142.869 Y165.558 E.19183
G1 X137.224 Y167.011 E.19334
G1 X131.583 Y168.387 E.19263
G1 X125.929 Y169.728 E.19274
G1 X120.254 Y171.015 E.19305
G1 X114.581 Y172.25 E.19257
G1 X108.893 Y173.443 E.1928
G1 X103.198 Y174.588 E.19269
G1 X97.463 Y175.688 E.19371
G1 X91.72 Y176.739 E.19367
G1 X85.972 Y177.748 E.19361
G1 X80.213 Y178.705 E.19364
G1 X75.435 Y179.467 E.1605
G1 X70.668 Y180.199 E.15997
G1 X61.14 Y181.535 E.31917
G1 X56.375 Y182.165 E.15944
G1 X51.597 Y182.751 E.15967
G1 X41.998 Y183.843 E.32047
G1 X39.424 Y184.108 E.08586
G1 X39.424 Y113.513 E2.34178
G1 E-.8 F3600
M204 S2000
G1 X40.278 Y183.856 F18000
G1 E.8 F3600
;TYPE:Internal solid infill
;WIDTH:0.420642
G1 F6000
G1 X39.757 Y183.335 E.02267
G1 X39.757 Y182.801 E.01644
G1 X40.607 Y183.651 E.03702
G1 X41.092 Y183.601 E.01499
G1 X39.757 Y182.267 E.0581
G1 X39.757 Y181.732 E.01644
G1 X41.576 Y183.551 E.07918
G1 X42.059 Y183.501 E.01496
G1 X39.757 Y181.198 E.10022
G1 X39.757 Y180.664 E.01644
G1 X42.539 Y183.446 E.1211
G1 X43.018 Y183.391 E.01486
G1 X39.757 Y180.13 E.14197
G1 X39.757 Y179.596 E.01644
G1 X43.498 Y183.337 E.16285
G1 X43.978 Y183.282 E.01486
G1 X39.757 Y179.061 E.18373
G1 X39.757 Y178.527 E.01644
G1 X44.457 Y183.228 E.2046
G1 X44.937 Y183.173 E.01486
G1 X39.757 Y177.993 E.22548
G1 X39.757 Y177.459 E.01644
G1 X45.417 Y183.119 E.24636
G1 X45.896 Y183.064 E.01486
G1 X39.757 Y176.925 E.26723
G1 X39.757 Y176.391 E.01644
G1 X46.376 Y183.009 E.28811
G1 X46.855 Y182.955 E.01486
G1 X39.757 Y175.856 E.30899
G1 X39.757 Y175.322 E.01644
G1 X47.335 Y182.9 E.32986
G1 X47.815 Y182.846 E.01486
G1 X39.757 Y174.788 E.35074
G1 X39.757 Y174.254 E.01644
G1 X48.294 Y182.791 E.37162
G1 X48.774 Y182.737 E.01486
G1 X39.757 Y173.72 E.3925
G1 X39.757 Y173.186 E.01644
G1 X49.253 Y182.682 E.41337
G1 X49.733 Y182.627 E.01486
G1 X39.757 Y172.651 E.43425
G1 X39.757 Y172.117 E.01644
G1 X50.213 Y182.573 E.45513
G1 X50.692 Y182.518 E.01486
G1 X39.757 Y171.583 E.476
G1 X39.757 Y171.049 E.01644
G1 X51.172 Y182.464 E.49688
G1 X51.651 Y182.408 E.01484
G1 X39.757 Y170.515 E.51772
G1 X39.757 Y169.98 E.01644
G1 X52.127 Y182.35 E.53844
G1 X52.602 Y182.292 E.01476
G1 X39.757 Y169.446 E.55915
G1 X39.757 Y168.912 E.01644
G1 X53.078 Y182.234 E.57987
G1 X53.554 Y182.175 E.01476
G1 X39.757 Y168.378 E.60058
G1 X39.757 Y167.844 E.01644
G1 X54.03 Y182.117 E.6213
G1 X54.506 Y182.059 E.01476
G1 X39.757 Y167.31 E.64201
G1 X39.757 Y166.775 E.01644
G1 X54.982 Y182 E.66272
G1 X55.458 Y181.942 E.01476
G1 X39.757 Y166.241 E.68344
G1 X39.757 Y165.707 E.01644
G1 X55.934 Y181.884 E.70415
G1 X56.409 Y181.825 E.01474
G1 X39.757 Y165.173 E.72484
G1 X39.757 Y164.639 E.01644
G1 X56.881 Y181.762 E.74537
G1 X57.352 Y181.7 E.01465
G1 X39.757 Y164.104 E.76591
G1 X39.757 Y163.57 E.01644
G1 X57.824 Y181.637 E.78644
G1 X58.296 Y181.575 E.01465
G1 X39.757 Y163.036 E.80698
G1 X39.757 Y162.502 E.01644
G1 X58.768 Y181.513 E.82752
G1 X59.239 Y181.45 E.01465
G1 X39.757 Y161.968 E.84805
G1 X39.757 Y161.434 E.01644
G1 X59.711 Y181.388 E.86859
G1 X60.183 Y181.325 E.01465
G1 X39.757 Y160.899 E.88912
G1 X39.757 Y160.365 E.01644
G1 X60.655 Y181.263 E.90966
G1 X61.126 Y181.2 E.01464
G1 X39.757 Y159.831 E.93019
G1 X39.757 Y159.297 E.01644
G1 X61.595 Y181.135 E.95058
G1 X62.063 Y181.069 E.01456
G1 X39.757 Y158.763 E.97097
G1 X39.757 Y158.228 E.01644
G1 X62.532 Y181.003 E.99136
G1 X63 Y180.938 E.01456
G1 X39.757 Y157.694 E1.01176
G1 X39.757 Y157.16 E.01644
G1 X63.469 Y180.872 E1.03215
G1 X63.937 Y180.806 E.01456
G1 X39.757 Y156.626 E1.05254
G1 X39.757 Y156.092 E.01644
G1 X64.406 Y180.741 E1.07293
G1 X64.874 Y180.675 E.01456
G1 X39.757 Y155.558 E1.09333
G1 X39.757 Y155.023 E.01644
G1 X65.343 Y180.609 E1.11372
G1 X65.811 Y180.543 E.01456
G1 X39.757 Y154.489 E1.13411
G1 X39.757 Y153.955 E.01644
G1 X66.28 Y180.478 E1.1545
G1 X66.748 Y180.412 E.01456
G1 X39.757 Y153.421 E1.1749
G1 X39.757 Y152.887 E.01644
G1 X67.217 Y180.346 E1.19529
G1 X67.685 Y180.281 E.01456
G1 X39.757 Y152.353 E1.21568
G1 X39.757 Y151.818 E.01644
G1 X68.154 Y180.215 E1.23608
G1 X68.622 Y180.149 E.01456
G1 X39.757 Y151.284 E1.25647
G1 X39.757 Y150.75 E.01644
G1 X69.091 Y180.084 E1.27686
G1 X69.559 Y180.018 E.01456
G1 X39.757 Y150.216 E1.29725
G1 X39.757 Y149.682 E.01644
G1 X70.027 Y179.952 E1.31765
G1 X70.496 Y179.887 E.01456
G1 X39.757 Y149.147 E1.33804
G1 X39.757 Y148.613 E.01644
G1 X70.96 Y179.817 E1.35826
G1 X71.424 Y179.746 E.01442
G1 X39.757 Y148.079 E1.37841
G1 X39.757 Y147.545 E.01644
G1 X71.887 Y179.675 E1.39857
G1 X72.35 Y179.603 E.01442
G1 X39.757 Y147.011 E1.41873
G1 X39.757 Y146.477 E.01644
G1 X72.813 Y179.532 E1.43888
G1 X73.276 Y179.461 E.01442
G1 X39.757 Y145.942 E1.45904
G1 X39.757 Y145.408 E.01644
G1 X73.739 Y179.39 E1.47919
G1 X74.202 Y179.319 E.01442
G1 X39.757 Y144.874 E1.49935
G1 X39.757 Y144.34 E.01644
G1 X74.665 Y179.248 E1.51951
G1 X75.128 Y179.177 E.01442
G1 X39.757 Y143.806 E1.53966
G1 X39.757 Y143.271 E.01644
G1 X75.59 Y179.105 E1.55978
G1 X76.051 Y179.031 E.01436
G1 X39.757 Y142.737 E1.57983
G1 X39.757 Y142.203 E.01644
G1 X76.512 Y178.958 E1.59989
G1 X76.972 Y178.884 E.01436
G1 X39.757 Y141.669 E1.61994
G1 X39.757 Y141.135 E.01644
G1 X77.433 Y178.811 E1.64
G1 X77.894 Y178.737 E.01436
G1 X39.757 Y140.601 E1.66006
G1 X39.757 Y140.066 E.01644
G1 X78.355 Y178.664 E1.68011
G1 X78.815 Y178.591 E.01436
G1 X39.757 Y139.532 E1.70017
G1 X39.757 Y138.998 E.01644
G1 X79.276 Y178.517 E1.72023
G1 X79.737 Y178.444 E.01436
G1 X39.757 Y138.464 E1.74028
G1 X39.757 Y137.93 E.01644
G1 X80.197 Y178.37 E1.76033
G1 X80.655 Y178.294 E.01429
G1 X39.757 Y137.395 E1.78027
G1 X39.757 Y136.861 E.01644
G1 X81.113 Y178.218 E1.8002
G1 X81.571 Y178.142 E.01429
G1 X39.757 Y136.327 E1.82014
G1 X39.757 Y135.793 E.01644
G1 X82.03 Y178.066 E1.84008
G1 X82.488 Y177.989 E.01429
G1 X39.757 Y135.259 E1.86002
G1 X39.757 Y134.725 E.01644
G1 X82.946 Y177.913 E1.87996
G1 X83.404 Y177.837 E.01429
G1 X39.757 Y134.19 E1.89989
G1 X39.757 Y133.656 E.01644
G1 X83.862 Y177.761 E1.91983
G1 X84.32 Y177.685 E.01429
G1 X39.757 Y133.122 E1.93977
G1 X39.757 Y132.588 E.01644
G1 X84.778 Y177.609 E1.95971
G1 X85.236 Y177.533 E.01429
G1 X39.757 Y132.054 E1.97964
G1 X39.757 Y131.519 E.01644
G1 X85.694 Y177.456 E1.99958
G1 X86.15 Y177.378 E.01424
G1 X39.757 Y130.985 E2.01944
G1 X39.757 Y130.451 E.01644
G1 X86.604 Y177.299 E2.03922
G1 X87.059 Y177.219 E.0142
G1 X39.757 Y129.917 E2.059
G1 X39.757 Y129.383 E.01644
G1 X87.513 Y177.139 E2.07878
G1 X87.968 Y177.059 E.0142
G1 X39.757 Y128.849 E2.09856
G1 X39.757 Y128.314 E.01644
G1 X88.422 Y176.98 E2.11834
G1 X88.876 Y176.9 E.0142
G1 X39.757 Y127.78 E2.13812
G1 X39.757 Y127.246 E.01644
G1 X89.331 Y176.82 E2.1579
G1 X89.785 Y176.74 E.0142
G1 X39.757 Y126.712 E2.17768
G1 X39.757 Y126.178 E.01644
G1 X90.24 Y176.66 E2.19746
G1 X90.694 Y176.581 E.0142
G1 X39.757 Y125.644 E2.21724
G1 X39.757 Y125.109 E.01644
G1 X91.148 Y176.501 E2.23702
G1 X91.603 Y176.421 E.0142
G1 X39.757 Y124.575 E2.2568
G1 X39.757 Y124.041 E.01644
G1 X92.055 Y176.339 E2.27647
G1 X92.506 Y176.256 E.01413
G1 X39.757 Y123.507 E2.29612
G1 X39.757 Y122.973 E.01644
G1 X92.958 Y176.174 E2.31578
G1 X93.409 Y176.091 E.01413
G1 X39.757 Y122.438 E2.33543
G1 X39.757 Y121.904 E.01644
G1 X93.861 Y176.008 E2.35509
G1 X94.312 Y175.926 E.01413
G1 X39.757 Y121.37 E2.37474
G1 X39.757 Y120.836 E.01644
G1 X94.764 Y175.843 E2.3944
G1 X95.216 Y175.76 E.01413
G1 X39.757 Y120.302 E2.41405
G1 X39.757 Y119.768 E.01644
G1 X95.667 Y175.678 E2.43371
G1 X96.119 Y175.595 E.01413
G1 X39.757 Y119.233 E2.45336
G1 X39.757 Y118.699 E.01644
G1 X96.57 Y175.512 E2.47302
G1 X97.022 Y175.43 E.01413
G1 X39.757 Y118.165 E2.49267
G1 X39.757 Y117.631 E.01644
G1 X97.473 Y175.347 E2.5123
G1 X97.921 Y175.261 E.01405
G1 X39.757 Y117.097 E2.53181
G1 X39.757 Y116.562 E.01644
G1 X98.369 Y175.175 E2.55132
G1 X98.817 Y175.089 E.01405
G1 X39.757 Y116.028 E2.57083
G1 X39.757 Y115.494 E.01644
G1 X99.266 Y175.003 E2.59034
G1 X99.714 Y174.917 E.01405
G1 X39.757 Y114.96 E2.60985
G1 X39.757 Y114.426 E.01644
G1 X100.162 Y174.831 E2.62936
G1 X100.61 Y174.745 E.01405
G1 X39.757 Y113.892 E2.64887
G1 X39.757 Y113.862 E.00091
G1 X40.32 Y113.92 E.01742
G1 X101.058 Y174.659 E2.64388
G1 X101.507 Y174.573 E.01405
G1 X40.915 Y113.982 E2.63746
G1 X41.515 Y114.047 E.01857
G1 X101.955 Y174.487 E2.63087
G1 X102.403 Y174.401 E.01405
G1 X42.115 Y114.113 E2.62427
G1 X42.715 Y114.178 E.01857
G1 X102.851 Y174.315 E2.61768
G1 X103.298 Y174.228 E.01402
G1 X43.314 Y114.244 E2.61103
G1 X43.914 Y114.309 E.01857
G1 X103.743 Y174.138 E2.60429
G1 X104.188 Y174.049 E.01396
G1 X44.514 Y114.375 E2.59754
G1 X45.113 Y114.44 E.01857
G1 X104.632 Y173.959 E2.5908
G1 X105.077 Y173.87 E.01396
G1 X45.713 Y114.506 E2.58405
G1 X46.313 Y114.571 E.01857
G1 X105.522 Y173.781 E2.57731
G1 X105.967 Y173.691 E.01396
G1 X46.913 Y114.637 E2.57056
G1 X47.517 Y114.708 E.01874
G1 X106.411 Y173.602 E2.56359
G1 X106.856 Y173.512 E.01396
G1 X48.122 Y114.778 E2.55663
G1 X48.727 Y114.849 E.01874
G1 X107.301 Y173.423 E2.54967
G1 X107.746 Y173.334 E.01396
G1 X49.332 Y114.919 E2.5427
G1 X49.936 Y114.99 E.01874
G1 X108.191 Y173.244 E2.53574
G1 X108.635 Y173.155 E.01396
G1 X50.541 Y115.061 E2.52878
G1 X51.146 Y115.131 E.01874
G1 X109.078 Y173.063 E2.52173
G1 X109.52 Y172.971 E.01389
G1 X51.751 Y115.202 E2.5146
G1 X52.362 Y115.279 E.01894
G1 X109.961 Y172.878 E2.50724
G1 X110.403 Y172.786 E.01389
G1 X52.972 Y115.355 E2.49989
G1 X53.583 Y115.431 E.01894
G1 X110.844 Y172.693 E2.49253
G1 X111.286 Y172.6 E.01389
G1 X54.193 Y115.508 E2.48518
G1 X54.804 Y115.584 E.01894
G1 X111.728 Y172.508 E2.47783
G1 X112.169 Y172.415 E.01389
G1 X55.414 Y115.66 E2.47047
G1 X56.025 Y115.737 E.01894
G1 X112.611 Y172.323 E2.46312
G1 X113.052 Y172.23 E.01389
G1 X56.636 Y115.814 E2.45572
G1 X57.25 Y115.893 E.01903
G1 X113.494 Y172.137 E2.44825
G1 X113.935 Y172.045 E.01389
G1 X57.863 Y115.972 E2.44077
G1 X58.476 Y116.051 E.01903
G1 X114.377 Y171.952 E2.43329
G1 X114.817 Y171.858 E.01384
G1 X59.09 Y116.131 E2.42573
G1 X59.703 Y116.21 E.01903
G1 X115.255 Y171.762 E2.41813
G1 X115.694 Y171.666 E.01382
G1 X60.316 Y116.289 E2.41052
G1 X60.93 Y116.368 E.01903
G1 X116.133 Y171.571 E2.40292
G1 X116.571 Y171.475 E.01382
G1 X61.547 Y116.451 E2.39516
G1 X62.167 Y116.537 E.01927
G1 X117.01 Y171.38 E2.38727
G1 X117.449 Y171.284 E.01382
G1 X62.787 Y116.623 E2.37937
G1 X63.407 Y116.708 E.01927
G1 X117.887 Y171.189 E2.37147
G1 X118.326 Y171.093 E.01382
G1 X64.027 Y116.794 E2.36358
G1 X64.647 Y116.88 E.01927
G1 X118.765 Y170.998 E2.35568
G1 X119.203 Y170.902 E.01382
G1 X65.267 Y116.966 E2.34778
G1 X65.887 Y117.052 E.01927
G1 X119.642 Y170.807 E2.33989
G1 X120.081 Y170.711 E.01382
G1 X66.511 Y117.142 E2.33182
G1 X67.136 Y117.233 E.01943
G1 X120.517 Y170.613 E2.32361
G1 X120.952 Y170.515 E.01374
G1 X67.761 Y117.323 E2.31536
G1 X68.386 Y117.414 E.01943
G1 X121.388 Y170.416 E2.30712
G1 X121.823 Y170.317 E.01374
G1 X69.01 Y117.505 E2.29888
G1 X69.635 Y117.595 E.01943
G1 X122.259 Y170.219 E2.29064
G1 X122.694 Y170.12 E.01374
G1 X70.26 Y117.686 E2.28239
G1 X70.886 Y117.777 E.01947
G1 X123.13 Y170.021 E2.27411
G1 X123.565 Y169.922 E.01374
G1 X71.515 Y117.873 E2.26567
G1 X72.144 Y117.968 E.01959
G1 X124 Y169.824 E2.25723
G1 X124.436 Y169.725 E.01374
G1 X72.774 Y118.063 E2.2488
G1 X73.403 Y118.158 E.01959
G1 X124.871 Y169.626 E2.24036
G1 X125.307 Y169.527 E.01374
G1 X74.032 Y118.253 E2.23193
G1 X74.661 Y118.348 E.01959
G1 X125.742 Y169.429 E2.22349
G1 X126.175 Y169.327 E.01368
G1 X75.291 Y118.443 E2.21494
G1 X75.924 Y118.542 E.01973
G1 X126.607 Y169.225 E2.20616
G1 X127.039 Y169.122 E.01366
G1 X76.559 Y118.643 E2.1973
G1 X77.195 Y118.745 E.0198
G1 X127.47 Y169.02 E2.18843
G1 X127.902 Y168.918 E.01366
G1 X77.83 Y118.846 E2.17957
G1 X78.466 Y118.947 E.0198
G1 X128.334 Y168.815 E2.1707
G1 X128.766 Y168.713 E.01366
G1 X79.101 Y119.048 E2.16184
G1 X79.737 Y119.15 E.0198
G1 X129.197 Y168.61 E2.15298
G1 X129.629 Y168.508 E.01366
G1 X80.373 Y119.252 E2.14408
G1 X81.014 Y119.359 E.02001
G1 X130.061 Y168.406 E2.13496
G1 X130.493 Y168.303 E.01366
G1 X81.655 Y119.466 E2.12585
G1 X82.296 Y119.573 E.02001
G1 X130.925 Y168.201 E2.11673
G1 X131.356 Y168.098 E.01366
G1 X82.937 Y119.68 E2.10762
G1 X83.579 Y119.787 E.02001
G1 X131.786 Y167.994 E2.09843
G1 X132.216 Y167.89 E.0136
G1 X84.22 Y119.894 E2.08921
G1 X84.861 Y120.001 E.02001
G1 X132.645 Y167.785 E2.08
G1 X133.075 Y167.68 E.0136
G1 X85.502 Y120.108 E2.07078
G1 X86.145 Y120.216 E.02006
G1 X133.504 Y167.575 E2.0615
G1 X133.933 Y167.471 E.0136
G1 X86.793 Y120.331 E2.05195
G1 X87.442 Y120.445 E.02027
G1 X134.363 Y167.366 E2.04241
G1 X134.792 Y167.261 E.0136
G1 X88.091 Y120.559 E2.03287
G1 X88.739 Y120.674 E.02027
G1 X135.222 Y167.156 E2.02332
G1 X135.651 Y167.051 E.0136
G1 X89.388 Y120.788 E2.01378
G1 X90.037 Y120.903 E.02027
G1 X136.08 Y166.947 E2.00424
G1 X136.51 Y166.842 E.0136
G1 X90.685 Y121.017 E1.99469
G1 X91.334 Y121.132 E.02027
G1 X136.939 Y166.737 E1.98515
G1 X137.366 Y166.63 E.01355
G1 X91.985 Y121.248 E1.97541
G1 X92.639 Y121.369 E.02048
G1 X137.791 Y166.521 E1.96541
G1 X138.216 Y166.411 E.0135
G1 X93.294 Y121.489 E1.95541
G1 X93.948 Y121.609 E.02048
G1 X138.641 Y166.302 E1.94541
G1 X139.066 Y166.193 E.0135
G1 X94.603 Y121.73 E1.93542
G1 X95.257 Y121.85 E.02048
G1 X139.491 Y166.083 E1.92542
G1 X139.915 Y165.974 E.0135
G1 X95.912 Y121.971 E1.91542
G1 X96.567 Y122.091 E.02048
G1 X140.34 Y165.865 E1.90542
G1 X140.765 Y165.755 E.0135
G1 X97.221 Y122.211 E1.89543
G1 X97.88 Y122.336 E.02065
G1 X141.19 Y165.646 E1.88523
G1 X141.615 Y165.537 E.0135
G1 X98.542 Y122.464 E1.87493
G1 X99.203 Y122.591 E.02074
G1 X142.04 Y165.427 E1.86462
G1 X142.465 Y165.318 E.0135
G1 X99.865 Y122.718 E1.85432
G1 X100.526 Y122.846 E.02074
G1 X142.889 Y165.208 E1.84398
G1 X143.311 Y165.096 E.01344
G1 X101.188 Y122.973 E1.83357
G1 X101.85 Y123.1 E.02074
G1 X143.733 Y164.984 E1.82315
G1 X144.155 Y164.872 E.01344
G1 X102.511 Y123.228 E1.81273
G1 X103.173 Y123.355 E.02074
G1 X144.578 Y164.76 E1.8023
G1 X145 Y164.648 E.01344
G1 X103.842 Y123.49 E1.79157
G1 X104.51 Y123.624 E.02099
G1 X145.422 Y164.536 E1.78084
G1 X145.844 Y164.424 E.01344
G1 X105.179 Y123.759 E1.77012
G1 X105.847 Y123.893 E.02099
G1 X146.266 Y164.312 E1.75939
G1 X146.689 Y164.2 E.01344
G1 X106.516 Y124.028 E1.74866
G1 X107.185 Y124.162 E.02099
G1 X147.111 Y164.088 E1.73794
G1 X147.533 Y163.976 E.01344
G1 X107.853 Y124.297 E1.72721
G1 X108.522 Y124.431 E.02099
G1 X147.955 Y163.864 E1.71648
G1 X148.377 Y163.752 E.01344
G1 X109.193 Y124.568 E1.70563
G1 X109.868 Y124.709 E.0212
G1 X148.796 Y163.636 E1.69447
G1 X149.214 Y163.52 E.01336
G1 X110.542 Y124.849 E1.68332
G1 X111.217 Y124.989 E.0212
G1 X149.632 Y163.404 E1.67217
G1 X150.05 Y163.288 E.01336
G1 X111.891 Y125.129 E1.66102
G1 X112.566 Y125.27 E.0212
G1 X150.468 Y163.173 E1.64987
G1 X150.887 Y163.057 E.01336
G1 X113.24 Y125.41 E1.63872
G1 X113.914 Y125.55 E.0212
G1 X151.305 Y162.941 E1.62757
G1 X151.723 Y162.825 E.01336
G1 X114.59 Y125.691 E1.61638
G1 X115.272 Y125.84 E.02151
G1 X152.141 Y162.709 E1.60487
G1 X152.56 Y162.593 E.01336
G1 X115.955 Y125.988 E1.59336
G1 X116.638 Y126.137 E.02151
G1 X152.978 Y162.477 E1.58184
G1 X153.396 Y162.361 E.01336
G1 X117.321 Y126.285 E1.57033
G1 X118.003 Y126.434 E.02151
G1 X153.814 Y162.245 E1.55882
G1 X154.23 Y162.126 E.0133
G1 X118.686 Y126.582 E1.54719
G1 X119.369 Y126.731 E.02151
G1 X154.644 Y162.007 E1.53551
G1 X155.059 Y161.887 E.01328
G1 X120.052 Y126.88 E1.52383
G1 X120.741 Y127.035 E.02175
G1 X155.473 Y161.767 E1.51187
G1 X155.888 Y161.648 E.01328
G1 X121.432 Y127.192 E1.49982
G1 X122.123 Y127.349 E.02182
G1 X156.302 Y161.528 E1.48778
G1 X156.717 Y161.408 E.01328
G1 X122.814 Y127.506 E1.47573
G1 X123.506 Y127.663 E.02182
G1 X157.131 Y161.288 E1.46369
G1 X157.546 Y161.169 E.01328
G1 X124.197 Y127.82 E1.45164
G1 X124.888 Y127.977 E.02182
G1 X157.96 Y161.049 E1.4396
G1 X158.375 Y160.929 E.01328
G1 X125.579 Y128.134 E1.42755
G1 X126.276 Y128.297 E.02204
G1 X158.789 Y160.81 E1.41524
G1 X159.204 Y160.69 E.01328
G1 X126.978 Y128.464 E1.40275
G1 X127.679 Y128.631 E.02219
G1 X159.617 Y160.569 E1.39023
G1 X160.027 Y160.445 E.01319
G1 X128.38 Y128.798 E1.37755
G1 X129.082 Y128.966 E.02219
G1 X160.437 Y160.321 E1.36487
G1 X160.847 Y160.197 E.01319
G1 X129.783 Y129.133 E1.35219
G1 X130.485 Y129.3 E.02219
G1 X161.258 Y160.073 E1.33951
G1 X161.668 Y159.949 E.01319
G1 X131.186 Y129.467 E1.32683
G1 X131.887 Y129.634 E.02219
G1 X162.078 Y159.825 E1.31416
G1 X162.488 Y159.701 E.01319
G1 X132.589 Y129.801 E1.30148
G1 X133.296 Y129.975 E.02241
G1 X162.898 Y159.577 E1.28854
G1 X163.308 Y159.452 E.01319
G1 X134.005 Y130.149 E1.27553
G1 X134.714 Y130.324 E.02248
G1 X163.718 Y159.328 E1.26252
G1 X164.128 Y159.204 E.01319
G1 X135.423 Y130.499 E1.24951
G1 X136.132 Y130.674 E.02248
G1 X164.538 Y159.08 E1.2365
G1 X164.948 Y158.956 E.01319
G1 X136.841 Y130.849 E1.22349
G1 X137.554 Y131.028 E.02265
G1 X165.356 Y158.829 E1.21015
G1 X165.761 Y158.7 E.01309
G1 X138.272 Y131.211 E1.19658
G1 X138.989 Y131.394 E.02279
G1 X166.167 Y158.572 E1.183
G1 X166.572 Y158.443 E.01309
G1 X139.707 Y131.578 E1.16943
G1 X140.424 Y131.761 E.02279
G1 X166.978 Y158.314 E1.15586
G1 X167.383 Y158.186 E.01309
G1 X141.141 Y131.944 E1.14228
G1 X141.859 Y132.127 E.02279
G1 X167.789 Y158.057 E1.12871
G1 X168.194 Y157.928 E.01309
G1 X142.576 Y132.31 E1.11513
G1 X143.3 Y132.5 E.02304
G1 X168.6 Y157.8 E1.10127
G1 X169.005 Y157.671 E.01309
G1 X144.027 Y132.693 E1.08727
G1 X144.754 Y132.886 E.02315
G1 X169.411 Y157.542 E1.07327
G1 X169.816 Y157.414 E.01309
G1 X145.481 Y133.079 E1.05928
G1 X146.208 Y133.272 E.02315
G1 X170.222 Y157.285 E1.04528
G1 X170.627 Y157.156 E.01308
G1 X146.935 Y133.464 E1.03126
G1 X147.662 Y133.657 E.02315
G1 X171.021 Y157.016 E1.01678
G1 X171.415 Y156.876 E.01288
G1 X148.389 Y133.85 E1.0023
G1 X149.129 Y134.055 E.02362
G1 X171.807 Y156.733 E.98715
G1 X172.184 Y156.577 E.01258
G1 X149.868 Y134.26 E.9714
G1 X150.607 Y134.466 E.02362
G1 X172.562 Y156.42 E.95566
G1 X172.94 Y156.264 E.01258
G1 X151.347 Y134.671 E.93992
G1 X152.086 Y134.876 E.02362
G1 X173.288 Y156.078 E.92288
G1 X173.628 Y155.883 E.01205
G1 X152.825 Y135.081 E.90551
G1 X153.565 Y135.286 E.02362
G1 X173.968 Y155.689 E.88813
G1 X174.308 Y155.495 E.01205
G1 X154.31 Y135.497 E.8705
G1 X155.061 Y135.714 E.02408
G1 X174.648 Y155.301 E.85259
G1 X174.988 Y155.107 E.01205
G1 X155.813 Y135.932 E.83469
G1 X156.564 Y136.149 E.02408
G1 X175.318 Y154.903 E.81632
G1 X175.592 Y154.643 E.01163
G1 X157.316 Y136.366 E.79555
G1 X158.067 Y136.584 E.02408
G1 X175.866 Y154.383 E.77478
G1 X176.141 Y154.123 E.01163
G1 X158.819 Y136.801 E.75401
G1 X159.571 Y137.019 E.0241
G1 X176.415 Y153.863 E.73321
G1 X176.689 Y153.603 E.01163
G1 X160.336 Y137.25 E.71182
G1 X161.102 Y137.482 E.02463
G1 X176.964 Y153.343 E.69042
G1 X177.097 Y153.217 E.00565
G1 X177.198 Y153.044 E.00618
G1 X161.868 Y137.714 E.6673
G1 X162.634 Y137.945 E.02463
G1 X177.395 Y152.707 E.64255
G1 X177.592 Y152.37 E.01202
G1 X163.4 Y138.177 E.6178
G1 X164.165 Y138.409 E.02463
G1 X177.79 Y152.033 E.59304
G1 X177.893 Y151.602 E.01364
G1 X164.931 Y138.64 E.5642
G1 X165.716 Y138.891 E.02535
G1 X177.985 Y151.16 E.53408
G1 X178.078 Y150.719 E.01389
G1 X166.506 Y139.146 E.50373
G1 X167.296 Y139.402 E.02556
G1 X178.171 Y150.277 E.47338
G1 X178.263 Y149.836 E.01389
G1 X168.086 Y139.658 E.44303
G1 X168.876 Y139.914 E.02556
G1 X178.356 Y149.394 E.41268
G1 X178.449 Y148.953 E.01389
G1 X169.666 Y140.169 E.38233
G1 X170.455 Y140.425 E.02556
G1 X178.387 Y148.357 E.34525
G1 X178.325 Y148.067 E.00911
G1 X178.17 Y147.606 E.015
G1 X171.245 Y140.681 E.30142
G1 X171.713 Y140.832 E.01513
G1 X172.16 Y141.061 E.01547
G1 X177.899 Y146.8 E.24981
G1 X177.628 Y145.995 E.02615
G1 X173.256 Y141.623 E.19031
G1 X174.352 Y142.185 E.0379
G1 X177.627 Y145.46 E.14256
; stop printing object USV 1 e2mm.stl_6_B id:0 copy 0
; printing object "USV 1 e2mm.stl_5" id:1 copy 0
G1 E-.8 F3600
G1 X37.914 Y97.272 F18000
G1 E.8 F3600
M204 S1000
;TYPE:Outer wall
;WIDTH:0.42
G1 F3000
G1 X37.914 Y25.785 E2.19659
G1 X39.776 Y25.977 E.05754
G1 X45.742 Y26.632 E.1844
G1 X50.534 Y27.188 E.14824
G1 X55.315 Y27.774 E.148
G1 X60.083 Y28.401 E.14779
G1 X64.846 Y29.062 E.14774
G1 X69.615 Y29.754 E.14807
G1 X74.386 Y30.474 E.14826
G1 X79.166 Y31.236 E.14874
G1 X84.928 Y32.194 E.17946
G1 X90.679 Y33.204 E.17944
G1 X96.425 Y34.256 E.17949
G1 X102.164 Y35.356 E.17953
G1 X107.862 Y36.509 E.17864
G1 X113.553 Y37.695 E.17864
G1 X119.229 Y38.931 E.17848
G1 X124.908 Y40.219 E.17894
G1 X130.564 Y41.56 E.17862
G1 X136.21 Y42.949 E.17864
G1 X141.858 Y44.391 E.17913
G1 X147.451 Y45.874 E.1778
G1 X153.03 Y47.422 E.17789
G1 X158.632 Y49.036 E.17916
G1 X164.205 Y50.725 E.17893
G1 X169.728 Y52.478 E.17804
G1 X170.885 Y52.887 E.03771
G1 X172.228 Y53.445 E.04469
G1 X174.598 Y54.797 E.08384
G1 X176.561 Y56.656 E.08307
G1 X177.385 Y58.061 E.05008
G1 X178.113 Y61.531 E.10894
G1 X177.916 Y62.454 E.02897
G1 X176.625 Y66.289 E.12435
G1 X176.561 Y66.399 E.00392
G1 X174.596 Y68.266 E.08328
G1 X174.296 Y68.436 E.01059
G1 X173.63 Y68.759 E.02275
G1 X170.882 Y70.168 E.0949
G1 X164.207 Y72.326 E.21556
G1 X158.632 Y74.015 E.17898
G1 X153.036 Y75.634 E.17902
G1 X147.462 Y77.177 E.1777
G1 X141.87 Y78.672 E.17787
G1 X136.221 Y80.113 E.17915
G1 X130.576 Y81.496 E.17858
G1 X124.919 Y82.836 E.17864
G1 X119.251 Y84.124 E.1786
G1 X113.572 Y85.359 E.17857
G1 X107.885 Y86.542 E.17849
G1 X102.188 Y87.696 E.17862
G1 X96.477 Y88.788 E.17866
G1 X90.757 Y89.84 E.17869
G1 X85.029 Y90.85 E.17871
G1 X79.29 Y91.808 E.17878
G1 X74.509 Y92.57 E.14877
G1 X69.739 Y93.291 E.14823
G1 X64.97 Y93.982 E.14808
G1 X60.2 Y94.639 E.14796
G1 X55.427 Y95.27 E.14792
G1 X50.656 Y95.855 E.14772
G1 X41.043 Y96.949 E.29727
G1 X37.933 Y97.269 E.09605
M204 S2000
G1 X38.306 Y96.837 F18000
M204 S1500
;TYPE:Inner wall
;WIDTH:0.45
G1 F4800
G1 X38.306 Y26.219 E2.34251
G1 X39.735 Y26.367 E.04766
G1 X45.698 Y27.022 E.19899
G1 X50.487 Y27.578 E.15995
G1 X55.265 Y28.163 E.15968
G1 X60.031 Y28.789 E.15945
G1 X64.791 Y29.45 E.15941
G1 X69.558 Y30.141 E.15978
G1 X74.326 Y30.862 E.15996
G1 X79.103 Y31.623 E.16048
G1 X84.862 Y32.58 E.19364
G1 X90.61 Y33.59 E.19361
G1 X96.353 Y34.642 E.19367
G1 X102.088 Y35.741 E.1937
G1 X107.783 Y36.893 E.19275
G1 X113.472 Y38.079 E.19275
G1 X119.144 Y39.314 E.19257
G1 X124.819 Y40.601 E.19305
G1 X130.472 Y41.941 E.19271
G1 X136.114 Y43.33 E.19275
G1 X141.76 Y44.77 E.19326
G1 X147.349 Y46.253 E.19181
G1 X152.923 Y47.799 E.1919
G1 X158.521 Y49.412 E.19326
G1 X164.089 Y51.1 E.19299
G1 X169.603 Y52.85 E.19191
G1 X170.745 Y53.253 E.04015
G1 X172.055 Y53.797 E.04708
G1 X174.363 Y55.114 E.08813
G1 X176.251 Y56.902 E.08626
G1 X177.015 Y58.205 E.05009
G1 X177.712 Y61.531 E.11274
G1 X177.538 Y62.35 E.02778
G1 X176.25 Y66.154 E.1332
G1 X174.361 Y67.948 E.08645
G1 X174.114 Y68.088 E.00943
G1 X173.455 Y68.409 E.02429
G1 X170.731 Y69.805 E.10153
G1 X164.09 Y71.952 E.23154
G1 X158.521 Y73.639 E.19302
G1 X152.929 Y75.256 E.1931
G1 X147.359 Y76.799 E.1917
G1 X141.771 Y78.292 E.19188
G1 X136.126 Y79.733 E.19327
G1 X130.484 Y81.114 E.19267
G1 X124.83 Y82.454 E.19274
G1 X119.166 Y83.741 E.19269
G1 X113.491 Y84.976 E.19266
G1 X107.806 Y86.158 E.1926
G1 X102.112 Y87.311 E.19273
G1 X96.405 Y88.403 E.19275
G1 X90.688 Y89.454 E.19282
G1 X84.963 Y90.463 E.19283
G1 X79.227 Y91.421 E.1929
G1 X74.449 Y92.183 E.16051
G1 X69.682 Y92.903 E.15993
G1 X64.915 Y93.594 E.15978
G1 X60.147 Y94.25 E.15965
G1 X55.378 Y94.881 E.15959
G1 X50.61 Y95.466 E.15935
G1 X41.001 Y96.559 E.3208
G1 X38.326 Y96.835 E.08921
M204 S2000
G1 X39.16 Y96.584 F18000
;TYPE:Internal solid infill
;WIDTH:0.420688
G1 F6000
G1 X38.639 Y96.064 E.02267
G1 X38.639 Y95.529 E.01645
G1 X39.489 Y96.38 E.03703
G1 X39.974 Y96.33 E.01499
G1 X38.639 Y94.995 E.05811
G1 X38.639 Y94.461 E.01645
G1 X40.458 Y96.28 E.0792
G1 X40.942 Y96.23 E.01499
G1 X38.639 Y93.927 E.10028
G1 X38.639 Y93.392 E.01645
G1 X41.422 Y96.176 E.12117
G1 X41.902 Y96.121 E.01486
G1 X38.639 Y92.858 E.14205
G1 X38.639 Y92.324 E.01645
G1 X42.382 Y96.067 E.16294
G1 X42.861 Y96.012 E.01486
G1 X38.639 Y91.79 E.18382
G1 X38.639 Y91.255 E.01645
G1 X43.341 Y95.958 E.2047
G1 X43.821 Y95.903 E.01486
G1 X38.639 Y90.721 E.22558
G1 X38.639 Y90.187 E.01645
G1 X44.3 Y95.848 E.24646
G1 X44.78 Y95.794 E.01486
G1 X38.639 Y89.653 E.26735
G1 X38.639 Y89.118 E.01645
G1 X45.26 Y95.739 E.28823
G1 X45.739 Y95.685 E.01486
G1 X38.639 Y88.584 E.30911
G1 X38.639 Y88.05 E.01645
G1 X46.219 Y95.63 E.32999
G1 X46.699 Y95.575 E.01486
G1 X38.639 Y87.516 E.35087
G1 X38.639 Y86.982 E.01645
G1 X47.178 Y95.521 E.37176
G1 X47.658 Y95.466 E.01486
G1 X38.639 Y86.447 E.39264
G1 X38.639 Y85.913 E.01645
G1 X48.138 Y95.412 E.41352
G1 X48.617 Y95.357 E.01486
G1 X38.639 Y85.379 E.4344
G1 X38.639 Y84.845 E.01645
G1 X49.097 Y95.303 E.45528
G1 X49.577 Y95.248 E.01486
G1 X38.639 Y84.31 E.47616
G1 X38.639 Y83.776 E.01645
G1 X50.056 Y95.193 E.49705
G1 X50.536 Y95.139 E.01486
G1 X38.639 Y83.242 E.51793
G1 X38.639 Y82.708 E.01645
G1 X51.012 Y95.081 E.53866
G1 X51.488 Y95.022 E.01476
G1 X38.639 Y82.173 E.55937
G1 X38.639 Y81.639 E.01645
G1 X51.964 Y94.964 E.58009
G1 X52.44 Y94.905 E.01476
G1 X38.639 Y81.105 E.6008
G1 X38.639 Y80.571 E.01645
G1 X52.915 Y94.847 E.62152
G1 X53.391 Y94.789 E.01476
G1 X38.639 Y80.036 E.64223
G1 X38.639 Y79.502 E.01645
G1 X53.867 Y94.73 E.66295
G1 X54.343 Y94.672 E.01476
G1 X38.639 Y78.968 E.68366
G1 X38.639 Y78.434 E.01645
G1 X54.819 Y94.613 E.70438
G1 X55.295 Y94.555 E.01476
G1 X38.639 Y77.899 E.72509
G1 X38.639 Y77.365 E.01645
G1 X55.767 Y94.493 E.74565
G1 X56.239 Y94.431 E.01465
G1 X38.639 Y76.831 E.76619
G1 X38.639 Y76.297 E.01645
G1 X56.711 Y94.368 E.78673
G1 X57.182 Y94.306 E.01465
G1 X38.639 Y75.762 E.80728
G1 X38.639 Y75.228 E.01645
G1 X57.654 Y94.243 E.82782
G1 X58.126 Y94.181 E.01465
G1 X38.639 Y74.694 E.84836
G1 X38.639 Y74.16 E.01645
G1 X58.598 Y94.119 E.8689
G1 X59.07 Y94.056 E.01465
G1 X38.639 Y73.625 E.88945
G1 X38.639 Y73.091 E.01645
G1 X59.542 Y93.994 E.90999
G1 X60.014 Y93.932 E.01465
G1 X38.639 Y72.557 E.93053
G1 X38.639 Y72.023 E.01645
G1 X60.484 Y93.867 E.95099
G1 X60.953 Y93.803 E.01459
G1 X38.639 Y71.488 E.97144
G1 X38.639 Y70.954 E.01645
G1 X61.423 Y93.738 E.99188
G1 X61.892 Y93.673 E.01459
G1 X38.639 Y70.42 E1.01232
G1 X38.639 Y69.886 E.01645
G1 X62.362 Y93.609 E1.03276
G1 X62.832 Y93.544 E.01459
G1 X38.639 Y69.351 E1.05321
G1 X38.639 Y68.817 E.01645
G1 X63.301 Y93.479 E1.07365
G1 X63.771 Y93.415 E.01459
G1 X38.639 Y68.283 E1.09409
G1 X38.639 Y67.749 E.01645
G1 X64.24 Y93.35 E1.11454
G1 X64.71 Y93.285 E.01459
G1 X38.639 Y67.214 E1.13498
G1 X38.639 Y66.68 E.01645
G1 X65.178 Y93.219 E1.15534
G1 X65.644 Y93.151 E.01451
G1 X38.639 Y66.146 E1.17565
G1 X38.639 Y65.612 E.01645
G1 X66.111 Y93.084 E1.19597
G1 X66.578 Y93.016 E.01451
G1 X38.639 Y65.077 E1.21628
G1 X38.639 Y64.543 E.01645
G1 X67.044 Y92.949 E1.2366
G1 X67.511 Y92.881 E.01451
G1 X38.639 Y64.009 E1.25692
G1 X38.639 Y63.475 E.01645
G1 X67.978 Y92.813 E1.27723
G1 X68.444 Y92.746 E.01452
G1 X38.639 Y62.941 E1.29755
G1 X38.639 Y62.406 E.01645
G1 X68.911 Y92.678 E1.31786
G1 X69.377 Y92.611 E.01451
G1 X38.639 Y61.872 E1.33818
G1 X38.639 Y61.338 E.01645
G1 X69.843 Y92.542 E1.35844
G1 X70.307 Y92.472 E.01445
G1 X38.639 Y60.804 E1.37865
G1 X38.639 Y60.269 E.01645
G1 X70.771 Y92.402 E1.39885
G1 X71.235 Y92.331 E.01445
G1 X38.639 Y59.735 E1.41906
G1 X38.639 Y59.201 E.01645
G1 X71.699 Y92.261 E1.43926
G1 X72.164 Y92.191 E.01445
G1 X38.639 Y58.667 E1.45947
G1 X38.639 Y58.132 E.01645
G1 X72.628 Y92.121 E1.47967
G1 X73.092 Y92.051 E.01445
G1 X38.639 Y57.598 E1.49988
G1 X38.639 Y57.064 E.01645
G1 X73.556 Y91.981 E1.52008
G1 X74.02 Y91.911 E.01445
G1 X38.639 Y56.53 E1.54029
G1 X38.639 Y55.995 E.01645
G1 X74.483 Y91.84 E1.56046
G1 X74.944 Y91.766 E.01436
G1 X38.639 Y55.461 E1.58052
G1 X38.639 Y54.927 E.01645
G1 X75.405 Y91.693 E1.60058
G1 X75.866 Y91.619 E.01436
G1 X38.639 Y54.393 E1.62064
G1 X38.639 Y53.858 E.01645
G1 X76.326 Y91.546 E1.6407
G1 X76.787 Y91.472 E.01436
G1 X38.639 Y53.324 E1.66075
G1 X38.639 Y52.79 E.01645
G1 X77.248 Y91.399 E1.68081
G1 X77.709 Y91.325 E.01436
G1 X38.639 Y52.256 E1.70087
G1 X38.639 Y51.721 E.01645
G1 X78.169 Y91.252 E1.72093
G1 X78.63 Y91.178 E.01436
G1 X38.639 Y51.187 E1.74099
G1 X38.639 Y50.653 E.01645
G1 X79.091 Y91.105 E1.76104
G1 X79.549 Y91.029 E.0143
G1 X38.639 Y50.119 E1.781
G1 X38.639 Y49.584 E.01645
G1 X80.007 Y90.953 E1.80093
G1 X80.465 Y90.876 E.01429
G1 X38.639 Y49.05 E1.82086
G1 X38.639 Y48.516 E.01645
G1 X80.923 Y90.8 E1.84079
G1 X81.381 Y90.723 E.01429
G1 X38.639 Y47.982 E1.86072
G1 X38.639 Y47.447 E.01645
G1 X81.838 Y90.647 E1.88066
G1 X82.296 Y90.571 E.01429
G1 X38.639 Y46.913 E1.90059
G1 X38.639 Y46.379 E.01645
G1 X82.754 Y90.494 E1.92052
G1 X83.212 Y90.418 E.01429
G1 X38.639 Y45.845 E1.94045
G1 X38.639 Y45.31 E.01645
G1 X83.67 Y90.341 E1.96038
G1 X84.128 Y90.265 E.01429
G1 X38.639 Y44.776 E1.98032
G1 X38.639 Y44.242 E.01645
G1 X84.586 Y90.189 E2.00025
G1 X85.042 Y90.111 E.01426
G1 X38.639 Y43.708 E2.02013
G1 X38.639 Y43.173 E.01645
G1 X85.496 Y90.031 E2.0399
G1 X85.951 Y89.951 E.0142
G1 X38.639 Y42.639 E2.05968
G1 X38.639 Y42.105 E.01645
G1 X86.405 Y89.871 E2.07945
G1 X86.859 Y89.791 E.0142
G1 X38.639 Y41.571 E2.09922
G1 X38.639 Y41.036 E.01645
G1 X87.313 Y89.711 E2.11899
G1 X87.767 Y89.631 E.0142
G1 X38.639 Y40.502 E2.13877
G1 X38.639 Y39.968 E.01645
G1 X88.222 Y89.551 E2.15854
G1 X88.676 Y89.471 E.0142
G1 X38.639 Y39.434 E2.17831
G1 X38.639 Y38.899 E.01645
G1 X89.13 Y89.39 E2.19808
G1 X89.584 Y89.31 E.0142
G1 X38.639 Y38.365 E2.21785
G1 X38.639 Y37.831 E.01645
G1 X90.038 Y89.23 E2.23763
G1 X90.492 Y89.15 E.0142
G1 X38.639 Y37.297 E2.2574
G1 X38.639 Y36.763 E.01645
G1 X90.945 Y89.068 E2.27708
G1 X91.396 Y88.985 E.01412
G1 X38.639 Y36.228 E2.29673
G1 X38.639 Y35.694 E.01645
G1 X91.847 Y88.902 E2.31637
G1 X92.298 Y88.819 E.01412
G1 X38.639 Y35.16 E2.33602
G1 X38.639 Y34.626 E.01645
G1 X92.75 Y88.736 E2.35567
G1 X93.201 Y88.653 E.01412
G1 X38.639 Y34.091 E2.37531
G1 X38.639 Y33.557 E.01645
G1 X93.652 Y88.57 E2.39496
G1 X94.103 Y88.487 E.01412
G1 X38.639 Y33.023 E2.4146
G1 X38.639 Y32.489 E.01645
G1 X94.555 Y88.404 E2.43425
G1 X95.006 Y88.321 E.01412
G1 X38.639 Y31.954 E2.45389
G1 X38.639 Y31.42 E.01645
G1 X95.457 Y88.238 E2.47354
G1 X95.909 Y88.155 E.01412
G1 X38.639 Y30.886 E2.49318
G1 X38.639 Y30.352 E.01645
G1 X96.36 Y88.072 E2.51283
G1 X96.808 Y87.987 E.01405
G1 X38.639 Y29.817 E2.53235
G1 X38.639 Y29.283 E.01645
G1 X97.257 Y87.901 E2.55187
G1 X97.705 Y87.815 E.01405
G1 X38.639 Y28.749 E2.57139
G1 X38.639 Y28.215 E.01645
G1 X98.153 Y87.729 E2.59092
G1 X98.602 Y87.643 E.01405
G1 X38.639 Y27.68 E2.61044
G1 X38.639 Y27.146 E.01645
G1 X99.05 Y87.558 E2.62996
G1 X99.499 Y87.472 E.01405
G1 X38.639 Y26.612 E2.64948
G1 X38.639 Y26.589 E.00071
G1 X39.209 Y26.647 E.01763
G1 X99.947 Y87.386 E2.6442
G1 X100.396 Y87.3 E.01405
G1 X39.805 Y26.71 E2.63776
G1 X40.405 Y26.776 E.01859
G1 X100.844 Y87.214 E2.63115
G1 X101.293 Y87.129 E.01405
G1 X41.006 Y26.842 E2.62454
G1 X41.606 Y26.908 E.01859
G1 X101.741 Y87.043 E2.61794
G1 X102.188 Y86.956 E.01402
G1 X42.206 Y26.974 E2.61127
G1 X42.806 Y27.04 E.01859
G1 X102.632 Y86.866 E2.60448
G1 X103.077 Y86.776 E.01395
G1 X43.407 Y27.105 E2.59769
G1 X44.007 Y27.171 E.01859
G1 X103.521 Y86.686 E2.5909
G1 X103.965 Y86.596 E.01395
G1 X44.607 Y27.237 E2.58411
G1 X45.207 Y27.303 E.01859
G1 X104.41 Y86.506 E2.57732
G1 X104.854 Y86.416 E.01395
G1 X45.808 Y27.37 E2.57049
G1 X46.413 Y27.441 E.01873
G1 X105.298 Y86.326 E2.56352
G1 X105.742 Y86.236 E.01395
G1 X47.017 Y27.511 E2.55656
G1 X47.621 Y27.581 E.01873
G1 X106.187 Y86.146 E2.54959
G1 X106.631 Y86.056 E.01395
G1 X48.226 Y27.651 E2.54262
G1 X48.83 Y27.721 E.01873
G1 X107.075 Y85.966 E2.53565
G1 X107.52 Y85.876 E.01395
G1 X49.434 Y27.791 E2.52868
G1 X50.039 Y27.861 E.01873
G1 X107.963 Y85.785 E2.52167
G1 X108.405 Y85.693 E.01391
G1 X50.645 Y27.933 E2.51455
G1 X51.253 Y28.007 E.01888
G1 X108.847 Y85.601 E2.5073
G1 X109.29 Y85.509 E.01391
G1 X51.862 Y28.082 E2.50005
G1 X52.471 Y28.156 E.01888
G1 X109.732 Y85.417 E2.4928
G1 X110.174 Y85.325 E.01391
G1 X53.08 Y28.231 E2.48555
G1 X53.689 Y28.306 E.01888
G1 X110.616 Y85.233 E2.47829
G1 X111.059 Y85.141 E.01391
G1 X54.298 Y28.38 E2.47104
G1 X54.907 Y28.455 E.01888
G1 X111.501 Y85.049 E2.46379
G1 X111.943 Y84.957 E.01391
G1 X55.518 Y28.532 E2.45641
G1 X56.133 Y28.613 E.0191
G1 X112.386 Y84.865 E2.44889
G1 X112.828 Y84.773 E.01391
G1 X56.749 Y28.694 E2.44136
G1 X57.364 Y28.775 E.0191
G1 X113.27 Y84.681 E2.43384
G1 X113.71 Y84.587 E.01385
G1 X57.979 Y28.856 E2.42621
G1 X58.594 Y28.937 E.0191
G1 X114.149 Y84.492 E2.41854
G1 X114.588 Y84.396 E.01382
G1 X59.209 Y29.018 E2.41086
G1 X59.824 Y29.098 E.0191
G1 X115.026 Y84.301 E2.40319
G1 X115.465 Y84.205 E.01382
G1 X60.443 Y29.183 E2.39534
G1 X61.063 Y29.269 E.01928
G1 X115.904 Y84.11 E2.38744
G1 X116.343 Y84.014 E.01382
G1 X61.684 Y29.355 E2.37954
G1 X62.304 Y29.441 E.01928
G1 X116.781 Y83.919 E2.37163
G1 X117.22 Y83.823 E.01382
G1 X62.924 Y29.527 E2.36373
G1 X63.545 Y29.613 E.01928
G1 X117.659 Y83.728 E2.35583
G1 X118.098 Y83.632 E.01382
G1 X64.165 Y29.7 E2.34792
G1 X64.785 Y29.786 E.01929
G1 X118.537 Y83.537 E2.34001
G1 X118.975 Y83.441 E.01382
G1 X65.41 Y29.877 E2.3319
G1 X66.035 Y29.967 E.01944
G1 X119.412 Y83.343 E2.32369
G1 X119.847 Y83.245 E.01374
G1 X66.66 Y30.058 E2.31544
G1 X67.285 Y30.148 E.01944
G1 X120.282 Y83.146 E2.30719
G1 X120.718 Y83.047 E.01374
G1 X67.91 Y30.239 E2.29894
G1 X68.535 Y30.33 E.01944
G1 X121.153 Y82.948 E2.29069
G1 X121.588 Y82.849 E.01374
G1 X69.16 Y30.42 E2.28244
G1 X69.787 Y30.513 E.01951
G1 X122.024 Y82.75 E2.2741
G1 X122.459 Y82.651 E.01374
G1 X70.416 Y30.608 E2.26565
G1 X71.045 Y30.703 E.01959
G1 X122.894 Y82.552 E2.25721
G1 X123.33 Y82.453 E.01374
G1 X71.675 Y30.798 E2.24877
G1 X72.304 Y30.893 E.01959
G1 X123.765 Y82.355 E2.24032
G1 X124.2 Y82.256 E.01374
G1 X72.933 Y30.988 E2.23188
G1 X73.562 Y31.083 E.01959
G1 X124.636 Y82.157 E2.22343
G1 X125.069 Y82.055 E.01368
G1 X74.192 Y31.179 E2.21488
G1 X74.827 Y31.279 E.01978
G1 X125.5 Y81.953 E2.20605
G1 X125.932 Y81.851 E.01366
G1 X75.462 Y31.38 E2.19718
G1 X76.098 Y31.482 E.01981
G1 X126.364 Y81.748 E2.18832
G1 X126.796 Y81.646 E.01366
G1 X76.733 Y31.583 E2.17946
G1 X77.369 Y31.684 E.01981
G1 X127.228 Y81.544 E2.17059
G1 X127.66 Y81.441 E.01366
G1 X78.004 Y31.785 E2.16173
G1 X78.64 Y31.887 E.01981
G1 X128.092 Y81.339 E2.15286
G1 X128.524 Y81.237 E.01366
G1 X79.277 Y31.99 E2.14392
G1 X79.918 Y32.096 E.02
G1 X128.956 Y81.134 E2.13482
G1 X129.388 Y81.032 E.01366
G1 X80.558 Y32.203 E2.12573
G1 X81.199 Y32.309 E.02
G1 X129.819 Y80.929 E2.11664
G1 X130.251 Y80.827 E.01366
G1 X81.84 Y32.416 E2.10754
G1 X82.481 Y32.522 E.02
G1 X130.681 Y80.723 E2.09837
G1 X131.111 Y80.618 E.0136
G1 X83.122 Y32.629 E2.08916
G1 X83.762 Y32.735 E.02
G1 X131.54 Y80.513 E2.07995
G1 X131.969 Y80.408 E.0136
G1 X84.403 Y32.842 E2.07074
G1 X85.047 Y32.951 E.02009
G1 X132.398 Y80.303 E2.0614
G1 X132.827 Y80.197 E.0136
G1 X85.695 Y33.065 E2.05187
G1 X86.343 Y33.179 E.02026
G1 X133.256 Y80.092 E2.04234
G1 X133.685 Y79.987 E.0136
G1 X86.991 Y33.293 E2.0328
G1 X87.639 Y33.407 E.02026
G1 X134.115 Y79.882 E2.02327
G1 X134.544 Y79.777 E.0136
G1 X88.287 Y33.521 E2.01374
G1 X88.935 Y33.634 E.02026
G1 X134.973 Y79.672 E2.0042
G1 X135.402 Y79.567 E.0136
G1 X89.584 Y33.748 E1.99467
G1 X90.232 Y33.862 E.02026
G1 X135.831 Y79.462 E1.98513
G1 X136.258 Y79.355 E.01356
G1 X90.883 Y33.979 E1.9754
G1 X91.537 Y34.099 E.02046
G1 X136.684 Y79.246 E1.96546
G1 X137.11 Y79.138 E.01352
G1 X92.191 Y34.218 E1.95552
G1 X92.845 Y34.338 E.02046
G1 X137.535 Y79.029 E1.94558
G1 X137.961 Y78.92 E.01352
G1 X93.498 Y34.458 E1.93564
G1 X94.152 Y34.578 E.02046
G1 X138.387 Y78.812 E1.9257
G1 X138.812 Y78.703 E.01352
G1 X94.806 Y34.697 E1.91576
G1 X95.46 Y34.817 E.02046
G1 X139.238 Y78.595 E1.90583
G1 X139.664 Y78.486 E.01352
G1 X96.114 Y34.937 E1.89589
G1 X96.773 Y35.061 E.02065
G1 X140.089 Y78.377 E1.88573
G1 X140.515 Y78.269 E.01352
G1 X97.434 Y35.188 E1.87549
G1 X98.095 Y35.315 E.02071
G1 X140.941 Y78.16 E1.86524
G1 X141.366 Y78.052 E.01352
G1 X98.756 Y35.441 E1.855
G1 X99.417 Y35.568 E.02071
G1 X141.791 Y77.942 E1.84472
G1 X142.212 Y77.829 E.01343
G1 X100.078 Y35.695 E1.8343
G1 X100.739 Y35.821 E.02071
G1 X142.634 Y77.717 E1.82388
G1 X143.056 Y77.604 E.01343
G1 X101.399 Y35.948 E1.81346
G1 X102.061 Y36.075 E.02073
G1 X143.477 Y77.491 E1.80302
G1 X143.899 Y77.379 E.01343
G1 X102.731 Y36.211 E1.79222
G1 X103.4 Y36.346 E.02103
G1 X144.32 Y77.266 E1.78142
G1 X144.742 Y77.153 E.01343
G1 X104.07 Y36.481 E1.77062
G1 X104.74 Y36.617 E.02103
G1 X145.163 Y77.041 E1.75981
G1 X145.585 Y76.928 E.01343
G1 X105.409 Y36.752 E1.74901
G1 X106.079 Y36.888 E.02103
G1 X146.007 Y76.815 E1.73821
G1 X146.428 Y76.703 E.01343
G1 X106.749 Y37.023 E1.72741
G1 X107.419 Y37.159 E.02103
G1 X146.85 Y76.59 E1.71661
G1 X147.271 Y76.477 E.01343
G1 X108.091 Y37.297 E1.70568
G1 X108.766 Y37.438 E.02123
G1 X147.69 Y76.362 E1.69451
G1 X148.108 Y76.246 E.01336
G1 X109.441 Y37.579 E1.68334
G1 X110.116 Y37.719 E.02123
G1 X148.527 Y76.13 E1.67216
G1 X148.945 Y76.014 E.01336
G1 X110.791 Y37.86 E1.66099
G1 X111.466 Y38.001 E.02123
G1 X149.363 Y75.898 E1.64982
G1 X149.782 Y75.782 E.01336
G1 X112.141 Y38.142 E1.63865
G1 X112.816 Y38.282 E.02123
G1 X150.2 Y75.666 E1.62748
G1 X150.618 Y75.55 E.01336
G1 X113.492 Y38.424 E1.61626
G1 X114.175 Y38.573 E.02152
G1 X151.037 Y75.435 E1.60475
G1 X151.455 Y75.319 E.01336
G1 X114.858 Y38.722 E1.59323
G1 X115.541 Y38.87 E.02152
G1 X151.874 Y75.203 E1.58171
G1 X152.292 Y75.087 E.01336
G1 X116.224 Y39.019 E1.5702
G1 X116.907 Y39.168 E.02152
G1 X152.71 Y74.971 E1.55868
G1 X153.126 Y74.853 E.01331
G1 X117.59 Y39.316 E1.54704
G1 X118.273 Y39.465 E.02152
G1 X153.54 Y74.733 E1.53535
G1 X153.955 Y74.613 E.01328
G1 X118.956 Y39.614 E1.52366
G1 X119.645 Y39.769 E.02176
G1 X154.369 Y74.493 E1.51168
G1 X154.784 Y74.373 E.01328
G1 X120.336 Y39.926 E1.49964
G1 X121.027 Y40.083 E.02181
G1 X155.198 Y74.253 E1.4876
G1 X155.612 Y74.134 E.01328
G1 X121.718 Y40.239 E1.47555
G1 X122.409 Y40.396 E.02181
G1 X156.027 Y74.014 E1.46351
G1 X156.441 Y73.894 E.01328
G1 X123.1 Y40.553 E1.45147
G1 X123.791 Y40.71 E.02181
G1 X156.856 Y73.774 E1.43943
G1 X157.27 Y73.654 E.01328
G1 X124.482 Y40.867 E1.42738
G1 X125.179 Y41.029 E.02202
G1 X157.685 Y73.534 E1.41509
G1 X158.099 Y73.415 E.01328
G1 X125.879 Y41.195 E1.40265
G1 X126.58 Y41.361 E.02215
G1 X158.512 Y73.294 E1.39017
G1 X158.922 Y73.17 E.01319
G1 X127.28 Y41.527 E1.37754
G1 X127.98 Y41.693 E.02215
G1 X159.332 Y73.045 E1.36491
G1 X159.742 Y72.921 E.01319
G1 X128.68 Y41.859 E1.35227
G1 X129.38 Y42.025 E.02215
G1 X160.152 Y72.797 E1.33964
G1 X160.563 Y72.673 E.01319
G1 X130.08 Y42.191 E1.32701
G1 X130.785 Y42.361 E.02233
G1 X160.973 Y72.548 E1.31417
G1 X161.383 Y72.424 E.01319
G1 X131.494 Y42.536 E1.30117
G1 X132.203 Y42.71 E.02247
G1 X161.793 Y72.3 E1.28817
G1 X162.203 Y72.176 E.01319
G1 X132.911 Y42.885 E1.27517
G1 X133.62 Y43.059 E.02247
G1 X162.613 Y72.052 E1.26216
G1 X163.023 Y71.927 E.01319
G1 X134.329 Y43.234 E1.24916
G1 X135.037 Y43.408 E.02247
G1 X163.433 Y71.803 E1.23616
G1 X163.843 Y71.679 E.01319
G1 X135.746 Y43.582 E1.22316
G1 X136.46 Y43.762 E.02266
G1 X164.249 Y71.551 E1.20976
G1 X164.652 Y71.42 E.01306
G1 X137.177 Y43.945 E1.1961
G1 X137.895 Y44.128 E.02279
G1 X165.056 Y71.29 E1.18245
G1 X165.46 Y71.159 E.01306
G1 X138.612 Y44.311 E1.1688
G1 X139.329 Y44.494 E.02279
G1 X165.863 Y71.028 E1.15515
G1 X166.267 Y70.898 E.01306
G1 X140.046 Y44.677 E1.1415
G1 X140.764 Y44.86 E.02279
G1 X166.671 Y70.767 E1.12785
G1 X167.075 Y70.637 E.01306
G1 X141.481 Y45.043 E1.1142
G1 X142.205 Y45.233 E.02306
G1 X167.478 Y70.506 E1.10023
G1 X167.882 Y70.376 E.01306
G1 X142.933 Y45.426 E1.08615
G1 X143.66 Y45.619 E.02316
G1 X168.286 Y70.245 E1.07208
G1 X168.689 Y70.115 E.01306
G1 X144.387 Y45.812 E1.058
G1 X145.114 Y46.005 E.02316
G1 X169.093 Y69.984 E1.04392
G1 X169.497 Y69.854 E.01306
G1 X145.841 Y46.198 E1.02984
G1 X146.568 Y46.391 E.02316
G1 X169.901 Y69.723 E1.01576
G1 X170.304 Y69.593 E.01306
G1 X147.296 Y46.584 E1.00166
G1 X148.035 Y46.789 E.02362
G1 X170.695 Y69.449 E.98648
G1 X171.048 Y69.268 E.01222
G1 X148.774 Y46.994 E.96967
G1 X149.514 Y47.199 E.02362
G1 X171.401 Y69.087 E.95286
G1 X171.755 Y68.906 E.01222
G1 X150.253 Y47.404 E.93605
G1 X150.992 Y47.609 E.02362
G1 X172.108 Y68.725 E.91924
G1 X172.461 Y68.544 E.01222
G1 X151.732 Y47.814 E.90243
G1 X152.471 Y48.02 E.02362
G1 X172.814 Y68.363 E.88562
G1 X173.167 Y68.182 E.01222
G1 X153.216 Y48.23 E.86857
G1 X153.966 Y48.447 E.02404
G1 X173.524 Y68.004 E.85144
G1 X173.884 Y67.83 E.0123
G1 X154.717 Y48.663 E.83441
G1 X155.467 Y48.879 E.02404
G1 X174.215 Y67.627 E.81618
G1 X174.489 Y67.367 E.01163
G1 X156.218 Y49.095 E.79543
G1 X156.968 Y49.312 E.02404
G1 X174.763 Y67.107 E.77469
G1 X175.037 Y66.846 E.01163
G1 X157.719 Y49.528 E.75394
G1 X158.47 Y49.745 E.02408
G1 X175.311 Y66.586 E.73316
G1 X175.585 Y66.326 E.01163
G1 X159.237 Y49.977 E.71171
G1 X160.004 Y50.21 E.02466
G1 X175.859 Y66.065 E.69027
G1 X175.961 Y65.969 E.00433
G1 X176.046 Y65.718 E.00815
G1 X160.77 Y50.442 E.66502
G1 X161.537 Y50.674 E.02466
G1 X176.181 Y65.319 E.63753
G1 X176.316 Y64.92 E.01297
G1 X162.303 Y50.907 E.61003
G1 X163.07 Y51.139 E.02466
G1 X176.451 Y64.52 E.58254
G1 X176.586 Y64.121 E.01297
G1 X163.837 Y51.372 E.55505
G1 X164.616 Y51.617 E.02515
G1 X176.721 Y63.722 E.527
G1 X176.856 Y63.323 E.01297
G1 X165.399 Y51.865 E.49881
G1 X166.181 Y52.113 E.02527
G1 X176.992 Y62.924 E.47062
G1 X177.127 Y62.525 E.01297
G1 X166.964 Y52.362 E.44243
G1 X167.746 Y52.61 E.02527
G1 X177.248 Y62.111 E.41363
G1 X177.341 Y61.671 E.01386
G1 X168.529 Y52.858 E.38364
G1 X169.312 Y53.107 E.02527
G1 X177.275 Y61.07 E.34667
G1 X177.133 Y60.394 E.02126
G1 X170.128 Y53.389 E.30498
G1 X170.625 Y53.564 E.01624
G1 X170.989 Y53.715 E.01212
G1 X176.991 Y59.718 E.26132
G1 X176.85 Y59.042 E.02126
G1 X171.902 Y54.095 E.21539
G1 X173.144 Y54.802 E.04399
G1 X176.927 Y58.586 E.16471
; stop printing object USV 1 e2mm.stl_5 id:1 copy 0
; end of layer_num: 9, T: 0, print_z: 1.840000
;LAYER_CHANGE
;Z:2.04
;HEIGHT:0.2
; BEFORE_LAYER_CHANGE 9 @ 2.04mm
G92 E0
; AFTER_LAYER_CHANGE 9 @ 2.04mm
; start of layer_num: 10, T: 0, print_z: 2.040000
; printing object "USV 1 e2mm.stl_6_B" id:0 copy 0
G1 E-.8 F3600
G1 X39.035 Y113.058 Z2.04 F18000
G1 E.8 F3600
M204 S1000
;TYPE:Outer wall
;WIDTH:0.42
G1 F3000
G1 X41.473 Y113.31 E.07531
G1 X46.968 Y113.913 E.16984
G1 X51.767 Y114.473 E.14845
G1 X61.311 Y115.686 E.29562
G1 X66.081 Y116.347 E.14797
G1 X70.85 Y117.038 E.14807
G1 X75.62 Y117.759 E.14824
G1 X80.401 Y118.521 E.14877
G1 X86.14 Y119.479 E.17878
G1 X91.867 Y120.489 E.1787
G1 X97.588 Y121.541 E.17871
G1 X103.297 Y122.641 E.17866
G1 X108.995 Y123.786 E.17858
G1 X114.682 Y124.969 E.17849
G1 X120.36 Y126.205 E.17857
G1 X126.028 Y127.492 E.1786
G1 X134.028 Y129.405 E.25273
G1 X137.33 Y130.222 E.10453
G1 X142.98 Y131.665 E.17917
G1 X148.572 Y133.148 E.17777
G1 X154.145 Y134.695 E.17771
G1 X159.742 Y136.313 E.17902
G1 X165.315 Y137.999 E.17892
G1 X171.859 Y140.113 E.21129
G1 X172.151 Y140.226 E.00962
G1 X173.281 Y140.775 E.03861
G1 F2880
G1 X174.357 Y141.298 E.03676
G1 X174.841 Y141.572 E.01709
G1 F3000
G1 X175.705 Y142.062 E.03051
G1 X177.667 Y143.929 E.08323
G1 X177.777 Y144.117 E.00669
G1 X177.883 Y144.643 E.0165
G1 X179.109 Y148.284 E.11804
G1 X179.218 Y148.798 E.01614
G1 X178.492 Y152.263 E.10879
G1 X177.667 Y153.673 E.05018
G1 X175.706 Y155.532 E.08304
G1 X173.337 Y156.884 E.0838
G1 X171.994 Y157.44 E.04468
G1 X170.837 Y157.85 E.0377
G1 X165.315 Y159.603 E.17804
G1 X159.742 Y161.289 E.1789
G1 X154.139 Y162.908 E.17922
G1 X148.561 Y164.454 E.17785
G1 X142.968 Y165.937 E.17781
G1 X137.319 Y167.391 E.17921
G1 X131.674 Y168.768 E.17855
G1 X126.018 Y170.11 E.17863
G1 X120.338 Y171.398 E.17893
G1 X114.663 Y172.633 E.17848
G1 X108.972 Y173.827 E.17866
G1 X103.274 Y174.973 E.1786
G1 X97.536 Y176.073 E.17954
G1 X91.789 Y177.125 E.17952
G1 X86.038 Y178.135 E.1794
G1 X80.277 Y179.092 E.17946
G1 X75.496 Y179.854 E.14877
G1 X70.726 Y180.587 E.14828
G1 X61.193 Y181.924 E.29578
G1 X56.425 Y182.554 E.1478
G1 X51.644 Y183.14 E.148
G1 X46.853 Y183.696 E.1482
G1 X42.042 Y184.233 E.14876
G1 X39.035 Y184.543 E.09287
G1 X39.035 Y113.078 E2.1959
M204 S2000
G1 X39.427 Y113.493 F18000
M204 S1500
;TYPE:Inner wall
;WIDTH:0.45
G1 F4800
G1 X41.432 Y113.7 E.06684
G1 X46.924 Y114.303 E.18327
G1 X53.464 Y115.081 E.21849
G1 X53.943 Y134.926 E.65849
G1 X54.006 Y142.869 E.26349
G1 X54.265 Y144.529 E.05575
G1 X54.744 Y148.8 E.14255
G1 X54.288 Y153.174 E.14589
G1 X54.027 Y154.905 E.05805
G1 X53.984 Y163.578 E.2877
G1 X53.62 Y182.503 E.62791
G1 X46.809 Y183.306 E.22749
G1 X42 Y183.843 E.16051
G1 X39.427 Y184.108 E.0858
G1 X39.427 Y113.513 E2.34177
M204 S2000
G1 E-.8 F3600
G1 X173.484 Y141.858 F18000
G1 E.8 F3600
M204 S1500
G1 F4800
G1 X173.608 Y141.842 E.00415
G1 X173.662 Y141.396 E.01491
G1 X174.175 Y141.645 E.0189
G1 X175.469 Y142.38 E.04938
G1 X177.357 Y144.175 E.08642
G1 X177.406 Y144.259 E.00321
G1 X177.504 Y144.745 E.01646
G1 X178.73 Y148.388 E.1275
G1 X178.817 Y148.799 E.01392
G1 X178.121 Y152.12 E.11258
G1 X177.357 Y153.427 E.0502
G1 X175.47 Y155.215 E.08623
G1 X173.721 Y156.213 E.06681
G1 X173.671 Y155.744 E.01565
G1 X173.504 Y155.723 E.00557
G1 X173.484 Y141.878 E.45926
G1 E-.8 F3600
M204 S2000
G1 X176.14 Y148.831 F18000
G1 E.8 F3600
;TYPE:Internal solid infill
;WIDTH:0.362712
G1 F6000
G1 X176.08 Y148.866 E.0018
G1 X176.14 Y148.901 E.0018
G1 X176.15 Y148.883 E.00052
G1 X175.769 Y146.729 F18000
;WIDTH:0.419999
G1 F6000
G1 X175.776 Y151.619 E.15026
G1 X175.971 Y151.274 E.01218
G1 X176.481 Y148.845 E.07628
G1 X175.775 Y146.748 E.06797
G1 X175.389 Y144.926 F18000
G1 F6000
G1 X175.4 Y152.663 E.23774
G1 X175.853 Y152.233 E.01919
G1 X176.325 Y151.428 E.02868
G1 X176.871 Y148.822 E.08182
G1 X175.699 Y145.339 E.11291
G1 X175.623 Y145.149 E.00628
G1 X175.403 Y144.94 E.00932
G1 X175.011 Y144.046 F18000
G1 F6000
G1 X175.024 Y153.539 E.29169
G1 X176.152 Y152.47 E.04773
G1 X176.681 Y151.565 E.03222
G1 X177.261 Y148.799 E.08686
G1 X176.056 Y145.219 E.11606
G1 X175.996 Y144.983 E.00749
G1 X175.025 Y144.06 E.04116
G1 X174.632 Y143.223 F18000
G1 F6000
G1 X174.648 Y154.364 E.34234
G1 X174.789 Y154.281 E.00504
G1 X176.45 Y152.707 E.0703
G1 X177.037 Y151.703 E.03575
G1 X177.651 Y148.775 E.09189
G1 X176.413 Y145.098 E.11921
G1 X176.339 Y144.788 E.0098
G1 X174.781 Y143.307 E.06605
G1 X174.65 Y143.233 E.00464
G1 X174.254 Y142.574 F18000
G1 F6000
G1 X174.272 Y155.013 E.3822
G1 X175.008 Y154.593 E.02605
G1 X176.748 Y152.944 E.07366
G1 X177.394 Y151.84 E.03929
G1 X178.041 Y148.752 E.09693
G1 X176.771 Y144.978 E.12236
G1 X176.682 Y144.594 E.01211
G1 X175.007 Y143.002 E.07099
G1 X174.272 Y142.584 E.026
G1 X173.877 Y142.179 F18000
G1 F6000
G1 X173.896 Y155.383 E.40572
G1 X173.98 Y155.421 E.00285
G1 X174.076 Y155.559 E.00518
G1 X175.235 Y154.898 E.041
G1 X177.047 Y153.18 E.0767
G1 X177.75 Y151.977 E.04283
G1 X178.416 Y148.799 E.09978
G1 X178.351 Y148.492 E.00966
G1 X177.128 Y144.858 E.11781
G1 X177.024 Y144.4 E.01443
G1 X175.234 Y142.697 E.07593
G1 X173.992 Y141.992 E.04388
G1 X173.932 Y142.15 E.0052
G1 X173.894 Y142.169 E.00129
G1 E-.8 F3600
G1 X172.226 Y157.226 F18000
G1 E.8 F3600
M204 S1000
;TYPE:Top surface
;WIDTH:0.420748
G1 X173.561 Y155.891 E.05813
M204 S2000
G1 X173.379 Y155.538 F18000
M204 S1000
G1 F3600
G1 X171.373 Y157.545 E.08735
M204 S2000
G1 X170.559 Y157.824 F18000
M204 S1000
G1 F3600
G1 X173.379 Y155.005 E.12275
M204 S2000
G1 X173.378 Y154.471 F18000
M204 S1000
G1 F3600
G1 X169.777 Y158.072 E.1568
M204 S2000
G1 X168.994 Y158.321 F18000
M204 S1000
G1 F3600
G1 X173.377 Y153.938 E.19084
M204 S2000
G1 X173.376 Y153.404 F18000
M204 S1000
G1 F3600
G1 X168.211 Y158.569 E.22489
M204 S2000
G1 X167.429 Y158.818 F18000
M204 S1000
G1 F3600
G1 X173.376 Y152.871 E.25894
M204 S2000
G1 X173.375 Y152.337 F18000
M204 S1000
G1 F3600
G1 X166.646 Y159.066 E.29298
M204 S2000
G1 X165.863 Y159.314 F18000
M204 S1000
G1 F3600
G1 X173.374 Y151.803 E.32703
M204 S2000
G1 X173.373 Y151.27 F18000
M204 S1000
G1 F3600
G1 X165.085 Y159.558 E.36089
M204 S2000
G1 X164.319 Y159.79 F18000
M204 S1000
G1 F3600
G1 X173.372 Y150.736 E.39422
M204 S2000
G1 X173.372 Y150.203 F18000
M204 S1000
G1 F3600
G1 X163.552 Y160.022 E.42754
M204 S2000
G1 X162.786 Y160.254 F18000
M204 S1000
G1 F3600
G1 X173.371 Y149.669 E.46087
M204 S2000
G1 X173.37 Y149.136 F18000
M204 S1000
G1 F3600
G1 X162.02 Y160.486 E.49419
M204 S2000
G1 X161.254 Y160.717 F18000
M204 S1000
G1 F3600
G1 X173.369 Y148.602 E.52752
M204 S2000
G1 X173.369 Y148.068 F18000
M204 S1000
G1 F3600
G1 X160.488 Y160.949 E.56085
M204 S2000
G1 X159.722 Y161.181 F18000
M204 S1000
G1 F3600
G1 X173.368 Y147.535 E.59417
M204 S2000
G1 X173.367 Y147.001 F18000
M204 S1000
G1 F3600
G1 X158.97 Y161.398 E.62686
M204 S2000
G1 X158.219 Y161.615 F18000
M204 S1000
G1 F3600
G1 X173.366 Y146.468 E.65954
M204 S2000
G1 X173.366 Y145.934 F18000
M204 S1000
G1 F3600
G1 X157.468 Y161.832 E.69222
M204 S2000
G1 X156.716 Y162.049 F18000
M204 S1000
G1 F3600
G1 X173.365 Y145.401 E.7249
M204 S2000
G1 X173.364 Y144.867 F18000
M204 S1000
G1 F3600
G1 X155.965 Y162.266 E.75758
M204 S2000
G1 X155.214 Y162.483 F18000
M204 S1000
G1 F3600
G1 X173.363 Y144.333 E.79026
M204 S2000
G1 X173.363 Y143.8 F18000
M204 S1000
G1 F3600
G1 X154.462 Y162.7 E.82294
M204 S2000
G1 X153.717 Y162.911 F18000
M204 S1000
G1 F3600
G1 X173.362 Y143.266 E.85534
M204 S2000
G1 X173.361 Y142.733 F18000
M204 S1000
G1 F3600
G1 X152.978 Y163.116 E.8875
M204 S2000
G1 X152.239 Y163.321 F18000
M204 S1000
G1 F3600
G1 X173.36 Y142.199 E.91966
M204 S2000
G1 X173.524 Y141.501 F18000
M204 S1000
G1 F3600
G1 X151.499 Y163.526 E.95899
M204 S2000
G1 X150.76 Y163.731 F18000
M204 S1000
G1 F3600
G1 X173.492 Y140.999 E.98977
M204 S2000
G1 X173.132 Y140.824 F18000
M204 S1000
G1 F3600
G1 X150.021 Y163.936 E1.0063
M204 S2000
G1 X149.282 Y164.141 F18000
M204 S1000
G1 F3600
G1 X172.773 Y140.65 E1.02283
M204 S2000
G1 X172.413 Y140.475 F18000
M204 S1000
G1 F3600
G1 X148.542 Y164.346 E1.03936
M204 S2000
G1 X147.815 Y164.539 F18000
M204 S1000
G1 F3600
G1 X172.05 Y140.304 E1.0552
M204 S2000
G1 X171.657 Y140.163 F18000
M204 S1000
G1 F3600
G1 X147.088 Y164.732 E1.06976
M204 S2000
G1 X146.36 Y164.924 F18000
M204 S1000
G1 F3600
G1 X171.253 Y140.032 E1.08384
M204 S2000
G1 X170.849 Y139.902 F18000
M204 S1000
G1 F3600
G1 X145.633 Y165.117 E1.09792
M204 S2000
G1 X144.906 Y165.31 F18000
M204 S1000
G1 F3600
G1 X170.445 Y139.771 E1.112
M204 S2000
G1 X170.041 Y139.641 F18000
M204 S1000
G1 F3600
G1 X144.179 Y165.503 E1.12607
M204 S2000
G1 X143.452 Y165.696 F18000
M204 S1000
G1 F3600
G1 X169.637 Y139.51 E1.14015
M204 S2000
G1 X169.233 Y139.38 F18000
M204 S1000
G1 F3600
G1 X142.727 Y165.887 E1.15413
M204 S2000
G1 X142.007 Y166.072 F18000
M204 S1000
G1 F3600
G1 X168.83 Y139.249 E1.16787
M204 S2000
G1 X168.426 Y139.119 F18000
M204 S1000
G1 F3600
G1 X141.288 Y166.257 E1.18162
M204 S2000
G1 X140.568 Y166.442 F18000
M204 S1000
G1 F3600
G1 X168.022 Y138.988 E1.19536
M204 S2000
G1 X167.618 Y138.858 F18000
M204 S1000
G1 F3600
G1 X139.849 Y166.627 E1.2091
M204 S2000
G1 X139.129 Y166.812 F18000
M204 S1000
G1 F3600
G1 X167.214 Y138.727 E1.22284
M204 S2000
G1 X166.81 Y138.597 F18000
M204 S1000
G1 F3600
G1 X138.41 Y166.997 E1.23658
M204 S2000
G1 X137.69 Y167.182 F18000
M204 S1000
G1 F3600
G1 X166.406 Y138.466 E1.25033
M204 S2000
G1 X166.003 Y138.336 F18000
M204 S1000
G1 F3600
G1 X136.977 Y167.362 E1.26382
M204 S2000
G1 X136.27 Y167.534 F18000
M204 S1000
G1 F3600
G1 X165.599 Y138.206 E1.27701
M204 S2000
G1 X165.193 Y138.076 F18000
M204 S1000
G1 F3600
G1 X135.563 Y167.707 E1.29014
M204 S2000
G1 X134.856 Y167.879 F18000
M204 S1000
G1 F3600
G1 X164.783 Y137.952 E1.30306
M204 S2000
G1 X164.373 Y137.828 F18000
M204 S1000
G1 F3600
G1 X134.149 Y168.052 E1.31597
M204 S2000
G1 X133.443 Y168.224 F18000
M204 S1000
G1 F3600
G1 X163.963 Y137.704 E1.32888
M204 S2000
G1 X163.553 Y137.58 F18000
M204 S1000
G1 F3600
G1 X132.736 Y168.397 E1.34179
M204 S2000
G1 X132.029 Y168.569 F18000
M204 S1000
G1 F3600
G1 X163.142 Y137.456 E1.35471
M204 S2000
G1 X162.732 Y137.332 F18000
M204 S1000
G1 F3600
G1 X131.325 Y168.739 E1.36749
M204 S2000
G1 X130.625 Y168.905 F18000
M204 S1000
G1 F3600
G1 X162.322 Y137.208 E1.38013
M204 S2000
G1 X161.912 Y137.084 F18000
M204 S1000
G1 F3600
G1 X129.924 Y169.071 E1.39277
M204 S2000
G1 X129.224 Y169.237 F18000
M204 S1000
G1 F3600
G1 X161.501 Y136.959 E1.40541
M204 S2000
G1 X161.091 Y136.835 F18000
M204 S1000
G1 F3600
G1 X128.523 Y169.403 E1.41804
M204 S2000
G1 X127.823 Y169.569 F18000
M204 S1000
G1 F3600
G1 X160.681 Y136.711 E1.43068
M204 S2000
G1 X160.271 Y136.587 F18000
M204 S1000
G1 F3600
G1 X127.122 Y169.736 E1.44332
M204 S2000
G1 X126.422 Y169.902 F18000
M204 S1000
G1 F3600
G1 X159.861 Y136.463 E1.45596
M204 S2000
G1 X159.448 Y136.342 F18000
M204 S1000
G1 F3600
G1 X125.725 Y170.064 E1.46832
M204 S2000
G1 X125.034 Y170.221 F18000
M204 S1000
G1 F3600
G1 X159.033 Y136.222 E1.48036
M204 S2000
G1 X158.619 Y136.102 F18000
M204 S1000
G1 F3600
G1 X124.343 Y170.378 E1.49239
M204 S2000
G1 X123.652 Y170.534 F18000
M204 S1000
G1 F3600
G1 X158.204 Y135.982 E1.50443
M204 S2000
G1 X157.79 Y135.862 F18000
M204 S1000
G1 F3600
G1 X122.961 Y170.691 E1.51647
M204 S2000
G1 X122.27 Y170.847 F18000
M204 S1000
G1 F3600
G1 X157.375 Y135.742 E1.52851
M204 S2000
G1 X156.961 Y135.623 F18000
M204 S1000
G1 F3600
G1 X121.579 Y171.004 E1.54055
M204 S2000
G1 X120.888 Y171.161 F18000
M204 S1000
G1 F3600
G1 X156.546 Y135.503 E1.55259
M204 S2000
G1 X156.132 Y135.383 F18000
M204 S1000
G1 F3600
G1 X120.199 Y171.316 E1.56457
M204 S2000
G1 X119.516 Y171.465 F18000
M204 S1000
G1 F3600
G1 X155.717 Y135.263 E1.57626
M204 S2000
G1 X155.303 Y135.143 F18000
M204 S1000
G1 F3600
G1 X118.832 Y171.614 E1.58796
M204 S2000
G1 X118.149 Y171.762 F18000
M204 S1000
G1 F3600
G1 X154.888 Y135.023 E1.59965
M204 S2000
G1 X154.474 Y134.904 F18000
M204 S1000
G1 F3600
G1 X117.466 Y171.911 E1.61134
M204 S2000
G1 X116.783 Y172.06 F18000
M204 S1000
G1 F3600
G1 X154.059 Y134.784 E1.62301
M204 S2000
G1 X153.641 Y134.668 F18000
M204 S1000
G1 F3600
G1 X116.1 Y172.208 E1.63454
M204 S2000
G1 X115.417 Y172.357 F18000
M204 S1000
G1 F3600
G1 X153.222 Y134.552 E1.64607
M204 S2000
G1 X152.804 Y134.436 F18000
M204 S1000
G1 F3600
G1 X114.734 Y172.506 E1.6576
M204 S2000
G1 X114.057 Y172.649 F18000
M204 S1000
G1 F3600
G1 X152.386 Y134.32 E1.66887
M204 S2000
G1 X151.967 Y134.204 F18000
M204 S1000
G1 F3600
G1 X113.381 Y172.79 E1.6801
M204 S2000
G1 X112.705 Y172.932 F18000
M204 S1000
G1 F3600
G1 X151.549 Y134.088 E1.69133
M204 S2000
G1 X151.131 Y133.972 F18000
M204 S1000
G1 F3600
G1 X112.029 Y173.074 E1.70256
M204 S2000
G1 X111.352 Y173.216 F18000
M204 S1000
G1 F3600
G1 X150.713 Y133.856 E1.71378
M204 S2000
G1 X150.294 Y133.74 F18000
M204 S1000
G1 F3600
G1 X110.676 Y173.358 E1.72501
M204 S2000
G1 X110 Y173.5 F18000
M204 S1000
G1 F3600
G1 X149.876 Y133.624 E1.73624
M204 S2000
G1 X149.458 Y133.508 F18000
M204 S1000
G1 F3600
G1 X109.324 Y173.641 E1.74747
M204 S2000
G1 X108.651 Y173.78 F18000
M204 S1000
G1 F3600
G1 X149.04 Y133.391 E1.75856
M204 S2000
G1 X148.621 Y133.275 F18000
M204 S1000
G1 F3600
G1 X107.982 Y173.914 E1.76946
M204 S2000
G1 X107.314 Y174.049 F18000
M204 S1000
G1 F3600
G1 X148.2 Y133.163 E1.78023
M204 S2000
G1 X147.777 Y133.051 F18000
M204 S1000
G1 F3600
G1 X106.645 Y174.183 E1.79096
M204 S2000
G1 X105.976 Y174.318 F18000
M204 S1000
G1 F3600
G1 X147.355 Y132.939 E1.80169
M204 S2000
G1 X146.933 Y132.827 F18000
M204 S1000
G1 F3600
G1 X105.307 Y174.452 E1.81243
M204 S2000
G1 X104.638 Y174.587 F18000
M204 S1000
G1 F3600
G1 X146.511 Y132.715 E1.82316
M204 S2000
G1 X146.088 Y132.603 F18000
M204 S1000
G1 F3600
G1 X103.97 Y174.721 E1.83389
M204 S2000
G1 X103.301 Y174.856 F18000
M204 S1000
G1 F3600
G1 X145.666 Y132.491 E1.84462
M204 S2000
G1 X145.244 Y132.378 F18000
M204 S1000
G1 F3600
G1 X102.639 Y174.983 E1.85505
M204 S2000
G1 X101.978 Y175.11 F18000
M204 S1000
G1 F3600
G1 X144.821 Y132.266 E1.86545
M204 S2000
G1 X144.399 Y132.154 F18000
M204 S1000
G1 F3600
G1 X101.317 Y175.237 E1.87584
M204 S2000
G1 X100.656 Y175.363 F18000
M204 S1000
G1 F3600
G1 X143.977 Y132.042 E1.88624
M204 S2000
G1 X143.554 Y131.93 F18000
M204 S1000
G1 F3600
G1 X99.995 Y175.49 E1.89664
M204 S2000
G1 X99.333 Y175.617 F18000
M204 S1000
G1 F3600
G1 X143.132 Y131.818 E1.90704
M204 S2000
G1 X142.708 Y131.708 F18000
M204 S1000
G1 F3600
G1 X98.672 Y175.744 E1.91736
M204 S2000
G1 X98.011 Y175.871 F18000
M204 S1000
G1 F3600
G1 X142.282 Y131.6 E1.92761
M204 S2000
G1 X141.857 Y131.491 F18000
M204 S1000
G1 F3600
G1 X97.352 Y175.996 E1.93779
M204 S2000
G1 X96.698 Y176.115 F18000
M204 S1000
G1 F3600
G1 X141.431 Y131.382 E1.94773
M204 S2000
G1 X141.005 Y131.274 F18000
M204 S1000
G1 F3600
G1 X96.044 Y176.235 E1.95767
M204 S2000
G1 X95.39 Y176.355 F18000
M204 S1000
G1 F3600
G1 X140.58 Y131.165 E1.96762
M204 S2000
G1 X140.154 Y131.056 F18000
M204 S1000
G1 F3600
G1 X94.736 Y176.474 E1.97756
M204 S2000
G1 X94.082 Y176.594 F18000
M204 S1000
G1 F3600
G1 X139.728 Y130.947 E1.98751
M204 S2000
G1 X139.303 Y130.839 F18000
M204 S1000
G1 F3600
G1 X93.428 Y176.714 E1.99745
M204 S2000
G1 X92.774 Y176.833 F18000
M204 S1000
G1 F3600
G1 X138.877 Y130.73 E2.00739
M204 S2000
G1 X138.451 Y130.621 F18000
M204 S1000
G1 F3600
G1 X92.12 Y176.953 E2.01734
M204 S2000
G1 X91.468 Y177.07 F18000
M204 S1000
G1 F3600
G1 X138.026 Y130.513 E2.02716
M204 S2000
G1 X137.6 Y130.404 F18000
M204 S1000
G1 F3600
G1 X90.82 Y177.184 E2.03685
M204 S2000
G1 X90.172 Y177.298 F18000
M204 S1000
G1 F3600
G1 X137.174 Y130.296 E2.0465
M204 S2000
G1 X136.745 Y130.19 F18000
M204 S1000
G1 F3600
G1 X89.524 Y177.412 E2.05607
M204 S2000
G1 X88.876 Y177.525 F18000
M204 S1000
G1 F3600
G1 X136.317 Y130.084 E2.06564
M204 S2000
G1 X135.889 Y129.978 F18000
M204 S1000
G1 F3600
G1 X88.228 Y177.639 E2.07521
M204 S2000
G1 X87.58 Y177.753 F18000
M204 S1000
G1 F3600
G1 X135.46 Y129.872 E2.08478
M204 S2000
G1 X135.032 Y129.766 F18000
M204 S1000
G1 F3600
G1 X86.931 Y177.867 E2.09435
M204 S2000
G1 X86.283 Y177.981 F18000
M204 S1000
G1 F3600
G1 X134.604 Y129.66 E2.10391
M204 S2000
G1 X134.175 Y129.554 F18000
M204 S1000
G1 F3600
G1 X85.64 Y178.09 E2.1133
M204 S2000
G1 X84.999 Y178.197 F18000
M204 S1000
G1 F3600
G1 X133.745 Y129.45 E2.12248
M204 S2000
G1 X133.314 Y129.347 F18000
M204 S1000
G1 F3600
G1 X84.358 Y178.303 E2.1316
M204 S2000
G1 X83.717 Y178.41 F18000
M204 S1000
G1 F3600
G1 X132.883 Y129.244 E2.14073
M204 S2000
G1 X132.452 Y129.141 F18000
M204 S1000
G1 F3600
G1 X83.076 Y178.516 E2.14986
M204 S2000
G1 X82.435 Y178.623 F18000
M204 S1000
G1 F3600
G1 X132.02 Y129.038 E2.15899
M204 S2000
G1 X131.589 Y128.934 F18000
M204 S1000
G1 F3600
G1 X81.794 Y178.729 E2.16812
M204 S2000
G1 X81.153 Y178.836 F18000
M204 S1000
G1 F3600
G1 X131.158 Y128.831 E2.17725
M204 S2000
G1 X130.727 Y128.728 F18000
M204 S1000
G1 F3600
G1 X80.513 Y178.942 E2.18638
M204 S2000
G1 X79.875 Y179.046 F18000
M204 S1000
G1 F3600
G1 X130.296 Y128.625 E2.19537
M204 S2000
G1 X129.864 Y128.522 F18000
M204 S1000
G1 F3600
G1 X79.239 Y179.147 E2.20427
M204 S2000
G1 X78.604 Y179.248 F18000
M204 S1000
G1 F3600
G1 X129.433 Y128.419 E2.21317
M204 S2000
G1 X129.002 Y128.316 F18000
M204 S1000
G1 F3600
G1 X77.968 Y179.349 E2.22207
M204 S2000
G1 X77.332 Y179.451 F18000
M204 S1000
G1 F3600
G1 X128.571 Y128.213 E2.23097
M204 S2000
G1 X128.139 Y128.109 F18000
M204 S1000
G1 F3600
G1 X76.697 Y179.552 E2.23987
M204 S2000
G1 X76.061 Y179.653 F18000
M204 S1000
G1 F3600
G1 X127.708 Y128.006 E2.24877
M204 S2000
G1 X127.277 Y127.903 F18000
M204 S1000
G1 F3600
G1 X75.426 Y179.754 E2.25765
M204 S2000
G1 X74.795 Y179.851 F18000
M204 S1000
G1 F3600
G1 X126.846 Y127.8 E2.26636
M204 S2000
G1 X126.415 Y127.697 F18000
M204 S1000
G1 F3600
G1 X74.163 Y179.948 E2.27508
M204 S2000
G1 X73.532 Y180.045 F18000
M204 S1000
G1 F3600
G1 X125.983 Y127.594 E2.28378
M204 S2000
G1 X125.548 Y127.495 F18000
M204 S1000
G1 F3600
G1 X72.901 Y180.142 E2.29231
M204 S2000
G1 X72.27 Y180.239 F18000
M204 S1000
G1 F3600
G1 X125.112 Y127.396 E2.30084
M204 S2000
G1 X124.677 Y127.297 F18000
M204 S1000
G1 F3600
G1 X71.638 Y180.336 E2.30937
M204 S2000
G1 X71.007 Y180.433 F18000
M204 S1000
G1 F3600
G1 X124.242 Y127.198 E2.3179
M204 S2000
G1 X123.806 Y127.099 F18000
M204 S1000
G1 F3600
G1 X70.381 Y180.525 E2.3262
M204 S2000
G1 X69.759 Y180.612 F18000
M204 S1000
G1 F3600
G1 X123.371 Y127.001 E2.3343
M204 S2000
G1 X122.935 Y126.902 F18000
M204 S1000
G1 F3600
G1 X69.138 Y180.699 E2.3424
M204 S2000
G1 X68.516 Y180.786 F18000
M204 S1000
G1 F3600
G1 X122.5 Y126.803 E2.3505
M204 S2000
G1 X122.064 Y126.704 F18000
M204 S1000
G1 F3600
G1 X67.895 Y180.873 E2.3586
M204 S2000
G1 X67.273 Y180.961 F18000
M204 S1000
G1 F3600
G1 X121.629 Y126.605 E2.3667
M204 S2000
G1 X121.194 Y126.506 F18000
M204 S1000
G1 F3600
G1 X66.652 Y181.048 E2.3748
M204 S2000
G1 X66.03 Y181.135 F18000
M204 S1000
G1 F3600
G1 X120.758 Y126.407 E2.3829
M204 S2000
G1 X120.323 Y126.308 F18000
M204 S1000
G1 F3600
G1 X65.409 Y181.222 E2.391
M204 S2000
G1 X64.788 Y181.309 F18000
M204 S1000
G1 F3600
G1 X119.884 Y126.213 E2.39895
M204 S2000
G1 X119.445 Y126.117 F18000
M204 S1000
G1 F3600
G1 X64.166 Y181.396 E2.40691
M204 S2000
G1 X63.545 Y181.483 F18000
M204 S1000
G1 F3600
G1 X119.006 Y126.022 E2.41486
M204 S2000
G1 X118.567 Y125.926 F18000
M204 S1000
G1 F3600
G1 X62.923 Y181.571 E2.42281
M204 S2000
G1 X62.302 Y181.658 F18000
M204 S1000
G1 F3600
G1 X118.129 Y125.831 E2.43076
M204 S2000
G1 X117.69 Y125.735 F18000
M204 S1000
G1 F3600
G1 X61.68 Y181.745 E2.43871
M204 S2000
G1 X61.06 Y181.831 F18000
M204 S1000
G1 F3600
G1 X117.251 Y125.64 E2.44662
M204 S2000
G1 X116.812 Y125.544 F18000
M204 S1000
G1 F3600
G1 X60.444 Y181.912 E2.45432
M204 S2000
G1 X59.828 Y181.994 F18000
M204 S1000
G1 F3600
G1 X116.373 Y125.449 E2.46203
M204 S2000
G1 X115.934 Y125.353 F18000
M204 S1000
G1 F3600
G1 X59.212 Y182.075 E2.46973
M204 S2000
G1 X58.597 Y182.157 F18000
M204 S1000
G1 F3600
G1 X115.495 Y125.258 E2.47744
M204 S2000
G1 X115.057 Y125.162 F18000
M204 S1000
G1 F3600
G1 X57.981 Y182.238 E2.48514
M204 S2000
G1 X57.365 Y182.32 F18000
M204 S1000
G1 F3600
G1 X114.617 Y125.067 E2.49283
M204 S2000
G1 X114.175 Y124.975 F18000
M204 S1000
G1 F3600
G1 X56.749 Y182.401 E2.50038
M204 S2000
G1 X56.137 Y182.479 F18000
M204 S1000
G1 F3600
G1 X113.733 Y124.883 E2.5078
M204 S2000
G1 X113.29 Y124.791 F18000
M204 S1000
G1 F3600
G1 X55.528 Y182.554 E2.51505
M204 S2000
G1 X54.919 Y182.629 F18000
M204 S1000
G1 F3600
G1 X112.848 Y124.699 E2.52231
M204 S2000
G1 X112.406 Y124.607 F18000
M204 S1000
G1 F3600
G1 X54.31 Y182.703 E2.52956
M204 S2000
G1 X53.739 Y182.739 F18000
M204 S1000
G1 F3600
G1 X111.963 Y124.515 E2.53513
M204 S2000
G1 X111.521 Y124.423 F18000
M204 S1000
G1 F3600
G1 X53.75 Y182.194 E2.51542
M204 S2000
G1 X53.76 Y181.65 F18000
M204 S1000
G1 F3600
G1 X111.079 Y124.331 E2.4957
M204 S2000
G1 X110.636 Y124.239 F18000
M204 S1000
G1 F3600
G1 X53.771 Y181.105 E2.47598
M204 S2000
G1 X53.781 Y180.56 F18000
M204 S1000
G1 F3600
G1 X110.194 Y124.147 E2.45627
M204 S2000
G1 X109.752 Y124.055 F18000
M204 S1000
G1 F3600
G1 X53.792 Y180.015 E2.43655
M204 S2000
G1 X53.802 Y179.47 F18000
M204 S1000
G1 F3600
G1 X109.309 Y123.963 E2.41683
M204 S2000
G1 X108.866 Y123.872 F18000
M204 S1000
G1 F3600
G1 X53.813 Y178.925 E2.39709
M204 S2000
G1 X53.823 Y178.381 F18000
M204 S1000
G1 F3600
G1 X108.421 Y123.783 E2.37726
M204 S2000
G1 X107.977 Y123.693 F18000
M204 S1000
G1 F3600
G1 X53.834 Y177.836 E2.35743
M204 S2000
G1 X53.844 Y177.291 F18000
M204 S1000
G1 F3600
G1 X107.532 Y123.604 E2.3376
M204 S2000
G1 X107.087 Y123.514 F18000
M204 S1000
G1 F3600
G1 X53.855 Y176.746 E2.31778
M204 S2000
G1 X53.865 Y176.201 F18000
M204 S1000
G1 F3600
G1 X106.642 Y123.425 E2.29795
M204 S2000
G1 X106.197 Y123.335 F18000
M204 S1000
G1 F3600
G1 X53.876 Y175.657 E2.27812
M204 S2000
G1 X53.886 Y175.112 F18000
M204 S1000
G1 F3600
G1 X105.752 Y123.246 E2.25829
M204 S2000
G1 X105.307 Y123.156 F18000
M204 S1000
G1 F3600
G1 X53.897 Y174.567 E2.23847
M204 S2000
G1 X53.907 Y174.022 F18000
M204 S1000
G1 F3600
G1 X104.863 Y123.067 E2.21864
M204 S2000
G1 X104.418 Y122.977 F18000
M204 S1000
G1 F3600
G1 X53.918 Y173.477 E2.19881
M204 S2000
G1 X53.928 Y172.932 F18000
M204 S1000
G1 F3600
G1 X103.973 Y122.888 E2.17898
M204 S2000
G1 X103.528 Y122.799 F18000
M204 S1000
G1 F3600
G1 X53.939 Y172.388 E2.15916
M204 S2000
G1 X53.949 Y171.843 F18000
M204 S1000
G1 F3600
G1 X103.082 Y122.711 E2.13927
M204 S2000
G1 X102.634 Y122.624 F18000
M204 S1000
G1 F3600
G1 X53.96 Y171.298 E2.11931
M204 S2000
G1 X53.97 Y170.753 F18000
M204 S1000
G1 F3600
G1 X102.186 Y122.538 E2.09934
M204 S2000
G1 X101.738 Y122.452 F18000
M204 S1000
G1 F3600
G1 X53.981 Y170.208 E2.07937
M204 S2000
G1 X53.991 Y169.663 F18000
M204 S1000
G1 F3600
G1 X101.289 Y122.365 E2.05941
M204 S2000
G1 X100.841 Y122.279 F18000
M204 S1000
G1 F3600
G1 X54.002 Y169.119 E2.03944
M204 S2000
G1 X54.012 Y168.574 F18000
M204 S1000
G1 F3600
G1 X100.393 Y122.193 E2.01948
M204 S2000
G1 X99.945 Y122.106 F18000
M204 S1000
G1 F3600
G1 X54.023 Y168.029 E1.99951
M204 S2000
G1 X54.033 Y167.484 F18000
M204 S1000
G1 F3600
G1 X99.497 Y122.02 E1.97955
M204 S2000
G1 X99.049 Y121.934 F18000
M204 S1000
G1 F3600
G1 X54.044 Y166.939 E1.95958
M204 S2000
G1 X54.054 Y166.394 F18000
M204 S1000
G1 F3600
G1 X98.601 Y121.848 E1.93962
M204 S2000
G1 X98.153 Y121.761 F18000
M204 S1000
G1 F3600
G1 X54.065 Y165.85 E1.91965
M204 S2000
G1 X54.075 Y165.305 F18000
M204 S1000
G1 F3600
G1 X97.705 Y121.675 E1.89969
M204 S2000
G1 X97.255 Y121.591 F18000
M204 S1000
G1 F3600
G1 X54.086 Y164.76 E1.87962
M204 S2000
G1 X54.096 Y164.215 F18000
M204 S1000
G1 F3600
G1 X96.804 Y121.508 E1.85951
M204 S2000
G1 X96.352 Y121.425 F18000
M204 S1000
G1 F3600
G1 X54.107 Y163.67 E1.8394
M204 S2000
G1 X54.111 Y163.132 F18000
M204 S1000
G1 F3600
G1 X95.901 Y121.342 E1.81958
M204 S2000
G1 X95.449 Y121.259 F18000
M204 S1000
G1 F3600
G1 X54.114 Y162.595 E1.79981
M204 S2000
G1 X54.116 Y162.058 F18000
M204 S1000
G1 F3600
G1 X94.998 Y121.176 E1.78004
M204 S2000
G1 X94.547 Y121.093 F18000
M204 S1000
G1 F3600
G1 X54.119 Y161.521 E1.76028
M204 S2000
G1 X54.121 Y160.984 F18000
M204 S1000
G1 F3600
G1 X94.095 Y121.01 E1.74051
M204 S2000
G1 X93.644 Y120.927 F18000
M204 S1000
G1 F3600
G1 X54.124 Y160.447 E1.72074
M204 S2000
G1 X54.127 Y159.91 F18000
M204 S1000
G1 F3600
G1 X93.193 Y120.844 E1.70097
M204 S2000
G1 X92.741 Y120.761 F18000
M204 S1000
G1 F3600
G1 X54.129 Y159.373 E1.68121
M204 S2000
G1 X54.132 Y158.836 F18000
M204 S1000
G1 F3600
G1 X92.29 Y120.678 E1.66144
M204 S2000
G1 X91.839 Y120.595 F18000
M204 S1000
G1 F3600
G1 X54.135 Y158.299 E1.64167
M204 S2000
G1 X54.137 Y157.762 F18000
M204 S1000
G1 F3600
G1 X91.384 Y120.515 E1.62178
M204 S2000
G1 X90.93 Y120.435 F18000
M204 S1000
G1 F3600
G1 X54.14 Y157.225 E1.60189
M204 S2000
G1 X54.143 Y156.688 F18000
M204 S1000
G1 F3600
G1 X90.476 Y120.355 E1.582
M204 S2000
G1 X90.022 Y120.275 F18000
M204 S1000
G1 F3600
G1 X54.145 Y156.151 E1.5621
M204 S2000
G1 X54.148 Y155.614 F18000
M204 S1000
G1 F3600
G1 X89.568 Y120.194 E1.54221
M204 S2000
G1 X89.114 Y120.114 F18000
M204 S1000
G1 F3600
G1 X54.151 Y155.077 E1.52232
M204 S2000
G1 X54.218 Y154.476 F18000
M204 S1000
G1 F3600
G1 X88.659 Y120.034 E1.49964
M204 S2000
G1 X88.205 Y119.954 F18000
M204 S1000
G1 F3600
G1 X54.312 Y153.847 E1.47573
M204 S2000
G1 X54.407 Y153.218 F18000
M204 S1000
G1 F3600
G1 X87.751 Y119.874 E1.45183
M204 S2000
G1 X87.297 Y119.794 F18000
M204 S1000
G1 F3600
G1 X54.471 Y152.62 E1.42929
M204 S2000
G1 X54.533 Y152.023 F18000
M204 S1000
G1 F3600
G1 X86.843 Y119.714 E1.40681
M204 S2000
G1 X86.389 Y119.633 F18000
M204 S1000
G1 F3600
G1 X54.595 Y151.427 E1.38433
M204 S2000
G1 X54.657 Y150.83 F18000
M204 S1000
G1 F3600
G1 X85.933 Y119.555 E1.36178
M204 S2000
G1 X85.475 Y119.478 F18000
M204 S1000
G1 F3600
G1 X54.719 Y150.234 E1.33913
M204 S2000
G1 X54.781 Y149.638 F18000
M204 S1000
G1 F3600
G1 X85.017 Y119.402 E1.31649
M204 S2000
G1 X84.559 Y119.326 F18000
M204 S1000
G1 F3600
G1 X54.843 Y149.041 E1.29385
M204 S2000
G1 X54.837 Y148.514 F18000
M204 S1000
G1 F3600
G1 X84.101 Y119.249 E1.27421
M204 S2000
G1 X83.643 Y119.173 F18000
M204 S1000
G1 F3600
G1 X54.783 Y148.033 E1.25662
M204 S2000
G1 X54.729 Y147.553 F18000
M204 S1000
G1 F3600
G1 X83.185 Y119.096 E1.23902
M204 S2000
G1 X82.727 Y119.02 F18000
M204 S1000
G1 F3600
G1 X54.675 Y147.072 E1.22143
M204 S2000
G1 X54.621 Y146.592 F18000
M204 S1000
G1 F3600
G1 X82.269 Y118.943 E1.20384
M204 S2000
G1 X81.812 Y118.867 F18000
M204 S1000
G1 F3600
G1 X54.567 Y146.111 E1.18625
M204 S2000
G1 X54.513 Y145.631 F18000
M204 S1000
G1 F3600
G1 X81.354 Y118.791 E1.16865
M204 S2000
G1 X80.896 Y118.714 F18000
M204 S1000
G1 F3600
G1 X54.46 Y145.15 E1.15106
M204 S2000
G1 X54.406 Y144.67 F18000
M204 S1000
G1 F3600
G1 X80.438 Y118.638 E1.13347
M204 S2000
G1 X79.977 Y118.564 F18000
M204 S1000
G1 F3600
G1 X54.34 Y144.202 E1.11629
M204 S2000
G1 X54.268 Y143.739 F18000
M204 S1000
G1 F3600
G1 X79.516 Y118.491 E1.09936
M204 S2000
G1 X79.055 Y118.417 F18000
M204 S1000
G1 F3600
G1 X54.196 Y143.277 E1.08243
M204 S2000
G1 X54.13 Y142.808 F18000
M204 S1000
G1 F3600
G1 X78.595 Y118.344 E1.06521
M204 S2000
G1 X78.134 Y118.27 F18000
M204 S1000
G1 F3600
G1 X54.126 Y142.278 E1.04533
M204 S2000
G1 X54.122 Y141.748 F18000
M204 S1000
G1 F3600
G1 X77.673 Y118.197 E1.02545
M204 S2000
G1 X77.212 Y118.123 F18000
M204 S1000
G1 F3600
G1 X54.117 Y141.218 E1.00556
M204 S2000
G1 X54.113 Y140.688 F18000
M204 S1000
G1 F3600
G1 X76.751 Y118.05 E.98568
M204 S2000
G1 X76.29 Y117.977 F18000
M204 S1000
G1 F3600
G1 X54.109 Y140.158 E.9658
M204 S2000
G1 X54.105 Y139.628 F18000
M204 S1000
G1 F3600
G1 X75.829 Y117.903 E.94591
M204 S2000
G1 X75.367 Y117.831 F18000
M204 S1000
G1 F3600
G1 X54.1 Y139.098 E.92596
M204 S2000
G1 X54.096 Y138.568 F18000
M204 S1000
G1 F3600
G1 X74.902 Y117.761 E.90593
M204 S2000
G1 X74.438 Y117.691 F18000
M204 S1000
G1 F3600
G1 X54.092 Y138.037 E.8859
M204 S2000
G1 X54.088 Y137.507 F18000
M204 S1000
G1 F3600
G1 X73.974 Y117.621 E.86588
M204 S2000
G1 X73.51 Y117.551 F18000
M204 S1000
G1 F3600
G1 X54.083 Y136.977 E.84585
M204 S2000
G1 X54.079 Y136.447 F18000
M204 S1000
G1 F3600
G1 X73.046 Y117.481 E.82582
M204 S2000
G1 X72.581 Y117.411 F18000
M204 S1000
G1 F3600
G1 X54.075 Y135.917 E.8058
M204 S2000
G1 X54.071 Y135.387 F18000
M204 S1000
G1 F3600
G1 X72.117 Y117.34 E.78577
M204 S2000
G1 X71.653 Y117.27 F18000
M204 S1000
G1 F3600
G1 X54.065 Y134.858 E.76579
M204 S2000
G1 X54.053 Y134.336 F18000
M204 S1000
G1 F3600
G1 X71.189 Y117.2 E.74612
M204 S2000
G1 X70.724 Y117.131 F18000
M204 S1000
G1 F3600
G1 X54.04 Y133.814 E.72644
M204 S2000
G1 X54.028 Y133.293 F18000
M204 S1000
G1 F3600
G1 X70.258 Y117.063 E.70666
M204 S2000
G1 X69.791 Y116.995 F18000
M204 S1000
G1 F3600
G1 X54.015 Y132.771 E.68689
M204 S2000
G1 X54.003 Y132.249 F18000
M204 S1000
G1 F3600
G1 X69.324 Y116.928 E.66712
M204 S2000
G1 X68.858 Y116.86 F18000
M204 S1000
G1 F3600
G1 X53.99 Y131.727 E.64735
M204 S2000
G1 X53.977 Y131.206 F18000
M204 S1000
G1 F3600
G1 X68.391 Y116.792 E.62758
M204 S2000
G1 X67.924 Y116.724 F18000
M204 S1000
G1 F3600
G1 X53.965 Y130.684 E.60781
M204 S2000
G1 X53.952 Y130.162 F18000
M204 S1000
G1 F3600
G1 X67.458 Y116.657 E.58804
M204 S2000
G1 X66.991 Y116.589 F18000
M204 S1000
G1 F3600
G1 X53.94 Y129.64 E.56827
M204 S2000
G1 X53.927 Y129.119 F18000
M204 S1000
G1 F3600
G1 X66.524 Y116.521 E.5485
M204 S2000
G1 X66.058 Y116.454 F18000
M204 S1000
G1 F3600
G1 X53.914 Y128.597 E.52873
M204 S2000
G1 X53.902 Y128.075 F18000
M204 S1000
G1 F3600
G1 X65.588 Y116.389 E.50884
M204 S2000
G1 X65.119 Y116.324 F18000
M204 S1000
G1 F3600
G1 X53.889 Y127.553 E.48896
M204 S2000
G1 X53.877 Y127.032 F18000
M204 S1000
G1 F3600
G1 X64.65 Y116.259 E.46907
M204 S2000
G1 X64.18 Y116.194 F18000
M204 S1000
G1 F3600
G1 X53.864 Y126.51 E.44918
M204 S2000
G1 X53.852 Y125.988 F18000
M204 S1000
G1 F3600
G1 X63.711 Y116.129 E.42929
M204 S2000
G1 X63.242 Y116.064 F18000
M204 S1000
G1 F3600
G1 X53.839 Y125.466 E.40941
M204 S2000
G1 X53.826 Y124.945 F18000
M204 S1000
G1 F3600
G1 X62.772 Y115.999 E.38952
M204 S2000
G1 X62.303 Y115.934 F18000
M204 S1000
G1 F3600
G1 X53.814 Y124.423 E.36963
M204 S2000
G1 X53.801 Y123.901 F18000
M204 S1000
G1 F3600
G1 X61.834 Y115.869 E.34975
M204 S2000
G1 X61.365 Y115.804 F18000
M204 S1000
G1 F3600
G1 X53.789 Y123.379 E.32986
M204 S2000
G1 X53.776 Y122.858 F18000
M204 S1000
G1 F3600
G1 X60.892 Y115.742 E.30983
M204 S2000
G1 X60.419 Y115.681 F18000
M204 S1000
G1 F3600
G1 X53.764 Y122.336 E.28977
M204 S2000
G1 X53.751 Y121.814 F18000
M204 S1000
G1 F3600
G1 X59.945 Y115.62 E.26971
M204 S2000
G1 X59.472 Y115.559 F18000
M204 S1000
G1 F3600
G1 X53.738 Y121.292 E.24965
M204 S2000
G1 X53.726 Y120.771 F18000
M204 S1000
G1 F3600
G1 X58.999 Y115.498 E.22959
M204 S2000
G1 X58.526 Y115.437 F18000
M204 S1000
G1 F3600
G1 X53.713 Y120.249 E.20953
M204 S2000
G1 X53.701 Y119.727 F18000
M204 S1000
G1 F3600
G1 X58.052 Y115.376 E.18947
M204 S2000
G1 X57.579 Y115.314 F18000
M204 S1000
G1 F3600
G1 X53.688 Y119.205 E.16941
M204 S2000
G1 X53.676 Y118.684 F18000
M204 S1000
G1 F3600
G1 X57.106 Y115.253 E.14936
M204 S2000
G1 X56.632 Y115.192 F18000
M204 S1000
G1 F3600
G1 X53.663 Y118.162 E.1293
M204 S2000
G1 X53.65 Y117.64 F18000
M204 S1000
G1 F3600
G1 X56.158 Y115.133 E.10918
M204 S2000
G1 X55.683 Y115.073 F18000
M204 S1000
G1 F3600
G1 X53.638 Y117.118 E.08905
M204 S2000
G1 X53.625 Y116.597 F18000
M204 S1000
G1 F3600
G1 X55.208 Y115.014 E.06892
M204 S2000
G1 X54.733 Y114.954 F18000
M204 S1000
G1 F3600
G1 X53.613 Y116.075 E.04879
M204 S2000
G1 X53.6 Y115.553 F18000
M204 S1000
G1 F3600
G1 X54.258 Y114.895 E.02866
M204 S2000
G1 E-.8
G1 X173.535 Y156.388 F18000
G1 E.8 F3600
;TYPE:Gap infill
;WIDTH:0.275019
G1 F6000
G1 X173.375 Y156.51 E.00382
;WIDTH:0.240658
G1 X173.214 Y156.633 E.00326
;WIDTH:0.200926
G1 X173.112 Y156.701 E.00159
;WIDTH:0.155824
G1 X173.009 Y156.77 E.00113
;WIDTH:0.133273
G1 X172.907 Y156.838 E.00091
G1 E-.8 F3600
G1 X52.586 Y182.46 F18000
G1 E.8 F3600
;TYPE:Internal solid infill
;WIDTH:0.422305
G1 F6000
G1 X53.301 Y181.746 E.03124
G1 X53.311 Y181.199 E.01692
G1 X52.172 Y182.338 E.04983
G1 X51.563 Y182.41 E.01894
G1 X53.322 Y180.652 E.07688
G1 X53.332 Y180.104 E.01692
G1 X50.955 Y182.482 E.10394
G1 X50.347 Y182.553 E.01894
G1 X53.343 Y179.557 E.13099
G1 X53.354 Y179.01 E.01692
G1 X49.739 Y182.625 E.15805
G1 X49.13 Y182.697 E.01894
G1 X53.364 Y178.463 E.1851
G1 X53.375 Y177.916 E.01692
G1 X48.522 Y182.769 E.21216
G1 X47.914 Y182.84 E.01894
G1 X53.385 Y177.369 E.23921
G1 X53.396 Y176.822 E.01692
G1 X47.306 Y182.912 E.26627
G1 X46.698 Y182.983 E.01892
G1 X53.406 Y176.275 E.2933
G1 X53.417 Y175.728 E.01692
G1 X46.094 Y183.051 E.32016
G1 X45.49 Y183.118 E.01879
G1 X53.427 Y175.181 E.34703
G1 X53.438 Y174.634 E.01692
G1 X44.886 Y183.186 E.37389
G1 X44.282 Y183.253 E.01879
G1 X53.448 Y174.087 E.40076
G1 X53.459 Y173.54 E.01692
G1 X43.678 Y183.32 E.42762
G1 X43.074 Y183.388 E.01879
G1 X53.47 Y172.992 E.45449
G1 X53.48 Y172.445 E.01692
G1 X42.47 Y183.455 E.48135
G1 X41.867 Y183.522 E.01875
G1 X53.491 Y171.898 E.50818
G1 X53.501 Y171.351 E.01692
G1 X41.269 Y183.583 E.53479
G1 X40.671 Y183.645 E.01859
G1 X53.512 Y170.804 E.5614
G1 X53.522 Y170.257 E.01692
G1 X40.073 Y183.706 E.58801
G1 X39.761 Y183.739 E.0097
G1 X39.761 Y183.482 E.00793
G1 X53.533 Y169.71 E.60213
G1 X53.543 Y169.163 E.01692
G1 X39.761 Y182.946 E.60259
G1 X39.761 Y182.409 E.01659
G1 X53.554 Y168.616 E.60305
G1 X53.564 Y168.069 E.01692
G1 X39.761 Y181.873 E.60351
G1 X39.761 Y181.336 E.01659
G1 X53.575 Y167.522 E.60397
G1 X53.586 Y166.975 E.01692
G1 X39.761 Y180.8 E.60443
G1 X39.761 Y180.263 E.01659
G1 X53.596 Y166.428 E.60489
G1 X53.607 Y165.88 E.01692
G1 X39.761 Y179.726 E.60535
G1 X39.761 Y179.19 E.01659
G1 X53.617 Y165.333 E.60581
G1 X53.628 Y164.786 E.01692
G1 X39.761 Y178.653 E.60627
G1 X39.761 Y178.117 E.01659
G1 X53.638 Y164.239 E.60674
G1 X53.649 Y163.692 E.01692
G1 X39.761 Y177.58 E.6072
G1 X39.761 Y177.044 E.01659
G1 X53.653 Y163.151 E.60739
G1 X53.656 Y162.612 E.01667
G1 X39.761 Y176.507 E.6075
G1 X39.761 Y175.971 E.01659
G1 X53.658 Y162.073 E.60762
G1 X53.661 Y161.534 E.01667
G1 X39.761 Y175.434 E.60774
G1 X39.761 Y174.898 E.01659
G1 X53.664 Y160.995 E.60785
G1 X53.666 Y160.455 E.01667
G1 X39.761 Y174.361 E.60797
G1 X39.761 Y173.825 E.01659
G1 X53.669 Y159.916 E.60809
G1 X53.672 Y159.377 E.01667
G1 X39.761 Y173.288 E.6082
G1 X39.761 Y172.752 E.01659
G1 X53.674 Y158.838 E.60832
G1 X53.677 Y158.299 E.01667
G1 X39.761 Y172.215 E.60844
G1 X39.761 Y171.678 E.01659
G1 X53.68 Y157.759 E.60855
G1 X53.682 Y157.22 E.01667
G1 X39.761 Y171.142 E.60867
G1 X39.761 Y170.605 E.01659
G1 X53.685 Y156.681 E.60879
G1 X53.688 Y156.142 E.01667
G1 X39.761 Y170.069 E.6089
G1 X39.761 Y169.532 E.01659
G1 X53.69 Y155.603 E.60902
G1 X53.693 Y155.063 E.01667
G1 X39.761 Y168.996 E.60914
G1 X39.761 Y168.459 E.01659
G1 X53.757 Y154.463 E.61191
G1 X53.852 Y153.832 E.01975
G1 X39.761 Y167.923 E.61608
G1 X39.761 Y167.386 E.01659
G1 X53.947 Y153.2 E.62024
G1 X54.013 Y152.597 E.01874
G1 X39.761 Y166.85 E.62312
G1 X39.761 Y166.313 E.01659
G1 X54.075 Y151.998 E.62585
G1 X54.138 Y151.4 E.01862
G1 X39.761 Y165.777 E.62857
G1 X39.761 Y165.24 E.01659
G1 X54.2 Y150.801 E.6313
G1 X54.262 Y150.202 E.01862
G1 X39.761 Y164.704 E.63403
G1 X39.761 Y164.167 E.01659
G1 X54.325 Y149.603 E.63676
G1 X54.387 Y149.004 E.01862
G1 X39.761 Y163.631 E.63948
G1 X39.761 Y163.094 E.01659
G1 X54.373 Y148.482 E.63884
G1 X54.318 Y148 E.01501
G1 X39.761 Y162.557 E.63648
G1 X39.761 Y162.021 E.01659
G1 X54.264 Y147.517 E.63411
G1 X54.21 Y147.035 E.01501
G1 X39.761 Y161.484 E.63175
G1 X39.761 Y160.948 E.01659
G1 X54.156 Y146.552 E.62938
G1 X54.102 Y146.07 E.01501
G1 X39.761 Y160.411 E.62702
G1 X39.761 Y159.875 E.01659
G1 X54.048 Y145.587 E.62465
G1 X53.994 Y145.105 E.01501
G1 X39.761 Y159.338 E.62229
G1 X39.761 Y158.802 E.01659
G1 X53.94 Y144.623 E.61992
G1 X53.869 Y144.156 E.01457
G1 X39.761 Y158.265 E.61684
G1 X39.761 Y157.729 E.01659
G1 X53.797 Y143.692 E.61368
G1 X53.725 Y143.228 E.01453
G1 X39.761 Y157.192 E.61052
G1 X39.761 Y156.656 E.01659
G1 X53.672 Y142.744 E.60821
G1 X53.668 Y142.212 E.01646
G1 X39.761 Y156.119 E.60802
G1 X39.761 Y155.583 E.01659
G1 X53.663 Y141.68 E.60783
G1 X53.659 Y141.148 E.01646
G1 X39.761 Y155.046 E.60765
G1 X39.761 Y154.509 E.01659
G1 X53.655 Y140.615 E.60746
G1 X53.651 Y140.083 E.01646
G1 X39.761 Y153.973 E.60728
G1 X39.761 Y153.436 E.01659
G1 X53.646 Y139.551 E.60709
G1 X53.642 Y139.018 E.01646
G1 X39.761 Y152.9 E.6069
G1 X39.761 Y152.363 E.01659
G1 X53.638 Y138.486 E.60672
G1 X53.634 Y137.954 E.01646
G1 X39.761 Y151.827 E.60653
G1 X39.761 Y151.29 E.01659
G1 X53.629 Y137.422 E.60635
G1 X53.625 Y136.889 E.01646
G1 X39.761 Y150.754 E.60616
G1 X39.761 Y150.217 E.01659
G1 X53.621 Y136.357 E.60597
G1 X53.617 Y135.825 E.01646
G1 X39.761 Y149.681 E.60579
G1 X39.761 Y149.144 E.01659
G1 X53.612 Y135.293 E.6056
G1 X53.605 Y134.763 E.01637
G1 X39.761 Y148.608 E.6053
G1 X39.761 Y148.071 E.01659
G1 X53.593 Y134.239 E.60475
G1 X53.58 Y133.715 E.0162
G1 X39.761 Y147.535 E.60419
G1 X39.761 Y146.998 E.01659
G1 X53.567 Y133.191 E.60364
G1 X53.555 Y132.667 E.0162
G1 X39.761 Y146.462 E.60309
G1 X39.761 Y145.925 E.01659
G1 X53.542 Y132.143 E.60254
G1 X53.53 Y131.62 E.0162
G1 X39.761 Y145.388 E.60199
G1 X39.761 Y144.852 E.01659
G1 X53.517 Y131.096 E.60143
G1 X53.504 Y130.572 E.0162
G1 X39.761 Y144.315 E.60088
G1 X39.761 Y143.779 E.01659
G1 X53.492 Y130.048 E.60033
G1 X53.479 Y129.524 E.0162
G1 X39.761 Y143.242 E.59978
G1 X39.761 Y142.706 E.01659
G1 X53.466 Y129 E.59922
G1 X53.454 Y128.476 E.0162
G1 X39.761 Y142.169 E.59867
G1 X39.761 Y141.633 E.01659
G1 X53.441 Y127.952 E.59812
G1 X53.429 Y127.428 E.0162
G1 X39.761 Y141.096 E.59757
G1 X39.761 Y140.56 E.01659
G1 X53.416 Y126.904 E.59702
G1 X53.403 Y126.38 E.0162
G1 X39.761 Y140.023 E.59646
G1 X39.761 Y139.487 E.01659
G1 X53.391 Y125.857 E.59591
G1 X53.378 Y125.333 E.0162
G1 X39.761 Y138.95 E.59536
G1 X39.761 Y138.414 E.01659
G1 X53.365 Y124.809 E.59481
G1 X53.353 Y124.285 E.0162
G1 X39.761 Y137.877 E.59426
G1 X39.761 Y137.34 E.01659
G1 X53.34 Y123.761 E.5937
G1 X53.328 Y123.237 E.0162
G1 X39.761 Y136.804 E.59315
G1 X39.761 Y136.267 E.01659
G1 X53.315 Y122.713 E.5926
G1 X53.302 Y122.189 E.0162
G1 X39.761 Y135.731 E.59205
G1 X39.761 Y135.194 E.01659
G1 X53.29 Y121.665 E.59149
G1 X53.277 Y121.141 E.0162
G1 X39.761 Y134.658 E.59094
G1 X39.761 Y134.121 E.01659
G1 X53.264 Y120.618 E.59039
G1 X53.252 Y120.094 E.0162
G1 X39.761 Y133.585 E.58984
G1 X39.761 Y133.048 E.01659
G1 X53.239 Y119.57 E.58929
G1 X53.226 Y119.046 E.0162
G1 X39.761 Y132.512 E.58873
G1 X39.761 Y131.975 E.01659
G1 X53.214 Y118.522 E.58818
G1 X53.201 Y117.998 E.0162
G1 X39.761 Y131.439 E.58763
G1 X39.761 Y130.902 E.01659
G1 X53.189 Y117.474 E.58708
G1 X53.176 Y116.95 E.0162
G1 X39.761 Y130.366 E.58653
G1 X39.761 Y129.829 E.01659
G1 X53.163 Y116.426 E.58597
G1 X53.151 Y115.902 E.0162
G1 X39.761 Y129.293 E.58542
G1 X39.761 Y128.756 E.01659
G1 X53.138 Y115.377 E.58489
G1 X52.66 Y115.32 E.0149
G1 X39.761 Y128.219 E.56395
G1 X39.761 Y127.683 E.01659
G1 X52.18 Y115.263 E.54299
G1 X51.701 Y115.206 E.01493
G1 X39.761 Y127.146 E.52202
G1 X39.761 Y126.61 E.01659
G1 X51.221 Y115.149 E.50106
G1 X50.742 Y115.092 E.01493
G1 X39.761 Y126.073 E.48009
G1 X39.761 Y125.537 E.01659
G1 X50.262 Y115.035 E.45913
G1 X49.783 Y114.978 E.01493
G1 X39.761 Y125 E.43816
G1 X39.761 Y124.464 E.01659
G1 X49.303 Y114.921 E.4172
G1 X48.823 Y114.864 E.01493
G1 X39.761 Y123.927 E.39623
G1 X39.761 Y123.391 E.01659
G1 X48.344 Y114.807 E.37527
G1 X47.864 Y114.75 E.01493
G1 X39.761 Y122.854 E.3543
G1 X39.761 Y122.318 E.01659
G1 X47.385 Y114.693 E.33334
G1 X46.905 Y114.636 E.01493
G1 X39.761 Y121.781 E.31237
G1 X39.761 Y121.245 E.01659
G1 X46.422 Y114.583 E.29124
G1 X45.939 Y114.53 E.01504
G1 X39.761 Y120.708 E.27011
G1 X39.761 Y120.171 E.01659
G1 X45.455 Y114.477 E.24897
G1 X44.972 Y114.424 E.01504
G1 X39.761 Y119.635 E.22783
G1 X39.761 Y119.098 E.01659
G1 X44.488 Y114.371 E.2067
G1 X44.005 Y114.318 E.01504
G1 X39.761 Y118.562 E.18556
G1 X39.761 Y118.025 E.01659
G1 X43.521 Y114.265 E.16442
G1 X43.038 Y114.211 E.01504
G1 X39.761 Y117.489 E.14329
G1 X39.761 Y116.952 E.01659
G1 X42.555 Y114.158 E.12215
G1 X42.071 Y114.105 E.01504
G1 X39.761 Y116.416 E.10101
G1 X39.761 Y115.879 E.01659
G1 X41.588 Y114.052 E.07988
G1 X41.102 Y114.001 E.01508
G1 X39.761 Y115.343 E.05867
G1 X39.761 Y114.806 E.01659
G1 X40.616 Y113.951 E.0374
G1 X40.13 Y113.9 E.01511
G1 X39.591 Y114.439 E.02356
; stop printing object USV 1 e2mm.stl_6_B id:0 copy 0
; printing object "USV 1 e2mm.stl_5" id:1 copy 0
G1 E-.8 F3600
G1 X37.917 Y97.271 F18000
G1 E.8 F3600
M204 S1000
;TYPE:Outer wall
;WIDTH:0.42
G1 F3000
G1 X37.917 Y25.785 E2.19657
G1 X40.269 Y26.027 E.07265
G1 X45.744 Y26.632 E.16924
G1 X50.534 Y27.188 E.14819
G1 X55.315 Y27.774 E.148
G1 X60.084 Y28.401 E.14779
G1 X64.847 Y29.062 E.14775
G1 X69.616 Y29.753 E.14807
G1 X74.386 Y30.474 E.14825
G1 X79.167 Y31.236 E.14875
G1 X84.929 Y32.194 E.17946
G1 X90.679 Y33.204 E.1794
G1 X96.426 Y34.256 E.17952
G1 X102.164 Y35.356 E.17952
G1 X107.862 Y36.509 E.17864
G1 X113.553 Y37.695 E.17862
G1 X119.229 Y38.931 E.17848
G1 X124.908 Y40.219 E.17894
G1 X130.564 Y41.56 E.17862
G1 X136.209 Y42.949 E.17864
G1 X141.858 Y44.391 E.17913
G1 X147.451 Y45.874 E.1778
G1 X153.029 Y47.422 E.17786
G1 X158.632 Y49.036 E.17918
G1 X164.205 Y50.725 E.17893
G1 X169.728 Y52.478 E.17804
G1 X170.884 Y52.886 E.03768
G1 X172.227 Y53.445 E.0447
G1 X174.596 Y54.797 E.08381
G1 X176.557 Y56.656 E.08304
G1 X177.382 Y58.061 E.05007
G1 X178.108 Y61.531 E.10893
G1 X177.999 Y62.045 E.01613
G1 X176.773 Y65.685 E.11802
G1 X176.667 Y66.211 E.01649
G1 X176.558 Y66.399 E.00669
G1 X174.595 Y68.266 E.08323
G1 X173.718 Y68.762 E.03096
G1 F2880
G1 X173.248 Y69.029 E.01661
G1 X172.211 Y69.533 E.03543
G1 F3000
G1 X171.041 Y70.102 E.04
G1 X170.749 Y70.215 E.00962
G1 X164.205 Y72.326 E.21126
G1 X158.632 Y74.015 E.17894
G1 X153.035 Y75.634 E.17902
G1 X147.462 Y77.177 E.17769
G1 X141.87 Y78.672 E.17787
G1 X136.22 Y80.113 E.17915
G1 X130.575 Y81.496 E.17859
G1 X124.919 Y82.836 E.17862
G1 X119.25 Y84.124 E.17861
G1 X113.572 Y85.359 E.17857
G1 X107.885 Y86.542 E.17849
G1 X102.187 Y87.696 E.17862
G1 X96.478 Y88.788 E.17862
G1 X90.758 Y89.84 E.17871
G1 X85.03 Y90.85 E.1787
G1 X79.291 Y91.808 E.17878
G1 X74.51 Y92.57 E.14877
G1 X69.74 Y93.291 E.14823
G1 X64.971 Y93.982 E.14808
G1 X60.2 Y94.639 E.14796
G1 X55.428 Y95.27 E.14793
G1 X50.657 Y95.855 E.14769
G1 X41.045 Y96.949 E.29726
G1 X37.937 Y97.269 E.096
M204 S2000
G1 X38.309 Y96.837 F18000
M204 S1500
;TYPE:Inner wall
;WIDTH:0.45
G1 F4800
G1 X38.309 Y26.22 E2.3425
G1 X40.227 Y26.417 E.06396
G1 X45.699 Y27.022 E.18262
G1 X52.51 Y27.825 E.22749
G1 X52.875 Y46.747 E.6278
G1 X52.918 Y55.422 E.28776
G1 X53.178 Y57.154 E.0581
G1 X53.634 Y61.529 E.14593
G1 X53.155 Y65.801 E.14258
G1 X52.897 Y67.461 E.05574
G1 X52.833 Y75.411 E.26371
G1 X52.355 Y95.252 E.65835
G1 X50.611 Y95.466 E.05827
G1 X41.003 Y96.559 E.32079
G1 X38.329 Y96.835 E.08915
M204 S2000
G1 E-.8 F3600
G1 X172.375 Y68.47 F18000
G1 E.8 F3600
M204 S1500
G1 F4800
G1 X172.395 Y54.603 E.45998
G1 X172.558 Y54.583 E.00548
G1 X172.609 Y54.114 E.01564
G1 X173.457 Y54.598 E.03238
G1 X174.36 Y55.114 E.03452
G1 X176.247 Y56.902 E.08624
G1 X177.011 Y58.204 E.05009
G1 X177.707 Y61.531 E.11273
G1 X177.62 Y61.941 E.01392
G1 X176.394 Y65.583 E.12748
G1 X176.296 Y66.07 E.01646
G1 X176.247 Y66.153 E.00321
G1 X174.36 Y67.948 E.08641
G1 X173.065 Y68.682 E.04935
G1 X172.558 Y68.929 E.01872
G1 X172.504 Y68.487 E.01476
G1 X172.395 Y68.472 E.00366
M204 S2000
G1 X172.392 Y68.598 F18000
M204 S1000
;TYPE:Top surface
;WIDTH:0.42015
G1 F3600
G1 X170.981 Y70.008 E.06132
M204 S2000
G1 X170.168 Y70.288 F18000
M204 S1000
G1 F3600
G1 X172.251 Y68.205 E.09055
M204 S2000
G1 X172.252 Y67.671 F18000
M204 S1000
G1 F3600
G1 X169.38 Y70.542 E.12482
M204 S2000
G1 X168.593 Y70.796 F18000
M204 S1000
G1 F3600
G1 X172.252 Y67.137 E.15909
M204 S2000
G1 X172.253 Y66.602 F18000
M204 S1000
G1 F3600
G1 X167.805 Y71.05 E.19336
M204 S2000
G1 X167.018 Y71.304 F18000
M204 S1000
G1 F3600
G1 X172.254 Y66.068 E.22763
M204 S2000
G1 X172.255 Y65.534 F18000
M204 S1000
G1 F3600
G1 X166.23 Y71.558 E.2619
M204 S2000
G1 X165.442 Y71.812 F18000
M204 S1000
G1 F3600
G1 X172.255 Y65 E.29617
M204 S2000
G1 X172.256 Y64.465 F18000
M204 S1000
G1 F3600
G1 X164.655 Y72.066 E.33044
M204 S2000
G1 X163.876 Y72.312 F18000
M204 S1000
G1 F3600
G1 X172.257 Y63.931 E.36434
M204 S2000
G1 X172.258 Y63.397 F18000
M204 S1000
G1 F3600
G1 X163.11 Y72.544 E.39764
M204 S2000
G1 X162.345 Y72.776 F18000
M204 S1000
G1 F3600
G1 X172.258 Y62.863 E.43095
M204 S2000
G1 X172.259 Y62.328 F18000
M204 S1000
G1 F3600
G1 X161.58 Y73.008 E.46426
M204 S2000
G1 X160.814 Y73.24 F18000
M204 S1000
G1 F3600
G1 X172.26 Y61.794 E.49757
M204 S2000
G1 X172.261 Y61.26 F18000
M204 S1000
G1 F3600
G1 X160.049 Y73.472 E.53088
M204 S2000
G1 X159.283 Y73.704 F18000
M204 S1000
G1 F3600
G1 X172.261 Y60.726 E.56419
M204 S2000
G1 X172.262 Y60.191 F18000
M204 S1000
G1 F3600
G1 X158.519 Y73.934 E.59743
M204 S2000
G1 X157.769 Y74.151 F18000
M204 S1000
G1 F3600
G1 X172.263 Y59.657 E.63009
M204 S2000
G1 X172.264 Y59.123 F18000
M204 S1000
G1 F3600
G1 X157.018 Y74.368 E.66275
M204 S2000
G1 X156.268 Y74.585 F18000
M204 S1000
G1 F3600
G1 X172.264 Y58.589 E.69541
M204 S2000
G1 X172.265 Y58.054 F18000
M204 S1000
G1 F3600
G1 X155.517 Y74.802 E.72806
M204 S2000
G1 X154.767 Y75.019 F18000
M204 S1000
G1 F3600
G1 X172.266 Y57.52 E.76072
M204 S2000
G1 X172.267 Y56.986 F18000
M204 S1000
G1 F3600
G1 X154.016 Y75.236 E.79338
M204 S2000
G1 X153.266 Y75.453 F18000
M204 S1000
G1 F3600
G1 X172.267 Y56.452 E.82604
M204 S2000
G1 X172.268 Y55.917 F18000
M204 S1000
G1 F3600
G1 X152.524 Y75.662 E.85834
M204 S2000
G1 X151.786 Y75.866 F18000
M204 S1000
G1 F3600
G1 X172.269 Y55.383 E.89044
M204 S2000
G1 X172.27 Y54.849 F18000
M204 S1000
G1 F3600
G1 X151.048 Y76.071 E.92255
M204 S2000
G1 X150.31 Y76.275 F18000
M204 S1000
G1 F3600
G1 X172.485 Y54.1 E.96399
M204 S2000
G1 X172.389 Y53.663 F18000
M204 S1000
G1 F3600
G1 X149.572 Y76.479 E.99187
M204 S2000
G1 X148.835 Y76.684 F18000
M204 S1000
G1 F3600
G1 X172.035 Y53.483 E1.00857
M204 S2000
G1 X171.658 Y53.326 F18000
M204 S1000
G1 F3600
G1 X148.097 Y76.888 E1.02426
M204 S2000
G1 X147.36 Y77.091 F18000
M204 S1000
G1 F3600
G1 X171.282 Y53.17 E1.03992
M204 S2000
G1 X170.905 Y53.013 F18000
M204 S1000
G1 F3600
G1 X146.632 Y77.286 E1.05519
M204 S2000
G1 X145.904 Y77.48 F18000
M204 S1000
G1 F3600
G1 X170.513 Y52.871 E1.06982
M204 S2000
G1 X170.119 Y52.732 F18000
M204 S1000
G1 F3600
G1 X145.176 Y77.675 E1.08433
M204 S2000
G1 X144.448 Y77.869 F18000
M204 S1000
G1 F3600
G1 X169.725 Y52.593 E1.09883
M204 S2000
G1 X169.32 Y52.463 F18000
M204 S1000
G1 F3600
G1 X143.72 Y78.064 E1.11291
M204 S2000
G1 X142.992 Y78.259 F18000
M204 S1000
G1 F3600
G1 X168.915 Y52.335 E1.12696
M204 S2000
G1 X168.51 Y52.206 F18000
M204 S1000
G1 F3600
G1 X142.264 Y78.453 E1.141
M204 S2000
G1 X141.541 Y78.643 F18000
M204 S1000
G1 F3600
G1 X168.105 Y52.078 E1.15483
M204 S2000
G1 X167.701 Y51.949 F18000
M204 S1000
G1 F3600
G1 X140.824 Y78.825 E1.16836
M204 S2000
G1 X140.108 Y79.008 F18000
M204 S1000
G1 F3600
G1 X167.296 Y51.821 E1.18189
M204 S2000
G1 X166.891 Y51.692 F18000
M204 S1000
G1 F3600
G1 X139.392 Y79.191 E1.19542
M204 S2000
G1 X138.676 Y79.374 F18000
M204 S1000
G1 F3600
G1 X166.486 Y51.564 E1.20896
M204 S2000
G1 X166.081 Y51.435 F18000
M204 S1000
G1 F3600
G1 X137.959 Y79.556 E1.22249
M204 S2000
G1 X137.243 Y79.739 F18000
M204 S1000
G1 F3600
G1 X165.676 Y51.307 E1.23602
M204 S2000
G1 X165.271 Y51.178 F18000
M204 S1000
G1 F3600
G1 X136.527 Y79.922 E1.24955
M204 S2000
G1 X135.816 Y80.1 F18000
M204 S1000
G1 F3600
G1 X164.866 Y51.05 E1.26285
M204 S2000
G1 X164.461 Y50.921 F18000
M204 S1000
G1 F3600
G1 X135.109 Y80.273 E1.27596
M204 S2000
G1 X134.403 Y80.446 F18000
M204 S1000
G1 F3600
G1 X164.054 Y50.794 E1.28902
M204 S2000
G1 X163.645 Y50.67 F18000
M204 S1000
G1 F3600
G1 X133.696 Y80.619 E1.30193
M204 S2000
G1 X132.99 Y80.792 F18000
M204 S1000
G1 F3600
G1 X163.236 Y50.546 E1.31485
M204 S2000
G1 X162.826 Y50.422 F18000
M204 S1000
G1 F3600
G1 X132.283 Y80.965 E1.32777
M204 S2000
G1 X131.577 Y81.138 F18000
M204 S1000
G1 F3600
G1 X162.417 Y50.298 E1.34068
M204 S2000
G1 X162.008 Y50.174 F18000
M204 S1000
G1 F3600
G1 X130.87 Y81.311 E1.3536
M204 S2000
G1 X130.168 Y81.48 F18000
M204 S1000
G1 F3600
G1 X161.598 Y50.05 E1.36634
M204 S2000
G1 X161.189 Y49.925 F18000
M204 S1000
G1 F3600
G1 X129.469 Y81.645 E1.37894
M204 S2000
G1 X128.769 Y81.811 F18000
M204 S1000
G1 F3600
G1 X160.779 Y49.801 E1.39154
M204 S2000
G1 X160.37 Y49.677 F18000
M204 S1000
G1 F3600
G1 X128.07 Y81.977 E1.40414
M204 S2000
G1 X127.371 Y82.143 F18000
M204 S1000
G1 F3600
G1 X159.961 Y49.553 E1.41674
M204 S2000
G1 X159.551 Y49.429 F18000
M204 S1000
G1 F3600
G1 X126.672 Y82.308 E1.42933
M204 S2000
G1 X125.973 Y82.474 F18000
M204 S1000
G1 F3600
G1 X159.142 Y49.305 E1.44193
M204 S2000
G1 X158.732 Y49.181 F18000
M204 S1000
G1 F3600
G1 X125.274 Y82.64 E1.45453
M204 S2000
G1 X124.578 Y82.801 F18000
M204 S1000
G1 F3600
G1 X158.32 Y49.06 E1.46681
M204 S2000
G1 X157.906 Y48.941 F18000
M204 S1000
G1 F3600
G1 X123.888 Y82.958 E1.47881
M204 S2000
G1 X123.198 Y83.115 F18000
M204 S1000
G1 F3600
G1 X157.491 Y48.821 E1.49082
M204 S2000
G1 X157.077 Y48.702 F18000
M204 S1000
G1 F3600
G1 X122.508 Y83.272 E1.50282
M204 S2000
G1 X121.817 Y83.429 F18000
M204 S1000
G1 F3600
G1 X156.663 Y48.583 E1.51483
M204 S2000
G1 X156.249 Y48.463 F18000
M204 S1000
G1 F3600
G1 X121.127 Y83.585 E1.52683
M204 S2000
G1 X120.437 Y83.742 F18000
M204 S1000
G1 F3600
G1 X155.835 Y48.344 E1.53883
M204 S2000
G1 X155.421 Y48.225 F18000
M204 S1000
G1 F3600
G1 X119.746 Y83.899 E1.55084
M204 S2000
G1 X119.058 Y84.054 F18000
M204 S1000
G1 F3600
G1 X155.006 Y48.105 E1.56275
M204 S2000
G1 X154.592 Y47.986 F18000
M204 S1000
G1 F3600
G1 X118.376 Y84.202 E1.57439
M204 S2000
G1 X117.694 Y84.35 F18000
M204 S1000
G1 F3600
G1 X154.178 Y47.867 E1.58602
M204 S2000
G1 X153.764 Y47.747 F18000
M204 S1000
G1 F3600
G1 X117.013 Y84.499 E1.59766
M204 S2000
G1 X116.331 Y84.647 F18000
M204 S1000
G1 F3600
G1 X153.35 Y47.628 E1.6093
M204 S2000
G1 X152.935 Y47.509 F18000
M204 S1000
G1 F3600
G1 X115.649 Y84.796 E1.62091
M204 S2000
G1 X114.967 Y84.944 F18000
M204 S1000
G1 F3600
G1 X152.517 Y47.394 E1.6324
M204 S2000
G1 X152.1 Y47.278 F18000
M204 S1000
G1 F3600
G1 X114.285 Y85.092 E1.64388
M204 S2000
G1 X113.603 Y85.241 F18000
M204 S1000
G1 F3600
G1 X151.682 Y47.162 E1.65537
M204 S2000
G1 X151.265 Y47.046 F18000
M204 S1000
G1 F3600
G1 X112.929 Y85.381 E1.66653
M204 S2000
G1 X112.256 Y85.521 F18000
M204 S1000
G1 F3600
G1 X150.847 Y46.93 E1.67765
M204 S2000
G1 X150.429 Y46.814 F18000
M204 S1000
G1 F3600
G1 X111.582 Y85.662 E1.68878
M204 S2000
G1 X110.908 Y85.802 F18000
M204 S1000
G1 F3600
G1 X150.012 Y46.698 E1.6999
M204 S2000
G1 X149.594 Y46.583 F18000
M204 S1000
G1 F3600
G1 X110.235 Y85.942 E1.71103
M204 S2000
G1 X109.561 Y86.082 F18000
M204 S1000
G1 F3600
G1 X149.176 Y46.467 E1.72215
M204 S2000
G1 X148.759 Y46.351 F18000
M204 S1000
G1 F3600
G1 X108.888 Y86.222 E1.73328
M204 S2000
G1 X108.214 Y86.362 F18000
M204 S1000
G1 F3600
G1 X148.341 Y46.235 E1.7444
M204 S2000
G1 X147.924 Y46.119 F18000
M204 S1000
G1 F3600
G1 X107.543 Y86.5 E1.75543
M204 S2000
G1 X106.874 Y86.635 F18000
M204 S1000
G1 F3600
G1 X147.506 Y46.003 E1.76636
M204 S2000
G1 X147.085 Y45.891 F18000
M204 S1000
G1 F3600
G1 X106.205 Y86.771 E1.77714
M204 S2000
G1 X105.536 Y86.906 F18000
M204 S1000
G1 F3600
G1 X146.663 Y45.779 E1.78789
M204 S2000
G1 X146.242 Y45.667 F18000
M204 S1000
G1 F3600
G1 X104.867 Y87.042 E1.79864
M204 S2000
G1 X104.198 Y87.177 F18000
M204 S1000
G1 F3600
G1 X145.82 Y45.555 E1.80939
M204 S2000
G1 X145.399 Y45.443 F18000
M204 S1000
G1 F3600
G1 X103.529 Y87.312 E1.82014
M204 S2000
G1 X102.86 Y87.448 F18000
M204 S1000
G1 F3600
G1 X144.977 Y45.331 E1.83089
M204 S2000
G1 X144.555 Y45.22 F18000
M204 S1000
G1 F3600
G1 X102.191 Y87.583 E1.84164
M204 S2000
G1 X101.531 Y87.71 F18000
M204 S1000
G1 F3600
G1 X144.134 Y45.108 E1.85201
M204 S2000
G1 X143.712 Y44.996 F18000
M204 S1000
G1 F3600
G1 X100.872 Y87.836 E1.86236
M204 S2000
G1 X100.212 Y87.962 F18000
M204 S1000
G1 F3600
G1 X143.29 Y44.884 E1.87271
M204 S2000
G1 X142.869 Y44.772 F18000
M204 S1000
G1 F3600
G1 X99.552 Y88.089 E1.88306
M204 S2000
G1 X98.892 Y88.215 F18000
M204 S1000
G1 F3600
G1 X142.447 Y44.66 E1.89341
M204 S2000
G1 X142.025 Y44.549 F18000
M204 S1000
G1 F3600
G1 X98.233 Y88.341 E1.90376
M204 S2000
G1 X97.573 Y88.467 F18000
M204 S1000
G1 F3600
G1 X141.602 Y44.439 E1.91403
M204 S2000
G1 X141.177 Y44.33 F18000
M204 S1000
G1 F3600
G1 X96.913 Y88.594 E1.92424
M204 S2000
G1 X96.255 Y88.718 F18000
M204 S1000
G1 F3600
G1 X140.752 Y44.222 E1.93436
M204 S2000
G1 X140.327 Y44.113 F18000
M204 S1000
G1 F3600
G1 X95.602 Y88.838 E1.9443
M204 S2000
G1 X94.948 Y88.958 F18000
M204 S1000
G1 F3600
G1 X139.902 Y44.005 E1.95424
M204 S2000
G1 X139.477 Y43.896 F18000
M204 S1000
G1 F3600
G1 X94.294 Y89.079 E1.96418
M204 S2000
G1 X93.641 Y89.199 F18000
M204 S1000
G1 F3600
G1 X139.052 Y43.788 E1.97412
M204 S2000
G1 X138.627 Y43.679 F18000
M204 S1000
G1 F3600
G1 X92.987 Y89.319 E1.98406
M204 S2000
G1 X92.333 Y89.439 F18000
M204 S1000
G1 F3600
G1 X138.202 Y43.571 E1.994
M204 S2000
G1 X137.777 Y43.462 F18000
M204 S1000
G1 F3600
G1 X91.68 Y89.559 E2.00394
M204 S2000
G1 X91.026 Y89.68 F18000
M204 S1000
G1 F3600
G1 X137.352 Y43.354 E2.01388
M204 S2000
G1 X136.927 Y43.245 F18000
M204 S1000
G1 F3600
G1 X90.376 Y89.796 E2.02367
M204 S2000
G1 X89.728 Y89.911 F18000
M204 S1000
G1 F3600
G1 X136.502 Y43.137 E2.03335
M204 S2000
G1 X136.076 Y43.029 F18000
M204 S1000
G1 F3600
G1 X89.08 Y90.025 E2.043
M204 S2000
G1 X88.433 Y90.139 F18000
M204 S1000
G1 F3600
G1 X135.648 Y42.924 E2.05254
M204 S2000
G1 X135.22 Y42.819 F18000
M204 S1000
G1 F3600
G1 X87.785 Y90.253 E2.06209
M204 S2000
G1 X87.137 Y90.367 F18000
M204 S1000
G1 F3600
G1 X134.792 Y42.713 E2.07163
M204 S2000
G1 X134.363 Y42.608 F18000
M204 S1000
G1 F3600
G1 X86.49 Y90.481 E2.08118
M204 S2000
G1 X85.842 Y90.596 F18000
M204 S1000
G1 F3600
G1 X133.935 Y42.502 E2.09072
M204 S2000
G1 X133.507 Y42.397 F18000
M204 S1000
G1 F3600
G1 X85.194 Y90.71 E2.10027
M204 S2000
G1 X84.552 Y90.819 F18000
M204 S1000
G1 F3600
G1 X133.079 Y42.292 E2.10958
M204 S2000
G1 X132.651 Y42.186 F18000
M204 S1000
G1 F3600
G1 X83.912 Y90.926 E2.11881
M204 S2000
G1 X83.271 Y91.032 F18000
M204 S1000
G1 F3600
G1 X132.223 Y42.081 E2.12803
M204 S2000
G1 X131.795 Y41.976 F18000
M204 S1000
G1 F3600
G1 X82.631 Y91.139 E2.13726
M204 S2000
G1 X81.991 Y91.246 F18000
M204 S1000
G1 F3600
G1 X131.367 Y41.87 E2.14649
M204 S2000
G1 X130.939 Y41.765 F18000
M204 S1000
G1 F3600
G1 X81.35 Y91.353 E2.15571
M204 S2000
G1 X80.71 Y91.46 F18000
M204 S1000
G1 F3600
G1 X130.51 Y41.66 E2.16493
M204 S2000
G1 X130.079 Y41.557 F18000
M204 S1000
G1 F3600
G1 X80.07 Y91.567 E2.17402
M204 S2000
G1 X79.429 Y91.674 F18000
M204 S1000
G1 F3600
G1 X129.648 Y41.455 E2.18311
M204 S2000
G1 X129.216 Y41.353 F18000
M204 S1000
G1 F3600
G1 X78.793 Y91.776 E2.19201
M204 S2000
G1 X78.158 Y91.878 F18000
M204 S1000
G1 F3600
G1 X128.785 Y41.251 E2.20086
M204 S2000
G1 X128.354 Y41.149 F18000
M204 S1000
G1 F3600
G1 X77.524 Y91.979 E2.2097
M204 S2000
G1 X76.889 Y92.08 F18000
M204 S1000
G1 F3600
G1 X127.923 Y41.046 E2.21855
M204 S2000
G1 X127.491 Y40.944 F18000
M204 S1000
G1 F3600
G1 X76.254 Y92.181 E2.22739
M204 S2000
G1 X75.619 Y92.283 F18000
M204 S1000
G1 F3600
G1 X127.06 Y40.842 E2.23624
M204 S2000
G1 X126.629 Y40.74 F18000
M204 S1000
G1 F3600
G1 X74.985 Y92.384 E2.24508
M204 S2000
G1 X74.351 Y92.484 F18000
M204 S1000
G1 F3600
G1 X126.198 Y40.637 E2.25387
M204 S2000
G1 X125.766 Y40.535 F18000
M204 S1000
G1 F3600
G1 X73.723 Y92.579 E2.26244
M204 S2000
G1 X73.094 Y92.674 F18000
M204 S1000
G1 F3600
G1 X125.335 Y40.433 E2.27101
M204 S2000
G1 X124.904 Y40.331 F18000
M204 S1000
G1 F3600
G1 X72.466 Y92.769 E2.27958
M204 S2000
G1 X71.838 Y92.864 F18000
M204 S1000
G1 F3600
G1 X124.469 Y40.232 E2.28801
M204 S2000
G1 X124.034 Y40.133 F18000
M204 S1000
G1 F3600
G1 X71.209 Y92.958 E2.29642
M204 S2000
G1 X70.581 Y93.053 F18000
M204 S1000
G1 F3600
G1 X123.599 Y40.035 E2.30484
M204 S2000
G1 X123.165 Y39.936 F18000
M204 S1000
G1 F3600
G1 X69.952 Y93.148 E2.31326
M204 S2000
G1 X69.327 Y93.24 F18000
M204 S1000
G1 F3600
G1 X122.73 Y39.837 E2.32155
M204 S2000
G1 X122.295 Y39.739 F18000
M204 S1000
G1 F3600
G1 X68.703 Y93.331 E2.32976
M204 S2000
G1 X68.079 Y93.421 F18000
M204 S1000
G1 F3600
G1 X121.86 Y39.64 E2.33798
M204 S2000
G1 X121.425 Y39.541 F18000
M204 S1000
G1 F3600
G1 X67.455 Y93.512 E2.3462
M204 S2000
G1 X66.831 Y93.602 F18000
M204 S1000
G1 F3600
G1 X120.99 Y39.443 E2.35442
M204 S2000
G1 X120.556 Y39.344 F18000
M204 S1000
G1 F3600
G1 X66.207 Y93.692 E2.36263
M204 S2000
G1 X65.584 Y93.783 F18000
M204 S1000
G1 F3600
G1 X120.121 Y39.245 E2.37085
M204 S2000
G1 X119.686 Y39.147 F18000
M204 S1000
G1 F3600
G1 X64.96 Y93.873 E2.37907
M204 S2000
G1 X64.341 Y93.958 F18000
M204 S1000
G1 F3600
G1 X119.251 Y39.048 E2.38706
M204 S2000
G1 X118.813 Y38.952 F18000
M204 S1000
G1 F3600
G1 X63.722 Y94.043 E2.39493
M204 S2000
G1 X63.104 Y94.129 F18000
M204 S1000
G1 F3600
G1 X118.375 Y38.857 E2.40277
M204 S2000
G1 X117.937 Y38.762 F18000
M204 S1000
G1 F3600
G1 X62.485 Y94.214 E2.41062
M204 S2000
G1 X61.866 Y94.299 F18000
M204 S1000
G1 F3600
G1 X117.499 Y38.666 E2.41847
M204 S2000
G1 X117.061 Y38.571 F18000
M204 S1000
G1 F3600
G1 X61.248 Y94.384 E2.42632
M204 S2000
G1 X60.629 Y94.469 F18000
M204 S1000
G1 F3600
G1 X116.623 Y38.475 E2.43417
M204 S2000
G1 X116.185 Y38.38 F18000
M204 S1000
G1 F3600
G1 X60.012 Y94.553 E2.44197
M204 S2000
G1 X59.397 Y94.635 F18000
M204 S1000
G1 F3600
G1 X115.747 Y38.285 E2.44965
M204 S2000
G1 X115.309 Y38.189 F18000
M204 S1000
G1 F3600
G1 X58.782 Y94.716 E2.45733
M204 S2000
G1 X58.167 Y94.797 F18000
M204 S1000
G1 F3600
G1 X114.87 Y38.094 E2.46501
M204 S2000
G1 X114.432 Y37.999 F18000
M204 S1000
G1 F3600
G1 X57.553 Y94.878 E2.47269
M204 S2000
G1 X56.938 Y94.96 F18000
M204 S1000
G1 F3600
G1 X113.994 Y37.903 E2.48037
M204 S2000
G1 X113.556 Y37.808 F18000
M204 S1000
G1 F3600
G1 X56.323 Y95.041 E2.48805
M204 S2000
G1 X55.708 Y95.122 F18000
M204 S1000
G1 F3600
G1 X113.115 Y37.716 E2.49559
M204 S2000
G1 X112.674 Y37.623 F18000
M204 S1000
G1 F3600
G1 X55.097 Y95.2 E2.50297
M204 S2000
G1 X54.489 Y95.275 F18000
M204 S1000
G1 F3600
G1 X112.232 Y37.531 E2.51022
M204 S2000
G1 X111.791 Y37.439 F18000
M204 S1000
G1 F3600
G1 X53.881 Y95.349 E2.51747
M204 S2000
G1 X53.273 Y95.424 F18000
M204 S1000
G1 F3600
G1 X111.349 Y37.347 E2.52472
M204 S2000
G1 X110.908 Y37.255 F18000
M204 S1000
G1 F3600
G1 X52.664 Y95.499 E2.53197
M204 S2000
G1 X52.482 Y95.148 F18000
M204 S1000
G1 F3600
G1 X110.466 Y37.163 E2.52072
M204 S2000
G1 X110.025 Y37.071 F18000
M204 S1000
G1 F3600
G1 X52.495 Y94.601 E2.50096
M204 S2000
G1 X52.508 Y94.055 F18000
M204 S1000
G1 F3600
G1 X109.583 Y36.979 E2.4812
M204 S2000
G1 X109.142 Y36.887 F18000
M204 S1000
G1 F3600
G1 X52.521 Y93.508 E2.46143
M204 S2000
G1 X52.534 Y92.961 F18000
M204 S1000
G1 F3600
G1 X108.701 Y36.795 E2.44167
M204 S2000
G1 X108.259 Y36.703 F18000
M204 S1000
G1 F3600
G1 X52.548 Y92.415 E2.42191
M204 S2000
G1 X52.561 Y91.868 F18000
M204 S1000
G1 F3600
G1 X107.818 Y36.611 E2.40214
M204 S2000
G1 X107.374 Y36.521 F18000
M204 S1000
G1 F3600
G1 X52.574 Y91.321 E2.38228
M204 S2000
G1 X52.587 Y90.775 F18000
M204 S1000
G1 F3600
G1 X106.93 Y36.432 E2.36241
M204 S2000
G1 X106.486 Y36.342 F18000
M204 S1000
G1 F3600
G1 X52.6 Y90.228 E2.34255
M204 S2000
G1 X52.613 Y89.681 F18000
M204 S1000
G1 F3600
G1 X106.043 Y36.252 E2.32269
M204 S2000
G1 X105.599 Y36.162 F18000
M204 S1000
G1 F3600
G1 X52.627 Y89.135 E2.30283
M204 S2000
G1 X52.64 Y88.588 F18000
M204 S1000
G1 F3600
G1 X105.155 Y36.072 E2.28296
M204 S2000
G1 X104.712 Y35.983 F18000
M204 S1000
G1 F3600
G1 X52.653 Y88.041 E2.2631
M204 S2000
G1 X52.666 Y87.495 F18000
M204 S1000
G1 F3600
G1 X104.268 Y35.893 E2.24324
M204 S2000
G1 X103.824 Y35.803 F18000
M204 S1000
G1 F3600
G1 X52.679 Y86.948 E2.22338
M204 S2000
G1 X52.692 Y86.401 F18000
M204 S1000
G1 F3600
G1 X103.38 Y35.713 E2.20351
M204 S2000
G1 X102.937 Y35.624 F18000
M204 S1000
G1 F3600
G1 X52.706 Y85.855 E2.18365
M204 S2000
G1 X52.719 Y85.308 F18000
M204 S1000
G1 F3600
G1 X102.493 Y35.534 E2.16379
M204 S2000
G1 X102.048 Y35.445 F18000
M204 S1000
G1 F3600
G1 X52.732 Y84.761 E2.14389
M204 S2000
G1 X52.745 Y84.215 F18000
M204 S1000
G1 F3600
G1 X101.601 Y35.359 E2.12385
M204 S2000
G1 X101.153 Y35.273 F18000
M204 S1000
G1 F3600
G1 X52.758 Y83.668 E2.10382
M204 S2000
G1 X52.772 Y83.121 F18000
M204 S1000
G1 F3600
G1 X100.705 Y35.188 E2.08378
M204 S2000
G1 X100.258 Y35.102 F18000
M204 S1000
G1 F3600
G1 X52.785 Y82.575 E2.06375
M204 S2000
G1 X52.798 Y82.028 F18000
M204 S1000
G1 F3600
G1 X99.81 Y35.016 E2.04371
M204 S2000
G1 X99.362 Y34.93 F18000
M204 S1000
G1 F3600
G1 X52.811 Y81.481 E2.02368
M204 S2000
G1 X52.824 Y80.935 F18000
M204 S1000
G1 F3600
G1 X98.915 Y34.844 E2.00364
M204 S2000
G1 X98.467 Y34.759 F18000
M204 S1000
G1 F3600
G1 X52.837 Y80.388 E1.98361
M204 S2000
G1 X52.851 Y79.841 F18000
M204 S1000
G1 F3600
G1 X98.019 Y34.673 E1.96357
M204 S2000
G1 X97.571 Y34.587 F18000
M204 S1000
G1 F3600
G1 X52.864 Y79.295 E1.94354
M204 S2000
G1 X52.877 Y78.748 F18000
M204 S1000
G1 F3600
G1 X97.124 Y34.501 E1.9235
M204 S2000
G1 X96.676 Y34.415 F18000
M204 S1000
G1 F3600
G1 X52.89 Y78.201 E1.90347
M204 S2000
G1 X52.903 Y77.655 F18000
M204 S1000
G1 F3600
G1 X96.227 Y34.331 E1.88338
M204 S2000
G1 X95.776 Y34.248 F18000
M204 S1000
G1 F3600
G1 X52.917 Y77.108 E1.8632
M204 S2000
G1 X52.93 Y76.561 F18000
M204 S1000
G1 F3600
G1 X95.325 Y34.166 E1.84302
M204 S2000
G1 X94.874 Y34.083 F18000
M204 S1000
G1 F3600
G1 X52.943 Y76.015 E1.82285
M204 S2000
G1 X52.956 Y75.468 F18000
M204 S1000
G1 F3600
G1 X94.423 Y34.001 E1.80267
M204 S2000
G1 X93.972 Y33.918 F18000
M204 S1000
G1 F3600
G1 X52.961 Y74.929 E1.78284
M204 S2000
G1 X52.966 Y74.392 F18000
M204 S1000
G1 F3600
G1 X93.521 Y33.836 E1.76305
M204 S2000
G1 X93.07 Y33.753 F18000
M204 S1000
G1 F3600
G1 X52.97 Y73.854 E1.74326
M204 S2000
G1 X52.974 Y73.316 F18000
M204 S1000
G1 F3600
G1 X92.619 Y33.671 E1.72347
M204 S2000
G1 X92.168 Y33.588 F18000
M204 S1000
G1 F3600
G1 X52.978 Y72.778 E1.70368
M204 S2000
G1 X52.983 Y72.241 F18000
M204 S1000
G1 F3600
G1 X91.718 Y33.506 E1.68389
M204 S2000
G1 X91.267 Y33.423 F18000
M204 S1000
G1 F3600
G1 X52.987 Y71.703 E1.66409
M204 S2000
G1 X52.991 Y71.165 F18000
M204 S1000
G1 F3600
G1 X90.816 Y33.341 E1.6443
M204 S2000
G1 X90.363 Y33.26 F18000
M204 S1000
G1 F3600
G1 X52.996 Y70.627 E1.62443
M204 S2000
G1 X53 Y70.089 F18000
M204 S1000
G1 F3600
G1 X89.909 Y33.18 E1.60452
M204 S2000
G1 X89.455 Y33.1 F18000
M204 S1000
G1 F3600
G1 X53.004 Y69.552 E1.58461
M204 S2000
G1 X53.009 Y69.014 F18000
M204 S1000
G1 F3600
G1 X89.002 Y33.021 E1.5647
M204 S2000
G1 X88.548 Y32.941 F18000
M204 S1000
G1 F3600
G1 X53.013 Y68.476 E1.54479
M204 S2000
G1 X53.017 Y67.938 F18000
M204 S1000
G1 F3600
G1 X88.094 Y32.861 E1.52487
M204 S2000
G1 X87.64 Y32.781 F18000
M204 S1000
G1 F3600
G1 X53.034 Y67.388 E1.50442
M204 S2000
G1 X53.132 Y66.756 F18000
M204 S1000
G1 F3600
G1 X87.187 Y32.702 E1.48042
M204 S2000
G1 X86.733 Y32.622 F18000
M204 S1000
G1 F3600
G1 X53.231 Y66.124 E1.45641
M204 S2000
G1 X53.313 Y65.508 F18000
M204 S1000
G1 F3600
G1 X86.279 Y32.542 E1.43311
M204 S2000
G1 X85.825 Y32.463 F18000
M204 S1000
G1 F3600
G1 X53.381 Y64.907 E1.41045
M204 S2000
G1 X53.448 Y64.307 F18000
M204 S1000
G1 F3600
G1 X85.372 Y32.383 E1.3878
M204 S2000
G1 X84.918 Y32.303 F18000
M204 S1000
G1 F3600
G1 X53.515 Y63.706 E1.36514
M204 S2000
G1 X53.583 Y63.105 F18000
M204 S1000
G1 F3600
G1 X84.461 Y32.227 E1.34233
M204 S2000
G1 X84.003 Y32.151 F18000
M204 S1000
G1 F3600
G1 X53.65 Y62.504 E1.31952
M204 S2000
G1 X53.717 Y61.903 F18000
M204 S1000
G1 F3600
G1 X83.546 Y32.075 E1.2967
M204 S2000
G1 X83.088 Y31.999 F18000
M204 S1000
G1 F3600
G1 X53.74 Y61.347 E1.27583
M204 S2000
G1 X53.69 Y60.864 F18000
M204 S1000
G1 F3600
G1 X82.631 Y31.923 E1.25813
M204 S2000
G1 X82.173 Y31.847 F18000
M204 S1000
G1 F3600
G1 X53.64 Y60.381 E1.24043
M204 S2000
G1 X53.589 Y59.897 F18000
M204 S1000
G1 F3600
G1 X81.716 Y31.771 E1.22273
M204 S2000
G1 X81.259 Y31.695 F18000
M204 S1000
G1 F3600
G1 X53.539 Y59.414 E1.20503
M204 S2000
G1 X53.489 Y58.931 F18000
M204 S1000
G1 F3600
G1 X80.801 Y31.619 E1.18733
M204 S2000
G1 X80.344 Y31.543 F18000
M204 S1000
G1 F3600
G1 X53.438 Y58.448 E1.16963
M204 S2000
G1 X53.388 Y57.965 F18000
M204 S1000
G1 F3600
G1 X79.886 Y31.466 E1.15194
M204 S2000
G1 X79.429 Y31.39 F18000
M204 S1000
G1 F3600
G1 X53.338 Y57.482 E1.13424
M204 S2000
G1 X53.282 Y57.004 F18000
M204 S1000
G1 F3600
G1 X78.97 Y31.315 E1.11674
M204 S2000
G1 X78.51 Y31.242 F18000
M204 S1000
G1 F3600
G1 X53.212 Y56.54 E1.09977
M204 S2000
G1 X53.142 Y56.077 F18000
M204 S1000
G1 F3600
G1 X78.05 Y31.169 E1.0828
M204 S2000
G1 X77.59 Y31.095 F18000
M204 S1000
G1 F3600
G1 X53.072 Y55.613 E1.06583
M204 S2000
G1 X53.04 Y55.111 F18000
M204 S1000
G1 F3600
G1 X77.13 Y31.022 E1.04721
M204 S2000
G1 X76.669 Y30.949 F18000
M204 S1000
G1 F3600
G1 X53.038 Y54.58 E1.02732
M204 S2000
G1 X53.035 Y54.05 F18000
M204 S1000
G1 F3600
G1 X76.209 Y30.876 E1.00743
M204 S2000
G1 X75.749 Y30.802 F18000
M204 S1000
G1 F3600
G1 X53.033 Y53.519 E.98754
M204 S2000
G1 X53.03 Y52.988 F18000
M204 S1000
G1 F3600
G1 X75.289 Y30.729 E.96765
M204 S2000
G1 X74.829 Y30.656 F18000
M204 S1000
G1 F3600
G1 X53.027 Y52.457 E.94776
M204 S2000
G1 X53.025 Y51.926 F18000
M204 S1000
G1 F3600
G1 X74.369 Y30.582 E.92787
M204 S2000
G1 X73.905 Y30.512 F18000
M204 S1000
G1 F3600
G1 X53.022 Y51.395 E.90783
M204 S2000
G1 X53.019 Y50.864 F18000
M204 S1000
G1 F3600
G1 X73.442 Y30.442 E.8878
M204 S2000
G1 X72.978 Y30.372 F18000
M204 S1000
G1 F3600
G1 X53.017 Y50.334 E.86777
M204 S2000
G1 X53.014 Y49.803 F18000
M204 S1000
G1 F3600
G1 X72.515 Y30.302 E.84773
M204 S2000
G1 X72.051 Y30.232 F18000
M204 S1000
G1 F3600
G1 X53.012 Y49.272 E.8277
M204 S2000
G1 X53.009 Y48.741 F18000
M204 S1000
G1 F3600
G1 X71.588 Y30.162 E.80767
M204 S2000
G1 X71.124 Y30.092 F18000
M204 S1000
G1 F3600
G1 X53.006 Y48.21 E.78763
M204 S2000
G1 X53.004 Y47.679 F18000
M204 S1000
G1 F3600
G1 X70.661 Y30.022 E.7676
M204 S2000
G1 X70.198 Y29.952 F18000
M204 S1000
G1 F3600
G1 X53.001 Y47.148 E.74756
M204 S2000
G1 X52.997 Y46.619 F18000
M204 S1000
G1 F3600
G1 X69.734 Y29.882 E.72761
M204 S2000
G1 X69.269 Y29.814 F18000
M204 S1000
G1 F3600
G1 X52.987 Y46.096 E.70783
M204 S2000
G1 X52.977 Y45.573 F18000
M204 S1000
G1 F3600
G1 X68.803 Y29.746 E.68801
M204 S2000
G1 X68.337 Y29.679 F18000
M204 S1000
G1 F3600
G1 X52.966 Y45.049 E.66819
M204 S2000
G1 X52.956 Y44.526 F18000
M204 S1000
G1 F3600
G1 X67.871 Y29.611 E.64838
M204 S2000
G1 X67.405 Y29.543 F18000
M204 S1000
G1 F3600
G1 X52.946 Y44.002 E.62856
M204 S2000
G1 X52.936 Y43.479 F18000
M204 S1000
G1 F3600
G1 X66.939 Y29.476 E.60875
M204 S2000
G1 X66.473 Y29.408 F18000
M204 S1000
G1 F3600
G1 X52.926 Y42.956 E.58893
M204 S2000
G1 X52.916 Y42.432 F18000
M204 S1000
G1 F3600
G1 X66.008 Y29.341 E.56912
M204 S2000
G1 X65.542 Y29.273 F18000
M204 S1000
G1 F3600
G1 X52.906 Y41.909 E.5493
M204 S2000
G1 X52.896 Y41.385 F18000
M204 S1000
G1 F3600
G1 X65.076 Y29.205 E.52949
M204 S2000
G1 X64.609 Y29.139 F18000
M204 S1000
G1 F3600
G1 X52.886 Y40.862 E.50962
M204 S2000
G1 X52.876 Y40.339 F18000
M204 S1000
G1 F3600
G1 X64.14 Y29.074 E.48969
M204 S2000
G1 X63.672 Y29.009 F18000
M204 S1000
G1 F3600
G1 X52.866 Y39.815 E.46976
M204 S2000
G1 X52.855 Y39.292 F18000
M204 S1000
G1 F3600
G1 X63.203 Y28.944 E.44984
M204 S2000
G1 X62.735 Y28.879 F18000
M204 S1000
G1 F3600
G1 X52.845 Y38.768 E.42991
M204 S2000
G1 X52.835 Y38.245 F18000
M204 S1000
G1 F3600
G1 X62.266 Y28.814 E.40998
M204 S2000
G1 X61.798 Y28.749 F18000
M204 S1000
G1 F3600
G1 X52.825 Y37.722 E.39005
M204 S2000
G1 X52.815 Y37.198 F18000
M204 S1000
G1 F3600
G1 X61.329 Y28.684 E.37013
M204 S2000
G1 X60.861 Y28.619 F18000
M204 S1000
G1 F3600
G1 X52.805 Y36.675 E.3502
M204 S2000
G1 X52.795 Y36.151 F18000
M204 S1000
G1 F3600
G1 X60.392 Y28.554 E.33027
M204 S2000
G1 X59.923 Y28.49 F18000
M204 S1000
G1 F3600
G1 X52.785 Y35.628 E.3103
M204 S2000
G1 X52.775 Y35.105 F18000
M204 S1000
G1 F3600
G1 X59.451 Y28.428 E.29024
M204 S2000
G1 X58.98 Y28.366 F18000
M204 S1000
G1 F3600
G1 X52.765 Y34.581 E.27018
M204 S2000
G1 X52.755 Y34.058 F18000
M204 S1000
G1 F3600
G1 X58.508 Y28.304 E.25012
M204 S2000
G1 X58.037 Y28.242 F18000
M204 S1000
G1 F3600
G1 X52.745 Y33.534 E.23006
M204 S2000
G1 X52.734 Y33.011 F18000
M204 S1000
G1 F3600
G1 X57.565 Y28.18 E.21001
M204 S2000
G1 X57.094 Y28.118 F18000
M204 S1000
G1 F3600
G1 X52.724 Y32.488 E.18995
M204 S2000
G1 X52.714 Y31.964 F18000
M204 S1000
G1 F3600
G1 X56.622 Y28.056 E.16989
M204 S2000
G1 X56.151 Y27.994 F18000
M204 S1000
G1 F3600
G1 X52.704 Y31.441 E.14983
M204 S2000
G1 X52.694 Y30.917 F18000
M204 S1000
G1 F3600
G1 X55.679 Y27.932 E.12977
M204 S2000
G1 X55.207 Y27.871 F18000
M204 S1000
G1 F3600
G1 X52.684 Y30.394 E.10968
M204 S2000
G1 X52.674 Y29.871 F18000
M204 S1000
G1 F3600
G1 X54.732 Y27.813 E.08946
M204 S2000
G1 X54.256 Y27.755 F18000
M204 S1000
G1 F3600
G1 X52.664 Y29.347 E.06923
M204 S2000
G1 X52.654 Y28.824 F18000
M204 S1000
G1 F3600
G1 X53.781 Y27.696 E.04901
M204 S2000
G1 X53.306 Y27.638 F18000
M204 S1000
G1 F3600
G1 X52.644 Y28.3 E.02879
M204 S2000
G1 E-.8
G1 X172.372 Y69.086 F18000
G1 E.8 F3600
;TYPE:Gap infill
;WIDTH:0.258932
G1 F6000
G1 X172.219 Y69.195 E.00329
;WIDTH:0.210143
G1 X172.067 Y69.304 E.00255
;WIDTH:0.161354
G1 X171.914 Y69.412 E.00181
;WIDTH:0.13696
G1 X171.762 Y69.521 E.00143
G1 E-.8 F3600
G1 X175.03 Y61.428 F18000
G1 E.8 F3600
;TYPE:Internal solid infill
;WIDTH:0.362338
G1 F6000
G1 X174.971 Y61.463 E.0018
G1 X175.03 Y61.497 E.0018
G1 X175.04 Y61.48 E.00052
G1 X174.659 Y63.598 F18000
;WIDTH:0.419999
G1 F6000
G1 X175.371 Y61.484 E.06854
G1 X174.858 Y59.035 E.07687
G1 X174.666 Y58.708 E.01167
G1 X174.659 Y63.578 E.14965
G1 X174.28 Y65.402 F18000
G1 F6000
G1 X174.544 Y65.122 E.01184
G1 X175.761 Y61.507 E.11718
G1 X175.215 Y58.898 E.08192
G1 X174.744 Y58.096 E.02857
G1 X174.291 Y57.666 E.01921
G1 X174.28 Y65.382 E.23709
G1 X173.901 Y66.282 F18000
G1 F6000
G1 X174.858 Y65.372 E.04056
G1 X176.15 Y61.528 E.12463
G1 X175.6 Y58.897 E.0826
G1 X175.501 Y58.64 E.00846
G1 X175.043 Y57.859 E.02782
G1 X173.915 Y56.79 E.04775
G1 X173.901 Y66.262 E.29105
G1 X173.523 Y67.105 F18000
G1 F6000
G1 X173.68 Y67.013 E.0056
G1 X175.229 Y65.54 E.06567
G1 X175.304 Y65.23 E.0098
G1 X176.513 Y61.638 E.11645
G1 X176.518 Y61.443 E.006
G1 X175.928 Y58.623 E.08853
G1 X175.341 Y57.622 E.03564
G1 X173.672 Y56.041 E.07064
G1 X173.539 Y55.965 E.00472
G1 X173.523 Y67.085 E.3417
G1 X173.145 Y67.752 F18000
G1 F6000
G1 X173.898 Y67.326 E.0266
G1 X175.572 Y65.734 E.07097
G1 X175.661 Y65.35 E.01211
G1 X176.877 Y61.738 E.11712
G1 X176.921 Y61.529 E.00655
G1 X176.284 Y58.485 E.09557
G1 X175.639 Y57.385 E.03918
G1 X173.899 Y55.736 E.07368
G1 X173.163 Y55.316 E.02604
G1 X173.145 Y67.732 E.38153
G1 X172.767 Y68.147 F18000
G1 F6000
G1 X172.825 Y68.177 E.002
G1 X172.882 Y68.335 E.00516
G1 X174.124 Y67.631 E.04386
G1 X175.915 Y65.928 E.07591
G1 X176.018 Y65.471 E.01443
G1 X177.241 Y61.838 E.11778
G1 X177.307 Y61.53 E.00966
G1 X176.641 Y58.348 E.09991
G1 X175.937 Y57.148 E.04272
G1 X174.125 Y55.431 E.07672
G1 X172.935 Y54.751 E.04211
G1 X172.869 Y54.906 E.00516
G1 X172.786 Y54.943 E.00278
G1 X172.767 Y68.127 E.40511
G1 E-.8 F3600
G1 X51.319 Y95.214 F18000
G1 E.8 F3600
;WIDTH:0.421737
G1 F6000
G1 X52.04 Y94.493 E.03148
G1 X52.053 Y93.944 E.01695
G1 X50.903 Y95.094 E.05021
G1 X50.295 Y95.166 E.0189
G1 X52.066 Y93.395 E.07732
G1 X52.079 Y92.846 E.01695
G1 X49.69 Y95.235 E.10429
G1 X49.086 Y95.304 E.01878
G1 X52.093 Y92.297 E.13126
G1 X52.106 Y91.748 E.01695
G1 X48.481 Y95.373 E.15823
G1 X47.877 Y95.442 E.01878
G1 X52.119 Y91.199 E.1852
G1 X52.132 Y90.65 E.01695
G1 X47.272 Y95.51 E.21216
G1 X46.668 Y95.579 E.01878
G1 X52.146 Y90.101 E.23913
G1 X52.159 Y89.552 E.01695
G1 X46.063 Y95.648 E.2661
G1 X45.459 Y95.717 E.01878
G1 X52.172 Y89.004 E.29307
G1 X52.185 Y88.455 E.01695
G1 X44.854 Y95.786 E.32004
G1 X44.25 Y95.854 E.01878
G1 X52.198 Y87.906 E.347
G1 X52.212 Y87.357 E.01695
G1 X43.645 Y95.923 E.37397
G1 X43.041 Y95.992 E.01878
G1 X52.225 Y86.808 E.40094
G1 X52.238 Y86.259 E.01695
G1 X42.436 Y96.061 E.42791
G1 X41.832 Y96.129 E.01878
G1 X52.251 Y85.71 E.45487
G1 X52.265 Y85.161 E.01695
G1 X41.227 Y96.198 E.48184
G1 X40.627 Y96.263 E.01864
G1 X52.278 Y84.612 E.50863
G1 X52.291 Y84.063 E.01695
G1 X40.029 Y96.324 E.53528
G1 X39.432 Y96.386 E.01853
G1 X52.304 Y83.514 E.56193
G1 X52.318 Y82.965 E.01695
G1 X38.835 Y96.448 E.58858
G1 X38.643 Y96.467 E.00597
G1 X38.643 Y96.104 E.01121
G1 X52.331 Y82.416 E.59756
G1 X52.344 Y81.867 E.01695
G1 X38.643 Y95.568 E.59813
G1 X38.643 Y95.033 E.01654
G1 X52.357 Y81.318 E.59871
G1 X52.37 Y80.769 E.01695
G1 X38.643 Y94.497 E.59929
G1 X38.643 Y93.961 E.01654
G1 X52.384 Y80.22 E.59987
G1 X52.397 Y79.671 E.01695
G1 X38.643 Y93.425 E.60044
G1 X38.643 Y92.89 E.01654
G1 X52.41 Y79.122 E.60102
G1 X52.423 Y78.573 E.01695
G1 X38.643 Y92.354 E.6016
G1 X38.643 Y91.818 E.01654
G1 X52.437 Y78.024 E.60218
G1 X52.45 Y77.475 E.01695
G1 X38.643 Y91.283 E.60276
G1 X38.643 Y90.747 E.01654
G1 X52.463 Y76.926 E.60333
G1 X52.476 Y76.377 E.01695
G1 X38.643 Y90.211 E.60391
G1 X38.643 Y89.675 E.01654
G1 X52.49 Y75.828 E.60449
G1 X52.501 Y75.282 E.01689
G1 X38.643 Y89.14 E.60498
G1 X38.643 Y88.604 E.01654
G1 X52.505 Y74.741 E.60517
G1 X52.509 Y74.201 E.01667
G1 X38.643 Y88.068 E.60535
G1 X38.643 Y87.532 E.01654
G1 X52.514 Y73.661 E.60554
G1 X52.518 Y73.121 E.01667
G1 X38.643 Y86.997 E.60573
G1 X38.643 Y86.461 E.01654
G1 X52.522 Y72.581 E.60592
G1 X52.527 Y72.041 E.01667
G1 X38.643 Y85.925 E.60611
G1 X38.643 Y85.39 E.01654
G1 X52.531 Y71.501 E.6063
G1 X52.535 Y70.961 E.01667
G1 X38.643 Y84.854 E.60648
G1 X38.643 Y84.318 E.01654
G1 X52.54 Y70.421 E.60667
G1 X52.544 Y69.881 E.01667
G1 X38.643 Y83.782 E.60686
G1 X38.643 Y83.247 E.01654
G1 X52.548 Y69.341 E.60705
G1 X52.553 Y68.801 E.01667
G1 X38.643 Y82.711 E.60724
G1 X38.643 Y82.175 E.01654
G1 X52.557 Y68.261 E.60743
G1 X52.561 Y67.721 E.01667
G1 X38.643 Y81.639 E.60761
G1 X38.643 Y81.104 E.01654
G1 X52.61 Y67.137 E.60974
G1 X52.709 Y66.502 E.01983
G1 X38.643 Y80.568 E.61405
G1 X38.643 Y80.032 E.01654
G1 X52.808 Y65.867 E.61837
G1 X52.881 Y65.259 E.01893
G1 X38.643 Y79.497 E.62156
G1 X38.643 Y78.961 E.01654
G1 X52.948 Y64.655 E.62451
G1 X53.016 Y64.052 E.01874
G1 X38.643 Y78.425 E.62747
G1 X38.643 Y77.889 E.01654
G1 X53.084 Y63.448 E.63042
G1 X53.151 Y62.845 E.01874
G1 X38.643 Y77.354 E.63338
G1 X38.643 Y76.818 E.01654
G1 X53.219 Y62.242 E.63633
G1 X53.287 Y61.638 E.01874
G1 X38.643 Y76.282 E.63928
G1 X38.643 Y75.746 E.01654
G1 X53.258 Y61.131 E.63802
G1 X53.207 Y60.646 E.01506
G1 X38.643 Y75.211 E.63581
G1 X38.643 Y74.675 E.01654
G1 X53.157 Y60.161 E.63361
G1 X53.106 Y59.676 E.01506
G1 X38.643 Y74.139 E.6314
G1 X38.643 Y73.604 E.01654
G1 X53.056 Y59.191 E.62919
G1 X53.005 Y58.705 E.01506
G1 X38.643 Y73.068 E.62699
G1 X38.643 Y72.532 E.01654
G1 X52.954 Y58.22 E.62478
G1 X52.904 Y57.735 E.01506
G1 X38.643 Y71.996 E.62258
G1 X38.643 Y71.461 E.01654
G1 X52.853 Y57.25 E.62037
G1 X52.785 Y56.782 E.01459
G1 X38.643 Y70.925 E.6174
G1 X38.643 Y70.389 E.01654
G1 X52.715 Y56.317 E.61434
G1 X52.645 Y55.851 E.01453
G1 X38.643 Y69.853 E.61128
G1 X38.643 Y69.318 E.01654
G1 X52.584 Y55.376 E.60862
G1 X52.582 Y54.843 E.01646
G1 X38.643 Y68.782 E.6085
G1 X38.643 Y68.246 E.01654
G1 X52.579 Y54.31 E.60839
G1 X52.576 Y53.777 E.01646
G1 X38.643 Y67.71 E.60827
G1 X38.643 Y67.175 E.01654
G1 X52.574 Y53.244 E.60816
G1 X52.571 Y52.711 E.01646
G1 X38.643 Y66.639 E.60804
G1 X38.643 Y66.103 E.01654
G1 X52.568 Y52.178 E.60793
G1 X52.566 Y51.645 E.01646
G1 X38.643 Y65.568 E.60781
G1 X38.643 Y65.032 E.01654
G1 X52.563 Y51.111 E.6077
G1 X52.56 Y50.578 E.01646
G1 X38.643 Y64.496 E.60758
G1 X38.643 Y63.96 E.01654
G1 X52.558 Y50.045 E.60746
G1 X52.555 Y49.512 E.01646
G1 X38.643 Y63.425 E.60735
G1 X38.643 Y62.889 E.01654
G1 X52.553 Y48.979 E.60723
G1 X52.55 Y48.446 E.01646
G1 X38.643 Y62.353 E.60712
G1 X38.643 Y61.817 E.01654
G1 X52.547 Y47.913 E.607
G1 X52.545 Y47.38 E.01646
G1 X38.643 Y61.282 E.60689
G1 X38.643 Y60.746 E.01654
G1 X52.542 Y46.847 E.60677
G1 X52.533 Y46.32 E.01627
G1 X38.643 Y60.21 E.60639
G1 X38.643 Y59.675 E.01654
G1 X52.523 Y45.794 E.60595
G1 X52.513 Y45.269 E.01623
G1 X38.643 Y59.139 E.60551
G1 X38.643 Y58.603 E.01654
G1 X52.503 Y44.743 E.60506
G1 X52.493 Y44.217 E.01623
G1 X38.643 Y58.067 E.60462
G1 X38.643 Y57.532 E.01654
G1 X52.483 Y43.692 E.60418
G1 X52.472 Y43.166 E.01623
G1 X38.643 Y56.996 E.60374
G1 X38.643 Y56.46 E.01654
G1 X52.462 Y42.641 E.6033
G1 X52.452 Y42.115 E.01623
G1 X38.643 Y55.924 E.60285
G1 X38.643 Y55.389 E.01654
G1 X52.442 Y41.589 E.60241
G1 X52.432 Y41.064 E.01623
G1 X38.643 Y54.853 E.60197
G1 X38.643 Y54.317 E.01654
G1 X52.422 Y40.538 E.60153
G1 X52.412 Y40.013 E.01623
G1 X38.643 Y53.782 E.60109
G1 X38.643 Y53.246 E.01654
G1 X52.402 Y39.487 E.60064
G1 X52.391 Y38.961 E.01623
G1 X38.643 Y52.71 E.6002
G1 X38.643 Y52.174 E.01654
G1 X52.381 Y38.436 E.59976
G1 X52.371 Y37.91 E.01623
G1 X38.643 Y51.639 E.59932
G1 X38.643 Y51.103 E.01654
G1 X52.361 Y37.385 E.59887
G1 X52.351 Y36.859 E.01623
G1 X38.643 Y50.567 E.59843
G1 X38.643 Y50.031 E.01654
G1 X52.341 Y36.333 E.59799
G1 X52.331 Y35.808 E.01623
G1 X38.643 Y49.496 E.59755
G1 X38.643 Y48.96 E.01654
G1 X52.32 Y35.282 E.59711
G1 X52.31 Y34.757 E.01623
G1 X38.643 Y48.424 E.59666
G1 X38.643 Y47.889 E.01654
G1 X52.3 Y34.231 E.59622
G1 X52.29 Y33.705 E.01623
G1 X38.643 Y47.353 E.59578
G1 X38.643 Y46.817 E.01654
G1 X52.28 Y33.18 E.59534
G1 X52.27 Y32.654 E.01623
G1 X38.643 Y46.281 E.5949
G1 X38.643 Y45.746 E.01654
G1 X52.26 Y32.129 E.59445
G1 X52.25 Y31.603 E.01623
G1 X38.643 Y45.21 E.59401
G1 X38.643 Y44.674 E.01654
G1 X52.239 Y31.077 E.59357
G1 X52.229 Y30.552 E.01623
G1 X38.643 Y44.138 E.59313
G1 X38.643 Y43.603 E.01654
G1 X52.219 Y30.026 E.59268
G1 X52.209 Y29.501 E.01623
G1 X38.643 Y43.067 E.59224
G1 X38.643 Y42.531 E.01654
G1 X52.199 Y28.975 E.5918
G1 X52.189 Y28.449 E.01623
G1 X38.643 Y41.996 E.59136
G1 X38.643 Y41.46 E.01654
G1 X52.001 Y28.101 E.58318
G1 X51.522 Y28.044 E.01489
G1 X38.643 Y40.924 E.56226
G1 X38.643 Y40.388 E.01654
G1 X51.043 Y27.988 E.54134
G1 X50.564 Y27.931 E.01489
G1 X38.643 Y39.853 E.52042
G1 X38.643 Y39.317 E.01654
G1 X50.085 Y27.875 E.4995
G1 X49.605 Y27.818 E.01489
G1 X38.643 Y38.781 E.47858
G1 X38.643 Y38.245 E.01654
G1 X49.126 Y27.762 E.45766
G1 X48.647 Y27.705 E.01489
G1 X38.643 Y37.71 E.43674
G1 X38.643 Y37.174 E.01654
G1 X48.168 Y27.649 E.41582
G1 X47.689 Y27.592 E.01489
G1 X38.643 Y36.638 E.3949
G1 X38.643 Y36.103 E.01654
G1 X47.209 Y27.536 E.37398
G1 X46.73 Y27.479 E.01489
G1 X38.643 Y35.567 E.35306
G1 X38.643 Y35.031 E.01654
G1 X46.251 Y27.423 E.33214
G1 X45.772 Y27.366 E.01489
G1 X38.643 Y34.495 E.31122
G1 X38.643 Y33.96 E.01654
G1 X45.29 Y27.312 E.2902
G1 X44.808 Y27.259 E.01498
G1 X38.643 Y33.424 E.26914
G1 X38.643 Y32.888 E.01654
G1 X44.325 Y27.205 E.24808
G1 X43.843 Y27.152 E.01498
G1 X38.643 Y32.352 E.22702
G1 X38.643 Y31.817 E.01654
G1 X43.361 Y27.099 E.20596
G1 X42.878 Y27.045 E.01498
G1 X38.643 Y31.281 E.1849
G1 X38.643 Y30.745 E.01654
G1 X42.396 Y26.992 E.16384
G1 X41.913 Y26.939 E.01498
G1 X38.643 Y30.21 E.14278
G1 X38.643 Y29.674 E.01654
G1 X41.431 Y26.885 E.12172
G1 X40.949 Y26.832 E.01498
G1 X38.643 Y29.138 E.10066
G1 X38.643 Y28.602 E.01654
G1 X40.466 Y26.779 E.07961
G1 X39.982 Y26.727 E.01502
G1 X38.643 Y28.067 E.05848
G1 X38.643 Y27.531 E.01654
G1 X39.497 Y26.677 E.03728
G1 X39.011 Y26.627 E.01507
G1 X38.473 Y27.165 E.02349
; stop printing object USV 1 e2mm.stl_5 id:1 copy 0
; end of layer_num: 10, T: 0, print_z: 2.040000
;LAYER_CHANGE
;Z:2.24
;HEIGHT:0.2
; BEFORE_LAYER_CHANGE 10 @ 2.24mm
G92 E0
; AFTER_LAYER_CHANGE 10 @ 2.24mm
; start of layer_num: 11, T: 0, print_z: 2.240000
; printing object "USV 1 e2mm.stl_6_B" id:0 copy 0
G1 E-.8 F3600
G1 X39.039 Y113.059 Z2.24 F18000
G1 E.8 F3600
M204 S1000
;TYPE:Outer wall
;WIDTH:0.42
G1 F3000
G1 X41.962 Y113.36 E.0903
G1 X46.968 Y113.913 E.15476
G1 X51.768 Y114.473 E.14849
G1 X53.827 Y114.731 E.06377
G1 X54.314 Y134.92 E.62054
G1 X54.377 Y142.838 E.24332
G1 X54.633 Y144.48 E.05105
G1 X55.117 Y148.798 E.13353
G1 X54.657 Y153.221 E.13663
G1 X54.399 Y154.933 E.05321
G1 X54.356 Y163.582 E.26575
G1 X53.984 Y182.853 E.59224
G1 X46.855 Y183.696 E.2206
G1 X42.044 Y184.233 E.14875
G1 X39.039 Y184.542 E.09281
G1 X39.039 Y113.079 E2.19588
G1 E-.8 F3600
M204 S2000
G1 X53.736 Y115.619 F18000
G1 E.8 F3600
M204 S1000
;TYPE:Top surface
;WIDTH:0.42226
G1 X52.837 Y114.721 E.03929
M204 S2000
G1 X52.224 Y114.644 F18000
M204 S1000
G1 F3600
G1 X53.749 Y116.169 E.06667
M204 S2000
G1 X53.762 Y116.719 F18000
M204 S1000
G1 F3600
G1 X51.612 Y114.569 E.094
M204 S2000
G1 X51.005 Y114.498 F18000
M204 S1000
G1 F3600
G1 X53.775 Y117.269 E.12112
M204 S2000
G1 X53.789 Y117.818 F18000
M204 S1000
G1 F3600
G1 X50.397 Y114.427 E.14825
M204 S2000
G1 X49.79 Y114.356 F18000
M204 S1000
G1 F3600
G1 X53.802 Y118.368 E.17538
M204 S2000
G1 X53.815 Y118.918 F18000
M204 S1000
G1 F3600
G1 X49.183 Y114.285 E.20251
M204 S2000
G1 X48.576 Y114.215 F18000
M204 S1000
G1 F3600
G1 X53.829 Y119.468 E.22963
M204 S2000
G1 X53.842 Y120.017 F18000
M204 S1000
G1 F3600
G1 X47.968 Y114.144 E.25676
M204 S2000
G1 X47.361 Y114.073 F18000
M204 S1000
G1 F3600
G1 X53.855 Y120.567 E.28389
M204 S2000
G1 X53.868 Y121.117 F18000
M204 S1000
G1 F3600
G1 X46.755 Y114.003 E.31096
M204 S2000
G1 X46.152 Y113.937 F18000
M204 S1000
G1 F3600
G1 X53.882 Y121.666 E.3379
M204 S2000
G1 X53.895 Y122.216 F18000
M204 S1000
G1 F3600
G1 X45.549 Y113.87 E.36484
M204 S2000
G1 X44.946 Y113.804 F18000
M204 S1000
G1 F3600
G1 X53.908 Y122.766 E.39178
M204 S2000
G1 X53.921 Y123.316 F18000
M204 S1000
G1 F3600
G1 X44.343 Y113.737 E.41873
M204 S2000
G1 X43.74 Y113.67 F18000
M204 S1000
G1 F3600
G1 X53.935 Y123.865 E.44567
M204 S2000
G1 X53.948 Y124.415 F18000
M204 S1000
G1 F3600
G1 X43.137 Y113.604 E.47261
M204 S2000
G1 X42.533 Y113.537 F18000
M204 S1000
G1 F3600
G1 X53.961 Y124.965 E.49956
M204 S2000
G1 X53.974 Y125.514 F18000
M204 S1000
G1 F3600
G1 X41.931 Y113.471 E.52649
M204 S2000
G1 X41.332 Y113.409 F18000
M204 S1000
G1 F3600
G1 X53.988 Y126.064 E.55322
M204 S2000
G1 X54.001 Y126.614 F18000
M204 S1000
G1 F3600
G1 X40.734 Y113.347 E.57996
M204 S2000
G1 X40.136 Y113.285 F18000
M204 S1000
G1 F3600
G1 X54.014 Y127.164 E.60669
M204 S2000
G1 X54.027 Y127.713 F18000
M204 S1000
G1 F3600
G1 X39.538 Y113.224 E.63342
M204 S2000
G1 X39.152 Y113.375 F18000
M204 S1000
G1 F3600
G1 X54.041 Y128.263 E.65085
M204 S2000
G1 X54.054 Y128.813 F18000
M204 S1000
G1 F3600
G1 X39.152 Y113.911 E.65143
M204 S2000
G1 X39.152 Y114.448 F18000
M204 S1000
G1 F3600
G1 X54.067 Y129.362 E.65201
M204 S2000
G1 X54.08 Y129.912 F18000
M204 S1000
G1 F3600
G1 X39.152 Y114.984 E.65259
M204 S2000
G1 X39.152 Y115.521 F18000
M204 S1000
G1 F3600
G1 X54.094 Y130.462 E.65317
M204 S2000
G1 X54.107 Y131.012 F18000
M204 S1000
G1 F3600
G1 X39.152 Y116.057 E.65375
M204 S2000
G1 X39.152 Y116.593 F18000
M204 S1000
G1 F3600
G1 X54.12 Y131.561 E.65433
M204 S2000
G1 X54.133 Y132.111 F18000
M204 S1000
G1 F3600
G1 X39.152 Y117.13 E.6549
M204 S2000
G1 X39.152 Y117.666 F18000
M204 S1000
G1 F3600
G1 X54.147 Y132.661 E.65548
M204 S2000
G1 X54.16 Y133.21 F18000
M204 S1000
G1 F3600
G1 X39.152 Y118.203 E.65606
M204 S2000
G1 X39.152 Y118.739 F18000
M204 S1000
G1 F3600
G1 X54.173 Y133.76 E.65664
M204 S2000
G1 X54.186 Y134.31 F18000
M204 S1000
G1 F3600
G1 X39.152 Y119.276 E.65722
M204 S2000
G1 X39.152 Y119.812 F18000
M204 S1000
G1 F3600
G1 X54.2 Y134.86 E.6578
M204 S2000
G1 X54.205 Y135.401 F18000
M204 S1000
G1 F3600
G1 X39.152 Y120.349 E.65803
M204 S2000
G1 X39.152 Y120.885 F18000
M204 S1000
G1 F3600
G1 X54.209 Y135.942 E.65822
M204 S2000
G1 X54.214 Y136.483 F18000
M204 S1000
G1 F3600
G1 X39.152 Y121.422 E.65841
M204 S2000
G1 X39.152 Y121.958 F18000
M204 S1000
G1 F3600
G1 X54.218 Y137.024 E.6586
M204 S2000
G1 X54.222 Y137.565 F18000
M204 S1000
G1 F3600
G1 X39.152 Y122.495 E.65879
M204 S2000
G1 X39.152 Y123.031 F18000
M204 S1000
G1 F3600
G1 X54.226 Y138.105 E.65898
M204 S2000
G1 X54.231 Y138.646 F18000
M204 S1000
G1 F3600
G1 X39.152 Y123.568 E.65917
M204 S2000
G1 X39.152 Y124.104 F18000
M204 S1000
G1 F3600
G1 X54.235 Y139.187 E.65936
M204 S2000
G1 X54.239 Y139.728 F18000
M204 S1000
G1 F3600
G1 X39.152 Y124.64 E.65955
M204 S2000
G1 X39.152 Y125.177 F18000
M204 S1000
G1 F3600
G1 X54.244 Y140.269 E.65973
M204 S2000
G1 X54.248 Y140.809 F18000
M204 S1000
G1 F3600
G1 X39.152 Y125.713 E.65992
M204 S2000
G1 X39.152 Y126.25 F18000
M204 S1000
G1 F3600
G1 X54.252 Y141.35 E.66011
M204 S2000
G1 X54.257 Y141.891 F18000
M204 S1000
G1 F3600
G1 X39.152 Y126.786 E.6603
M204 S2000
G1 X39.152 Y127.323 F18000
M204 S1000
G1 F3600
G1 X54.261 Y142.432 E.66049
M204 S2000
G1 X54.287 Y142.994 F18000
M204 S1000
G1 F3600
G1 X39.152 Y127.859 E.66164
M204 S2000
G1 X39.152 Y128.396 F18000
M204 S1000
G1 F3600
G1 X54.386 Y143.63 E.66596
M204 S2000
G1 X54.485 Y144.265 F18000
M204 S1000
G1 F3600
G1 X39.152 Y128.932 E.67029
M204 S2000
G1 X39.152 Y129.469 F18000
M204 S1000
G1 F3600
G1 X54.564 Y144.881 E.67374
M204 S2000
G1 X54.632 Y145.485 F18000
M204 S1000
G1 F3600
G1 X39.152 Y130.005 E.6767
M204 S2000
G1 X39.152 Y130.542 F18000
M204 S1000
G1 F3600
G1 X54.7 Y146.089 E.67966
M204 S2000
G1 X54.767 Y146.693 F18000
M204 S1000
G1 F3600
G1 X39.152 Y131.078 E.68263
M204 S2000
G1 X39.152 Y131.615 F18000
M204 S1000
G1 F3600
G1 X54.835 Y147.298 E.68559
M204 S2000
G1 X54.903 Y147.902 F18000
M204 S1000
G1 F3600
G1 X39.152 Y132.151 E.68855
M204 S2000
G1 X39.152 Y132.687 F18000
M204 S1000
G1 F3600
G1 X54.971 Y148.506 E.69151
M204 S2000
G1 X54.977 Y149.049 F18000
M204 S1000
G1 F3600
G1 X39.152 Y133.224 E.69181
M204 S2000
G1 X39.152 Y133.76 F18000
M204 S1000
G1 F3600
G1 X54.927 Y149.535 E.68959
M204 S2000
G1 X54.876 Y150.021 F18000
M204 S1000
G1 F3600
G1 X39.152 Y134.297 E.68738
M204 S2000
G1 X39.152 Y134.833 F18000
M204 S1000
G1 F3600
G1 X54.826 Y150.507 E.68517
M204 S2000
G1 X54.775 Y150.993 F18000
M204 S1000
G1 F3600
G1 X39.152 Y135.37 E.68296
M204 S2000
G1 X39.152 Y135.906 F18000
M204 S1000
G1 F3600
G1 X54.724 Y151.479 E.68075
M204 S2000
G1 X54.674 Y151.964 F18000
M204 S1000
G1 F3600
G1 X39.152 Y136.443 E.67853
M204 S2000
G1 X39.152 Y136.979 F18000
M204 S1000
G1 F3600
G1 X54.623 Y152.45 E.67632
M204 S2000
G1 X54.573 Y152.936 F18000
M204 S1000
G1 F3600
G1 X39.152 Y137.516 E.67411
M204 S2000
G1 X39.152 Y138.052 F18000
M204 S1000
G1 F3600
G1 X54.513 Y153.413 E.67152
M204 S2000
G1 X54.443 Y153.879 F18000
M204 S1000
G1 F3600
G1 X39.152 Y138.589 E.66844
M204 S2000
G1 X39.152 Y139.125 F18000
M204 S1000
G1 F3600
G1 X54.373 Y154.346 E.66537
M204 S2000
G1 X54.303 Y154.812 F18000
M204 S1000
G1 F3600
G1 X39.152 Y139.662 E.6623
M204 S2000
G1 X39.152 Y140.198 F18000
M204 S1000
G1 F3600
G1 X54.284 Y155.329 E.66147
M204 S2000
G1 X54.281 Y155.863 F18000
M204 S1000
G1 F3600
G1 X39.152 Y140.735 E.66136
M204 S2000
G1 X39.152 Y141.271 F18000
M204 S1000
G1 F3600
G1 X54.278 Y156.397 E.66124
M204 S2000
G1 X54.276 Y156.931 F18000
M204 S1000
G1 F3600
G1 X39.152 Y141.807 E.66113
M204 S2000
G1 X39.152 Y142.344 F18000
M204 S1000
G1 F3600
G1 X54.273 Y157.465 E.66101
M204 S2000
G1 X54.27 Y157.999 F18000
M204 S1000
G1 F3600
G1 X39.152 Y142.88 E.66089
M204 S2000
G1 X39.152 Y143.417 F18000
M204 S1000
G1 F3600
G1 X54.268 Y158.532 E.66078
M204 S2000
G1 X54.265 Y159.066 F18000
M204 S1000
G1 F3600
G1 X39.152 Y143.953 E.66066
M204 S2000
G1 X39.152 Y144.49 F18000
M204 S1000
G1 F3600
G1 X54.262 Y159.6 E.66055
M204 S2000
G1 X54.26 Y160.134 F18000
M204 S1000
G1 F3600
G1 X39.152 Y145.026 E.66043
M204 S2000
G1 X39.152 Y145.563 F18000
M204 S1000
G1 F3600
G1 X54.257 Y160.668 E.66032
M204 S2000
G1 X54.254 Y161.202 F18000
M204 S1000
G1 F3600
G1 X39.152 Y146.099 E.6602
M204 S2000
G1 X39.152 Y146.636 F18000
M204 S1000
G1 F3600
G1 X54.252 Y161.735 E.66009
M204 S2000
G1 X54.249 Y162.269 F18000
M204 S1000
G1 F3600
G1 X39.152 Y147.172 E.65997
M204 S2000
G1 X39.152 Y147.709 F18000
M204 S1000
G1 F3600
G1 X54.247 Y162.803 E.65986
M204 S2000
G1 X54.244 Y163.337 F18000
M204 S1000
G1 F3600
G1 X39.152 Y148.245 E.65974
M204 S2000
G1 X39.152 Y148.782 F18000
M204 S1000
G1 F3600
G1 X54.237 Y163.867 E.65945
M204 S2000
G1 X54.227 Y164.393 F18000
M204 S1000
G1 F3600
G1 X39.152 Y149.318 E.659
M204 S2000
G1 X39.152 Y149.854 F18000
M204 S1000
G1 F3600
G1 X54.217 Y164.919 E.65856
M204 S2000
G1 X54.207 Y165.446 F18000
M204 S1000
G1 F3600
G1 X39.152 Y150.391 E.65812
M204 S2000
G1 X39.152 Y150.927 F18000
M204 S1000
G1 F3600
G1 X54.197 Y165.972 E.65767
M204 S2000
G1 X54.186 Y166.498 F18000
M204 S1000
G1 F3600
G1 X39.152 Y151.464 E.65723
M204 S2000
G1 X39.152 Y152 F18000
M204 S1000
G1 F3600
G1 X54.176 Y167.025 E.65679
M204 S2000
G1 X54.166 Y167.551 F18000
M204 S1000
G1 F3600
G1 X39.152 Y152.537 E.65634
M204 S2000
G1 X39.152 Y153.073 F18000
M204 S1000
G1 F3600
G1 X54.156 Y168.077 E.6559
M204 S2000
G1 X54.146 Y168.603 F18000
M204 S1000
G1 F3600
G1 X39.152 Y153.61 E.65546
M204 S2000
G1 X39.152 Y154.146 F18000
M204 S1000
G1 F3600
G1 X54.136 Y169.13 E.65501
M204 S2000
G1 X54.126 Y169.656 F18000
M204 S1000
G1 F3600
G1 X39.152 Y154.683 E.65457
M204 S2000
G1 X39.152 Y155.219 F18000
M204 S1000
G1 F3600
G1 X54.115 Y170.182 E.65413
M204 S2000
G1 X54.105 Y170.709 F18000
M204 S1000
G1 F3600
G1 X39.152 Y155.756 E.65368
M204 S2000
G1 X39.152 Y156.292 F18000
M204 S1000
G1 F3600
G1 X54.095 Y171.235 E.65324
M204 S2000
G1 X54.085 Y171.761 F18000
M204 S1000
G1 F3600
G1 X39.152 Y156.829 E.6528
M204 S2000
G1 X39.152 Y157.365 F18000
M204 S1000
G1 F3600
G1 X54.075 Y172.288 E.65235
M204 S2000
G1 X54.065 Y172.814 F18000
M204 S1000
G1 F3600
G1 X39.152 Y157.901 E.65191
M204 S2000
G1 X39.152 Y158.438 F18000
M204 S1000
G1 F3600
G1 X54.055 Y173.34 E.65147
M204 S2000
G1 X54.044 Y173.867 F18000
M204 S1000
G1 F3600
G1 X39.152 Y158.974 E.65102
M204 S2000
G1 X39.152 Y159.511 F18000
M204 S1000
G1 F3600
G1 X54.034 Y174.393 E.65058
M204 S2000
G1 X54.024 Y174.919 F18000
M204 S1000
G1 F3600
G1 X39.152 Y160.047 E.65014
M204 S2000
G1 X39.152 Y160.584 F18000
M204 S1000
G1 F3600
G1 X54.014 Y175.446 E.64969
M204 S2000
G1 X54.004 Y175.972 F18000
M204 S1000
G1 F3600
G1 X39.152 Y161.12 E.64925
M204 S2000
G1 X39.152 Y161.657 F18000
M204 S1000
G1 F3600
G1 X53.994 Y176.498 E.64881
M204 S2000
G1 X53.984 Y177.025 F18000
M204 S1000
G1 F3600
G1 X39.152 Y162.193 E.64836
M204 S2000
G1 X39.152 Y162.73 F18000
M204 S1000
G1 F3600
G1 X53.973 Y177.551 E.64792
M204 S2000
G1 X53.963 Y178.077 F18000
M204 S1000
G1 F3600
G1 X39.152 Y163.266 E.64748
M204 S2000
G1 X39.152 Y163.803 F18000
M204 S1000
G1 F3600
G1 X53.953 Y178.604 E.64703
M204 S2000
G1 X53.943 Y179.13 F18000
M204 S1000
G1 F3600
G1 X39.152 Y164.339 E.64659
M204 S2000
G1 X39.152 Y164.876 F18000
M204 S1000
G1 F3600
G1 X53.933 Y179.656 E.64614
M204 S2000
G1 X53.923 Y180.183 F18000
M204 S1000
G1 F3600
G1 X39.152 Y165.412 E.6457
M204 S2000
G1 X39.152 Y165.949 F18000
M204 S1000
G1 F3600
G1 X53.913 Y180.709 E.64526
M204 S2000
G1 X53.902 Y181.235 F18000
M204 S1000
G1 F3600
G1 X39.152 Y166.485 E.64481
M204 S2000
G1 X39.152 Y167.021 F18000
M204 S1000
G1 F3600
G1 X53.892 Y181.762 E.64437
M204 S2000
G1 X53.882 Y182.288 F18000
M204 S1000
G1 F3600
G1 X39.152 Y167.558 E.64393
M204 S2000
G1 X39.152 Y168.094 F18000
M204 S1000
G1 F3600
G1 X53.816 Y182.759 E.64105
M204 S2000
G1 X53.337 Y182.815 F18000
M204 S1000
G1 F3600
G1 X39.152 Y168.631 E.62008
M204 S2000
G1 X39.152 Y169.167 F18000
M204 S1000
G1 F3600
G1 X52.857 Y182.872 E.59911
M204 S2000
G1 X52.377 Y182.929 F18000
M204 S1000
G1 F3600
G1 X39.152 Y169.704 E.57814
M204 S2000
G1 X39.152 Y170.24 F18000
M204 S1000
G1 F3600
G1 X51.897 Y182.986 E.55716
M204 S2000
G1 X51.418 Y183.042 F18000
M204 S1000
G1 F3600
G1 X39.152 Y170.777 E.53619
M204 S2000
G1 X39.152 Y171.313 F18000
M204 S1000
G1 F3600
G1 X50.938 Y183.099 E.51522
M204 S2000
G1 X50.458 Y183.156 F18000
M204 S1000
G1 F3600
G1 X39.152 Y171.85 E.49425
M204 S2000
G1 X39.152 Y172.386 F18000
M204 S1000
G1 F3600
G1 X49.979 Y183.213 E.47328
M204 S2000
G1 X49.499 Y183.269 F18000
M204 S1000
G1 F3600
G1 X39.152 Y172.923 E.45231
M204 S2000
G1 X39.152 Y173.459 F18000
M204 S1000
G1 F3600
G1 X49.019 Y183.326 E.43134
M204 S2000
G1 X48.539 Y183.383 F18000
M204 S1000
G1 F3600
G1 X39.152 Y173.996 E.41037
M204 S2000
G1 X39.152 Y174.532 F18000
M204 S1000
G1 F3600
G1 X48.06 Y183.44 E.3894
M204 S2000
G1 X47.58 Y183.496 F18000
M204 S1000
G1 F3600
G1 X39.152 Y175.068 E.36842
M204 S2000
G1 X39.152 Y175.605 F18000
M204 S1000
G1 F3600
G1 X47.1 Y183.553 E.34745
M204 S2000
G1 X46.619 Y183.608 F18000
M204 S1000
G1 F3600
G1 X39.152 Y176.141 E.32642
M204 S2000
G1 X39.152 Y176.678 F18000
M204 S1000
G1 F3600
G1 X46.137 Y183.662 E.30533
M204 S2000
G1 X45.654 Y183.716 F18000
M204 S1000
G1 F3600
G1 X39.152 Y177.214 E.28423
M204 S2000
G1 X39.152 Y177.751 F18000
M204 S1000
G1 F3600
G1 X45.171 Y183.77 E.26313
M204 S2000
G1 X44.689 Y183.824 F18000
M204 S1000
G1 F3600
G1 X39.152 Y178.287 E.24203
M204 S2000
G1 X39.152 Y178.824 F18000
M204 S1000
G1 F3600
G1 X44.206 Y183.878 E.22093
M204 S2000
G1 X43.723 Y183.932 F18000
M204 S1000
G1 F3600
G1 X39.152 Y179.36 E.19984
M204 S2000
G1 X39.152 Y179.897 F18000
M204 S1000
G1 F3600
G1 X43.241 Y183.985 E.17874
M204 S2000
G1 X42.758 Y184.039 F18000
M204 S1000
G1 F3600
G1 X39.152 Y180.433 E.15764
M204 S2000
G1 X39.152 Y180.97 F18000
M204 S1000
G1 F3600
G1 X42.276 Y184.093 E.13654
M204 S2000
G1 X41.791 Y184.145 F18000
M204 S1000
G1 F3600
G1 X39.152 Y181.506 E.11537
M204 S2000
G1 X39.152 Y182.043 F18000
M204 S1000
G1 F3600
G1 X41.305 Y184.195 E.0941
M204 S2000
G1 X40.818 Y184.245 F18000
M204 S1000
G1 F3600
G1 X39.152 Y182.579 E.07284
M204 S2000
G1 X39.152 Y183.115 F18000
M204 S1000
G1 F3600
G1 X40.332 Y184.295 E.05158
M204 S2000
G1 X39.846 Y184.345 F18000
M204 S1000
G1 F3600
G1 X39.152 Y183.652 E.03032
M204 S2000
G1 E-.8
G1 X41.825 Y113.576 F18000
G1 E.8 F3600
;TYPE:Gap infill
;WIDTH:0.102541
G1 F6000
G1 X41.716 Y113.524 E.00059
G1 E-.8 F3600
G1 X173.112 Y141.531 F18000
G1 E.8 F3600
M204 S1000
;TYPE:Outer wall
;WIDTH:0.42
G1 F3000
G1 X173.607 Y141.468 E.01534
G1 X174.106 Y141.156 E.01807
G1 X175.703 Y142.062 E.05644
G1 X177.664 Y143.929 E.08318
G1 X177.843 Y144.236 E.01091
G1 F924
M106 S255
G1 X178.318 Y145.048 E.02893
G1 F900
G1 X178.397 Y145.44 E.01229
G1 F1440
G1 X178.433 Y145.619 E.00561
M106 S204
G1 F1680
G1 X178.509 Y145.994 E.01176
G1 F2160
G1 X178.699 Y146.939 E.02962
G1 F3000
G1 X178.846 Y147.667 E.02283
G1 X179.213 Y148.798 E.03653
G1 X178.488 Y152.263 E.10878
G1 X177.664 Y153.673 E.05018
G1 X175.703 Y155.532 E.08302
G1 X174.134 Y156.428 E.05554
G1 X173.642 Y156.115 E.0179
G1 X173.133 Y156.051 E.01578
G1 X173.112 Y141.551 E.44552
M204 S2000
G1 E-.8 F3600
G1 X175.282 Y141.953 F18000
G1 E.8 F3600
M204 S1000
;TYPE:Top surface
;WIDTH:0.428087
G1 X177.92 Y144.592 E.11712
M204 S2000
G1 X178.296 Y145.513 F18000
M204 S1000
G1 F3600
G1 X174.086 Y141.302 E.18691
M204 S2000
G1 X173.75 Y141.511 F18000
M204 S1000
G1 F3600
G1 X178.434 Y146.195 E.20788
M204 S2000
G1 X178.571 Y146.877 F18000
M204 S1000
G1 F3600
G1 X173.314 Y141.619 E.23336
M204 S2000
G1 X173.226 Y142.076 F18000
M204 S1000
G1 F3600
G1 X178.709 Y147.559 E.24335
M204 S2000
G1 X178.946 Y148.341 F18000
M204 S1000
G1 F3600
G1 X173.227 Y142.622 E.25385
M204 S2000
G1 X173.228 Y143.167 F18000
M204 S1000
G1 F3600
G1 X179.056 Y148.996 E.25872
M204 S2000
G1 X178.962 Y149.447 F18000
M204 S1000
G1 F3600
G1 X173.228 Y143.713 E.2545
M204 S2000
G1 X173.229 Y144.258 F18000
M204 S1000
G1 F3600
G1 X178.868 Y149.897 E.25028
M204 S2000
G1 X178.774 Y150.347 F18000
M204 S1000
G1 F3600
G1 X173.23 Y144.804 E.24606
M204 S2000
G1 X173.231 Y145.349 F18000
M204 S1000
G1 F3600
G1 X178.679 Y150.798 E.24184
M204 S2000
G1 X178.585 Y151.248 F18000
M204 S1000
G1 F3600
G1 X173.232 Y145.895 E.23763
M204 S2000
G1 X173.232 Y146.44 F18000
M204 S1000
G1 F3600
G1 X178.491 Y151.699 E.23341
M204 S2000
G1 X178.397 Y152.149 F18000
M204 S1000
G1 F3600
G1 X173.233 Y146.986 E.22919
M204 S2000
G1 X173.234 Y147.531 F18000
M204 S1000
G1 F3600
G1 X178.213 Y152.51 E.221
M204 S2000
G1 X178.012 Y152.854 F18000
M204 S1000
G1 F3600
G1 X173.235 Y148.077 E.21204
M204 S2000
G1 X173.235 Y148.622 F18000
M204 S1000
G1 F3600
G1 X177.811 Y153.198 E.20308
M204 S2000
G1 X177.61 Y153.541 F18000
M204 S1000
G1 F3600
G1 X173.236 Y149.168 E.19413
M204 S2000
G1 X173.237 Y149.713 F18000
M204 S1000
G1 F3600
G1 X177.344 Y153.82 E.18229
M204 S2000
G1 X177.064 Y154.085 F18000
M204 S1000
G1 F3600
G1 X173.238 Y150.259 E.16985
M204 S2000
G1 X173.239 Y150.804 F18000
M204 S1000
G1 F3600
G1 X176.785 Y154.35 E.15741
M204 S2000
G1 X176.505 Y154.616 F18000
M204 S1000
G1 F3600
G1 X173.239 Y151.35 E.14496
M204 S2000
G1 X173.24 Y151.895 F18000
M204 S1000
G1 F3600
G1 X176.226 Y154.881 E.13252
M204 S2000
G1 X175.946 Y155.146 F18000
M204 S1000
G1 F3600
G1 X173.241 Y152.441 E.12007
M204 S2000
G1 X173.242 Y152.986 F18000
M204 S1000
G1 F3600
G1 X175.666 Y155.411 E.10763
M204 S2000
G1 X175.327 Y155.616 F18000
M204 S1000
G1 F3600
G1 X173.242 Y153.532 E.09253
M204 S2000
G1 X173.243 Y154.077 F18000
M204 S1000
G1 F3600
G1 X174.98 Y155.814 E.07711
M204 S2000
G1 X174.634 Y156.012 F18000
M204 S1000
G1 F3600
G1 X173.244 Y154.623 E.06168
M204 S2000
G1 X173.245 Y155.168 F18000
M204 S1000
G1 F3600
G1 X174.287 Y156.21 E.04626
M204 S2000
G1 E-.8
G1 X177.999 Y144.915 F18000
G1 E.8 F3600
;TYPE:Gap infill
;WIDTH:0.111705
G1 F6000
G1 X177.873 Y144.751 E.00116
;WIDTH:0.13524
G1 X177.824 Y144.688 E.0006
G1 E-.8 F3600
G1 X175.185 Y142.05 F18000
G1 E.8 F3600
;WIDTH:0.128376
G1 F6000
G1 X175.077 Y141.967 E.00095
;WIDTH:0.114974
G1 X174.968 Y141.885 E.0008
; stop printing object USV 1 e2mm.stl_6_B id:0 copy 0
; printing object "USV 1 e2mm.stl_5" id:1 copy 0
G1 E-.8 F3600
G1 X37.921 Y97.271 F18000
G1 E.8 F3600
M204 S1000
;TYPE:Outer wall
;WIDTH:0.42
G1 F3000
G1 X37.921 Y25.785 E2.19656
G1 X40.762 Y26.078 E.08775
G1 X45.745 Y26.632 E.15407
G1 X52.875 Y27.476 E.22061
G1 X53.246 Y46.743 E.59214
G1 X53.289 Y55.393 E.2658
G1 X53.547 Y57.107 E.05325
G1 X54.008 Y61.531 E.13667
G1 X53.524 Y65.85 E.13355
G1 X53.268 Y67.492 E.05104
G1 X53.205 Y75.417 E.24353
G1 X52.718 Y95.602 E.6204
G1 X45.858 Y96.411 E.21225
G1 X41.047 Y96.949 E.14875
G1 X37.941 Y97.269 E.09594
M204 S2000
G1 E-.8 F3600
G1 X51.895 Y27.474 F18000
G1 E.8 F3600
M204 S1000
;TYPE:Top surface
;WIDTH:0.420522
G1 X52.779 Y28.357 E.03845
M204 S2000
G1 X52.789 Y28.902 F18000
M204 S1000
G1 F3600
G1 X51.29 Y27.402 E.06526
M204 S2000
G1 X50.684 Y27.331 F18000
M204 S1000
G1 F3600
G1 X52.8 Y29.446 E.09207
M204 S2000
G1 X52.81 Y29.991 F18000
M204 S1000
G1 F3600
G1 X50.078 Y27.259 E.11888
M204 S2000
G1 X49.473 Y27.187 F18000
M204 S1000
G1 F3600
G1 X52.821 Y30.535 E.14569
M204 S2000
G1 X52.831 Y31.08 F18000
M204 S1000
G1 F3600
G1 X48.867 Y27.116 E.17251
M204 S2000
G1 X48.261 Y27.044 F18000
M204 S1000
G1 F3600
G1 X52.842 Y31.624 E.19932
M204 S2000
G1 X52.852 Y32.169 F18000
M204 S1000
G1 F3600
G1 X47.656 Y26.972 E.22613
M204 S2000
G1 X47.05 Y26.901 F18000
M204 S1000
G1 F3600
G1 X52.863 Y32.713 E.25294
M204 S2000
G1 X52.873 Y33.258 F18000
M204 S1000
G1 F3600
G1 X46.444 Y26.829 E.27975
M204 S2000
G1 X45.839 Y26.757 F18000
M204 S1000
G1 F3600
G1 X52.884 Y33.802 E.30656
M204 S2000
G1 X52.894 Y34.347 F18000
M204 S1000
G1 F3600
G1 X45.237 Y26.69 E.3332
M204 S2000
G1 X44.636 Y26.623 F18000
M204 S1000
G1 F3600
G1 X52.905 Y34.891 E.35981
M204 S2000
G1 X52.915 Y35.436 F18000
M204 S1000
G1 F3600
G1 X44.035 Y26.556 E.38641
M204 S2000
G1 X43.434 Y26.489 F18000
M204 S1000
G1 F3600
G1 X52.926 Y35.98 E.41302
M204 S2000
G1 X52.936 Y36.525 F18000
M204 S1000
G1 F3600
G1 X42.834 Y26.422 E.43962
M204 S2000
G1 X42.233 Y26.355 F18000
M204 S1000
G1 F3600
G1 X52.947 Y37.069 E.46622
M204 S2000
G1 X52.957 Y37.614 F18000
M204 S1000
G1 F3600
G1 X41.632 Y26.289 E.49283
M204 S2000
G1 X41.031 Y26.222 F18000
M204 S1000
G1 F3600
G1 X52.968 Y38.158 E.51943
M204 S2000
G1 X52.978 Y38.703 F18000
M204 S1000
G1 F3600
G1 X40.433 Y26.158 E.54591
M204 S2000
G1 X39.838 Y26.096 F18000
M204 S1000
G1 F3600
G1 X52.989 Y39.247 E.57227
M204 S2000
G1 X52.999 Y39.792 F18000
M204 S1000
G1 F3600
G1 X39.242 Y26.035 E.59863
M204 S2000
G1 X38.647 Y25.974 F18000
M204 S1000
G1 F3600
G1 X53.01 Y40.336 E.62499
M204 S2000
G1 X53.02 Y40.881 F18000
M204 S1000
G1 F3600
G1 X38.052 Y25.912 E.65136
M204 S2000
G1 X38.034 Y26.429 F18000
M204 S1000
G1 F3600
G1 X53.031 Y41.425 E.65257
M204 S2000
G1 X53.041 Y41.97 F18000
M204 S1000
G1 F3600
G1 X38.034 Y26.963 E.65303
M204 S2000
G1 X38.034 Y27.497 F18000
M204 S1000
G1 F3600
G1 X53.052 Y42.514 E.65348
M204 S2000
G1 X53.062 Y43.059 F18000
M204 S1000
G1 F3600
G1 X38.034 Y28.031 E.65394
M204 S2000
G1 X38.034 Y28.565 F18000
M204 S1000
G1 F3600
G1 X53.073 Y43.603 E.6544
M204 S2000
G1 X53.083 Y44.148 F18000
M204 S1000
G1 F3600
G1 X38.034 Y29.099 E.65485
M204 S2000
G1 X38.034 Y29.633 F18000
M204 S1000
G1 F3600
G1 X53.094 Y44.692 E.65531
M204 S2000
G1 X53.104 Y45.237 F18000
M204 S1000
G1 F3600
G1 X38.034 Y30.167 E.65577
M204 S2000
G1 X38.034 Y30.701 F18000
M204 S1000
G1 F3600
G1 X53.115 Y45.781 E.65622
M204 S2000
G1 X53.125 Y46.326 F18000
M204 S1000
G1 F3600
G1 X38.034 Y31.235 E.65668
M204 S2000
G1 X38.034 Y31.769 F18000
M204 S1000
G1 F3600
G1 X53.134 Y46.869 E.65706
M204 S2000
G1 X53.136 Y47.405 F18000
M204 S1000
G1 F3600
G1 X38.034 Y32.303 E.65717
M204 S2000
G1 X38.034 Y32.837 F18000
M204 S1000
G1 F3600
G1 X53.139 Y47.942 E.65729
M204 S2000
G1 X53.142 Y48.479 F18000
M204 S1000
G1 F3600
G1 X38.034 Y33.371 E.6574
M204 S2000
G1 X38.034 Y33.905 F18000
M204 S1000
G1 F3600
G1 X53.144 Y49.015 E.65752
M204 S2000
G1 X53.147 Y49.552 F18000
M204 S1000
G1 F3600
G1 X38.034 Y34.439 E.65764
M204 S2000
G1 X38.034 Y34.973 F18000
M204 S1000
G1 F3600
G1 X53.15 Y50.089 E.65775
M204 S2000
G1 X53.152 Y50.625 F18000
M204 S1000
G1 F3600
G1 X38.034 Y35.507 E.65787
M204 S2000
G1 X38.034 Y36.041 F18000
M204 S1000
G1 F3600
G1 X53.155 Y51.162 E.65798
M204 S2000
G1 X53.158 Y51.699 F18000
M204 S1000
G1 F3600
G1 X38.034 Y36.575 E.6581
M204 S2000
G1 X38.034 Y37.109 F18000
M204 S1000
G1 F3600
G1 X53.16 Y52.235 E.65821
M204 S2000
G1 X53.163 Y52.772 F18000
M204 S1000
G1 F3600
G1 X38.034 Y37.643 E.65833
M204 S2000
G1 X38.034 Y38.177 F18000
M204 S1000
G1 F3600
G1 X53.166 Y53.309 E.65844
M204 S2000
G1 X53.168 Y53.845 F18000
M204 S1000
G1 F3600
G1 X38.034 Y38.711 E.65856
M204 S2000
G1 X38.034 Y39.245 F18000
M204 S1000
G1 F3600
G1 X53.171 Y54.382 E.65867
M204 S2000
G1 X53.174 Y54.919 F18000
M204 S1000
G1 F3600
G1 X38.034 Y39.779 E.65879
M204 S2000
G1 X38.034 Y40.313 F18000
M204 S1000
G1 F3600
G1 X53.185 Y55.464 E.6593
M204 S2000
G1 X53.28 Y56.093 F18000
M204 S1000
G1 F3600
G1 X38.034 Y40.847 E.66342
M204 S2000
G1 X38.034 Y41.381 F18000
M204 S1000
G1 F3600
G1 X53.375 Y56.722 E.66754
M204 S2000
G1 X53.458 Y57.339 F18000
M204 S1000
G1 F3600
G1 X38.034 Y41.915 E.67115
M204 S2000
G1 X38.034 Y42.449 F18000
M204 S1000
G1 F3600
G1 X53.52 Y57.935 E.67385
M204 S2000
G1 X53.582 Y58.531 F18000
M204 S1000
G1 F3600
G1 X38.034 Y42.983 E.67655
M204 S2000
G1 X38.034 Y43.517 F18000
M204 S1000
G1 F3600
G1 X53.644 Y59.127 E.67925
M204 S2000
G1 X53.706 Y59.723 F18000
M204 S1000
G1 F3600
G1 X38.034 Y44.051 E.68195
M204 S2000
G1 X38.034 Y44.585 F18000
M204 S1000
G1 F3600
G1 X53.768 Y60.319 E.68465
M204 S2000
G1 X53.83 Y60.915 F18000
M204 S1000
G1 F3600
G1 X38.034 Y45.119 E.68735
M204 S2000
G1 X38.034 Y45.653 F18000
M204 S1000
G1 F3600
G1 X53.892 Y61.511 E.69006
M204 S2000
G1 X53.842 Y61.995 F18000
M204 S1000
G1 F3600
G1 X38.034 Y46.187 E.68788
M204 S2000
G1 X38.034 Y46.721 F18000
M204 S1000
G1 F3600
G1 X53.788 Y62.475 E.68553
M204 S2000
G1 X53.734 Y62.955 F18000
M204 S1000
G1 F3600
G1 X38.034 Y47.255 E.68319
M204 S2000
G1 X38.034 Y47.789 F18000
M204 S1000
G1 F3600
G1 X53.68 Y63.436 E.68085
M204 S2000
G1 X53.627 Y63.916 F18000
M204 S1000
G1 F3600
G1 X38.034 Y48.323 E.6785
M204 S2000
G1 X38.034 Y48.857 F18000
M204 S1000
G1 F3600
G1 X53.573 Y64.396 E.67616
M204 S2000
G1 X53.519 Y64.876 F18000
M204 S1000
G1 F3600
G1 X38.034 Y49.391 E.67382
M204 S2000
G1 X38.034 Y49.925 F18000
M204 S1000
G1 F3600
G1 X53.465 Y65.356 E.67148
M204 S2000
G1 X53.411 Y65.836 F18000
M204 S1000
G1 F3600
G1 X38.034 Y50.459 E.66913
M204 S2000
G1 X38.034 Y50.993 F18000
M204 S1000
G1 F3600
G1 X53.339 Y66.298 E.666
M204 S2000
G1 X53.267 Y66.761 F18000
M204 S1000
G1 F3600
G1 X38.034 Y51.527 E.66287
M204 S2000
G1 X38.034 Y52.061 F18000
M204 S1000
G1 F3600
G1 X53.195 Y67.223 E.65973
M204 S2000
G1 X53.153 Y67.714 F18000
M204 S1000
G1 F3600
G1 X38.034 Y52.596 E.65789
M204 S2000
G1 X38.034 Y53.13 F18000
M204 S1000
G1 F3600
G1 X53.149 Y68.244 E.65771
M204 S2000
G1 X53.144 Y68.774 F18000
M204 S1000
G1 F3600
G1 X38.034 Y53.664 E.65752
M204 S2000
G1 X38.034 Y54.198 F18000
M204 S1000
G1 F3600
G1 X53.14 Y69.304 E.65734
M204 S2000
G1 X53.136 Y69.833 F18000
M204 S1000
G1 F3600
G1 X38.034 Y54.732 E.65716
M204 S2000
G1 X38.034 Y55.266 F18000
M204 S1000
G1 F3600
G1 X53.132 Y70.363 E.65697
M204 S2000
G1 X53.128 Y70.893 F18000
M204 S1000
G1 F3600
G1 X38.034 Y55.8 E.65679
M204 S2000
G1 X38.034 Y56.334 F18000
M204 S1000
G1 F3600
G1 X53.123 Y71.423 E.6566
M204 S2000
G1 X53.119 Y71.952 F18000
M204 S1000
G1 F3600
G1 X38.034 Y56.868 E.65642
M204 S2000
G1 X38.034 Y57.402 F18000
M204 S1000
G1 F3600
G1 X53.115 Y72.482 E.65623
M204 S2000
G1 X53.111 Y73.012 F18000
M204 S1000
G1 F3600
G1 X38.034 Y57.936 E.65605
M204 S2000
G1 X38.034 Y58.47 F18000
M204 S1000
G1 F3600
G1 X53.106 Y73.542 E.65587
M204 S2000
G1 X53.102 Y74.072 F18000
M204 S1000
G1 F3600
G1 X38.034 Y59.004 E.65568
M204 S2000
G1 X38.034 Y59.538 F18000
M204 S1000
G1 F3600
G1 X53.098 Y74.601 E.6555
M204 S2000
G1 X53.094 Y75.131 F18000
M204 S1000
G1 F3600
G1 X38.034 Y60.072 E.65531
M204 S2000
G1 X38.034 Y60.606 F18000
M204 S1000
G1 F3600
G1 X53.086 Y75.657 E.65496
M204 S2000
G1 X53.073 Y76.178 F18000
M204 S1000
G1 F3600
G1 X38.034 Y61.14 E.65441
M204 S2000
G1 X38.034 Y61.674 F18000
M204 S1000
G1 F3600
G1 X53.06 Y76.7 E.65387
M204 S2000
G1 X53.048 Y77.221 F18000
M204 S1000
G1 F3600
G1 X38.034 Y62.208 E.65332
M204 S2000
G1 X38.034 Y62.742 F18000
M204 S1000
G1 F3600
G1 X53.035 Y77.743 E.65277
M204 S2000
G1 X53.023 Y78.264 F18000
M204 S1000
G1 F3600
G1 X38.034 Y63.276 E.65223
M204 S2000
G1 X38.034 Y63.81 F18000
M204 S1000
G1 F3600
G1 X53.01 Y78.786 E.65168
M204 S2000
G1 X52.998 Y79.307 F18000
M204 S1000
G1 F3600
G1 X38.034 Y64.344 E.65113
M204 S2000
G1 X38.034 Y64.878 F18000
M204 S1000
G1 F3600
G1 X52.985 Y79.829 E.65059
M204 S2000
G1 X52.972 Y80.35 F18000
M204 S1000
G1 F3600
G1 X38.034 Y65.412 E.65004
M204 S2000
G1 X38.034 Y65.946 F18000
M204 S1000
G1 F3600
G1 X52.96 Y80.871 E.64949
M204 S2000
G1 X52.947 Y81.393 F18000
M204 S1000
G1 F3600
G1 X38.034 Y66.48 E.64894
M204 S2000
G1 X38.034 Y67.014 F18000
M204 S1000
G1 F3600
G1 X52.935 Y81.914 E.6484
M204 S2000
G1 X52.922 Y82.436 F18000
M204 S1000
G1 F3600
G1 X38.034 Y67.548 E.64785
M204 S2000
G1 X38.034 Y68.082 F18000
M204 S1000
G1 F3600
G1 X52.91 Y82.957 E.6473
M204 S2000
G1 X52.897 Y83.479 F18000
M204 S1000
G1 F3600
G1 X38.034 Y68.616 E.64676
M204 S2000
G1 X38.034 Y69.15 F18000
M204 S1000
G1 F3600
G1 X52.884 Y84 E.64621
M204 S2000
G1 X52.872 Y84.521 F18000
M204 S1000
G1 F3600
G1 X38.034 Y69.684 E.64566
M204 S2000
G1 X38.034 Y70.218 F18000
M204 S1000
G1 F3600
G1 X52.859 Y85.043 E.64512
M204 S2000
G1 X52.847 Y85.564 F18000
M204 S1000
G1 F3600
G1 X38.034 Y70.752 E.64457
M204 S2000
G1 X38.034 Y71.286 F18000
M204 S1000
G1 F3600
G1 X52.834 Y86.086 E.64402
M204 S2000
G1 X52.822 Y86.607 F18000
M204 S1000
G1 F3600
G1 X38.034 Y71.82 E.64347
M204 S2000
G1 X38.034 Y72.354 F18000
M204 S1000
G1 F3600
G1 X52.809 Y87.129 E.64293
M204 S2000
G1 X52.796 Y87.65 F18000
M204 S1000
G1 F3600
G1 X38.034 Y72.888 E.64238
M204 S2000
G1 X38.034 Y73.422 F18000
M204 S1000
G1 F3600
G1 X52.784 Y88.172 E.64183
M204 S2000
G1 X52.771 Y88.693 F18000
M204 S1000
G1 F3600
G1 X38.034 Y73.956 E.64129
M204 S2000
G1 X38.034 Y74.49 F18000
M204 S1000
G1 F3600
G1 X52.759 Y89.214 E.64074
M204 S2000
G1 X52.746 Y89.736 F18000
M204 S1000
G1 F3600
G1 X38.034 Y75.024 E.64019
M204 S2000
G1 X38.034 Y75.558 F18000
M204 S1000
G1 F3600
G1 X52.734 Y90.257 E.63965
M204 S2000
G1 X52.721 Y90.779 F18000
M204 S1000
G1 F3600
G1 X38.034 Y76.092 E.6391
M204 S2000
G1 X38.034 Y76.626 F18000
M204 S1000
G1 F3600
G1 X52.708 Y91.3 E.63855
M204 S2000
G1 X52.696 Y91.822 F18000
M204 S1000
G1 F3600
G1 X38.034 Y77.16 E.638
M204 S2000
G1 X38.034 Y77.694 F18000
M204 S1000
G1 F3600
G1 X52.683 Y92.343 E.63746
M204 S2000
G1 X52.671 Y92.865 F18000
M204 S1000
G1 F3600
G1 X38.034 Y78.228 E.63691
M204 S2000
G1 X38.034 Y78.762 F18000
M204 S1000
G1 F3600
G1 X52.658 Y93.386 E.63636
M204 S2000
G1 X52.646 Y93.907 F18000
M204 S1000
G1 F3600
G1 X38.034 Y79.296 E.63582
M204 S2000
G1 X38.034 Y79.83 F18000
M204 S1000
G1 F3600
G1 X52.633 Y94.429 E.63527
M204 S2000
G1 X52.62 Y94.95 F18000
M204 S1000
G1 F3600
G1 X38.034 Y80.364 E.63472
M204 S2000
G1 X38.034 Y80.898 F18000
M204 S1000
G1 F3600
G1 X52.608 Y95.472 E.63418
M204 S2000
G1 X52.156 Y95.554 F18000
M204 S1000
G1 F3600
G1 X38.034 Y81.432 E.61451
M204 S2000
G1 X38.034 Y81.966 F18000
M204 S1000
G1 F3600
G1 X51.678 Y95.61 E.59373
M204 S2000
G1 X51.201 Y95.667 F18000
M204 S1000
G1 F3600
G1 X38.034 Y82.5 E.57295
M204 S2000
G1 X38.034 Y83.034 F18000
M204 S1000
G1 F3600
G1 X50.723 Y95.723 E.55216
M204 S2000
G1 X50.246 Y95.779 F18000
M204 S1000
G1 F3600
G1 X38.034 Y83.568 E.53138
M204 S2000
G1 X38.034 Y84.102 F18000
M204 S1000
G1 F3600
G1 X49.768 Y95.836 E.51059
M204 S2000
G1 X49.29 Y95.892 F18000
M204 S1000
G1 F3600
G1 X38.034 Y84.636 E.48981
M204 S2000
G1 X38.034 Y85.17 F18000
M204 S1000
G1 F3600
G1 X48.813 Y95.949 E.46902
M204 S2000
G1 X48.335 Y96.005 F18000
M204 S1000
G1 F3600
G1 X38.034 Y85.704 E.44824
M204 S2000
G1 X38.034 Y86.238 F18000
M204 S1000
G1 F3600
G1 X47.857 Y96.061 E.42746
M204 S2000
G1 X47.38 Y96.118 F18000
M204 S1000
G1 F3600
G1 X38.034 Y86.772 E.40667
M204 S2000
G1 X38.034 Y87.306 F18000
M204 S1000
G1 F3600
G1 X46.902 Y96.174 E.38589
M204 S2000
G1 X46.424 Y96.23 F18000
M204 S1000
G1 F3600
G1 X38.034 Y87.84 E.3651
M204 S2000
G1 X38.034 Y88.374 F18000
M204 S1000
G1 F3600
G1 X45.947 Y96.287 E.34432
M204 S2000
G1 X45.467 Y96.341 F18000
M204 S1000
G1 F3600
G1 X38.034 Y88.908 E.32344
M204 S2000
G1 X38.034 Y89.442 F18000
M204 S1000
G1 F3600
G1 X44.987 Y96.395 E.30254
M204 S2000
G1 X44.506 Y96.448 F18000
M204 S1000
G1 F3600
G1 X38.034 Y89.976 E.28164
M204 S2000
G1 X38.034 Y90.51 F18000
M204 S1000
G1 F3600
G1 X44.026 Y96.502 E.26074
M204 S2000
G1 X43.546 Y96.556 F18000
M204 S1000
G1 F3600
G1 X38.034 Y91.044 E.23984
M204 S2000
G1 X38.034 Y91.578 F18000
M204 S1000
G1 F3600
G1 X43.066 Y96.61 E.21894
M204 S2000
G1 X42.585 Y96.663 F18000
M204 S1000
G1 F3600
G1 X38.034 Y92.112 E.19804
M204 S2000
G1 X38.034 Y92.646 F18000
M204 S1000
G1 F3600
G1 X42.105 Y96.717 E.17714
M204 S2000
G1 X41.625 Y96.771 F18000
M204 S1000
G1 F3600
G1 X38.034 Y93.18 E.15623
M204 S2000
G1 X38.034 Y93.714 F18000
M204 S1000
G1 F3600
G1 X41.144 Y96.824 E.13533
M204 S2000
G1 X40.661 Y96.875 F18000
M204 S1000
G1 F3600
G1 X38.034 Y94.248 E.1143
M204 S2000
G1 X38.034 Y94.782 F18000
M204 S1000
G1 F3600
G1 X40.177 Y96.925 E.09324
M204 S2000
G1 X39.693 Y96.975 F18000
M204 S1000
G1 F3600
G1 X38.034 Y95.316 E.07217
M204 S2000
G1 X38.034 Y95.85 F18000
M204 S1000
G1 F3600
G1 X39.209 Y97.025 E.0511
M204 S2000
G1 X38.724 Y97.075 F18000
M204 S1000
G1 F3600
G1 X38.034 Y96.384 E.03004
M204 S2000
G1 E-.8
G1 X39.732 Y26.202 F18000
G1 E.8 F3600
;TYPE:Gap infill
;WIDTH:0.101957
G1 F6000
G1 X39.625 Y26.15 E.00057
G1 E-.8 F3600
G1 X172.003 Y68.796 F18000
G1 E.8 F3600
M204 S1000
;TYPE:Outer wall
;WIDTH:0.42
G1 F3000
G1 X172.023 Y54.275 E.44618
G1 X172.533 Y54.211 E.01577
G1 X173.024 Y53.9 E.01787
G1 X174.581 Y54.789 E.05509
G1 X176.554 Y56.656 E.08346
G1 X177.378 Y58.061 E.05007
G1 X178.103 Y61.531 E.10893
G1 X177.736 Y62.662 E.03653
G1 X177.589 Y63.39 E.02283
G1 F2640
G1 X177.478 Y63.943 E.01733
G1 F2160
G1 X177.399 Y64.335 E.01229
G1 F1680
M106 S255
G1 X177.323 Y64.71 E.01176
G1 F900
G1 X177.208 Y65.28 E.01787
M106 S204
G1 X177.006 Y65.625 E.01228
G1 F1740
G1 X176.733 Y66.093 E.01665
G1 F3000
G1 X176.554 Y66.399 E.01091
G1 X174.593 Y68.266 E.08318
G1 X172.996 Y69.171 E.0564
G1 X172.498 Y68.861 E.01803
G1 X172.023 Y68.799 E.01473
M204 S2000
G1 E-.8 F3600
G1 X174.185 Y54.694 F18000
G1 E.8 F3600
M204 S1000
;TYPE:Top surface
;WIDTH:0.429017
G1 X176.814 Y57.323 E.11696
M204 S2000
G1 E-.8
G1 X177.33 Y58.385 F18000
G1 E.8 F3600
M204 S1000
G1 X172.997 Y54.051 E.19282
M204 S2000
G1 X172.662 Y54.263 F18000
M204 S1000
G1 F3600
G1 X177.475 Y59.075 E.21411
M204 S2000
G1 X177.619 Y59.766 F18000
M204 S1000
G1 F3600
G1 X172.218 Y54.365 E.24029
M204 S2000
G1 X172.136 Y54.828 F18000
M204 S1000
G1 F3600
G1 X177.763 Y60.456 E.25038
M204 S2000
G1 X177.907 Y61.146 F18000
M204 S1000
G1 F3600
G1 X172.135 Y55.374 E.25684
M204 S2000
G1 X172.134 Y55.919 F18000
M204 S1000
G1 F3600
G1 X177.926 Y61.711 E.25771
M204 S2000
G1 X177.792 Y62.123 F18000
M204 S1000
G1 F3600
G1 X172.133 Y56.464 E.25178
M204 S2000
G1 X172.133 Y57.009 F18000
M204 S1000
G1 F3600
G1 X177.658 Y62.535 E.24585
M204 S2000
G1 X177.557 Y62.979 F18000
M204 S1000
G1 F3600
G1 X172.132 Y57.555 E.24137
M204 S2000
G1 X172.131 Y58.1 F18000
M204 S1000
G1 F3600
G1 X177.465 Y63.434 E.23733
M204 S2000
G1 X177.373 Y63.888 F18000
M204 S1000
G1 F3600
G1 X172.13 Y58.645 E.23329
M204 S2000
G1 X172.13 Y59.19 F18000
M204 S1000
G1 F3600
G1 X177.282 Y64.343 E.22925
M204 S2000
G1 X177.19 Y64.797 F18000
M204 S1000
G1 F3600
G1 X172.129 Y59.736 E.22521
M204 S2000
G1 X172.128 Y60.281 F18000
M204 S1000
G1 F3600
G1 X177.096 Y65.249 E.22103
M204 S2000
G1 X176.894 Y65.593 F18000
M204 S1000
G1 F3600
G1 X172.127 Y60.826 E.2121
M204 S2000
G1 X172.126 Y61.371 F18000
M204 S1000
G1 F3600
G1 X176.693 Y65.938 E.20317
M204 S2000
G1 X176.491 Y66.282 F18000
M204 S1000
G1 F3600
G1 X172.126 Y61.917 E.19424
M204 S2000
G1 X172.125 Y62.462 F18000
M204 S1000
G1 F3600
G1 X176.222 Y66.559 E.1823
M204 S2000
G1 X175.942 Y66.825 F18000
M204 S1000
G1 F3600
G1 X172.124 Y63.007 E.16989
M204 S2000
G1 X172.123 Y63.552 F18000
M204 S1000
G1 F3600
G1 X175.663 Y67.092 E.15748
M204 S2000
G1 X175.383 Y67.358 F18000
M204 S1000
G1 F3600
G1 X172.123 Y64.098 E.14506
M204 S2000
G1 X172.122 Y64.643 F18000
M204 S1000
G1 F3600
G1 X175.103 Y67.624 E.13265
M204 S2000
G1 X174.823 Y67.891 F18000
M204 S1000
G1 F3600
G1 X172.121 Y65.188 E.12024
M204 S2000
G1 X172.12 Y65.733 F18000
M204 S1000
G1 F3600
G1 X174.544 Y68.157 E.10783
M204 S2000
G1 X174.2 Y68.359 F18000
M204 S1000
G1 F3600
G1 X172.119 Y66.279 E.09256
M204 S2000
G1 X172.119 Y66.824 F18000
M204 S1000
G1 F3600
G1 X173.851 Y68.556 E.07708
M204 S2000
G1 X173.503 Y68.754 F18000
M204 S1000
G1 F3600
G1 X172.118 Y67.369 E.06161
M204 S2000
G1 X172.117 Y67.914 F18000
M204 S1000
G1 F3600
G1 X173.154 Y68.951 E.04613
M204 S2000
G1 E-.8
G1 X177.711 Y60.654 F18000
G1 E.8 F3600
;TYPE:Gap infill
;WIDTH:0.0883417
G1 F6000
G1 X177.659 Y60.56 E.0004
G1 E-.8 F3600
G1 X176.895 Y57.648 F18000
G1 E.8 F3600
;WIDTH:0.108954
G1 F6000
G1 X176.781 Y57.501 E.001
;WIDTH:0.129738
G1 X176.717 Y57.419 E.00073
G1 E-.8 F3600
G1 X174.089 Y54.79 F18000
G1 E.8 F3600
;WIDTH:0.128822
G1 F6000
G1 X173.979 Y54.706 E.00097
;WIDTH:0.115271
G1 X173.869 Y54.622 E.00082
; stop printing object USV 1 e2mm.stl_5 id:1 copy 0
; end of layer_num: 11, T: 0, print_z: 2.240000
G1 E-.8 F3600
M106 S0
;TYPE:Custom
; filament end gcode
M104 S0                                    ; Extruder off 
M140 S0                                    ; Heatbed off 
M107                                       ; Fan off 
G91                                        ; relative positioning 
G1 E-5 F3000  
G1 Z+0.3 F3000                             ; lift print head 
G28 X0  F3000
M84                    
; EXECUTABLE_BLOCK_END

; filament used [mm] = 9966.03
; filament used [cm3] = 23.97
; filament used [g] = 29.72
; filament cost = 0.59
; total filament used [g] = 29.72
; total filament cost = 0.59
; total layers count = 11
; estimated printing time (normal mode) = 1h 10m 0s
; estimated first layer printing time (normal mode) = 8s

; CONFIG_BLOCK_START = begin
; AnycubicSlicer_config = begin
; accel_to_decel_enable = 1
; accel_to_decel_factor = 50%
; activate_air_filtration = 0
; activate_chamber_temp_control = 0
; adaptive_bed_mesh_margin = 0
; adaptive_pressure_advance = 0
; adaptive_pressure_advance_bridges = 0
; adaptive_pressure_advance_model = "0,0,0\n0,0,0"
; adaptive_pressure_advance_overhangs = 0
; additional_cooling_fan_speed = 0
; alternate_extra_wall = 0
; app_full_name = AnycubicSlicerNext
; app_version = 1.4.1.0
; auxiliary_fan = 0
; bbl_calib_mark_logo = 1
; bbl_use_printhost = 0
; bed_custom_model = 
; bed_custom_texture = 
; bed_exclude_area = 0x0
; bed_mesh_max = 0,0
; bed_mesh_min = 0,0
; bed_mesh_probe_distance = 0,0
; before_layer_change_gcode = ; BEFORE_LAYER_CHANGE [layer_num] @ [layer_z]mm\nG92 E0
; best_object_pos = 0.5,0.5
; bottom_shell_layers = 3
; bottom_shell_thickness = 0.6
; bottom_solid_infill_flow_ratio = 1
; bottom_surface_pattern = monotonic
; bridge_acceleration = 50%
; bridge_angle = 0
; bridge_density = 100%
; bridge_flow = 0.9
; bridge_no_support = 0
; bridge_speed = 60
; brim_ears_detection_length = 1
; brim_ears_max_angle = 125
; brim_object_gap = 0
; brim_type = outer_only
; brim_width = 5
; chamber_temperature = 0
; change_extrusion_role_gcode = 
; change_filament_gcode = 
; close_fan_the_first_x_layers = 1
; complete_print_exhaust_fan_speed = 80
; cool_plate_temp = 35
; cool_plate_temp_initial_layer = 35
; cooling_tube_length = 0
; cooling_tube_retraction = 0
; counterbore_hole_bridging = none
; curr_bed_type = High Temp Plate
; default_acceleration = 2000
; default_filament_colour = ""
; default_filament_profile = "Anycubic PLA @Anycubic Kobra 2 Neo 0.4 nozzle";"Anycubic PETG @Anycubic Kobra 2 Neo 0.4 nozzle"
; default_jerk = 0
; default_print_profile = 0.20mm Standard @Anycubic Kobra 2 Neo 0.4 nozzle
; deretraction_speed = 0
; detect_narrow_internal_solid_infill = 1
; detect_overhang_wall = 1
; detect_thin_wall = 0
; different_settings_to_system = enable_support;sparse_infill_density;sparse_infill_pattern;support_on_build_plate_only;;
; disable_m73 = 1
; dont_filter_internal_bridges = disabled
; dont_slow_down_outer_wall = 0
; draft_shield = disabled
; during_print_exhaust_fan_speed = 60
; elefant_foot_compensation = 0.075
; elefant_foot_compensation_layers = 1
; emit_machine_limits_to_gcode = 1
; enable_arc_fitting = 0
; enable_extra_bridge_layer = disabled
; enable_filament_ramming = 0
; enable_long_retraction_when_cut = 0
; enable_overhang_bridge_fan = 1
; enable_overhang_speed = 1
; enable_pressure_advance = 0
; enable_prime_tower = 0
; enable_support = 1
; enforce_support_layers = 0
; eng_plate_temp = 0
; eng_plate_temp_initial_layer = 0
; ensure_vertical_shell_thickness = ensure_all
; exclude_object = 0
; extra_loading_move = 0
; extra_perimeters_on_overhangs = 1
; extruder_clearance_height_to_lid = 20
; extruder_clearance_height_to_rod = 20
; extruder_clearance_radius = 20
; extruder_colour = #ffffff
; extruder_offset = 0x0
; extrusion_rate_smoothing_external_perimeter_only = 0
; fan_cooling_layer_time = 100
; fan_cooling_layer_time_BRASS = 100
; fan_cooling_layer_time_HS = 100
; fan_kickstart = 0
; fan_max_speed = 100
; fan_max_speed_BRASS = 100
; fan_max_speed_HS = 100
; fan_min_speed = 80
; fan_min_speed_BRASS = 80
; fan_min_speed_HS = 80
; fan_p2_after_x_layers = 0
; fan_p2_before_x_layers = 0
; fan_p2_speed_before_x_layers = 0
; fan_p3_speed = 0
; fan_p4_speed = 0
; fan_speed_after_x_layers = 100
; fan_speed_before_x_layers = 0
; fan_speedup_overhangs = 1
; fan_speedup_time = 0
; filament_adhesiveness_category = 0
; filament_change_length = 10
; filament_colour = #ffffff
; filament_cooling_final_speed = 0
; filament_cooling_initial_speed = 0
; filament_cooling_moves = 0
; filament_cost = 20
; filament_density = 1.24
; filament_diameter = 1.75
; filament_end_gcode = "; filament end gcode\n"
; filament_flow_ratio = 0.98
; filament_ids = GFPLA
; filament_is_support = 0
; filament_loading_speed = 0
; filament_loading_speed_start = 0
; filament_max_volumetric_speed = 12
; filament_minimal_purge_on_wipe_tower = 15
; filament_multitool_ramming = 0
; filament_multitool_ramming_flow = 0
; filament_multitool_ramming_volume = 0
; filament_notes = ""
; filament_prime_volume = 45
; filament_ramming_parameters = "120 100 6.6 6.8 7.2 7.6 7.9 8.2 8.7 9.4 9.9 10.0| 0.05 6.6 0.45 6.8 0.95 7.8 1.45 8.3 1.95 9.7 2.45 10 2.95 7.6 3.45 7.6 3.95 7.6 4.45 7.6 4.95 7.6"
; filament_ramming_volumetric_speed = -1
; filament_retraction_length = 0.8
; filament_retraction_speed = 60
; filament_settings_id = "Anycubic PLA @Anycubic Kobra 2 Neo 0.4 nozzle"
; filament_shrink = 100%
; filament_shrinkage_compensation_z = 100%
; filament_soluble = 0
; filament_stamping_distance = 0
; filament_stamping_loading_speed = 0
; filament_start_gcode = "; filament start gcode"
; filament_toolchange_delay = 0
; filament_type = PLA
; filament_unloading_speed = 0
; filament_unloading_speed_start = 0
; filament_vendor = Anycubic
; filename_format = {timestamp}-{if plate_name==\"\" then input_filename_base+\"_plate\" else plate_name endif}{\"(\"+plate_number+\")\"}_{filament_type[initial_tool]}_{layer_height}_{print_time}.gcode
; filter_out_gap_fill = 0
; first_layer_print_sequence = 0
; flush_into_infill = 0
; flush_into_objects = 0
; flush_into_support = 0
; flush_multiplier_any = 1
; flush_multiplier = 1
; flush_volumes_chan_multipliers = 1,1,1,1
; flush_volumes_chan_multipliers_str = 
; flush_volumes_matrix = 0
; flush_volumes_vector = 140,140
; full_fan_speed_layer = 3
; fuzzy_skin = none
; fuzzy_skin_first_layer = 0
; fuzzy_skin_noise_type = classic
; fuzzy_skin_octaves = 4
; fuzzy_skin_persistence = 0.5
; fuzzy_skin_point_distance = 0.8
; fuzzy_skin_scale = 1
; fuzzy_skin_thickness = 0.3
; gap_fill_target = topbottom
; gap_infill_speed = 100
; gcode_add_line_number = 0
; gcode_comments = 0
; gcode_flavor = marlin
; gcode_label_objects = 1
; has_scarf_joint_seam = 0
; head_wrap_detect_zone = 
; high_current_on_filament_swap = 0
; hole_to_polyhole = 0
; hole_to_polyhole_threshold = 0.01
; hole_to_polyhole_twisted = 1
; host_type = octoprint
; hot_plate_temp = 60
; hot_plate_temp_initial_layer = 60
; idle_temperature = 0
; independent_support_layer_height = 1
; infill_anchor = 400
; infill_anchor_max = 10
; infill_combination = 0
; infill_combination_max_layer_height = 100%
; infill_direction = 45
; infill_jerk = 9
; infill_wall_overlap = 15%
; inherits_group = "0.20mm Standard @Anycubic Kobra 2 Neo 0.4 nozzle";;
; initial_layer_acceleration = 500
; initial_layer_infill_speed = 50
; initial_layer_jerk = 9
; initial_layer_line_width = 0.5
; initial_layer_min_bead_width = 85%
; initial_layer_print_height = 0.24
; initial_layer_speed = 40
; initial_layer_travel_speed = 100%
; inner_wall_acceleration = 1500
; inner_wall_jerk = 10
; inner_wall_line_width = 0.45
; inner_wall_speed = 80
; interface_shells = 0
; interlocking_beam = 0
; interlocking_beam_layer_count = 2
; interlocking_beam_width = 0.8
; interlocking_boundary_avoidance = 2
; interlocking_depth = 2
; interlocking_orientation = 22.5
; internal_bridge_angle = 0
; internal_bridge_density = 100%
; internal_bridge_fan_speed = -1
; internal_bridge_flow = 1
; internal_bridge_speed = 150%
; internal_solid_infill_acceleration = 100%
; internal_solid_infill_line_width = 0.42
; internal_solid_infill_pattern = zig-zag
; internal_solid_infill_speed = 100
; ironing_angle = -1
; ironing_flow = 15%
; ironing_inset = 0
; ironing_pattern = zig-zag
; ironing_spacing = 0.1
; ironing_speed = 15
; is_infill_first = 0
; lattice_angle_1 = -45
; lattice_angle_2 = 45
; layer_change_gcode = ; AFTER_LAYER_CHANGE [layer_num] @ [layer_z]mm
; layer_height = 0.2
; line_width = 0.42
; long_retractions_when_cut = 0
; machine_end_gcode = M104 S0                                    ; Extruder off \nM140 S0                                    ; Heatbed off \nM107                                       ; Fan off \nG91                                        ; relative positioning \nG1 E-5 F3000  \nG1 Z+0.3 F3000                             ; lift print head \nG28 X0  F3000\nM84                    
; machine_load_filament_time = 42
; machine_max_acceleration_e = 2000,2000,2000
; machine_max_acceleration_extruding = 2000,2000,2000
; machine_max_acceleration_retracting = 2000,2000,2000
; machine_max_acceleration_travel = 20000,20000,20000
; machine_max_acceleration_x = 2000,2000,2000
; machine_max_acceleration_y = 2000,2000,2000
; machine_max_acceleration_z = 800,800,800
; machine_max_jerk_e = 5,5,5
; machine_max_jerk_x = 10,10,10
; machine_max_jerk_y = 10,10,10
; machine_max_jerk_z = 2,2,2
; machine_max_speed_e = 100,50,130
; machine_max_speed_x = 300,150,390
; machine_max_speed_y = 300,150,390
; machine_max_speed_z = 8,4,10.4
; machine_min_extruding_rate = 0,0,0
; machine_min_travel_rate = 0,0,0
; machine_pause_gcode = M600
; machine_start_gcode = G90 ; use absolute coordinates\nM83 ; extruder relative mode\nM104 S[first_layer_temperature] ; set extruder temp\nM140 S[first_layer_bed_temperature] ; set bed temp\nM190 S[first_layer_bed_temperature] ; wait for bed temp\nM109 S[first_layer_temperature] ; wait for extruder temp\nG28                                        ; move X/Y/Z to min endstops\nG1 Z0.28                                   ; lift nozzle a bit \nG92 E0 \nG1 Y3 F1800                                    ; zero the extruded length \nG1 X60  E25 F500                       ; Extrude 25mm of filament in a 5cm line. \nG92 E0                                     ; zero the extruded length again \nG1 E-2 F500                                ; Retract a little \nG1 X70 F4000                              ; Quickly wipe away from the filament line\nM117
; machine_tool_change_time = 0
; machine_unload_filament_time = 0
; magic_doubles = 0
; magic_numbers = 1,4,100
; magic_strings = Unused
; make_overhang_printable = 0
; make_overhang_printable_angle = 55
; make_overhang_printable_hole_size = 0
; manual_filament_change = 0
; max_bridge_length = 10
; max_layer_height = 0.28
; max_travel_detour_distance = 0
; max_volumetric_extrusion_rate_slope = 0
; max_volumetric_extrusion_rate_slope_segment_length = 5
; min_bead_width = 85%
; min_feature_size = 25%
; min_layer_height = 0.08
; min_length_factor = 0.5
; min_skirt_length = 0
; min_width_top_surface = 300%
; minimum_sparse_infill_area = 15
; mmu_segmented_region_interlocking_depth = 0
; mmu_segmented_region_max_width = 0
; notes = 
; nozzle_diameter = 0.4
; nozzle_height = 4
; nozzle_hrc = 0
; nozzle_temperature = 190
; nozzle_temperature_BRASS = 190
; nozzle_temperature_HS = 190
; nozzle_temperature_initial_layer = 220
; nozzle_temperature_initial_layer_BRASS = 220
; nozzle_temperature_initial_layer_HS = 220
; nozzle_temperature_range_high = 230
; nozzle_temperature_range_low = 190
; nozzle_type = brass
; nozzle_volume = 0
; only_one_wall_first_layer = 0
; only_one_wall_top = 1
; ooze_prevention = 0
; other_layers_print_sequence = 0
; other_layers_print_sequence_nums = 0
; outer_wall_acceleration = 1000
; outer_wall_jerk = 10
; outer_wall_line_width = 0.42
; outer_wall_speed = 50
; overhang_1_4_speed = 60
; overhang_2_4_speed = 45
; overhang_3_4_speed = 28
; overhang_4_4_speed = 10
; overhang_fan_speed = 100
; overhang_fan_threshold = 50%
; overhang_reverse = 0
; overhang_reverse_internal_only = 0
; overhang_reverse_threshold = 50%
; overhang_speed_classic = 0
; overhang_totally_speed = 15
; parking_pos_retraction = 0
; pellet_flow_coefficient = 0.4157
; pellet_modded_printer = 0
; post_process = 
; precise_outer_wall = 0
; precise_z_height = 0
; preferred_orientation = 0
; preheat_steps = 1
; preheat_time = 0
; pressure_advance = 0.04
; prime_tower_brim_width = 5
; prime_tower_extra_rib_length = 0
; prime_tower_fillet_wall = 1
; prime_tower_flat_ironing = 0
; prime_tower_infill_gap = 150%
; prime_tower_max_speed = 90
; prime_tower_rib_wall = 1
; prime_tower_rib_width = 8
; prime_tower_skip_points = 1
; prime_tower_width = 35
; prime_volume = 20
; print_compatible_printers = "Anycubic Kobra 2 Neo 0.4 nozzle"
; print_flow_ratio = 1
; print_order = default
; print_sequence = by layer
; print_settings_id = 0.20mm Standard @AC K2 Neo.
; printable_area = 0x0,220x0,220x220,0x220
; printable_height = 250
; printer_flush_multiplier = 1
; printer_model = Anycubic Kobra 2 Neo
; printer_notes = 
; printer_settings_id = Anycubic Kobra 2 Neo 0.4 nozzle
; printer_structure = i3
; printer_technology = FFF
; printer_variant = 0.4
; printhost_authorization_type = key
; printhost_ssl_ignore_revoke = 0
; printing_by_object_gcode = 
; project_name = CAT-USV-Mecatronica
; purge_in_prime_tower = 0
; raft_contact_distance = 0.1
; raft_expansion = 1.5
; raft_first_layer_density = 90%
; raft_first_layer_expansion = 2
; raft_layers = 0
; reduce_crossing_wall = 0
; reduce_fan_stop_start_freq = 1
; reduce_infill_retraction = 1
; required_nozzle_HRC = 0
; resolution = 0.012
; retract_before_wipe = 70%
; retract_length_toolchange = 0
; retract_lift_above = 0.3
; retract_lift_below = 258
; retract_lift_enforce = All Surfaces
; retract_on_top_layer = 1
; retract_restart_extra = 0
; retract_restart_extra_toolchange = 0
; retract_when_changing_layer = 0
; retraction_distances_when_cut = 0
; retraction_length = 2.5
; retraction_minimum_travel = 1
; retraction_speed = 100
; role_based_wipe_speed = 1
; rotate_solid_infill_direction = 1
; scan_first_layer = 0
; scarf_angle_threshold = 155
; scarf_joint_flow_ratio = 1
; scarf_joint_speed = 100%
; scarf_overhang_threshold = 40%
; seam_gap = 5%
; seam_position = aligned
; seam_slope_conditional = 0
; seam_slope_entire_loop = 0
; seam_slope_inner_walls = 0
; seam_slope_min_length = 20
; seam_slope_start_height = 0
; seam_slope_steps = 10
; seam_slope_type = none
; silent_mode = 0
; single_extruder_multi_material = 1
; single_extruder_multi_material_priming = 0
; single_loop_draft_shield = 0
; skirt_distance = 2
; skirt_height = 1
; skirt_loops = 0
; skirt_speed = 50
; skirt_start_angle = -135
; skirt_type = combined
; slice_closing_radius = 0.049
; slicing_mode = regular
; slow_down_for_layer_cooling = 1
; slow_down_layer_time = 9
; slow_down_layer_time_BRASS = 9
; slow_down_layer_time_HS = 9
; slow_down_layers = 1
; slow_down_min_speed = 20
; slowdown_for_curled_perimeters = 0
; small_area_infill_flow_compensation = 0
; small_area_infill_flow_compensation_model = 0,0;"\n0.2,0.4444";"\n0.4,0.6145";"\n0.6,0.7059";"\n0.8,0.7619";"\n1.5,0.8571";"\n2,0.8889";"\n3,0.9231";"\n5,0.9520";"\n10,1"
; small_perimeter_speed = 50%
; small_perimeter_threshold = 0
; smooth_coefficient = 80
; smooth_speed_discontinuity_area = 1
; solid_infill_direction = 45
; solid_infill_filament = 1
; sparse_infill_acceleration = 100%
; sparse_infill_density = 10%
; sparse_infill_filament = 1
; sparse_infill_line_width = 0.45
; sparse_infill_pattern = cubic
; sparse_infill_speed = 150
; spiral_finishing_flow_ratio = 0
; spiral_mode = 0
; spiral_mode_max_xy_smoothing = 200%
; spiral_mode_smooth = 0
; spiral_starting_flow_ratio = 0
; staggered_inner_seams = 0
; standby_temperature_delta = 0
; start_end_points = 30x-3,54x245
; supertack_plate_temp = 35
; supertack_plate_temp_initial_layer = 35
; support_air_filtration = 1
; support_angle = 0
; support_base_pattern = default
; support_base_pattern_spacing = 0.2
; support_bottom_interface_spacing = 0.5
; support_bottom_z_distance = 0.1
; support_chamber_temp_control = 1
; support_critical_regions_only = 0
; support_expansion = 0
; support_filament = 0
; support_interface_bottom_layers = -1
; support_interface_filament = 0
; support_interface_loop_pattern = 0
; support_interface_not_for_body = 1
; support_interface_pattern = auto
; support_interface_spacing = 0.5
; support_interface_speed = 80
; support_interface_top_layers = 2
; support_line_width = 0.4
; support_material_interface_fan_speed = -1
; support_multi_bed_types = 1
; support_object_first_layer_gap = 0.2
; support_object_xy_distance = 0.35
; support_on_build_plate_only = 0
; support_remove_small_overhang = 1
; support_speed = 100
; support_style = default
; support_threshold_angle = 40
; support_threshold_overlap = 50%
; support_top_z_distance = 0.1
; support_type = tree(auto)
; temperature_vitrification = 60
; template_custom_gcode = 
; textured_cool_plate_temp = 40
; textured_cool_plate_temp_initial_layer = 40
; textured_plate_temp = 60
; textured_plate_temp_initial_layer = 60
; thick_bridges = 0
; thick_internal_bridges = 1
; thumbnails = 230x110/PNG
; thumbnails_format = PNG
; thumbnails_internal = 512x512/PNG/plate, 512x512/PNG/top
; thumbnails_internal_switch = 0
; time_cost = 0
; time_lapse_gcode = 
; timelapse_type = 0
; top_bottom_infill_wall_overlap = 25%
; top_shell_layers = 3
; top_shell_thickness = 1
; top_solid_infill_flow_ratio = 1
; top_surface_acceleration = 1000
; top_surface_jerk = 9
; top_surface_line_width = 0.42
; top_surface_pattern = monotonicline
; top_surface_speed = 60
; travel_acceleration = 2000
; travel_jerk = 10
; travel_slope = 3
; travel_speed = 300
; travel_speed_z = 0
; tree_support_adaptive_layer_height = 1
; tree_support_angle_slow = 25
; tree_support_auto_brim = 1
; tree_support_branch_angle = 40
; tree_support_branch_angle_organic = 40
; tree_support_branch_diameter = 5
; tree_support_branch_diameter_angle = 5
; tree_support_branch_diameter_organic = 2
; tree_support_branch_distance = 5
; tree_support_branch_distance_organic = 1
; tree_support_brim_width = 3
; tree_support_tip_diameter = 0.8
; tree_support_top_rate = 30%
; tree_support_wall_count = 0
; upward_compatible_machine = 
; use_firmware_retraction = 0
; use_relative_e_distances = 1
; wall_direction = auto
; wall_distribution_count = 1
; wall_filament = 1
; wall_generator = classic
; wall_loops = 2
; wall_sequence = outer wall/inner wall
; wall_transition_angle = 10
; wall_transition_filter_deviation = 25%
; wall_transition_length = 100%
; wipe = 0
; wipe_before_external_loop = 0
; wipe_distance = 1
; wipe_on_loops = 0
; wipe_speed = 80%
; wipe_tower_bridging = 10
; wipe_tower_cone_angle = 0
; wipe_tower_extra_flow = 100%
; wipe_tower_extra_spacing = 120%
; wipe_tower_filament = 0
; wipe_tower_max_purge_speed = 90
; wipe_tower_no_sparse_layers = 0
; wipe_tower_rotation_angle = 0
; wipe_tower_x = 40.000
; wipe_tower_y = 200.000
; wiping_volumes_extruders = 70,70,70,70,70,70,70,70,70,70
; xy_contour_compensation = 0
; xy_hole_compensation = 0
; z_hop = 0
; z_hop_types = Auto Lift
; z_offset = 0
; bed_shape = 0x0,220x0,220x220,0x220
; first_layer_height = 0.240
; first_layer_temperature = 220
; first_layer_bed_temperature = 60
; bed_temperature = 60
; AnycubicSlicer_config = end
; CONFIG_BLOCK_END = end



; ams_info = begin
; paint_info = [{"material_type":"PLA","paint_color":[255,255,255],"paint_index":0}]
; ams_info = end

; statistics = begin
; used_filament = 9.97
; print_time = 1h 10m 0s
; model_size = 121.61,163.90,2.24
; total_layers = 11
; statistics = end
