; HEADER_BLOCK_START
; generated by AnycubicSlicerNext 1.4.1.0 on 2026-05-17 at 11:19:30
; total layer number: 10
; filament_density: 1.24
; filament_diameter: 1.75
; max_z_height: 2.04
; exclude_object: 0
; model_instances: 2
; source_info: {"models":[{"file_source":0,"mo_file_id":-1,"name":"links_Servo.stl_id_0_copy_0"},{"file_source":0,"mo_file_id":-1,"name":"links_Servo.stl_id_1_copy_0"}],"models_from":0,"plate_index":1,"slice_paras_process":1,"software_version":"AnycubicSlicerNext 1.4.1.0 20260506162140"}
; paint_info = [{"material_type":"PLA","paint_color":[255,255,255],"paint_index":0}]
; project_info = {"flush_multiplier":1.0,"flush_volumes_chan_multipliers":[1.0,1.0,1.0,1.0],"flush_volumes_matrix":[0.0],"flush_volumes_vector":[140.0,140.0]}
; flush_multiplier_calculate_by_acnext: 1
; test_mode: 0
; HEADER_BLOCK_END

; THUMBNAIL_BLOCK_START
; thumbnail begin 230x110 1800
; iVBORw0KGgoAAAANSUhEUgAAAOYAAABuCAYAAAAziW8OAAAFDElEQVR4Ae3dO0tjQRTA8ftZ/Bo2W2
; hnKWrnVioIgkWCj8ZGxUQQiUZRk+ADtDBioeALgoKx0sJCsTGa1g8x68mSdTGveyczyeD9/2CqVBly
; 5kzOPXfG8wAAAAAAAAAAQJsMDAz8TiQSmePj41x5RCKRmc7Ozl8egNaSwHt4eCh8fHyoWkM+J0CBFp
; GMWC8gvw+CE7CsUZaslTk9AOY1ypIXFxcqnU5LEFb93ANglhR0GmXFbDZbCszb21u2s4BNUnENum2t
; NgqFguro6PjlAWhO0AJPvaDc3d1lKws0S6fAUysok8mkisfjBCagy1SWLBeDFhYWVCwWIzABXX4KPE
; GDshyYU1NTPC4BgjCZJWWsrq7+C0oZExMTBCUQhI2tK0EJNMFUgYcsCRhAlgQcYzJLVgvKrq6uGQ+A
; Pyaz5OPjI1tXoFm2t67Dw8M5D4A/fl5kpsADtBAFHsAxJrPk9vZ2RUBS4AECIEsCjrHV58pjEEADfa
; 6AY9i6Ao7hMQjgELKkvvJp8eXvL4tb+dR4D9BFn6seP4sZJ8YjMPpc9cgJf0EWMw6lhm/0ueqpN29v
; b28150i2ux5QC32u+urNm5zaJ99/bW1Nvby8kDXhHwUePX7nTebk8PBQFYvFis+ur68JTFSy2ef6kw
; s8pjqfUqkUgYkvJrNkPp8nS2qMu7s7NTk5SWDiL9t9rn19fT+yoGF6yy/n3xKYoM+1CTYKYxKYIyMj
; nMYQZhR49NicNwlMD+HFi8x6bHc+dXd3z3gIH7KkHjqfYA19rnrofIIVFHj00PkEa9i66mHeYAWrvT
; 46n2AFq70eOp9gDQUePXQ+wQrK+XoojMEaebHW5mofxheZTcwbQRlSQY+tYLX/YrvzyUM4sdrrYd5g
; DX2ueiiMwQpWez0UxmANF/boYTGDFZTz9dD5BGtY7fUwb7CG1V6PyXk7OjqiwIO/WO31UOCBNaZWez
; npmz5Xc4sZLzKHFKu9Hul8MjVvYdvyowFTQVkrS9LnypYfAZgs50tQUuDRG2HqfEIDtrMkBR6yJAIy
; 9b9IgpILe8wFJVky5Kr9wCTIrq6u1M3NDav9N3Q+oSWq/T+SG57i8bja3NysepFpo6Dkwh4WMzTp8v
; KyUO2HI1d/Pz8/1926UuAhS8KSz/+FgX9wbF3JkrBsaWmpcHp66uuHRZY0G5QUeFCTBObOzo46ODgo
; FXve398rgvH19VWdn5+TJTUGfa7QMjQ0lJHATKfTamNjQ62vr5cee2QyGbW1taUWFxfV3NxcaYRhte
; fCHjjje2Amk0m1srKilpeXKwKTF5kp8KCFotForlFgfmZX+lwp8KAdBgcHM/8H5vT0dKG3t/fHHqdP
; nyvgELIk4Bgu7AEcQp8r4Bi2roBjeAwCOIQsCTiGPlfAIfS5Ao6hzxVwCH2ugGMo8ACOMXkOLhf2AE
; 0ymSXz+TxZEmiWqT7XsF3hAFjDFQ6AY0xkyrBd4QBYV6uKKoeI3d/f+wpKXmQGDJLnlNWCLZvNlk5Z
; 2N/f5zEI0A7FYrFq0MmJ8UGDkiwJGOL3UGoKPEAL7e3tqZOTEwo8gEskMKV4I/8n5cT4p6en0jZWhg
; SjvAlydnZWOt2PgARaRK5ykMBMpVKls2/L598mEgn1+ZmKxWJqdnZWzc/PE5RAKwUJTAo8QAtFIpFc
; vcCMRqNkSaBdenp6ZsbHx3NjY2O50dHRXH9/P2e5AgAAAAAAAADQVn8AYJ/WH7bAh7QAAAAASUVORK
; 5CYII=
; thumbnail end
; THUMBNAIL_BLOCK_END

; external perimeters extrusion width = 0.42mm
; perimeters extrusion width = 0.45mm
; infill extrusion width = 0.45mm
; solid infill extrusion width = 0.42mm
; top infill extrusion width = 0.42mm
; first layer extrusion width = 0.50mm

; external perimeters extrusion width = 0.42mm
; perimeters extrusion width = 0.45mm
; infill extrusion width = 0.45mm
; solid infill extrusion width = 0.42mm
; top infill extrusion width = 0.42mm
; first layer extrusion width = 0.50mm

; EXECUTABLE_BLOCK_START
M201 X2000 Y2000 Z800 E2000
M203 X300 Y300 Z8 E100
M204 P2000 R2000 T2000
M205 X10.00 Y10.00 Z2.00 E5.00
;TYPE:Custom
G90 ; use absolute coordinates
M83 ; extruder relative mode
M104 S220 ; set extruder temp
M140 S60 ; set bed temp
M190 S60 ; wait for bed temp
M109 S220 ; wait for extruder temp
G28                                        ; move X/Y/Z to min endstops
G1 Z0.28                                   ; lift nozzle a bit 
G92 E0 
G1 Y3 F1800                                    ; zero the extruded length 
G1 X60  E25 F500                       ; Extrude 25mm of filament in a 5cm line. 
G92 E0                                     ; zero the extruded length again 
G1 E-2 F500                                ; Retract a little 
G1 X70 F4000                              ; Quickly wipe away from the filament line
M117
G90
G21
M83 ; use relative distances for extrusion
; EXECUTABLE_BLOCK_HEAD
; filament start gcode
M75 ; The first extruder is ready.
M106 S0
;LAYER_CHANGE
;Z:0.24
;HEIGHT:0.24
; BEFORE_LAYER_CHANGE 0 @ 0.24mm
G92 E0
; AFTER_LAYER_CHANGE 0 @ 0.24mm
M204 S500
; start of layer_num: 1, T: 0, print_z: 0.240000
; printing object "links_Servo.stl" id:0 copy 0
G1 E-.8 F3600
G1 X94.487 Y137.373 F18000
G1 Z.24
G1 E.8 F3600
;TYPE:Brim
;WIDTH:0.5
G1 F2400
G1 X95.014 Y137.069 E.02667
G1 X95.362 Y136.902 E.01693
G1 X95.928 Y136.679 E.02668
G1 X96.51 Y136.508 E.0266
G1 X97.105 Y136.39 E.0266
G1 X97.71 Y136.326 E.02669
G1 X98.123 Y136.312 E.01815
G1 X141.313 Y136.316 E1.89411
G1 X141.884 Y136.358 E.02511
G1 X142.518 Y136.46 E.02817
G1 X143.105 Y136.612 E.02658
G1 X143.676 Y136.816 E.0266
G1 X144.226 Y137.07 E.0266
G1 X144.752 Y137.373 E.0266
G1 X145.248 Y137.721 E.0266
G1 X145.711 Y138.113 E.0266
G1 X146.137 Y138.545 E.02659
G1 X146.523 Y139.013 E.0266
G1 X146.865 Y139.513 E.02659
G1 X147.161 Y140.043 E.0266
G1 X147.408 Y140.596 E.02659
G1 X147.605 Y141.168 E.02652
G1 X147.788 Y141.974 E.03626
G1 X147.86 Y142.575 E.02652
G1 X147.878 Y143.181 E.0266
G1 X147.841 Y143.787 E.0266
G1 X147.749 Y144.386 E.0266
G1 X147.605 Y144.975 E.02659
G1 X147.408 Y145.549 E.0266
G1 X147.161 Y146.103 E.02659
G1 X146.865 Y146.632 E.0266
G1 X146.523 Y147.133 E.0266
G1 X146.137 Y147.601 E.0266
G1 X145.711 Y148.032 E.02659
G1 X145.248 Y148.424 E.0266
G1 X144.752 Y148.772 E.0266
G1 X144.225 Y149.076 E.02667
G1 X143.877 Y149.243 E.01692
G1 X143.311 Y149.466 E.02668
G1 X142.729 Y149.637 E.0266
G1 X142.134 Y149.755 E.0266
G1 X141.529 Y149.819 E.02669
G1 X141.116 Y149.833 E.01814
G1 X98.126 Y149.833 E1.88534
G1 X97.32 Y149.784 E.03542
G1 X96.508 Y149.637 E.0362
G1 X95.928 Y149.466 E.02652
G1 X95.364 Y149.244 E.0266
G1 X94.822 Y148.972 E.0266
G1 X94.304 Y148.652 E.02667
G1 X93.992 Y148.425 E.01693
G1 X93.528 Y148.032 E.02668
G1 X93.102 Y147.601 E.0266
G1 X92.717 Y147.134 E.02652
G1 X92.262 Y146.444 E.03627
G1 X91.984 Y145.907 E.02652
G1 X91.754 Y145.346 E.0266
G1 X91.576 Y144.766 E.0266
G1 X91.451 Y144.173 E.0266
G1 X91.379 Y143.57 E.0266
G1 X91.362 Y142.964 E.0266
G1 X91.398 Y142.359 E.02659
G1 X91.49 Y141.759 E.0266
G1 X91.634 Y141.17 E.02659
G1 X91.831 Y140.595 E.02668
G1 X91.983 Y140.24 E.01693
G1 X92.262 Y139.7 E.02667
G1 X92.588 Y139.188 E.0266
G1 X92.959 Y138.708 E.0266
G1 X93.37 Y138.264 E.02652
G1 X93.992 Y137.72 E.03626
G1 X94.454 Y137.396 E.02477
G1 X94.713 Y137.763 F18000
G1 F2400
G1 X94.734 Y137.748 E.00113
G1 X95.219 Y137.469 E.02458
G1 X95.537 Y137.315 E.01547
G1 X96.068 Y137.106 E.02502
G1 X96.611 Y136.946 E.02483
G1 X97.178 Y136.834 E.02536
G1 X97.736 Y136.774 E.02462
G1 X98.133 Y136.76 E.01742
G1 X141.292 Y136.765 E1.89275
G1 X141.838 Y136.805 E.02401
G1 X142.432 Y136.901 E.02641
G1 X142.978 Y137.043 E.02477
G1 X143.5 Y137.229 E.0243
G1 X144.014 Y137.466 E.02483
G1 X144.516 Y137.755 E.02536
G1 X144.979 Y138.081 E.02483
G1 X145.411 Y138.447 E.02483
G1 X145.808 Y138.85 E.02483
G1 X146.168 Y139.287 E.02483
G1 X146.486 Y139.755 E.02483
G1 X146.762 Y140.249 E.02483
G1 X146.993 Y140.767 E.02483
G1 X147.174 Y141.298 E.02464
G1 X147.344 Y142.044 E.03355
G1 X147.412 Y142.614 E.02517
G1 X147.428 Y143.18 E.02483
G1 X147.393 Y143.745 E.02483
G1 X147.308 Y144.305 E.02483
G1 X147.172 Y144.854 E.02483
G1 X146.988 Y145.39 E.02483
G1 X146.757 Y145.907 E.02483
G1 X146.48 Y146.401 E.02483
G1 X146.16 Y146.868 E.02483
G1 X145.8 Y147.304 E.02483
G1 X145.402 Y147.707 E.02483
G1 X144.969 Y148.072 E.02483
G1 X144.505 Y148.397 E.02483
G1 X144.02 Y148.677 E.02458
G1 X143.702 Y148.83 E.01547
G1 X143.171 Y149.039 E.02502
G1 X142.628 Y149.199 E.02483
G1 X142.061 Y149.312 E.02536
G1 X141.502 Y149.371 E.02462
G1 X141.106 Y149.385 E.01741
G1 X98.144 Y149.385 E1.88412
G1 X97.382 Y149.338 E.03348
G1 X96.605 Y149.197 E.03465
G1 X96.068 Y149.039 E.02454
G1 X95.541 Y148.831 E.02483
G1 X95.035 Y148.577 E.02483
G1 X94.559 Y148.282 E.02458
G1 X94.265 Y148.069 E.01591
G1 X93.829 Y147.699 E.02511
G1 X93.439 Y147.304 E.0243
G1 X93.083 Y146.873 E.02454
G1 X92.646 Y146.21 E.0348
G1 X92.389 Y145.713 E.02454
G1 X92.175 Y145.189 E.02483
G1 X92.01 Y144.647 E.02483
G1 X91.893 Y144.093 E.02483
G1 X91.827 Y143.531 E.02483
G1 X91.811 Y142.965 E.02483
G1 X91.846 Y142.4 E.02483
G1 X91.931 Y141.84 E.02483
G1 X92.067 Y141.291 E.02483
G1 X92.248 Y140.76 E.02459
G1 X92.387 Y140.436 E.01548
G1 X92.655 Y139.919 E.02554
G1 X92.959 Y139.441 E.02483
G1 X93.306 Y138.994 E.02483
G1 X93.688 Y138.582 E.02464
G1 X94.264 Y138.078 E.03355
G1 X94.68 Y137.786 E.02229
G1 X94.938 Y138.153 F18000
G1 F2400
G1 X94.98 Y138.124 E.00225
G1 X95.425 Y137.868 E.0225
G1 X95.713 Y137.728 E.01403
G1 X96.208 Y137.533 E.02336
G1 X96.724 Y137.381 E.02359
G1 X97.252 Y137.277 E.02358
G1 X97.763 Y137.222 E.02257
G1 X98.144 Y137.209 E.01669
G1 X141.27 Y137.213 E1.89137
G1 X141.791 Y137.251 E.0229
G1 X142.333 Y137.339 E.02408
G1 X142.841 Y137.471 E.02299
G1 X143.336 Y137.648 E.02308
G1 X143.814 Y137.868 E.02307
G1 X144.279 Y138.137 E.02357
G1 X144.709 Y138.44 E.02305
G1 X145.109 Y138.78 E.02306
G1 X145.478 Y139.155 E.02306
G1 X145.812 Y139.562 E.02306
G1 X146.108 Y139.996 E.02306
G1 X146.363 Y140.456 E.02307
G1 X146.577 Y140.936 E.02306
G1 X146.744 Y141.428 E.02277
G1 X146.9 Y142.114 E.03086
G1 X146.965 Y142.653 E.02381
G1 X146.979 Y143.178 E.02304
G1 X146.946 Y143.703 E.02306
G1 X146.866 Y144.223 E.02307
G1 X146.74 Y144.733 E.02306
G1 X146.568 Y145.231 E.02306
G1 X146.353 Y145.71 E.02306
G1 X146.095 Y146.169 E.02307
G1 X145.798 Y146.602 E.02306
G1 X145.463 Y147.007 E.02306
G1 X145.092 Y147.381 E.02306
G1 X144.69 Y147.72 E.02306
G1 X144.259 Y148.021 E.02307
G1 X143.814 Y148.277 E.02252
G1 X143.526 Y148.417 E.01402
G1 X143.031 Y148.613 E.02337
G1 X142.515 Y148.764 E.02359
G1 X141.987 Y148.868 E.02358
G1 X141.476 Y148.923 E.02257
G1 X141.095 Y148.936 E.01669
G1 X98.162 Y148.936 E1.88289
G1 X97.444 Y148.893 E.03155
G1 X96.701 Y148.758 E.0331
G1 X96.208 Y148.613 E.02255
G1 X95.719 Y148.419 E.02306
G1 X95.26 Y148.188 E.02255
G1 X94.813 Y147.912 E.02303
G1 X94.539 Y147.713 E.01489
G1 X94.129 Y147.365 E.02355
G1 X93.769 Y146.999 E.02255
G1 X93.449 Y146.611 E.02204
G1 X93.03 Y145.977 E.03333
G1 X92.794 Y145.52 E.02256
G1 X92.597 Y145.032 E.02306
G1 X92.443 Y144.53 E.02306
G1 X92.335 Y144.015 E.02306
G1 X92.274 Y143.492 E.02306
G1 X92.26 Y142.967 E.02306
G1 X92.293 Y142.442 E.02306
G1 X92.373 Y141.922 E.02307
G1 X92.499 Y141.412 E.02307
G1 X92.666 Y140.926 E.02252
G1 X92.791 Y140.632 E.01402
G1 X93.041 Y140.148 E.02387
G1 X93.33 Y139.695 E.02359
G1 X93.652 Y139.279 E.02306
G1 X94.006 Y138.899 E.02277
G1 X94.536 Y138.436 E.03087
G1 X94.906 Y138.176 E.01981
G1 X95.164 Y138.544 F18000
G1 F2400
G1 X95.23 Y138.498 E.00355
G1 X95.883 Y138.144 E.03257
G1 X96.349 Y137.959 E.02196
G1 X96.837 Y137.816 E.02233
G1 X97.325 Y137.72 E.02179
G1 X97.79 Y137.671 E.02053
G1 X98.154 Y137.657 E.01596
G1 X141.249 Y137.662 E1.88999
G1 X141.745 Y137.698 E.02179
G1 X142.235 Y137.778 E.02177
G1 X142.703 Y137.898 E.0212
G1 X143.161 Y138.061 E.02131
G1 X143.601 Y138.264 E.02129
G1 X144.032 Y138.512 E.02178
G1 X144.429 Y138.791 E.02128
G1 X144.808 Y139.113 E.02183
G1 X145.148 Y139.46 E.02129
G1 X145.456 Y139.836 E.0213
G1 X145.728 Y140.237 E.02129
G1 X145.964 Y140.662 E.0213
G1 X146.161 Y141.106 E.02128
G1 X146.313 Y141.557 E.0209
G1 X146.456 Y142.184 E.0282
G1 X146.517 Y142.692 E.02245
G1 X146.53 Y143.176 E.02124
G1 X146.499 Y143.661 E.02129
G1 X146.424 Y144.141 E.0213
G1 X146.307 Y144.612 E.02129
G1 X146.148 Y145.071 E.0213
G1 X145.949 Y145.513 E.02129
G1 X145.711 Y145.937 E.0213
G1 X145.436 Y146.337 E.02129
G1 X145.126 Y146.71 E.0213
G1 X144.783 Y147.055 E.02129
G1 X144.412 Y147.367 E.0213
G1 X144.01 Y147.647 E.02147
G1 X143.356 Y148.001 E.03262
G1 X142.89 Y148.186 E.02196
G1 X142.402 Y148.33 E.02233
G1 X141.914 Y148.425 E.02179
G1 X141.449 Y148.475 E.02054
G1 X141.085 Y148.488 E.01596
G1 X98.18 Y148.488 E1.88166
G1 X97.506 Y148.447 E.02961
G1 X96.798 Y148.319 E.03153
G1 X96.349 Y148.186 E.02055
G1 X95.898 Y148.007 E.0213
G1 X95.474 Y147.793 E.02081
G1 X95.068 Y147.542 E.02095
G1 X94.812 Y147.356 E.01385
G1 X94.431 Y147.032 E.02197
G1 X94.106 Y146.702 E.02029
G1 X93.814 Y146.35 E.02007
G1 X93.414 Y145.744 E.03185
G1 X93.2 Y145.327 E.02056
G1 X93.018 Y144.877 E.0213
G1 X92.877 Y144.412 E.02129
G1 X92.778 Y143.937 E.02129
G1 X92.722 Y143.454 E.0213
G1 X92.709 Y142.969 E.02129
G1 X92.74 Y142.484 E.02129
G1 X92.815 Y142.005 E.0213
G1 X92.933 Y141.53 E.02147
G1 X93.193 Y140.833 E.0326
G1 X93.427 Y140.378 E.02245
G1 X93.701 Y139.949 E.02233
G1 X93.999 Y139.566 E.02127
G1 X94.324 Y139.217 E.0209
G1 X94.808 Y138.794 E.0282
G1 X95.131 Y138.567 E.01733
G1 X95.39 Y138.935 F18000
G1 F2400
G1 X95.474 Y138.876 E.0045
G1 X96.066 Y138.555 E.02957
G1 X96.489 Y138.386 E.01997
G1 X96.938 Y138.254 E.02051
G1 X97.398 Y138.163 E.02055
G1 X97.818 Y138.119 E.01852
G1 X98.165 Y138.106 E.01523
G1 X141.228 Y138.11 E1.88859
G1 X141.686 Y138.144 E.02016
G1 X142.137 Y138.216 E.02
G1 X142.577 Y138.33 E.01995
G1 X142.997 Y138.479 E.01954
G1 X143.401 Y138.666 E.01951
G1 X143.795 Y138.894 E.02
G1 X144.159 Y139.15 E.01949
G1 X144.506 Y139.446 E.02004
G1 X144.818 Y139.764 E.01951
G1 X145.099 Y140.109 E.01953
G1 X145.349 Y140.478 E.01952
G1 X145.565 Y140.867 E.01953
G1 X145.744 Y141.274 E.01951
G1 X145.882 Y141.686 E.01903
G1 X146.012 Y142.254 E.02556
G1 X146.07 Y142.731 E.02108
G1 X146.08 Y143.174 E.01942
G1 X146.051 Y143.618 E.01953
G1 X145.983 Y144.058 E.01953
G1 X145.875 Y144.49 E.01952
G1 X145.729 Y144.91 E.01953
G1 X145.545 Y145.316 E.01952
G1 X145.326 Y145.704 E.01953
G1 X145.074 Y146.07 E.01952
G1 X144.789 Y146.413 E.01953
G1 X144.475 Y146.728 E.01952
G1 X144.134 Y147.014 E.01952
G1 X143.768 Y147.268 E.01954
G1 X143.173 Y147.59 E.02967
G1 X142.75 Y147.759 E.01997
G1 X142.301 Y147.892 E.02051
G1 X141.842 Y147.982 E.02055
G1 X141.421 Y148.027 E.01852
G1 X141.074 Y148.039 E.01523
G1 X98.197 Y148.039 E1.88042
G1 X97.567 Y148.002 E.02768
G1 X96.91 Y147.884 E.02931
G1 X96.502 Y147.764 E.01865
G1 X96.087 Y147.599 E.01955
G1 X95.698 Y147.404 E.01909
G1 X95.086 Y147 E.03218
G1 X94.741 Y146.707 E.01986
G1 X94.443 Y146.405 E.01858
G1 X94.171 Y146.076 E.01873
G1 X93.806 Y145.523 E.02907
G1 X93.606 Y145.134 E.01919
G1 X93.443 Y144.732 E.019
G1 X93.313 Y144.307 E.01953
G1 X93.222 Y143.871 E.01953
G1 X93.17 Y143.429 E.01953
G1 X93.159 Y142.972 E.02005
G1 X93.188 Y142.527 E.01952
G1 X93.256 Y142.087 E.01953
G1 X93.365 Y141.655 E.01953
G1 X93.601 Y141.022 E.02964
G1 X93.813 Y140.607 E.02044
G1 X94.065 Y140.213 E.02051
G1 X94.337 Y139.862 E.01947
G1 X94.641 Y139.536 E.01957
G1 X95.08 Y139.152 E.02555
G1 X95.357 Y138.958 E.01484
G1 X95.586 Y139.356 F18000
G1 F2400
G1 X96.318 Y138.934 E.03706
G1 X96.678 Y138.796 E.01689
G1 X97.099 Y138.678 E.0192
G1 X97.864 Y138.571 E.03386
G1 X141.586 Y138.591 E1.91748
G1 X142.386 Y138.748 E.03575
G1 X143.15 Y139.049 E.03601
G1 X143.842 Y139.482 E.03582
G1 X144.5 Y140.081 E.03901
G1 X144.741 Y140.38 E.01685
G1 X144.981 Y140.74 E.01896
G1 X145.429 Y141.759 E.04881
G1 X145.601 Y142.618 E.03841
G1 X145.601 Y143.553 E.04101
G1 X145.444 Y144.342 E.03527
G1 X145.194 Y145.001 E.03094
G1 X144.783 Y145.699 E.03551
G1 X144.264 Y146.302 E.03492
G1 X143.72 Y146.754 E.03098
G1 X143.02 Y147.159 E.03547
G1 X142.26 Y147.433 E.03544
G1 X141.478 Y147.567 E.03479
G1 X97.747 Y147.564 E1.9179
G1 X96.953 Y147.425 E.03535
G1 X96.175 Y147.138 E.03634
G1 X95.438 Y146.695 E.03772
G1 X94.83 Y146.154 E.03567
G1 X94.274 Y145.422 E.04031
G1 X93.889 Y144.64 E.03824
G1 X93.757 Y144.225 E.01908
G1 X93.672 Y143.846 E.01704
G1 X93.611 Y143.129 E.03157
G1 X93.696 Y142.219 E.04005
G1 X93.926 Y141.422 E.03639
G1 X94.318 Y140.654 E.03783
G1 X94.815 Y140.008 E.03577
G1 X95.504 Y139.403 E.04017
G1 X95.551 Y139.376 E.00242
G1 X95.804 Y139.736 F18000
G1 F2400
G1 X96.468 Y139.357 E.03352
G1 X96.844 Y139.213 E.01762
G1 X97.227 Y139.108 E.01743
G1 X97.931 Y139.015 E.03116
G1 X141.493 Y139.029 E1.91046
G1 X142.217 Y139.163 E.03227
G1 X142.907 Y139.426 E.03241
G1 X143.535 Y139.808 E.03223
G1 X144.144 Y140.355 E.0359
G1 X144.396 Y140.667 E.01756
G1 X144.613 Y140.996 E.01731
G1 X144.988 Y141.839 E.04048
G1 X145.152 Y142.611 E.0346
G1 X145.162 Y143.459 E.03719
G1 X145.029 Y144.172 E.03178
G1 X144.77 Y144.852 E.03193
G1 X144.393 Y145.476 E.03197
G1 X143.986 Y145.95 E.02744
G1 X143.425 Y146.416 E.03197
G1 X142.791 Y146.774 E.03193
G1 X142.103 Y147.013 E.03193
G1 X141.398 Y147.126 E.03134
G1 X97.836 Y147.125 E1.91044
G1 X97.018 Y146.981 E.0364
G1 X96.325 Y146.715 E.03255
G1 X95.664 Y146.307 E.03406
G1 X95.124 Y145.815 E.03207
G1 X94.68 Y145.232 E.03213
G1 X94.318 Y144.51 E.0354
G1 X94.196 Y144.134 E.01735
G1 X94.108 Y143.74 E.0177
G1 X94.057 Y143.083 E.02889
G1 X94.143 Y142.254 E.03654
G1 X94.359 Y141.541 E.03268
G1 X94.72 Y140.852 E.03412
G1 X95.174 Y140.276 E.03217
G1 X95.774 Y139.762 E.03466
G1 X96.02 Y140.129 F18000
G1 F2400
G1 X96.622 Y139.778 E.03057
G1 X96.957 Y139.647 E.01574
G1 X97.355 Y139.537 E.01812
G1 X97.994 Y139.459 E.02822
G1 X141.406 Y139.469 E1.90391
G1 X142.053 Y139.581 E.02877
G1 X142.67 Y139.807 E.02883
G1 X143.23 Y140.138 E.02853
G1 X143.791 Y140.631 E.03277
G1 X144.018 Y140.908 E.0157
G1 X144.245 Y141.252 E.01808
G1 X144.548 Y141.927 E.03245
G1 X144.704 Y142.61 E.03073
G1 X144.722 Y143.371 E.03337
G1 X144.612 Y144.007 E.02833
G1 X144.389 Y144.616 E.02843
G1 X144.061 Y145.175 E.02843
G1 X143.638 Y145.666 E.02843
G1 X143.135 Y146.074 E.02843
G1 X142.566 Y146.386 E.02843
G1 X141.952 Y146.591 E.02841
G1 X141.323 Y146.684 E.02786
G1 X97.918 Y146.684 E1.90358
G1 X97.184 Y146.564 E.03263
G1 X96.565 Y146.336 E.02889
G1 X95.97 Y145.979 E.03044
G1 X95.483 Y145.547 E.02857
G1 X95.084 Y145.037 E.0284
G1 X94.748 Y144.381 E.03231
G1 X94.62 Y143.989 E.01808
G1 X94.545 Y143.637 E.01578
G1 X94.504 Y143.041 E.0262
G1 X94.59 Y142.294 E.03297
G1 X94.789 Y141.666 E.0289
G1 X95.119 Y141.056 E.03044
G1 X95.53 Y140.55 E.02857
G1 X95.99 Y140.155 E.0266
G1 X96.277 Y140.499 F18000
G1 F2400
G1 X96.315 Y140.467 E.00221
G1 X96.781 Y140.197 E.02358
G1 X97.069 Y140.082 E.01364
G1 X97.484 Y139.967 E.01886
G1 X98.05 Y139.904 E.025
G1 X141.319 Y139.909 E1.89758
G1 X141.989 Y140.025 E.0298
G1 X142.519 Y140.229 E.02491
G1 X143.006 Y140.526 E.02503
G1 X143.441 Y140.911 E.02548
G1 X143.64 Y141.15 E.01362
G1 X143.877 Y141.508 E.01886
G1 X144.11 Y142.023 E.02478
G1 X144.255 Y142.616 E.02678
G1 X144.281 Y143.289 E.02955
G1 X144.192 Y143.849 E.02487
G1 X144.004 Y144.386 E.02492
G1 X143.723 Y144.88 E.02492
G1 X143.359 Y145.315 E.02492
G1 X142.922 Y145.679 E.02492
G1 X142.428 Y145.959 E.02492
G1 X141.892 Y146.147 E.02492
G1 X141.333 Y146.235 E.0248
G1 X97.907 Y146.235 E1.90449
G1 X97.25 Y146.12 E.02927
G1 X96.717 Y145.915 E.02504
G1 X96.197 Y145.593 E.02682
G1 X95.778 Y145.209 E.0249
G1 X95.435 Y144.757 E.02492
G1 X95.178 Y144.253 E.0248
G1 X95.045 Y143.844 E.01886
G1 X94.982 Y143.539 E.01364
G1 X94.951 Y143.004 E.02353
G1 X95.036 Y142.34 E.02933
G1 X95.218 Y141.799 E.02504
G1 X95.516 Y141.265 E.02682
G1 X95.88 Y140.83 E.0249
G1 X96.246 Y140.524 E.0209
G1 X96.534 Y140.859 F18000
G1 F2400
G1 X96.535 Y140.858 E.00007
G1 X96.947 Y140.614 E.02098
G1 X97.181 Y140.516 E.01116
G1 X97.613 Y140.397 E.01966
G1 X98.099 Y140.349 E.02141
G1 X141.33 Y140.358 E1.89593
G1 X141.824 Y140.442 E.02196
G1 X142.283 Y140.61 E.02145
G1 X142.704 Y140.858 E.02141
G1 X143.095 Y141.197 E.02273
G1 X143.261 Y141.39 E.01116
G1 X143.508 Y141.764 E.01966
G1 X143.703 Y142.212 E.02141
G1 X143.821 Y142.727 E.02317
G1 X143.839 Y143.215 E.02141
G1 X143.77 Y143.698 E.02141
G1 X143.616 Y144.161 E.02141
G1 X143.381 Y144.59 E.02141
G1 X143.074 Y144.969 E.02141
G1 X142.704 Y145.288 E.02141
G1 X142.283 Y145.535 E.02141
G1 X141.825 Y145.703 E.02141
G1 X141.344 Y145.787 E.02141
G1 X97.895 Y145.787 E1.90547
G1 X97.414 Y145.703 E.02141
G1 X96.956 Y145.535 E.02141
G1 X96.503 Y145.264 E.02317
G1 X96.137 Y144.94 E.02141
G1 X95.836 Y144.556 E.02141
G1 X95.607 Y144.124 E.02141
G1 X95.469 Y143.698 E.01966
G1 X95.421 Y143.448 E.01116
G1 X95.398 Y142.971 E.02098
G1 X95.46 Y142.486 E.02141
G1 X95.607 Y142.021 E.02141
G1 X95.858 Y141.556 E.02317
G1 X96.165 Y141.176 E.02141
G1 X96.503 Y140.885 E.01959
G1 E-.8 F3600
G1 X141.685 Y145.17 F18000
G1 E.8 F3600
;TYPE:Outer wall
G1 F2400
G1 X141.314 Y145.238 E.01654
G1 X97.925 Y145.238 E1.9029
G1 X97.541 Y145.168 E.01709
G1 X97.176 Y145.031 E.01709
G1 X96.842 Y144.831 E.01709
G1 X96.548 Y144.575 E.01709
G1 X96.305 Y144.27 E.01709
G1 X96.121 Y143.927 E.01709
G1 X96 Y143.556 E.01709
G1 X95.948 Y143.17 E.01709
G1 X95.965 Y142.781 E.01709
G1 X96.053 Y142.395 E.01734
G1 X96.118 Y142.223 E.00806
G1 X96.305 Y141.875 E.01734
G1 X96.548 Y141.57 E.01709
G1 X96.842 Y141.314 E.01709
G1 X97.176 Y141.114 E.01709
G1 X97.541 Y140.977 E.01709
G1 X97.925 Y140.907 E.01709
G1 X141.302 Y140.907 E1.90234
G1 X141.698 Y140.977 E.01767
G1 X142.063 Y141.114 E.01707
G1 X142.397 Y141.314 E.01709
G1 X142.691 Y141.57 E.01709
G1 X142.934 Y141.875 E.01709
G1 X143.118 Y142.218 E.01709
G1 X143.239 Y142.589 E.01709
G1 X143.291 Y142.975 E.01709
G1 X143.274 Y143.364 E.01709
G1 X143.187 Y143.744 E.01709
G1 X143.034 Y144.103 E.01709
G1 X142.819 Y144.428 E.01709
G1 X142.546 Y144.714 E.01734
G1 X142.402 Y144.828 E.00806
G1 X142.063 Y145.031 E.01734
G1 X141.705 Y145.166 E.01677
G1 X141.578 Y144.734 F18000
;TYPE:Inner wall
G1 F2400
G1 X141.274 Y144.789 E.01355
G1 X97.965 Y144.789 E1.89936
G1 X97.661 Y144.734 E.01355
G1 X97.372 Y144.626 E.01355
G1 X97.106 Y144.467 E.01355
G1 X96.874 Y144.264 E.01355
G1 X96.681 Y144.022 E.01355
G1 X96.535 Y143.75 E.01355
G1 X96.439 Y143.456 E.01355
G1 X96.398 Y143.15 E.01355
G1 X96.412 Y142.841 E.01355
G1 X96.484 Y142.525 E.01424
G1 X96.527 Y142.409 E.00541
G1 X96.681 Y142.123 E.01424
G1 X96.874 Y141.882 E.01355
G1 X97.106 Y141.678 E.01355
G1 X97.372 Y141.52 E.01355
G1 X97.661 Y141.411 E.01355
G1 X97.965 Y141.356 E.01355
G1 X141.262 Y141.355 E1.89884
G1 X141.579 Y141.412 E.01413
G1 X141.867 Y141.52 E.01349
G1 X142.133 Y141.678 E.01355
G1 X142.365 Y141.882 E.01355
G1 X142.558 Y142.123 E.01355
G1 X142.704 Y142.395 E.01355
G1 X142.8 Y142.689 E.01355
G1 X142.841 Y142.995 E.01355
G1 X142.828 Y143.304 E.01355
G1 X142.759 Y143.605 E.01355
G1 X142.637 Y143.889 E.01355
G1 X142.467 Y144.147 E.01355
G1 X142.243 Y144.382 E.01424
G1 X142.146 Y144.459 E.00541
G1 X141.867 Y144.626 E.01424
G1 X141.597 Y144.727 E.01268
G1 E-.8 F3600
G1 X97.693 Y143.777 F18000
G1 E.8 F3600
;TYPE:Outer wall
G1 F2400
G1 X97.958 Y143.887 E.01256
G1 X98.281 Y143.887 E.01421
G1 X98.581 Y143.763 E.01421
G1 X98.81 Y143.534 E.01421
G1 X98.934 Y143.235 E.01421
G1 X98.934 Y142.911 E.01421
G1 X98.81 Y142.611 E.01421
G1 X98.581 Y142.382 E.01421
G1 X98.281 Y142.258 E.01423
G1 X97.957 Y142.258 E.01419
G1 X97.658 Y142.382 E.0142
G1 X97.429 Y142.611 E.01421
G1 X97.305 Y142.911 E.01421
G1 X97.305 Y143.235 E.01421
G1 X97.429 Y143.534 E.01421
G1 X97.658 Y143.763 E.01421
G1 X97.674 Y143.77 E.00077
G1 X97.461 Y144.167 F18000
;TYPE:Inner wall
G1 F2400
G1 X97.868 Y144.335 E.01934
G1 X98.371 Y144.335 E.02203
G1 X98.835 Y144.143 E.02203
G1 X99.19 Y143.788 E.02203
G1 X99.382 Y143.324 E.02203
G1 X99.382 Y142.821 E.02203
G1 X99.19 Y142.357 E.02203
G1 X98.835 Y142.002 E.02204
G1 X98.37 Y141.81 E.02206
G1 X97.868 Y141.81 E.02201
G1 X97.404 Y142.002 E.02202
G1 X97.049 Y142.357 E.02203
G1 X96.857 Y142.821 E.02203
G1 X96.857 Y143.324 E.02203
G1 X97.049 Y143.788 E.02203
G1 X97.404 Y144.143 E.02203
G1 X97.442 Y144.159 E.00182
G1 E-.8 F3600
G1 X141.222 Y143.887 F18000
G1 E.8 F3600
;TYPE:Outer wall
G1 F2400
G1 X141.281 Y143.887 E.00262
G1 X141.581 Y143.763 E.01421
G1 X141.81 Y143.534 E.01421
G1 X141.934 Y143.235 E.01421
G1 X141.934 Y142.911 E.01421
G1 X141.81 Y142.611 E.01421
G1 X141.581 Y142.382 E.01421
G1 X141.281 Y142.258 E.01423
G1 X140.957 Y142.258 E.01419
G1 X140.658 Y142.382 E.0142
G1 X140.429 Y142.611 E.01421
G1 X140.305 Y142.911 E.01421
G1 X140.305 Y143.235 E.01421
G1 X140.429 Y143.534 E.01421
G1 X140.658 Y143.763 E.01421
G1 X140.958 Y143.887 E.01421
G1 X141.202 Y143.887 E.01071
G1 X141.427 Y144.312 F18000
;TYPE:Inner wall
G1 F2400
G1 X141.835 Y144.143 E.01934
G1 X142.19 Y143.788 E.02203
G1 X142.382 Y143.324 E.02203
G1 X142.382 Y142.821 E.02203
G1 X142.19 Y142.357 E.02203
G1 X141.835 Y142.002 E.02204
G1 X141.37 Y141.81 E.02206
G1 X140.868 Y141.81 E.02201
G1 X140.404 Y142.002 E.02202
G1 X140.049 Y142.357 E.02203
G1 X139.857 Y142.821 E.02203
G1 X139.857 Y143.324 E.02203
G1 X140.049 Y143.788 E.02203
G1 X140.404 Y144.143 E.02203
G1 X140.868 Y144.335 E.02203
G1 X141.371 Y144.335 E.02203
G1 X141.409 Y144.32 E.00182
G1 E-.8 F3600
G1 X140.715 Y144.541 F18000
G1 E.8 F3600
;TYPE:Gap infill
;WIDTH:0.12662
G1 F2400
G1 X140.625 Y144.523 E.00068
;WIDTH:0.161889
G1 X140.534 Y144.505 E.001
G1 X140.38 Y144.402 E.002
G1 E-.8 F3600
G1 X140.717 Y141.604 F18000
G1 E.8 F3600
;WIDTH:0.126697
G1 F2400
G1 X140.572 Y141.632 E.00108
;WIDTH:0.141889
G1 X140.428 Y141.661 E.0013
G1 X140.035 Y142.181 F18000
;TYPE:Bottom surface
;WIDTH:0.501228
G1 F3000
G1 X139.545 Y141.692 E.03044
G1 X138.909 Y141.692 E.02797
G1 X139.653 Y142.435 E.04623
G1 X139.52 Y142.755 E.0152
G1 X139.52 Y142.939 E.00811
G1 X138.273 Y141.692 E.07756
G1 X137.637 Y141.692 E.02797
G1 X139.651 Y143.705 E.12521
G1 X139.764 Y143.978 E.01301
G1 X140.06 Y144.275 E.01845
G1 X139.942 Y144.453 E.00941
G1 X139.762 Y144.453 E.00788
G1 X137.001 Y141.692 E.17172
G1 X136.365 Y141.692 E.02797
G1 X139.126 Y144.453 E.17172
G1 X138.49 Y144.453 E.02797
G1 X135.729 Y141.692 E.17172
G1 X135.093 Y141.692 E.02797
G1 X137.854 Y144.453 E.17172
G1 X137.218 Y144.453 E.02797
G1 X134.457 Y141.692 E.17172
G1 X133.821 Y141.692 E.02797
G1 X136.582 Y144.453 E.17172
G1 X135.946 Y144.453 E.02797
G1 X133.185 Y141.692 E.17172
G1 X132.549 Y141.692 E.02797
G1 X135.31 Y144.453 E.17172
G1 X134.674 Y144.453 E.02797
G1 X131.913 Y141.692 E.17172
G1 X131.277 Y141.692 E.02797
G1 X134.038 Y144.453 E.17171
G1 X133.402 Y144.453 E.02797
G1 X130.641 Y141.692 E.17171
G1 X130.005 Y141.692 E.02797
G1 X132.766 Y144.453 E.17171
G1 X132.13 Y144.453 E.02797
G1 X129.369 Y141.692 E.17171
G1 X128.733 Y141.692 E.02797
G1 X131.494 Y144.453 E.17171
G1 X130.858 Y144.453 E.02797
G1 X128.097 Y141.692 E.17171
G1 X127.461 Y141.692 E.02797
G1 X130.222 Y144.453 E.17171
G1 X129.586 Y144.453 E.02797
G1 X126.825 Y141.692 E.17171
G1 X126.189 Y141.692 E.02797
G1 X128.95 Y144.453 E.17171
G1 X128.314 Y144.453 E.02797
G1 X125.553 Y141.692 E.17171
G1 X124.917 Y141.692 E.02797
G1 X127.678 Y144.453 E.17171
G1 X127.042 Y144.453 E.02797
G1 X124.281 Y141.692 E.17171
G1 X123.645 Y141.692 E.02797
G1 X126.406 Y144.453 E.17171
G1 X125.77 Y144.453 E.02797
G1 X123.009 Y141.692 E.17171
G1 X122.373 Y141.692 E.02797
G1 X125.134 Y144.453 E.17171
G1 X124.498 Y144.453 E.02797
G1 X121.737 Y141.692 E.17171
G1 X121.101 Y141.692 E.02797
G1 X123.862 Y144.453 E.17171
G1 X123.226 Y144.453 E.02797
G1 X120.465 Y141.692 E.17171
G1 X119.829 Y141.692 E.02797
G1 X122.59 Y144.453 E.1717
G1 X121.954 Y144.453 E.02797
G1 X119.193 Y141.692 E.1717
G1 X118.557 Y141.692 E.02797
G1 X121.318 Y144.453 E.1717
G1 X120.682 Y144.453 E.02797
G1 X117.921 Y141.692 E.1717
G1 X117.285 Y141.692 E.02797
G1 X120.046 Y144.453 E.1717
G1 X119.41 Y144.453 E.02797
G1 X116.649 Y141.692 E.1717
G1 X116.013 Y141.692 E.02797
G1 X118.774 Y144.453 E.1717
G1 X118.138 Y144.453 E.02797
G1 X115.377 Y141.692 E.1717
G1 X114.741 Y141.692 E.02797
G1 X117.502 Y144.453 E.1717
G1 X116.866 Y144.453 E.02797
G1 X114.105 Y141.692 E.1717
G1 X113.469 Y141.692 E.02797
G1 X116.23 Y144.453 E.1717
G1 X115.594 Y144.453 E.02797
G1 X112.833 Y141.692 E.1717
G1 X112.197 Y141.692 E.02797
G1 X114.958 Y144.453 E.1717
G1 X114.322 Y144.453 E.02797
G1 X111.561 Y141.692 E.1717
G1 X110.925 Y141.692 E.02797
G1 X113.686 Y144.453 E.1717
G1 X113.05 Y144.453 E.02797
G1 X110.289 Y141.692 E.1717
G1 X109.653 Y141.692 E.02797
G1 X112.414 Y144.453 E.1717
G1 X111.778 Y144.453 E.02797
G1 X109.017 Y141.692 E.1717
G1 X108.381 Y141.692 E.02797
G1 X111.142 Y144.453 E.1717
G1 X110.506 Y144.453 E.02797
G1 X107.745 Y141.692 E.17169
G1 X107.109 Y141.692 E.02797
G1 X109.87 Y144.453 E.17169
G1 X109.234 Y144.453 E.02797
G1 X106.473 Y141.692 E.17169
G1 X105.837 Y141.692 E.02797
G1 X108.598 Y144.453 E.17169
G1 X107.962 Y144.453 E.02797
G1 X105.201 Y141.692 E.17169
G1 X104.565 Y141.692 E.02797
G1 X107.326 Y144.453 E.17169
G1 X106.69 Y144.453 E.02797
G1 X103.929 Y141.692 E.17169
G1 X103.293 Y141.692 E.02797
G1 X106.054 Y144.453 E.17169
G1 X105.418 Y144.453 E.02797
G1 X102.657 Y141.692 E.17169
G1 X102.021 Y141.692 E.02797
G1 X104.782 Y144.453 E.17169
G1 X104.146 Y144.453 E.02797
G1 X101.385 Y141.692 E.17169
G1 X100.749 Y141.692 E.02797
G1 X103.51 Y144.453 E.17169
G1 X102.874 Y144.453 E.02797
G1 X100.113 Y141.692 E.17169
G1 X99.477 Y141.692 E.02797
G1 X102.238 Y144.453 E.17169
G1 X101.602 Y144.453 E.02797
G1 X99.588 Y142.439 E.12526
G1 X99.719 Y142.755 E.01503
G1 X99.719 Y143.206 E.01983
G1 X100.966 Y144.453 E.07758
G1 X100.33 Y144.453 E.02797
G1 X99.587 Y143.71 E.04623
G1 X99.475 Y143.978 E.0128
G1 X99.347 Y144.106 E.00795
G1 X99.896 Y144.655 E.03411
G1 E-.8 F3600
G1 X99.165 Y141.58 F18000
G1 E.8 F3600
;TYPE:Gap infill
;WIDTH:0.266304
G1 F2400
G1 X99.126 Y141.709 E.00283
G1 X99.124 Y141.815 E.00223
G1 X99.44 Y142.132 E.0094
;WIDTH:0.259417
G1 X99.438 Y142.153 E.00043
;WIDTH:0.226623
G1 X99.436 Y142.174 E.00036
;WIDTH:0.197271
G1 X99.426 Y142.229 E.00079
;WIDTH:0.184315
G1 X99.416 Y142.283 E.00072
G1 X98.811 Y141.662 F18000
;WIDTH:0.15687
G1 F2400
G1 X98.668 Y141.633 E.00151
;WIDTH:0.141748
G1 X98.524 Y141.604 E.0013
G1 E-.8 F3600
G1 X98.811 Y144.484 F18000
G1 E.8 F3600
;WIDTH:0.156857
G1 F2400
G1 X98.668 Y144.512 E.00151
;WIDTH:0.14174
G1 X98.524 Y144.541 E.00129
; stop printing object links_Servo.stl id:0 copy 0
; printing object "links_Servo.stl" id:1 copy 0
G1 E-.8 F3600
G1 X99.448 Y129.473 F18000
G1 E.8 F3600
;TYPE:Brim
;WIDTH:0.5
G1 F2400
G1 X98.677 Y129.426 E.03385
G1 X97.865 Y129.279 E.0362
G1 X97.285 Y129.109 E.02652
G1 X96.72 Y128.886 E.0266
G1 X96.178 Y128.615 E.0266
G1 X95.661 Y128.294 E.02667
G1 X95.349 Y128.067 E.01693
G1 X94.885 Y127.675 E.02668
G1 X94.458 Y127.243 E.0266
G1 X94.074 Y126.776 E.02652
G1 X93.618 Y126.086 E.03627
G1 X93.34 Y125.549 E.02652
G1 X93.111 Y124.988 E.0266
G1 X92.933 Y124.408 E.0266
G1 X92.807 Y123.815 E.0266
G1 X92.736 Y123.213 E.0266
G1 X92.718 Y122.606 E.0266
G1 X92.755 Y122.001 E.02659
G1 X92.846 Y121.401 E.0266
G1 X92.991 Y120.812 E.02659
G1 X93.188 Y120.237 E.02668
G1 X93.34 Y119.882 E.01693
G1 X93.619 Y119.342 E.02667
G1 X93.945 Y118.831 E.0266
G1 X94.316 Y118.35 E.0266
G1 X94.726 Y117.907 E.02652
G1 X95.349 Y117.363 E.03626
G1 X95.844 Y117.015 E.02652
G1 X96.371 Y116.712 E.02667
G1 X96.719 Y116.544 E.01693
G1 X97.285 Y116.321 E.02668
G1 X97.867 Y116.151 E.0266
G1 X98.462 Y116.033 E.0266
G1 X99.067 Y115.968 E.02669
G1 X99.48 Y115.954 E.01815
G1 X142.669 Y115.959 E1.89411
G1 X143.24 Y116 E.02511
G1 X143.875 Y116.102 E.02817
G1 X144.461 Y116.254 E.02658
G1 X145.033 Y116.458 E.0266
G1 X145.583 Y116.712 E.0266
G1 X146.109 Y117.015 E.0266
G1 X146.605 Y117.364 E.0266
G1 X147.068 Y117.755 E.0266
G1 X147.494 Y118.187 E.02659
G1 X147.88 Y118.655 E.0266
G1 X148.222 Y119.156 E.02659
G1 X148.518 Y119.685 E.0266
G1 X148.765 Y120.239 E.02659
G1 X148.961 Y120.811 E.02652
G1 X149.145 Y121.617 E.03626
G1 X149.217 Y122.217 E.02652
G1 X149.234 Y122.824 E.0266
G1 X149.197 Y123.429 E.0266
G1 X149.106 Y124.029 E.0266
G1 X148.962 Y124.617 E.02659
G1 X148.765 Y125.191 E.0266
G1 X148.518 Y125.745 E.02659
G1 X148.222 Y126.274 E.0266
G1 X147.88 Y126.775 E.0266
G1 X147.494 Y127.243 E.0266
G1 X147.068 Y127.675 E.02659
G1 X146.605 Y128.066 E.0266
G1 X146.109 Y128.415 E.0266
G1 X145.582 Y128.718 E.02667
G1 X145.234 Y128.886 E.01692
G1 X144.668 Y129.109 E.02668
G1 X144.086 Y129.279 E.0266
G1 X143.491 Y129.397 E.0266
G1 X142.886 Y129.462 E.02669
G1 X142.472 Y129.476 E.01814
G1 X99.483 Y129.476 E1.88534
G1 X99.468 Y129.475 E.00069
G1 X99.495 Y129.027 F18000
G1 F2400
G1 X98.739 Y128.981 E.03321
G1 X97.961 Y128.84 E.03465
G1 X97.425 Y128.682 E.02454
G1 X96.898 Y128.474 E.02483
G1 X96.392 Y128.22 E.02483
G1 X95.916 Y127.924 E.02458
G1 X95.622 Y127.711 E.01591
G1 X95.185 Y127.341 E.02511
G1 X94.796 Y126.947 E.0243
G1 X94.44 Y126.515 E.02454
G1 X94.002 Y125.853 E.0348
G1 X93.746 Y125.355 E.02454
G1 X93.532 Y124.831 E.02483
G1 X93.366 Y124.29 E.02483
G1 X93.25 Y123.736 E.02483
G1 X93.183 Y123.173 E.02483
G1 X93.168 Y122.608 E.02483
G1 X93.203 Y122.043 E.02483
G1 X93.288 Y121.483 E.02483
G1 X93.423 Y120.933 E.02483
G1 X93.605 Y120.403 E.02459
G1 X93.744 Y120.078 E.01548
G1 X94.011 Y119.561 E.02554
G1 X94.316 Y119.084 E.02483
G1 X94.662 Y118.636 E.02483
G1 X95.045 Y118.224 E.02464
G1 X95.621 Y117.721 E.03355
G1 X96.09 Y117.391 E.02517
G1 X96.576 Y117.111 E.02458
G1 X96.894 Y116.958 E.01547
G1 X97.425 Y116.748 E.02502
G1 X97.968 Y116.588 E.02483
G1 X98.535 Y116.476 E.02536
G1 X99.093 Y116.417 E.02462
G1 X99.49 Y116.403 E.01742
G1 X142.648 Y116.407 E1.89275
G1 X143.194 Y116.447 E.02401
G1 X143.789 Y116.543 E.02641
G1 X144.335 Y116.685 E.02477
G1 X144.857 Y116.872 E.0243
G1 X145.371 Y117.109 E.02483
G1 X145.872 Y117.397 E.02536
G1 X146.335 Y117.723 E.02483
G1 X146.767 Y118.089 E.02483
G1 X147.165 Y118.492 E.02483
G1 X147.524 Y118.93 E.02483
G1 X147.843 Y119.397 E.02483
G1 X148.119 Y119.892 E.02483
G1 X148.349 Y120.409 E.02483
G1 X148.531 Y120.941 E.02464
G1 X148.701 Y121.687 E.03355
G1 X148.769 Y122.256 E.02517
G1 X148.785 Y122.822 E.02483
G1 X148.75 Y123.387 E.02483
G1 X148.664 Y123.947 E.02483
G1 X148.529 Y124.497 E.02483
G1 X148.345 Y125.032 E.02483
G1 X148.114 Y125.549 E.02483
G1 X147.837 Y126.043 E.02483
G1 X147.517 Y126.51 E.02483
G1 X147.157 Y126.947 E.02483
G1 X146.758 Y127.349 E.02483
G1 X146.326 Y127.714 E.02483
G1 X145.862 Y128.039 E.02483
G1 X145.376 Y128.319 E.02458
G1 X145.059 Y128.472 E.01547
G1 X144.528 Y128.682 E.02502
G1 X143.985 Y128.842 E.02483
G1 X143.418 Y128.954 E.02536
G1 X142.859 Y129.013 E.02462
G1 X142.462 Y129.027 E.01741
G1 X99.515 Y129.027 E1.88351
G1 X99.519 Y128.579 F18000
G1 F2400
G1 X98.801 Y128.535 E.03155
G1 X98.058 Y128.401 E.0331
G1 X97.565 Y128.255 E.02255
G1 X97.076 Y128.061 E.02306
G1 X96.617 Y127.83 E.02255
G1 X96.17 Y127.554 E.02303
G1 X95.895 Y127.355 E.01489
G1 X95.486 Y127.007 E.02355
G1 X95.125 Y126.641 E.02255
G1 X94.805 Y126.254 E.02204
G1 X94.387 Y125.619 E.03333
G1 X94.151 Y125.162 E.02256
G1 X93.953 Y124.675 E.02306
G1 X93.8 Y124.172 E.02306
G1 X93.692 Y123.657 E.02306
G1 X93.631 Y123.135 E.02306
G1 X93.617 Y122.609 E.02306
G1 X93.65 Y122.084 E.02306
G1 X93.73 Y121.565 E.02307
G1 X93.856 Y121.054 E.02307
G1 X94.023 Y120.568 E.02252
G1 X94.148 Y120.274 E.01402
G1 X94.398 Y119.791 E.02387
G1 X94.687 Y119.337 E.02359
G1 X95.009 Y118.922 E.02306
G1 X95.363 Y118.542 E.02277
G1 X95.893 Y118.079 E.03087
G1 X96.337 Y117.766 E.02382
G1 X96.782 Y117.51 E.0225
G1 X97.069 Y117.371 E.01403
G1 X97.565 Y117.175 E.02336
G1 X98.081 Y117.023 E.02359
G1 X98.608 Y116.919 E.02358
G1 X99.12 Y116.865 E.02257
G1 X99.5 Y116.851 E.01669
G1 X142.627 Y116.856 E1.89137
G1 X143.148 Y116.894 E.0229
G1 X143.69 Y116.982 E.02408
G1 X144.197 Y117.113 E.02299
G1 X144.693 Y117.29 E.02308
G1 X145.17 Y117.511 E.02307
G1 X145.636 Y117.779 E.02357
G1 X146.065 Y118.082 E.02305
G1 X146.466 Y118.423 E.02306
G1 X146.835 Y118.797 E.02306
G1 X147.169 Y119.204 E.02306
G1 X147.464 Y119.639 E.02306
G1 X147.72 Y120.098 E.02307
G1 X147.933 Y120.579 E.02306
G1 X148.1 Y121.07 E.02277
G1 X148.257 Y121.756 E.03086
G1 X148.322 Y122.295 E.02381
G1 X148.336 Y122.821 E.02304
G1 X148.303 Y123.346 E.02306
G1 X148.223 Y123.865 E.02307
G1 X148.096 Y124.376 E.02306
G1 X147.925 Y124.873 E.02306
G1 X147.71 Y125.353 E.02306
G1 X147.452 Y125.811 E.02307
G1 X147.155 Y126.245 E.02306
G1 X146.819 Y126.65 E.02306
G1 X146.449 Y127.023 E.02306
G1 X146.047 Y127.362 E.02306
G1 X145.616 Y127.664 E.02307
G1 X145.171 Y127.92 E.02252
G1 X144.883 Y128.059 E.01402
G1 X144.388 Y128.255 E.02337
G1 X143.872 Y128.407 E.02359
G1 X143.344 Y128.511 E.02358
G1 X142.832 Y128.565 E.02257
G1 X142.452 Y128.579 E.01669
G1 X99.539 Y128.579 E1.88201
G1 X99.539 Y128.13 F18000
G1 F2400
G1 X99.536 Y128.13 E.0001
G1 X98.862 Y128.09 E.02961
G1 X98.155 Y127.962 E.03153
G1 X97.706 Y127.828 E.02055
G1 X97.254 Y127.649 E.0213
G1 X96.831 Y127.435 E.02081
G1 X96.424 Y127.184 E.02095
G1 X96.169 Y126.999 E.01385
G1 X95.788 Y126.674 E.02197
G1 X95.463 Y126.345 E.02029
G1 X95.171 Y125.992 E.02007
G1 X94.771 Y125.386 E.03185
G1 X94.557 Y124.969 E.02056
G1 X94.375 Y124.519 E.0213
G1 X94.233 Y124.054 E.02129
G1 X94.134 Y123.579 E.02129
G1 X94.079 Y123.097 E.0213
G1 X94.066 Y122.611 E.02129
G1 X94.097 Y122.127 E.02129
G1 X94.172 Y121.647 E.0213
G1 X94.29 Y121.172 E.02147
G1 X94.55 Y120.475 E.0326
G1 X94.784 Y120.02 E.02245
G1 X95.058 Y119.591 E.02233
G1 X95.355 Y119.208 E.02127
G1 X95.681 Y118.86 E.0209
G1 X96.165 Y118.437 E.0282
G1 X96.587 Y118.14 E.02263
G1 X97.24 Y117.787 E.03257
G1 X97.705 Y117.602 E.02196
G1 X98.194 Y117.458 E.02233
G1 X98.681 Y117.362 E.02179
G1 X99.147 Y117.313 E.02053
G1 X99.511 Y117.3 E.01596
G1 X142.606 Y117.304 E1.88999
G1 X143.101 Y117.341 E.02179
G1 X143.591 Y117.42 E.02177
G1 X144.06 Y117.541 E.0212
G1 X144.517 Y117.703 E.02131
G1 X144.958 Y117.907 E.02129
G1 X145.389 Y118.154 E.02178
G1 X145.785 Y118.434 E.02128
G1 X146.165 Y118.756 E.02183
G1 X146.505 Y119.102 E.02129
G1 X146.812 Y119.478 E.0213
G1 X147.085 Y119.88 E.02129
G1 X147.321 Y120.304 E.0213
G1 X147.517 Y120.748 E.02128
G1 X147.67 Y121.199 E.0209
G1 X147.813 Y121.826 E.0282
G1 X147.874 Y122.334 E.02245
G1 X147.886 Y122.819 E.02124
G1 X147.855 Y123.303 E.02129
G1 X147.781 Y123.783 E.0213
G1 X147.664 Y124.254 E.02129
G1 X147.505 Y124.713 E.0213
G1 X147.306 Y125.156 E.02129
G1 X147.067 Y125.579 E.0213
G1 X146.792 Y125.979 E.02129
G1 X146.482 Y126.353 E.0213
G1 X146.14 Y126.697 E.02129
G1 X145.768 Y127.01 E.0213
G1 X145.367 Y127.289 E.02147
G1 X144.713 Y127.643 E.03262
G1 X144.247 Y127.828 E.02196
G1 X143.759 Y127.972 E.02233
G1 X143.271 Y128.068 E.02179
G1 X142.805 Y128.117 E.02054
G1 X142.442 Y128.13 E.01596
G1 X99.559 Y128.13 E1.88068
G1 X99.559 Y127.682 F18000
G1 F2400
G1 X99.554 Y127.682 E.00021
G1 X98.924 Y127.644 E.02768
G1 X98.266 Y127.526 E.02931
G1 X97.858 Y127.406 E.01865
G1 X97.444 Y127.242 E.01955
G1 X97.055 Y127.046 E.01909
G1 X96.443 Y126.643 E.03218
G1 X96.098 Y126.349 E.01986
G1 X95.8 Y126.048 E.01858
G1 X95.528 Y125.719 E.01873
G1 X95.163 Y125.165 E.02907
G1 X94.963 Y124.776 E.01919
G1 X94.8 Y124.375 E.019
G1 X94.67 Y123.949 E.01953
G1 X94.579 Y123.513 E.01953
G1 X94.527 Y123.071 E.01953
G1 X94.515 Y122.614 E.02005
G1 X94.544 Y122.17 E.01952
G1 X94.613 Y121.73 E.01953
G1 X94.722 Y121.298 E.01953
G1 X94.958 Y120.664 E.02964
G1 X95.17 Y120.25 E.02044
G1 X95.421 Y119.855 E.02051
G1 X95.693 Y119.504 E.01947
G1 X95.998 Y119.178 E.01957
G1 X96.437 Y118.795 E.02555
G1 X96.83 Y118.518 E.02109
G1 X97.423 Y118.198 E.02957
G1 X97.846 Y118.028 E.01997
G1 X98.295 Y117.896 E.02051
G1 X98.754 Y117.806 E.02055
G1 X99.174 Y117.761 E.01852
G1 X99.521 Y117.748 E.01523
G1 X142.585 Y117.753 E1.88859
G1 X143.043 Y117.786 E.02016
G1 X143.493 Y117.859 E.02
G1 X143.934 Y117.972 E.01995
G1 X144.354 Y118.122 E.01954
G1 X144.757 Y118.308 E.01951
G1 X145.152 Y118.536 E.02
G1 X145.515 Y118.793 E.01949
G1 X145.863 Y119.089 E.02004
G1 X146.174 Y119.407 E.01951
G1 X146.456 Y119.751 E.01953
G1 X146.706 Y120.12 E.01952
G1 X146.921 Y120.51 E.01953
G1 X147.101 Y120.917 E.01951
G1 X147.239 Y121.328 E.01903
G1 X147.369 Y121.896 E.02556
G1 X147.426 Y122.373 E.02108
G1 X147.437 Y122.816 E.01942
G1 X147.408 Y123.26 E.01953
G1 X147.339 Y123.7 E.01953
G1 X147.232 Y124.132 E.01952
G1 X147.085 Y124.553 E.01953
G1 X146.902 Y124.959 E.01952
G1 X146.683 Y125.346 E.01953
G1 X146.43 Y125.713 E.01952
G1 X146.146 Y126.055 E.01953
G1 X145.832 Y126.371 E.01952
G1 X145.49 Y126.657 E.01952
G1 X145.124 Y126.911 E.01954
G1 X144.529 Y127.232 E.02967
G1 X144.106 Y127.402 E.01997
G1 X143.658 Y127.534 E.02051
G1 X143.198 Y127.624 E.02055
G1 X142.778 Y127.669 E.01852
G1 X142.431 Y127.682 E.01523
G1 X99.579 Y127.682 E1.87934
G1 X99.579 Y127.207 F18000
G1 F2400
G1 X99.103 Y127.207 E.02086
G1 X98.309 Y127.067 E.03535
G1 X97.532 Y126.78 E.03634
G1 X96.795 Y126.337 E.03772
G1 X96.187 Y125.796 E.03567
G1 X95.631 Y125.064 E.04031
G1 X95.245 Y124.282 E.03824
G1 X95.113 Y123.868 E.01908
G1 X95.029 Y123.488 E.01704
G1 X94.968 Y122.771 E.03157
G1 X95.053 Y121.862 E.04005
G1 X95.283 Y121.065 E.03639
G1 X95.674 Y120.296 E.03783
G1 X96.172 Y119.65 E.03577
G1 X96.86 Y119.045 E.04017
G1 X97.675 Y118.576 E.04123
G1 X98.035 Y118.439 E.01689
G1 X98.456 Y118.32 E.0192
G1 X99.221 Y118.213 E.03386
G1 X142.943 Y118.233 E1.91748
G1 X143.743 Y118.39 E.03575
G1 X144.507 Y118.691 E.03601
G1 X145.199 Y119.124 E.03582
G1 X145.857 Y119.724 E.03901
G1 X146.098 Y120.023 E.01685
G1 X146.338 Y120.382 E.01896
G1 X146.786 Y121.401 E.04881
G1 X146.958 Y122.26 E.03841
G1 X146.958 Y123.195 E.04101
G1 X146.801 Y123.984 E.03527
G1 X146.55 Y124.643 E.03094
G1 X146.139 Y125.341 E.03551
G1 X145.62 Y125.945 E.03492
G1 X145.077 Y126.396 E.03098
G1 X144.377 Y126.802 E.03547
G1 X143.617 Y127.076 E.03544
G1 X142.835 Y127.21 E.03479
G1 X99.599 Y127.207 E1.89617
G1 X99.599 Y126.767 F18000
G1 F2400
G1 X99.193 Y126.767 E.01782
G1 X98.375 Y126.623 E.0364
G1 X97.682 Y126.358 E.03255
G1 X97.021 Y125.95 E.03406
G1 X96.48 Y125.457 E.03207
G1 X96.037 Y124.874 E.03213
G1 X95.675 Y124.153 E.0354
G1 X95.552 Y123.776 E.01735
G1 X95.465 Y123.382 E.0177
G1 X95.414 Y122.725 E.02889
G1 X95.5 Y121.897 E.03654
G1 X95.715 Y121.184 E.03268
G1 X96.077 Y120.495 E.03412
G1 X96.531 Y119.919 E.03217
G1 X97.161 Y119.378 E.03641
G1 X97.825 Y118.999 E.03352
G1 X98.2 Y118.856 E.01762
G1 X98.584 Y118.75 E.01743
G1 X99.288 Y118.657 E.03116
G1 X142.85 Y118.672 E1.91046
G1 X143.573 Y118.806 E.03227
G1 X144.264 Y119.068 E.03241
G1 X144.892 Y119.451 E.03223
G1 X145.501 Y119.997 E.0359
G1 X145.752 Y120.309 E.01756
G1 X145.97 Y120.638 E.01731
G1 X146.345 Y121.482 E.04048
G1 X146.509 Y122.253 E.0346
G1 X146.519 Y123.101 E.03719
G1 X146.386 Y123.814 E.03178
G1 X146.127 Y124.494 E.03193
G1 X145.75 Y125.118 E.03197
G1 X145.342 Y125.593 E.02744
G1 X144.782 Y126.059 E.03197
G1 X144.148 Y126.416 E.03193
G1 X143.46 Y126.655 E.03193
G1 X142.754 Y126.768 E.03134
G1 X99.619 Y126.767 E1.89175
G1 X99.619 Y126.326 F18000
G1 F2400
G1 X99.275 Y126.326 E.01509
G1 X98.54 Y126.206 E.03263
G1 X97.922 Y125.979 E.02889
G1 X97.327 Y125.622 E.03044
G1 X96.84 Y125.189 E.02857
G1 X96.441 Y124.679 E.0284
G1 X96.104 Y124.024 E.03231
G1 X95.977 Y123.632 E.01808
G1 X95.902 Y123.28 E.01578
G1 X95.861 Y122.684 E.0262
G1 X95.947 Y121.937 E.03297
G1 X96.146 Y121.309 E.0289
G1 X96.476 Y120.698 E.03044
G1 X96.886 Y120.192 E.02857
G1 X97.377 Y119.771 E.02835
G1 X97.979 Y119.42 E.03057
G1 X98.313 Y119.29 E.01574
G1 X98.712 Y119.18 E.01812
G1 X99.35 Y119.101 E.02822
G1 X142.763 Y119.112 E1.90391
G1 X143.41 Y119.223 E.02877
G1 X144.027 Y119.449 E.02883
G1 X144.587 Y119.78 E.02853
G1 X145.148 Y120.274 E.03277
G1 X145.375 Y120.551 E.0157
G1 X145.602 Y120.895 E.01808
G1 X145.905 Y121.57 E.03245
G1 X146.061 Y122.253 E.03073
G1 X146.079 Y123.013 E.03337
G1 X145.969 Y123.65 E.02833
G1 X145.746 Y124.258 E.02843
G1 X145.418 Y124.817 E.02843
G1 X144.995 Y125.309 E.02843
G1 X144.491 Y125.717 E.02843
G1 X143.923 Y126.028 E.02843
G1 X143.308 Y126.233 E.02841
G1 X142.68 Y126.326 E.02786
G1 X99.639 Y126.326 E1.88761
G1 X99.639 Y125.878 F18000
G1 F2400
G1 X99.264 Y125.878 E.01644
G1 X98.606 Y125.763 E.02927
G1 X98.074 Y125.557 E.02504
G1 X97.554 Y125.235 E.02682
G1 X97.135 Y124.852 E.0249
G1 X96.791 Y124.399 E.02492
G1 X96.534 Y123.895 E.0248
G1 X96.401 Y123.486 E.01886
G1 X96.339 Y123.182 E.01364
G1 X96.307 Y122.646 E.02353
G1 X96.393 Y121.983 E.02933
G1 X96.574 Y121.442 E.02504
G1 X96.873 Y120.908 E.02682
G1 X97.237 Y120.472 E.0249
G1 X97.672 Y120.109 E.02487
G1 X98.138 Y119.84 E.02358
G1 X98.426 Y119.724 E.01364
G1 X98.841 Y119.609 E.01886
G1 X99.407 Y119.546 E.025
G1 X142.676 Y119.552 E1.89758
G1 X143.345 Y119.667 E.0298
G1 X143.875 Y119.871 E.02491
G1 X144.363 Y120.168 E.02503
G1 X144.797 Y120.554 E.02548
G1 X144.996 Y120.792 E.01362
G1 X145.233 Y121.151 E.01886
G1 X145.467 Y121.665 E.02478
G1 X145.612 Y122.258 E.02678
G1 X145.638 Y122.932 E.02955
G1 X145.549 Y123.492 E.02487
G1 X145.361 Y124.028 E.02492
G1 X145.08 Y124.522 E.02492
G1 X144.716 Y124.958 E.02492
G1 X144.279 Y125.322 E.02492
G1 X143.785 Y125.602 E.02492
G1 X143.248 Y125.789 E.02492
G1 X142.69 Y125.878 E.0248
G1 X99.659 Y125.878 E1.88717
G1 X99.659 Y125.429 F18000
G1 F2400
G1 X99.252 Y125.429 E.01783
G1 X98.771 Y125.346 E.02141
G1 X98.313 Y125.177 E.02141
G1 X97.859 Y124.906 E.02317
G1 X97.494 Y124.582 E.02141
G1 X97.192 Y124.198 E.02141
G1 X96.964 Y123.767 E.02141
G1 X96.826 Y123.341 E.01966
G1 X96.778 Y123.091 E.01116
G1 X96.755 Y122.613 E.02098
G1 X96.817 Y122.129 E.02141
G1 X96.964 Y121.663 E.02141
G1 X97.215 Y121.198 E.02317
G1 X97.522 Y120.818 E.02141
G1 X97.892 Y120.5 E.02141
G1 X98.303 Y120.256 E.02098
G1 X98.538 Y120.158 E.01116
G1 X98.97 Y120.039 E.01966
G1 X99.456 Y119.992 E.02141
G1 X142.687 Y120 E1.89593
G1 X143.181 Y120.084 E.02196
G1 X143.64 Y120.253 E.02145
G1 X144.061 Y120.5 E.02141
G1 X144.452 Y120.84 E.02273
G1 X144.618 Y121.033 E.01116
G1 X144.865 Y121.407 E.01966
G1 X145.06 Y121.854 E.02141
G1 X145.178 Y122.369 E.02317
G1 X145.196 Y122.857 E.02141
G1 X145.127 Y123.341 E.02141
G1 X144.973 Y123.804 E.02141
G1 X144.738 Y124.232 E.02141
G1 X144.431 Y124.612 E.02141
G1 X144.061 Y124.93 E.02141
G1 X143.64 Y125.177 E.02141
G1 X143.181 Y125.346 E.02141
G1 X142.7 Y125.429 E.02141
G1 X99.679 Y125.429 E1.88675
G1 E-.8 F3600
G1 X143.042 Y124.813 F18000
G1 E.8 F3600
;TYPE:Outer wall
G1 F2400
G1 X142.671 Y124.88 E.01654
G1 X99.281 Y124.88 E1.9029
G1 X98.898 Y124.811 E.01709
G1 X98.533 Y124.674 E.01709
G1 X98.198 Y124.474 E.01709
G1 X97.905 Y124.217 E.01709
G1 X97.662 Y123.913 E.01709
G1 X97.477 Y123.569 E.01709
G1 X97.357 Y123.199 E.01709
G1 X97.305 Y122.813 E.01709
G1 X97.322 Y122.423 E.01709
G1 X97.41 Y122.038 E.01734
G1 X97.475 Y121.866 E.00806
G1 X97.662 Y121.517 E.01734
G1 X97.905 Y121.213 E.01709
G1 X98.198 Y120.956 E.01709
G1 X98.533 Y120.756 E.01709
G1 X98.898 Y120.619 E.01709
G1 X99.281 Y120.55 E.01709
G1 X142.658 Y120.549 E1.90234
G1 X143.055 Y120.62 E.01767
G1 X143.419 Y120.756 E.01707
G1 X143.754 Y120.956 E.01709
G1 X144.048 Y121.213 E.01709
G1 X144.291 Y121.517 E.01709
G1 X144.475 Y121.861 E.01709
G1 X144.596 Y122.231 E.01709
G1 X144.648 Y122.617 E.01709
G1 X144.631 Y123.007 E.01709
G1 X144.544 Y123.387 E.01709
G1 X144.391 Y123.745 E.01709
G1 X144.176 Y124.07 E.01709
G1 X143.903 Y124.356 E.01734
G1 X143.759 Y124.471 E.00806
G1 X143.419 Y124.674 E.01734
G1 X143.062 Y124.808 E.01677
G1 X142.935 Y124.376 F18000
;TYPE:Inner wall
G1 F2400
G1 X142.631 Y124.432 E.01355
G1 X99.322 Y124.432 E1.89936
G1 X99.018 Y124.376 E.01355
G1 X98.728 Y124.268 E.01355
G1 X98.463 Y124.109 E.01355
G1 X98.23 Y123.906 E.01355
G1 X98.038 Y123.664 E.01355
G1 X97.891 Y123.392 E.01355
G1 X97.796 Y123.099 E.01355
G1 X97.754 Y122.792 E.01355
G1 X97.768 Y122.484 E.01355
G1 X97.841 Y122.167 E.01424
G1 X97.884 Y122.051 E.00541
G1 X98.038 Y121.765 E.01424
G1 X98.23 Y121.524 E.01355
G1 X98.463 Y121.321 E.01355
G1 X98.728 Y121.162 E.01355
G1 X99.018 Y121.053 E.01355
G1 X99.322 Y120.998 E.01355
G1 X142.619 Y120.998 E1.89884
G1 X142.936 Y121.054 E.01413
G1 X143.224 Y121.162 E.01349
G1 X143.489 Y121.321 E.01355
G1 X143.722 Y121.524 E.01355
G1 X143.915 Y121.765 E.01355
G1 X144.061 Y122.038 E.01355
G1 X144.157 Y122.331 E.01355
G1 X144.198 Y122.638 E.01355
G1 X144.184 Y122.946 E.01355
G1 X144.116 Y123.248 E.01355
G1 X143.994 Y123.532 E.01355
G1 X143.824 Y123.79 E.01355
G1 X143.599 Y124.024 E.01424
G1 X143.503 Y124.101 E.00541
G1 X143.224 Y124.268 E.01424
G1 X142.954 Y124.369 E.01268
G1 E-.8 F3600
G1 X99.05 Y123.42 F18000
G1 E.8 F3600
;TYPE:Outer wall
G1 F2400
G1 X99.314 Y123.529 E.01256
G1 X99.638 Y123.529 E.01421
G1 X99.938 Y123.405 E.01421
G1 X100.167 Y123.176 E.01421
G1 X100.291 Y122.877 E.01421
G1 X100.291 Y122.553 E.01421
G1 X100.167 Y122.254 E.01421
G1 X99.938 Y122.025 E.01421
G1 X99.638 Y121.901 E.01423
G1 X99.314 Y121.901 E.01419
G1 X99.015 Y122.025 E.0142
G1 X98.786 Y122.254 E.01421
G1 X98.662 Y122.553 E.01421
G1 X98.662 Y122.877 E.01421
G1 X98.786 Y123.176 E.01421
G1 X99.015 Y123.405 E.01421
G1 X99.031 Y123.412 E.00077
G1 X98.818 Y123.809 F18000
;TYPE:Inner wall
G1 F2400
G1 X99.225 Y123.978 E.01934
G1 X99.727 Y123.978 E.02203
G1 X100.192 Y123.786 E.02203
G1 X100.547 Y123.43 E.02203
G1 X100.739 Y122.966 E.02203
G1 X100.739 Y122.464 E.02203
G1 X100.547 Y122 E.02203
G1 X100.192 Y121.644 E.02204
G1 X99.727 Y121.452 E.02206
G1 X99.225 Y121.452 E.02201
G1 X98.761 Y121.644 E.02202
G1 X98.406 Y122 E.02203
G1 X98.213 Y122.464 E.02203
G1 X98.213 Y122.966 E.02203
G1 X98.406 Y123.43 E.02203
G1 X98.761 Y123.786 E.02203
G1 X98.799 Y123.801 E.00182
G1 E-.8 F3600
G1 X142.578 Y123.529 F18000
G1 E.8 F3600
;TYPE:Outer wall
G1 F2400
G1 X142.638 Y123.529 E.00262
G1 X142.938 Y123.405 E.01421
G1 X143.167 Y123.176 E.01421
G1 X143.291 Y122.877 E.01421
G1 X143.291 Y122.553 E.01421
G1 X143.167 Y122.254 E.01421
G1 X142.938 Y122.025 E.01421
G1 X142.638 Y121.901 E.01423
G1 X142.314 Y121.901 E.01419
G1 X142.015 Y122.025 E.0142
G1 X141.786 Y122.254 E.01421
G1 X141.662 Y122.553 E.01421
G1 X141.662 Y122.877 E.01421
G1 X141.786 Y123.176 E.01421
G1 X142.015 Y123.405 E.01421
G1 X142.314 Y123.529 E.01421
G1 X142.558 Y123.529 E.01071
G1 X142.784 Y123.954 F18000
;TYPE:Inner wall
G1 F2400
G1 X143.192 Y123.786 E.01934
G1 X143.547 Y123.43 E.02203
G1 X143.739 Y122.966 E.02203
G1 X143.739 Y122.464 E.02203
G1 X143.547 Y122 E.02203
G1 X143.192 Y121.644 E.02204
G1 X142.727 Y121.452 E.02206
G1 X142.225 Y121.452 E.02201
G1 X141.761 Y121.644 E.02202
G1 X141.406 Y122 E.02203
G1 X141.213 Y122.464 E.02203
G1 X141.213 Y122.966 E.02203
G1 X141.406 Y123.43 E.02203
G1 X141.761 Y123.786 E.02203
G1 X142.225 Y123.978 E.02203
G1 X142.727 Y123.978 E.02203
G1 X142.766 Y123.962 E.00182
G1 X142.072 Y124.183 F18000
;TYPE:Gap infill
;WIDTH:0.12662
G1 F2400
G1 X141.981 Y124.165 E.00068
;WIDTH:0.161889
G1 X141.891 Y124.147 E.001
G1 X141.737 Y124.044 E.002
G1 E-.8 F3600
G1 X142.073 Y121.246 F18000
G1 E.8 F3600
;WIDTH:0.126697
G1 F2400
G1 X141.929 Y121.275 E.00108
;WIDTH:0.141889
G1 X141.785 Y121.304 E.0013
G1 X141.391 Y121.824 F18000
;TYPE:Bottom surface
;WIDTH:0.501228
G1 F3000
G1 X140.902 Y121.334 E.03044
G1 X140.266 Y121.334 E.02797
G1 X141.009 Y122.077 E.04623
G1 X140.877 Y122.397 E.0152
G1 X140.877 Y122.581 E.00811
G1 X139.63 Y121.334 E.07756
G1 X138.994 Y121.334 E.02797
G1 X141.007 Y123.347 E.12521
G1 X141.121 Y123.621 E.01301
G1 X141.417 Y123.917 E.01845
G1 X141.298 Y124.095 E.00941
G1 X141.119 Y124.095 E.00788
G1 X138.358 Y121.334 E.17172
G1 X137.722 Y121.334 E.02797
G1 X140.483 Y124.095 E.17172
G1 X139.847 Y124.095 E.02797
G1 X137.086 Y121.334 E.17172
G1 X136.45 Y121.334 E.02797
G1 X139.211 Y124.095 E.17172
G1 X138.575 Y124.095 E.02797
G1 X135.814 Y121.334 E.17172
G1 X135.178 Y121.334 E.02797
G1 X137.939 Y124.095 E.17172
G1 X137.303 Y124.095 E.02797
G1 X134.542 Y121.334 E.17172
G1 X133.906 Y121.334 E.02797
G1 X136.667 Y124.095 E.17172
G1 X136.031 Y124.095 E.02797
G1 X133.27 Y121.334 E.17172
G1 X132.634 Y121.334 E.02797
G1 X135.395 Y124.095 E.17171
G1 X134.759 Y124.095 E.02797
G1 X131.998 Y121.334 E.17171
G1 X131.362 Y121.334 E.02797
G1 X134.123 Y124.095 E.17171
G1 X133.487 Y124.095 E.02797
G1 X130.726 Y121.334 E.17171
G1 X130.09 Y121.334 E.02797
G1 X132.851 Y124.095 E.17171
G1 X132.215 Y124.095 E.02797
G1 X129.454 Y121.334 E.17171
G1 X128.818 Y121.334 E.02797
G1 X131.579 Y124.095 E.17171
G1 X130.943 Y124.095 E.02797
G1 X128.182 Y121.334 E.17171
G1 X127.546 Y121.334 E.02797
G1 X130.307 Y124.095 E.17171
G1 X129.671 Y124.095 E.02797
G1 X126.91 Y121.334 E.17171
G1 X126.274 Y121.334 E.02797
G1 X129.035 Y124.095 E.17171
G1 X128.399 Y124.095 E.02797
G1 X125.638 Y121.334 E.17171
G1 X125.002 Y121.334 E.02797
G1 X127.763 Y124.095 E.17171
G1 X127.127 Y124.095 E.02797
G1 X124.366 Y121.334 E.17171
G1 X123.73 Y121.334 E.02797
G1 X126.491 Y124.095 E.17171
G1 X125.855 Y124.095 E.02797
G1 X123.094 Y121.334 E.17171
G1 X122.458 Y121.334 E.02797
G1 X125.219 Y124.095 E.17171
G1 X124.583 Y124.095 E.02797
G1 X121.822 Y121.334 E.17171
G1 X121.186 Y121.334 E.02797
G1 X123.947 Y124.095 E.1717
G1 X123.311 Y124.095 E.02797
G1 X120.55 Y121.334 E.1717
G1 X119.914 Y121.334 E.02797
G1 X122.675 Y124.095 E.1717
G1 X122.039 Y124.095 E.02797
G1 X119.278 Y121.334 E.1717
G1 X118.642 Y121.334 E.02797
G1 X121.403 Y124.095 E.1717
G1 X120.767 Y124.095 E.02797
G1 X118.006 Y121.334 E.1717
G1 X117.37 Y121.334 E.02797
G1 X120.131 Y124.095 E.1717
G1 X119.495 Y124.095 E.02797
G1 X116.734 Y121.334 E.1717
G1 X116.098 Y121.334 E.02797
G1 X118.859 Y124.095 E.1717
G1 X118.223 Y124.095 E.02797
G1 X115.462 Y121.334 E.1717
G1 X114.826 Y121.334 E.02797
G1 X117.587 Y124.095 E.1717
G1 X116.951 Y124.095 E.02797
G1 X114.19 Y121.334 E.1717
G1 X113.554 Y121.334 E.02797
G1 X116.315 Y124.095 E.1717
G1 X115.679 Y124.095 E.02797
G1 X112.918 Y121.334 E.1717
G1 X112.282 Y121.334 E.02797
G1 X115.043 Y124.095 E.1717
G1 X114.407 Y124.095 E.02797
G1 X111.646 Y121.335 E.1717
G1 X111.01 Y121.335 E.02797
G1 X113.771 Y124.095 E.1717
G1 X113.135 Y124.095 E.02797
G1 X110.374 Y121.335 E.1717
G1 X109.738 Y121.335 E.02797
G1 X112.499 Y124.095 E.1717
G1 X111.863 Y124.095 E.02797
G1 X109.102 Y121.335 E.17169
G1 X108.466 Y121.335 E.02797
G1 X111.227 Y124.095 E.17169
G1 X110.591 Y124.095 E.02797
G1 X107.83 Y121.335 E.17169
G1 X107.194 Y121.335 E.02797
G1 X109.955 Y124.095 E.17169
G1 X109.319 Y124.095 E.02797
G1 X106.558 Y121.335 E.17169
G1 X105.922 Y121.335 E.02797
G1 X108.683 Y124.095 E.17169
G1 X108.047 Y124.095 E.02797
G1 X105.286 Y121.335 E.17169
G1 X104.65 Y121.335 E.02797
G1 X107.411 Y124.095 E.17169
G1 X106.775 Y124.095 E.02797
G1 X104.014 Y121.335 E.17169
G1 X103.378 Y121.335 E.02797
G1 X106.139 Y124.095 E.17169
G1 X105.503 Y124.095 E.02797
G1 X102.742 Y121.335 E.17169
G1 X102.106 Y121.335 E.02797
G1 X104.867 Y124.095 E.17169
G1 X104.231 Y124.095 E.02797
G1 X101.47 Y121.335 E.17169
G1 X100.834 Y121.335 E.02797
G1 X103.595 Y124.095 E.17169
G1 X102.959 Y124.095 E.02797
G1 X100.945 Y122.081 E.12526
G1 X101.075 Y122.397 E.01503
G1 X101.075 Y122.848 E.01983
G1 X102.323 Y124.095 E.07758
G1 X101.687 Y124.095 E.02797
G1 X100.943 Y123.352 E.04623
G1 X100.832 Y123.621 E.0128
G1 X100.704 Y123.749 E.00795
G1 X101.253 Y124.297 E.03411
G1 E-.8 F3600
G1 X100.522 Y121.223 F18000
G1 E.8 F3600
;TYPE:Gap infill
;WIDTH:0.266304
G1 F2400
G1 X100.483 Y121.352 E.00283
G1 X100.481 Y121.458 E.00223
G1 X100.797 Y121.774 E.0094
;WIDTH:0.259417
G1 X100.795 Y121.795 E.00043
;WIDTH:0.226623
G1 X100.793 Y121.817 E.00036
;WIDTH:0.197271
G1 X100.783 Y121.871 E.00079
;WIDTH:0.184315
G1 X100.772 Y121.926 E.00072
G1 X100.168 Y121.304 F18000
;WIDTH:0.15687
G1 F2400
G1 X100.024 Y121.275 E.00151
;WIDTH:0.141748
G1 X99.88 Y121.247 E.0013
G1 E-.8 F3600
G1 X100.168 Y124.126 F18000
G1 E.8 F3600
;WIDTH:0.156857
G1 F2400
G1 X100.024 Y124.155 E.00151
;WIDTH:0.14174
G1 X99.88 Y124.183 E.00129
; stop printing object links_Servo.stl id:1 copy 0
; end of layer_num: 1, T: 0, print_z: 0.240000
M106 S127
;LAYER_CHANGE
;Z:0.44
;HEIGHT:0.2
; BEFORE_LAYER_CHANGE 1 @ 0.44mm
G92 E0
; AFTER_LAYER_CHANGE 1 @ 0.44mm
M204 S2000
M104 S190 ; set nozzle temperature
; start of layer_num: 2, T: 0, print_z: 0.440000
; printing object "links_Servo.stl" id:0 copy 0
G1 E-.8 F3600
G1 X141.716 Y145.282 Z.44 F18000
G1 E.8 F3600
M204 S1000
;TYPE:Outer wall
;WIDTH:0.42
G1 F3000
G1 X141.325 Y145.353 E.01222
G1 X97.914 Y145.353 E1.33388
G1 X97.511 Y145.279 E.01261
G1 X97.126 Y145.135 E.01261
G1 X96.774 Y144.925 E.01261
G1 X96.465 Y144.655 E.01261
G1 X96.209 Y144.334 E.01261
G1 X96.015 Y143.972 E.01261
G1 X95.888 Y143.582 E.01261
G1 X95.833 Y143.175 E.01261
G1 X95.851 Y142.765 E.01261
G1 X95.943 Y142.361 E.01276
G1 X96.012 Y142.177 E.00602
G1 X96.209 Y141.812 E.01276
G1 X96.465 Y141.491 E.01261
G1 X96.774 Y141.221 E.01261
G1 X97.126 Y141.01 E.01261
G1 X97.511 Y140.866 E.01261
G1 X97.914 Y140.793 E.01261
G1 X141.293 Y140.791 E1.3329
G1 X141.53 Y140.82 E.00734
G1 X141.724 Y140.864 E.00613
G1 X142.113 Y141.01 E.01276
G1 X142.465 Y141.221 E.01261
G1 X142.774 Y141.491 E.01261
G1 X143.03 Y141.812 E.01261
G1 X143.224 Y142.173 E.01261
G1 X143.351 Y142.563 E.01261
G1 X143.406 Y142.97 E.01261
G1 X143.388 Y143.38 E.01261
G1 X143.297 Y143.78 E.01261
G1 X143.135 Y144.158 E.01262
G1 X142.928 Y144.474 E.01163
G1 X142.777 Y144.652 E.00718
G1 X142.465 Y144.925 E.01271
G1 X142.113 Y145.135 E.01261
G1 X141.735 Y145.277 E.01239
M204 S2000
G1 X141.624 Y144.9 F18000
M204 S1500
;TYPE:Inner wall
;WIDTH:0.45
G1 F4800
G1 X141.289 Y144.96 E.01127
G1 X97.95 Y144.96 E1.43766
G1 X97.615 Y144.9 E.01127
G1 X97.297 Y144.78 E.01127
G1 X97.005 Y144.606 E.01127
G1 X96.749 Y144.383 E.01127
G1 X96.538 Y144.117 E.01127
G1 X96.377 Y143.818 E.01127
G1 X96.272 Y143.494 E.01127
G1 X96.226 Y143.158 E.01127
G1 X96.241 Y142.818 E.01127
G1 X96.32 Y142.474 E.01172
G1 X96.37 Y142.34 E.00475
G1 X96.538 Y142.028 E.01172
G1 X96.749 Y141.763 E.01127
G1 X97.005 Y141.539 E.01127
G1 X97.297 Y141.365 E.01127
G1 X97.615 Y141.245 E.01127
G1 X97.95 Y141.185 E.01127
G1 X141.269 Y141.183 E1.43698
G1 X141.462 Y141.207 E.00646
G1 X141.611 Y141.241 E.00507
G1 X141.942 Y141.365 E.01172
G1 X142.234 Y141.539 E.01127
G1 X142.49 Y141.763 E.01127
G1 X142.701 Y142.028 E.01127
G1 X142.862 Y142.328 E.01127
G1 X142.967 Y142.651 E.01127
G1 X143.013 Y142.988 E.01127
G1 X142.998 Y143.327 E.01127
G1 X142.922 Y143.658 E.01127
G1 X142.788 Y143.972 E.01131
G1 X142.613 Y144.239 E.01059
G1 X142.497 Y144.376 E.00597
G1 X142.234 Y144.606 E.01159
G1 X141.942 Y144.78 E.01127
G1 X141.643 Y144.893 E.01061
M204 S2000
G1 E-.8 F3600
G1 X97.829 Y143.721 F18000
G1 E.8 F3600
M204 S1000
;TYPE:Outer wall
;WIDTH:0.42
G1 F3000
G1 X97.846 Y143.732 E.00064
G1 X98.12 Y143.787 E.00856
G1 X98.393 Y143.732 E.00856
G1 X98.624 Y143.578 E.00856
G1 X98.779 Y143.346 E.00856
G1 X98.834 Y143.073 E.00856
G1 X98.779 Y142.799 E.00856
G1 X98.624 Y142.568 E.00856
G1 X98.391 Y142.411 E.00864
G1 X98.1 Y142.36 E.00908
G1 X97.845 Y142.413 E.00798
G1 X97.615 Y142.568 E.00853
G1 X97.46 Y142.799 E.00856
G1 X97.405 Y143.073 E.00856
G1 X97.46 Y143.346 E.00856
G1 X97.615 Y143.578 E.00856
G1 X97.812 Y143.71 E.00731
M204 S2000
G1 X97.748 Y144.113 F18000
M204 S1500
;TYPE:Inner wall
;WIDTH:0.45
G1 F4800
G1 X98.12 Y144.187 E.01255
G1 X98.546 Y144.102 E.01442
G1 X98.907 Y143.86 E.01442
G1 X99.149 Y143.499 E.01442
G1 X99.233 Y143.073 E.01442
G1 X99.149 Y142.646 E.01442
G1 X98.907 Y142.285 E.01442
G1 X98.54 Y142.04 E.01466
G1 X98.093 Y141.961 E.01504
G1 X97.691 Y142.045 E.01363
G1 X97.332 Y142.285 E.01432
G1 X97.09 Y142.646 E.01442
G1 X97.006 Y143.073 E.01442
G1 X97.09 Y143.499 E.01442
G1 X97.332 Y143.86 E.01442
G1 X97.693 Y144.102 E.01442
G1 X97.729 Y144.109 E.0012
M204 S2000
G1 E-.8 F3600
G1 X141.135 Y143.784 F18000
G1 E.8 F3600
M204 S1000
;TYPE:Outer wall
;WIDTH:0.42
G1 F3000
G1 X141.393 Y143.732 E.00808
G1 X141.624 Y143.578 E.00856
G1 X141.779 Y143.346 E.00856
G1 X141.834 Y143.073 E.00856
G1 X141.779 Y142.799 E.00856
G1 X141.624 Y142.568 E.00856
G1 X141.391 Y142.411 E.00864
G1 X141.1 Y142.36 E.00908
G1 X140.845 Y142.413 E.00798
G1 X140.615 Y142.568 E.00853
G1 X140.46 Y142.799 E.00856
G1 X140.405 Y143.073 E.00856
G1 X140.46 Y143.346 E.00856
G1 X140.615 Y143.578 E.00856
G1 X140.846 Y143.732 E.00856
G1 X141.115 Y143.786 E.00843
M204 S2000
G1 X141.064 Y144.176 F18000
M204 S1500
;TYPE:Inner wall
;WIDTH:0.45
G1 F4800
G1 X141.12 Y144.187 E.00186
G1 X141.546 Y144.102 E.01442
G1 X141.907 Y143.86 E.01442
G1 X142.149 Y143.499 E.01442
G1 X142.233 Y143.073 E.01442
G1 X142.149 Y142.646 E.01442
G1 X141.907 Y142.285 E.01442
G1 X141.54 Y142.04 E.01466
G1 X141.093 Y141.961 E.01504
G1 X140.691 Y142.045 E.01363
G1 X140.332 Y142.285 E.01432
G1 X140.09 Y142.646 E.01442
G1 X140.006 Y143.073 E.01442
G1 X140.09 Y143.499 E.01442
G1 X140.332 Y143.86 E.01442
G1 X140.693 Y144.102 E.01442
G1 X141.045 Y144.172 E.01189
G1 E-.8 F3600
M204 S2000
G1 X141.084 Y144.574 F18000
G1 E.8 F3600
;TYPE:Gap infill
;WIDTH:0.424703
G1 F6000
G1 X141.254 Y144.564 E.0053
G1 X141.517 Y144.514 E.00835
G1 X141.728 Y144.447 E.00687
G1 X141.998 Y144.281 E.00985
G1 X142.209 Y144.11 E.00845
G1 X142.436 Y143.784 E.01239
G1 X142.52 Y143.614 E.00588
G1 X142.601 Y143.273 E.01089
G1 X142.62 Y143.005 E.00836
G1 X142.576 Y142.74 E.00836
G1 X142.504 Y142.481 E.00837
G1 X142.366 Y142.25 E.00837
G1 X142.156 Y141.986 E.0105
G1 X141.771 Y141.721 E.01455
G1 X141.649 Y141.667 E.00415
G1 X141.393 Y141.604 E.0082
G1 X141.122 Y141.572 E.00849
G1 X140.801 Y141.598 E.01001
;WIDTH:0.458214
G1 X140.55 Y141.624 E.00854
G1 X138.478 Y143.072 F18000
;TYPE:Internal solid infill
;WIDTH:0.419999
G1 F6000
G1 X138.525 Y142.706 E.01132
G1 X100.714 Y142.708 E1.16183
G1 X100.761 Y143.073 E.01129
G1 X100.714 Y143.437 E.01129
G1 X138.525 Y143.437 E1.16182
G1 X138.481 Y143.092 E.0107
G1 X138.874 Y143.257 F18000
G1 F6000
G1 X138.874 Y142.889 E.0113
G1 X138.996 Y142.329 E.0176
G1 X100.243 Y142.331 E1.19077
G1 X100.366 Y142.889 E.01755
G1 X100.366 Y143.257 E.0113
G1 X100.243 Y143.814 E.01754
G1 X138.996 Y143.814 E1.19075
G1 X138.878 Y143.276 E.01693
G1 X139.243 Y143.183 F18000
G1 F6000
G1 X139.243 Y142.962 E.00678
G1 X139.344 Y142.457 E.01584
G1 X139.428 Y142.253 E.00678
G1 X139.629 Y141.952 E.0111
G1 X99.611 Y141.954 E1.22965
G1 X99.811 Y142.253 E.01104
G1 X99.895 Y142.457 E.00678
G1 X99.996 Y142.962 E.01584
G1 X99.996 Y143.183 E.00678
G1 X99.895 Y143.689 E.01584
G1 X99.811 Y143.893 E.00678
G1 X99.611 Y144.191 E.01104
G1 X139.628 Y144.191 E1.22961
G1 X139.428 Y143.893 E.01104
G1 X139.344 Y143.689 E.00678
G1 X139.247 Y143.203 E.01523
G1 X139.613 Y143.109 F18000
G1 F6000
G1 X139.714 Y142.53 E.01807
G1 X140.028 Y142.034 E.01806
G1 X140.185 Y141.911 E.00612
G1 X140.151 Y141.575 E.01038
G1 X99.09 Y141.577 E1.26168
G1 X99.061 Y141.916 E.01046
G1 X99.211 Y142.034 E.00586
G1 X99.497 Y142.462 E.01584
G1 X99.626 Y143.036 E.01807
G1 X99.525 Y143.615 E.01807
G1 X99.211 Y144.112 E.01806
G1 X99.057 Y144.231 E.00597
G1 X99.091 Y144.568 E.01041
G1 X140.148 Y144.568 E1.26159
G1 X140.182 Y144.231 E.01041
G1 X140.028 Y144.112 E.00597
G1 X139.742 Y143.683 E.01584
G1 X139.618 Y143.129 E.01745
G1 X140.547 Y144.521 F18000
;TYPE:Gap infill
;WIDTH:0.440768
G1 F6000
G1 X140.815 Y144.547 E.00874
;WIDTH:0.425064
G1 X141.084 Y144.574 E.0084
G1 X98.692 Y144.521 F18000
;WIDTH:0.440767
G1 F6000
G1 X98.424 Y144.547 E.00874
;WIDTH:0.425063
G1 X98.155 Y144.574 E.0084
;WIDTH:0.423653
G1 X97.985 Y144.564 E.00528
G1 X97.722 Y144.514 E.00832
G1 X97.511 Y144.447 E.00685
G1 X97.242 Y144.281 E.00982
G1 X97.032 Y144.112 E.00834
G1 X96.873 Y143.895 E.00834
G1 X96.735 Y143.664 E.00835
G1 X96.663 Y143.405 E.00835
G1 X96.618 Y143.037 E.0115
G1 X96.638 Y142.875 E.00504
G1 X96.729 Y142.493 E.01221
G1 X96.873 Y142.25 E.00875
G1 X97.083 Y141.986 E.01047
G1 X97.242 Y141.864 E.00619
G1 X97.573 Y141.674 E.01186
G1 X98.052 Y141.573 E.01518
G1 X98.407 Y141.597 E.01104
;WIDTH:0.457385
G1 X98.693 Y141.622 E.00968
; stop printing object links_Servo.stl id:0 copy 0
; printing object "links_Servo.stl" id:1 copy 0
G1 E-.8 F3600
G1 X143.073 Y124.924 F18000
G1 E.8 F3600
M204 S1000
;TYPE:Outer wall
;WIDTH:0.42
G1 F3000
G1 X142.681 Y124.995 E.01222
G1 X99.271 Y124.995 E1.33388
G1 X98.867 Y124.922 E.01261
G1 X98.483 Y124.777 E.01261
G1 X98.131 Y124.567 E.01261
G1 X97.822 Y124.297 E.01261
G1 X97.566 Y123.976 E.01261
G1 X97.371 Y123.615 E.01261
G1 X97.245 Y123.224 E.01261
G1 X97.189 Y122.818 E.01261
G1 X97.208 Y122.408 E.01261
G1 X97.3 Y122.003 E.01276
G1 X97.369 Y121.819 E.00602
G1 X97.566 Y121.454 E.01276
G1 X97.822 Y121.133 E.01261
G1 X98.131 Y120.863 E.01261
G1 X98.483 Y120.653 E.01261
G1 X98.867 Y120.508 E.01261
G1 X99.271 Y120.435 E.01261
G1 X142.649 Y120.433 E1.3329
G1 X142.886 Y120.462 E.00734
G1 X143.081 Y120.507 E.00613
G1 X143.469 Y120.653 E.01276
G1 X143.822 Y120.863 E.01261
G1 X144.131 Y121.133 E.01261
G1 X144.387 Y121.454 E.01261
G1 X144.581 Y121.815 E.01261
G1 X144.708 Y122.206 E.01261
G1 X144.763 Y122.612 E.01261
G1 X144.745 Y123.022 E.01261
G1 X144.653 Y123.422 E.01261
G1 X144.492 Y123.8 E.01262
G1 X144.285 Y124.117 E.01163
G1 X144.133 Y124.295 E.00718
G1 X143.822 Y124.567 E.01271
G1 X143.469 Y124.777 E.01261
G1 X143.092 Y124.919 E.01239
M204 S2000
G1 X142.981 Y124.542 F18000
M204 S1500
;TYPE:Inner wall
;WIDTH:0.45
G1 F4800
G1 X142.646 Y124.603 E.01127
G1 X99.306 Y124.603 E1.43766
G1 X98.972 Y124.542 E.01127
G1 X98.654 Y124.423 E.01127
G1 X98.362 Y124.248 E.01127
G1 X98.106 Y124.025 E.01127
G1 X97.894 Y123.759 E.01127
G1 X97.733 Y123.46 E.01127
G1 X97.628 Y123.137 E.01127
G1 X97.583 Y122.8 E.01127
G1 X97.598 Y122.461 E.01127
G1 X97.677 Y122.116 E.01172
G1 X97.727 Y121.982 E.00475
G1 X97.894 Y121.671 E.01172
G1 X98.106 Y121.405 E.01127
G1 X98.362 Y121.181 E.01127
G1 X98.654 Y121.007 E.01127
G1 X98.972 Y120.888 E.01127
G1 X99.306 Y120.827 E.01127
G1 X142.626 Y120.825 E1.43698
G1 X142.819 Y120.849 E.00646
G1 X142.968 Y120.883 E.00507
G1 X143.299 Y121.007 E.01172
G1 X143.59 Y121.181 E.01127
G1 X143.846 Y121.405 E.01127
G1 X144.058 Y121.671 E.01127
G1 X144.219 Y121.97 E.01127
G1 X144.324 Y122.293 E.01127
G1 X144.37 Y122.63 E.01127
G1 X144.355 Y122.969 E.01127
G1 X144.279 Y123.301 E.01127
G1 X144.145 Y123.614 E.01131
G1 X143.97 Y123.882 E.01059
G1 X143.854 Y124.019 E.00597
G1 X143.59 Y124.248 E.01159
G1 X143.299 Y124.423 E.01127
G1 X142.999 Y124.535 E.01061
M204 S2000
G1 E-.8 F3600
G1 X99.186 Y123.363 F18000
G1 E.8 F3600
M204 S1000
;TYPE:Outer wall
;WIDTH:0.42
G1 F3000
G1 X99.203 Y123.375 E.00064
G1 X99.476 Y123.429 E.00856
G1 X99.75 Y123.375 E.00856
G1 X99.981 Y123.22 E.00856
G1 X100.136 Y122.988 E.00856
G1 X100.19 Y122.715 E.00856
G1 X100.136 Y122.442 E.00856
G1 X99.981 Y122.21 E.00856
G1 X99.747 Y122.054 E.00864
G1 X99.456 Y122.003 E.00908
G1 X99.202 Y122.056 E.00798
G1 X98.971 Y122.21 E.00853
G1 X98.817 Y122.442 E.00856
G1 X98.762 Y122.715 E.00856
G1 X98.817 Y122.988 E.00856
G1 X98.971 Y123.22 E.00856
G1 X99.169 Y123.352 E.00731
M204 S2000
G1 X99.105 Y123.755 F18000
M204 S1500
;TYPE:Inner wall
;WIDTH:0.45
G1 F4800
G1 X99.476 Y123.829 E.01255
G1 X99.903 Y123.744 E.01442
G1 X100.264 Y123.503 E.01442
G1 X100.505 Y123.141 E.01442
G1 X100.59 Y122.715 E.01442
G1 X100.505 Y122.289 E.01442
G1 X100.264 Y121.927 E.01442
G1 X99.897 Y121.682 E.01466
G1 X99.45 Y121.604 E.01504
G1 X99.048 Y121.687 E.01363
G1 X98.689 Y121.927 E.01432
G1 X98.447 Y122.289 E.01442
G1 X98.362 Y122.715 E.01442
G1 X98.447 Y123.141 E.01442
G1 X98.689 Y123.503 E.01442
G1 X99.05 Y123.744 E.01442
G1 X99.085 Y123.751 E.0012
M204 S2000
G1 E-.8 F3600
G1 X142.492 Y123.426 F18000
G1 E.8 F3600
M204 S1000
;TYPE:Outer wall
;WIDTH:0.42
G1 F3000
G1 X142.75 Y123.375 E.00808
G1 X142.981 Y123.22 E.00856
G1 X143.136 Y122.988 E.00856
G1 X143.19 Y122.715 E.00856
G1 X143.136 Y122.442 E.00856
G1 X142.981 Y122.21 E.00856
G1 X142.747 Y122.054 E.00864
G1 X142.456 Y122.003 E.00908
G1 X142.202 Y122.056 E.00798
G1 X141.971 Y122.21 E.00853
G1 X141.817 Y122.442 E.00856
G1 X141.762 Y122.715 E.00856
G1 X141.817 Y122.988 E.00856
G1 X141.971 Y123.22 E.00856
G1 X142.203 Y123.375 E.00856
G1 X142.472 Y123.428 E.00843
M204 S2000
G1 X142.421 Y123.818 F18000
M204 S1500
;TYPE:Inner wall
;WIDTH:0.45
G1 F4800
G1 X142.476 Y123.829 E.00186
G1 X142.903 Y123.744 E.01442
G1 X143.264 Y123.503 E.01442
G1 X143.505 Y123.141 E.01442
G1 X143.59 Y122.715 E.01442
G1 X143.505 Y122.289 E.01442
G1 X143.264 Y121.927 E.01442
G1 X142.897 Y121.682 E.01466
G1 X142.45 Y121.604 E.01504
G1 X142.048 Y121.687 E.01363
G1 X141.689 Y121.927 E.01432
G1 X141.447 Y122.289 E.01442
G1 X141.362 Y122.715 E.01442
G1 X141.447 Y123.141 E.01442
G1 X141.689 Y123.503 E.01442
G1 X142.05 Y123.744 E.01442
G1 X142.402 Y123.814 E.01189
M204 S2000
G1 X142.441 Y124.216 F18000
;TYPE:Gap infill
;WIDTH:0.425064
G1 F6000
G1 X142.172 Y124.19 E.0084
;WIDTH:0.440768
G1 X141.904 Y124.163 E.00874
G1 X142.441 Y124.216 F18000
;WIDTH:0.424703
G1 F6000
G1 X142.61 Y124.206 E.0053
G1 X142.874 Y124.156 E.00835
G1 X143.084 Y124.089 E.00687
G1 X143.354 Y123.923 E.00985
G1 X143.565 Y123.753 E.00845
G1 X143.793 Y123.426 E.01239
G1 X143.877 Y123.256 E.00588
G1 X143.957 Y122.916 E.01089
G1 X143.977 Y122.648 E.00836
G1 X143.932 Y122.383 E.00836
G1 X143.861 Y122.123 E.00837
G1 X143.722 Y121.892 E.00837
G1 X143.513 Y121.628 E.0105
G1 X143.127 Y121.363 E.01455
G1 X143.005 Y121.309 E.00415
G1 X142.749 Y121.247 E.0082
G1 X142.478 Y121.214 E.00849
G1 X142.158 Y121.241 E.01001
;WIDTH:0.458214
G1 X141.907 Y121.266 E.00854
G1 X139.835 Y122.714 F18000
;TYPE:Internal solid infill
;WIDTH:0.419999
G1 F6000
G1 X139.882 Y122.349 E.01132
G1 X102.071 Y122.35 E1.16183
G1 X102.117 Y122.715 E.01129
G1 X102.071 Y123.08 E.01129
G1 X139.882 Y123.08 E1.16182
G1 X139.838 Y122.734 E.0107
G1 X140.23 Y122.899 F18000
G1 F6000
G1 X140.23 Y122.531 E.0113
G1 X140.353 Y121.972 E.0176
G1 X101.6 Y121.973 E1.19077
G1 X101.722 Y122.531 E.01755
G1 X101.722 Y122.899 E.0113
G1 X101.6 Y123.457 E.01754
G1 X140.352 Y123.457 E1.19075
G1 X140.235 Y122.918 E.01693
G1 X140.6 Y122.825 F18000
G1 F6000
G1 X140.6 Y122.605 E.00678
G1 X140.701 Y122.099 E.01584
G1 X140.785 Y121.895 E.00678
G1 X140.986 Y121.595 E.0111
G1 X100.968 Y121.596 E1.22965
G1 X101.167 Y121.895 E.01104
G1 X101.252 Y122.099 E.00678
G1 X101.352 Y122.605 E.01584
G1 X101.352 Y122.825 E.00678
G1 X101.252 Y123.331 E.01584
G1 X101.167 Y123.535 E.00678
G1 X100.968 Y123.834 E.01104
G1 X140.985 Y123.834 E1.22961
G1 X140.785 Y123.535 E.01104
G1 X140.701 Y123.331 E.00678
G1 X140.604 Y122.845 E.01523
G1 X140.97 Y122.752 F18000
G1 F6000
G1 X141.071 Y122.173 E.01807
G1 X141.385 Y121.676 E.01806
G1 X141.542 Y121.554 E.00612
G1 X141.508 Y121.218 E.01038
G1 X100.447 Y121.219 E1.26168
G1 X100.417 Y121.558 E.01046
G1 X100.567 Y121.676 E.00586
G1 X100.854 Y122.105 E.01584
G1 X100.983 Y122.678 E.01807
G1 X100.882 Y123.257 E.01807
G1 X100.567 Y123.754 E.01806
G1 X100.414 Y123.874 E.00597
G1 X100.447 Y124.211 E.01041
G1 X141.505 Y124.211 E1.26159
G1 X141.538 Y123.874 E.01041
G1 X141.385 Y123.754 E.00597
G1 X141.099 Y123.325 E.01584
G1 X140.974 Y122.771 E.01745
G1 X100.049 Y124.163 F18000
;TYPE:Gap infill
;WIDTH:0.440767
G1 F6000
G1 X99.78 Y124.19 E.00874
;WIDTH:0.425063
G1 X99.512 Y124.216 E.0084
;WIDTH:0.423653
G1 X99.342 Y124.206 E.00528
G1 X99.079 Y124.156 E.00832
G1 X98.868 Y124.089 E.00685
G1 X98.598 Y123.923 E.00982
G1 X98.389 Y123.755 E.00834
G1 X98.23 Y123.538 E.00834
G1 X98.092 Y123.307 E.00835
G1 X98.02 Y123.047 E.00835
G1 X97.975 Y122.679 E.0115
G1 X97.995 Y122.518 E.00504
G1 X98.086 Y122.135 E.01221
G1 X98.23 Y121.892 E.00875
G1 X98.44 Y121.628 E.01047
G1 X98.598 Y121.507 E.00619
G1 X98.93 Y121.317 E.01186
G1 X99.409 Y121.215 E.01518
G1 X99.764 Y121.24 E.01104
;WIDTH:0.457385
G1 X100.049 Y121.265 E.00968
; stop printing object links_Servo.stl id:1 copy 0
; end of layer_num: 2, T: 0, print_z: 0.440000
M106 S250
;LAYER_CHANGE
;Z:0.64
;HEIGHT:0.2
; BEFORE_LAYER_CHANGE 2 @ 0.64mm
G92 E0
; AFTER_LAYER_CHANGE 2 @ 0.64mm
; start of layer_num: 3, T: 0, print_z: 0.640000
; printing object "links_Servo.stl" id:0 copy 0
G1 E-.8 F3600
G1 X141.734 Y145.277 Z.64 F18000
G1 E.8 F3600
M204 S1000
;TYPE:Outer wall
;WIDTH:0.42
G1 F3000
G1 X141.729 Y145.279 E.00016
G1 X141.325 Y145.353 E.01261
G1 X97.914 Y145.353 E1.33388
G1 X97.511 Y145.279 E.01261
G1 X97.126 Y145.135 E.01261
G1 X96.774 Y144.925 E.01261
G1 X96.465 Y144.655 E.01261
G1 X96.209 Y144.334 E.01261
G1 X96.015 Y143.972 E.01261
G1 X95.888 Y143.582 E.01261
G1 X95.833 Y143.175 E.01261
G1 X95.851 Y142.765 E.01261
G1 X95.943 Y142.361 E.01276
G1 X96.013 Y142.176 E.00605
G1 X96.182 Y141.857 E.0111
G1 X96.331 Y141.643 E.008
G1 X96.461 Y141.494 E.00611
G1 X96.774 Y141.221 E.01276
G1 X97.126 Y141.01 E.01261
G1 X97.511 Y140.866 E.01261
G1 X97.914 Y140.793 E.01261
G1 X141.271 Y140.79 E1.33223
G1 X141.53 Y140.82 E.00802
G1 X141.724 Y140.864 E.00611
G1 X142.113 Y141.01 E.01276
G1 X142.465 Y141.221 E.01261
G1 X142.774 Y141.491 E.01261
G1 X143.03 Y141.812 E.01261
G1 X143.224 Y142.173 E.01261
G1 X143.351 Y142.563 E.01261
G1 X143.406 Y142.97 E.01261
G1 X143.388 Y143.38 E.01261
G1 X143.297 Y143.78 E.01261
G1 X143.135 Y144.158 E.01263
G1 X142.941 Y144.457 E.01096
G1 X142.776 Y144.653 E.00786
G1 X142.465 Y144.925 E.01269
G1 X142.113 Y145.135 E.01261
G1 X141.752 Y145.27 E.01183
M204 S2000
G1 X141.624 Y144.9 F18000
M204 S1500
;TYPE:Inner wall
;WIDTH:0.45
G1 F4800
G1 X141.289 Y144.96 E.01127
G1 X97.95 Y144.96 E1.43766
G1 X97.615 Y144.9 E.01127
G1 X97.297 Y144.78 E.01127
G1 X97.005 Y144.606 E.01127
G1 X96.749 Y144.383 E.01127
G1 X96.538 Y144.117 E.01127
G1 X96.377 Y143.818 E.01127
G1 X96.272 Y143.494 E.01127
G1 X96.226 Y143.158 E.01127
G1 X96.241 Y142.818 E.01127
G1 X96.32 Y142.474 E.01172
G1 X96.371 Y142.338 E.00482
G1 X96.517 Y142.062 E.01036
G1 X96.739 Y141.772 E.01212
G1 X97.005 Y141.539 E.01172
G1 X97.297 Y141.365 E.01127
G1 X97.615 Y141.245 E.01127
G1 X97.95 Y141.185 E.01127
G1 X141.248 Y141.182 E1.4363
G1 X141.464 Y141.207 E.0072
G1 X141.611 Y141.241 E.00501
G1 X141.942 Y141.365 E.01172
G1 X142.234 Y141.539 E.01127
G1 X142.49 Y141.763 E.01127
G1 X142.701 Y142.028 E.01127
G1 X142.862 Y142.328 E.01127
G1 X142.967 Y142.651 E.01127
G1 X143.013 Y142.988 E.01127
G1 X142.998 Y143.327 E.01127
G1 X142.922 Y143.658 E.01127
G1 X142.788 Y143.973 E.01134
G1 X142.625 Y144.223 E.00991
G1 X142.495 Y144.377 E.00668
G1 X142.234 Y144.606 E.01153
G1 X141.942 Y144.78 E.01127
G1 X141.643 Y144.893 E.01061
M204 S2000
G1 E-.8 F3600
G1 X97.839 Y143.727 F18000
G1 E.8 F3600
M204 S1000
;TYPE:Outer wall
;WIDTH:0.42
G1 F3000
G1 X97.846 Y143.732 E.00027
G1 X98.12 Y143.787 E.00856
G1 X98.393 Y143.732 E.00856
G1 X98.624 Y143.578 E.00856
G1 X98.779 Y143.346 E.00856
G1 X98.834 Y143.073 E.00856
G1 X98.779 Y142.799 E.00856
G1 X98.624 Y142.568 E.00856
G1 X98.402 Y142.419 E.00824
G1 X98.254 Y142.374 E.00474
G1 X98.077 Y142.364 E.00545
G1 X97.845 Y142.414 E.00729
G1 X97.615 Y142.568 E.00851
G1 X97.46 Y142.799 E.00856
G1 X97.405 Y143.073 E.00856
G1 X97.46 Y143.346 E.00856
G1 X97.615 Y143.578 E.00856
G1 X97.822 Y143.716 E.00767
M204 S2000
G1 X97.647 Y144.071 F18000
M204 S1500
;TYPE:Inner wall
;WIDTH:0.45
G1 F4800
G1 X97.693 Y144.102 E.00185
G1 X98.12 Y144.187 E.01442
G1 X98.546 Y144.102 E.01442
G1 X98.907 Y143.86 E.01442
G1 X99.149 Y143.499 E.01442
G1 X99.233 Y143.073 E.01442
G1 X99.149 Y142.646 E.01442
G1 X98.907 Y142.285 E.01442
G1 X98.571 Y142.06 E.01341
G1 X98.323 Y141.985 E.0086
G1 X98.046 Y141.97 E.0092
G1 X97.689 Y142.046 E.01211
G1 X97.332 Y142.285 E.01426
G1 X97.09 Y142.646 E.01442
G1 X97.006 Y143.073 E.01442
G1 X97.09 Y143.499 E.01442
G1 X97.332 Y143.86 E.01442
G1 X97.63 Y144.06 E.0119
M204 S2000
G1 E-.8 F3600
G1 X141.141 Y143.783 F18000
G1 E.8 F3600
M204 S1000
;TYPE:Outer wall
;WIDTH:0.42
G1 F3000
G1 X141.393 Y143.732 E.0079
G1 X141.624 Y143.578 E.00856
G1 X141.779 Y143.346 E.00856
G1 X141.834 Y143.073 E.00856
G1 X141.779 Y142.799 E.00856
G1 X141.624 Y142.568 E.00856
G1 X141.402 Y142.419 E.00824
G1 X141.254 Y142.374 E.00474
G1 X141.077 Y142.364 E.00545
G1 X140.845 Y142.414 E.00729
G1 X140.615 Y142.568 E.00851
G1 X140.46 Y142.799 E.00856
G1 X140.405 Y143.073 E.00856
G1 X140.46 Y143.346 E.00856
G1 X140.615 Y143.578 E.00856
G1 X140.846 Y143.732 E.00856
G1 X141.12 Y143.787 E.00856
G1 X141.121 Y143.786 E.00004
M204 S2000
G1 X141.174 Y144.176 F18000
M204 S1500
;TYPE:Inner wall
;WIDTH:0.45
G1 F4800
G1 X141.546 Y144.102 E.01256
G1 X141.907 Y143.86 E.01442
G1 X142.149 Y143.499 E.01442
G1 X142.233 Y143.073 E.01442
G1 X142.149 Y142.646 E.01442
G1 X141.907 Y142.285 E.01442
G1 X141.571 Y142.06 E.01341
G1 X141.323 Y141.985 E.0086
G1 X141.046 Y141.97 E.0092
G1 X140.689 Y142.046 E.01211
G1 X140.332 Y142.285 E.01426
G1 X140.09 Y142.646 E.01442
G1 X140.006 Y143.073 E.01442
G1 X140.09 Y143.499 E.01442
G1 X140.332 Y143.86 E.01442
G1 X140.693 Y144.102 E.01442
G1 X141.12 Y144.187 E.01442
G1 X141.155 Y144.179 E.00119
G1 E-.8 F3600
M204 S2000
G1 X141.084 Y144.574 F18000
G1 E.8 F3600
;TYPE:Gap infill
;WIDTH:0.424519
G1 F6000
G1 X141.254 Y144.564 E.00529
G1 X141.517 Y144.514 E.00834
G1 X141.728 Y144.447 E.00686
G1 X141.998 Y144.281 E.00985
G1 X142.209 Y144.11 E.00844
G1 X142.436 Y143.785 E.01234
G1 X142.52 Y143.614 E.00593
G1 X142.601 Y143.273 E.01089
G1 X142.622 Y143.037 E.00739
G1 X142.576 Y142.74 E.00933
G1 X142.504 Y142.481 E.00837
G1 X142.366 Y142.25 E.00837
G1 X142.156 Y141.985 E.0105
G1 X141.998 Y141.864 E.00621
G1 X141.713 Y141.696 E.01027
G1 X141.397 Y141.596 E.01031
G1 X140.99 Y141.577 E.01268
;WIDTH:0.449748
G1 X140.552 Y141.624 E.01461
G1 X138.478 Y143.072 F18000
;TYPE:Internal solid infill
;WIDTH:0.419999
G1 F6000
G1 X138.525 Y142.706 E.01134
G1 X100.714 Y142.708 E1.16184
G1 X100.761 Y143.073 E.0113
G1 X100.714 Y143.437 E.0113
G1 X138.525 Y143.437 E1.16182
G1 X138.481 Y143.091 E.01071
G1 X138.874 Y142.889 F18000
G1 F6000
G1 X138.997 Y142.328 E.01763
G1 X100.243 Y142.331 E1.19078
G1 X100.366 Y142.889 E.01755
G1 X100.366 Y143.257 E.0113
G1 X100.243 Y143.814 E.01754
G1 X138.996 Y143.814 E1.19075
G1 X138.874 Y143.257 E.01754
G1 X138.874 Y142.909 E.01069
G1 X139.243 Y142.962 F18000
G1 F6000
G1 X139.344 Y142.457 E.01584
G1 X139.428 Y142.253 E.00678
G1 X139.63 Y141.951 E.01114
G1 X99.611 Y141.954 E1.22967
G1 X99.811 Y142.253 E.01105
G1 X99.895 Y142.457 E.00678
G1 X99.996 Y142.962 E.01584
G1 X99.996 Y143.183 E.00678
G1 X99.895 Y143.689 E.01584
G1 X99.811 Y143.893 E.00678
G1 X99.611 Y144.191 E.01104
G1 X139.628 Y144.191 E1.22961
G1 X139.428 Y143.893 E.01104
G1 X139.344 Y143.689 E.00678
G1 X139.243 Y143.183 E.01584
G1 X139.243 Y142.982 E.00617
G1 X139.613 Y143.109 F18000
G1 F6000
G1 X139.714 Y142.53 E.01807
G1 X140.028 Y142.034 E.01806
G1 X140.188 Y141.91 E.0062
G1 X140.152 Y141.574 E.01037
G1 X99.094 Y141.577 E1.26159
G1 X99.045 Y141.906 E.01022
G1 X99.211 Y142.034 E.00641
G1 X99.497 Y142.462 E.01584
G1 X99.626 Y143.036 E.01807
G1 X99.525 Y143.615 E.01807
G1 X99.211 Y144.112 E.01806
G1 X99.057 Y144.231 E.00597
G1 X99.091 Y144.568 E.01041
G1 X140.148 Y144.568 E1.26159
G1 X140.182 Y144.231 E.0104
G1 X140.028 Y144.112 E.00597
G1 X139.742 Y143.683 E.01584
G1 X139.618 Y143.129 E.01745
G1 X140.547 Y144.521 F18000
;TYPE:Gap infill
;WIDTH:0.440767
G1 F6000
G1 X140.815 Y144.547 E.00874
;WIDTH:0.425062
G1 X141.084 Y144.574 E.0084
G1 X98.692 Y144.521 F18000
;WIDTH:0.440767
G1 F6000
G1 X98.424 Y144.547 E.00874
;WIDTH:0.425063
G1 X98.155 Y144.574 E.0084
;WIDTH:0.423434
G1 X97.985 Y144.564 E.00528
G1 X97.722 Y144.514 E.00832
G1 X97.511 Y144.447 E.00685
G1 X97.242 Y144.281 E.00982
G1 X97.032 Y144.112 E.00834
G1 X96.873 Y143.895 E.00834
G1 X96.735 Y143.664 E.00834
G1 X96.663 Y143.405 E.00834
G1 X96.619 Y143.14 E.00833
G1 X96.638 Y142.876 E.00822
G1 X96.73 Y142.489 E.01231
G1 X97.021 Y142.045 E.01647
G1 X97.242 Y141.864 E.00883
G1 X97.468 Y141.721 E.00832
G1 X97.722 Y141.631 E.00833
;WIDTH:0.436814
G1 X98.041 Y141.577 E.01039
G1 X98.37 Y141.586 E.01057
G1 X98.69 Y141.631 E.01037
; stop printing object links_Servo.stl id:0 copy 0
; printing object "links_Servo.stl" id:1 copy 0
G1 E-.8 F3600
G1 X143.09 Y124.92 F18000
G1 E.8 F3600
M204 S1000
;TYPE:Outer wall
;WIDTH:0.42
G1 F3000
G1 X143.085 Y124.922 E.00016
G1 X142.681 Y124.995 E.01261
G1 X99.271 Y124.995 E1.33388
G1 X98.867 Y124.922 E.01261
G1 X98.483 Y124.777 E.01261
G1 X98.131 Y124.567 E.01261
G1 X97.822 Y124.297 E.01261
G1 X97.566 Y123.976 E.01261
G1 X97.371 Y123.615 E.01261
G1 X97.245 Y123.224 E.01261
G1 X97.189 Y122.818 E.01261
G1 X97.208 Y122.408 E.01261
G1 X97.3 Y122.003 E.01276
G1 X97.369 Y121.819 E.00605
G1 X97.538 Y121.499 E.0111
G1 X97.687 Y121.286 E.008
G1 X97.818 Y121.136 E.00611
G1 X98.131 Y120.863 E.01276
G1 X98.483 Y120.653 E.01261
G1 X98.867 Y120.508 E.01261
G1 X99.271 Y120.435 E.01261
G1 X142.628 Y120.432 E1.33223
G1 X142.887 Y120.462 E.00802
G1 X143.081 Y120.507 E.00611
G1 X143.469 Y120.653 E.01276
G1 X143.822 Y120.863 E.01261
G1 X144.131 Y121.133 E.01261
G1 X144.387 Y121.454 E.01261
G1 X144.581 Y121.815 E.01261
G1 X144.708 Y122.206 E.01261
G1 X144.763 Y122.612 E.01261
G1 X144.745 Y123.022 E.01261
G1 X144.653 Y123.422 E.01261
G1 X144.492 Y123.8 E.01263
G1 X144.297 Y124.099 E.01096
G1 X144.133 Y124.295 E.00786
G1 X143.822 Y124.567 E.01269
G1 X143.469 Y124.777 E.01261
G1 X143.109 Y124.913 E.01183
M204 S2000
G1 X142.981 Y124.542 F18000
M204 S1500
;TYPE:Inner wall
;WIDTH:0.45
G1 F4800
G1 X142.646 Y124.603 E.01127
G1 X99.306 Y124.603 E1.43766
G1 X98.972 Y124.542 E.01127
G1 X98.654 Y124.423 E.01127
G1 X98.362 Y124.248 E.01127
G1 X98.106 Y124.025 E.01127
G1 X97.894 Y123.759 E.01127
G1 X97.733 Y123.46 E.01127
G1 X97.628 Y123.137 E.01127
G1 X97.583 Y122.8 E.01127
G1 X97.598 Y122.461 E.01127
G1 X97.677 Y122.116 E.01172
G1 X97.728 Y121.98 E.00482
G1 X97.874 Y121.704 E.01036
G1 X98.096 Y121.414 E.01212
G1 X98.362 Y121.181 E.01172
G1 X98.654 Y121.007 E.01127
G1 X98.972 Y120.888 E.01127
G1 X99.306 Y120.827 E.01127
G1 X142.605 Y120.824 E1.4363
G1 X142.821 Y120.849 E.0072
G1 X142.968 Y120.883 E.00501
G1 X143.299 Y121.007 E.01172
G1 X143.59 Y121.181 E.01127
G1 X143.846 Y121.405 E.01127
G1 X144.058 Y121.671 E.01127
G1 X144.219 Y121.97 E.01127
G1 X144.324 Y122.293 E.01127
G1 X144.37 Y122.63 E.01127
G1 X144.355 Y122.969 E.01127
G1 X144.279 Y123.301 E.01127
G1 X144.145 Y123.615 E.01134
G1 X143.982 Y123.866 E.00991
G1 X143.852 Y124.02 E.00668
G1 X143.59 Y124.248 E.01153
G1 X143.299 Y124.423 E.01127
G1 X142.999 Y124.535 E.01061
M204 S2000
G1 E-.8 F3600
G1 X99.196 Y123.37 F18000
G1 E.8 F3600
M204 S1000
;TYPE:Outer wall
;WIDTH:0.42
G1 F3000
G1 X99.203 Y123.375 E.00027
G1 X99.476 Y123.429 E.00856
G1 X99.75 Y123.375 E.00856
G1 X99.981 Y123.22 E.00856
G1 X100.136 Y122.988 E.00856
G1 X100.19 Y122.715 E.00856
G1 X100.136 Y122.442 E.00856
G1 X99.981 Y122.21 E.00856
G1 X99.758 Y122.061 E.00824
G1 X99.611 Y122.016 E.00474
G1 X99.434 Y122.006 E.00545
G1 X99.202 Y122.056 E.00729
G1 X98.971 Y122.21 E.00851
G1 X98.817 Y122.442 E.00856
G1 X98.762 Y122.715 E.00856
G1 X98.817 Y122.988 E.00856
G1 X98.971 Y123.22 E.00856
G1 X99.179 Y123.359 E.00767
M204 S2000
G1 X99.004 Y123.713 F18000
M204 S1500
;TYPE:Inner wall
;WIDTH:0.45
G1 F4800
G1 X99.05 Y123.744 E.00185
G1 X99.476 Y123.829 E.01442
G1 X99.903 Y123.744 E.01442
G1 X100.264 Y123.503 E.01442
G1 X100.505 Y123.141 E.01442
G1 X100.59 Y122.715 E.01442
G1 X100.505 Y122.289 E.01442
G1 X100.264 Y121.927 E.01442
G1 X99.928 Y121.703 E.01341
G1 X99.68 Y121.628 E.0086
G1 X99.403 Y121.612 E.0092
G1 X99.046 Y121.689 E.01211
G1 X98.689 Y121.927 E.01426
G1 X98.447 Y122.289 E.01442
G1 X98.362 Y122.715 E.01442
G1 X98.447 Y123.141 E.01442
G1 X98.689 Y123.503 E.01442
G1 X98.987 Y123.702 E.0119
M204 S2000
G1 E-.8 F3600
G1 X142.497 Y123.425 F18000
G1 E.8 F3600
M204 S1000
;TYPE:Outer wall
;WIDTH:0.42
G1 F3000
G1 X142.75 Y123.375 E.0079
G1 X142.981 Y123.22 E.00856
G1 X143.136 Y122.988 E.00856
G1 X143.19 Y122.715 E.00856
G1 X143.136 Y122.442 E.00856
G1 X142.981 Y122.21 E.00856
G1 X142.758 Y122.061 E.00824
G1 X142.611 Y122.016 E.00474
G1 X142.434 Y122.006 E.00545
G1 X142.202 Y122.056 E.00729
G1 X141.971 Y122.21 E.00851
G1 X141.817 Y122.442 E.00856
G1 X141.762 Y122.715 E.00856
G1 X141.817 Y122.988 E.00856
G1 X141.971 Y123.22 E.00856
G1 X142.203 Y123.375 E.00856
G1 X142.476 Y123.429 E.00856
G1 X142.478 Y123.429 E.00004
M204 S2000
G1 X142.531 Y123.818 F18000
M204 S1500
;TYPE:Inner wall
;WIDTH:0.45
G1 F4800
G1 X142.903 Y123.744 E.01256
G1 X143.264 Y123.503 E.01442
G1 X143.505 Y123.141 E.01442
G1 X143.59 Y122.715 E.01442
G1 X143.505 Y122.289 E.01442
G1 X143.264 Y121.927 E.01442
G1 X142.928 Y121.703 E.01341
G1 X142.68 Y121.628 E.0086
G1 X142.403 Y121.612 E.0092
G1 X142.046 Y121.689 E.01211
G1 X141.689 Y121.927 E.01426
G1 X141.447 Y122.289 E.01442
G1 X141.362 Y122.715 E.01442
G1 X141.447 Y123.141 E.01442
G1 X141.689 Y123.503 E.01442
G1 X142.05 Y123.744 E.01442
G1 X142.476 Y123.829 E.01442
G1 X142.512 Y123.822 E.00119
M204 S2000
G1 X142.441 Y124.216 F18000
;TYPE:Gap infill
;WIDTH:0.425062
G1 F6000
G1 X142.172 Y124.19 E.0084
;WIDTH:0.440767
G1 X141.904 Y124.163 E.00874
G1 X142.441 Y124.216 F18000
;WIDTH:0.424519
G1 F6000
G1 X142.61 Y124.206 E.00529
G1 X142.874 Y124.156 E.00834
G1 X143.084 Y124.089 E.00686
G1 X143.354 Y123.923 E.00985
G1 X143.565 Y123.753 E.00844
G1 X143.792 Y123.427 E.01234
G1 X143.877 Y123.256 E.00593
G1 X143.957 Y122.916 E.01089
G1 X143.979 Y122.679 E.00739
G1 X143.932 Y122.383 E.00933
G1 X143.861 Y122.123 E.00837
G1 X143.722 Y121.892 E.00837
G1 X143.513 Y121.628 E.0105
G1 X143.354 Y121.507 E.00621
G1 X143.07 Y121.338 E.01027
G1 X142.754 Y121.239 E.01031
G1 X142.347 Y121.22 E.01268
;WIDTH:0.449748
G1 X141.908 Y121.266 E.01461
G1 X139.835 Y122.714 F18000
;TYPE:Internal solid infill
;WIDTH:0.419999
G1 F6000
G1 X139.882 Y122.348 E.01134
G1 X102.071 Y122.35 E1.16184
G1 X102.117 Y122.715 E.0113
G1 X102.071 Y123.08 E.0113
G1 X139.882 Y123.08 E1.16182
G1 X139.838 Y122.734 E.01071
G1 X140.23 Y122.531 F18000
G1 F6000
G1 X140.353 Y121.971 E.01763
G1 X101.6 Y121.973 E1.19078
G1 X101.722 Y122.531 E.01755
G1 X101.722 Y122.899 E.0113
G1 X101.6 Y123.457 E.01754
G1 X140.352 Y123.457 E1.19075
G1 X140.23 Y122.899 E.01754
G1 X140.23 Y122.551 E.01069
G1 X140.6 Y122.605 F18000
G1 F6000
G1 X140.701 Y122.099 E.01584
G1 X140.785 Y121.895 E.00678
G1 X140.987 Y121.594 E.01114
G1 X100.968 Y121.596 E1.22967
G1 X101.167 Y121.895 E.01105
G1 X101.252 Y122.099 E.00678
G1 X101.352 Y122.605 E.01584
G1 X101.352 Y122.825 E.00678
G1 X101.252 Y123.331 E.01584
G1 X101.167 Y123.535 E.00678
G1 X100.968 Y123.834 E.01104
G1 X140.985 Y123.834 E1.22961
G1 X140.785 Y123.535 E.01104
G1 X140.701 Y123.331 E.00678
G1 X140.6 Y122.825 E.01584
G1 X140.6 Y122.625 E.00617
G1 X140.97 Y122.752 F18000
G1 F6000
G1 X141.071 Y122.173 E.01807
G1 X141.385 Y121.676 E.01806
G1 X141.545 Y121.552 E.0062
G1 X141.509 Y121.217 E.01037
G1 X100.451 Y121.219 E1.26159
G1 X100.402 Y121.548 E.01022
G1 X100.567 Y121.676 E.00641
G1 X100.854 Y122.105 E.01584
G1 X100.983 Y122.678 E.01807
G1 X100.882 Y123.257 E.01807
G1 X100.567 Y123.754 E.01806
G1 X100.414 Y123.874 E.00597
G1 X100.447 Y124.211 E.01041
G1 X141.505 Y124.211 E1.26159
G1 X141.538 Y123.874 E.0104
G1 X141.385 Y123.754 E.00597
G1 X141.099 Y123.325 E.01584
G1 X140.974 Y122.771 E.01745
G1 X100.049 Y124.163 F18000
;TYPE:Gap infill
;WIDTH:0.440767
G1 F6000
G1 X99.78 Y124.19 E.00874
;WIDTH:0.425063
G1 X99.512 Y124.216 E.0084
;WIDTH:0.423434
G1 X99.342 Y124.206 E.00528
G1 X99.078 Y124.156 E.00832
G1 X98.868 Y124.089 E.00685
G1 X98.598 Y123.923 E.00982
G1 X98.389 Y123.755 E.00834
G1 X98.23 Y123.538 E.00834
G1 X98.092 Y123.307 E.00834
G1 X98.02 Y123.047 E.00834
G1 X97.976 Y122.782 E.00833
G1 X97.995 Y122.518 E.00822
G1 X98.087 Y122.132 E.01231
G1 X98.378 Y121.687 E.01647
G1 X98.598 Y121.507 E.00883
G1 X98.825 Y121.363 E.00832
G1 X99.079 Y121.274 E.00833
;WIDTH:0.436814
G1 X99.398 Y121.219 E.01039
G1 X99.727 Y121.228 E.01057
G1 X100.047 Y121.273 E.01037
; stop printing object links_Servo.stl id:1 copy 0
; end of layer_num: 3, T: 0, print_z: 0.640000
;LAYER_CHANGE
;Z:0.84
;HEIGHT:0.2
; BEFORE_LAYER_CHANGE 3 @ 0.84mm
G92 E0
; AFTER_LAYER_CHANGE 3 @ 0.84mm
; start of layer_num: 4, T: 0, print_z: 0.840000
; printing object "links_Servo.stl" id:0 copy 0
G1 E-.8 F3600
G1 X141.745 Y145.273 Z.84 F18000
G1 E.8 F3600
M204 S1000
;TYPE:Outer wall
;WIDTH:0.42
G1 F3000
G1 X141.729 Y145.279 E.00053
G1 X141.325 Y145.353 E.01261
G1 X97.914 Y145.353 E1.33388
G1 X97.511 Y145.279 E.01261
G1 X97.126 Y145.135 E.01261
G1 X96.774 Y144.925 E.01261
G1 X96.465 Y144.655 E.01261
G1 X96.209 Y144.334 E.01261
G1 X96.015 Y143.972 E.01261
G1 X95.888 Y143.582 E.01261
G1 X95.833 Y143.175 E.01261
G1 X95.851 Y142.765 E.01261
G1 X95.943 Y142.361 E.01276
G1 X96.012 Y142.177 E.00602
G1 X96.209 Y141.812 E.01276
G1 X96.465 Y141.491 E.01261
G1 X96.774 Y141.221 E.01261
G1 X97.126 Y141.01 E.01261
G1 X97.511 Y140.866 E.01261
G1 X97.914 Y140.793 E.01261
G1 X141.249 Y140.789 E1.33156
G1 X141.531 Y140.82 E.00871
G1 X141.724 Y140.864 E.00609
G1 X142.113 Y141.01 E.01276
G1 X142.465 Y141.221 E.01261
G1 X142.774 Y141.491 E.01261
G1 X143.03 Y141.812 E.01261
G1 X143.224 Y142.173 E.01261
G1 X143.351 Y142.563 E.01261
G1 X143.406 Y142.97 E.01261
G1 X143.388 Y143.38 E.01261
G1 X143.297 Y143.78 E.01261
G1 X143.135 Y144.157 E.01261
G1 X142.907 Y144.504 E.01276
G1 X142.778 Y144.651 E.00602
G1 X142.465 Y144.925 E.01276
G1 X142.113 Y145.135 E.01261
G1 X141.763 Y145.266 E.01146
M204 S2000
G1 X141.624 Y144.9 F18000
M204 S1500
;TYPE:Inner wall
;WIDTH:0.45
G1 F4800
G1 X141.289 Y144.96 E.01127
G1 X97.95 Y144.96 E1.43766
G1 X97.615 Y144.9 E.01127
G1 X97.297 Y144.78 E.01127
G1 X97.005 Y144.606 E.01127
G1 X96.749 Y144.383 E.01127
G1 X96.538 Y144.117 E.01127
G1 X96.377 Y143.818 E.01127
G1 X96.272 Y143.494 E.01127
G1 X96.226 Y143.158 E.01127
G1 X96.241 Y142.818 E.01127
G1 X96.32 Y142.474 E.01172
G1 X96.37 Y142.34 E.00475
G1 X96.538 Y142.028 E.01172
G1 X96.749 Y141.763 E.01127
G1 X97.005 Y141.539 E.01127
G1 X97.297 Y141.365 E.01127
G1 X97.615 Y141.245 E.01127
G1 X97.95 Y141.185 E.01127
G1 X141.227 Y141.181 E1.4356
G1 X141.465 Y141.207 E.00794
G1 X141.611 Y141.241 E.00495
G1 X141.942 Y141.365 E.01172
G1 X142.234 Y141.539 E.01127
G1 X142.49 Y141.763 E.01127
G1 X142.701 Y142.028 E.01127
G1 X142.862 Y142.328 E.01127
G1 X142.967 Y142.651 E.01127
G1 X143.013 Y142.988 E.01127
G1 X142.998 Y143.327 E.01127
G1 X142.922 Y143.658 E.01127
G1 X142.789 Y143.971 E.01127
G1 X142.594 Y144.266 E.01172
G1 X142.5 Y144.374 E.00475
G1 X142.234 Y144.606 E.01172
G1 X141.942 Y144.78 E.01127
G1 X141.643 Y144.893 E.01061
M204 S2000
G1 E-.8 F3600
G1 X97.847 Y143.733 F18000
G1 E.8 F3600
M204 S1000
;TYPE:Outer wall
;WIDTH:0.42
G1 F3000
G1 X98.12 Y143.787 E.00852
G1 X98.393 Y143.732 E.00856
G1 X98.624 Y143.578 E.00856
G1 X98.779 Y143.346 E.00856
G1 X98.834 Y143.073 E.00856
G1 X98.779 Y142.799 E.00856
G1 X98.624 Y142.568 E.00856
G1 X98.402 Y142.419 E.00824
G1 X98.253 Y142.374 E.00478
G1 X98.065 Y142.365 E.00578
G1 X97.844 Y142.414 E.00695
G1 X97.615 Y142.568 E.00849
G1 X97.46 Y142.799 E.00856
G1 X97.405 Y143.073 E.00856
G1 X97.46 Y143.346 E.00856
G1 X97.615 Y143.578 E.00856
G1 X97.831 Y143.722 E.00799
M204 S2000
G1 X97.748 Y144.113 F18000
M204 S1500
;TYPE:Inner wall
;WIDTH:0.45
G1 F4800
G1 X98.12 Y144.187 E.01257
G1 X98.546 Y144.102 E.01442
G1 X98.907 Y143.86 E.01442
G1 X99.149 Y143.499 E.01442
G1 X99.233 Y143.073 E.01442
G1 X99.149 Y142.646 E.01442
G1 X98.907 Y142.285 E.01442
G1 X98.571 Y142.06 E.01341
G1 X98.32 Y141.984 E.00872
G1 X98.031 Y141.971 E.00959
G1 X97.687 Y142.047 E.01167
G1 X97.332 Y142.285 E.01419
G1 X97.09 Y142.646 E.01442
G1 X97.006 Y143.073 E.01442
G1 X97.09 Y143.499 E.01442
G1 X97.332 Y143.86 E.01442
G1 X97.693 Y144.102 E.01442
G1 X97.728 Y144.109 E.00118
M204 S2000
G1 E-.8 F3600
G1 X141.147 Y143.781 F18000
G1 E.8 F3600
M204 S1000
;TYPE:Outer wall
;WIDTH:0.42
G1 F3000
G1 X141.393 Y143.732 E.00771
G1 X141.624 Y143.578 E.00856
G1 X141.779 Y143.346 E.00856
G1 X141.834 Y143.073 E.00856
G1 X141.779 Y142.799 E.00856
G1 X141.624 Y142.568 E.00856
G1 X141.402 Y142.419 E.00824
G1 X141.253 Y142.374 E.00478
G1 X141.065 Y142.365 E.00578
G1 X140.844 Y142.414 E.00695
G1 X140.615 Y142.568 E.00849
G1 X140.46 Y142.799 E.00856
G1 X140.405 Y143.073 E.00856
G1 X140.46 Y143.346 E.00856
G1 X140.615 Y143.578 E.00856
G1 X140.846 Y143.732 E.00856
G1 X141.12 Y143.787 E.00856
G1 X141.127 Y143.785 E.00024
M204 S2000
G1 X141.065 Y144.176 F18000
M204 S1500
;TYPE:Inner wall
;WIDTH:0.45
G1 F4800
G1 X141.12 Y144.187 E.00185
G1 X141.546 Y144.102 E.01442
G1 X141.907 Y143.86 E.01442
G1 X142.149 Y143.499 E.01442
G1 X142.233 Y143.073 E.01442
G1 X142.149 Y142.646 E.01442
G1 X141.907 Y142.285 E.01442
G1 X141.571 Y142.06 E.01341
G1 X141.32 Y141.984 E.00872
G1 X141.031 Y141.971 E.00959
G1 X140.687 Y142.047 E.01167
G1 X140.332 Y142.285 E.01419
G1 X140.09 Y142.646 E.01442
G1 X140.006 Y143.073 E.01442
G1 X140.09 Y143.499 E.01442
G1 X140.332 Y143.86 E.01442
G1 X140.693 Y144.102 E.01442
G1 X141.045 Y144.172 E.0119
G1 E-.8 F3600
M204 S2000
G1 X141.084 Y144.574 F18000
G1 E.8 F3600
;TYPE:Gap infill
;WIDTH:0.423869
G1 F6000
G1 X141.254 Y144.564 E.00528
G1 X141.517 Y144.514 E.00833
G1 X141.728 Y144.447 E.00685
G1 X141.998 Y144.281 E.00983
G1 X142.209 Y144.11 E.00843
G1 X142.439 Y143.779 E.01254
G1 X142.52 Y143.614 E.0057
G1 X142.601 Y143.273 E.01087
G1 X142.621 Y143.108 E.00516
G1 X142.576 Y142.74 E.01151
G1 X142.504 Y142.481 E.00835
G1 X142.366 Y142.25 E.00835
G1 X142.207 Y142.033 E.00835
G1 X141.998 Y141.864 E.00835
G1 X141.764 Y141.717 E.00856
G1 X141.4 Y141.597 E.01192
G1 X141.205 Y141.58 E.00605
;WIDTH:0.443316
G1 X140.971 Y141.578 E.00764
G1 X140.553 Y141.624 E.01371
G1 X138.478 Y143.071 F18000
;TYPE:Internal solid infill
;WIDTH:0.419999
G1 F6000
G1 X138.526 Y142.705 E.01136
G1 X100.714 Y142.708 E1.16185
G1 X100.761 Y143.073 E.0113
G1 X100.714 Y143.437 E.0113
G1 X138.525 Y143.437 E1.16182
G1 X138.481 Y143.091 E.01072
G1 X138.874 Y142.889 F18000
G1 F6000
G1 X138.997 Y142.327 E.01766
G1 X100.243 Y142.331 E1.1908
G1 X100.366 Y142.889 E.01755
G1 X100.366 Y143.257 E.0113
G1 X100.243 Y143.814 E.01754
G1 X138.996 Y143.814 E1.19075
G1 X138.874 Y143.257 E.01754
G1 X138.874 Y142.909 E.01069
G1 X139.243 Y142.962 F18000
G1 F6000
G1 X139.344 Y142.457 E.01584
G1 X139.428 Y142.253 E.00678
G1 X139.63 Y141.95 E.01117
G1 X99.611 Y141.954 E1.22969
G1 X99.811 Y142.253 E.01105
G1 X99.895 Y142.457 E.00678
G1 X99.996 Y142.962 E.01584
G1 X99.996 Y143.183 E.00678
G1 X99.895 Y143.689 E.01584
G1 X99.811 Y143.893 E.00678
G1 X99.611 Y144.191 E.01104
G1 X139.628 Y144.191 E1.22961
G1 X139.428 Y143.893 E.01104
G1 X139.344 Y143.689 E.00678
G1 X139.243 Y143.183 E.01584
G1 X139.243 Y142.982 E.00617
G1 X139.613 Y143.109 F18000
G1 F6000
G1 X139.714 Y142.53 E.01807
G1 X140.028 Y142.034 E.01806
G1 X140.19 Y141.908 E.00629
G1 X140.153 Y141.573 E.01035
G1 X99.094 Y141.577 E1.26163
G1 X99.045 Y141.906 E.01022
G1 X99.211 Y142.034 E.00642
G1 X99.497 Y142.462 E.01584
G1 X99.626 Y143.036 E.01806
G1 X99.525 Y143.615 E.01807
G1 X99.211 Y144.112 E.01806
G1 X99.057 Y144.231 E.00597
G1 X99.091 Y144.568 E.01041
G1 X140.148 Y144.568 E1.26159
G1 X140.182 Y144.231 E.01041
G1 X140.028 Y144.112 E.00597
G1 X139.742 Y143.683 E.01584
G1 X139.618 Y143.129 E.01745
G1 X140.547 Y144.521 F18000
;TYPE:Gap infill
;WIDTH:0.440767
G1 F6000
G1 X140.815 Y144.547 E.00874
;WIDTH:0.425063
G1 X141.084 Y144.574 E.0084
G1 X98.692 Y144.521 F18000
;WIDTH:0.440768
G1 F6000
G1 X98.424 Y144.547 E.00874
;WIDTH:0.425065
G1 X98.155 Y144.574 E.0084
;WIDTH:0.423364
G1 X97.985 Y144.564 E.00528
G1 X97.722 Y144.514 E.00832
G1 X97.511 Y144.447 E.00684
G1 X97.242 Y144.281 E.00982
G1 X97.032 Y144.112 E.00834
G1 X96.873 Y143.895 E.00834
G1 X96.735 Y143.664 E.00834
G1 X96.663 Y143.405 E.00834
G1 X96.619 Y143.14 E.00833
G1 X96.638 Y142.875 E.00822
G1 X96.718 Y142.531 E.01096
G1 X96.873 Y142.25 E.00995
G1 X97.032 Y142.033 E.00834
G1 X97.242 Y141.864 E.00834
G1 X97.503 Y141.703 E.00953
G1 X97.722 Y141.631 E.00713
;WIDTH:0.436637
G1 X98.022 Y141.578 E.00977
G1 X98.363 Y141.585 E.01096
G1 X98.69 Y141.631 E.01058
; stop printing object links_Servo.stl id:0 copy 0
; printing object "links_Servo.stl" id:1 copy 0
G1 E-.8 F3600
G1 X143.102 Y124.916 F18000
G1 E.8 F3600
M204 S1000
;TYPE:Outer wall
;WIDTH:0.42
G1 F3000
G1 X143.085 Y124.922 E.00053
G1 X142.681 Y124.995 E.01261
G1 X99.271 Y124.995 E1.33388
G1 X98.867 Y124.922 E.01261
G1 X98.483 Y124.777 E.01261
G1 X98.131 Y124.567 E.01261
G1 X97.822 Y124.297 E.01261
G1 X97.566 Y123.976 E.01261
G1 X97.371 Y123.615 E.01261
G1 X97.245 Y123.224 E.01261
G1 X97.189 Y122.818 E.01261
G1 X97.208 Y122.408 E.01261
G1 X97.3 Y122.003 E.01276
G1 X97.369 Y121.819 E.00602
G1 X97.566 Y121.454 E.01276
G1 X97.822 Y121.133 E.01261
G1 X98.131 Y120.863 E.01261
G1 X98.483 Y120.653 E.01261
G1 X98.867 Y120.508 E.01261
G1 X99.271 Y120.435 E.01261
G1 X142.606 Y120.431 E1.33156
G1 X142.888 Y120.463 E.00871
G1 X143.081 Y120.507 E.00609
G1 X143.469 Y120.653 E.01276
G1 X143.822 Y120.863 E.01261
G1 X144.131 Y121.133 E.01261
G1 X144.387 Y121.454 E.01261
G1 X144.581 Y121.815 E.01261
G1 X144.708 Y122.206 E.01261
G1 X144.763 Y122.612 E.01261
G1 X144.745 Y123.022 E.01261
G1 X144.653 Y123.422 E.01261
G1 X144.492 Y123.8 E.01261
G1 X144.263 Y124.146 E.01276
G1 X144.134 Y124.294 E.00602
G1 X143.822 Y124.567 E.01276
G1 X143.469 Y124.777 E.01261
G1 X143.12 Y124.909 E.01146
M204 S2000
G1 X142.981 Y124.542 F18000
M204 S1500
;TYPE:Inner wall
;WIDTH:0.45
G1 F4800
G1 X142.646 Y124.603 E.01127
G1 X99.306 Y124.603 E1.43766
G1 X98.972 Y124.542 E.01127
G1 X98.654 Y124.423 E.01127
G1 X98.362 Y124.248 E.01127
G1 X98.106 Y124.025 E.01127
G1 X97.894 Y123.759 E.01127
G1 X97.733 Y123.46 E.01127
G1 X97.628 Y123.137 E.01127
G1 X97.583 Y122.8 E.01127
G1 X97.598 Y122.461 E.01127
G1 X97.677 Y122.116 E.01172
G1 X97.727 Y121.982 E.00475
G1 X97.894 Y121.671 E.01172
G1 X98.106 Y121.405 E.01127
G1 X98.362 Y121.181 E.01127
G1 X98.654 Y121.007 E.01127
G1 X98.972 Y120.888 E.01127
G1 X99.306 Y120.827 E.01127
G1 X142.584 Y120.823 E1.4356
G1 X142.822 Y120.85 E.00794
G1 X142.968 Y120.883 E.00495
G1 X143.299 Y121.007 E.01172
G1 X143.59 Y121.181 E.01127
G1 X143.846 Y121.405 E.01127
G1 X144.058 Y121.671 E.01127
G1 X144.219 Y121.97 E.01127
G1 X144.324 Y122.293 E.01127
G1 X144.37 Y122.63 E.01127
G1 X144.355 Y122.969 E.01127
G1 X144.279 Y123.301 E.01127
G1 X144.145 Y123.613 E.01127
G1 X143.951 Y123.908 E.01172
G1 X143.857 Y124.016 E.00475
G1 X143.59 Y124.248 E.01172
G1 X143.299 Y124.423 E.01127
G1 X142.999 Y124.535 E.01061
M204 S2000
G1 E-.8 F3600
G1 X99.204 Y123.375 F18000
G1 E.8 F3600
M204 S1000
;TYPE:Outer wall
;WIDTH:0.42
G1 F3000
G1 X99.476 Y123.429 E.00852
G1 X99.75 Y123.375 E.00856
G1 X99.981 Y123.22 E.00856
G1 X100.136 Y122.988 E.00856
G1 X100.19 Y122.715 E.00856
G1 X100.136 Y122.442 E.00856
G1 X99.981 Y122.21 E.00856
G1 X99.758 Y122.061 E.00824
G1 X99.61 Y122.016 E.00478
G1 X99.422 Y122.007 E.00578
G1 X99.201 Y122.057 E.00695
G1 X98.971 Y122.21 E.00849
G1 X98.817 Y122.442 E.00856
G1 X98.762 Y122.715 E.00856
G1 X98.817 Y122.988 E.00856
G1 X98.971 Y123.22 E.00856
G1 X99.187 Y123.364 E.00799
M204 S2000
G1 X99.105 Y123.755 F18000
M204 S1500
;TYPE:Inner wall
;WIDTH:0.45
G1 F4800
G1 X99.476 Y123.829 E.01257
G1 X99.903 Y123.744 E.01442
G1 X100.264 Y123.503 E.01442
G1 X100.505 Y123.141 E.01442
G1 X100.59 Y122.715 E.01442
G1 X100.505 Y122.289 E.01442
G1 X100.264 Y121.927 E.01442
G1 X99.928 Y121.703 E.01341
G1 X99.676 Y121.627 E.00872
G1 X99.388 Y121.613 E.00959
G1 X99.044 Y121.69 E.01167
G1 X98.689 Y121.927 E.01419
G1 X98.447 Y122.289 E.01442
G1 X98.362 Y122.715 E.01442
G1 X98.447 Y123.141 E.01442
G1 X98.689 Y123.503 E.01442
G1 X99.05 Y123.744 E.01442
G1 X99.085 Y123.751 E.00118
M204 S2000
G1 E-.8 F3600
G1 X142.504 Y123.424 F18000
G1 E.8 F3600
M204 S1000
;TYPE:Outer wall
;WIDTH:0.42
G1 F3000
G1 X142.75 Y123.375 E.00771
G1 X142.981 Y123.22 E.00856
G1 X143.136 Y122.988 E.00856
G1 X143.19 Y122.715 E.00856
G1 X143.136 Y122.442 E.00856
G1 X142.981 Y122.21 E.00856
G1 X142.758 Y122.061 E.00824
G1 X142.61 Y122.016 E.00478
G1 X142.422 Y122.007 E.00578
G1 X142.201 Y122.057 E.00695
G1 X141.971 Y122.21 E.00849
G1 X141.817 Y122.442 E.00856
G1 X141.762 Y122.715 E.00856
G1 X141.817 Y122.988 E.00856
G1 X141.971 Y123.22 E.00856
G1 X142.203 Y123.375 E.00856
G1 X142.476 Y123.429 E.00856
G1 X142.484 Y123.428 E.00024
M204 S2000
G1 X142.421 Y123.818 F18000
M204 S1500
;TYPE:Inner wall
;WIDTH:0.45
G1 F4800
G1 X142.476 Y123.829 E.00185
G1 X142.903 Y123.744 E.01442
G1 X143.264 Y123.503 E.01442
G1 X143.505 Y123.141 E.01442
G1 X143.59 Y122.715 E.01442
G1 X143.505 Y122.289 E.01442
G1 X143.264 Y121.927 E.01442
G1 X142.928 Y121.703 E.01341
G1 X142.676 Y121.627 E.00872
G1 X142.388 Y121.613 E.00959
G1 X142.044 Y121.69 E.01167
G1 X141.689 Y121.927 E.01419
G1 X141.447 Y122.289 E.01442
G1 X141.362 Y122.715 E.01442
G1 X141.447 Y123.141 E.01442
G1 X141.689 Y123.503 E.01442
G1 X142.05 Y123.744 E.01442
G1 X142.402 Y123.814 E.0119
M204 S2000
G1 X142.441 Y124.216 F18000
;TYPE:Gap infill
;WIDTH:0.425063
G1 F6000
G1 X142.172 Y124.19 E.0084
;WIDTH:0.440767
G1 X141.904 Y124.163 E.00874
G1 X142.441 Y124.216 F18000
;WIDTH:0.423869
G1 F6000
G1 X142.61 Y124.206 E.00528
G1 X142.874 Y124.156 E.00833
G1 X143.084 Y124.089 E.00685
G1 X143.354 Y123.923 E.00983
G1 X143.565 Y123.753 E.00843
G1 X143.796 Y123.421 E.01254
G1 X143.877 Y123.256 E.0057
G1 X143.957 Y122.916 E.01087
G1 X143.977 Y122.751 E.00516
G1 X143.932 Y122.383 E.01151
G1 X143.861 Y122.123 E.00835
G1 X143.722 Y121.892 E.00835
G1 X143.564 Y121.675 E.00835
G1 X143.354 Y121.507 E.00835
G1 X143.121 Y121.36 E.00856
G1 X142.756 Y121.239 E.01192
G1 X142.562 Y121.222 E.00605
;WIDTH:0.443316
G1 X142.328 Y121.22 E.00764
G1 X141.91 Y121.266 E.01371
G1 X139.835 Y122.714 F18000
;TYPE:Internal solid infill
;WIDTH:0.419999
G1 F6000
G1 X139.882 Y122.347 E.01136
G1 X102.071 Y122.35 E1.16185
G1 X102.117 Y122.715 E.0113
G1 X102.071 Y123.08 E.0113
G1 X139.882 Y123.08 E1.16182
G1 X139.838 Y122.733 E.01072
G1 X140.23 Y122.531 F18000
G1 F6000
G1 X140.354 Y121.97 E.01766
G1 X101.6 Y121.973 E1.1908
G1 X101.722 Y122.531 E.01755
G1 X101.722 Y122.899 E.0113
G1 X101.6 Y123.457 E.01754
G1 X140.352 Y123.457 E1.19075
G1 X140.23 Y122.899 E.01754
G1 X140.23 Y122.551 E.01069
G1 X140.6 Y122.605 F18000
G1 F6000
G1 X140.701 Y122.099 E.01584
G1 X140.785 Y121.895 E.00678
G1 X140.987 Y121.593 E.01117
G1 X100.968 Y121.596 E1.22969
G1 X101.167 Y121.895 E.01105
G1 X101.252 Y122.099 E.00678
G1 X101.352 Y122.605 E.01584
G1 X101.352 Y122.825 E.00678
G1 X101.252 Y123.331 E.01584
G1 X101.167 Y123.535 E.00678
G1 X100.968 Y123.834 E.01104
G1 X140.985 Y123.834 E1.22961
G1 X140.785 Y123.535 E.01104
G1 X140.701 Y123.331 E.00678
G1 X140.6 Y122.825 E.01584
G1 X140.6 Y122.625 E.00617
G1 X140.97 Y122.752 F18000
G1 F6000
G1 X141.071 Y122.173 E.01807
G1 X141.385 Y121.676 E.01806
G1 X141.547 Y121.55 E.00629
G1 X141.51 Y121.216 E.01035
G1 X100.451 Y121.219 E1.26163
G1 X100.402 Y121.548 E.01022
G1 X100.567 Y121.676 E.00642
G1 X100.854 Y122.105 E.01584
G1 X100.983 Y122.678 E.01806
G1 X100.882 Y123.257 E.01807
G1 X100.567 Y123.754 E.01806
G1 X100.414 Y123.874 E.00597
G1 X100.447 Y124.211 E.01041
G1 X141.505 Y124.211 E1.26159
G1 X141.538 Y123.874 E.01041
G1 X141.385 Y123.754 E.00597
G1 X141.099 Y123.325 E.01584
G1 X140.974 Y122.771 E.01745
G1 X100.049 Y124.163 F18000
;TYPE:Gap infill
;WIDTH:0.440768
G1 F6000
G1 X99.78 Y124.19 E.00874
;WIDTH:0.425065
G1 X99.512 Y124.216 E.0084
;WIDTH:0.423364
G1 X99.342 Y124.206 E.00528
G1 X99.078 Y124.156 E.00832
G1 X98.868 Y124.089 E.00684
G1 X98.598 Y123.923 E.00982
G1 X98.389 Y123.755 E.00834
G1 X98.23 Y123.538 E.00834
G1 X98.092 Y123.307 E.00834
G1 X98.02 Y123.047 E.00834
G1 X97.976 Y122.782 E.00833
G1 X97.995 Y122.518 E.00822
G1 X98.075 Y122.173 E.01096
G1 X98.23 Y121.892 E.00995
G1 X98.389 Y121.675 E.00834
G1 X98.598 Y121.507 E.00834
G1 X98.86 Y121.345 E.00953
G1 X99.079 Y121.274 E.00713
;WIDTH:0.436637
G1 X99.378 Y121.22 E.00977
G1 X99.72 Y121.228 E.01096
G1 X100.047 Y121.273 E.01058
; stop printing object links_Servo.stl id:1 copy 0
; end of layer_num: 4, T: 0, print_z: 0.840000
;LAYER_CHANGE
;Z:1.04
;HEIGHT:0.2
; BEFORE_LAYER_CHANGE 4 @ 1.04mm
G92 E0
; AFTER_LAYER_CHANGE 4 @ 1.04mm
; start of layer_num: 5, T: 0, print_z: 1.040000
; printing object "links_Servo.stl" id:0 copy 0
G1 E-.8 F3600
G1 X141.757 Y145.269 Z1.04 F18000
G1 E.8 F3600
M204 S1000
;TYPE:Outer wall
;WIDTH:0.42
G1 F3000
G1 X141.729 Y145.279 E.00092
G1 X141.325 Y145.353 E.01261
G1 X97.914 Y145.353 E1.33388
G1 X97.511 Y145.279 E.01261
G1 X97.126 Y145.135 E.01261
G1 X96.774 Y144.925 E.01261
G1 X96.465 Y144.655 E.01261
G1 X96.209 Y144.334 E.01261
G1 X96.015 Y143.972 E.01261
G1 X95.888 Y143.582 E.01261
G1 X95.833 Y143.175 E.01261
G1 X95.851 Y142.765 E.01261
G1 X95.943 Y142.361 E.01276
G1 X96.012 Y142.177 E.00602
G1 X96.209 Y141.812 E.01276
G1 X96.465 Y141.491 E.01261
G1 X96.774 Y141.221 E.01261
G1 X97.126 Y141.01 E.01261
G1 X97.511 Y140.866 E.01261
G1 X97.914 Y140.793 E.01261
G1 X141.227 Y140.788 E1.33088
G1 X141.531 Y140.82 E.0094
G1 X141.724 Y140.864 E.00607
G1 X142.113 Y141.01 E.01276
G1 X142.465 Y141.221 E.01261
G1 X142.774 Y141.491 E.01261
G1 X143.03 Y141.812 E.01261
G1 X143.224 Y142.173 E.01261
G1 X143.351 Y142.563 E.01261
G1 X143.406 Y142.97 E.01261
G1 X143.388 Y143.38 E.01261
G1 X143.297 Y143.78 E.01261
G1 X143.135 Y144.157 E.01261
G1 X142.907 Y144.504 E.01276
G1 X142.778 Y144.651 E.00602
G1 X142.465 Y144.925 E.01276
G1 X142.113 Y145.135 E.01261
G1 X141.775 Y145.262 E.01107
M204 S2000
G1 X141.624 Y144.9 F18000
M204 S1500
;TYPE:Inner wall
;WIDTH:0.45
G1 F4800
G1 X141.289 Y144.96 E.01127
G1 X97.95 Y144.96 E1.43766
G1 X97.615 Y144.9 E.01127
G1 X97.297 Y144.78 E.01127
G1 X97.005 Y144.606 E.01127
G1 X96.749 Y144.383 E.01127
G1 X96.538 Y144.117 E.01127
G1 X96.377 Y143.818 E.01127
G1 X96.272 Y143.494 E.01127
G1 X96.226 Y143.158 E.01127
G1 X96.241 Y142.818 E.01127
G1 X96.32 Y142.474 E.01172
G1 X96.37 Y142.34 E.00475
G1 X96.538 Y142.028 E.01172
G1 X96.749 Y141.763 E.01127
G1 X97.005 Y141.539 E.01127
G1 X97.297 Y141.365 E.01127
G1 X97.615 Y141.245 E.01127
G1 X97.95 Y141.185 E.01127
G1 X141.206 Y141.18 E1.43491
G1 X141.467 Y141.208 E.00869
G1 X141.611 Y141.241 E.00491
G1 X141.942 Y141.365 E.01172
G1 X142.234 Y141.539 E.01127
G1 X142.49 Y141.763 E.01127
G1 X142.701 Y142.028 E.01127
G1 X142.862 Y142.328 E.01127
G1 X142.967 Y142.651 E.01127
G1 X143.013 Y142.988 E.01127
G1 X142.998 Y143.327 E.01127
G1 X142.922 Y143.658 E.01127
G1 X142.789 Y143.971 E.01127
G1 X142.594 Y144.266 E.01172
G1 X142.5 Y144.374 E.00475
G1 X142.234 Y144.606 E.01172
G1 X141.942 Y144.78 E.01127
G1 X141.643 Y144.893 E.01061
M204 S2000
G1 E-.8 F3600
G1 X97.862 Y143.736 F18000
G1 E.8 F3600
M204 S1000
;TYPE:Outer wall
;WIDTH:0.42
G1 F3000
G1 X98.12 Y143.787 E.00807
G1 X98.393 Y143.732 E.00856
G1 X98.624 Y143.578 E.00856
G1 X98.779 Y143.346 E.00856
G1 X98.834 Y143.073 E.00856
G1 X98.779 Y142.799 E.00856
G1 X98.624 Y142.568 E.00856
G1 X98.402 Y142.419 E.00824
G1 X98.252 Y142.373 E.00481
G1 X98.053 Y142.366 E.0061
G1 X97.843 Y142.415 E.00662
G1 X97.615 Y142.568 E.00846
G1 X97.46 Y142.799 E.00856
G1 X97.405 Y143.073 E.00856
G1 X97.46 Y143.346 E.00856
G1 X97.615 Y143.578 E.00856
G1 X97.843 Y143.73 E.00844
M204 S2000
G1 X97.748 Y144.113 F18000
M204 S1500
;TYPE:Inner wall
;WIDTH:0.45
G1 F4800
G1 X98.12 Y144.187 E.01257
G1 X98.546 Y144.102 E.01442
G1 X98.907 Y143.86 E.01442
G1 X99.149 Y143.499 E.01442
G1 X99.233 Y143.073 E.01442
G1 X99.149 Y142.646 E.01442
G1 X98.907 Y142.285 E.01442
G1 X98.571 Y142.06 E.01341
G1 X98.317 Y141.983 E.00882
G1 X98.016 Y141.973 E.00999
G1 X97.685 Y142.049 E.01124
G1 X97.332 Y142.285 E.0141
G1 X97.09 Y142.646 E.01442
G1 X97.006 Y143.073 E.01442
G1 X97.09 Y143.499 E.01442
G1 X97.332 Y143.86 E.01442
G1 X97.693 Y144.102 E.01442
G1 X97.728 Y144.109 E.00118
M204 S2000
G1 E-.8 F3600
G1 X141.153 Y143.78 F18000
G1 E.8 F3600
M204 S1000
;TYPE:Outer wall
;WIDTH:0.42
G1 F3000
G1 X141.393 Y143.732 E.0075
G1 X141.624 Y143.578 E.00856
G1 X141.779 Y143.346 E.00856
G1 X141.834 Y143.073 E.00856
G1 X141.779 Y142.799 E.00856
G1 X141.624 Y142.568 E.00856
G1 X141.402 Y142.419 E.00824
G1 X141.252 Y142.373 E.00481
G1 X141.053 Y142.366 E.0061
G1 X140.843 Y142.415 E.00662
G1 X140.615 Y142.568 E.00846
G1 X140.46 Y142.799 E.00856
G1 X140.405 Y143.073 E.00856
G1 X140.46 Y143.346 E.00856
G1 X140.615 Y143.578 E.00856
G1 X140.846 Y143.732 E.00856
G1 X141.12 Y143.787 E.00856
G1 X141.134 Y143.784 E.00045
M204 S2000
G1 X141.174 Y144.176 F18000
M204 S1500
;TYPE:Inner wall
;WIDTH:0.45
G1 F4800
G1 X141.546 Y144.102 E.01257
G1 X141.907 Y143.86 E.01442
G1 X142.149 Y143.499 E.01442
G1 X142.233 Y143.073 E.01442
G1 X142.149 Y142.646 E.01442
G1 X141.907 Y142.285 E.01442
G1 X141.571 Y142.06 E.01341
G1 X141.317 Y141.983 E.00882
G1 X141.016 Y141.973 E.00999
G1 X140.685 Y142.049 E.01124
G1 X140.332 Y142.285 E.0141
G1 X140.09 Y142.646 E.01442
G1 X140.006 Y143.073 E.01442
G1 X140.09 Y143.499 E.01442
G1 X140.332 Y143.86 E.01442
G1 X140.693 Y144.102 E.01442
G1 X141.12 Y144.187 E.01442
G1 X141.155 Y144.18 E.00119
G1 E-.8 F3600
M204 S2000
G1 X141.084 Y144.574 F18000
G1 E.8 F3600
;TYPE:Gap infill
;WIDTH:0.423339
G1 F6000
G1 X141.254 Y144.564 E.00528
G1 X141.517 Y144.514 E.00832
G1 X141.728 Y144.447 E.00684
G1 X141.998 Y144.281 E.00982
G1 X142.209 Y144.11 E.00842
G1 X142.439 Y143.779 E.01252
G1 X142.52 Y143.614 E.00569
G1 X142.601 Y143.273 E.01086
G1 X142.621 Y143.108 E.00515
G1 X142.576 Y142.74 E.0115
G1 X142.504 Y142.481 E.00834
G1 X142.366 Y142.25 E.00834
G1 X142.207 Y142.033 E.00834
G1 X141.998 Y141.864 E.00834
G1 X141.764 Y141.718 E.00855
G1 X141.393 Y141.596 E.01211
G1 X141.185 Y141.579 E.00645
;WIDTH:0.444815
G1 X140.952 Y141.578 E.00763
G1 X140.555 Y141.624 E.01309
G1 X140.547 Y144.521 F18000
;WIDTH:0.440768
G1 F6000
G1 X140.815 Y144.547 E.00874
;WIDTH:0.425064
G1 X141.084 Y144.574 E.0084
G1 X101.125 Y143.072 F18000
;TYPE:Internal solid infill
;WIDTH:0.395278
G1 F6000
G1 X138.092 Y143.07 E1.0614
G1 X138.478 Y143.071 F18000
;WIDTH:0.419999
G1 F6000
G1 X138.526 Y142.704 E.01138
G1 X100.714 Y142.708 E1.16185
G1 X100.761 Y143.072 E.0113
G1 X100.714 Y143.437 E.0113
G1 X138.525 Y143.437 E1.16182
G1 X138.481 Y143.091 E.01073
G1 X138.874 Y142.889 F18000
G1 F6000
G1 X138.998 Y142.327 E.01769
G1 X100.243 Y142.331 E1.19081
G1 X100.366 Y142.889 E.01755
G1 X100.366 Y143.257 E.0113
G1 X100.243 Y143.814 E.01754
G1 X138.996 Y143.814 E1.19075
G1 X138.874 Y143.257 E.01754
G1 X138.874 Y142.909 E.01069
G1 X139.243 Y142.962 F18000
G1 F6000
G1 X139.344 Y142.457 E.01584
G1 X139.428 Y142.253 E.00678
G1 X139.631 Y141.949 E.01121
G1 X99.611 Y141.954 E1.22971
G1 X99.811 Y142.253 E.01105
G1 X99.895 Y142.457 E.00678
G1 X99.996 Y142.962 E.01584
G1 X99.996 Y143.183 E.00678
G1 X99.895 Y143.689 E.01584
G1 X99.811 Y143.893 E.00678
G1 X99.611 Y144.191 E.01104
G1 X139.628 Y144.191 E1.22961
G1 X139.428 Y143.893 E.01104
G1 X139.344 Y143.689 E.00678
G1 X139.243 Y143.183 E.01584
G1 X139.243 Y142.982 E.00617
G1 X139.613 Y143.109 F18000
G1 F6000
G1 X139.714 Y142.53 E.01807
G1 X140.028 Y142.034 E.01806
G1 X140.193 Y141.906 E.00639
G1 X140.155 Y141.572 E.01033
G1 X99.094 Y141.577 E1.26167
G1 X99.045 Y141.906 E.01022
G1 X99.211 Y142.034 E.00642
G1 X99.497 Y142.462 E.01584
G1 X99.626 Y143.036 E.01807
G1 X99.525 Y143.615 E.01807
G1 X99.211 Y144.112 E.01806
G1 X99.057 Y144.231 E.00597
G1 X99.091 Y144.568 E.01041
G1 X140.148 Y144.568 E1.26159
G1 X140.182 Y144.231 E.0104
G1 X140.028 Y144.112 E.00597
G1 X139.742 Y143.683 E.01584
G1 X139.618 Y143.129 E.01745
G1 X98.692 Y144.521 F18000
;TYPE:Gap infill
;WIDTH:0.440765
G1 F6000
G1 X98.424 Y144.547 E.00874
;WIDTH:0.425061
G1 X98.155 Y144.574 E.0084
;WIDTH:0.423392
G1 X97.985 Y144.564 E.00528
G1 X97.722 Y144.514 E.00832
G1 X97.511 Y144.447 E.00684
G1 X97.242 Y144.281 E.00982
G1 X97.032 Y144.112 E.00834
G1 X96.873 Y143.895 E.00834
G1 X96.735 Y143.664 E.00834
G1 X96.663 Y143.405 E.00834
G1 X96.619 Y143.14 E.00833
G1 X96.638 Y142.875 E.00822
G1 X96.718 Y142.531 E.01096
G1 X96.873 Y142.25 E.00995
G1 X97.032 Y142.033 E.00834
G1 X97.242 Y141.864 E.00834
G1 X97.5 Y141.704 E.00943
G1 X97.722 Y141.631 E.00723
;WIDTH:0.436466
G1 X98.003 Y141.578 E.00917
G1 X98.357 Y141.585 E.01137
G1 X98.69 Y141.631 E.01076
; stop printing object links_Servo.stl id:0 copy 0
; printing object "links_Servo.stl" id:1 copy 0
G1 E-.8 F3600
G1 X143.113 Y124.911 F18000
G1 E.8 F3600
M204 S1000
;TYPE:Outer wall
;WIDTH:0.42
G1 F3000
G1 X143.085 Y124.922 E.00092
G1 X142.681 Y124.995 E.01261
G1 X99.271 Y124.995 E1.33388
G1 X98.867 Y124.922 E.01261
G1 X98.483 Y124.777 E.01261
G1 X98.131 Y124.567 E.01261
G1 X97.822 Y124.297 E.01261
G1 X97.566 Y123.976 E.01261
G1 X97.371 Y123.615 E.01261
G1 X97.245 Y123.224 E.01261
G1 X97.189 Y122.818 E.01261
G1 X97.208 Y122.408 E.01261
G1 X97.3 Y122.003 E.01276
G1 X97.369 Y121.819 E.00602
G1 X97.566 Y121.454 E.01276
G1 X97.822 Y121.133 E.01261
G1 X98.131 Y120.863 E.01261
G1 X98.483 Y120.653 E.01261
G1 X98.867 Y120.508 E.01261
G1 X99.271 Y120.435 E.01261
G1 X142.584 Y120.43 E1.33088
G1 X142.888 Y120.463 E.0094
G1 X143.081 Y120.507 E.00607
G1 X143.469 Y120.653 E.01276
G1 X143.822 Y120.863 E.01261
G1 X144.131 Y121.133 E.01261
G1 X144.387 Y121.454 E.01261
G1 X144.581 Y121.815 E.01261
G1 X144.708 Y122.206 E.01261
G1 X144.763 Y122.612 E.01261
G1 X144.745 Y123.022 E.01261
G1 X144.653 Y123.422 E.01261
G1 X144.492 Y123.8 E.01261
G1 X144.263 Y124.146 E.01276
G1 X144.134 Y124.294 E.00602
G1 X143.822 Y124.567 E.01276
G1 X143.469 Y124.777 E.01261
G1 X143.132 Y124.904 E.01107
M204 S2000
G1 X142.981 Y124.542 F18000
M204 S1500
;TYPE:Inner wall
;WIDTH:0.45
G1 F4800
G1 X142.646 Y124.603 E.01127
G1 X99.306 Y124.603 E1.43766
G1 X98.972 Y124.542 E.01127
G1 X98.654 Y124.423 E.01127
G1 X98.362 Y124.248 E.01127
G1 X98.106 Y124.025 E.01127
G1 X97.894 Y123.759 E.01127
G1 X97.733 Y123.46 E.01127
G1 X97.628 Y123.137 E.01127
G1 X97.583 Y122.8 E.01127
G1 X97.598 Y122.461 E.01127
G1 X97.677 Y122.116 E.01172
G1 X97.727 Y121.982 E.00475
G1 X97.894 Y121.671 E.01172
G1 X98.106 Y121.405 E.01127
G1 X98.362 Y121.181 E.01127
G1 X98.654 Y121.007 E.01127
G1 X98.972 Y120.888 E.01127
G1 X99.306 Y120.827 E.01127
G1 X142.563 Y120.822 E1.43491
G1 X142.823 Y120.85 E.00869
G1 X142.968 Y120.883 E.00491
G1 X143.299 Y121.007 E.01172
G1 X143.59 Y121.181 E.01127
G1 X143.846 Y121.405 E.01127
G1 X144.058 Y121.671 E.01127
G1 X144.219 Y121.97 E.01127
G1 X144.324 Y122.293 E.01127
G1 X144.37 Y122.63 E.01127
G1 X144.355 Y122.969 E.01127
G1 X144.279 Y123.301 E.01127
G1 X144.145 Y123.613 E.01127
G1 X143.951 Y123.908 E.01172
G1 X143.857 Y124.016 E.00475
G1 X143.59 Y124.248 E.01172
G1 X143.299 Y124.423 E.01127
G1 X142.999 Y124.535 E.01061
M204 S2000
G1 E-.8 F3600
G1 X99.219 Y123.378 F18000
G1 E.8 F3600
M204 S1000
;TYPE:Outer wall
;WIDTH:0.42
G1 F3000
G1 X99.476 Y123.429 E.00807
G1 X99.75 Y123.375 E.00856
G1 X99.981 Y123.22 E.00856
G1 X100.136 Y122.988 E.00856
G1 X100.19 Y122.715 E.00856
G1 X100.136 Y122.442 E.00856
G1 X99.981 Y122.21 E.00856
G1 X99.758 Y122.061 E.00824
G1 X99.609 Y122.016 E.00481
G1 X99.41 Y122.009 E.0061
G1 X99.2 Y122.057 E.00662
G1 X98.971 Y122.21 E.00846
G1 X98.817 Y122.442 E.00856
G1 X98.762 Y122.715 E.00856
G1 X98.817 Y122.988 E.00856
G1 X98.971 Y123.22 E.00856
G1 X99.2 Y123.373 E.00844
M204 S2000
G1 X99.104 Y123.755 F18000
M204 S1500
;TYPE:Inner wall
;WIDTH:0.45
G1 F4800
G1 X99.476 Y123.829 E.01257
G1 X99.903 Y123.744 E.01442
G1 X100.264 Y123.503 E.01442
G1 X100.505 Y123.141 E.01442
G1 X100.59 Y122.715 E.01442
G1 X100.505 Y122.289 E.01442
G1 X100.264 Y121.927 E.01442
G1 X99.928 Y121.703 E.01341
G1 X99.674 Y121.626 E.00882
G1 X99.372 Y121.615 E.00999
G1 X99.042 Y121.691 E.01124
G1 X98.689 Y121.927 E.0141
G1 X98.447 Y122.289 E.01442
G1 X98.362 Y122.715 E.01442
G1 X98.447 Y123.141 E.01442
G1 X98.689 Y123.503 E.01442
G1 X99.05 Y123.744 E.01442
G1 X99.085 Y123.751 E.00118
M204 S2000
G1 E-.8 F3600
G1 X142.51 Y123.422 F18000
G1 E.8 F3600
M204 S1000
;TYPE:Outer wall
;WIDTH:0.42
G1 F3000
G1 X142.75 Y123.375 E.0075
G1 X142.981 Y123.22 E.00856
G1 X143.136 Y122.988 E.00856
G1 X143.19 Y122.715 E.00856
G1 X143.136 Y122.442 E.00856
G1 X142.981 Y122.21 E.00856
G1 X142.758 Y122.061 E.00824
G1 X142.609 Y122.016 E.00481
G1 X142.41 Y122.009 E.0061
G1 X142.2 Y122.057 E.00662
G1 X141.971 Y122.21 E.00846
G1 X141.817 Y122.442 E.00856
G1 X141.762 Y122.715 E.00856
G1 X141.817 Y122.988 E.00856
G1 X141.971 Y123.22 E.00856
G1 X142.203 Y123.375 E.00856
G1 X142.476 Y123.429 E.00856
G1 X142.49 Y123.426 E.00045
M204 S2000
G1 X142.531 Y123.818 F18000
M204 S1500
;TYPE:Inner wall
;WIDTH:0.45
G1 F4800
G1 X142.903 Y123.744 E.01257
G1 X143.264 Y123.503 E.01442
G1 X143.505 Y123.141 E.01442
G1 X143.59 Y122.715 E.01442
G1 X143.505 Y122.289 E.01442
G1 X143.264 Y121.927 E.01442
G1 X142.928 Y121.703 E.01341
G1 X142.674 Y121.626 E.00882
G1 X142.372 Y121.615 E.00999
G1 X142.042 Y121.691 E.01124
G1 X141.689 Y121.927 E.0141
G1 X141.447 Y122.289 E.01442
G1 X141.362 Y122.715 E.01442
G1 X141.447 Y123.141 E.01442
G1 X141.689 Y123.503 E.01442
G1 X142.05 Y123.744 E.01442
G1 X142.476 Y123.829 E.01442
G1 X142.511 Y123.822 E.00119
M204 S2000
G1 X142.441 Y124.216 F18000
;TYPE:Gap infill
;WIDTH:0.423339
G1 F6000
G1 X142.61 Y124.206 E.00528
G1 X142.874 Y124.156 E.00832
G1 X143.084 Y124.089 E.00684
G1 X143.354 Y123.923 E.00982
G1 X143.565 Y123.753 E.00842
G1 X143.796 Y123.421 E.01252
G1 X143.877 Y123.256 E.00569
G1 X143.957 Y122.916 E.01086
G1 X143.977 Y122.751 E.00515
G1 X143.932 Y122.383 E.0115
G1 X143.861 Y122.123 E.00834
G1 X143.722 Y121.892 E.00834
G1 X143.564 Y121.675 E.00834
G1 X143.354 Y121.507 E.00834
G1 X143.121 Y121.36 E.00855
G1 X142.749 Y121.238 E.01211
G1 X142.542 Y121.222 E.00645
;WIDTH:0.444815
G1 X142.309 Y121.221 E.00763
G1 X141.912 Y121.266 E.01309
G1 X141.904 Y124.163 F18000
;WIDTH:0.440768
G1 F6000
G1 X142.172 Y124.19 E.00874
;WIDTH:0.425064
G1 X142.441 Y124.216 E.0084
G1 X102.482 Y122.715 F18000
;TYPE:Internal solid infill
;WIDTH:0.395278
G1 F6000
G1 X139.448 Y122.713 E1.0614
G1 X139.835 Y122.713 F18000
;WIDTH:0.419999
G1 F6000
G1 X139.883 Y122.346 E.01138
G1 X102.071 Y122.35 E1.16185
G1 X102.117 Y122.715 E.0113
G1 X102.071 Y123.08 E.0113
G1 X139.882 Y123.08 E1.16182
G1 X139.838 Y122.733 E.01073
G1 X140.23 Y122.531 F18000
G1 F6000
G1 X140.354 Y121.969 E.01769
G1 X101.6 Y121.973 E1.19081
G1 X101.722 Y122.531 E.01755
G1 X101.722 Y122.899 E.0113
G1 X101.6 Y123.457 E.01754
G1 X140.352 Y123.457 E1.19075
G1 X140.23 Y122.899 E.01754
G1 X140.23 Y122.551 E.01069
G1 X140.6 Y122.605 F18000
G1 F6000
G1 X140.701 Y122.099 E.01584
G1 X140.785 Y121.895 E.00678
G1 X140.988 Y121.592 E.01121
G1 X100.968 Y121.596 E1.22971
G1 X101.167 Y121.895 E.01105
G1 X101.252 Y122.099 E.00678
G1 X101.352 Y122.605 E.01584
G1 X101.352 Y122.825 E.00678
G1 X101.252 Y123.331 E.01584
G1 X101.167 Y123.535 E.00678
G1 X100.968 Y123.834 E.01104
G1 X140.985 Y123.834 E1.22961
G1 X140.785 Y123.535 E.01104
G1 X140.701 Y123.331 E.00678
G1 X140.6 Y122.825 E.01584
G1 X140.6 Y122.625 E.00617
G1 X140.97 Y122.752 F18000
G1 F6000
G1 X141.071 Y122.173 E.01807
G1 X141.385 Y121.676 E.01806
G1 X141.55 Y121.549 E.00639
G1 X141.511 Y121.215 E.01033
G1 X100.451 Y121.219 E1.26167
G1 X100.402 Y121.548 E.01022
G1 X100.567 Y121.676 E.00642
G1 X100.854 Y122.105 E.01584
G1 X100.983 Y122.678 E.01807
G1 X100.882 Y123.257 E.01807
G1 X100.567 Y123.754 E.01806
G1 X100.414 Y123.874 E.00597
G1 X100.447 Y124.211 E.01041
G1 X141.505 Y124.211 E1.26159
G1 X141.538 Y123.874 E.0104
G1 X141.385 Y123.754 E.00597
G1 X141.099 Y123.325 E.01584
G1 X140.974 Y122.771 E.01745
G1 X100.049 Y124.163 F18000
;TYPE:Gap infill
;WIDTH:0.440765
G1 F6000
G1 X99.78 Y124.19 E.00874
;WIDTH:0.425061
G1 X99.512 Y124.216 E.0084
;WIDTH:0.423392
G1 X99.342 Y124.206 E.00528
G1 X99.078 Y124.156 E.00832
G1 X98.868 Y124.089 E.00684
G1 X98.598 Y123.923 E.00982
G1 X98.389 Y123.755 E.00834
G1 X98.23 Y123.538 E.00834
G1 X98.092 Y123.307 E.00834
G1 X98.02 Y123.047 E.00834
G1 X97.976 Y122.782 E.00833
G1 X97.995 Y122.518 E.00822
G1 X98.075 Y122.173 E.01096
G1 X98.23 Y121.892 E.00995
G1 X98.389 Y121.675 E.00834
G1 X98.598 Y121.507 E.00834
G1 X98.857 Y121.347 E.00943
G1 X99.078 Y121.274 E.00723
;WIDTH:0.436466
G1 X99.36 Y121.221 E.00917
G1 X99.714 Y121.227 E.01137
G1 X100.047 Y121.273 E.01076
; stop printing object links_Servo.stl id:1 copy 0
; end of layer_num: 5, T: 0, print_z: 1.040000
;LAYER_CHANGE
;Z:1.24
;HEIGHT:0.2
; BEFORE_LAYER_CHANGE 5 @ 1.24mm
G92 E0
; AFTER_LAYER_CHANGE 5 @ 1.24mm
; start of layer_num: 6, T: 0, print_z: 1.240000
; printing object "links_Servo.stl" id:0 copy 0
G1 E-.8 F3600
G1 X141.769 Y145.264 Z1.24 F18000
G1 E.8 F3600
M204 S1000
;TYPE:Outer wall
;WIDTH:0.42
G1 F3000
G1 X141.729 Y145.279 E.00131
G1 X141.325 Y145.353 E.01261
G1 X97.914 Y145.353 E1.33388
G1 X97.511 Y145.279 E.01261
G1 X97.126 Y145.135 E.01261
G1 X96.774 Y144.925 E.01261
G1 X96.465 Y144.655 E.01261
G1 X96.209 Y144.334 E.01261
G1 X96.015 Y143.972 E.01261
G1 X95.888 Y143.582 E.01261
G1 X95.833 Y143.175 E.01261
G1 X95.851 Y142.765 E.01261
G1 X95.943 Y142.361 E.01276
G1 X96.013 Y142.175 E.00608
G1 X96.148 Y141.913 E.00908
G1 X96.332 Y141.642 E.01003
G1 X96.461 Y141.494 E.00606
G1 X96.774 Y141.221 E.01276
G1 X97.126 Y141.01 E.01261
G1 X97.511 Y140.866 E.01261
G1 X97.914 Y140.793 E.01261
G1 X141.205 Y140.787 E1.33021
G1 X141.532 Y140.82 E.01009
G1 X141.724 Y140.864 E.00606
G1 X142.113 Y141.01 E.01276
G1 X142.465 Y141.221 E.01261
G1 X142.774 Y141.491 E.01261
G1 X143.03 Y141.812 E.01261
G1 X143.224 Y142.173 E.01261
G1 X143.351 Y142.563 E.01261
G1 X143.406 Y142.97 E.01261
G1 X143.388 Y143.38 E.01261
G1 X143.297 Y143.78 E.01261
G1 X143.135 Y144.159 E.01267
G1 X142.979 Y144.405 E.00894
G1 X142.775 Y144.654 E.00988
G1 X142.465 Y144.925 E.01265
G1 X142.113 Y145.135 E.01261
G1 X141.787 Y145.257 E.01068
M204 S2000
G1 X141.631 Y144.897 F18000
M204 S1500
;TYPE:Inner wall
;WIDTH:0.45
G1 F4800
G1 X141.624 Y144.9 E.00025
G1 X141.289 Y144.96 E.01127
G1 X97.95 Y144.96 E1.43766
G1 X97.615 Y144.9 E.01127
G1 X97.297 Y144.78 E.01127
G1 X97.005 Y144.606 E.01127
G1 X96.749 Y144.383 E.01127
G1 X96.538 Y144.117 E.01127
G1 X96.377 Y143.818 E.01127
G1 X96.272 Y143.494 E.01127
G1 X96.226 Y143.158 E.01127
G1 X96.241 Y142.818 E.01127
G1 X96.32 Y142.474 E.01172
G1 X96.486 Y142.113 E.01317
G1 X96.739 Y141.772 E.0141
G1 X97.005 Y141.539 E.01172
G1 X97.297 Y141.365 E.01127
G1 X97.615 Y141.245 E.01127
G1 X97.95 Y141.185 E.01127
G1 X141.185 Y141.179 E1.4342
G1 X141.468 Y141.208 E.00943
G1 X141.611 Y141.241 E.00487
G1 X141.942 Y141.365 E.01172
G1 X142.234 Y141.539 E.01127
G1 X142.49 Y141.763 E.01127
G1 X142.701 Y142.028 E.01127
G1 X142.862 Y142.328 E.01127
G1 X142.967 Y142.651 E.01127
G1 X143.013 Y142.988 E.01127
G1 X142.998 Y143.327 E.01127
G1 X142.922 Y143.658 E.01127
G1 X142.787 Y143.976 E.01145
G1 X142.66 Y144.175 E.00782
G1 X142.492 Y144.38 E.0088
G1 X142.234 Y144.606 E.0114
G1 X141.942 Y144.78 E.01127
G1 X141.65 Y144.89 E.01036
M204 S2000
G1 E-.8 F3600
G1 X97.951 Y143.761 F18000
G1 E.8 F3600
M204 S1000
;TYPE:Outer wall
;WIDTH:0.42
G1 F3000
G1 X97.98 Y143.773 E.00096
G1 X98.259 Y143.773 E.00856
G1 X98.516 Y143.666 E.00856
G1 X98.713 Y143.469 E.00856
G1 X98.82 Y143.212 E.00856
G1 X98.82 Y142.933 E.00856
G1 X98.713 Y142.676 E.00856
G1 X98.516 Y142.479 E.00856
G1 X98.262 Y142.373 E.00847
G1 X98.042 Y142.367 E.00675
G1 X97.853 Y142.413 E.00597
G1 X97.715 Y142.486 E.0048
G1 X97.526 Y142.676 E.00824
G1 X97.419 Y142.933 E.00856
G1 X97.419 Y143.212 E.00856
G1 X97.526 Y143.469 E.00856
G1 X97.723 Y143.666 E.00856
G1 X97.933 Y143.753 E.00698
M204 S2000
G1 X97.851 Y144.144 F18000
M204 S1500
;TYPE:Inner wall
;WIDTH:0.45
G1 F4800
G1 X97.902 Y144.165 E.00184
G1 X98.337 Y144.165 E.01442
G1 X98.738 Y143.999 E.01442
G1 X99.046 Y143.691 E.01442
G1 X99.212 Y143.29 E.01442
G1 X99.212 Y142.855 E.01442
G1 X99.046 Y142.454 E.01442
G1 X98.738 Y142.146 E.01442
G1 X98.345 Y141.983 E.01414
G1 X98.001 Y141.974 E.01141
G1 X97.713 Y142.043 E.00983
G1 X97.479 Y142.168 E.00878
G1 X97.193 Y142.454 E.01341
G1 X97.027 Y142.855 E.01442
G1 X97.027 Y143.29 E.01442
G1 X97.193 Y143.691 E.01442
G1 X97.501 Y143.999 E.01442
G1 X97.832 Y144.136 E.01191
M204 S2000
G1 E-.8 F3600
G1 X141.238 Y143.773 F18000
G1 E.8 F3600
M204 S1000
;TYPE:Outer wall
;WIDTH:0.42
G1 F3000
G1 X141.259 Y143.773 E.00065
G1 X141.516 Y143.666 E.00856
G1 X141.713 Y143.469 E.00856
G1 X141.82 Y143.212 E.00856
G1 X141.82 Y142.933 E.00856
G1 X141.713 Y142.676 E.00856
G1 X141.516 Y142.479 E.00856
G1 X141.262 Y142.373 E.00847
G1 X141.042 Y142.367 E.00675
G1 X140.853 Y142.413 E.00597
G1 X140.715 Y142.486 E.0048
G1 X140.526 Y142.676 E.00824
G1 X140.419 Y142.933 E.00856
G1 X140.419 Y143.212 E.00856
G1 X140.526 Y143.469 E.00856
G1 X140.723 Y143.666 E.00856
G1 X140.98 Y143.773 E.00856
G1 X141.218 Y143.773 E.0073
M204 S2000
G1 X141.388 Y144.144 F18000
M204 S1500
;TYPE:Inner wall
;WIDTH:0.45
G1 F4800
G1 X141.738 Y143.999 E.01258
G1 X142.046 Y143.691 E.01442
G1 X142.212 Y143.29 E.01442
G1 X142.212 Y142.855 E.01442
G1 X142.046 Y142.454 E.01442
G1 X141.738 Y142.146 E.01442
G1 X141.345 Y141.983 E.01414
G1 X141.001 Y141.974 E.01141
G1 X140.713 Y142.043 E.00983
G1 X140.479 Y142.168 E.00878
G1 X140.193 Y142.454 E.01341
G1 X140.027 Y142.855 E.01442
G1 X140.027 Y143.29 E.01442
G1 X140.193 Y143.691 E.01442
G1 X140.501 Y143.999 E.01442
G1 X140.902 Y144.165 E.01442
G1 X141.337 Y144.165 E.01442
G1 X141.37 Y144.152 E.00118
G1 E-.8 F3600
M204 S2000
G1 X141.349 Y144.743 F18000
G1 E.8 F3600
;TYPE:Gap infill
;WIDTH:0.261033
G1 F6000
G1 X140.822 Y144.463 E.01059
;WIDTH:0.229124
G1 X140.736 Y144.406 E.00157
;WIDTH:0.191352
G1 X140.65 Y144.348 E.00125
;WIDTH:0.153579
G1 X140.564 Y144.291 E.00093
;WIDTH:0.134692
G1 X140.478 Y144.233 E.00077
G1 X140.777 Y144.563 F18000
;WIDTH:0.424805
G1 F6000
G1 X141.254 Y144.563 E.01484
G1 X141.448 Y144.538 E.00608
G1 X141.768 Y144.419 E.01064
G1 X141.985 Y144.302 E.00766
G1 X142.203 Y144.1 E.00927
G1 X142.389 Y143.877 E.00903
G1 X142.542 Y143.535 E.01168
G1 X142.606 Y143.274 E.00836
G1 X142.612 Y143.006 E.00835
G1 X142.586 Y142.738 E.00837
G1 X142.493 Y142.486 E.00837
G1 X142.376 Y142.243 E.00837
G1 X142.199 Y142.041 E.00838
G1 X141.924 Y141.805 E.01128
G1 X141.771 Y141.728 E.00532
G1 X141.458 Y141.611 E.0104
G1 X141.165 Y141.579 E.00918
G1 X140.927 Y141.58 E.0074
;WIDTH:0.437271
G1 X140.533 Y141.633 E.01277
G1 X138.504 Y142.815 F18000
;TYPE:Internal solid infill
;WIDTH:0.419999
G1 F6000
G1 X138.526 Y142.703 E.00351
G1 X100.714 Y142.708 E1.16186
G1 X100.735 Y143.33 E.01915
G1 X100.714 Y143.437 E.00334
G1 X138.525 Y143.437 E1.16182
G1 X138.504 Y142.835 E.01852
G1 X138.881 Y143.33 F18000
G1 F6000
G1 X138.881 Y142.815 E.01584
G1 X139.006 Y142.326 E.01552
G1 X100.235 Y142.331 E1.19131
G1 X100.358 Y142.815 E.01535
G1 X100.358 Y143.33 E.01584
G1 X100.235 Y143.814 E.01534
G1 X139.004 Y143.814 E1.19123
G1 X138.886 Y143.35 E.01472
G1 X139.258 Y143.07 F18000
G1 F6000
G1 X139.301 Y142.598 E.01455
G1 X139.498 Y142.122 E.01584
G1 X139.614 Y141.948 E.00642
G1 X99.63 Y141.954 E1.22861
G1 X99.741 Y142.122 E.0062
G1 X99.938 Y142.598 E.01584
G1 X99.981 Y143.072 E.01463
G1 X99.938 Y143.547 E.01464
G1 X99.741 Y144.023 E.01584
G1 X99.628 Y144.191 E.00621
G1 X139.61 Y144.191 E1.22851
G1 X139.498 Y144.023 E.0062
G1 X139.301 Y143.547 E.01584
G1 X139.26 Y143.09 E.0141
G1 X139.635 Y142.815 F18000
G1 F6000
G1 X139.847 Y142.266 E.01806
G1 X140.176 Y141.917 E.01476
G1 X140.129 Y141.571 E.01071
G1 X99.105 Y141.577 E1.26055
G1 X99.204 Y141.666 E.00407
G1 X99.259 Y141.855 E.00607
G1 X99.163 Y142.016 E.00577
G1 X99.392 Y142.266 E.01043
G1 X99.59 Y142.743 E.01584
G1 X99.604 Y143.33 E.01806
G1 X99.392 Y143.879 E.01807
G1 X99.163 Y144.129 E.01043
G1 X99.25 Y144.282 E.00541
G1 X99.184 Y144.469 E.0061
G1 X99.084 Y144.568 E.00432
G1 X140.15 Y144.568 E1.26182
G1 X140.052 Y144.49 E.00387
G1 X139.981 Y144.289 E.00653
G1 X140.076 Y144.129 E.00573
G1 X139.847 Y143.879 E.01043
G1 X139.649 Y143.403 E.01584
G1 X139.635 Y142.835 E.01745
G1 X98.761 Y141.912 F18000
;TYPE:Gap infill
;WIDTH:0.121357
G1 F6000
G1 X98.649 Y141.837 E.00086
;WIDTH:0.170231
G1 X98.538 Y141.763 E.00139
;WIDTH:0.219104
G1 X98.426 Y141.688 E.00193
;WIDTH:0.24354
G1 X97.895 Y141.402 E.00987
G1 X98.465 Y141.586 F18000
;WIDTH:0.42524
G1 F6000
G1 X97.985 Y141.579 E.01496
G1 X97.722 Y141.631 E.00837
G1 X97.47 Y141.723 E.00836
G1 X97.237 Y141.857 E.00838
G1 X97.03 Y142.05 E.00882
G1 X96.824 Y142.318 E.01052
G1 X96.657 Y142.746 E.01431
G1 X96.633 Y142.875 E.00409
G1 X96.627 Y143.14 E.00825
G1 X96.653 Y143.407 E.00838
G1 X96.746 Y143.66 E.00838
G1 X96.863 Y143.902 E.00838
G1 X97.04 Y144.105 E.00838
G1 X97.255 Y144.302 E.00908
G1 X97.471 Y144.419 E.00767
G1 X97.791 Y144.538 E.01065
G1 X97.985 Y144.563 E.00609
G1 X98.462 Y144.563 E.01485
G1 X98.417 Y144.463 F18000
;WIDTH:0.248016
G1 F6000
G1 X97.89 Y144.743 E.00996
G1 X98.417 Y144.463 F18000
;WIDTH:0.229128
G1 F6000
G1 X98.503 Y144.406 E.00157
;WIDTH:0.191354
G1 X98.589 Y144.348 E.00125
;WIDTH:0.153581
G1 X98.675 Y144.291 E.00093
;WIDTH:0.115807
G1 X98.761 Y144.233 E.00062
; stop printing object links_Servo.stl id:0 copy 0
; printing object "links_Servo.stl" id:1 copy 0
G1 E-.8 F3600
G1 X143.125 Y124.907 F18000
G1 E.8 F3600
M204 S1000
;TYPE:Outer wall
;WIDTH:0.42
G1 F3000
G1 X143.085 Y124.922 E.00131
G1 X142.681 Y124.995 E.01261
G1 X99.271 Y124.995 E1.33388
G1 X98.867 Y124.922 E.01261
G1 X98.483 Y124.777 E.01261
G1 X98.131 Y124.567 E.01261
G1 X97.822 Y124.297 E.01261
G1 X97.566 Y123.976 E.01261
G1 X97.371 Y123.615 E.01261
G1 X97.245 Y123.224 E.01261
G1 X97.189 Y122.818 E.01261
G1 X97.208 Y122.408 E.01261
G1 X97.3 Y122.003 E.01276
G1 X97.37 Y121.818 E.00608
G1 X97.505 Y121.555 E.00908
G1 X97.688 Y121.285 E.01003
G1 X97.818 Y121.136 E.00606
G1 X98.131 Y120.863 E.01276
G1 X98.483 Y120.653 E.01261
G1 X98.867 Y120.508 E.01261
G1 X99.271 Y120.435 E.01261
G1 X142.562 Y120.429 E1.33021
G1 X142.888 Y120.463 E.01009
G1 X143.081 Y120.507 E.00606
G1 X143.469 Y120.653 E.01276
G1 X143.822 Y120.863 E.01261
G1 X144.131 Y121.133 E.01261
G1 X144.387 Y121.454 E.01261
G1 X144.581 Y121.815 E.01261
G1 X144.708 Y122.206 E.01261
G1 X144.763 Y122.612 E.01261
G1 X144.745 Y123.022 E.01261
G1 X144.653 Y123.422 E.01261
G1 X144.491 Y123.801 E.01267
G1 X144.335 Y124.047 E.00894
G1 X144.132 Y124.296 E.00988
G1 X143.822 Y124.567 E.01265
G1 X143.469 Y124.777 E.01261
G1 X143.144 Y124.9 E.01068
M204 S2000
G1 X142.988 Y124.54 F18000
M204 S1500
;TYPE:Inner wall
;WIDTH:0.45
G1 F4800
G1 X142.981 Y124.542 E.00025
G1 X142.646 Y124.603 E.01127
G1 X99.306 Y124.603 E1.43766
G1 X98.972 Y124.542 E.01127
G1 X98.654 Y124.423 E.01127
G1 X98.362 Y124.248 E.01127
G1 X98.106 Y124.025 E.01127
G1 X97.894 Y123.759 E.01127
G1 X97.733 Y123.46 E.01127
G1 X97.628 Y123.137 E.01127
G1 X97.583 Y122.8 E.01127
G1 X97.598 Y122.461 E.01127
G1 X97.677 Y122.116 E.01172
G1 X97.843 Y121.755 E.01317
G1 X98.096 Y121.414 E.0141
G1 X98.362 Y121.181 E.01172
G1 X98.654 Y121.007 E.01127
G1 X98.972 Y120.888 E.01127
G1 X99.306 Y120.827 E.01127
G1 X142.542 Y120.821 E1.4342
G1 X142.825 Y120.85 E.00943
G1 X142.968 Y120.883 E.00487
G1 X143.299 Y121.007 E.01172
G1 X143.59 Y121.181 E.01127
G1 X143.846 Y121.405 E.01127
G1 X144.058 Y121.671 E.01127
G1 X144.219 Y121.97 E.01127
G1 X144.324 Y122.293 E.01127
G1 X144.37 Y122.63 E.01127
G1 X144.355 Y122.969 E.01127
G1 X144.279 Y123.301 E.01127
G1 X144.143 Y123.618 E.01145
G1 X144.017 Y123.817 E.00782
G1 X143.849 Y124.022 E.0088
G1 X143.59 Y124.248 E.0114
G1 X143.299 Y124.423 E.01127
G1 X143.006 Y124.532 E.01036
M204 S2000
G1 E-.8 F3600
G1 X99.308 Y123.403 F18000
G1 E.8 F3600
M204 S1000
;TYPE:Outer wall
;WIDTH:0.42
G1 F3000
G1 X99.337 Y123.415 E.00096
G1 X99.616 Y123.415 E.00856
G1 X99.873 Y123.309 E.00856
G1 X100.07 Y123.112 E.00856
G1 X100.177 Y122.854 E.00856
G1 X100.177 Y122.576 E.00856
G1 X100.07 Y122.318 E.00856
G1 X99.873 Y122.121 E.00856
G1 X99.618 Y122.016 E.00847
G1 X99.399 Y122.01 E.00675
G1 X99.21 Y122.055 E.00597
G1 X99.072 Y122.129 E.0048
G1 X98.882 Y122.318 E.00824
G1 X98.776 Y122.576 E.00856
G1 X98.776 Y122.854 E.00856
G1 X98.882 Y123.112 E.00856
G1 X99.08 Y123.309 E.00856
G1 X99.29 Y123.396 E.00698
M204 S2000
G1 X99.208 Y123.786 F18000
M204 S1500
;TYPE:Inner wall
;WIDTH:0.45
G1 F4800
G1 X99.259 Y123.807 E.00184
G1 X99.694 Y123.807 E.01442
G1 X100.095 Y123.641 E.01442
G1 X100.402 Y123.334 E.01442
G1 X100.569 Y122.932 E.01442
G1 X100.569 Y122.498 E.01442
G1 X100.402 Y122.096 E.01442
G1 X100.095 Y121.789 E.01442
G1 X99.701 Y121.626 E.01414
G1 X99.357 Y121.616 E.01141
G1 X99.069 Y121.686 E.00983
G1 X98.836 Y121.81 E.00878
G1 X98.55 Y122.096 E.01341
G1 X98.384 Y122.498 E.01442
G1 X98.384 Y122.932 E.01442
G1 X98.55 Y123.334 E.01442
G1 X98.857 Y123.641 E.01442
G1 X99.189 Y123.779 E.01191
M204 S2000
G1 E-.8 F3600
G1 X142.595 Y123.415 F18000
G1 E.8 F3600
M204 S1000
;TYPE:Outer wall
;WIDTH:0.42
G1 F3000
G1 X142.616 Y123.415 E.00065
G1 X142.873 Y123.309 E.00856
G1 X143.07 Y123.112 E.00856
G1 X143.177 Y122.854 E.00856
G1 X143.177 Y122.576 E.00856
G1 X143.07 Y122.318 E.00856
G1 X142.873 Y122.121 E.00856
G1 X142.618 Y122.016 E.00847
G1 X142.399 Y122.01 E.00675
G1 X142.21 Y122.055 E.00597
G1 X142.072 Y122.129 E.0048
G1 X141.882 Y122.318 E.00824
G1 X141.776 Y122.576 E.00856
G1 X141.776 Y122.854 E.00856
G1 X141.882 Y123.112 E.00856
G1 X142.08 Y123.309 E.00856
G1 X142.337 Y123.415 E.00856
G1 X142.575 Y123.415 E.0073
M204 S2000
G1 X142.745 Y123.786 F18000
M204 S1500
;TYPE:Inner wall
;WIDTH:0.45
G1 F4800
G1 X143.095 Y123.641 E.01258
G1 X143.402 Y123.334 E.01442
G1 X143.569 Y122.932 E.01442
G1 X143.569 Y122.498 E.01442
G1 X143.402 Y122.096 E.01442
G1 X143.095 Y121.789 E.01442
G1 X142.701 Y121.626 E.01414
G1 X142.357 Y121.616 E.01141
G1 X142.069 Y121.686 E.00983
G1 X141.836 Y121.81 E.00878
G1 X141.55 Y122.096 E.01341
G1 X141.384 Y122.498 E.01442
G1 X141.384 Y122.932 E.01442
G1 X141.55 Y123.334 E.01442
G1 X141.857 Y123.641 E.01442
G1 X142.259 Y123.807 E.01442
G1 X142.694 Y123.807 E.01442
G1 X142.726 Y123.794 E.00118
M204 S2000
G1 X142.706 Y124.385 F18000
;TYPE:Gap infill
;WIDTH:0.261033
G1 F6000
G1 X142.179 Y124.106 E.01059
;WIDTH:0.229124
G1 X142.093 Y124.048 E.00157
;WIDTH:0.191352
G1 X142.007 Y123.991 E.00125
;WIDTH:0.153579
G1 X141.921 Y123.933 E.00093
;WIDTH:0.134692
G1 X141.835 Y123.876 E.00077
G1 X142.134 Y124.205 F18000
;WIDTH:0.424805
G1 F6000
G1 X142.61 Y124.205 E.01484
G1 X142.804 Y124.181 E.00608
G1 X143.125 Y124.061 E.01064
G1 X143.341 Y123.945 E.00766
G1 X143.56 Y123.743 E.00927
G1 X143.746 Y123.52 E.00903
G1 X143.899 Y123.177 E.01168
G1 X143.963 Y122.916 E.00836
G1 X143.969 Y122.648 E.00835
G1 X143.942 Y122.38 E.00837
G1 X143.849 Y122.128 E.00837
G1 X143.733 Y121.885 E.00837
G1 X143.556 Y121.683 E.00838
G1 X143.281 Y121.447 E.01128
G1 X143.128 Y121.37 E.00532
G1 X142.815 Y121.253 E.0104
G1 X142.522 Y121.221 E.00918
G1 X142.284 Y121.222 E.0074
;WIDTH:0.437271
G1 X141.89 Y121.275 E.01277
G1 X139.86 Y122.457 F18000
;TYPE:Internal solid infill
;WIDTH:0.419999
G1 F6000
G1 X139.883 Y122.345 E.00351
G1 X102.071 Y122.35 E1.16186
G1 X102.092 Y122.973 E.01915
G1 X102.071 Y123.08 E.00334
G1 X139.882 Y123.08 E1.16182
G1 X139.861 Y122.477 E.01852
G1 X140.238 Y122.973 F18000
G1 F6000
G1 X140.238 Y122.457 E.01584
G1 X140.363 Y121.968 E.01552
G1 X101.592 Y121.973 E1.19131
G1 X101.715 Y122.457 E.01535
G1 X101.715 Y122.973 E.01584
G1 X101.592 Y123.457 E.01534
G1 X140.36 Y123.457 E1.19123
G1 X140.242 Y122.992 E.01472
G1 X140.615 Y122.712 F18000
G1 F6000
G1 X140.658 Y122.241 E.01455
G1 X140.855 Y121.764 E.01584
G1 X140.971 Y121.591 E.00642
G1 X100.986 Y121.596 E1.22861
G1 X101.098 Y121.764 E.0062
G1 X101.295 Y122.241 E.01584
G1 X101.338 Y122.715 E.01463
G1 X101.295 Y123.189 E.01464
G1 X101.098 Y123.666 E.01584
G1 X100.985 Y123.834 E.00621
G1 X140.966 Y123.834 E1.22851
G1 X140.855 Y123.666 E.0062
G1 X140.658 Y123.189 E.01584
G1 X140.616 Y122.732 E.0141
G1 X140.992 Y122.457 F18000
G1 F6000
G1 X141.203 Y121.909 E.01806
G1 X141.533 Y121.559 E.01476
G1 X141.486 Y121.214 E.01071
G1 X100.462 Y121.219 E1.26055
G1 X100.56 Y121.308 E.00407
G1 X100.616 Y121.498 E.00607
G1 X100.52 Y121.659 E.00577
G1 X100.749 Y121.909 E.01043
G1 X100.946 Y122.385 E.01584
G1 X100.961 Y122.973 E.01806
G1 X100.749 Y123.521 E.01807
G1 X100.52 Y123.771 E.01043
G1 X100.606 Y123.924 E.00541
G1 X100.541 Y124.112 E.0061
G1 X100.441 Y124.211 E.00432
G1 X141.506 Y124.211 E1.26182
G1 X141.408 Y124.132 E.00387
G1 X141.338 Y123.932 E.00653
G1 X141.433 Y123.771 E.00573
G1 X141.203 Y123.521 E.01043
G1 X141.006 Y123.045 E.01584
G1 X140.992 Y122.477 E.01745
G1 X100.118 Y121.554 F18000
;TYPE:Gap infill
;WIDTH:0.121357
G1 F6000
G1 X100.006 Y121.48 E.00086
;WIDTH:0.170231
G1 X99.894 Y121.405 E.00139
;WIDTH:0.219104
G1 X99.783 Y121.331 E.00193
;WIDTH:0.24354
G1 X99.252 Y121.044 E.00987
G1 X99.822 Y121.228 F18000
;WIDTH:0.42524
G1 F6000
G1 X99.342 Y121.221 E.01496
G1 X99.078 Y121.274 E.00837
G1 X98.827 Y121.366 E.00836
G1 X98.593 Y121.5 E.00838
G1 X98.386 Y121.693 E.00882
G1 X98.18 Y121.96 E.01052
G1 X98.014 Y122.388 E.01431
G1 X97.99 Y122.517 E.00409
G1 X97.984 Y122.782 E.00825
G1 X98.01 Y123.05 E.00838
G1 X98.103 Y123.302 E.00838
G1 X98.22 Y123.545 E.00838
G1 X98.397 Y123.747 E.00838
G1 X98.611 Y123.945 E.00908
G1 X98.828 Y124.061 E.00767
G1 X99.148 Y124.181 E.01065
G1 X99.342 Y124.205 E.00609
G1 X99.819 Y124.205 E.01485
G1 X99.773 Y124.106 F18000
;WIDTH:0.248016
G1 F6000
G1 X99.247 Y124.385 E.00996
G1 X99.773 Y124.106 F18000
;WIDTH:0.229128
G1 F6000
G1 X99.859 Y124.048 E.00157
;WIDTH:0.191354
G1 X99.946 Y123.991 E.00125
;WIDTH:0.153581
G1 X100.032 Y123.933 E.00093
;WIDTH:0.115807
G1 X100.118 Y123.876 E.00062
; stop printing object links_Servo.stl id:1 copy 0
; end of layer_num: 6, T: 0, print_z: 1.240000
;LAYER_CHANGE
;Z:1.44
;HEIGHT:0.2
; BEFORE_LAYER_CHANGE 6 @ 1.44mm
G92 E0
; AFTER_LAYER_CHANGE 6 @ 1.44mm
; start of layer_num: 7, T: 0, print_z: 1.440000
; printing object "links_Servo.stl" id:0 copy 0
G1 E-.8 F3600
G1 X141.78 Y145.26 Z1.44 F18000
G1 E.8 F3600
M204 S1000
;TYPE:Outer wall
;WIDTH:0.42
G1 F3000
G1 X141.729 Y145.279 E.0017
G1 X141.325 Y145.353 E.01261
G1 X97.914 Y145.353 E1.33388
G1 X97.511 Y145.279 E.01261
G1 X97.126 Y145.135 E.01261
G1 X96.774 Y144.925 E.01261
G1 X96.465 Y144.655 E.01261
G1 X96.209 Y144.334 E.01261
G1 X96.015 Y143.972 E.01261
G1 X95.888 Y143.582 E.01261
G1 X95.833 Y143.175 E.01261
G1 X95.851 Y142.765 E.01261
G1 X95.943 Y142.361 E.01276
G1 X96.012 Y142.177 E.00602
G1 X96.209 Y141.812 E.01276
G1 X96.465 Y141.491 E.01261
G1 X96.774 Y141.221 E.01261
G1 X97.126 Y141.01 E.01261
G1 X97.511 Y140.866 E.01261
G1 X97.914 Y140.793 E.01261
G1 X141.183 Y140.786 E1.32953
G1 X141.532 Y140.82 E.01078
G1 X141.724 Y140.864 E.00605
G1 X142.113 Y141.01 E.01276
G1 X142.465 Y141.221 E.01261
G1 X142.774 Y141.491 E.01261
G1 X143.03 Y141.812 E.01261
G1 X143.224 Y142.173 E.01261
G1 X143.351 Y142.563 E.01261
G1 X143.406 Y142.97 E.01261
G1 X143.388 Y143.38 E.01261
G1 X143.297 Y143.78 E.01261
G1 X143.135 Y144.157 E.01261
G1 X142.909 Y144.5 E.01261
G1 X142.622 Y144.8 E.01276
G1 X142.469 Y144.922 E.00602
G1 X142.113 Y145.135 E.01276
G1 X141.799 Y145.253 E.0103
M204 S2000
G1 X141.643 Y144.893 F18000
M204 S1500
;TYPE:Inner wall
;WIDTH:0.45
G1 F4800
G1 X141.624 Y144.9 E.00066
G1 X141.289 Y144.96 E.01127
G1 X97.95 Y144.96 E1.43766
G1 X97.615 Y144.9 E.01127
G1 X97.297 Y144.78 E.01127
G1 X97.005 Y144.606 E.01127
G1 X96.749 Y144.383 E.01127
G1 X96.538 Y144.117 E.01127
G1 X96.377 Y143.818 E.01127
G1 X96.272 Y143.494 E.01127
G1 X96.226 Y143.158 E.01127
G1 X96.241 Y142.818 E.01127
G1 X96.32 Y142.474 E.01172
G1 X96.37 Y142.34 E.00475
G1 X96.538 Y142.028 E.01172
G1 X96.749 Y141.763 E.01127
G1 X97.005 Y141.539 E.01127
G1 X97.297 Y141.365 E.01127
G1 X97.615 Y141.245 E.01127
G1 X97.95 Y141.185 E.01127
G1 X141.164 Y141.178 E1.43349
G1 X141.469 Y141.208 E.01017
G1 X141.611 Y141.241 E.00484
G1 X141.942 Y141.365 E.01172
G1 X142.234 Y141.539 E.01127
G1 X142.49 Y141.763 E.01127
G1 X142.701 Y142.028 E.01127
G1 X142.862 Y142.328 E.01127
G1 X142.967 Y142.651 E.01127
G1 X143.013 Y142.988 E.01127
G1 X142.998 Y143.327 E.01127
G1 X142.922 Y143.658 E.01127
G1 X142.789 Y143.971 E.01127
G1 X142.601 Y144.254 E.01127
G1 X142.357 Y144.51 E.01172
G1 X142.245 Y144.599 E.00475
G1 X141.942 Y144.78 E.01172
G1 X141.661 Y144.886 E.00994
M204 S2000
G1 E-.8 F3600
G1 X97.965 Y143.767 F18000
G1 E.8 F3600
M204 S1000
;TYPE:Outer wall
;WIDTH:0.42
G1 F3000
G1 X97.98 Y143.773 E.00052
G1 X98.259 Y143.773 E.00856
G1 X98.516 Y143.666 E.00856
G1 X98.713 Y143.469 E.00856
G1 X98.82 Y143.212 E.00856
G1 X98.82 Y142.933 E.00856
G1 X98.713 Y142.676 E.00856
G1 X98.516 Y142.479 E.00856
G1 X98.261 Y142.373 E.0085
G1 X98.03 Y142.369 E.00709
G1 X97.852 Y142.413 E.00565
G1 X97.715 Y142.486 E.00476
G1 X97.526 Y142.676 E.00824
G1 X97.419 Y142.933 E.00856
G1 X97.419 Y143.212 E.00856
G1 X97.526 Y143.469 E.00856
G1 X97.723 Y143.666 E.00856
G1 X97.946 Y143.759 E.00743
M204 S2000
G1 X97.851 Y144.144 F18000
M204 S1500
;TYPE:Inner wall
;WIDTH:0.45
G1 F4800
G1 X97.902 Y144.165 E.00183
G1 X98.337 Y144.165 E.01442
G1 X98.738 Y143.999 E.01442
G1 X99.046 Y143.691 E.01442
G1 X99.212 Y143.29 E.01442
G1 X99.212 Y142.855 E.01442
G1 X99.046 Y142.454 E.01442
G1 X98.738 Y142.146 E.01442
G1 X98.342 Y141.982 E.01422
G1 X97.986 Y141.976 E.01184
G1 X97.71 Y142.045 E.00943
G1 X97.479 Y142.168 E.00867
G1 X97.193 Y142.454 E.01341
G1 X97.027 Y142.855 E.01442
G1 X97.027 Y143.29 E.01442
G1 X97.193 Y143.691 E.01442
G1 X97.501 Y143.999 E.01442
G1 X97.833 Y144.136 E.01192
M204 S2000
G1 E-.8 F3600
G1 X141.244 Y143.773 F18000
G1 E.8 F3600
M204 S1000
;TYPE:Outer wall
;WIDTH:0.42
G1 F3000
G1 X141.259 Y143.773 E.00046
G1 X141.516 Y143.666 E.00856
G1 X141.713 Y143.469 E.00856
G1 X141.82 Y143.212 E.00856
G1 X141.82 Y142.933 E.00856
G1 X141.713 Y142.676 E.00856
G1 X141.516 Y142.479 E.00856
G1 X141.261 Y142.373 E.0085
G1 X141.03 Y142.369 E.00709
G1 X140.852 Y142.413 E.00565
G1 X140.715 Y142.486 E.00476
G1 X140.526 Y142.676 E.00824
G1 X140.419 Y142.933 E.00856
G1 X140.419 Y143.212 E.00856
G1 X140.526 Y143.469 E.00856
G1 X140.723 Y143.666 E.00856
G1 X140.98 Y143.773 E.00856
G1 X141.224 Y143.773 E.00749
M204 S2000
G1 X141.388 Y144.144 F18000
M204 S1500
;TYPE:Inner wall
;WIDTH:0.45
G1 F4800
G1 X141.738 Y143.999 E.01258
G1 X142.046 Y143.691 E.01442
G1 X142.212 Y143.29 E.01442
G1 X142.212 Y142.855 E.01442
G1 X142.046 Y142.454 E.01442
G1 X141.738 Y142.146 E.01442
G1 X141.342 Y141.982 E.01422
G1 X140.986 Y141.976 E.01184
G1 X140.71 Y142.045 E.00943
G1 X140.479 Y142.168 E.00867
G1 X140.193 Y142.454 E.01341
G1 X140.027 Y142.855 E.01442
G1 X140.027 Y143.29 E.01442
G1 X140.193 Y143.691 E.01442
G1 X140.501 Y143.999 E.01442
G1 X140.902 Y144.165 E.01442
G1 X141.337 Y144.165 E.01442
G1 X141.369 Y144.152 E.00117
G1 E-.8 F3600
M204 S2000
G1 X141.349 Y144.743 F18000
G1 E.8 F3600
;TYPE:Gap infill
;WIDTH:0.261038
G1 F6000
G1 X140.822 Y144.463 E.01059
;WIDTH:0.229129
G1 X140.736 Y144.406 E.00157
;WIDTH:0.191355
G1 X140.65 Y144.348 E.00125
;WIDTH:0.153581
G1 X140.564 Y144.291 E.00093
;WIDTH:0.134694
G1 X140.478 Y144.233 E.00077
G1 X140.777 Y144.563 F18000
;WIDTH:0.42442
G1 F6000
G1 X141.254 Y144.563 E.01482
G1 X141.448 Y144.538 E.00608
G1 X141.765 Y144.42 E.01052
G1 X141.981 Y144.299 E.00772
G1 X142.291 Y144.007 E.01323
G1 X142.387 Y143.877 E.00503
G1 X142.542 Y143.535 E.01167
G1 X142.606 Y143.274 E.00835
G1 X142.612 Y143.006 E.00835
G1 X142.586 Y142.738 E.00836
G1 X142.493 Y142.486 E.00836
G1 X142.376 Y142.243 E.00837
G1 X142.199 Y142.041 E.00837
G1 X141.924 Y141.805 E.01127
G1 X141.771 Y141.728 E.00531
G1 X141.455 Y141.61 E.01048
G1 X141.144 Y141.578 E.00972
G1 X140.908 Y141.58 E.00733
;WIDTH:0.440268
G1 X140.535 Y141.632 E.0122
G1 X101.1 Y143.072 F18000
;TYPE:Internal solid infill
;WIDTH:0.395426
G1 F6000
G1 X138.116 Y143.069 E1.06328
G1 X138.504 Y142.815 F18000
;WIDTH:0.419999
G1 F6000
G1 X138.526 Y142.702 E.00354
G1 X100.714 Y142.708 E1.16186
G1 X100.735 Y143.33 E.01915
G1 X100.714 Y143.437 E.00334
G1 X138.525 Y143.437 E1.16182
G1 X138.504 Y142.835 E.01852
G1 X138.881 Y142.815 F18000
G1 F6000
G1 X139.006 Y142.325 E.01555
G1 X100.235 Y142.331 E1.19132
G1 X100.358 Y142.815 E.01535
G1 X100.358 Y143.33 E.01584
G1 X100.235 Y143.814 E.01534
G1 X139.004 Y143.814 E1.19123
G1 X138.881 Y143.33 E.01534
G1 X138.881 Y142.835 E.01523
G1 X139.258 Y143.069 F18000
G1 F6000
G1 X139.301 Y142.598 E.01454
G1 X139.498 Y142.122 E.01584
G1 X139.615 Y141.947 E.00645
G1 X99.628 Y141.954 E1.22868
G1 X99.741 Y142.122 E.00622
G1 X99.938 Y142.598 E.01584
G1 X99.981 Y143.072 E.01462
G1 X99.938 Y143.547 E.01464
G1 X99.741 Y144.023 E.01584
G1 X99.628 Y144.191 E.00621
G1 X139.61 Y144.191 E1.22851
G1 X139.498 Y144.023 E.0062
G1 X139.301 Y143.547 E.01584
G1 X139.26 Y143.089 E.01411
G1 X139.635 Y142.815 F18000
G1 F6000
G1 X139.847 Y142.266 E.01806
G1 X140.178 Y141.914 E.01486
G1 X140.131 Y141.57 E.01067
G1 X99.179 Y141.577 E1.25832
G1 X99.231 Y141.751 E.0056
G1 X99.115 Y141.968 E.00758
G1 X99.392 Y142.266 E.01251
G1 X99.59 Y142.743 E.01584
G1 X99.604 Y143.33 E.01806
G1 X99.392 Y143.879 E.01806
G1 X99.108 Y144.184 E.01281
G1 X99.225 Y144.405 E.0077
G1 X99.175 Y144.568 E.00525
G1 X140.15 Y144.568 E1.25902
G1 X140.052 Y144.49 E.00387
G1 X139.981 Y144.289 E.00653
G1 X140.076 Y144.129 E.00573
G1 X139.847 Y143.879 E.01043
G1 X139.649 Y143.403 E.01584
G1 X139.635 Y142.835 E.01745
G1 X98.732 Y141.852 F18000
;TYPE:Gap infill
;WIDTH:0.244791
G1 F6000
G1 X97.894 Y141.402 E.01566
G1 X98.464 Y141.585 F18000
;WIDTH:0.424934
G1 F6000
G1 X97.985 Y141.58 E.01492
G1 X97.722 Y141.631 E.00836
G1 X97.47 Y141.723 E.00835
G1 X97.237 Y141.857 E.00837
G1 X97.04 Y142.041 E.00836
G1 X96.85 Y142.268 E.00922
G1 X96.741 Y142.497 E.00791
G1 X96.657 Y142.746 E.00817
G1 X96.633 Y142.875 E.00408
G1 X96.627 Y143.14 E.00825
G1 X96.653 Y143.407 E.00837
G1 X96.746 Y143.659 E.00837
G1 X96.863 Y143.902 E.00838
G1 X97.04 Y144.105 E.00838
G1 X97.255 Y144.302 E.00908
G1 X97.471 Y144.419 E.00766
G1 X97.791 Y144.538 E.01064
G1 X97.985 Y144.563 E.00609
G1 X98.462 Y144.563 E.01484
G1 X98.726 Y144.299 F18000
;WIDTH:0.248033
G1 F6000
G1 X97.89 Y144.743 E.01581
; stop printing object links_Servo.stl id:0 copy 0
; printing object "links_Servo.stl" id:1 copy 0
G1 E-.8 F3600
G1 X143.137 Y124.902 F18000
G1 E.8 F3600
M204 S1000
;TYPE:Outer wall
;WIDTH:0.42
G1 F3000
G1 X143.085 Y124.922 E.0017
G1 X142.681 Y124.995 E.01261
G1 X99.271 Y124.995 E1.33388
G1 X98.867 Y124.922 E.01261
G1 X98.483 Y124.777 E.01261
G1 X98.131 Y124.567 E.01261
G1 X97.822 Y124.297 E.01261
G1 X97.566 Y123.976 E.01261
G1 X97.371 Y123.615 E.01261
G1 X97.245 Y123.224 E.01261
G1 X97.189 Y122.818 E.01261
G1 X97.208 Y122.408 E.01261
G1 X97.3 Y122.003 E.01276
G1 X97.369 Y121.819 E.00602
G1 X97.566 Y121.454 E.01276
G1 X97.822 Y121.133 E.01261
G1 X98.131 Y120.863 E.01261
G1 X98.483 Y120.653 E.01261
G1 X98.867 Y120.508 E.01261
G1 X99.271 Y120.435 E.01261
G1 X142.54 Y120.428 E1.32953
G1 X142.889 Y120.463 E.01078
G1 X143.081 Y120.507 E.00605
G1 X143.469 Y120.653 E.01276
G1 X143.822 Y120.863 E.01261
G1 X144.131 Y121.133 E.01261
G1 X144.387 Y121.454 E.01261
G1 X144.581 Y121.815 E.01261
G1 X144.708 Y122.206 E.01261
G1 X144.763 Y122.612 E.01261
G1 X144.745 Y123.022 E.01261
G1 X144.653 Y123.422 E.01261
G1 X144.492 Y123.8 E.01261
G1 X144.266 Y124.142 E.01261
G1 X143.979 Y124.442 E.01276
G1 X143.826 Y124.565 E.00602
G1 X143.469 Y124.777 E.01276
G1 X143.156 Y124.895 E.0103
M204 S2000
G1 X142.999 Y124.535 F18000
M204 S1500
;TYPE:Inner wall
;WIDTH:0.45
G1 F4800
G1 X142.981 Y124.542 E.00066
G1 X142.646 Y124.603 E.01127
G1 X99.306 Y124.603 E1.43766
G1 X98.972 Y124.542 E.01127
G1 X98.654 Y124.423 E.01127
G1 X98.362 Y124.248 E.01127
G1 X98.106 Y124.025 E.01127
G1 X97.894 Y123.759 E.01127
G1 X97.733 Y123.46 E.01127
G1 X97.628 Y123.137 E.01127
G1 X97.583 Y122.8 E.01127
G1 X97.598 Y122.461 E.01127
G1 X97.677 Y122.116 E.01172
G1 X97.727 Y121.982 E.00475
G1 X97.894 Y121.671 E.01172
G1 X98.106 Y121.405 E.01127
G1 X98.362 Y121.181 E.01127
G1 X98.654 Y121.007 E.01127
G1 X98.972 Y120.888 E.01127
G1 X99.306 Y120.827 E.01127
G1 X142.521 Y120.82 E1.43349
G1 X142.826 Y120.851 E.01017
G1 X142.968 Y120.883 E.00484
G1 X143.299 Y121.007 E.01172
G1 X143.59 Y121.181 E.01127
G1 X143.846 Y121.405 E.01127
G1 X144.058 Y121.671 E.01127
G1 X144.219 Y121.97 E.01127
G1 X144.324 Y122.293 E.01127
G1 X144.37 Y122.63 E.01127
G1 X144.355 Y122.969 E.01127
G1 X144.279 Y123.301 E.01127
G1 X144.145 Y123.613 E.01127
G1 X143.958 Y123.897 E.01127
G1 X143.714 Y124.152 E.01172
G1 X143.602 Y124.241 E.00475
G1 X143.299 Y124.423 E.01172
G1 X143.018 Y124.528 E.00994
M204 S2000
G1 E-.8 F3600
G1 X99.321 Y123.409 F18000
G1 E.8 F3600
M204 S1000
;TYPE:Outer wall
;WIDTH:0.42
G1 F3000
G1 X99.337 Y123.415 E.00052
G1 X99.616 Y123.415 E.00856
G1 X99.873 Y123.309 E.00856
G1 X100.07 Y123.112 E.00856
G1 X100.177 Y122.854 E.00856
G1 X100.177 Y122.576 E.00856
G1 X100.07 Y122.318 E.00856
G1 X99.873 Y122.121 E.00856
G1 X99.618 Y122.015 E.0085
G1 X99.387 Y122.011 E.00709
G1 X99.209 Y122.056 E.00565
G1 X99.072 Y122.129 E.00476
G1 X98.882 Y122.318 E.00824
G1 X98.776 Y122.576 E.00856
G1 X98.776 Y122.854 E.00856
G1 X98.882 Y123.112 E.00856
G1 X99.08 Y123.309 E.00856
G1 X99.303 Y123.401 E.00743
M204 S2000
G1 X99.208 Y123.786 F18000
M204 S1500
;TYPE:Inner wall
;WIDTH:0.45
G1 F4800
G1 X99.259 Y123.807 E.00183
G1 X99.694 Y123.807 E.01442
G1 X100.095 Y123.641 E.01442
G1 X100.402 Y123.334 E.01442
G1 X100.569 Y122.932 E.01442
G1 X100.569 Y122.498 E.01442
G1 X100.402 Y122.096 E.01442
G1 X100.095 Y121.789 E.01442
G1 X99.699 Y121.625 E.01422
G1 X99.342 Y121.618 E.01184
G1 X99.066 Y121.687 E.00943
G1 X98.836 Y121.81 E.00867
G1 X98.55 Y122.096 E.01341
G1 X98.384 Y122.498 E.01442
G1 X98.384 Y122.932 E.01442
G1 X98.55 Y123.334 E.01442
G1 X98.857 Y123.641 E.01442
G1 X99.189 Y123.779 E.01192
M204 S2000
G1 E-.8 F3600
G1 X142.601 Y123.415 F18000
G1 E.8 F3600
M204 S1000
;TYPE:Outer wall
;WIDTH:0.42
G1 F3000
G1 X142.616 Y123.415 E.00046
G1 X142.873 Y123.309 E.00856
G1 X143.07 Y123.112 E.00856
G1 X143.177 Y122.854 E.00856
G1 X143.177 Y122.576 E.00856
G1 X143.07 Y122.318 E.00856
G1 X142.873 Y122.121 E.00856
G1 X142.618 Y122.015 E.0085
G1 X142.387 Y122.011 E.00709
G1 X142.209 Y122.056 E.00565
G1 X142.072 Y122.129 E.00476
G1 X141.882 Y122.318 E.00824
G1 X141.776 Y122.576 E.00856
G1 X141.776 Y122.854 E.00856
G1 X141.882 Y123.112 E.00856
G1 X142.08 Y123.309 E.00856
G1 X142.337 Y123.415 E.00856
G1 X142.581 Y123.415 E.00749
M204 S2000
G1 X142.745 Y123.786 F18000
M204 S1500
;TYPE:Inner wall
;WIDTH:0.45
G1 F4800
G1 X143.095 Y123.641 E.01258
G1 X143.402 Y123.334 E.01442
G1 X143.569 Y122.932 E.01442
G1 X143.569 Y122.498 E.01442
G1 X143.402 Y122.096 E.01442
G1 X143.095 Y121.789 E.01442
G1 X142.699 Y121.625 E.01422
G1 X142.342 Y121.618 E.01184
G1 X142.066 Y121.687 E.00943
G1 X141.836 Y121.81 E.00867
G1 X141.55 Y122.096 E.01341
G1 X141.384 Y122.498 E.01442
G1 X141.384 Y122.932 E.01442
G1 X141.55 Y123.334 E.01442
G1 X141.857 Y123.641 E.01442
G1 X142.259 Y123.807 E.01442
G1 X142.694 Y123.807 E.01442
G1 X142.726 Y123.794 E.00117
M204 S2000
G1 X142.706 Y124.385 F18000
;TYPE:Gap infill
;WIDTH:0.261038
G1 F6000
G1 X142.179 Y124.106 E.01059
;WIDTH:0.229129
G1 X142.093 Y124.048 E.00157
;WIDTH:0.191355
G1 X142.007 Y123.991 E.00125
;WIDTH:0.153581
G1 X141.921 Y123.933 E.00093
;WIDTH:0.134694
G1 X141.835 Y123.876 E.00077
G1 X142.134 Y124.205 F18000
;WIDTH:0.42442
G1 F6000
G1 X142.61 Y124.205 E.01482
G1 X142.804 Y124.181 E.00608
G1 X143.121 Y124.063 E.01052
G1 X143.338 Y123.941 E.00772
G1 X143.647 Y123.649 E.01323
G1 X143.744 Y123.519 E.00503
G1 X143.899 Y123.177 E.01167
G1 X143.963 Y122.916 E.00835
G1 X143.969 Y122.648 E.00835
G1 X143.942 Y122.38 E.00836
G1 X143.849 Y122.128 E.00836
G1 X143.733 Y121.885 E.00837
G1 X143.556 Y121.683 E.00837
G1 X143.281 Y121.447 E.01127
G1 X143.128 Y121.37 E.00531
G1 X142.812 Y121.252 E.01048
G1 X142.501 Y121.221 E.00972
G1 X142.265 Y121.223 E.00733
;WIDTH:0.440268
G1 X141.892 Y121.274 E.0122
G1 X102.457 Y122.715 F18000
;TYPE:Internal solid infill
;WIDTH:0.395426
G1 F6000
G1 X139.473 Y122.712 E1.06328
G1 X139.86 Y122.457 F18000
;WIDTH:0.419999
G1 F6000
G1 X139.883 Y122.344 E.00354
G1 X102.071 Y122.35 E1.16186
G1 X102.092 Y122.973 E.01915
G1 X102.071 Y123.08 E.00334
G1 X139.882 Y123.08 E1.16182
G1 X139.861 Y122.477 E.01852
G1 X140.238 Y122.457 F18000
G1 F6000
G1 X140.363 Y121.967 E.01555
G1 X101.592 Y121.973 E1.19132
G1 X101.715 Y122.457 E.01535
G1 X101.715 Y122.973 E.01584
G1 X101.592 Y123.457 E.01534
G1 X140.36 Y123.457 E1.19123
G1 X140.238 Y122.973 E.01534
G1 X140.238 Y122.477 E.01523
G1 X140.615 Y122.712 F18000
G1 F6000
G1 X140.658 Y122.241 E.01454
G1 X140.855 Y121.764 E.01584
G1 X140.972 Y121.59 E.00645
G1 X100.985 Y121.596 E1.22868
G1 X101.098 Y121.764 E.00622
G1 X101.295 Y122.241 E.01584
G1 X101.338 Y122.715 E.01462
G1 X101.295 Y123.189 E.01464
G1 X101.098 Y123.666 E.01584
G1 X100.985 Y123.834 E.00621
G1 X140.966 Y123.834 E1.22851
G1 X140.855 Y123.666 E.0062
G1 X140.658 Y123.189 E.01584
G1 X140.616 Y122.732 E.01411
G1 X140.992 Y122.457 F18000
G1 F6000
G1 X141.203 Y121.909 E.01806
G1 X141.535 Y121.557 E.01486
G1 X141.488 Y121.213 E.01067
G1 X100.536 Y121.219 E1.25832
G1 X100.588 Y121.394 E.0056
G1 X100.471 Y121.611 E.00758
G1 X100.749 Y121.909 E.01251
G1 X100.946 Y122.385 E.01584
G1 X100.961 Y122.973 E.01806
G1 X100.749 Y123.521 E.01806
G1 X100.465 Y123.826 E.01281
G1 X100.582 Y124.047 E.0077
G1 X100.532 Y124.211 E.00525
G1 X141.506 Y124.211 E1.25902
G1 X141.408 Y124.132 E.00387
G1 X141.338 Y123.932 E.00653
G1 X141.433 Y123.771 E.00573
G1 X141.203 Y123.521 E.01043
G1 X141.006 Y123.045 E.01584
G1 X140.992 Y122.477 E.01745
G1 X100.089 Y121.495 F18000
;TYPE:Gap infill
;WIDTH:0.244791
G1 F6000
G1 X99.25 Y121.044 E.01566
G1 X99.821 Y121.227 F18000
;WIDTH:0.424934
G1 F6000
G1 X99.342 Y121.222 E.01492
G1 X99.078 Y121.273 E.00836
G1 X98.827 Y121.366 E.00835
G1 X98.593 Y121.5 E.00837
G1 X98.397 Y121.683 E.00836
G1 X98.207 Y121.91 E.00922
G1 X98.098 Y122.14 E.00791
G1 X98.014 Y122.388 E.00817
G1 X97.99 Y122.517 E.00408
G1 X97.984 Y122.782 E.00825
G1 X98.01 Y123.05 E.00837
G1 X98.103 Y123.302 E.00837
G1 X98.22 Y123.545 E.00838
G1 X98.397 Y123.747 E.00838
G1 X98.611 Y123.945 E.00908
G1 X98.828 Y124.061 E.00766
G1 X99.148 Y124.181 E.01064
G1 X99.342 Y124.205 E.00609
G1 X99.819 Y124.205 E.01484
G1 X100.082 Y123.942 F18000
;WIDTH:0.248033
G1 F6000
G1 X99.247 Y124.385 E.01581
; stop printing object links_Servo.stl id:1 copy 0
; end of layer_num: 7, T: 0, print_z: 1.440000
;LAYER_CHANGE
;Z:1.64
;HEIGHT:0.2
; BEFORE_LAYER_CHANGE 7 @ 1.64mm
G92 E0
; AFTER_LAYER_CHANGE 7 @ 1.64mm
; start of layer_num: 8, T: 0, print_z: 1.640000
; printing object "links_Servo.stl" id:0 copy 0
G1 E-.8 F3600
G1 X141.793 Y145.254 Z1.64 F18000
G1 E.8 F3600
M204 S1000
;TYPE:Outer wall
;WIDTH:0.42
G1 F3000
G1 X141.524 Y145.326 E.00856
G1 X141.329 Y145.353 E.00604
G1 X97.914 Y145.353 E1.33403
G1 X97.511 Y145.279 E.01261
G1 X97.126 Y145.135 E.01261
G1 X96.774 Y144.925 E.01261
G1 X96.465 Y144.655 E.01261
G1 X96.209 Y144.334 E.01261
G1 X96.015 Y143.972 E.01261
G1 X95.888 Y143.582 E.01261
G1 X95.833 Y143.175 E.01261
G1 X95.851 Y142.765 E.01261
G1 X95.943 Y142.361 E.01276
G1 X96.012 Y142.177 E.00602
G1 X96.209 Y141.812 E.01276
G1 X96.465 Y141.491 E.01261
G1 X96.774 Y141.221 E.01261
G1 X97.126 Y141.01 E.01261
G1 X97.511 Y140.866 E.01261
G1 X97.914 Y140.793 E.01261
G1 X141.161 Y140.785 E1.32885
G1 X141.532 Y140.821 E.01146
G1 X141.724 Y140.864 E.00604
G1 X142.113 Y141.01 E.01276
G1 X142.465 Y141.221 E.01261
G1 X142.774 Y141.491 E.01261
G1 X143.03 Y141.812 E.01261
G1 X143.224 Y142.173 E.01261
G1 X143.351 Y142.563 E.01261
G1 X143.406 Y142.97 E.01261
G1 X143.388 Y143.38 E.01261
G1 X143.297 Y143.78 E.01261
G1 X143.135 Y144.157 E.01261
G1 X142.909 Y144.5 E.01261
G1 X142.626 Y144.797 E.01261
G1 X142.29 Y145.041 E.01276
G1 X141.882 Y145.23 E.01382
G1 X141.813 Y145.248 E.0022
M204 S2000
G1 X141.691 Y144.875 F18000
M204 S1500
;TYPE:Inner wall
;WIDTH:0.45
G1 F4800
G1 X141.447 Y144.941 E.0084
G1 X141.303 Y144.96 E.00481
G1 X97.95 Y144.96 E1.43811
G1 X97.615 Y144.9 E.01127
G1 X97.297 Y144.78 E.01127
G1 X97.005 Y144.606 E.01127
G1 X96.749 Y144.383 E.01127
G1 X96.538 Y144.117 E.01127
G1 X96.377 Y143.818 E.01127
G1 X96.272 Y143.494 E.01127
G1 X96.226 Y143.158 E.01127
G1 X96.241 Y142.818 E.01127
G1 X96.32 Y142.474 E.01172
G1 X96.37 Y142.34 E.00475
G1 X96.538 Y142.028 E.01172
G1 X96.749 Y141.763 E.01127
G1 X97.005 Y141.539 E.01127
G1 X97.297 Y141.365 E.01127
G1 X97.615 Y141.245 E.01127
G1 X97.95 Y141.185 E.01127
G1 X141.142 Y141.177 E1.43278
G1 X141.47 Y141.208 E.01091
G1 X141.611 Y141.241 E.00481
G1 X141.942 Y141.365 E.01172
G1 X142.234 Y141.539 E.01127
G1 X142.49 Y141.763 E.01127
G1 X142.701 Y142.028 E.01127
G1 X142.862 Y142.328 E.01127
G1 X142.967 Y142.651 E.01127
G1 X143.013 Y142.988 E.01127
G1 X142.998 Y143.327 E.01127
G1 X142.922 Y143.658 E.01127
G1 X142.789 Y143.971 E.01127
G1 X142.601 Y144.254 E.01127
G1 X142.367 Y144.5 E.01127
G1 X142.081 Y144.708 E.01172
G1 X141.756 Y144.858 E.01186
G1 X141.711 Y144.87 E.00157
M204 S2000
G1 E-.8 F3600
G1 X97.977 Y143.772 F18000
G1 E.8 F3600
M204 S1000
;TYPE:Outer wall
;WIDTH:0.42
G1 F3000
G1 X97.98 Y143.773 E.0001
G1 X98.259 Y143.773 E.00856
G1 X98.516 Y143.666 E.00856
G1 X98.713 Y143.469 E.00856
G1 X98.82 Y143.212 E.00856
G1 X98.82 Y142.933 E.00856
G1 X98.713 Y142.676 E.00856
G1 X98.516 Y142.479 E.00856
G1 X98.26 Y142.373 E.00852
G1 X98.018 Y142.37 E.00743
G1 X97.851 Y142.414 E.00533
G1 X97.715 Y142.486 E.00472
G1 X97.526 Y142.676 E.00824
G1 X97.419 Y142.933 E.00856
G1 X97.419 Y143.212 E.00856
G1 X97.526 Y143.469 E.00856
G1 X97.723 Y143.666 E.00856
G1 X97.959 Y143.764 E.00785
M204 S2000
G1 X97.851 Y144.144 F18000
M204 S1500
;TYPE:Inner wall
;WIDTH:0.45
G1 F4800
G1 X97.902 Y144.165 E.00183
G1 X98.337 Y144.165 E.01442
G1 X98.738 Y143.999 E.01442
G1 X99.046 Y143.691 E.01442
G1 X99.212 Y143.29 E.01442
G1 X99.212 Y142.855 E.01442
G1 X99.046 Y142.454 E.01442
G1 X98.738 Y142.146 E.01442
G1 X98.341 Y141.982 E.01428
G1 X97.97 Y141.977 E.01229
G1 X97.706 Y142.046 E.00904
G1 X97.479 Y142.168 E.00855
G1 X97.193 Y142.454 E.01341
G1 X97.027 Y142.855 E.01442
G1 X97.027 Y143.29 E.01442
G1 X97.193 Y143.691 E.01442
G1 X97.501 Y143.999 E.01442
G1 X97.833 Y144.136 E.01193
M204 S2000
G1 E-.8 F3600
G1 X141.25 Y143.773 F18000
G1 E.8 F3600
M204 S1000
;TYPE:Outer wall
;WIDTH:0.42
G1 F3000
G1 X141.259 Y143.773 E.00028
G1 X141.516 Y143.666 E.00856
G1 X141.713 Y143.469 E.00856
G1 X141.82 Y143.212 E.00856
G1 X141.82 Y142.933 E.00856
G1 X141.713 Y142.676 E.00856
G1 X141.516 Y142.479 E.00856
G1 X141.26 Y142.373 E.00852
G1 X141.018 Y142.37 E.00743
G1 X140.851 Y142.414 E.00533
G1 X140.715 Y142.486 E.00472
G1 X140.526 Y142.676 E.00824
G1 X140.419 Y142.933 E.00856
G1 X140.419 Y143.212 E.00856
G1 X140.526 Y143.469 E.00856
G1 X140.723 Y143.666 E.00856
G1 X140.98 Y143.773 E.00856
G1 X141.23 Y143.773 E.00767
M204 S2000
G1 X141.388 Y144.144 F18000
M204 S1500
;TYPE:Inner wall
;WIDTH:0.45
G1 F4800
G1 X141.738 Y143.999 E.01259
G1 X142.046 Y143.691 E.01442
G1 X142.212 Y143.29 E.01442
G1 X142.212 Y142.855 E.01442
G1 X142.046 Y142.454 E.01442
G1 X141.738 Y142.146 E.01442
G1 X141.341 Y141.982 E.01428
G1 X140.97 Y141.977 E.01229
G1 X140.706 Y142.046 E.00904
G1 X140.479 Y142.168 E.00855
G1 X140.193 Y142.454 E.01341
G1 X140.027 Y142.855 E.01442
G1 X140.027 Y143.29 E.01442
G1 X140.193 Y143.691 E.01442
G1 X140.501 Y143.999 E.01442
G1 X140.902 Y144.165 E.01442
G1 X141.337 Y144.165 E.01442
G1 X141.369 Y144.152 E.00116
G1 E-.8 F3600
M204 S2000
G1 X141.349 Y144.743 F18000
G1 E.8 F3600
;TYPE:Gap infill
;WIDTH:0.27408
G1 F6000
G1 X140.513 Y144.299 E.01783
G1 X140.777 Y144.563 F18000
;WIDTH:0.424659
G1 F6000
G1 X141.267 Y144.563 E.01525
G1 X141.446 Y144.535 E.00564
G1 X141.875 Y144.369 E.0143
G1 X141.983 Y144.301 E.00398
G1 X142.291 Y144.007 E.01324
G1 X142.387 Y143.877 E.00503
G1 X142.542 Y143.535 E.01167
G1 X142.606 Y143.274 E.00835
G1 X142.612 Y143.006 E.00835
G1 X142.586 Y142.738 E.00836
G1 X142.493 Y142.486 E.00836
G1 X142.376 Y142.243 E.00837
G1 X142.199 Y142.041 E.00837
G1 X141.924 Y141.805 E.01128
G1 X141.771 Y141.728 E.00532
G1 X141.453 Y141.609 E.01058
G1 X141.123 Y141.578 E.01029
G1 X140.889 Y141.581 E.00728
;WIDTH:0.44331
G1 X140.537 Y141.631 E.01161
G1 X139.635 Y142.815 F18000
;TYPE:Internal solid infill
;WIDTH:0.419999
G1 F6000
G1 X139.847 Y142.266 E.01806
G1 X140.181 Y141.912 E.01497
G1 X140.132 Y141.569 E.01063
G1 X99.178 Y141.577 E1.25841
G1 X99.228 Y141.751 E.00556
G1 X99.112 Y141.966 E.00751
G1 X99.392 Y142.266 E.01261
G1 X99.59 Y142.743 E.01584
G1 X99.604 Y143.33 E.01807
G1 X99.392 Y143.879 E.01806
G1 X99.108 Y144.184 E.01281
G1 X99.226 Y144.405 E.0077
G1 X99.175 Y144.568 E.00526
G1 X140.054 Y144.568 E1.25608
G1 X140.018 Y144.396 E.00542
G1 X140.131 Y144.184 E.00738
G1 X139.847 Y143.879 E.01281
G1 X139.649 Y143.403 E.01584
G1 X139.635 Y142.835 E.01745
G1 X139.258 Y143.069 F18000
G1 F6000
G1 X139.301 Y142.598 E.01452
G1 X139.498 Y142.122 E.01584
G1 X139.616 Y141.946 E.00649
G1 X99.628 Y141.954 E1.2287
G1 X99.741 Y142.122 E.00622
G1 X99.938 Y142.598 E.01584
G1 X99.981 Y143.072 E.01462
G1 X99.938 Y143.547 E.01464
G1 X99.741 Y144.023 E.01584
G1 X99.628 Y144.191 E.00621
G1 X139.611 Y144.191 E1.22854
G1 X139.498 Y144.023 E.00621
G1 X139.301 Y143.547 E.01584
G1 X139.26 Y143.089 E.01413
G1 X138.881 Y142.815 F18000
G1 F6000
G1 X139.007 Y142.324 E.01558
G1 X100.235 Y142.331 E1.19133
G1 X100.358 Y142.815 E.01535
G1 X100.358 Y143.33 E.01584
G1 X100.235 Y143.814 E.01534
G1 X139.004 Y143.814 E1.19123
G1 X138.881 Y143.33 E.01534
G1 X138.881 Y142.835 E.01523
G1 X138.504 Y142.815 F18000
G1 F6000
G1 X138.526 Y142.701 E.00357
G1 X100.714 Y142.708 E1.16187
G1 X100.735 Y143.33 E.01915
G1 X100.714 Y143.437 E.00334
G1 X138.525 Y143.437 E1.16182
G1 X138.504 Y142.835 E.01852
G1 X97.892 Y141.402 F18000
;TYPE:Gap infill
;WIDTH:0.245901
G1 F6000
G1 X98.73 Y141.85 E.01571
G1 X98.464 Y141.584 F18000
;WIDTH:0.424954
G1 F6000
G1 X97.985 Y141.581 E.01489
G1 X97.722 Y141.631 E.00836
G1 X97.47 Y141.723 E.00835
G1 X97.237 Y141.857 E.00837
G1 X97.04 Y142.041 E.00836
G1 X96.85 Y142.268 E.00922
G1 X96.741 Y142.497 E.00791
G1 X96.657 Y142.746 E.00817
G1 X96.633 Y142.875 E.00408
G1 X96.627 Y143.14 E.00825
G1 X96.653 Y143.407 E.00837
G1 X96.746 Y143.659 E.00837
G1 X96.863 Y143.902 E.00838
G1 X97.04 Y144.105 E.00838
G1 X97.254 Y144.302 E.00908
G1 X97.471 Y144.419 E.00766
G1 X97.791 Y144.538 E.01064
G1 X97.985 Y144.563 E.00609
G1 X98.462 Y144.563 E.01484
G1 X98.726 Y144.299 F18000
;WIDTH:0.248033
G1 F6000
G1 X97.89 Y144.743 E.01581
; stop printing object links_Servo.stl id:0 copy 0
; printing object "links_Servo.stl" id:1 copy 0
G1 E-.8 F3600
G1 X143.15 Y124.896 F18000
G1 E.8 F3600
M204 S1000
;TYPE:Outer wall
;WIDTH:0.42
G1 F3000
G1 X142.881 Y124.969 E.00856
G1 X142.686 Y124.995 E.00604
G1 X99.271 Y124.995 E1.33403
G1 X98.867 Y124.922 E.01261
G1 X98.483 Y124.777 E.01261
G1 X98.131 Y124.567 E.01261
G1 X97.822 Y124.297 E.01261
G1 X97.566 Y123.976 E.01261
G1 X97.371 Y123.615 E.01261
G1 X97.245 Y123.224 E.01261
G1 X97.189 Y122.818 E.01261
G1 X97.208 Y122.408 E.01261
G1 X97.3 Y122.003 E.01276
G1 X97.369 Y121.819 E.00602
G1 X97.566 Y121.454 E.01276
G1 X97.822 Y121.133 E.01261
G1 X98.131 Y120.863 E.01261
G1 X98.483 Y120.653 E.01261
G1 X98.867 Y120.508 E.01261
G1 X99.271 Y120.435 E.01261
G1 X142.518 Y120.427 E1.32885
G1 X142.889 Y120.463 E.01146
G1 X143.081 Y120.507 E.00604
G1 X143.469 Y120.653 E.01276
G1 X143.822 Y120.863 E.01261
G1 X144.131 Y121.133 E.01261
G1 X144.387 Y121.454 E.01261
G1 X144.581 Y121.815 E.01261
G1 X144.708 Y122.206 E.01261
G1 X144.763 Y122.612 E.01261
G1 X144.745 Y123.022 E.01261
G1 X144.653 Y123.422 E.01261
G1 X144.492 Y123.8 E.01261
G1 X144.266 Y124.142 E.01261
G1 X143.982 Y124.439 E.01261
G1 X143.647 Y124.683 E.01276
G1 X143.238 Y124.872 E.01382
G1 X143.169 Y124.891 E.0022
M204 S2000
G1 X143.048 Y124.517 F18000
M204 S1500
;TYPE:Inner wall
;WIDTH:0.45
G1 F4800
G1 X142.803 Y124.583 E.0084
G1 X142.66 Y124.603 E.00481
G1 X99.306 Y124.603 E1.43811
G1 X98.972 Y124.542 E.01127
G1 X98.654 Y124.423 E.01127
G1 X98.362 Y124.248 E.01127
G1 X98.106 Y124.025 E.01127
G1 X97.894 Y123.759 E.01127
G1 X97.733 Y123.46 E.01127
G1 X97.628 Y123.137 E.01127
G1 X97.583 Y122.8 E.01127
G1 X97.598 Y122.461 E.01127
G1 X97.677 Y122.116 E.01172
G1 X97.727 Y121.982 E.00475
G1 X97.894 Y121.671 E.01172
G1 X98.106 Y121.405 E.01127
G1 X98.362 Y121.181 E.01127
G1 X98.654 Y121.007 E.01127
G1 X98.972 Y120.888 E.01127
G1 X99.306 Y120.827 E.01127
G1 X142.499 Y120.819 E1.43278
G1 X142.827 Y120.851 E.01091
G1 X142.968 Y120.883 E.00481
G1 X143.299 Y121.007 E.01172
G1 X143.59 Y121.181 E.01127
G1 X143.846 Y121.405 E.01127
G1 X144.058 Y121.671 E.01127
G1 X144.219 Y121.97 E.01127
G1 X144.324 Y122.293 E.01127
G1 X144.37 Y122.63 E.01127
G1 X144.355 Y122.969 E.01127
G1 X144.279 Y123.301 E.01127
G1 X144.145 Y123.613 E.01127
G1 X143.958 Y123.897 E.01127
G1 X143.723 Y124.142 E.01127
G1 X143.437 Y124.35 E.01172
G1 X143.113 Y124.5 E.01186
G1 X143.067 Y124.512 E.00157
M204 S2000
G1 E-.8 F3600
G1 X99.334 Y123.414 F18000
G1 E.8 F3600
M204 S1000
;TYPE:Outer wall
;WIDTH:0.42
G1 F3000
G1 X99.337 Y123.415 E.0001
G1 X99.616 Y123.415 E.00856
G1 X99.873 Y123.309 E.00856
G1 X100.07 Y123.112 E.00856
G1 X100.177 Y122.854 E.00856
G1 X100.177 Y122.576 E.00856
G1 X100.07 Y122.318 E.00856
G1 X99.873 Y122.121 E.00856
G1 X99.617 Y122.015 E.00852
G1 X99.375 Y122.012 E.00743
G1 X99.208 Y122.056 E.00533
G1 X99.072 Y122.129 E.00472
G1 X98.883 Y122.318 E.00824
G1 X98.776 Y122.576 E.00856
G1 X98.776 Y122.854 E.00856
G1 X98.882 Y123.112 E.00856
G1 X99.08 Y123.309 E.00856
G1 X99.315 Y123.406 E.00785
M204 S2000
G1 X99.208 Y123.786 F18000
M204 S1500
;TYPE:Inner wall
;WIDTH:0.45
G1 F4800
G1 X99.259 Y123.807 E.00183
G1 X99.694 Y123.807 E.01442
G1 X100.095 Y123.641 E.01442
G1 X100.402 Y123.334 E.01442
G1 X100.569 Y122.932 E.01442
G1 X100.569 Y122.498 E.01442
G1 X100.402 Y122.096 E.01442
G1 X100.095 Y121.789 E.01442
G1 X99.697 Y121.624 E.01428
G1 X99.327 Y121.619 E.01229
G1 X99.063 Y121.689 E.00904
G1 X98.836 Y121.81 E.00855
G1 X98.55 Y122.096 E.01341
G1 X98.384 Y122.498 E.01442
G1 X98.384 Y122.932 E.01442
G1 X98.55 Y123.334 E.01442
G1 X98.857 Y123.641 E.01442
G1 X99.19 Y123.779 E.01193
M204 S2000
G1 E-.8 F3600
G1 X142.606 Y123.415 F18000
G1 E.8 F3600
M204 S1000
;TYPE:Outer wall
;WIDTH:0.42
G1 F3000
G1 X142.616 Y123.415 E.00028
G1 X142.873 Y123.309 E.00856
G1 X143.07 Y123.112 E.00856
G1 X143.177 Y122.854 E.00856
G1 X143.177 Y122.576 E.00856
G1 X143.07 Y122.318 E.00856
G1 X142.873 Y122.121 E.00856
G1 X142.617 Y122.015 E.00852
G1 X142.375 Y122.012 E.00743
G1 X142.208 Y122.056 E.00533
G1 X142.072 Y122.129 E.00472
G1 X141.882 Y122.318 E.00824
G1 X141.776 Y122.576 E.00856
G1 X141.776 Y122.854 E.00856
G1 X141.882 Y123.112 E.00856
G1 X142.08 Y123.309 E.00856
G1 X142.337 Y123.415 E.00856
G1 X142.586 Y123.415 E.00767
M204 S2000
G1 X142.744 Y123.786 F18000
M204 S1500
;TYPE:Inner wall
;WIDTH:0.45
G1 F4800
G1 X143.095 Y123.641 E.01259
G1 X143.402 Y123.334 E.01442
G1 X143.569 Y122.932 E.01442
G1 X143.569 Y122.498 E.01442
G1 X143.402 Y122.096 E.01442
G1 X143.095 Y121.789 E.01442
G1 X142.697 Y121.624 E.01428
G1 X142.327 Y121.619 E.01229
G1 X142.063 Y121.689 E.00904
G1 X141.836 Y121.81 E.00855
G1 X141.55 Y122.096 E.01341
G1 X141.384 Y122.498 E.01442
G1 X141.384 Y122.932 E.01442
G1 X141.55 Y123.334 E.01442
G1 X141.857 Y123.641 E.01442
G1 X142.259 Y123.807 E.01442
G1 X142.694 Y123.807 E.01442
G1 X142.726 Y123.794 E.00116
M204 S2000
G1 X142.706 Y124.385 F18000
;TYPE:Gap infill
;WIDTH:0.27408
G1 F6000
G1 X141.87 Y123.942 E.01783
G1 X142.134 Y124.205 F18000
;WIDTH:0.424659
G1 F6000
G1 X142.624 Y124.205 E.01525
G1 X142.803 Y124.178 E.00564
G1 X143.232 Y124.012 E.0143
G1 X143.34 Y123.943 E.00398
G1 X143.647 Y123.649 E.01324
G1 X143.744 Y123.519 E.00503
G1 X143.899 Y123.177 E.01167
G1 X143.963 Y122.916 E.00835
G1 X143.969 Y122.648 E.00835
G1 X143.942 Y122.38 E.00836
G1 X143.849 Y122.128 E.00836
G1 X143.733 Y121.885 E.00837
G1 X143.556 Y121.683 E.00837
G1 X143.281 Y121.447 E.01128
G1 X143.128 Y121.37 E.00532
G1 X142.809 Y121.251 E.01058
G1 X142.48 Y121.22 E.01029
G1 X142.246 Y121.223 E.00728
;WIDTH:0.44331
G1 X141.894 Y121.273 E.01161
G1 X140.992 Y122.457 F18000
;TYPE:Internal solid infill
;WIDTH:0.419999
G1 F6000
G1 X141.203 Y121.909 E.01806
G1 X141.538 Y121.554 E.01497
G1 X141.489 Y121.212 E.01063
G1 X100.535 Y121.219 E1.25841
G1 X100.585 Y121.393 E.00556
G1 X100.469 Y121.608 E.00751
G1 X100.749 Y121.909 E.01261
G1 X100.946 Y122.385 E.01584
G1 X100.961 Y122.973 E.01807
G1 X100.749 Y123.521 E.01806
G1 X100.465 Y123.826 E.01281
G1 X100.582 Y124.047 E.0077
G1 X100.532 Y124.211 E.00526
G1 X141.411 Y124.211 E1.25608
G1 X141.375 Y124.038 E.00542
G1 X141.488 Y123.826 E.00738
G1 X141.203 Y123.521 E.01281
G1 X141.006 Y123.045 E.01584
G1 X140.992 Y122.477 E.01745
G1 X140.615 Y122.711 F18000
G1 F6000
G1 X140.658 Y122.241 E.01452
G1 X140.855 Y121.764 E.01584
G1 X140.972 Y121.589 E.00649
G1 X100.985 Y121.596 E1.2287
G1 X101.098 Y121.764 E.00622
G1 X101.295 Y122.241 E.01584
G1 X101.338 Y122.715 E.01462
G1 X101.295 Y123.189 E.01464
G1 X101.098 Y123.666 E.01584
G1 X100.985 Y123.834 E.00621
G1 X140.967 Y123.834 E1.22854
G1 X140.855 Y123.666 E.00621
G1 X140.658 Y123.189 E.01584
G1 X140.616 Y122.731 E.01413
G1 X140.238 Y122.457 F18000
G1 F6000
G1 X140.363 Y121.966 E.01558
G1 X101.592 Y121.973 E1.19133
G1 X101.715 Y122.457 E.01535
G1 X101.715 Y122.973 E.01584
G1 X101.592 Y123.457 E.01534
G1 X140.36 Y123.457 E1.19123
G1 X140.238 Y122.973 E.01534
G1 X140.238 Y122.477 E.01523
G1 X139.86 Y122.457 F18000
G1 F6000
G1 X139.883 Y122.343 E.00357
G1 X102.071 Y122.35 E1.16187
G1 X102.092 Y122.973 E.01915
G1 X102.071 Y123.08 E.00334
G1 X139.882 Y123.08 E1.16182
G1 X139.861 Y122.477 E.01852
G1 X99.249 Y121.044 F18000
;TYPE:Gap infill
;WIDTH:0.245901
G1 F6000
G1 X100.087 Y121.492 E.01571
G1 X99.82 Y121.226 F18000
;WIDTH:0.424954
G1 F6000
G1 X99.342 Y121.223 E.01489
G1 X99.078 Y121.273 E.00836
G1 X98.827 Y121.366 E.00835
G1 X98.593 Y121.5 E.00837
G1 X98.397 Y121.683 E.00836
G1 X98.207 Y121.91 E.00922
G1 X98.098 Y122.14 E.00791
G1 X98.014 Y122.388 E.00817
G1 X97.99 Y122.517 E.00408
G1 X97.984 Y122.782 E.00825
G1 X98.01 Y123.05 E.00837
G1 X98.103 Y123.302 E.00837
G1 X98.22 Y123.545 E.00838
G1 X98.397 Y123.747 E.00838
G1 X98.611 Y123.945 E.00908
G1 X98.828 Y124.061 E.00766
G1 X99.148 Y124.181 E.01064
G1 X99.342 Y124.205 E.00609
G1 X99.819 Y124.205 E.01484
G1 X100.082 Y123.942 F18000
;WIDTH:0.248033
G1 F6000
G1 X99.247 Y124.385 E.01581
; stop printing object links_Servo.stl id:1 copy 0
; end of layer_num: 8, T: 0, print_z: 1.640000
;LAYER_CHANGE
;Z:1.84
;HEIGHT:0.2
; BEFORE_LAYER_CHANGE 8 @ 1.84mm
G92 E0
; AFTER_LAYER_CHANGE 8 @ 1.84mm
; start of layer_num: 9, T: 0, print_z: 1.840000
; printing object "links_Servo.stl" id:0 copy 0
G1 E-.8 F3600
G1 X141.804 Y145.25 Z1.84 F18000
G1 E.8 F3600
M204 S1000
;TYPE:Outer wall
;WIDTH:0.42
G1 F3000
G1 X141.524 Y145.326 E.00893
G1 X141.329 Y145.353 E.00603
G1 X97.914 Y145.353 E1.33403
G1 X97.511 Y145.279 E.01261
G1 X97.126 Y145.135 E.01261
G1 X96.774 Y144.925 E.01261
G1 X96.465 Y144.655 E.01261
G1 X96.209 Y144.334 E.01261
G1 X96.015 Y143.972 E.01261
G1 X95.888 Y143.582 E.01261
G1 X95.833 Y143.175 E.01261
G1 X95.851 Y142.765 E.01261
G1 X95.943 Y142.361 E.01276
G1 X96.012 Y142.177 E.00602
G1 X96.209 Y141.812 E.01276
G1 X96.465 Y141.491 E.01261
G1 X96.774 Y141.221 E.01261
G1 X97.126 Y141.01 E.01261
G1 X97.511 Y140.866 E.01261
G1 X97.914 Y140.793 E.01261
G1 X141.139 Y140.784 E1.32817
G1 X141.533 Y140.821 E.01215
G1 X141.724 Y140.864 E.00603
G1 X142.113 Y141.01 E.01276
G1 X142.465 Y141.221 E.01261
G1 X142.774 Y141.491 E.01261
G1 X143.03 Y141.812 E.01261
G1 X143.224 Y142.173 E.01261
G1 X143.351 Y142.563 E.01261
G1 X143.406 Y142.97 E.01261
G1 X143.388 Y143.38 E.01261
G1 X143.297 Y143.78 E.01261
G1 X143.135 Y144.157 E.01261
G1 X142.909 Y144.5 E.01261
G1 X142.626 Y144.797 E.01261
G1 X142.294 Y145.037 E.01258
G1 X141.897 Y145.224 E.01349
G1 X141.824 Y145.245 E.00234
M204 S2000
G1 X141.701 Y144.872 F18000
M204 S1500
;TYPE:Inner wall
;WIDTH:0.45
G1 F4800
G1 X141.446 Y144.941 E.00878
G1 X141.303 Y144.96 E.00478
G1 X97.95 Y144.96 E1.43811
G1 X97.615 Y144.9 E.01127
G1 X97.297 Y144.78 E.01127
G1 X97.005 Y144.606 E.01127
G1 X96.749 Y144.383 E.01127
G1 X96.538 Y144.117 E.01127
G1 X96.377 Y143.818 E.01127
G1 X96.272 Y143.494 E.01127
G1 X96.226 Y143.158 E.01127
G1 X96.241 Y142.818 E.01127
G1 X96.32 Y142.474 E.01172
G1 X96.37 Y142.34 E.00475
G1 X96.538 Y142.028 E.01172
G1 X96.749 Y141.763 E.01127
G1 X97.005 Y141.539 E.01127
G1 X97.297 Y141.365 E.01127
G1 X97.615 Y141.245 E.01127
G1 X97.95 Y141.185 E.01127
G1 X141.121 Y141.176 E1.43206
G1 X141.471 Y141.209 E.01166
G1 X141.611 Y141.241 E.00478
G1 X141.942 Y141.365 E.01172
G1 X142.234 Y141.539 E.01127
G1 X142.49 Y141.763 E.01127
G1 X142.701 Y142.028 E.01127
G1 X142.862 Y142.328 E.01127
G1 X142.967 Y142.651 E.01127
G1 X143.013 Y142.988 E.01127
G1 X142.998 Y143.327 E.01127
G1 X142.922 Y143.658 E.01127
G1 X142.789 Y143.971 E.01127
G1 X142.601 Y144.254 E.01127
G1 X142.367 Y144.5 E.01127
G1 X142.094 Y144.698 E.01119
G1 X141.761 Y144.855 E.0122
G1 X141.721 Y144.866 E.00139
M204 S2000
G1 E-.8 F3600
G1 X97.99 Y143.773 F18000
G1 E.8 F3600
M204 S1000
;TYPE:Outer wall
;WIDTH:0.42
G1 F3000
G1 X98.259 Y143.773 E.00825
G1 X98.516 Y143.666 E.00856
G1 X98.713 Y143.469 E.00856
G1 X98.82 Y143.212 E.00856
G1 X98.82 Y142.933 E.00856
G1 X98.713 Y142.676 E.00856
G1 X98.516 Y142.479 E.00856
G1 X98.26 Y142.373 E.00854
G1 X97.996 Y142.371 E.00811
G1 X97.724 Y142.477 E.00896
G1 X97.526 Y142.676 E.00862
G1 X97.419 Y142.933 E.00856
G1 X97.419 Y143.212 E.00856
G1 X97.526 Y143.469 E.00856
G1 X97.723 Y143.666 E.00856
G1 X97.971 Y143.769 E.00826
M204 S2000
G1 X97.851 Y144.144 F18000
M204 S1500
;TYPE:Inner wall
;WIDTH:0.45
G1 F4800
G1 X97.902 Y144.165 E.00183
G1 X98.337 Y144.165 E.01442
G1 X98.738 Y143.999 E.01442
G1 X99.046 Y143.691 E.01442
G1 X99.212 Y143.29 E.01442
G1 X99.212 Y142.855 E.01442
G1 X99.046 Y142.454 E.01442
G1 X98.738 Y142.146 E.01442
G1 X98.339 Y141.981 E.01435
G1 X97.922 Y141.978 E.01381
G1 X97.505 Y142.143 E.01489
G1 X97.193 Y142.454 E.0146
G1 X97.027 Y142.855 E.01442
G1 X97.027 Y143.29 E.01442
G1 X97.193 Y143.691 E.01442
G1 X97.501 Y143.999 E.01442
G1 X97.833 Y144.136 E.01192
M204 S2000
G1 E-.8 F3600
G1 X141.255 Y143.773 F18000
G1 E.8 F3600
M204 S1000
;TYPE:Outer wall
;WIDTH:0.42
G1 F3000
G1 X141.259 Y143.773 E.00012
G1 X141.516 Y143.666 E.00856
G1 X141.713 Y143.469 E.00856
G1 X141.82 Y143.212 E.00856
G1 X141.82 Y142.933 E.00856
G1 X141.713 Y142.676 E.00856
G1 X141.516 Y142.479 E.00856
G1 X141.26 Y142.373 E.00854
G1 X140.996 Y142.371 E.00811
G1 X140.724 Y142.477 E.00896
G1 X140.526 Y142.676 E.00862
G1 X140.419 Y142.933 E.00856
G1 X140.419 Y143.212 E.00856
G1 X140.526 Y143.469 E.00856
G1 X140.723 Y143.666 E.00856
G1 X140.98 Y143.773 E.00856
G1 X141.235 Y143.773 E.00783
M204 S2000
G1 X141.388 Y144.144 F18000
M204 S1500
;TYPE:Inner wall
;WIDTH:0.45
G1 F4800
G1 X141.738 Y143.999 E.0126
G1 X142.046 Y143.691 E.01442
G1 X142.212 Y143.29 E.01442
G1 X142.212 Y142.855 E.01442
G1 X142.046 Y142.454 E.01442
G1 X141.738 Y142.146 E.01442
G1 X141.339 Y141.981 E.01435
G1 X140.922 Y141.978 E.01381
G1 X140.505 Y142.143 E.01489
G1 X140.193 Y142.454 E.0146
G1 X140.027 Y142.855 E.01442
G1 X140.027 Y143.29 E.01442
G1 X140.193 Y143.691 E.01442
G1 X140.501 Y143.999 E.01442
G1 X140.902 Y144.165 E.01442
G1 X141.337 Y144.165 E.01442
G1 X141.369 Y144.152 E.00116
G1 E-.8 F3600
M204 S2000
G1 X141.349 Y144.743 F18000
G1 E.8 F3600
;TYPE:Gap infill
;WIDTH:0.274068
G1 F6000
G1 X140.513 Y144.299 E.01782
G1 X140.777 Y144.563 F18000
;WIDTH:0.424269
G1 F6000
G1 X141.267 Y144.563 E.01523
G1 X141.446 Y144.535 E.00564
G1 X141.626 Y144.478 E.00586
G1 X141.893 Y144.359 E.00908
G1 X141.983 Y144.301 E.00334
G1 X142.291 Y144.007 E.01323
G1 X142.438 Y143.782 E.00834
G1 X142.585 Y143.4 E.0127
G1 X142.606 Y143.274 E.00399
G1 X142.612 Y143.006 E.00834
G1 X142.586 Y142.738 E.00836
G1 X142.493 Y142.486 E.00835
G1 X142.376 Y142.243 E.00836
G1 X142.199 Y142.041 E.00836
G1 X142.003 Y141.857 E.00835
G1 X141.771 Y141.728 E.00824
G1 X141.402 Y141.594 E.0122
G1 X140.789 Y141.571 E.01907
G1 X140.517 Y141.843 F18000
;WIDTH:0.291762
G1 F6000
G1 X141.355 Y141.404 E.01918
G1 X101.1 Y143.072 F18000
;TYPE:Internal solid infill
;WIDTH:0.395574
G1 F6000
G1 X138.115 Y143.069 E1.06369
G1 X138.504 Y142.815 F18000
;WIDTH:0.419999
G1 F6000
G1 X138.527 Y142.7 E.0036
G1 X100.714 Y142.708 E1.16188
G1 X100.735 Y143.33 E.01915
G1 X100.714 Y143.437 E.00334
G1 X138.525 Y143.437 E1.16182
G1 X138.504 Y142.835 E.01852
G1 X138.881 Y142.815 F18000
G1 F6000
G1 X139.007 Y142.323 E.01561
G1 X100.235 Y142.331 E1.19134
G1 X100.358 Y142.815 E.01535
G1 X100.358 Y143.33 E.01584
G1 X100.235 Y143.814 E.01534
G1 X139.004 Y143.814 E1.19123
G1 X138.881 Y143.33 E.01534
G1 X138.881 Y142.835 E.01523
G1 X139.258 Y143.069 F18000
G1 F6000
G1 X139.301 Y142.598 E.01451
G1 X139.498 Y142.122 E.01584
G1 X139.616 Y141.945 E.00653
G1 X99.63 Y141.954 E1.22868
G1 X99.741 Y142.122 E.0062
G1 X99.938 Y142.598 E.01584
G1 X99.981 Y143.072 E.01462
G1 X99.938 Y143.547 E.01464
G1 X99.741 Y144.023 E.01584
G1 X99.628 Y144.191 E.00621
G1 X139.611 Y144.191 E1.22854
G1 X139.498 Y144.023 E.00621
G1 X139.301 Y143.547 E.01584
G1 X139.26 Y143.088 E.01414
G1 X139.635 Y142.815 F18000
G1 F6000
G1 X139.847 Y142.266 E.01806
G1 X140.134 Y141.958 E.01295
G1 X140.007 Y141.715 E.00844
G1 X140.053 Y141.568 E.00472
G1 X99.107 Y141.577 E1.25814
G1 X99.205 Y141.667 E.00408
G1 X99.259 Y141.855 E.00603
G1 X99.163 Y142.016 E.00577
G1 X99.392 Y142.266 E.01043
G1 X99.59 Y142.743 E.01584
G1 X99.604 Y143.33 E.01806
G1 X99.392 Y143.879 E.01806
G1 X99.163 Y144.129 E.01043
G1 X99.25 Y144.282 E.00541
G1 X99.19 Y144.465 E.00591
G1 X99.071 Y144.568 E.00484
G1 X140.054 Y144.568 E1.25928
G1 X140.018 Y144.396 E.00542
G1 X140.131 Y144.184 E.00738
G1 X139.847 Y143.879 E.01281
G1 X139.649 Y143.403 E.01584
G1 X139.635 Y142.835 E.01745
G1 X98.761 Y141.912 F18000
;TYPE:Gap infill
;WIDTH:0.121913
G1 F6000
G1 X98.647 Y141.836 E.00088
;WIDTH:0.171899
G1 X98.533 Y141.76 E.00144
;WIDTH:0.221884
G1 X98.419 Y141.683 E.002
;WIDTH:0.24688
G1 X97.891 Y141.402 E.00994
G1 X98.463 Y141.583 F18000
;WIDTH:0.424959
G1 F6000
G1 X97.985 Y141.582 E.01487
G1 X97.817 Y141.603 E.00528
G1 X97.471 Y141.726 E.01143
G1 X97.236 Y141.857 E.00837
G1 X97.04 Y142.041 E.00836
G1 X96.85 Y142.268 E.00922
G1 X96.741 Y142.497 E.00791
G1 X96.657 Y142.746 E.00817
G1 X96.633 Y142.875 E.00408
G1 X96.627 Y143.14 E.00825
G1 X96.653 Y143.407 E.00837
G1 X96.746 Y143.659 E.00837
G1 X96.863 Y143.902 E.00838
G1 X97.04 Y144.105 E.00838
G1 X97.254 Y144.302 E.00908
G1 X97.471 Y144.419 E.00766
G1 X97.791 Y144.538 E.01064
G1 X97.985 Y144.563 E.00609
G1 X98.462 Y144.563 E.01484
G1 X98.417 Y144.463 F18000
;WIDTH:0.229132
G1 F6000
G1 X98.503 Y144.406 E.00157
;WIDTH:0.191357
G1 X98.589 Y144.348 E.00125
;WIDTH:0.153582
G1 X98.675 Y144.291 E.00093
;WIDTH:0.115807
G1 X98.761 Y144.233 E.00062
G1 X98.417 Y144.463 F18000
;WIDTH:0.248017
G1 F6000
G1 X97.89 Y144.743 E.00996
; stop printing object links_Servo.stl id:0 copy 0
; printing object "links_Servo.stl" id:1 copy 0
G1 E-.8 F3600
G1 X143.161 Y124.892 F18000
G1 E.8 F3600
M204 S1000
;TYPE:Outer wall
;WIDTH:0.42
G1 F3000
G1 X142.881 Y124.969 E.00893
G1 X142.686 Y124.995 E.00603
G1 X99.271 Y124.995 E1.33403
G1 X98.867 Y124.922 E.01261
G1 X98.483 Y124.777 E.01261
G1 X98.131 Y124.567 E.01261
G1 X97.822 Y124.297 E.01261
G1 X97.566 Y123.976 E.01261
G1 X97.371 Y123.615 E.01261
G1 X97.245 Y123.224 E.01261
G1 X97.189 Y122.818 E.01261
G1 X97.208 Y122.408 E.01261
G1 X97.3 Y122.003 E.01276
G1 X97.369 Y121.819 E.00602
G1 X97.566 Y121.454 E.01276
G1 X97.822 Y121.133 E.01261
G1 X98.131 Y120.863 E.01261
G1 X98.483 Y120.653 E.01261
G1 X98.867 Y120.508 E.01261
G1 X99.271 Y120.435 E.01261
G1 X142.496 Y120.426 E1.32817
G1 X142.889 Y120.463 E.01215
G1 X143.081 Y120.507 E.00603
G1 X143.469 Y120.653 E.01276
G1 X143.822 Y120.863 E.01261
G1 X144.131 Y121.133 E.01261
G1 X144.387 Y121.454 E.01261
G1 X144.581 Y121.815 E.01261
G1 X144.708 Y122.206 E.01261
G1 X144.763 Y122.612 E.01261
G1 X144.745 Y123.022 E.01261
G1 X144.653 Y123.422 E.01261
G1 X144.492 Y123.8 E.01261
G1 X144.266 Y124.142 E.01261
G1 X143.982 Y124.439 E.01261
G1 X143.651 Y124.68 E.01258
G1 X143.254 Y124.867 E.01349
G1 X143.18 Y124.887 E.00234
M204 S2000
G1 X143.058 Y124.514 F18000
M204 S1500
;TYPE:Inner wall
;WIDTH:0.45
G1 F4800
G1 X142.803 Y124.583 E.00878
G1 X142.66 Y124.603 E.00478
G1 X99.306 Y124.603 E1.43811
G1 X98.972 Y124.542 E.01127
G1 X98.654 Y124.423 E.01127
G1 X98.362 Y124.248 E.01127
G1 X98.106 Y124.025 E.01127
G1 X97.894 Y123.759 E.01127
G1 X97.733 Y123.46 E.01127
G1 X97.628 Y123.137 E.01127
G1 X97.583 Y122.8 E.01127
G1 X97.598 Y122.461 E.01127
G1 X97.677 Y122.116 E.01172
G1 X97.727 Y121.982 E.00475
G1 X97.894 Y121.671 E.01172
G1 X98.106 Y121.405 E.01127
G1 X98.362 Y121.181 E.01127
G1 X98.654 Y121.007 E.01127
G1 X98.972 Y120.888 E.01127
G1 X99.306 Y120.827 E.01127
G1 X142.477 Y120.818 E1.43206
G1 X142.827 Y120.851 E.01166
G1 X142.968 Y120.883 E.00478
G1 X143.299 Y121.007 E.01172
G1 X143.59 Y121.181 E.01127
G1 X143.846 Y121.405 E.01127
G1 X144.058 Y121.671 E.01127
G1 X144.219 Y121.97 E.01127
G1 X144.324 Y122.293 E.01127
G1 X144.37 Y122.63 E.01127
G1 X144.355 Y122.969 E.01127
G1 X144.279 Y123.301 E.01127
G1 X144.145 Y123.613 E.01127
G1 X143.958 Y123.897 E.01127
G1 X143.723 Y124.142 E.01127
G1 X143.45 Y124.341 E.01119
G1 X143.118 Y124.498 E.0122
G1 X143.077 Y124.509 E.00139
M204 S2000
G1 E-.8 F3600
G1 X99.347 Y123.415 F18000
G1 E.8 F3600
M204 S1000
;TYPE:Outer wall
;WIDTH:0.42
G1 F3000
G1 X99.616 Y123.415 E.00825
G1 X99.873 Y123.309 E.00856
G1 X100.07 Y123.112 E.00856
G1 X100.177 Y122.854 E.00856
G1 X100.177 Y122.576 E.00856
G1 X100.07 Y122.318 E.00856
G1 X99.873 Y122.121 E.00856
G1 X99.616 Y122.015 E.00854
G1 X99.352 Y122.013 E.00811
G1 X99.081 Y122.12 E.00896
G1 X98.882 Y122.318 E.00862
G1 X98.776 Y122.576 E.00856
G1 X98.776 Y122.854 E.00856
G1 X98.882 Y123.112 E.00856
G1 X99.08 Y123.309 E.00856
G1 X99.328 Y123.412 E.00826
M204 S2000
G1 X99.208 Y123.786 F18000
M204 S1500
;TYPE:Inner wall
;WIDTH:0.45
G1 F4800
G1 X99.259 Y123.807 E.00183
G1 X99.694 Y123.807 E.01442
G1 X100.095 Y123.641 E.01442
G1 X100.402 Y123.334 E.01442
G1 X100.569 Y122.932 E.01442
G1 X100.569 Y122.498 E.01442
G1 X100.402 Y122.096 E.01442
G1 X100.095 Y121.789 E.01442
G1 X99.696 Y121.623 E.01435
G1 X99.279 Y121.62 E.01381
G1 X98.861 Y121.785 E.01489
G1 X98.55 Y122.096 E.0146
G1 X98.384 Y122.498 E.01442
G1 X98.384 Y122.932 E.01442
G1 X98.55 Y123.334 E.01442
G1 X98.857 Y123.641 E.01442
G1 X99.19 Y123.779 E.01192
M204 S2000
G1 E-.8 F3600
G1 X142.612 Y123.415 F18000
G1 E.8 F3600
M204 S1000
;TYPE:Outer wall
;WIDTH:0.42
G1 F3000
G1 X142.616 Y123.415 E.00012
G1 X142.873 Y123.309 E.00856
G1 X143.07 Y123.112 E.00856
G1 X143.177 Y122.854 E.00856
G1 X143.177 Y122.576 E.00856
G1 X143.07 Y122.318 E.00856
G1 X142.873 Y122.121 E.00856
G1 X142.616 Y122.015 E.00854
G1 X142.352 Y122.013 E.00811
G1 X142.081 Y122.12 E.00896
G1 X141.882 Y122.318 E.00862
G1 X141.776 Y122.576 E.00856
G1 X141.776 Y122.854 E.00856
G1 X141.882 Y123.112 E.00856
G1 X142.08 Y123.309 E.00856
G1 X142.337 Y123.415 E.00856
G1 X142.592 Y123.415 E.00783
M204 S2000
G1 X142.744 Y123.786 F18000
M204 S1500
;TYPE:Inner wall
;WIDTH:0.45
G1 F4800
G1 X143.095 Y123.641 E.0126
G1 X143.402 Y123.334 E.01442
G1 X143.569 Y122.932 E.01442
G1 X143.569 Y122.498 E.01442
G1 X143.402 Y122.096 E.01442
G1 X143.095 Y121.789 E.01442
G1 X142.696 Y121.623 E.01435
G1 X142.279 Y121.62 E.01381
G1 X141.861 Y121.785 E.01489
G1 X141.55 Y122.096 E.0146
G1 X141.384 Y122.498 E.01442
G1 X141.384 Y122.932 E.01442
G1 X141.55 Y123.334 E.01442
G1 X141.857 Y123.641 E.01442
G1 X142.259 Y123.807 E.01442
G1 X142.694 Y123.807 E.01442
G1 X142.726 Y123.794 E.00116
M204 S2000
G1 X142.706 Y124.385 F18000
;TYPE:Gap infill
;WIDTH:0.274068
G1 F6000
G1 X141.87 Y123.942 E.01782
G1 X142.134 Y124.205 F18000
;WIDTH:0.424269
G1 F6000
G1 X142.624 Y124.205 E.01523
G1 X142.803 Y124.178 E.00564
G1 X142.982 Y124.12 E.00586
G1 X143.25 Y124.002 E.00908
G1 X143.34 Y123.943 E.00334
G1 X143.647 Y123.649 E.01323
G1 X143.795 Y123.424 E.00834
G1 X143.941 Y123.043 E.0127
G1 X143.963 Y122.916 E.00399
G1 X143.969 Y122.648 E.00834
G1 X143.942 Y122.38 E.00836
G1 X143.849 Y122.128 E.00835
G1 X143.733 Y121.885 E.00836
G1 X143.556 Y121.683 E.00836
G1 X143.359 Y121.499 E.00835
G1 X143.128 Y121.37 E.00824
G1 X142.759 Y121.236 E.0122
G1 X142.146 Y121.213 E.01907
G1 X141.873 Y121.485 F18000
;WIDTH:0.291762
G1 F6000
G1 X142.711 Y121.047 E.01918
G1 X102.457 Y122.715 F18000
;TYPE:Internal solid infill
;WIDTH:0.395574
G1 F6000
G1 X139.472 Y122.711 E1.06369
G1 X139.86 Y122.457 F18000
;WIDTH:0.419999
G1 F6000
G1 X139.883 Y122.342 E.0036
G1 X102.071 Y122.35 E1.16188
G1 X102.092 Y122.973 E.01915
G1 X102.071 Y123.08 E.00334
G1 X139.882 Y123.08 E1.16182
G1 X139.861 Y122.477 E.01852
G1 X140.238 Y122.457 F18000
G1 F6000
G1 X140.364 Y121.965 E.01561
G1 X101.592 Y121.973 E1.19134
G1 X101.715 Y122.457 E.01535
G1 X101.715 Y122.973 E.01584
G1 X101.592 Y123.457 E.01534
G1 X140.36 Y123.457 E1.19123
G1 X140.238 Y122.973 E.01534
G1 X140.238 Y122.477 E.01523
G1 X140.615 Y122.711 F18000
G1 F6000
G1 X140.658 Y122.241 E.01451
G1 X140.855 Y121.764 E.01584
G1 X140.973 Y121.588 E.00653
G1 X100.986 Y121.596 E1.22868
G1 X101.098 Y121.764 E.0062
G1 X101.295 Y122.241 E.01584
G1 X101.338 Y122.715 E.01462
G1 X101.295 Y123.189 E.01464
G1 X101.098 Y123.666 E.01584
G1 X100.985 Y123.834 E.00621
G1 X140.967 Y123.834 E1.22854
G1 X140.855 Y123.666 E.00621
G1 X140.658 Y123.189 E.01584
G1 X140.616 Y122.731 E.01414
G1 X140.992 Y122.457 F18000
G1 F6000
G1 X141.203 Y121.909 E.01806
G1 X141.491 Y121.601 E.01295
G1 X141.364 Y121.357 E.00844
G1 X141.41 Y121.211 E.00472
G1 X100.464 Y121.219 E1.25814
G1 X100.562 Y121.309 E.00408
G1 X100.616 Y121.498 E.00603
G1 X100.52 Y121.659 E.00577
G1 X100.749 Y121.909 E.01043
G1 X100.946 Y122.385 E.01584
G1 X100.961 Y122.973 E.01806
G1 X100.749 Y123.521 E.01806
G1 X100.52 Y123.771 E.01043
G1 X100.606 Y123.924 E.00541
G1 X100.547 Y124.107 E.00591
G1 X100.428 Y124.211 E.00484
G1 X141.411 Y124.211 E1.25928
G1 X141.375 Y124.038 E.00542
G1 X141.488 Y123.826 E.00738
G1 X141.203 Y123.521 E.01281
G1 X141.006 Y123.045 E.01584
G1 X140.992 Y122.477 E.01745
G1 X100.118 Y121.554 F18000
;TYPE:Gap infill
;WIDTH:0.121913
G1 F6000
G1 X100.004 Y121.478 E.00088
;WIDTH:0.171899
G1 X99.89 Y121.402 E.00144
;WIDTH:0.221884
G1 X99.776 Y121.326 E.002
;WIDTH:0.24688
G1 X99.248 Y121.045 E.00994
G1 X99.82 Y121.226 F18000
;WIDTH:0.424959
G1 F6000
G1 X99.342 Y121.224 E.01487
G1 X99.174 Y121.245 E.00528
G1 X98.828 Y121.369 E.01143
G1 X98.593 Y121.499 E.00837
G1 X98.397 Y121.683 E.00836
G1 X98.207 Y121.91 E.00922
G1 X98.098 Y122.14 E.00791
G1 X98.014 Y122.388 E.00817
G1 X97.99 Y122.517 E.00408
G1 X97.984 Y122.782 E.00825
G1 X98.01 Y123.05 E.00837
G1 X98.103 Y123.302 E.00837
G1 X98.22 Y123.545 E.00838
G1 X98.397 Y123.747 E.00838
G1 X98.611 Y123.945 E.00908
G1 X98.828 Y124.061 E.00766
G1 X99.148 Y124.181 E.01064
G1 X99.342 Y124.205 E.00609
G1 X99.819 Y124.205 E.01484
G1 X99.773 Y124.106 F18000
;WIDTH:0.248017
G1 F6000
G1 X99.247 Y124.385 E.00996
G1 X99.773 Y124.106 F18000
;WIDTH:0.229132
G1 F6000
G1 X99.859 Y124.048 E.00157
;WIDTH:0.191357
G1 X99.946 Y123.991 E.00125
;WIDTH:0.153582
G1 X100.032 Y123.933 E.00093
;WIDTH:0.115807
G1 X100.118 Y123.876 E.00062
; stop printing object links_Servo.stl id:1 copy 0
; end of layer_num: 9, T: 0, print_z: 1.840000
M106 S245
;LAYER_CHANGE
;Z:2.04
;HEIGHT:0.2
; BEFORE_LAYER_CHANGE 9 @ 2.04mm
G92 E0
; AFTER_LAYER_CHANGE 9 @ 2.04mm
; start of layer_num: 10, T: 0, print_z: 2.040000
; printing object "links_Servo.stl" id:0 copy 0
G1 E-.8 F3600
G1 X141.81 Y145.249 Z2.04 F18000
G1 E.8 F3600
M204 S1000
;TYPE:Outer wall
;WIDTH:0.42
G1 F3000
G1 X141.729 Y145.279 E.00269
G1 X141.325 Y145.353 E.01261
G1 X97.914 Y145.353 E1.33388
G1 X97.511 Y145.279 E.01261
G1 X97.126 Y145.135 E.01261
G1 X96.774 Y144.925 E.01261
G1 X96.465 Y144.655 E.01261
G1 X96.209 Y144.334 E.01261
G1 X96.015 Y143.972 E.01261
G1 X95.888 Y143.582 E.01261
G1 X95.833 Y143.175 E.01261
G1 X95.851 Y142.765 E.01261
G1 X95.943 Y142.361 E.01276
G1 X96.012 Y142.177 E.00602
G1 X96.209 Y141.812 E.01276
G1 X96.465 Y141.491 E.01261
G1 X96.774 Y141.221 E.01261
G1 X97.126 Y141.01 E.01261
G1 X97.511 Y140.866 E.01261
G1 X97.914 Y140.793 E.01261
G1 X141.117 Y140.783 E1.32749
G1 X141.533 Y140.821 E.01284
G1 X141.724 Y140.864 E.00602
G1 X142.113 Y141.01 E.01276
G1 X142.465 Y141.221 E.01261
G1 X142.774 Y141.491 E.01261
G1 X143.03 Y141.812 E.01261
G1 X143.224 Y142.173 E.01261
G1 X143.351 Y142.563 E.01261
G1 X143.406 Y142.97 E.01261
G1 X143.388 Y143.38 E.01261
G1 X143.297 Y143.78 E.01261
G1 X143.135 Y144.157 E.01261
G1 X142.907 Y144.504 E.01276
G1 X142.778 Y144.651 E.00602
G1 X142.465 Y144.925 E.01276
G1 X142.113 Y145.135 E.01261
G1 X141.829 Y145.241 E.00931
M204 S2000
G1 E-.8 F3600
G1 X98.001 Y143.773 F18000
G1 E.8 F3600
M204 S1000
G1 F3000
G1 X98.259 Y143.773 E.00791
G1 X98.516 Y143.666 E.00856
G1 X98.713 Y143.469 E.00856
G1 X98.82 Y143.212 E.00856
G1 X98.82 Y142.933 E.00856
G1 X98.713 Y142.676 E.00856
G1 X98.516 Y142.479 E.00856
G1 X98.259 Y142.372 E.00856
G1 X97.98 Y142.372 E.00856
G1 X97.723 Y142.479 E.00856
G1 X97.526 Y142.676 E.00856
G1 X97.419 Y142.933 E.00856
G1 X97.419 Y143.212 E.00856
G1 X97.526 Y143.469 E.00856
G1 X97.723 Y143.666 E.00856
G1 X97.98 Y143.773 E.00856
G1 X97.981 Y143.773 E.00003
M204 S2000
G1 E-.8 F3600
G1 X141.262 Y143.772 F18000
G1 E.8 F3600
M204 S1000
G1 F3000
G1 X141.516 Y143.666 E.00846
G1 X141.713 Y143.469 E.00856
G1 X141.82 Y143.212 E.00856
G1 X141.82 Y142.933 E.00856
G1 X141.713 Y142.676 E.00856
G1 X141.516 Y142.479 E.00856
G1 X141.259 Y142.372 E.00856
G1 X140.98 Y142.372 E.00856
G1 X140.723 Y142.479 E.00856
G1 X140.526 Y142.676 E.00856
G1 X140.419 Y142.933 E.00856
G1 X140.419 Y143.212 E.00856
G1 X140.526 Y143.469 E.00856
G1 X140.723 Y143.666 E.00856
G1 X140.98 Y143.773 E.00856
G1 X141.242 Y143.773 E.00805
G1 E-.8 F3600
M204 S2000
G1 X141.954 Y145.074 F18000
G1 E.8 F3600
M204 S1000
;TYPE:Top surface
;WIDTH:0.421115
G1 X143.118 Y143.91 E.05072
M204 S2000
G1 X143.282 Y143.211 F18000
M204 S1000
G1 F3600
G1 X141.254 Y145.239 E.08841
M204 S2000
G1 X140.719 Y145.239 F18000
M204 S1000
G1 F3600
G1 X143.256 Y142.702 E.11057
M204 S2000
G1 X143.141 Y142.282 F18000
M204 S1000
G1 F3600
G1 X140.184 Y145.239 E.12888
M204 S2000
G1 E-.8
G1 X141.002 Y143.886 F18000
G1 E.8 F3600
M204 S1000
G1 X139.649 Y145.239 E.05898
M204 S2000
G1 X139.114 Y145.239 F18000
M204 S1000
G1 F3600
G1 X140.625 Y143.729 E.06584
M204 S2000
G1 X140.388 Y143.431 F18000
M204 S1000
G1 F3600
G1 X138.579 Y145.239 E.0788
M204 S2000
G1 X138.045 Y145.239 F18000
M204 S1000
G1 F3600
G1 X140.306 Y142.978 E.09856
M204 S2000
G1 E-.8
G1 X141.933 Y142.956 F18000
G1 E.8 F3600
M204 S1000
G1 X142.963 Y141.926 E.04489
M204 S2000
G1 X142.733 Y141.621 F18000
M204 S1000
G1 F3600
G1 X141.776 Y142.578 E.04173
M204 S2000
G1 X141.478 Y142.341 F18000
M204 S1000
G1 F3600
G1 X142.456 Y141.363 E.04261
M204 S2000
G1 X142.131 Y141.153 F18000
M204 S1000
G1 F3600
G1 X141.025 Y142.259 E.04821
M204 S2000
G1 E-.8
G1 X141.753 Y140.996 F18000
G1 E.8 F3600
M204 S1000
G1 X137.51 Y145.239 E.18494
M204 S2000
G1 X136.975 Y145.239 F18000
M204 S1000
G1 F3600
G1 X141.301 Y140.913 E.18855
M204 S2000
G1 X140.783 Y140.896 F18000
M204 S1000
G1 F3600
G1 X136.44 Y145.239 E.1893
M204 S2000
G1 X135.905 Y145.239 F18000
M204 S1000
G1 F3600
G1 X140.248 Y140.896 E.18929
M204 S2000
G1 X139.713 Y140.896 F18000
M204 S1000
G1 F3600
G1 X135.37 Y145.239 E.18929
M204 S2000
G1 X134.836 Y145.239 F18000
M204 S1000
G1 F3600
G1 X139.178 Y140.896 E.18928
M204 S2000
G1 X138.644 Y140.897 F18000
M204 S1000
G1 F3600
G1 X134.301 Y145.239 E.18928
M204 S2000
G1 X133.766 Y145.239 F18000
M204 S1000
G1 F3600
G1 X138.109 Y140.897 E.18927
M204 S2000
G1 X137.574 Y140.897 F18000
M204 S1000
G1 F3600
G1 X133.231 Y145.239 E.18926
M204 S2000
G1 X132.696 Y145.239 F18000
M204 S1000
G1 F3600
G1 X137.039 Y140.897 E.18926
M204 S2000
G1 X136.504 Y140.897 F18000
M204 S1000
G1 F3600
G1 X132.161 Y145.239 E.18925
M204 S2000
G1 X131.626 Y145.239 F18000
M204 S1000
G1 F3600
G1 X135.969 Y140.897 E.18925
M204 S2000
G1 X135.434 Y140.897 F18000
M204 S1000
G1 F3600
G1 X131.092 Y145.239 E.18924
M204 S2000
G1 X130.557 Y145.239 F18000
M204 S1000
G1 F3600
G1 X134.899 Y140.897 E.18924
M204 S2000
G1 X134.364 Y140.898 F18000
M204 S1000
G1 F3600
G1 X130.022 Y145.239 E.18923
M204 S2000
G1 X129.487 Y145.239 F18000
M204 S1000
G1 F3600
G1 X133.829 Y140.898 E.18923
M204 S2000
G1 X133.294 Y140.898 F18000
M204 S1000
G1 F3600
G1 X128.952 Y145.239 E.18922
M204 S2000
G1 X128.417 Y145.239 F18000
M204 S1000
G1 F3600
G1 X132.759 Y140.898 E.18922
M204 S2000
G1 X132.224 Y140.898 F18000
M204 S1000
G1 F3600
G1 X127.883 Y145.239 E.18921
M204 S2000
G1 X127.348 Y145.239 F18000
M204 S1000
G1 F3600
G1 X131.689 Y140.898 E.18921
M204 S2000
G1 X131.154 Y140.898 F18000
M204 S1000
G1 F3600
G1 X126.813 Y145.239 E.1892
M204 S2000
G1 X126.278 Y145.239 F18000
M204 S1000
G1 F3600
G1 X130.619 Y140.898 E.1892
M204 S2000
G1 X130.084 Y140.899 F18000
M204 S1000
G1 F3600
G1 X125.743 Y145.239 E.18919
M204 S2000
G1 X125.208 Y145.239 F18000
M204 S1000
G1 F3600
G1 X129.549 Y140.899 E.18919
M204 S2000
G1 X129.014 Y140.899 F18000
M204 S1000
G1 F3600
G1 X124.673 Y145.239 E.18918
M204 S2000
G1 X124.139 Y145.239 F18000
M204 S1000
G1 F3600
G1 X128.479 Y140.899 E.18918
M204 S2000
G1 X127.944 Y140.899 F18000
M204 S1000
G1 F3600
G1 X123.604 Y145.239 E.18917
M204 S2000
G1 X123.069 Y145.239 F18000
M204 S1000
G1 F3600
G1 X127.409 Y140.899 E.18916
M204 S2000
G1 X126.874 Y140.899 F18000
M204 S1000
G1 F3600
G1 X122.534 Y145.239 E.18916
M204 S2000
G1 X121.999 Y145.239 F18000
M204 S1000
G1 F3600
G1 X126.339 Y140.899 E.18915
M204 S2000
G1 X125.804 Y140.9 F18000
M204 S1000
G1 F3600
G1 X121.464 Y145.239 E.18915
M204 S2000
G1 X120.929 Y145.239 F18000
M204 S1000
G1 F3600
G1 X125.269 Y140.9 E.18914
M204 S2000
G1 X124.734 Y140.9 F18000
M204 S1000
G1 F3600
G1 X120.395 Y145.239 E.18914
M204 S2000
G1 X119.86 Y145.239 F18000
M204 S1000
G1 F3600
G1 X124.199 Y140.9 E.18913
M204 S2000
G1 X123.664 Y140.9 F18000
M204 S1000
G1 F3600
G1 X119.325 Y145.239 E.18913
M204 S2000
G1 X118.79 Y145.239 F18000
M204 S1000
G1 F3600
G1 X123.129 Y140.9 E.18912
M204 S2000
G1 X122.594 Y140.9 F18000
M204 S1000
G1 F3600
G1 X118.255 Y145.239 E.18912
M204 S2000
G1 X117.72 Y145.239 F18000
M204 S1000
G1 F3600
G1 X122.059 Y140.9 E.18911
M204 S2000
G1 X121.525 Y140.9 F18000
M204 S1000
G1 F3600
G1 X117.186 Y145.239 E.18911
M204 S2000
G1 X116.651 Y145.239 F18000
M204 S1000
G1 F3600
G1 X120.99 Y140.901 E.1891
M204 S2000
G1 X120.455 Y140.901 F18000
M204 S1000
G1 F3600
G1 X116.116 Y145.239 E.1891
M204 S2000
G1 X115.581 Y145.239 F18000
M204 S1000
G1 F3600
G1 X119.92 Y140.901 E.18909
M204 S2000
G1 X119.385 Y140.901 F18000
M204 S1000
G1 F3600
G1 X115.046 Y145.239 E.18909
M204 S2000
G1 X114.511 Y145.239 F18000
M204 S1000
G1 F3600
G1 X118.85 Y140.901 E.18908
M204 S2000
G1 X118.315 Y140.901 F18000
M204 S1000
G1 F3600
G1 X113.976 Y145.239 E.18908
M204 S2000
G1 X113.442 Y145.239 F18000
M204 S1000
G1 F3600
G1 X117.78 Y140.901 E.18907
M204 S2000
G1 X117.245 Y140.901 F18000
M204 S1000
G1 F3600
G1 X112.907 Y145.239 E.18906
M204 S2000
G1 X112.372 Y145.239 F18000
M204 S1000
G1 F3600
G1 X116.71 Y140.902 E.18906
M204 S2000
G1 X116.175 Y140.902 F18000
M204 S1000
G1 F3600
G1 X111.837 Y145.239 E.18905
M204 S2000
G1 X111.302 Y145.239 F18000
M204 S1000
G1 F3600
G1 X115.64 Y140.902 E.18905
M204 S2000
G1 X115.105 Y140.902 F18000
M204 S1000
G1 F3600
G1 X110.767 Y145.239 E.18904
M204 S2000
G1 X110.233 Y145.239 F18000
M204 S1000
G1 F3600
G1 X114.57 Y140.902 E.18904
M204 S2000
G1 X114.035 Y140.902 F18000
M204 S1000
G1 F3600
G1 X109.698 Y145.239 E.18903
M204 S2000
G1 X109.163 Y145.239 F18000
M204 S1000
G1 F3600
G1 X113.5 Y140.902 E.18903
M204 S2000
G1 X112.965 Y140.902 F18000
M204 S1000
G1 F3600
G1 X108.628 Y145.239 E.18902
M204 S2000
G1 X108.093 Y145.239 F18000
M204 S1000
G1 F3600
G1 X112.43 Y140.903 E.18902
M204 S2000
G1 X111.895 Y140.903 F18000
M204 S1000
G1 F3600
G1 X107.558 Y145.239 E.18901
M204 S2000
G1 X107.023 Y145.239 F18000
M204 S1000
G1 F3600
G1 X111.36 Y140.903 E.18901
M204 S2000
G1 X110.825 Y140.903 F18000
M204 S1000
G1 F3600
G1 X106.489 Y145.239 E.189
M204 S2000
G1 X105.954 Y145.239 F18000
M204 S1000
G1 F3600
G1 X110.29 Y140.903 E.189
M204 S2000
G1 X109.755 Y140.903 F18000
M204 S1000
G1 F3600
G1 X105.419 Y145.239 E.18899
M204 S2000
G1 X104.884 Y145.239 F18000
M204 S1000
G1 F3600
G1 X109.22 Y140.903 E.18899
M204 S2000
G1 X108.685 Y140.903 F18000
M204 S1000
G1 F3600
G1 X104.349 Y145.239 E.18898
M204 S2000
G1 X103.814 Y145.239 F18000
M204 S1000
G1 F3600
G1 X108.15 Y140.904 E.18898
M204 S2000
G1 X107.615 Y140.904 F18000
M204 S1000
G1 F3600
G1 X103.279 Y145.239 E.18897
M204 S2000
G1 X102.745 Y145.239 F18000
M204 S1000
G1 F3600
G1 X107.08 Y140.904 E.18896
M204 S2000
G1 X106.545 Y140.904 F18000
M204 S1000
G1 F3600
G1 X102.21 Y145.239 E.18896
M204 S2000
G1 X101.675 Y145.239 F18000
M204 S1000
G1 F3600
G1 X106.01 Y140.904 E.18895
M204 S2000
G1 X105.475 Y140.904 F18000
M204 S1000
G1 F3600
G1 X101.14 Y145.239 E.18895
M204 S2000
G1 X100.605 Y145.239 F18000
M204 S1000
G1 F3600
G1 X104.94 Y140.904 E.18894
M204 S2000
G1 X104.405 Y140.904 F18000
M204 S1000
G1 F3600
G1 X100.07 Y145.239 E.18894
M204 S2000
G1 X99.536 Y145.239 F18000
M204 S1000
G1 F3600
G1 X103.871 Y140.904 E.18893
M204 S2000
G1 X103.336 Y140.905 F18000
M204 S1000
G1 F3600
G1 X99.001 Y145.239 E.18893
M204 S2000
G1 X98.466 Y145.239 F18000
M204 S1000
G1 F3600
G1 X102.801 Y140.905 E.18892
M204 S2000
G1 X102.266 Y140.905 F18000
M204 S1000
G1 F3600
G1 X97.931 Y145.239 E.18892
M204 S2000
G1 X97.486 Y145.149 F18000
M204 S1000
G1 F3600
G1 X101.731 Y140.905 E.18499
M204 S2000
G1 X101.196 Y140.905 F18000
M204 S1000
G1 F3600
G1 X98.933 Y143.168 E.09861
M204 S2000
G1 X98.852 Y142.714 F18000
M204 S1000
G1 F3600
G1 X100.661 Y140.905 E.07885
M204 S2000
G1 X100.126 Y140.905 F18000
M204 S1000
G1 F3600
G1 X98.614 Y142.417 E.06588
M204 S2000
G1 X98.237 Y142.259 F18000
M204 S1000
G1 F3600
G1 X99.591 Y140.905 E.059
M204 S2000
G1 E-.8
G1 X98.215 Y143.886 F18000
G1 E.8 F3600
M204 S1000
G1 X97.108 Y144.993 E.04822
M204 S2000
G1 X96.783 Y144.783 F18000
M204 S1000
G1 F3600
G1 X97.761 Y143.805 E.04262
M204 S2000
G1 X97.464 Y143.567 F18000
M204 S1000
G1 F3600
G1 X96.506 Y144.525 E.04173
M204 S2000
G1 X96.276 Y144.22 F18000
M204 S1000
G1 F3600
G1 X97.306 Y143.19 E.04488
M204 S2000
G1 E-.8
G1 X96.098 Y143.863 F18000
G1 E.8 F3600
M204 S1000
G1 X99.056 Y140.906 E.12891
M204 S2000
G1 X98.521 Y140.906 F18000
M204 S1000
G1 F3600
G1 X95.983 Y143.443 E.1106
M204 S2000
G1 X95.957 Y142.935 F18000
M204 S1000
G1 F3600
G1 X97.986 Y140.906 E.08844
M204 S2000
G1 X97.471 Y141.082 F18000
;TYPE:Gap infill
;WIDTH:0.23574
G1 F6000
G1 X97.216 Y141.281 E.00507
;WIDTH:0.280041
G1 X96.962 Y141.479 E.00624
;WIDTH:0.310059
G1 X96.704 Y141.72 E.00767
G1 X96.469 Y141.983 E.00769
;WIDTH:0.26816
G1 X96.351 Y142.142 E.00364
;WIDTH:0.231927
G1 X96.232 Y142.301 E.00305
;WIDTH:0.213811
G1 X96.114 Y142.46 E.00276
; stop printing object links_Servo.stl id:0 copy 0
; printing object "links_Servo.stl" id:1 copy 0
G1 E-.8 F3600
G1 X143.167 Y124.891 F18000
G1 E.8 F3600
M204 S1000
;TYPE:Outer wall
;WIDTH:0.42
G1 F3000
G1 X143.085 Y124.922 E.00269
G1 X142.681 Y124.995 E.01261
G1 X99.271 Y124.995 E1.33388
G1 X98.867 Y124.922 E.01261
G1 X98.483 Y124.777 E.01261
G1 X98.131 Y124.567 E.01261
G1 X97.822 Y124.297 E.01261
G1 X97.566 Y123.976 E.01261
G1 X97.371 Y123.615 E.01261
G1 X97.245 Y123.224 E.01261
G1 X97.189 Y122.818 E.01261
G1 X97.208 Y122.408 E.01261
G1 X97.3 Y122.003 E.01276
G1 X97.369 Y121.819 E.00602
G1 X97.566 Y121.454 E.01276
G1 X97.822 Y121.133 E.01261
G1 X98.131 Y120.863 E.01261
G1 X98.483 Y120.653 E.01261
G1 X98.867 Y120.508 E.01261
G1 X99.271 Y120.435 E.01261
G1 X142.474 Y120.425 E1.32749
G1 X142.89 Y120.463 E.01284
G1 X143.081 Y120.507 E.00602
G1 X143.469 Y120.653 E.01276
G1 X143.822 Y120.863 E.01261
G1 X144.131 Y121.133 E.01261
G1 X144.387 Y121.454 E.01261
G1 X144.581 Y121.815 E.01261
G1 X144.708 Y122.206 E.01261
G1 X144.763 Y122.612 E.01261
G1 X144.745 Y123.022 E.01261
G1 X144.653 Y123.422 E.01261
G1 X144.492 Y123.8 E.01261
G1 X144.263 Y124.146 E.01276
G1 X144.134 Y124.294 E.00602
G1 X143.822 Y124.567 E.01276
G1 X143.469 Y124.777 E.01261
G1 X143.186 Y124.884 E.00931
M204 S2000
G1 E-.8 F3600
G1 X99.358 Y123.415 F18000
G1 E.8 F3600
M204 S1000
G1 F3000
G1 X99.616 Y123.415 E.00791
G1 X99.873 Y123.309 E.00856
G1 X100.07 Y123.112 E.00856
G1 X100.177 Y122.854 E.00856
G1 X100.177 Y122.576 E.00856
G1 X100.07 Y122.318 E.00856
G1 X99.873 Y122.121 E.00856
G1 X99.616 Y122.015 E.00856
G1 X99.337 Y122.015 E.00856
G1 X99.08 Y122.121 E.00856
G1 X98.882 Y122.318 E.00856
G1 X98.776 Y122.576 E.00856
G1 X98.776 Y122.854 E.00856
G1 X98.882 Y123.112 E.00856
G1 X99.08 Y123.309 E.00856
G1 X99.337 Y123.415 E.00856
G1 X99.338 Y123.415 E.00003
M204 S2000
G1 E-.8 F3600
G1 X142.619 Y123.414 F18000
G1 E.8 F3600
M204 S1000
G1 F3000
G1 X142.873 Y123.309 E.00846
G1 X143.07 Y123.112 E.00856
G1 X143.177 Y122.854 E.00856
G1 X143.177 Y122.576 E.00856
G1 X143.07 Y122.318 E.00856
G1 X142.873 Y122.121 E.00856
G1 X142.616 Y122.015 E.00856
G1 X142.337 Y122.015 E.00856
G1 X142.08 Y122.121 E.00856
G1 X141.882 Y122.318 E.00856
G1 X141.776 Y122.576 E.00856
G1 X141.776 Y122.854 E.00856
G1 X141.882 Y123.112 E.00856
G1 X142.08 Y123.309 E.00856
G1 X142.337 Y123.415 E.00856
G1 X142.599 Y123.415 E.00805
M204 S2000
G1 E-.8 F3600
G1 X143.311 Y124.716 F18000
G1 E.8 F3600
M204 S1000
;TYPE:Top surface
;WIDTH:0.421115
G1 X144.475 Y123.552 E.05072
M204 S2000
G1 X144.639 Y122.853 F18000
M204 S1000
G1 F3600
G1 X142.61 Y124.882 E.08841
M204 S2000
G1 X142.076 Y124.882 F18000
M204 S1000
G1 F3600
G1 X144.613 Y122.345 E.11057
M204 S2000
G1 X144.498 Y121.925 F18000
M204 S1000
G1 F3600
G1 X141.541 Y124.882 E.12888
M204 S2000
G1 E-.8
G1 X142.359 Y123.528 F18000
G1 E.8 F3600
M204 S1000
G1 X141.006 Y124.882 E.05898
M204 S2000
G1 X140.471 Y124.882 F18000
M204 S1000
G1 F3600
G1 X141.982 Y123.371 E.06584
M204 S2000
G1 X141.744 Y123.074 F18000
M204 S1000
G1 F3600
G1 X139.936 Y124.882 E.0788
M204 S2000
G1 X139.401 Y124.882 F18000
M204 S1000
G1 F3600
G1 X141.663 Y122.62 E.09856
M204 S2000
G1 E-.8
G1 X143.29 Y122.598 F18000
G1 E.8 F3600
M204 S1000
G1 X144.32 Y121.568 E.04489
M204 S2000
G1 X144.09 Y121.263 F18000
M204 S1000
G1 F3600
G1 X143.132 Y122.221 E.04173
M204 S2000
G1 X142.835 Y121.983 F18000
M204 S1000
G1 F3600
G1 X143.813 Y121.005 E.04261
M204 S2000
G1 X143.488 Y120.795 F18000
M204 S1000
G1 F3600
G1 X142.382 Y121.901 E.04821
M204 S2000
G1 E-.8
G1 X143.11 Y120.638 F18000
G1 E.8 F3600
M204 S1000
G1 X138.867 Y124.882 E.18494
M204 S2000
G1 X138.332 Y124.882 F18000
M204 S1000
G1 F3600
G1 X142.658 Y120.556 E.18855
M204 S2000
G1 X142.14 Y120.538 F18000
M204 S1000
G1 F3600
G1 X137.797 Y124.882 E.1893
M204 S2000
G1 X137.262 Y124.882 F18000
M204 S1000
G1 F3600
G1 X141.605 Y120.539 E.18929
M204 S2000
G1 X141.07 Y120.539 F18000
M204 S1000
G1 F3600
G1 X136.727 Y124.882 E.18929
M204 S2000
G1 X136.192 Y124.882 F18000
M204 S1000
G1 F3600
G1 X140.535 Y120.539 E.18928
M204 S2000
G1 X140 Y120.539 F18000
M204 S1000
G1 F3600
G1 X135.657 Y124.882 E.18928
M204 S2000
G1 X135.123 Y124.882 F18000
M204 S1000
G1 F3600
G1 X139.465 Y120.539 E.18927
M204 S2000
G1 X138.93 Y120.539 F18000
M204 S1000
G1 F3600
G1 X134.588 Y124.882 E.18926
M204 S2000
G1 X134.053 Y124.882 F18000
M204 S1000
G1 F3600
G1 X138.395 Y120.539 E.18926
M204 S2000
G1 X137.86 Y120.539 F18000
M204 S1000
G1 F3600
G1 X133.518 Y124.882 E.18925
M204 S2000
G1 X132.983 Y124.882 F18000
M204 S1000
G1 F3600
G1 X137.325 Y120.54 E.18925
M204 S2000
G1 X136.79 Y120.54 F18000
M204 S1000
G1 F3600
G1 X132.448 Y124.882 E.18924
M204 S2000
G1 X131.913 Y124.882 F18000
M204 S1000
G1 F3600
G1 X136.255 Y120.54 E.18924
M204 S2000
G1 X135.721 Y120.54 F18000
M204 S1000
G1 F3600
G1 X131.379 Y124.882 E.18923
M204 S2000
G1 X130.844 Y124.882 F18000
M204 S1000
G1 F3600
G1 X135.186 Y120.54 E.18923
M204 S2000
G1 X134.651 Y120.54 F18000
M204 S1000
G1 F3600
G1 X130.309 Y124.882 E.18922
M204 S2000
G1 X129.774 Y124.882 F18000
M204 S1000
G1 F3600
G1 X134.116 Y120.54 E.18922
M204 S2000
G1 X133.581 Y120.54 F18000
M204 S1000
G1 F3600
G1 X129.239 Y124.882 E.18921
M204 S2000
G1 X128.704 Y124.882 F18000
M204 S1000
G1 F3600
G1 X133.046 Y120.541 E.18921
M204 S2000
G1 X132.511 Y120.541 F18000
M204 S1000
G1 F3600
G1 X128.17 Y124.882 E.1892
M204 S2000
G1 X127.635 Y124.882 F18000
M204 S1000
G1 F3600
G1 X131.976 Y120.541 E.1892
M204 S2000
G1 X131.441 Y120.541 F18000
M204 S1000
G1 F3600
G1 X127.1 Y124.882 E.18919
M204 S2000
G1 X126.565 Y124.882 F18000
M204 S1000
G1 F3600
G1 X130.906 Y120.541 E.18919
M204 S2000
G1 X130.371 Y120.541 F18000
M204 S1000
G1 F3600
G1 X126.03 Y124.882 E.18918
M204 S2000
G1 X125.495 Y124.882 F18000
M204 S1000
G1 F3600
G1 X129.836 Y120.541 E.18918
M204 S2000
G1 X129.301 Y120.541 F18000
M204 S1000
G1 F3600
G1 X124.96 Y124.882 E.18917
M204 S2000
G1 X124.426 Y124.882 F18000
M204 S1000
G1 F3600
G1 X128.766 Y120.541 E.18916
M204 S2000
G1 X128.231 Y120.542 F18000
M204 S1000
G1 F3600
G1 X123.891 Y124.882 E.18916
M204 S2000
G1 X123.356 Y124.882 F18000
M204 S1000
G1 F3600
G1 X127.696 Y120.542 E.18915
M204 S2000
G1 X127.161 Y120.542 F18000
M204 S1000
G1 F3600
G1 X122.821 Y124.882 E.18915
M204 S2000
G1 X122.286 Y124.882 F18000
M204 S1000
G1 F3600
G1 X126.626 Y120.542 E.18914
M204 S2000
G1 X126.091 Y120.542 F18000
M204 S1000
G1 F3600
G1 X121.751 Y124.882 E.18914
M204 S2000
G1 X121.217 Y124.882 F18000
M204 S1000
G1 F3600
G1 X125.556 Y120.542 E.18913
M204 S2000
G1 X125.021 Y120.542 F18000
M204 S1000
G1 F3600
G1 X120.682 Y124.882 E.18913
M204 S2000
G1 X120.147 Y124.882 F18000
M204 S1000
G1 F3600
G1 X124.486 Y120.542 E.18912
M204 S2000
G1 X123.951 Y120.543 F18000
M204 S1000
G1 F3600
G1 X119.612 Y124.882 E.18912
M204 S2000
G1 X119.077 Y124.882 F18000
M204 S1000
G1 F3600
G1 X123.416 Y120.543 E.18911
M204 S2000
G1 X122.881 Y120.543 F18000
M204 S1000
G1 F3600
G1 X118.542 Y124.882 E.18911
M204 S2000
G1 X118.007 Y124.882 F18000
M204 S1000
G1 F3600
G1 X122.346 Y120.543 E.1891
M204 S2000
G1 X121.811 Y120.543 F18000
M204 S1000
G1 F3600
G1 X117.473 Y124.882 E.1891
M204 S2000
G1 X116.938 Y124.882 F18000
M204 S1000
G1 F3600
G1 X121.276 Y120.543 E.18909
M204 S2000
G1 X120.741 Y120.543 F18000
M204 S1000
G1 F3600
G1 X116.403 Y124.882 E.18909
M204 S2000
G1 X115.868 Y124.882 F18000
M204 S1000
G1 F3600
G1 X120.206 Y120.543 E.18908
M204 S2000
G1 X119.671 Y120.544 F18000
M204 S1000
G1 F3600
G1 X115.333 Y124.882 E.18908
M204 S2000
G1 X114.798 Y124.882 F18000
M204 S1000
G1 F3600
G1 X119.136 Y120.544 E.18907
M204 S2000
G1 X118.601 Y120.544 F18000
M204 S1000
G1 F3600
G1 X114.263 Y124.882 E.18906
M204 S2000
G1 X113.729 Y124.882 F18000
M204 S1000
G1 F3600
G1 X118.067 Y120.544 E.18906
M204 S2000
G1 X117.532 Y120.544 F18000
M204 S1000
G1 F3600
G1 X113.194 Y124.882 E.18905
M204 S2000
G1 X112.659 Y124.882 F18000
M204 S1000
G1 F3600
G1 X116.997 Y120.544 E.18905
M204 S2000
G1 X116.462 Y120.544 F18000
M204 S1000
G1 F3600
G1 X112.124 Y124.882 E.18904
M204 S2000
G1 X111.589 Y124.882 F18000
M204 S1000
G1 F3600
G1 X115.927 Y120.544 E.18904
M204 S2000
G1 X115.392 Y120.545 F18000
M204 S1000
G1 F3600
G1 X111.054 Y124.882 E.18903
M204 S2000
G1 X110.52 Y124.882 F18000
M204 S1000
G1 F3600
G1 X114.857 Y120.545 E.18903
M204 S2000
G1 X114.322 Y120.545 F18000
M204 S1000
G1 F3600
G1 X109.985 Y124.882 E.18902
M204 S2000
G1 X109.45 Y124.882 F18000
M204 S1000
G1 F3600
G1 X113.787 Y120.545 E.18902
M204 S2000
G1 X113.252 Y120.545 F18000
M204 S1000
G1 F3600
G1 X108.915 Y124.882 E.18901
M204 S2000
G1 X108.38 Y124.882 F18000
M204 S1000
G1 F3600
G1 X112.717 Y120.545 E.18901
M204 S2000
G1 X112.182 Y120.545 F18000
M204 S1000
G1 F3600
G1 X107.845 Y124.882 E.189
M204 S2000
G1 X107.31 Y124.882 F18000
M204 S1000
G1 F3600
G1 X111.647 Y120.545 E.189
M204 S2000
G1 X111.112 Y120.545 F18000
M204 S1000
G1 F3600
G1 X106.776 Y124.882 E.18899
M204 S2000
G1 X106.241 Y124.882 F18000
M204 S1000
G1 F3600
G1 X110.577 Y120.546 E.18899
M204 S2000
G1 X110.042 Y120.546 F18000
M204 S1000
G1 F3600
G1 X105.706 Y124.882 E.18898
M204 S2000
G1 X105.171 Y124.882 F18000
M204 S1000
G1 F3600
G1 X109.507 Y120.546 E.18898
M204 S2000
G1 X108.972 Y120.546 F18000
M204 S1000
G1 F3600
G1 X104.636 Y124.882 E.18897
M204 S2000
G1 X104.101 Y124.882 F18000
M204 S1000
G1 F3600
G1 X108.437 Y120.546 E.18896
M204 S2000
G1 X107.902 Y120.546 F18000
M204 S1000
G1 F3600
G1 X103.567 Y124.882 E.18896
M204 S2000
G1 X103.032 Y124.882 F18000
M204 S1000
G1 F3600
G1 X107.367 Y120.546 E.18895
M204 S2000
G1 X106.832 Y120.546 F18000
M204 S1000
G1 F3600
G1 X102.497 Y124.882 E.18895
M204 S2000
G1 X101.962 Y124.882 F18000
M204 S1000
G1 F3600
G1 X106.297 Y120.547 E.18894
M204 S2000
G1 X105.762 Y120.547 F18000
M204 S1000
G1 F3600
G1 X101.427 Y124.882 E.18894
M204 S2000
G1 X100.892 Y124.882 F18000
M204 S1000
G1 F3600
G1 X105.227 Y120.547 E.18893
M204 S2000
G1 X104.692 Y120.547 F18000
M204 S1000
G1 F3600
G1 X100.357 Y124.882 E.18893
M204 S2000
G1 X99.823 Y124.882 F18000
M204 S1000
G1 F3600
G1 X104.157 Y120.547 E.18892
M204 S2000
G1 X103.622 Y120.547 F18000
M204 S1000
G1 F3600
G1 X99.288 Y124.882 E.18892
M204 S2000
G1 X98.843 Y124.792 F18000
M204 S1000
G1 F3600
G1 X103.087 Y120.547 E.18499
M204 S2000
G1 X102.552 Y120.547 F18000
M204 S1000
G1 F3600
G1 X100.29 Y122.81 E.09861
M204 S2000
G1 X100.208 Y122.357 F18000
M204 S1000
G1 F3600
G1 X102.017 Y120.548 E.07885
M204 S2000
G1 X101.482 Y120.548 F18000
M204 S1000
G1 F3600
G1 X99.971 Y122.059 E.06588
M204 S2000
G1 X99.594 Y121.901 F18000
M204 S1000
G1 F3600
G1 X100.948 Y120.548 E.059
M204 S2000
G1 E-.8
G1 X99.571 Y123.528 F18000
G1 E.8 F3600
M204 S1000
G1 X98.465 Y124.635 E.04822
M204 S2000
G1 X98.14 Y124.425 F18000
M204 S1000
G1 F3600
G1 X99.118 Y123.447 E.04262
M204 S2000
G1 X98.82 Y123.21 F18000
M204 S1000
G1 F3600
G1 X97.863 Y124.167 E.04173
M204 S2000
G1 X97.633 Y123.862 F18000
M204 S1000
G1 F3600
G1 X98.663 Y122.833 E.04488
M204 S2000
G1 E-.8
G1 X97.455 Y123.506 F18000
G1 E.8 F3600
M204 S1000
G1 X100.413 Y120.548 E.12891
M204 S2000
G1 X99.878 Y120.548 F18000
M204 S1000
G1 F3600
G1 X97.34 Y123.086 E.1106
M204 S2000
G1 X97.313 Y122.577 F18000
M204 S1000
G1 F3600
G1 X99.343 Y120.548 E.08844
M204 S2000
G1 X98.828 Y120.724 F18000
;TYPE:Gap infill
;WIDTH:0.23574
G1 F6000
G1 X98.573 Y120.923 E.00507
;WIDTH:0.280041
G1 X98.319 Y121.121 E.00624
;WIDTH:0.310059
G1 X98.061 Y121.362 E.00767
G1 X97.826 Y121.625 E.00769
;WIDTH:0.26816
G1 X97.707 Y121.785 E.00364
;WIDTH:0.231927
G1 X97.589 Y121.944 E.00305
;WIDTH:0.213811
G1 X97.471 Y122.103 E.00276
; stop printing object links_Servo.stl id:1 copy 0
; end of layer_num: 10, T: 0, print_z: 2.040000
G1 E-.8 F3600
M106 S0
;TYPE:Custom
; filament end gcode
M104 S0                                    ; Extruder off 
M140 S0                                    ; Heatbed off 
M107                                       ; Fan off 
G91                                        ; relative positioning 
G1 E-5 F3000  
G1 Z+0.3 F3000                             ; lift print head 
G28 X0  F3000
M84                    
; EXECUTABLE_BLOCK_END

; filament used [mm] = 498.69
; filament used [cm3] = 1.20
; filament used [g] = 1.49
; filament cost = 118.99
; total filament used [g] = 1.49
; total filament cost = 118.99
; total layers count = 10
; estimated printing time (normal mode) = 5m 8s
; estimated first layer printing time (normal mode) = 8s

; CONFIG_BLOCK_START = begin
; AnycubicSlicer_config = begin
; accel_to_decel_enable = 1
; accel_to_decel_factor = 50%
; activate_air_filtration = 0
; activate_chamber_temp_control = 0
; adaptive_bed_mesh_margin = 0
; adaptive_pressure_advance = 0
; adaptive_pressure_advance_bridges = 0
; adaptive_pressure_advance_model = "0,0,0\n0,0,0"
; adaptive_pressure_advance_overhangs = 0
; additional_cooling_fan_speed = 0
; alternate_extra_wall = 0
; app_full_name = AnycubicSlicerNext
; app_version = 1.4.1.0
; auxiliary_fan = 0
; bbl_calib_mark_logo = 1
; bbl_use_printhost = 0
; bed_custom_model = 
; bed_custom_texture = 
; bed_exclude_area = 0x0
; bed_mesh_max = 0,0
; bed_mesh_min = 0,0
; bed_mesh_probe_distance = 0,0
; before_layer_change_gcode = ; BEFORE_LAYER_CHANGE [layer_num] @ [layer_z]mm\nG92 E0
; best_object_pos = 0.5,0.5
; bottom_shell_layers = 3
; bottom_shell_thickness = 0.6
; bottom_solid_infill_flow_ratio = 1
; bottom_surface_pattern = monotonic
; bridge_acceleration = 50%
; bridge_angle = 0
; bridge_density = 100%
; bridge_flow = 0.9
; bridge_no_support = 0
; bridge_speed = 60
; brim_ears_detection_length = 1
; brim_ears_max_angle = 125
; brim_object_gap = 0
; brim_type = outer_only
; brim_width = 5
; chamber_temperature = 0
; change_extrusion_role_gcode = 
; change_filament_gcode = 
; close_fan_the_first_x_layers = 1
; complete_print_exhaust_fan_speed = 80
; cool_plate_temp = 35
; cool_plate_temp_initial_layer = 35
; cooling_tube_length = 0
; cooling_tube_retraction = 0
; counterbore_hole_bridging = none
; curr_bed_type = High Temp Plate
; default_acceleration = 2000
; default_filament_colour = ""
; default_filament_profile = "Anycubic PLA @Anycubic Kobra 2 Neo 0.4 nozzle";"Anycubic PETG @Anycubic Kobra 2 Neo 0.4 nozzle"
; default_jerk = 0
; default_print_profile = 0.20mm Standard @Anycubic Kobra 2 Neo 0.4 nozzle
; deretraction_speed = 0
; detect_narrow_internal_solid_infill = 1
; detect_overhang_wall = 1
; detect_thin_wall = 0
; different_settings_to_system = sparse_infill_density;sparse_infill_pattern;filament_cost;
; disable_m73 = 1
; dont_filter_internal_bridges = disabled
; dont_slow_down_outer_wall = 0
; draft_shield = disabled
; during_print_exhaust_fan_speed = 60
; elefant_foot_compensation = 0.075
; elefant_foot_compensation_layers = 1
; emit_machine_limits_to_gcode = 1
; enable_arc_fitting = 0
; enable_extra_bridge_layer = disabled
; enable_filament_ramming = 0
; enable_long_retraction_when_cut = 0
; enable_overhang_bridge_fan = 1
; enable_overhang_speed = 1
; enable_pressure_advance = 0
; enable_prime_tower = 0
; enable_support = 0
; enforce_support_layers = 0
; eng_plate_temp = 0
; eng_plate_temp_initial_layer = 0
; ensure_vertical_shell_thickness = ensure_all
; exclude_object = 0
; extra_loading_move = 0
; extra_perimeters_on_overhangs = 1
; extruder_clearance_height_to_lid = 20
; extruder_clearance_height_to_rod = 20
; extruder_clearance_radius = 20
; extruder_colour = #ffffff
; extruder_offset = 0x0
; extrusion_rate_smoothing_external_perimeter_only = 0
; fan_cooling_layer_time = 100
; fan_cooling_layer_time_BRASS = 100
; fan_cooling_layer_time_HS = 100
; fan_kickstart = 0
; fan_max_speed = 100
; fan_max_speed_BRASS = 100
; fan_max_speed_HS = 100
; fan_min_speed = 80
; fan_min_speed_BRASS = 80
; fan_min_speed_HS = 80
; fan_p2_after_x_layers = 0
; fan_p2_before_x_layers = 0
; fan_p2_speed_before_x_layers = 0
; fan_p3_speed = 0
; fan_p4_speed = 0
; fan_speed_after_x_layers = 100
; fan_speed_before_x_layers = 0
; fan_speedup_overhangs = 1
; fan_speedup_time = 0
; filament_adhesiveness_category = 0
; filament_change_length = 10
; filament_colour = #ffffff
; filament_cooling_final_speed = 0
; filament_cooling_initial_speed = 0
; filament_cooling_moves = 0
; filament_cost = 80000
; filament_density = 1.24
; filament_diameter = 1.75
; filament_end_gcode = "; filament end gcode\n"
; filament_flow_ratio = 0.98
; filament_ids = GFPLA
; filament_is_support = 0
; filament_loading_speed = 0
; filament_loading_speed_start = 0
; filament_max_volumetric_speed = 12
; filament_minimal_purge_on_wipe_tower = 15
; filament_multitool_ramming = 0
; filament_multitool_ramming_flow = 0
; filament_multitool_ramming_volume = 0
; filament_notes = ""
; filament_prime_volume = 45
; filament_ramming_parameters = "120 100 6.6 6.8 7.2 7.6 7.9 8.2 8.7 9.4 9.9 10.0| 0.05 6.6 0.45 6.8 0.95 7.8 1.45 8.3 1.95 9.7 2.45 10 2.95 7.6 3.45 7.6 3.95 7.6 4.45 7.6 4.95 7.6"
; filament_ramming_volumetric_speed = -1
; filament_retraction_length = 0.8
; filament_retraction_speed = 60
; filament_settings_id = "Anycubic PLA @Anycubic Kobra 2 Neo 0.4 nozzle"
; filament_shrink = 100%
; filament_shrinkage_compensation_z = 100%
; filament_soluble = 0
; filament_stamping_distance = 0
; filament_stamping_loading_speed = 0
; filament_start_gcode = "; filament start gcode"
; filament_toolchange_delay = 0
; filament_type = PLA
; filament_unloading_speed = 0
; filament_unloading_speed_start = 0
; filament_vendor = Anycubic
; filename_format = {timestamp}-{if plate_name==\"\" then input_filename_base+\"_plate\" else plate_name endif}{\"(\"+plate_number+\")\"}_{filament_type[initial_tool]}_{layer_height}_{print_time}.gcode
; filter_out_gap_fill = 0
; first_layer_print_sequence = 0
; flush_into_infill = 0
; flush_into_objects = 0
; flush_into_support = 0
; flush_multiplier_any = 1
; flush_multiplier = 1
; flush_volumes_chan_multipliers = 1,1,1,1
; flush_volumes_chan_multipliers_str = 
; flush_volumes_matrix = 0
; flush_volumes_vector = 140,140
; full_fan_speed_layer = 3
; fuzzy_skin = none
; fuzzy_skin_first_layer = 0
; fuzzy_skin_noise_type = classic
; fuzzy_skin_octaves = 4
; fuzzy_skin_persistence = 0.5
; fuzzy_skin_point_distance = 0.8
; fuzzy_skin_scale = 1
; fuzzy_skin_thickness = 0.3
; gap_fill_target = topbottom
; gap_infill_speed = 100
; gcode_add_line_number = 0
; gcode_comments = 0
; gcode_flavor = marlin
; gcode_label_objects = 1
; has_scarf_joint_seam = 0
; head_wrap_detect_zone = 
; high_current_on_filament_swap = 0
; hole_to_polyhole = 0
; hole_to_polyhole_threshold = 0.01
; hole_to_polyhole_twisted = 1
; host_type = octoprint
; hot_plate_temp = 60
; hot_plate_temp_initial_layer = 60
; idle_temperature = 0
; independent_support_layer_height = 1
; infill_anchor = 400
; infill_anchor_max = 10
; infill_combination = 0
; infill_combination_max_layer_height = 100%
; infill_direction = 45
; infill_jerk = 9
; infill_wall_overlap = 15%
; inherits_group = "0.20mm Standard @Anycubic Kobra 2 Neo 0.4 nozzle";;
; initial_layer_acceleration = 500
; initial_layer_infill_speed = 50
; initial_layer_jerk = 9
; initial_layer_line_width = 0.5
; initial_layer_min_bead_width = 85%
; initial_layer_print_height = 0.24
; initial_layer_speed = 40
; initial_layer_travel_speed = 100%
; inner_wall_acceleration = 1500
; inner_wall_jerk = 10
; inner_wall_line_width = 0.45
; inner_wall_speed = 80
; interface_shells = 0
; interlocking_beam = 0
; interlocking_beam_layer_count = 2
; interlocking_beam_width = 0.8
; interlocking_boundary_avoidance = 2
; interlocking_depth = 2
; interlocking_orientation = 22.5
; internal_bridge_angle = 0
; internal_bridge_density = 100%
; internal_bridge_fan_speed = -1
; internal_bridge_flow = 1
; internal_bridge_speed = 150%
; internal_solid_infill_acceleration = 100%
; internal_solid_infill_line_width = 0.42
; internal_solid_infill_pattern = zig-zag
; internal_solid_infill_speed = 100
; ironing_angle = -1
; ironing_flow = 15%
; ironing_inset = 0
; ironing_pattern = zig-zag
; ironing_spacing = 0.1
; ironing_speed = 15
; is_infill_first = 0
; lattice_angle_1 = -45
; lattice_angle_2 = 45
; layer_change_gcode = ; AFTER_LAYER_CHANGE [layer_num] @ [layer_z]mm
; layer_height = 0.2
; line_width = 0.42
; long_retractions_when_cut = 0
; machine_end_gcode = M104 S0                                    ; Extruder off \nM140 S0                                    ; Heatbed off \nM107                                       ; Fan off \nG91                                        ; relative positioning \nG1 E-5 F3000  \nG1 Z+0.3 F3000                             ; lift print head \nG28 X0  F3000\nM84                    
; machine_load_filament_time = 42
; machine_max_acceleration_e = 2000,2000,2000
; machine_max_acceleration_extruding = 2000,2000,2000
; machine_max_acceleration_retracting = 2000,2000,2000
; machine_max_acceleration_travel = 20000,20000,20000
; machine_max_acceleration_x = 2000,2000,2000
; machine_max_acceleration_y = 2000,2000,2000
; machine_max_acceleration_z = 800,800,800
; machine_max_jerk_e = 5,5,5
; machine_max_jerk_x = 10,10,10
; machine_max_jerk_y = 10,10,10
; machine_max_jerk_z = 2,2,2
; machine_max_speed_e = 100,50,130
; machine_max_speed_x = 300,150,390
; machine_max_speed_y = 300,150,390
; machine_max_speed_z = 8,4,10.4
; machine_min_extruding_rate = 0,0,0
; machine_min_travel_rate = 0,0,0
; machine_pause_gcode = M600
; machine_start_gcode = G90 ; use absolute coordinates\nM83 ; extruder relative mode\nM104 S[first_layer_temperature] ; set extruder temp\nM140 S[first_layer_bed_temperature] ; set bed temp\nM190 S[first_layer_bed_temperature] ; wait for bed temp\nM109 S[first_layer_temperature] ; wait for extruder temp\nG28                                        ; move X/Y/Z to min endstops\nG1 Z0.28                                   ; lift nozzle a bit \nG92 E0 \nG1 Y3 F1800                                    ; zero the extruded length \nG1 X60  E25 F500                       ; Extrude 25mm of filament in a 5cm line. \nG92 E0                                     ; zero the extruded length again \nG1 E-2 F500                                ; Retract a little \nG1 X70 F4000                              ; Quickly wipe away from the filament line\nM117
; machine_tool_change_time = 0
; machine_unload_filament_time = 0
; magic_doubles = 0
; magic_numbers = 1,4,100
; magic_strings = Unused
; make_overhang_printable = 0
; make_overhang_printable_angle = 55
; make_overhang_printable_hole_size = 0
; manual_filament_change = 0
; max_bridge_length = 10
; max_layer_height = 0.28
; max_travel_detour_distance = 0
; max_volumetric_extrusion_rate_slope = 0
; max_volumetric_extrusion_rate_slope_segment_length = 5
; min_bead_width = 85%
; min_feature_size = 25%
; min_layer_height = 0.08
; min_length_factor = 0.5
; min_skirt_length = 0
; min_width_top_surface = 300%
; minimum_sparse_infill_area = 15
; mmu_segmented_region_interlocking_depth = 0
; mmu_segmented_region_max_width = 0
; notes = 
; nozzle_diameter = 0.4
; nozzle_height = 4
; nozzle_hrc = 0
; nozzle_temperature = 190
; nozzle_temperature_BRASS = 190
; nozzle_temperature_HS = 190
; nozzle_temperature_initial_layer = 220
; nozzle_temperature_initial_layer_BRASS = 220
; nozzle_temperature_initial_layer_HS = 220
; nozzle_temperature_range_high = 230
; nozzle_temperature_range_low = 190
; nozzle_type = brass
; nozzle_volume = 0
; only_one_wall_first_layer = 0
; only_one_wall_top = 1
; ooze_prevention = 0
; other_layers_print_sequence = 0
; other_layers_print_sequence_nums = 0
; outer_wall_acceleration = 1000
; outer_wall_jerk = 10
; outer_wall_line_width = 0.42
; outer_wall_speed = 50
; overhang_1_4_speed = 60
; overhang_2_4_speed = 45
; overhang_3_4_speed = 28
; overhang_4_4_speed = 10
; overhang_fan_speed = 100
; overhang_fan_threshold = 50%
; overhang_reverse = 0
; overhang_reverse_internal_only = 0
; overhang_reverse_threshold = 50%
; overhang_speed_classic = 0
; overhang_totally_speed = 15
; parking_pos_retraction = 0
; pellet_flow_coefficient = 0.4157
; pellet_modded_printer = 0
; post_process = 
; precise_outer_wall = 0
; precise_z_height = 0
; preferred_orientation = 0
; preheat_steps = 1
; preheat_time = 0
; pressure_advance = 0.04
; prime_tower_brim_width = 5
; prime_tower_extra_rib_length = 0
; prime_tower_fillet_wall = 1
; prime_tower_flat_ironing = 0
; prime_tower_infill_gap = 150%
; prime_tower_max_speed = 90
; prime_tower_rib_wall = 1
; prime_tower_rib_width = 8
; prime_tower_skip_points = 1
; prime_tower_width = 35
; prime_volume = 20
; print_compatible_printers = "Anycubic Kobra 2 Neo 0.4 nozzle"
; print_flow_ratio = 1
; print_order = default
; print_sequence = by layer
; print_settings_id = 0.20mm Standard @AC K2 Neo.
; printable_area = 0x0,220x0,220x220,0x220
; printable_height = 250
; printer_flush_multiplier = 1
; printer_model = Anycubic Kobra 2 Neo
; printer_notes = 
; printer_settings_id = Anycubic Kobra 2 Neo 0.4 nozzle
; printer_structure = i3
; printer_technology = FFF
; printer_variant = 0.4
; printhost_authorization_type = key
; printhost_ssl_ignore_revoke = 0
; printing_by_object_gcode = 
; project_name = CAT-USV-Mecatronica
; purge_in_prime_tower = 0
; raft_contact_distance = 0.1
; raft_expansion = 1.5
; raft_first_layer_density = 90%
; raft_first_layer_expansion = 2
; raft_layers = 0
; reduce_crossing_wall = 0
; reduce_fan_stop_start_freq = 1
; reduce_infill_retraction = 1
; required_nozzle_HRC = 0
; resolution = 0.012
; retract_before_wipe = 70%
; retract_length_toolchange = 0
; retract_lift_above = 0.3
; retract_lift_below = 258
; retract_lift_enforce = All Surfaces
; retract_on_top_layer = 1
; retract_restart_extra = 0
; retract_restart_extra_toolchange = 0
; retract_when_changing_layer = 0
; retraction_distances_when_cut = 0
; retraction_length = 2.5
; retraction_minimum_travel = 1
; retraction_speed = 100
; role_based_wipe_speed = 1
; rotate_solid_infill_direction = 1
; scan_first_layer = 0
; scarf_angle_threshold = 155
; scarf_joint_flow_ratio = 1
; scarf_joint_speed = 100%
; scarf_overhang_threshold = 40%
; seam_gap = 5%
; seam_position = aligned
; seam_slope_conditional = 0
; seam_slope_entire_loop = 0
; seam_slope_inner_walls = 0
; seam_slope_min_length = 20
; seam_slope_start_height = 0
; seam_slope_steps = 10
; seam_slope_type = none
; silent_mode = 0
; single_extruder_multi_material = 1
; single_extruder_multi_material_priming = 0
; single_loop_draft_shield = 0
; skirt_distance = 2
; skirt_height = 1
; skirt_loops = 0
; skirt_speed = 50
; skirt_start_angle = -135
; skirt_type = combined
; slice_closing_radius = 0.049
; slicing_mode = regular
; slow_down_for_layer_cooling = 1
; slow_down_layer_time = 9
; slow_down_layer_time_BRASS = 9
; slow_down_layer_time_HS = 9
; slow_down_layers = 1
; slow_down_min_speed = 20
; slowdown_for_curled_perimeters = 0
; small_area_infill_flow_compensation = 0
; small_area_infill_flow_compensation_model = 0,0;"\n0.2,0.4444";"\n0.4,0.6145";"\n0.6,0.7059";"\n0.8,0.7619";"\n1.5,0.8571";"\n2,0.8889";"\n3,0.9231";"\n5,0.9520";"\n10,1"
; small_perimeter_speed = 50%
; small_perimeter_threshold = 0
; smooth_coefficient = 80
; smooth_speed_discontinuity_area = 1
; solid_infill_direction = 45
; solid_infill_filament = 1
; sparse_infill_acceleration = 100%
; sparse_infill_density = 100%
; sparse_infill_filament = 1
; sparse_infill_line_width = 0.45
; sparse_infill_pattern = gyroid
; sparse_infill_speed = 150
; spiral_finishing_flow_ratio = 0
; spiral_mode = 0
; spiral_mode_max_xy_smoothing = 200%
; spiral_mode_smooth = 0
; spiral_starting_flow_ratio = 0
; staggered_inner_seams = 0
; standby_temperature_delta = 0
; start_end_points = 30x-3,54x245
; supertack_plate_temp = 35
; supertack_plate_temp_initial_layer = 35
; support_air_filtration = 1
; support_angle = 0
; support_base_pattern = default
; support_base_pattern_spacing = 0.2
; support_bottom_interface_spacing = 0.5
; support_bottom_z_distance = 0.1
; support_chamber_temp_control = 1
; support_critical_regions_only = 0
; support_expansion = 0
; support_filament = 0
; support_interface_bottom_layers = -1
; support_interface_filament = 0
; support_interface_loop_pattern = 0
; support_interface_not_for_body = 1
; support_interface_pattern = auto
; support_interface_spacing = 0.5
; support_interface_speed = 80
; support_interface_top_layers = 2
; support_line_width = 0.4
; support_material_interface_fan_speed = -1
; support_multi_bed_types = 1
; support_object_first_layer_gap = 0.2
; support_object_xy_distance = 0.35
; support_on_build_plate_only = 1
; support_remove_small_overhang = 1
; support_speed = 100
; support_style = default
; support_threshold_angle = 40
; support_threshold_overlap = 50%
; support_top_z_distance = 0.1
; support_type = tree(auto)
; temperature_vitrification = 60
; template_custom_gcode = 
; textured_cool_plate_temp = 40
; textured_cool_plate_temp_initial_layer = 40
; textured_plate_temp = 60
; textured_plate_temp_initial_layer = 60
; thick_bridges = 0
; thick_internal_bridges = 1
; thumbnails = 230x110/PNG
; thumbnails_format = PNG
; thumbnails_internal = 512x512/PNG/plate, 512x512/PNG/top
; thumbnails_internal_switch = 0
; time_cost = 0
; time_lapse_gcode = 
; timelapse_type = 0
; top_bottom_infill_wall_overlap = 25%
; top_shell_layers = 3
; top_shell_thickness = 1
; top_solid_infill_flow_ratio = 1
; top_surface_acceleration = 1000
; top_surface_jerk = 9
; top_surface_line_width = 0.42
; top_surface_pattern = monotonicline
; top_surface_speed = 60
; travel_acceleration = 2000
; travel_jerk = 10
; travel_slope = 3
; travel_speed = 300
; travel_speed_z = 0
; tree_support_adaptive_layer_height = 1
; tree_support_angle_slow = 25
; tree_support_auto_brim = 1
; tree_support_branch_angle = 40
; tree_support_branch_angle_organic = 40
; tree_support_branch_diameter = 5
; tree_support_branch_diameter_angle = 5
; tree_support_branch_diameter_organic = 2
; tree_support_branch_distance = 5
; tree_support_branch_distance_organic = 1
; tree_support_brim_width = 3
; tree_support_tip_diameter = 0.8
; tree_support_top_rate = 30%
; tree_support_wall_count = 0
; upward_compatible_machine = 
; use_firmware_retraction = 0
; use_relative_e_distances = 1
; wall_direction = auto
; wall_distribution_count = 1
; wall_filament = 1
; wall_generator = classic
; wall_loops = 2
; wall_sequence = outer wall/inner wall
; wall_transition_angle = 10
; wall_transition_filter_deviation = 25%
; wall_transition_length = 100%
; wipe = 0
; wipe_before_external_loop = 0
; wipe_distance = 1
; wipe_on_loops = 0
; wipe_speed = 80%
; wipe_tower_bridging = 10
; wipe_tower_cone_angle = 0
; wipe_tower_extra_flow = 100%
; wipe_tower_extra_spacing = 120%
; wipe_tower_filament = 0
; wipe_tower_max_purge_speed = 90
; wipe_tower_no_sparse_layers = 0
; wipe_tower_rotation_angle = 0
; wipe_tower_x = 0.000
; wipe_tower_y = 250.000
; wiping_volumes_extruders = 70,70,70,70,70,70,70,70,70,70
; xy_contour_compensation = 0
; xy_hole_compensation = 0
; z_hop = 0
; z_hop_types = Auto Lift
; z_offset = 0
; bed_shape = 0x0,220x0,220x220,0x220
; first_layer_height = 0.240
; first_layer_temperature = 220
; first_layer_bed_temperature = 60
; bed_temperature = 60
; AnycubicSlicer_config = end
; CONFIG_BLOCK_END = end



; ams_info = begin
; paint_info = [{"material_type":"PLA","paint_color":[255,255,255],"paint_index":0}]
; ams_info = end

; statistics = begin
; used_filament = 0.50
; print_time = 5m 8s
; model_size = 58.32,34.33,2.04
; total_layers = 10
; statistics = end
