; HEADER_BLOCK_START
; generated by AnycubicSlicerNext 1.4.1.0 on 2026-05-17 at 16:55:09
; total layer number: 72
; filament_density: 1.24
; filament_diameter: 1.75
; max_z_height: 14.44
; exclude_object: 0
; model_instances: 2
; source_info: {"models":[{"file_source":0,"mo_file_id":-1,"name":"separador_timon.stl_id_0_copy_0"},{"file_source":0,"mo_file_id":-1,"name":"separador_timon.stl_id_1_copy_0"}],"models_from":0,"plate_index":1,"slice_paras_process":1,"software_version":"AnycubicSlicerNext 1.4.1.0 20260506162140"}
; paint_info = [{"material_type":"PLA","paint_color":[255,255,255],"paint_index":0}]
; project_info = {"flush_multiplier":1.0,"flush_volumes_chan_multipliers":[1.0,1.0,1.0,1.0],"flush_volumes_matrix":[0.0],"flush_volumes_vector":[140.0,140.0]}
; flush_multiplier_calculate_by_acnext: 1
; test_mode: 0
; HEADER_BLOCK_END

; THUMBNAIL_BLOCK_START
; thumbnail begin 230x110 2060
; iVBORw0KGgoAAAANSUhEUgAAAOYAAABuCAYAAAAziW8OAAAFzklEQVR4Ae3dyUojWxyA8XoR4b6Hm9
; 6IIAiuRFCwV7pzF1TcZOM8z7NxQnFARVQcwDjhsBFRDGSTaLY+xLn5F5xQqSQarUruwfv9oOjWFlf9
; eeoMVlkWAAAAAAAAAAAAAOBXqKmp+Ts6Ohra29sLPz4+xvUVCASCJSUl/1gAiksC/Pj4UJ9dEqwFoD
; h0ePF4XJ2cnKilpSU1NDSkxsfH1fLysrq+vk7FKQFbAApLRkEd5cTEhOrs7FRdXV2pMKemptTc3Jw6
; PDxMxSm3uxaAwigtLf2jYzs7O1M9PT05w1xZWVHRaDQVpwWgMJxh7uzsECbwX5MonaG9vLx8Gub29r
; ZyzkVlrinfwwLgDz1SSph3d3dpcSbnjxlhrq2tqUQikYpSFoRYCAJ8prdGJMzV1VV1e3ubti0i8T08
; PKjX11cViUTSPq/nomyhAD6SwwI6Kh2mbI+sr6+rq6urrPuXsVjM3kaREVSidIYpF7e0gEd6e8Qd5v
; z8vJqenrZvXeXjzc1NO1b5WOadHR0d9i1utjDZPgE8cp7wyRWm7GeOjY3Z88y+vj7CBArNffTuJ2FO
; Tk6mhZn8N8IEvEgu3qSFKSd6vhumLAA5v0dTUxNhAl4MDg6mhSnbIAcHB3mHKQcR3Cu41dXVhAl4IW
; EeHR1lrLze3Nx8GubIyIg6PT3NiFJuawkT8EjClHmljJLZtkZk3/Li4kKFw2G1v79vH0B4fn7O+Dod
; ZW9vL2ECXukw5fTOxsaGPVJ+9XuY7j1NGTm7u7vtKAkT8IEzzFAoZM8t5WM5XOA85eMeHeV00NbWVm
; quSZiAj7KFqeeWen65uLioFhYW7MPrAwMDdnwSY3t7O2EChZBPmHL0Tg6zDw8PEyZQDIQJGIgwAQMR
; JmAgwgQMRJiAgQgTMBBhAgYiTMBAhAkYiDABAxEmYCDCBAxEmICBCBMwEGECBiJMwECECRiIMAEDES
; ZgIMIEDESYgIEIEzBQQ0NDyO8wLQDe+Rlma2tr3ALgXVtbW9ivMC0A/kmOdGGvYZaVlQUtAP6qqqoK
; /iTM5ubmX337WlNT83dvby/sfLHS4+NjXK5AIBC0gGKorKwM5hNm8j/lr59PSnzOIN/e3uzLHWlpae
; kfCyimioqKYF1dXai2tjZUXl4etP4nnK8dPDk5sd+kndxest+uLT+05HOJRCIVKHECBaZvXSVKWRiT
; KN1hzs7O2u8IdcZpASgcHdrLy4vq6enJGaZEe35+zqgJFIMOTd6c/VWYd3d3qTBlocgC4D9ZzIlGo6
; nYPruV3dzcTN3Kym2vjLDECfhMx3h4eKg+W/yRWN2LP2dnZ3aY3NICPnLuVa6srGQs7OjtktfX17TP
; SbgSpWwj6TBZCAJ8ICOcMzYJU0bFhYUFdXV1pSKRSEaMsVhMHR8f2yOozEPdYSb3fvktG8ALOcGTK8
; yZmRl7Tjk5OWmfJ56bm1P9/f2p00/yZ7YwZQS2APycjG75hCmjo5yAyidMWUSyAPycO8zt7W3PYV5e
; XhIm4EVLS0tamE9PT98Oc3d3N20eurGxQZiAF/IkB+fepVxycCDfMCVi9+JQMnbCBLzQj1hxx/n+/m
; 6vvOYKU/4u+5nuKGWOSpiARzpMmVu649SBypbJxcWFenh4UPf39+r5+Tnj6yRK+VU5mW8SJuCR86Fk
; i4uL6ubmxo7RHV6uS/Y0ZeSUJznohSDCBDxyhylPcpC5pdySJldXsx4wkEsOucsJIecjVggT8EmuMP
; VjVmR+KU9y0HNMOTPb19dnh+h+9hFhAj4hTMBAhAkYiDABAxEmYCDCBAxEmICBCBMwEGECBiJMwECE
; CRiIMAEDESZgIMIEDESYgIEIEzAQYQIGIkzAQIQJGIgwAQMRJmAgwgQMRJiAgQgTMJTfYTY2NvLiWs
; CrZGxxP8O0APjDrzDLysqCFgD/eA2TKIECSQYW/26Yzc3NLPYAxVBfXx/6KsxAIECQAAAAAAAAAADD
; /QsVH6Fb7/123wAAAABJRU5ErkJggg==
; thumbnail end
; THUMBNAIL_BLOCK_END

; external perimeters extrusion width = 0.42mm
; perimeters extrusion width = 0.45mm
; infill extrusion width = 0.45mm
; solid infill extrusion width = 0.42mm
; top infill extrusion width = 0.42mm
; first layer extrusion width = 0.50mm

; external perimeters extrusion width = 0.42mm
; perimeters extrusion width = 0.45mm
; infill extrusion width = 0.45mm
; solid infill extrusion width = 0.42mm
; top infill extrusion width = 0.42mm
; first layer extrusion width = 0.50mm

; EXECUTABLE_BLOCK_START
M201 X2000 Y2000 Z800 E2000
M203 X300 Y300 Z8 E100
M204 P2000 R2000 T2000
M205 X10.00 Y10.00 Z2.00 E5.00
;TYPE:Custom
G90 ; use absolute coordinates
M83 ; extruder relative mode
M104 S220 ; set extruder temp
M140 S60 ; set bed temp
M190 S60 ; wait for bed temp
M109 S220 ; wait for extruder temp
G28                                        ; move X/Y/Z to min endstops
G1 Z0.28                                   ; lift nozzle a bit 
G92 E0 
G1 Y3 F1800                                    ; zero the extruded length 
G1 X60  E25 F500                       ; Extrude 25mm of filament in a 5cm line. 
G92 E0                                     ; zero the extruded length again 
G1 E-2 F500                                ; Retract a little 
G1 X70 F4000                              ; Quickly wipe away from the filament line
M117
G90
G21
M83 ; use relative distances for extrusion
; EXECUTABLE_BLOCK_HEAD
; filament start gcode
M75 ; The first extruder is ready.
M106 S0
;LAYER_CHANGE
;Z:0.24
;HEIGHT:0.24
; BEFORE_LAYER_CHANGE 0 @ 0.24mm
G92 E0
; AFTER_LAYER_CHANGE 0 @ 0.24mm
M204 S500
; start of layer_num: 1, T: 0, print_z: 0.240000
; printing object "separador_timon.stl" id:0 copy 0
G1 E-.8 F3600
G1 X104.987 Y104.749 F18000
G1 Z.24
G1 E.8 F3600
;TYPE:Brim
;WIDTH:0.5
G1 F2400
G1 X105.554 Y104.26 E.03283
G1 X106.04 Y103.915 E.02612
G1 X106.687 Y103.54 E.03283
G1 X107.369 Y103.234 E.03278
G1 X108.079 Y102.999 E.03278
G1 X108.809 Y102.839 E.03278
G1 X109.551 Y102.754 E.03278
G1 X110.299 Y102.746 E.03278
G1 X111.045 Y102.816 E.03286
G1 X111.557 Y102.909 E.02281
G1 X112.279 Y103.107 E.03286
G1 X112.976 Y103.378 E.03278
G1 X113.641 Y103.719 E.03278
G1 X114.268 Y104.127 E.03283
G1 X114.735 Y104.497 E.02612
G1 X115.277 Y105.014 E.03283
G1 X115.761 Y105.583 E.03278
G1 X116.185 Y106.199 E.03278
G1 X116.544 Y106.856 E.03286
G1 X116.752 Y107.333 E.02281
G1 X116.991 Y108.043 E.03286
G1 X117.155 Y108.772 E.03278
G1 X117.244 Y109.515 E.03278
G1 X117.255 Y110.263 E.03283
G1 X117.209 Y110.857 E.02612
G1 X117.083 Y111.594 E.03283
G1 X116.881 Y112.314 E.03278
G1 X116.607 Y113.01 E.03278
G1 X116.262 Y113.673 E.03278
G1 X115.851 Y114.297 E.03278
G1 X115.377 Y114.877 E.03286
G1 X115.014 Y115.25 E.02281
G1 X114.447 Y115.738 E.03281
G1 X113.96 Y116.085 E.02621
G1 X113.313 Y116.46 E.03283
G1 X112.631 Y116.766 E.03278
G1 X111.921 Y117.001 E.03278
G1 X111.191 Y117.161 E.03278
G1 X110.449 Y117.246 E.03278
G1 X109.699 Y117.254 E.03285
G1 X109.181 Y117.214 E.02282
G1 X108.442 Y117.091 E.03285
G1 X107.721 Y116.893 E.03278
G1 X107.024 Y116.622 E.03278
G1 X106.359 Y116.281 E.03278
G1 X105.733 Y115.873 E.03278
G1 X105.151 Y115.403 E.03283
G1 X104.724 Y114.987 E.02612
G1 X104.239 Y114.417 E.03283
G1 X103.815 Y113.801 E.03278
G1 X103.457 Y113.145 E.03278
G1 X103.168 Y112.456 E.03278
G1 X102.951 Y111.739 E.03286
G1 X102.845 Y111.23 E.02281
G1 X102.756 Y110.485 E.03286
G1 X102.745 Y109.737 E.03283
G1 X102.791 Y109.143 E.02612
G1 X102.917 Y108.406 E.03283
G1 X103.119 Y107.686 E.03278
G1 X103.393 Y106.99 E.03278
G1 X103.739 Y106.326 E.03286
G1 X104.018 Y105.887 E.02281
G1 X104.474 Y105.292 E.03286
G1 X104.96 Y104.778 E.03102
G1 X105.286 Y105.087 F18000
G1 F2400
G1 X105.302 Y105.069 E.00106
G1 X105.826 Y104.618 E.03033
G1 X106.288 Y104.29 E.02484
G1 X106.899 Y103.937 E.03093
G1 X107.538 Y103.65 E.03075
G1 X108.204 Y103.431 E.03075
G1 X108.889 Y103.281 E.03075
G1 X109.586 Y103.202 E.03075
G1 X110.287 Y103.196 E.03075
G1 X110.978 Y103.26 E.03042
G1 X111.463 Y103.348 E.0216
G1 X112.145 Y103.536 E.03102
G1 X112.798 Y103.791 E.03076
G1 X113.421 Y104.111 E.03075
G1 X114.001 Y104.489 E.03033
G1 X114.445 Y104.84 E.02484
G1 X114.955 Y105.328 E.03093
G1 X115.401 Y105.851 E.03015
G1 X115.799 Y106.428 E.03075
G1 X116.138 Y107.049 E.03102
G1 X116.335 Y107.5 E.0216
G1 X116.56 Y108.171 E.03103
G1 X116.713 Y108.855 E.03075
G1 X116.796 Y109.551 E.03075
G1 X116.806 Y110.255 E.03087
G1 X116.763 Y110.807 E.02429
G1 X116.643 Y111.503 E.03093
G1 X116.457 Y112.164 E.03014
G1 X116.2 Y112.817 E.03075
G1 X115.878 Y113.44 E.03075
G1 X115.493 Y114.026 E.03075
G1 X115.046 Y114.574 E.03103
G1 X114.702 Y114.927 E.02161
G1 X114.175 Y115.381 E.0305
G1 X113.712 Y115.71 E.02493
G1 X113.101 Y116.063 E.03093
G1 X112.462 Y116.35 E.03075
G1 X111.796 Y116.569 E.03075
G1 X111.111 Y116.719 E.03075
G1 X110.414 Y116.798 E.03075
G1 X109.709 Y116.805 E.03093
G1 X109.229 Y116.767 E.02109
G1 X108.531 Y116.65 E.03102
G1 X107.855 Y116.464 E.03075
G1 X107.202 Y116.209 E.03075
G1 X106.591 Y115.896 E.03014
G1 X106.002 Y115.514 E.03075
G1 X105.454 Y115.071 E.03093
G1 X105.048 Y114.676 E.02484
G1 X104.599 Y114.149 E.03033
G1 X104.202 Y113.572 E.03075
G1 X103.865 Y112.957 E.03075
G1 X103.593 Y112.31 E.03075
G1 X103.388 Y111.633 E.03103
G1 X103.287 Y111.151 E.0216
G1 X103.204 Y110.449 E.03103
G1 X103.194 Y109.745 E.03087
G1 X103.237 Y109.193 E.02429
G1 X103.357 Y108.497 E.03093
G1 X103.543 Y107.836 E.03015
G1 X103.8 Y107.183 E.03075
G1 X104.125 Y106.555 E.03102
G1 X104.389 Y106.139 E.0216
G1 X104.82 Y105.578 E.03103
G1 X105.258 Y105.116 E.02793
G1 X105.584 Y105.425 F18000
G1 F2400
G1 X105.617 Y105.39 E.00213
G1 X106.099 Y104.976 E.02784
G1 X106.536 Y104.664 E.02355
G1 X107.109 Y104.334 E.02902
G1 X107.707 Y104.067 E.02872
G1 X108.33 Y103.862 E.02872
G1 X108.97 Y103.723 E.02872
G1 X109.62 Y103.65 E.02872
G1 X110.275 Y103.645 E.02873
G1 X110.911 Y103.704 E.02799
G1 X111.368 Y103.787 E.02039
G1 X112.01 Y103.965 E.02918
G1 X112.62 Y104.204 E.02873
G1 X113.19 Y104.497 E.02812
G1 X113.734 Y104.85 E.02844
G1 X114.155 Y105.183 E.02355
G1 X114.633 Y105.641 E.02903
G1 X115.048 Y106.13 E.02814
G1 X115.412 Y106.658 E.02813
G1 X115.732 Y107.241 E.02918
G1 X115.918 Y107.667 E.02038
G1 X116.129 Y108.298 E.02918
G1 X116.272 Y108.937 E.02872
G1 X116.348 Y109.588 E.02873
G1 X116.357 Y110.247 E.02891
G1 X116.316 Y110.758 E.02246
G1 X116.203 Y111.41 E.02904
G1 X116.029 Y112.028 E.02814
G1 X115.794 Y112.625 E.02813
G1 X115.494 Y113.207 E.02872
G1 X115.135 Y113.754 E.02872
G1 X114.715 Y114.271 E.02918
G1 X114.39 Y114.604 E.02039
G1 X113.903 Y115.023 E.0282
G1 X113.464 Y115.336 E.02365
G1 X112.891 Y115.666 E.02902
G1 X112.293 Y115.933 E.02872
G1 X111.67 Y116.138 E.02872
G1 X111.03 Y116.277 E.02872
G1 X110.38 Y116.35 E.02872
G1 X109.718 Y116.355 E.02901
G1 X109.278 Y116.32 E.01936
G1 X108.622 Y116.21 E.02919
G1 X107.99 Y116.035 E.02872
G1 X107.38 Y115.796 E.02873
G1 X106.81 Y115.503 E.02813
G1 X106.272 Y115.154 E.02813
G1 X105.756 Y114.739 E.02902
G1 X105.372 Y114.364 E.02355
G1 X104.952 Y113.87 E.02844
G1 X104.581 Y113.33 E.02873
G1 X104.273 Y112.768 E.02812
G1 X104.019 Y112.164 E.02872
G1 X103.825 Y111.528 E.02918
G1 X103.73 Y111.073 E.02038
G1 X103.652 Y110.412 E.02919
G1 X103.643 Y109.753 E.02891
G1 X103.684 Y109.242 E.02246
G1 X103.797 Y108.59 E.02904
G1 X103.971 Y107.972 E.02814
G1 X104.206 Y107.375 E.02813
G1 X104.511 Y106.784 E.02918
G1 X104.761 Y106.392 E.02038
G1 X105.167 Y105.865 E.02918
G1 X105.556 Y105.454 E.02484
G1 X105.882 Y105.763 F18000
G1 F2400
G1 X105.932 Y105.71 E.00321
G1 X106.371 Y105.333 E.02536
G1 X106.784 Y105.039 E.02226
G1 X107.32 Y104.731 E.0271
G1 X107.876 Y104.483 E.02669
G1 X108.454 Y104.294 E.02669
G1 X109.049 Y104.165 E.02669
G1 X109.654 Y104.099 E.02669
G1 X110.263 Y104.094 E.02671
G1 X110.844 Y104.148 E.02558
G1 X111.274 Y104.227 E.01916
G1 X111.874 Y104.393 E.02732
G1 X112.441 Y104.616 E.0267
G1 X112.97 Y104.889 E.02612
G1 X113.467 Y105.211 E.02595
G1 X113.864 Y105.526 E.02225
G1 X114.31 Y105.954 E.02711
G1 X114.687 Y106.398 E.02554
G1 X115.026 Y106.888 E.02613
G1 X115.326 Y107.434 E.02733
G1 X115.501 Y107.834 E.01914
G1 X115.698 Y108.425 E.02732
G1 X115.83 Y109.019 E.02669
G1 X115.9 Y109.624 E.0267
G1 X115.907 Y110.239 E.02696
G1 X115.869 Y110.708 E.02063
G1 X115.763 Y111.318 E.02715
G1 X115.605 Y111.878 E.02554
G1 X115.388 Y112.433 E.02613
G1 X115.109 Y112.974 E.0267
G1 X114.776 Y113.484 E.02669
G1 X114.383 Y113.967 E.02732
G1 X114.078 Y114.28 E.01917
G1 X113.631 Y114.666 E.0259
G1 X113.216 Y114.961 E.02235
G1 X112.68 Y115.269 E.02709
G1 X112.124 Y115.517 E.02669
G1 X111.546 Y115.706 E.02669
G1 X110.951 Y115.835 E.02669
G1 X110.346 Y115.901 E.0267
G1 X109.728 Y115.906 E.02709
G1 X109.327 Y115.874 E.01763
G1 X108.712 Y115.77 E.02736
G1 X108.126 Y115.607 E.02669
G1 X107.559 Y115.384 E.02671
G1 X107.041 Y115.118 E.02553
G1 X106.541 Y114.794 E.02613
G1 X106.059 Y114.407 E.02711
G1 X105.696 Y114.053 E.02225
G1 X105.304 Y113.591 E.02653
G1 X104.967 Y113.101 E.02612
G1 X104.681 Y112.579 E.02611
G1 X104.444 Y112.018 E.0267
G1 X104.261 Y111.422 E.02732
G1 X104.172 Y110.995 E.01914
G1 X104.1 Y110.376 E.02733
G1 X104.093 Y109.761 E.02696
G1 X104.131 Y109.292 E.02063
G1 X104.237 Y108.682 E.02715
G1 X104.399 Y108.109 E.02613
G1 X104.618 Y107.555 E.02613
G1 X104.898 Y107.013 E.02673
G1 X105.132 Y106.645 E.01914
G1 X105.513 Y106.152 E.02732
G1 X105.854 Y105.792 E.02174
G1 X106.179 Y106.102 F18000
G1 F2400
G1 X106.247 Y106.031 E.0043
G1 X106.643 Y105.691 E.0229
G1 X107.032 Y105.414 E.02095
G1 X107.53 Y105.128 E.02516
G1 X108.044 Y104.9 E.02466
G1 X108.578 Y104.726 E.02466
G1 X109.128 Y104.608 E.02466
G1 X109.687 Y104.547 E.02466
G1 X110.251 Y104.544 E.02471
G1 X110.777 Y104.593 E.02318
G1 X111.179 Y104.666 E.01793
G1 X111.738 Y104.822 E.02545
G1 X112.262 Y105.028 E.02468
G1 X112.739 Y105.274 E.02354
G1 X113.199 Y105.572 E.02406
G1 X113.574 Y105.869 E.02094
G1 X113.988 Y106.267 E.02519
G1 X114.335 Y106.677 E.02356
G1 X114.64 Y107.119 E.02354
G1 X114.921 Y107.627 E.02546
G1 X115.084 Y108.001 E.01789
G1 X115.266 Y108.552 E.02545
G1 X115.388 Y109.101 E.02466
G1 X115.451 Y109.66 E.02467
G1 X115.458 Y110.23 E.025
G1 X115.423 Y110.657 E.0188
G1 X115.323 Y111.225 E.02527
G1 X115.177 Y111.741 E.02356
G1 X114.975 Y112.254 E.02415
G1 X114.724 Y112.742 E.02408
G1 X114.417 Y113.213 E.02466
G1 X114.052 Y113.664 E.02545
G1 X113.766 Y113.957 E.01794
G1 X113.359 Y114.308 E.02359
G1 X112.968 Y114.586 E.02105
G1 X112.47 Y114.872 E.02515
G1 X111.956 Y115.1 E.02466
G1 X111.421 Y115.274 E.02467
G1 X110.872 Y115.392 E.02466
G1 X110.312 Y115.453 E.02467
G1 X109.738 Y115.457 E.02517
G1 X109.377 Y115.427 E.01589
G1 X108.803 Y115.329 E.02553
G1 X108.262 Y115.178 E.02466
G1 X107.738 Y114.972 E.0247
G1 X107.26 Y114.725 E.02356
G1 X106.81 Y114.434 E.02355
G1 X106.362 Y114.075 E.02518
G1 X106.02 Y113.742 E.02093
G1 X105.657 Y113.313 E.02462
G1 X105.346 Y112.859 E.02414
G1 X105.082 Y112.377 E.02412
G1 X104.868 Y111.871 E.02408
G1 X104.698 Y111.316 E.02545
G1 X104.615 Y110.917 E.01789
G1 X104.549 Y110.34 E.02546
G1 X104.542 Y109.77 E.025
G1 X104.577 Y109.343 E.0188
G1 X104.677 Y108.776 E.02527
G1 X104.827 Y108.246 E.02413
G1 X105.03 Y107.734 E.02415
G1 X105.284 Y107.242 E.02429
G1 X105.503 Y106.898 E.0179
G1 X105.858 Y106.439 E.02545
G1 X106.152 Y106.131 E.01865
G1 X106.46 Y106.456 F18000
G1 F2400
G1 X106.737 Y106.192 E.01678
G1 X107.102 Y105.907 E.0203
G1 X107.54 Y105.63 E.02274
G1 X107.976 Y105.412 E.02135
G1 X108.452 Y105.23 E.02238
G1 X108.942 Y105.099 E.02225
G1 X109.801 Y104.991 E.03796
G1 X110.281 Y104.994 E.02104
G1 X110.804 Y105.05 E.02307
G1 X111.252 Y105.144 E.02008
G1 X111.733 Y105.295 E.02211
G1 X112.721 Y105.788 E.04839
G1 X113.078 Y106.041 E.01923
G1 X113.42 Y106.332 E.01969
G1 X113.758 Y106.68 E.02125
G1 X114.077 Y107.081 E.0225
G1 X114.356 Y107.516 E.02265
G1 X114.564 Y107.923 E.02005
G1 X114.754 Y108.406 E.02275
G1 X114.878 Y108.835 E.01958
G1 X114.97 Y109.333 E.0222
G1 X115.012 Y109.846 E.02259
G1 X115.001 Y110.362 E.02264
G1 X114.938 Y110.874 E.02264
G1 X114.822 Y111.378 E.02264
G1 X114.659 Y111.854 E.02209
G1 X114.147 Y112.819 E.04789
G1 X113.937 Y113.107 E.01562
G1 X113.688 Y113.399 E.01686
G1 X113.33 Y113.75 E.02198
G1 X112.926 Y114.072 E.02264
G1 X112.492 Y114.352 E.02266
G1 X112.031 Y114.585 E.02265
G1 X111.549 Y114.769 E.02264
G1 X111.056 Y114.902 E.02236
G1 X110.355 Y114.998 E.03107
G1 X109.189 Y114.948 E.05117
G1 X108.755 Y114.858 E.01945
G1 X108.319 Y114.725 E.01996
G1 X107.852 Y114.531 E.02219
G1 X107.396 Y114.286 E.02269
G1 X107.019 Y114.033 E.01992
G1 X106.623 Y113.707 E.02252
G1 X106.258 Y113.338 E.02274
G1 X105.975 Y112.992 E.01958
G1 X105.695 Y112.571 E.0222
G1 X105.454 Y112.116 E.02259
G1 X105.261 Y111.639 E.02256
G1 X105.117 Y111.141 E.02274
G1 X105.029 Y110.662 E.02137
G1 X104.988 Y110.153 E.02238
G1 X104.999 Y109.638 E.0226
G1 X105.062 Y109.126 E.02264
G1 X105.178 Y108.623 E.02264
G1 X105.346 Y108.134 E.02264
G1 X105.562 Y107.665 E.02264
G1 X105.821 Y107.229 E.02226
G1 X106.389 Y106.524 E.03971
G1 X106.431 Y106.483 E.00255
G1 X106.742 Y106.806 F18000
G1 F2400
G1 X107.008 Y106.55 E.01622
G1 X107.384 Y106.257 E.02088
G1 X107.783 Y106.007 E.02066
G1 X108.18 Y105.811 E.0194
G1 X108.615 Y105.648 E.02041
G1 X109.064 Y105.53 E.02036
G1 X109.794 Y105.44 E.03224
G1 X110.229 Y105.439 E.0191
G1 X110.706 Y105.488 E.02099
G1 X111.167 Y105.585 E.02066
G1 X111.606 Y105.725 E.02023
G1 X112.455 Y106.15 E.04164
G1 X112.786 Y106.381 E.01767
G1 X113.097 Y106.643 E.01784
G1 X113.405 Y106.956 E.01928
G1 X113.698 Y107.32 E.02049
G1 X113.954 Y107.714 E.02061
G1 X114.168 Y108.133 E.02062
G1 X114.338 Y108.573 E.02069
G1 X114.448 Y108.962 E.01772
G1 X114.53 Y109.418 E.02031
G1 X114.566 Y109.886 E.0206
G1 X114.553 Y110.356 E.02062
G1 X114.492 Y110.823 E.02062
G1 X114.384 Y111.28 E.02062
G1 X114.232 Y111.716 E.02024
G1 X113.791 Y112.547 E.04125
G1 X113.572 Y112.846 E.01627
G1 X113.344 Y113.111 E.01531
G1 X113.013 Y113.432 E.02025
G1 X112.643 Y113.724 E.02066
G1 X112.246 Y113.976 E.02064
G1 X111.825 Y114.186 E.02062
G1 X111.385 Y114.352 E.02062
G1 X110.935 Y114.47 E.0204
G1 X110.285 Y114.555 E.02874
G1 X109.291 Y114.511 E.04365
G1 X108.84 Y114.417 E.02019
G1 X108.447 Y114.295 E.01805
G1 X108.02 Y114.115 E.02033
G1 X107.606 Y113.889 E.02066
G1 X107.266 Y113.658 E.01803
G1 X106.904 Y113.358 E.02064
G1 X106.574 Y113.02 E.02069
G1 X106.321 Y112.706 E.01772
G1 X106.066 Y112.319 E.02031
G1 X105.848 Y111.903 E.0206
G1 X105.675 Y111.468 E.02054
G1 X105.547 Y111.013 E.02071
G1 X105.469 Y110.577 E.01941
G1 X105.434 Y110.113 E.02041
G1 X105.447 Y109.644 E.0206
G1 X105.508 Y109.177 E.02062
G1 X105.616 Y108.72 E.02062
G1 X105.771 Y108.276 E.02062
G1 X105.971 Y107.85 E.02062
G1 X106.21 Y107.453 E.02035
G1 X106.694 Y106.852 E.03381
G1 X106.713 Y106.834 E.00116
G1 X107.024 Y107.157 F18000
G1 F2400
G1 X107.324 Y106.868 E.01828
G1 X107.662 Y106.609 E.01868
G1 X108.023 Y106.386 E.01862
G1 X108.381 Y106.212 E.01745
G1 X108.776 Y106.067 E.01845
G1 X109.183 Y105.963 E.01845
G1 X109.786 Y105.888 E.02663
G1 X110.237 Y105.888 E.01977
G1 X110.663 Y105.934 E.0188
G1 X111.078 Y106.024 E.01862
G1 X111.476 Y106.154 E.01836
G1 X112.19 Y106.511 E.03503
G1 X112.533 Y106.752 E.01837
G1 X112.81 Y106.988 E.01594
G1 X113.088 Y107.273 E.01748
G1 X113.351 Y107.604 E.01853
G1 X113.579 Y107.961 E.0186
G1 X113.77 Y108.34 E.0186
G1 X113.921 Y108.737 E.01865
G1 X114.017 Y109.086 E.01586
G1 X114.089 Y109.501 E.01845
G1 X114.119 Y109.924 E.0186
G1 X114.105 Y110.348 E.0186
G1 X114.047 Y110.768 E.0186
G1 X113.947 Y111.18 E.0186
G1 X113.806 Y111.574 E.01836
G1 X113.433 Y112.277 E.03489
G1 X113.236 Y112.549 E.01475
G1 X113.001 Y112.823 E.01581
G1 X112.698 Y113.113 E.01837
G1 X112.363 Y113.374 E.01866
G1 X112.003 Y113.6 E.01862
G1 X111.622 Y113.786 E.0186
G1 X111.224 Y113.933 E.0186
G1 X110.817 Y114.037 E.01845
G1 X110.22 Y114.111 E.02638
G1 X109.389 Y114.073 E.03645
G1 X108.98 Y113.991 E.01833
G1 X108.574 Y113.865 E.01862
G1 X108.238 Y113.723 E.01601
G1 X107.864 Y113.522 E.01862
G1 X107.513 Y113.284 E.0186
G1 X107.189 Y113.011 E.0186
G1 X106.893 Y112.705 E.01865
G1 X106.668 Y112.422 E.01586
G1 X106.438 Y112.07 E.01844
G1 X106.244 Y111.692 E.0186
G1 X106.091 Y111.299 E.01852
G1 X105.978 Y110.888 E.01868
G1 X105.91 Y110.496 E.01746
G1 X105.881 Y110.076 E.01845
G1 X105.895 Y109.652 E.01859
G1 X105.953 Y109.232 E.0186
G1 X106.053 Y108.82 E.0186
G1 X106.196 Y108.421 E.0186
G1 X106.378 Y108.038 E.0186
G1 X106.597 Y107.679 E.01843
G1 X106.995 Y107.185 E.02782
G1 X107.342 Y107.47 F18000
G1 F2400
G1 X107.35 Y107.46 E.00055
G1 X107.636 Y107.191 E.01723
G1 X107.937 Y106.963 E.01657
G1 X108.261 Y106.766 E.01659
G1 X108.58 Y106.614 E.0155
G1 X108.933 Y106.487 E.0165
G1 X109.299 Y106.396 E.01651
G1 X109.845 Y106.333 E.02411
G1 X110.239 Y106.336 E.01729
G1 X110.617 Y106.381 E.01667
G1 X110.986 Y106.463 E.01659
G1 X111.342 Y106.582 E.01647
G1 X111.928 Y106.876 E.02875
G1 X112.237 Y107.089 E.01647
G1 X112.524 Y107.333 E.0165
G1 X112.768 Y107.588 E.0155
G1 X113.002 Y107.885 E.01659
G1 X113.203 Y108.205 E.01658
G1 X113.371 Y108.544 E.01658
G1 X113.503 Y108.899 E.0166
G1 X113.585 Y109.207 E.014
G1 X113.648 Y109.581 E.0166
G1 X113.671 Y109.958 E.01658
G1 X113.656 Y110.336 E.01658
G1 X113.602 Y110.71 E.01658
G1 X113.51 Y111.076 E.01658
G1 X113.382 Y111.429 E.01647
G1 X113.075 Y112.007 E.02867
G1 X112.869 Y112.291 E.01541
G1 X112.659 Y112.532 E.01401
G1 X112.385 Y112.791 E.01653
G1 X112.085 Y113.022 E.01664
G1 X111.763 Y113.221 E.01659
G1 X111.422 Y113.385 E.01658
G1 X111.067 Y113.513 E.01658
G1 X110.701 Y113.604 E.0165
G1 X110.158 Y113.667 E.02399
G1 X109.484 Y113.635 E.02958
G1 X109.116 Y113.564 E.01646
G1 X108.754 Y113.454 E.01658
G1 X108.406 Y113.307 E.01658
G1 X108.074 Y113.126 E.01658
G1 X107.763 Y112.911 E.01658
G1 X107.475 Y112.666 E.01658
G1 X107.214 Y112.392 E.0166
G1 X107.017 Y112.141 E.01399
G1 X106.812 Y111.822 E.0166
G1 X106.642 Y111.485 E.01658
G1 X106.508 Y111.133 E.01651
G1 X106.409 Y110.766 E.01665
G1 X106.352 Y110.418 E.0155
G1 X106.329 Y110.042 E.0165
G1 X106.344 Y109.664 E.01658
G1 X106.398 Y109.29 E.01658
G1 X106.49 Y108.924 E.01658
G1 X106.619 Y108.568 E.01658
G1 X106.784 Y108.228 E.01658
G1 X106.982 Y107.909 E.01649
G1 X107.317 Y107.501 E.02314
G1 X107.661 Y107.788 F18000
G1 F2400
G1 X107.699 Y107.742 E.00263
G1 X107.944 Y107.517 E.01456
G1 X108.21 Y107.319 E.01456
G1 X108.495 Y107.149 E.01456
G1 X108.775 Y107.018 E.01355
G1 X109.088 Y106.908 E.01456
G1 X109.411 Y106.83 E.01456
G1 X109.9 Y106.778 E.02157
G1 X110.236 Y106.785 E.01474
G1 X110.567 Y106.826 E.01462
G1 X110.89 Y106.901 E.01456
G1 X111.204 Y107.009 E.01456
G1 X111.67 Y107.242 E.02283
G1 X111.944 Y107.428 E.01456
G1 X112.198 Y107.642 E.01456
G1 X112.414 Y107.863 E.01355
G1 X112.621 Y108.123 E.01456
G1 X112.8 Y108.402 E.01456
G1 X112.95 Y108.698 E.01456
G1 X113.068 Y109.009 E.01456
G1 X113.153 Y109.329 E.01456
G1 X113.206 Y109.657 E.01456
G1 X113.224 Y109.988 E.01456
G1 X113.208 Y110.32 E.01456
G1 X113.158 Y110.648 E.01456
G1 X113.075 Y110.969 E.01456
G1 X112.959 Y111.28 E.01456
G1 X112.714 Y111.74 E.02283
G1 X112.535 Y111.992 E.01355
G1 X112.317 Y112.242 E.01456
G1 X112.075 Y112.467 E.01449
G1 X111.809 Y112.668 E.01462
G1 X111.525 Y112.84 E.01456
G1 X111.225 Y112.982 E.01456
G1 X110.912 Y113.092 E.01456
G1 X110.589 Y113.17 E.01456
G1 X110.1 Y113.222 E.02157
G1 X109.575 Y113.196 E.02308
G1 X109.248 Y113.135 E.01456
G1 X108.93 Y113.041 E.01456
G1 X108.623 Y112.915 E.01456
G1 X108.33 Y112.758 E.01456
G1 X108.056 Y112.572 E.01456
G1 X107.802 Y112.358 E.01456
G1 X107.571 Y112.12 E.01456
G1 X107.366 Y111.859 E.01456
G1 X107.189 Y111.578 E.01456
G1 X107.041 Y111.28 E.01456
G1 X106.926 Y110.971 E.01449
G1 X106.842 Y110.648 E.01463
G1 X106.794 Y110.343 E.01355
G1 X106.776 Y110.012 E.01456
G1 X106.792 Y109.68 E.01456
G1 X106.842 Y109.352 E.01456
G1 X106.925 Y109.031 E.01456
G1 X107.041 Y108.72 E.01456
G1 X107.189 Y108.422 E.01456
G1 X107.366 Y108.141 E.01456
G1 X107.635 Y107.818 E.01845
G1 E-.8 F3600
G1 X107.547 Y108.935 F18000
G1 E.8 F3600
;TYPE:Outer wall
G1 F2400
G1 X107.549 Y108.929 E.00028
G1 X107.672 Y108.683 E.01208
G1 X107.82 Y108.45 E.01208
G1 X107.991 Y108.234 E.01208
G1 X108.183 Y108.037 E.01208
G1 X108.395 Y107.861 E.01208
G1 X108.623 Y107.707 E.01208
G1 X108.866 Y107.578 E.01208
G1 X109.121 Y107.474 E.01208
G1 X109.386 Y107.397 E.01208
G1 X109.657 Y107.347 E.01208
G1 X109.931 Y107.326 E.01208
G1 X110.202 Y107.333 E.01187
G1 X110.617 Y107.398 E.01845
G1 X110.879 Y107.474 E.01193
G1 X111.134 Y107.578 E.01208
G1 X111.377 Y107.707 E.01208
G1 X111.605 Y107.861 E.01208
G1 X111.817 Y108.037 E.01208
G1 X112.009 Y108.234 E.01208
G1 X112.18 Y108.45 E.01208
G1 X112.328 Y108.683 E.01208
G1 X112.451 Y108.929 E.01208
G1 X112.547 Y109.184 E.01194
G1 X112.643 Y109.592 E.01839
G1 X112.671 Y109.862 E.01193
G1 X112.671 Y110.138 E.01208
G1 X112.643 Y110.412 E.01208
G1 X112.586 Y110.681 E.01208
G1 X112.503 Y110.943 E.01208
G1 X112.392 Y111.196 E.01208
G1 X112.257 Y111.435 E.01208
G1 X112.097 Y111.66 E.01208
G1 X111.915 Y111.867 E.01208
G1 X111.717 Y112.051 E.01187
G1 X111.374 Y112.295 E.01845
G1 X111.134 Y112.422 E.01193
G1 X110.879 Y112.526 E.01208
G1 X110.614 Y112.603 E.01208
G1 X110.343 Y112.653 E.01208
G1 X110.069 Y112.674 E.01208
G1 X109.794 Y112.667 E.01208
G1 X109.52 Y112.631 E.01208
G1 X109.252 Y112.568 E.01208
G1 X108.992 Y112.478 E.01208
G1 X108.746 Y112.362 E.01193
G1 X108.392 Y112.137 E.01838
G1 X108.183 Y111.963 E.01194
G1 X107.991 Y111.766 E.01208
G1 X107.82 Y111.55 E.01208
G1 X107.672 Y111.317 E.01208
G1 X107.549 Y111.071 E.01208
G1 X107.454 Y110.818 E.01187
G1 X107.357 Y110.408 E.01845
G1 X107.329 Y110.138 E.01193
G1 X107.329 Y109.866 E.01194
G1 X107.383 Y109.45 E.01839
G1 X107.452 Y109.187 E.01193
G1 X107.54 Y108.954 E.01092
G1 E-.8 F3600
G1 X111.559 Y109.785 F18000
G1 E.8 F3600
G1 F2400
G1 X111.515 Y109.567 E.00975
G1 X111.426 Y109.328 E.0112
G1 X111.233 Y109.018 E.01602
G1 X111.058 Y108.832 E.0112
G1 X110.855 Y108.676 E.0112
G1 X110.527 Y108.515 E.01602
G1 X110.276 Y108.448 E.01142
G1 X109.906 Y108.426 E.01624
G1 X109.542 Y108.492 E.01624
G1 X109.304 Y108.586 E.0112
G1 X109.085 Y108.717 E.0112
G1 X108.81 Y108.965 E.01624
G1 X108.602 Y109.272 E.01624
G1 X108.501 Y109.512 E.01142
G1 X108.429 Y109.87 E.01602
G1 X108.429 Y110.125 E.0112
G1 X108.47 Y110.377 E.0112
G1 X108.598 Y110.72 E.01602
G1 X108.735 Y110.941 E.01142
G1 X108.986 Y111.207 E.01602
G1 X109.198 Y111.357 E.01142
G1 X109.532 Y111.505 E.01602
G1 X109.786 Y111.562 E.01142
G1 X110.157 Y111.569 E.01624
G1 X110.518 Y111.489 E.01624
G1 X110.751 Y111.385 E.0112
G1 X110.966 Y111.246 E.0112
G1 X111.226 Y110.99 E.01602
G1 X111.373 Y110.775 E.01142
G1 X111.516 Y110.433 E.01624
G1 X111.575 Y110.068 E.01624
G1 X111.565 Y109.812 E.0112
G1 X111.563 Y109.805 E.00035
G1 E-.8 F3600
G1 X112.096 Y109.696 F18000
G1 E.8 F3600
;TYPE:Gap infill
;WIDTH:0.70325
G1 F2400
G1 X112.034 Y109.392 E.01979
G1 X111.903 Y109.057 E.02292
G1 X111.686 Y108.709 E.02613
G1 X111.406 Y108.408 E.02619
G1 X111.117 Y108.194 E.02293
G1 X110.698 Y107.993 E.02963
G1 X110.33 Y107.905 E.02409
G1 X109.835 Y107.883 E.03161
G1 X109.422 Y107.957 E.02674
G1 X109.085 Y108.083 E.02292
G1 X108.733 Y108.295 E.02621
G1 X108.403 Y108.596 E.02849
G1 X108.136 Y108.982 E.0299
G1 X107.975 Y109.354 E.0258
G1 X107.89 Y109.784 E.02796
G1 X107.881 Y110.143 E.0229
G1 X107.951 Y110.548 E.02616
G1 X108.092 Y110.932 E.02613
G1 X108.282 Y111.249 E.02353
G1 X108.602 Y111.599 E.03021
G1 X108.956 Y111.848 E.02759
G1 X109.391 Y112.036 E.03021
G1 X109.753 Y112.109 E.02353
G1 X110.173 Y112.117 E.02674
G1 X110.698 Y112.008 E.03423
G1 X110.99 Y111.879 E.02032
G1 X111.333 Y111.652 E.02617
G1 X111.666 Y111.319 E.03006
G1 X111.869 Y111.008 E.02368
G1 X112.054 Y110.547 E.03163
G1 X112.123 Y110.109 E.02822
G1 X112.111 Y109.773 E.02146
G1 X112.1 Y109.716 E.00369
; stop printing object separador_timon.stl id:0 copy 0
; printing object "separador_timon.stl" id:1 copy 0
G1 E-.8 F3600
G1 X110.322 Y128.839 F18000
G1 E.8 F3600
;TYPE:Brim
;WIDTH:0.5
G1 F2400
G1 X111.049 Y128.907 E.03202
G1 X111.561 Y129 E.02281
G1 X112.283 Y129.198 E.03286
G1 X112.98 Y129.469 E.03278
G1 X113.645 Y129.81 E.03278
G1 X114.273 Y130.219 E.03283
G1 X114.74 Y130.588 E.02612
G1 X115.281 Y131.105 E.03283
G1 X115.766 Y131.674 E.03278
G1 X116.189 Y132.29 E.03278
G1 X116.548 Y132.948 E.03286
G1 X116.757 Y133.424 E.02281
G1 X116.995 Y134.134 E.03286
G1 X117.16 Y134.863 E.03278
G1 X117.248 Y135.606 E.03278
G1 X117.259 Y136.354 E.03283
G1 X117.214 Y136.948 E.02612
G1 X117.087 Y137.686 E.03283
G1 X116.885 Y138.406 E.03278
G1 X116.611 Y139.101 E.03278
G1 X116.267 Y139.764 E.03278
G1 X115.856 Y140.389 E.03278
G1 X115.382 Y140.969 E.03286
G1 X115.019 Y141.341 E.02281
G1 X114.452 Y141.829 E.03281
G1 X113.965 Y142.176 E.02621
G1 X113.317 Y142.551 E.03283
G1 X112.635 Y142.858 E.03278
G1 X111.926 Y143.092 E.03278
G1 X111.196 Y143.253 E.03278
G1 X110.453 Y143.337 E.03278
G1 X109.704 Y143.345 E.03285
G1 X109.185 Y143.305 E.02282
G1 X108.446 Y143.182 E.03285
G1 X107.725 Y142.984 E.03278
G1 X107.029 Y142.713 E.03278
G1 X106.364 Y142.372 E.03278
G1 X105.737 Y141.965 E.03278
G1 X105.155 Y141.494 E.03283
G1 X104.728 Y141.078 E.02612
G1 X104.243 Y140.508 E.03283
G1 X103.819 Y139.893 E.03278
G1 X103.461 Y139.237 E.03278
G1 X103.173 Y138.547 E.03278
G1 X102.956 Y137.83 E.03286
G1 X102.849 Y137.321 E.02281
G1 X102.761 Y136.577 E.03286
G1 X102.749 Y135.828 E.03283
G1 X102.795 Y135.235 E.02612
G1 X102.922 Y134.497 E.03283
G1 X103.123 Y133.777 E.03278
G1 X103.398 Y133.082 E.03278
G1 X103.743 Y132.417 E.03286
G1 X104.022 Y131.978 E.02281
G1 X104.478 Y131.383 E.03286
G1 X104.991 Y130.84 E.03278
G1 X105.559 Y130.352 E.03283
G1 X106.044 Y130.007 E.02612
G1 X106.692 Y129.631 E.03283
G1 X107.374 Y129.325 E.03278
G1 X108.083 Y129.09 E.03278
G1 X108.813 Y128.93 E.03278
G1 X109.556 Y128.845 E.03278
G1 X110.302 Y128.838 E.03274
G1 X110.292 Y129.287 F18000
G1 F2400
G1 X110.982 Y129.351 E.03042
G1 X111.467 Y129.439 E.0216
G1 X112.149 Y129.627 E.03102
G1 X112.802 Y129.882 E.03076
G1 X113.426 Y130.203 E.03075
G1 X114.005 Y130.58 E.03033
G1 X114.449 Y130.931 E.02484
G1 X114.959 Y131.419 E.03093
G1 X115.405 Y131.942 E.03015
G1 X115.803 Y132.519 E.03075
G1 X116.142 Y133.14 E.03102
G1 X116.34 Y133.591 E.0216
G1 X116.565 Y134.262 E.03103
G1 X116.718 Y134.946 E.03075
G1 X116.8 Y135.643 E.03075
G1 X116.81 Y136.347 E.03087
G1 X116.767 Y136.899 E.02429
G1 X116.647 Y137.594 E.03093
G1 X116.462 Y138.256 E.03014
G1 X116.205 Y138.908 E.03075
G1 X115.882 Y139.531 E.03075
G1 X115.498 Y140.117 E.03075
G1 X115.051 Y140.665 E.03103
G1 X114.707 Y141.018 E.02161
G1 X114.18 Y141.472 E.0305
G1 X113.716 Y141.801 E.02493
G1 X113.106 Y142.154 E.03093
G1 X112.466 Y142.441 E.03075
G1 X111.8 Y142.661 E.03075
G1 X111.115 Y142.81 E.03075
G1 X110.418 Y142.889 E.03075
G1 X109.713 Y142.896 E.03093
G1 X109.233 Y142.858 E.02109
G1 X108.536 Y142.741 E.03102
G1 X107.86 Y142.555 E.03075
G1 X107.207 Y142.3 E.03075
G1 X106.595 Y141.987 E.03014
G1 X106.007 Y141.605 E.03075
G1 X105.458 Y141.162 E.03093
G1 X105.052 Y140.767 E.02484
G1 X104.604 Y140.24 E.03033
G1 X104.206 Y139.663 E.03075
G1 X103.869 Y139.048 E.03075
G1 X103.598 Y138.402 E.03075
G1 X103.392 Y137.725 E.03103
G1 X103.292 Y137.242 E.0216
G1 X103.209 Y136.54 E.03103
G1 X103.199 Y135.836 E.03087
G1 X103.242 Y135.284 E.02429
G1 X103.362 Y134.589 E.03093
G1 X103.547 Y133.927 E.03015
G1 X103.804 Y133.274 E.03075
G1 X104.129 Y132.646 E.03102
G1 X104.394 Y132.231 E.0216
G1 X104.825 Y131.67 E.03103
G1 X105.307 Y131.16 E.03075
G1 X105.831 Y130.709 E.03033
G1 X106.292 Y130.381 E.02484
G1 X106.903 Y130.028 E.03093
G1 X107.543 Y129.741 E.03075
G1 X108.209 Y129.522 E.03075
G1 X108.894 Y129.372 E.03075
G1 X109.591 Y129.293 E.03075
G1 X110.272 Y129.287 E.02987
G1 X110.275 Y129.736 F18000
G1 F2400
G1 X110.28 Y129.736 E.00019
G1 X110.915 Y129.795 E.02799
G1 X111.373 Y129.879 E.02039
G1 X112.014 Y130.056 E.02918
G1 X112.624 Y130.295 E.02873
G1 X113.194 Y130.588 E.02812
G1 X113.738 Y130.941 E.02844
G1 X114.159 Y131.274 E.02355
G1 X114.637 Y131.732 E.02903
G1 X115.053 Y132.221 E.02814
G1 X115.417 Y132.749 E.02813
G1 X115.737 Y133.333 E.02918
G1 X115.923 Y133.758 E.02038
G1 X116.133 Y134.39 E.02918
G1 X116.276 Y135.029 E.02872
G1 X116.352 Y135.679 E.02873
G1 X116.361 Y136.338 E.02891
G1 X116.32 Y136.849 E.02246
G1 X116.207 Y137.502 E.02904
G1 X116.033 Y138.119 E.02814
G1 X115.799 Y138.716 E.02813
G1 X115.498 Y139.298 E.02872
G1 X115.139 Y139.846 E.02872
G1 X114.719 Y140.362 E.02918
G1 X114.395 Y140.695 E.02039
G1 X113.907 Y141.114 E.0282
G1 X113.468 Y141.427 E.02365
G1 X112.895 Y141.757 E.02902
G1 X112.297 Y142.025 E.02872
G1 X111.675 Y142.229 E.02872
G1 X111.035 Y142.368 E.02872
G1 X110.384 Y142.441 E.02872
G1 X109.722 Y142.447 E.02901
G1 X109.282 Y142.412 E.01936
G1 X108.626 Y142.301 E.02919
G1 X107.995 Y142.126 E.02872
G1 X107.385 Y141.888 E.02873
G1 X106.814 Y141.594 E.02813
G1 X106.276 Y141.245 E.02813
G1 X105.761 Y140.83 E.02902
G1 X105.376 Y140.455 E.02355
G1 X104.956 Y139.961 E.02844
G1 X104.585 Y139.422 E.02873
G1 X104.277 Y138.859 E.02812
G1 X104.023 Y138.256 E.02872
G1 X103.829 Y137.619 E.02918
G1 X103.734 Y137.164 E.02038
G1 X103.657 Y136.503 E.02919
G1 X103.648 Y135.844 E.02891
G1 X103.688 Y135.333 E.02246
G1 X103.802 Y134.681 E.02904
G1 X103.975 Y134.063 E.02814
G1 X104.21 Y133.467 E.02813
G1 X104.516 Y132.875 E.02918
G1 X104.765 Y132.483 E.02038
G1 X105.171 Y131.956 E.02918
G1 X105.622 Y131.481 E.02873
G1 X106.103 Y131.067 E.02784
G1 X106.541 Y130.756 E.02355
G1 X107.114 Y130.425 E.02902
G1 X107.712 Y130.158 E.02872
G1 X108.334 Y129.954 E.02872
G1 X108.974 Y129.814 E.02872
G1 X109.625 Y129.742 E.02872
G1 X110.255 Y129.736 E.02766
G1 X110.259 Y130.186 F18000
G1 F2400
G1 X110.268 Y130.186 E.0004
G1 X110.848 Y130.24 E.02558
G1 X111.278 Y130.318 E.01916
G1 X111.879 Y130.485 E.02732
G1 X112.445 Y130.707 E.0267
G1 X112.975 Y130.98 E.02612
G1 X113.471 Y131.302 E.02595
G1 X113.869 Y131.617 E.02225
G1 X114.315 Y132.046 E.02711
G1 X114.692 Y132.489 E.02554
G1 X115.03 Y132.979 E.02613
G1 X115.331 Y133.525 E.02733
G1 X115.506 Y133.925 E.01914
G1 X115.702 Y134.516 E.02732
G1 X115.834 Y135.111 E.02669
G1 X115.904 Y135.715 E.0267
G1 X115.912 Y136.33 E.02696
G1 X115.874 Y136.799 E.02063
G1 X115.767 Y137.409 E.02715
G1 X115.61 Y137.969 E.02554
G1 X115.392 Y138.524 E.02613
G1 X115.113 Y139.065 E.0267
G1 X114.78 Y139.575 E.02669
G1 X114.388 Y140.059 E.02732
G1 X114.083 Y140.372 E.01917
G1 X113.635 Y140.757 E.0259
G1 X113.22 Y141.052 E.02235
G1 X112.685 Y141.36 E.02709
G1 X112.129 Y141.608 E.02669
G1 X111.55 Y141.797 E.02669
G1 X110.955 Y141.926 E.02669
G1 X110.35 Y141.993 E.0267
G1 X109.732 Y141.998 E.02709
G1 X109.332 Y141.965 E.01763
G1 X108.717 Y141.861 E.02736
G1 X108.13 Y141.698 E.02669
G1 X107.563 Y141.475 E.02671
G1 X107.045 Y141.209 E.02553
G1 X106.545 Y140.885 E.02613
G1 X106.064 Y140.498 E.02711
G1 X105.7 Y140.144 E.02225
G1 X105.309 Y139.683 E.02653
G1 X104.971 Y139.192 E.02612
G1 X104.685 Y138.67 E.02611
G1 X104.448 Y138.109 E.0267
G1 X104.266 Y137.513 E.02732
G1 X104.176 Y137.086 E.01914
G1 X104.105 Y136.467 E.02733
G1 X104.097 Y135.853 E.02696
G1 X104.135 Y135.384 E.02063
G1 X104.242 Y134.774 E.02715
G1 X104.403 Y134.2 E.02613
G1 X104.622 Y133.646 E.02613
G1 X104.902 Y133.105 E.02673
G1 X105.136 Y132.736 E.01914
G1 X105.517 Y132.243 E.02732
G1 X105.937 Y131.802 E.02671
G1 X106.375 Y131.424 E.02536
G1 X106.789 Y131.13 E.02226
G1 X107.324 Y130.822 E.0271
G1 X107.88 Y130.575 E.02669
G1 X108.459 Y130.385 E.02669
G1 X109.054 Y130.257 E.02669
G1 X109.659 Y130.19 E.02669
G1 X110.239 Y130.186 E.02544
G1 X110.241 Y130.635 F18000
G1 F2400
G1 X110.255 Y130.635 E.00061
G1 X110.781 Y130.684 E.02318
G1 X111.184 Y130.757 E.01793
G1 X111.743 Y130.913 E.02545
G1 X112.266 Y131.12 E.02468
G1 X112.743 Y131.365 E.02354
G1 X113.204 Y131.664 E.02406
G1 X113.578 Y131.96 E.02094
G1 X113.992 Y132.358 E.02519
G1 X114.339 Y132.768 E.02356
G1 X114.645 Y133.21 E.02354
G1 X114.925 Y133.718 E.02546
G1 X115.088 Y134.092 E.01789
G1 X115.271 Y134.643 E.02545
G1 X115.392 Y135.192 E.02466
G1 X115.456 Y135.751 E.02467
G1 X115.463 Y136.321 E.025
G1 X115.427 Y136.748 E.0188
G1 X115.327 Y137.316 E.02527
G1 X115.181 Y137.833 E.02356
G1 X114.98 Y138.345 E.02415
G1 X114.728 Y138.833 E.02408
G1 X114.421 Y139.304 E.02466
G1 X114.056 Y139.755 E.02545
G1 X113.771 Y140.048 E.01794
G1 X113.363 Y140.399 E.02359
G1 X112.972 Y140.677 E.02105
G1 X112.475 Y140.963 E.02515
G1 X111.961 Y141.191 E.02466
G1 X111.426 Y141.365 E.02467
G1 X110.876 Y141.483 E.02466
G1 X110.317 Y141.544 E.02467
G1 X109.743 Y141.548 E.02517
G1 X109.382 Y141.519 E.01589
G1 X108.808 Y141.421 E.02553
G1 X108.266 Y141.269 E.02466
G1 X107.742 Y141.063 E.0247
G1 X107.265 Y140.817 E.02356
G1 X106.814 Y140.525 E.02355
G1 X106.366 Y140.166 E.02518
G1 X106.024 Y139.833 E.02093
G1 X105.662 Y139.404 E.02462
G1 X105.35 Y138.95 E.02414
G1 X105.087 Y138.468 E.02412
G1 X104.873 Y137.962 E.02408
G1 X104.702 Y137.408 E.02545
G1 X104.619 Y137.008 E.01789
G1 X104.553 Y136.432 E.02546
G1 X104.546 Y135.861 E.025
G1 X104.581 Y135.434 E.0188
G1 X104.681 Y134.867 E.02527
G1 X104.831 Y134.338 E.02413
G1 X105.034 Y133.826 E.02415
G1 X105.289 Y133.334 E.02429
G1 X105.508 Y132.989 E.0179
G1 X105.863 Y132.53 E.02545
G1 X106.251 Y132.123 E.0247
G1 X106.647 Y131.782 E.0229
G1 X107.037 Y131.505 E.02095
G1 X107.534 Y131.22 E.02516
G1 X108.048 Y130.992 E.02466
G1 X108.583 Y130.817 E.02466
G1 X109.133 Y130.699 E.02466
G1 X109.692 Y130.638 E.02466
G1 X110.221 Y130.635 E.02322
G1 X110.219 Y131.085 F18000
G1 F2400
G1 X110.286 Y131.085 E.00292
G1 X110.808 Y131.142 E.02307
G1 X111.257 Y131.236 E.02008
G1 X111.738 Y131.386 E.02211
G1 X112.725 Y131.879 E.04839
G1 X113.083 Y132.132 E.01923
G1 X113.425 Y132.424 E.01969
G1 X113.762 Y132.771 E.02125
G1 X114.082 Y133.172 E.0225
G1 X114.36 Y133.607 E.02265
G1 X114.569 Y134.014 E.02005
G1 X114.759 Y134.497 E.02275
G1 X114.882 Y134.926 E.01958
G1 X114.974 Y135.424 E.0222
G1 X115.017 Y135.937 E.02259
G1 X115.006 Y136.453 E.02264
G1 X114.942 Y136.966 E.02264
G1 X114.826 Y137.469 E.02264
G1 X114.663 Y137.945 E.02209
G1 X114.152 Y138.91 E.04789
G1 X113.942 Y139.198 E.01562
G1 X113.692 Y139.49 E.01686
G1 X113.334 Y139.841 E.02198
G1 X112.931 Y140.163 E.02264
G1 X112.496 Y140.443 E.02266
G1 X112.035 Y140.676 E.02265
G1 X111.553 Y140.861 E.02264
G1 X111.061 Y140.993 E.02236
G1 X110.359 Y141.089 E.03107
G1 X109.193 Y141.039 E.05117
G1 X108.759 Y140.949 E.01945
G1 X108.324 Y140.816 E.01996
G1 X107.856 Y140.622 E.02219
G1 X107.401 Y140.377 E.02269
G1 X107.024 Y140.124 E.01992
G1 X106.627 Y139.798 E.02252
G1 X106.262 Y139.429 E.02274
G1 X105.98 Y139.084 E.01958
G1 X105.699 Y138.662 E.0222
G1 X105.458 Y138.207 E.02259
G1 X105.265 Y137.73 E.02256
G1 X105.121 Y137.232 E.02274
G1 X105.033 Y136.753 E.02137
G1 X104.992 Y136.244 E.02238
G1 X105.003 Y135.729 E.0226
G1 X105.067 Y135.217 E.02264
G1 X105.183 Y134.714 E.02264
G1 X105.35 Y134.225 E.02264
G1 X105.566 Y133.757 E.02264
G1 X105.825 Y133.32 E.02226
G1 X106.393 Y132.615 E.03971
G1 X106.742 Y132.284 E.02108
G1 X107.107 Y131.999 E.0203
G1 X107.545 Y131.721 E.02274
G1 X107.98 Y131.503 E.02135
G1 X108.457 Y131.321 E.02238
G1 X108.947 Y131.19 E.02225
G1 X109.806 Y131.083 E.03796
G1 X110.199 Y131.085 E.01724
G1 X110.199 Y131.531 F18000
G1 F2400
G1 X110.234 Y131.531 E.00152
G1 X110.71 Y131.579 E.02099
G1 X111.171 Y131.676 E.02066
G1 X111.61 Y131.817 E.02023
G1 X112.46 Y132.241 E.04164
G1 X112.79 Y132.472 E.01767
G1 X113.101 Y132.734 E.01784
G1 X113.409 Y133.048 E.01928
G1 X113.702 Y133.411 E.02049
G1 X113.958 Y133.806 E.02061
G1 X114.172 Y134.224 E.02062
G1 X114.343 Y134.664 E.02069
G1 X114.452 Y135.053 E.01772
G1 X114.534 Y135.509 E.02031
G1 X114.57 Y135.978 E.0206
G1 X114.557 Y136.448 E.02062
G1 X114.497 Y136.914 E.02062
G1 X114.388 Y137.371 E.02062
G1 X114.236 Y137.807 E.02024
G1 X113.795 Y138.638 E.04125
G1 X113.577 Y138.937 E.01627
G1 X113.349 Y139.202 E.01531
G1 X113.017 Y139.523 E.02025
G1 X112.648 Y139.815 E.02066
G1 X112.251 Y140.068 E.02064
G1 X111.83 Y140.278 E.02062
G1 X111.39 Y140.443 E.02062
G1 X110.94 Y140.561 E.0204
G1 X110.29 Y140.646 E.02874
G1 X109.295 Y140.602 E.04365
G1 X108.845 Y140.509 E.02019
G1 X108.452 Y140.386 E.01805
G1 X108.024 Y140.207 E.02033
G1 X107.611 Y139.981 E.02066
G1 X107.271 Y139.75 E.01803
G1 X106.909 Y139.449 E.02064
G1 X106.579 Y139.112 E.02069
G1 X106.325 Y138.797 E.01772
G1 X106.07 Y138.411 E.02031
G1 X105.853 Y137.994 E.0206
G1 X105.68 Y137.559 E.02054
G1 X105.551 Y137.104 E.02071
G1 X105.474 Y136.669 E.01941
G1 X105.439 Y136.204 E.02041
G1 X105.451 Y135.735 E.0206
G1 X105.512 Y135.269 E.02062
G1 X105.621 Y134.811 E.02062
G1 X105.775 Y134.367 E.02062
G1 X105.975 Y133.941 E.02062
G1 X106.214 Y133.544 E.02035
G1 X106.698 Y132.944 E.03381
G1 X107.013 Y132.641 E.01914
G1 X107.388 Y132.348 E.02088
G1 X107.787 Y132.098 E.02066
G1 X108.184 Y131.903 E.0194
G1 X108.62 Y131.739 E.02041
G1 X109.069 Y131.621 E.02036
G1 X109.798 Y131.531 E.03224
G1 X110.179 Y131.531 E.01671
G1 X110.18 Y131.979 F18000
G1 F2400
G1 X110.241 Y131.979 E.0027
G1 X110.667 Y132.026 E.0188
G1 X111.082 Y132.115 E.01862
G1 X111.48 Y132.246 E.01836
G1 X112.195 Y132.603 E.03503
G1 X112.538 Y132.843 E.01837
G1 X112.814 Y133.079 E.01594
G1 X113.092 Y133.365 E.01748
G1 X113.355 Y133.695 E.01853
G1 X113.584 Y134.052 E.0186
G1 X113.774 Y134.431 E.0186
G1 X113.925 Y134.829 E.01865
G1 X114.021 Y135.177 E.01586
G1 X114.093 Y135.592 E.01845
G1 X114.123 Y136.015 E.0186
G1 X114.109 Y136.439 E.0186
G1 X114.051 Y136.859 E.0186
G1 X113.951 Y137.271 E.0186
G1 X113.811 Y137.666 E.01836
G1 X113.437 Y138.368 E.03489
G1 X113.24 Y138.641 E.01475
G1 X113.005 Y138.914 E.01581
G1 X112.703 Y139.204 E.01837
G1 X112.367 Y139.466 E.01866
G1 X112.007 Y139.691 E.01862
G1 X111.627 Y139.878 E.0186
G1 X111.229 Y140.024 E.0186
G1 X110.821 Y140.129 E.01845
G1 X110.224 Y140.202 E.02638
G1 X109.394 Y140.165 E.03645
G1 X108.984 Y140.082 E.01833
G1 X108.579 Y139.956 E.01862
G1 X108.242 Y139.815 E.01601
G1 X107.868 Y139.613 E.01862
G1 X107.517 Y139.375 E.0186
G1 X107.193 Y139.102 E.0186
G1 X106.898 Y138.796 E.01865
G1 X106.672 Y138.513 E.01586
G1 X106.443 Y138.161 E.01844
G1 X106.249 Y137.784 E.0186
G1 X106.095 Y137.39 E.01852
G1 X105.982 Y136.98 E.01868
G1 X105.915 Y136.587 E.01746
G1 X105.886 Y136.167 E.01845
G1 X105.9 Y135.744 E.01859
G1 X105.957 Y135.323 E.0186
G1 X106.058 Y134.911 E.0186
G1 X106.2 Y134.512 E.0186
G1 X106.382 Y134.129 E.0186
G1 X106.601 Y133.77 E.01843
G1 X107.003 Y133.273 E.02804
G1 X107.329 Y132.96 E.01981
G1 X107.666 Y132.7 E.01868
G1 X108.028 Y132.477 E.01862
G1 X108.385 Y132.303 E.01745
G1 X108.78 Y132.158 E.01845
G1 X109.188 Y132.054 E.01845
G1 X109.79 Y131.979 E.02663
G1 X110.16 Y131.979 E.01619
G1 X110.156 Y132.427 F18000
G1 F2400
G1 X110.243 Y132.428 E.00384
G1 X110.621 Y132.472 E.01667
G1 X110.99 Y132.554 E.01659
G1 X111.346 Y132.674 E.01647
G1 X111.933 Y132.967 E.02875
G1 X112.242 Y133.18 E.01647
G1 X112.528 Y133.424 E.0165
G1 X112.773 Y133.679 E.0155
G1 X113.006 Y133.977 E.01659
G1 X113.207 Y134.297 E.01658
G1 X113.375 Y134.635 E.01658
G1 X113.507 Y134.99 E.0166
G1 X113.589 Y135.299 E.014
G1 X113.652 Y135.672 E.0166
G1 X113.676 Y136.049 E.01658
G1 X113.661 Y136.427 E.01658
G1 X113.607 Y136.801 E.01658
G1 X113.515 Y137.168 E.01658
G1 X113.386 Y137.521 E.01647
G1 X113.079 Y138.098 E.02867
G1 X112.873 Y138.383 E.01541
G1 X112.663 Y138.623 E.01401
G1 X112.39 Y138.882 E.01653
G1 X112.089 Y139.114 E.01664
G1 X111.767 Y139.312 E.01659
G1 X111.426 Y139.476 E.01658
G1 X111.071 Y139.605 E.01658
G1 X110.706 Y139.695 E.0165
G1 X110.162 Y139.758 E.02399
G1 X109.488 Y139.726 E.02958
G1 X109.12 Y139.655 E.01646
G1 X108.758 Y139.545 E.01658
G1 X108.41 Y139.399 E.01658
G1 X108.078 Y139.217 E.01658
G1 X107.767 Y139.003 E.01658
G1 X107.48 Y138.757 E.01658
G1 X107.219 Y138.483 E.0166
G1 X107.021 Y138.232 E.01399
G1 X106.817 Y137.913 E.0166
G1 X106.646 Y137.576 E.01658
G1 X106.512 Y137.224 E.01651
G1 X106.414 Y136.858 E.01665
G1 X106.356 Y136.509 E.0155
G1 X106.333 Y136.133 E.0165
G1 X106.348 Y135.756 E.01658
G1 X106.402 Y135.381 E.01658
G1 X106.494 Y135.015 E.01658
G1 X106.623 Y134.66 E.01658
G1 X106.788 Y134.32 E.01658
G1 X106.987 Y134 E.01649
G1 X107.354 Y133.551 E.02544
G1 X107.64 Y133.282 E.01723
G1 X107.942 Y133.054 E.01657
G1 X108.265 Y132.858 E.01659
G1 X108.584 Y132.705 E.0155
G1 X108.938 Y132.578 E.0165
G1 X109.303 Y132.487 E.01651
G1 X109.849 Y132.424 E.02411
G1 X110.136 Y132.427 E.01257
G1 X110.127 Y132.874 F18000
G1 F2400
G1 X110.24 Y132.876 E.00497
G1 X110.571 Y132.917 E.01462
G1 X110.894 Y132.993 E.01456
G1 X111.208 Y133.1 E.01456
G1 X111.674 Y133.333 E.02283
G1 X111.949 Y133.52 E.01456
G1 X112.203 Y133.733 E.01456
G1 X112.418 Y133.954 E.01355
G1 X112.625 Y134.214 E.01456
G1 X112.804 Y134.493 E.01456
G1 X112.954 Y134.79 E.01456
G1 X113.072 Y135.1 E.01456
G1 X113.158 Y135.421 E.01456
G1 X113.21 Y135.748 E.01456
G1 X113.228 Y136.08 E.01456
G1 X113.212 Y136.411 E.01456
G1 X113.163 Y136.739 E.01456
G1 X113.079 Y137.061 E.01456
G1 X112.963 Y137.372 E.01456
G1 X112.718 Y137.831 E.02283
G1 X112.54 Y138.083 E.01355
G1 X112.321 Y138.333 E.01456
G1 X112.08 Y138.558 E.01449
G1 X111.814 Y138.76 E.01462
G1 X111.53 Y138.932 E.01456
G1 X111.23 Y139.073 E.01456
G1 X110.917 Y139.184 E.01456
G1 X110.594 Y139.261 E.01456
G1 X110.105 Y139.313 E.02157
G1 X109.579 Y139.287 E.02308
G1 X109.253 Y139.226 E.01456
G1 X108.934 Y139.132 E.01456
G1 X108.627 Y139.006 E.01456
G1 X108.335 Y138.849 E.01456
G1 X108.06 Y138.663 E.01456
G1 X107.806 Y138.449 E.01456
G1 X107.575 Y138.211 E.01456
G1 X107.37 Y137.95 E.01456
G1 X107.193 Y137.669 E.01456
G1 X107.046 Y137.372 E.01456
G1 X106.93 Y137.062 E.01449
G1 X106.846 Y136.739 E.01463
G1 X106.799 Y136.434 E.01355
G1 X106.78 Y136.103 E.01456
G1 X106.796 Y135.771 E.01456
G1 X106.846 Y135.443 E.01456
G1 X106.93 Y135.122 E.01456
G1 X107.046 Y134.811 E.01456
G1 X107.193 Y134.513 E.01456
G1 X107.37 Y134.233 E.01456
G1 X107.704 Y133.833 E.02283
G1 X107.948 Y133.608 E.01456
G1 X108.214 Y133.41 E.01456
G1 X108.499 Y133.24 E.01456
G1 X108.779 Y133.109 E.01355
G1 X109.092 Y132.999 E.01456
G1 X109.415 Y132.922 E.01456
G1 X109.904 Y132.869 E.02157
G1 X110.107 Y132.873 E.00889
G1 E-.8 F3600
G1 X107.551 Y135.026 F18000
G1 E.8 F3600
;TYPE:Outer wall
G1 F2400
G1 X107.554 Y135.02 E.00028
G1 X107.677 Y134.774 E.01208
G1 X107.824 Y134.542 E.01208
G1 X107.995 Y134.326 E.01208
G1 X108.188 Y134.128 E.01208
G1 X108.399 Y133.952 E.01208
G1 X108.628 Y133.798 E.01208
G1 X108.871 Y133.669 E.01208
G1 X109.126 Y133.565 E.01208
G1 X109.39 Y133.488 E.01208
G1 X109.661 Y133.439 E.01208
G1 X109.936 Y133.418 E.01208
G1 X110.206 Y133.424 E.01187
G1 X110.622 Y133.489 E.01845
G1 X110.883 Y133.565 E.01193
G1 X111.138 Y133.669 E.01208
G1 X111.381 Y133.798 E.01208
G1 X111.61 Y133.952 E.01208
G1 X111.821 Y134.128 E.01208
G1 X112.013 Y134.326 E.01208
G1 X112.184 Y134.542 E.01208
G1 X112.332 Y134.774 E.01208
G1 X112.455 Y135.02 E.01208
G1 X112.551 Y135.275 E.01194
G1 X112.647 Y135.683 E.01839
G1 X112.675 Y135.954 E.01193
G1 X112.675 Y136.229 E.01208
G1 X112.647 Y136.503 E.01208
G1 X112.591 Y136.772 E.01208
G1 X112.507 Y137.035 E.01208
G1 X112.397 Y137.287 E.01208
G1 X112.261 Y137.527 E.01208
G1 X112.102 Y137.751 E.01208
G1 X111.92 Y137.958 E.01208
G1 X111.721 Y138.142 E.01187
G1 X111.378 Y138.386 E.01845
G1 X111.138 Y138.514 E.01193
G1 X110.883 Y138.617 E.01208
G1 X110.619 Y138.694 E.01208
G1 X110.348 Y138.744 E.01208
G1 X110.073 Y138.765 E.01208
G1 X109.798 Y138.758 E.01208
G1 X109.525 Y138.723 E.01208
G1 X109.257 Y138.659 E.01208
G1 X108.997 Y138.569 E.01208
G1 X108.75 Y138.453 E.01193
G1 X108.397 Y138.228 E.01838
G1 X108.188 Y138.054 E.01194
G1 X107.995 Y137.857 E.01208
G1 X107.824 Y137.641 E.01208
G1 X107.677 Y137.409 E.01208
G1 X107.554 Y137.162 E.01208
G1 X107.458 Y136.909 E.01187
G1 X107.361 Y136.5 E.01845
G1 X107.333 Y136.229 E.01193
G1 X107.333 Y135.957 E.01194
G1 X107.387 Y135.541 E.01839
G1 X107.456 Y135.278 E.01193
G1 X107.544 Y135.045 E.01092
G1 E-.8 F3600
G1 X111.563 Y135.876 F18000
G1 E.8 F3600
G1 F2400
G1 X111.52 Y135.658 E.00975
G1 X111.43 Y135.419 E.0112
G1 X111.237 Y135.109 E.01602
G1 X111.062 Y134.923 E.0112
G1 X110.86 Y134.767 E.0112
G1 X110.532 Y134.606 E.01602
G1 X110.28 Y134.539 E.01142
G1 X109.91 Y134.517 E.01624
G1 X109.546 Y134.583 E.01624
G1 X109.309 Y134.677 E.0112
G1 X109.089 Y134.808 E.0112
G1 X108.815 Y135.056 E.01624
G1 X108.607 Y135.363 E.01624
G1 X108.506 Y135.603 E.01142
G1 X108.434 Y135.961 E.01602
G1 X108.434 Y136.216 E.0112
G1 X108.474 Y136.469 E.0112
G1 X108.602 Y136.811 E.01602
G1 X108.74 Y137.032 E.01142
G1 X108.99 Y137.298 E.01602
G1 X109.203 Y137.448 E.01142
G1 X109.536 Y137.596 E.01602
G1 X109.791 Y137.653 E.01142
G1 X110.161 Y137.66 E.01624
G1 X110.522 Y137.58 E.01624
G1 X110.756 Y137.476 E.0112
G1 X110.97 Y137.337 E.0112
G1 X111.231 Y137.081 E.01602
G1 X111.377 Y136.866 E.01142
G1 X111.521 Y136.525 E.01624
G1 X111.579 Y136.159 E.01624
G1 X111.569 Y135.904 E.0112
G1 X111.567 Y135.896 E.00035
G1 X112.1 Y135.788 F18000
;TYPE:Gap infill
;WIDTH:0.70325
G1 F2400
G1 X112.038 Y135.483 E.01979
G1 X111.907 Y135.149 E.02292
G1 X111.69 Y134.8 E.02613
G1 X111.41 Y134.5 E.02619
G1 X111.122 Y134.285 E.02293
G1 X110.703 Y134.084 E.02963
G1 X110.335 Y133.996 E.02409
G1 X109.839 Y133.974 E.03161
G1 X109.426 Y134.048 E.02674
G1 X109.09 Y134.174 E.02292
G1 X108.737 Y134.386 E.02621
G1 X108.407 Y134.688 E.02849
G1 X108.14 Y135.073 E.0299
G1 X107.979 Y135.445 E.0258
G1 X107.894 Y135.875 E.02796
G1 X107.885 Y136.234 E.0229
G1 X107.955 Y136.639 E.02616
G1 X108.097 Y137.024 E.02613
G1 X108.286 Y137.341 E.02353
G1 X108.606 Y137.69 E.03021
G1 X108.96 Y137.939 E.02759
G1 X109.396 Y138.127 E.03021
G1 X109.757 Y138.2 E.02353
G1 X110.177 Y138.208 E.02674
G1 X110.703 Y138.099 E.03423
G1 X110.994 Y137.97 E.02032
G1 X111.337 Y137.744 E.02617
G1 X111.671 Y137.41 E.03006
G1 X111.874 Y137.099 E.02368
G1 X112.058 Y136.638 E.03163
G1 X112.127 Y136.201 E.02822
G1 X112.116 Y135.864 E.02146
G1 X112.104 Y135.807 E.00369
; stop printing object separador_timon.stl id:1 copy 0
; end of layer_num: 1, T: 0, print_z: 0.240000
M106 S127
;LAYER_CHANGE
;Z:0.44
;HEIGHT:0.2
; BEFORE_LAYER_CHANGE 1 @ 0.44mm
G92 E0
; AFTER_LAYER_CHANGE 1 @ 0.44mm
M204 S2000
M104 S190 ; set nozzle temperature
; start of layer_num: 2, T: 0, print_z: 0.440000
; printing object "separador_timon.stl" id:0 copy 0
G1 E-.8 F3600
G1 X107.439 Y108.897 Z.44 F18000
G1 E.8 F3600
M204 S1000
;TYPE:Outer wall
;WIDTH:0.42
G1 F1200
G1 X107.445 Y108.88 E.00053
G1 X107.572 Y108.626 E.00874
G1 X107.726 Y108.384 E.00883
G1 X107.905 Y108.158 E.00883
G1 X108.105 Y107.953 E.00883
G1 X108.326 Y107.769 E.00883
G1 X108.564 Y107.608 E.00883
G1 X108.817 Y107.473 E.00883
G1 X109.083 Y107.365 E.00883
G1 X109.359 Y107.285 E.00883
G1 X109.642 Y107.233 E.00883
G1 X109.928 Y107.211 E.00883
G1 X110.208 Y107.218 E.00861
G1 X110.643 Y107.286 E.01353
G1 X110.917 Y107.365 E.00874
G1 X111.183 Y107.473 E.00882
G1 X111.436 Y107.608 E.00883
G1 X111.674 Y107.769 E.00883
G1 X111.895 Y107.953 E.00883
G1 X112.095 Y108.158 E.00883
G1 X112.274 Y108.384 E.00883
G1 X112.428 Y108.626 E.00883
G1 X112.556 Y108.883 E.00883
G1 X112.655 Y109.145 E.00861
G1 X112.757 Y109.574 E.01353
G1 X112.786 Y109.856 E.00874
G1 X112.786 Y110.144 E.00883
G1 X112.756 Y110.429 E.00883
G1 X112.699 Y110.704 E.00861
G1 X112.555 Y111.12 E.01353
G1 X112.428 Y111.374 E.00874
G1 X112.274 Y111.616 E.00883
G1 X112.095 Y111.842 E.00883
G1 X111.895 Y112.047 E.00883
G1 X111.674 Y112.231 E.00883
G1 X111.436 Y112.392 E.00883
G1 X111.183 Y112.527 E.00883
G1 X110.917 Y112.635 E.00883
G1 X110.641 Y112.715 E.00883
G1 X110.358 Y112.767 E.00883
G1 X110.072 Y112.789 E.00883
G1 X109.785 Y112.781 E.00883
G1 X109.5 Y112.745 E.00883
G1 X109.22 Y112.679 E.00883
G1 X108.949 Y112.584 E.00883
G1 X108.689 Y112.462 E.00883
G1 X108.443 Y112.315 E.00883
G1 X108.218 Y112.146 E.00861
G1 X107.903 Y111.839 E.01353
G1 X107.726 Y111.616 E.00874
G1 X107.572 Y111.374 E.00883
G1 X107.444 Y111.117 E.00883
G1 X107.345 Y110.855 E.00861
G1 X107.243 Y110.427 E.01353
G1 X107.214 Y110.144 E.00874
G1 X107.214 Y109.856 E.00883
G1 X107.244 Y109.571 E.00883
G1 X107.301 Y109.296 E.00861
G1 X107.433 Y108.916 E.01238
M204 S2000
G1 X107.807 Y109.033 F18000
M204 S1500
;TYPE:Inner wall
;WIDTH:0.45
G1 F1200
G1 X107.914 Y108.819 E.00792
G1 X108.046 Y108.611 E.00819
G1 X108.199 Y108.418 E.00819
G1 X108.372 Y108.241 E.00819
G1 X108.561 Y108.083 E.00819
G1 X108.766 Y107.945 E.00819
G1 X108.984 Y107.829 E.00819
G1 X109.212 Y107.736 E.00819
G1 X109.449 Y107.667 E.00819
G1 X109.692 Y107.623 E.00819
G1 X109.938 Y107.604 E.00819
G1 X110.173 Y107.61 E.00779
G1 X110.558 Y107.669 E.01293
G1 X110.788 Y107.736 E.00792
G1 X111.016 Y107.829 E.00819
G1 X111.234 Y107.945 E.00819
G1 X111.439 Y108.083 E.00819
G1 X111.628 Y108.241 E.00819
G1 X111.801 Y108.418 E.00819
G1 X111.954 Y108.611 E.00819
G1 X112.086 Y108.819 E.00819
G1 X112.197 Y109.04 E.00819
G1 X112.28 Y109.26 E.00779
G1 X112.369 Y109.639 E.01293
G1 X112.394 Y109.877 E.00792
G1 X112.394 Y110.123 E.00819
G1 X112.369 Y110.369 E.00819
G1 X112.321 Y110.599 E.00779
G1 X112.193 Y110.967 E.01293
G1 X112.086 Y111.181 E.00792
G1 X111.954 Y111.389 E.00819
G1 X111.801 Y111.582 E.00819
G1 X111.628 Y111.759 E.00819
G1 X111.439 Y111.917 E.00819
G1 X111.234 Y112.055 E.00819
G1 X111.016 Y112.171 E.00819
G1 X110.788 Y112.264 E.00819
G1 X110.551 Y112.333 E.00819
G1 X110.308 Y112.377 E.00819
G1 X110.062 Y112.396 E.00819
G1 X109.815 Y112.39 E.00819
G1 X109.57 Y112.358 E.00819
G1 X109.33 Y112.302 E.00819
G1 X109.097 Y112.221 E.00819
G1 X108.873 Y112.116 E.00819
G1 X108.662 Y111.989 E.00819
G1 X108.474 Y111.848 E.00779
G1 X108.194 Y111.576 E.01293
G1 X108.046 Y111.389 E.00792
G1 X107.914 Y111.181 E.00819
G1 X107.803 Y110.96 E.00819
G1 X107.72 Y110.74 E.00779
G1 X107.631 Y110.361 E.01293
G1 X107.606 Y110.123 E.00792
G1 X107.606 Y109.877 E.00819
G1 X107.631 Y109.631 E.00819
G1 X107.679 Y109.401 E.00779
G1 X107.801 Y109.052 E.01226
M204 S2000
G1 E-.8 F3600
G1 X111.447 Y109.81 F18000
G1 E.8 F3600
M204 S1000
;TYPE:Outer wall
;WIDTH:0.42
G1 F1200
G1 X111.37 Y109.492 E.01006
G1 X111.27 Y109.278 E.00726
G1 X111.139 Y109.086 E.00713
G1 X110.977 Y108.914 E.00726
G1 X110.7 Y108.718 E.01043
G1 X110.481 Y108.62 E.00739
G1 X110.149 Y108.547 E.01043
G1 X109.913 Y108.542 E.00726
G1 X109.679 Y108.575 E.00726
G1 X109.359 Y108.687 E.01043
G1 X109.152 Y108.81 E.00739
G1 X108.9 Y109.038 E.01043
G1 X108.757 Y109.232 E.00739
G1 X108.614 Y109.539 E.01043
G1 X108.557 Y109.773 E.00739
G1 X108.543 Y110.112 E.01043
G1 X108.581 Y110.349 E.00739
G1 X108.7 Y110.667 E.01043
G1 X108.827 Y110.872 E.00739
G1 X109.063 Y111.122 E.01056
G1 X109.351 Y111.309 E.01056
G1 X109.575 Y111.398 E.00739
G1 X109.909 Y111.458 E.01043
G1 X110.145 Y111.453 E.00726
G1 X110.378 Y111.411 E.00726
G1 X110.693 Y111.286 E.01043
G1 X110.897 Y111.153 E.00746
G1 X111.14 Y110.914 E.01049
G1 X111.322 Y110.623 E.01056
G1 X111.404 Y110.401 E.00726
G1 X111.451 Y110.17 E.00726
G1 X111.451 Y109.83 E.01045
M204 S2000
G1 X111.834 Y109.741 F18000
M204 S1500
;TYPE:Inner wall
;WIDTH:0.45
G1 F1200
G1 X111.742 Y109.361 E.01295
G1 X111.612 Y109.084 E.01018
G1 X111.446 Y108.84 E.00977
G1 X111.236 Y108.617 E.01017
G1 X110.895 Y108.375 E.01385
G1 X110.604 Y108.246 E.01057
G1 X110.196 Y108.155 E.01385
G1 X109.889 Y108.149 E.01017
G1 X109.586 Y108.192 E.01017
G1 X109.192 Y108.33 E.01385
G1 X108.918 Y108.493 E.01057
G1 X108.608 Y108.774 E.01385
G1 X108.419 Y109.03 E.01057
G1 X108.242 Y109.408 E.01385
G1 X108.167 Y109.718 E.01058
G1 X108.15 Y110.135 E.01385
G1 X108.2 Y110.45 E.01057
G1 X108.347 Y110.841 E.01385
G1 X108.515 Y111.112 E.01057
G1 X108.81 Y111.425 E.01426
G1 X109.17 Y111.659 E.01425
G1 X109.466 Y111.777 E.01058
G1 X109.877 Y111.851 E.01386
G1 X110.184 Y111.845 E.01017
G1 X110.486 Y111.79 E.01017
G1 X110.874 Y111.636 E.01387
G1 X111.143 Y111.461 E.01066
G1 X111.448 Y111.161 E.01417
G1 X111.675 Y110.797 E.01425
G1 X111.783 Y110.509 E.01017
G1 X111.843 Y110.209 E.01017
G1 X111.843 Y109.779 E.01425
G1 X111.839 Y109.76 E.00064
G1 E-.8 F3600
M204 S2000
G1 X112.1 Y109.701 F18000
G1 E.8 F3600
;TYPE:Gap infill
;WIDTH:0.177632
G1 F1200
G1 X112.018 Y109.342 E.00404
G1 X111.85 Y108.953 E.00465
G1 X111.595 Y108.599 E.0048
G1 X111.273 Y108.304 E.00479
G1 X110.9 Y108.078 E.00479
G1 X110.496 Y107.939 E.00468
G1 X110.151 Y107.882 E.00385
G1 X109.728 Y107.895 E.00465
G1 X109.304 Y107.998 E.00479
G1 X108.907 Y108.181 E.00479
G1 X108.56 Y108.444 E.00479
G1 X108.407 Y108.6 E.00239
G1 X108.187 Y108.899 E.00408
G1 X107.988 Y109.326 E.00517
G1 X107.903 Y109.687 E.00408
G1 X107.884 Y110.145 E.00503
G1 X107.944 Y110.525 E.00422
G1 X108.11 Y110.965 E.00517
G1 X108.308 Y111.279 E.00408
G1 X108.643 Y111.637 E.00538
G1 X109.002 Y111.875 E.00473
G1 X109.398 Y112.039 E.00471
G1 X109.836 Y112.119 E.00488
G1 X110.216 Y112.112 E.00417
G1 X110.565 Y112.045 E.0039
G1 X111.003 Y111.87 E.00517
G1 X111.315 Y111.664 E.00411
G1 X111.66 Y111.322 E.00534
G1 X111.919 Y110.909 E.00535
G1 X112.043 Y110.578 E.00388
G1 X112.109 Y110.229 E.0039
G1 X112.108 Y109.74 E.00537
G1 X112.104 Y109.721 E.00021
; stop printing object separador_timon.stl id:0 copy 0
; printing object "separador_timon.stl" id:1 copy 0
G1 E-.8 F3600
G1 X107.444 Y134.988 F18000
G1 E.8 F3600
M204 S1000
;TYPE:Outer wall
;WIDTH:0.42
G1 F1200
G1 X107.449 Y134.972 E.00053
G1 X107.577 Y134.717 E.00874
G1 X107.731 Y134.475 E.00883
G1 X107.909 Y134.25 E.00883
G1 X108.109 Y134.044 E.00883
G1 X108.33 Y133.86 E.00883
G1 X108.568 Y133.7 E.00883
G1 X108.822 Y133.565 E.00883
G1 X109.088 Y133.456 E.00883
G1 X109.364 Y133.376 E.00883
G1 X109.646 Y133.325 E.00883
G1 X109.933 Y133.302 E.00883
G1 X110.213 Y133.31 E.00861
G1 X110.648 Y133.377 E.01353
G1 X110.921 Y133.456 E.00874
G1 X111.187 Y133.565 E.00882
G1 X111.441 Y133.7 E.00883
G1 X111.679 Y133.86 E.00883
G1 X111.899 Y134.044 E.00883
G1 X112.1 Y134.25 E.00883
G1 X112.278 Y134.475 E.00883
G1 X112.432 Y134.717 E.00883
G1 X112.561 Y134.974 E.00883
G1 X112.66 Y135.236 E.00861
G1 X112.761 Y135.665 E.01353
G1 X112.79 Y135.948 E.00874
G1 X112.79 Y136.235 E.00883
G1 X112.761 Y136.521 E.00883
G1 X112.704 Y136.795 E.00861
G1 X112.559 Y137.211 E.01353
G1 X112.432 Y137.465 E.00874
G1 X112.278 Y137.708 E.00883
G1 X112.1 Y137.933 E.00883
G1 X111.899 Y138.139 E.00883
G1 X111.679 Y138.323 E.00883
G1 X111.441 Y138.483 E.00883
G1 X111.187 Y138.618 E.00883
G1 X110.921 Y138.726 E.00883
G1 X110.645 Y138.806 E.00883
G1 X110.363 Y138.858 E.00883
G1 X110.076 Y138.88 E.00883
G1 X109.789 Y138.873 E.00883
G1 X109.504 Y138.836 E.00883
G1 X109.225 Y138.77 E.00883
G1 X108.953 Y138.675 E.00883
G1 X108.693 Y138.554 E.00883
G1 X108.447 Y138.406 E.00883
G1 X108.223 Y138.238 E.00861
G1 X107.907 Y137.931 E.01353
G1 X107.731 Y137.708 E.00874
G1 X107.577 Y137.465 E.00883
G1 X107.448 Y137.208 E.00883
G1 X107.349 Y136.946 E.00861
G1 X107.248 Y136.518 E.01353
G1 X107.218 Y136.235 E.00874
G1 X107.218 Y135.948 E.00883
G1 X107.248 Y135.662 E.00883
G1 X107.305 Y135.388 E.00861
G1 X107.437 Y135.007 E.01238
M204 S2000
G1 X107.811 Y135.124 F18000
M204 S1500
;TYPE:Inner wall
;WIDTH:0.45
G1 F1200
G1 X107.918 Y134.911 E.00792
G1 X108.051 Y134.702 E.00819
G1 X108.204 Y134.509 E.00819
G1 X108.376 Y134.332 E.00819
G1 X108.566 Y134.174 E.00819
G1 X108.77 Y134.036 E.00819
G1 X108.988 Y133.92 E.00819
G1 X109.217 Y133.827 E.00819
G1 X109.454 Y133.758 E.00819
G1 X109.697 Y133.714 E.00819
G1 X109.943 Y133.695 E.00819
G1 X110.178 Y133.701 E.00779
G1 X110.563 Y133.76 E.01293
G1 X110.792 Y133.827 E.00792
G1 X111.021 Y133.92 E.00819
G1 X111.238 Y134.036 E.00819
G1 X111.443 Y134.174 E.00819
G1 X111.633 Y134.332 E.00819
G1 X111.805 Y134.509 E.00819
G1 X111.958 Y134.702 E.00819
G1 X112.091 Y134.911 E.00819
G1 X112.201 Y135.131 E.00819
G1 X112.284 Y135.351 E.00779
G1 X112.374 Y135.73 E.01293
G1 X112.398 Y135.968 E.00792
G1 X112.398 Y136.215 E.00819
G1 X112.373 Y136.46 E.00819
G1 X112.325 Y136.69 E.00779
G1 X112.197 Y137.058 E.01293
G1 X112.091 Y137.272 E.00792
G1 X111.958 Y137.48 E.00819
G1 X111.805 Y137.674 E.00819
G1 X111.633 Y137.85 E.00819
G1 X111.443 Y138.009 E.00819
G1 X111.238 Y138.146 E.00819
G1 X111.021 Y138.262 E.00819
G1 X110.792 Y138.355 E.00819
G1 X110.555 Y138.424 E.00819
G1 X110.312 Y138.469 E.00819
G1 X110.066 Y138.488 E.00819
G1 X109.819 Y138.481 E.00819
G1 X109.575 Y138.45 E.00819
G1 X109.334 Y138.393 E.00819
G1 X109.101 Y138.312 E.00819
G1 X108.878 Y138.207 E.00819
G1 X108.666 Y138.08 E.00819
G1 X108.478 Y137.939 E.00779
G1 X108.199 Y137.667 E.01293
G1 X108.051 Y137.48 E.00792
G1 X107.918 Y137.272 E.00819
G1 X107.808 Y137.051 E.00819
G1 X107.725 Y136.831 E.00779
G1 X107.635 Y136.452 E.01293
G1 X107.61 Y136.215 E.00792
G1 X107.61 Y135.968 E.00819
G1 X107.636 Y135.722 E.00819
G1 X107.684 Y135.492 E.00779
G1 X107.805 Y135.143 E.01226
M204 S2000
G1 E-.8 F3600
G1 X111.452 Y135.901 F18000
G1 E.8 F3600
M204 S1000
;TYPE:Outer wall
;WIDTH:0.42
G1 F1200
G1 X111.374 Y135.583 E.01006
G1 X111.274 Y135.369 E.00726
G1 X111.144 Y135.177 E.00713
G1 X110.982 Y135.005 E.00726
G1 X110.705 Y134.809 E.01043
G1 X110.485 Y134.712 E.00739
G1 X110.154 Y134.638 E.01043
G1 X109.917 Y134.633 E.00726
G1 X109.683 Y134.666 E.00726
G1 X109.363 Y134.779 E.01043
G1 X109.156 Y134.902 E.00739
G1 X108.905 Y135.129 E.01043
G1 X108.762 Y135.323 E.00739
G1 X108.618 Y135.63 E.01043
G1 X108.561 Y135.864 E.00739
G1 X108.548 Y136.203 E.01043
G1 X108.586 Y136.441 E.00739
G1 X108.705 Y136.759 E.01043
G1 X108.832 Y136.963 E.00739
G1 X109.067 Y137.213 E.01056
G1 X109.355 Y137.4 E.01056
G1 X109.579 Y137.489 E.00739
G1 X109.913 Y137.549 E.01043
G1 X110.149 Y137.545 E.00726
G1 X110.382 Y137.503 E.00726
G1 X110.698 Y137.377 E.01043
G1 X110.901 Y137.245 E.00746
G1 X111.144 Y137.006 E.01049
G1 X111.326 Y136.714 E.01056
G1 X111.409 Y136.493 E.00726
G1 X111.456 Y136.261 E.00726
G1 X111.455 Y135.921 E.01045
M204 S2000
G1 X111.838 Y135.832 F18000
M204 S1500
;TYPE:Inner wall
;WIDTH:0.45
G1 F1200
G1 X111.746 Y135.453 E.01295
G1 X111.616 Y135.175 E.01018
G1 X111.451 Y134.931 E.00977
G1 X111.24 Y134.708 E.01017
G1 X110.9 Y134.467 E.01385
G1 X110.608 Y134.337 E.01057
G1 X110.2 Y134.247 E.01385
G1 X109.894 Y134.241 E.01017
G1 X109.59 Y134.283 E.01017
G1 X109.196 Y134.422 E.01385
G1 X108.922 Y134.585 E.01057
G1 X108.613 Y134.865 E.01385
G1 X108.423 Y135.121 E.01057
G1 X108.246 Y135.5 E.01385
G1 X108.171 Y135.809 E.01058
G1 X108.154 Y136.227 E.01385
G1 X108.205 Y136.541 E.01057
G1 X108.351 Y136.933 E.01385
G1 X108.52 Y137.203 E.01057
G1 X108.814 Y137.516 E.01426
G1 X109.175 Y137.75 E.01425
G1 X109.471 Y137.868 E.01058
G1 X109.882 Y137.942 E.01386
G1 X110.188 Y137.936 E.01017
G1 X110.49 Y137.882 E.01017
G1 X110.879 Y137.727 E.01387
G1 X111.148 Y137.552 E.01066
G1 X111.453 Y137.253 E.01417
G1 X111.68 Y136.888 E.01425
G1 X111.787 Y136.601 E.01017
G1 X111.848 Y136.3 E.01017
G1 X111.848 Y135.87 E.01425
G1 X111.843 Y135.852 E.00064
M204 S2000
G1 X112.104 Y135.792 F18000
;TYPE:Gap infill
;WIDTH:0.177632
G1 F1200
G1 X112.022 Y135.433 E.00404
G1 X111.854 Y135.044 E.00465
G1 X111.599 Y134.69 E.0048
G1 X111.277 Y134.395 E.00479
G1 X110.904 Y134.169 E.00479
G1 X110.501 Y134.03 E.00468
G1 X110.155 Y133.973 E.00385
G1 X109.732 Y133.986 E.00465
G1 X109.308 Y134.089 E.00479
G1 X108.912 Y134.272 E.00479
G1 X108.564 Y134.536 E.00479
G1 X108.412 Y134.691 E.00239
G1 X108.191 Y134.991 E.00408
G1 X107.992 Y135.417 E.00517
G1 X107.907 Y135.779 E.00408
G1 X107.889 Y136.236 E.00503
G1 X107.948 Y136.616 E.00422
G1 X108.114 Y137.056 E.00517
G1 X108.312 Y137.37 E.00408
G1 X108.647 Y137.728 E.00538
G1 X109.006 Y137.966 E.00473
G1 X109.403 Y138.13 E.00471
G1 X109.84 Y138.21 E.00488
G1 X110.22 Y138.203 E.00417
G1 X110.569 Y138.136 E.0039
G1 X111.007 Y137.962 E.00517
G1 X111.319 Y137.755 E.00411
G1 X111.665 Y137.413 E.00534
G1 X111.923 Y137.001 E.00535
G1 X112.047 Y136.67 E.00388
G1 X112.114 Y136.32 E.0039
G1 X112.113 Y135.831 E.00537
G1 X112.108 Y135.812 E.00021
; stop printing object separador_timon.stl id:1 copy 0
; end of layer_num: 2, T: 0, print_z: 0.440000
M106 S255
;LAYER_CHANGE
;Z:0.64
;HEIGHT:0.2
; BEFORE_LAYER_CHANGE 2 @ 0.64mm
G92 E0
; AFTER_LAYER_CHANGE 2 @ 0.64mm
; start of layer_num: 3, T: 0, print_z: 0.640000
; printing object "separador_timon.stl" id:0 copy 0
G1 E-.8 F3600
G1 X107.44 Y108.895 Z.64 F18000
G1 E.8 F3600
M204 S1000
;TYPE:Outer wall
;WIDTH:0.42
G1 F1200
G1 X107.445 Y108.88 E.00047
G1 X107.572 Y108.626 E.00874
G1 X107.726 Y108.384 E.00883
G1 X107.905 Y108.158 E.00883
G1 X108.105 Y107.953 E.00883
G1 X108.326 Y107.769 E.00883
G1 X108.564 Y107.608 E.00883
G1 X108.817 Y107.473 E.00883
G1 X109.083 Y107.365 E.00883
G1 X109.359 Y107.285 E.00883
G1 X109.642 Y107.233 E.00883
G1 X109.928 Y107.211 E.00883
G1 X110.206 Y107.218 E.00853
G1 X110.644 Y107.286 E.01361
G1 X110.917 Y107.365 E.00874
G1 X111.183 Y107.473 E.00883
G1 X111.436 Y107.608 E.00883
G1 X111.674 Y107.769 E.00883
G1 X111.895 Y107.953 E.00883
G1 X112.095 Y108.158 E.00883
G1 X112.274 Y108.384 E.00883
G1 X112.428 Y108.626 E.00883
G1 X112.556 Y108.883 E.00883
G1 X112.654 Y109.143 E.00853
G1 X112.757 Y109.574 E.01361
G1 X112.786 Y109.856 E.00874
G1 X112.786 Y110.144 E.00883
G1 X112.756 Y110.429 E.00883
G1 X112.698 Y110.71 E.00883
G1 X112.61 Y110.984 E.00883
G1 X112.495 Y111.247 E.00883
G1 X112.354 Y111.497 E.00883
G1 X112.187 Y111.731 E.00883
G1 X111.998 Y111.947 E.00883
G1 X111.787 Y112.142 E.00883
G1 X111.557 Y112.315 E.00883
G1 X111.313 Y112.461 E.00874
G1 X110.914 Y112.636 E.0134
G1 X110.641 Y112.715 E.00874
G1 X110.358 Y112.767 E.00883
G1 X110.072 Y112.789 E.00883
G1 X109.785 Y112.781 E.00883
G1 X109.5 Y112.745 E.00882
G1 X109.22 Y112.679 E.00883
G1 X108.949 Y112.584 E.00883
G1 X108.689 Y112.462 E.00883
G1 X108.443 Y112.315 E.00883
G1 X108.22 Y112.148 E.00853
G1 X107.903 Y111.839 E.01361
G1 X107.726 Y111.616 E.00874
G1 X107.572 Y111.374 E.00883
G1 X107.444 Y111.117 E.00883
G1 X107.343 Y110.851 E.00874
G1 X107.243 Y110.427 E.0134
G1 X107.214 Y110.144 E.00874
G1 X107.214 Y109.856 E.00883
G1 X107.244 Y109.571 E.00883
G1 X107.3 Y109.299 E.00853
G1 X107.434 Y108.914 E.01253
M204 S2000
G1 X107.807 Y109.033 F18000
M204 S1500
;TYPE:Inner wall
;WIDTH:0.45
G1 F1200
G1 X107.914 Y108.819 E.00791
G1 X108.046 Y108.611 E.00819
G1 X108.199 Y108.418 E.00819
G1 X108.372 Y108.241 E.00819
G1 X108.561 Y108.083 E.00819
G1 X108.766 Y107.945 E.00819
G1 X108.984 Y107.829 E.00819
G1 X109.212 Y107.736 E.00819
G1 X109.449 Y107.667 E.00819
G1 X109.692 Y107.623 E.00819
G1 X109.938 Y107.604 E.00819
G1 X110.171 Y107.61 E.00771
G1 X110.559 Y107.669 E.01301
G1 X110.788 Y107.736 E.00791
G1 X111.016 Y107.829 E.00819
G1 X111.234 Y107.945 E.00819
G1 X111.439 Y108.083 E.00819
G1 X111.628 Y108.241 E.00819
G1 X111.801 Y108.418 E.00819
G1 X111.954 Y108.611 E.00819
G1 X112.086 Y108.819 E.00819
G1 X112.197 Y109.04 E.00819
G1 X112.279 Y109.258 E.00771
G1 X112.369 Y109.639 E.01301
G1 X112.394 Y109.877 E.00791
G1 X112.394 Y110.123 E.00819
G1 X112.369 Y110.369 E.00819
G1 X112.318 Y110.61 E.00819
G1 X112.243 Y110.846 E.00819
G1 X112.144 Y111.072 E.00819
G1 X112.023 Y111.287 E.00819
G1 X111.88 Y111.488 E.00819
G1 X111.717 Y111.673 E.00819
G1 X111.536 Y111.841 E.00819
G1 X111.338 Y111.989 E.00819
G1 X111.133 Y112.112 E.00793
G1 X110.78 Y112.266 E.01279
G1 X110.551 Y112.333 E.00793
G1 X110.308 Y112.377 E.00819
G1 X110.062 Y112.396 E.00819
G1 X109.815 Y112.39 E.00819
G1 X109.57 Y112.358 E.00819
G1 X109.33 Y112.302 E.00819
G1 X109.097 Y112.221 E.00819
G1 X108.873 Y112.116 E.00819
G1 X108.662 Y111.989 E.00819
G1 X108.476 Y111.849 E.00771
G1 X108.194 Y111.576 E.01301
G1 X108.046 Y111.389 E.00791
G1 X107.914 Y111.181 E.00819
G1 X107.803 Y110.96 E.00819
G1 X107.719 Y110.736 E.00793
G1 X107.631 Y110.361 E.01279
G1 X107.606 Y110.123 E.00793
G1 X107.606 Y109.877 E.00819
G1 X107.631 Y109.631 E.00819
G1 X107.679 Y109.403 E.00771
G1 X107.801 Y109.052 E.01235
M204 S2000
G1 E-.8 F3600
G1 X111.441 Y109.8 F18000
G1 E.8 F3600
M204 S1000
;TYPE:Outer wall
;WIDTH:0.42
G1 F1200
G1 X111.432 Y109.709 E.00281
G1 X111.322 Y109.377 E.01074
G1 X111.142 Y109.089 E.01044
G1 X110.977 Y108.914 E.00739
G1 X110.7 Y108.718 E.01044
G1 X110.477 Y108.619 E.00751
G1 X110.149 Y108.547 E.01031
G1 X109.913 Y108.542 E.00726
G1 X109.683 Y108.574 E.00713
G1 X109.457 Y108.644 E.00726
G1 X109.159 Y108.805 E.01043
G1 X108.977 Y108.957 E.00726
G1 X108.822 Y109.135 E.00726
G1 X108.653 Y109.434 E.01056
G1 X108.558 Y109.764 E.01056
G1 X108.539 Y110.004 E.00739
G1 X108.579 Y110.341 E.01043
G1 X108.653 Y110.566 E.00727
G1 X108.764 Y110.779 E.00738
G1 X108.974 Y111.04 E.01031
G1 X109.159 Y111.195 E.00739
G1 X109.457 Y111.356 E.01043
G1 X109.687 Y111.427 E.00739
G1 X110.025 Y111.461 E.01043
G1 X110.264 Y111.437 E.00739
G1 X110.589 Y111.337 E.01044
G1 X110.803 Y111.22 E.00751
G1 X111.061 Y111.005 E.01031
G1 X111.211 Y110.817 E.00739
G1 X111.367 Y110.516 E.01043
G1 X111.432 Y110.286 E.00733
G1 X111.461 Y110 E.00885
G1 X111.443 Y109.82 E.00555
M204 S2000
G1 X111.822 Y109.664 F18000
M204 S1500
;TYPE:Inner wall
;WIDTH:0.45
G1 F1200
G1 X111.818 Y109.627 E.00122
G1 X111.679 Y109.21 E.01459
G1 X111.454 Y108.849 E.01411
G1 X111.236 Y108.617 E.01056
G1 X110.895 Y108.375 E.01388
G1 X110.599 Y108.245 E.0107
G1 X110.196 Y108.155 E.01371
G1 X109.889 Y108.149 E.01016
G1 X109.598 Y108.19 E.00977
G1 X109.305 Y108.28 E.01017
G1 X108.937 Y108.479 E.01385
G1 X108.702 Y108.676 E.01017
G1 X108.501 Y108.907 E.01017
G1 X108.288 Y109.281 E.01426
G1 X108.17 Y109.694 E.01426
G1 X108.145 Y110.012 E.01057
G1 X108.195 Y110.427 E.01385
G1 X108.291 Y110.719 E.01019
G1 X108.434 Y110.994 E.0103
G1 X108.693 Y111.316 E.01371
G1 X108.937 Y111.521 E.01056
G1 X109.305 Y111.72 E.01385
G1 X109.609 Y111.813 E.01057
G1 X110.025 Y111.855 E.01385
G1 X110.342 Y111.823 E.01057
G1 X110.742 Y111.7 E.01388
G1 X111.025 Y111.546 E.0107
G1 X111.342 Y111.28 E.01371
G1 X111.541 Y111.032 E.01056
G1 X111.733 Y110.661 E.01385
G1 X111.819 Y110.36 E.01037
G1 X111.855 Y110 E.01202
G1 X111.824 Y109.684 E.01055
G1 E-.8 F3600
M204 S2000
G1 X112.083 Y109.62 F18000
G1 E.8 F3600
;TYPE:Gap infill
;WIDTH:0.175186
G1 F1200
G1 X112.014 Y109.341 E.0031
G1 X111.846 Y108.955 E.00453
G1 X111.595 Y108.599 E.0047
G1 X111.273 Y108.304 E.0047
G1 X110.9 Y108.078 E.0047
G1 X110.497 Y107.939 E.00459
G1 X110.148 Y107.882 E.0038
G1 X109.728 Y107.895 E.00454
G1 X109.303 Y107.995 E.00471
G1 X108.908 Y108.182 E.0047
G1 X108.557 Y108.441 E.0047
G1 X108.268 Y108.769 E.00471
G1 X108.043 Y109.17 E.00495
G1 X107.91 Y109.641 E.00528
G1 X107.878 Y110.011 E.004
G1 X107.932 Y110.479 E.00507
G1 X108.044 Y110.817 E.00384
G1 X108.207 Y111.135 E.00385
G1 X108.507 Y111.508 E.00516
G1 X108.793 Y111.744 E.004
G1 X109.004 Y111.871 E.00265
G1 X109.207 Y111.967 E.00243
G1 X109.563 Y112.075 E.004
G1 X110.019 Y112.12 E.00494
G1 X110.389 Y112.086 E.004
G1 X110.851 Y111.944 E.00522
G1 X111.18 Y111.762 E.00405
G1 X111.528 Y111.471 E.00489
G1 X111.767 Y111.172 E.00413
G1 X111.978 Y110.765 E.00494
G1 X112.08 Y110.416 E.00392
G1 X112.122 Y110.006 E.00444
G1 X112.099 Y109.683 E.00349
G1 X112.088 Y109.639 E.00049
; stop printing object separador_timon.stl id:0 copy 0
; printing object "separador_timon.stl" id:1 copy 0
G1 E-.8 F3600
G1 X107.444 Y134.986 F18000
G1 E.8 F3600
M204 S1000
;TYPE:Outer wall
;WIDTH:0.42
G1 F1200
G1 X107.449 Y134.972 E.00047
G1 X107.577 Y134.717 E.00874
G1 X107.731 Y134.475 E.00883
G1 X107.909 Y134.25 E.00883
G1 X108.109 Y134.044 E.00883
G1 X108.33 Y133.86 E.00883
G1 X108.568 Y133.7 E.00883
G1 X108.822 Y133.565 E.00883
G1 X109.088 Y133.456 E.00883
G1 X109.364 Y133.376 E.00883
G1 X109.646 Y133.325 E.00883
G1 X109.933 Y133.302 E.00883
G1 X110.21 Y133.309 E.00853
G1 X110.648 Y133.377 E.01361
G1 X110.921 Y133.456 E.00874
G1 X111.187 Y133.565 E.00883
G1 X111.441 Y133.7 E.00883
G1 X111.679 Y133.86 E.00883
G1 X111.899 Y134.044 E.00883
G1 X112.1 Y134.25 E.00883
G1 X112.278 Y134.475 E.00883
G1 X112.432 Y134.717 E.00883
G1 X112.561 Y134.974 E.00883
G1 X112.659 Y135.234 E.00853
G1 X112.761 Y135.665 E.01361
G1 X112.79 Y135.948 E.00874
G1 X112.79 Y136.235 E.00883
G1 X112.761 Y136.521 E.00883
G1 X112.702 Y136.802 E.00883
G1 X112.615 Y137.075 E.00883
G1 X112.5 Y137.339 E.00883
G1 X112.358 Y137.588 E.00883
G1 X112.192 Y137.823 E.00883
G1 X112.002 Y138.038 E.00883
G1 X111.791 Y138.233 E.00883
G1 X111.562 Y138.406 E.00883
G1 X111.318 Y138.552 E.00874
G1 X110.918 Y138.727 E.0134
G1 X110.645 Y138.806 E.00874
G1 X110.363 Y138.858 E.00883
G1 X110.076 Y138.88 E.00883
G1 X109.789 Y138.873 E.00883
G1 X109.504 Y138.836 E.00882
G1 X109.225 Y138.77 E.00883
G1 X108.953 Y138.675 E.00883
G1 X108.693 Y138.554 E.00883
G1 X108.447 Y138.406 E.00883
G1 X108.225 Y138.239 E.00853
G1 X107.907 Y137.931 E.01361
G1 X107.731 Y137.708 E.00874
G1 X107.577 Y137.465 E.00883
G1 X107.448 Y137.208 E.00883
G1 X107.348 Y136.942 E.00874
G1 X107.248 Y136.518 E.0134
G1 X107.218 Y136.235 E.00874
G1 X107.218 Y135.948 E.00883
G1 X107.248 Y135.662 E.00883
G1 X107.305 Y135.39 E.00853
G1 X107.438 Y135.005 E.01253
M204 S2000
G1 X107.812 Y135.124 F18000
M204 S1500
;TYPE:Inner wall
;WIDTH:0.45
G1 F1200
G1 X107.918 Y134.911 E.00791
G1 X108.051 Y134.702 E.00819
G1 X108.204 Y134.509 E.00819
G1 X108.376 Y134.332 E.00819
G1 X108.566 Y134.174 E.00819
G1 X108.77 Y134.036 E.00819
G1 X108.988 Y133.92 E.00819
G1 X109.217 Y133.827 E.00819
G1 X109.454 Y133.758 E.00819
G1 X109.697 Y133.714 E.00819
G1 X109.943 Y133.695 E.00819
G1 X110.175 Y133.701 E.00771
G1 X110.563 Y133.761 E.01301
G1 X110.792 Y133.827 E.00791
G1 X111.021 Y133.92 E.00819
G1 X111.238 Y134.036 E.00819
G1 X111.443 Y134.174 E.00819
G1 X111.633 Y134.332 E.00819
G1 X111.805 Y134.509 E.00819
G1 X111.958 Y134.702 E.00819
G1 X112.091 Y134.911 E.00819
G1 X112.201 Y135.131 E.00819
G1 X112.283 Y135.349 E.00771
G1 X112.374 Y135.731 E.01301
G1 X112.398 Y135.968 E.00791
G1 X112.398 Y136.215 E.00819
G1 X112.373 Y136.46 E.00819
G1 X112.322 Y136.702 E.00819
G1 X112.247 Y136.937 E.00819
G1 X112.149 Y137.163 E.00819
G1 X112.027 Y137.378 E.00819
G1 X111.884 Y137.579 E.00819
G1 X111.721 Y137.764 E.00819
G1 X111.54 Y137.932 E.00819
G1 X111.343 Y138.08 E.00819
G1 X111.138 Y138.203 E.00793
G1 X110.784 Y138.357 E.01279
G1 X110.555 Y138.424 E.00793
G1 X110.312 Y138.469 E.00819
G1 X110.066 Y138.488 E.00819
G1 X109.819 Y138.481 E.00819
G1 X109.575 Y138.45 E.00819
G1 X109.334 Y138.393 E.00819
G1 X109.101 Y138.312 E.00819
G1 X108.878 Y138.207 E.00819
G1 X108.666 Y138.08 E.00819
G1 X108.48 Y137.941 E.00771
G1 X108.199 Y137.667 E.01301
G1 X108.051 Y137.48 E.00791
G1 X107.918 Y137.272 E.00819
G1 X107.808 Y137.051 E.00819
G1 X107.724 Y136.828 E.00793
G1 X107.635 Y136.452 E.01279
G1 X107.61 Y136.215 E.00793
G1 X107.61 Y135.968 E.00819
G1 X107.636 Y135.722 E.00819
G1 X107.683 Y135.495 E.00771
G1 X107.805 Y135.143 E.01235
M204 S2000
G1 E-.8 F3600
G1 X111.445 Y135.891 F18000
G1 E.8 F3600
M204 S1000
;TYPE:Outer wall
;WIDTH:0.42
G1 F1200
G1 X111.436 Y135.8 E.00281
G1 X111.326 Y135.469 E.01074
G1 X111.147 Y135.18 E.01044
G1 X110.982 Y135.005 E.00739
G1 X110.705 Y134.809 E.01044
G1 X110.481 Y134.71 E.00751
G1 X110.153 Y134.638 E.01031
G1 X109.917 Y134.633 E.00726
G1 X109.687 Y134.665 E.00713
G1 X109.462 Y134.735 E.00726
G1 X109.163 Y134.897 E.01043
G1 X108.982 Y135.048 E.00726
G1 X108.827 Y135.227 E.00726
G1 X108.657 Y135.525 E.01056
G1 X108.562 Y135.856 E.01056
G1 X108.543 Y136.095 E.00739
G1 X108.584 Y136.432 E.01043
G1 X108.658 Y136.657 E.00727
G1 X108.769 Y136.87 E.00738
G1 X108.979 Y137.132 E.01031
G1 X109.163 Y137.286 E.00739
G1 X109.462 Y137.448 E.01043
G1 X109.691 Y137.518 E.00739
G1 X110.029 Y137.552 E.01043
G1 X110.269 Y137.528 E.00739
G1 X110.593 Y137.428 E.01044
G1 X110.808 Y137.311 E.00751
G1 X111.065 Y137.096 E.01031
G1 X111.215 Y136.909 E.00739
G1 X111.371 Y136.607 E.01043
G1 X111.437 Y136.378 E.00733
G1 X111.465 Y136.091 E.00885
G1 X111.447 Y135.911 E.00555
M204 S2000
G1 X111.826 Y135.755 F18000
M204 S1500
;TYPE:Inner wall
;WIDTH:0.45
G1 F1200
G1 X111.822 Y135.718 E.00122
G1 X111.684 Y135.301 E.01459
G1 X111.459 Y134.94 E.01411
G1 X111.24 Y134.708 E.01056
G1 X110.899 Y134.466 E.01388
G1 X110.604 Y134.336 E.0107
G1 X110.2 Y134.247 E.01371
G1 X109.894 Y134.241 E.01016
G1 X109.602 Y134.281 E.00977
G1 X109.309 Y134.372 E.01017
G1 X108.942 Y134.571 E.01385
G1 X108.706 Y134.767 E.01017
G1 X108.505 Y134.999 E.01017
G1 X108.293 Y135.372 E.01426
G1 X108.175 Y135.786 E.01426
G1 X108.149 Y136.103 E.01057
G1 X108.199 Y136.518 E.01385
G1 X108.295 Y136.81 E.01019
G1 X108.439 Y137.086 E.0103
G1 X108.697 Y137.408 E.01371
G1 X108.942 Y137.612 E.01056
G1 X109.309 Y137.811 E.01385
G1 X109.614 Y137.905 E.01057
G1 X110.029 Y137.946 E.01385
G1 X110.346 Y137.914 E.01057
G1 X110.746 Y137.792 E.01388
G1 X111.03 Y137.637 E.0107
G1 X111.346 Y137.372 E.01371
G1 X111.546 Y137.123 E.01056
G1 X111.738 Y136.752 E.01385
G1 X111.823 Y136.452 E.01037
G1 X111.859 Y136.091 E.01202
G1 X111.828 Y135.775 E.01055
M204 S2000
G1 X112.087 Y135.711 F18000
;TYPE:Gap infill
;WIDTH:0.175186
G1 F1200
G1 X112.019 Y135.432 E.0031
G1 X111.85 Y135.047 E.00453
G1 X111.599 Y134.69 E.0047
G1 X111.277 Y134.395 E.0047
G1 X110.904 Y134.169 E.0047
G1 X110.501 Y134.03 E.00459
G1 X110.153 Y133.973 E.0038
G1 X109.732 Y133.986 E.00454
G1 X109.307 Y134.086 E.00471
G1 X108.913 Y134.273 E.0047
G1 X108.562 Y134.533 E.0047
G1 X108.272 Y134.86 E.00471
G1 X108.048 Y135.261 E.00495
G1 X107.914 Y135.732 E.00528
G1 X107.883 Y136.102 E.004
G1 X107.937 Y136.57 E.00507
G1 X108.048 Y136.909 E.00384
G1 X108.211 Y137.226 E.00385
G1 X108.511 Y137.599 E.00516
G1 X108.798 Y137.835 E.004
G1 X109.008 Y137.962 E.00265
G1 X109.212 Y138.058 E.00243
G1 X109.567 Y138.167 E.004
G1 X110.023 Y138.212 E.00494
G1 X110.393 Y138.177 E.004
G1 X110.856 Y138.035 E.00522
G1 X111.184 Y137.853 E.00405
G1 X111.532 Y137.562 E.00489
G1 X111.772 Y137.263 E.00413
G1 X111.982 Y136.856 E.00494
G1 X112.084 Y136.507 E.00392
G1 X112.127 Y136.097 E.00444
G1 X112.103 Y135.775 E.00349
G1 X112.092 Y135.73 E.00049
; stop printing object separador_timon.stl id:1 copy 0
; end of layer_num: 3, T: 0, print_z: 0.640000
;LAYER_CHANGE
;Z:0.84
;HEIGHT:0.2
; BEFORE_LAYER_CHANGE 3 @ 0.84mm
G92 E0
; AFTER_LAYER_CHANGE 3 @ 0.84mm
; start of layer_num: 4, T: 0, print_z: 0.840000
; printing object "separador_timon.stl" id:0 copy 0
G1 E-.8 F3600
G1 X107.447 Y108.883 Z.84 F18000
G1 E.8 F3600
M204 S1000
;TYPE:Outer wall
;WIDTH:0.42
G1 F1200
G1 X107.5 Y108.764 E.00401
G1 X107.728 Y108.381 E.01369
G1 X107.905 Y108.158 E.00873
G1 X108.105 Y107.953 E.00883
G1 X108.326 Y107.769 E.00883
G1 X108.564 Y107.608 E.00882
G1 X108.817 Y107.473 E.00883
G1 X109.083 Y107.365 E.00883
G1 X109.359 Y107.285 E.00883
G1 X109.642 Y107.233 E.00883
G1 X109.928 Y107.211 E.00883
G1 X110.203 Y107.218 E.00846
G1 X110.644 Y107.286 E.01369
G1 X110.917 Y107.365 E.00874
G1 X111.183 Y107.473 E.00883
G1 X111.436 Y107.608 E.00883
G1 X111.674 Y107.769 E.00883
G1 X111.895 Y107.953 E.00883
G1 X112.095 Y108.158 E.00883
G1 X112.274 Y108.384 E.00883
G1 X112.428 Y108.626 E.00883
G1 X112.556 Y108.883 E.00883
G1 X112.658 Y109.152 E.00883
G1 X112.731 Y109.429 E.00883
G1 X112.773 Y109.701 E.00846
G1 X112.786 Y110.147 E.01369
G1 X112.756 Y110.429 E.00874
G1 X112.698 Y110.71 E.00883
G1 X112.61 Y110.984 E.00883
G1 X112.495 Y111.247 E.00883
G1 X112.354 Y111.497 E.00883
G1 X112.187 Y111.731 E.00883
G1 X111.998 Y111.947 E.00883
G1 X111.787 Y112.142 E.00883
G1 X111.557 Y112.315 E.00883
G1 X111.313 Y112.461 E.00874
G1 X110.914 Y112.636 E.0134
G1 X110.641 Y112.715 E.00874
G1 X110.358 Y112.767 E.00883
G1 X110.072 Y112.789 E.00882
G1 X109.785 Y112.781 E.00883
G1 X109.5 Y112.745 E.00882
G1 X109.22 Y112.679 E.00883
G1 X108.949 Y112.584 E.00883
G1 X108.689 Y112.462 E.00883
G1 X108.443 Y112.315 E.00883
G1 X108.222 Y112.15 E.00846
G1 X107.903 Y111.839 E.01368
G1 X107.726 Y111.616 E.00874
G1 X107.572 Y111.374 E.00883
G1 X107.444 Y111.117 E.00883
G1 X107.342 Y110.848 E.00883
G1 X107.269 Y110.571 E.00883
G1 X107.227 Y110.299 E.00846
G1 X107.214 Y109.853 E.01369
G1 X107.244 Y109.571 E.00874
G1 X107.302 Y109.29 E.00883
G1 X107.39 Y109.016 E.00883
G1 X107.439 Y108.902 E.00383
M204 S2000
G1 X107.807 Y109.04 F18000
M204 S1500
;TYPE:Inner wall
;WIDTH:0.45
G1 F1200
G1 X107.849 Y108.943 E.0035
G1 X108.052 Y108.604 E.01309
G1 X108.199 Y108.418 E.00791
G1 X108.372 Y108.241 E.00819
G1 X108.561 Y108.083 E.00819
G1 X108.766 Y107.945 E.00819
G1 X108.984 Y107.829 E.00819
G1 X109.212 Y107.736 E.00819
G1 X109.449 Y107.667 E.00819
G1 X109.692 Y107.623 E.00819
G1 X109.939 Y107.604 E.00819
G1 X110.169 Y107.609 E.00763
G1 X110.559 Y107.669 E.01309
G1 X110.788 Y107.736 E.00791
G1 X111.016 Y107.829 E.00819
G1 X111.234 Y107.945 E.00819
G1 X111.439 Y108.083 E.00819
G1 X111.628 Y108.241 E.00819
G1 X111.801 Y108.418 E.00819
G1 X111.954 Y108.611 E.00819
G1 X112.086 Y108.819 E.00819
G1 X112.197 Y109.04 E.00819
G1 X112.284 Y109.271 E.00819
G1 X112.346 Y109.51 E.00819
G1 X112.382 Y109.737 E.00763
G1 X112.393 Y110.132 E.01309
G1 X112.369 Y110.369 E.00791
G1 X112.318 Y110.61 E.00819
G1 X112.243 Y110.846 E.00819
G1 X112.144 Y111.072 E.00819
G1 X112.023 Y111.287 E.00819
G1 X111.88 Y111.488 E.00819
G1 X111.717 Y111.673 E.00819
G1 X111.536 Y111.841 E.00819
G1 X111.338 Y111.989 E.00819
G1 X111.133 Y112.112 E.00793
G1 X110.78 Y112.266 E.01278
G1 X110.551 Y112.333 E.00793
G1 X110.308 Y112.377 E.00819
G1 X110.062 Y112.396 E.00819
G1 X109.815 Y112.39 E.00819
G1 X109.57 Y112.358 E.00819
G1 X109.33 Y112.302 E.00819
G1 X109.097 Y112.221 E.00819
G1 X108.873 Y112.116 E.00819
G1 X108.662 Y111.989 E.0082
G1 X108.477 Y111.851 E.00763
G1 X108.194 Y111.576 E.01309
G1 X108.046 Y111.389 E.00791
G1 X107.914 Y111.181 E.00819
G1 X107.803 Y110.96 E.00819
G1 X107.716 Y110.729 E.00819
G1 X107.654 Y110.49 E.00819
G1 X107.618 Y110.263 E.00763
G1 X107.607 Y109.868 E.01309
G1 X107.631 Y109.631 E.00791
G1 X107.682 Y109.39 E.00819
G1 X107.757 Y109.154 E.0082
G1 X107.799 Y109.058 E.00347
M204 S2000
G1 E-.8 F3600
G1 X111.448 Y109.814 F18000
G1 E.8 F3600
M204 S1000
;TYPE:Outer wall
;WIDTH:0.42
G1 F1200
G1 X111.404 Y109.599 E.00674
G1 X111.322 Y109.377 E.00726
G1 X111.142 Y109.089 E.01044
G1 X110.973 Y108.911 E.00755
G1 X110.7 Y108.718 E.01027
G1 X110.481 Y108.62 E.00739
G1 X110.149 Y108.547 E.01043
G1 X109.909 Y108.542 E.00739
G1 X109.575 Y108.602 E.01043
G1 X109.355 Y108.689 E.00726
G1 X109.152 Y108.81 E.00726
G1 X108.897 Y109.041 E.01056
G1 X108.704 Y109.325 E.01056
G1 X108.613 Y109.543 E.00727
G1 X108.556 Y109.778 E.00742
G1 X108.543 Y110.112 E.01027
G1 X108.581 Y110.349 E.00739
G1 X108.702 Y110.671 E.01056
G1 X108.895 Y110.956 E.01057
G1 X109.071 Y111.127 E.00755
G1 X109.352 Y111.309 E.01028
G1 X109.58 Y111.399 E.00754
G1 X109.909 Y111.458 E.01027
G1 X110.149 Y111.453 E.00739
G1 X110.481 Y111.38 E.01043
G1 X110.7 Y111.282 E.00739
G1 X110.977 Y111.086 E.01043
G1 X111.142 Y110.911 E.00739
G1 X111.322 Y110.623 E.01043
G1 X111.404 Y110.401 E.00726
G1 X111.451 Y110.17 E.00726
G1 X111.451 Y109.833 E.01033
M204 S2000
G1 X111.837 Y109.758 F18000
M204 S1500
;TYPE:Inner wall
;WIDTH:0.45
G1 F1200
G1 X111.783 Y109.491 E.00905
G1 X111.675 Y109.203 E.01017
G1 X111.454 Y108.848 E.01388
G1 X111.231 Y108.613 E.01075
G1 X110.895 Y108.375 E.01366
G1 X110.604 Y108.246 E.01056
G1 X110.196 Y108.155 E.01385
G1 X109.877 Y108.149 E.01057
G1 X109.466 Y108.223 E.01385
G1 X109.181 Y108.337 E.01017
G1 X108.918 Y108.493 E.01017
G1 X108.599 Y108.782 E.01426
G1 X108.358 Y109.137 E.01426
G1 X108.239 Y109.421 E.0102
G1 X108.166 Y109.724 E.01035
G1 X108.15 Y110.136 E.01366
G1 X108.2 Y110.45 E.01056
G1 X108.351 Y110.853 E.01426
G1 X108.593 Y111.209 E.01429
G1 X108.825 Y111.435 E.01075
G1 X109.171 Y111.66 E.01369
G1 X109.473 Y111.778 E.01074
G1 X109.878 Y111.851 E.01366
G1 X110.196 Y111.845 E.01056
G1 X110.604 Y111.754 E.01385
G1 X110.895 Y111.625 E.01057
G1 X111.236 Y111.383 E.01385
G1 X111.454 Y111.151 E.01057
G1 X111.675 Y110.797 E.01385
G1 X111.783 Y110.509 E.01017
G1 X111.843 Y110.209 E.01017
G1 X111.843 Y109.791 E.01385
G1 X111.84 Y109.778 E.00046
G1 E-.8 F3600
M204 S2000
G1 X112.103 Y109.72 F18000
G1 E.8 F3600
;TYPE:Gap infill
;WIDTH:0.17755
G1 F1200
G1 X112.023 Y109.354 E.00411
G1 X111.911 Y109.08 E.00325
G1 X111.661 Y108.68 E.00518
G1 X111.401 Y108.408 E.00414
G1 X111.021 Y108.141 E.00509
G1 X110.681 Y107.992 E.00407
G1 X110.222 Y107.888 E.00517
G1 X109.85 Y107.884 E.00408
G1 X109.387 Y107.968 E.00516
G1 X109.059 Y108.1 E.00387
G1 X108.755 Y108.283 E.0039
G1 X108.56 Y108.444 E.00277
G1 X108.394 Y108.613 E.00259
G1 X108.119 Y109.015 E.00535
G1 X107.983 Y109.343 E.00389
G1 X107.902 Y109.694 E.00396
G1 X107.882 Y110.146 E.00496
G1 X107.944 Y110.524 E.00421
G1 X108.117 Y110.982 E.00537
G1 X108.39 Y111.388 E.00536
G1 X108.652 Y111.644 E.00402
G1 X109.002 Y111.875 E.0046
G1 X109.405 Y112.041 E.00479
G1 X109.836 Y112.119 E.0048
G1 X110.235 Y112.111 E.00437
G1 X110.69 Y112.011 E.00511
G1 X111.007 Y111.871 E.00381
G1 X111.36 Y111.63 E.00469
G1 X111.667 Y111.32 E.00479
G1 X111.9 Y110.95 E.0048
G1 X112.054 Y110.541 E.00479
G1 X112.118 Y110.12 E.00468
G1 X112.113 Y109.764 E.0039
G1 X112.107 Y109.74 E.00027
; stop printing object separador_timon.stl id:0 copy 0
; printing object "separador_timon.stl" id:1 copy 0
G1 E-.8 F3600
G1 X107.452 Y134.974 F18000
G1 E.8 F3600
M204 S1000
;TYPE:Outer wall
;WIDTH:0.42
G1 F1200
G1 X107.504 Y134.855 E.00401
G1 X107.733 Y134.473 E.01369
G1 X107.909 Y134.25 E.00873
G1 X108.109 Y134.044 E.00883
G1 X108.33 Y133.86 E.00883
G1 X108.568 Y133.7 E.00882
G1 X108.822 Y133.565 E.00883
G1 X109.088 Y133.456 E.00883
G1 X109.364 Y133.376 E.00883
G1 X109.646 Y133.325 E.00883
G1 X109.933 Y133.302 E.00883
G1 X110.208 Y133.309 E.00846
G1 X110.648 Y133.377 E.01369
G1 X110.921 Y133.456 E.00874
G1 X111.187 Y133.565 E.00883
G1 X111.441 Y133.7 E.00883
G1 X111.679 Y133.86 E.00883
G1 X111.899 Y134.044 E.00883
G1 X112.1 Y134.25 E.00883
G1 X112.278 Y134.475 E.00883
G1 X112.432 Y134.717 E.00883
G1 X112.561 Y134.974 E.00883
G1 X112.662 Y135.243 E.00883
G1 X112.735 Y135.521 E.00883
G1 X112.778 Y135.793 E.00846
G1 X112.79 Y136.238 E.01369
G1 X112.761 Y136.521 E.00874
G1 X112.702 Y136.802 E.00883
G1 X112.615 Y137.075 E.00883
G1 X112.5 Y137.339 E.00883
G1 X112.358 Y137.589 E.00883
G1 X112.192 Y137.823 E.00883
G1 X112.002 Y138.038 E.00883
G1 X111.791 Y138.233 E.00883
G1 X111.562 Y138.406 E.00883
G1 X111.318 Y138.552 E.00874
G1 X110.918 Y138.727 E.0134
G1 X110.645 Y138.806 E.00874
G1 X110.363 Y138.858 E.00883
G1 X110.076 Y138.88 E.00882
G1 X109.789 Y138.873 E.00883
G1 X109.504 Y138.836 E.00882
G1 X109.225 Y138.77 E.00883
G1 X108.953 Y138.675 E.00883
G1 X108.693 Y138.554 E.00883
G1 X108.447 Y138.406 E.00883
G1 X108.227 Y138.241 E.00846
G1 X107.907 Y137.931 E.01368
G1 X107.731 Y137.708 E.00874
G1 X107.577 Y137.465 E.00883
G1 X107.448 Y137.208 E.00883
G1 X107.347 Y136.94 E.00883
G1 X107.274 Y136.662 E.00883
G1 X107.231 Y136.39 E.00846
G1 X107.219 Y135.945 E.01369
G1 X107.248 Y135.662 E.00874
G1 X107.307 Y135.381 E.00883
G1 X107.394 Y135.107 E.00883
G1 X107.444 Y134.993 E.00383
M204 S2000
G1 X107.811 Y135.131 F18000
M204 S1500
;TYPE:Inner wall
;WIDTH:0.45
G1 F1200
G1 X107.853 Y135.034 E.0035
G1 X108.056 Y134.696 E.01309
G1 X108.204 Y134.509 E.00791
G1 X108.376 Y134.332 E.00819
G1 X108.566 Y134.174 E.00819
G1 X108.77 Y134.036 E.00819
G1 X108.988 Y133.92 E.00819
G1 X109.217 Y133.827 E.00819
G1 X109.454 Y133.758 E.00819
G1 X109.697 Y133.714 E.00819
G1 X109.943 Y133.695 E.00819
G1 X110.173 Y133.701 E.00763
G1 X110.563 Y133.761 E.01309
G1 X110.792 Y133.827 E.00791
G1 X111.021 Y133.92 E.00819
G1 X111.238 Y134.036 E.00819
G1 X111.443 Y134.174 E.00819
G1 X111.633 Y134.332 E.00819
G1 X111.805 Y134.509 E.00819
G1 X111.958 Y134.702 E.00819
G1 X112.091 Y134.911 E.00819
G1 X112.201 Y135.131 E.00819
G1 X112.288 Y135.362 E.00819
G1 X112.351 Y135.601 E.00819
G1 X112.386 Y135.829 E.00763
G1 X112.397 Y136.223 E.01309
G1 X112.373 Y136.46 E.00791
G1 X112.322 Y136.702 E.00819
G1 X112.247 Y136.937 E.00819
G1 X112.149 Y137.163 E.00819
G1 X112.027 Y137.378 E.00819
G1 X111.884 Y137.579 E.00819
G1 X111.721 Y137.764 E.00819
G1 X111.54 Y137.932 E.00819
G1 X111.343 Y138.08 E.00819
G1 X111.138 Y138.203 E.00793
G1 X110.784 Y138.357 E.01278
G1 X110.555 Y138.424 E.00793
G1 X110.312 Y138.469 E.00819
G1 X110.066 Y138.488 E.00819
G1 X109.819 Y138.481 E.00819
G1 X109.575 Y138.45 E.00819
G1 X109.334 Y138.393 E.00819
G1 X109.101 Y138.312 E.00819
G1 X108.878 Y138.207 E.00819
G1 X108.666 Y138.08 E.0082
G1 X108.482 Y137.942 E.00763
G1 X108.199 Y137.667 E.01309
G1 X108.051 Y137.48 E.00791
G1 X107.918 Y137.272 E.00819
G1 X107.808 Y137.051 E.00819
G1 X107.721 Y136.82 E.00819
G1 X107.658 Y136.581 E.00819
G1 X107.622 Y136.354 E.00763
G1 X107.611 Y135.959 E.01309
G1 X107.636 Y135.722 E.00791
G1 X107.686 Y135.481 E.00819
G1 X107.761 Y135.245 E.0082
G1 X107.803 Y135.15 E.00347
M204 S2000
G1 E-.8 F3600
G1 X111.452 Y135.905 F18000
G1 E.8 F3600
M204 S1000
;TYPE:Outer wall
;WIDTH:0.42
G1 F1200
G1 X111.409 Y135.69 E.00674
G1 X111.326 Y135.469 E.00726
G1 X111.147 Y135.18 E.01044
G1 X110.977 Y135.002 E.00755
G1 X110.705 Y134.809 E.01027
G1 X110.485 Y134.712 E.00739
G1 X110.154 Y134.638 E.01043
G1 X109.913 Y134.633 E.00739
G1 X109.579 Y134.694 E.01043
G1 X109.359 Y134.781 E.00726
G1 X109.156 Y134.902 E.00726
G1 X108.902 Y135.132 E.01056
G1 X108.709 Y135.417 E.01056
G1 X108.617 Y135.635 E.00727
G1 X108.561 Y135.869 E.00742
G1 X108.548 Y136.203 E.01027
G1 X108.586 Y136.441 E.00739
G1 X108.706 Y136.763 E.01056
G1 X108.899 Y137.047 E.01057
G1 X109.075 Y137.219 E.00755
G1 X109.356 Y137.401 E.01028
G1 X109.584 Y137.49 E.00754
G1 X109.913 Y137.549 E.01027
G1 X110.154 Y137.545 E.00739
G1 X110.485 Y137.471 E.01043
G1 X110.705 Y137.373 E.00739
G1 X110.982 Y137.177 E.01043
G1 X111.147 Y137.002 E.00739
G1 X111.326 Y136.714 E.01043
G1 X111.409 Y136.493 E.00726
G1 X111.455 Y136.261 E.00726
G1 X111.455 Y135.925 E.01033
M204 S2000
G1 X111.841 Y135.849 F18000
M204 S1500
;TYPE:Inner wall
;WIDTH:0.45
G1 F1200
G1 X111.787 Y135.582 E.00905
G1 X111.68 Y135.295 E.01017
G1 X111.458 Y134.939 E.01388
G1 X111.235 Y134.704 E.01075
G1 X110.899 Y134.466 E.01366
G1 X110.608 Y134.337 E.01056
G1 X110.2 Y134.247 E.01385
G1 X109.882 Y134.24 E.01057
G1 X109.471 Y134.315 E.01385
G1 X109.186 Y134.428 E.01017
G1 X108.922 Y134.585 E.01017
G1 X108.604 Y134.873 E.01426
G1 X108.362 Y135.229 E.01426
G1 X108.243 Y135.512 E.0102
G1 X108.17 Y135.816 E.01035
G1 X108.154 Y136.227 E.01366
G1 X108.205 Y136.541 E.01056
G1 X108.355 Y136.944 E.01426
G1 X108.597 Y137.3 E.01429
G1 X108.829 Y137.526 E.01075
G1 X109.176 Y137.751 E.01369
G1 X109.477 Y137.869 E.01074
G1 X109.882 Y137.942 E.01366
G1 X110.2 Y137.936 E.01056
G1 X110.608 Y137.845 E.01385
G1 X110.9 Y137.716 E.01057
G1 X111.24 Y137.475 E.01385
G1 X111.459 Y137.243 E.01057
G1 X111.68 Y136.888 E.01385
G1 X111.787 Y136.601 E.01017
G1 X111.848 Y136.3 E.01017
G1 X111.848 Y135.882 E.01385
G1 X111.845 Y135.869 E.00046
M204 S2000
G1 X112.108 Y135.811 F18000
;TYPE:Gap infill
;WIDTH:0.17755
G1 F1200
G1 X112.027 Y135.446 E.00411
G1 X111.916 Y135.171 E.00325
G1 X111.666 Y134.771 E.00518
G1 X111.405 Y134.499 E.00414
G1 X111.025 Y134.232 E.00509
G1 X110.685 Y134.083 E.00407
G1 X110.226 Y133.98 E.00517
G1 X109.854 Y133.975 E.00408
G1 X109.391 Y134.059 E.00516
G1 X109.064 Y134.191 E.00387
G1 X108.759 Y134.375 E.0039
G1 X108.564 Y134.536 E.00277
G1 X108.399 Y134.705 E.00259
G1 X108.123 Y135.106 E.00535
G1 X107.988 Y135.434 E.00389
G1 X107.906 Y135.785 E.00396
G1 X107.886 Y136.237 E.00496
G1 X107.949 Y136.616 E.00421
G1 X108.121 Y137.073 E.00537
G1 X108.394 Y137.479 E.00536
G1 X108.656 Y137.735 E.00402
G1 X109.006 Y137.966 E.0046
G1 X109.409 Y138.132 E.00479
G1 X109.84 Y138.21 E.0048
G1 X110.239 Y138.203 E.00437
G1 X110.694 Y138.102 E.00511
G1 X111.012 Y137.963 E.00381
G1 X111.364 Y137.722 E.00469
G1 X111.672 Y137.411 E.00479
G1 X111.905 Y137.041 E.0048
G1 X112.058 Y136.632 E.00479
G1 X112.122 Y136.211 E.00468
G1 X112.117 Y135.855 E.0039
G1 X112.112 Y135.831 E.00027
; stop printing object separador_timon.stl id:1 copy 0
; end of layer_num: 4, T: 0, print_z: 0.840000
;LAYER_CHANGE
;Z:1.04
;HEIGHT:0.2
; BEFORE_LAYER_CHANGE 4 @ 1.04mm
G92 E0
; AFTER_LAYER_CHANGE 4 @ 1.04mm
; start of layer_num: 5, T: 0, print_z: 1.040000
; printing object "separador_timon.stl" id:0 copy 0
G1 E-.8 F3600
G1 X107.447 Y108.876 Z1.04 F18000
G1 E.8 F3600
M204 S1000
;TYPE:Outer wall
;WIDTH:0.42
G1 F1200
G1 X107.572 Y108.626 E.00859
G1 X107.726 Y108.384 E.00882
G1 X107.905 Y108.158 E.00883
G1 X108.105 Y107.953 E.00883
G1 X108.326 Y107.769 E.00883
G1 X108.564 Y107.608 E.00883
G1 X108.817 Y107.473 E.00883
G1 X109.083 Y107.365 E.00883
G1 X109.359 Y107.285 E.00883
G1 X109.642 Y107.233 E.00883
G1 X109.928 Y107.211 E.00883
G1 X110.201 Y107.218 E.00838
G1 X110.644 Y107.286 E.01376
G1 X110.917 Y107.365 E.00873
G1 X111.183 Y107.473 E.00883
G1 X111.436 Y107.608 E.00883
G1 X111.674 Y107.769 E.00883
G1 X111.895 Y107.953 E.00883
G1 X112.095 Y108.158 E.00883
G1 X112.274 Y108.384 E.00883
G1 X112.428 Y108.626 E.00883
G1 X112.556 Y108.883 E.00883
G1 X112.658 Y109.152 E.00883
G1 X112.731 Y109.429 E.00883
G1 X112.775 Y109.71 E.00874
G1 X112.786 Y110.144 E.01331
G1 X112.73 Y110.573 E.01331
G1 X112.658 Y110.848 E.00874
G1 X112.556 Y111.117 E.00883
G1 X112.428 Y111.374 E.00883
G1 X112.274 Y111.616 E.00882
G1 X112.095 Y111.842 E.00883
G1 X111.895 Y112.047 E.00883
G1 X111.674 Y112.231 E.00883
G1 X111.436 Y112.392 E.00883
G1 X111.183 Y112.527 E.00883
G1 X110.917 Y112.635 E.00883
G1 X110.641 Y112.715 E.00883
G1 X110.358 Y112.767 E.00883
G1 X110.072 Y112.789 E.00883
G1 X109.785 Y112.781 E.00883
G1 X109.5 Y112.745 E.00882
G1 X109.22 Y112.679 E.00883
G1 X108.949 Y112.584 E.00883
G1 X108.691 Y112.464 E.00874
G1 X108.323 Y112.23 E.0134
G1 X108.105 Y112.047 E.00874
G1 X107.905 Y111.842 E.00883
G1 X107.726 Y111.616 E.00883
G1 X107.572 Y111.374 E.00883
G1 X107.444 Y111.117 E.00883
G1 X107.343 Y110.851 E.00874
G1 X107.243 Y110.427 E.0134
G1 X107.214 Y110.144 E.00874
G1 X107.214 Y109.859 E.00874
G1 X107.27 Y109.427 E.0134
G1 X107.342 Y109.152 E.00874
G1 X107.439 Y108.894 E.00845
M204 S2000
G1 X107.803 Y109.04 F18000
M204 S1500
;TYPE:Inner wall
;WIDTH:0.45
G1 F1200
G1 X107.914 Y108.819 E.00819
G1 X108.046 Y108.611 E.00819
G1 X108.199 Y108.418 E.00819
G1 X108.372 Y108.241 E.00819
G1 X108.561 Y108.083 E.00819
G1 X108.766 Y107.945 E.00819
G1 X108.984 Y107.829 E.00819
G1 X109.212 Y107.736 E.00819
G1 X109.449 Y107.667 E.00819
G1 X109.692 Y107.623 E.00819
G1 X109.939 Y107.604 E.0082
G1 X110.166 Y107.609 E.00755
G1 X110.559 Y107.669 E.01317
G1 X110.788 Y107.736 E.0079
G1 X111.016 Y107.829 E.00819
G1 X111.234 Y107.945 E.00819
G1 X111.439 Y108.083 E.00819
G1 X111.628 Y108.241 E.00819
G1 X111.801 Y108.418 E.00819
G1 X111.954 Y108.611 E.00819
G1 X112.086 Y108.819 E.00819
G1 X112.197 Y109.04 E.00819
G1 X112.284 Y109.271 E.00819
G1 X112.346 Y109.51 E.00819
G1 X112.383 Y109.746 E.00793
G1 X112.393 Y110.123 E.01253
G1 X112.344 Y110.498 E.01253
G1 X112.284 Y110.729 E.00793
G1 X112.197 Y110.96 E.00819
G1 X112.086 Y111.181 E.00819
G1 X111.954 Y111.389 E.00819
G1 X111.801 Y111.582 E.00819
G1 X111.628 Y111.759 E.00819
G1 X111.439 Y111.917 E.00819
G1 X111.234 Y112.055 E.00819
G1 X111.016 Y112.171 E.00819
G1 X110.788 Y112.264 E.00819
G1 X110.551 Y112.333 E.00819
G1 X110.308 Y112.377 E.00819
G1 X110.062 Y112.396 E.00819
G1 X109.815 Y112.39 E.00819
G1 X109.57 Y112.358 E.00819
G1 X109.33 Y112.302 E.00819
G1 X109.097 Y112.221 E.00819
G1 X108.88 Y112.119 E.00793
G1 X108.555 Y111.912 E.01279
G1 X108.372 Y111.759 E.00793
G1 X108.199 Y111.582 E.00819
G1 X108.046 Y111.389 E.00819
G1 X107.914 Y111.181 E.00819
G1 X107.803 Y110.96 E.00819
G1 X107.719 Y110.736 E.00793
G1 X107.631 Y110.361 E.01279
G1 X107.606 Y110.123 E.00793
G1 X107.606 Y109.884 E.00793
G1 X107.656 Y109.502 E.01278
G1 X107.716 Y109.271 E.00793
G1 X107.796 Y109.059 E.00752
M204 S2000
G1 E-.8 F3600
G1 X111.449 Y109.816 F18000
G1 E.8 F3600
M204 S1000
;TYPE:Outer wall
;WIDTH:0.42
G1 F1200
G1 X111.37 Y109.492 E.01026
G1 X111.264 Y109.268 E.00759
G1 X111.066 Y109.001 E.01022
G1 X110.891 Y108.843 E.00726
G1 X110.696 Y108.716 E.00714
G1 X110.474 Y108.618 E.00746
G1 X110.149 Y108.547 E.01022
G1 X109.909 Y108.542 E.00738
G1 X109.575 Y108.602 E.01043
G1 X109.351 Y108.691 E.00739
G1 X109.067 Y108.876 E.01043
G1 X108.898 Y109.042 E.00727
G1 X108.754 Y109.238 E.00746
G1 X108.612 Y109.543 E.01035
G1 X108.544 Y109.88 E.01055
G1 X108.544 Y110.116 E.00726
G1 X108.581 Y110.349 E.00726
G1 X108.7 Y110.667 E.01043
G1 X108.827 Y110.872 E.00739
G1 X109.06 Y111.119 E.01043
G1 X109.256 Y111.258 E.00739
G1 X109.571 Y111.397 E.01056
G1 X109.909 Y111.458 E.01056
G1 X110.149 Y111.453 E.00739
G1 X110.481 Y111.38 E.01043
G1 X110.697 Y111.284 E.00726
G1 X110.895 Y111.155 E.00726
G1 X111.14 Y110.914 E.01056
G1 X111.322 Y110.623 E.01056
G1 X111.404 Y110.401 E.00726
G1 X111.451 Y110.17 E.00726
G1 X111.451 Y109.836 E.01025
M204 S2000
G1 X111.834 Y109.741 F18000
M204 S1500
;TYPE:Inner wall
;WIDTH:0.45
G1 F1200
G1 X111.741 Y109.36 E.01299
G1 X111.602 Y109.066 E.0108
G1 X111.358 Y108.736 E.0136
G1 X111.131 Y108.531 E.01016
G1 X110.883 Y108.37 E.00981
G1 X110.596 Y108.244 E.0104
G1 X110.196 Y108.155 E.0136
G1 X109.877 Y108.149 E.01056
G1 X109.466 Y108.223 E.01385
G1 X109.17 Y108.341 E.01057
G1 X108.82 Y108.569 E.01385
G1 X108.6 Y108.784 E.01021
G1 X108.415 Y109.037 E.0104
G1 X108.237 Y109.42 E.01401
G1 X108.152 Y109.841 E.01424
G1 X108.152 Y110.147 E.01017
G1 X108.2 Y110.45 E.01017
G1 X108.347 Y110.841 E.01385
G1 X108.515 Y111.112 E.01057
G1 X108.802 Y111.416 E.01385
G1 X109.062 Y111.6 E.01057
G1 X109.454 Y111.774 E.01426
G1 X109.877 Y111.851 E.01426
G1 X110.196 Y111.845 E.01057
G1 X110.604 Y111.754 E.01385
G1 X110.884 Y111.63 E.01017
G1 X111.141 Y111.462 E.01017
G1 X111.448 Y111.162 E.01426
G1 X111.675 Y110.797 E.01426
G1 X111.783 Y110.509 E.01017
G1 X111.843 Y110.209 E.01017
G1 X111.843 Y109.779 E.01426
G1 X111.839 Y109.76 E.00064
G1 E-.8 F3600
M204 S2000
G1 X112.098 Y109.703 F18000
G1 E.8 F3600
;TYPE:Gap infill
;WIDTH:0.1778
G1 F1200
G1 X112.022 Y109.355 E.00393
G1 X111.849 Y108.953 E.0048
G1 X111.595 Y108.598 E.0048
G1 X111.275 Y108.301 E.0048
G1 X110.9 Y108.078 E.0048
G1 X110.497 Y107.939 E.00468
G1 X110.221 Y107.888 E.00309
G1 X109.85 Y107.884 E.00408
G1 X109.387 Y107.968 E.00517
G1 X109.043 Y108.108 E.00408
G1 X108.648 Y108.365 E.00517
G1 X108.396 Y108.614 E.0039
G1 X108.183 Y108.907 E.00398
G1 X107.987 Y109.33 E.00513
G1 X107.886 Y109.808 E.00536
G1 X107.902 Y110.317 E.0056
G1 X107.983 Y110.654 E.00381
G1 X108.152 Y111.046 E.00469
G1 X108.407 Y111.4 E.0048
G1 X108.718 Y111.692 E.00469
G1 X109.011 Y111.877 E.00381
G1 X109.383 Y112.034 E.00443
G1 X109.836 Y112.119 E.00507
G1 X110.273 Y112.107 E.0048
G1 X110.695 Y112.009 E.00476
G1 X111.093 Y111.82 E.00484
G1 X111.312 Y111.666 E.00295
G1 X111.66 Y111.322 E.00538
G1 X111.913 Y110.921 E.00521
G1 X112.04 Y110.578 E.00402
G1 X112.11 Y110.229 E.00391
G1 X112.113 Y109.772 E.00502
G1 X112.103 Y109.723 E.00055
; stop printing object separador_timon.stl id:0 copy 0
; printing object "separador_timon.stl" id:1 copy 0
G1 E-.8 F3600
G1 X107.452 Y134.967 F18000
G1 E.8 F3600
M204 S1000
;TYPE:Outer wall
;WIDTH:0.42
G1 F1200
G1 X107.577 Y134.717 E.00859
G1 X107.731 Y134.475 E.00882
G1 X107.909 Y134.25 E.00883
G1 X108.109 Y134.044 E.00883
G1 X108.33 Y133.86 E.00883
G1 X108.568 Y133.7 E.00883
G1 X108.822 Y133.565 E.00883
G1 X109.088 Y133.456 E.00883
G1 X109.364 Y133.376 E.00883
G1 X109.646 Y133.325 E.00883
G1 X109.933 Y133.302 E.00883
G1 X110.205 Y133.309 E.00838
G1 X110.648 Y133.377 E.01376
G1 X110.921 Y133.456 E.00873
G1 X111.187 Y133.565 E.00883
G1 X111.441 Y133.7 E.00883
G1 X111.679 Y133.86 E.00883
G1 X111.899 Y134.044 E.00883
G1 X112.1 Y134.25 E.00883
G1 X112.278 Y134.475 E.00883
G1 X112.432 Y134.717 E.00883
G1 X112.561 Y134.974 E.00883
G1 X112.662 Y135.243 E.00883
G1 X112.735 Y135.521 E.00883
G1 X112.779 Y135.802 E.00874
G1 X112.79 Y136.235 E.01331
G1 X112.734 Y136.665 E.01331
G1 X112.662 Y136.94 E.00874
G1 X112.561 Y137.208 E.00883
G1 X112.432 Y137.465 E.00883
G1 X112.278 Y137.708 E.00882
G1 X112.1 Y137.933 E.00883
G1 X111.899 Y138.139 E.00883
G1 X111.679 Y138.323 E.00883
G1 X111.441 Y138.483 E.00883
G1 X111.187 Y138.618 E.00883
G1 X110.921 Y138.726 E.00883
G1 X110.645 Y138.806 E.00883
G1 X110.363 Y138.858 E.00883
G1 X110.076 Y138.88 E.00883
G1 X109.789 Y138.873 E.00883
G1 X109.504 Y138.836 E.00882
G1 X109.225 Y138.77 E.00883
G1 X108.953 Y138.675 E.00883
G1 X108.696 Y138.555 E.00874
G1 X108.328 Y138.321 E.0134
G1 X108.109 Y138.139 E.00874
G1 X107.909 Y137.933 E.00883
G1 X107.731 Y137.708 E.00883
G1 X107.577 Y137.465 E.00883
G1 X107.448 Y137.208 E.00883
G1 X107.348 Y136.942 E.00874
G1 X107.248 Y136.518 E.0134
G1 X107.218 Y136.235 E.00874
G1 X107.218 Y135.95 E.00874
G1 X107.274 Y135.518 E.0134
G1 X107.347 Y135.243 E.00874
G1 X107.444 Y134.986 E.00845
M204 S2000
G1 X107.808 Y135.131 F18000
M204 S1500
;TYPE:Inner wall
;WIDTH:0.45
G1 F1200
G1 X107.918 Y134.911 E.00819
G1 X108.051 Y134.702 E.00819
G1 X108.204 Y134.509 E.00819
G1 X108.376 Y134.332 E.00819
G1 X108.566 Y134.174 E.00819
G1 X108.77 Y134.036 E.00819
G1 X108.988 Y133.92 E.00819
G1 X109.217 Y133.827 E.00819
G1 X109.454 Y133.758 E.00819
G1 X109.697 Y133.714 E.00819
G1 X109.943 Y133.695 E.0082
G1 X110.171 Y133.701 E.00755
G1 X110.563 Y133.761 E.01317
G1 X110.792 Y133.827 E.0079
G1 X111.021 Y133.92 E.00819
G1 X111.238 Y134.036 E.00819
G1 X111.443 Y134.174 E.00819
G1 X111.633 Y134.332 E.00819
G1 X111.805 Y134.509 E.00819
G1 X111.958 Y134.702 E.00819
G1 X112.091 Y134.911 E.00819
G1 X112.201 Y135.131 E.00819
G1 X112.288 Y135.362 E.00819
G1 X112.351 Y135.601 E.00819
G1 X112.388 Y135.837 E.00793
G1 X112.397 Y136.215 E.01253
G1 X112.349 Y136.589 E.01253
G1 X112.288 Y136.82 E.00793
G1 X112.201 Y137.051 E.00819
G1 X112.091 Y137.272 E.00819
G1 X111.958 Y137.48 E.00819
G1 X111.805 Y137.674 E.00819
G1 X111.633 Y137.85 E.00819
G1 X111.443 Y138.009 E.00819
G1 X111.238 Y138.146 E.00819
G1 X111.021 Y138.262 E.00819
G1 X110.792 Y138.355 E.00819
G1 X110.555 Y138.424 E.00819
G1 X110.312 Y138.469 E.00819
G1 X110.066 Y138.488 E.00819
G1 X109.819 Y138.481 E.00819
G1 X109.575 Y138.45 E.00819
G1 X109.334 Y138.393 E.00819
G1 X109.101 Y138.312 E.00819
G1 X108.885 Y138.21 E.00793
G1 X108.56 Y138.004 E.01279
G1 X108.376 Y137.85 E.00793
G1 X108.204 Y137.674 E.00819
G1 X108.051 Y137.48 E.00819
G1 X107.918 Y137.272 E.00819
G1 X107.808 Y137.051 E.00819
G1 X107.724 Y136.828 E.00793
G1 X107.635 Y136.452 E.01279
G1 X107.61 Y136.215 E.00793
G1 X107.61 Y135.976 E.00793
G1 X107.66 Y135.593 E.01278
G1 X107.721 Y135.362 E.00793
G1 X107.801 Y135.15 E.00752
M204 S2000
G1 E-.8 F3600
G1 X111.453 Y135.908 F18000
G1 E.8 F3600
M204 S1000
;TYPE:Outer wall
;WIDTH:0.42
G1 F1200
G1 X111.374 Y135.583 E.01026
G1 X111.269 Y135.36 E.00759
G1 X111.071 Y135.092 E.01022
G1 X110.895 Y134.934 E.00726
G1 X110.701 Y134.807 E.00714
G1 X110.478 Y134.709 E.00746
G1 X110.153 Y134.638 E.01022
G1 X109.913 Y134.633 E.00738
G1 X109.579 Y134.694 E.01043
G1 X109.356 Y134.782 E.00739
G1 X109.071 Y134.967 E.01043
G1 X108.902 Y135.133 E.00727
G1 X108.758 Y135.329 E.00746
G1 X108.616 Y135.634 E.01035
G1 X108.548 Y135.971 E.01055
G1 X108.548 Y136.207 E.00726
G1 X108.586 Y136.441 E.00726
G1 X108.705 Y136.759 E.01043
G1 X108.832 Y136.963 E.00739
G1 X109.065 Y137.21 E.01043
G1 X109.261 Y137.349 E.00739
G1 X109.575 Y137.488 E.01056
G1 X109.913 Y137.549 E.01056
G1 X110.154 Y137.545 E.00739
G1 X110.485 Y137.471 E.01043
G1 X110.701 Y137.375 E.00726
G1 X110.899 Y137.246 E.00726
G1 X111.144 Y137.006 E.01056
G1 X111.326 Y136.714 E.01056
G1 X111.409 Y136.493 E.00726
G1 X111.455 Y136.261 E.00726
G1 X111.455 Y135.927 E.01025
M204 S2000
G1 X111.838 Y135.832 F18000
M204 S1500
;TYPE:Inner wall
;WIDTH:0.45
G1 F1200
G1 X111.746 Y135.452 E.01299
G1 X111.607 Y135.157 E.0108
G1 X111.362 Y134.828 E.0136
G1 X111.135 Y134.622 E.01016
G1 X110.888 Y134.461 E.00981
G1 X110.6 Y134.335 E.0104
G1 X110.2 Y134.247 E.0136
G1 X109.882 Y134.24 E.01056
G1 X109.471 Y134.315 E.01385
G1 X109.175 Y134.432 E.01057
G1 X108.824 Y134.66 E.01385
G1 X108.605 Y134.875 E.01021
G1 X108.419 Y135.128 E.0104
G1 X108.241 Y135.511 E.01401
G1 X108.156 Y135.932 E.01424
G1 X108.156 Y136.239 E.01017
G1 X108.205 Y136.541 E.01017
G1 X108.351 Y136.933 E.01385
G1 X108.52 Y137.203 E.01057
G1 X108.806 Y137.507 E.01385
G1 X109.066 Y137.691 E.01057
G1 X109.459 Y137.866 E.01426
G1 X109.882 Y137.942 E.01426
G1 X110.2 Y137.936 E.01057
G1 X110.608 Y137.845 E.01385
G1 X110.888 Y137.721 E.01017
G1 X111.146 Y137.554 E.01017
G1 X111.452 Y137.253 E.01426
G1 X111.68 Y136.888 E.01426
G1 X111.787 Y136.601 E.01017
G1 X111.848 Y136.3 E.01017
G1 X111.848 Y135.87 E.01426
G1 X111.843 Y135.852 E.00064
M204 S2000
G1 X112.103 Y135.795 F18000
;TYPE:Gap infill
;WIDTH:0.1778
G1 F1200
G1 X112.026 Y135.446 E.00393
G1 X111.854 Y135.045 E.0048
G1 X111.6 Y134.689 E.0048
G1 X111.28 Y134.392 E.0048
G1 X110.904 Y134.169 E.0048
G1 X110.502 Y134.03 E.00468
G1 X110.225 Y133.98 E.00309
G1 X109.854 Y133.975 E.00408
G1 X109.391 Y134.059 E.00517
G1 X109.047 Y134.199 E.00408
G1 X108.653 Y134.456 E.00517
G1 X108.4 Y134.705 E.0039
G1 X108.187 Y134.998 E.00398
G1 X107.991 Y135.422 E.00513
G1 X107.89 Y135.899 E.00536
G1 X107.906 Y136.408 E.0056
G1 X107.987 Y136.745 E.00381
G1 X108.157 Y137.137 E.00469
G1 X108.412 Y137.491 E.0048
G1 X108.723 Y137.783 E.00469
G1 X109.015 Y137.969 E.00381
G1 X109.387 Y138.125 E.00443
G1 X109.84 Y138.21 E.00507
G1 X110.277 Y138.198 E.0048
G1 X110.699 Y138.1 E.00476
G1 X111.097 Y137.911 E.00484
G1 X111.317 Y137.757 E.00295
G1 X111.665 Y137.414 E.00538
G1 X111.917 Y137.012 E.00521
G1 X112.045 Y136.669 E.00402
G1 X112.114 Y136.32 E.00391
G1 X112.118 Y135.863 E.00502
G1 X112.107 Y135.814 E.00055
; stop printing object separador_timon.stl id:1 copy 0
; end of layer_num: 5, T: 0, print_z: 1.040000
;LAYER_CHANGE
;Z:1.24
;HEIGHT:0.2
; BEFORE_LAYER_CHANGE 5 @ 1.24mm
G92 E0
; AFTER_LAYER_CHANGE 5 @ 1.24mm
; start of layer_num: 6, T: 0, print_z: 1.240000
; printing object "separador_timon.stl" id:0 copy 0
G1 E-.8 F3600
G1 X107.448 Y108.881 Z1.24 F18000
G1 E.8 F3600
M204 S1000
;TYPE:Outer wall
;WIDTH:0.42
G1 F1200
G1 X107.498 Y108.768 E.00377
G1 X107.728 Y108.381 E.01384
G1 X107.905 Y108.158 E.00873
G1 X108.105 Y107.953 E.00883
G1 X108.326 Y107.769 E.00883
G1 X108.564 Y107.608 E.00883
G1 X108.817 Y107.473 E.00883
G1 X109.083 Y107.365 E.00883
G1 X109.359 Y107.285 E.00883
G1 X109.642 Y107.233 E.00883
G1 X109.928 Y107.211 E.00883
G1 X110.198 Y107.218 E.0083
G1 X110.644 Y107.286 E.01384
G1 X110.917 Y107.365 E.00873
G1 X111.183 Y107.473 E.00883
G1 X111.436 Y107.608 E.00883
G1 X111.674 Y107.769 E.00883
G1 X111.895 Y107.953 E.00883
G1 X112.095 Y108.158 E.00883
G1 X112.274 Y108.384 E.00883
G1 X112.428 Y108.626 E.00883
G1 X112.556 Y108.883 E.00883
G1 X112.658 Y109.152 E.00883
G1 X112.731 Y109.429 E.00883
G1 X112.775 Y109.71 E.00874
G1 X112.786 Y110.146 E.0134
G1 X112.756 Y110.429 E.00874
G1 X112.698 Y110.71 E.00883
G1 X112.61 Y110.984 E.00883
G1 X112.502 Y111.232 E.0083
G1 X112.272 Y111.619 E.01384
G1 X112.095 Y111.842 E.00873
G1 X111.895 Y112.047 E.00883
G1 X111.674 Y112.231 E.00882
G1 X111.436 Y112.392 E.00883
G1 X111.183 Y112.527 E.00883
G1 X110.917 Y112.635 E.00883
G1 X110.641 Y112.715 E.00883
G1 X110.358 Y112.767 E.00883
G1 X110.072 Y112.789 E.00883
G1 X109.785 Y112.781 E.00883
G1 X109.5 Y112.745 E.00883
G1 X109.22 Y112.679 E.00883
G1 X108.949 Y112.584 E.00883
G1 X108.704 Y112.47 E.0083
G1 X108.323 Y112.229 E.01384
G1 X108.105 Y112.047 E.00873
G1 X107.905 Y111.842 E.00883
G1 X107.726 Y111.616 E.00883
G1 X107.572 Y111.374 E.00883
G1 X107.444 Y111.117 E.00883
G1 X107.348 Y110.864 E.0083
G1 X107.243 Y110.426 E.01384
G1 X107.214 Y110.144 E.00873
G1 X107.214 Y109.856 E.00883
G1 X107.244 Y109.571 E.00883
G1 X107.302 Y109.29 E.00883
G1 X107.39 Y109.016 E.00883
G1 X107.44 Y108.899 E.00391
M204 S2000
G1 X107.818 Y109.025 F18000
M204 S1500
;TYPE:Inner wall
;WIDTH:0.45
G1 F1200
G1 X107.847 Y108.947 E.00273
G1 X108.052 Y108.604 E.01326
G1 X108.199 Y108.418 E.0079
G1 X108.372 Y108.241 E.00819
G1 X108.561 Y108.083 E.00819
G1 X108.766 Y107.945 E.00819
G1 X108.984 Y107.829 E.00819
G1 X109.212 Y107.736 E.00819
G1 X109.449 Y107.667 E.00819
G1 X109.692 Y107.623 E.00819
G1 X110.164 Y107.609 E.01565
G1 X110.559 Y107.669 E.01326
G1 X110.788 Y107.736 E.0079
G1 X111.016 Y107.829 E.00819
G1 X111.234 Y107.945 E.00819
G1 X111.439 Y108.083 E.00819
G1 X111.628 Y108.241 E.00819
G1 X111.801 Y108.418 E.00819
G1 X111.954 Y108.611 E.00819
G1 X112.086 Y108.819 E.00819
G1 X112.197 Y109.04 E.00819
G1 X112.284 Y109.271 E.00819
G1 X112.346 Y109.51 E.00819
G1 X112.383 Y109.746 E.00793
G1 X112.393 Y110.131 E.01279
G1 X112.369 Y110.369 E.00793
G1 X112.318 Y110.61 E.00819
G1 X112.153 Y111.053 E.01565
G1 X111.948 Y111.396 E.01326
G1 X111.801 Y111.582 E.0079
G1 X111.628 Y111.759 E.00819
G1 X111.439 Y111.917 E.00819
G1 X111.234 Y112.055 E.00819
G1 X111.016 Y112.171 E.00819
G1 X110.788 Y112.264 E.00819
G1 X110.551 Y112.333 E.00819
G1 X110.308 Y112.377 E.00819
G1 X110.062 Y112.396 E.00819
G1 X109.815 Y112.39 E.00819
G1 X109.57 Y112.358 E.00819
G1 X109.33 Y112.302 E.00819
G1 X108.892 Y112.125 E.01565
G1 X108.555 Y111.912 E.01326
G1 X108.372 Y111.759 E.0079
G1 X108.199 Y111.582 E.00819
G1 X108.046 Y111.389 E.00819
G1 X107.914 Y111.181 E.00819
G1 X107.724 Y110.749 E.01565
G1 X107.631 Y110.36 E.01326
G1 X107.606 Y110.123 E.0079
G1 X107.606 Y109.877 E.00819
G1 X107.631 Y109.631 E.00819
G1 X107.682 Y109.39 E.00819
G1 X107.811 Y109.043 E.01226
M204 S2000
G1 E-.8 F3600
G1 X111.449 Y109.818 F18000
G1 E.8 F3600
M204 S1000
;TYPE:Outer wall
;WIDTH:0.42
G1 F1200
G1 X111.404 Y109.599 E.00688
G1 X111.322 Y109.377 E.00726
G1 X111.142 Y109.089 E.01043
G1 X110.977 Y108.914 E.00739
G1 X110.7 Y108.718 E.01043
G1 X110.481 Y108.62 E.00739
G1 X110.149 Y108.547 E.01043
G1 X109.909 Y108.542 E.00739
G1 X109.575 Y108.602 E.01043
G1 X109.355 Y108.689 E.00726
G1 X109.152 Y108.81 E.00726
G1 X108.897 Y109.041 E.01056
G1 X108.704 Y109.325 E.01056
G1 X108.611 Y109.547 E.00739
G1 X108.544 Y109.88 E.01043
G1 X108.544 Y110.116 E.00726
G1 X108.581 Y110.349 E.00726
G1 X108.702 Y110.671 E.01056
G1 X108.895 Y110.956 E.01056
G1 X109.067 Y111.124 E.00739
G1 X109.351 Y111.309 E.01043
G1 X109.575 Y111.398 E.00739
G1 X109.909 Y111.458 E.01043
G1 X110.149 Y111.453 E.00739
G1 X110.481 Y111.38 E.01043
G1 X110.697 Y111.284 E.00726
G1 X110.895 Y111.155 E.00726
G1 X111.14 Y110.914 E.01056
G1 X111.322 Y110.623 E.01056
G1 X111.404 Y110.401 E.00726
G1 X111.451 Y110.17 E.00726
G1 X111.451 Y109.838 E.0102
M204 S2000
G1 X111.837 Y109.758 F18000
M204 S1500
;TYPE:Inner wall
;WIDTH:0.45
G1 F1200
G1 X111.783 Y109.491 E.00905
G1 X111.675 Y109.203 E.01017
G1 X111.454 Y108.849 E.01386
G1 X111.236 Y108.617 E.01057
G1 X110.895 Y108.375 E.01385
G1 X110.604 Y108.246 E.01057
G1 X110.196 Y108.155 E.01385
G1 X109.877 Y108.149 E.01057
G1 X109.466 Y108.223 E.01385
G1 X109.181 Y108.337 E.01017
G1 X108.918 Y108.493 E.01017
G1 X108.599 Y108.782 E.01426
G1 X108.358 Y109.137 E.01426
G1 X108.234 Y109.431 E.01057
G1 X108.152 Y109.841 E.01385
G1 X108.152 Y110.147 E.01017
G1 X108.2 Y110.45 E.01017
G1 X108.351 Y110.853 E.01426
G1 X108.592 Y111.208 E.01426
G1 X108.82 Y111.431 E.01057
G1 X109.17 Y111.659 E.01385
G1 X109.466 Y111.777 E.01057
G1 X109.877 Y111.851 E.01385
G1 X110.196 Y111.845 E.01057
G1 X110.604 Y111.754 E.01385
G1 X110.884 Y111.63 E.01017
G1 X111.141 Y111.462 E.01017
G1 X111.448 Y111.162 E.01426
G1 X111.675 Y110.797 E.01426
G1 X111.783 Y110.509 E.01017
G1 X111.843 Y110.209 E.01017
G1 X111.843 Y109.791 E.01385
G1 X111.84 Y109.778 E.00045
G1 E-.8 F3600
M204 S2000
G1 X112.104 Y109.724 F18000
G1 E.8 F3600
;TYPE:Gap infill
;WIDTH:0.17846
G1 F1200
G1 X112.04 Y109.412 E.00352
G1 X111.911 Y109.08 E.00393
G1 X111.662 Y108.681 E.0052
G1 X111.406 Y108.412 E.0041
G1 X111.021 Y108.141 E.0052
G1 X110.681 Y107.992 E.0041
G1 X110.222 Y107.888 E.0052
G1 X109.85 Y107.884 E.00411
G1 X109.387 Y107.968 E.0052
G1 X109.059 Y108.1 E.0039
G1 X108.755 Y108.283 E.00392
G1 X108.56 Y108.444 E.00279
G1 X108.394 Y108.613 E.00261
G1 X108.125 Y109.004 E.00524
G1 X107.977 Y109.359 E.00425
G1 X107.886 Y109.808 E.00506
G1 X107.902 Y110.316 E.00561
G1 X107.987 Y110.666 E.00398
G1 X108.152 Y111.046 E.00457
G1 X108.389 Y111.386 E.00459
G1 X108.657 Y111.644 E.00411
G1 X109.04 Y111.896 E.00506
G1 X109.406 Y112.041 E.00434
G1 X109.836 Y112.119 E.00483
G1 X110.273 Y112.107 E.00483
G1 X110.695 Y112.009 E.00478
G1 X111.093 Y111.82 E.00487
G1 X111.312 Y111.666 E.00296
G1 X111.66 Y111.323 E.0054
G1 X111.911 Y110.93 E.00514
G1 X112.054 Y110.541 E.00458
G1 X112.109 Y110.229 E.0035
G1 X112.113 Y109.772 E.00505
G1 X112.108 Y109.743 E.00032
; stop printing object separador_timon.stl id:0 copy 0
; printing object "separador_timon.stl" id:1 copy 0
G1 E-.8 F3600
G1 X107.453 Y134.972 F18000
G1 E.8 F3600
M204 S1000
;TYPE:Outer wall
;WIDTH:0.42
G1 F1200
G1 X107.502 Y134.859 E.00377
G1 X107.733 Y134.472 E.01384
G1 X107.909 Y134.25 E.00873
G1 X108.109 Y134.044 E.00883
G1 X108.33 Y133.86 E.00883
G1 X108.568 Y133.7 E.00883
G1 X108.822 Y133.565 E.00883
G1 X109.088 Y133.456 E.00883
G1 X109.364 Y133.376 E.00883
G1 X109.646 Y133.325 E.00883
G1 X109.933 Y133.302 E.00883
G1 X110.203 Y133.309 E.0083
G1 X110.648 Y133.377 E.01384
G1 X110.921 Y133.456 E.00873
G1 X111.187 Y133.565 E.00883
G1 X111.44 Y133.7 E.00883
G1 X111.679 Y133.86 E.00883
G1 X111.899 Y134.044 E.00883
G1 X112.1 Y134.25 E.00883
G1 X112.278 Y134.475 E.00883
G1 X112.432 Y134.717 E.00883
G1 X112.561 Y134.974 E.00883
G1 X112.662 Y135.243 E.00883
G1 X112.735 Y135.521 E.00883
G1 X112.779 Y135.802 E.00874
G1 X112.79 Y136.238 E.0134
G1 X112.761 Y136.521 E.00874
G1 X112.702 Y136.802 E.00883
G1 X112.615 Y137.075 E.00883
G1 X112.507 Y137.323 E.0083
G1 X112.276 Y137.71 E.01384
G1 X112.1 Y137.933 E.00873
G1 X111.899 Y138.139 E.00883
G1 X111.679 Y138.323 E.00882
G1 X111.441 Y138.483 E.00883
G1 X111.187 Y138.618 E.00883
G1 X110.921 Y138.726 E.00883
G1 X110.645 Y138.806 E.00883
G1 X110.363 Y138.858 E.00883
G1 X110.076 Y138.88 E.00883
G1 X109.789 Y138.873 E.00883
G1 X109.504 Y138.836 E.00883
G1 X109.225 Y138.77 E.00883
G1 X108.953 Y138.675 E.00883
G1 X108.708 Y138.561 E.0083
G1 X108.328 Y138.321 E.01384
G1 X108.109 Y138.139 E.00873
G1 X107.909 Y137.933 E.00883
G1 X107.731 Y137.708 E.00883
G1 X107.577 Y137.465 E.00883
G1 X107.448 Y137.208 E.00883
G1 X107.352 Y136.956 E.0083
G1 X107.248 Y136.518 E.01384
G1 X107.218 Y136.235 E.00873
G1 X107.218 Y135.948 E.00883
G1 X107.248 Y135.662 E.00883
G1 X107.307 Y135.381 E.00883
G1 X107.394 Y135.107 E.00883
G1 X107.445 Y134.99 E.00391
M204 S2000
G1 X107.823 Y135.116 F18000
M204 S1500
;TYPE:Inner wall
;WIDTH:0.45
G1 F1200
G1 X107.851 Y135.039 E.00273
G1 X108.056 Y134.695 E.01326
G1 X108.204 Y134.509 E.0079
G1 X108.376 Y134.332 E.00819
G1 X108.566 Y134.174 E.00819
G1 X108.77 Y134.036 E.00819
G1 X108.988 Y133.92 E.00819
G1 X109.217 Y133.827 E.00819
G1 X109.454 Y133.758 E.00819
G1 X109.697 Y133.714 E.00819
G1 X110.168 Y133.7 E.01565
G1 X110.563 Y133.761 E.01326
G1 X110.792 Y133.827 E.0079
G1 X111.021 Y133.92 E.00819
G1 X111.238 Y134.036 E.00819
G1 X111.443 Y134.174 E.00819
G1 X111.633 Y134.332 E.00819
G1 X111.805 Y134.509 E.00819
G1 X111.958 Y134.702 E.00819
G1 X112.091 Y134.911 E.00819
G1 X112.201 Y135.131 E.00819
G1 X112.288 Y135.362 E.00819
G1 X112.351 Y135.601 E.00819
G1 X112.388 Y135.837 E.00793
G1 X112.398 Y136.222 E.01279
G1 X112.373 Y136.46 E.00793
G1 X112.322 Y136.702 E.00819
G1 X112.157 Y137.144 E.01565
G1 X111.953 Y137.487 E.01326
G1 X111.805 Y137.674 E.0079
G1 X111.633 Y137.85 E.00819
G1 X111.443 Y138.009 E.00819
G1 X111.238 Y138.146 E.00819
G1 X111.021 Y138.262 E.00819
G1 X110.792 Y138.355 E.00819
G1 X110.555 Y138.424 E.00819
G1 X110.312 Y138.469 E.00819
G1 X110.066 Y138.488 E.00819
G1 X109.819 Y138.481 E.00819
G1 X109.575 Y138.45 E.00819
G1 X109.334 Y138.393 E.00819
G1 X108.897 Y138.216 E.01565
G1 X108.559 Y138.003 E.01326
G1 X108.376 Y137.85 E.0079
G1 X108.204 Y137.674 E.00819
G1 X108.051 Y137.48 E.00819
G1 X107.918 Y137.272 E.00819
G1 X107.728 Y136.84 E.01565
G1 X107.635 Y136.451 E.01326
G1 X107.61 Y136.215 E.0079
G1 X107.61 Y135.968 E.00819
G1 X107.636 Y135.722 E.00819
G1 X107.686 Y135.481 E.00819
G1 X107.816 Y135.135 E.01226
M204 S2000
G1 E-.8 F3600
G1 X111.453 Y135.909 F18000
G1 E.8 F3600
M204 S1000
;TYPE:Outer wall
;WIDTH:0.42
G1 F1200
G1 X111.409 Y135.69 E.00688
G1 X111.326 Y135.469 E.00726
G1 X111.147 Y135.18 E.01043
G1 X110.982 Y135.005 E.00739
G1 X110.705 Y134.809 E.01043
G1 X110.485 Y134.712 E.00739
G1 X110.154 Y134.638 E.01043
G1 X109.913 Y134.633 E.00739
G1 X109.579 Y134.694 E.01043
G1 X109.359 Y134.781 E.00726
G1 X109.156 Y134.902 E.00726
G1 X108.902 Y135.132 E.01056
G1 X108.709 Y135.417 E.01056
G1 X108.615 Y135.638 E.00739
G1 X108.548 Y135.971 E.01043
G1 X108.548 Y136.207 E.00726
G1 X108.586 Y136.441 E.00726
G1 X108.706 Y136.763 E.01056
G1 X108.899 Y137.047 E.01056
G1 X109.071 Y137.215 E.00739
G1 X109.356 Y137.4 E.01043
G1 X109.579 Y137.489 E.00739
G1 X109.913 Y137.549 E.01043
G1 X110.154 Y137.545 E.00739
G1 X110.485 Y137.471 E.01043
G1 X110.701 Y137.375 E.00726
G1 X110.899 Y137.246 E.00726
G1 X111.144 Y137.006 E.01056
G1 X111.326 Y136.714 E.01056
G1 X111.409 Y136.493 E.00726
G1 X111.455 Y136.261 E.00726
G1 X111.455 Y135.929 E.0102
M204 S2000
G1 X111.841 Y135.849 F18000
M204 S1500
;TYPE:Inner wall
;WIDTH:0.45
G1 F1200
G1 X111.787 Y135.582 E.00905
G1 X111.68 Y135.295 E.01017
G1 X111.459 Y134.94 E.01386
G1 X111.24 Y134.708 E.01057
G1 X110.9 Y134.467 E.01385
G1 X110.608 Y134.337 E.01057
G1 X110.2 Y134.247 E.01385
G1 X109.882 Y134.24 E.01057
G1 X109.471 Y134.315 E.01385
G1 X109.186 Y134.428 E.01017
G1 X108.922 Y134.585 E.01017
G1 X108.604 Y134.873 E.01426
G1 X108.362 Y135.229 E.01426
G1 X108.239 Y135.522 E.01057
G1 X108.156 Y135.932 E.01385
G1 X108.156 Y136.239 E.01017
G1 X108.205 Y136.541 E.01017
G1 X108.355 Y136.944 E.01426
G1 X108.597 Y137.299 E.01426
G1 X108.824 Y137.523 E.01057
G1 X109.175 Y137.75 E.01385
G1 X109.471 Y137.868 E.01057
G1 X109.882 Y137.942 E.01385
G1 X110.2 Y137.936 E.01057
G1 X110.608 Y137.845 E.01385
G1 X110.888 Y137.721 E.01017
G1 X111.146 Y137.554 E.01017
G1 X111.452 Y137.253 E.01426
G1 X111.68 Y136.888 E.01426
G1 X111.787 Y136.601 E.01017
G1 X111.848 Y136.3 E.01017
G1 X111.848 Y135.882 E.01385
G1 X111.845 Y135.869 E.00045
M204 S2000
G1 X112.108 Y135.815 F18000
;TYPE:Gap infill
;WIDTH:0.17846
G1 F1200
G1 X112.044 Y135.503 E.00352
G1 X111.916 Y135.172 E.00393
G1 X111.667 Y134.772 E.0052
G1 X111.41 Y134.503 E.0041
G1 X111.026 Y134.232 E.0052
G1 X110.685 Y134.083 E.0041
G1 X110.226 Y133.98 E.0052
G1 X109.854 Y133.975 E.00411
G1 X109.391 Y134.059 E.0052
G1 X109.064 Y134.191 E.0039
G1 X108.759 Y134.375 E.00392
G1 X108.564 Y134.536 E.00279
G1 X108.399 Y134.705 E.00261
G1 X108.129 Y135.095 E.00524
G1 X107.981 Y135.45 E.00425
G1 X107.891 Y135.899 E.00506
G1 X107.906 Y136.407 E.00561
G1 X107.991 Y136.757 E.00398
G1 X108.156 Y137.137 E.00457
G1 X108.394 Y137.478 E.00459
G1 X108.662 Y137.735 E.00411
G1 X109.045 Y137.987 E.00506
G1 X109.41 Y138.132 E.00434
G1 X109.84 Y138.21 E.00483
G1 X110.277 Y138.198 E.00483
G1 X110.699 Y138.1 E.00478
G1 X111.097 Y137.911 E.00487
G1 X111.317 Y137.757 E.00296
G1 X111.665 Y137.414 E.0054
G1 X111.915 Y137.022 E.00514
G1 X112.058 Y136.632 E.00458
G1 X112.114 Y136.32 E.0035
G1 X112.118 Y135.863 E.00505
G1 X112.112 Y135.835 E.00032
; stop printing object separador_timon.stl id:1 copy 0
; end of layer_num: 6, T: 0, print_z: 1.240000
;LAYER_CHANGE
;Z:1.44
;HEIGHT:0.2
; BEFORE_LAYER_CHANGE 6 @ 1.44mm
G92 E0
; AFTER_LAYER_CHANGE 6 @ 1.44mm
; start of layer_num: 7, T: 0, print_z: 1.440000
; printing object "separador_timon.stl" id:0 copy 0
G1 E-.8 F3600
G1 X107.448 Y108.875 Z1.44 F18000
G1 E.8 F3600
M204 S1000
;TYPE:Outer wall
;WIDTH:0.42
G1 F1200
G1 X107.572 Y108.626 E.00854
G1 X107.726 Y108.384 E.00883
G1 X107.905 Y108.158 E.00883
G1 X108.105 Y107.953 E.00883
G1 X108.326 Y107.769 E.00883
G1 X108.564 Y107.608 E.00883
G1 X108.817 Y107.473 E.00883
G1 X109.083 Y107.365 E.00883
G1 X109.359 Y107.285 E.00883
G1 X109.642 Y107.233 E.00883
G1 X109.928 Y107.211 E.00883
G1 X110.196 Y107.218 E.00822
G1 X110.644 Y107.286 E.01392
G1 X110.917 Y107.365 E.00873
G1 X111.183 Y107.473 E.00883
G1 X111.436 Y107.608 E.00883
G1 X111.674 Y107.769 E.00883
G1 X111.895 Y107.953 E.00883
G1 X112.095 Y108.158 E.00883
G1 X112.274 Y108.384 E.00883
G1 X112.428 Y108.626 E.00883
G1 X112.556 Y108.883 E.00883
G1 X112.658 Y109.152 E.00883
G1 X112.731 Y109.429 E.00883
G1 X112.775 Y109.71 E.00874
G1 X112.786 Y110.146 E.0134
G1 X112.756 Y110.429 E.00874
G1 X112.698 Y110.71 E.00883
G1 X112.61 Y110.984 E.00883
G1 X112.495 Y111.247 E.00883
G1 X112.354 Y111.497 E.00883
G1 X112.187 Y111.731 E.00883
G1 X111.998 Y111.947 E.00883
G1 X111.787 Y112.142 E.00883
G1 X111.557 Y112.315 E.00883
G1 X111.328 Y112.453 E.00822
G1 X110.914 Y112.636 E.01392
G1 X110.641 Y112.715 E.00873
G1 X110.358 Y112.767 E.00883
G1 X110.072 Y112.789 E.00883
G1 X109.785 Y112.781 E.00883
G1 X109.5 Y112.745 E.00883
G1 X109.22 Y112.679 E.00883
G1 X108.949 Y112.584 E.00883
G1 X108.706 Y112.471 E.00822
G1 X108.323 Y112.229 E.01392
G1 X108.105 Y112.047 E.00873
G1 X107.905 Y111.842 E.00883
G1 X107.726 Y111.616 E.00883
G1 X107.572 Y111.374 E.00883
G1 X107.444 Y111.117 E.00883
G1 X107.349 Y110.867 E.00822
G1 X107.243 Y110.426 E.01392
G1 X107.214 Y110.144 E.00873
G1 X107.214 Y109.856 E.00883
G1 X107.244 Y109.571 E.00883
G1 X107.298 Y109.308 E.00822
G1 X107.441 Y108.893 E.01349
M204 S2000
G1 X107.807 Y109.032 F18000
M204 S1500
;TYPE:Inner wall
;WIDTH:0.45
G1 F1200
G1 X107.914 Y108.819 E.00789
G1 X108.046 Y108.611 E.00819
G1 X108.199 Y108.418 E.00819
G1 X108.372 Y108.241 E.00819
G1 X108.561 Y108.083 E.00819
G1 X108.766 Y107.945 E.00819
G1 X108.984 Y107.829 E.00819
G1 X109.212 Y107.736 E.00819
G1 X109.449 Y107.667 E.00819
G1 X109.692 Y107.623 E.00819
G1 X110.162 Y107.609 E.01558
G1 X110.559 Y107.669 E.01334
G1 X110.788 Y107.736 E.00789
G1 X111.016 Y107.829 E.00819
G1 X111.234 Y107.945 E.00819
G1 X111.439 Y108.083 E.00819
G1 X111.628 Y108.241 E.00819
G1 X111.801 Y108.418 E.00819
G1 X111.954 Y108.611 E.00819
G1 X112.086 Y108.819 E.00819
G1 X112.197 Y109.04 E.00819
G1 X112.284 Y109.271 E.00819
G1 X112.346 Y109.51 E.00819
G1 X112.383 Y109.746 E.00793
G1 X112.393 Y110.131 E.01279
G1 X112.369 Y110.369 E.00793
G1 X112.318 Y110.61 E.00819
G1 X112.243 Y110.846 E.00819
G1 X112.144 Y111.072 E.00819
G1 X112.023 Y111.287 E.00819
G1 X111.88 Y111.488 E.00819
G1 X111.717 Y111.673 E.00819
G1 X111.536 Y111.841 E.00819
G1 X111.147 Y112.104 E.01558
G1 X110.779 Y112.267 E.01334
G1 X110.551 Y112.333 E.00789
G1 X110.308 Y112.377 E.00819
G1 X110.062 Y112.396 E.00819
G1 X109.815 Y112.39 E.00819
G1 X109.57 Y112.358 E.00819
G1 X109.33 Y112.302 E.00819
G1 X108.894 Y112.126 E.01558
G1 X108.554 Y111.912 E.01334
G1 X108.372 Y111.759 E.00789
G1 X108.199 Y111.582 E.00819
G1 X108.046 Y111.389 E.00819
G1 X107.914 Y111.181 E.00819
G1 X107.724 Y110.751 E.01558
G1 X107.631 Y110.36 E.01334
G1 X107.606 Y110.123 E.00789
G1 X107.606 Y109.877 E.00819
G1 X107.677 Y109.412 E.01558
G1 X107.801 Y109.051 E.01268
M204 S2000
G1 E-.8 F3600
G1 X111.449 Y109.82 F18000
G1 E.8 F3600
M204 S1000
;TYPE:Outer wall
;WIDTH:0.42
G1 F1200
G1 X111.404 Y109.599 E.00695
G1 X111.322 Y109.377 E.00726
G1 X111.142 Y109.089 E.01045
G1 X110.97 Y108.908 E.00768
G1 X110.7 Y108.717 E.01015
G1 X110.471 Y108.617 E.00767
G1 X110.149 Y108.547 E.01013
G1 X109.913 Y108.542 E.00725
G1 X109.679 Y108.575 E.00726
G1 X109.358 Y108.687 E.01045
G1 X109.144 Y108.816 E.00768
G1 X108.9 Y109.039 E.01015
G1 X108.752 Y109.24 E.00767
G1 X108.612 Y109.543 E.01026
G1 X108.544 Y109.88 E.01055
G1 X108.544 Y110.116 E.00726
G1 X108.581 Y110.349 E.00726
G1 X108.702 Y110.671 E.01056
G1 X108.895 Y110.956 E.01058
G1 X109.075 Y111.13 E.00768
G1 X109.351 Y111.309 E.01013
G1 X109.575 Y111.398 E.00738
G1 X109.909 Y111.458 E.01043
G1 X110.149 Y111.453 E.00739
G1 X110.481 Y111.38 E.01043
G1 X110.697 Y111.284 E.00728
G1 X110.902 Y111.149 E.00755
G1 X111.14 Y110.914 E.01026
G1 X111.322 Y110.623 E.01055
G1 X111.404 Y110.401 E.00726
G1 X111.451 Y110.17 E.00726
G1 X111.451 Y109.84 E.01013
M204 S2000
G1 X111.843 Y109.825 F18000
M204 S1500
;TYPE:Inner wall
;WIDTH:0.45
G1 F1200
G1 X111.843 Y109.791 E.00112
G1 X111.783 Y109.491 E.01017
G1 X111.675 Y109.203 E.01017
G1 X111.454 Y108.847 E.01391
G1 X111.227 Y108.609 E.0109
G1 X110.893 Y108.374 E.01355
G1 X110.593 Y108.243 E.01088
G1 X110.195 Y108.155 E.0135
G1 X109.889 Y108.149 E.01015
G1 X109.586 Y108.192 E.01017
G1 X109.19 Y108.331 E.01391
G1 X108.909 Y108.5 E.0109
G1 X108.607 Y108.775 E.01355
G1 X108.413 Y109.04 E.01088
G1 X108.237 Y109.42 E.0139
G1 X108.152 Y109.841 E.01423
G1 X108.152 Y110.147 E.01017
G1 X108.2 Y110.45 E.01017
G1 X108.351 Y110.853 E.01426
G1 X108.593 Y111.209 E.01431
G1 X108.829 Y111.438 E.0109
G1 X109.171 Y111.659 E.0135
G1 X109.466 Y111.777 E.01055
G1 X109.877 Y111.851 E.01385
G1 X110.196 Y111.845 E.01057
G1 X110.604 Y111.754 E.01385
G1 X110.886 Y111.629 E.01023
G1 X111.15 Y111.455 E.0105
G1 X111.448 Y111.161 E.0139
G1 X111.675 Y110.797 E.01423
G1 X111.783 Y110.509 E.01017
G1 X111.843 Y110.209 E.01017
G1 X111.843 Y109.845 E.01207
G1 E-.8 F3600
M204 S2000
G1 X112.113 Y109.847 F18000
G1 E.8 F3600
;TYPE:Gap infill
;WIDTH:0.177754
G1 F1200
G1 X112.113 Y109.772 E.00083
G1 X112.04 Y109.412 E.00404
G1 X111.911 Y109.08 E.00391
G1 X111.661 Y108.679 E.0052
G1 X111.396 Y108.404 E.00419
G1 X111.018 Y108.139 E.00507
G1 X110.669 Y107.988 E.00418
G1 X110.221 Y107.888 E.00505
G1 X109.869 Y107.883 E.00387
G1 X109.517 Y107.935 E.0039
G1 X109.083 Y108.088 E.00506
G1 X108.745 Y108.291 E.00433
G1 X108.413 Y108.593 E.00493
G1 X108.181 Y108.91 E.00432
G1 X107.981 Y109.344 E.00525
G1 X107.886 Y109.808 E.0052
G1 X107.902 Y110.316 E.00558
G1 X107.988 Y110.668 E.00398
G1 X108.152 Y111.046 E.00453
G1 X108.391 Y111.388 E.00459
G1 X108.667 Y111.652 E.0042
G1 X109.042 Y111.896 E.00491
G1 X109.406 Y112.041 E.00431
G1 X109.836 Y112.119 E.0048
G1 X110.273 Y112.107 E.0048
G1 X110.688 Y112.012 E.00468
G1 X111.02 Y111.864 E.00399
G1 X111.36 Y111.631 E.00453
G1 X111.664 Y111.324 E.00475
G1 X111.9 Y110.95 E.00486
G1 X112.043 Y110.579 E.00437
G1 X112.109 Y110.229 E.00391
G1 X112.113 Y109.867 E.00398
; stop printing object separador_timon.stl id:0 copy 0
; printing object "separador_timon.stl" id:1 copy 0
G1 E-.8 F3600
G1 X107.452 Y134.966 F18000
G1 E.8 F3600
M204 S1000
;TYPE:Outer wall
;WIDTH:0.42
G1 F1200
G1 X107.577 Y134.717 E.00854
G1 X107.731 Y134.475 E.00883
G1 X107.909 Y134.25 E.00883
G1 X108.109 Y134.044 E.00883
G1 X108.33 Y133.86 E.00883
G1 X108.568 Y133.7 E.00883
G1 X108.822 Y133.565 E.00883
G1 X109.088 Y133.456 E.00883
G1 X109.364 Y133.376 E.00883
G1 X109.646 Y133.325 E.00883
G1 X109.933 Y133.302 E.00883
G1 X110.2 Y133.309 E.00822
G1 X110.648 Y133.377 E.01392
G1 X110.921 Y133.456 E.00873
G1 X111.187 Y133.565 E.00883
G1 X111.441 Y133.7 E.00883
G1 X111.679 Y133.86 E.00883
G1 X111.899 Y134.044 E.00883
G1 X112.1 Y134.25 E.00883
G1 X112.278 Y134.475 E.00883
G1 X112.432 Y134.717 E.00883
G1 X112.561 Y134.974 E.00883
G1 X112.662 Y135.243 E.00883
G1 X112.735 Y135.521 E.00883
G1 X112.779 Y135.802 E.00874
G1 X112.79 Y136.238 E.0134
G1 X112.761 Y136.521 E.00874
G1 X112.702 Y136.802 E.00883
G1 X112.615 Y137.075 E.00883
G1 X112.5 Y137.339 E.00883
G1 X112.358 Y137.588 E.00883
G1 X112.192 Y137.823 E.00883
G1 X112.002 Y138.038 E.00883
G1 X111.791 Y138.233 E.00883
G1 X111.562 Y138.406 E.00883
G1 X111.332 Y138.544 E.00822
G1 X110.918 Y138.727 E.01392
G1 X110.645 Y138.806 E.00873
G1 X110.363 Y138.858 E.00883
G1 X110.076 Y138.88 E.00883
G1 X109.789 Y138.873 E.00883
G1 X109.504 Y138.836 E.00883
G1 X109.225 Y138.77 E.00883
G1 X108.953 Y138.675 E.00883
G1 X108.711 Y138.562 E.00822
G1 X108.328 Y138.321 E.01392
G1 X108.109 Y138.139 E.00873
G1 X107.909 Y137.933 E.00883
G1 X107.731 Y137.708 E.00883
G1 X107.577 Y137.465 E.00883
G1 X107.448 Y137.208 E.00883
G1 X107.353 Y136.958 E.00822
G1 X107.248 Y136.517 E.01392
G1 X107.218 Y136.235 E.00873
G1 X107.218 Y135.948 E.00883
G1 X107.248 Y135.662 E.00883
G1 X107.302 Y135.4 E.00822
G1 X107.445 Y134.985 E.01349
M204 S2000
G1 X107.812 Y135.123 F18000
M204 S1500
;TYPE:Inner wall
;WIDTH:0.45
G1 F1200
G1 X107.918 Y134.911 E.00789
G1 X108.051 Y134.702 E.00819
G1 X108.204 Y134.509 E.00819
G1 X108.376 Y134.332 E.00819
G1 X108.566 Y134.174 E.00819
G1 X108.77 Y134.036 E.00819
G1 X108.988 Y133.92 E.00819
G1 X109.217 Y133.827 E.00819
G1 X109.454 Y133.758 E.00819
G1 X109.697 Y133.714 E.00819
G1 X110.166 Y133.7 E.01558
G1 X110.564 Y133.761 E.01334
G1 X110.792 Y133.827 E.00789
G1 X111.021 Y133.92 E.00819
G1 X111.238 Y134.036 E.00819
G1 X111.443 Y134.174 E.00819
G1 X111.633 Y134.332 E.00819
G1 X111.805 Y134.509 E.00819
G1 X111.958 Y134.702 E.00819
G1 X112.091 Y134.911 E.00819
G1 X112.201 Y135.131 E.00819
G1 X112.288 Y135.362 E.00819
G1 X112.351 Y135.601 E.00819
G1 X112.388 Y135.837 E.00793
G1 X112.398 Y136.222 E.01279
G1 X112.373 Y136.46 E.00793
G1 X112.322 Y136.702 E.00819
G1 X112.247 Y136.937 E.00819
G1 X112.149 Y137.163 E.00819
G1 X112.027 Y137.378 E.00819
G1 X111.884 Y137.579 E.00819
G1 X111.721 Y137.764 E.00819
G1 X111.54 Y137.932 E.00819
G1 X111.151 Y138.195 E.01558
G1 X110.783 Y138.358 E.01334
G1 X110.555 Y138.424 E.00789
G1 X110.312 Y138.469 E.00819
G1 X110.066 Y138.488 E.00819
G1 X109.819 Y138.481 E.00819
G1 X109.575 Y138.45 E.00819
G1 X109.334 Y138.393 E.00819
G1 X108.899 Y138.217 E.01558
G1 X108.559 Y138.003 E.01334
G1 X108.376 Y137.85 E.00789
G1 X108.204 Y137.674 E.00819
G1 X108.051 Y137.48 E.00819
G1 X107.918 Y137.272 E.00819
G1 X107.729 Y136.842 E.01558
G1 X107.635 Y136.451 E.01334
G1 X107.61 Y136.215 E.00789
G1 X107.61 Y135.968 E.00819
G1 X107.681 Y135.504 E.01558
G1 X107.805 Y135.142 E.01268
M204 S2000
G1 E-.8 F3600
G1 X111.453 Y135.912 F18000
G1 E.8 F3600
M204 S1000
;TYPE:Outer wall
;WIDTH:0.42
G1 F1200
G1 X111.409 Y135.69 E.00695
G1 X111.326 Y135.469 E.00726
G1 X111.146 Y135.18 E.01045
G1 X110.974 Y134.999 E.00768
G1 X110.704 Y134.809 E.01015
G1 X110.475 Y134.709 E.00767
G1 X110.153 Y134.638 E.01013
G1 X109.917 Y134.633 E.00725
G1 X109.683 Y134.666 E.00726
G1 X109.363 Y134.779 E.01045
G1 X109.148 Y134.908 E.00768
G1 X108.904 Y135.13 E.01015
G1 X108.757 Y135.332 E.00767
G1 X108.616 Y135.634 E.01026
G1 X108.548 Y135.971 E.01055
G1 X108.548 Y136.207 E.00726
G1 X108.586 Y136.441 E.00726
G1 X108.706 Y136.763 E.01056
G1 X108.9 Y137.047 E.01058
G1 X109.079 Y137.221 E.00768
G1 X109.356 Y137.4 E.01013
G1 X109.579 Y137.489 E.00738
G1 X109.913 Y137.549 E.01043
G1 X110.154 Y137.545 E.00739
G1 X110.485 Y137.471 E.01043
G1 X110.701 Y137.375 E.00728
G1 X110.907 Y137.24 E.00755
G1 X111.145 Y137.006 E.01026
G1 X111.326 Y136.714 E.01055
G1 X111.409 Y136.493 E.00726
G1 X111.455 Y136.261 E.00726
G1 X111.455 Y135.931 E.01013
M204 S2000
G1 X111.848 Y135.916 F18000
M204 S1500
;TYPE:Inner wall
;WIDTH:0.45
G1 F1200
G1 X111.848 Y135.882 E.00112
G1 X111.787 Y135.582 E.01017
G1 X111.68 Y135.295 E.01017
G1 X111.458 Y134.939 E.01391
G1 X111.231 Y134.701 E.0109
G1 X110.898 Y134.465 E.01355
G1 X110.597 Y134.334 E.01088
G1 X110.2 Y134.247 E.0135
G1 X109.894 Y134.241 E.01015
G1 X109.59 Y134.283 E.01017
G1 X109.195 Y134.422 E.01391
G1 X108.913 Y134.592 E.0109
G1 X108.611 Y134.867 E.01355
G1 X108.418 Y135.131 E.01088
G1 X108.241 Y135.511 E.0139
G1 X108.156 Y135.932 E.01423
G1 X108.156 Y136.239 E.01017
G1 X108.205 Y136.541 E.01017
G1 X108.355 Y136.944 E.01426
G1 X108.598 Y137.301 E.01431
G1 X108.834 Y137.53 E.0109
G1 X109.175 Y137.751 E.0135
G1 X109.471 Y137.868 E.01055
G1 X109.882 Y137.942 E.01385
G1 X110.2 Y137.936 E.01057
G1 X110.608 Y137.845 E.01385
G1 X110.89 Y137.72 E.01023
G1 X111.154 Y137.546 E.0105
G1 X111.453 Y137.252 E.0139
G1 X111.68 Y136.888 E.01423
G1 X111.787 Y136.601 E.01017
G1 X111.848 Y136.3 E.01017
G1 X111.848 Y135.936 E.01207
M204 S2000
G1 X112.117 Y135.939 F18000
;TYPE:Gap infill
;WIDTH:0.177754
G1 F1200
G1 X112.118 Y135.863 E.00083
G1 X112.044 Y135.503 E.00404
G1 X111.916 Y135.172 E.00391
G1 X111.665 Y134.77 E.0052
G1 X111.401 Y134.495 E.00419
G1 X111.023 Y134.23 E.00507
G1 X110.674 Y134.079 E.00418
G1 X110.225 Y133.98 E.00505
G1 X109.873 Y133.975 E.00387
G1 X109.521 Y134.027 E.0039
G1 X109.087 Y134.179 E.00506
G1 X108.75 Y134.382 E.00433
G1 X108.418 Y134.685 E.00493
G1 X108.185 Y135.001 E.00432
G1 X107.985 Y135.435 E.00525
G1 X107.89 Y135.899 E.0052
G1 X107.906 Y136.407 E.00558
G1 X107.992 Y136.759 E.00398
G1 X108.156 Y137.137 E.00453
G1 X108.395 Y137.48 E.00459
G1 X108.671 Y137.744 E.0042
G1 X109.046 Y137.987 E.00491
G1 X109.41 Y138.132 E.00431
G1 X109.84 Y138.21 E.0048
G1 X110.277 Y138.198 E.0048
G1 X110.692 Y138.103 E.00468
G1 X111.025 Y137.956 E.00399
G1 X111.365 Y137.722 E.00453
G1 X111.669 Y137.415 E.00475
G1 X111.905 Y137.041 E.00486
G1 X112.048 Y136.67 E.00437
G1 X112.114 Y136.32 E.00391
G1 X112.117 Y135.959 E.00398
; stop printing object separador_timon.stl id:1 copy 0
; end of layer_num: 7, T: 0, print_z: 1.440000
;LAYER_CHANGE
;Z:1.64
;HEIGHT:0.2
; BEFORE_LAYER_CHANGE 7 @ 1.64mm
G92 E0
; AFTER_LAYER_CHANGE 7 @ 1.64mm
; start of layer_num: 8, T: 0, print_z: 1.640000
; printing object "separador_timon.stl" id:0 copy 0
G1 E-.8 F3600
G1 X107.448 Y108.874 Z1.64 F18000
G1 E.8 F3600
M204 S1000
;TYPE:Outer wall
;WIDTH:0.42
G1 F1200
G1 X107.572 Y108.626 E.00852
G1 X107.726 Y108.384 E.00883
G1 X107.905 Y108.158 E.00883
G1 X108.105 Y107.953 E.00882
G1 X108.326 Y107.769 E.00883
G1 X108.564 Y107.608 E.00883
G1 X108.817 Y107.473 E.00883
G1 X109.083 Y107.365 E.00883
G1 X109.359 Y107.285 E.00883
G1 X109.642 Y107.233 E.00883
G1 X109.928 Y107.211 E.00883
G1 X110.193 Y107.218 E.00815
G1 X110.644 Y107.286 E.014
G1 X110.917 Y107.365 E.00873
G1 X111.183 Y107.473 E.00883
G1 X111.436 Y107.608 E.00883
G1 X111.674 Y107.769 E.00883
G1 X111.895 Y107.953 E.00883
G1 X112.095 Y108.158 E.00883
G1 X112.274 Y108.384 E.00883
G1 X112.428 Y108.626 E.00883
G1 X112.556 Y108.883 E.00883
G1 X112.658 Y109.152 E.00883
G1 X112.731 Y109.43 E.00883
G1 X112.772 Y109.691 E.00815
G1 X112.786 Y110.147 E.014
G1 X112.756 Y110.429 E.00873
G1 X112.698 Y110.71 E.00883
G1 X112.61 Y110.984 E.00883
G1 X112.495 Y111.247 E.00883
G1 X112.354 Y111.497 E.00883
G1 X112.187 Y111.731 E.00883
G1 X111.998 Y111.947 E.00883
G1 X111.787 Y112.142 E.00883
G1 X111.557 Y112.315 E.00883
G1 X111.311 Y112.462 E.00883
G1 X111.051 Y112.584 E.00883
G1 X110.78 Y112.679 E.00883
G1 X110.5 Y112.745 E.00883
G1 X110.218 Y112.781 E.00874
G1 X109.782 Y112.781 E.0134
G1 X109.5 Y112.745 E.00874
G1 X109.22 Y112.679 E.00883
G1 X108.949 Y112.584 E.00883
G1 X108.691 Y112.464 E.00874
G1 X108.323 Y112.23 E.0134
G1 X108.105 Y112.047 E.00874
G1 X107.905 Y111.842 E.00883
G1 X107.726 Y111.616 E.00883
G1 X107.572 Y111.374 E.00883
G1 X107.444 Y111.117 E.00883
G1 X107.342 Y110.848 E.00883
G1 X107.269 Y110.571 E.00883
G1 X107.225 Y110.29 E.00874
G1 X107.214 Y109.854 E.0134
G1 X107.244 Y109.571 E.00875
G1 X107.297 Y109.311 E.00815
G1 X107.441 Y108.893 E.01359
M204 S2000
G1 X107.808 Y109.032 F18000
M204 S1500
;TYPE:Inner wall
;WIDTH:0.45
G1 F1200
G1 X107.914 Y108.819 E.00789
G1 X108.046 Y108.611 E.00819
G1 X108.199 Y108.418 E.00819
G1 X108.372 Y108.241 E.00819
G1 X108.561 Y108.083 E.00819
G1 X108.766 Y107.945 E.00819
G1 X108.984 Y107.829 E.00819
G1 X109.212 Y107.736 E.00819
G1 X109.449 Y107.667 E.00819
G1 X109.692 Y107.623 E.00819
G1 X110.159 Y107.609 E.0155
G1 X110.559 Y107.67 E.01342
G1 X110.788 Y107.736 E.00789
G1 X111.016 Y107.829 E.00819
G1 X111.234 Y107.945 E.00819
G1 X111.439 Y108.083 E.00819
G1 X111.628 Y108.241 E.00819
G1 X111.801 Y108.418 E.00819
G1 X111.954 Y108.611 E.00819
G1 X112.086 Y108.819 E.00819
G1 X112.197 Y109.04 E.00819
G1 X112.284 Y109.271 E.00819
G1 X112.381 Y109.728 E.0155
G1 X112.393 Y110.132 E.01342
G1 X112.369 Y110.369 E.00789
G1 X112.318 Y110.61 E.00819
G1 X112.243 Y110.846 E.00819
G1 X112.144 Y111.072 E.00819
G1 X112.023 Y111.287 E.00819
G1 X111.88 Y111.488 E.00819
G1 X111.717 Y111.673 E.00819
G1 X111.536 Y111.841 E.00819
G1 X111.338 Y111.989 E.00819
G1 X111.127 Y112.116 E.00819
G1 X110.903 Y112.221 E.00819
G1 X110.67 Y112.302 E.00819
G1 X110.43 Y112.358 E.00819
G1 X110.193 Y112.389 E.00793
G1 X109.807 Y112.389 E.01279
G1 X109.57 Y112.358 E.00793
G1 X109.33 Y112.302 E.00819
G1 X109.097 Y112.221 E.00819
G1 X108.88 Y112.119 E.00793
G1 X108.555 Y111.912 E.01279
G1 X108.372 Y111.759 E.00793
G1 X108.199 Y111.582 E.00819
G1 X108.046 Y111.389 E.00819
G1 X107.914 Y111.181 E.00819
G1 X107.803 Y110.96 E.00819
G1 X107.716 Y110.729 E.00819
G1 X107.654 Y110.49 E.00819
G1 X107.617 Y110.254 E.00793
G1 X107.607 Y109.869 E.01279
G1 X107.676 Y109.415 E.01524
G1 X107.801 Y109.051 E.01276
M204 S2000
G1 E-.8 F3600
G1 X111.45 Y109.822 F18000
G1 E.8 F3600
M204 S1000
;TYPE:Outer wall
;WIDTH:0.42
G1 F1200
G1 X111.404 Y109.599 E.00702
G1 X111.322 Y109.377 E.00726
G1 X111.142 Y109.089 E.01043
G1 X110.98 Y108.917 E.00726
G1 X110.793 Y108.773 E.00726
G1 X110.488 Y108.623 E.01043
G1 X110.256 Y108.562 E.00739
G1 X109.913 Y108.541 E.01056
G1 X109.575 Y108.602 E.01056
G1 X109.351 Y108.691 E.00739
G1 X109.067 Y108.876 E.01043
G1 X108.895 Y109.044 E.00739
G1 X108.704 Y109.325 E.01043
G1 X108.613 Y109.543 E.00726
G1 X108.557 Y109.773 E.00726
G1 X108.543 Y110.112 E.01043
G1 X108.581 Y110.349 E.00739
G1 X108.7 Y110.667 E.01043
G1 X108.827 Y110.872 E.00739
G1 X109.063 Y111.122 E.01056
G1 X109.352 Y111.309 E.01058
G1 X109.586 Y111.401 E.00772
G1 X109.909 Y111.458 E.01009
G1 X110.149 Y111.453 E.00738
G1 X110.481 Y111.38 E.01043
G1 X110.697 Y111.284 E.00728
G1 X110.903 Y111.148 E.00759
G1 X111.14 Y110.914 E.01022
G1 X111.322 Y110.623 E.01055
G1 X111.404 Y110.401 E.00726
G1 X111.451 Y110.17 E.00726
G1 X111.451 Y109.842 E.01006
M204 S2000
G1 X111.843 Y109.825 F18000
M204 S1500
;TYPE:Inner wall
;WIDTH:0.45
G1 F1200
G1 X111.843 Y109.791 E.00112
G1 X111.783 Y109.491 E.01017
G1 X111.675 Y109.203 E.01017
G1 X111.454 Y108.849 E.01386
G1 X111.244 Y108.626 E.01017
G1 X111.001 Y108.438 E.01017
G1 X110.626 Y108.254 E.01385
G1 X110.318 Y108.173 E.01057
G1 X109.889 Y108.147 E.01426
G1 X109.466 Y108.223 E.01426
G1 X109.17 Y108.341 E.01057
G1 X108.82 Y108.569 E.01385
G1 X108.592 Y108.792 E.01057
G1 X108.358 Y109.137 E.01385
G1 X108.239 Y109.42 E.01017
G1 X108.167 Y109.718 E.01017
G1 X108.15 Y110.135 E.01385
G1 X108.2 Y110.45 E.01057
G1 X108.347 Y110.841 E.01385
G1 X108.515 Y111.112 E.01057
G1 X108.81 Y111.425 E.01426
G1 X109.172 Y111.66 E.01432
G1 X109.479 Y111.78 E.01095
G1 X109.878 Y111.851 E.01344
G1 X110.196 Y111.845 E.01054
G1 X110.604 Y111.754 E.01385
G1 X110.886 Y111.629 E.01023
G1 X111.151 Y111.454 E.01055
G1 X111.449 Y111.161 E.01385
G1 X111.675 Y110.797 E.01423
G1 X111.783 Y110.509 E.01017
G1 X111.843 Y110.209 E.01017
G1 X111.843 Y109.845 E.01207
G1 E-.8 F3600
M204 S2000
G1 X112.113 Y109.84 F18000
G1 E.8 F3600
;TYPE:Gap infill
;WIDTH:0.177411
G1 F1200
G1 X112.112 Y109.758 E.00091
G1 X112.023 Y109.354 E.00453
G1 X111.846 Y108.955 E.00478
G1 X111.595 Y108.599 E.00478
G1 X111.274 Y108.302 E.00478
G1 X110.899 Y108.08 E.00478
G1 X110.498 Y107.937 E.00466
G1 X110.137 Y107.885 E.004
G1 X109.866 Y107.882 E.00297
G1 X109.387 Y107.968 E.00534
G1 X109.043 Y108.108 E.00407
G1 X108.648 Y108.365 E.00516
G1 X108.393 Y108.617 E.00394
G1 X108.272 Y108.772 E.00215
G1 X108.127 Y109.005 E.00301
G1 X107.984 Y109.341 E.00401
G1 X107.902 Y109.687 E.0039
G1 X107.882 Y110.145 E.00502
G1 X107.944 Y110.524 E.00421
G1 X108.11 Y110.965 E.00516
G1 X108.308 Y111.279 E.00407
G1 X108.645 Y111.634 E.00536
G1 X109.01 Y111.879 E.00482
G1 X109.406 Y112.041 E.00469
G1 X109.827 Y112.117 E.00469
G1 X110.173 Y112.117 E.0038
G1 X110.593 Y112.037 E.00468
G1 X110.999 Y111.876 E.00479
G1 X111.36 Y111.631 E.00479
G1 X111.665 Y111.324 E.00474
G1 X111.9 Y110.95 E.00484
G1 X112.054 Y110.541 E.00479
G1 X112.118 Y110.12 E.00466
G1 X112.113 Y109.86 E.00285
; stop printing object separador_timon.stl id:0 copy 0
; printing object "separador_timon.stl" id:1 copy 0
G1 E-.8 F3600
G1 X107.452 Y134.965 F18000
G1 E.8 F3600
M204 S1000
;TYPE:Outer wall
;WIDTH:0.42
G1 F1200
G1 X107.577 Y134.717 E.00852
G1 X107.731 Y134.475 E.00883
G1 X107.909 Y134.25 E.00883
G1 X108.109 Y134.044 E.00882
G1 X108.33 Y133.86 E.00883
G1 X108.568 Y133.7 E.00883
G1 X108.822 Y133.565 E.00883
G1 X109.088 Y133.456 E.00883
G1 X109.364 Y133.376 E.00883
G1 X109.646 Y133.325 E.00883
G1 X109.933 Y133.302 E.00883
G1 X110.198 Y133.309 E.00815
G1 X110.648 Y133.377 E.014
G1 X110.921 Y133.456 E.00873
G1 X111.187 Y133.565 E.00883
G1 X111.441 Y133.7 E.00883
G1 X111.679 Y133.86 E.00883
G1 X111.899 Y134.044 E.00883
G1 X112.1 Y134.25 E.00883
G1 X112.278 Y134.475 E.00883
G1 X112.432 Y134.717 E.00883
G1 X112.561 Y134.974 E.00883
G1 X112.662 Y135.243 E.00883
G1 X112.735 Y135.521 E.00883
G1 X112.776 Y135.783 E.00815
G1 X112.79 Y136.238 E.014
G1 X112.761 Y136.521 E.00873
G1 X112.702 Y136.802 E.00883
G1 X112.615 Y137.075 E.00883
G1 X112.5 Y137.339 E.00883
G1 X112.358 Y137.588 E.00883
G1 X112.192 Y137.823 E.00883
G1 X112.002 Y138.038 E.00883
G1 X111.791 Y138.233 E.00883
G1 X111.562 Y138.406 E.00883
G1 X111.315 Y138.554 E.00883
G1 X111.055 Y138.675 E.00883
G1 X110.784 Y138.77 E.00883
G1 X110.505 Y138.836 E.00883
G1 X110.222 Y138.872 E.00874
G1 X109.786 Y138.872 E.0134
G1 X109.504 Y138.836 E.00874
G1 X109.225 Y138.77 E.00883
G1 X108.953 Y138.675 E.00883
G1 X108.696 Y138.555 E.00874
G1 X108.328 Y138.321 E.0134
G1 X108.109 Y138.139 E.00874
G1 X107.909 Y137.933 E.00883
G1 X107.731 Y137.708 E.00883
G1 X107.577 Y137.465 E.00883
G1 X107.448 Y137.208 E.00883
G1 X107.347 Y136.94 E.00883
G1 X107.274 Y136.662 E.00883
G1 X107.23 Y136.381 E.00874
G1 X107.219 Y135.945 E.0134
G1 X107.248 Y135.662 E.00875
G1 X107.302 Y135.402 E.00815
G1 X107.445 Y134.984 E.01359
M204 S2000
G1 X107.812 Y135.123 F18000
M204 S1500
;TYPE:Inner wall
;WIDTH:0.45
G1 F1200
G1 X107.918 Y134.911 E.00789
G1 X108.051 Y134.702 E.00819
G1 X108.204 Y134.509 E.00819
G1 X108.376 Y134.332 E.00819
G1 X108.566 Y134.174 E.00819
G1 X108.77 Y134.036 E.00819
G1 X108.988 Y133.92 E.00819
G1 X109.217 Y133.827 E.00819
G1 X109.454 Y133.758 E.00819
G1 X109.697 Y133.714 E.00819
G1 X110.164 Y133.7 E.0155
G1 X110.564 Y133.761 E.01342
G1 X110.792 Y133.827 E.00789
G1 X111.021 Y133.92 E.00819
G1 X111.238 Y134.036 E.00819
G1 X111.443 Y134.174 E.00819
G1 X111.633 Y134.332 E.00819
G1 X111.805 Y134.509 E.00819
G1 X111.958 Y134.702 E.00819
G1 X112.091 Y134.911 E.00819
G1 X112.201 Y135.131 E.00819
G1 X112.288 Y135.362 E.00819
G1 X112.385 Y135.819 E.0155
G1 X112.397 Y136.224 E.01342
G1 X112.373 Y136.46 E.00789
G1 X112.322 Y136.702 E.00819
G1 X112.247 Y136.937 E.00819
G1 X112.149 Y137.163 E.00819
G1 X112.027 Y137.378 E.00819
G1 X111.884 Y137.579 E.00819
G1 X111.721 Y137.764 E.00819
G1 X111.54 Y137.932 E.00819
G1 X111.343 Y138.08 E.00819
G1 X111.131 Y138.207 E.00819
G1 X110.907 Y138.312 E.00819
G1 X110.674 Y138.393 E.00819
G1 X110.434 Y138.45 E.00819
G1 X110.197 Y138.48 E.00793
G1 X109.812 Y138.48 E.01279
G1 X109.575 Y138.45 E.00793
G1 X109.334 Y138.393 E.00819
G1 X109.101 Y138.312 E.00819
G1 X108.885 Y138.21 E.00793
G1 X108.56 Y138.004 E.01279
G1 X108.376 Y137.85 E.00793
G1 X108.204 Y137.674 E.00819
G1 X108.051 Y137.48 E.00819
G1 X107.918 Y137.272 E.00819
G1 X107.808 Y137.051 E.00819
G1 X107.721 Y136.82 E.00819
G1 X107.658 Y136.582 E.00819
G1 X107.621 Y136.345 E.00793
G1 X107.611 Y135.96 E.01279
G1 X107.681 Y135.506 E.01524
G1 X107.805 Y135.142 E.01276
M204 S2000
G1 E-.8 F3600
G1 X111.454 Y135.914 F18000
G1 E.8 F3600
M204 S1000
;TYPE:Outer wall
;WIDTH:0.42
G1 F1200
G1 X111.409 Y135.69 E.00702
G1 X111.326 Y135.469 E.00726
G1 X111.147 Y135.18 E.01043
G1 X110.985 Y135.008 E.00726
G1 X110.797 Y134.864 E.00726
G1 X110.493 Y134.714 E.01043
G1 X110.26 Y134.653 E.00739
G1 X109.917 Y134.632 E.01056
G1 X109.579 Y134.694 E.01056
G1 X109.356 Y134.782 E.00739
G1 X109.071 Y134.967 E.01043
G1 X108.899 Y135.136 E.00739
G1 X108.709 Y135.417 E.01043
G1 X108.617 Y135.634 E.00726
G1 X108.561 Y135.864 E.00726
G1 X108.548 Y136.203 E.01043
G1 X108.586 Y136.441 E.00739
G1 X108.705 Y136.759 E.01043
G1 X108.832 Y136.963 E.00739
G1 X109.067 Y137.213 E.01056
G1 X109.356 Y137.401 E.01058
G1 X109.59 Y137.492 E.00772
G1 X109.913 Y137.549 E.01009
G1 X110.154 Y137.545 E.00738
G1 X110.485 Y137.471 E.01043
G1 X110.702 Y137.375 E.00728
G1 X110.908 Y137.239 E.00759
G1 X111.145 Y137.005 E.01022
G1 X111.326 Y136.714 E.01055
G1 X111.409 Y136.493 E.00726
G1 X111.455 Y136.261 E.00726
G1 X111.455 Y135.934 E.01006
M204 S2000
G1 X111.848 Y135.916 F18000
M204 S1500
;TYPE:Inner wall
;WIDTH:0.45
G1 F1200
G1 X111.848 Y135.882 E.00112
G1 X111.787 Y135.582 E.01017
G1 X111.68 Y135.295 E.01017
G1 X111.459 Y134.94 E.01386
G1 X111.249 Y134.717 E.01017
G1 X111.006 Y134.53 E.01017
G1 X110.631 Y134.345 E.01385
G1 X110.323 Y134.264 E.01057
G1 X109.894 Y134.238 E.01426
G1 X109.471 Y134.315 E.01426
G1 X109.175 Y134.432 E.01057
G1 X108.824 Y134.66 E.01385
G1 X108.597 Y134.883 E.01057
G1 X108.362 Y135.229 E.01385
G1 X108.243 Y135.511 E.01017
G1 X108.171 Y135.809 E.01017
G1 X108.154 Y136.227 E.01385
G1 X108.205 Y136.541 E.01057
G1 X108.351 Y136.933 E.01385
G1 X108.52 Y137.203 E.01057
G1 X108.814 Y137.516 E.01426
G1 X109.176 Y137.751 E.01432
G1 X109.484 Y137.871 E.01095
G1 X109.883 Y137.942 E.01344
G1 X110.2 Y137.936 E.01054
G1 X110.608 Y137.845 E.01385
G1 X110.89 Y137.72 E.01023
G1 X111.156 Y137.545 E.01055
G1 X111.453 Y137.252 E.01385
G1 X111.68 Y136.888 E.01423
G1 X111.787 Y136.601 E.01017
G1 X111.848 Y136.3 E.01017
G1 X111.848 Y135.936 E.01207
M204 S2000
G1 X112.118 Y135.932 F18000
;TYPE:Gap infill
;WIDTH:0.177411
G1 F1200
G1 X112.116 Y135.849 E.00091
G1 X112.027 Y135.446 E.00453
G1 X111.85 Y135.047 E.00478
G1 X111.599 Y134.69 E.00478
G1 X111.278 Y134.394 E.00478
G1 X110.903 Y134.171 E.00478
G1 X110.503 Y134.028 E.00466
G1 X110.141 Y133.976 E.004
G1 X109.871 Y133.973 E.00297
G1 X109.391 Y134.059 E.00534
G1 X109.047 Y134.199 E.00407
G1 X108.653 Y134.456 E.00516
G1 X108.397 Y134.708 E.00394
G1 X108.276 Y134.863 E.00215
G1 X108.131 Y135.096 E.00301
G1 X107.988 Y135.433 E.00401
G1 X107.907 Y135.778 E.0039
G1 X107.886 Y136.236 E.00502
G1 X107.949 Y136.616 E.00421
G1 X108.114 Y137.056 E.00516
G1 X108.313 Y137.37 E.00407
G1 X108.649 Y137.725 E.00536
G1 X109.014 Y137.971 E.00482
G1 X109.41 Y138.133 E.00469
G1 X109.831 Y138.209 E.00469
G1 X110.178 Y138.208 E.0038
G1 X110.597 Y138.129 E.00468
G1 X111.003 Y137.967 E.00479
G1 X111.365 Y137.722 E.00479
G1 X111.669 Y137.415 E.00474
G1 X111.905 Y137.041 E.00484
G1 X112.058 Y136.632 E.00479
G1 X112.122 Y136.212 E.00466
G1 X112.118 Y135.952 E.00285
; stop printing object separador_timon.stl id:1 copy 0
; end of layer_num: 8, T: 0, print_z: 1.640000
;LAYER_CHANGE
;Z:1.84
;HEIGHT:0.2
; BEFORE_LAYER_CHANGE 8 @ 1.84mm
G92 E0
; AFTER_LAYER_CHANGE 8 @ 1.84mm
; start of layer_num: 9, T: 0, print_z: 1.840000
; printing object "separador_timon.stl" id:0 copy 0
G1 E-.8 F3600
G1 X107.448 Y108.874 Z1.84 F18000
G1 E.8 F3600
M204 S1000
;TYPE:Outer wall
;WIDTH:0.42
G1 F1200
G1 X107.572 Y108.626 E.0085
G1 X107.726 Y108.384 E.00883
G1 X107.905 Y108.158 E.00883
G1 X108.105 Y107.953 E.00882
G1 X108.326 Y107.769 E.00883
G1 X108.564 Y107.608 E.00883
G1 X108.817 Y107.473 E.00883
G1 X109.083 Y107.365 E.00883
G1 X109.359 Y107.285 E.00883
G1 X109.642 Y107.233 E.00883
G1 X109.928 Y107.211 E.00883
G1 X110.191 Y107.217 E.00807
G1 X110.644 Y107.286 E.01407
G1 X110.917 Y107.365 E.00873
G1 X111.183 Y107.473 E.00883
G1 X111.436 Y107.608 E.00883
G1 X111.674 Y107.769 E.00883
G1 X111.895 Y107.953 E.00883
G1 X112.095 Y108.158 E.00883
G1 X112.274 Y108.384 E.00883
G1 X112.428 Y108.626 E.00883
G1 X112.556 Y108.883 E.00883
G1 X112.658 Y109.152 E.00883
G1 X112.731 Y109.429 E.00883
G1 X112.775 Y109.71 E.00874
G1 X112.786 Y110.146 E.0134
G1 X112.756 Y110.429 E.00874
G1 X112.698 Y110.71 E.00883
G1 X112.61 Y110.984 E.00883
G1 X112.495 Y111.247 E.00883
G1 X112.354 Y111.497 E.00883
G1 X112.187 Y111.731 E.00883
G1 X111.998 Y111.947 E.00883
G1 X111.787 Y112.142 E.00882
G1 X111.557 Y112.315 E.00883
G1 X111.311 Y112.462 E.00883
G1 X111.051 Y112.584 E.00883
G1 X110.803 Y112.671 E.00807
G1 X110.355 Y112.767 E.01407
G1 X110.072 Y112.789 E.00873
G1 X109.785 Y112.781 E.00883
G1 X109.5 Y112.745 E.00883
G1 X109.22 Y112.679 E.00883
G1 X108.949 Y112.584 E.00883
G1 X108.689 Y112.462 E.00883
G1 X108.442 Y112.314 E.00883
G1 X108.232 Y112.157 E.00807
G1 X107.903 Y111.839 E.01407
G1 X107.726 Y111.616 E.00873
G1 X107.572 Y111.374 E.00883
G1 X107.444 Y111.117 E.00883
G1 X107.342 Y110.848 E.00883
G1 X107.269 Y110.571 E.00883
G1 X107.225 Y110.29 E.00874
G1 X107.214 Y109.856 E.01331
G1 X107.27 Y109.427 E.01331
G1 X107.342 Y109.152 E.00874
G1 X107.44 Y108.892 E.00853
M204 S2000
G1 X107.803 Y109.04 F18000
M204 S1500
;TYPE:Inner wall
;WIDTH:0.45
G1 F1200
G1 X107.914 Y108.819 E.00819
G1 X108.046 Y108.611 E.00819
G1 X108.199 Y108.418 E.00819
G1 X108.372 Y108.241 E.00819
G1 X108.561 Y108.083 E.00819
G1 X108.766 Y107.945 E.00819
G1 X108.984 Y107.829 E.00819
G1 X109.212 Y107.736 E.00819
G1 X109.449 Y107.667 E.00819
G1 X109.692 Y107.623 E.00819
G1 X110.157 Y107.609 E.01542
G1 X110.559 Y107.67 E.0135
G1 X110.788 Y107.736 E.00788
G1 X111.016 Y107.829 E.00819
G1 X111.234 Y107.945 E.00819
G1 X111.439 Y108.083 E.00819
G1 X111.628 Y108.241 E.00819
G1 X111.801 Y108.418 E.00819
G1 X111.954 Y108.611 E.00819
G1 X112.086 Y108.819 E.00819
G1 X112.197 Y109.04 E.00819
G1 X112.284 Y109.271 E.00819
G1 X112.346 Y109.51 E.00819
G1 X112.383 Y109.746 E.00793
G1 X112.393 Y110.131 E.01279
G1 X112.369 Y110.369 E.00793
G1 X112.318 Y110.61 E.00819
G1 X112.243 Y110.846 E.00819
G1 X112.144 Y111.072 E.00819
G1 X112.023 Y111.287 E.00819
G1 X111.88 Y111.488 E.00819
G1 X111.717 Y111.673 E.00819
G1 X111.536 Y111.841 E.00819
G1 X111.338 Y111.989 E.00819
G1 X111.127 Y112.116 E.00819
G1 X110.697 Y112.293 E.01542
G1 X110.299 Y112.378 E.0135
G1 X110.062 Y112.396 E.00788
G1 X109.815 Y112.39 E.00819
G1 X109.57 Y112.358 E.00819
G1 X109.33 Y112.302 E.00819
G1 X109.097 Y112.221 E.00819
G1 X108.873 Y112.116 E.00819
G1 X108.487 Y111.858 E.01542
G1 X108.194 Y111.575 E.0135
G1 X108.046 Y111.389 E.00788
G1 X107.914 Y111.181 E.00819
G1 X107.803 Y110.96 E.00819
G1 X107.716 Y110.729 E.00819
G1 X107.654 Y110.49 E.00819
G1 X107.617 Y110.254 E.00793
G1 X107.607 Y109.877 E.01253
G1 X107.656 Y109.502 E.01253
G1 X107.716 Y109.271 E.00793
G1 X107.796 Y109.059 E.00752
M204 S2000
G1 E-.8 F3600
G1 X111.451 Y109.825 F18000
G1 E.8 F3600
M204 S1000
;TYPE:Outer wall
;WIDTH:0.42
G1 F1200
G1 X111.37 Y109.492 E.01051
G1 X111.27 Y109.278 E.00726
G1 X111.139 Y109.086 E.00713
G1 X110.977 Y108.914 E.00726
G1 X110.7 Y108.718 E.01043
G1 X110.481 Y108.62 E.00739
G1 X110.149 Y108.547 E.01043
G1 X109.909 Y108.542 E.00739
G1 X109.575 Y108.602 E.01043
G1 X109.351 Y108.691 E.00739
G1 X109.067 Y108.876 E.01043
G1 X108.895 Y109.044 E.00739
G1 X108.704 Y109.325 E.01043
G1 X108.611 Y109.547 E.00739
G1 X108.544 Y109.88 E.01043
G1 X108.544 Y110.12 E.00739
G1 X108.611 Y110.453 E.01043
G1 X108.704 Y110.675 E.00739
G1 X108.895 Y110.956 E.01045
G1 X109.077 Y111.132 E.00776
G1 X109.351 Y111.309 E.01004
G1 X109.575 Y111.398 E.00738
G1 X109.909 Y111.458 E.01043
G1 X110.149 Y111.453 E.00739
G1 X110.481 Y111.38 E.01043
G1 X110.7 Y111.282 E.00739
G1 X110.978 Y111.086 E.01045
G1 X111.15 Y110.9 E.00777
G1 X111.322 Y110.622 E.01004
G1 X111.404 Y110.401 E.00725
G1 X111.451 Y110.17 E.00726
G1 X111.451 Y109.844 E.00999
M204 S2000
G1 X111.834 Y109.741 F18000
M204 S1500
;TYPE:Inner wall
;WIDTH:0.45
G1 F1200
G1 X111.742 Y109.361 E.01296
G1 X111.612 Y109.084 E.01017
G1 X111.446 Y108.84 E.00977
G1 X111.236 Y108.617 E.01017
G1 X110.895 Y108.375 E.01385
G1 X110.604 Y108.246 E.01057
G1 X110.196 Y108.155 E.01385
G1 X109.877 Y108.149 E.01057
G1 X109.466 Y108.223 E.01385
G1 X109.17 Y108.341 E.01057
G1 X108.82 Y108.569 E.01385
G1 X108.592 Y108.792 E.01057
G1 X108.358 Y109.137 E.01385
G1 X108.234 Y109.431 E.01057
G1 X108.152 Y109.841 E.01385
G1 X108.152 Y110.159 E.01057
G1 X108.234 Y110.569 E.01385
G1 X108.358 Y110.863 E.01057
G1 X108.594 Y111.21 E.01392
G1 X108.832 Y111.44 E.011
G1 X109.171 Y111.659 E.01339
G1 X109.466 Y111.777 E.01054
G1 X109.877 Y111.851 E.01385
G1 X110.196 Y111.845 E.01057
G1 X110.604 Y111.754 E.01385
G1 X110.895 Y111.625 E.01057
G1 X111.238 Y111.382 E.01392
G1 X111.463 Y111.139 E.011
G1 X111.676 Y110.796 E.01339
G1 X111.783 Y110.509 E.01014
G1 X111.843 Y110.209 E.01017
G1 X111.843 Y109.779 E.01426
G1 X111.839 Y109.76 E.00064
G1 E-.8 F3600
M204 S2000
G1 X112.098 Y109.703 F18000
G1 E.8 F3600
;TYPE:Gap infill
;WIDTH:0.176884
G1 F1200
G1 X112.022 Y109.355 E.0039
G1 X111.85 Y108.953 E.00477
G1 X111.652 Y108.668 E.00378
G1 X111.406 Y108.412 E.00388
G1 X111.021 Y108.141 E.00514
G1 X110.681 Y107.992 E.00406
G1 X110.222 Y107.889 E.00514
G1 X109.85 Y107.884 E.00406
G1 X109.387 Y107.968 E.00514
G1 X109.043 Y108.108 E.00406
G1 X108.648 Y108.365 E.00514
G1 X108.385 Y108.626 E.00406
G1 X108.121 Y109.016 E.00514
G1 X107.979 Y109.359 E.00406
G1 X107.886 Y109.808 E.005
G1 X107.884 Y110.193 E.0042
G1 X107.974 Y110.647 E.00505
G1 X108.152 Y111.046 E.00477
G1 X108.391 Y111.389 E.00457
G1 X108.661 Y111.651 E.0041
G1 X109.042 Y111.896 E.00495
G1 X109.406 Y112.041 E.00427
G1 X109.836 Y112.119 E.00477
G1 X110.261 Y112.108 E.00464
G1 X110.682 Y112.011 E.00471
G1 X111.023 Y111.862 E.00406
G1 X111.36 Y111.63 E.00447
G1 X111.666 Y111.319 E.00477
G1 X111.9 Y110.95 E.00477
G1 X112.043 Y110.579 E.00434
G1 X112.109 Y110.229 E.00388
G1 X112.113 Y109.772 E.00499
G1 X112.103 Y109.723 E.00055
; stop printing object separador_timon.stl id:0 copy 0
; printing object "separador_timon.stl" id:1 copy 0
G1 E-.8 F3600
G1 X107.453 Y134.965 F18000
G1 E.8 F3600
M204 S1000
;TYPE:Outer wall
;WIDTH:0.42
G1 F1200
G1 X107.577 Y134.717 E.0085
G1 X107.731 Y134.475 E.00883
G1 X107.909 Y134.25 E.00883
G1 X108.109 Y134.044 E.00882
G1 X108.33 Y133.86 E.00883
G1 X108.568 Y133.7 E.00883
G1 X108.822 Y133.565 E.00883
G1 X109.088 Y133.456 E.00883
G1 X109.364 Y133.376 E.00883
G1 X109.646 Y133.325 E.00883
G1 X109.933 Y133.302 E.00883
G1 X110.195 Y133.309 E.00807
G1 X110.648 Y133.377 E.01407
G1 X110.921 Y133.456 E.00873
G1 X111.187 Y133.565 E.00883
G1 X111.441 Y133.7 E.00883
G1 X111.679 Y133.86 E.00883
G1 X111.899 Y134.044 E.00883
G1 X112.1 Y134.25 E.00883
G1 X112.278 Y134.475 E.00883
G1 X112.432 Y134.717 E.00883
G1 X112.561 Y134.974 E.00883
G1 X112.662 Y135.243 E.00883
G1 X112.735 Y135.521 E.00883
G1 X112.779 Y135.802 E.00874
G1 X112.79 Y136.238 E.0134
G1 X112.761 Y136.521 E.00874
G1 X112.702 Y136.802 E.00883
G1 X112.615 Y137.075 E.00883
G1 X112.5 Y137.339 E.00883
G1 X112.358 Y137.588 E.00883
G1 X112.192 Y137.823 E.00883
G1 X112.002 Y138.038 E.00883
G1 X111.791 Y138.233 E.00882
G1 X111.562 Y138.406 E.00883
G1 X111.315 Y138.554 E.00883
G1 X111.055 Y138.676 E.00883
G1 X110.807 Y138.762 E.00807
G1 X110.359 Y138.858 E.01407
G1 X110.076 Y138.88 E.00873
G1 X109.789 Y138.873 E.00883
G1 X109.504 Y138.836 E.00883
G1 X109.225 Y138.77 E.00883
G1 X108.953 Y138.675 E.00883
G1 X108.693 Y138.554 E.00883
G1 X108.447 Y138.406 E.00883
G1 X108.236 Y138.249 E.00807
G1 X107.907 Y137.93 E.01407
G1 X107.731 Y137.708 E.00873
G1 X107.577 Y137.465 E.00883
G1 X107.448 Y137.208 E.00883
G1 X107.347 Y136.94 E.00883
G1 X107.274 Y136.662 E.00883
G1 X107.23 Y136.381 E.00874
G1 X107.219 Y135.948 E.01331
G1 X107.274 Y135.518 E.01331
G1 X107.347 Y135.243 E.00874
G1 X107.445 Y134.983 E.00853
M204 S2000
G1 X107.808 Y135.131 F18000
M204 S1500
;TYPE:Inner wall
;WIDTH:0.45
G1 F1200
G1 X107.918 Y134.911 E.00819
G1 X108.051 Y134.702 E.00819
G1 X108.204 Y134.509 E.00819
G1 X108.376 Y134.332 E.00819
G1 X108.566 Y134.174 E.00819
G1 X108.77 Y134.036 E.00819
G1 X108.988 Y133.92 E.00819
G1 X109.217 Y133.827 E.00819
G1 X109.454 Y133.758 E.00819
G1 X109.697 Y133.714 E.00819
G1 X110.161 Y133.7 E.01542
G1 X110.564 Y133.761 E.0135
G1 X110.792 Y133.827 E.00788
G1 X111.021 Y133.92 E.00819
G1 X111.238 Y134.036 E.00819
G1 X111.443 Y134.174 E.00819
G1 X111.633 Y134.332 E.00819
G1 X111.805 Y134.509 E.00819
G1 X111.958 Y134.702 E.00819
G1 X112.091 Y134.911 E.00819
G1 X112.201 Y135.131 E.00819
G1 X112.288 Y135.362 E.00819
G1 X112.351 Y135.601 E.00819
G1 X112.388 Y135.837 E.00793
G1 X112.398 Y136.222 E.01279
G1 X112.373 Y136.46 E.00793
G1 X112.322 Y136.702 E.00819
G1 X112.247 Y136.937 E.00819
G1 X112.149 Y137.163 E.00819
G1 X112.027 Y137.378 E.00819
G1 X111.884 Y137.579 E.00819
G1 X111.721 Y137.764 E.00819
G1 X111.54 Y137.932 E.00819
G1 X111.343 Y138.08 E.00819
G1 X111.131 Y138.207 E.00819
G1 X110.701 Y138.384 E.01542
G1 X110.303 Y138.469 E.0135
G1 X110.066 Y138.488 E.00788
G1 X109.819 Y138.481 E.00819
G1 X109.575 Y138.45 E.00819
G1 X109.334 Y138.393 E.00819
G1 X109.101 Y138.312 E.00819
G1 X108.878 Y138.207 E.00819
G1 X108.491 Y137.949 E.01542
G1 X108.198 Y137.667 E.0135
G1 X108.051 Y137.48 E.00788
G1 X107.918 Y137.272 E.00819
G1 X107.808 Y137.051 E.00819
G1 X107.721 Y136.82 E.00819
G1 X107.658 Y136.582 E.00819
G1 X107.621 Y136.345 E.00793
G1 X107.611 Y135.968 E.01253
G1 X107.66 Y135.593 E.01253
G1 X107.721 Y135.362 E.00793
G1 X107.801 Y135.15 E.00752
M204 S2000
G1 E-.8 F3600
G1 X111.455 Y135.916 F18000
G1 E.8 F3600
M204 S1000
;TYPE:Outer wall
;WIDTH:0.42
G1 F1200
G1 X111.374 Y135.583 E.01051
G1 X111.274 Y135.369 E.00726
G1 X111.144 Y135.177 E.00713
G1 X110.982 Y135.005 E.00726
G1 X110.705 Y134.809 E.01043
G1 X110.485 Y134.712 E.00739
G1 X110.154 Y134.638 E.01043
G1 X109.913 Y134.633 E.00739
G1 X109.579 Y134.694 E.01043
G1 X109.356 Y134.782 E.00739
G1 X109.071 Y134.967 E.01043
G1 X108.899 Y135.136 E.00739
G1 X108.709 Y135.417 E.01043
G1 X108.615 Y135.638 E.00739
G1 X108.548 Y135.971 E.01043
G1 X108.548 Y136.212 E.00739
G1 X108.615 Y136.544 E.01043
G1 X108.709 Y136.766 E.00739
G1 X108.9 Y137.047 E.01045
G1 X109.081 Y137.223 E.00776
G1 X109.356 Y137.4 E.01004
G1 X109.579 Y137.489 E.00738
G1 X109.913 Y137.549 E.01043
G1 X110.154 Y137.545 E.00739
G1 X110.485 Y137.471 E.01043
G1 X110.705 Y137.373 E.00739
G1 X110.982 Y137.177 E.01045
G1 X111.154 Y136.992 E.00777
G1 X111.326 Y136.714 E.01004
G1 X111.409 Y136.493 E.00725
G1 X111.455 Y136.261 E.00726
G1 X111.455 Y135.936 E.00999
M204 S2000
G1 X111.838 Y135.832 F18000
M204 S1500
;TYPE:Inner wall
;WIDTH:0.45
G1 F1200
G1 X111.746 Y135.453 E.01296
G1 X111.616 Y135.175 E.01017
G1 X111.451 Y134.931 E.00977
G1 X111.24 Y134.708 E.01017
G1 X110.9 Y134.467 E.01385
G1 X110.608 Y134.337 E.01057
G1 X110.2 Y134.247 E.01385
G1 X109.882 Y134.24 E.01057
G1 X109.471 Y134.315 E.01385
G1 X109.175 Y134.432 E.01057
G1 X108.824 Y134.66 E.01385
G1 X108.597 Y134.883 E.01057
G1 X108.362 Y135.229 E.01385
G1 X108.239 Y135.522 E.01057
G1 X108.156 Y135.932 E.01385
G1 X108.156 Y136.251 E.01057
G1 X108.239 Y136.66 E.01385
G1 X108.362 Y136.954 E.01057
G1 X108.598 Y137.301 E.01392
G1 X108.836 Y137.532 E.011
G1 X109.175 Y137.751 E.01339
G1 X109.471 Y137.868 E.01054
G1 X109.882 Y137.942 E.01385
G1 X110.2 Y137.936 E.01057
G1 X110.608 Y137.845 E.01385
G1 X110.9 Y137.716 E.01057
G1 X111.242 Y137.473 E.01392
G1 X111.468 Y137.23 E.011
G1 X111.68 Y136.887 E.01339
G1 X111.787 Y136.601 E.01014
G1 X111.848 Y136.3 E.01017
G1 X111.848 Y135.87 E.01426
G1 X111.843 Y135.852 E.00064
M204 S2000
G1 X112.103 Y135.795 F18000
;TYPE:Gap infill
;WIDTH:0.176884
G1 F1200
G1 X112.026 Y135.446 E.0039
G1 X111.854 Y135.044 E.00477
G1 X111.656 Y134.76 E.00378
G1 X111.41 Y134.503 E.00388
G1 X111.026 Y134.232 E.00514
G1 X110.685 Y134.083 E.00406
G1 X110.226 Y133.98 E.00514
G1 X109.854 Y133.975 E.00406
G1 X109.391 Y134.059 E.00514
G1 X109.047 Y134.199 E.00406
G1 X108.653 Y134.456 E.00514
G1 X108.389 Y134.717 E.00406
G1 X108.125 Y135.107 E.00514
G1 X107.983 Y135.45 E.00406
G1 X107.89 Y135.899 E.005
G1 X107.889 Y136.284 E.0042
G1 X107.979 Y136.738 E.00505
G1 X108.156 Y137.137 E.00477
G1 X108.395 Y137.48 E.00457
G1 X108.665 Y137.742 E.0041
G1 X109.047 Y137.987 E.00495
G1 X109.41 Y138.132 E.00427
G1 X109.84 Y138.21 E.00477
G1 X110.266 Y138.2 E.00464
G1 X110.686 Y138.102 E.00471
G1 X111.027 Y137.954 E.00406
G1 X111.364 Y137.722 E.00447
G1 X111.671 Y137.41 E.00477
G1 X111.905 Y137.041 E.00477
G1 X112.048 Y136.67 E.00434
G1 X112.114 Y136.32 E.00388
G1 X112.118 Y135.863 E.00499
G1 X112.107 Y135.814 E.00055
; stop printing object separador_timon.stl id:1 copy 0
; end of layer_num: 9, T: 0, print_z: 1.840000
;LAYER_CHANGE
;Z:2.04
;HEIGHT:0.2
; BEFORE_LAYER_CHANGE 9 @ 2.04mm
G92 E0
; AFTER_LAYER_CHANGE 9 @ 2.04mm
; start of layer_num: 10, T: 0, print_z: 2.040000
; printing object "separador_timon.stl" id:0 copy 0
G1 E-.8 F3600
G1 X107.449 Y108.873 Z2.04 F18000
G1 E.8 F3600
M204 S1000
;TYPE:Outer wall
;WIDTH:0.42
G1 F1200
G1 X107.572 Y108.626 E.00848
G1 X107.726 Y108.384 E.00883
G1 X107.905 Y108.158 E.00883
G1 X108.105 Y107.953 E.00883
G1 X108.326 Y107.769 E.00883
G1 X108.564 Y107.608 E.00883
G1 X108.817 Y107.473 E.00883
G1 X109.083 Y107.365 E.00883
G1 X109.359 Y107.285 E.00883
G1 X109.642 Y107.233 E.00883
G1 X109.928 Y107.211 E.00883
G1 X110.188 Y107.217 E.00799
G1 X110.644 Y107.286 E.01415
G1 X110.917 Y107.365 E.00873
G1 X111.183 Y107.473 E.00883
G1 X111.436 Y107.608 E.00883
G1 X111.674 Y107.769 E.00883
G1 X111.895 Y107.953 E.00883
G1 X112.095 Y108.158 E.00882
G1 X112.274 Y108.384 E.00883
G1 X112.428 Y108.626 E.00883
G1 X112.556 Y108.883 E.00883
G1 X112.658 Y109.152 E.00883
G1 X112.731 Y109.43 E.00883
G1 X112.771 Y109.686 E.00799
G1 X112.786 Y110.147 E.01415
G1 X112.756 Y110.429 E.00872
G1 X112.698 Y110.71 E.00883
G1 X112.61 Y110.984 E.00883
G1 X112.495 Y111.247 E.00883
G1 X112.354 Y111.497 E.00883
G1 X112.187 Y111.731 E.00883
G1 X111.998 Y111.947 E.00883
G1 X111.787 Y112.142 E.00883
G1 X111.557 Y112.315 E.00883
G1 X111.311 Y112.462 E.00883
G1 X111.051 Y112.584 E.00883
G1 X110.78 Y112.679 E.00883
G1 X110.5 Y112.745 E.00883
G1 X110.218 Y112.781 E.00874
G1 X109.782 Y112.781 E.0134
G1 X109.5 Y112.745 E.00874
G1 X109.22 Y112.679 E.00883
G1 X108.949 Y112.584 E.00883
G1 X108.689 Y112.462 E.00883
G1 X108.442 Y112.314 E.00883
G1 X108.234 Y112.159 E.00799
G1 X107.903 Y111.839 E.01415
G1 X107.726 Y111.616 E.00873
G1 X107.572 Y111.374 E.00883
G1 X107.444 Y111.117 E.00883
G1 X107.342 Y110.848 E.00883
G1 X107.269 Y110.57 E.00883
G1 X107.229 Y110.314 E.00799
G1 X107.214 Y109.853 E.01415
G1 X107.244 Y109.57 E.00873
G1 X107.296 Y109.316 E.00799
G1 X107.441 Y108.891 E.01378
M204 S2000
G1 X107.808 Y109.032 F18000
M204 S1500
;TYPE:Inner wall
;WIDTH:0.45
G1 F1200
G1 X107.914 Y108.819 E.00788
G1 X108.046 Y108.611 E.00819
G1 X108.199 Y108.418 E.00819
G1 X108.372 Y108.241 E.00819
G1 X108.561 Y108.083 E.00819
G1 X108.766 Y107.945 E.00819
G1 X108.984 Y107.829 E.00819
G1 X109.212 Y107.736 E.00819
G1 X109.449 Y107.667 E.00819
G1 X109.692 Y107.623 E.00819
G1 X110.155 Y107.609 E.01534
G1 X110.56 Y107.67 E.01359
G1 X110.788 Y107.736 E.00788
G1 X111.016 Y107.829 E.00819
G1 X111.234 Y107.945 E.00819
G1 X111.439 Y108.083 E.00819
G1 X111.628 Y108.241 E.00819
G1 X111.801 Y108.418 E.00819
G1 X111.954 Y108.611 E.00819
G1 X112.086 Y108.819 E.00819
G1 X112.197 Y109.04 E.00819
G1 X112.284 Y109.271 E.00819
G1 X112.38 Y109.723 E.01534
G1 X112.393 Y110.133 E.01359
G1 X112.369 Y110.369 E.00788
G1 X112.318 Y110.61 E.00819
G1 X112.243 Y110.846 E.00819
G1 X112.144 Y111.072 E.00819
G1 X112.023 Y111.287 E.00819
G1 X111.88 Y111.488 E.00819
G1 X111.717 Y111.673 E.00819
G1 X111.536 Y111.841 E.00819
G1 X111.338 Y111.989 E.00819
G1 X111.127 Y112.116 E.00819
G1 X110.903 Y112.221 E.00819
G1 X110.67 Y112.302 E.00819
G1 X110.43 Y112.358 E.00819
G1 X110.193 Y112.389 E.00793
G1 X109.807 Y112.389 E.01279
G1 X109.57 Y112.358 E.00793
G1 X109.33 Y112.302 E.00819
G1 X109.097 Y112.221 E.00819
G1 X108.873 Y112.116 E.00819
G1 X108.488 Y111.859 E.01534
G1 X108.194 Y111.575 E.01359
G1 X108.046 Y111.389 E.00788
G1 X107.914 Y111.181 E.00819
G1 X107.803 Y110.96 E.00819
G1 X107.716 Y110.729 E.00819
G1 X107.62 Y110.277 E.01534
G1 X107.607 Y109.867 E.01359
G1 X107.675 Y109.419 E.01503
G1 X107.801 Y109.051 E.01292
M204 S2000
G1 E-.8 F3600
G1 X111.45 Y109.827 F18000
G1 E.8 F3600
M204 S1000
;TYPE:Outer wall
;WIDTH:0.42
G1 F1200
G1 X111.404 Y109.599 E.00714
G1 X111.322 Y109.377 E.00726
G1 X111.142 Y109.089 E.01043
G1 X110.977 Y108.914 E.00739
G1 X110.7 Y108.718 E.01043
G1 X110.481 Y108.62 E.00739
G1 X110.149 Y108.547 E.01043
G1 X109.913 Y108.542 E.00726
G1 X109.679 Y108.575 E.00726
G1 X109.359 Y108.687 E.01043
G1 X109.152 Y108.81 E.00739
G1 X108.9 Y109.038 E.01043
G1 X108.757 Y109.232 E.00739
G1 X108.612 Y109.543 E.01056
G1 X108.544 Y109.88 E.01056
G1 X108.544 Y110.117 E.00728
G1 X108.585 Y110.363 E.00768
G1 X108.701 Y110.668 E.01002
G1 X108.836 Y110.883 E.0078
G1 X109.063 Y111.122 E.01013
G1 X109.351 Y111.309 E.01055
G1 X109.575 Y111.398 E.00739
G1 X109.909 Y111.458 E.01043
G1 X110.145 Y111.453 E.00726
G1 X110.378 Y111.411 E.00726
G1 X110.693 Y111.286 E.01043
G1 X110.895 Y111.155 E.00739
G1 X111.14 Y110.914 E.01056
G1 X111.322 Y110.623 E.01056
G1 X111.404 Y110.401 E.00726
G1 X111.451 Y110.17 E.00726
G1 X111.451 Y109.846 E.00993
M204 S2000
G1 X111.837 Y109.758 F18000
M204 S1500
;TYPE:Inner wall
;WIDTH:0.45
G1 F1200
G1 X111.783 Y109.491 E.00906
G1 X111.675 Y109.203 E.01017
G1 X111.454 Y108.849 E.01385
G1 X111.236 Y108.617 E.01057
G1 X110.895 Y108.375 E.01386
G1 X110.604 Y108.246 E.01057
G1 X110.196 Y108.155 E.01385
G1 X109.889 Y108.149 E.01017
G1 X109.586 Y108.192 E.01017
G1 X109.192 Y108.33 E.01385
G1 X108.918 Y108.493 E.01057
G1 X108.608 Y108.774 E.01385
G1 X108.419 Y109.03 E.01057
G1 X108.237 Y109.419 E.01426
G1 X108.152 Y109.841 E.01426
G1 X108.152 Y110.15 E.01025
G1 X108.205 Y110.466 E.01065
G1 X108.348 Y110.844 E.01341
G1 X108.526 Y111.125 E.01101
G1 X108.811 Y111.425 E.01374
G1 X109.17 Y111.659 E.01422
G1 X109.466 Y111.777 E.01057
G1 X109.877 Y111.851 E.01385
G1 X110.184 Y111.845 E.01017
G1 X110.486 Y111.79 E.01017
G1 X110.874 Y111.636 E.01385
G1 X111.141 Y111.462 E.01057
G1 X111.448 Y111.162 E.01426
G1 X111.675 Y110.797 E.01426
G1 X111.783 Y110.509 E.01017
G1 X111.843 Y110.209 E.01017
G1 X111.843 Y109.791 E.01385
G1 X111.84 Y109.778 E.00045
G1 E-.8 F3600
M204 S2000
G1 X112.104 Y109.723 F18000
G1 E.8 F3600
;TYPE:Gap infill
;WIDTH:0.17758
G1 F1200
G1 X112.04 Y109.412 E.00349
G1 X111.911 Y109.08 E.0039
G1 X111.662 Y108.681 E.00516
G1 X111.406 Y108.412 E.00408
G1 X111.021 Y108.141 E.00516
G1 X110.681 Y107.992 E.00408
G1 X110.222 Y107.889 E.00517
G1 X109.869 Y107.883 E.00388
G1 X109.517 Y107.935 E.0039
G1 X109.085 Y108.087 E.00503
G1 X108.755 Y108.283 E.00421
G1 X108.415 Y108.591 E.00503
G1 X108.187 Y108.899 E.00421
G1 X107.982 Y109.343 E.00537
G1 X107.886 Y109.808 E.00521
G1 X107.892 Y110.249 E.00484
G1 X107.979 Y110.645 E.00445
G1 X108.152 Y111.046 E.00479
G1 X108.399 Y111.391 E.00466
G1 X108.663 Y111.652 E.00406
G1 X109.041 Y111.895 E.00494
G1 X109.406 Y112.041 E.00431
G1 X109.827 Y112.118 E.00469
G1 X110.206 Y112.114 E.00416
G1 X110.594 Y112.04 E.00434
G1 X110.999 Y111.877 E.0048
G1 X111.36 Y111.63 E.00479
G1 X111.664 Y111.325 E.00473
G1 X111.9 Y110.95 E.00486
G1 X112.043 Y110.579 E.00437
G1 X112.109 Y110.229 E.0039
G1 X112.112 Y109.758 E.00517
G1 X112.108 Y109.743 E.00017
; stop printing object separador_timon.stl id:0 copy 0
; printing object "separador_timon.stl" id:1 copy 0
G1 E-.8 F3600
G1 X107.453 Y134.964 F18000
G1 E.8 F3600
M204 S1000
;TYPE:Outer wall
;WIDTH:0.42
G1 F1200
G1 X107.577 Y134.717 E.00848
G1 X107.731 Y134.475 E.00883
G1 X107.909 Y134.25 E.00883
G1 X108.109 Y134.044 E.00883
G1 X108.33 Y133.86 E.00883
G1 X108.568 Y133.7 E.00883
G1 X108.822 Y133.565 E.00883
G1 X109.088 Y133.456 E.00883
G1 X109.364 Y133.376 E.00883
G1 X109.646 Y133.325 E.00883
G1 X109.933 Y133.302 E.00883
G1 X110.193 Y133.309 E.00799
G1 X110.648 Y133.377 E.01415
G1 X110.921 Y133.456 E.00873
G1 X111.187 Y133.565 E.00883
G1 X111.441 Y133.7 E.00883
G1 X111.679 Y133.86 E.00883
G1 X111.899 Y134.044 E.00883
G1 X112.1 Y134.25 E.00882
G1 X112.278 Y134.475 E.00883
G1 X112.432 Y134.717 E.00883
G1 X112.561 Y134.974 E.00883
G1 X112.662 Y135.243 E.00883
G1 X112.735 Y135.521 E.00883
G1 X112.776 Y135.778 E.00799
G1 X112.79 Y136.238 E.01415
G1 X112.761 Y136.521 E.00872
G1 X112.702 Y136.802 E.00883
G1 X112.615 Y137.075 E.00883
G1 X112.5 Y137.339 E.00883
G1 X112.358 Y137.588 E.00883
G1 X112.192 Y137.823 E.00883
G1 X112.002 Y138.038 E.00883
G1 X111.791 Y138.233 E.00883
G1 X111.562 Y138.406 E.00883
G1 X111.315 Y138.554 E.00883
G1 X111.055 Y138.675 E.00883
G1 X110.784 Y138.77 E.00883
G1 X110.505 Y138.836 E.00883
G1 X110.222 Y138.872 E.00874
G1 X109.786 Y138.872 E.0134
G1 X109.504 Y138.836 E.00874
G1 X109.225 Y138.77 E.00883
G1 X108.953 Y138.675 E.00883
G1 X108.693 Y138.554 E.00883
G1 X108.447 Y138.406 E.00883
G1 X108.238 Y138.25 E.00799
G1 X107.907 Y137.93 E.01415
G1 X107.731 Y137.708 E.00873
G1 X107.577 Y137.465 E.00883
G1 X107.448 Y137.208 E.00883
G1 X107.347 Y136.94 E.00883
G1 X107.274 Y136.662 E.00883
G1 X107.233 Y136.405 E.00799
G1 X107.219 Y135.944 E.01415
G1 X107.248 Y135.662 E.00873
G1 X107.301 Y135.407 E.00799
G1 X107.446 Y134.983 E.01378
M204 S2000
G1 X107.812 Y135.123 F18000
M204 S1500
;TYPE:Inner wall
;WIDTH:0.45
G1 F1200
G1 X107.918 Y134.911 E.00788
G1 X108.051 Y134.702 E.00819
G1 X108.204 Y134.509 E.00819
G1 X108.376 Y134.332 E.00819
G1 X108.566 Y134.174 E.00819
G1 X108.77 Y134.036 E.00819
G1 X108.988 Y133.92 E.00819
G1 X109.217 Y133.827 E.00819
G1 X109.454 Y133.758 E.00819
G1 X109.697 Y133.714 E.00819
G1 X110.159 Y133.7 E.01534
G1 X110.564 Y133.761 E.01359
G1 X110.792 Y133.827 E.00788
G1 X111.021 Y133.92 E.00819
G1 X111.238 Y134.036 E.00819
G1 X111.443 Y134.174 E.00819
G1 X111.633 Y134.332 E.00819
G1 X111.805 Y134.509 E.00819
G1 X111.958 Y134.702 E.00819
G1 X112.091 Y134.911 E.00819
G1 X112.201 Y135.131 E.00819
G1 X112.288 Y135.362 E.00819
G1 X112.385 Y135.815 E.01534
G1 X112.397 Y136.224 E.01359
G1 X112.373 Y136.46 E.00788
G1 X112.322 Y136.702 E.00819
G1 X112.247 Y136.937 E.00819
G1 X112.149 Y137.163 E.00819
G1 X112.027 Y137.378 E.00819
G1 X111.884 Y137.579 E.00819
G1 X111.721 Y137.764 E.00819
G1 X111.54 Y137.932 E.00819
G1 X111.343 Y138.08 E.00819
G1 X111.131 Y138.207 E.00819
G1 X110.907 Y138.312 E.00819
G1 X110.674 Y138.393 E.00819
G1 X110.434 Y138.45 E.00819
G1 X110.197 Y138.48 E.00793
G1 X109.812 Y138.48 E.01279
G1 X109.575 Y138.45 E.00793
G1 X109.334 Y138.393 E.00819
G1 X109.101 Y138.312 E.00819
G1 X108.878 Y138.207 E.00819
G1 X108.493 Y137.951 E.01534
G1 X108.198 Y137.666 E.01359
G1 X108.051 Y137.48 E.00788
G1 X107.918 Y137.272 E.00819
G1 X107.808 Y137.051 E.00819
G1 X107.721 Y136.82 E.00819
G1 X107.624 Y136.368 E.01534
G1 X107.611 Y135.959 E.01359
G1 X107.68 Y135.511 E.01503
G1 X107.806 Y135.142 E.01292
M204 S2000
G1 E-.8 F3600
G1 X111.455 Y135.918 F18000
G1 E.8 F3600
M204 S1000
;TYPE:Outer wall
;WIDTH:0.42
G1 F1200
G1 X111.409 Y135.69 E.00714
G1 X111.326 Y135.469 E.00726
G1 X111.147 Y135.18 E.01043
G1 X110.982 Y135.005 E.00739
G1 X110.705 Y134.809 E.01043
G1 X110.485 Y134.712 E.00739
G1 X110.154 Y134.638 E.01043
G1 X109.917 Y134.633 E.00726
G1 X109.683 Y134.666 E.00726
G1 X109.363 Y134.779 E.01043
G1 X109.156 Y134.902 E.00739
G1 X108.905 Y135.129 E.01043
G1 X108.762 Y135.323 E.00739
G1 X108.616 Y135.634 E.01056
G1 X108.548 Y135.971 E.01056
G1 X108.548 Y136.208 E.00728
G1 X108.59 Y136.455 E.00768
G1 X108.705 Y136.76 E.01002
G1 X108.841 Y136.974 E.0078
G1 X109.068 Y137.213 E.01013
G1 X109.356 Y137.4 E.01055
G1 X109.579 Y137.489 E.00739
G1 X109.913 Y137.549 E.01043
G1 X110.149 Y137.545 E.00726
G1 X110.382 Y137.503 E.00726
G1 X110.697 Y137.377 E.01043
G1 X110.899 Y137.246 E.00739
G1 X111.144 Y137.006 E.01056
G1 X111.326 Y136.714 E.01056
G1 X111.409 Y136.493 E.00726
G1 X111.455 Y136.261 E.00726
G1 X111.455 Y135.938 E.00993
M204 S2000
G1 X111.841 Y135.849 F18000
M204 S1500
;TYPE:Inner wall
;WIDTH:0.45
G1 F1200
G1 X111.787 Y135.582 E.00906
G1 X111.68 Y135.295 E.01017
G1 X111.459 Y134.94 E.01385
G1 X111.24 Y134.708 E.01057
G1 X110.9 Y134.467 E.01386
G1 X110.608 Y134.337 E.01057
G1 X110.2 Y134.247 E.01385
G1 X109.894 Y134.241 E.01017
G1 X109.59 Y134.283 E.01017
G1 X109.196 Y134.422 E.01385
G1 X108.922 Y134.585 E.01057
G1 X108.613 Y134.865 E.01385
G1 X108.423 Y135.121 E.01057
G1 X108.241 Y135.511 E.01426
G1 X108.156 Y135.932 E.01426
G1 X108.156 Y136.241 E.01025
G1 X108.209 Y136.557 E.01065
G1 X108.353 Y136.936 E.01341
G1 X108.53 Y137.216 E.01101
G1 X108.815 Y137.517 E.01374
G1 X109.175 Y137.75 E.01422
G1 X109.471 Y137.868 E.01057
G1 X109.882 Y137.942 E.01385
G1 X110.188 Y137.936 E.01017
G1 X110.49 Y137.882 E.01017
G1 X110.878 Y137.727 E.01385
G1 X111.146 Y137.554 E.01057
G1 X111.452 Y137.253 E.01426
G1 X111.68 Y136.888 E.01426
G1 X111.787 Y136.601 E.01017
G1 X111.848 Y136.3 E.01017
G1 X111.848 Y135.882 E.01385
G1 X111.845 Y135.869 E.00045
M204 S2000
G1 X112.109 Y135.814 F18000
;TYPE:Gap infill
;WIDTH:0.17758
G1 F1200
G1 X112.044 Y135.503 E.00349
G1 X111.916 Y135.172 E.0039
G1 X111.667 Y134.772 E.00516
G1 X111.41 Y134.503 E.00408
G1 X111.026 Y134.232 E.00516
G1 X110.685 Y134.083 E.00408
G1 X110.226 Y133.98 E.00517
G1 X109.873 Y133.974 E.00388
G1 X109.521 Y134.027 E.0039
G1 X109.089 Y134.178 E.00503
G1 X108.759 Y134.375 E.00421
G1 X108.42 Y134.682 E.00503
G1 X108.191 Y134.99 E.00421
G1 X107.986 Y135.434 E.00537
G1 X107.89 Y135.899 E.00521
G1 X107.896 Y136.34 E.00484
G1 X107.983 Y136.736 E.00445
G1 X108.157 Y137.137 E.00479
G1 X108.404 Y137.483 E.00466
G1 X108.667 Y137.743 E.00406
G1 X109.045 Y137.986 E.00494
G1 X109.41 Y138.132 E.00431
G1 X109.831 Y138.209 E.00469
G1 X110.21 Y138.205 E.00416
G1 X110.598 Y138.131 E.00434
G1 X111.004 Y137.968 E.0048
G1 X111.365 Y137.722 E.00479
G1 X111.668 Y137.416 E.00473
G1 X111.905 Y137.041 E.00486
G1 X112.048 Y136.67 E.00437
G1 X112.114 Y136.32 E.0039
G1 X112.116 Y135.849 E.00517
G1 X112.113 Y135.834 E.00017
; stop printing object separador_timon.stl id:1 copy 0
; end of layer_num: 10, T: 0, print_z: 2.040000
;LAYER_CHANGE
;Z:2.24
;HEIGHT:0.2
; BEFORE_LAYER_CHANGE 10 @ 2.24mm
G92 E0
; AFTER_LAYER_CHANGE 10 @ 2.24mm
; start of layer_num: 11, T: 0, print_z: 2.240000
; printing object "separador_timon.stl" id:0 copy 0
G1 E-.8 F3600
G1 X107.449 Y108.872 Z2.24 F18000
G1 E.8 F3600
M204 S1000
;TYPE:Outer wall
;WIDTH:0.42
G1 F1200
G1 X107.572 Y108.626 E.00846
G1 X107.726 Y108.384 E.00883
G1 X107.905 Y108.158 E.00883
G1 X108.105 Y107.953 E.00883
G1 X108.326 Y107.769 E.00883
G1 X108.564 Y107.608 E.00883
G1 X108.817 Y107.473 E.00883
G1 X109.083 Y107.365 E.00883
G1 X109.359 Y107.285 E.00883
G1 X109.642 Y107.233 E.00883
G1 X109.928 Y107.211 E.00883
G1 X110.186 Y107.217 E.00791
G1 X110.644 Y107.286 E.01423
G1 X110.917 Y107.365 E.00872
G1 X111.183 Y107.473 E.00883
G1 X111.436 Y107.608 E.00883
G1 X111.674 Y107.769 E.00883
G1 X111.895 Y107.953 E.00883
G1 X112.095 Y108.158 E.00883
G1 X112.274 Y108.384 E.00883
G1 X112.428 Y108.626 E.00883
G1 X112.556 Y108.883 E.00883
G1 X112.648 Y109.124 E.00791
G1 X112.757 Y109.574 E.01423
G1 X112.786 Y109.856 E.00872
G1 X112.786 Y110.144 E.00883
G1 X112.756 Y110.429 E.00883
G1 X112.698 Y110.71 E.00883
G1 X112.61 Y110.984 E.00883
G1 X112.495 Y111.247 E.00883
G1 X112.354 Y111.497 E.00883
G1 X112.187 Y111.731 E.00883
G1 X111.998 Y111.947 E.00883
G1 X111.787 Y112.142 E.00883
G1 X111.557 Y112.315 E.00882
G1 X111.311 Y112.462 E.00883
G1 X111.051 Y112.584 E.00883
G1 X110.782 Y112.678 E.00874
G1 X110.355 Y112.767 E.0134
G1 X110.072 Y112.789 E.00874
G1 X109.785 Y112.781 E.00883
G1 X109.5 Y112.745 E.00883
G1 X109.22 Y112.679 E.00883
G1 X108.949 Y112.584 E.00883
G1 X108.689 Y112.462 E.00883
G1 X108.442 Y112.314 E.00883
G1 X108.236 Y112.16 E.00791
G1 X107.902 Y111.839 E.01423
G1 X107.726 Y111.616 E.00872
G1 X107.572 Y111.374 E.00883
G1 X107.444 Y111.117 E.00883
G1 X107.342 Y110.848 E.00883
G1 X107.269 Y110.571 E.00883
G1 X107.225 Y110.29 E.00874
G1 X107.214 Y109.856 E.01331
G1 X107.27 Y109.427 E.01331
G1 X107.342 Y109.152 E.00874
G1 X107.441 Y108.891 E.00857
M204 S2000
G1 X107.803 Y109.04 F18000
M204 S1500
;TYPE:Inner wall
;WIDTH:0.45
G1 F1200
G1 X107.914 Y108.819 E.00819
G1 X108.046 Y108.611 E.00819
G1 X108.199 Y108.418 E.00819
G1 X108.372 Y108.241 E.00819
G1 X108.561 Y108.083 E.00819
G1 X108.766 Y107.945 E.00819
G1 X108.984 Y107.829 E.00819
G1 X109.212 Y107.736 E.00819
G1 X109.449 Y107.667 E.00819
G1 X109.692 Y107.623 E.00819
G1 X110.152 Y107.609 E.01527
G1 X110.56 Y107.67 E.01367
G1 X110.788 Y107.736 E.00787
G1 X111.016 Y107.829 E.00819
G1 X111.234 Y107.945 E.00819
G1 X111.439 Y108.083 E.00819
G1 X111.628 Y108.241 E.00819
G1 X111.801 Y108.418 E.00819
G1 X111.954 Y108.611 E.00819
G1 X112.086 Y108.819 E.00819
G1 X112.273 Y109.24 E.01527
G1 X112.37 Y109.641 E.01367
G1 X112.394 Y109.877 E.00787
G1 X112.394 Y110.123 E.00819
G1 X112.369 Y110.369 E.00819
G1 X112.318 Y110.61 E.00819
G1 X112.243 Y110.846 E.00819
G1 X112.144 Y111.072 E.00819
G1 X112.023 Y111.287 E.00819
G1 X111.88 Y111.488 E.00819
G1 X111.717 Y111.673 E.00819
G1 X111.536 Y111.841 E.00819
G1 X111.338 Y111.989 E.00819
G1 X111.127 Y112.116 E.00819
G1 X110.903 Y112.221 E.00819
G1 X110.677 Y112.299 E.00793
G1 X110.3 Y112.378 E.01279
G1 X110.062 Y112.396 E.00793
G1 X109.815 Y112.39 E.00819
G1 X109.57 Y112.358 E.00819
G1 X109.33 Y112.302 E.00819
G1 X109.097 Y112.221 E.00819
G1 X108.873 Y112.116 E.00819
G1 X108.49 Y111.861 E.01527
G1 X108.194 Y111.575 E.01367
G1 X108.046 Y111.389 E.00787
G1 X107.914 Y111.181 E.00819
G1 X107.803 Y110.96 E.00819
G1 X107.716 Y110.729 E.00819
G1 X107.654 Y110.49 E.00819
G1 X107.617 Y110.254 E.00793
G1 X107.607 Y109.877 E.01253
G1 X107.656 Y109.502 E.01253
G1 X107.716 Y109.271 E.00793
G1 X107.796 Y109.059 E.00752
M204 S2000
G1 E-.8 F3600
G1 X111.451 Y109.828 F18000
G1 E.8 F3600
M204 S1000
;TYPE:Outer wall
;WIDTH:0.42
G1 F1200
G1 X111.404 Y109.599 E.0072
G1 X111.322 Y109.377 E.00726
G1 X111.142 Y109.089 E.01043
G1 X110.98 Y108.917 E.00726
G1 X110.793 Y108.773 E.00726
G1 X110.488 Y108.623 E.01043
G1 X110.256 Y108.562 E.00739
G1 X109.913 Y108.541 E.01056
G1 X109.575 Y108.602 E.01056
G1 X109.351 Y108.691 E.00739
G1 X109.067 Y108.876 E.01043
G1 X108.898 Y109.041 E.00726
G1 X108.757 Y109.232 E.00726
G1 X108.612 Y109.543 E.01056
G1 X108.544 Y109.88 E.01056
G1 X108.544 Y110.116 E.00726
G1 X108.581 Y110.349 E.00726
G1 X108.702 Y110.671 E.01056
G1 X108.895 Y110.956 E.01056
G1 X109.064 Y111.121 E.00726
G1 X109.256 Y111.258 E.00726
G1 X109.571 Y111.397 E.01056
G1 X109.909 Y111.458 E.01056
G1 X110.145 Y111.453 E.00726
G1 X110.378 Y111.411 E.00726
G1 X110.697 Y111.285 E.01056
G1 X110.977 Y111.086 E.01056
G1 X111.14 Y110.913 E.00729
G1 X111.279 Y110.704 E.00772
G1 X111.404 Y110.405 E.00995
G1 X111.451 Y110.17 E.00738
G1 X111.451 Y109.848 E.00988
M204 S2000
G1 X111.837 Y109.758 F18000
M204 S1500
;TYPE:Inner wall
;WIDTH:0.45
G1 F1200
G1 X111.783 Y109.491 E.00906
G1 X111.675 Y109.203 E.01017
G1 X111.454 Y108.849 E.01386
G1 X111.244 Y108.626 E.01017
G1 X111.001 Y108.438 E.01017
G1 X110.626 Y108.254 E.01385
G1 X110.318 Y108.173 E.01057
G1 X109.889 Y108.147 E.01426
G1 X109.466 Y108.223 E.01426
G1 X109.17 Y108.341 E.01057
G1 X108.82 Y108.569 E.01385
G1 X108.601 Y108.783 E.01017
G1 X108.419 Y109.03 E.01017
G1 X108.237 Y109.419 E.01426
G1 X108.152 Y109.841 E.01426
G1 X108.152 Y110.147 E.01017
G1 X108.2 Y110.45 E.01017
G1 X108.351 Y110.853 E.01426
G1 X108.592 Y111.208 E.01426
G1 X108.811 Y111.423 E.01017
G1 X109.062 Y111.6 E.01017
G1 X109.454 Y111.774 E.01426
G1 X109.877 Y111.851 E.01426
G1 X110.184 Y111.845 E.01017
G1 X110.486 Y111.79 E.01017
G1 X110.885 Y111.632 E.01426
G1 X111.236 Y111.383 E.01426
G1 X111.448 Y111.158 E.01025
G1 X111.627 Y110.89 E.0107
G1 X111.78 Y110.52 E.01329
G1 X111.843 Y110.209 E.01053
G1 X111.843 Y109.791 E.01385
G1 X111.84 Y109.778 E.00045
G1 E-.8 F3600
M204 S2000
G1 X112.1 Y109.72 F18000
G1 E.8 F3600
;TYPE:Gap infill
;WIDTH:0.177829
G1 F1200
G1 X112.012 Y109.323 E.00447
G1 X111.846 Y108.956 E.00443
G1 X111.595 Y108.599 E.0048
G1 X111.274 Y108.302 E.0048
G1 X110.899 Y108.08 E.0048
G1 X110.499 Y107.937 E.00466
G1 X110.13 Y107.885 E.00409
G1 X109.728 Y107.896 E.00443
G1 X109.302 Y107.995 E.0048
G1 X108.908 Y108.182 E.0048
G1 X108.648 Y108.365 E.00349
G1 X108.397 Y108.613 E.00388
G1 X108.187 Y108.899 E.00391
G1 X107.987 Y109.33 E.00522
G1 X107.886 Y109.808 E.00537
G1 X107.889 Y110.228 E.00462
G1 X107.979 Y110.645 E.00469
G1 X108.152 Y111.046 E.0048
G1 X108.389 Y111.387 E.00456
G1 X108.665 Y111.652 E.00421
G1 X109.002 Y111.873 E.00443
G1 X109.383 Y112.034 E.00454
G1 X109.836 Y112.119 E.00507
G1 X110.263 Y112.107 E.0047
G1 X110.603 Y112.037 E.00381
G1 X111.007 Y111.873 E.0048
G1 X111.36 Y111.63 E.00471
G1 X111.664 Y111.323 E.00475
G1 X111.867 Y111.011 E.00409
G1 X112.039 Y110.592 E.00498
G1 X112.109 Y110.229 E.00407
G1 X112.109 Y109.758 E.00518
G1 X112.105 Y109.739 E.00022
; stop printing object separador_timon.stl id:0 copy 0
; printing object "separador_timon.stl" id:1 copy 0
G1 E-.8 F3600
G1 X107.453 Y134.964 F18000
G1 E.8 F3600
M204 S1000
;TYPE:Outer wall
;WIDTH:0.42
G1 F1200
G1 X107.577 Y134.717 E.00846
G1 X107.731 Y134.475 E.00883
G1 X107.909 Y134.25 E.00883
G1 X108.109 Y134.044 E.00883
G1 X108.33 Y133.86 E.00883
G1 X108.568 Y133.7 E.00883
G1 X108.822 Y133.565 E.00883
G1 X109.088 Y133.456 E.00883
G1 X109.364 Y133.376 E.00883
G1 X109.646 Y133.325 E.00883
G1 X109.933 Y133.302 E.00883
G1 X110.19 Y133.308 E.00791
G1 X110.648 Y133.377 E.01423
G1 X110.921 Y133.456 E.00872
G1 X111.187 Y133.565 E.00883
G1 X111.441 Y133.7 E.00883
G1 X111.679 Y133.86 E.00883
G1 X111.899 Y134.044 E.00883
G1 X112.1 Y134.25 E.00883
G1 X112.278 Y134.475 E.00883
G1 X112.432 Y134.717 E.00883
G1 X112.561 Y134.974 E.00883
G1 X112.652 Y135.215 E.00791
G1 X112.761 Y135.665 E.01423
G1 X112.79 Y135.948 E.00872
G1 X112.79 Y136.235 E.00883
G1 X112.761 Y136.521 E.00883
G1 X112.702 Y136.802 E.00883
G1 X112.615 Y137.075 E.00883
G1 X112.5 Y137.339 E.00883
G1 X112.358 Y137.588 E.00883
G1 X112.192 Y137.823 E.00883
G1 X112.002 Y138.038 E.00883
G1 X111.791 Y138.233 E.00883
G1 X111.562 Y138.406 E.00882
G1 X111.315 Y138.554 E.00883
G1 X111.055 Y138.675 E.00883
G1 X110.787 Y138.769 E.00874
G1 X110.36 Y138.858 E.0134
G1 X110.076 Y138.88 E.00874
G1 X109.789 Y138.873 E.00883
G1 X109.504 Y138.836 E.00883
G1 X109.225 Y138.77 E.00883
G1 X108.953 Y138.675 E.00883
G1 X108.693 Y138.554 E.00883
G1 X108.447 Y138.406 E.00883
G1 X108.24 Y138.252 E.00791
G1 X107.907 Y137.93 E.01423
G1 X107.731 Y137.708 E.00872
G1 X107.577 Y137.465 E.00883
G1 X107.448 Y137.208 E.00883
G1 X107.347 Y136.94 E.00883
G1 X107.274 Y136.662 E.00883
G1 X107.23 Y136.381 E.00874
G1 X107.219 Y135.948 E.01331
G1 X107.274 Y135.518 E.01331
G1 X107.347 Y135.243 E.00874
G1 X107.445 Y134.982 E.00857
M204 S2000
G1 X107.808 Y135.131 F18000
M204 S1500
;TYPE:Inner wall
;WIDTH:0.45
G1 F1200
G1 X107.918 Y134.911 E.00819
G1 X108.051 Y134.702 E.00819
G1 X108.204 Y134.509 E.00819
G1 X108.376 Y134.332 E.00819
G1 X108.566 Y134.174 E.00819
G1 X108.77 Y134.036 E.00819
G1 X108.988 Y133.92 E.00819
G1 X109.217 Y133.827 E.00819
G1 X109.454 Y133.758 E.00819
G1 X109.697 Y133.714 E.00819
G1 X110.157 Y133.7 E.01527
G1 X110.564 Y133.761 E.01367
G1 X110.792 Y133.827 E.00787
G1 X111.021 Y133.92 E.00819
G1 X111.238 Y134.036 E.00819
G1 X111.443 Y134.174 E.00819
G1 X111.633 Y134.332 E.00819
G1 X111.805 Y134.509 E.00819
G1 X111.958 Y134.702 E.00819
G1 X112.091 Y134.911 E.00819
G1 X112.277 Y135.331 E.01527
G1 X112.374 Y135.732 E.01367
G1 X112.398 Y135.968 E.00787
G1 X112.398 Y136.215 E.00819
G1 X112.373 Y136.46 E.00819
G1 X112.322 Y136.702 E.00819
G1 X112.247 Y136.937 E.00819
G1 X112.149 Y137.163 E.00819
G1 X112.027 Y137.378 E.00819
G1 X111.884 Y137.579 E.00819
G1 X111.721 Y137.764 E.00819
G1 X111.54 Y137.932 E.00819
G1 X111.343 Y138.08 E.00819
G1 X111.131 Y138.207 E.00819
G1 X110.907 Y138.312 E.00819
G1 X110.682 Y138.39 E.00793
G1 X110.304 Y138.469 E.01279
G1 X110.066 Y138.488 E.00793
G1 X109.819 Y138.481 E.00819
G1 X109.575 Y138.45 E.00819
G1 X109.334 Y138.393 E.00819
G1 X109.101 Y138.312 E.00819
G1 X108.878 Y138.207 E.00819
G1 X108.495 Y137.952 E.01527
G1 X108.198 Y137.666 E.01367
G1 X108.051 Y137.48 E.00787
G1 X107.918 Y137.272 E.00819
G1 X107.808 Y137.051 E.00819
G1 X107.721 Y136.82 E.00819
G1 X107.658 Y136.582 E.00819
G1 X107.621 Y136.345 E.00793
G1 X107.611 Y135.968 E.01253
G1 X107.66 Y135.593 E.01253
G1 X107.721 Y135.362 E.00793
G1 X107.801 Y135.15 E.00752
M204 S2000
G1 E-.8 F3600
G1 X111.455 Y135.92 F18000
G1 E.8 F3600
M204 S1000
;TYPE:Outer wall
;WIDTH:0.42
G1 F1200
G1 X111.409 Y135.69 E.0072
G1 X111.326 Y135.469 E.00726
G1 X111.147 Y135.18 E.01043
G1 X110.985 Y135.008 E.00726
G1 X110.797 Y134.864 E.00726
G1 X110.493 Y134.714 E.01043
G1 X110.26 Y134.653 E.00739
G1 X109.917 Y134.632 E.01056
G1 X109.579 Y134.694 E.01056
G1 X109.356 Y134.782 E.00739
G1 X109.071 Y134.967 E.01043
G1 X108.902 Y135.133 E.00726
G1 X108.762 Y135.323 E.00726
G1 X108.616 Y135.634 E.01056
G1 X108.548 Y135.971 E.01056
G1 X108.548 Y136.207 E.00726
G1 X108.586 Y136.441 E.00726
G1 X108.706 Y136.763 E.01056
G1 X108.899 Y137.047 E.01056
G1 X109.068 Y137.212 E.00726
G1 X109.261 Y137.349 E.00726
G1 X109.575 Y137.488 E.01056
G1 X109.913 Y137.549 E.01056
G1 X110.149 Y137.545 E.00726
G1 X110.382 Y137.503 E.00726
G1 X110.701 Y137.376 E.01056
G1 X110.982 Y137.177 E.01056
G1 X111.144 Y137.005 E.00729
G1 X111.284 Y136.796 E.00772
G1 X111.408 Y136.496 E.00995
G1 X111.455 Y136.261 E.00738
G1 X111.455 Y135.94 E.00988
M204 S2000
G1 X111.841 Y135.849 F18000
M204 S1500
;TYPE:Inner wall
;WIDTH:0.45
G1 F1200
G1 X111.787 Y135.582 E.00906
G1 X111.68 Y135.295 E.01017
G1 X111.459 Y134.94 E.01386
G1 X111.249 Y134.717 E.01017
G1 X111.006 Y134.53 E.01017
G1 X110.631 Y134.345 E.01385
G1 X110.323 Y134.264 E.01057
G1 X109.894 Y134.238 E.01426
G1 X109.471 Y134.315 E.01426
G1 X109.175 Y134.432 E.01057
G1 X108.824 Y134.66 E.01385
G1 X108.605 Y134.875 E.01017
G1 X108.423 Y135.121 E.01017
G1 X108.241 Y135.511 E.01426
G1 X108.156 Y135.932 E.01426
G1 X108.156 Y136.239 E.01017
G1 X108.205 Y136.541 E.01017
G1 X108.355 Y136.944 E.01426
G1 X108.597 Y137.299 E.01426
G1 X108.816 Y137.514 E.01017
G1 X109.066 Y137.691 E.01017
G1 X109.459 Y137.866 E.01426
G1 X109.882 Y137.942 E.01426
G1 X110.188 Y137.936 E.01017
G1 X110.49 Y137.882 E.01017
G1 X110.89 Y137.723 E.01426
G1 X111.24 Y137.475 E.01426
G1 X111.452 Y137.25 E.01025
G1 X111.631 Y136.981 E.0107
G1 X111.785 Y136.611 E.01329
G1 X111.848 Y136.3 E.01053
G1 X111.848 Y135.882 E.01385
G1 X111.845 Y135.869 E.00045
M204 S2000
G1 X112.105 Y135.811 F18000
;TYPE:Gap infill
;WIDTH:0.177829
G1 F1200
G1 X112.016 Y135.414 E.00447
G1 X111.85 Y135.047 E.00443
G1 X111.599 Y134.69 E.0048
G1 X111.278 Y134.394 E.0048
G1 X110.903 Y134.171 E.0048
G1 X110.503 Y134.029 E.00466
G1 X110.135 Y133.976 E.00409
G1 X109.732 Y133.988 E.00443
G1 X109.307 Y134.086 E.0048
G1 X108.913 Y134.273 E.0048
G1 X108.653 Y134.456 E.00349
G1 X108.402 Y134.704 E.00388
G1 X108.191 Y134.991 E.00391
G1 X107.992 Y135.421 E.00522
G1 X107.89 Y135.899 E.00537
G1 X107.893 Y136.319 E.00462
G1 X107.984 Y136.736 E.00469
G1 X108.156 Y137.137 E.0048
G1 X108.394 Y137.478 E.00456
G1 X108.67 Y137.743 E.00421
G1 X109.007 Y137.965 E.00443
G1 X109.387 Y138.125 E.00454
G1 X109.84 Y138.21 E.00507
G1 X110.268 Y138.199 E.0047
G1 X110.607 Y138.128 E.00381
G1 X111.012 Y137.964 E.0048
G1 X111.364 Y137.722 E.00471
G1 X111.668 Y137.414 E.00475
G1 X111.871 Y137.102 E.00409
G1 X112.044 Y136.684 E.00498
G1 X112.114 Y136.32 E.00407
G1 X112.113 Y135.85 E.00518
G1 X112.109 Y135.83 E.00022
; stop printing object separador_timon.stl id:1 copy 0
; end of layer_num: 11, T: 0, print_z: 2.240000
;LAYER_CHANGE
;Z:2.44
;HEIGHT:0.2
; BEFORE_LAYER_CHANGE 11 @ 2.44mm
G92 E0
; AFTER_LAYER_CHANGE 11 @ 2.44mm
; start of layer_num: 12, T: 0, print_z: 2.440000
; printing object "separador_timon.stl" id:0 copy 0
G1 E-.8 F3600
G1 X107.449 Y108.872 Z2.44 F18000
G1 E.8 F3600
M204 S1000
;TYPE:Outer wall
;WIDTH:0.42
G1 F1200
G1 X107.572 Y108.626 E.00844
G1 X107.726 Y108.384 E.00883
G1 X107.905 Y108.158 E.00883
G1 X108.105 Y107.953 E.00883
G1 X108.326 Y107.769 E.00883
G1 X108.564 Y107.608 E.00883
G1 X108.817 Y107.473 E.00883
G1 X109.083 Y107.365 E.00883
G1 X109.359 Y107.285 E.00883
G1 X109.642 Y107.233 E.00883
G1 X109.928 Y107.211 E.00883
G1 X110.183 Y107.217 E.00784
G1 X110.644 Y107.286 E.01431
G1 X110.917 Y107.365 E.00872
G1 X111.183 Y107.473 E.00883
G1 X111.436 Y107.608 E.00883
G1 X111.674 Y107.769 E.00883
G1 X111.895 Y107.953 E.00883
G1 X112.095 Y108.158 E.00883
G1 X112.274 Y108.384 E.00882
G1 X112.428 Y108.626 E.00883
G1 X112.556 Y108.883 E.00883
G1 X112.647 Y109.122 E.00784
G1 X112.757 Y109.574 E.01431
G1 X112.786 Y109.856 E.00872
G1 X112.786 Y110.144 E.00883
G1 X112.756 Y110.43 E.00883
G1 X112.705 Y110.679 E.00784
G1 X112.555 Y111.12 E.01431
G1 X112.428 Y111.374 E.00872
G1 X112.274 Y111.616 E.00883
G1 X112.095 Y111.842 E.00883
G1 X111.895 Y112.047 E.00883
G1 X111.674 Y112.231 E.00882
G1 X111.436 Y112.392 E.00883
G1 X111.183 Y112.527 E.00883
G1 X110.917 Y112.635 E.00883
G1 X110.641 Y112.715 E.00883
G1 X110.358 Y112.767 E.00883
G1 X110.072 Y112.789 E.00883
G1 X109.785 Y112.781 E.00883
G1 X109.5 Y112.745 E.00883
G1 X109.22 Y112.679 E.00883
G1 X108.949 Y112.584 E.00883
G1 X108.689 Y112.462 E.00883
G1 X108.442 Y112.314 E.00883
G1 X108.238 Y112.162 E.00784
G1 X107.902 Y111.839 E.01431
G1 X107.726 Y111.616 E.00872
G1 X107.572 Y111.374 E.00883
G1 X107.444 Y111.117 E.00882
G1 X107.342 Y110.848 E.00883
G1 X107.269 Y110.571 E.00883
G1 X107.225 Y110.29 E.00874
G1 X107.214 Y109.854 E.0134
G1 X107.244 Y109.57 E.00875
G1 X107.295 Y109.321 E.00784
G1 X107.442 Y108.89 E.01397
M204 S2000
G1 X107.808 Y109.031 F18000
M204 S1500
;TYPE:Inner wall
;WIDTH:0.45
G1 F1200
G1 X107.914 Y108.819 E.00787
G1 X108.046 Y108.611 E.00819
G1 X108.199 Y108.418 E.00819
G1 X108.372 Y108.241 E.00819
G1 X108.561 Y108.083 E.00819
G1 X108.766 Y107.945 E.00819
G1 X108.984 Y107.829 E.00819
G1 X109.212 Y107.736 E.00819
G1 X109.449 Y107.667 E.00819
G1 X109.692 Y107.623 E.00819
G1 X110.15 Y107.608 E.01519
G1 X110.56 Y107.67 E.01375
G1 X110.788 Y107.736 E.00787
G1 X111.016 Y107.829 E.00819
G1 X111.234 Y107.945 E.00819
G1 X111.439 Y108.083 E.00819
G1 X111.628 Y108.241 E.00819
G1 X111.801 Y108.418 E.00819
G1 X111.954 Y108.611 E.00819
G1 X112.086 Y108.819 E.00819
G1 X112.272 Y109.238 E.01519
G1 X112.37 Y109.641 E.01375
G1 X112.394 Y109.877 E.00787
G1 X112.394 Y110.123 E.00819
G1 X112.326 Y110.576 E.01519
G1 X112.192 Y110.969 E.01375
G1 X112.086 Y111.181 E.00787
G1 X111.954 Y111.389 E.00819
G1 X111.801 Y111.582 E.00819
G1 X111.628 Y111.759 E.00819
G1 X111.439 Y111.917 E.00819
G1 X111.234 Y112.055 E.00819
G1 X111.016 Y112.171 E.00819
G1 X110.788 Y112.264 E.00819
G1 X110.551 Y112.333 E.00819
G1 X110.308 Y112.377 E.00819
G1 X110.062 Y112.396 E.00819
G1 X109.815 Y112.39 E.00819
G1 X109.57 Y112.358 E.00819
G1 X109.33 Y112.302 E.00819
G1 X109.097 Y112.221 E.00819
G1 X108.873 Y112.116 E.00819
G1 X108.492 Y111.862 E.01519
G1 X108.193 Y111.575 E.01375
G1 X108.046 Y111.389 E.00787
G1 X107.914 Y111.181 E.00819
G1 X107.803 Y110.96 E.00819
G1 X107.716 Y110.729 E.00819
G1 X107.654 Y110.49 E.00819
G1 X107.617 Y110.254 E.00793
G1 X107.607 Y109.869 E.01279
G1 X107.674 Y109.424 E.01493
G1 X107.801 Y109.05 E.01309
M204 S2000
G1 E-.8 F3600
G1 X111.451 Y109.83 F18000
G1 E.8 F3600
M204 S1000
;TYPE:Outer wall
;WIDTH:0.42
G1 F1200
G1 X111.404 Y109.598 E.00728
G1 X111.314 Y109.362 E.00777
G1 X111.142 Y109.089 E.00991
G1 X110.98 Y108.917 E.00725
G1 X110.793 Y108.773 E.00726
G1 X110.485 Y108.621 E.01056
G1 X110.149 Y108.547 E.01056
G1 X109.909 Y108.542 E.00739
G1 X109.575 Y108.602 E.01043
G1 X109.351 Y108.691 E.00739
G1 X109.067 Y108.876 E.01043
G1 X108.898 Y109.041 E.00726
G1 X108.757 Y109.232 E.00726
G1 X108.612 Y109.543 E.01056
G1 X108.544 Y109.88 E.01056
G1 X108.544 Y110.12 E.00739
G1 X108.611 Y110.454 E.01046
G1 X108.713 Y110.69 E.00789
G1 X108.895 Y110.956 E.00991
G1 X109.067 Y111.124 E.00738
G1 X109.351 Y111.309 E.01043
G1 X109.575 Y111.398 E.00739
G1 X109.909 Y111.458 E.01043
G1 X110.145 Y111.453 E.00726
G1 X110.378 Y111.411 E.00726
G1 X110.694 Y111.286 E.01046
G1 X110.908 Y111.144 E.00789
G1 X111.14 Y110.914 E.01004
G1 X111.322 Y110.623 E.01055
G1 X111.404 Y110.401 E.00726
G1 X111.451 Y110.17 E.00726
G1 X111.451 Y109.85 E.00983
M204 S2000
G1 X111.837 Y109.758 F18000
M204 S1500
;TYPE:Inner wall
;WIDTH:0.45
G1 F1200
G1 X111.782 Y109.488 E.00915
G1 X111.666 Y109.185 E.01075
G1 X111.454 Y108.848 E.01323
G1 X111.244 Y108.626 E.01013
G1 X111.001 Y108.438 E.01017
G1 X110.616 Y108.249 E.01426
G1 X110.196 Y108.155 E.01426
G1 X109.877 Y108.149 E.01057
G1 X109.466 Y108.223 E.01385
G1 X109.17 Y108.341 E.01057
G1 X108.82 Y108.569 E.01385
G1 X108.601 Y108.783 E.01017
G1 X108.419 Y109.03 E.01017
G1 X108.237 Y109.419 E.01426
G1 X108.152 Y109.841 E.01426
G1 X108.152 Y110.159 E.01057
G1 X108.235 Y110.571 E.01394
G1 X108.368 Y110.88 E.01115
G1 X108.593 Y111.209 E.01323
G1 X108.82 Y111.431 E.01053
G1 X109.17 Y111.659 E.01385
G1 X109.466 Y111.777 E.01057
G1 X109.877 Y111.851 E.01385
G1 X110.184 Y111.845 E.01017
G1 X110.486 Y111.79 E.01017
G1 X110.877 Y111.635 E.01394
G1 X111.157 Y111.449 E.01115
G1 X111.449 Y111.16 E.01364
G1 X111.675 Y110.797 E.01421
G1 X111.783 Y110.509 E.01017
G1 X111.843 Y110.209 E.01017
G1 X111.843 Y109.791 E.01385
G1 X111.841 Y109.778 E.00045
G1 E-.8 F3600
M204 S2000
G1 X112.102 Y109.725 F18000
G1 E.8 F3600
;TYPE:Gap infill
;WIDTH:0.178161
G1 F1200
G1 X112.038 Y109.408 E.00356
G1 X111.902 Y109.06 E.00411
G1 X111.661 Y108.68 E.00497
G1 X111.419 Y108.425 E.00387
G1 X111.137 Y108.209 E.00392
G1 X110.899 Y108.08 E.00299
G1 X110.697 Y107.996 E.00241
G1 X110.222 Y107.889 E.00537
G1 X109.85 Y107.883 E.0041
G1 X109.387 Y107.968 E.00519
G1 X109.043 Y108.108 E.00409
G1 X108.648 Y108.365 E.00519
G1 X108.397 Y108.613 E.00389
G1 X108.187 Y108.899 E.00392
G1 X107.982 Y109.343 E.00539
G1 X107.886 Y109.808 E.00523
G1 X107.884 Y110.193 E.00424
G1 X107.974 Y110.647 E.0051
G1 X108.151 Y111.046 E.00482
G1 X108.39 Y111.388 E.00459
G1 X108.666 Y111.654 E.00423
G1 X109.041 Y111.895 E.00491
G1 X109.406 Y112.041 E.00433
G1 X109.836 Y112.119 E.00482
G1 X110.216 Y112.112 E.00419
G1 X110.565 Y112.045 E.00392
G1 X111.006 Y111.869 E.00523
G1 X111.329 Y111.652 E.00429
G1 X111.661 Y111.321 E.00517
G1 X111.913 Y110.921 E.00521
G1 X112.042 Y110.578 E.00403
G1 X112.11 Y110.229 E.00392
G1 X112.109 Y109.758 E.00519
G1 X112.106 Y109.744 E.00016
; stop printing object separador_timon.stl id:0 copy 0
; printing object "separador_timon.stl" id:1 copy 0
G1 E-.8 F3600
G1 X107.454 Y134.963 F18000
G1 E.8 F3600
M204 S1000
;TYPE:Outer wall
;WIDTH:0.42
G1 F1200
G1 X107.577 Y134.717 E.00844
G1 X107.731 Y134.475 E.00883
G1 X107.909 Y134.25 E.00883
G1 X108.109 Y134.044 E.00883
G1 X108.33 Y133.86 E.00883
G1 X108.568 Y133.7 E.00883
G1 X108.822 Y133.565 E.00883
G1 X109.088 Y133.456 E.00883
G1 X109.364 Y133.376 E.00883
G1 X109.646 Y133.325 E.00883
G1 X109.933 Y133.302 E.00883
G1 X110.188 Y133.308 E.00784
G1 X110.648 Y133.377 E.01431
G1 X110.921 Y133.456 E.00872
G1 X111.187 Y133.565 E.00883
G1 X111.441 Y133.7 E.00883
G1 X111.679 Y133.86 E.00883
G1 X111.899 Y134.044 E.00883
G1 X112.1 Y134.25 E.00883
G1 X112.278 Y134.475 E.00882
G1 X112.432 Y134.717 E.00883
G1 X112.561 Y134.974 E.00883
G1 X112.651 Y135.213 E.00784
G1 X112.761 Y135.665 E.01431
G1 X112.79 Y135.948 E.00872
G1 X112.79 Y136.235 E.00883
G1 X112.761 Y136.521 E.00883
G1 X112.709 Y136.771 E.00784
G1 X112.559 Y137.211 E.01431
G1 X112.432 Y137.465 E.00872
G1 X112.278 Y137.708 E.00883
G1 X112.1 Y137.933 E.00883
G1 X111.899 Y138.139 E.00883
G1 X111.679 Y138.323 E.00882
G1 X111.441 Y138.483 E.00883
G1 X111.187 Y138.618 E.00883
G1 X110.921 Y138.726 E.00883
G1 X110.645 Y138.806 E.00883
G1 X110.363 Y138.858 E.00883
G1 X110.076 Y138.88 E.00883
G1 X109.789 Y138.873 E.00883
G1 X109.504 Y138.836 E.00883
G1 X109.225 Y138.77 E.00883
G1 X108.953 Y138.675 E.00883
G1 X108.693 Y138.554 E.00883
G1 X108.447 Y138.406 E.00883
G1 X108.242 Y138.253 E.00784
G1 X107.907 Y137.93 E.01431
G1 X107.731 Y137.708 E.00872
G1 X107.577 Y137.465 E.00883
G1 X107.448 Y137.208 E.00882
G1 X107.347 Y136.94 E.00883
G1 X107.274 Y136.662 E.00883
G1 X107.23 Y136.381 E.00874
G1 X107.219 Y135.945 E.0134
G1 X107.248 Y135.662 E.00875
G1 X107.299 Y135.412 E.00784
G1 X107.446 Y134.981 E.01397
M204 S2000
G1 X107.812 Y135.123 F18000
M204 S1500
;TYPE:Inner wall
;WIDTH:0.45
G1 F1200
G1 X107.918 Y134.911 E.00787
G1 X108.051 Y134.702 E.00819
G1 X108.204 Y134.509 E.00819
G1 X108.376 Y134.332 E.00819
G1 X108.566 Y134.174 E.00819
G1 X108.77 Y134.036 E.00819
G1 X108.988 Y133.92 E.00819
G1 X109.217 Y133.827 E.00819
G1 X109.454 Y133.758 E.00819
G1 X109.697 Y133.714 E.00819
G1 X110.154 Y133.7 E.01519
G1 X110.564 Y133.761 E.01375
G1 X110.792 Y133.827 E.00787
G1 X111.021 Y133.92 E.00819
G1 X111.238 Y134.036 E.00819
G1 X111.443 Y134.174 E.00819
G1 X111.633 Y134.332 E.00819
G1 X111.805 Y134.509 E.00819
G1 X111.958 Y134.702 E.00819
G1 X112.091 Y134.911 E.00819
G1 X112.276 Y135.329 E.01519
G1 X112.374 Y135.732 E.01375
G1 X112.398 Y135.968 E.00787
G1 X112.398 Y136.215 E.00819
G1 X112.33 Y136.667 E.01519
G1 X112.197 Y137.06 E.01375
G1 X112.091 Y137.272 E.00787
G1 X111.958 Y137.48 E.00819
G1 X111.805 Y137.674 E.00819
G1 X111.633 Y137.85 E.00819
G1 X111.443 Y138.009 E.00819
G1 X111.238 Y138.146 E.00819
G1 X111.021 Y138.262 E.00819
G1 X110.792 Y138.355 E.00819
G1 X110.555 Y138.424 E.00819
G1 X110.312 Y138.469 E.00819
G1 X110.066 Y138.488 E.00819
G1 X109.819 Y138.481 E.00819
G1 X109.575 Y138.45 E.00819
G1 X109.334 Y138.393 E.00819
G1 X109.101 Y138.312 E.00819
G1 X108.878 Y138.207 E.00819
G1 X108.497 Y137.954 E.01519
G1 X108.198 Y137.666 E.01375
G1 X108.051 Y137.48 E.00787
G1 X107.918 Y137.272 E.00819
G1 X107.808 Y137.051 E.00819
G1 X107.721 Y136.82 E.00819
G1 X107.658 Y136.582 E.00819
G1 X107.621 Y136.345 E.00793
G1 X107.611 Y135.96 E.01279
G1 X107.678 Y135.515 E.01493
G1 X107.806 Y135.142 E.01309
M204 S2000
G1 E-.8 F3600
G1 X111.455 Y135.921 F18000
G1 E.8 F3600
M204 S1000
;TYPE:Outer wall
;WIDTH:0.42
G1 F1200
G1 X111.409 Y135.689 E.00728
G1 X111.318 Y135.453 E.00777
G1 X111.146 Y135.18 E.00991
G1 X110.985 Y135.008 E.00725
G1 X110.797 Y134.864 E.00726
G1 X110.489 Y134.712 E.01056
G1 X110.154 Y134.638 E.01056
G1 X109.913 Y134.633 E.00739
G1 X109.579 Y134.694 E.01043
G1 X109.356 Y134.782 E.00739
G1 X109.071 Y134.967 E.01043
G1 X108.902 Y135.133 E.00726
G1 X108.762 Y135.323 E.00726
G1 X108.616 Y135.634 E.01056
G1 X108.548 Y135.971 E.01056
G1 X108.548 Y136.212 E.00739
G1 X108.616 Y136.545 E.01046
G1 X108.717 Y136.781 E.00789
G1 X108.9 Y137.047 E.00991
G1 X109.071 Y137.215 E.00738
G1 X109.356 Y137.4 E.01043
G1 X109.579 Y137.489 E.00739
G1 X109.913 Y137.549 E.01043
G1 X110.149 Y137.545 E.00726
G1 X110.382 Y137.503 E.00726
G1 X110.698 Y137.377 E.01046
G1 X110.912 Y137.235 E.00789
G1 X111.145 Y137.005 E.01004
G1 X111.326 Y136.714 E.01055
G1 X111.409 Y136.493 E.00726
G1 X111.455 Y136.261 E.00726
G1 X111.455 Y135.941 E.00983
M204 S2000
G1 X111.841 Y135.849 F18000
M204 S1500
;TYPE:Inner wall
;WIDTH:0.45
G1 F1200
G1 X111.786 Y135.579 E.00915
G1 X111.67 Y135.277 E.01075
G1 X111.458 Y134.939 E.01323
G1 X111.249 Y134.717 E.01013
G1 X111.006 Y134.53 E.01017
G1 X110.62 Y134.34 E.01426
G1 X110.2 Y134.247 E.01426
G1 X109.882 Y134.24 E.01057
G1 X109.471 Y134.315 E.01385
G1 X109.175 Y134.432 E.01057
G1 X108.824 Y134.66 E.01385
G1 X108.605 Y134.875 E.01017
G1 X108.423 Y135.121 E.01017
G1 X108.241 Y135.511 E.01426
G1 X108.156 Y135.932 E.01426
G1 X108.156 Y136.251 E.01057
G1 X108.239 Y136.663 E.01394
G1 X108.372 Y136.971 E.01115
G1 X108.598 Y137.3 E.01323
G1 X108.824 Y137.523 E.01053
G1 X109.175 Y137.75 E.01385
G1 X109.471 Y137.868 E.01057
G1 X109.882 Y137.942 E.01385
G1 X110.188 Y137.936 E.01017
G1 X110.49 Y137.882 E.01017
G1 X110.881 Y137.726 E.01394
G1 X111.161 Y137.541 E.01115
G1 X111.453 Y137.252 E.01364
G1 X111.68 Y136.888 E.01421
G1 X111.787 Y136.601 E.01017
G1 X111.848 Y136.3 E.01017
G1 X111.848 Y135.882 E.01385
G1 X111.845 Y135.869 E.00045
M204 S2000
G1 X112.107 Y135.816 F18000
;TYPE:Gap infill
;WIDTH:0.178161
G1 F1200
G1 X112.042 Y135.499 E.00356
G1 X111.907 Y135.152 E.00411
G1 X111.665 Y134.771 E.00497
G1 X111.423 Y134.516 E.00387
G1 X111.141 Y134.301 E.00392
G1 X110.903 Y134.171 E.00299
G1 X110.701 Y134.087 E.00241
G1 X110.226 Y133.98 E.00537
G1 X109.854 Y133.975 E.0041
G1 X109.391 Y134.059 E.00519
G1 X109.047 Y134.199 E.00409
G1 X108.653 Y134.456 E.00519
G1 X108.402 Y134.704 E.00389
G1 X108.191 Y134.99 E.00392
G1 X107.986 Y135.434 E.00539
G1 X107.89 Y135.899 E.00523
G1 X107.889 Y136.284 E.00424
G1 X107.979 Y136.738 E.0051
G1 X108.156 Y137.138 E.00482
G1 X108.395 Y137.479 E.00459
G1 X108.671 Y137.746 E.00423
G1 X109.045 Y137.986 E.00491
G1 X109.41 Y138.132 E.00433
G1 X109.84 Y138.21 E.00482
G1 X110.22 Y138.203 E.00419
G1 X110.569 Y138.136 E.00392
G1 X111.01 Y137.96 E.00523
G1 X111.334 Y137.744 E.00429
G1 X111.666 Y137.412 E.00517
G1 X111.917 Y137.012 E.00521
G1 X112.046 Y136.67 E.00403
G1 X112.114 Y136.32 E.00392
G1 X112.113 Y135.85 E.00519
G1 X112.111 Y135.836 E.00016
; stop printing object separador_timon.stl id:1 copy 0
; end of layer_num: 12, T: 0, print_z: 2.440000
;LAYER_CHANGE
;Z:2.64
;HEIGHT:0.2
; BEFORE_LAYER_CHANGE 12 @ 2.64mm
G92 E0
; AFTER_LAYER_CHANGE 12 @ 2.64mm
; start of layer_num: 13, T: 0, print_z: 2.640000
; printing object "separador_timon.stl" id:0 copy 0
G1 E-.8 F3600
G1 X107.45 Y108.871 Z2.64 F18000
G1 E.8 F3600
M204 S1000
;TYPE:Outer wall
;WIDTH:0.42
G1 F1200
G1 X107.572 Y108.626 E.00842
G1 X107.726 Y108.384 E.00883
G1 X107.905 Y108.158 E.00883
G1 X108.105 Y107.953 E.00883
G1 X108.326 Y107.769 E.00883
G1 X108.564 Y107.608 E.00883
G1 X108.817 Y107.473 E.00883
G1 X109.083 Y107.365 E.00883
G1 X109.359 Y107.285 E.00883
G1 X109.642 Y107.233 E.00883
G1 X109.928 Y107.211 E.00884
G1 X110.181 Y107.217 E.00776
G1 X110.644 Y107.286 E.01439
G1 X110.917 Y107.365 E.00872
G1 X111.183 Y107.473 E.00883
G1 X111.436 Y107.608 E.00883
G1 X111.674 Y107.769 E.00883
G1 X111.895 Y107.953 E.00883
G1 X112.095 Y108.158 E.00883
G1 X112.274 Y108.384 E.00883
G1 X112.428 Y108.626 E.00883
G1 X112.556 Y108.883 E.00884
G1 X112.646 Y109.119 E.00776
G1 X112.757 Y109.574 E.01439
G1 X112.786 Y109.856 E.00872
G1 X112.786 Y110.144 E.00883
G1 X112.756 Y110.43 E.00884
G1 X112.706 Y110.677 E.00776
G1 X112.555 Y111.12 E.01439
G1 X112.428 Y111.374 E.00872
G1 X112.274 Y111.616 E.00883
G1 X112.095 Y111.842 E.00883
G1 X111.895 Y112.047 E.00883
G1 X111.674 Y112.231 E.00883
G1 X111.436 Y112.392 E.00883
G1 X111.183 Y112.527 E.00883
G1 X110.917 Y112.635 E.00883
G1 X110.641 Y112.715 E.00883
G1 X110.358 Y112.767 E.00883
G1 X110.072 Y112.789 E.00883
G1 X109.785 Y112.781 E.00883
G1 X109.5 Y112.745 E.00883
G1 X109.22 Y112.679 E.00883
G1 X108.949 Y112.584 E.00883
G1 X108.689 Y112.462 E.00883
G1 X108.442 Y112.314 E.00884
G1 X108.24 Y112.163 E.00776
G1 X107.902 Y111.839 E.01439
G1 X107.726 Y111.616 E.00872
G1 X107.572 Y111.374 E.00883
G1 X107.444 Y111.117 E.00882
G1 X107.342 Y110.848 E.00883
G1 X107.269 Y110.571 E.00883
G1 X107.225 Y110.29 E.00874
G1 X107.214 Y109.854 E.0134
G1 X107.244 Y109.57 E.00875
G1 X107.294 Y109.323 E.00776
G1 X107.442 Y108.89 E.01407
M204 S2000
G1 X107.808 Y109.031 F18000
M204 S1500
;TYPE:Inner wall
;WIDTH:0.45
G1 F1200
G1 X107.914 Y108.819 E.00786
G1 X108.046 Y108.611 E.00819
G1 X108.199 Y108.418 E.00819
G1 X108.372 Y108.241 E.00819
G1 X108.561 Y108.083 E.00819
G1 X108.766 Y107.945 E.00819
G1 X108.984 Y107.829 E.00819
G1 X109.212 Y107.736 E.00819
G1 X109.449 Y107.667 E.00819
G1 X109.692 Y107.623 E.00819
G1 X110.148 Y107.608 E.01511
G1 X110.56 Y107.67 E.01383
G1 X110.788 Y107.736 E.00786
G1 X111.016 Y107.829 E.00819
G1 X111.234 Y107.945 E.00819
G1 X111.439 Y108.083 E.00819
G1 X111.628 Y108.241 E.00819
G1 X111.801 Y108.418 E.00819
G1 X111.954 Y108.611 E.00819
G1 X112.086 Y108.819 E.00819
G1 X112.271 Y109.236 E.01511
G1 X112.37 Y109.641 E.01383
G1 X112.394 Y109.877 E.00786
G1 X112.394 Y110.123 E.00819
G1 X112.326 Y110.574 E.01511
G1 X112.192 Y110.969 E.01383
G1 X112.086 Y111.181 E.00786
G1 X111.954 Y111.389 E.00819
G1 X111.801 Y111.582 E.00819
G1 X111.628 Y111.759 E.00819
G1 X111.439 Y111.917 E.00819
G1 X111.234 Y112.055 E.00819
G1 X111.016 Y112.171 E.00819
G1 X110.788 Y112.264 E.00819
G1 X110.551 Y112.333 E.00819
G1 X110.308 Y112.377 E.00819
G1 X110.062 Y112.396 E.00819
G1 X109.815 Y112.39 E.00819
G1 X109.57 Y112.358 E.00819
G1 X109.33 Y112.302 E.00819
G1 X109.097 Y112.221 E.00819
G1 X108.873 Y112.116 E.00819
G1 X108.494 Y111.864 E.01511
G1 X108.193 Y111.575 E.01383
G1 X108.046 Y111.389 E.00786
G1 X107.914 Y111.181 E.00819
G1 X107.803 Y110.96 E.00819
G1 X107.716 Y110.729 E.00819
G1 X107.654 Y110.49 E.00819
G1 X107.617 Y110.254 E.00793
G1 X107.607 Y109.869 E.01279
G1 X107.674 Y109.426 E.01485
G1 X107.801 Y109.05 E.01317
M204 S2000
G1 E-.8 F3600
G1 X111.451 Y109.83 F18000
G1 E.8 F3600
M204 S1000
;TYPE:Outer wall
;WIDTH:0.42
G1 F1200
G1 X111.451 Y109.83 E0
G1 X111.404 Y109.599 E.00726
G1 X111.322 Y109.377 E.00726
G1 X111.142 Y109.089 E.01043
G1 X110.977 Y108.914 E.00739
G1 X110.7 Y108.717 E.01046
G1 X110.462 Y108.615 E.00794
G1 X110.149 Y108.547 E.00987
G1 X109.909 Y108.542 E.00737
G1 X109.575 Y108.602 E.01043
G1 X109.351 Y108.691 E.00739
G1 X109.067 Y108.876 E.01043
G1 X108.895 Y109.044 E.00739
G1 X108.704 Y109.325 E.01043
G1 X108.611 Y109.547 E.00739
G1 X108.544 Y109.88 E.01043
G1 X108.544 Y110.116 E.00726
G1 X108.581 Y110.349 E.00726
G1 X108.702 Y110.671 E.01056
G1 X108.895 Y110.956 E.01059
G1 X109.082 Y111.135 E.00794
G1 X109.352 Y111.309 E.00987
G1 X109.571 Y111.396 E.00724
G1 X109.801 Y111.447 E.00726
G1 X110.141 Y111.454 E.01043
G1 X110.378 Y111.411 E.00739
G1 X110.693 Y111.286 E.01043
G1 X110.895 Y111.155 E.00739
G1 X111.14 Y110.914 E.01056
G1 X111.322 Y110.623 E.01056
G1 X111.404 Y110.401 E.00726
G1 X111.451 Y110.17 E.00726
G1 X111.451 Y109.85 E.00981
M204 S2000
G1 X111.837 Y109.758 F18000
M204 S1500
;TYPE:Inner wall
;WIDTH:0.45
G1 F1200
G1 X111.783 Y109.491 E.00906
G1 X111.675 Y109.203 E.01017
G1 X111.454 Y108.849 E.01385
G1 X111.236 Y108.617 E.01057
G1 X110.893 Y108.374 E.01395
G1 X110.583 Y108.24 E.0112
G1 X110.195 Y108.155 E.01318
G1 X109.877 Y108.149 E.01052
G1 X109.466 Y108.223 E.01385
G1 X109.17 Y108.341 E.01057
G1 X108.82 Y108.569 E.01385
G1 X108.592 Y108.792 E.01057
G1 X108.358 Y109.137 E.01385
G1 X108.234 Y109.431 E.01057
G1 X108.152 Y109.841 E.01385
G1 X108.152 Y110.147 E.01017
G1 X108.2 Y110.45 E.01017
G1 X108.351 Y110.853 E.01426
G1 X108.594 Y111.211 E.01435
G1 X108.837 Y111.445 E.0112
G1 X109.172 Y111.66 E.01318
G1 X109.455 Y111.772 E.01012
G1 X109.755 Y111.839 E.01017
G1 X110.172 Y111.847 E.01385
G1 X110.486 Y111.79 E.01057
G1 X110.874 Y111.636 E.01385
G1 X111.141 Y111.462 E.01057
G1 X111.448 Y111.162 E.01426
G1 X111.675 Y110.797 E.01426
G1 X111.783 Y110.509 E.01017
G1 X111.843 Y110.209 E.01017
G1 X111.843 Y109.791 E.01385
G1 X111.841 Y109.778 E.00045
G1 E-.8 F3600
M204 S2000
G1 X112.102 Y109.725 F18000
G1 E.8 F3600
;TYPE:Gap infill
;WIDTH:0.179056
G1 F1200
G1 X112.039 Y109.412 E.00354
G1 X111.912 Y109.08 E.00394
G1 X111.662 Y108.681 E.00522
G1 X111.406 Y108.412 E.00412
G1 X111.018 Y108.138 E.00527
G1 X110.659 Y107.984 E.00433
G1 X110.22 Y107.889 E.00498
G1 X109.85 Y107.883 E.0041
G1 X109.387 Y107.968 E.00522
G1 X109.043 Y108.108 E.00412
G1 X108.648 Y108.365 E.00522
G1 X108.385 Y108.626 E.00412
G1 X108.121 Y109.016 E.00522
G1 X107.978 Y109.359 E.00412
G1 X107.886 Y109.808 E.00508
G1 X107.889 Y110.228 E.00466
G1 X107.979 Y110.645 E.00474
G1 X108.152 Y111.046 E.00484
G1 X108.392 Y111.39 E.00465
G1 X108.668 Y111.656 E.00425
G1 X109.043 Y111.896 E.00494
G1 X109.406 Y112.04 E.00433
G1 X109.836 Y112.115 E.00484
G1 X110.2 Y112.114 E.00403
G1 X110.565 Y112.045 E.00412
G1 X111.002 Y111.87 E.00522
G1 X111.312 Y111.666 E.00412
G1 X111.66 Y111.322 E.00543
G1 X111.913 Y110.921 E.00526
G1 X112.042 Y110.578 E.00406
G1 X112.11 Y110.229 E.00394
G1 X112.109 Y109.758 E.00522
G1 X112.106 Y109.744 E.00016
; stop printing object separador_timon.stl id:0 copy 0
; printing object "separador_timon.stl" id:1 copy 0
G1 E-.8 F3600
G1 X107.454 Y134.962 F18000
G1 E.8 F3600
M204 S1000
;TYPE:Outer wall
;WIDTH:0.42
G1 F1200
G1 X107.577 Y134.717 E.00842
G1 X107.731 Y134.475 E.00883
G1 X107.909 Y134.25 E.00883
G1 X108.109 Y134.044 E.00883
G1 X108.33 Y133.86 E.00883
G1 X108.568 Y133.7 E.00883
G1 X108.822 Y133.565 E.00883
G1 X109.088 Y133.456 E.00883
G1 X109.364 Y133.376 E.00883
G1 X109.646 Y133.325 E.00883
G1 X109.933 Y133.302 E.00884
G1 X110.185 Y133.308 E.00776
G1 X110.648 Y133.377 E.01439
G1 X110.921 Y133.456 E.00872
G1 X111.187 Y133.565 E.00883
G1 X111.441 Y133.7 E.00883
G1 X111.679 Y133.86 E.00883
G1 X111.899 Y134.044 E.00883
G1 X112.1 Y134.25 E.00883
G1 X112.278 Y134.475 E.00883
G1 X112.432 Y134.717 E.00883
G1 X112.561 Y134.974 E.00884
G1 X112.651 Y135.21 E.00776
G1 X112.761 Y135.665 E.01439
G1 X112.79 Y135.948 E.00872
G1 X112.79 Y136.235 E.00883
G1 X112.761 Y136.521 E.00884
G1 X112.71 Y136.768 E.00776
G1 X112.559 Y137.211 E.01439
G1 X112.432 Y137.465 E.00872
G1 X112.278 Y137.708 E.00883
G1 X112.1 Y137.933 E.00883
G1 X111.899 Y138.139 E.00883
G1 X111.679 Y138.323 E.00883
G1 X111.441 Y138.483 E.00883
G1 X111.187 Y138.618 E.00883
G1 X110.921 Y138.726 E.00883
G1 X110.645 Y138.806 E.00883
G1 X110.363 Y138.858 E.00883
G1 X110.076 Y138.88 E.00883
G1 X109.789 Y138.873 E.00883
G1 X109.504 Y138.836 E.00883
G1 X109.225 Y138.77 E.00883
G1 X108.953 Y138.675 E.00883
G1 X108.693 Y138.554 E.00883
G1 X108.447 Y138.406 E.00884
G1 X108.244 Y138.255 E.00776
G1 X107.907 Y137.93 E.01439
G1 X107.731 Y137.708 E.00872
G1 X107.577 Y137.465 E.00883
G1 X107.448 Y137.208 E.00882
G1 X107.347 Y136.94 E.00883
G1 X107.274 Y136.662 E.00883
G1 X107.23 Y136.381 E.00874
G1 X107.219 Y135.945 E.0134
G1 X107.248 Y135.662 E.00875
G1 X107.299 Y135.414 E.00776
G1 X107.446 Y134.981 E.01407
M204 S2000
G1 X107.812 Y135.123 F18000
M204 S1500
;TYPE:Inner wall
;WIDTH:0.45
G1 F1200
G1 X107.918 Y134.911 E.00786
G1 X108.051 Y134.702 E.00819
G1 X108.204 Y134.509 E.00819
G1 X108.376 Y134.332 E.00819
G1 X108.566 Y134.174 E.00819
G1 X108.77 Y134.036 E.00819
G1 X108.988 Y133.92 E.00819
G1 X109.217 Y133.827 E.00819
G1 X109.454 Y133.758 E.00819
G1 X109.697 Y133.714 E.00819
G1 X110.152 Y133.7 E.01511
G1 X110.564 Y133.761 E.01383
G1 X110.792 Y133.827 E.00786
G1 X111.021 Y133.92 E.00819
G1 X111.238 Y134.036 E.00819
G1 X111.443 Y134.174 E.00819
G1 X111.633 Y134.332 E.00819
G1 X111.805 Y134.509 E.00819
G1 X111.958 Y134.702 E.00819
G1 X112.091 Y134.911 E.00819
G1 X112.275 Y135.327 E.01511
G1 X112.374 Y135.732 E.01383
G1 X112.398 Y135.968 E.00786
G1 X112.398 Y136.215 E.00819
G1 X112.331 Y136.665 E.01511
G1 X112.197 Y137.06 E.01383
G1 X112.091 Y137.272 E.00786
G1 X111.958 Y137.48 E.00819
G1 X111.805 Y137.674 E.00819
G1 X111.633 Y137.85 E.00819
G1 X111.443 Y138.009 E.00819
G1 X111.238 Y138.146 E.00819
G1 X111.021 Y138.262 E.00819
G1 X110.792 Y138.355 E.00819
G1 X110.555 Y138.424 E.00819
G1 X110.312 Y138.469 E.00819
G1 X110.066 Y138.488 E.00819
G1 X109.819 Y138.481 E.00819
G1 X109.575 Y138.45 E.00819
G1 X109.334 Y138.393 E.00819
G1 X109.101 Y138.312 E.00819
G1 X108.878 Y138.207 E.00819
G1 X108.498 Y137.955 E.01511
G1 X108.198 Y137.666 E.01383
G1 X108.051 Y137.48 E.00786
G1 X107.918 Y137.272 E.00819
G1 X107.808 Y137.051 E.00819
G1 X107.721 Y136.82 E.00819
G1 X107.658 Y136.582 E.00819
G1 X107.621 Y136.345 E.00793
G1 X107.611 Y135.96 E.01279
G1 X107.678 Y135.517 E.01485
G1 X107.806 Y135.141 E.01317
M204 S2000
G1 E-.8 F3600
G1 X111.455 Y135.922 F18000
G1 E.8 F3600
M204 S1000
;TYPE:Outer wall
;WIDTH:0.42
G1 F1200
G1 X111.455 Y135.922 E0
G1 X111.409 Y135.69 E.00726
G1 X111.326 Y135.469 E.00726
G1 X111.147 Y135.18 E.01043
G1 X110.982 Y135.005 E.00739
G1 X110.704 Y134.808 E.01046
G1 X110.467 Y134.706 E.00794
G1 X110.153 Y134.638 E.00987
G1 X109.913 Y134.633 E.00737
G1 X109.579 Y134.694 E.01043
G1 X109.356 Y134.782 E.00739
G1 X109.071 Y134.967 E.01043
G1 X108.899 Y135.136 E.00739
G1 X108.709 Y135.417 E.01043
G1 X108.615 Y135.638 E.00739
G1 X108.548 Y135.971 E.01043
G1 X108.548 Y136.207 E.00726
G1 X108.586 Y136.441 E.00726
G1 X108.706 Y136.763 E.01056
G1 X108.9 Y137.048 E.01059
G1 X109.086 Y137.227 E.00794
G1 X109.356 Y137.4 E.00987
G1 X109.575 Y137.487 E.00724
G1 X109.806 Y137.539 E.00726
G1 X110.145 Y137.545 E.01043
G1 X110.382 Y137.503 E.00739
G1 X110.697 Y137.377 E.01043
G1 X110.899 Y137.246 E.00739
G1 X111.144 Y137.006 E.01056
G1 X111.326 Y136.714 E.01056
G1 X111.409 Y136.493 E.00726
G1 X111.455 Y136.261 E.00726
G1 X111.455 Y135.942 E.00981
M204 S2000
G1 X111.841 Y135.849 F18000
M204 S1500
;TYPE:Inner wall
;WIDTH:0.45
G1 F1200
G1 X111.787 Y135.582 E.00906
G1 X111.68 Y135.295 E.01017
G1 X111.459 Y134.94 E.01385
G1 X111.24 Y134.708 E.01057
G1 X110.897 Y134.465 E.01395
G1 X110.587 Y134.331 E.0112
G1 X110.199 Y134.247 E.01318
G1 X109.882 Y134.24 E.01052
G1 X109.471 Y134.315 E.01385
G1 X109.175 Y134.432 E.01057
G1 X108.824 Y134.66 E.01385
G1 X108.597 Y134.883 E.01057
G1 X108.362 Y135.229 E.01385
G1 X108.239 Y135.522 E.01057
G1 X108.156 Y135.932 E.01385
G1 X108.156 Y136.239 E.01017
G1 X108.205 Y136.541 E.01017
G1 X108.355 Y136.944 E.01426
G1 X108.598 Y137.302 E.01435
G1 X108.842 Y137.536 E.0112
G1 X109.176 Y137.751 E.01318
G1 X109.46 Y137.863 E.01012
G1 X109.759 Y137.93 E.01017
G1 X110.177 Y137.938 E.01385
G1 X110.49 Y137.882 E.01057
G1 X110.878 Y137.727 E.01385
G1 X111.146 Y137.554 E.01057
G1 X111.452 Y137.253 E.01426
G1 X111.68 Y136.888 E.01426
G1 X111.787 Y136.601 E.01017
G1 X111.848 Y136.3 E.01017
G1 X111.848 Y135.882 E.01385
G1 X111.845 Y135.869 E.00045
M204 S2000
G1 X112.107 Y135.816 F18000
;TYPE:Gap infill
;WIDTH:0.179056
G1 F1200
G1 X112.043 Y135.503 E.00354
G1 X111.916 Y135.171 E.00394
G1 X111.667 Y134.772 E.00522
G1 X111.41 Y134.503 E.00412
G1 X111.022 Y134.23 E.00527
G1 X110.663 Y134.076 E.00433
G1 X110.224 Y133.98 E.00498
G1 X109.854 Y133.975 E.0041
G1 X109.391 Y134.059 E.00522
G1 X109.047 Y134.199 E.00412
G1 X108.653 Y134.456 E.00522
G1 X108.389 Y134.717 E.00412
G1 X108.125 Y135.107 E.00522
G1 X107.982 Y135.45 E.00412
G1 X107.89 Y135.899 E.00508
G1 X107.893 Y136.319 E.00466
G1 X107.984 Y136.736 E.00474
G1 X108.156 Y137.137 E.00484
G1 X108.396 Y137.481 E.00465
G1 X108.672 Y137.747 E.00425
G1 X109.047 Y137.987 E.00494
G1 X109.411 Y138.131 E.00433
G1 X109.841 Y138.207 E.00484
G1 X110.204 Y138.205 E.00403
G1 X110.569 Y138.136 E.00412
G1 X111.007 Y137.962 E.00522
G1 X111.317 Y137.757 E.00412
G1 X111.665 Y137.414 E.00543
G1 X111.917 Y137.012 E.00526
G1 X112.046 Y136.67 E.00406
G1 X112.114 Y136.32 E.00394
G1 X112.113 Y135.85 E.00522
G1 X112.111 Y135.836 E.00016
; stop printing object separador_timon.stl id:1 copy 0
; end of layer_num: 13, T: 0, print_z: 2.640000
;LAYER_CHANGE
;Z:2.84
;HEIGHT:0.2
; BEFORE_LAYER_CHANGE 13 @ 2.84mm
G92 E0
; AFTER_LAYER_CHANGE 13 @ 2.84mm
; start of layer_num: 14, T: 0, print_z: 2.840000
; printing object "separador_timon.stl" id:0 copy 0
G1 E-.8 F3600
G1 X107.45 Y108.871 Z2.84 F18000
G1 E.8 F3600
M204 S1000
;TYPE:Outer wall
;WIDTH:0.42
G1 F1200
G1 X107.572 Y108.626 E.0084
G1 X107.726 Y108.384 E.00883
G1 X107.905 Y108.158 E.00883
G1 X108.105 Y107.953 E.00882
G1 X108.326 Y107.769 E.00883
G1 X108.564 Y107.608 E.00883
G1 X108.817 Y107.473 E.00883
G1 X109.083 Y107.365 E.00883
G1 X109.359 Y107.285 E.00883
G1 X109.642 Y107.233 E.00883
G1 X109.929 Y107.211 E.00884
G1 X110.178 Y107.217 E.00768
G1 X110.644 Y107.286 E.01446
G1 X110.917 Y107.365 E.00872
G1 X111.183 Y107.473 E.00883
G1 X111.436 Y107.608 E.00883
G1 X111.674 Y107.769 E.00883
G1 X111.895 Y107.953 E.00883
G1 X112.095 Y108.158 E.00883
G1 X112.274 Y108.384 E.00883
G1 X112.428 Y108.626 E.00883
G1 X112.556 Y108.883 E.00883
G1 X112.658 Y109.152 E.00883
G1 X112.731 Y109.429 E.00883
G1 X112.775 Y109.71 E.00874
G1 X112.786 Y110.144 E.01331
G1 X112.73 Y110.573 E.01331
G1 X112.658 Y110.848 E.00874
G1 X112.556 Y111.117 E.00883
G1 X112.428 Y111.374 E.00883
G1 X112.274 Y111.616 E.00883
G1 X112.095 Y111.842 E.00883
G1 X111.895 Y112.047 E.00883
G1 X111.674 Y112.231 E.00883
G1 X111.436 Y112.392 E.00883
G1 X111.183 Y112.527 E.00883
G1 X110.917 Y112.635 E.00883
G1 X110.641 Y112.715 E.00883
G1 X110.358 Y112.767 E.00883
G1 X110.072 Y112.789 E.00883
G1 X109.785 Y112.781 E.00883
G1 X109.5 Y112.745 E.00883
G1 X109.22 Y112.679 E.00883
G1 X108.949 Y112.584 E.00883
G1 X108.689 Y112.462 E.00883
G1 X108.442 Y112.314 E.00884
G1 X108.242 Y112.165 E.00768
G1 X107.902 Y111.839 E.01446
G1 X107.726 Y111.616 E.00872
G1 X107.572 Y111.374 E.00883
G1 X107.444 Y111.117 E.00882
G1 X107.342 Y110.848 E.00883
G1 X107.269 Y110.571 E.00883
G1 X107.225 Y110.29 E.00874
G1 X107.214 Y109.856 E.01331
G1 X107.27 Y109.427 E.01331
G1 X107.342 Y109.152 E.00874
G1 X107.442 Y108.889 E.00863
M204 S2000
G1 X107.803 Y109.04 F18000
M204 S1500
;TYPE:Inner wall
;WIDTH:0.45
G1 F1200
G1 X107.914 Y108.819 E.00819
G1 X108.046 Y108.611 E.00819
G1 X108.199 Y108.418 E.00819
G1 X108.372 Y108.241 E.00819
G1 X108.561 Y108.083 E.00819
G1 X108.766 Y107.945 E.00819
G1 X108.984 Y107.829 E.00819
G1 X109.212 Y107.736 E.00819
G1 X109.449 Y107.667 E.00819
G1 X109.692 Y107.623 E.00819
G1 X110.145 Y107.608 E.01503
G1 X110.56 Y107.67 E.01392
G1 X110.788 Y107.736 E.00786
G1 X111.016 Y107.829 E.00819
G1 X111.234 Y107.945 E.00819
G1 X111.439 Y108.083 E.00819
G1 X111.628 Y108.241 E.00819
G1 X111.801 Y108.418 E.00819
G1 X111.954 Y108.611 E.00819
G1 X112.086 Y108.819 E.00819
G1 X112.197 Y109.04 E.00819
G1 X112.284 Y109.271 E.00819
G1 X112.346 Y109.51 E.00819
G1 X112.383 Y109.746 E.00793
G1 X112.393 Y110.123 E.01253
G1 X112.344 Y110.498 E.01253
G1 X112.284 Y110.729 E.00793
G1 X112.197 Y110.96 E.00819
G1 X112.086 Y111.181 E.00819
G1 X111.954 Y111.389 E.00819
G1 X111.801 Y111.582 E.00819
G1 X111.628 Y111.759 E.00819
G1 X111.439 Y111.917 E.00819
G1 X111.234 Y112.055 E.00819
G1 X111.016 Y112.171 E.00819
G1 X110.788 Y112.264 E.00819
G1 X110.551 Y112.333 E.00819
G1 X110.308 Y112.377 E.00819
G1 X110.062 Y112.396 E.00819
G1 X109.815 Y112.39 E.00819
G1 X109.57 Y112.358 E.00819
G1 X109.33 Y112.302 E.00819
G1 X109.097 Y112.221 E.00819
G1 X108.873 Y112.116 E.00819
G1 X108.496 Y111.865 E.01503
G1 X108.193 Y111.575 E.01392
G1 X108.046 Y111.389 E.00786
G1 X107.914 Y111.181 E.00819
G1 X107.803 Y110.96 E.00819
G1 X107.716 Y110.729 E.00819
G1 X107.654 Y110.49 E.00819
G1 X107.617 Y110.254 E.00793
G1 X107.607 Y109.877 E.01253
G1 X107.656 Y109.502 E.01253
G1 X107.716 Y109.271 E.00793
G1 X107.796 Y109.059 E.00752
M204 S2000
G1 E-.8 F3600
G1 X111.451 Y109.832 F18000
G1 E.8 F3600
M204 S1000
;TYPE:Outer wall
;WIDTH:0.42
G1 F1200
G1 X111.451 Y109.83 E.00005
G1 X111.404 Y109.599 E.00726
G1 X111.322 Y109.377 E.00726
G1 X111.142 Y109.088 E.01046
G1 X110.962 Y108.901 E.00798
G1 X110.699 Y108.717 E.00985
G1 X110.461 Y108.614 E.00796
G1 X110.149 Y108.547 E.00982
G1 X109.909 Y108.542 E.00737
G1 X109.575 Y108.602 E.01043
G1 X109.355 Y108.689 E.00726
G1 X109.152 Y108.81 E.00726
G1 X108.9 Y109.038 E.01043
G1 X108.757 Y109.232 E.00739
G1 X108.614 Y109.539 E.01043
G1 X108.557 Y109.773 E.00739
G1 X108.543 Y110.112 E.01043
G1 X108.581 Y110.349 E.00739
G1 X108.702 Y110.671 E.01056
G1 X108.895 Y110.956 E.01056
G1 X109.064 Y111.121 E.00726
G1 X109.256 Y111.258 E.00726
G1 X109.571 Y111.397 E.01056
G1 X109.909 Y111.458 E.01056
G1 X110.149 Y111.453 E.00739
G1 X110.481 Y111.38 E.01043
G1 X110.698 Y111.283 E.00729
G1 X110.91 Y111.142 E.00785
G1 X111.14 Y110.914 E.00995
G1 X111.322 Y110.623 E.01054
G1 X111.404 Y110.401 E.00726
G1 X111.451 Y110.17 E.00726
G1 X111.451 Y109.852 E.00977
M204 S2000
G1 X111.843 Y109.825 F18000
M204 S1500
;TYPE:Inner wall
;WIDTH:0.45
G1 F1200
G1 X111.843 Y109.791 E.00112
G1 X111.783 Y109.491 E.01017
G1 X111.675 Y109.203 E.01017
G1 X111.453 Y108.846 E.01396
G1 X111.218 Y108.602 E.01125
G1 X110.891 Y108.373 E.01323
G1 X110.581 Y108.239 E.01119
G1 X110.194 Y108.155 E.01313
G1 X109.877 Y108.149 E.01052
G1 X109.466 Y108.223 E.01385
G1 X109.181 Y108.337 E.01017
G1 X108.918 Y108.493 E.01017
G1 X108.608 Y108.774 E.01385
G1 X108.419 Y109.03 E.01057
G1 X108.242 Y109.408 E.01385
G1 X108.167 Y109.718 E.01057
G1 X108.15 Y110.135 E.01385
G1 X108.2 Y110.45 E.01057
G1 X108.351 Y110.853 E.01426
G1 X108.592 Y111.208 E.01426
G1 X108.811 Y111.423 E.01017
G1 X109.062 Y111.6 E.01017
G1 X109.454 Y111.774 E.01426
G1 X109.877 Y111.851 E.01426
G1 X110.196 Y111.845 E.01057
G1 X110.604 Y111.754 E.01385
G1 X110.887 Y111.628 E.01028
G1 X111.159 Y111.447 E.01084
G1 X111.449 Y111.16 E.01353
G1 X111.675 Y110.797 E.0142
G1 X111.783 Y110.509 E.01017
G1 X111.843 Y110.209 E.01017
G1 X111.843 Y109.845 E.01208
G1 E-.8 F3600
M204 S2000
G1 X112.113 Y109.847 F18000
G1 E.8 F3600
;TYPE:Gap infill
;WIDTH:0.17829
G1 F1200
G1 X112.114 Y109.772 E.00083
G1 X112.023 Y109.354 E.00472
G1 X111.846 Y108.955 E.00481
G1 X111.659 Y108.677 E.0037
G1 X111.387 Y108.395 E.00433
G1 X111.015 Y108.137 E.00499
G1 X110.657 Y107.984 E.0043
G1 X110.22 Y107.889 E.00494
G1 X109.85 Y107.883 E.00408
G1 X109.387 Y107.968 E.00519
G1 X109.059 Y108.1 E.00389
G1 X108.755 Y108.283 E.00392
G1 X108.56 Y108.444 E.00279
G1 X108.407 Y108.6 E.00241
G1 X108.187 Y108.899 E.0041
G1 X107.993 Y109.314 E.00506
G1 X107.901 Y109.687 E.00424
G1 X107.882 Y110.145 E.00506
G1 X107.944 Y110.524 E.00424
G1 X108.117 Y110.982 E.0054
G1 X108.389 Y111.387 E.00538
G1 X108.643 Y111.633 E.0039
G1 X109.002 Y111.873 E.00477
G1 X109.383 Y112.034 E.00456
G1 X109.836 Y112.119 E.00509
G1 X110.235 Y112.111 E.0044
G1 X110.695 Y112.009 E.0052
G1 X111.021 Y111.861 E.00395
G1 X111.332 Y111.65 E.00415
G1 X111.662 Y111.321 E.00514
G1 X111.919 Y110.909 E.00535
G1 X112.04 Y110.578 E.0039
G1 X112.11 Y110.229 E.00392
G1 X112.113 Y109.867 E.004
; stop printing object separador_timon.stl id:0 copy 0
; printing object "separador_timon.stl" id:1 copy 0
G1 E-.8 F3600
G1 X107.454 Y134.962 F18000
G1 E.8 F3600
M204 S1000
;TYPE:Outer wall
;WIDTH:0.42
G1 F1200
G1 X107.577 Y134.717 E.0084
G1 X107.731 Y134.475 E.00883
G1 X107.909 Y134.25 E.00883
G1 X108.109 Y134.044 E.00882
G1 X108.33 Y133.86 E.00883
G1 X108.568 Y133.7 E.00883
G1 X108.822 Y133.565 E.00883
G1 X109.088 Y133.456 E.00883
G1 X109.364 Y133.376 E.00883
G1 X109.646 Y133.325 E.00883
G1 X109.933 Y133.302 E.00884
G1 X110.183 Y133.308 E.00768
G1 X110.648 Y133.377 E.01446
G1 X110.921 Y133.456 E.00872
G1 X111.187 Y133.565 E.00883
G1 X111.441 Y133.7 E.00883
G1 X111.679 Y133.86 E.00883
G1 X111.899 Y134.044 E.00883
G1 X112.1 Y134.25 E.00883
G1 X112.278 Y134.475 E.00883
G1 X112.432 Y134.717 E.00883
G1 X112.561 Y134.974 E.00883
G1 X112.662 Y135.243 E.00883
G1 X112.735 Y135.521 E.00883
G1 X112.779 Y135.802 E.00874
G1 X112.79 Y136.235 E.01331
G1 X112.734 Y136.665 E.01331
G1 X112.662 Y136.94 E.00874
G1 X112.561 Y137.208 E.00883
G1 X112.432 Y137.465 E.00883
G1 X112.278 Y137.708 E.00883
G1 X112.1 Y137.933 E.00883
G1 X111.899 Y138.139 E.00883
G1 X111.679 Y138.323 E.00883
G1 X111.441 Y138.483 E.00883
G1 X111.187 Y138.618 E.00883
G1 X110.921 Y138.726 E.00883
G1 X110.645 Y138.806 E.00883
G1 X110.363 Y138.858 E.00883
G1 X110.076 Y138.88 E.00883
G1 X109.789 Y138.873 E.00883
G1 X109.504 Y138.836 E.00883
G1 X109.225 Y138.77 E.00883
G1 X108.953 Y138.675 E.00883
G1 X108.693 Y138.554 E.00883
G1 X108.447 Y138.406 E.00884
G1 X108.246 Y138.256 E.00768
G1 X107.907 Y137.93 E.01446
G1 X107.731 Y137.708 E.00872
G1 X107.577 Y137.465 E.00883
G1 X107.448 Y137.208 E.00882
G1 X107.347 Y136.94 E.00883
G1 X107.274 Y136.662 E.00883
G1 X107.23 Y136.381 E.00874
G1 X107.219 Y135.948 E.01331
G1 X107.274 Y135.518 E.01331
G1 X107.347 Y135.243 E.00874
G1 X107.446 Y134.98 E.00863
M204 S2000
G1 X107.808 Y135.131 F18000
M204 S1500
;TYPE:Inner wall
;WIDTH:0.45
G1 F1200
G1 X107.918 Y134.911 E.00819
G1 X108.051 Y134.702 E.00819
G1 X108.204 Y134.509 E.00819
G1 X108.376 Y134.332 E.00819
G1 X108.566 Y134.174 E.00819
G1 X108.77 Y134.036 E.00819
G1 X108.988 Y133.92 E.00819
G1 X109.217 Y133.827 E.00819
G1 X109.454 Y133.758 E.00819
G1 X109.697 Y133.714 E.00819
G1 X110.15 Y133.699 E.01503
G1 X110.565 Y133.761 E.01392
G1 X110.792 Y133.827 E.00786
G1 X111.021 Y133.92 E.00819
G1 X111.238 Y134.036 E.00819
G1 X111.443 Y134.174 E.00819
G1 X111.633 Y134.332 E.00819
G1 X111.805 Y134.509 E.00819
G1 X111.958 Y134.702 E.00819
G1 X112.091 Y134.911 E.00819
G1 X112.201 Y135.131 E.00819
G1 X112.288 Y135.362 E.00819
G1 X112.351 Y135.601 E.00819
G1 X112.388 Y135.837 E.00793
G1 X112.397 Y136.215 E.01253
G1 X112.349 Y136.589 E.01253
G1 X112.288 Y136.82 E.00793
G1 X112.201 Y137.051 E.00819
G1 X112.091 Y137.272 E.00819
G1 X111.958 Y137.48 E.00819
G1 X111.805 Y137.674 E.00819
G1 X111.633 Y137.85 E.00819
G1 X111.443 Y138.009 E.00819
G1 X111.238 Y138.146 E.00819
G1 X111.021 Y138.262 E.00819
G1 X110.792 Y138.355 E.00819
G1 X110.555 Y138.424 E.00819
G1 X110.312 Y138.469 E.00819
G1 X110.066 Y138.488 E.00819
G1 X109.819 Y138.481 E.00819
G1 X109.575 Y138.45 E.00819
G1 X109.334 Y138.393 E.00819
G1 X109.101 Y138.312 E.00819
G1 X108.878 Y138.207 E.00819
G1 X108.5 Y137.957 E.01503
G1 X108.198 Y137.666 E.01392
G1 X108.051 Y137.48 E.00786
G1 X107.918 Y137.272 E.00819
G1 X107.808 Y137.051 E.00819
G1 X107.721 Y136.82 E.00819
G1 X107.658 Y136.582 E.00819
G1 X107.621 Y136.345 E.00793
G1 X107.611 Y135.968 E.01253
G1 X107.66 Y135.593 E.01253
G1 X107.721 Y135.362 E.00793
G1 X107.801 Y135.15 E.00752
M204 S2000
G1 E-.8 F3600
G1 X111.455 Y135.923 F18000
G1 E.8 F3600
M204 S1000
;TYPE:Outer wall
;WIDTH:0.42
G1 F1200
G1 X111.455 Y135.922 E.00005
G1 X111.409 Y135.69 E.00726
G1 X111.326 Y135.469 E.00726
G1 X111.146 Y135.179 E.01046
G1 X110.966 Y134.992 E.00798
G1 X110.703 Y134.808 E.00985
G1 X110.465 Y134.706 E.00796
G1 X110.153 Y134.638 E.00982
G1 X109.913 Y134.633 E.00737
G1 X109.579 Y134.694 E.01043
G1 X109.359 Y134.781 E.00726
G1 X109.156 Y134.902 E.00726
G1 X108.905 Y135.129 E.01043
G1 X108.762 Y135.323 E.00739
G1 X108.618 Y135.63 E.01043
G1 X108.561 Y135.864 E.00739
G1 X108.548 Y136.203 E.01043
G1 X108.586 Y136.441 E.00739
G1 X108.706 Y136.763 E.01056
G1 X108.899 Y137.047 E.01056
G1 X109.068 Y137.212 E.00726
G1 X109.261 Y137.349 E.00726
G1 X109.575 Y137.488 E.01056
G1 X109.913 Y137.549 E.01056
G1 X110.154 Y137.545 E.00739
G1 X110.485 Y137.471 E.01043
G1 X110.702 Y137.375 E.00729
G1 X110.915 Y137.233 E.00785
G1 X111.145 Y137.005 E.00995
G1 X111.326 Y136.714 E.01054
G1 X111.409 Y136.493 E.00726
G1 X111.455 Y136.261 E.00726
G1 X111.455 Y135.943 E.00977
M204 S2000
G1 X111.848 Y135.916 F18000
M204 S1500
;TYPE:Inner wall
;WIDTH:0.45
G1 F1200
G1 X111.848 Y135.882 E.00112
G1 X111.787 Y135.582 E.01017
G1 X111.68 Y135.295 E.01017
G1 X111.457 Y134.937 E.01396
G1 X111.222 Y134.693 E.01125
G1 X110.895 Y134.464 E.01323
G1 X110.586 Y134.33 E.01119
G1 X110.199 Y134.247 E.01313
G1 X109.882 Y134.24 E.01052
G1 X109.471 Y134.315 E.01385
G1 X109.186 Y134.428 E.01017
G1 X108.922 Y134.585 E.01017
G1 X108.613 Y134.865 E.01385
G1 X108.423 Y135.121 E.01057
G1 X108.246 Y135.5 E.01385
G1 X108.171 Y135.809 E.01057
G1 X108.154 Y136.227 E.01385
G1 X108.205 Y136.541 E.01057
G1 X108.355 Y136.944 E.01426
G1 X108.597 Y137.299 E.01426
G1 X108.816 Y137.514 E.01017
G1 X109.066 Y137.691 E.01017
G1 X109.459 Y137.866 E.01426
G1 X109.882 Y137.942 E.01426
G1 X110.2 Y137.936 E.01057
G1 X110.608 Y137.845 E.01385
G1 X110.891 Y137.72 E.01028
G1 X111.164 Y137.539 E.01084
G1 X111.453 Y137.251 E.01353
G1 X111.68 Y136.888 E.0142
G1 X111.787 Y136.601 E.01017
G1 X111.848 Y136.3 E.01017
G1 X111.848 Y135.936 E.01208
M204 S2000
G1 X112.117 Y135.938 F18000
;TYPE:Gap infill
;WIDTH:0.17829
G1 F1200
G1 X112.118 Y135.863 E.00083
G1 X112.027 Y135.445 E.00472
G1 X111.85 Y135.047 E.00481
G1 X111.664 Y134.768 E.0037
G1 X111.391 Y134.487 E.00433
G1 X111.02 Y134.229 E.00499
G1 X110.661 Y134.075 E.0043
G1 X110.224 Y133.98 E.00494
G1 X109.854 Y133.975 E.00408
G1 X109.391 Y134.059 E.00519
G1 X109.064 Y134.191 E.00389
G1 X108.759 Y134.375 E.00392
G1 X108.564 Y134.536 E.00279
G1 X108.412 Y134.691 E.00241
G1 X108.191 Y134.991 E.0041
G1 X107.998 Y135.406 E.00506
G1 X107.905 Y135.778 E.00424
G1 X107.886 Y136.236 E.00506
G1 X107.949 Y136.615 E.00424
G1 X108.121 Y137.073 E.0054
G1 X108.394 Y137.478 E.00538
G1 X108.647 Y137.724 E.0039
G1 X109.007 Y137.965 E.00477
G1 X109.387 Y138.125 E.00456
G1 X109.84 Y138.21 E.00509
G1 X110.239 Y138.203 E.0044
G1 X110.699 Y138.1 E.0052
G1 X111.025 Y137.952 E.00395
G1 X111.337 Y137.741 E.00415
G1 X111.666 Y137.412 E.00514
G1 X111.923 Y137.001 E.00535
G1 X112.045 Y136.669 E.0039
G1 X112.114 Y136.32 E.00392
G1 X112.117 Y135.958 E.004
; stop printing object separador_timon.stl id:1 copy 0
; end of layer_num: 14, T: 0, print_z: 2.840000
;LAYER_CHANGE
;Z:3.04
;HEIGHT:0.2
; BEFORE_LAYER_CHANGE 14 @ 3.04mm
G92 E0
; AFTER_LAYER_CHANGE 14 @ 3.04mm
; start of layer_num: 15, T: 0, print_z: 3.040000
; printing object "separador_timon.stl" id:0 copy 0
G1 E-.8 F3600
G1 X107.45 Y108.87 Z3.04 F18000
G1 E.8 F3600
M204 S1000
;TYPE:Outer wall
;WIDTH:0.42
G1 F1200
G1 X107.572 Y108.626 E.00838
G1 X107.726 Y108.384 E.00883
G1 X107.905 Y108.158 E.00883
G1 X108.105 Y107.953 E.00883
G1 X108.326 Y107.769 E.00883
G1 X108.564 Y107.608 E.00883
G1 X108.817 Y107.473 E.00883
G1 X109.083 Y107.365 E.00883
G1 X109.359 Y107.285 E.00883
G1 X109.642 Y107.233 E.00883
G1 X109.929 Y107.211 E.00884
G1 X110.176 Y107.217 E.0076
G1 X110.644 Y107.286 E.01454
G1 X110.917 Y107.365 E.00872
G1 X111.183 Y107.473 E.00883
G1 X111.436 Y107.608 E.00882
G1 X111.674 Y107.769 E.00883
G1 X111.895 Y107.953 E.00882
G1 X112.095 Y108.158 E.00883
G1 X112.274 Y108.384 E.00883
G1 X112.428 Y108.626 E.00883
G1 X112.556 Y108.883 E.00884
G1 X112.645 Y109.114 E.0076
G1 X112.757 Y109.574 E.01454
G1 X112.786 Y109.856 E.00872
G1 X112.786 Y110.144 E.00883
G1 X112.756 Y110.429 E.00883
G1 X112.698 Y110.71 E.00883
G1 X112.61 Y110.984 E.00883
G1 X112.495 Y111.247 E.00883
G1 X112.354 Y111.497 E.00883
G1 X112.187 Y111.731 E.00883
G1 X111.998 Y111.947 E.00883
G1 X111.787 Y112.142 E.00883
G1 X111.557 Y112.315 E.00883
G1 X111.311 Y112.462 E.00883
G1 X111.051 Y112.584 E.00883
G1 X110.78 Y112.679 E.00883
G1 X110.5 Y112.745 E.00883
G1 X110.218 Y112.781 E.00874
G1 X109.782 Y112.781 E.0134
G1 X109.5 Y112.745 E.00874
G1 X109.22 Y112.679 E.00883
G1 X108.949 Y112.584 E.00883
G1 X108.689 Y112.462 E.00883
G1 X108.442 Y112.314 E.00884
G1 X108.244 Y112.167 E.0076
G1 X107.902 Y111.839 E.01454
G1 X107.726 Y111.616 E.00872
G1 X107.572 Y111.374 E.00883
G1 X107.444 Y111.117 E.00883
G1 X107.342 Y110.848 E.00883
G1 X107.269 Y110.57 E.00884
G1 X107.23 Y110.326 E.0076
G1 X107.214 Y109.853 E.01454
G1 X107.244 Y109.57 E.00873
G1 X107.293 Y109.328 E.0076
G1 X107.442 Y108.888 E.01426
M204 S2000
G1 X107.808 Y109.031 F18000
M204 S1500
;TYPE:Inner wall
;WIDTH:0.45
G1 F1200
G1 X107.914 Y108.819 E.00785
G1 X108.046 Y108.611 E.00819
G1 X108.199 Y108.418 E.00819
G1 X108.372 Y108.241 E.00819
G1 X108.561 Y108.083 E.00819
G1 X108.766 Y107.945 E.00819
G1 X108.984 Y107.829 E.00819
G1 X109.212 Y107.736 E.00819
G1 X109.449 Y107.667 E.00819
G1 X109.692 Y107.623 E.00819
G1 X110.143 Y107.608 E.01496
G1 X110.56 Y107.67 E.014
G1 X110.788 Y107.736 E.00785
G1 X111.016 Y107.829 E.00819
G1 X111.234 Y107.945 E.00819
G1 X111.439 Y108.083 E.00819
G1 X111.628 Y108.241 E.00819
G1 X111.801 Y108.418 E.00819
G1 X111.954 Y108.611 E.00819
G1 X112.086 Y108.819 E.00819
G1 X112.269 Y109.231 E.01496
G1 X112.37 Y109.641 E.014
G1 X112.394 Y109.877 E.00785
G1 X112.394 Y110.123 E.00819
G1 X112.369 Y110.369 E.00819
G1 X112.318 Y110.61 E.00819
G1 X112.243 Y110.846 E.00819
G1 X112.144 Y111.072 E.00819
G1 X112.023 Y111.287 E.00819
G1 X111.88 Y111.488 E.00819
G1 X111.717 Y111.673 E.00819
G1 X111.536 Y111.841 E.00819
G1 X111.338 Y111.989 E.00819
G1 X111.127 Y112.116 E.00819
G1 X110.903 Y112.221 E.00819
G1 X110.67 Y112.302 E.00819
G1 X110.43 Y112.358 E.00819
G1 X110.193 Y112.389 E.00793
G1 X109.807 Y112.389 E.01279
G1 X109.57 Y112.358 E.00793
G1 X109.33 Y112.302 E.00819
G1 X109.097 Y112.221 E.00819
G1 X108.873 Y112.116 E.00819
G1 X108.498 Y111.867 E.01496
G1 X108.193 Y111.575 E.014
G1 X108.046 Y111.389 E.00785
G1 X107.914 Y111.181 E.00819
G1 X107.803 Y110.96 E.00819
G1 X107.716 Y110.729 E.00819
G1 X107.621 Y110.288 E.01496
G1 X107.607 Y109.867 E.014
G1 X107.672 Y109.431 E.01462
G1 X107.802 Y109.05 E.01334
M204 S2000
G1 E-.8 F3600
G1 X111.451 Y109.832 F18000
G1 E.8 F3600
M204 S1000
;TYPE:Outer wall
;WIDTH:0.42
G1 F1200
G1 X111.451 Y109.826 E.0002
G1 X111.37 Y109.492 E.01056
G1 X111.27 Y109.278 E.00726
G1 X111.139 Y109.085 E.00717
G1 X110.961 Y108.9 E.0079
G1 X110.7 Y108.718 E.00978
G1 X110.484 Y108.622 E.00724
G1 X110.256 Y108.562 E.00726
G1 X109.913 Y108.541 E.01056
G1 X109.575 Y108.602 E.01056
G1 X109.351 Y108.691 E.00739
G1 X109.067 Y108.876 E.01043
G1 X108.895 Y109.044 E.00739
G1 X108.704 Y109.325 E.01043
G1 X108.611 Y109.547 E.00739
G1 X108.544 Y109.88 E.01043
G1 X108.544 Y110.116 E.00726
G1 X108.581 Y110.349 E.00726
G1 X108.7 Y110.667 E.01043
G1 X108.827 Y110.872 E.00739
G1 X109.063 Y111.122 E.01056
G1 X109.351 Y111.309 E.01056
G1 X109.571 Y111.396 E.00726
G1 X109.801 Y111.447 E.00726
G1 X110.141 Y111.454 E.01043
G1 X110.378 Y111.411 E.00739
G1 X110.697 Y111.285 E.01056
G1 X110.978 Y111.085 E.0106
G1 X111.155 Y110.893 E.00802
G1 X111.322 Y110.622 E.00978
G1 X111.404 Y110.401 E.00724
G1 X111.451 Y110.17 E.00726
G1 X111.451 Y109.852 E.00975
M204 S2000
G1 X111.834 Y109.741 F18000
M204 S1500
;TYPE:Inner wall
;WIDTH:0.45
G1 F1200
G1 X111.742 Y109.361 E.01296
G1 X111.612 Y109.084 E.01017
G1 X111.444 Y108.837 E.00988
G1 X111.217 Y108.601 E.0109
G1 X110.894 Y108.375 E.01308
G1 X110.615 Y108.251 E.01012
G1 X110.318 Y108.173 E.01017
G1 X109.889 Y108.147 E.01426
G1 X109.466 Y108.223 E.01426
G1 X109.17 Y108.341 E.01057
G1 X108.82 Y108.569 E.01385
G1 X108.592 Y108.792 E.01057
G1 X108.358 Y109.137 E.01385
G1 X108.234 Y109.431 E.01057
G1 X108.152 Y109.841 E.01385
G1 X108.152 Y110.147 E.01017
G1 X108.2 Y110.45 E.01017
G1 X108.347 Y110.841 E.01385
G1 X108.515 Y111.112 E.01057
G1 X108.81 Y111.425 E.01426
G1 X109.17 Y111.659 E.01426
G1 X109.455 Y111.772 E.01017
G1 X109.755 Y111.839 E.01017
G1 X110.172 Y111.847 E.01385
G1 X110.486 Y111.79 E.01057
G1 X110.885 Y111.632 E.01426
G1 X111.239 Y111.381 E.01437
G1 X111.469 Y111.131 E.01129
G1 X111.676 Y110.795 E.01308
G1 X111.783 Y110.509 E.01011
G1 X111.843 Y110.209 E.01017
G1 X111.843 Y109.779 E.01426
G1 X111.839 Y109.761 E.00063
G1 E-.8 F3600
M204 S2000
G1 X112.099 Y109.7 F18000
G1 E.8 F3600
;TYPE:Gap infill
;WIDTH:0.177658
G1 F1200
G1 X112.01 Y109.314 E.00435
G1 X111.85 Y108.953 E.00433
G1 X111.595 Y108.599 E.0048
G1 X111.273 Y108.304 E.00479
G1 X110.9 Y108.078 E.00479
G1 X110.5 Y107.937 E.00465
G1 X110.122 Y107.884 E.0042
G1 X109.728 Y107.896 E.00432
G1 X109.302 Y107.995 E.00479
G1 X108.908 Y108.182 E.00479
G1 X108.558 Y108.442 E.00479
G1 X108.272 Y108.772 E.00479
G1 X108.121 Y109.016 E.00315
G1 X107.978 Y109.359 E.00408
G1 X107.886 Y109.808 E.00503
G1 X107.893 Y110.26 E.00497
G1 X107.979 Y110.645 E.00433
G1 X108.152 Y111.046 E.0048
G1 X108.399 Y111.39 E.00465
G1 X108.672 Y111.658 E.0042
G1 X109.041 Y111.895 E.00482
G1 X109.406 Y112.04 E.00432
G1 X109.827 Y112.115 E.00469
G1 X110.187 Y112.117 E.00396
G1 X110.594 Y112.04 E.00454
G1 X111.007 Y111.873 E.0049
G1 X111.36 Y111.63 E.0047
G1 X111.666 Y111.319 E.0048
G1 X111.9 Y110.95 E.0048
G1 X112.043 Y110.579 E.00437
G1 X112.109 Y110.229 E.0039
G1 X112.108 Y109.74 E.00537
G1 X112.104 Y109.72 E.00022
; stop printing object separador_timon.stl id:0 copy 0
; printing object "separador_timon.stl" id:1 copy 0
G1 E-.8 F3600
G1 X107.455 Y134.961 F18000
G1 E.8 F3600
M204 S1000
;TYPE:Outer wall
;WIDTH:0.42
G1 F1200
G1 X107.577 Y134.717 E.00838
G1 X107.731 Y134.475 E.00883
G1 X107.909 Y134.25 E.00883
G1 X108.109 Y134.044 E.00883
G1 X108.33 Y133.86 E.00883
G1 X108.568 Y133.7 E.00883
G1 X108.822 Y133.565 E.00883
G1 X109.088 Y133.456 E.00883
G1 X109.364 Y133.376 E.00883
G1 X109.646 Y133.325 E.00883
G1 X109.933 Y133.302 E.00884
G1 X110.18 Y133.308 E.0076
G1 X110.649 Y133.377 E.01454
G1 X110.921 Y133.456 E.00872
G1 X111.187 Y133.565 E.00883
G1 X111.441 Y133.7 E.00882
G1 X111.679 Y133.86 E.00883
G1 X111.899 Y134.044 E.00882
G1 X112.1 Y134.25 E.00883
G1 X112.278 Y134.475 E.00883
G1 X112.432 Y134.717 E.00883
G1 X112.561 Y134.974 E.00884
G1 X112.649 Y135.206 E.0076
G1 X112.761 Y135.665 E.01454
G1 X112.79 Y135.948 E.00872
G1 X112.79 Y136.235 E.00883
G1 X112.761 Y136.521 E.00883
G1 X112.702 Y136.802 E.00883
G1 X112.615 Y137.075 E.00883
G1 X112.5 Y137.339 E.00883
G1 X112.358 Y137.588 E.00883
G1 X112.192 Y137.823 E.00883
G1 X112.002 Y138.038 E.00883
G1 X111.791 Y138.233 E.00883
G1 X111.562 Y138.406 E.00883
G1 X111.315 Y138.554 E.00883
G1 X111.055 Y138.675 E.00883
G1 X110.784 Y138.77 E.00883
G1 X110.505 Y138.836 E.00883
G1 X110.222 Y138.872 E.00874
G1 X109.786 Y138.872 E.0134
G1 X109.504 Y138.836 E.00874
G1 X109.225 Y138.77 E.00883
G1 X108.953 Y138.675 E.00883
G1 X108.693 Y138.554 E.00883
G1 X108.447 Y138.406 E.00884
G1 X108.248 Y138.258 E.0076
G1 X107.907 Y137.93 E.01454
G1 X107.731 Y137.708 E.00872
G1 X107.577 Y137.465 E.00883
G1 X107.448 Y137.208 E.00883
G1 X107.347 Y136.94 E.00883
G1 X107.274 Y136.662 E.00884
G1 X107.235 Y136.417 E.0076
G1 X107.219 Y135.944 E.01454
G1 X107.248 Y135.662 E.00873
G1 X107.298 Y135.419 E.0076
G1 X107.447 Y134.98 E.01426
M204 S2000
G1 X107.812 Y135.122 F18000
M204 S1500
;TYPE:Inner wall
;WIDTH:0.45
G1 F1200
G1 X107.918 Y134.911 E.00785
G1 X108.051 Y134.702 E.00819
G1 X108.204 Y134.509 E.00819
G1 X108.376 Y134.332 E.00819
G1 X108.566 Y134.174 E.00819
G1 X108.77 Y134.036 E.00819
G1 X108.988 Y133.92 E.00819
G1 X109.217 Y133.827 E.00819
G1 X109.454 Y133.758 E.00819
G1 X109.697 Y133.714 E.00819
G1 X110.147 Y133.699 E.01496
G1 X110.565 Y133.761 E.014
G1 X110.792 Y133.827 E.00785
G1 X111.021 Y133.92 E.00819
G1 X111.238 Y134.036 E.00819
G1 X111.443 Y134.174 E.00819
G1 X111.633 Y134.332 E.00819
G1 X111.805 Y134.509 E.00819
G1 X111.958 Y134.702 E.00819
G1 X112.091 Y134.911 E.00819
G1 X112.274 Y135.322 E.01496
G1 X112.374 Y135.732 E.014
G1 X112.398 Y135.968 E.00785
G1 X112.398 Y136.215 E.00819
G1 X112.373 Y136.46 E.00819
G1 X112.322 Y136.702 E.00819
G1 X112.247 Y136.937 E.00819
G1 X112.149 Y137.163 E.00819
G1 X112.027 Y137.378 E.00819
G1 X111.884 Y137.579 E.00819
G1 X111.721 Y137.764 E.00819
G1 X111.54 Y137.932 E.00819
G1 X111.343 Y138.08 E.00819
G1 X111.131 Y138.207 E.00819
G1 X110.907 Y138.312 E.00819
G1 X110.674 Y138.393 E.00819
G1 X110.434 Y138.45 E.00819
G1 X110.197 Y138.48 E.00793
G1 X109.812 Y138.48 E.01279
G1 X109.575 Y138.45 E.00793
G1 X109.334 Y138.393 E.00819
G1 X109.101 Y138.312 E.00819
G1 X108.878 Y138.207 E.00819
G1 X108.502 Y137.958 E.01496
G1 X108.198 Y137.666 E.014
G1 X108.051 Y137.48 E.00785
G1 X107.918 Y137.272 E.00819
G1 X107.808 Y137.051 E.00819
G1 X107.721 Y136.82 E.00819
G1 X107.626 Y136.38 E.01496
G1 X107.611 Y135.958 E.014
G1 X107.677 Y135.522 E.01462
G1 X107.806 Y135.141 E.01334
M204 S2000
G1 E-.8 F3600
G1 X111.455 Y135.924 F18000
G1 E.8 F3600
M204 S1000
;TYPE:Outer wall
;WIDTH:0.42
G1 F1200
G1 X111.455 Y135.917 E.0002
G1 X111.374 Y135.583 E.01056
G1 X111.274 Y135.369 E.00726
G1 X111.143 Y135.176 E.00717
G1 X110.965 Y134.991 E.0079
G1 X110.704 Y134.809 E.00978
G1 X110.489 Y134.713 E.00724
G1 X110.26 Y134.653 E.00726
G1 X109.917 Y134.632 E.01056
G1 X109.579 Y134.694 E.01056
G1 X109.356 Y134.782 E.00739
G1 X109.071 Y134.967 E.01043
G1 X108.899 Y135.136 E.00739
G1 X108.709 Y135.417 E.01043
G1 X108.615 Y135.638 E.00739
G1 X108.548 Y135.971 E.01043
G1 X108.548 Y136.207 E.00726
G1 X108.586 Y136.441 E.00726
G1 X108.705 Y136.759 E.01043
G1 X108.832 Y136.963 E.00739
G1 X109.067 Y137.213 E.01056
G1 X109.356 Y137.4 E.01056
G1 X109.575 Y137.487 E.00726
G1 X109.806 Y137.539 E.00726
G1 X110.145 Y137.545 E.01043
G1 X110.382 Y137.503 E.00739
G1 X110.701 Y137.376 E.01056
G1 X110.983 Y137.177 E.0106
G1 X111.16 Y136.985 E.00802
G1 X111.326 Y136.713 E.00978
G1 X111.409 Y136.493 E.00724
G1 X111.455 Y136.261 E.00726
G1 X111.455 Y135.944 E.00975
M204 S2000
G1 X111.838 Y135.832 F18000
M204 S1500
;TYPE:Inner wall
;WIDTH:0.45
G1 F1200
G1 X111.746 Y135.453 E.01296
G1 X111.616 Y135.175 E.01017
G1 X111.449 Y134.928 E.00988
G1 X111.221 Y134.692 E.0109
G1 X110.898 Y134.466 E.01308
G1 X110.619 Y134.342 E.01012
G1 X110.323 Y134.264 E.01017
G1 X109.894 Y134.238 E.01426
G1 X109.471 Y134.315 E.01426
G1 X109.175 Y134.432 E.01057
G1 X108.824 Y134.66 E.01385
G1 X108.597 Y134.883 E.01057
G1 X108.362 Y135.229 E.01385
G1 X108.239 Y135.522 E.01057
G1 X108.156 Y135.932 E.01385
G1 X108.156 Y136.239 E.01017
G1 X108.205 Y136.541 E.01017
G1 X108.351 Y136.933 E.01385
G1 X108.52 Y137.203 E.01057
G1 X108.814 Y137.516 E.01426
G1 X109.175 Y137.75 E.01426
G1 X109.46 Y137.863 E.01017
G1 X109.759 Y137.93 E.01017
G1 X110.177 Y137.938 E.01385
G1 X110.49 Y137.882 E.01057
G1 X110.89 Y137.723 E.01426
G1 X111.243 Y137.473 E.01437
G1 X111.474 Y137.222 E.01129
G1 X111.68 Y136.886 E.01308
G1 X111.787 Y136.601 E.01011
G1 X111.848 Y136.3 E.01017
G1 X111.848 Y135.87 E.01426
G1 X111.843 Y135.852 E.00063
M204 S2000
G1 X112.104 Y135.792 F18000
;TYPE:Gap infill
;WIDTH:0.177658
G1 F1200
G1 X112.014 Y135.405 E.00435
G1 X111.854 Y135.045 E.00433
G1 X111.599 Y134.69 E.0048
G1 X111.277 Y134.395 E.00479
G1 X110.904 Y134.169 E.00479
G1 X110.504 Y134.029 E.00465
G1 X110.126 Y133.975 E.0042
G1 X109.732 Y133.988 E.00432
G1 X109.307 Y134.086 E.00479
G1 X108.913 Y134.273 E.00479
G1 X108.562 Y134.533 E.00479
G1 X108.276 Y134.863 E.00479
G1 X108.125 Y135.107 E.00315
G1 X107.982 Y135.45 E.00408
G1 X107.89 Y135.899 E.00503
G1 X107.898 Y136.351 E.00497
G1 X107.984 Y136.736 E.00433
G1 X108.157 Y137.137 E.0048
G1 X108.403 Y137.481 E.00465
G1 X108.676 Y137.749 E.0042
G1 X109.045 Y137.986 E.00482
G1 X109.411 Y138.131 E.00432
G1 X109.831 Y138.206 E.00469
G1 X110.191 Y138.208 E.00396
G1 X110.598 Y138.131 E.00454
G1 X111.012 Y137.964 E.0049
G1 X111.364 Y137.722 E.0047
G1 X111.67 Y137.41 E.0048
G1 X111.905 Y137.041 E.0048
G1 X112.048 Y136.67 E.00437
G1 X112.114 Y136.32 E.0039
G1 X112.113 Y135.831 E.00537
G1 X112.108 Y135.811 E.00022
; stop printing object separador_timon.stl id:1 copy 0
; end of layer_num: 15, T: 0, print_z: 3.040000
;LAYER_CHANGE
;Z:3.24
;HEIGHT:0.2
; BEFORE_LAYER_CHANGE 15 @ 3.24mm
G92 E0
; AFTER_LAYER_CHANGE 15 @ 3.24mm
; start of layer_num: 16, T: 0, print_z: 3.240000
; printing object "separador_timon.stl" id:0 copy 0
G1 E-.8 F3600
G1 X107.45 Y108.869 Z3.24 F18000
G1 E.8 F3600
M204 S1000
;TYPE:Outer wall
;WIDTH:0.42
G1 F1200
G1 X107.572 Y108.626 E.00837
G1 X107.726 Y108.384 E.00883
G1 X107.905 Y108.158 E.00883
G1 X108.105 Y107.953 E.00883
G1 X108.326 Y107.769 E.00883
G1 X108.564 Y107.608 E.00883
G1 X108.817 Y107.473 E.00883
G1 X109.083 Y107.365 E.00883
G1 X109.359 Y107.285 E.00883
G1 X109.642 Y107.233 E.00883
G1 X109.929 Y107.211 E.00884
G1 X110.173 Y107.217 E.00753
G1 X110.644 Y107.286 E.01462
G1 X110.917 Y107.365 E.00872
G1 X111.183 Y107.473 E.00883
G1 X111.436 Y107.608 E.00883
G1 X111.674 Y107.769 E.00883
G1 X111.895 Y107.953 E.00883
G1 X112.095 Y108.158 E.00883
G1 X112.274 Y108.384 E.00883
G1 X112.428 Y108.626 E.00883
G1 X112.556 Y108.883 E.00884
G1 X112.644 Y109.112 E.00753
G1 X112.757 Y109.574 E.01462
G1 X112.786 Y109.856 E.00872
G1 X112.786 Y110.144 E.00883
G1 X112.756 Y110.429 E.00883
G1 X112.698 Y110.71 E.00883
G1 X112.61 Y110.984 E.00883
G1 X112.495 Y111.247 E.00883
G1 X112.354 Y111.497 E.00883
G1 X112.187 Y111.731 E.00883
G1 X111.998 Y111.947 E.00883
G1 X111.787 Y112.142 E.00883
G1 X111.557 Y112.315 E.00884
G1 X111.347 Y112.442 E.00753
G1 X110.913 Y112.636 E.01462
G1 X110.641 Y112.715 E.00872
G1 X110.358 Y112.767 E.00883
G1 X110.072 Y112.789 E.00883
G1 X109.785 Y112.781 E.00883
G1 X109.5 Y112.745 E.00883
G1 X109.22 Y112.679 E.00883
G1 X108.949 Y112.584 E.00883
G1 X108.689 Y112.462 E.00883
G1 X108.442 Y112.314 E.00884
G1 X108.246 Y112.168 E.00753
G1 X107.902 Y111.839 E.01462
G1 X107.726 Y111.616 E.00872
G1 X107.572 Y111.374 E.00883
G1 X107.444 Y111.117 E.00882
G1 X107.342 Y110.848 E.00883
G1 X107.269 Y110.571 E.00883
G1 X107.225 Y110.29 E.00874
G1 X107.214 Y109.856 E.01331
G1 X107.27 Y109.427 E.01331
G1 X107.342 Y109.152 E.00874
G1 X107.442 Y108.888 E.00867
M204 S2000
G1 X107.803 Y109.04 F18000
M204 S1500
;TYPE:Inner wall
;WIDTH:0.45
G1 F1200
G1 X107.914 Y108.819 E.00819
G1 X108.046 Y108.611 E.00819
G1 X108.199 Y108.418 E.00819
G1 X108.372 Y108.241 E.00819
G1 X108.561 Y108.083 E.00819
G1 X108.766 Y107.945 E.00819
G1 X108.984 Y107.829 E.00819
G1 X109.212 Y107.736 E.00819
G1 X109.449 Y107.667 E.00819
G1 X109.692 Y107.623 E.00819
G1 X110.141 Y107.608 E.01488
G1 X110.56 Y107.67 E.01408
G1 X110.788 Y107.736 E.00785
G1 X111.016 Y107.829 E.00819
G1 X111.234 Y107.945 E.00819
G1 X111.439 Y108.083 E.00819
G1 X111.628 Y108.241 E.00819
G1 X111.801 Y108.418 E.00819
G1 X111.954 Y108.611 E.00819
G1 X112.086 Y108.819 E.00819
G1 X112.269 Y109.229 E.01488
G1 X112.37 Y109.641 E.01408
G1 X112.394 Y109.877 E.00785
G1 X112.394 Y110.123 E.00819
G1 X112.369 Y110.369 E.00819
G1 X112.318 Y110.61 E.00819
G1 X112.243 Y110.846 E.00819
G1 X112.144 Y111.072 E.00819
G1 X112.023 Y111.287 E.00819
G1 X111.88 Y111.488 E.00819
G1 X111.717 Y111.673 E.00819
G1 X111.536 Y111.841 E.00819
G1 X111.165 Y112.094 E.01488
G1 X110.778 Y112.267 E.01408
G1 X110.551 Y112.333 E.00785
G1 X110.308 Y112.377 E.00819
G1 X110.062 Y112.396 E.00819
G1 X109.815 Y112.39 E.00819
G1 X109.57 Y112.358 E.00819
G1 X109.33 Y112.302 E.00819
G1 X109.097 Y112.221 E.00819
G1 X108.873 Y112.116 E.00819
G1 X108.499 Y111.868 E.01488
G1 X108.193 Y111.574 E.01408
G1 X108.046 Y111.389 E.00785
G1 X107.914 Y111.181 E.00819
G1 X107.803 Y110.96 E.00819
G1 X107.716 Y110.729 E.00819
G1 X107.654 Y110.49 E.00819
G1 X107.617 Y110.254 E.00793
G1 X107.607 Y109.877 E.01253
G1 X107.656 Y109.502 E.01253
G1 X107.716 Y109.271 E.00793
G1 X107.796 Y109.059 E.00752
M204 S2000
G1 E-.8 F3600
G1 X111.451 Y109.833 F18000
G1 E.8 F3600
M204 S1000
;TYPE:Outer wall
;WIDTH:0.42
G1 F1200
G1 X111.451 Y109.826 E.00022
G1 X111.37 Y109.492 E.01056
G1 X111.27 Y109.278 E.00726
G1 X111.139 Y109.085 E.00717
G1 X110.959 Y108.899 E.00794
G1 X110.7 Y108.718 E.00973
G1 X110.481 Y108.62 E.00737
G1 X110.149 Y108.547 E.01043
G1 X109.909 Y108.542 E.00739
G1 X109.575 Y108.602 E.01043
G1 X109.355 Y108.689 E.00726
G1 X109.152 Y108.81 E.00726
G1 X108.9 Y109.038 E.01043
G1 X108.757 Y109.232 E.00739
G1 X108.612 Y109.543 E.01056
G1 X108.544 Y109.88 E.01056
G1 X108.544 Y110.116 E.00726
G1 X108.581 Y110.349 E.00726
G1 X108.7 Y110.667 E.01043
G1 X108.827 Y110.871 E.00739
G1 X109.063 Y111.122 E.01056
G1 X109.351 Y111.309 E.01056
G1 X109.575 Y111.398 E.00739
G1 X109.909 Y111.458 E.01043
G1 X110.149 Y111.453 E.00739
G1 X110.481 Y111.38 E.01043
G1 X110.698 Y111.283 E.0073
G1 X110.913 Y111.14 E.00794
G1 X111.14 Y110.914 E.00986
G1 X111.322 Y110.623 E.01054
G1 X111.404 Y110.401 E.00726
G1 X111.451 Y110.17 E.00726
G1 X111.451 Y109.853 E.00973
M204 S2000
G1 X111.834 Y109.741 F18000
M204 S1500
;TYPE:Inner wall
;WIDTH:0.45
G1 F1200
G1 X111.742 Y109.361 E.01296
G1 X111.612 Y109.084 E.01017
G1 X111.444 Y108.837 E.00989
G1 X111.215 Y108.6 E.01094
G1 X110.893 Y108.375 E.01303
G1 X110.604 Y108.246 E.01051
G1 X110.196 Y108.155 E.01385
G1 X109.877 Y108.149 E.01057
G1 X109.466 Y108.223 E.01385
G1 X109.181 Y108.337 E.01017
G1 X108.918 Y108.493 E.01017
G1 X108.608 Y108.774 E.01385
G1 X108.419 Y109.03 E.01057
G1 X108.237 Y109.419 E.01426
G1 X108.152 Y109.841 E.01426
G1 X108.152 Y110.147 E.01017
G1 X108.2 Y110.45 E.01017
G1 X108.347 Y110.841 E.01385
G1 X108.515 Y111.112 E.01057
G1 X108.81 Y111.425 E.01426
G1 X109.17 Y111.659 E.01426
G1 X109.466 Y111.777 E.01057
G1 X109.877 Y111.851 E.01385
G1 X110.196 Y111.845 E.01057
G1 X110.604 Y111.754 E.01385
G1 X110.887 Y111.628 E.01029
G1 X111.162 Y111.445 E.01094
G1 X111.449 Y111.16 E.01343
G1 X111.675 Y110.797 E.01419
G1 X111.783 Y110.509 E.01017
G1 X111.843 Y110.209 E.01017
G1 X111.843 Y109.779 E.01426
G1 X111.839 Y109.761 E.00063
G1 E-.8 F3600
M204 S2000
G1 X112.099 Y109.7 F18000
G1 E.8 F3600
;TYPE:Gap infill
;WIDTH:0.177536
G1 F1200
G1 X112.009 Y109.312 E.00437
G1 X111.85 Y108.953 E.0043
G1 X111.649 Y108.664 E.00387
G1 X111.384 Y108.393 E.00416
G1 X111.019 Y108.14 E.00487
G1 X110.681 Y107.992 E.00405
G1 X110.222 Y107.889 E.00516
G1 X109.85 Y107.883 E.00408
G1 X109.387 Y107.968 E.00516
G1 X109.059 Y108.1 E.00387
G1 X108.755 Y108.283 E.0039
G1 X108.415 Y108.591 E.00503
G1 X108.187 Y108.899 E.00421
G1 X107.987 Y109.33 E.0052
G1 X107.886 Y109.808 E.00536
G1 X107.889 Y110.228 E.00461
G1 X107.979 Y110.645 E.00468
G1 X108.152 Y111.046 E.00479
G1 X108.399 Y111.39 E.00464
G1 X108.674 Y111.659 E.00422
G1 X109.041 Y111.895 E.00479
G1 X109.406 Y112.041 E.00431
G1 X109.836 Y112.119 E.00479
G1 X110.273 Y112.107 E.00479
G1 X110.686 Y112.012 E.00465
G1 X111.037 Y111.854 E.00423
G1 X111.361 Y111.631 E.0043
G1 X111.665 Y111.323 E.00476
G1 X111.9 Y110.95 E.00483
G1 X112.043 Y110.579 E.00436
G1 X112.109 Y110.229 E.0039
G1 X112.108 Y109.74 E.00537
G1 X112.104 Y109.72 E.00022
; stop printing object separador_timon.stl id:0 copy 0
; printing object "separador_timon.stl" id:1 copy 0
G1 E-.8 F3600
G1 X107.455 Y134.961 F18000
G1 E.8 F3600
M204 S1000
;TYPE:Outer wall
;WIDTH:0.42
G1 F1200
G1 X107.577 Y134.717 E.00837
G1 X107.731 Y134.475 E.00883
G1 X107.909 Y134.25 E.00883
G1 X108.109 Y134.044 E.00883
G1 X108.33 Y133.86 E.00883
G1 X108.568 Y133.7 E.00883
G1 X108.822 Y133.565 E.00883
G1 X109.088 Y133.456 E.00883
G1 X109.364 Y133.376 E.00883
G1 X109.646 Y133.325 E.00883
G1 X109.933 Y133.302 E.00884
G1 X110.178 Y133.308 E.00753
G1 X110.649 Y133.377 E.01462
G1 X110.921 Y133.456 E.00872
G1 X111.187 Y133.565 E.00883
G1 X111.441 Y133.7 E.00883
G1 X111.679 Y133.86 E.00883
G1 X111.899 Y134.044 E.00883
G1 X112.1 Y134.25 E.00883
G1 X112.278 Y134.475 E.00883
G1 X112.432 Y134.717 E.00883
G1 X112.561 Y134.974 E.00884
G1 X112.648 Y135.203 E.00753
G1 X112.761 Y135.666 E.01462
G1 X112.79 Y135.948 E.00872
G1 X112.79 Y136.235 E.00883
G1 X112.761 Y136.521 E.00883
G1 X112.702 Y136.802 E.00883
G1 X112.615 Y137.075 E.00883
G1 X112.5 Y137.339 E.00883
G1 X112.358 Y137.589 E.00883
G1 X112.192 Y137.823 E.00883
G1 X112.002 Y138.038 E.00883
G1 X111.791 Y138.233 E.00883
G1 X111.561 Y138.406 E.00884
G1 X111.352 Y138.533 E.00753
G1 X110.917 Y138.727 E.01462
G1 X110.645 Y138.806 E.00872
G1 X110.363 Y138.858 E.00883
G1 X110.076 Y138.88 E.00883
G1 X109.789 Y138.873 E.00883
G1 X109.504 Y138.836 E.00883
G1 X109.225 Y138.77 E.00883
G1 X108.953 Y138.675 E.00883
G1 X108.693 Y138.554 E.00883
G1 X108.447 Y138.406 E.00884
G1 X108.25 Y138.259 E.00753
G1 X107.907 Y137.93 E.01462
G1 X107.731 Y137.708 E.00872
G1 X107.577 Y137.465 E.00883
G1 X107.448 Y137.208 E.00882
G1 X107.347 Y136.94 E.00883
G1 X107.274 Y136.662 E.00883
G1 X107.23 Y136.381 E.00874
G1 X107.219 Y135.948 E.01331
G1 X107.274 Y135.518 E.01331
G1 X107.347 Y135.243 E.00874
G1 X107.446 Y134.979 E.00867
M204 S2000
G1 X107.808 Y135.131 F18000
M204 S1500
;TYPE:Inner wall
;WIDTH:0.45
G1 F1200
G1 X107.918 Y134.911 E.00819
G1 X108.051 Y134.702 E.00819
G1 X108.204 Y134.509 E.00819
G1 X108.376 Y134.332 E.00819
G1 X108.566 Y134.174 E.00819
G1 X108.77 Y134.036 E.00819
G1 X108.988 Y133.92 E.00819
G1 X109.217 Y133.827 E.00819
G1 X109.454 Y133.758 E.00819
G1 X109.697 Y133.714 E.00819
G1 X110.145 Y133.699 E.01488
G1 X110.565 Y133.761 E.01408
G1 X110.792 Y133.827 E.00785
G1 X111.021 Y133.92 E.00819
G1 X111.238 Y134.036 E.00819
G1 X111.443 Y134.174 E.00819
G1 X111.633 Y134.332 E.00819
G1 X111.805 Y134.509 E.00819
G1 X111.958 Y134.702 E.00819
G1 X112.091 Y134.911 E.00819
G1 X112.273 Y135.32 E.01488
G1 X112.374 Y135.733 E.01408
G1 X112.398 Y135.968 E.00785
G1 X112.398 Y136.215 E.00819
G1 X112.373 Y136.46 E.00819
G1 X112.322 Y136.702 E.00819
G1 X112.247 Y136.937 E.00819
G1 X112.149 Y137.163 E.00819
G1 X112.027 Y137.378 E.00819
G1 X111.884 Y137.579 E.00819
G1 X111.721 Y137.764 E.00819
G1 X111.54 Y137.932 E.00819
G1 X111.17 Y138.185 E.01488
G1 X110.782 Y138.358 E.01408
G1 X110.555 Y138.424 E.00785
G1 X110.312 Y138.469 E.00819
G1 X110.066 Y138.488 E.00819
G1 X109.819 Y138.481 E.00819
G1 X109.575 Y138.45 E.00819
G1 X109.334 Y138.393 E.00819
G1 X109.101 Y138.312 E.00819
G1 X108.878 Y138.207 E.00819
G1 X108.504 Y137.959 E.01488
G1 X108.197 Y137.666 E.01408
G1 X108.051 Y137.48 E.00785
G1 X107.918 Y137.272 E.00819
G1 X107.808 Y137.051 E.00819
G1 X107.721 Y136.82 E.00819
G1 X107.658 Y136.582 E.00819
G1 X107.621 Y136.345 E.00793
G1 X107.611 Y135.968 E.01253
G1 X107.66 Y135.593 E.01253
G1 X107.721 Y135.362 E.00793
G1 X107.801 Y135.15 E.00752
M204 S2000
G1 E-.8 F3600
G1 X111.455 Y135.924 F18000
G1 E.8 F3600
M204 S1000
;TYPE:Outer wall
;WIDTH:0.42
G1 F1200
G1 X111.455 Y135.917 E.00022
G1 X111.374 Y135.583 E.01056
G1 X111.274 Y135.369 E.00726
G1 X111.143 Y135.176 E.00717
G1 X110.964 Y134.99 E.00794
G1 X110.704 Y134.809 E.00973
G1 X110.485 Y134.712 E.00737
G1 X110.154 Y134.638 E.01043
G1 X109.913 Y134.633 E.00739
G1 X109.579 Y134.694 E.01043
G1 X109.359 Y134.781 E.00726
G1 X109.156 Y134.902 E.00726
G1 X108.905 Y135.129 E.01043
G1 X108.762 Y135.323 E.00739
G1 X108.616 Y135.634 E.01056
G1 X108.548 Y135.971 E.01056
G1 X108.548 Y136.207 E.00726
G1 X108.586 Y136.441 E.00726
G1 X108.705 Y136.759 E.01043
G1 X108.832 Y136.963 E.00739
G1 X109.067 Y137.213 E.01056
G1 X109.356 Y137.4 E.01056
G1 X109.579 Y137.489 E.00739
G1 X109.913 Y137.549 E.01043
G1 X110.154 Y137.545 E.00739
G1 X110.485 Y137.471 E.01043
G1 X110.702 Y137.375 E.0073
G1 X110.917 Y137.231 E.00794
G1 X111.145 Y137.005 E.00986
G1 X111.326 Y136.714 E.01054
G1 X111.409 Y136.493 E.00726
G1 X111.455 Y136.261 E.00726
G1 X111.455 Y135.944 E.00973
M204 S2000
G1 X111.838 Y135.832 F18000
M204 S1500
;TYPE:Inner wall
;WIDTH:0.45
G1 F1200
G1 X111.746 Y135.453 E.01296
G1 X111.616 Y135.175 E.01017
G1 X111.449 Y134.928 E.00989
G1 X111.22 Y134.691 E.01094
G1 X110.898 Y134.466 E.01303
G1 X110.608 Y134.337 E.01051
G1 X110.2 Y134.247 E.01385
G1 X109.882 Y134.24 E.01057
G1 X109.471 Y134.315 E.01385
G1 X109.186 Y134.428 E.01017
G1 X108.922 Y134.585 E.01017
G1 X108.613 Y134.865 E.01385
G1 X108.423 Y135.121 E.01057
G1 X108.241 Y135.511 E.01426
G1 X108.156 Y135.932 E.01426
G1 X108.156 Y136.239 E.01017
G1 X108.205 Y136.541 E.01017
G1 X108.351 Y136.933 E.01385
G1 X108.52 Y137.203 E.01057
G1 X108.814 Y137.516 E.01426
G1 X109.175 Y137.75 E.01426
G1 X109.471 Y137.868 E.01057
G1 X109.882 Y137.942 E.01385
G1 X110.2 Y137.936 E.01057
G1 X110.608 Y137.845 E.01385
G1 X110.892 Y137.719 E.01029
G1 X111.166 Y137.536 E.01094
G1 X111.453 Y137.251 E.01343
G1 X111.68 Y136.888 E.01419
G1 X111.787 Y136.601 E.01017
G1 X111.848 Y136.3 E.01017
G1 X111.848 Y135.87 E.01426
G1 X111.843 Y135.852 E.00063
M204 S2000
G1 X112.104 Y135.791 F18000
;TYPE:Gap infill
;WIDTH:0.177536
G1 F1200
G1 X112.014 Y135.403 E.00437
G1 X111.854 Y135.045 E.0043
G1 X111.653 Y134.755 E.00387
G1 X111.388 Y134.484 E.00416
G1 X111.024 Y134.231 E.00487
G1 X110.685 Y134.083 E.00405
G1 X110.226 Y133.981 E.00516
G1 X109.854 Y133.975 E.00408
G1 X109.391 Y134.059 E.00516
G1 X109.064 Y134.191 E.00387
G1 X108.759 Y134.375 E.0039
G1 X108.42 Y134.682 E.00503
G1 X108.191 Y134.991 E.00421
G1 X107.992 Y135.421 E.0052
G1 X107.89 Y135.899 E.00536
G1 X107.893 Y136.319 E.00461
G1 X107.984 Y136.736 E.00468
G1 X108.157 Y137.137 E.00479
G1 X108.403 Y137.481 E.00464
G1 X108.678 Y137.751 E.00422
G1 X109.045 Y137.986 E.00479
G1 X109.41 Y138.132 E.00431
G1 X109.84 Y138.21 E.00479
G1 X110.277 Y138.198 E.00479
G1 X110.69 Y138.103 E.00465
G1 X111.042 Y137.945 E.00423
G1 X111.365 Y137.723 E.0043
G1 X111.67 Y137.414 E.00476
G1 X111.905 Y137.041 E.00483
G1 X112.048 Y136.67 E.00436
G1 X112.114 Y136.32 E.0039
G1 X112.113 Y135.831 E.00537
G1 X112.108 Y135.811 E.00022
; stop printing object separador_timon.stl id:1 copy 0
; end of layer_num: 16, T: 0, print_z: 3.240000
;LAYER_CHANGE
;Z:3.44
;HEIGHT:0.2
; BEFORE_LAYER_CHANGE 16 @ 3.44mm
G92 E0
; AFTER_LAYER_CHANGE 16 @ 3.44mm
; start of layer_num: 17, T: 0, print_z: 3.440000
; printing object "separador_timon.stl" id:0 copy 0
G1 E-.8 F3600
G1 X107.451 Y108.869 Z3.44 F18000
G1 E.8 F3600
M204 S1000
;TYPE:Outer wall
;WIDTH:0.42
G1 F1200
G1 X107.572 Y108.626 E.00835
G1 X107.726 Y108.384 E.00883
G1 X107.905 Y108.158 E.00883
G1 X108.105 Y107.953 E.00883
G1 X108.326 Y107.769 E.00883
G1 X108.564 Y107.608 E.00883
G1 X108.817 Y107.473 E.00883
G1 X109.083 Y107.365 E.00883
G1 X109.359 Y107.285 E.00883
G1 X109.642 Y107.233 E.00883
G1 X109.929 Y107.211 E.00884
G1 X110.171 Y107.216 E.00745
G1 X110.644 Y107.286 E.0147
G1 X110.917 Y107.365 E.00871
G1 X111.183 Y107.473 E.00883
G1 X111.436 Y107.608 E.00883
G1 X111.674 Y107.769 E.00883
G1 X111.895 Y107.953 E.00883
G1 X112.095 Y108.158 E.00883
G1 X112.274 Y108.384 E.00883
G1 X112.428 Y108.626 E.00883
G1 X112.556 Y108.883 E.00883
G1 X112.658 Y109.152 E.00883
G1 X112.731 Y109.429 E.00883
G1 X112.775 Y109.71 E.00874
G1 X112.786 Y110.146 E.0134
G1 X112.756 Y110.429 E.00874
G1 X112.698 Y110.71 E.00883
G1 X112.61 Y110.984 E.00883
G1 X112.495 Y111.247 E.00883
G1 X112.354 Y111.497 E.00883
G1 X112.187 Y111.731 E.00883
G1 X111.998 Y111.947 E.00883
G1 X111.787 Y112.142 E.00883
G1 X111.557 Y112.315 E.00883
G1 X111.313 Y112.461 E.00874
G1 X110.914 Y112.636 E.0134
G1 X110.641 Y112.715 E.00874
G1 X110.358 Y112.767 E.00883
G1 X110.072 Y112.789 E.00883
G1 X109.785 Y112.781 E.00883
G1 X109.5 Y112.745 E.00883
G1 X109.22 Y112.679 E.00883
G1 X108.949 Y112.584 E.00883
G1 X108.689 Y112.462 E.00883
G1 X108.442 Y112.314 E.00884
G1 X108.248 Y112.17 E.00745
G1 X107.902 Y111.839 E.0147
G1 X107.726 Y111.616 E.00871
G1 X107.572 Y111.374 E.00883
G1 X107.444 Y111.117 E.00883
G1 X107.342 Y110.848 E.00883
G1 X107.269 Y110.571 E.00883
G1 X107.225 Y110.29 E.00874
G1 X107.214 Y109.854 E.0134
G1 X107.244 Y109.57 E.00876
G1 X107.292 Y109.333 E.00745
G1 X107.443 Y108.887 E.01445
M204 S2000
G1 X107.808 Y109.031 F18000
M204 S1500
;TYPE:Inner wall
;WIDTH:0.45
G1 F1200
G1 X107.914 Y108.819 E.00784
G1 X108.046 Y108.611 E.00819
G1 X108.199 Y108.418 E.00819
G1 X108.372 Y108.241 E.00819
G1 X108.561 Y108.083 E.00819
G1 X108.766 Y107.945 E.00819
G1 X108.984 Y107.829 E.00819
G1 X109.212 Y107.736 E.00819
G1 X109.449 Y107.667 E.00819
G1 X109.692 Y107.623 E.00819
G1 X110.138 Y107.608 E.0148
G1 X110.561 Y107.67 E.01416
G1 X110.788 Y107.736 E.00784
G1 X111.016 Y107.829 E.00819
G1 X111.234 Y107.945 E.00819
G1 X111.439 Y108.083 E.00819
G1 X111.628 Y108.241 E.00819
G1 X111.801 Y108.418 E.00819
G1 X111.954 Y108.611 E.00819
G1 X112.086 Y108.819 E.00819
G1 X112.197 Y109.04 E.00819
G1 X112.284 Y109.271 E.00819
G1 X112.346 Y109.51 E.00819
G1 X112.383 Y109.746 E.00793
G1 X112.393 Y110.131 E.01279
G1 X112.369 Y110.369 E.00793
G1 X112.318 Y110.61 E.00819
G1 X112.243 Y110.846 E.00819
G1 X112.144 Y111.072 E.00819
G1 X112.023 Y111.287 E.00819
G1 X111.88 Y111.488 E.00819
G1 X111.717 Y111.673 E.00819
G1 X111.536 Y111.841 E.00819
G1 X111.338 Y111.989 E.00819
G1 X111.133 Y112.112 E.00793
G1 X110.78 Y112.266 E.01279
G1 X110.551 Y112.333 E.00793
G1 X110.308 Y112.377 E.00819
G1 X110.062 Y112.396 E.00819
G1 X109.815 Y112.39 E.00819
G1 X109.57 Y112.358 E.00819
G1 X109.33 Y112.302 E.00819
G1 X109.097 Y112.221 E.00819
G1 X108.873 Y112.116 E.00819
G1 X108.501 Y111.87 E.0148
G1 X108.193 Y111.574 E.01416
G1 X108.046 Y111.389 E.00784
G1 X107.914 Y111.181 E.00819
G1 X107.803 Y110.96 E.00819
G1 X107.716 Y110.729 E.00819
G1 X107.654 Y110.49 E.00819
G1 X107.617 Y110.254 E.00793
G1 X107.607 Y109.869 E.01279
G1 X107.671 Y109.435 E.01454
G1 X107.802 Y109.05 E.0135
M204 S2000
G1 E-.8 F3600
G1 X111.451 Y109.834 F18000
G1 E.8 F3600
M204 S1000
;TYPE:Outer wall
;WIDTH:0.42
G1 F1200
G1 X111.451 Y109.826 E.00023
G1 X111.37 Y109.491 E.0106
G1 X111.255 Y109.253 E.00811
G1 X111.066 Y109.001 E.00969
G1 X110.891 Y108.843 E.00724
G1 X110.697 Y108.716 E.00713
G1 X110.484 Y108.622 E.00713
G1 X110.256 Y108.562 E.00726
G1 X109.913 Y108.541 E.01056
G1 X109.575 Y108.602 E.01056
G1 X109.355 Y108.689 E.00726
G1 X109.152 Y108.81 E.00726
G1 X108.899 Y109.039 E.01047
G1 X108.745 Y109.253 E.00811
G1 X108.612 Y109.544 E.00982
G1 X108.544 Y109.88 E.01054
G1 X108.544 Y110.116 E.00726
G1 X108.581 Y110.349 E.00726
G1 X108.702 Y110.671 E.01056
G1 X108.896 Y110.957 E.0106
G1 X109.086 Y111.139 E.00811
G1 X109.353 Y111.31 E.00973
G1 X109.599 Y111.404 E.00809
G1 X109.909 Y111.458 E.00969
G1 X110.145 Y111.453 E.00724
G1 X110.378 Y111.411 E.00726
G1 X110.693 Y111.286 E.01043
G1 X110.895 Y111.155 E.00739
G1 X111.14 Y110.914 E.01056
G1 X111.322 Y110.623 E.01056
G1 X111.404 Y110.401 E.00726
G1 X111.451 Y110.17 E.00726
G1 X111.451 Y109.854 E.00971
M204 S2000
G1 X111.834 Y109.741 F18000
M204 S1500
;TYPE:Inner wall
;WIDTH:0.45
G1 F1200
G1 X111.741 Y109.358 E.01309
G1 X111.591 Y109.048 E.01139
G1 X111.357 Y108.735 E.01297
G1 X111.131 Y108.531 E.01011
G1 X110.884 Y108.37 E.00977
G1 X110.615 Y108.251 E.00977
G1 X110.318 Y108.173 E.01017
G1 X109.889 Y108.147 E.01426
G1 X109.466 Y108.223 E.01426
G1 X109.181 Y108.337 E.01017
G1 X108.918 Y108.493 E.01017
G1 X108.605 Y108.776 E.01398
G1 X108.405 Y109.055 E.01139
G1 X108.236 Y109.421 E.01338
G1 X108.152 Y109.841 E.01419
G1 X108.152 Y110.147 E.01017
G1 X108.2 Y110.45 E.01017
G1 X108.351 Y110.853 E.01426
G1 X108.595 Y111.211 E.01438
G1 X108.843 Y111.449 E.01139
G1 X109.175 Y111.662 E.0131
G1 X109.494 Y111.784 E.01133
G1 X109.879 Y111.851 E.01297
G1 X110.184 Y111.845 E.01011
G1 X110.486 Y111.79 E.01017
G1 X110.874 Y111.636 E.01385
G1 X111.141 Y111.462 E.01057
G1 X111.448 Y111.162 E.01426
G1 X111.675 Y110.797 E.01426
G1 X111.783 Y110.509 E.01017
G1 X111.843 Y110.209 E.01017
G1 X111.843 Y109.779 E.01426
G1 X111.839 Y109.761 E.00063
G1 E-.8 F3600
M204 S2000
G1 X112.098 Y109.704 F18000
G1 E.8 F3600
;TYPE:Gap infill
;WIDTH:0.176773
G1 F1200
G1 X112.022 Y109.355 E.0039
G1 X111.848 Y108.954 E.00476
G1 X111.595 Y108.598 E.00476
G1 X111.275 Y108.301 E.00476
G1 X110.9 Y108.078 E.00476
G1 X110.5 Y107.938 E.00462
G1 X110.117 Y107.884 E.00422
G1 X109.728 Y107.896 E.00425
G1 X109.302 Y107.995 E.00476
G1 X108.907 Y108.181 E.00476
G1 X108.56 Y108.444 E.00476
G1 X108.271 Y108.771 E.00476
G1 X108.063 Y109.139 E.00461
G1 X107.938 Y109.505 E.00422
G1 X107.886 Y109.808 E.00335
G1 X107.889 Y110.228 E.00458
G1 X107.979 Y110.645 E.00466
G1 X108.152 Y111.046 E.00476
G1 X108.393 Y111.391 E.00459
G1 X108.675 Y111.662 E.00426
G1 X109.048 Y111.899 E.00482
G1 X109.416 Y112.043 E.00431
G1 X109.836 Y112.119 E.00466
G1 X110.273 Y112.106 E.00477
G1 X110.688 Y112.006 E.00466
G1 X111.007 Y111.872 E.00378
G1 X111.36 Y111.63 E.00466
G1 X111.664 Y111.325 E.0047
G1 X111.9 Y110.95 E.00483
G1 X112.043 Y110.579 E.00434
G1 X112.109 Y110.229 E.00388
G1 X112.113 Y109.772 E.00499
G1 X112.103 Y109.723 E.00055
; stop printing object separador_timon.stl id:0 copy 0
; printing object "separador_timon.stl" id:1 copy 0
G1 E-.8 F3600
G1 X107.455 Y134.96 F18000
G1 E.8 F3600
M204 S1000
;TYPE:Outer wall
;WIDTH:0.42
G1 F1200
G1 X107.577 Y134.717 E.00835
G1 X107.731 Y134.475 E.00883
G1 X107.909 Y134.25 E.00883
G1 X108.109 Y134.044 E.00883
G1 X108.33 Y133.86 E.00883
G1 X108.568 Y133.7 E.00883
G1 X108.822 Y133.565 E.00883
G1 X109.088 Y133.456 E.00883
G1 X109.364 Y133.376 E.00883
G1 X109.646 Y133.325 E.00883
G1 X109.933 Y133.302 E.00884
G1 X110.175 Y133.308 E.00745
G1 X110.649 Y133.377 E.0147
G1 X110.921 Y133.456 E.00871
G1 X111.187 Y133.565 E.00883
G1 X111.441 Y133.7 E.00883
G1 X111.679 Y133.86 E.00883
G1 X111.899 Y134.044 E.00883
G1 X112.1 Y134.25 E.00883
G1 X112.278 Y134.475 E.00883
G1 X112.432 Y134.717 E.00883
G1 X112.561 Y134.974 E.00883
G1 X112.662 Y135.243 E.00883
G1 X112.735 Y135.521 E.00883
G1 X112.779 Y135.802 E.00874
G1 X112.79 Y136.238 E.0134
G1 X112.761 Y136.521 E.00874
G1 X112.702 Y136.802 E.00883
G1 X112.615 Y137.075 E.00883
G1 X112.5 Y137.339 E.00883
G1 X112.358 Y137.588 E.00883
G1 X112.192 Y137.823 E.00883
G1 X112.002 Y138.038 E.00883
G1 X111.791 Y138.233 E.00883
G1 X111.562 Y138.406 E.00883
G1 X111.318 Y138.552 E.00874
G1 X110.918 Y138.727 E.0134
G1 X110.645 Y138.806 E.00874
G1 X110.363 Y138.858 E.00883
G1 X110.076 Y138.88 E.00883
G1 X109.789 Y138.873 E.00883
G1 X109.504 Y138.836 E.00883
G1 X109.225 Y138.77 E.00883
G1 X108.953 Y138.675 E.00883
G1 X108.693 Y138.554 E.00883
G1 X108.447 Y138.406 E.00884
G1 X108.252 Y138.261 E.00745
G1 X107.907 Y137.93 E.0147
G1 X107.731 Y137.708 E.00871
G1 X107.577 Y137.465 E.00883
G1 X107.448 Y137.208 E.00883
G1 X107.347 Y136.94 E.00883
G1 X107.274 Y136.662 E.00883
G1 X107.23 Y136.381 E.00874
G1 X107.219 Y135.945 E.0134
G1 X107.248 Y135.662 E.00876
G1 X107.297 Y135.424 E.00745
G1 X107.447 Y134.979 E.01445
M204 S2000
G1 X107.813 Y135.122 F18000
M204 S1500
;TYPE:Inner wall
;WIDTH:0.45
G1 F1200
G1 X107.918 Y134.911 E.00784
G1 X108.051 Y134.702 E.00819
G1 X108.204 Y134.509 E.00819
G1 X108.376 Y134.332 E.00819
G1 X108.566 Y134.174 E.00819
G1 X108.77 Y134.036 E.00819
G1 X108.988 Y133.92 E.00819
G1 X109.217 Y133.827 E.00819
G1 X109.454 Y133.758 E.00819
G1 X109.697 Y133.714 E.00819
G1 X110.143 Y133.699 E.0148
G1 X110.565 Y133.761 E.01416
G1 X110.792 Y133.827 E.00784
G1 X111.021 Y133.92 E.00819
G1 X111.238 Y134.036 E.00819
G1 X111.443 Y134.174 E.00819
G1 X111.633 Y134.332 E.00819
G1 X111.805 Y134.509 E.00819
G1 X111.958 Y134.702 E.00819
G1 X112.091 Y134.911 E.00819
G1 X112.201 Y135.131 E.00819
G1 X112.288 Y135.362 E.00819
G1 X112.351 Y135.601 E.00819
G1 X112.388 Y135.837 E.00793
G1 X112.398 Y136.222 E.01279
G1 X112.373 Y136.46 E.00793
G1 X112.322 Y136.702 E.00819
G1 X112.247 Y136.937 E.00819
G1 X112.149 Y137.163 E.00819
G1 X112.027 Y137.378 E.00819
G1 X111.884 Y137.579 E.00819
G1 X111.721 Y137.764 E.00819
G1 X111.54 Y137.932 E.00819
G1 X111.343 Y138.08 E.00819
G1 X111.138 Y138.203 E.00793
G1 X110.784 Y138.357 E.01279
G1 X110.555 Y138.424 E.00793
G1 X110.312 Y138.469 E.00819
G1 X110.066 Y138.488 E.00819
G1 X109.819 Y138.481 E.00819
G1 X109.575 Y138.45 E.00819
G1 X109.334 Y138.393 E.00819
G1 X109.101 Y138.312 E.00819
G1 X108.878 Y138.207 E.00819
G1 X108.506 Y137.961 E.0148
G1 X108.197 Y137.666 E.01416
G1 X108.051 Y137.48 E.00784
G1 X107.918 Y137.272 E.00819
G1 X107.808 Y137.051 E.00819
G1 X107.721 Y136.82 E.00819
G1 X107.658 Y136.582 E.00819
G1 X107.621 Y136.345 E.00793
G1 X107.611 Y135.96 E.01279
G1 X107.676 Y135.526 E.01454
G1 X107.806 Y135.141 E.0135
M204 S2000
G1 E-.8 F3600
G1 X111.455 Y135.925 F18000
G1 E.8 F3600
M204 S1000
;TYPE:Outer wall
;WIDTH:0.42
G1 F1200
G1 X111.455 Y135.917 E.00023
G1 X111.374 Y135.582 E.0106
G1 X111.259 Y135.344 E.00811
G1 X111.07 Y135.092 E.00969
G1 X110.896 Y134.934 E.00724
G1 X110.701 Y134.807 E.00713
G1 X110.489 Y134.713 E.00713
G1 X110.26 Y134.653 E.00726
G1 X109.917 Y134.632 E.01056
G1 X109.579 Y134.694 E.01056
G1 X109.359 Y134.781 E.00726
G1 X109.156 Y134.902 E.00726
G1 X108.904 Y135.13 E.01047
G1 X108.75 Y135.344 E.00811
G1 X108.616 Y135.635 E.00982
G1 X108.548 Y135.971 E.01054
G1 X108.548 Y136.207 E.00726
G1 X108.586 Y136.441 E.00726
G1 X108.706 Y136.763 E.01056
G1 X108.9 Y137.048 E.0106
G1 X109.091 Y137.23 E.00811
G1 X109.357 Y137.401 E.00973
G1 X109.603 Y137.495 E.00809
G1 X109.914 Y137.549 E.00969
G1 X110.149 Y137.545 E.00724
G1 X110.382 Y137.503 E.00726
G1 X110.697 Y137.377 E.01043
G1 X110.899 Y137.246 E.00739
G1 X111.144 Y137.006 E.01056
G1 X111.326 Y136.714 E.01056
G1 X111.409 Y136.493 E.00726
G1 X111.455 Y136.261 E.00726
G1 X111.455 Y135.945 E.00971
M204 S2000
G1 X111.838 Y135.832 F18000
M204 S1500
;TYPE:Inner wall
;WIDTH:0.45
G1 F1200
G1 X111.745 Y135.449 E.01309
G1 X111.596 Y135.14 E.01139
G1 X111.361 Y134.827 E.01297
G1 X111.135 Y134.622 E.01011
G1 X110.888 Y134.462 E.00977
G1 X110.619 Y134.342 E.00977
G1 X110.323 Y134.264 E.01017
G1 X109.894 Y134.238 E.01426
G1 X109.471 Y134.315 E.01426
G1 X109.186 Y134.428 E.01017
G1 X108.922 Y134.585 E.01017
G1 X108.61 Y134.867 E.01398
G1 X108.409 Y135.146 E.01139
G1 X108.241 Y135.513 E.01338
G1 X108.156 Y135.932 E.01419
G1 X108.156 Y136.239 E.01017
G1 X108.205 Y136.541 E.01017
G1 X108.355 Y136.944 E.01426
G1 X108.599 Y137.303 E.01438
G1 X108.847 Y137.54 E.01139
G1 X109.18 Y137.753 E.0131
G1 X109.498 Y137.875 E.01133
G1 X109.884 Y137.942 E.01297
G1 X110.188 Y137.936 E.01011
G1 X110.49 Y137.882 E.01017
G1 X110.878 Y137.727 E.01385
G1 X111.146 Y137.554 E.01057
G1 X111.452 Y137.253 E.01426
G1 X111.68 Y136.888 E.01426
G1 X111.787 Y136.601 E.01017
G1 X111.848 Y136.3 E.01017
G1 X111.848 Y135.87 E.01426
G1 X111.843 Y135.852 E.00063
M204 S2000
G1 X112.103 Y135.795 F18000
;TYPE:Gap infill
;WIDTH:0.176773
G1 F1200
G1 X112.026 Y135.446 E.0039
G1 X111.853 Y135.045 E.00476
G1 X111.599 Y134.689 E.00476
G1 X111.28 Y134.392 E.00476
G1 X110.904 Y134.169 E.00476
G1 X110.505 Y134.029 E.00462
G1 X110.121 Y133.975 E.00422
G1 X109.732 Y133.988 E.00425
G1 X109.307 Y134.086 E.00476
G1 X108.912 Y134.272 E.00476
G1 X108.564 Y134.536 E.00476
G1 X108.275 Y134.862 E.00476
G1 X108.067 Y135.23 E.00461
G1 X107.943 Y135.597 E.00422
G1 X107.89 Y135.899 E.00335
G1 X107.893 Y136.319 E.00458
G1 X107.984 Y136.736 E.00466
G1 X108.156 Y137.137 E.00476
G1 X108.397 Y137.483 E.00459
G1 X108.679 Y137.753 E.00426
G1 X109.053 Y137.99 E.00482
G1 X109.42 Y138.135 E.00431
G1 X109.84 Y138.21 E.00466
G1 X110.277 Y138.197 E.00477
G1 X110.692 Y138.097 E.00466
G1 X111.012 Y137.963 E.00378
G1 X111.364 Y137.722 E.00466
G1 X111.668 Y137.416 E.0047
G1 X111.905 Y137.041 E.00483
G1 X112.048 Y136.67 E.00434
G1 X112.114 Y136.32 E.00388
G1 X112.118 Y135.863 E.00499
G1 X112.107 Y135.814 E.00055
; stop printing object separador_timon.stl id:1 copy 0
; end of layer_num: 17, T: 0, print_z: 3.440000
;LAYER_CHANGE
;Z:3.64
;HEIGHT:0.2
; BEFORE_LAYER_CHANGE 17 @ 3.64mm
G92 E0
; AFTER_LAYER_CHANGE 17 @ 3.64mm
; start of layer_num: 18, T: 0, print_z: 3.640000
; printing object "separador_timon.stl" id:0 copy 0
G1 E-.8 F3600
G1 X107.451 Y108.869 Z3.64 F18000
G1 E.8 F3600
M204 S1000
;TYPE:Outer wall
;WIDTH:0.42
G1 F1200
G1 X107.572 Y108.626 E.00833
G1 X107.726 Y108.384 E.00883
G1 X107.905 Y108.158 E.00883
G1 X108.105 Y107.953 E.00883
G1 X108.326 Y107.769 E.00883
G1 X108.564 Y107.608 E.00883
G1 X108.817 Y107.473 E.00883
G1 X109.083 Y107.365 E.00883
G1 X109.359 Y107.285 E.00883
G1 X109.642 Y107.233 E.00883
G1 X109.929 Y107.211 E.00884
G1 X110.169 Y107.216 E.00737
G1 X110.644 Y107.286 E.01478
G1 X110.917 Y107.365 E.00871
G1 X111.183 Y107.473 E.00883
G1 X111.436 Y107.608 E.00883
G1 X111.674 Y107.769 E.00883
G1 X111.895 Y107.953 E.00883
G1 X112.095 Y108.158 E.00883
G1 X112.274 Y108.384 E.00883
G1 X112.428 Y108.626 E.00883
G1 X112.556 Y108.883 E.00883
G1 X112.658 Y109.152 E.00883
G1 X112.731 Y109.429 E.00883
G1 X112.775 Y109.71 E.00874
G1 X112.786 Y110.146 E.0134
G1 X112.756 Y110.429 E.00874
G1 X112.698 Y110.71 E.00883
G1 X112.61 Y110.984 E.00883
G1 X112.495 Y111.247 E.00883
G1 X112.354 Y111.497 E.00883
G1 X112.187 Y111.731 E.00882
G1 X111.998 Y111.947 E.00883
G1 X111.787 Y112.142 E.00883
G1 X111.557 Y112.315 E.00883
G1 X111.311 Y112.462 E.00883
G1 X111.051 Y112.584 E.00883
G1 X110.78 Y112.679 E.00883
G1 X110.5 Y112.745 E.00883
G1 X110.218 Y112.781 E.00874
G1 X109.782 Y112.781 E.0134
G1 X109.5 Y112.745 E.00874
G1 X109.22 Y112.679 E.00883
G1 X108.949 Y112.584 E.00883
G1 X108.689 Y112.462 E.00883
G1 X108.442 Y112.314 E.00884
G1 X108.25 Y112.171 E.00737
G1 X107.902 Y111.839 E.01478
G1 X107.726 Y111.616 E.00871
G1 X107.572 Y111.374 E.00883
G1 X107.444 Y111.117 E.00883
G1 X107.342 Y110.848 E.00883
G1 X107.269 Y110.571 E.00883
G1 X107.225 Y110.29 E.00874
G1 X107.214 Y109.856 E.01331
G1 X107.27 Y109.427 E.01331
G1 X107.342 Y109.152 E.00874
G1 X107.442 Y108.887 E.0087
M204 S2000
G1 X107.803 Y109.04 F18000
M204 S1500
;TYPE:Inner wall
;WIDTH:0.45
G1 F1200
G1 X107.914 Y108.819 E.00819
G1 X108.046 Y108.611 E.00819
G1 X108.199 Y108.418 E.00819
G1 X108.372 Y108.241 E.00819
G1 X108.561 Y108.083 E.00819
G1 X108.766 Y107.945 E.00819
G1 X108.984 Y107.829 E.00819
G1 X109.212 Y107.736 E.00819
G1 X109.449 Y107.667 E.00819
G1 X109.692 Y107.623 E.00819
G1 X110.136 Y107.608 E.01472
G1 X110.561 Y107.67 E.01425
G1 X110.788 Y107.736 E.00784
G1 X111.016 Y107.829 E.00819
G1 X111.234 Y107.945 E.00819
G1 X111.439 Y108.083 E.00819
G1 X111.628 Y108.241 E.00819
G1 X111.801 Y108.418 E.00819
G1 X111.954 Y108.611 E.00819
G1 X112.086 Y108.819 E.00819
G1 X112.197 Y109.04 E.00819
G1 X112.284 Y109.271 E.00819
G1 X112.346 Y109.51 E.00819
G1 X112.383 Y109.746 E.00793
G1 X112.393 Y110.131 E.01279
G1 X112.369 Y110.369 E.00793
G1 X112.318 Y110.61 E.00819
G1 X112.243 Y110.846 E.00819
G1 X112.144 Y111.072 E.00819
G1 X112.023 Y111.287 E.00819
G1 X111.88 Y111.488 E.00819
G1 X111.717 Y111.673 E.00819
G1 X111.536 Y111.841 E.00819
G1 X111.338 Y111.989 E.00819
G1 X111.127 Y112.116 E.00819
G1 X110.903 Y112.221 E.00819
G1 X110.67 Y112.302 E.00819
G1 X110.43 Y112.358 E.00819
G1 X110.193 Y112.389 E.00793
G1 X109.807 Y112.389 E.01279
G1 X109.57 Y112.358 E.00793
G1 X109.33 Y112.302 E.00819
G1 X109.097 Y112.221 E.00819
G1 X108.873 Y112.116 E.00819
G1 X108.503 Y111.871 E.01472
G1 X108.193 Y111.574 E.01425
G1 X108.046 Y111.389 E.00784
G1 X107.914 Y111.181 E.00819
G1 X107.803 Y110.96 E.00819
G1 X107.716 Y110.729 E.00819
G1 X107.654 Y110.49 E.00819
G1 X107.617 Y110.254 E.00793
G1 X107.607 Y109.877 E.01253
G1 X107.656 Y109.502 E.01253
G1 X107.716 Y109.271 E.00793
G1 X107.796 Y109.059 E.00752
M204 S2000
G1 E-.8 F3600
G1 X111.451 Y109.834 F18000
G1 E.8 F3600
M204 S1000
;TYPE:Outer wall
;WIDTH:0.42
G1 F1200
G1 X111.451 Y109.83 E.00011
G1 X111.404 Y109.594 E.00739
G1 X111.272 Y109.282 E.01043
G1 X111.137 Y109.083 E.00739
G1 X110.895 Y108.845 E.01043
G1 X110.697 Y108.716 E.00726
G1 X110.484 Y108.622 E.00713
G1 X110.256 Y108.562 E.00726
G1 X109.913 Y108.541 E.01056
G1 X109.575 Y108.602 E.01056
G1 X109.351 Y108.691 E.00739
G1 X109.067 Y108.876 E.01043
G1 X108.895 Y109.044 E.00739
G1 X108.704 Y109.325 E.01043
G1 X108.611 Y109.547 E.00739
G1 X108.544 Y109.88 E.01043
G1 X108.544 Y110.116 E.00726
G1 X108.581 Y110.349 E.00726
G1 X108.7 Y110.667 E.01043
G1 X108.827 Y110.872 E.00739
G1 X109.063 Y111.122 E.01056
G1 X109.351 Y111.309 E.01056
G1 X109.575 Y111.398 E.00739
G1 X109.909 Y111.458 E.01043
G1 X110.149 Y111.453 E.00739
G1 X110.481 Y111.38 E.01043
G1 X110.698 Y111.283 E.0073
G1 X110.915 Y111.138 E.00802
G1 X111.137 Y110.917 E.00964
G1 X111.272 Y110.718 E.00737
G1 X111.404 Y110.406 E.01043
G1 X111.451 Y110.17 E.00739
G1 X111.451 Y109.854 E.0097
M204 S2000
G1 X111.843 Y109.825 F18000
M204 S1500
;TYPE:Inner wall
;WIDTH:0.45
G1 F1200
G1 X111.843 Y109.791 E.00111
G1 X111.78 Y109.479 E.01057
G1 X111.618 Y109.094 E.01385
G1 X111.439 Y108.83 E.01057
G1 X111.141 Y108.538 E.01385
G1 X110.884 Y108.37 E.01017
G1 X110.615 Y108.251 E.00977
G1 X110.318 Y108.173 E.01017
G1 X109.889 Y108.147 E.01426
G1 X109.466 Y108.223 E.01426
G1 X109.17 Y108.341 E.01057
G1 X108.82 Y108.569 E.01385
G1 X108.592 Y108.792 E.01057
G1 X108.358 Y109.137 E.01385
G1 X108.234 Y109.431 E.01057
G1 X108.152 Y109.841 E.01385
G1 X108.152 Y110.147 E.01017
G1 X108.2 Y110.45 E.01017
G1 X108.347 Y110.841 E.01385
G1 X108.515 Y111.112 E.01057
G1 X108.81 Y111.425 E.01426
G1 X109.17 Y111.659 E.01426
G1 X109.466 Y111.777 E.01057
G1 X109.877 Y111.851 E.01385
G1 X110.196 Y111.845 E.01057
G1 X110.604 Y111.754 E.01385
G1 X110.888 Y111.628 E.0103
G1 X111.164 Y111.443 E.01104
G1 X111.441 Y111.168 E.01292
G1 X111.618 Y110.906 E.0105
G1 X111.78 Y110.521 E.01385
G1 X111.843 Y110.209 E.01057
G1 X111.843 Y109.845 E.01208
G1 E-.8 F3600
M204 S2000
G1 X112.113 Y109.847 F18000
G1 E.8 F3600
;TYPE:Gap infill
;WIDTH:0.177842
G1 F1200
G1 X112.113 Y109.772 E.00083
G1 X112.036 Y109.393 E.00425
G1 X111.853 Y108.959 E.00518
G1 X111.641 Y108.653 E.00409
G1 X111.275 Y108.301 E.00559
G1 X110.9 Y108.078 E.0048
G1 X110.501 Y107.938 E.00465
G1 X110.115 Y107.884 E.00428
G1 X109.728 Y107.896 E.00426
G1 X109.302 Y107.995 E.0048
G1 X108.908 Y108.182 E.0048
G1 X108.558 Y108.442 E.0048
G1 X108.272 Y108.772 E.0048
G1 X108.121 Y109.016 E.00316
G1 X107.979 Y109.359 E.00408
G1 X107.886 Y109.808 E.00504
G1 X107.889 Y110.228 E.00462
G1 X107.979 Y110.645 E.00469
G1 X108.152 Y111.046 E.0048
G1 X108.398 Y111.39 E.00465
G1 X108.677 Y111.662 E.00429
G1 X109.041 Y111.895 E.00475
G1 X109.406 Y112.041 E.00432
G1 X109.827 Y112.118 E.0047
G1 X110.222 Y112.112 E.00434
G1 X110.681 Y112.01 E.00518
G1 X111.013 Y111.868 E.00397
G1 X111.361 Y111.631 E.00462
G1 X111.653 Y111.336 E.00456
G1 X111.857 Y111.028 E.00406
G1 X112.039 Y110.594 E.00518
G1 X112.109 Y110.229 E.00409
G1 X112.113 Y109.867 E.00398
; stop printing object separador_timon.stl id:0 copy 0
; printing object "separador_timon.stl" id:1 copy 0
G1 E-.8 F3600
G1 X107.455 Y134.96 F18000
G1 E.8 F3600
M204 S1000
;TYPE:Outer wall
;WIDTH:0.42
G1 F1200
G1 X107.577 Y134.717 E.00833
G1 X107.731 Y134.475 E.00883
G1 X107.909 Y134.25 E.00883
G1 X108.109 Y134.044 E.00883
G1 X108.33 Y133.86 E.00883
G1 X108.568 Y133.7 E.00883
G1 X108.822 Y133.565 E.00883
G1 X109.088 Y133.456 E.00883
G1 X109.364 Y133.376 E.00883
G1 X109.646 Y133.325 E.00883
G1 X109.933 Y133.302 E.00884
G1 X110.173 Y133.308 E.00737
G1 X110.649 Y133.377 E.01478
G1 X110.921 Y133.456 E.00871
G1 X111.187 Y133.565 E.00883
G1 X111.441 Y133.7 E.00883
G1 X111.679 Y133.86 E.00883
G1 X111.899 Y134.044 E.00883
G1 X112.1 Y134.25 E.00883
G1 X112.278 Y134.475 E.00883
G1 X112.432 Y134.717 E.00883
G1 X112.561 Y134.974 E.00883
G1 X112.662 Y135.243 E.00883
G1 X112.735 Y135.521 E.00883
G1 X112.779 Y135.802 E.00874
G1 X112.79 Y136.238 E.0134
G1 X112.761 Y136.521 E.00874
G1 X112.702 Y136.802 E.00883
G1 X112.615 Y137.075 E.00883
G1 X112.5 Y137.339 E.00883
G1 X112.358 Y137.588 E.00883
G1 X112.192 Y137.823 E.00882
G1 X112.002 Y138.038 E.00883
G1 X111.791 Y138.233 E.00883
G1 X111.562 Y138.406 E.00883
G1 X111.315 Y138.554 E.00883
G1 X111.055 Y138.675 E.00883
G1 X110.784 Y138.77 E.00883
G1 X110.505 Y138.836 E.00883
G1 X110.222 Y138.872 E.00874
G1 X109.786 Y138.872 E.0134
G1 X109.504 Y138.836 E.00874
G1 X109.225 Y138.77 E.00883
G1 X108.953 Y138.675 E.00883
G1 X108.693 Y138.554 E.00883
G1 X108.447 Y138.406 E.00884
G1 X108.254 Y138.262 E.00737
G1 X107.907 Y137.93 E.01478
G1 X107.731 Y137.708 E.00871
G1 X107.577 Y137.465 E.00883
G1 X107.448 Y137.208 E.00883
G1 X107.347 Y136.94 E.00883
G1 X107.274 Y136.662 E.00883
G1 X107.23 Y136.381 E.00874
G1 X107.219 Y135.948 E.01331
G1 X107.274 Y135.518 E.01331
G1 X107.347 Y135.243 E.00874
G1 X107.447 Y134.978 E.0087
M204 S2000
G1 X107.808 Y135.131 F18000
M204 S1500
;TYPE:Inner wall
;WIDTH:0.45
G1 F1200
G1 X107.918 Y134.911 E.00819
G1 X108.051 Y134.702 E.00819
G1 X108.204 Y134.509 E.00819
G1 X108.376 Y134.332 E.00819
G1 X108.566 Y134.174 E.00819
G1 X108.77 Y134.036 E.00819
G1 X108.988 Y133.92 E.00819
G1 X109.217 Y133.827 E.00819
G1 X109.454 Y133.758 E.00819
G1 X109.697 Y133.714 E.00819
G1 X110.14 Y133.699 E.01472
G1 X110.565 Y133.761 E.01425
G1 X110.792 Y133.827 E.00784
G1 X111.021 Y133.92 E.00819
G1 X111.238 Y134.036 E.00819
G1 X111.443 Y134.174 E.00819
G1 X111.633 Y134.332 E.00819
G1 X111.805 Y134.509 E.00819
G1 X111.958 Y134.702 E.00819
G1 X112.091 Y134.911 E.00819
G1 X112.201 Y135.131 E.00819
G1 X112.288 Y135.362 E.00819
G1 X112.351 Y135.601 E.00819
G1 X112.388 Y135.837 E.00793
G1 X112.398 Y136.222 E.01279
G1 X112.373 Y136.46 E.00793
G1 X112.322 Y136.702 E.00819
G1 X112.247 Y136.937 E.00819
G1 X112.149 Y137.163 E.00819
G1 X112.027 Y137.378 E.00819
G1 X111.884 Y137.579 E.00819
G1 X111.721 Y137.764 E.00819
G1 X111.54 Y137.932 E.00819
G1 X111.343 Y138.08 E.00819
G1 X111.131 Y138.207 E.00819
G1 X110.907 Y138.312 E.00819
G1 X110.674 Y138.393 E.00819
G1 X110.434 Y138.45 E.00819
G1 X110.197 Y138.48 E.00793
G1 X109.812 Y138.48 E.01279
G1 X109.575 Y138.45 E.00793
G1 X109.334 Y138.393 E.00819
G1 X109.101 Y138.312 E.00819
G1 X108.878 Y138.207 E.00819
G1 X108.508 Y137.962 E.01472
G1 X108.197 Y137.665 E.01425
G1 X108.051 Y137.48 E.00784
G1 X107.918 Y137.272 E.00819
G1 X107.808 Y137.051 E.00819
G1 X107.721 Y136.82 E.00819
G1 X107.658 Y136.582 E.00819
G1 X107.621 Y136.345 E.00793
G1 X107.611 Y135.968 E.01253
G1 X107.66 Y135.593 E.01253
G1 X107.721 Y135.362 E.00793
G1 X107.801 Y135.15 E.00752
M204 S2000
G1 E-.8 F3600
G1 X111.455 Y135.925 F18000
G1 E.8 F3600
M204 S1000
;TYPE:Outer wall
;WIDTH:0.42
G1 F1200
G1 X111.455 Y135.922 E.00011
G1 X111.408 Y135.686 E.00739
G1 X111.277 Y135.373 E.01043
G1 X111.141 Y135.174 E.00739
G1 X110.899 Y134.936 E.01043
G1 X110.701 Y134.807 E.00726
G1 X110.489 Y134.713 E.00713
G1 X110.26 Y134.653 E.00726
G1 X109.917 Y134.632 E.01056
G1 X109.579 Y134.694 E.01056
G1 X109.356 Y134.782 E.00739
G1 X109.071 Y134.967 E.01043
G1 X108.899 Y135.136 E.00739
G1 X108.709 Y135.416 E.01043
G1 X108.615 Y135.638 E.00739
G1 X108.548 Y135.971 E.01043
G1 X108.548 Y136.207 E.00726
G1 X108.586 Y136.441 E.00726
G1 X108.705 Y136.759 E.01043
G1 X108.832 Y136.963 E.00739
G1 X109.067 Y137.213 E.01056
G1 X109.356 Y137.4 E.01056
G1 X109.579 Y137.489 E.00739
G1 X109.913 Y137.549 E.01043
G1 X110.154 Y137.545 E.00739
G1 X110.485 Y137.471 E.01043
G1 X110.702 Y137.375 E.0073
G1 X110.919 Y137.229 E.00802
G1 X111.142 Y137.008 E.00964
G1 X111.277 Y136.81 E.00737
G1 X111.408 Y136.497 E.01043
G1 X111.455 Y136.261 E.00739
G1 X111.455 Y135.945 E.0097
M204 S2000
G1 X111.848 Y135.916 F18000
M204 S1500
;TYPE:Inner wall
;WIDTH:0.45
G1 F1200
G1 X111.848 Y135.882 E.00111
G1 X111.785 Y135.57 E.01057
G1 X111.623 Y135.185 E.01385
G1 X111.444 Y134.921 E.01057
G1 X111.146 Y134.629 E.01385
G1 X110.888 Y134.462 E.01017
G1 X110.619 Y134.342 E.00977
G1 X110.323 Y134.264 E.01017
G1 X109.894 Y134.238 E.01426
G1 X109.471 Y134.315 E.01426
G1 X109.175 Y134.432 E.01057
G1 X108.824 Y134.66 E.01385
G1 X108.597 Y134.883 E.01057
G1 X108.362 Y135.229 E.01385
G1 X108.239 Y135.522 E.01057
G1 X108.156 Y135.932 E.01385
G1 X108.156 Y136.239 E.01017
G1 X108.205 Y136.541 E.01017
G1 X108.351 Y136.933 E.01385
G1 X108.52 Y137.203 E.01057
G1 X108.814 Y137.516 E.01426
G1 X109.175 Y137.75 E.01426
G1 X109.471 Y137.868 E.01057
G1 X109.882 Y137.942 E.01385
G1 X110.2 Y137.936 E.01057
G1 X110.608 Y137.845 E.01385
G1 X110.892 Y137.719 E.0103
G1 X111.169 Y137.534 E.01104
G1 X111.445 Y137.26 E.01292
G1 X111.623 Y136.998 E.0105
G1 X111.785 Y136.613 E.01385
G1 X111.848 Y136.3 E.01057
G1 X111.848 Y135.936 E.01208
M204 S2000
G1 X112.117 Y135.938 F18000
;TYPE:Gap infill
;WIDTH:0.177842
G1 F1200
G1 X112.118 Y135.863 E.00083
G1 X112.04 Y135.485 E.00425
G1 X111.858 Y135.05 E.00518
G1 X111.645 Y134.745 E.00409
G1 X111.28 Y134.392 E.00559
G1 X110.904 Y134.169 E.0048
G1 X110.505 Y134.029 E.00465
G1 X110.119 Y133.975 E.00428
G1 X109.732 Y133.988 E.00426
G1 X109.307 Y134.086 E.0048
G1 X108.913 Y134.273 E.0048
G1 X108.562 Y134.533 E.0048
G1 X108.276 Y134.863 E.0048
G1 X108.125 Y135.107 E.00316
G1 X107.983 Y135.45 E.00408
G1 X107.89 Y135.899 E.00504
G1 X107.893 Y136.319 E.00462
G1 X107.984 Y136.736 E.00469
G1 X108.157 Y137.137 E.0048
G1 X108.403 Y137.481 E.00465
G1 X108.682 Y137.753 E.00429
G1 X109.045 Y137.986 E.00475
G1 X109.41 Y138.132 E.00432
G1 X109.831 Y138.209 E.0047
G1 X110.226 Y138.203 E.00434
G1 X110.686 Y138.101 E.00518
G1 X111.018 Y137.959 E.00397
G1 X111.365 Y137.723 E.00462
G1 X111.657 Y137.427 E.00456
G1 X111.861 Y137.12 E.00406
G1 X112.043 Y136.685 E.00518
G1 X112.114 Y136.32 E.00409
G1 X112.117 Y135.958 E.00398
; stop printing object separador_timon.stl id:1 copy 0
; end of layer_num: 18, T: 0, print_z: 3.640000
;LAYER_CHANGE
;Z:3.84
;HEIGHT:0.2
; BEFORE_LAYER_CHANGE 18 @ 3.84mm
G92 E0
; AFTER_LAYER_CHANGE 18 @ 3.84mm
; start of layer_num: 19, T: 0, print_z: 3.840000
; printing object "separador_timon.stl" id:0 copy 0
G1 E-.8 F3600
G1 X107.451 Y108.868 Z3.84 F18000
G1 E.8 F3600
M204 S1000
;TYPE:Outer wall
;WIDTH:0.42
G1 F1200
G1 X107.572 Y108.626 E.00832
G1 X107.726 Y108.384 E.00883
G1 X107.905 Y108.158 E.00883
G1 X108.105 Y107.953 E.00883
G1 X108.326 Y107.769 E.00883
G1 X108.564 Y107.608 E.00883
G1 X108.817 Y107.473 E.00883
G1 X109.083 Y107.365 E.00883
G1 X109.359 Y107.285 E.00883
G1 X109.642 Y107.233 E.00883
G1 X109.929 Y107.211 E.00884
G1 X110.166 Y107.216 E.00729
G1 X110.644 Y107.286 E.01485
G1 X110.917 Y107.365 E.00871
G1 X111.183 Y107.473 E.00883
G1 X111.436 Y107.608 E.00883
G1 X111.674 Y107.769 E.00883
G1 X111.895 Y107.953 E.00883
G1 X112.095 Y108.158 E.00883
G1 X112.274 Y108.384 E.00883
G1 X112.428 Y108.626 E.00883
G1 X112.556 Y108.883 E.00883
G1 X112.658 Y109.152 E.00883
G1 X112.731 Y109.429 E.00883
G1 X112.775 Y109.71 E.00874
G1 X112.786 Y110.146 E.0134
G1 X112.756 Y110.429 E.00874
G1 X112.698 Y110.71 E.00883
G1 X112.61 Y110.984 E.00883
G1 X112.495 Y111.247 E.00883
G1 X112.354 Y111.497 E.00883
G1 X112.187 Y111.731 E.00883
G1 X111.998 Y111.947 E.00883
G1 X111.787 Y112.142 E.00883
G1 X111.557 Y112.315 E.00883
G1 X111.311 Y112.462 E.00883
G1 X111.051 Y112.584 E.00883
G1 X110.78 Y112.679 E.00883
G1 X110.5 Y112.745 E.00883
G1 X110.218 Y112.781 E.00874
G1 X109.782 Y112.781 E.0134
G1 X109.5 Y112.745 E.00874
G1 X109.22 Y112.679 E.00883
G1 X108.949 Y112.584 E.00884
G1 X108.733 Y112.484 E.00729
G1 X108.323 Y112.229 E.01485
G1 X108.105 Y112.047 E.00871
G1 X107.905 Y111.842 E.00883
G1 X107.726 Y111.616 E.00883
G1 X107.572 Y111.374 E.00883
G1 X107.444 Y111.117 E.00883
G1 X107.342 Y110.848 E.00883
G1 X107.269 Y110.571 E.00883
G1 X107.225 Y110.29 E.00874
G1 X107.214 Y109.856 E.01331
G1 X107.27 Y109.427 E.01331
G1 X107.342 Y109.152 E.00874
G1 X107.443 Y108.886 E.00872
M204 S2000
G1 X107.803 Y109.04 F18000
M204 S1500
;TYPE:Inner wall
;WIDTH:0.45
G1 F1200
G1 X107.914 Y108.819 E.00819
G1 X108.046 Y108.611 E.00819
G1 X108.199 Y108.418 E.00819
G1 X108.372 Y108.241 E.00819
G1 X108.561 Y108.083 E.00819
G1 X108.766 Y107.945 E.00819
G1 X108.984 Y107.829 E.00819
G1 X109.212 Y107.736 E.00819
G1 X109.449 Y107.667 E.00819
G1 X109.692 Y107.623 E.00819
G1 X110.133 Y107.608 E.01465
G1 X110.561 Y107.67 E.01433
G1 X110.788 Y107.736 E.00783
G1 X111.016 Y107.829 E.00819
G1 X111.234 Y107.945 E.00819
G1 X111.439 Y108.083 E.00819
G1 X111.628 Y108.241 E.00819
G1 X111.801 Y108.418 E.00819
G1 X111.954 Y108.611 E.00819
G1 X112.086 Y108.819 E.00819
G1 X112.197 Y109.04 E.00819
G1 X112.284 Y109.271 E.00819
G1 X112.346 Y109.51 E.00819
G1 X112.383 Y109.746 E.00793
G1 X112.393 Y110.131 E.01279
G1 X112.369 Y110.369 E.00793
G1 X112.318 Y110.61 E.00819
G1 X112.243 Y110.846 E.00819
G1 X112.144 Y111.072 E.00819
G1 X112.023 Y111.287 E.00819
G1 X111.88 Y111.488 E.00819
G1 X111.717 Y111.673 E.00819
G1 X111.536 Y111.841 E.00819
G1 X111.338 Y111.989 E.00819
G1 X111.127 Y112.116 E.00819
G1 X110.903 Y112.221 E.00819
G1 X110.67 Y112.302 E.00819
G1 X110.43 Y112.358 E.00819
G1 X110.193 Y112.389 E.00793
G1 X109.807 Y112.389 E.01279
G1 X109.57 Y112.358 E.00793
G1 X109.33 Y112.302 E.00819
G1 X108.92 Y112.139 E.01465
G1 X108.553 Y111.91 E.01433
G1 X108.372 Y111.759 E.00783
G1 X108.199 Y111.582 E.00819
G1 X108.046 Y111.389 E.00819
G1 X107.914 Y111.181 E.00819
G1 X107.803 Y110.96 E.00819
G1 X107.716 Y110.729 E.00819
G1 X107.654 Y110.49 E.00819
G1 X107.617 Y110.254 E.00793
G1 X107.607 Y109.877 E.01253
G1 X107.656 Y109.502 E.01253
G1 X107.716 Y109.271 E.00793
G1 X107.796 Y109.059 E.00752
M204 S2000
G1 E-.8 F3600
G1 X111.451 Y109.834 F18000
G1 E.8 F3600
M204 S1000
;TYPE:Outer wall
;WIDTH:0.42
G1 F1200
G1 X111.451 Y109.83 E.0001
G1 X111.404 Y109.599 E.00726
G1 X111.322 Y109.377 E.00726
G1 X111.142 Y109.088 E.01047
G1 X110.956 Y108.896 E.0082
G1 X110.7 Y108.717 E.0096
G1 X110.484 Y108.622 E.00724
G1 X110.256 Y108.562 E.00726
G1 X109.913 Y108.541 E.01056
G1 X109.575 Y108.602 E.01056
G1 X109.354 Y108.69 E.00731
G1 X109.13 Y108.827 E.00807
G1 X108.899 Y109.04 E.00964
G1 X108.744 Y109.256 E.00817
G1 X108.612 Y109.544 E.00973
G1 X108.544 Y109.88 E.01054
G1 X108.544 Y110.116 E.00726
G1 X108.581 Y110.349 E.00726
G1 X108.702 Y110.671 E.01056
G1 X108.895 Y110.956 E.01056
G1 X109.064 Y111.121 E.00726
G1 X109.256 Y111.258 E.00726
G1 X109.571 Y111.397 E.01056
G1 X109.909 Y111.458 E.01056
G1 X110.149 Y111.453 E.00739
G1 X110.481 Y111.38 E.01043
G1 X110.698 Y111.283 E.00731
G1 X110.916 Y111.137 E.00807
G1 X111.14 Y110.914 E.00973
G1 X111.322 Y110.623 E.01054
G1 X111.404 Y110.401 E.00726
G1 X111.451 Y110.17 E.00726
G1 X111.451 Y109.854 E.00971
M204 S2000
G1 X111.837 Y109.758 F18000
M204 S1500
;TYPE:Inner wall
;WIDTH:0.45
G1 F1200
G1 X111.783 Y109.491 E.00906
G1 X111.675 Y109.203 E.01017
G1 X111.452 Y108.845 E.01399
G1 X111.211 Y108.596 E.01149
G1 X110.893 Y108.374 E.01287
G1 X110.615 Y108.251 E.0101
G1 X110.318 Y108.173 E.01017
G1 X109.889 Y108.147 E.01426
G1 X109.466 Y108.223 E.01426
G1 X109.178 Y108.338 E.01031
G1 X108.893 Y108.513 E.01109
G1 X108.604 Y108.778 E.01301
G1 X108.403 Y109.058 E.01142
G1 X108.236 Y109.422 E.01327
G1 X108.152 Y109.841 E.01418
G1 X108.152 Y110.147 E.01017
G1 X108.2 Y110.45 E.01017
G1 X108.351 Y110.853 E.01426
G1 X108.592 Y111.208 E.01426
G1 X108.811 Y111.423 E.01017
G1 X109.062 Y111.6 E.01017
G1 X109.454 Y111.774 E.01426
G1 X109.877 Y111.851 E.01426
G1 X110.196 Y111.845 E.01057
G1 X110.604 Y111.754 E.01385
G1 X110.888 Y111.628 E.01031
G1 X111.166 Y111.442 E.01109
G1 X111.449 Y111.16 E.01327
G1 X111.675 Y110.797 E.01418
G1 X111.783 Y110.509 E.01017
G1 X111.843 Y110.209 E.01017
G1 X111.843 Y109.791 E.01385
G1 X111.841 Y109.778 E.00045
G1 E-.8 F3600
M204 S2000
G1 X112.102 Y109.721 F18000
G1 E.8 F3600
;TYPE:Gap infill
;WIDTH:0.177463
G1 F1200
G1 X112.023 Y109.354 E.00412
G1 X111.846 Y108.955 E.00479
G1 X111.595 Y108.599 E.00478
G1 X111.273 Y108.304 E.00478
G1 X110.9 Y108.078 E.00478
G1 X110.501 Y107.938 E.00464
G1 X110.113 Y107.884 E.0043
G1 X109.728 Y107.896 E.00422
G1 X109.302 Y107.995 E.00479
G1 X108.908 Y108.181 E.00479
G1 X108.56 Y108.444 E.00478
G1 X108.271 Y108.771 E.00478
G1 X108.057 Y109.151 E.00478
G1 X107.982 Y109.346 E.00229
G1 X107.886 Y109.808 E.00517
G1 X107.889 Y110.228 E.00461
G1 X107.979 Y110.645 E.00468
G1 X108.152 Y111.046 E.00479
G1 X108.389 Y111.386 E.00455
G1 X108.715 Y111.689 E.00488
G1 X109.049 Y111.895 E.0043
G1 X109.383 Y112.034 E.00397
G1 X109.827 Y112.118 E.00495
G1 X110.222 Y112.112 E.00433
G1 X110.681 Y112.01 E.00516
G1 X111.013 Y111.868 E.00396
G1 X111.361 Y111.631 E.00461
G1 X111.666 Y111.322 E.00476
G1 X111.9 Y110.95 E.00482
G1 X112.043 Y110.579 E.00436
G1 X112.109 Y110.229 E.0039
G1 X112.113 Y109.772 E.00501
G1 X112.107 Y109.741 E.00035
; stop printing object separador_timon.stl id:0 copy 0
; printing object "separador_timon.stl" id:1 copy 0
G1 E-.8 F3600
G1 X107.456 Y134.959 F18000
G1 E.8 F3600
M204 S1000
;TYPE:Outer wall
;WIDTH:0.42
G1 F1200
G1 X107.577 Y134.717 E.00832
G1 X107.731 Y134.475 E.00883
G1 X107.909 Y134.25 E.00883
G1 X108.109 Y134.044 E.00883
G1 X108.33 Y133.86 E.00883
G1 X108.568 Y133.7 E.00883
G1 X108.822 Y133.565 E.00883
G1 X109.088 Y133.456 E.00883
G1 X109.364 Y133.376 E.00883
G1 X109.646 Y133.325 E.00883
G1 X109.933 Y133.302 E.00884
G1 X110.17 Y133.307 E.00729
G1 X110.649 Y133.377 E.01485
G1 X110.921 Y133.456 E.00871
G1 X111.187 Y133.565 E.00883
G1 X111.441 Y133.7 E.00883
G1 X111.679 Y133.86 E.00883
G1 X111.899 Y134.044 E.00883
G1 X112.1 Y134.25 E.00883
G1 X112.278 Y134.475 E.00883
G1 X112.432 Y134.717 E.00883
G1 X112.561 Y134.974 E.00883
G1 X112.662 Y135.243 E.00883
G1 X112.735 Y135.521 E.00883
G1 X112.779 Y135.802 E.00874
G1 X112.79 Y136.238 E.0134
G1 X112.761 Y136.521 E.00874
G1 X112.702 Y136.802 E.00883
G1 X112.615 Y137.075 E.00883
G1 X112.5 Y137.339 E.00883
G1 X112.358 Y137.589 E.00883
G1 X112.192 Y137.823 E.00883
G1 X112.002 Y138.038 E.00883
G1 X111.791 Y138.233 E.00883
G1 X111.562 Y138.406 E.00883
G1 X111.315 Y138.554 E.00883
G1 X111.055 Y138.675 E.00883
G1 X110.784 Y138.77 E.00883
G1 X110.505 Y138.836 E.00883
G1 X110.222 Y138.872 E.00874
G1 X109.786 Y138.872 E.0134
G1 X109.504 Y138.836 E.00874
G1 X109.225 Y138.77 E.00883
G1 X108.953 Y138.675 E.00884
G1 X108.737 Y138.576 E.00729
G1 X108.327 Y138.32 E.01485
G1 X108.109 Y138.139 E.00871
G1 X107.909 Y137.933 E.00883
G1 X107.731 Y137.708 E.00883
G1 X107.577 Y137.465 E.00883
G1 X107.448 Y137.208 E.00883
G1 X107.347 Y136.94 E.00883
G1 X107.274 Y136.662 E.00883
G1 X107.23 Y136.381 E.00874
G1 X107.219 Y135.948 E.01331
G1 X107.274 Y135.518 E.01331
G1 X107.347 Y135.243 E.00874
G1 X107.447 Y134.977 E.00872
M204 S2000
G1 X107.808 Y135.131 F18000
M204 S1500
;TYPE:Inner wall
;WIDTH:0.45
G1 F1200
G1 X107.918 Y134.911 E.00819
G1 X108.051 Y134.702 E.00819
G1 X108.204 Y134.509 E.00819
G1 X108.376 Y134.332 E.00819
G1 X108.566 Y134.174 E.00819
G1 X108.77 Y134.036 E.00819
G1 X108.988 Y133.92 E.00819
G1 X109.217 Y133.827 E.00819
G1 X109.454 Y133.758 E.00819
G1 X109.697 Y133.714 E.00819
G1 X110.138 Y133.699 E.01465
G1 X110.565 Y133.761 E.01433
G1 X110.792 Y133.827 E.00783
G1 X111.021 Y133.92 E.00819
G1 X111.238 Y134.036 E.00819
G1 X111.443 Y134.174 E.00819
G1 X111.633 Y134.332 E.00819
G1 X111.805 Y134.509 E.00819
G1 X111.958 Y134.702 E.00819
G1 X112.091 Y134.911 E.00819
G1 X112.201 Y135.131 E.00819
G1 X112.288 Y135.362 E.00819
G1 X112.351 Y135.601 E.00819
G1 X112.388 Y135.837 E.00793
G1 X112.398 Y136.222 E.01279
G1 X112.373 Y136.46 E.00793
G1 X112.322 Y136.702 E.00819
G1 X112.247 Y136.937 E.00819
G1 X112.149 Y137.163 E.00819
G1 X112.027 Y137.378 E.00819
G1 X111.884 Y137.579 E.00819
G1 X111.721 Y137.764 E.00819
G1 X111.54 Y137.932 E.00819
G1 X111.343 Y138.08 E.00819
G1 X111.131 Y138.207 E.00819
G1 X110.907 Y138.312 E.00819
G1 X110.674 Y138.393 E.00819
G1 X110.434 Y138.45 E.00819
G1 X110.197 Y138.48 E.00793
G1 X109.812 Y138.48 E.01279
G1 X109.575 Y138.45 E.00793
G1 X109.334 Y138.393 E.00819
G1 X108.924 Y138.23 E.01465
G1 X108.557 Y138.002 E.01433
G1 X108.376 Y137.85 E.00783
G1 X108.204 Y137.674 E.00819
G1 X108.051 Y137.48 E.00819
G1 X107.918 Y137.272 E.00819
G1 X107.808 Y137.051 E.00819
G1 X107.721 Y136.82 E.00819
G1 X107.658 Y136.582 E.00819
G1 X107.621 Y136.345 E.00793
G1 X107.611 Y135.968 E.01253
G1 X107.66 Y135.593 E.01253
G1 X107.721 Y135.362 E.00793
G1 X107.801 Y135.15 E.00752
M204 S2000
G1 E-.8 F3600
G1 X111.455 Y135.925 F18000
G1 E.8 F3600
M204 S1000
;TYPE:Outer wall
;WIDTH:0.42
G1 F1200
G1 X111.455 Y135.922 E.0001
G1 X111.409 Y135.69 E.00726
G1 X111.326 Y135.469 E.00726
G1 X111.146 Y135.179 E.01047
G1 X110.96 Y134.987 E.0082
G1 X110.704 Y134.809 E.0096
G1 X110.489 Y134.713 E.00724
G1 X110.26 Y134.653 E.00726
G1 X109.917 Y134.632 E.01056
G1 X109.579 Y134.694 E.01056
G1 X109.358 Y134.781 E.00731
G1 X109.134 Y134.919 E.00807
G1 X108.903 Y135.131 E.00964
G1 X108.748 Y135.347 E.00817
G1 X108.616 Y135.635 E.00973
G1 X108.548 Y135.971 E.01054
G1 X108.548 Y136.207 E.00726
G1 X108.586 Y136.441 E.00726
G1 X108.706 Y136.763 E.01056
G1 X108.899 Y137.047 E.01056
G1 X109.068 Y137.212 E.00726
G1 X109.261 Y137.349 E.00726
G1 X109.575 Y137.488 E.01056
G1 X109.913 Y137.549 E.01056
G1 X110.154 Y137.545 E.00739
G1 X110.485 Y137.471 E.01043
G1 X110.702 Y137.375 E.00731
G1 X110.92 Y137.228 E.00807
G1 X111.145 Y137.005 E.00973
G1 X111.326 Y136.714 E.01054
G1 X111.409 Y136.493 E.00726
G1 X111.455 Y136.261 E.00726
G1 X111.455 Y135.945 E.00971
M204 S2000
G1 X111.841 Y135.85 F18000
M204 S1500
;TYPE:Inner wall
;WIDTH:0.45
G1 F1200
G1 X111.787 Y135.582 E.00906
G1 X111.68 Y135.295 E.01017
G1 X111.457 Y134.936 E.01399
G1 X111.216 Y134.688 E.01149
G1 X110.897 Y134.466 E.01287
G1 X110.619 Y134.342 E.0101
G1 X110.323 Y134.264 E.01017
G1 X109.894 Y134.238 E.01426
G1 X109.471 Y134.315 E.01426
G1 X109.182 Y134.429 E.01031
G1 X108.897 Y134.604 E.01109
G1 X108.608 Y134.87 E.01301
G1 X108.407 Y135.149 E.01142
G1 X108.241 Y135.513 E.01327
G1 X108.156 Y135.932 E.01418
G1 X108.156 Y136.239 E.01017
G1 X108.205 Y136.541 E.01017
G1 X108.355 Y136.944 E.01426
G1 X108.597 Y137.299 E.01426
G1 X108.816 Y137.514 E.01017
G1 X109.066 Y137.691 E.01017
G1 X109.459 Y137.866 E.01426
G1 X109.882 Y137.942 E.01426
G1 X110.2 Y137.936 E.01057
G1 X110.608 Y137.845 E.01385
G1 X110.892 Y137.719 E.01031
G1 X111.17 Y137.533 E.01109
G1 X111.454 Y137.251 E.01327
G1 X111.68 Y136.888 E.01418
G1 X111.787 Y136.601 E.01017
G1 X111.848 Y136.3 E.01017
G1 X111.848 Y135.882 E.01385
G1 X111.845 Y135.869 E.00045
M204 S2000
G1 X112.107 Y135.812 F18000
;TYPE:Gap infill
;WIDTH:0.177463
G1 F1200
G1 X112.027 Y135.445 E.00412
G1 X111.85 Y135.047 E.00479
G1 X111.599 Y134.69 E.00478
G1 X111.277 Y134.395 E.00478
G1 X110.904 Y134.169 E.00478
G1 X110.505 Y134.029 E.00464
G1 X110.117 Y133.975 E.0043
G1 X109.732 Y133.988 E.00422
G1 X109.307 Y134.086 E.00479
G1 X108.912 Y134.272 E.00479
G1 X108.564 Y134.535 E.00478
G1 X108.275 Y134.862 E.00478
G1 X108.061 Y135.242 E.00478
G1 X107.986 Y135.437 E.00229
G1 X107.89 Y135.899 E.00517
G1 X107.893 Y136.319 E.00461
G1 X107.984 Y136.736 E.00468
G1 X108.156 Y137.137 E.00479
G1 X108.394 Y137.478 E.00455
G1 X108.719 Y137.781 E.00488
G1 X109.053 Y137.986 E.0043
G1 X109.387 Y138.126 E.00397
G1 X109.831 Y138.209 E.00495
G1 X110.226 Y138.203 E.00433
G1 X110.686 Y138.101 E.00516
G1 X111.018 Y137.959 E.00396
G1 X111.365 Y137.723 E.00461
G1 X111.67 Y137.413 E.00476
G1 X111.905 Y137.041 E.00482
G1 X112.048 Y136.67 E.00436
G1 X112.114 Y136.32 E.0039
G1 X112.118 Y135.863 E.00501
G1 X112.111 Y135.832 E.00035
; stop printing object separador_timon.stl id:1 copy 0
; end of layer_num: 19, T: 0, print_z: 3.840000
;LAYER_CHANGE
;Z:4.04
;HEIGHT:0.2
; BEFORE_LAYER_CHANGE 19 @ 4.04mm
G92 E0
; AFTER_LAYER_CHANGE 19 @ 4.04mm
; start of layer_num: 20, T: 0, print_z: 4.040000
; printing object "separador_timon.stl" id:0 copy 0
G1 E-.8 F3600
G1 X107.451 Y108.868 Z4.04 F18000
G1 E.8 F3600
M204 S1000
;TYPE:Outer wall
;WIDTH:0.42
G1 F1200
G1 X107.572 Y108.626 E.0083
G1 X107.726 Y108.384 E.00883
G1 X107.905 Y108.158 E.00883
G1 X108.105 Y107.953 E.00883
G1 X108.326 Y107.769 E.00883
G1 X108.564 Y107.608 E.00883
G1 X108.817 Y107.473 E.00883
G1 X109.083 Y107.365 E.00883
G1 X109.359 Y107.285 E.00883
G1 X109.642 Y107.233 E.00883
G1 X109.929 Y107.211 E.00884
G1 X110.164 Y107.216 E.00722
G1 X110.644 Y107.286 E.01493
G1 X110.917 Y107.365 E.00871
G1 X111.183 Y107.473 E.00883
G1 X111.436 Y107.608 E.00883
G1 X111.674 Y107.769 E.00883
G1 X111.895 Y107.953 E.00883
G1 X112.095 Y108.158 E.00883
G1 X112.274 Y108.384 E.00883
G1 X112.428 Y108.626 E.00883
G1 X112.556 Y108.883 E.00883
G1 X112.658 Y109.152 E.00883
G1 X112.731 Y109.43 E.00884
G1 X112.768 Y109.662 E.00722
G1 X112.786 Y110.147 E.01493
G1 X112.756 Y110.429 E.00871
G1 X112.698 Y110.71 E.00883
G1 X112.61 Y110.984 E.00883
G1 X112.495 Y111.247 E.00883
G1 X112.354 Y111.497 E.00883
G1 X112.187 Y111.731 E.00883
G1 X111.998 Y111.947 E.00884
G1 X111.826 Y112.108 E.00722
G1 X111.433 Y112.393 E.01493
G1 X111.183 Y112.527 E.00871
G1 X110.917 Y112.635 E.00883
G1 X110.641 Y112.715 E.00883
G1 X110.358 Y112.767 E.00883
G1 X110.072 Y112.789 E.00883
G1 X109.785 Y112.781 E.00883
G1 X109.5 Y112.745 E.00883
G1 X109.22 Y112.679 E.00883
G1 X108.949 Y112.584 E.00883
G1 X108.689 Y112.462 E.00883
G1 X108.442 Y112.314 E.00884
G1 X108.254 Y112.174 E.00722
G1 X107.902 Y111.839 E.01493
G1 X107.726 Y111.616 E.00871
G1 X107.572 Y111.374 E.00883
G1 X107.444 Y111.117 E.00883
G1 X107.342 Y110.848 E.00883
G1 X107.269 Y110.57 E.00884
G1 X107.232 Y110.338 E.00722
G1 X107.214 Y109.853 E.01493
G1 X107.244 Y109.57 E.00873
G1 X107.29 Y109.34 E.00722
G1 X107.443 Y108.886 E.01472
M204 S2000
G1 X107.808 Y109.03 F18000
M204 S1500
;TYPE:Inner wall
;WIDTH:0.45
G1 F1200
G1 X107.914 Y108.819 E.00783
G1 X108.046 Y108.611 E.00819
G1 X108.199 Y108.418 E.00819
G1 X108.372 Y108.241 E.00819
G1 X108.561 Y108.083 E.00819
G1 X108.766 Y107.945 E.00819
G1 X108.984 Y107.829 E.00819
G1 X109.212 Y107.736 E.00819
G1 X109.449 Y107.667 E.00819
G1 X109.692 Y107.623 E.00819
G1 X110.131 Y107.608 E.01457
G1 X110.561 Y107.67 E.01441
G1 X110.788 Y107.736 E.00783
G1 X111.016 Y107.829 E.00819
G1 X111.234 Y107.945 E.00819
G1 X111.439 Y108.083 E.00819
G1 X111.628 Y108.241 E.00819
G1 X111.801 Y108.418 E.00819
G1 X111.954 Y108.611 E.00819
G1 X112.086 Y108.819 E.00819
G1 X112.197 Y109.04 E.00819
G1 X112.284 Y109.271 E.00819
G1 X112.377 Y109.7 E.01457
G1 X112.393 Y110.134 E.01441
G1 X112.369 Y110.369 E.00783
G1 X112.318 Y110.61 E.00819
G1 X112.243 Y110.846 E.00819
G1 X112.144 Y111.072 E.00819
G1 X112.023 Y111.287 E.00819
G1 X111.88 Y111.488 E.00819
G1 X111.576 Y111.805 E.01457
G1 X111.224 Y112.06 E.01441
G1 X111.016 Y112.171 E.00783
G1 X110.788 Y112.264 E.00819
G1 X110.551 Y112.333 E.00819
G1 X110.308 Y112.377 E.00819
G1 X110.062 Y112.396 E.00819
G1 X109.815 Y112.39 E.00819
G1 X109.57 Y112.358 E.00819
G1 X109.33 Y112.302 E.00819
G1 X109.097 Y112.221 E.00819
G1 X108.873 Y112.116 E.00819
G1 X108.507 Y111.874 E.01457
G1 X108.193 Y111.574 E.01441
G1 X108.046 Y111.389 E.00783
G1 X107.914 Y111.181 E.00819
G1 X107.803 Y110.96 E.00819
G1 X107.716 Y110.729 E.00819
G1 X107.623 Y110.3 E.01457
G1 X107.607 Y109.866 E.01441
G1 X107.67 Y109.442 E.01421
G1 X107.802 Y109.049 E.01375
M204 S2000
G1 E-.8 F3600
G1 X111.451 Y109.833 F18000
G1 E.8 F3600
M204 S1000
;TYPE:Outer wall
;WIDTH:0.42
G1 F1200
G1 X111.451 Y109.83 E.00008
G1 X111.404 Y109.599 E.00726
G1 X111.322 Y109.377 E.00726
G1 X111.142 Y109.089 E.01043
G1 X110.98 Y108.917 E.00726
G1 X110.793 Y108.773 E.00726
G1 X110.488 Y108.623 E.01043
G1 X110.256 Y108.562 E.00739
G1 X109.913 Y108.541 E.01056
G1 X109.575 Y108.602 E.01056
G1 X109.355 Y108.689 E.00726
G1 X109.152 Y108.81 E.00726
G1 X108.897 Y109.041 E.01056
G1 X108.704 Y109.325 E.01056
G1 X108.611 Y109.547 E.00739
G1 X108.544 Y109.88 E.01043
G1 X108.544 Y110.116 E.00726
G1 X108.581 Y110.349 E.00726
G1 X108.7 Y110.667 E.01043
G1 X108.827 Y110.872 E.00739
G1 X109.063 Y111.122 E.01056
G1 X109.351 Y111.309 E.01056
G1 X109.575 Y111.398 E.00739
G1 X109.909 Y111.458 E.01043
G1 X110.149 Y111.453 E.00739
G1 X110.481 Y111.38 E.01043
G1 X110.697 Y111.284 E.00726
G1 X110.895 Y111.155 E.00726
G1 X111.14 Y110.914 E.01056
G1 X111.322 Y110.623 E.01056
G1 X111.404 Y110.401 E.00726
G1 X111.451 Y110.17 E.00726
G1 X111.451 Y109.853 E.00974
M204 S2000
G1 X111.837 Y109.758 F18000
M204 S1500
;TYPE:Inner wall
;WIDTH:0.45
G1 F1200
G1 X111.783 Y109.491 E.00906
G1 X111.675 Y109.203 E.01017
G1 X111.455 Y108.849 E.01385
G1 X111.244 Y108.626 E.01017
G1 X111.001 Y108.438 E.01017
G1 X110.626 Y108.254 E.01385
G1 X110.318 Y108.173 E.01057
G1 X109.889 Y108.147 E.01426
G1 X109.466 Y108.223 E.01426
G1 X109.181 Y108.337 E.01017
G1 X108.918 Y108.493 E.01017
G1 X108.599 Y108.782 E.01426
G1 X108.358 Y109.137 E.01426
G1 X108.234 Y109.431 E.01057
G1 X108.152 Y109.841 E.01385
G1 X108.152 Y110.147 E.01017
G1 X108.2 Y110.45 E.01017
G1 X108.347 Y110.841 E.01385
G1 X108.515 Y111.112 E.01057
G1 X108.81 Y111.425 E.01426
G1 X109.17 Y111.659 E.01426
G1 X109.466 Y111.777 E.01057
G1 X109.877 Y111.851 E.01385
G1 X110.196 Y111.845 E.01057
G1 X110.604 Y111.754 E.01385
G1 X110.884 Y111.63 E.01017
G1 X111.141 Y111.462 E.01017
G1 X111.448 Y111.162 E.01426
G1 X111.675 Y110.797 E.01426
G1 X111.783 Y110.509 E.01017
G1 X111.843 Y110.209 E.01017
G1 X111.843 Y109.791 E.01385
G1 X111.841 Y109.778 E.00045
G1 E-.8 F3600
M204 S2000
G1 X112.103 Y109.721 F18000
G1 E.8 F3600
;TYPE:Gap infill
;WIDTH:0.177714
G1 F1200
G1 X112.023 Y109.355 E.00412
G1 X111.846 Y108.955 E.0048
G1 X111.595 Y108.599 E.00479
G1 X111.274 Y108.302 E.00479
G1 X110.899 Y108.08 E.00479
G1 X110.501 Y107.938 E.00464
G1 X110.11 Y107.884 E.00433
G1 X109.728 Y107.896 E.0042
G1 X109.302 Y107.995 E.0048
G1 X108.907 Y108.181 E.00479
G1 X108.56 Y108.444 E.00479
G1 X108.404 Y108.603 E.00244
G1 X108.272 Y108.772 E.00236
G1 X108.121 Y109.016 E.00315
G1 X107.978 Y109.359 E.00408
G1 X107.885 Y109.808 E.00503
G1 X107.895 Y110.271 E.00509
G1 X107.979 Y110.645 E.00421
G1 X108.152 Y111.046 E.0048
G1 X108.398 Y111.389 E.00464
G1 X108.681 Y111.665 E.00433
G1 X109.041 Y111.895 E.0047
G1 X109.406 Y112.041 E.00432
G1 X109.836 Y112.119 E.0048
G1 X110.273 Y112.107 E.0048
G1 X110.695 Y112.009 E.00476
G1 X111.016 Y111.863 E.00388
G1 X111.313 Y111.667 E.00391
G1 X111.664 Y111.325 E.00538
G1 X111.9 Y110.95 E.00487
G1 X112.043 Y110.579 E.00437
G1 X112.109 Y110.229 E.00391
G1 X112.111 Y109.758 E.00517
G1 X112.107 Y109.741 E.00019
; stop printing object separador_timon.stl id:0 copy 0
; printing object "separador_timon.stl" id:1 copy 0
G1 E-.8 F3600
G1 X107.456 Y134.959 F18000
G1 E.8 F3600
M204 S1000
;TYPE:Outer wall
;WIDTH:0.42
G1 F1200
G1 X107.577 Y134.717 E.0083
G1 X107.731 Y134.475 E.00883
G1 X107.909 Y134.25 E.00883
G1 X108.109 Y134.044 E.00883
G1 X108.33 Y133.86 E.00883
G1 X108.568 Y133.7 E.00883
G1 X108.822 Y133.565 E.00883
G1 X109.088 Y133.456 E.00883
G1 X109.364 Y133.376 E.00883
G1 X109.646 Y133.325 E.00883
G1 X109.933 Y133.302 E.00884
G1 X110.168 Y133.307 E.00722
G1 X110.649 Y133.377 E.01493
G1 X110.921 Y133.456 E.00871
G1 X111.187 Y133.565 E.00883
G1 X111.441 Y133.7 E.00883
G1 X111.679 Y133.86 E.00883
G1 X111.899 Y134.044 E.00883
G1 X112.1 Y134.25 E.00883
G1 X112.278 Y134.475 E.00883
G1 X112.432 Y134.717 E.00883
G1 X112.561 Y134.974 E.00883
G1 X112.662 Y135.243 E.00883
G1 X112.735 Y135.521 E.00884
G1 X112.773 Y135.753 E.00722
G1 X112.79 Y136.239 E.01493
G1 X112.761 Y136.521 E.00871
G1 X112.702 Y136.802 E.00883
G1 X112.615 Y137.075 E.00883
G1 X112.5 Y137.339 E.00883
G1 X112.358 Y137.589 E.00883
G1 X112.192 Y137.823 E.00883
G1 X112.002 Y138.039 E.00884
G1 X111.83 Y138.199 E.00722
G1 X111.437 Y138.485 E.01493
G1 X111.187 Y138.618 E.00871
G1 X110.921 Y138.726 E.00883
G1 X110.645 Y138.806 E.00883
G1 X110.363 Y138.858 E.00883
G1 X110.076 Y138.88 E.00883
G1 X109.789 Y138.873 E.00883
G1 X109.504 Y138.836 E.00883
G1 X109.225 Y138.77 E.00883
G1 X108.953 Y138.675 E.00883
G1 X108.693 Y138.554 E.00883
G1 X108.447 Y138.406 E.00884
G1 X108.258 Y138.266 E.00722
G1 X107.907 Y137.93 E.01493
G1 X107.731 Y137.708 E.00871
G1 X107.577 Y137.465 E.00883
G1 X107.448 Y137.208 E.00883
G1 X107.347 Y136.94 E.00883
G1 X107.274 Y136.661 E.00884
G1 X107.236 Y136.429 E.00722
G1 X107.219 Y135.944 E.01493
G1 X107.248 Y135.661 E.00873
G1 X107.295 Y135.431 E.00722
G1 X107.448 Y134.977 E.01472
M204 S2000
G1 X107.813 Y135.122 F18000
M204 S1500
;TYPE:Inner wall
;WIDTH:0.45
G1 F1200
G1 X107.918 Y134.911 E.00783
G1 X108.051 Y134.702 E.00819
G1 X108.204 Y134.509 E.00819
G1 X108.376 Y134.332 E.00819
G1 X108.566 Y134.174 E.00819
G1 X108.77 Y134.036 E.00819
G1 X108.988 Y133.92 E.00819
G1 X109.217 Y133.827 E.00819
G1 X109.454 Y133.758 E.00819
G1 X109.697 Y133.714 E.00819
G1 X110.136 Y133.699 E.01457
G1 X110.565 Y133.761 E.01441
G1 X110.792 Y133.827 E.00783
G1 X111.021 Y133.92 E.00819
G1 X111.238 Y134.036 E.00819
G1 X111.443 Y134.174 E.00819
G1 X111.633 Y134.332 E.00819
G1 X111.805 Y134.509 E.00819
G1 X111.958 Y134.702 E.00819
G1 X112.091 Y134.911 E.00819
G1 X112.201 Y135.131 E.00819
G1 X112.288 Y135.362 E.00819
G1 X112.382 Y135.791 E.01457
G1 X112.397 Y136.225 E.01441
G1 X112.373 Y136.46 E.00783
G1 X112.322 Y136.702 E.00819
G1 X112.247 Y136.937 E.00819
G1 X112.149 Y137.163 E.00819
G1 X112.027 Y137.378 E.00819
G1 X111.884 Y137.579 E.00819
G1 X111.58 Y137.896 E.01457
G1 X111.229 Y138.151 E.01441
G1 X111.021 Y138.262 E.00783
G1 X110.792 Y138.355 E.00819
G1 X110.555 Y138.424 E.00819
G1 X110.312 Y138.469 E.00819
G1 X110.066 Y138.488 E.00819
G1 X109.819 Y138.481 E.00819
G1 X109.575 Y138.45 E.00819
G1 X109.334 Y138.393 E.00819
G1 X109.101 Y138.312 E.00819
G1 X108.878 Y138.207 E.00819
G1 X108.511 Y137.965 E.01457
G1 X108.197 Y137.665 E.01441
G1 X108.051 Y137.48 E.00783
G1 X107.918 Y137.272 E.00819
G1 X107.808 Y137.051 E.00819
G1 X107.721 Y136.82 E.00819
G1 X107.627 Y136.391 E.01457
G1 X107.612 Y135.957 E.01441
G1 X107.674 Y135.533 E.01421
G1 X107.806 Y135.141 E.01375
M204 S2000
G1 E-.8 F3600
G1 X111.455 Y135.924 F18000
G1 E.8 F3600
M204 S1000
;TYPE:Outer wall
;WIDTH:0.42
G1 F1200
G1 X111.455 Y135.922 E.00008
G1 X111.409 Y135.69 E.00726
G1 X111.326 Y135.469 E.00726
G1 X111.147 Y135.18 E.01043
G1 X110.985 Y135.008 E.00726
G1 X110.797 Y134.864 E.00726
G1 X110.493 Y134.714 E.01043
G1 X110.26 Y134.653 E.00739
G1 X109.917 Y134.632 E.01056
G1 X109.579 Y134.694 E.01056
G1 X109.359 Y134.781 E.00726
G1 X109.156 Y134.902 E.00726
G1 X108.902 Y135.132 E.01056
G1 X108.709 Y135.417 E.01056
G1 X108.615 Y135.638 E.00739
G1 X108.548 Y135.971 E.01043
G1 X108.548 Y136.207 E.00726
G1 X108.586 Y136.441 E.00726
G1 X108.705 Y136.759 E.01043
G1 X108.832 Y136.963 E.00739
G1 X109.067 Y137.213 E.01056
G1 X109.356 Y137.4 E.01056
G1 X109.579 Y137.489 E.00739
G1 X109.913 Y137.549 E.01043
G1 X110.154 Y137.545 E.00739
G1 X110.485 Y137.471 E.01043
G1 X110.701 Y137.375 E.00726
G1 X110.899 Y137.246 E.00726
G1 X111.144 Y137.006 E.01056
G1 X111.326 Y136.714 E.01056
G1 X111.409 Y136.493 E.00726
G1 X111.455 Y136.261 E.00726
G1 X111.455 Y135.944 E.00974
M204 S2000
G1 X111.841 Y135.85 F18000
M204 S1500
;TYPE:Inner wall
;WIDTH:0.45
G1 F1200
G1 X111.787 Y135.582 E.00906
G1 X111.68 Y135.295 E.01017
G1 X111.459 Y134.94 E.01385
G1 X111.249 Y134.717 E.01017
G1 X111.006 Y134.53 E.01017
G1 X110.631 Y134.345 E.01385
G1 X110.323 Y134.264 E.01057
G1 X109.894 Y134.238 E.01426
G1 X109.471 Y134.315 E.01426
G1 X109.186 Y134.428 E.01017
G1 X108.922 Y134.585 E.01017
G1 X108.604 Y134.873 E.01426
G1 X108.362 Y135.229 E.01426
G1 X108.239 Y135.522 E.01057
G1 X108.156 Y135.932 E.01385
G1 X108.156 Y136.239 E.01017
G1 X108.205 Y136.541 E.01017
G1 X108.351 Y136.933 E.01385
G1 X108.52 Y137.203 E.01057
G1 X108.814 Y137.516 E.01426
G1 X109.175 Y137.75 E.01426
G1 X109.471 Y137.868 E.01057
G1 X109.882 Y137.942 E.01385
G1 X110.2 Y137.936 E.01057
G1 X110.608 Y137.845 E.01385
G1 X110.888 Y137.721 E.01017
G1 X111.146 Y137.554 E.01017
G1 X111.452 Y137.253 E.01426
G1 X111.68 Y136.888 E.01426
G1 X111.787 Y136.601 E.01017
G1 X111.848 Y136.3 E.01017
G1 X111.848 Y135.882 E.01385
G1 X111.845 Y135.869 E.00045
M204 S2000
G1 X112.107 Y135.812 F18000
;TYPE:Gap infill
;WIDTH:0.177714
G1 F1200
G1 X112.028 Y135.446 E.00412
G1 X111.85 Y135.047 E.0048
G1 X111.599 Y134.69 E.00479
G1 X111.278 Y134.394 E.00479
G1 X110.903 Y134.171 E.00479
G1 X110.505 Y134.029 E.00464
G1 X110.115 Y133.975 E.00433
G1 X109.732 Y133.988 E.0042
G1 X109.307 Y134.086 E.0048
G1 X108.912 Y134.272 E.00479
G1 X108.564 Y134.536 E.00479
G1 X108.408 Y134.694 E.00244
G1 X108.276 Y134.863 E.00236
G1 X108.125 Y135.107 E.00315
G1 X107.982 Y135.45 E.00408
G1 X107.89 Y135.899 E.00503
G1 X107.899 Y136.362 E.00509
G1 X107.984 Y136.736 E.00421
G1 X108.157 Y137.137 E.0048
G1 X108.403 Y137.481 E.00464
G1 X108.685 Y137.756 E.00433
G1 X109.045 Y137.986 E.0047
G1 X109.41 Y138.132 E.00432
G1 X109.84 Y138.21 E.0048
G1 X110.277 Y138.198 E.0048
G1 X110.699 Y138.1 E.00476
G1 X111.021 Y137.954 E.00388
G1 X111.317 Y137.758 E.00391
G1 X111.668 Y137.416 E.00538
G1 X111.905 Y137.041 E.00487
G1 X112.048 Y136.67 E.00437
G1 X112.114 Y136.32 E.00391
G1 X112.115 Y135.849 E.00517
G1 X112.111 Y135.832 E.00019
; stop printing object separador_timon.stl id:1 copy 0
; end of layer_num: 20, T: 0, print_z: 4.040000
;LAYER_CHANGE
;Z:4.24
;HEIGHT:0.2
; BEFORE_LAYER_CHANGE 20 @ 4.24mm
G92 E0
; AFTER_LAYER_CHANGE 20 @ 4.24mm
; start of layer_num: 21, T: 0, print_z: 4.240000
; printing object "separador_timon.stl" id:0 copy 0
G1 E-.8 F3600
G1 X107.452 Y108.867 Z4.24 F18000
G1 E.8 F3600
M204 S1000
;TYPE:Outer wall
;WIDTH:0.42
G1 F1200
G1 X107.572 Y108.626 E.00829
G1 X107.726 Y108.384 E.00883
G1 X107.905 Y108.158 E.00883
G1 X108.105 Y107.953 E.00883
G1 X108.326 Y107.769 E.00883
G1 X108.564 Y107.608 E.00883
G1 X108.817 Y107.473 E.00883
G1 X109.083 Y107.365 E.00883
G1 X109.359 Y107.285 E.00883
G1 X109.642 Y107.233 E.00883
G1 X109.929 Y107.211 E.00884
G1 X110.161 Y107.216 E.00714
G1 X110.644 Y107.286 E.01501
G1 X110.917 Y107.365 E.00871
G1 X111.183 Y107.473 E.00883
G1 X111.436 Y107.608 E.00883
G1 X111.674 Y107.769 E.00883
G1 X111.895 Y107.953 E.00883
G1 X112.095 Y108.158 E.00883
G1 X112.274 Y108.384 E.00883
G1 X112.428 Y108.626 E.00883
G1 X112.556 Y108.883 E.00883
G1 X112.658 Y109.152 E.00883
G1 X112.731 Y109.429 E.00883
G1 X112.775 Y109.71 E.00874
G1 X112.786 Y110.146 E.0134
G1 X112.756 Y110.429 E.00874
G1 X112.698 Y110.71 E.00883
G1 X112.61 Y110.984 E.00883
G1 X112.495 Y111.247 E.00883
G1 X112.354 Y111.497 E.00883
G1 X112.187 Y111.731 E.00883
G1 X111.998 Y111.947 E.00883
G1 X111.787 Y112.142 E.00882
G1 X111.557 Y112.315 E.00883
G1 X111.311 Y112.462 E.00883
G1 X111.051 Y112.584 E.00883
G1 X110.782 Y112.678 E.00874
G1 X110.355 Y112.767 E.0134
G1 X110.072 Y112.789 E.00874
G1 X109.785 Y112.781 E.00883
G1 X109.5 Y112.745 E.00883
G1 X109.22 Y112.679 E.00883
G1 X108.949 Y112.584 E.00883
G1 X108.689 Y112.462 E.00883
G1 X108.442 Y112.314 E.00884
G1 X108.256 Y112.176 E.00714
G1 X107.902 Y111.839 E.01501
G1 X107.726 Y111.616 E.00871
G1 X107.572 Y111.374 E.00883
G1 X107.444 Y111.117 E.00883
G1 X107.342 Y110.848 E.00883
G1 X107.269 Y110.571 E.00883
G1 X107.225 Y110.29 E.00874
G1 X107.214 Y109.856 E.01331
G1 X107.27 Y109.427 E.01331
G1 X107.342 Y109.152 E.00874
G1 X107.443 Y108.885 E.00875
M204 S2000
G1 X107.803 Y109.04 F18000
M204 S1500
;TYPE:Inner wall
;WIDTH:0.45
G1 F1200
G1 X107.914 Y108.819 E.00819
G1 X108.046 Y108.611 E.00819
G1 X108.199 Y108.418 E.00819
G1 X108.372 Y108.241 E.00819
G1 X108.561 Y108.083 E.00819
G1 X108.766 Y107.945 E.00819
G1 X108.984 Y107.829 E.00819
G1 X109.212 Y107.736 E.00819
G1 X109.449 Y107.667 E.00819
G1 X109.692 Y107.623 E.00819
G1 X110.129 Y107.607 E.01449
G1 X110.561 Y107.67 E.01449
G1 X110.788 Y107.736 E.00782
G1 X111.016 Y107.829 E.00819
G1 X111.234 Y107.945 E.00819
G1 X111.439 Y108.083 E.00819
G1 X111.628 Y108.241 E.00819
G1 X111.801 Y108.418 E.00819
G1 X111.954 Y108.611 E.00819
G1 X112.086 Y108.819 E.00819
G1 X112.197 Y109.04 E.00819
G1 X112.284 Y109.271 E.00819
G1 X112.346 Y109.51 E.00819
G1 X112.383 Y109.746 E.00793
G1 X112.393 Y110.131 E.01279
G1 X112.369 Y110.369 E.00793
G1 X112.318 Y110.61 E.00819
G1 X112.243 Y110.846 E.00819
G1 X112.144 Y111.072 E.00819
G1 X112.023 Y111.287 E.00819
G1 X111.88 Y111.488 E.00819
G1 X111.717 Y111.673 E.00819
G1 X111.536 Y111.841 E.00819
G1 X111.338 Y111.989 E.00819
G1 X111.127 Y112.116 E.00819
G1 X110.903 Y112.221 E.00819
G1 X110.677 Y112.299 E.00793
G1 X110.3 Y112.378 E.01279
G1 X110.062 Y112.396 E.00793
G1 X109.815 Y112.39 E.00819
G1 X109.57 Y112.358 E.00819
G1 X109.33 Y112.302 E.00819
G1 X109.097 Y112.221 E.00819
G1 X108.873 Y112.116 E.00819
G1 X108.509 Y111.875 E.01449
G1 X108.193 Y111.574 E.01449
G1 X108.046 Y111.389 E.00782
G1 X107.914 Y111.181 E.00819
G1 X107.803 Y110.96 E.00819
G1 X107.716 Y110.729 E.00819
G1 X107.654 Y110.49 E.00819
G1 X107.617 Y110.254 E.00793
G1 X107.607 Y109.877 E.01253
G1 X107.656 Y109.502 E.01253
G1 X107.716 Y109.271 E.00793
G1 X107.796 Y109.059 E.00752
M204 S2000
G1 E-.8 F3600
G1 X111.451 Y109.83 F18000
G1 E.8 F3600
M204 S1000
;TYPE:Outer wall
;WIDTH:0.42
G1 F1200
G1 X111.404 Y109.594 E.00739
G1 X111.272 Y109.282 E.01043
G1 X111.137 Y109.083 E.00739
G1 X110.895 Y108.845 E.01043
G1 X110.697 Y108.716 E.00726
G1 X110.481 Y108.62 E.00726
G1 X110.149 Y108.547 E.01043
G1 X109.909 Y108.542 E.00739
G1 X109.575 Y108.602 E.01043
G1 X109.355 Y108.689 E.00726
G1 X109.152 Y108.81 E.00726
G1 X108.899 Y109.039 E.01048
G1 X108.742 Y109.258 E.00828
G1 X108.612 Y109.544 E.00964
G1 X108.544 Y109.88 E.01053
G1 X108.544 Y110.116 E.00726
G1 X108.581 Y110.349 E.00726
G1 X108.7 Y110.667 E.01043
G1 X108.827 Y110.871 E.00739
G1 X109.063 Y111.122 E.01056
G1 X109.351 Y111.309 E.01056
G1 X109.575 Y111.398 E.00739
G1 X109.909 Y111.458 E.01043
G1 X110.149 Y111.453 E.00739
G1 X110.481 Y111.38 E.01043
G1 X110.697 Y111.284 E.00726
G1 X110.895 Y111.155 E.00726
G1 X111.137 Y110.917 E.01043
G1 X111.272 Y110.718 E.00739
G1 X111.404 Y110.406 E.01043
G1 X111.451 Y110.17 E.00739
G1 X111.451 Y109.85 E.00982
M204 S2000
G1 X111.837 Y109.758 F18000
M204 S1500
;TYPE:Inner wall
;WIDTH:0.45
G1 F1200
G1 X111.78 Y109.479 E.00946
G1 X111.618 Y109.094 E.01385
G1 X111.439 Y108.83 E.01057
G1 X111.141 Y108.538 E.01385
G1 X110.884 Y108.37 E.01017
G1 X110.604 Y108.246 E.01017
G1 X110.196 Y108.155 E.01385
G1 X109.877 Y108.149 E.01057
G1 X109.466 Y108.223 E.01385
G1 X109.181 Y108.337 E.01017
G1 X108.918 Y108.493 E.01017
G1 X108.605 Y108.777 E.014
G1 X108.401 Y109.061 E.01159
G1 X108.236 Y109.422 E.01317
G1 X108.152 Y109.841 E.01417
G1 X108.152 Y110.147 E.01017
G1 X108.2 Y110.45 E.01017
G1 X108.347 Y110.841 E.01385
G1 X108.515 Y111.112 E.01057
G1 X108.81 Y111.425 E.01426
G1 X109.17 Y111.659 E.01426
G1 X109.466 Y111.777 E.01057
G1 X109.877 Y111.851 E.01385
G1 X110.196 Y111.845 E.01057
G1 X110.604 Y111.754 E.01385
G1 X110.884 Y111.63 E.01017
G1 X111.141 Y111.462 E.01017
G1 X111.439 Y111.17 E.01385
G1 X111.618 Y110.906 E.01057
G1 X111.78 Y110.521 E.01385
G1 X111.843 Y110.209 E.01057
G1 X111.843 Y109.791 E.01385
G1 X111.841 Y109.778 E.00045
G1 E-.8 F3600
M204 S2000
G1 X112.104 Y109.724 F18000
G1 E.8 F3600
;TYPE:Gap infill
;WIDTH:0.177883
G1 F1200
G1 X112.036 Y109.393 E.00371
G1 X111.853 Y108.959 E.00518
G1 X111.641 Y108.653 E.00409
G1 X111.305 Y108.323 E.00518
G1 X111.007 Y108.133 E.00388
G1 X110.681 Y107.992 E.00391
G1 X110.222 Y107.89 E.00518
G1 X109.85 Y107.883 E.00409
G1 X109.387 Y107.968 E.00518
G1 X109.059 Y108.1 E.00388
G1 X108.755 Y108.283 E.00391
G1 X108.411 Y108.595 E.00511
G1 X108.168 Y108.933 E.00457
G1 X107.986 Y109.333 E.00484
G1 X107.886 Y109.808 E.00533
G1 X107.889 Y110.228 E.00462
G1 X107.979 Y110.645 E.0047
G1 X108.152 Y111.046 E.0048
G1 X108.398 Y111.389 E.00464
G1 X108.683 Y111.666 E.00437
G1 X109.041 Y111.895 E.00468
G1 X109.406 Y112.041 E.00432
G1 X109.836 Y112.119 E.00481
G1 X110.263 Y112.108 E.0047
G1 X110.682 Y112.01 E.00472
G1 X111.009 Y111.87 E.00391
G1 X111.36 Y111.63 E.00468
G1 X111.651 Y111.338 E.00453
G1 X111.857 Y111.028 E.00409
G1 X112.039 Y110.594 E.00518
G1 X112.109 Y110.229 E.00409
G1 X112.113 Y109.772 E.00503
G1 X112.108 Y109.743 E.00032
; stop printing object separador_timon.stl id:0 copy 0
; printing object "separador_timon.stl" id:1 copy 0
G1 E-.8 F3600
G1 X107.456 Y134.959 F18000
G1 E.8 F3600
M204 S1000
;TYPE:Outer wall
;WIDTH:0.42
G1 F1200
G1 X107.577 Y134.717 E.00829
G1 X107.731 Y134.475 E.00883
G1 X107.909 Y134.25 E.00883
G1 X108.109 Y134.044 E.00883
G1 X108.33 Y133.86 E.00883
G1 X108.568 Y133.7 E.00883
G1 X108.822 Y133.565 E.00883
G1 X109.088 Y133.456 E.00883
G1 X109.364 Y133.376 E.00883
G1 X109.646 Y133.325 E.00883
G1 X109.933 Y133.302 E.00884
G1 X110.165 Y133.307 E.00714
G1 X110.649 Y133.377 E.01501
G1 X110.921 Y133.456 E.00871
G1 X111.187 Y133.565 E.00883
G1 X111.441 Y133.7 E.00883
G1 X111.679 Y133.86 E.00883
G1 X111.899 Y134.044 E.00883
G1 X112.1 Y134.25 E.00883
G1 X112.278 Y134.475 E.00883
G1 X112.432 Y134.717 E.00883
G1 X112.561 Y134.974 E.00883
G1 X112.662 Y135.243 E.00883
G1 X112.735 Y135.521 E.00883
G1 X112.779 Y135.802 E.00874
G1 X112.79 Y136.238 E.0134
G1 X112.761 Y136.521 E.00874
G1 X112.702 Y136.802 E.00883
G1 X112.615 Y137.075 E.00883
G1 X112.5 Y137.339 E.00883
G1 X112.358 Y137.588 E.00883
G1 X112.192 Y137.823 E.00883
G1 X112.002 Y138.038 E.00883
G1 X111.791 Y138.233 E.00882
G1 X111.562 Y138.406 E.00883
G1 X111.315 Y138.554 E.00883
G1 X111.055 Y138.675 E.00883
G1 X110.787 Y138.769 E.00874
G1 X110.36 Y138.858 E.0134
G1 X110.076 Y138.88 E.00874
G1 X109.789 Y138.873 E.00883
G1 X109.504 Y138.836 E.00883
G1 X109.225 Y138.77 E.00883
G1 X108.953 Y138.675 E.00883
G1 X108.693 Y138.554 E.00883
G1 X108.447 Y138.406 E.00884
G1 X108.26 Y138.267 E.00714
G1 X107.907 Y137.93 E.01501
G1 X107.731 Y137.708 E.00871
G1 X107.577 Y137.465 E.00883
G1 X107.448 Y137.208 E.00883
G1 X107.347 Y136.94 E.00883
G1 X107.274 Y136.662 E.00883
G1 X107.23 Y136.381 E.00874
G1 X107.219 Y135.948 E.01331
G1 X107.274 Y135.518 E.01331
G1 X107.347 Y135.243 E.00874
G1 X107.447 Y134.977 E.00875
M204 S2000
G1 X107.808 Y135.131 F18000
M204 S1500
;TYPE:Inner wall
;WIDTH:0.45
G1 F1200
G1 X107.918 Y134.911 E.00819
G1 X108.051 Y134.702 E.00819
G1 X108.204 Y134.509 E.00819
G1 X108.376 Y134.332 E.00819
G1 X108.566 Y134.174 E.00819
G1 X108.77 Y134.036 E.00819
G1 X108.988 Y133.92 E.00819
G1 X109.217 Y133.827 E.00819
G1 X109.454 Y133.758 E.00819
G1 X109.697 Y133.714 E.00819
G1 X110.133 Y133.699 E.01449
G1 X110.566 Y133.761 E.01449
G1 X110.792 Y133.827 E.00782
G1 X111.021 Y133.92 E.00819
G1 X111.238 Y134.036 E.00819
G1 X111.443 Y134.174 E.00819
G1 X111.633 Y134.332 E.00819
G1 X111.805 Y134.509 E.00819
G1 X111.958 Y134.702 E.00819
G1 X112.091 Y134.911 E.00819
G1 X112.201 Y135.131 E.00819
G1 X112.288 Y135.362 E.00819
G1 X112.351 Y135.601 E.00819
G1 X112.388 Y135.837 E.00793
G1 X112.398 Y136.222 E.01279
G1 X112.373 Y136.46 E.00793
G1 X112.322 Y136.702 E.00819
G1 X112.247 Y136.937 E.00819
G1 X112.149 Y137.163 E.00819
G1 X112.027 Y137.378 E.00819
G1 X111.884 Y137.579 E.00819
G1 X111.721 Y137.764 E.00819
G1 X111.54 Y137.932 E.00819
G1 X111.343 Y138.08 E.00819
G1 X111.131 Y138.207 E.00819
G1 X110.907 Y138.312 E.00819
G1 X110.682 Y138.39 E.00793
G1 X110.304 Y138.469 E.01279
G1 X110.066 Y138.488 E.00793
G1 X109.819 Y138.481 E.00819
G1 X109.575 Y138.45 E.00819
G1 X109.334 Y138.393 E.00819
G1 X109.101 Y138.312 E.00819
G1 X108.878 Y138.207 E.00819
G1 X108.513 Y137.967 E.01449
G1 X108.197 Y137.665 E.01449
G1 X108.051 Y137.48 E.00782
G1 X107.918 Y137.272 E.00819
G1 X107.808 Y137.051 E.00819
G1 X107.721 Y136.82 E.00819
G1 X107.658 Y136.582 E.00819
G1 X107.621 Y136.345 E.00793
G1 X107.611 Y135.968 E.01253
G1 X107.66 Y135.593 E.01253
G1 X107.721 Y135.362 E.00793
G1 X107.801 Y135.15 E.00752
M204 S2000
G1 E-.8 F3600
G1 X111.455 Y135.922 F18000
G1 E.8 F3600
M204 S1000
;TYPE:Outer wall
;WIDTH:0.42
G1 F1200
G1 X111.408 Y135.686 E.00739
G1 X111.277 Y135.373 E.01043
G1 X111.141 Y135.174 E.00739
G1 X110.899 Y134.936 E.01043
G1 X110.701 Y134.807 E.00726
G1 X110.485 Y134.712 E.00726
G1 X110.154 Y134.638 E.01043
G1 X109.913 Y134.633 E.00739
G1 X109.579 Y134.694 E.01043
G1 X109.359 Y134.781 E.00726
G1 X109.156 Y134.902 E.00726
G1 X108.904 Y135.13 E.01048
G1 X108.747 Y135.35 E.00828
G1 X108.616 Y135.635 E.00964
G1 X108.548 Y135.971 E.01053
G1 X108.548 Y136.207 E.00726
G1 X108.586 Y136.441 E.00726
G1 X108.705 Y136.759 E.01043
G1 X108.832 Y136.963 E.00739
G1 X109.067 Y137.213 E.01056
G1 X109.356 Y137.4 E.01056
G1 X109.579 Y137.489 E.00739
G1 X109.913 Y137.549 E.01043
G1 X110.154 Y137.545 E.00739
G1 X110.485 Y137.471 E.01043
G1 X110.701 Y137.375 E.00726
G1 X110.899 Y137.246 E.00726
G1 X111.141 Y137.009 E.01043
G1 X111.277 Y136.81 E.00739
G1 X111.408 Y136.497 E.01043
G1 X111.455 Y136.261 E.00739
G1 X111.455 Y135.942 E.00982
M204 S2000
G1 X111.841 Y135.85 F18000
M204 S1500
;TYPE:Inner wall
;WIDTH:0.45
G1 F1200
G1 X111.785 Y135.57 E.00946
G1 X111.623 Y135.185 E.01385
G1 X111.444 Y134.921 E.01057
G1 X111.146 Y134.629 E.01385
G1 X110.888 Y134.462 E.01017
G1 X110.608 Y134.337 E.01017
G1 X110.2 Y134.247 E.01385
G1 X109.882 Y134.24 E.01057
G1 X109.471 Y134.315 E.01385
G1 X109.186 Y134.428 E.01017
G1 X108.922 Y134.585 E.01017
G1 X108.609 Y134.868 E.014
G1 X108.406 Y135.152 E.01159
G1 X108.241 Y135.513 E.01317
G1 X108.156 Y135.932 E.01417
G1 X108.156 Y136.239 E.01017
G1 X108.205 Y136.541 E.01017
G1 X108.351 Y136.933 E.01385
G1 X108.52 Y137.203 E.01057
G1 X108.814 Y137.516 E.01426
G1 X109.175 Y137.75 E.01426
G1 X109.471 Y137.868 E.01057
G1 X109.882 Y137.942 E.01385
G1 X110.2 Y137.936 E.01057
G1 X110.608 Y137.845 E.01385
G1 X110.888 Y137.721 E.01017
G1 X111.146 Y137.554 E.01017
G1 X111.444 Y137.261 E.01385
G1 X111.623 Y136.998 E.01057
G1 X111.785 Y136.613 E.01385
G1 X111.848 Y136.3 E.01057
G1 X111.848 Y135.882 E.01385
G1 X111.845 Y135.869 E.00045
M204 S2000
G1 X112.108 Y135.815 F18000
;TYPE:Gap infill
;WIDTH:0.177883
G1 F1200
G1 X112.04 Y135.485 E.00371
G1 X111.858 Y135.05 E.00518
G1 X111.645 Y134.745 E.00409
G1 X111.309 Y134.415 E.00518
G1 X111.011 Y134.225 E.00388
G1 X110.685 Y134.083 E.00391
G1 X110.226 Y133.981 E.00518
G1 X109.854 Y133.974 E.00409
G1 X109.391 Y134.059 E.00518
G1 X109.064 Y134.191 E.00388
G1 X108.759 Y134.375 E.00391
G1 X108.416 Y134.687 E.00511
G1 X108.173 Y135.024 E.00457
G1 X107.991 Y135.425 E.00484
G1 X107.89 Y135.899 E.00533
G1 X107.893 Y136.319 E.00462
G1 X107.984 Y136.736 E.0047
G1 X108.157 Y137.137 E.0048
G1 X108.402 Y137.48 E.00464
G1 X108.687 Y137.757 E.00437
G1 X109.045 Y137.986 E.00468
G1 X109.41 Y138.132 E.00432
G1 X109.84 Y138.21 E.00481
G1 X110.268 Y138.199 E.0047
G1 X110.686 Y138.101 E.00472
G1 X111.013 Y137.962 E.00391
G1 X111.365 Y137.722 E.00468
G1 X111.655 Y137.429 E.00453
G1 X111.861 Y137.12 E.00409
G1 X112.043 Y136.685 E.00518
G1 X112.114 Y136.32 E.00409
G1 X112.118 Y135.863 E.00503
G1 X112.112 Y135.835 E.00032
; stop printing object separador_timon.stl id:1 copy 0
; end of layer_num: 21, T: 0, print_z: 4.240000
;LAYER_CHANGE
;Z:4.44
;HEIGHT:0.2
; BEFORE_LAYER_CHANGE 21 @ 4.44mm
G92 E0
; AFTER_LAYER_CHANGE 21 @ 4.44mm
; start of layer_num: 22, T: 0, print_z: 4.440000
; printing object "separador_timon.stl" id:0 copy 0
G1 E-.8 F3600
G1 X107.452 Y108.867 Z4.44 F18000
G1 E.8 F3600
M204 S1000
;TYPE:Outer wall
;WIDTH:0.42
G1 F1200
G1 X107.572 Y108.626 E.00828
G1 X107.726 Y108.384 E.00883
G1 X107.905 Y108.158 E.00883
G1 X108.105 Y107.953 E.00883
G1 X108.326 Y107.769 E.00883
G1 X108.564 Y107.608 E.00883
G1 X108.817 Y107.473 E.00883
G1 X109.083 Y107.365 E.00883
G1 X109.359 Y107.285 E.00883
G1 X109.642 Y107.233 E.00883
G1 X109.929 Y107.211 E.00884
G1 X110.159 Y107.216 E.00706
G1 X110.644 Y107.286 E.01509
G1 X110.917 Y107.365 E.00871
G1 X111.183 Y107.473 E.00883
G1 X111.436 Y107.608 E.00883
G1 X111.674 Y107.769 E.00882
G1 X111.895 Y107.953 E.00883
G1 X112.095 Y108.158 E.00883
G1 X112.274 Y108.384 E.00883
G1 X112.428 Y108.626 E.00883
G1 X112.556 Y108.883 E.00883
G1 X112.658 Y109.152 E.00883
G1 X112.731 Y109.429 E.00883
G1 X112.775 Y109.71 E.00874
G1 X112.786 Y110.146 E.0134
G1 X112.756 Y110.429 E.00874
G1 X112.698 Y110.71 E.00883
G1 X112.61 Y110.984 E.00883
G1 X112.495 Y111.247 E.00883
G1 X112.354 Y111.497 E.00883
G1 X112.187 Y111.731 E.00883
G1 X111.997 Y111.948 E.00884
G1 X111.83 Y112.105 E.00706
G1 X111.433 Y112.393 E.01509
G1 X111.183 Y112.527 E.00871
G1 X110.917 Y112.635 E.00883
G1 X110.641 Y112.715 E.00883
G1 X110.358 Y112.767 E.00883
G1 X110.072 Y112.789 E.00883
G1 X109.785 Y112.781 E.00883
G1 X109.5 Y112.745 E.00883
G1 X109.22 Y112.679 E.00883
G1 X108.949 Y112.584 E.00883
G1 X108.689 Y112.462 E.00883
G1 X108.442 Y112.314 E.00884
G1 X108.258 Y112.177 E.00706
G1 X107.902 Y111.839 E.01509
G1 X107.726 Y111.616 E.00871
G1 X107.572 Y111.374 E.00883
G1 X107.444 Y111.117 E.00883
G1 X107.342 Y110.848 E.00883
G1 X107.269 Y110.571 E.00883
G1 X107.225 Y110.29 E.00874
G1 X107.214 Y109.854 E.0134
G1 X107.244 Y109.57 E.00876
G1 X107.289 Y109.345 E.00706
G1 X107.444 Y108.885 E.0149
M204 S2000
G1 X107.808 Y109.03 F18000
M204 S1500
;TYPE:Inner wall
;WIDTH:0.45
G1 F1200
G1 X107.914 Y108.819 E.00782
G1 X108.046 Y108.611 E.00819
G1 X108.199 Y108.418 E.00819
G1 X108.372 Y108.241 E.00819
G1 X108.561 Y108.083 E.00819
G1 X108.766 Y107.945 E.00819
G1 X108.984 Y107.829 E.00819
G1 X109.212 Y107.736 E.00819
G1 X109.449 Y107.667 E.00819
G1 X109.692 Y107.623 E.00819
G1 X110.126 Y107.607 E.01441
G1 X110.561 Y107.67 E.01457
G1 X110.788 Y107.736 E.00782
G1 X111.016 Y107.829 E.00819
G1 X111.234 Y107.945 E.00819
G1 X111.439 Y108.083 E.00819
G1 X111.628 Y108.241 E.00819
G1 X111.801 Y108.418 E.00819
G1 X111.954 Y108.611 E.00819
G1 X112.086 Y108.819 E.00819
G1 X112.197 Y109.04 E.00819
G1 X112.284 Y109.271 E.00819
G1 X112.346 Y109.51 E.00819
G1 X112.383 Y109.746 E.00793
G1 X112.393 Y110.131 E.01279
G1 X112.369 Y110.369 E.00793
G1 X112.318 Y110.61 E.00819
G1 X112.243 Y110.846 E.00819
G1 X112.144 Y111.072 E.00819
G1 X112.023 Y111.287 E.00819
G1 X111.88 Y111.488 E.00819
G1 X111.579 Y111.802 E.01441
G1 X111.224 Y112.06 E.01457
G1 X111.016 Y112.171 E.00782
G1 X110.788 Y112.264 E.00819
G1 X110.551 Y112.333 E.00819
G1 X110.308 Y112.377 E.00819
G1 X110.062 Y112.396 E.00819
G1 X109.815 Y112.39 E.00819
G1 X109.57 Y112.358 E.00819
G1 X109.33 Y112.302 E.00819
G1 X109.097 Y112.221 E.00819
G1 X108.873 Y112.116 E.00819
G1 X108.511 Y111.877 E.01441
G1 X108.193 Y111.574 E.01457
G1 X108.046 Y111.389 E.00782
G1 X107.914 Y111.181 E.00819
G1 X107.803 Y110.96 E.00819
G1 X107.716 Y110.729 E.00819
G1 X107.654 Y110.49 E.00819
G1 X107.617 Y110.254 E.00793
G1 X107.607 Y109.869 E.01279
G1 X107.669 Y109.447 E.01416
G1 X107.802 Y109.049 E.01391
M204 S2000
G1 E-.8 F3600
G1 X111.451 Y109.829 F18000
G1 E.8 F3600
M204 S1000
;TYPE:Outer wall
;WIDTH:0.42
G1 F1200
G1 X111.451 Y109.826 E.0001
G1 X111.37 Y109.491 E.01061
G1 X111.251 Y109.247 E.00833
G1 X111.066 Y109.001 E.00947
G1 X110.888 Y108.84 E.00736
G1 X110.596 Y108.666 E.01043
G1 X110.373 Y108.588 E.00726
G1 X110.145 Y108.547 E.00713
G1 X109.909 Y108.542 E.00726
G1 X109.575 Y108.602 E.01043
G1 X109.355 Y108.689 E.00726
G1 X109.152 Y108.81 E.00726
G1 X108.899 Y109.039 E.01048
G1 X108.741 Y109.26 E.00833
G1 X108.612 Y109.544 E.0096
G1 X108.544 Y109.88 E.01053
G1 X108.544 Y110.12 E.00739
G1 X108.611 Y110.455 E.01048
G1 X108.72 Y110.703 E.00833
G1 X108.895 Y110.956 E.00947
G1 X109.067 Y111.124 E.00736
G1 X109.351 Y111.309 E.01043
G1 X109.575 Y111.398 E.00739
G1 X109.909 Y111.458 E.01043
G1 X110.149 Y111.453 E.00739
G1 X110.481 Y111.38 E.01043
G1 X110.698 Y111.283 E.00731
G1 X110.919 Y111.134 E.0082
G1 X111.141 Y110.914 E.0096
G1 X111.322 Y110.623 E.01053
G1 X111.404 Y110.401 E.00726
G1 X111.451 Y110.17 E.00726
G1 X111.451 Y109.849 E.00984
M204 S2000
G1 X111.834 Y109.741 F18000
M204 S1500
;TYPE:Inner wall
;WIDTH:0.45
G1 F1200
G1 X111.741 Y109.357 E.01312
G1 X111.587 Y109.041 E.01164
G1 X111.356 Y108.735 E.01271
G1 X111.122 Y108.523 E.01048
G1 X110.763 Y108.309 E.01385
G1 X110.474 Y108.208 E.01017
G1 X110.184 Y108.155 E.00977
G1 X109.877 Y108.149 E.01017
G1 X109.466 Y108.223 E.01385
G1 X109.181 Y108.337 E.01017
G1 X108.918 Y108.493 E.01017
G1 X108.605 Y108.777 E.01401
G1 X108.401 Y109.062 E.01164
G1 X108.236 Y109.422 E.01312
G1 X108.152 Y109.841 E.01417
G1 X108.152 Y110.159 E.01057
G1 X108.235 Y110.573 E.01401
G1 X108.376 Y110.895 E.01164
G1 X108.594 Y111.21 E.01271
G1 X108.82 Y111.431 E.01048
G1 X109.17 Y111.659 E.01385
G1 X109.466 Y111.777 E.01057
G1 X109.877 Y111.851 E.01385
G1 X110.196 Y111.845 E.01057
G1 X110.604 Y111.754 E.01385
G1 X110.888 Y111.628 E.01033
G1 X111.17 Y111.439 E.01124
G1 X111.45 Y111.159 E.01312
G1 X111.675 Y110.797 E.01417
G1 X111.783 Y110.509 E.01017
G1 X111.843 Y110.209 E.01017
G1 X111.843 Y109.779 E.01426
G1 X111.839 Y109.761 E.00063
G1 E-.8 F3600
M204 S2000
G1 X112.099 Y109.704 F18000
G1 E.8 F3600
;TYPE:Gap infill
;WIDTH:0.176704
G1 F1200
G1 X112.022 Y109.355 E.0039
G1 X111.848 Y108.954 E.00476
G1 X111.595 Y108.598 E.00476
G1 X111.278 Y108.301 E.00474
G1 X110.901 Y108.075 E.00479
G1 X110.538 Y107.946 E.0042
G1 X110.206 Y107.889 E.00368
G1 X109.728 Y107.896 E.00521
G1 X109.302 Y107.995 E.00476
G1 X108.907 Y108.181 E.00476
G1 X108.56 Y108.444 E.00476
G1 X108.271 Y108.771 E.00476
G1 X108.063 Y109.138 E.0046
G1 X107.936 Y109.516 E.00435
G1 X107.886 Y109.808 E.00322
G1 X107.884 Y110.193 E.0042
G1 X107.975 Y110.648 E.00506
G1 X108.151 Y111.047 E.00475
G1 X108.391 Y111.389 E.00456
G1 X108.684 Y111.667 E.0044
G1 X109.041 Y111.895 E.00461
G1 X109.406 Y112.041 E.00429
G1 X109.836 Y112.119 E.00476
G1 X110.273 Y112.107 E.00476
G1 X110.695 Y112.009 E.00472
G1 X111.081 Y111.827 E.00465
G1 X111.345 Y111.642 E.00352
G1 X111.666 Y111.322 E.00494
G1 X111.9 Y110.95 E.00479
G1 X112.043 Y110.579 E.00434
G1 X112.109 Y110.229 E.00388
G1 X112.113 Y109.772 E.00498
G1 X112.103 Y109.723 E.00054
; stop printing object separador_timon.stl id:0 copy 0
; printing object "separador_timon.stl" id:1 copy 0
G1 E-.8 F3600
G1 X107.456 Y134.958 F18000
G1 E.8 F3600
M204 S1000
;TYPE:Outer wall
;WIDTH:0.42
G1 F1200
G1 X107.577 Y134.717 E.00828
G1 X107.731 Y134.475 E.00883
G1 X107.909 Y134.25 E.00883
G1 X108.109 Y134.044 E.00883
G1 X108.33 Y133.86 E.00883
G1 X108.568 Y133.7 E.00883
G1 X108.822 Y133.565 E.00883
G1 X109.088 Y133.456 E.00883
G1 X109.364 Y133.376 E.00883
G1 X109.646 Y133.325 E.00883
G1 X109.933 Y133.302 E.00884
G1 X110.163 Y133.307 E.00706
G1 X110.649 Y133.377 E.01509
G1 X110.921 Y133.456 E.00871
G1 X111.187 Y133.565 E.00883
G1 X111.441 Y133.7 E.00883
G1 X111.679 Y133.86 E.00882
G1 X111.899 Y134.044 E.00883
G1 X112.1 Y134.25 E.00883
G1 X112.278 Y134.475 E.00883
G1 X112.432 Y134.717 E.00883
G1 X112.561 Y134.974 E.00883
G1 X112.662 Y135.243 E.00883
G1 X112.735 Y135.521 E.00883
G1 X112.779 Y135.802 E.00874
G1 X112.79 Y136.238 E.0134
G1 X112.761 Y136.521 E.00874
G1 X112.702 Y136.802 E.00883
G1 X112.615 Y137.075 E.00883
G1 X112.5 Y137.339 E.00883
G1 X112.358 Y137.588 E.00883
G1 X112.192 Y137.823 E.00883
G1 X112.002 Y138.039 E.00884
G1 X111.834 Y138.196 E.00706
G1 X111.437 Y138.485 E.01509
G1 X111.187 Y138.618 E.00871
G1 X110.921 Y138.726 E.00883
G1 X110.645 Y138.806 E.00883
G1 X110.363 Y138.858 E.00883
G1 X110.076 Y138.88 E.00883
G1 X109.789 Y138.873 E.00883
G1 X109.504 Y138.836 E.00883
G1 X109.225 Y138.77 E.00883
G1 X108.953 Y138.675 E.00883
G1 X108.693 Y138.554 E.00883
G1 X108.447 Y138.406 E.00884
G1 X108.262 Y138.269 E.00706
G1 X107.907 Y137.93 E.01509
G1 X107.731 Y137.708 E.00871
G1 X107.577 Y137.465 E.00883
G1 X107.448 Y137.208 E.00883
G1 X107.347 Y136.94 E.00883
G1 X107.274 Y136.662 E.00883
G1 X107.23 Y136.381 E.00874
G1 X107.219 Y135.945 E.0134
G1 X107.248 Y135.661 E.00876
G1 X107.294 Y135.436 E.00706
G1 X107.448 Y134.976 E.0149
M204 S2000
G1 X107.813 Y135.121 F18000
M204 S1500
;TYPE:Inner wall
;WIDTH:0.45
G1 F1200
G1 X107.918 Y134.911 E.00782
G1 X108.051 Y134.702 E.00819
G1 X108.204 Y134.509 E.00819
G1 X108.376 Y134.332 E.00819
G1 X108.566 Y134.174 E.00819
G1 X108.77 Y134.036 E.00819
G1 X108.988 Y133.92 E.00819
G1 X109.217 Y133.827 E.00819
G1 X109.454 Y133.758 E.00819
G1 X109.697 Y133.714 E.00819
G1 X110.131 Y133.699 E.01441
G1 X110.566 Y133.761 E.01457
G1 X110.792 Y133.827 E.00782
G1 X111.021 Y133.92 E.00819
G1 X111.238 Y134.036 E.00819
G1 X111.443 Y134.174 E.00819
G1 X111.633 Y134.332 E.00819
G1 X111.805 Y134.509 E.00819
G1 X111.958 Y134.702 E.00819
G1 X112.091 Y134.911 E.00819
G1 X112.201 Y135.131 E.00819
G1 X112.288 Y135.362 E.00819
G1 X112.351 Y135.601 E.00819
G1 X112.388 Y135.837 E.00793
G1 X112.398 Y136.222 E.01279
G1 X112.373 Y136.46 E.00793
G1 X112.322 Y136.702 E.00819
G1 X112.247 Y136.937 E.00819
G1 X112.149 Y137.163 E.00819
G1 X112.027 Y137.378 E.00819
G1 X111.884 Y137.579 E.00819
G1 X111.584 Y137.893 E.01441
G1 X111.229 Y138.152 E.01457
G1 X111.021 Y138.262 E.00782
G1 X110.792 Y138.355 E.00819
G1 X110.555 Y138.424 E.00819
G1 X110.312 Y138.469 E.00819
G1 X110.066 Y138.488 E.00819
G1 X109.819 Y138.481 E.00819
G1 X109.575 Y138.45 E.00819
G1 X109.334 Y138.393 E.00819
G1 X109.101 Y138.312 E.00819
G1 X108.878 Y138.207 E.00819
G1 X108.515 Y137.968 E.01441
G1 X108.197 Y137.665 E.01457
G1 X108.051 Y137.48 E.00782
G1 X107.918 Y137.272 E.00819
G1 X107.808 Y137.051 E.00819
G1 X107.721 Y136.82 E.00819
G1 X107.658 Y136.582 E.00819
G1 X107.621 Y136.345 E.00793
G1 X107.611 Y135.96 E.01279
G1 X107.673 Y135.538 E.01416
G1 X107.806 Y135.14 E.01391
M204 S2000
G1 E-.8 F3600
G1 X111.455 Y135.921 F18000
G1 E.8 F3600
M204 S1000
;TYPE:Outer wall
;WIDTH:0.42
G1 F1200
G1 X111.455 Y135.917 E.0001
G1 X111.374 Y135.582 E.01061
G1 X111.255 Y135.338 E.00833
G1 X111.07 Y135.092 E.00947
G1 X110.892 Y134.931 E.00736
G1 X110.601 Y134.757 E.01043
G1 X110.378 Y134.679 E.00726
G1 X110.149 Y134.638 E.00713
G1 X109.913 Y134.633 E.00726
G1 X109.579 Y134.694 E.01043
G1 X109.359 Y134.781 E.00726
G1 X109.156 Y134.902 E.00726
G1 X108.903 Y135.13 E.01048
G1 X108.746 Y135.351 E.00833
G1 X108.616 Y135.635 E.0096
G1 X108.548 Y135.971 E.01053
G1 X108.548 Y136.212 E.00739
G1 X108.616 Y136.546 E.01048
G1 X108.725 Y136.794 E.00833
G1 X108.9 Y137.047 E.00947
G1 X109.071 Y137.215 E.00736
G1 X109.356 Y137.4 E.01043
G1 X109.579 Y137.489 E.00739
G1 X109.913 Y137.549 E.01043
G1 X110.154 Y137.545 E.00739
G1 X110.485 Y137.471 E.01043
G1 X110.702 Y137.374 E.00731
G1 X110.924 Y137.226 E.0082
G1 X111.145 Y137.005 E.0096
G1 X111.326 Y136.714 E.01053
G1 X111.409 Y136.493 E.00726
G1 X111.455 Y136.261 E.00726
G1 X111.455 Y135.941 E.00984
M204 S2000
G1 X111.838 Y135.832 F18000
M204 S1500
;TYPE:Inner wall
;WIDTH:0.45
G1 F1200
G1 X111.745 Y135.448 E.01312
G1 X111.591 Y135.133 E.01164
G1 X111.361 Y134.826 E.01271
G1 X111.127 Y134.614 E.01048
G1 X110.768 Y134.401 E.01385
G1 X110.478 Y134.299 E.01017
G1 X110.188 Y134.246 E.00977
G1 X109.882 Y134.24 E.01017
G1 X109.471 Y134.315 E.01385
G1 X109.186 Y134.428 E.01017
G1 X108.922 Y134.585 E.01017
G1 X108.609 Y134.868 E.01401
G1 X108.405 Y135.154 E.01164
G1 X108.241 Y135.513 E.01312
G1 X108.156 Y135.932 E.01417
G1 X108.156 Y136.251 E.01057
G1 X108.24 Y136.665 E.01401
G1 X108.381 Y136.986 E.01164
G1 X108.599 Y137.301 E.01271
G1 X108.824 Y137.523 E.01048
G1 X109.175 Y137.75 E.01385
G1 X109.471 Y137.868 E.01057
G1 X109.882 Y137.942 E.01385
G1 X110.2 Y137.936 E.01057
G1 X110.608 Y137.845 E.01385
G1 X110.893 Y137.719 E.01033
G1 X111.174 Y137.53 E.01124
G1 X111.454 Y137.251 E.01312
G1 X111.68 Y136.888 E.01417
G1 X111.787 Y136.601 E.01017
G1 X111.848 Y136.3 E.01017
G1 X111.848 Y135.87 E.01426
G1 X111.843 Y135.852 E.00063
M204 S2000
G1 X112.103 Y135.795 F18000
;TYPE:Gap infill
;WIDTH:0.176704
G1 F1200
G1 X112.026 Y135.446 E.0039
G1 X111.852 Y135.045 E.00476
G1 X111.599 Y134.689 E.00476
G1 X111.282 Y134.392 E.00474
G1 X110.905 Y134.167 E.00479
G1 X110.542 Y134.037 E.0042
G1 X110.21 Y133.98 E.00368
G1 X109.732 Y133.988 E.00521
G1 X109.307 Y134.086 E.00476
G1 X108.912 Y134.272 E.00476
G1 X108.564 Y134.535 E.00476
G1 X108.275 Y134.862 E.00476
G1 X108.067 Y135.229 E.0046
G1 X107.94 Y135.607 E.00435
G1 X107.89 Y135.899 E.00322
G1 X107.889 Y136.284 E.0042
G1 X107.979 Y136.74 E.00506
G1 X108.155 Y137.138 E.00475
G1 X108.396 Y137.481 E.00456
G1 X108.689 Y137.759 E.0044
G1 X109.045 Y137.986 E.00461
G1 X109.41 Y138.132 E.00429
G1 X109.84 Y138.21 E.00476
G1 X110.277 Y138.198 E.00476
G1 X110.699 Y138.1 E.00472
G1 X111.085 Y137.919 E.00465
G1 X111.349 Y137.733 E.00352
G1 X111.67 Y137.413 E.00494
G1 X111.905 Y137.041 E.00479
G1 X112.048 Y136.67 E.00434
G1 X112.114 Y136.32 E.00388
G1 X112.118 Y135.863 E.00498
G1 X112.107 Y135.814 E.00054
; stop printing object separador_timon.stl id:1 copy 0
; end of layer_num: 22, T: 0, print_z: 4.440000
;LAYER_CHANGE
;Z:4.64
;HEIGHT:0.2
; BEFORE_LAYER_CHANGE 22 @ 4.64mm
G92 E0
; AFTER_LAYER_CHANGE 22 @ 4.64mm
; start of layer_num: 23, T: 0, print_z: 4.640000
; printing object "separador_timon.stl" id:0 copy 0
G1 E-.8 F3600
G1 X107.452 Y108.867 Z4.64 F18000
G1 E.8 F3600
M204 S1000
;TYPE:Outer wall
;WIDTH:0.42
G1 F1200
G1 X107.572 Y108.626 E.00827
G1 X107.726 Y108.384 E.00883
G1 X107.905 Y108.158 E.00883
G1 X108.105 Y107.953 E.00883
G1 X108.326 Y107.769 E.00883
G1 X108.564 Y107.608 E.00883
G1 X108.817 Y107.473 E.00883
G1 X109.083 Y107.365 E.00883
G1 X109.359 Y107.285 E.00883
G1 X109.642 Y107.233 E.00883
G1 X109.929 Y107.211 E.00884
G1 X110.156 Y107.216 E.00698
G1 X110.645 Y107.286 E.01516
G1 X110.917 Y107.365 E.0087
G1 X111.183 Y107.473 E.00883
G1 X111.436 Y107.608 E.00883
G1 X111.674 Y107.769 E.00883
G1 X111.895 Y107.953 E.00883
G1 X112.095 Y108.158 E.00883
G1 X112.274 Y108.384 E.00883
G1 X112.428 Y108.626 E.00883
G1 X112.556 Y108.883 E.00883
G1 X112.658 Y109.152 E.00883
G1 X112.731 Y109.429 E.00883
G1 X112.775 Y109.71 E.00874
G1 X112.786 Y110.146 E.0134
G1 X112.756 Y110.429 E.00874
G1 X112.698 Y110.71 E.00883
G1 X112.61 Y110.984 E.00883
G1 X112.495 Y111.247 E.00883
G1 X112.354 Y111.497 E.00883
G1 X112.187 Y111.731 E.00883
G1 X111.998 Y111.947 E.00883
G1 X111.787 Y112.142 E.00883
G1 X111.557 Y112.315 E.00883
G1 X111.311 Y112.462 E.00883
G1 X111.051 Y112.584 E.00883
G1 X110.78 Y112.679 E.00883
G1 X110.5 Y112.745 E.00883
G1 X110.218 Y112.781 E.00874
G1 X109.782 Y112.781 E.0134
G1 X109.5 Y112.745 E.00874
G1 X109.223 Y112.679 E.00874
G1 X108.815 Y112.525 E.0134
G1 X108.564 Y112.392 E.00874
G1 X108.326 Y112.231 E.00883
G1 X108.105 Y112.047 E.00883
G1 X107.905 Y111.842 E.00883
G1 X107.726 Y111.616 E.00883
G1 X107.572 Y111.374 E.00883
G1 X107.444 Y111.117 E.00883
G1 X107.342 Y110.848 E.00883
G1 X107.269 Y110.571 E.00883
G1 X107.225 Y110.29 E.00874
G1 X107.214 Y109.856 E.01331
G1 X107.27 Y109.427 E.01331
G1 X107.342 Y109.152 E.00874
G1 X107.443 Y108.885 E.00877
M204 S2000
G1 X107.803 Y109.04 F18000
M204 S1500
;TYPE:Inner wall
;WIDTH:0.45
G1 F1200
G1 X107.914 Y108.819 E.00819
G1 X108.046 Y108.611 E.00819
G1 X108.199 Y108.418 E.00819
G1 X108.372 Y108.241 E.00819
G1 X108.561 Y108.083 E.00819
G1 X108.766 Y107.945 E.00819
G1 X108.984 Y107.829 E.00819
G1 X109.212 Y107.736 E.00819
G1 X109.449 Y107.667 E.00819
G1 X109.692 Y107.623 E.00819
G1 X110.124 Y107.607 E.01434
G1 X110.561 Y107.67 E.01466
G1 X110.788 Y107.736 E.00781
G1 X111.016 Y107.829 E.00819
G1 X111.234 Y107.945 E.00819
G1 X111.439 Y108.083 E.00819
G1 X111.628 Y108.241 E.00819
G1 X111.801 Y108.418 E.00819
G1 X111.954 Y108.611 E.00819
G1 X112.086 Y108.819 E.00819
G1 X112.197 Y109.04 E.00819
G1 X112.284 Y109.271 E.00819
G1 X112.346 Y109.51 E.00819
G1 X112.383 Y109.746 E.00793
G1 X112.393 Y110.131 E.01279
G1 X112.369 Y110.369 E.00793
G1 X112.318 Y110.61 E.00819
G1 X112.243 Y110.846 E.00819
G1 X112.144 Y111.072 E.00819
G1 X112.023 Y111.287 E.00819
G1 X111.88 Y111.488 E.00819
G1 X111.717 Y111.673 E.00819
G1 X111.536 Y111.841 E.00819
G1 X111.338 Y111.989 E.00819
G1 X111.127 Y112.116 E.00819
G1 X110.903 Y112.221 E.00819
G1 X110.67 Y112.302 E.00819
G1 X110.43 Y112.358 E.00819
G1 X110.193 Y112.389 E.00793
G1 X109.807 Y112.389 E.01279
G1 X109.57 Y112.358 E.00793
G1 X109.338 Y112.303 E.00793
G1 X108.977 Y112.167 E.01279
G1 X108.766 Y112.055 E.00793
G1 X108.561 Y111.917 E.00819
G1 X108.372 Y111.759 E.00819
G1 X108.199 Y111.582 E.00819
G1 X108.046 Y111.389 E.00819
G1 X107.914 Y111.181 E.00819
G1 X107.803 Y110.96 E.00819
G1 X107.716 Y110.729 E.00819
G1 X107.654 Y110.49 E.00819
G1 X107.617 Y110.254 E.00793
G1 X107.607 Y109.877 E.01253
G1 X107.656 Y109.502 E.01253
G1 X107.716 Y109.271 E.00793
G1 X107.796 Y109.059 E.00752
M204 S2000
G1 E-.8 F3600
G1 X111.45 Y109.827 F18000
G1 E.8 F3600
M204 S1000
;TYPE:Outer wall
;WIDTH:0.42
G1 F1200
G1 X111.404 Y109.599 E.00716
G1 X111.323 Y109.381 E.00713
G1 X111.206 Y109.176 E.00726
G1 X110.984 Y108.92 E.01043
G1 X110.793 Y108.773 E.00739
G1 X110.488 Y108.623 E.01043
G1 X110.256 Y108.562 E.00739
G1 X109.913 Y108.541 E.01056
G1 X109.575 Y108.602 E.01056
G1 X109.355 Y108.689 E.00726
G1 X109.152 Y108.81 E.00726
G1 X108.899 Y109.039 E.01048
G1 X108.741 Y109.261 E.00837
G1 X108.612 Y109.544 E.00955
G1 X108.544 Y109.88 E.01053
G1 X108.544 Y110.116 E.00726
G1 X108.581 Y110.349 E.00726
G1 X108.7 Y110.667 E.01043
G1 X108.827 Y110.871 E.00739
G1 X109.063 Y111.122 E.01056
G1 X109.351 Y111.309 E.01056
G1 X109.575 Y111.398 E.00739
G1 X109.909 Y111.458 E.01043
G1 X110.149 Y111.453 E.00739
G1 X110.481 Y111.38 E.01043
G1 X110.697 Y111.284 E.00726
G1 X110.895 Y111.155 E.00726
G1 X111.14 Y110.914 E.01056
G1 X111.322 Y110.623 E.01056
G1 X111.404 Y110.401 E.00726
G1 X111.451 Y110.17 E.00726
G1 X111.451 Y109.847 E.00992
M204 S2000
G1 X111.837 Y109.758 F18000
M204 S1500
;TYPE:Inner wall
;WIDTH:0.45
G1 F1200
G1 X111.783 Y109.491 E.00906
G1 X111.679 Y109.215 E.00977
G1 X111.528 Y108.948 E.01017
G1 X111.254 Y108.633 E.01385
G1 X111.001 Y108.438 E.01057
G1 X110.626 Y108.254 E.01385
G1 X110.318 Y108.173 E.01057
G1 X109.889 Y108.147 E.01426
G1 X109.466 Y108.223 E.01426
G1 X109.181 Y108.337 E.01017
G1 X108.918 Y108.493 E.01017
G1 X108.605 Y108.777 E.01402
G1 X108.4 Y109.064 E.01169
G1 X108.236 Y109.422 E.01306
G1 X108.152 Y109.841 E.01416
G1 X108.152 Y110.147 E.01017
G1 X108.2 Y110.45 E.01017
G1 X108.347 Y110.841 E.01385
G1 X108.515 Y111.112 E.01057
G1 X108.81 Y111.425 E.01426
G1 X109.17 Y111.659 E.01426
G1 X109.466 Y111.777 E.01057
G1 X109.877 Y111.851 E.01385
G1 X110.196 Y111.845 E.01057
G1 X110.604 Y111.754 E.01385
G1 X110.884 Y111.63 E.01017
G1 X111.141 Y111.462 E.01017
G1 X111.448 Y111.162 E.01426
G1 X111.675 Y110.797 E.01426
G1 X111.783 Y110.509 E.01017
G1 X111.843 Y110.209 E.01017
G1 X111.843 Y109.791 E.01385
G1 X111.841 Y109.778 E.00045
G1 E-.8 F3600
M204 S2000
G1 X112.102 Y109.721 F18000
G1 E.8 F3600
;TYPE:Gap infill
;WIDTH:0.176935
G1 F1200
G1 X112.023 Y109.354 E.0041
G1 X111.847 Y108.955 E.00477
G1 X111.592 Y108.601 E.00476
G1 X111.274 Y108.302 E.00476
G1 X110.899 Y108.08 E.00476
G1 X110.502 Y107.938 E.00461
G1 X110.104 Y107.883 E.00439
G1 X109.728 Y107.896 E.0041
G1 X109.302 Y107.995 E.00477
G1 X108.907 Y108.181 E.00477
G1 X108.56 Y108.444 E.00476
G1 X108.271 Y108.771 E.00476
G1 X108.057 Y109.151 E.00476
G1 X107.982 Y109.347 E.00229
G1 X107.886 Y109.808 E.00514
G1 X107.889 Y110.228 E.00459
G1 X107.979 Y110.645 E.00466
G1 X108.152 Y111.046 E.00477
G1 X108.407 Y111.4 E.00477
G1 X108.726 Y111.697 E.00476
G1 X109.052 Y111.901 E.0042
G1 X109.398 Y112.038 E.00407
G1 X109.827 Y112.118 E.00475
G1 X110.222 Y112.112 E.00432
G1 X110.681 Y112.01 E.00514
G1 X111.009 Y111.87 E.00388
G1 X111.36 Y111.63 E.00465
G1 X111.664 Y111.325 E.00471
G1 X111.9 Y110.95 E.00484
G1 X112.043 Y110.579 E.00434
G1 X112.109 Y110.229 E.00388
G1 X112.113 Y109.772 E.00499
G1 X112.107 Y109.741 E.00035
; stop printing object separador_timon.stl id:0 copy 0
; printing object "separador_timon.stl" id:1 copy 0
G1 E-.8 F3600
G1 X107.456 Y134.958 F18000
G1 E.8 F3600
M204 S1000
;TYPE:Outer wall
;WIDTH:0.42
G1 F1200
G1 X107.577 Y134.717 E.00827
G1 X107.731 Y134.475 E.00883
G1 X107.909 Y134.25 E.00883
G1 X108.109 Y134.044 E.00883
G1 X108.33 Y133.86 E.00883
G1 X108.568 Y133.7 E.00883
G1 X108.822 Y133.565 E.00883
G1 X109.088 Y133.456 E.00883
G1 X109.364 Y133.376 E.00883
G1 X109.646 Y133.325 E.00883
G1 X109.933 Y133.302 E.00884
G1 X110.16 Y133.307 E.00698
G1 X110.649 Y133.377 E.01516
G1 X110.921 Y133.456 E.0087
G1 X111.187 Y133.565 E.00883
G1 X111.441 Y133.7 E.00883
G1 X111.679 Y133.86 E.00883
G1 X111.899 Y134.044 E.00883
G1 X112.1 Y134.25 E.00883
G1 X112.278 Y134.475 E.00883
G1 X112.432 Y134.717 E.00883
G1 X112.561 Y134.974 E.00883
G1 X112.662 Y135.243 E.00883
G1 X112.735 Y135.521 E.00883
G1 X112.779 Y135.802 E.00874
G1 X112.79 Y136.238 E.0134
G1 X112.761 Y136.521 E.00874
G1 X112.702 Y136.802 E.00883
G1 X112.615 Y137.075 E.00883
G1 X112.5 Y137.339 E.00883
G1 X112.358 Y137.588 E.00883
G1 X112.192 Y137.823 E.00883
G1 X112.002 Y138.038 E.00883
G1 X111.791 Y138.233 E.00883
G1 X111.562 Y138.406 E.00883
G1 X111.315 Y138.554 E.00883
G1 X111.055 Y138.675 E.00883
G1 X110.784 Y138.77 E.00883
G1 X110.505 Y138.836 E.00883
G1 X110.222 Y138.872 E.00874
G1 X109.786 Y138.872 E.0134
G1 X109.504 Y138.836 E.00874
G1 X109.227 Y138.77 E.00874
G1 X108.819 Y138.617 E.0134
G1 X108.568 Y138.483 E.00874
G1 X108.33 Y138.323 E.00883
G1 X108.109 Y138.139 E.00883
G1 X107.909 Y137.933 E.00883
G1 X107.731 Y137.708 E.00883
G1 X107.577 Y137.465 E.00883
G1 X107.448 Y137.208 E.00883
G1 X107.347 Y136.94 E.00883
G1 X107.274 Y136.662 E.00883
G1 X107.23 Y136.381 E.00874
G1 X107.219 Y135.948 E.01331
G1 X107.274 Y135.518 E.01331
G1 X107.347 Y135.243 E.00874
G1 X107.447 Y134.976 E.00877
M204 S2000
G1 X107.808 Y135.131 F18000
M204 S1500
;TYPE:Inner wall
;WIDTH:0.45
G1 F1200
G1 X107.918 Y134.911 E.00819
G1 X108.051 Y134.702 E.00819
G1 X108.204 Y134.509 E.00819
G1 X108.376 Y134.332 E.00819
G1 X108.566 Y134.174 E.00819
G1 X108.77 Y134.036 E.00819
G1 X108.988 Y133.92 E.00819
G1 X109.217 Y133.827 E.00819
G1 X109.454 Y133.758 E.00819
G1 X109.697 Y133.714 E.00819
G1 X110.129 Y133.698 E.01434
G1 X110.566 Y133.761 E.01466
G1 X110.792 Y133.827 E.00781
G1 X111.021 Y133.92 E.00819
G1 X111.238 Y134.036 E.00819
G1 X111.443 Y134.174 E.00819
G1 X111.633 Y134.332 E.00819
G1 X111.805 Y134.509 E.00819
G1 X111.958 Y134.702 E.00819
G1 X112.091 Y134.911 E.00819
G1 X112.201 Y135.131 E.00819
G1 X112.288 Y135.362 E.00819
G1 X112.351 Y135.601 E.00819
G1 X112.388 Y135.837 E.00793
G1 X112.398 Y136.222 E.01279
G1 X112.373 Y136.46 E.00793
G1 X112.322 Y136.702 E.00819
G1 X112.247 Y136.937 E.00819
G1 X112.149 Y137.163 E.00819
G1 X112.027 Y137.378 E.00819
G1 X111.884 Y137.579 E.00819
G1 X111.721 Y137.764 E.00819
G1 X111.54 Y137.932 E.00819
G1 X111.343 Y138.08 E.00819
G1 X111.131 Y138.207 E.00819
G1 X110.907 Y138.312 E.00819
G1 X110.674 Y138.393 E.00819
G1 X110.434 Y138.45 E.00819
G1 X110.197 Y138.48 E.00793
G1 X109.812 Y138.48 E.01279
G1 X109.575 Y138.45 E.00793
G1 X109.342 Y138.395 E.00793
G1 X108.981 Y138.259 E.01279
G1 X108.77 Y138.146 E.00793
G1 X108.566 Y138.009 E.00819
G1 X108.376 Y137.85 E.00819
G1 X108.204 Y137.674 E.00819
G1 X108.051 Y137.48 E.00819
G1 X107.918 Y137.272 E.00819
G1 X107.808 Y137.051 E.00819
G1 X107.721 Y136.82 E.00819
G1 X107.658 Y136.582 E.00819
G1 X107.621 Y136.345 E.00793
G1 X107.611 Y135.968 E.01253
G1 X107.66 Y135.593 E.01253
G1 X107.721 Y135.362 E.00793
G1 X107.801 Y135.15 E.00752
M204 S2000
G1 E-.8 F3600
G1 X111.455 Y135.918 F18000
G1 E.8 F3600
M204 S1000
;TYPE:Outer wall
;WIDTH:0.42
G1 F1200
G1 X111.409 Y135.69 E.00716
G1 X111.328 Y135.473 E.00713
G1 X111.211 Y135.267 E.00726
G1 X110.988 Y135.011 E.01043
G1 X110.797 Y134.864 E.00739
G1 X110.493 Y134.714 E.01043
G1 X110.26 Y134.653 E.00739
G1 X109.917 Y134.632 E.01056
G1 X109.579 Y134.694 E.01056
G1 X109.359 Y134.781 E.00726
G1 X109.156 Y134.902 E.00726
G1 X108.903 Y135.13 E.01048
G1 X108.745 Y135.352 E.00837
G1 X108.616 Y135.635 E.00955
G1 X108.548 Y135.971 E.01053
G1 X108.548 Y136.207 E.00726
G1 X108.586 Y136.441 E.00726
G1 X108.705 Y136.759 E.01043
G1 X108.832 Y136.963 E.00739
G1 X109.067 Y137.213 E.01056
G1 X109.356 Y137.4 E.01056
G1 X109.579 Y137.489 E.00739
G1 X109.913 Y137.549 E.01043
G1 X110.154 Y137.545 E.00739
G1 X110.485 Y137.471 E.01043
G1 X110.701 Y137.375 E.00726
G1 X110.899 Y137.246 E.00726
G1 X111.144 Y137.006 E.01056
G1 X111.326 Y136.714 E.01056
G1 X111.409 Y136.493 E.00726
G1 X111.455 Y136.261 E.00726
G1 X111.455 Y135.938 E.00992
M204 S2000
G1 X111.841 Y135.85 F18000
M204 S1500
;TYPE:Inner wall
;WIDTH:0.45
G1 F1200
G1 X111.787 Y135.582 E.00906
G1 X111.684 Y135.306 E.00977
G1 X111.532 Y135.039 E.01017
G1 X111.258 Y134.724 E.01385
G1 X111.006 Y134.53 E.01057
G1 X110.631 Y134.345 E.01385
G1 X110.323 Y134.264 E.01057
G1 X109.894 Y134.238 E.01426
G1 X109.471 Y134.315 E.01426
G1 X109.186 Y134.428 E.01017
G1 X108.922 Y134.585 E.01017
G1 X108.609 Y134.868 E.01402
G1 X108.404 Y135.155 E.01169
G1 X108.241 Y135.513 E.01306
G1 X108.156 Y135.932 E.01416
G1 X108.156 Y136.239 E.01017
G1 X108.205 Y136.541 E.01017
G1 X108.351 Y136.933 E.01385
G1 X108.52 Y137.203 E.01057
G1 X108.814 Y137.516 E.01426
G1 X109.175 Y137.75 E.01426
G1 X109.471 Y137.868 E.01057
G1 X109.882 Y137.942 E.01385
G1 X110.2 Y137.936 E.01057
G1 X110.608 Y137.845 E.01385
G1 X110.888 Y137.721 E.01017
G1 X111.146 Y137.554 E.01017
G1 X111.452 Y137.253 E.01426
G1 X111.68 Y136.888 E.01426
G1 X111.787 Y136.601 E.01017
G1 X111.848 Y136.3 E.01017
G1 X111.848 Y135.882 E.01385
G1 X111.845 Y135.869 E.00045
M204 S2000
G1 X112.107 Y135.812 F18000
;TYPE:Gap infill
;WIDTH:0.176935
G1 F1200
G1 X112.027 Y135.446 E.0041
G1 X111.851 Y135.046 E.00477
G1 X111.597 Y134.692 E.00476
G1 X111.278 Y134.394 E.00476
G1 X110.903 Y134.171 E.00476
G1 X110.506 Y134.029 E.00461
G1 X110.108 Y133.974 E.00439
G1 X109.732 Y133.988 E.0041
G1 X109.307 Y134.086 E.00477
G1 X108.912 Y134.272 E.00477
G1 X108.564 Y134.536 E.00476
G1 X108.275 Y134.862 E.00476
G1 X108.061 Y135.242 E.00476
G1 X107.986 Y135.438 E.00229
G1 X107.89 Y135.899 E.00514
G1 X107.893 Y136.319 E.00459
G1 X107.984 Y136.736 E.00466
G1 X108.157 Y137.137 E.00477
G1 X108.412 Y137.491 E.00477
G1 X108.731 Y137.789 E.00476
G1 X109.057 Y137.992 E.0042
G1 X109.403 Y138.129 E.00407
G1 X109.831 Y138.209 E.00475
G1 X110.226 Y138.203 E.00432
G1 X110.686 Y138.101 E.00514
G1 X111.013 Y137.962 E.00388
G1 X111.365 Y137.722 E.00465
G1 X111.668 Y137.416 E.00471
G1 X111.905 Y137.041 E.00484
G1 X112.048 Y136.67 E.00434
G1 X112.114 Y136.32 E.00388
G1 X112.118 Y135.863 E.00499
G1 X112.111 Y135.832 E.00035
; stop printing object separador_timon.stl id:1 copy 0
; end of layer_num: 23, T: 0, print_z: 4.640000
;LAYER_CHANGE
;Z:4.84
;HEIGHT:0.2
; BEFORE_LAYER_CHANGE 23 @ 4.84mm
G92 E0
; AFTER_LAYER_CHANGE 23 @ 4.84mm
; start of layer_num: 24, T: 0, print_z: 4.840000
; printing object "separador_timon.stl" id:0 copy 0
G1 E-.8 F3600
G1 X107.452 Y108.866 Z4.84 F18000
G1 E.8 F3600
M204 S1000
;TYPE:Outer wall
;WIDTH:0.42
G1 F1200
G1 X107.572 Y108.626 E.00826
G1 X107.726 Y108.384 E.00883
G1 X107.905 Y108.158 E.00882
G1 X108.105 Y107.953 E.00883
G1 X108.326 Y107.769 E.00883
G1 X108.564 Y107.608 E.00883
G1 X108.817 Y107.473 E.00883
G1 X109.083 Y107.365 E.00883
G1 X109.359 Y107.285 E.00883
G1 X109.642 Y107.233 E.00883
G1 X109.929 Y107.211 E.00885
G1 X110.154 Y107.216 E.00691
G1 X110.645 Y107.286 E.01524
G1 X110.917 Y107.365 E.0087
G1 X111.183 Y107.473 E.00883
G1 X111.436 Y107.608 E.00883
G1 X111.674 Y107.769 E.00883
G1 X111.895 Y107.953 E.00883
G1 X112.095 Y108.158 E.00883
G1 X112.274 Y108.384 E.00883
G1 X112.428 Y108.626 E.00883
G1 X112.556 Y108.883 E.00883
G1 X112.658 Y109.152 E.00883
G1 X112.731 Y109.429 E.00883
G1 X112.775 Y109.71 E.00874
G1 X112.786 Y110.146 E.0134
G1 X112.756 Y110.429 E.00874
G1 X112.698 Y110.71 E.00883
G1 X112.61 Y110.984 E.00883
G1 X112.495 Y111.247 E.00883
G1 X112.354 Y111.497 E.00883
G1 X112.187 Y111.731 E.00883
G1 X111.998 Y111.947 E.00883
G1 X111.787 Y112.142 E.00883
G1 X111.557 Y112.315 E.00883
G1 X111.311 Y112.462 E.00883
G1 X111.05 Y112.584 E.00885
G1 X110.839 Y112.66 E.00691
G1 X110.354 Y112.767 E.01524
G1 X110.072 Y112.789 E.0087
G1 X109.785 Y112.781 E.00883
G1 X109.5 Y112.745 E.00883
G1 X109.22 Y112.679 E.00883
G1 X108.949 Y112.584 E.00883
G1 X108.689 Y112.462 E.00883
G1 X108.442 Y112.314 E.00885
G1 X108.261 Y112.18 E.00691
G1 X107.902 Y111.839 E.01524
G1 X107.726 Y111.616 E.0087
G1 X107.572 Y111.374 E.00883
G1 X107.444 Y111.117 E.00883
G1 X107.342 Y110.848 E.00883
G1 X107.269 Y110.571 E.00883
G1 X107.225 Y110.29 E.00874
G1 X107.214 Y109.856 E.01331
G1 X107.27 Y109.427 E.01331
G1 X107.342 Y109.152 E.00874
G1 X107.443 Y108.884 E.00878
M204 S2000
G1 X107.803 Y109.04 F18000
M204 S1500
;TYPE:Inner wall
;WIDTH:0.45
G1 F1200
G1 X107.914 Y108.819 E.00819
G1 X108.046 Y108.611 E.00819
G1 X108.199 Y108.418 E.00819
G1 X108.372 Y108.241 E.00819
G1 X108.561 Y108.083 E.00819
G1 X108.766 Y107.945 E.00819
G1 X108.984 Y107.829 E.00819
G1 X109.212 Y107.736 E.00819
G1 X109.449 Y107.667 E.00819
G1 X109.692 Y107.623 E.00819
G1 X110.122 Y107.607 E.01426
G1 X110.562 Y107.67 E.01474
G1 X110.788 Y107.736 E.00781
G1 X111.016 Y107.829 E.00819
G1 X111.234 Y107.945 E.00819
G1 X111.439 Y108.083 E.00819
G1 X111.628 Y108.241 E.00819
G1 X111.801 Y108.418 E.00819
G1 X111.954 Y108.611 E.00819
G1 X112.086 Y108.819 E.00819
G1 X112.197 Y109.04 E.00819
G1 X112.284 Y109.271 E.00819
G1 X112.346 Y109.51 E.00819
G1 X112.383 Y109.746 E.00793
G1 X112.393 Y110.131 E.01279
G1 X112.369 Y110.369 E.00793
G1 X112.318 Y110.61 E.00819
G1 X112.243 Y110.846 E.00819
G1 X112.144 Y111.072 E.00819
G1 X112.023 Y111.287 E.00819
G1 X111.88 Y111.488 E.00819
G1 X111.717 Y111.673 E.00819
G1 X111.536 Y111.841 E.00819
G1 X111.338 Y111.989 E.00819
G1 X111.127 Y112.116 E.00819
G1 X110.73 Y112.282 E.01426
G1 X110.296 Y112.378 E.01474
G1 X110.062 Y112.396 E.00781
G1 X109.815 Y112.39 E.00819
G1 X109.57 Y112.358 E.00819
G1 X109.33 Y112.302 E.00819
G1 X109.097 Y112.221 E.00819
G1 X108.873 Y112.116 E.00819
G1 X108.514 Y111.88 E.01426
G1 X108.192 Y111.574 E.01474
G1 X108.046 Y111.389 E.00781
G1 X107.914 Y111.181 E.00819
G1 X107.803 Y110.96 E.00819
G1 X107.716 Y110.729 E.00819
G1 X107.654 Y110.49 E.00819
G1 X107.617 Y110.254 E.00793
G1 X107.607 Y109.877 E.01253
G1 X107.656 Y109.502 E.01253
G1 X107.716 Y109.271 E.00793
G1 X107.796 Y109.059 E.00752
M204 S2000
G1 E-.8 F3600
G1 X111.451 Y109.824 F18000
G1 E.8 F3600
M204 S1000
;TYPE:Outer wall
;WIDTH:0.42
G1 F1200
G1 X111.369 Y109.49 E.01054
G1 X111.249 Y109.244 E.00841
G1 X111.066 Y109.001 E.00938
G1 X110.891 Y108.843 E.00723
G1 X110.697 Y108.716 E.00713
G1 X110.484 Y108.622 E.00713
G1 X110.256 Y108.562 E.00726
G1 X109.913 Y108.541 E.01056
G1 X109.575 Y108.602 E.01056
G1 X109.351 Y108.691 E.00739
G1 X109.067 Y108.876 E.01043
G1 X108.897 Y109.043 E.00732
G1 X108.74 Y109.262 E.00829
G1 X108.612 Y109.544 E.00951
G1 X108.544 Y109.88 E.01053
G1 X108.544 Y110.118 E.00732
G1 X108.591 Y110.383 E.00829
G1 X108.701 Y110.668 E.00938
G1 X108.827 Y110.872 E.00736
G1 X109.06 Y111.119 E.01043
G1 X109.256 Y111.258 E.00739
G1 X109.571 Y111.397 E.01056
G1 X109.909 Y111.458 E.01056
G1 X110.149 Y111.453 E.00739
G1 X110.481 Y111.38 E.01043
G1 X110.698 Y111.283 E.00732
G1 X110.922 Y111.132 E.00829
G1 X111.141 Y110.914 E.00951
G1 X111.322 Y110.623 E.01053
G1 X111.404 Y110.401 E.00726
G1 X111.451 Y110.17 E.00726
G1 X111.451 Y109.844 E.01002
M204 S2000
G1 X111.834 Y109.741 F18000
M204 S1500
;TYPE:Inner wall
;WIDTH:0.45
G1 F1200
G1 X111.74 Y109.357 E.01313
G1 X111.585 Y109.038 E.01174
G1 X111.356 Y108.735 E.01261
G1 X111.131 Y108.531 E.01007
G1 X110.884 Y108.37 E.00977
G1 X110.615 Y108.251 E.00977
G1 X110.318 Y108.173 E.01017
G1 X109.889 Y108.147 E.01426
G1 X109.466 Y108.223 E.01426
G1 X109.17 Y108.341 E.01057
G1 X108.82 Y108.569 E.01385
G1 X108.597 Y108.787 E.01034
G1 X108.399 Y109.065 E.01134
G1 X108.236 Y109.422 E.01301
G1 X108.152 Y109.841 E.01416
G1 X108.152 Y110.152 E.01034
G1 X108.212 Y110.489 E.01134
G1 X108.348 Y110.844 E.01261
G1 X108.515 Y111.112 E.01047
G1 X108.802 Y111.416 E.01385
G1 X109.062 Y111.6 E.01057
G1 X109.454 Y111.774 E.01426
G1 X109.877 Y111.851 E.01426
G1 X110.196 Y111.845 E.01057
G1 X110.604 Y111.754 E.01385
G1 X110.889 Y111.628 E.01034
G1 X111.172 Y111.436 E.01134
G1 X111.45 Y111.159 E.01301
G1 X111.675 Y110.797 E.01416
G1 X111.783 Y110.509 E.01017
G1 X111.843 Y110.209 E.01017
G1 X111.843 Y109.779 E.01426
G1 X111.839 Y109.761 E.00063
G1 E-.8 F3600
M204 S2000
G1 X112.099 Y109.704 F18000
G1 E.8 F3600
;TYPE:Gap infill
;WIDTH:0.177034
G1 F1200
G1 X112.022 Y109.355 E.00391
G1 X111.848 Y108.954 E.00477
G1 X111.595 Y108.598 E.00477
G1 X111.275 Y108.301 E.00477
G1 X110.9 Y108.078 E.00477
G1 X110.502 Y107.938 E.00461
G1 X110.101 Y107.883 E.00442
G1 X109.728 Y107.896 E.00408
G1 X109.302 Y107.995 E.00477
G1 X108.908 Y108.182 E.00477
G1 X108.558 Y108.442 E.00477
G1 X108.271 Y108.771 E.00477
G1 X108.057 Y109.151 E.00477
G1 X107.982 Y109.347 E.0023
G1 X107.886 Y109.808 E.00514
G1 X107.889 Y110.228 E.00459
G1 X107.978 Y110.645 E.00467
G1 X108.152 Y111.046 E.00477
G1 X108.398 Y111.389 E.00461
G1 X108.688 Y111.669 E.00442
G1 X109.002 Y111.873 E.00409
G1 X109.383 Y112.034 E.00452
G1 X109.836 Y112.119 E.00504
G1 X110.258 Y112.109 E.00461
G1 X110.682 Y112.012 E.00475
G1 X111.015 Y111.867 E.00397
G1 X111.361 Y111.632 E.00458
G1 X111.666 Y111.321 E.00476
G1 X111.9 Y110.95 E.0048
G1 X112.043 Y110.579 E.00435
G1 X112.109 Y110.229 E.00389
G1 X112.113 Y109.772 E.005
G1 X112.103 Y109.723 E.00055
; stop printing object separador_timon.stl id:0 copy 0
; printing object "separador_timon.stl" id:1 copy 0
G1 E-.8 F3600
G1 X107.456 Y134.958 F18000
G1 E.8 F3600
M204 S1000
;TYPE:Outer wall
;WIDTH:0.42
G1 F1200
G1 X107.577 Y134.717 E.00826
G1 X107.731 Y134.475 E.00883
G1 X107.909 Y134.25 E.00882
G1 X108.109 Y134.044 E.00883
G1 X108.33 Y133.86 E.00883
G1 X108.568 Y133.7 E.00883
G1 X108.822 Y133.565 E.00883
G1 X109.088 Y133.456 E.00883
G1 X109.364 Y133.376 E.00883
G1 X109.646 Y133.325 E.00883
G1 X109.933 Y133.302 E.00885
G1 X110.158 Y133.307 E.00691
G1 X110.649 Y133.377 E.01524
G1 X110.921 Y133.456 E.0087
G1 X111.187 Y133.565 E.00883
G1 X111.441 Y133.7 E.00883
G1 X111.679 Y133.86 E.00883
G1 X111.899 Y134.044 E.00883
G1 X112.1 Y134.25 E.00883
G1 X112.278 Y134.475 E.00883
G1 X112.432 Y134.717 E.00883
G1 X112.561 Y134.974 E.00883
G1 X112.662 Y135.243 E.00883
G1 X112.735 Y135.521 E.00883
G1 X112.779 Y135.802 E.00874
G1 X112.79 Y136.238 E.0134
G1 X112.761 Y136.521 E.00874
G1 X112.702 Y136.802 E.00883
G1 X112.615 Y137.075 E.00883
G1 X112.5 Y137.339 E.00883
G1 X112.358 Y137.588 E.00883
G1 X112.192 Y137.823 E.00883
G1 X112.002 Y138.038 E.00883
G1 X111.791 Y138.233 E.00883
G1 X111.562 Y138.406 E.00883
G1 X111.315 Y138.554 E.00883
G1 X111.055 Y138.676 E.00885
G1 X110.843 Y138.751 E.00691
G1 X110.359 Y138.858 E.01524
G1 X110.076 Y138.88 E.0087
G1 X109.789 Y138.873 E.00883
G1 X109.504 Y138.836 E.00883
G1 X109.225 Y138.77 E.00883
G1 X108.953 Y138.675 E.00883
G1 X108.693 Y138.554 E.00883
G1 X108.446 Y138.405 E.00885
G1 X108.266 Y138.272 E.00691
G1 X107.906 Y137.93 E.01524
G1 X107.731 Y137.708 E.0087
G1 X107.577 Y137.465 E.00883
G1 X107.448 Y137.208 E.00883
G1 X107.347 Y136.94 E.00883
G1 X107.274 Y136.662 E.00883
G1 X107.23 Y136.381 E.00874
G1 X107.219 Y135.948 E.01331
G1 X107.274 Y135.518 E.01331
G1 X107.347 Y135.243 E.00874
G1 X107.448 Y134.976 E.00878
M204 S2000
G1 X107.808 Y135.131 F18000
M204 S1500
;TYPE:Inner wall
;WIDTH:0.45
G1 F1200
G1 X107.918 Y134.911 E.00819
G1 X108.051 Y134.702 E.00819
G1 X108.204 Y134.509 E.00819
G1 X108.376 Y134.332 E.00819
G1 X108.566 Y134.174 E.00819
G1 X108.77 Y134.036 E.00819
G1 X108.988 Y133.92 E.00819
G1 X109.217 Y133.827 E.00819
G1 X109.454 Y133.758 E.00819
G1 X109.697 Y133.714 E.00819
G1 X110.126 Y133.698 E.01426
G1 X110.566 Y133.761 E.01474
G1 X110.792 Y133.827 E.00781
G1 X111.021 Y133.92 E.00819
G1 X111.238 Y134.036 E.00819
G1 X111.443 Y134.174 E.00819
G1 X111.633 Y134.332 E.00819
G1 X111.805 Y134.509 E.00819
G1 X111.958 Y134.702 E.00819
G1 X112.091 Y134.911 E.00819
G1 X112.201 Y135.131 E.00819
G1 X112.288 Y135.362 E.00819
G1 X112.351 Y135.601 E.00819
G1 X112.388 Y135.837 E.00793
G1 X112.398 Y136.222 E.01279
G1 X112.373 Y136.46 E.00793
G1 X112.322 Y136.702 E.00819
G1 X112.247 Y136.937 E.00819
G1 X112.149 Y137.163 E.00819
G1 X112.027 Y137.378 E.00819
G1 X111.884 Y137.579 E.00819
G1 X111.721 Y137.764 E.00819
G1 X111.54 Y137.932 E.00819
G1 X111.343 Y138.08 E.00819
G1 X111.131 Y138.207 E.00819
G1 X110.735 Y138.373 E.01426
G1 X110.301 Y138.469 E.01474
G1 X110.066 Y138.488 E.00781
G1 X109.819 Y138.481 E.00819
G1 X109.575 Y138.45 E.00819
G1 X109.334 Y138.393 E.00819
G1 X109.101 Y138.312 E.00819
G1 X108.878 Y138.207 E.00819
G1 X108.519 Y137.971 E.01426
G1 X108.197 Y137.665 E.01474
G1 X108.051 Y137.48 E.00781
G1 X107.918 Y137.272 E.00819
G1 X107.808 Y137.051 E.00819
G1 X107.721 Y136.82 E.00819
G1 X107.658 Y136.582 E.00819
G1 X107.621 Y136.345 E.00793
G1 X107.611 Y135.968 E.01253
G1 X107.66 Y135.593 E.01253
G1 X107.721 Y135.362 E.00793
G1 X107.801 Y135.15 E.00752
M204 S2000
G1 E-.8 F3600
G1 X111.455 Y135.915 F18000
G1 E.8 F3600
M204 S1000
;TYPE:Outer wall
;WIDTH:0.42
G1 F1200
G1 X111.374 Y135.582 E.01054
G1 X111.254 Y135.336 E.00841
G1 X111.07 Y135.092 E.00938
G1 X110.896 Y134.934 E.00723
G1 X110.701 Y134.807 E.00713
G1 X110.489 Y134.713 E.00713
G1 X110.26 Y134.653 E.00726
G1 X109.917 Y134.632 E.01056
G1 X109.579 Y134.694 E.01056
G1 X109.356 Y134.782 E.00739
G1 X109.071 Y134.967 E.01043
G1 X108.901 Y135.134 E.00732
G1 X108.744 Y135.353 E.00829
G1 X108.616 Y135.635 E.00951
G1 X108.548 Y135.971 E.01053
G1 X108.548 Y136.209 E.00732
G1 X108.595 Y136.475 E.00829
G1 X108.705 Y136.759 E.00938
G1 X108.832 Y136.963 E.00736
G1 X109.065 Y137.21 E.01043
G1 X109.261 Y137.349 E.00739
G1 X109.575 Y137.488 E.01056
G1 X109.913 Y137.549 E.01056
G1 X110.154 Y137.545 E.00739
G1 X110.485 Y137.471 E.01043
G1 X110.703 Y137.374 E.00732
G1 X110.926 Y137.224 E.00829
G1 X111.145 Y137.005 E.00951
G1 X111.326 Y136.714 E.01053
G1 X111.409 Y136.493 E.00726
G1 X111.455 Y136.261 E.00726
G1 X111.455 Y135.935 E.01002
M204 S2000
G1 X111.838 Y135.832 F18000
M204 S1500
;TYPE:Inner wall
;WIDTH:0.45
G1 F1200
G1 X111.745 Y135.448 E.01313
G1 X111.589 Y135.13 E.01174
G1 X111.361 Y134.826 E.01261
G1 X111.135 Y134.622 E.01007
G1 X110.888 Y134.462 E.00977
G1 X110.619 Y134.342 E.00977
G1 X110.323 Y134.264 E.01017
G1 X109.894 Y134.238 E.01426
G1 X109.471 Y134.315 E.01426
G1 X109.175 Y134.432 E.01057
G1 X108.824 Y134.66 E.01385
G1 X108.602 Y134.878 E.01034
G1 X108.403 Y135.157 E.01134
G1 X108.241 Y135.513 E.01301
G1 X108.156 Y135.932 E.01416
G1 X108.156 Y136.244 E.01034
G1 X108.216 Y136.58 E.01134
G1 X108.353 Y136.935 E.01261
G1 X108.52 Y137.203 E.01047
G1 X108.806 Y137.507 E.01385
G1 X109.066 Y137.691 E.01057
G1 X109.459 Y137.866 E.01426
G1 X109.882 Y137.942 E.01426
G1 X110.2 Y137.936 E.01057
G1 X110.608 Y137.845 E.01385
G1 X110.893 Y137.719 E.01034
G1 X111.177 Y137.528 E.01134
G1 X111.454 Y137.25 E.01301
G1 X111.68 Y136.888 E.01416
G1 X111.787 Y136.601 E.01017
G1 X111.848 Y136.3 E.01017
G1 X111.848 Y135.87 E.01426
G1 X111.843 Y135.852 E.00063
M204 S2000
G1 X112.103 Y135.795 F18000
;TYPE:Gap infill
;WIDTH:0.177034
G1 F1200
G1 X112.026 Y135.446 E.00391
G1 X111.852 Y135.045 E.00477
G1 X111.599 Y134.689 E.00477
G1 X111.28 Y134.392 E.00477
G1 X110.904 Y134.169 E.00477
G1 X110.506 Y134.029 E.00461
G1 X110.106 Y133.974 E.00442
G1 X109.732 Y133.988 E.00408
G1 X109.307 Y134.086 E.00477
G1 X108.913 Y134.273 E.00477
G1 X108.562 Y134.533 E.00477
G1 X108.275 Y134.862 E.00477
G1 X108.061 Y135.242 E.00477
G1 X107.986 Y135.438 E.0023
G1 X107.89 Y135.899 E.00514
G1 X107.893 Y136.319 E.00459
G1 X107.983 Y136.737 E.00467
G1 X108.157 Y137.137 E.00477
G1 X108.402 Y137.48 E.00461
G1 X108.693 Y137.761 E.00442
G1 X109.006 Y137.965 E.00409
G1 X109.387 Y138.125 E.00452
G1 X109.84 Y138.21 E.00504
G1 X110.263 Y138.2 E.00461
G1 X110.686 Y138.103 E.00475
G1 X111.019 Y137.958 E.00397
G1 X111.366 Y137.723 E.00458
G1 X111.671 Y137.413 E.00476
G1 X111.905 Y137.041 E.0048
G1 X112.048 Y136.67 E.00435
G1 X112.114 Y136.32 E.00389
G1 X112.118 Y135.863 E.005
G1 X112.107 Y135.814 E.00055
; stop printing object separador_timon.stl id:1 copy 0
; end of layer_num: 24, T: 0, print_z: 4.840000
;LAYER_CHANGE
;Z:5.04
;HEIGHT:0.2
; BEFORE_LAYER_CHANGE 24 @ 5.04mm
G92 E0
; AFTER_LAYER_CHANGE 24 @ 5.04mm
; start of layer_num: 25, T: 0, print_z: 5.040000
; printing object "separador_timon.stl" id:0 copy 0
G1 E-.8 F3600
G1 X107.452 Y108.866 Z5.04 F18000
G1 E.8 F3600
M204 S1000
;TYPE:Outer wall
;WIDTH:0.42
G1 F1200
G1 X107.572 Y108.626 E.00825
G1 X107.726 Y108.384 E.00883
G1 X107.905 Y108.158 E.00883
G1 X108.105 Y107.953 E.00883
G1 X108.326 Y107.769 E.00883
G1 X108.564 Y107.608 E.00883
G1 X108.817 Y107.473 E.00883
G1 X109.083 Y107.365 E.00883
G1 X109.359 Y107.285 E.00883
G1 X109.642 Y107.233 E.00883
G1 X109.929 Y107.211 E.00885
G1 X110.151 Y107.215 E.00683
G1 X110.645 Y107.286 E.01532
G1 X110.917 Y107.365 E.0087
G1 X111.183 Y107.473 E.00883
G1 X111.436 Y107.608 E.00883
G1 X111.674 Y107.769 E.00883
G1 X111.895 Y107.953 E.00883
G1 X112.095 Y108.158 E.00883
G1 X112.274 Y108.384 E.00883
G1 X112.428 Y108.626 E.00883
G1 X112.557 Y108.883 E.00885
G1 X112.636 Y109.091 E.00683
G1 X112.757 Y109.575 E.01532
G1 X112.786 Y109.856 E.0087
G1 X112.786 Y110.144 E.00883
G1 X112.756 Y110.429 E.00883
G1 X112.698 Y110.71 E.00883
G1 X112.61 Y110.984 E.00883
G1 X112.495 Y111.247 E.00883
G1 X112.354 Y111.497 E.00883
G1 X112.187 Y111.731 E.00883
G1 X111.998 Y111.947 E.00883
G1 X111.787 Y112.142 E.00883
G1 X111.557 Y112.315 E.00883
G1 X111.311 Y112.462 E.00883
G1 X111.051 Y112.584 E.00883
G1 X110.782 Y112.678 E.00874
G1 X110.355 Y112.767 E.0134
G1 X110.072 Y112.789 E.00874
G1 X109.785 Y112.781 E.00883
G1 X109.5 Y112.745 E.00883
G1 X109.22 Y112.679 E.00883
G1 X108.949 Y112.584 E.00883
G1 X108.689 Y112.462 E.00883
G1 X108.442 Y112.314 E.00885
G1 X108.263 Y112.182 E.00683
G1 X107.902 Y111.838 E.01532
G1 X107.726 Y111.616 E.0087
G1 X107.572 Y111.374 E.00883
G1 X107.443 Y111.117 E.00885
G1 X107.364 Y110.909 E.00683
G1 X107.243 Y110.425 E.01532
G1 X107.214 Y110.144 E.0087
G1 X107.214 Y109.856 E.00883
G1 X107.244 Y109.57 E.00885
G1 X107.288 Y109.352 E.00683
G1 X107.444 Y108.884 E.01516
M204 S2000
G1 X107.809 Y109.03 F18000
M204 S1500
;TYPE:Inner wall
;WIDTH:0.45
G1 F1200
G1 X107.914 Y108.819 E.0078
G1 X108.046 Y108.611 E.00819
G1 X108.199 Y108.418 E.00819
G1 X108.372 Y108.241 E.00819
G1 X108.561 Y108.083 E.00819
G1 X108.766 Y107.945 E.00819
G1 X108.984 Y107.829 E.00819
G1 X109.212 Y107.736 E.00819
G1 X109.449 Y107.667 E.00819
G1 X109.692 Y107.623 E.00819
G1 X110.119 Y107.607 E.01418
G1 X110.562 Y107.67 E.01482
G1 X110.788 Y107.736 E.0078
G1 X111.016 Y107.829 E.00819
G1 X111.234 Y107.945 E.00819
G1 X111.439 Y108.083 E.00819
G1 X111.628 Y108.241 E.00819
G1 X111.801 Y108.418 E.00819
G1 X111.954 Y108.611 E.00819
G1 X112.086 Y108.819 E.00819
G1 X112.262 Y109.209 E.01418
G1 X112.37 Y109.643 E.01482
G1 X112.394 Y109.877 E.0078
G1 X112.394 Y110.123 E.00819
G1 X112.369 Y110.369 E.00819
G1 X112.318 Y110.61 E.00819
G1 X112.243 Y110.846 E.00819
G1 X112.144 Y111.072 E.00819
G1 X112.023 Y111.287 E.00819
G1 X111.88 Y111.488 E.00819
G1 X111.717 Y111.673 E.00819
G1 X111.536 Y111.841 E.00819
G1 X111.338 Y111.989 E.00819
G1 X111.127 Y112.116 E.00819
G1 X110.903 Y112.221 E.00819
G1 X110.677 Y112.299 E.00793
G1 X110.3 Y112.378 E.01279
G1 X110.062 Y112.396 E.00793
G1 X109.815 Y112.39 E.00819
G1 X109.57 Y112.358 E.00819
G1 X109.33 Y112.302 E.00819
G1 X109.097 Y112.221 E.00819
G1 X108.873 Y112.116 E.00819
G1 X108.516 Y111.881 E.01418
G1 X108.192 Y111.573 E.01482
G1 X108.046 Y111.389 E.0078
G1 X107.914 Y111.181 E.00819
G1 X107.738 Y110.791 E.01418
G1 X107.63 Y110.357 E.01482
G1 X107.606 Y110.123 E.0078
G1 X107.606 Y109.877 E.00819
G1 X107.667 Y109.453 E.01418
G1 X107.802 Y109.049 E.01415
M204 S2000
G1 E-.8 F3600
G1 X111.449 Y109.82 F18000
G1 E.8 F3600
M204 S1000
;TYPE:Outer wall
;WIDTH:0.42
G1 F1200
G1 X111.404 Y109.599 E.00695
G1 X111.322 Y109.377 E.00726
G1 X111.142 Y109.089 E.01043
G1 X110.977 Y108.914 E.00739
G1 X110.699 Y108.717 E.01049
G1 X110.445 Y108.61 E.00846
G1 X110.148 Y108.547 E.00934
G1 X109.909 Y108.542 E.00736
G1 X109.575 Y108.602 E.01043
G1 X109.355 Y108.689 E.00726
G1 X109.152 Y108.81 E.00726
G1 X108.9 Y109.038 E.01043
G1 X108.757 Y109.232 E.00739
G1 X108.612 Y109.543 E.01056
G1 X108.544 Y109.88 E.01056
G1 X108.544 Y110.12 E.00739
G1 X108.611 Y110.455 E.01049
G1 X108.722 Y110.707 E.00846
G1 X108.896 Y110.956 E.00934
G1 X109.067 Y111.124 E.00736
G1 X109.351 Y111.309 E.01043
G1 X109.575 Y111.398 E.00739
G1 X109.909 Y111.458 E.01043
G1 X110.149 Y111.453 E.00739
G1 X110.481 Y111.38 E.01043
G1 X110.697 Y111.284 E.00726
G1 X110.895 Y111.155 E.00726
G1 X111.138 Y110.916 E.01049
G1 X111.289 Y110.686 E.00846
G1 X111.404 Y110.404 E.00934
G1 X111.451 Y110.17 E.00736
G1 X111.451 Y109.84 E.01013
M204 S2000
G1 X111.837 Y109.758 F18000
M204 S1500
;TYPE:Inner wall
;WIDTH:0.45
G1 F1200
G1 X111.783 Y109.491 E.00906
G1 X111.675 Y109.203 E.01017
G1 X111.454 Y108.849 E.01385
G1 X111.236 Y108.617 E.01057
G1 X110.891 Y108.372 E.01403
G1 X110.563 Y108.234 E.01179
G1 X110.193 Y108.155 E.01256
G1 X109.877 Y108.149 E.01047
G1 X109.466 Y108.223 E.01385
G1 X109.181 Y108.337 E.01017
G1 X108.918 Y108.493 E.01017
G1 X108.608 Y108.774 E.01385
G1 X108.419 Y109.03 E.01057
G1 X108.237 Y109.419 E.01426
G1 X108.152 Y109.841 E.01426
G1 X108.152 Y110.159 E.01057
G1 X108.235 Y110.574 E.01403
G1 X108.379 Y110.899 E.01179
G1 X108.595 Y111.21 E.01256
G1 X108.82 Y111.431 E.01047
G1 X109.17 Y111.659 E.01385
G1 X109.466 Y111.777 E.01057
G1 X109.877 Y111.851 E.01385
G1 X110.196 Y111.845 E.01057
G1 X110.604 Y111.754 E.01385
G1 X110.884 Y111.63 E.01017
G1 X111.141 Y111.462 E.01017
G1 X111.443 Y111.166 E.01403
G1 X111.638 Y110.869 E.01179
G1 X111.781 Y110.518 E.01256
G1 X111.843 Y110.209 E.01047
G1 X111.843 Y109.791 E.01385
G1 X111.841 Y109.778 E.00045
G1 E-.8 F3600
M204 S2000
G1 X112.102 Y109.724 F18000
G1 E.8 F3600
;TYPE:Gap infill
;WIDTH:0.177838
G1 F1200
G1 X112.038 Y109.412 E.0035
G1 X111.912 Y109.08 E.00391
G1 X111.662 Y108.681 E.00517
G1 X111.406 Y108.412 E.00408
G1 X111.015 Y108.136 E.00526
G1 X110.638 Y107.978 E.0045
G1 X110.218 Y107.89 E.00472
G1 X109.85 Y107.883 E.00404
G1 X109.387 Y107.968 E.00518
G1 X109.059 Y108.1 E.00388
G1 X108.755 Y108.283 E.00391
G1 X108.415 Y108.591 E.00504
G1 X108.187 Y108.899 E.00422
G1 X107.987 Y109.329 E.00522
G1 X107.886 Y109.808 E.00537
G1 X107.887 Y110.192 E.00422
G1 X107.982 Y110.662 E.00527
G1 X108.145 Y111.037 E.00451
G1 X108.392 Y111.39 E.00473
G1 X108.69 Y111.671 E.00451
G1 X109.041 Y111.895 E.00458
G1 X109.406 Y112.041 E.00432
G1 X109.836 Y112.119 E.00481
G1 X110.263 Y112.108 E.0047
G1 X110.682 Y112.01 E.00472
G1 X111.009 Y111.87 E.00391
G1 X111.36 Y111.63 E.00468
G1 X111.656 Y111.332 E.00462
G1 X111.879 Y110.989 E.0045
G1 X112.04 Y110.59 E.00472
G1 X112.109 Y110.229 E.00404
G1 X112.109 Y109.758 E.00518
G1 X112.106 Y109.744 E.00016
; stop printing object separador_timon.stl id:0 copy 0
; printing object "separador_timon.stl" id:1 copy 0
G1 E-.8 F3600
G1 X107.456 Y134.957 F18000
G1 E.8 F3600
M204 S1000
;TYPE:Outer wall
;WIDTH:0.42
G1 F1200
G1 X107.577 Y134.717 E.00825
G1 X107.731 Y134.475 E.00883
G1 X107.909 Y134.25 E.00883
G1 X108.109 Y134.044 E.00883
G1 X108.33 Y133.86 E.00883
G1 X108.568 Y133.7 E.00883
G1 X108.822 Y133.565 E.00883
G1 X109.088 Y133.456 E.00883
G1 X109.364 Y133.376 E.00883
G1 X109.646 Y133.325 E.00883
G1 X109.933 Y133.302 E.00885
G1 X110.155 Y133.307 E.00683
G1 X110.649 Y133.377 E.01532
G1 X110.921 Y133.456 E.0087
G1 X111.187 Y133.565 E.00883
G1 X111.441 Y133.7 E.00883
G1 X111.679 Y133.86 E.00883
G1 X111.899 Y134.044 E.00883
G1 X112.1 Y134.25 E.00883
G1 X112.278 Y134.475 E.00883
G1 X112.432 Y134.717 E.00883
G1 X112.561 Y134.975 E.00885
G1 X112.641 Y135.182 E.00683
G1 X112.761 Y135.666 E.01532
G1 X112.79 Y135.948 E.0087
G1 X112.79 Y136.235 E.00883
G1 X112.761 Y136.521 E.00883
G1 X112.702 Y136.802 E.00883
G1 X112.615 Y137.075 E.00883
G1 X112.5 Y137.339 E.00883
G1 X112.358 Y137.588 E.00883
G1 X112.192 Y137.823 E.00883
G1 X112.002 Y138.038 E.00883
G1 X111.791 Y138.233 E.00883
G1 X111.562 Y138.406 E.00883
G1 X111.315 Y138.554 E.00883
G1 X111.055 Y138.675 E.00883
G1 X110.787 Y138.769 E.00874
G1 X110.36 Y138.858 E.0134
G1 X110.076 Y138.88 E.00874
G1 X109.789 Y138.873 E.00883
G1 X109.504 Y138.836 E.00883
G1 X109.225 Y138.77 E.00883
G1 X108.953 Y138.675 E.00883
G1 X108.693 Y138.554 E.00883
G1 X108.446 Y138.405 E.00885
G1 X108.268 Y138.273 E.00683
G1 X107.906 Y137.93 E.01532
G1 X107.731 Y137.708 E.0087
G1 X107.577 Y137.465 E.00883
G1 X107.448 Y137.208 E.00885
G1 X107.368 Y137 E.00683
G1 X107.247 Y136.517 E.01532
G1 X107.218 Y136.235 E.0087
G1 X107.218 Y135.948 E.00883
G1 X107.248 Y135.661 E.00885
G1 X107.292 Y135.443 E.00683
G1 X107.448 Y134.976 E.01516
M204 S2000
G1 X107.813 Y135.121 F18000
M204 S1500
;TYPE:Inner wall
;WIDTH:0.45
G1 F1200
G1 X107.918 Y134.911 E.0078
G1 X108.051 Y134.702 E.00819
G1 X108.204 Y134.509 E.00819
G1 X108.376 Y134.332 E.00819
G1 X108.566 Y134.174 E.00819
G1 X108.77 Y134.036 E.00819
G1 X108.988 Y133.92 E.00819
G1 X109.217 Y133.827 E.00819
G1 X109.454 Y133.758 E.00819
G1 X109.697 Y133.714 E.00819
G1 X110.124 Y133.698 E.01418
G1 X110.566 Y133.761 E.01482
G1 X110.792 Y133.827 E.0078
G1 X111.021 Y133.92 E.00819
G1 X111.238 Y134.036 E.00819
G1 X111.443 Y134.174 E.00819
G1 X111.633 Y134.332 E.00819
G1 X111.805 Y134.509 E.00819
G1 X111.958 Y134.702 E.00819
G1 X112.091 Y134.911 E.00819
G1 X112.266 Y135.3 E.01418
G1 X112.374 Y135.734 E.01482
G1 X112.398 Y135.968 E.0078
G1 X112.398 Y136.215 E.00819
G1 X112.373 Y136.46 E.00819
G1 X112.322 Y136.702 E.00819
G1 X112.247 Y136.937 E.00819
G1 X112.149 Y137.163 E.00819
G1 X112.027 Y137.378 E.00819
G1 X111.884 Y137.579 E.00819
G1 X111.721 Y137.764 E.00819
G1 X111.54 Y137.932 E.00819
G1 X111.343 Y138.08 E.00819
G1 X111.131 Y138.207 E.00819
G1 X110.907 Y138.312 E.00819
G1 X110.682 Y138.39 E.00793
G1 X110.304 Y138.469 E.01279
G1 X110.066 Y138.488 E.00793
G1 X109.819 Y138.481 E.00819
G1 X109.575 Y138.45 E.00819
G1 X109.334 Y138.393 E.00819
G1 X109.101 Y138.312 E.00819
G1 X108.878 Y138.207 E.00819
G1 X108.52 Y137.972 E.01418
G1 X108.197 Y137.665 E.01482
G1 X108.051 Y137.48 E.0078
G1 X107.918 Y137.272 E.00819
G1 X107.743 Y136.882 E.01418
G1 X107.635 Y136.449 E.01482
G1 X107.61 Y136.215 E.0078
G1 X107.61 Y135.968 E.00819
G1 X107.672 Y135.545 E.01418
G1 X107.807 Y135.14 E.01415
M204 S2000
G1 E-.8 F3600
G1 X111.453 Y135.912 F18000
G1 E.8 F3600
M204 S1000
;TYPE:Outer wall
;WIDTH:0.42
G1 F1200
G1 X111.409 Y135.69 E.00695
G1 X111.326 Y135.469 E.00726
G1 X111.147 Y135.18 E.01043
G1 X110.982 Y135.005 E.00739
G1 X110.703 Y134.808 E.01049
G1 X110.45 Y134.701 E.00846
G1 X110.152 Y134.638 E.00934
G1 X109.913 Y134.633 E.00736
G1 X109.579 Y134.694 E.01043
G1 X109.359 Y134.781 E.00726
G1 X109.156 Y134.902 E.00726
G1 X108.905 Y135.129 E.01043
G1 X108.762 Y135.323 E.00739
G1 X108.616 Y135.634 E.01056
G1 X108.548 Y135.971 E.01056
G1 X108.548 Y136.212 E.00739
G1 X108.616 Y136.546 E.01049
G1 X108.727 Y136.798 E.00846
G1 X108.9 Y137.048 E.00934
G1 X109.071 Y137.215 E.00736
G1 X109.356 Y137.4 E.01043
G1 X109.579 Y137.489 E.00739
G1 X109.913 Y137.549 E.01043
G1 X110.154 Y137.545 E.00739
G1 X110.485 Y137.471 E.01043
G1 X110.701 Y137.375 E.00726
G1 X110.899 Y137.246 E.00726
G1 X111.143 Y137.007 E.01049
G1 X111.293 Y136.777 E.00846
G1 X111.408 Y136.496 E.00934
G1 X111.455 Y136.261 E.00736
G1 X111.455 Y135.931 E.01013
M204 S2000
G1 X111.841 Y135.85 F18000
M204 S1500
;TYPE:Inner wall
;WIDTH:0.45
G1 F1200
G1 X111.787 Y135.582 E.00906
G1 X111.68 Y135.295 E.01017
G1 X111.459 Y134.94 E.01385
G1 X111.24 Y134.708 E.01057
G1 X110.895 Y134.463 E.01403
G1 X110.568 Y134.325 E.01179
G1 X110.197 Y134.247 E.01256
G1 X109.882 Y134.24 E.01047
G1 X109.471 Y134.315 E.01385
G1 X109.186 Y134.428 E.01017
G1 X108.922 Y134.585 E.01017
G1 X108.613 Y134.865 E.01385
G1 X108.423 Y135.121 E.01057
G1 X108.241 Y135.511 E.01426
G1 X108.156 Y135.932 E.01426
G1 X108.156 Y136.251 E.01057
G1 X108.24 Y136.665 E.01403
G1 X108.383 Y136.991 E.01179
G1 X108.599 Y137.302 E.01256
G1 X108.824 Y137.523 E.01047
G1 X109.175 Y137.75 E.01385
G1 X109.471 Y137.868 E.01057
G1 X109.882 Y137.942 E.01385
G1 X110.2 Y137.936 E.01057
G1 X110.608 Y137.845 E.01385
G1 X110.888 Y137.721 E.01017
G1 X111.146 Y137.554 E.01017
G1 X111.448 Y137.258 E.01403
G1 X111.642 Y136.96 E.01179
G1 X111.785 Y136.61 E.01256
G1 X111.848 Y136.3 E.01047
G1 X111.848 Y135.882 E.01385
G1 X111.845 Y135.869 E.00045
M204 S2000
G1 X112.106 Y135.815 F18000
;TYPE:Gap infill
;WIDTH:0.177838
G1 F1200
G1 X112.042 Y135.504 E.0035
G1 X111.916 Y135.171 E.00391
G1 X111.667 Y134.772 E.00517
G1 X111.41 Y134.503 E.00408
G1 X111.019 Y134.228 E.00526
G1 X110.642 Y134.069 E.0045
G1 X110.222 Y133.981 E.00472
G1 X109.854 Y133.974 E.00404
G1 X109.391 Y134.059 E.00518
G1 X109.064 Y134.191 E.00388
G1 X108.759 Y134.375 E.00391
G1 X108.42 Y134.682 E.00504
G1 X108.191 Y134.99 E.00422
G1 X107.991 Y135.421 E.00522
G1 X107.89 Y135.899 E.00537
G1 X107.892 Y136.283 E.00422
G1 X107.986 Y136.753 E.00527
G1 X108.15 Y137.129 E.00451
G1 X108.396 Y137.481 E.00473
G1 X108.694 Y137.762 E.00451
G1 X109.045 Y137.986 E.00458
G1 X109.41 Y138.132 E.00432
G1 X109.84 Y138.21 E.00481
G1 X110.268 Y138.199 E.0047
G1 X110.686 Y138.101 E.00472
G1 X111.013 Y137.962 E.00391
G1 X111.365 Y137.722 E.00468
G1 X111.661 Y137.423 E.00462
G1 X111.884 Y137.08 E.0045
G1 X112.044 Y136.681 E.00472
G1 X112.114 Y136.32 E.00404
G1 X112.113 Y135.85 E.00518
G1 X112.11 Y135.835 E.00016
; stop printing object separador_timon.stl id:1 copy 0
; end of layer_num: 25, T: 0, print_z: 5.040000
;LAYER_CHANGE
;Z:5.24
;HEIGHT:0.2
; BEFORE_LAYER_CHANGE 25 @ 5.24mm
G92 E0
; AFTER_LAYER_CHANGE 25 @ 5.24mm
; start of layer_num: 26, T: 0, print_z: 5.240000
; printing object "separador_timon.stl" id:0 copy 0
G1 E-.8 F3600
G1 X107.452 Y108.866 Z5.24 F18000
G1 E.8 F3600
M204 S1000
;TYPE:Outer wall
;WIDTH:0.42
G1 F1200
G1 X107.572 Y108.626 E.00825
G1 X107.726 Y108.384 E.00883
G1 X107.905 Y108.158 E.00883
G1 X108.105 Y107.953 E.00883
G1 X108.326 Y107.769 E.00883
G1 X108.564 Y107.608 E.00883
G1 X108.817 Y107.473 E.00883
G1 X109.083 Y107.365 E.00883
G1 X109.359 Y107.285 E.00883
G1 X109.642 Y107.233 E.00883
G1 X110.149 Y107.215 E.01558
G1 X110.645 Y107.286 E.0154
G1 X110.917 Y107.365 E.0087
G1 X111.183 Y107.473 E.00883
G1 X111.436 Y107.608 E.00883
G1 X111.674 Y107.769 E.00883
G1 X111.895 Y107.953 E.00883
G1 X112.095 Y108.158 E.00883
G1 X112.274 Y108.384 E.00883
G1 X112.428 Y108.626 E.00883
G1 X112.636 Y109.089 E.01558
G1 X112.757 Y109.575 E.0154
G1 X112.786 Y109.856 E.0087
G1 X112.786 Y110.144 E.00883
G1 X112.756 Y110.429 E.00883
G1 X112.698 Y110.71 E.00883
G1 X112.61 Y110.984 E.00883
G1 X112.495 Y111.247 E.00883
G1 X112.354 Y111.497 E.00883
G1 X112.187 Y111.731 E.00883
G1 X111.837 Y112.098 E.01558
G1 X111.433 Y112.394 E.0154
G1 X111.183 Y112.527 E.0087
G1 X110.917 Y112.635 E.00883
G1 X110.641 Y112.715 E.00883
G1 X110.358 Y112.767 E.00883
G1 X110.072 Y112.789 E.00883
G1 X109.785 Y112.781 E.00883
G1 X109.5 Y112.745 E.00883
G1 X109.22 Y112.679 E.00883
G1 X108.949 Y112.584 E.00883
G1 X108.689 Y112.462 E.00883
G1 X108.265 Y112.184 E.01558
G1 X107.902 Y111.838 E.0154
G1 X107.726 Y111.616 E.0087
G1 X107.572 Y111.374 E.00883
G1 X107.444 Y111.117 E.00883
G1 X107.342 Y110.848 E.00883
G1 X107.269 Y110.571 E.00883
G1 X107.225 Y110.29 E.00874
G1 X107.214 Y109.856 E.01331
G1 X107.27 Y109.427 E.01331
G1 X107.342 Y109.152 E.00874
G1 X107.443 Y108.884 E.00879
M204 S2000
G1 X107.803 Y109.04 F18000
M204 S1500
;TYPE:Inner wall
;WIDTH:0.45
G1 F1200
G1 X107.914 Y108.819 E.00819
G1 X108.046 Y108.611 E.00819
G1 X108.199 Y108.418 E.00819
G1 X108.372 Y108.241 E.00819
G1 X108.561 Y108.083 E.00819
G1 X108.766 Y107.945 E.00819
G1 X108.984 Y107.829 E.00819
G1 X109.212 Y107.736 E.00819
G1 X109.449 Y107.667 E.00819
G1 X109.692 Y107.623 E.00819
G1 X110.117 Y107.607 E.0141
G1 X110.562 Y107.67 E.0149
G1 X110.788 Y107.736 E.0078
G1 X111.016 Y107.829 E.00819
G1 X111.234 Y107.945 E.00819
G1 X111.439 Y108.083 E.00819
G1 X111.628 Y108.241 E.00819
G1 X111.801 Y108.418 E.00819
G1 X111.954 Y108.611 E.00819
G1 X112.086 Y108.819 E.00819
G1 X112.261 Y109.207 E.0141
G1 X112.37 Y109.643 E.0149
G1 X112.394 Y109.877 E.0078
G1 X112.394 Y110.123 E.00819
G1 X112.369 Y110.369 E.00819
G1 X112.318 Y110.61 E.00819
G1 X112.243 Y110.846 E.00819
G1 X112.144 Y111.072 E.00819
G1 X112.023 Y111.287 E.00819
G1 X111.88 Y111.488 E.00819
G1 X111.586 Y111.796 E.0141
G1 X111.224 Y112.061 E.0149
G1 X111.016 Y112.171 E.0078
G1 X110.788 Y112.264 E.00819
G1 X110.551 Y112.333 E.00819
G1 X110.308 Y112.377 E.00819
G1 X110.062 Y112.396 E.00819
G1 X109.815 Y112.39 E.00819
G1 X109.57 Y112.358 E.00819
G1 X109.33 Y112.302 E.00819
G1 X109.097 Y112.221 E.00819
G1 X108.873 Y112.116 E.00819
G1 X108.518 Y111.883 E.0141
G1 X108.192 Y111.573 E.0149
G1 X108.046 Y111.389 E.0078
G1 X107.914 Y111.181 E.00819
G1 X107.803 Y110.96 E.00819
G1 X107.716 Y110.729 E.00819
G1 X107.654 Y110.49 E.00819
G1 X107.617 Y110.254 E.00793
G1 X107.607 Y109.877 E.01253
G1 X107.656 Y109.502 E.01253
G1 X107.716 Y109.271 E.00793
G1 X107.796 Y109.059 E.00752
M204 S2000
G1 E-.8 F3600
G1 X111.448 Y109.816 F18000
G1 E.8 F3600
M204 S1000
;TYPE:Outer wall
;WIDTH:0.42
G1 F1200
G1 X111.404 Y109.594 E.00695
G1 X111.272 Y109.282 E.01043
G1 X111.138 Y109.084 E.00732
G1 X110.948 Y108.89 E.00837
G1 X110.699 Y108.717 E.00929
G1 X110.484 Y108.622 E.00723
G1 X110.256 Y108.562 E.00726
G1 X109.913 Y108.541 E.01056
G1 X109.575 Y108.602 E.01056
G1 X109.355 Y108.689 E.00726
G1 X109.152 Y108.81 E.00726
G1 X108.899 Y109.039 E.01049
G1 X108.739 Y109.265 E.0085
G1 X108.612 Y109.544 E.00942
G1 X108.544 Y109.88 E.01053
G1 X108.544 Y110.116 E.00726
G1 X108.581 Y110.349 E.00726
G1 X108.7 Y110.667 E.01043
G1 X108.827 Y110.872 E.00739
G1 X109.063 Y111.122 E.01056
G1 X109.351 Y111.309 E.01056
G1 X109.575 Y111.398 E.00739
G1 X109.909 Y111.458 E.01043
G1 X110.149 Y111.453 E.00739
G1 X110.481 Y111.38 E.01043
G1 X110.698 Y111.283 E.00732
G1 X110.924 Y111.131 E.00837
G1 X111.139 Y110.915 E.00935
G1 X111.29 Y110.684 E.00847
G1 X111.404 Y110.404 E.00929
G1 X111.451 Y110.17 E.00736
G1 X111.451 Y109.836 E.01025
M204 S2000
G1 X111.837 Y109.758 F18000
M204 S1500
;TYPE:Inner wall
;WIDTH:0.45
G1 F1200
G1 X111.78 Y109.479 E.00946
G1 X111.618 Y109.094 E.01385
G1 X111.443 Y108.835 E.01035
G1 X111.202 Y108.589 E.01144
G1 X110.892 Y108.374 E.01251
G1 X110.615 Y108.251 E.01007
G1 X110.318 Y108.173 E.01017
G1 X109.889 Y108.147 E.01426
G1 X109.466 Y108.223 E.01426
G1 X109.181 Y108.337 E.01017
G1 X108.918 Y108.493 E.01017
G1 X108.604 Y108.777 E.01404
G1 X108.397 Y109.068 E.01184
G1 X108.236 Y109.423 E.01291
G1 X108.152 Y109.841 E.01415
G1 X108.152 Y110.147 E.01017
G1 X108.2 Y110.45 E.01017
G1 X108.347 Y110.841 E.01385
G1 X108.515 Y111.112 E.01057
G1 X108.81 Y111.425 E.01426
G1 X109.17 Y111.659 E.01426
G1 X109.466 Y111.777 E.01057
G1 X109.877 Y111.851 E.01385
G1 X110.196 Y111.845 E.01057
G1 X110.604 Y111.754 E.01385
G1 X110.889 Y111.627 E.01035
G1 X111.175 Y111.434 E.01144
G1 X111.445 Y111.164 E.01269
G1 X111.639 Y110.867 E.01173
G1 X111.781 Y110.518 E.01251
G1 X111.843 Y110.209 E.01047
G1 X111.843 Y109.791 E.01385
G1 X111.841 Y109.778 E.00045
G1 E-.8 F3600
M204 S2000
G1 X112.102 Y109.724 F18000
G1 E.8 F3600
;TYPE:Gap infill
;WIDTH:0.17805
G1 F1200
G1 X112.033 Y109.394 E.0037
G1 X111.853 Y108.959 E.00519
G1 X111.594 Y108.599 E.00488
G1 X111.273 Y108.303 E.00481
G1 X110.9 Y108.078 E.00481
G1 X110.502 Y107.938 E.00464
G1 X110.097 Y107.883 E.0045
G1 X109.728 Y107.896 E.00407
G1 X109.302 Y107.995 E.00481
G1 X108.907 Y108.181 E.00481
G1 X108.56 Y108.444 E.0048
G1 X108.271 Y108.771 E.0048
G1 X108.057 Y109.151 E.0048
G1 X107.982 Y109.347 E.00232
G1 X107.886 Y109.808 E.00518
G1 X107.889 Y110.228 E.00463
G1 X107.979 Y110.645 E.0047
G1 X108.152 Y111.046 E.00481
G1 X108.397 Y111.388 E.00464
G1 X108.692 Y111.672 E.0045
G1 X109.041 Y111.895 E.00456
G1 X109.406 Y112.041 E.00433
G1 X109.836 Y112.119 E.00481
G1 X110.273 Y112.107 E.00481
G1 X110.695 Y112.009 E.00477
G1 X111.08 Y111.828 E.00469
G1 X111.35 Y111.637 E.00364
G1 X111.659 Y111.329 E.00481
G1 X111.88 Y110.987 E.00448
G1 X112.04 Y110.59 E.00471
G1 X112.109 Y110.229 E.00404
G1 X112.109 Y109.758 E.00518
G1 X112.106 Y109.743 E.00017
; stop printing object separador_timon.stl id:0 copy 0
; printing object "separador_timon.stl" id:1 copy 0
G1 E-.8 F3600
G1 X107.457 Y134.957 F18000
G1 E.8 F3600
M204 S1000
;TYPE:Outer wall
;WIDTH:0.42
G1 F1200
G1 X107.577 Y134.717 E.00825
G1 X107.731 Y134.475 E.00883
G1 X107.909 Y134.25 E.00883
G1 X108.109 Y134.044 E.00883
G1 X108.33 Y133.86 E.00883
G1 X108.568 Y133.7 E.00883
G1 X108.822 Y133.565 E.00883
G1 X109.088 Y133.456 E.00883
G1 X109.364 Y133.376 E.00883
G1 X109.646 Y133.325 E.00883
G1 X110.153 Y133.307 E.01558
G1 X110.649 Y133.377 E.0154
G1 X110.921 Y133.456 E.0087
G1 X111.187 Y133.565 E.00883
G1 X111.441 Y133.7 E.00883
G1 X111.679 Y133.86 E.00883
G1 X111.899 Y134.044 E.00883
G1 X112.1 Y134.25 E.00883
G1 X112.278 Y134.475 E.00883
G1 X112.432 Y134.717 E.00883
G1 X112.64 Y135.18 E.01558
G1 X112.761 Y135.666 E.0154
G1 X112.79 Y135.948 E.0087
G1 X112.79 Y136.235 E.00883
G1 X112.761 Y136.521 E.00883
G1 X112.702 Y136.802 E.00883
G1 X112.615 Y137.075 E.00883
G1 X112.5 Y137.339 E.00883
G1 X112.358 Y137.588 E.00883
G1 X112.192 Y137.823 E.00883
G1 X111.842 Y138.189 E.01558
G1 X111.437 Y138.485 E.0154
G1 X111.187 Y138.618 E.0087
G1 X110.921 Y138.726 E.00883
G1 X110.645 Y138.806 E.00883
G1 X110.363 Y138.858 E.00883
G1 X110.076 Y138.88 E.00883
G1 X109.789 Y138.873 E.00883
G1 X109.504 Y138.836 E.00883
G1 X109.225 Y138.77 E.00883
G1 X108.953 Y138.675 E.00883
G1 X108.693 Y138.554 E.00883
G1 X108.27 Y138.275 E.01558
G1 X107.906 Y137.93 E.0154
G1 X107.731 Y137.708 E.0087
G1 X107.577 Y137.465 E.00883
G1 X107.448 Y137.208 E.00883
G1 X107.347 Y136.94 E.00883
G1 X107.274 Y136.662 E.00883
G1 X107.23 Y136.381 E.00874
G1 X107.219 Y135.948 E.01331
G1 X107.274 Y135.518 E.01331
G1 X107.347 Y135.243 E.00874
G1 X107.448 Y134.975 E.00879
M204 S2000
G1 X107.808 Y135.131 F18000
M204 S1500
;TYPE:Inner wall
;WIDTH:0.45
G1 F1200
G1 X107.918 Y134.911 E.00819
G1 X108.051 Y134.702 E.00819
G1 X108.204 Y134.509 E.00819
G1 X108.376 Y134.332 E.00819
G1 X108.566 Y134.174 E.00819
G1 X108.77 Y134.036 E.00819
G1 X108.988 Y133.92 E.00819
G1 X109.217 Y133.827 E.00819
G1 X109.454 Y133.758 E.00819
G1 X109.697 Y133.714 E.00819
G1 X110.122 Y133.698 E.0141
G1 X110.566 Y133.761 E.0149
G1 X110.792 Y133.827 E.0078
G1 X111.021 Y133.92 E.00819
G1 X111.238 Y134.036 E.00819
G1 X111.443 Y134.174 E.00819
G1 X111.633 Y134.332 E.00819
G1 X111.805 Y134.509 E.00819
G1 X111.958 Y134.702 E.00819
G1 X112.091 Y134.911 E.00819
G1 X112.265 Y135.298 E.0141
G1 X112.374 Y135.734 E.0149
G1 X112.398 Y135.968 E.0078
G1 X112.398 Y136.215 E.00819
G1 X112.373 Y136.46 E.00819
G1 X112.322 Y136.702 E.00819
G1 X112.247 Y136.937 E.00819
G1 X112.149 Y137.163 E.00819
G1 X112.027 Y137.378 E.00819
G1 X111.884 Y137.579 E.00819
G1 X111.591 Y137.887 E.0141
G1 X111.228 Y138.152 E.0149
G1 X111.021 Y138.262 E.0078
G1 X110.792 Y138.355 E.00819
G1 X110.555 Y138.424 E.00819
G1 X110.312 Y138.469 E.00819
G1 X110.066 Y138.488 E.00819
G1 X109.819 Y138.481 E.00819
G1 X109.575 Y138.45 E.00819
G1 X109.334 Y138.393 E.00819
G1 X109.101 Y138.312 E.00819
G1 X108.878 Y138.207 E.00819
G1 X108.522 Y137.974 E.0141
G1 X108.197 Y137.665 E.0149
G1 X108.051 Y137.48 E.0078
G1 X107.918 Y137.272 E.00819
G1 X107.808 Y137.051 E.00819
G1 X107.721 Y136.82 E.00819
G1 X107.658 Y136.582 E.00819
G1 X107.621 Y136.345 E.00793
G1 X107.611 Y135.968 E.01253
G1 X107.66 Y135.593 E.01253
G1 X107.721 Y135.362 E.00793
G1 X107.801 Y135.15 E.00752
M204 S2000
G1 E-.8 F3600
G1 X111.453 Y135.908 F18000
G1 E.8 F3600
M204 S1000
;TYPE:Outer wall
;WIDTH:0.42
G1 F1200
G1 X111.408 Y135.686 E.00695
G1 X111.277 Y135.373 E.01043
G1 X111.143 Y135.176 E.00732
G1 X110.952 Y134.981 E.00837
G1 X110.704 Y134.809 E.00929
G1 X110.489 Y134.713 E.00723
G1 X110.26 Y134.653 E.00726
G1 X109.917 Y134.632 E.01056
G1 X109.579 Y134.694 E.01056
G1 X109.359 Y134.781 E.00726
G1 X109.156 Y134.902 E.00726
G1 X108.903 Y135.131 E.01049
G1 X108.743 Y135.356 E.0085
G1 X108.616 Y135.635 E.00942
G1 X108.548 Y135.971 E.01053
G1 X108.548 Y136.207 E.00726
G1 X108.586 Y136.441 E.00726
G1 X108.705 Y136.759 E.01043
G1 X108.832 Y136.963 E.00739
G1 X109.067 Y137.213 E.01056
G1 X109.356 Y137.4 E.01056
G1 X109.579 Y137.489 E.00739
G1 X109.913 Y137.549 E.01043
G1 X110.154 Y137.545 E.00739
G1 X110.485 Y137.471 E.01043
G1 X110.703 Y137.374 E.00732
G1 X110.928 Y137.222 E.00837
G1 X111.143 Y137.006 E.00935
G1 X111.294 Y136.776 E.00847
G1 X111.408 Y136.496 E.00929
G1 X111.455 Y136.261 E.00736
G1 X111.455 Y135.927 E.01025
M204 S2000
G1 X111.841 Y135.85 F18000
M204 S1500
;TYPE:Inner wall
;WIDTH:0.45
G1 F1200
G1 X111.785 Y135.57 E.00946
G1 X111.623 Y135.185 E.01385
G1 X111.448 Y134.927 E.01035
G1 X111.207 Y134.68 E.01144
G1 X110.897 Y134.465 E.01251
G1 X110.619 Y134.342 E.01007
G1 X110.323 Y134.264 E.01017
G1 X109.894 Y134.238 E.01426
G1 X109.471 Y134.315 E.01426
G1 X109.186 Y134.428 E.01017
G1 X108.922 Y134.585 E.01017
G1 X108.609 Y134.869 E.01404
G1 X108.402 Y135.159 E.01184
G1 X108.241 Y135.514 E.01291
G1 X108.156 Y135.932 E.01415
G1 X108.156 Y136.239 E.01017
G1 X108.205 Y136.541 E.01017
G1 X108.351 Y136.933 E.01385
G1 X108.52 Y137.203 E.01057
G1 X108.814 Y137.516 E.01426
G1 X109.175 Y137.75 E.01426
G1 X109.471 Y137.868 E.01057
G1 X109.882 Y137.942 E.01385
G1 X110.2 Y137.936 E.01057
G1 X110.608 Y137.845 E.01385
G1 X110.893 Y137.719 E.01035
G1 X111.179 Y137.525 E.01144
G1 X111.449 Y137.255 E.01269
G1 X111.643 Y136.959 E.01173
G1 X111.785 Y136.609 E.01251
G1 X111.848 Y136.3 E.01047
G1 X111.848 Y135.882 E.01385
G1 X111.845 Y135.869 E.00045
M204 S2000
G1 X112.106 Y135.815 F18000
;TYPE:Gap infill
;WIDTH:0.17805
G1 F1200
G1 X112.038 Y135.486 E.0037
G1 X111.858 Y135.05 E.00519
G1 X111.599 Y134.69 E.00488
G1 X111.278 Y134.395 E.00481
G1 X110.904 Y134.169 E.00481
G1 X110.506 Y134.029 E.00464
G1 X110.101 Y133.974 E.0045
G1 X109.732 Y133.988 E.00407
G1 X109.307 Y134.086 E.00481
G1 X108.912 Y134.272 E.00481
G1 X108.564 Y134.536 E.0048
G1 X108.275 Y134.862 E.0048
G1 X108.061 Y135.242 E.0048
G1 X107.986 Y135.439 E.00232
G1 X107.89 Y135.899 E.00518
G1 X107.893 Y136.319 E.00463
G1 X107.984 Y136.736 E.0047
G1 X108.157 Y137.137 E.00481
G1 X108.402 Y137.48 E.00464
G1 X108.696 Y137.764 E.0045
G1 X109.045 Y137.986 E.00456
G1 X109.41 Y138.132 E.00433
G1 X109.84 Y138.21 E.00481
G1 X110.277 Y138.198 E.00481
G1 X110.699 Y138.1 E.00477
G1 X111.084 Y137.919 E.00469
G1 X111.355 Y137.728 E.00364
G1 X111.664 Y137.42 E.00481
G1 X111.885 Y137.078 E.00448
G1 X112.044 Y136.681 E.00471
G1 X112.114 Y136.32 E.00404
G1 X112.113 Y135.85 E.00518
G1 X112.11 Y135.834 E.00017
; stop printing object separador_timon.stl id:1 copy 0
; end of layer_num: 26, T: 0, print_z: 5.240000
;LAYER_CHANGE
;Z:5.44
;HEIGHT:0.2
; BEFORE_LAYER_CHANGE 26 @ 5.44mm
G92 E0
; AFTER_LAYER_CHANGE 26 @ 5.44mm
; start of layer_num: 27, T: 0, print_z: 5.440000
; printing object "separador_timon.stl" id:0 copy 0
G1 E-.8 F3600
G1 X107.452 Y108.866 Z5.44 F18000
G1 E.8 F3600
M204 S1000
;TYPE:Outer wall
;WIDTH:0.42
G1 F1200
G1 X107.572 Y108.626 E.00824
G1 X107.726 Y108.384 E.00883
G1 X107.905 Y108.158 E.00883
G1 X108.105 Y107.953 E.00883
G1 X108.326 Y107.769 E.00883
G1 X108.564 Y107.608 E.00883
G1 X108.817 Y107.473 E.00883
G1 X109.083 Y107.365 E.00883
G1 X109.359 Y107.285 E.00883
G1 X109.642 Y107.233 E.00883
G1 X109.929 Y107.211 E.00885
G1 X110.152 Y107.215 E.00685
G1 X110.641 Y107.285 E.01518
G1 X110.917 Y107.365 E.00883
G1 X111.183 Y107.473 E.00883
G1 X111.436 Y107.608 E.00883
G1 X111.674 Y107.769 E.00883
G1 X111.895 Y107.953 E.00883
G1 X112.095 Y108.158 E.00883
G1 X112.274 Y108.384 E.00883
G1 X112.428 Y108.626 E.00883
G1 X112.556 Y108.883 E.00883
G1 X112.658 Y109.152 E.00883
G1 X112.731 Y109.429 E.00883
G1 X112.775 Y109.71 E.00874
G1 X112.786 Y110.146 E.0134
G1 X112.756 Y110.429 E.00874
G1 X112.698 Y110.71 E.00883
G1 X112.61 Y110.984 E.00883
G1 X112.495 Y111.247 E.00883
G1 X112.354 Y111.497 E.00883
G1 X112.187 Y111.731 E.00883
G1 X111.997 Y111.948 E.00885
G1 X111.835 Y112.1 E.00685
G1 X111.436 Y112.392 E.01518
G1 X111.183 Y112.527 E.00883
G1 X110.917 Y112.635 E.00883
G1 X110.641 Y112.715 E.00883
G1 X110.358 Y112.767 E.00883
G1 X110.072 Y112.789 E.00883
G1 X109.785 Y112.781 E.00883
G1 X109.5 Y112.745 E.00883
G1 X109.22 Y112.679 E.00883
G1 X108.949 Y112.584 E.00883
G1 X108.689 Y112.462 E.00883
G1 X108.442 Y112.314 E.00885
G1 X108.263 Y112.182 E.00685
G1 X107.905 Y111.842 E.01518
G1 X107.726 Y111.616 E.00883
G1 X107.572 Y111.374 E.00883
G1 X107.444 Y111.117 E.00883
G1 X107.342 Y110.848 E.00883
G1 X107.269 Y110.571 E.00883
G1 X107.225 Y110.29 E.00874
G1 X107.214 Y109.856 E.01331
G1 X107.27 Y109.427 E.01331
G1 X107.342 Y109.152 E.00874
G1 X107.443 Y108.884 E.00879
M204 S2000
G1 X107.803 Y109.04 F18000
M204 S1500
;TYPE:Inner wall
;WIDTH:0.45
G1 F1200
G1 X107.914 Y108.819 E.00819
G1 X108.046 Y108.611 E.00819
G1 X108.199 Y108.418 E.00819
G1 X108.372 Y108.241 E.00819
G1 X108.561 Y108.083 E.00819
G1 X108.766 Y107.945 E.00819
G1 X108.984 Y107.829 E.00819
G1 X109.212 Y107.736 E.00819
G1 X109.449 Y107.667 E.00819
G1 X109.692 Y107.623 E.00819
G1 X110.131 Y107.607 E.01457
G1 X110.551 Y107.667 E.01406
G1 X110.788 Y107.736 E.00819
G1 X111.016 Y107.829 E.00819
G1 X111.234 Y107.945 E.00819
G1 X111.439 Y108.083 E.00819
G1 X111.628 Y108.241 E.00819
G1 X111.801 Y108.418 E.00819
G1 X111.954 Y108.611 E.00819
G1 X112.086 Y108.819 E.00819
G1 X112.197 Y109.04 E.00819
G1 X112.284 Y109.271 E.00819
G1 X112.346 Y109.51 E.00819
G1 X112.383 Y109.746 E.00793
G1 X112.393 Y110.131 E.01279
G1 X112.369 Y110.369 E.00793
G1 X112.318 Y110.61 E.00819
G1 X112.243 Y110.846 E.00819
G1 X112.144 Y111.072 E.00819
G1 X112.023 Y111.287 E.00819
G1 X111.88 Y111.488 E.00819
G1 X111.576 Y111.805 E.01457
G1 X111.234 Y112.055 E.01406
G1 X111.016 Y112.171 E.00819
G1 X110.788 Y112.264 E.00819
G1 X110.551 Y112.333 E.00819
G1 X110.308 Y112.377 E.00819
G1 X110.062 Y112.396 E.00819
G1 X109.815 Y112.39 E.00819
G1 X109.57 Y112.358 E.00819
G1 X109.33 Y112.302 E.00819
G1 X109.097 Y112.221 E.00819
G1 X108.873 Y112.116 E.00819
G1 X108.507 Y111.874 E.01457
G1 X108.199 Y111.582 E.01406
G1 X108.046 Y111.389 E.00819
G1 X107.914 Y111.181 E.00819
G1 X107.803 Y110.96 E.00819
G1 X107.716 Y110.729 E.00819
G1 X107.654 Y110.49 E.00819
G1 X107.617 Y110.254 E.00793
G1 X107.607 Y109.877 E.01253
G1 X107.656 Y109.502 E.01253
G1 X107.716 Y109.271 E.00793
G1 X107.796 Y109.059 E.00752
M204 S2000
G1 E-.8 F3600
G1 X111.447 Y109.811 F18000
G1 E.8 F3600
M204 S1000
;TYPE:Outer wall
;WIDTH:0.42
G1 F1200
G1 X111.404 Y109.597 E.00673
G1 X111.303 Y109.342 E.00842
G1 X111.141 Y109.088 E.00925
G1 X110.98 Y108.917 E.00722
G1 X110.793 Y108.773 E.00726
G1 X110.488 Y108.623 E.01043
G1 X110.256 Y108.562 E.00739
G1 X109.913 Y108.541 E.01056
G1 X109.575 Y108.602 E.01056
G1 X109.353 Y108.69 E.00732
G1 X109.121 Y108.835 E.00842
G1 X108.897 Y109.042 E.00938
G1 X108.704 Y109.325 E.01052
G1 X108.611 Y109.547 E.00739
G1 X108.544 Y109.88 E.01043
G1 X108.544 Y110.12 E.00739
G1 X108.611 Y110.455 E.01049
G1 X108.724 Y110.709 E.00854
G1 X108.896 Y110.956 E.00925
G1 X109.067 Y111.124 E.00735
G1 X109.351 Y111.309 E.01043
G1 X109.575 Y111.398 E.00739
G1 X109.909 Y111.458 E.01043
G1 X110.149 Y111.453 E.00739
G1 X110.481 Y111.38 E.01043
G1 X110.698 Y111.283 E.00732
G1 X110.925 Y111.13 E.00842
G1 X111.141 Y110.913 E.00938
G1 X111.322 Y110.623 E.01052
G1 X111.404 Y110.401 E.00726
G1 X111.451 Y110.17 E.00726
G1 X111.451 Y109.831 E.01041
M204 S2000
G1 X111.837 Y109.758 F18000
M204 S1500
;TYPE:Inner wall
;WIDTH:0.45
G1 F1200
G1 X111.782 Y109.485 E.00925
G1 X111.654 Y109.163 E.01149
G1 X111.452 Y108.846 E.01246
G1 X111.244 Y108.626 E.01006
G1 X111.001 Y108.438 E.01017
G1 X110.626 Y108.254 E.01385
G1 X110.318 Y108.173 E.01057
G1 X109.889 Y108.147 E.01426
G1 X109.466 Y108.223 E.01426
G1 X109.176 Y108.339 E.01036
G1 X108.882 Y108.521 E.01149
G1 X108.597 Y108.785 E.01286
G1 X108.358 Y109.137 E.01414
G1 X108.234 Y109.431 E.01057
G1 X108.152 Y109.841 E.01385
G1 X108.152 Y110.159 E.01057
G1 X108.235 Y110.574 E.01404
G1 X108.38 Y110.902 E.01189
G1 X108.595 Y111.211 E.01246
G1 X108.82 Y111.431 E.01046
G1 X109.17 Y111.659 E.01385
G1 X109.466 Y111.777 E.01057
G1 X109.877 Y111.851 E.01385
G1 X110.196 Y111.845 E.01057
G1 X110.604 Y111.754 E.01385
G1 X110.889 Y111.627 E.01036
G1 X111.176 Y111.433 E.01149
G1 X111.45 Y111.159 E.01286
G1 X111.675 Y110.797 E.01414
G1 X111.783 Y110.509 E.01017
G1 X111.843 Y110.209 E.01017
G1 X111.843 Y109.791 E.01385
G1 X111.841 Y109.778 E.00045
G1 E-.8 F3600
M204 S2000
G1 X112.103 Y109.721 F18000
G1 E.8 F3600
;TYPE:Gap infill
;WIDTH:0.177511
G1 F1200
G1 X112.023 Y109.354 E.00412
G1 X111.847 Y108.955 E.00479
G1 X111.595 Y108.599 E.00479
G1 X111.274 Y108.302 E.00479
G1 X110.899 Y108.08 E.00478
G1 X110.487 Y107.934 E.00479
G1 X110.116 Y107.884 E.0041
G1 X109.728 Y107.896 E.00426
G1 X109.302 Y107.995 E.00479
G1 X108.908 Y108.181 E.00479
G1 X108.56 Y108.444 E.00478
G1 X108.272 Y108.772 E.00478
G1 X108.121 Y109.016 E.00315
G1 X107.979 Y109.359 E.00407
G1 X107.886 Y109.808 E.00503
G1 X107.884 Y110.193 E.00422
G1 X107.975 Y110.649 E.00511
G1 X108.15 Y111.047 E.00476
G1 X108.392 Y111.39 E.0046
G1 X108.676 Y111.661 E.0043
G1 X109.041 Y111.895 E.00475
G1 X109.406 Y112.041 E.00431
G1 X109.836 Y112.119 E.00479
G1 X110.273 Y112.107 E.00479
G1 X110.695 Y112.009 E.00475
G1 X111.024 Y111.859 E.00397
G1 X111.353 Y111.637 E.00435
G1 X111.667 Y111.321 E.00488
G1 X111.9 Y110.95 E.00481
G1 X112.043 Y110.579 E.00436
G1 X112.109 Y110.229 E.0039
G1 X112.113 Y109.772 E.00501
G1 X112.107 Y109.741 E.00035
; stop printing object separador_timon.stl id:0 copy 0
; printing object "separador_timon.stl" id:1 copy 0
G1 E-.8 F3600
G1 X107.457 Y134.957 F18000
G1 E.8 F3600
M204 S1000
;TYPE:Outer wall
;WIDTH:0.42
G1 F1200
G1 X107.577 Y134.717 E.00824
G1 X107.731 Y134.475 E.00883
G1 X107.909 Y134.25 E.00883
G1 X108.109 Y134.044 E.00883
G1 X108.33 Y133.86 E.00883
G1 X108.568 Y133.7 E.00883
G1 X108.822 Y133.565 E.00883
G1 X109.088 Y133.456 E.00883
G1 X109.364 Y133.376 E.00883
G1 X109.646 Y133.325 E.00883
G1 X109.933 Y133.302 E.00885
G1 X110.156 Y133.307 E.00685
G1 X110.645 Y133.376 E.01518
G1 X110.921 Y133.456 E.00883
G1 X111.187 Y133.565 E.00883
G1 X111.441 Y133.7 E.00883
G1 X111.679 Y133.86 E.00883
G1 X111.899 Y134.044 E.00883
G1 X112.1 Y134.25 E.00883
G1 X112.278 Y134.475 E.00883
G1 X112.432 Y134.717 E.00883
G1 X112.561 Y134.974 E.00883
G1 X112.662 Y135.243 E.00883
G1 X112.735 Y135.521 E.00883
G1 X112.779 Y135.802 E.00874
G1 X112.79 Y136.238 E.0134
G1 X112.761 Y136.521 E.00874
G1 X112.702 Y136.802 E.00883
G1 X112.615 Y137.075 E.00883
G1 X112.5 Y137.339 E.00883
G1 X112.358 Y137.588 E.00883
G1 X112.192 Y137.823 E.00883
G1 X112.002 Y138.039 E.00885
G1 X111.839 Y138.192 E.00685
G1 X111.441 Y138.483 E.01518
G1 X111.187 Y138.618 E.00883
G1 X110.921 Y138.726 E.00883
G1 X110.645 Y138.806 E.00883
G1 X110.363 Y138.858 E.00883
G1 X110.076 Y138.88 E.00883
G1 X109.789 Y138.873 E.00883
G1 X109.504 Y138.836 E.00883
G1 X109.225 Y138.77 E.00883
G1 X108.953 Y138.675 E.00883
G1 X108.693 Y138.554 E.00883
G1 X108.446 Y138.405 E.00885
G1 X108.267 Y138.273 E.00685
G1 X107.909 Y137.933 E.01518
G1 X107.731 Y137.708 E.00883
G1 X107.577 Y137.465 E.00883
G1 X107.448 Y137.208 E.00883
G1 X107.347 Y136.94 E.00883
G1 X107.274 Y136.662 E.00883
G1 X107.23 Y136.381 E.00874
G1 X107.219 Y135.948 E.01331
G1 X107.274 Y135.518 E.01331
G1 X107.347 Y135.243 E.00874
G1 X107.448 Y134.975 E.00879
M204 S2000
G1 X107.808 Y135.131 F18000
M204 S1500
;TYPE:Inner wall
;WIDTH:0.45
G1 F1200
G1 X107.918 Y134.911 E.00819
G1 X108.051 Y134.702 E.00819
G1 X108.204 Y134.509 E.00819
G1 X108.376 Y134.332 E.00819
G1 X108.566 Y134.174 E.00819
G1 X108.77 Y134.036 E.00819
G1 X108.988 Y133.92 E.00819
G1 X109.217 Y133.827 E.00819
G1 X109.454 Y133.758 E.00819
G1 X109.697 Y133.714 E.00819
G1 X110.135 Y133.698 E.01457
G1 X110.555 Y133.758 E.01406
G1 X110.792 Y133.827 E.00819
G1 X111.021 Y133.92 E.00819
G1 X111.238 Y134.036 E.00819
G1 X111.443 Y134.174 E.00819
G1 X111.633 Y134.332 E.00819
G1 X111.805 Y134.509 E.00819
G1 X111.958 Y134.702 E.00819
G1 X112.091 Y134.911 E.00819
G1 X112.201 Y135.131 E.00819
G1 X112.288 Y135.362 E.00819
G1 X112.351 Y135.601 E.00819
G1 X112.388 Y135.837 E.00793
G1 X112.398 Y136.222 E.01279
G1 X112.373 Y136.46 E.00793
G1 X112.322 Y136.702 E.00819
G1 X112.247 Y136.937 E.00819
G1 X112.149 Y137.163 E.00819
G1 X112.027 Y137.378 E.00819
G1 X111.884 Y137.579 E.00819
G1 X111.581 Y137.897 E.01457
G1 X111.238 Y138.146 E.01406
G1 X111.021 Y138.262 E.00819
G1 X110.792 Y138.355 E.00819
G1 X110.555 Y138.424 E.00819
G1 X110.312 Y138.469 E.00819
G1 X110.066 Y138.488 E.00819
G1 X109.819 Y138.481 E.00819
G1 X109.575 Y138.45 E.00819
G1 X109.334 Y138.393 E.00819
G1 X109.101 Y138.312 E.00819
G1 X108.878 Y138.207 E.00819
G1 X108.511 Y137.966 E.01457
G1 X108.204 Y137.674 E.01406
G1 X108.051 Y137.48 E.00819
G1 X107.918 Y137.272 E.00819
G1 X107.808 Y137.051 E.00819
G1 X107.721 Y136.82 E.00819
G1 X107.658 Y136.582 E.00819
G1 X107.621 Y136.345 E.00793
G1 X107.611 Y135.968 E.01253
G1 X107.66 Y135.593 E.01253
G1 X107.721 Y135.362 E.00793
G1 X107.801 Y135.15 E.00752
M204 S2000
G1 E-.8 F3600
G1 X111.452 Y135.903 F18000
G1 E.8 F3600
M204 S1000
;TYPE:Outer wall
;WIDTH:0.42
G1 F1200
G1 X111.408 Y135.688 E.00673
G1 X111.308 Y135.433 E.00842
G1 X111.146 Y135.18 E.00925
G1 X110.985 Y135.008 E.00722
G1 X110.797 Y134.864 E.00726
G1 X110.493 Y134.714 E.01043
G1 X110.26 Y134.653 E.00739
G1 X109.917 Y134.632 E.01056
G1 X109.579 Y134.694 E.01056
G1 X109.358 Y134.781 E.00732
G1 X109.125 Y134.926 E.00842
G1 X108.901 Y135.133 E.00938
G1 X108.709 Y135.417 E.01052
G1 X108.615 Y135.638 E.00739
G1 X108.548 Y135.971 E.01043
G1 X108.548 Y136.212 E.00739
G1 X108.616 Y136.546 E.01049
G1 X108.728 Y136.801 E.00854
G1 X108.9 Y137.048 E.00925
G1 X109.071 Y137.215 E.00735
G1 X109.356 Y137.4 E.01043
G1 X109.579 Y137.489 E.00739
G1 X109.913 Y137.549 E.01043
G1 X110.154 Y137.545 E.00739
G1 X110.485 Y137.471 E.01043
G1 X110.703 Y137.374 E.00732
G1 X110.929 Y137.221 E.00842
G1 X111.145 Y137.005 E.00938
G1 X111.326 Y136.714 E.01052
G1 X111.409 Y136.493 E.00726
G1 X111.455 Y136.261 E.00726
G1 X111.455 Y135.922 E.01041
M204 S2000
G1 X111.841 Y135.85 F18000
M204 S1500
;TYPE:Inner wall
;WIDTH:0.45
G1 F1200
G1 X111.786 Y135.576 E.00925
G1 X111.659 Y135.254 E.01149
G1 X111.457 Y134.938 E.01246
G1 X111.249 Y134.717 E.01006
G1 X111.006 Y134.53 E.01017
G1 X110.631 Y134.345 E.01385
G1 X110.323 Y134.264 E.01057
G1 X109.894 Y134.238 E.01426
G1 X109.471 Y134.315 E.01426
G1 X109.181 Y134.43 E.01036
G1 X108.886 Y134.613 E.01149
G1 X108.602 Y134.876 E.01286
G1 X108.362 Y135.229 E.01414
G1 X108.239 Y135.522 E.01057
G1 X108.156 Y135.932 E.01385
G1 X108.156 Y136.251 E.01057
G1 X108.24 Y136.666 E.01404
G1 X108.385 Y136.993 E.01189
G1 X108.599 Y137.302 E.01246
G1 X108.824 Y137.523 E.01046
G1 X109.175 Y137.75 E.01385
G1 X109.471 Y137.868 E.01057
G1 X109.882 Y137.942 E.01385
G1 X110.2 Y137.936 E.01057
G1 X110.608 Y137.845 E.01385
G1 X110.894 Y137.719 E.01036
G1 X111.18 Y137.524 E.01149
G1 X111.454 Y137.25 E.01286
G1 X111.68 Y136.888 E.01414
G1 X111.787 Y136.601 E.01017
G1 X111.848 Y136.3 E.01017
G1 X111.848 Y135.882 E.01385
G1 X111.845 Y135.869 E.00045
M204 S2000
G1 X112.107 Y135.813 F18000
;TYPE:Gap infill
;WIDTH:0.177511
G1 F1200
G1 X112.027 Y135.445 E.00412
G1 X111.851 Y135.046 E.00479
G1 X111.599 Y134.69 E.00479
G1 X111.278 Y134.394 E.00479
G1 X110.903 Y134.171 E.00478
G1 X110.491 Y134.025 E.00479
G1 X110.121 Y133.975 E.0041
G1 X109.732 Y133.988 E.00426
G1 X109.307 Y134.086 E.00479
G1 X108.912 Y134.273 E.00479
G1 X108.564 Y134.535 E.00478
G1 X108.276 Y134.863 E.00478
G1 X108.125 Y135.107 E.00315
G1 X107.983 Y135.45 E.00407
G1 X107.89 Y135.899 E.00503
G1 X107.889 Y136.284 E.00422
G1 X107.98 Y136.741 E.00511
G1 X108.155 Y137.138 E.00476
G1 X108.397 Y137.481 E.0046
G1 X108.68 Y137.753 E.0043
G1 X109.045 Y137.986 E.00475
G1 X109.41 Y138.132 E.00431
G1 X109.84 Y138.21 E.00479
G1 X110.277 Y138.198 E.00479
G1 X110.699 Y138.1 E.00475
G1 X111.029 Y137.95 E.00397
G1 X111.357 Y137.728 E.00435
G1 X111.671 Y137.412 E.00488
G1 X111.905 Y137.041 E.00481
G1 X112.048 Y136.67 E.00436
G1 X112.114 Y136.32 E.0039
G1 X112.118 Y135.863 E.00501
G1 X112.111 Y135.832 E.00035
; stop printing object separador_timon.stl id:1 copy 0
; end of layer_num: 27, T: 0, print_z: 5.440000
;LAYER_CHANGE
;Z:5.64
;HEIGHT:0.2
; BEFORE_LAYER_CHANGE 27 @ 5.64mm
G92 E0
; AFTER_LAYER_CHANGE 27 @ 5.64mm
; start of layer_num: 28, T: 0, print_z: 5.640000
; printing object "separador_timon.stl" id:0 copy 0
G1 E-.8 F3600
G1 X107.452 Y108.866 Z5.64 F18000
G1 E.8 F3600
M204 S1000
;TYPE:Outer wall
;WIDTH:0.42
G1 F1200
G1 X107.572 Y108.626 E.00824
G1 X107.726 Y108.384 E.00883
G1 X107.905 Y108.158 E.00883
G1 X108.105 Y107.953 E.00883
G1 X108.326 Y107.769 E.00883
G1 X108.564 Y107.608 E.00883
G1 X108.817 Y107.473 E.00883
G1 X109.083 Y107.365 E.00883
G1 X109.359 Y107.285 E.00883
G1 X109.642 Y107.233 E.00883
G1 X110.149 Y107.215 E.0156
G1 X110.641 Y107.285 E.01525
G1 X110.917 Y107.365 E.00883
G1 X111.183 Y107.473 E.00883
G1 X111.436 Y107.608 E.00883
G1 X111.674 Y107.769 E.00883
G1 X111.895 Y107.953 E.00883
G1 X112.095 Y108.158 E.00883
G1 X112.274 Y108.384 E.00883
G1 X112.428 Y108.626 E.00883
G1 X112.556 Y108.883 E.00883
G1 X112.658 Y109.152 E.00883
G1 X112.731 Y109.429 E.00883
G1 X112.775 Y109.71 E.00874
G1 X112.786 Y110.146 E.0134
G1 X112.756 Y110.429 E.00874
G1 X112.698 Y110.71 E.00883
G1 X112.61 Y110.984 E.00883
G1 X112.495 Y111.247 E.00883
G1 X112.354 Y111.497 E.00883
G1 X112.187 Y111.731 E.00882
G1 X111.837 Y112.099 E.0156
G1 X111.436 Y112.392 E.01525
G1 X111.183 Y112.527 E.00883
G1 X110.917 Y112.635 E.00883
G1 X110.641 Y112.715 E.00883
G1 X110.358 Y112.767 E.00883
G1 X110.072 Y112.789 E.00883
G1 X109.785 Y112.781 E.00883
G1 X109.5 Y112.745 E.00883
G1 X109.22 Y112.679 E.00883
G1 X108.949 Y112.584 E.00883
G1 X108.689 Y112.462 E.00883
G1 X108.265 Y112.183 E.0156
G1 X107.905 Y111.842 E.01525
G1 X107.726 Y111.616 E.00883
G1 X107.572 Y111.374 E.00883
G1 X107.444 Y111.117 E.00883
G1 X107.342 Y110.848 E.00883
G1 X107.269 Y110.571 E.00883
G1 X107.225 Y110.29 E.00874
G1 X107.214 Y109.854 E.0134
G1 X107.287 Y109.354 E.01552
G1 X107.443 Y108.884 E.01522
M204 S2000
G1 X107.803 Y109.04 F18000
M204 S1500
;TYPE:Inner wall
;WIDTH:0.45
G1 F1200
G1 X107.914 Y108.819 E.00819
G1 X108.046 Y108.611 E.00819
G1 X108.199 Y108.418 E.00819
G1 X108.372 Y108.241 E.00819
G1 X108.561 Y108.083 E.00819
G1 X108.766 Y107.945 E.00819
G1 X108.984 Y107.829 E.00819
G1 X109.212 Y107.736 E.00819
G1 X109.449 Y107.667 E.00819
G1 X109.692 Y107.623 E.00819
G1 X110.129 Y107.607 E.01449
G1 X110.551 Y107.667 E.01413
G1 X110.788 Y107.736 E.00819
G1 X111.016 Y107.829 E.00819
G1 X111.234 Y107.945 E.00819
G1 X111.439 Y108.083 E.00819
G1 X111.628 Y108.241 E.00819
G1 X111.801 Y108.418 E.00819
G1 X111.954 Y108.611 E.00819
G1 X112.086 Y108.819 E.00819
G1 X112.197 Y109.04 E.00819
G1 X112.284 Y109.271 E.00819
G1 X112.346 Y109.51 E.00819
G1 X112.383 Y109.746 E.00793
G1 X112.393 Y110.131 E.01279
G1 X112.369 Y110.369 E.00793
G1 X112.318 Y110.61 E.00819
G1 X112.243 Y110.846 E.00819
G1 X112.144 Y111.072 E.00819
G1 X112.023 Y111.287 E.00819
G1 X111.88 Y111.488 E.00819
G1 X111.578 Y111.804 E.01449
G1 X111.234 Y112.055 E.01413
G1 X111.016 Y112.171 E.00819
G1 X110.788 Y112.264 E.00819
G1 X110.551 Y112.333 E.00819
G1 X110.308 Y112.377 E.00819
G1 X110.062 Y112.396 E.00819
G1 X109.815 Y112.39 E.00819
G1 X109.57 Y112.358 E.00819
G1 X109.33 Y112.302 E.00819
G1 X109.097 Y112.221 E.00819
G1 X108.873 Y112.116 E.00819
G1 X108.508 Y111.876 E.01449
G1 X108.199 Y111.582 E.01413
G1 X108.046 Y111.389 E.00819
G1 X107.914 Y111.181 E.00819
G1 X107.803 Y110.96 E.00819
G1 X107.716 Y110.729 E.00819
G1 X107.654 Y110.49 E.00819
G1 X107.617 Y110.254 E.00793
G1 X107.607 Y109.869 E.01279
G1 X107.669 Y109.444 E.01423
G1 X107.797 Y109.059 E.01347
M204 S2000
G1 E-.8 F3600
G1 X111.446 Y109.806 F18000
G1 E.8 F3600
M204 S1000
;TYPE:Outer wall
;WIDTH:0.42
G1 F1200
G1 X111.404 Y109.597 E.00657
G1 X111.303 Y109.341 E.00846
G1 X111.141 Y109.088 E.00921
G1 X110.98 Y108.917 E.00722
G1 X110.793 Y108.773 E.00726
G1 X110.488 Y108.623 E.01043
G1 X110.256 Y108.562 E.00739
G1 X109.913 Y108.541 E.01056
G1 X109.575 Y108.602 E.01056
G1 X109.355 Y108.689 E.00726
G1 X109.152 Y108.81 E.00726
G1 X108.899 Y109.039 E.01049
G1 X108.737 Y109.267 E.00859
G1 X108.612 Y109.544 E.00933
G1 X108.544 Y109.88 E.01052
G1 X108.544 Y110.116 E.00726
G1 X108.581 Y110.349 E.00726
G1 X108.7 Y110.667 E.01043
G1 X108.827 Y110.871 E.00739
G1 X109.063 Y111.122 E.01056
G1 X109.351 Y111.309 E.01056
G1 X109.571 Y111.396 E.00726
G1 X109.801 Y111.447 E.00726
G1 X110.145 Y111.454 E.01056
G1 X110.481 Y111.38 E.01056
G1 X110.698 Y111.283 E.00732
G1 X110.926 Y111.129 E.00846
G1 X111.141 Y110.913 E.00933
G1 X111.322 Y110.623 E.01052
G1 X111.404 Y110.401 E.00726
G1 X111.451 Y110.17 E.00726
G1 X111.451 Y109.83 E.01043
G1 X111.45 Y109.826 E.00014
M204 S2000
G1 X111.837 Y109.758 F18000
M204 S1500
;TYPE:Inner wall
;WIDTH:0.45
G1 F1200
G1 X111.781 Y109.485 E.00925
G1 X111.653 Y109.161 E.01154
G1 X111.452 Y108.846 E.01241
G1 X111.244 Y108.626 E.01006
G1 X111.001 Y108.438 E.01017
G1 X110.626 Y108.254 E.01385
G1 X110.318 Y108.173 E.01057
G1 X109.889 Y108.147 E.01426
G1 X109.466 Y108.223 E.01426
G1 X109.181 Y108.337 E.01017
G1 X108.918 Y108.493 E.01017
G1 X108.604 Y108.778 E.01405
G1 X108.396 Y109.071 E.01194
G1 X108.236 Y109.423 E.01281
G1 X108.152 Y109.841 E.01414
G1 X108.152 Y110.147 E.01017
G1 X108.2 Y110.45 E.01017
G1 X108.347 Y110.841 E.01385
G1 X108.515 Y111.112 E.01057
G1 X108.81 Y111.425 E.01426
G1 X109.17 Y111.659 E.01426
G1 X109.455 Y111.772 E.01017
G1 X109.755 Y111.839 E.01017
G1 X110.184 Y111.847 E.01426
G1 X110.604 Y111.754 E.01426
G1 X110.889 Y111.627 E.01037
G1 X111.177 Y111.432 E.01154
G1 X111.45 Y111.159 E.01281
G1 X111.675 Y110.797 E.01414
G1 X111.783 Y110.509 E.01017
G1 X111.843 Y110.209 E.01017
G1 X111.843 Y109.791 E.01385
G1 X111.841 Y109.778 E.00045
G1 E-.8 F3600
M204 S2000
G1 X112.103 Y109.721 F18000
G1 E.8 F3600
;TYPE:Gap infill
;WIDTH:0.177923
G1 F1200
G1 X112.023 Y109.354 E.00413
G1 X111.847 Y108.955 E.0048
G1 X111.595 Y108.599 E.0048
G1 X111.274 Y108.302 E.0048
G1 X110.899 Y108.08 E.0048
G1 X110.487 Y107.934 E.0048
G1 X110.114 Y107.883 E.00414
G1 X109.728 Y107.896 E.00425
G1 X109.302 Y107.995 E.00481
G1 X108.907 Y108.181 E.0048
G1 X108.56 Y108.444 E.0048
G1 X108.271 Y108.771 E.0048
G1 X108.056 Y109.151 E.0048
G1 X107.938 Y109.508 E.00414
G1 X107.886 Y109.808 E.00335
G1 X107.889 Y110.228 E.00462
G1 X107.979 Y110.645 E.0047
G1 X108.152 Y111.046 E.0048
G1 X108.408 Y111.4 E.00481
G1 X108.677 Y111.663 E.00414
G1 X109.041 Y111.895 E.00475
G1 X109.406 Y112.04 E.00432
G1 X109.836 Y112.115 E.0048
G1 X110.273 Y112.107 E.0048
G1 X110.695 Y112.009 E.00477
G1 X111.024 Y111.859 E.00399
G1 X111.354 Y111.636 E.00438
G1 X111.667 Y111.321 E.00488
G1 X111.9 Y110.95 E.00482
G1 X112.043 Y110.579 E.00438
G1 X112.109 Y110.229 E.00391
G1 X112.113 Y109.772 E.00503
G1 X112.107 Y109.741 E.00035
; stop printing object separador_timon.stl id:0 copy 0
; printing object "separador_timon.stl" id:1 copy 0
G1 E-.8 F3600
G1 X107.457 Y134.957 F18000
G1 E.8 F3600
M204 S1000
;TYPE:Outer wall
;WIDTH:0.42
G1 F1200
G1 X107.577 Y134.717 E.00824
G1 X107.731 Y134.475 E.00883
G1 X107.909 Y134.25 E.00883
G1 X108.109 Y134.044 E.00883
G1 X108.33 Y133.86 E.00883
G1 X108.568 Y133.7 E.00883
G1 X108.822 Y133.565 E.00883
G1 X109.088 Y133.456 E.00883
G1 X109.364 Y133.376 E.00883
G1 X109.646 Y133.325 E.00883
G1 X110.154 Y133.306 E.0156
G1 X110.645 Y133.376 E.01525
G1 X110.921 Y133.456 E.00883
G1 X111.187 Y133.565 E.00883
G1 X111.441 Y133.7 E.00883
G1 X111.679 Y133.86 E.00883
G1 X111.899 Y134.044 E.00883
G1 X112.1 Y134.25 E.00883
G1 X112.278 Y134.475 E.00883
G1 X112.432 Y134.717 E.00883
G1 X112.561 Y134.974 E.00883
G1 X112.662 Y135.243 E.00883
G1 X112.735 Y135.521 E.00883
G1 X112.779 Y135.802 E.00874
G1 X112.79 Y136.238 E.0134
G1 X112.761 Y136.521 E.00874
G1 X112.702 Y136.802 E.00883
G1 X112.615 Y137.075 E.00883
G1 X112.5 Y137.339 E.00883
G1 X112.358 Y137.588 E.00883
G1 X112.192 Y137.823 E.00882
G1 X111.841 Y138.19 E.0156
G1 X111.441 Y138.483 E.01525
G1 X111.187 Y138.618 E.00883
G1 X110.921 Y138.726 E.00883
G1 X110.645 Y138.806 E.00883
G1 X110.363 Y138.858 E.00883
G1 X110.076 Y138.88 E.00883
G1 X109.789 Y138.873 E.00883
G1 X109.504 Y138.836 E.00883
G1 X109.225 Y138.77 E.00883
G1 X108.953 Y138.675 E.00883
G1 X108.693 Y138.554 E.00883
G1 X108.269 Y138.275 E.0156
G1 X107.909 Y137.933 E.01525
G1 X107.731 Y137.708 E.00883
G1 X107.577 Y137.465 E.00883
G1 X107.448 Y137.208 E.00883
G1 X107.347 Y136.94 E.00883
G1 X107.274 Y136.662 E.00883
G1 X107.23 Y136.381 E.00874
G1 X107.219 Y135.945 E.0134
G1 X107.291 Y135.445 E.01552
G1 X107.448 Y134.975 E.01522
M204 S2000
G1 X107.808 Y135.131 F18000
M204 S1500
;TYPE:Inner wall
;WIDTH:0.45
G1 F1200
G1 X107.918 Y134.911 E.00819
G1 X108.051 Y134.702 E.00819
G1 X108.204 Y134.509 E.00819
G1 X108.376 Y134.332 E.00819
G1 X108.566 Y134.174 E.00819
G1 X108.77 Y134.036 E.00819
G1 X108.988 Y133.92 E.00819
G1 X109.217 Y133.827 E.00819
G1 X109.454 Y133.758 E.00819
G1 X109.697 Y133.714 E.00819
G1 X110.133 Y133.698 E.01449
G1 X110.555 Y133.758 E.01413
G1 X110.792 Y133.827 E.00819
G1 X111.021 Y133.92 E.00819
G1 X111.238 Y134.036 E.00819
G1 X111.443 Y134.174 E.00819
G1 X111.633 Y134.332 E.00819
G1 X111.805 Y134.509 E.00819
G1 X111.958 Y134.702 E.00819
G1 X112.091 Y134.911 E.00819
G1 X112.201 Y135.131 E.00819
G1 X112.288 Y135.362 E.00819
G1 X112.351 Y135.601 E.00819
G1 X112.388 Y135.837 E.00793
G1 X112.398 Y136.222 E.01279
G1 X112.373 Y136.46 E.00793
G1 X112.322 Y136.702 E.00819
G1 X112.247 Y136.937 E.00819
G1 X112.149 Y137.163 E.00819
G1 X112.027 Y137.378 E.00819
G1 X111.884 Y137.579 E.00819
G1 X111.582 Y137.895 E.01449
G1 X111.238 Y138.146 E.01413
G1 X111.021 Y138.262 E.00819
G1 X110.792 Y138.355 E.00819
G1 X110.555 Y138.424 E.00819
G1 X110.312 Y138.469 E.00819
G1 X110.066 Y138.488 E.00819
G1 X109.819 Y138.481 E.00819
G1 X109.575 Y138.45 E.00819
G1 X109.334 Y138.393 E.00819
G1 X109.101 Y138.312 E.00819
G1 X108.878 Y138.207 E.00819
G1 X108.513 Y137.967 E.01449
G1 X108.204 Y137.674 E.01413
G1 X108.051 Y137.48 E.00819
G1 X107.918 Y137.272 E.00819
G1 X107.808 Y137.051 E.00819
G1 X107.721 Y136.82 E.00819
G1 X107.658 Y136.582 E.00819
G1 X107.621 Y136.345 E.00793
G1 X107.611 Y135.96 E.01279
G1 X107.673 Y135.536 E.01423
G1 X107.802 Y135.15 E.01347
M204 S2000
G1 E-.8 F3600
G1 X111.451 Y135.898 F18000
G1 E.8 F3600
M204 S1000
;TYPE:Outer wall
;WIDTH:0.42
G1 F1200
G1 X111.408 Y135.688 E.00657
G1 X111.307 Y135.432 E.00846
G1 X111.146 Y135.179 E.00921
G1 X110.985 Y135.008 E.00722
G1 X110.797 Y134.864 E.00726
G1 X110.493 Y134.714 E.01043
G1 X110.26 Y134.653 E.00739
G1 X109.917 Y134.632 E.01056
G1 X109.579 Y134.694 E.01056
G1 X109.359 Y134.781 E.00726
G1 X109.156 Y134.902 E.00726
G1 X108.903 Y135.131 E.01049
G1 X108.741 Y135.359 E.00859
G1 X108.616 Y135.635 E.00933
G1 X108.548 Y135.971 E.01052
G1 X108.548 Y136.207 E.00726
G1 X108.586 Y136.441 E.00726
G1 X108.705 Y136.759 E.01043
G1 X108.832 Y136.963 E.00739
G1 X109.067 Y137.213 E.01056
G1 X109.356 Y137.4 E.01056
G1 X109.575 Y137.487 E.00726
G1 X109.806 Y137.539 E.00726
G1 X110.149 Y137.546 E.01056
G1 X110.485 Y137.471 E.01056
G1 X110.703 Y137.374 E.00732
G1 X110.931 Y137.22 E.00846
G1 X111.145 Y137.005 E.00933
G1 X111.326 Y136.714 E.01052
G1 X111.409 Y136.493 E.00726
G1 X111.455 Y136.261 E.00726
G1 X111.455 Y135.922 E.01043
G1 X111.455 Y135.917 E.00014
M204 S2000
G1 X111.841 Y135.85 F18000
M204 S1500
;TYPE:Inner wall
;WIDTH:0.45
G1 F1200
G1 X111.786 Y135.576 E.00925
G1 X111.658 Y135.253 E.01154
G1 X111.456 Y134.937 E.01241
G1 X111.249 Y134.717 E.01006
G1 X111.006 Y134.53 E.01017
G1 X110.631 Y134.345 E.01385
G1 X110.323 Y134.264 E.01057
G1 X109.894 Y134.238 E.01426
G1 X109.471 Y134.315 E.01426
G1 X109.186 Y134.428 E.01017
G1 X108.922 Y134.585 E.01017
G1 X108.608 Y134.869 E.01405
G1 X108.4 Y135.162 E.01194
G1 X108.24 Y135.514 E.01281
G1 X108.156 Y135.932 E.01414
G1 X108.156 Y136.239 E.01017
G1 X108.205 Y136.541 E.01017
G1 X108.351 Y136.933 E.01385
G1 X108.52 Y137.203 E.01057
G1 X108.814 Y137.516 E.01426
G1 X109.175 Y137.75 E.01426
G1 X109.46 Y137.863 E.01017
G1 X109.759 Y137.93 E.01017
G1 X110.189 Y137.938 E.01426
G1 X110.608 Y137.845 E.01426
G1 X110.894 Y137.719 E.01037
G1 X111.182 Y137.523 E.01154
G1 X111.454 Y137.25 E.01281
G1 X111.68 Y136.888 E.01414
G1 X111.787 Y136.601 E.01017
G1 X111.848 Y136.3 E.01017
G1 X111.848 Y135.882 E.01385
G1 X111.845 Y135.869 E.00045
M204 S2000
G1 X112.107 Y135.813 F18000
;TYPE:Gap infill
;WIDTH:0.177923
G1 F1200
G1 X112.028 Y135.445 E.00413
G1 X111.851 Y135.046 E.0048
G1 X111.599 Y134.69 E.0048
G1 X111.278 Y134.394 E.0048
G1 X110.903 Y134.171 E.0048
G1 X110.491 Y134.025 E.0048
G1 X110.119 Y133.975 E.00414
G1 X109.732 Y133.988 E.00425
G1 X109.307 Y134.086 E.00481
G1 X108.912 Y134.272 E.0048
G1 X108.564 Y134.536 E.0048
G1 X108.276 Y134.862 E.0048
G1 X108.061 Y135.242 E.0048
G1 X107.942 Y135.599 E.00414
G1 X107.89 Y135.899 E.00335
G1 X107.893 Y136.319 E.00462
G1 X107.984 Y136.736 E.0047
G1 X108.157 Y137.137 E.0048
G1 X108.412 Y137.491 E.00481
G1 X108.682 Y137.754 E.00414
G1 X109.045 Y137.986 E.00475
G1 X109.411 Y138.131 E.00432
G1 X109.841 Y138.207 E.0048
G1 X110.277 Y138.198 E.0048
G1 X110.699 Y138.1 E.00477
G1 X111.029 Y137.95 E.00399
G1 X111.358 Y137.727 E.00438
G1 X111.671 Y137.412 E.00488
G1 X111.905 Y137.041 E.00482
G1 X112.048 Y136.67 E.00438
G1 X112.114 Y136.32 E.00391
G1 X112.118 Y135.863 E.00503
G1 X112.111 Y135.832 E.00035
; stop printing object separador_timon.stl id:1 copy 0
; end of layer_num: 28, T: 0, print_z: 5.640000
;LAYER_CHANGE
;Z:5.84
;HEIGHT:0.2
; BEFORE_LAYER_CHANGE 28 @ 5.84mm
G92 E0
; AFTER_LAYER_CHANGE 28 @ 5.84mm
; start of layer_num: 29, T: 0, print_z: 5.840000
; printing object "separador_timon.stl" id:0 copy 0
G1 E-.8 F3600
G1 X107.452 Y108.866 Z5.84 F18000
G1 E.8 F3600
M204 S1000
;TYPE:Outer wall
;WIDTH:0.42
G1 F1200
G1 X107.572 Y108.626 E.00825
G1 X107.726 Y108.384 E.00883
G1 X107.905 Y108.158 E.00882
G1 X108.105 Y107.953 E.00883
G1 X108.326 Y107.769 E.00883
G1 X108.564 Y107.608 E.00883
G1 X108.817 Y107.473 E.00883
G1 X109.083 Y107.365 E.00883
G1 X109.359 Y107.285 E.00883
G1 X109.642 Y107.233 E.00883
G1 X110.147 Y107.215 E.01553
G1 X110.641 Y107.285 E.01533
G1 X110.917 Y107.365 E.00883
G1 X111.183 Y107.473 E.00883
G1 X111.436 Y107.608 E.00883
G1 X111.674 Y107.769 E.00883
G1 X111.895 Y107.953 E.00883
G1 X112.095 Y108.158 E.00883
G1 X112.274 Y108.384 E.00883
G1 X112.428 Y108.626 E.00883
G1 X112.556 Y108.883 E.00882
G1 X112.658 Y109.152 E.00883
G1 X112.731 Y109.429 E.00883
G1 X112.775 Y109.71 E.00874
G1 X112.786 Y110.146 E.0134
G1 X112.756 Y110.429 E.00874
G1 X112.698 Y110.71 E.00883
G1 X112.61 Y110.984 E.00883
G1 X112.495 Y111.247 E.00883
G1 X112.354 Y111.497 E.00883
G1 X112.187 Y111.731 E.00883
G1 X111.998 Y111.947 E.00883
G1 X111.787 Y112.142 E.00883
G1 X111.557 Y112.315 E.00883
G1 X111.311 Y112.462 E.00883
G1 X111.051 Y112.584 E.00883
G1 X110.782 Y112.678 E.00874
G1 X110.355 Y112.767 E.0134
G1 X110.072 Y112.789 E.00874
G1 X109.785 Y112.781 E.00883
G1 X109.5 Y112.745 E.00883
G1 X109.22 Y112.679 E.00883
G1 X108.949 Y112.584 E.00883
G1 X108.689 Y112.462 E.00883
G1 X108.267 Y112.185 E.01553
G1 X107.905 Y111.842 E.01533
G1 X107.726 Y111.616 E.00883
G1 X107.572 Y111.374 E.00883
G1 X107.444 Y111.117 E.00882
G1 X107.342 Y110.848 E.00883
G1 X107.269 Y110.571 E.00883
G1 X107.225 Y110.29 E.00874
G1 X107.214 Y109.856 E.01331
G1 X107.27 Y109.427 E.01331
G1 X107.342 Y109.152 E.00874
G1 X107.443 Y108.884 E.00879
M204 S2000
G1 X107.803 Y109.04 F18000
M204 S1500
;TYPE:Inner wall
;WIDTH:0.45
G1 F1200
G1 X107.914 Y108.819 E.00819
G1 X108.046 Y108.611 E.00819
G1 X108.199 Y108.418 E.00819
G1 X108.372 Y108.241 E.00819
G1 X108.561 Y108.083 E.00819
G1 X108.766 Y107.945 E.00819
G1 X108.984 Y107.829 E.00819
G1 X109.212 Y107.736 E.00819
G1 X109.449 Y107.667 E.00819
G1 X109.692 Y107.623 E.00819
G1 X110.126 Y107.607 E.01441
G1 X110.551 Y107.667 E.01421
G1 X110.788 Y107.736 E.00819
G1 X111.016 Y107.829 E.00819
G1 X111.234 Y107.945 E.00819
G1 X111.439 Y108.083 E.00819
G1 X111.628 Y108.241 E.00819
G1 X111.801 Y108.418 E.00819
G1 X111.954 Y108.611 E.00819
G1 X112.086 Y108.819 E.00819
G1 X112.197 Y109.04 E.00819
G1 X112.284 Y109.271 E.00819
G1 X112.346 Y109.51 E.00819
G1 X112.383 Y109.746 E.00793
G1 X112.393 Y110.131 E.01279
G1 X112.369 Y110.369 E.00793
G1 X112.318 Y110.61 E.00819
G1 X112.243 Y110.846 E.00819
G1 X112.144 Y111.072 E.00819
G1 X112.023 Y111.287 E.00819
G1 X111.88 Y111.488 E.00819
G1 X111.717 Y111.673 E.00819
G1 X111.536 Y111.841 E.00819
G1 X111.338 Y111.989 E.00819
G1 X111.127 Y112.116 E.00819
G1 X110.903 Y112.221 E.00819
G1 X110.677 Y112.299 E.00793
G1 X110.3 Y112.378 E.01279
G1 X110.062 Y112.396 E.00793
G1 X109.815 Y112.39 E.00819
G1 X109.57 Y112.358 E.00819
G1 X109.33 Y112.302 E.00819
G1 X109.097 Y112.221 E.00819
G1 X108.873 Y112.116 E.00819
G1 X108.51 Y111.877 E.01441
G1 X108.199 Y111.582 E.01421
G1 X108.046 Y111.389 E.00819
G1 X107.914 Y111.181 E.00819
G1 X107.803 Y110.96 E.00819
G1 X107.716 Y110.729 E.00819
G1 X107.654 Y110.49 E.00819
G1 X107.617 Y110.254 E.00793
G1 X107.607 Y109.877 E.01253
G1 X107.656 Y109.502 E.01253
G1 X107.716 Y109.271 E.00793
G1 X107.796 Y109.059 E.00752
M204 S2000
G1 E-.8 F3600
G1 X111.445 Y109.801 F18000
G1 E.8 F3600
M204 S1000
;TYPE:Outer wall
;WIDTH:0.42
G1 F1200
G1 X111.37 Y109.492 E.00976
G1 X111.27 Y109.278 E.00726
G1 X111.138 Y109.084 E.0072
G1 X110.945 Y108.887 E.0085
G1 X110.699 Y108.717 E.00916
G1 X110.481 Y108.62 E.00735
G1 X110.149 Y108.547 E.01043
G1 X109.909 Y108.542 E.00739
G1 X109.575 Y108.602 E.01043
G1 X109.351 Y108.691 E.00739
G1 X109.067 Y108.876 E.01043
G1 X108.895 Y109.044 E.00739
G1 X108.704 Y109.325 E.01043
G1 X108.611 Y109.547 E.00739
G1 X108.544 Y109.88 E.01043
G1 X108.544 Y110.12 E.00739
G1 X108.611 Y110.455 E.01049
G1 X108.725 Y110.712 E.00863
G1 X108.896 Y110.956 E.00916
G1 X109.067 Y111.124 E.00735
G1 X109.351 Y111.309 E.01043
G1 X109.575 Y111.398 E.00739
G1 X109.909 Y111.458 E.01043
G1 X110.149 Y111.453 E.00739
G1 X110.481 Y111.38 E.01043
G1 X110.697 Y111.284 E.00726
G1 X110.895 Y111.155 E.00726
G1 X111.139 Y110.916 E.01049
G1 X111.292 Y110.681 E.00863
G1 X111.404 Y110.404 E.00916
G1 X111.451 Y110.17 E.00735
G1 X111.451 Y109.826 E.01056
G1 X111.45 Y109.82 E.00019
M204 S2000
G1 X111.834 Y109.741 F18000
M204 S1500
;TYPE:Inner wall
;WIDTH:0.45
G1 F1200
G1 X111.742 Y109.361 E.01296
G1 X111.612 Y109.084 E.01017
G1 X111.443 Y108.835 E.00997
G1 X111.198 Y108.585 E.01159
G1 X110.892 Y108.374 E.01236
G1 X110.604 Y108.246 E.01045
G1 X110.196 Y108.155 E.01385
G1 X109.877 Y108.149 E.01057
G1 X109.466 Y108.223 E.01385
G1 X109.17 Y108.341 E.01057
G1 X108.82 Y108.569 E.01385
G1 X108.592 Y108.792 E.01057
G1 X108.358 Y109.137 E.01385
G1 X108.234 Y109.431 E.01057
G1 X108.152 Y109.841 E.01385
G1 X108.152 Y110.159 E.01057
G1 X108.236 Y110.575 E.01405
G1 X108.382 Y110.905 E.01199
G1 X108.595 Y111.211 E.01236
G1 X108.82 Y111.431 E.01045
G1 X109.17 Y111.659 E.01385
G1 X109.466 Y111.777 E.01057
G1 X109.877 Y111.851 E.01385
G1 X110.196 Y111.845 E.01057
G1 X110.604 Y111.754 E.01385
G1 X110.884 Y111.63 E.01017
G1 X111.141 Y111.462 E.01017
G1 X111.444 Y111.166 E.01405
G1 X111.641 Y110.863 E.01199
G1 X111.781 Y110.518 E.01236
G1 X111.843 Y110.209 E.01045
G1 X111.843 Y109.779 E.01426
G1 X111.839 Y109.761 E.00063
G1 E-.8 F3600
M204 S2000
G1 X112.099 Y109.704 F18000
G1 E.8 F3600
;TYPE:Gap infill
;WIDTH:0.177612
G1 F1200
G1 X112.022 Y109.355 E.00392
G1 X111.85 Y108.953 E.00479
G1 X111.647 Y108.661 E.00391
G1 X111.366 Y108.377 E.00438
G1 X111.017 Y108.139 E.00464
G1 X110.681 Y107.992 E.00402
G1 X110.222 Y107.889 E.00517
G1 X109.85 Y107.883 E.00408
G1 X109.387 Y107.968 E.00517
G1 X109.043 Y108.108 E.00408
G1 X108.648 Y108.365 E.00516
G1 X108.385 Y108.626 E.00408
G1 X108.121 Y109.016 E.00516
G1 X107.979 Y109.359 E.00408
G1 X107.886 Y109.808 E.00503
G1 X107.884 Y110.193 E.00422
G1 X107.975 Y110.65 E.00512
G1 X108.15 Y111.047 E.00476
G1 X108.393 Y111.39 E.00461
G1 X108.679 Y111.664 E.00435
G1 X109.041 Y111.895 E.00471
G1 X109.406 Y112.041 E.00431
G1 X109.836 Y112.119 E.0048
G1 X110.263 Y112.108 E.00469
G1 X110.682 Y112.01 E.00471
G1 X111.009 Y111.87 E.0039
G1 X111.36 Y111.63 E.00467
G1 X111.657 Y111.331 E.00463
G1 X111.883 Y110.982 E.00456
G1 X112.04 Y110.589 E.00464
G1 X112.109 Y110.229 E.00403
G1 X112.113 Y109.772 E.00502
G1 X112.103 Y109.723 E.00055
; stop printing object separador_timon.stl id:0 copy 0
; printing object "separador_timon.stl" id:1 copy 0
G1 E-.8 F3600
G1 X107.457 Y134.957 F18000
G1 E.8 F3600
M204 S1000
;TYPE:Outer wall
;WIDTH:0.42
G1 F1200
G1 X107.577 Y134.717 E.00825
G1 X107.731 Y134.475 E.00883
G1 X107.909 Y134.25 E.00882
G1 X108.109 Y134.044 E.00883
G1 X108.33 Y133.86 E.00883
G1 X108.568 Y133.7 E.00883
G1 X108.822 Y133.565 E.00883
G1 X109.088 Y133.456 E.00883
G1 X109.364 Y133.376 E.00883
G1 X109.646 Y133.325 E.00883
G1 X110.151 Y133.306 E.01553
G1 X110.645 Y133.376 E.01533
G1 X110.921 Y133.456 E.00883
G1 X111.187 Y133.565 E.00883
G1 X111.441 Y133.7 E.00883
G1 X111.679 Y133.86 E.00883
G1 X111.899 Y134.044 E.00883
G1 X112.1 Y134.25 E.00883
G1 X112.278 Y134.475 E.00883
G1 X112.432 Y134.717 E.00883
G1 X112.561 Y134.974 E.00882
G1 X112.662 Y135.243 E.00883
G1 X112.735 Y135.521 E.00883
G1 X112.779 Y135.802 E.00874
G1 X112.79 Y136.238 E.0134
G1 X112.761 Y136.521 E.00874
G1 X112.702 Y136.802 E.00883
G1 X112.615 Y137.075 E.00883
G1 X112.5 Y137.339 E.00883
G1 X112.358 Y137.588 E.00883
G1 X112.192 Y137.823 E.00883
G1 X112.002 Y138.038 E.00883
G1 X111.791 Y138.233 E.00883
G1 X111.562 Y138.406 E.00883
G1 X111.315 Y138.554 E.00883
G1 X111.055 Y138.675 E.00883
G1 X110.787 Y138.769 E.00874
G1 X110.36 Y138.858 E.0134
G1 X110.076 Y138.88 E.00874
G1 X109.789 Y138.873 E.00883
G1 X109.504 Y138.836 E.00883
G1 X109.225 Y138.77 E.00883
G1 X108.953 Y138.675 E.00883
G1 X108.693 Y138.554 E.00883
G1 X108.271 Y138.276 E.01553
G1 X107.909 Y137.933 E.01533
G1 X107.731 Y137.708 E.00883
G1 X107.577 Y137.465 E.00883
G1 X107.448 Y137.208 E.00882
G1 X107.347 Y136.94 E.00883
G1 X107.274 Y136.662 E.00883
G1 X107.23 Y136.381 E.00874
G1 X107.219 Y135.948 E.01331
G1 X107.274 Y135.518 E.01331
G1 X107.347 Y135.243 E.00874
G1 X107.448 Y134.975 E.00879
M204 S2000
G1 X107.808 Y135.131 F18000
M204 S1500
;TYPE:Inner wall
;WIDTH:0.45
G1 F1200
G1 X107.918 Y134.911 E.00819
G1 X108.051 Y134.702 E.00819
G1 X108.204 Y134.509 E.00819
G1 X108.376 Y134.332 E.00819
G1 X108.566 Y134.174 E.00819
G1 X108.77 Y134.036 E.00819
G1 X108.988 Y133.92 E.00819
G1 X109.217 Y133.827 E.00819
G1 X109.454 Y133.758 E.00819
G1 X109.697 Y133.714 E.00819
G1 X110.131 Y133.698 E.01441
G1 X110.555 Y133.758 E.01421
G1 X110.792 Y133.827 E.00819
G1 X111.021 Y133.92 E.00819
G1 X111.238 Y134.036 E.00819
G1 X111.443 Y134.174 E.00819
G1 X111.633 Y134.332 E.00819
G1 X111.805 Y134.509 E.00819
G1 X111.958 Y134.702 E.00819
G1 X112.091 Y134.911 E.00819
G1 X112.201 Y135.131 E.00819
G1 X112.288 Y135.362 E.00819
G1 X112.351 Y135.601 E.00819
G1 X112.388 Y135.837 E.00793
G1 X112.398 Y136.222 E.01279
G1 X112.373 Y136.46 E.00793
G1 X112.322 Y136.702 E.00819
G1 X112.247 Y136.937 E.00819
G1 X112.149 Y137.163 E.00819
G1 X112.027 Y137.378 E.00819
G1 X111.884 Y137.579 E.00819
G1 X111.721 Y137.764 E.00819
G1 X111.54 Y137.932 E.00819
G1 X111.343 Y138.08 E.00819
G1 X111.131 Y138.207 E.00819
G1 X110.907 Y138.312 E.00819
G1 X110.682 Y138.39 E.00793
G1 X110.304 Y138.469 E.01279
G1 X110.066 Y138.488 E.00793
G1 X109.819 Y138.481 E.00819
G1 X109.575 Y138.45 E.00819
G1 X109.334 Y138.393 E.00819
G1 X109.101 Y138.312 E.00819
G1 X108.878 Y138.207 E.00819
G1 X108.515 Y137.969 E.01441
G1 X108.204 Y137.674 E.01421
G1 X108.051 Y137.48 E.00819
G1 X107.918 Y137.272 E.00819
G1 X107.808 Y137.051 E.00819
G1 X107.721 Y136.82 E.00819
G1 X107.658 Y136.582 E.00819
G1 X107.621 Y136.345 E.00793
G1 X107.611 Y135.968 E.01253
G1 X107.66 Y135.593 E.01253
G1 X107.721 Y135.362 E.00793
G1 X107.801 Y135.15 E.00752
M204 S2000
G1 E-.8 F3600
G1 X111.449 Y135.892 F18000
G1 E.8 F3600
M204 S1000
;TYPE:Outer wall
;WIDTH:0.42
G1 F1200
G1 X111.374 Y135.583 E.00976
G1 X111.274 Y135.369 E.00726
G1 X111.143 Y135.176 E.0072
G1 X110.949 Y134.978 E.0085
G1 X110.704 Y134.809 E.00916
G1 X110.485 Y134.712 E.00735
G1 X110.154 Y134.638 E.01043
G1 X109.913 Y134.633 E.00739
G1 X109.579 Y134.694 E.01043
G1 X109.356 Y134.782 E.00739
G1 X109.071 Y134.967 E.01043
G1 X108.899 Y135.136 E.00739
G1 X108.709 Y135.417 E.01043
G1 X108.615 Y135.638 E.00739
G1 X108.548 Y135.971 E.01043
G1 X108.548 Y136.212 E.00739
G1 X108.616 Y136.546 E.01049
G1 X108.73 Y136.803 E.00863
G1 X108.9 Y137.048 E.00916
G1 X109.071 Y137.215 E.00735
G1 X109.356 Y137.4 E.01043
G1 X109.579 Y137.489 E.00739
G1 X109.913 Y137.549 E.01043
G1 X110.154 Y137.545 E.00739
G1 X110.485 Y137.471 E.01043
G1 X110.701 Y137.375 E.00726
G1 X110.899 Y137.246 E.00726
G1 X111.143 Y137.007 E.01049
G1 X111.296 Y136.772 E.00863
G1 X111.408 Y136.496 E.00916
G1 X111.455 Y136.261 E.00735
G1 X111.455 Y135.917 E.01056
G1 X111.454 Y135.911 E.00019
M204 S2000
G1 X111.838 Y135.832 F18000
M204 S1500
;TYPE:Inner wall
;WIDTH:0.45
G1 F1200
G1 X111.746 Y135.453 E.01296
G1 X111.616 Y135.175 E.01017
G1 X111.447 Y134.926 E.00997
G1 X111.203 Y134.677 E.01159
G1 X110.896 Y134.465 E.01236
G1 X110.608 Y134.337 E.01045
G1 X110.2 Y134.247 E.01385
G1 X109.882 Y134.24 E.01057
G1 X109.471 Y134.315 E.01385
G1 X109.175 Y134.432 E.01057
G1 X108.824 Y134.66 E.01385
G1 X108.597 Y134.883 E.01057
G1 X108.362 Y135.229 E.01385
G1 X108.239 Y135.522 E.01057
G1 X108.156 Y135.932 E.01385
G1 X108.156 Y136.251 E.01057
G1 X108.24 Y136.666 E.01405
G1 X108.386 Y136.996 E.01199
G1 X108.599 Y137.302 E.01236
G1 X108.824 Y137.523 E.01045
G1 X109.175 Y137.75 E.01385
G1 X109.471 Y137.868 E.01057
G1 X109.882 Y137.942 E.01385
G1 X110.2 Y137.936 E.01057
G1 X110.608 Y137.845 E.01385
G1 X110.888 Y137.721 E.01017
G1 X111.146 Y137.554 E.01017
G1 X111.448 Y137.257 E.01405
G1 X111.645 Y136.954 E.01199
G1 X111.785 Y136.609 E.01236
G1 X111.848 Y136.3 E.01045
G1 X111.848 Y135.87 E.01426
G1 X111.843 Y135.852 E.00063
M204 S2000
G1 X112.103 Y135.795 F18000
;TYPE:Gap infill
;WIDTH:0.177612
G1 F1200
G1 X112.026 Y135.446 E.00392
G1 X111.854 Y135.044 E.00479
G1 X111.651 Y134.752 E.00391
G1 X111.37 Y134.468 E.00438
G1 X111.021 Y134.23 E.00464
G1 X110.685 Y134.083 E.00402
G1 X110.226 Y133.98 E.00517
G1 X109.854 Y133.974 E.00408
G1 X109.391 Y134.059 E.00517
G1 X109.047 Y134.199 E.00408
G1 X108.653 Y134.456 E.00516
G1 X108.389 Y134.717 E.00408
G1 X108.125 Y135.107 E.00516
G1 X107.983 Y135.45 E.00408
G1 X107.89 Y135.899 E.00503
G1 X107.889 Y136.284 E.00422
G1 X107.98 Y136.741 E.00512
G1 X108.155 Y137.138 E.00476
G1 X108.397 Y137.481 E.00461
G1 X108.684 Y137.755 E.00435
G1 X109.045 Y137.986 E.00471
G1 X109.41 Y138.132 E.00431
G1 X109.84 Y138.21 E.0048
G1 X110.268 Y138.199 E.00469
G1 X110.686 Y138.101 E.00471
G1 X111.013 Y137.962 E.0039
G1 X111.365 Y137.722 E.00467
G1 X111.662 Y137.423 E.00463
G1 X111.887 Y137.073 E.00456
G1 X112.045 Y136.681 E.00464
G1 X112.114 Y136.32 E.00403
G1 X112.118 Y135.863 E.00502
G1 X112.107 Y135.814 E.00055
; stop printing object separador_timon.stl id:1 copy 0
; end of layer_num: 29, T: 0, print_z: 5.840000
;LAYER_CHANGE
;Z:6.04
;HEIGHT:0.2
; BEFORE_LAYER_CHANGE 29 @ 6.04mm
G92 E0
; AFTER_LAYER_CHANGE 29 @ 6.04mm
; start of layer_num: 30, T: 0, print_z: 6.040000
; printing object "separador_timon.stl" id:0 copy 0
G1 E-.8 F3600
G1 X107.452 Y108.866 Z6.04 F18000
G1 E.8 F3600
M204 S1000
;TYPE:Outer wall
;WIDTH:0.42
G1 F1200
G1 X107.572 Y108.626 E.00825
G1 X107.726 Y108.384 E.00883
G1 X107.905 Y108.158 E.00883
G1 X108.105 Y107.953 E.00883
G1 X108.326 Y107.769 E.00883
G1 X108.564 Y107.608 E.00883
G1 X108.817 Y107.473 E.00883
G1 X109.083 Y107.365 E.00883
G1 X109.359 Y107.285 E.00883
G1 X109.642 Y107.233 E.00883
G1 X110.144 Y107.215 E.01545
G1 X110.641 Y107.285 E.01541
G1 X110.917 Y107.365 E.00883
G1 X111.183 Y107.473 E.00883
G1 X111.436 Y107.608 E.00883
G1 X111.674 Y107.769 E.00883
G1 X111.895 Y107.953 E.00883
G1 X112.095 Y108.158 E.00883
G1 X112.274 Y108.384 E.00883
G1 X112.428 Y108.626 E.00883
G1 X112.556 Y108.883 E.00883
G1 X112.658 Y109.152 E.00883
G1 X112.731 Y109.429 E.00883
G1 X112.775 Y109.71 E.00874
G1 X112.786 Y110.146 E.0134
G1 X112.756 Y110.429 E.00874
G1 X112.698 Y110.71 E.00883
G1 X112.61 Y110.984 E.00883
G1 X112.495 Y111.247 E.00883
G1 X112.354 Y111.497 E.00883
G1 X112.187 Y111.731 E.00883
G1 X111.841 Y112.095 E.01545
G1 X111.436 Y112.392 E.01541
G1 X111.183 Y112.527 E.00883
G1 X110.917 Y112.635 E.00883
G1 X110.641 Y112.715 E.00883
G1 X110.358 Y112.767 E.00883
G1 X110.072 Y112.789 E.00883
G1 X109.785 Y112.781 E.00883
G1 X109.5 Y112.745 E.00883
G1 X109.22 Y112.679 E.00883
G1 X108.949 Y112.584 E.00883
G1 X108.689 Y112.462 E.00883
G1 X108.269 Y112.186 E.01545
G1 X107.905 Y111.842 E.01541
G1 X107.726 Y111.616 E.00883
G1 X107.572 Y111.374 E.00883
G1 X107.444 Y111.117 E.00883
G1 X107.342 Y110.848 E.00883
G1 X107.269 Y110.571 E.00883
G1 X107.225 Y110.29 E.00874
G1 X107.214 Y109.854 E.0134
G1 X107.286 Y109.359 E.01537
G1 X107.443 Y108.884 E.01537
M204 S2000
G1 X107.803 Y109.04 F18000
M204 S1500
;TYPE:Inner wall
;WIDTH:0.45
G1 F1200
G1 X107.914 Y108.819 E.00819
G1 X108.046 Y108.611 E.00819
G1 X108.199 Y108.418 E.00819
G1 X108.372 Y108.241 E.00819
G1 X108.561 Y108.083 E.00819
G1 X108.766 Y107.945 E.00819
G1 X108.984 Y107.829 E.00819
G1 X109.212 Y107.736 E.00819
G1 X109.449 Y107.667 E.00819
G1 X109.692 Y107.623 E.00819
G1 X110.124 Y107.607 E.01434
G1 X110.551 Y107.667 E.01429
G1 X110.788 Y107.736 E.00819
G1 X111.016 Y107.829 E.00819
G1 X111.234 Y107.945 E.00819
G1 X111.439 Y108.083 E.00819
G1 X111.628 Y108.241 E.00819
G1 X111.801 Y108.418 E.00819
G1 X111.954 Y108.611 E.00819
G1 X112.086 Y108.819 E.00819
G1 X112.197 Y109.04 E.00819
G1 X112.284 Y109.271 E.00819
G1 X112.346 Y109.51 E.00819
G1 X112.383 Y109.746 E.00793
G1 X112.393 Y110.131 E.01279
G1 X112.369 Y110.369 E.00793
G1 X112.318 Y110.61 E.00819
G1 X112.243 Y110.846 E.00819
G1 X112.144 Y111.072 E.00819
G1 X112.023 Y111.287 E.00819
G1 X111.88 Y111.488 E.00819
G1 X111.582 Y111.801 E.01434
G1 X111.234 Y112.055 E.01429
G1 X111.016 Y112.171 E.00819
G1 X110.788 Y112.264 E.00819
G1 X110.551 Y112.333 E.00819
G1 X110.308 Y112.377 E.00819
G1 X110.062 Y112.396 E.00819
G1 X109.815 Y112.39 E.00819
G1 X109.57 Y112.358 E.00819
G1 X109.33 Y112.302 E.00819
G1 X109.097 Y112.221 E.00819
G1 X108.873 Y112.116 E.00819
G1 X108.512 Y111.879 E.01434
G1 X108.199 Y111.582 E.01429
G1 X108.046 Y111.389 E.00819
G1 X107.914 Y111.181 E.00819
G1 X107.803 Y110.96 E.00819
G1 X107.716 Y110.729 E.00819
G1 X107.654 Y110.49 E.00819
G1 X107.617 Y110.254 E.00793
G1 X107.607 Y109.869 E.01279
G1 X107.668 Y109.449 E.01408
G1 X107.797 Y109.059 E.01362
M204 S2000
G1 E-.8 F3600
G1 X111.443 Y109.795 F18000
G1 E.8 F3600
M204 S1000
;TYPE:Outer wall
;WIDTH:0.42
G1 F1200
G1 X111.37 Y109.492 E.00957
G1 X111.27 Y109.278 E.00726
G1 X111.138 Y109.084 E.0072
G1 X110.943 Y108.886 E.00855
G1 X110.699 Y108.717 E.00912
G1 X110.484 Y108.622 E.00722
G1 X110.256 Y108.562 E.00726
G1 X109.913 Y108.541 E.01056
G1 X109.575 Y108.602 E.01056
G1 X109.355 Y108.689 E.00726
G1 X109.152 Y108.81 E.00726
G1 X108.9 Y109.038 E.01043
G1 X108.757 Y109.232 E.00739
G1 X108.612 Y109.543 E.01056
G1 X108.544 Y109.88 E.01056
G1 X108.544 Y110.12 E.00739
G1 X108.611 Y110.455 E.0105
G1 X108.726 Y110.713 E.00868
G1 X108.896 Y110.957 E.00912
G1 X109.067 Y111.124 E.00735
G1 X109.351 Y111.309 E.01043
G1 X109.575 Y111.398 E.00739
G1 X109.909 Y111.458 E.01043
G1 X110.145 Y111.453 E.00726
G1 X110.378 Y111.411 E.00726
G1 X110.695 Y111.285 E.0105
G1 X110.929 Y111.127 E.00868
G1 X111.141 Y110.913 E.00925
G1 X111.322 Y110.623 E.01052
G1 X111.404 Y110.401 E.00726
G1 X111.451 Y110.17 E.00726
G1 X111.451 Y109.826 E.01056
G1 X111.448 Y109.814 E.00038
M204 S2000
G1 X111.834 Y109.741 F18000
M204 S1500
;TYPE:Inner wall
;WIDTH:0.45
G1 F1200
G1 X111.742 Y109.361 E.01296
G1 X111.612 Y109.084 E.01017
G1 X111.443 Y108.835 E.00998
G1 X111.197 Y108.584 E.01164
G1 X110.892 Y108.374 E.0123
G1 X110.615 Y108.251 E.01005
G1 X110.318 Y108.173 E.01017
G1 X109.889 Y108.147 E.01426
G1 X109.466 Y108.223 E.01426
G1 X109.181 Y108.337 E.01017
G1 X108.918 Y108.493 E.01017
G1 X108.608 Y108.774 E.01385
G1 X108.419 Y109.03 E.01057
G1 X108.237 Y109.419 E.01426
G1 X108.152 Y109.841 E.01426
G1 X108.152 Y110.159 E.01057
G1 X108.236 Y110.575 E.01406
G1 X108.383 Y110.907 E.01204
G1 X108.595 Y111.211 E.0123
G1 X108.82 Y111.431 E.01045
G1 X109.17 Y111.659 E.01386
G1 X109.466 Y111.777 E.01057
G1 X109.877 Y111.851 E.01385
G1 X110.184 Y111.845 E.01017
G1 X110.486 Y111.79 E.01017
G1 X110.88 Y111.634 E.01406
G1 X111.18 Y111.43 E.01204
G1 X111.45 Y111.158 E.01271
G1 X111.675 Y110.797 E.01413
G1 X111.783 Y110.509 E.01017
G1 X111.843 Y110.209 E.01017
G1 X111.843 Y109.779 E.01426
G1 X111.839 Y109.761 E.00063
G1 E-.8 F3600
M204 S2000
G1 X112.099 Y109.704 F18000
G1 E.8 F3600
;TYPE:Gap infill
;WIDTH:0.177174
G1 F1200
G1 X112.022 Y109.355 E.00391
G1 X111.85 Y108.953 E.00478
G1 X111.594 Y108.599 E.00478
G1 X111.273 Y108.303 E.00477
G1 X110.9 Y108.078 E.00477
G1 X110.487 Y107.934 E.00478
G1 X110.11 Y107.883 E.00417
G1 X109.728 Y107.896 E.00418
G1 X109.302 Y107.995 E.00478
G1 X108.907 Y108.181 E.00478
G1 X108.56 Y108.444 E.00477
G1 X108.27 Y108.77 E.00477
G1 X108.057 Y109.151 E.00478
G1 X107.937 Y109.512 E.00416
G1 X107.885 Y109.808 E.00328
G1 X107.884 Y110.193 E.00421
G1 X107.976 Y110.65 E.0051
G1 X108.15 Y111.047 E.00474
G1 X108.393 Y111.39 E.0046
G1 X108.681 Y111.665 E.00436
G1 X109.041 Y111.895 E.00467
G1 X109.406 Y112.041 E.0043
G1 X109.836 Y112.119 E.00478
G1 X110.273 Y112.106 E.00478
G1 X110.697 Y112.003 E.00477
G1 X111.011 Y111.867 E.00375
G1 X111.357 Y111.633 E.00457
G1 X111.667 Y111.321 E.00482
G1 X111.9 Y110.95 E.00479
G1 X112.043 Y110.579 E.00435
G1 X112.109 Y110.229 E.00389
G1 X112.113 Y109.772 E.005
G1 X112.103 Y109.723 E.00055
; stop printing object separador_timon.stl id:0 copy 0
; printing object "separador_timon.stl" id:1 copy 0
G1 E-.8 F3600
G1 X107.457 Y134.957 F18000
G1 E.8 F3600
M204 S1000
;TYPE:Outer wall
;WIDTH:0.42
G1 F1200
G1 X107.577 Y134.717 E.00825
G1 X107.731 Y134.475 E.00883
G1 X107.909 Y134.25 E.00883
G1 X108.109 Y134.044 E.00883
G1 X108.33 Y133.86 E.00883
G1 X108.568 Y133.7 E.00883
G1 X108.822 Y133.565 E.00883
G1 X109.088 Y133.456 E.00883
G1 X109.364 Y133.376 E.00883
G1 X109.646 Y133.325 E.00883
G1 X110.149 Y133.306 E.01545
G1 X110.645 Y133.376 E.01541
G1 X110.921 Y133.456 E.00883
G1 X111.187 Y133.565 E.00883
G1 X111.441 Y133.7 E.00883
G1 X111.679 Y133.86 E.00883
G1 X111.899 Y134.044 E.00883
G1 X112.1 Y134.25 E.00883
G1 X112.278 Y134.475 E.00883
G1 X112.432 Y134.717 E.00883
G1 X112.561 Y134.974 E.00883
G1 X112.662 Y135.243 E.00883
G1 X112.735 Y135.521 E.00883
G1 X112.779 Y135.802 E.00874
G1 X112.79 Y136.238 E.0134
G1 X112.761 Y136.521 E.00874
G1 X112.702 Y136.802 E.00883
G1 X112.615 Y137.075 E.00883
G1 X112.5 Y137.339 E.00883
G1 X112.358 Y137.588 E.00883
G1 X112.192 Y137.823 E.00883
G1 X111.845 Y138.187 E.01545
G1 X111.441 Y138.483 E.01541
G1 X111.187 Y138.618 E.00883
G1 X110.921 Y138.726 E.00883
G1 X110.645 Y138.806 E.00883
G1 X110.363 Y138.858 E.00883
G1 X110.076 Y138.88 E.00883
G1 X109.789 Y138.873 E.00883
G1 X109.504 Y138.836 E.00883
G1 X109.225 Y138.77 E.00883
G1 X108.953 Y138.675 E.00883
G1 X108.693 Y138.554 E.00883
G1 X108.273 Y138.278 E.01545
G1 X107.909 Y137.933 E.01541
G1 X107.731 Y137.708 E.00883
G1 X107.577 Y137.465 E.00883
G1 X107.448 Y137.208 E.00883
G1 X107.347 Y136.94 E.00883
G1 X107.274 Y136.662 E.00883
G1 X107.23 Y136.381 E.00874
G1 X107.219 Y135.945 E.0134
G1 X107.29 Y135.45 E.01537
G1 X107.448 Y134.975 E.01537
M204 S2000
G1 X107.808 Y135.131 F18000
M204 S1500
;TYPE:Inner wall
;WIDTH:0.45
G1 F1200
G1 X107.918 Y134.911 E.00819
G1 X108.051 Y134.702 E.00819
G1 X108.204 Y134.509 E.00819
G1 X108.376 Y134.332 E.00819
G1 X108.566 Y134.174 E.00819
G1 X108.77 Y134.036 E.00819
G1 X108.988 Y133.92 E.00819
G1 X109.217 Y133.827 E.00819
G1 X109.454 Y133.758 E.00819
G1 X109.697 Y133.714 E.00819
G1 X110.128 Y133.698 E.01434
G1 X110.555 Y133.758 E.01429
G1 X110.792 Y133.827 E.00819
G1 X111.021 Y133.92 E.00819
G1 X111.238 Y134.036 E.00819
G1 X111.443 Y134.174 E.00819
G1 X111.633 Y134.332 E.00819
G1 X111.805 Y134.509 E.00819
G1 X111.958 Y134.702 E.00819
G1 X112.091 Y134.911 E.00819
G1 X112.201 Y135.131 E.00819
G1 X112.288 Y135.362 E.00819
G1 X112.351 Y135.601 E.00819
G1 X112.388 Y135.837 E.00793
G1 X112.398 Y136.222 E.01279
G1 X112.373 Y136.46 E.00793
G1 X112.322 Y136.702 E.00819
G1 X112.247 Y136.937 E.00819
G1 X112.149 Y137.163 E.00819
G1 X112.027 Y137.378 E.00819
G1 X111.884 Y137.579 E.00819
G1 X111.586 Y137.892 E.01434
G1 X111.238 Y138.146 E.01429
G1 X111.021 Y138.262 E.00819
G1 X110.792 Y138.355 E.00819
G1 X110.555 Y138.424 E.00819
G1 X110.312 Y138.469 E.00819
G1 X110.066 Y138.488 E.00819
G1 X109.819 Y138.481 E.00819
G1 X109.575 Y138.45 E.00819
G1 X109.334 Y138.393 E.00819
G1 X109.101 Y138.312 E.00819
G1 X108.878 Y138.207 E.00819
G1 X108.516 Y137.97 E.01434
G1 X108.204 Y137.674 E.01429
G1 X108.051 Y137.48 E.00819
G1 X107.918 Y137.272 E.00819
G1 X107.808 Y137.051 E.00819
G1 X107.721 Y136.82 E.00819
G1 X107.658 Y136.582 E.00819
G1 X107.621 Y136.345 E.00793
G1 X107.611 Y135.96 E.01279
G1 X107.672 Y135.54 E.01408
G1 X107.802 Y135.15 E.01362
M204 S2000
G1 E-.8 F3600
G1 X111.448 Y135.886 F18000
G1 E.8 F3600
M204 S1000
;TYPE:Outer wall
;WIDTH:0.42
G1 F1200
G1 X111.374 Y135.583 E.00957
G1 X111.274 Y135.369 E.00726
G1 X111.143 Y135.176 E.0072
G1 X110.948 Y134.977 E.00855
G1 X110.704 Y134.809 E.00912
G1 X110.489 Y134.713 E.00722
G1 X110.26 Y134.653 E.00726
G1 X109.917 Y134.632 E.01056
G1 X109.579 Y134.694 E.01056
G1 X109.359 Y134.781 E.00726
G1 X109.156 Y134.902 E.00726
G1 X108.905 Y135.129 E.01043
G1 X108.762 Y135.323 E.00739
G1 X108.616 Y135.634 E.01056
G1 X108.548 Y135.971 E.01056
G1 X108.548 Y136.212 E.00739
G1 X108.616 Y136.546 E.0105
G1 X108.73 Y136.804 E.00868
G1 X108.9 Y137.048 E.00912
G1 X109.071 Y137.215 E.00735
G1 X109.356 Y137.4 E.01043
G1 X109.579 Y137.489 E.00739
G1 X109.913 Y137.549 E.01043
G1 X110.149 Y137.545 E.00726
G1 X110.382 Y137.503 E.00726
G1 X110.699 Y137.377 E.0105
G1 X110.933 Y137.218 E.00868
G1 X111.145 Y137.005 E.00925
G1 X111.326 Y136.714 E.01052
G1 X111.409 Y136.493 E.00726
G1 X111.455 Y136.261 E.00726
G1 X111.455 Y135.917 E.01056
G1 X111.453 Y135.905 E.00038
M204 S2000
G1 X111.838 Y135.832 F18000
M204 S1500
;TYPE:Inner wall
;WIDTH:0.45
G1 F1200
G1 X111.746 Y135.453 E.01296
G1 X111.616 Y135.175 E.01017
G1 X111.447 Y134.926 E.00998
G1 X111.201 Y134.676 E.01164
G1 X110.896 Y134.465 E.0123
G1 X110.619 Y134.342 E.01005
G1 X110.323 Y134.264 E.01017
G1 X109.894 Y134.238 E.01426
G1 X109.471 Y134.315 E.01426
G1 X109.186 Y134.428 E.01017
G1 X108.922 Y134.585 E.01017
G1 X108.613 Y134.865 E.01385
G1 X108.423 Y135.121 E.01057
G1 X108.241 Y135.511 E.01426
G1 X108.156 Y135.932 E.01426
G1 X108.156 Y136.251 E.01057
G1 X108.24 Y136.666 E.01406
G1 X108.387 Y136.998 E.01204
G1 X108.6 Y137.302 E.0123
G1 X108.824 Y137.523 E.01045
G1 X109.175 Y137.75 E.01386
G1 X109.471 Y137.868 E.01057
G1 X109.882 Y137.942 E.01385
G1 X110.188 Y137.936 E.01017
G1 X110.49 Y137.882 E.01017
G1 X110.884 Y137.725 E.01406
G1 X111.184 Y137.521 E.01204
G1 X111.455 Y137.25 E.01271
G1 X111.68 Y136.888 E.01413
G1 X111.787 Y136.601 E.01017
G1 X111.848 Y136.3 E.01017
G1 X111.848 Y135.87 E.01426
G1 X111.843 Y135.852 E.00063
M204 S2000
G1 X112.103 Y135.795 F18000
;TYPE:Gap infill
;WIDTH:0.177174
G1 F1200
G1 X112.026 Y135.446 E.00391
G1 X111.854 Y135.044 E.00478
G1 X111.599 Y134.69 E.00478
G1 X111.278 Y134.394 E.00477
G1 X110.904 Y134.169 E.00477
G1 X110.492 Y134.025 E.00478
G1 X110.114 Y133.974 E.00417
G1 X109.732 Y133.988 E.00418
G1 X109.307 Y134.086 E.00478
G1 X108.912 Y134.272 E.00478
G1 X108.564 Y134.536 E.00477
G1 X108.274 Y134.861 E.00477
G1 X108.061 Y135.243 E.00478
G1 X107.941 Y135.604 E.00416
G1 X107.89 Y135.899 E.00328
G1 X107.889 Y136.284 E.00421
G1 X107.98 Y136.741 E.0051
G1 X108.155 Y137.138 E.00474
G1 X108.397 Y137.481 E.0046
G1 X108.686 Y137.757 E.00436
G1 X109.045 Y137.986 E.00467
G1 X109.41 Y138.132 E.0043
G1 X109.84 Y138.21 E.00478
G1 X110.277 Y138.197 E.00478
G1 X110.701 Y138.094 E.00477
G1 X111.015 Y137.958 E.00375
G1 X111.361 Y137.724 E.00457
G1 X111.671 Y137.412 E.00482
G1 X111.905 Y137.041 E.00479
G1 X112.048 Y136.67 E.00435
G1 X112.114 Y136.32 E.00389
G1 X112.118 Y135.863 E.005
G1 X112.107 Y135.814 E.00055
; stop printing object separador_timon.stl id:1 copy 0
; end of layer_num: 30, T: 0, print_z: 6.040000
;LAYER_CHANGE
;Z:6.24
;HEIGHT:0.2
; BEFORE_LAYER_CHANGE 30 @ 6.24mm
G92 E0
; AFTER_LAYER_CHANGE 30 @ 6.24mm
; start of layer_num: 31, T: 0, print_z: 6.240000
; printing object "separador_timon.stl" id:0 copy 0
G1 E-.8 F3600
G1 X107.452 Y108.866 Z6.24 F18000
G1 E.8 F3600
M204 S1000
;TYPE:Outer wall
;WIDTH:0.42
G1 F1200
G1 X107.572 Y108.626 E.00825
G1 X107.726 Y108.384 E.00883
G1 X107.905 Y108.158 E.00883
G1 X108.105 Y107.953 E.00883
G1 X108.326 Y107.769 E.00883
G1 X108.564 Y107.608 E.00882
G1 X108.817 Y107.473 E.00883
G1 X109.083 Y107.365 E.00883
G1 X109.359 Y107.285 E.00883
G1 X109.642 Y107.233 E.00883
G1 X110.142 Y107.215 E.01538
G1 X110.641 Y107.285 E.01548
G1 X110.917 Y107.365 E.00883
G1 X111.183 Y107.473 E.00883
G1 X111.436 Y107.608 E.00883
G1 X111.674 Y107.769 E.00883
G1 X111.895 Y107.953 E.00883
G1 X112.095 Y108.158 E.00883
G1 X112.274 Y108.384 E.00883
G1 X112.428 Y108.626 E.00883
G1 X112.556 Y108.883 E.00882
G1 X112.658 Y109.152 E.00883
G1 X112.731 Y109.429 E.00883
G1 X112.775 Y109.71 E.00874
G1 X112.786 Y110.144 E.01331
G1 X112.73 Y110.573 E.01331
G1 X112.658 Y110.848 E.00874
G1 X112.556 Y111.117 E.00883
G1 X112.428 Y111.374 E.00883
G1 X112.274 Y111.616 E.00883
G1 X112.095 Y111.842 E.00883
G1 X111.897 Y112.045 E.00874
G1 X111.555 Y112.316 E.0134
G1 X111.311 Y112.462 E.00874
G1 X111.051 Y112.584 E.00883
G1 X110.78 Y112.679 E.00882
G1 X110.5 Y112.745 E.00883
G1 X110.215 Y112.781 E.00883
G1 X109.928 Y112.789 E.00883
G1 X109.642 Y112.767 E.00883
G1 X109.359 Y112.715 E.00883
G1 X109.083 Y112.635 E.00883
G1 X108.817 Y112.527 E.00883
G1 X108.564 Y112.392 E.00883
G1 X108.326 Y112.231 E.00883
G1 X108.105 Y112.047 E.00883
G1 X107.905 Y111.842 E.00883
G1 X107.726 Y111.616 E.00883
G1 X107.572 Y111.374 E.00883
G1 X107.444 Y111.117 E.00882
G1 X107.342 Y110.848 E.00883
G1 X107.269 Y110.571 E.00883
G1 X107.225 Y110.29 E.00874
G1 X107.214 Y109.856 E.01331
G1 X107.27 Y109.427 E.01331
G1 X107.342 Y109.152 E.00874
G1 X107.443 Y108.884 E.00878
M204 S2000
G1 X107.803 Y109.04 F18000
M204 S1500
;TYPE:Inner wall
;WIDTH:0.45
G1 F1200
G1 X107.914 Y108.819 E.00819
G1 X108.046 Y108.611 E.00819
G1 X108.199 Y108.418 E.00819
G1 X108.372 Y108.241 E.00819
G1 X108.561 Y108.083 E.00819
G1 X108.766 Y107.945 E.00819
G1 X108.984 Y107.829 E.00819
G1 X109.212 Y107.736 E.00819
G1 X109.449 Y107.667 E.00819
G1 X109.692 Y107.623 E.00819
G1 X110.122 Y107.607 E.01426
G1 X110.551 Y107.667 E.01437
G1 X110.788 Y107.736 E.00819
G1 X111.016 Y107.829 E.00819
G1 X111.234 Y107.945 E.00819
G1 X111.439 Y108.083 E.00819
G1 X111.628 Y108.241 E.00819
G1 X111.801 Y108.418 E.00819
G1 X111.954 Y108.611 E.00819
G1 X112.086 Y108.819 E.00819
G1 X112.197 Y109.04 E.00819
G1 X112.284 Y109.271 E.00819
G1 X112.346 Y109.51 E.00819
G1 X112.383 Y109.746 E.00793
G1 X112.393 Y110.123 E.01253
G1 X112.344 Y110.498 E.01253
G1 X112.284 Y110.729 E.00793
G1 X112.197 Y110.96 E.00819
G1 X112.086 Y111.181 E.00819
G1 X111.954 Y111.389 E.00819
G1 X111.801 Y111.582 E.00819
G1 X111.634 Y111.754 E.00793
G1 X111.332 Y111.993 E.01279
G1 X111.127 Y112.116 E.00793
G1 X110.903 Y112.221 E.00819
G1 X110.67 Y112.302 E.00819
G1 X110.43 Y112.358 E.00819
G1 X110.185 Y112.39 E.00819
G1 X109.938 Y112.396 E.00819
G1 X109.692 Y112.377 E.00819
G1 X109.449 Y112.333 E.00819
G1 X109.212 Y112.264 E.00819
G1 X108.984 Y112.171 E.00819
G1 X108.766 Y112.055 E.00819
G1 X108.561 Y111.917 E.00819
G1 X108.372 Y111.759 E.00819
G1 X108.199 Y111.582 E.00819
G1 X108.046 Y111.389 E.00819
G1 X107.914 Y111.181 E.00819
G1 X107.803 Y110.96 E.00819
G1 X107.716 Y110.729 E.00819
G1 X107.654 Y110.49 E.00819
G1 X107.617 Y110.254 E.00793
G1 X107.607 Y109.877 E.01253
G1 X107.656 Y109.502 E.01253
G1 X107.716 Y109.271 E.00793
G1 X107.796 Y109.059 E.00752
M204 S2000
G1 E-.8 F3600
G1 X111.443 Y109.788 F18000
G1 E.8 F3600
M204 S1000
;TYPE:Outer wall
;WIDTH:0.42
G1 F1200
G1 X111.404 Y109.599 E.00593
G1 X111.323 Y109.381 E.00713
G1 X111.206 Y109.176 E.00726
G1 X110.984 Y108.92 E.01043
G1 X110.793 Y108.773 E.00739
G1 X110.488 Y108.623 E.01043
G1 X110.256 Y108.562 E.00739
G1 X109.913 Y108.541 E.01056
G1 X109.575 Y108.602 E.01056
G1 X109.353 Y108.69 E.00733
G1 X109.116 Y108.838 E.00859
G1 X108.898 Y109.041 E.00914
G1 X108.735 Y109.271 E.00868
G1 X108.613 Y109.54 E.00907
G1 X108.557 Y109.773 E.00735
G1 X108.543 Y110.116 E.01056
G1 X108.611 Y110.455 E.01063
G1 X108.727 Y110.714 E.00872
G1 X108.896 Y110.957 E.00907
G1 X109.067 Y111.124 E.00735
G1 X109.351 Y111.309 E.01043
G1 X109.575 Y111.398 E.00739
G1 X109.909 Y111.458 E.01043
G1 X110.145 Y111.453 E.00726
G1 X110.378 Y111.411 E.00726
G1 X110.695 Y111.285 E.0105
G1 X110.93 Y111.126 E.00872
G1 X111.141 Y110.913 E.0092
G1 X111.322 Y110.623 E.01052
G1 X111.404 Y110.401 E.00726
G1 X111.451 Y110.17 E.00726
G1 X111.451 Y109.83 E.01043
G1 X111.447 Y109.807 E.00072
M204 S2000
G1 X111.837 Y109.758 F18000
M204 S1500
;TYPE:Inner wall
;WIDTH:0.45
G1 F1200
G1 X111.783 Y109.491 E.00906
G1 X111.679 Y109.215 E.00977
G1 X111.528 Y108.948 E.01017
G1 X111.254 Y108.633 E.01385
G1 X111.001 Y108.438 E.01057
G1 X110.626 Y108.254 E.01385
G1 X110.318 Y108.173 E.01057
G1 X109.889 Y108.147 E.01426
G1 X109.466 Y108.223 E.01426
G1 X109.176 Y108.339 E.01038
G1 X108.876 Y108.525 E.01169
G1 X108.601 Y108.781 E.01246
G1 X108.393 Y109.076 E.01196
G1 X108.241 Y109.412 E.01225
G1 X108.167 Y109.718 E.01044
G1 X108.149 Y110.147 E.01426
G1 X108.236 Y110.575 E.01447
G1 X108.384 Y110.908 E.01209
G1 X108.595 Y111.211 E.01225
G1 X108.82 Y111.431 E.01044
G1 X109.17 Y111.659 E.01385
G1 X109.466 Y111.777 E.01057
G1 X109.877 Y111.851 E.01385
G1 X110.184 Y111.845 E.01017
G1 X110.486 Y111.79 E.01017
G1 X110.88 Y111.634 E.01406
G1 X111.181 Y111.429 E.01209
G1 X111.45 Y111.158 E.01265
G1 X111.675 Y110.797 E.01412
G1 X111.783 Y110.509 E.01017
G1 X111.843 Y110.209 E.01017
G1 X111.843 Y109.791 E.01385
G1 X111.841 Y109.778 E.00045
G1 E-.8 F3600
M204 S2000
G1 X112.102 Y109.721 F18000
G1 E.8 F3600
;TYPE:Gap infill
;WIDTH:0.177473
G1 F1200
G1 X112.023 Y109.354 E.00412
G1 X111.847 Y108.955 E.00479
G1 X111.592 Y108.601 E.00478
G1 X111.274 Y108.302 E.00478
G1 X110.899 Y108.08 E.00478
G1 X110.487 Y107.934 E.00479
G1 X110.108 Y107.883 E.0042
G1 X109.866 Y107.881 E.00265
G1 X109.387 Y107.968 E.00534
G1 X109.051 Y108.104 E.00398
G1 X108.71 Y108.318 E.00441
G1 X108.397 Y108.611 E.0047
G1 X108.165 Y108.938 E.0044
G1 X107.991 Y109.32 E.0046
G1 X107.901 Y109.687 E.00414
G1 X107.882 Y110.161 E.0052
G1 X107.974 Y110.647 E.00542
G1 X108.15 Y111.047 E.00479
G1 X108.393 Y111.39 E.00461
G1 X108.658 Y111.644 E.00402
G1 X109.052 Y111.901 E.00516
G1 X109.399 Y112.035 E.00408
G1 X109.862 Y112.118 E.00516
G1 X110.215 Y112.109 E.00387
G1 X110.565 Y112.044 E.0039
G1 X110.799 Y111.964 E.00271
G1 X111.01 Y111.865 E.00256
G1 X111.357 Y111.631 E.00459
G1 X111.664 Y111.318 E.0048
G1 X111.919 Y110.909 E.00528
G1 X112.04 Y110.578 E.00387
G1 X112.11 Y110.229 E.0039
G1 X112.113 Y109.772 E.00501
G1 X112.107 Y109.741 E.00035
; stop printing object separador_timon.stl id:0 copy 0
; printing object "separador_timon.stl" id:1 copy 0
G1 E-.8 F3600
G1 X107.456 Y134.957 F18000
G1 E.8 F3600
M204 S1000
;TYPE:Outer wall
;WIDTH:0.42
G1 F1200
G1 X107.577 Y134.717 E.00825
G1 X107.731 Y134.475 E.00883
G1 X107.909 Y134.25 E.00883
G1 X108.109 Y134.044 E.00883
G1 X108.33 Y133.86 E.00883
G1 X108.568 Y133.7 E.00882
G1 X108.822 Y133.565 E.00883
G1 X109.088 Y133.456 E.00883
G1 X109.364 Y133.376 E.00883
G1 X109.646 Y133.325 E.00883
G1 X110.146 Y133.306 E.01538
G1 X110.645 Y133.376 E.01548
G1 X110.921 Y133.456 E.00883
G1 X111.187 Y133.565 E.00883
G1 X111.441 Y133.7 E.00883
G1 X111.679 Y133.86 E.00883
G1 X111.899 Y134.044 E.00883
G1 X112.1 Y134.25 E.00883
G1 X112.278 Y134.475 E.00883
G1 X112.432 Y134.717 E.00883
G1 X112.561 Y134.974 E.00882
G1 X112.662 Y135.243 E.00883
G1 X112.735 Y135.521 E.00883
G1 X112.779 Y135.802 E.00874
G1 X112.79 Y136.235 E.01331
G1 X112.734 Y136.665 E.01331
G1 X112.662 Y136.94 E.00874
G1 X112.561 Y137.208 E.00883
G1 X112.432 Y137.465 E.00883
G1 X112.278 Y137.708 E.00883
G1 X112.1 Y137.933 E.00883
G1 X111.901 Y138.137 E.00874
G1 X111.559 Y138.407 E.0134
G1 X111.315 Y138.554 E.00874
G1 X111.055 Y138.675 E.00883
G1 X110.784 Y138.77 E.00882
G1 X110.505 Y138.836 E.00883
G1 X110.22 Y138.873 E.00883
G1 X109.933 Y138.88 E.00883
G1 X109.646 Y138.858 E.00883
G1 X109.364 Y138.806 E.00883
G1 X109.088 Y138.726 E.00883
G1 X108.822 Y138.618 E.00883
G1 X108.568 Y138.483 E.00883
G1 X108.33 Y138.323 E.00883
G1 X108.109 Y138.139 E.00883
G1 X107.909 Y137.933 E.00883
G1 X107.731 Y137.708 E.00883
G1 X107.577 Y137.465 E.00883
G1 X107.448 Y137.208 E.00882
G1 X107.347 Y136.94 E.00883
G1 X107.274 Y136.662 E.00883
G1 X107.23 Y136.381 E.00874
G1 X107.219 Y135.948 E.01331
G1 X107.274 Y135.518 E.01331
G1 X107.347 Y135.243 E.00874
G1 X107.448 Y134.975 E.00878
M204 S2000
G1 X107.808 Y135.131 F18000
M204 S1500
;TYPE:Inner wall
;WIDTH:0.45
G1 F1200
G1 X107.918 Y134.911 E.00819
G1 X108.051 Y134.702 E.00819
G1 X108.204 Y134.509 E.00819
G1 X108.376 Y134.332 E.00819
G1 X108.566 Y134.174 E.00819
G1 X108.77 Y134.036 E.00819
G1 X108.988 Y133.92 E.00819
G1 X109.217 Y133.827 E.00819
G1 X109.454 Y133.758 E.00819
G1 X109.697 Y133.714 E.00819
G1 X110.126 Y133.698 E.01426
G1 X110.555 Y133.758 E.01437
G1 X110.792 Y133.827 E.00819
G1 X111.021 Y133.92 E.00819
G1 X111.238 Y134.036 E.00819
G1 X111.443 Y134.174 E.00819
G1 X111.633 Y134.332 E.00819
G1 X111.805 Y134.509 E.00819
G1 X111.958 Y134.702 E.00819
G1 X112.091 Y134.911 E.00819
G1 X112.201 Y135.131 E.00819
G1 X112.288 Y135.362 E.00819
G1 X112.351 Y135.601 E.00819
G1 X112.388 Y135.837 E.00793
G1 X112.397 Y136.215 E.01253
G1 X112.349 Y136.589 E.01253
G1 X112.288 Y136.82 E.00793
G1 X112.201 Y137.051 E.00819
G1 X112.091 Y137.272 E.00819
G1 X111.958 Y137.48 E.00819
G1 X111.805 Y137.674 E.00819
G1 X111.638 Y137.845 E.00793
G1 X111.336 Y138.084 E.01279
G1 X111.131 Y138.207 E.00793
G1 X110.907 Y138.312 E.00819
G1 X110.674 Y138.393 E.00819
G1 X110.434 Y138.45 E.00819
G1 X110.189 Y138.481 E.00819
G1 X109.943 Y138.488 E.00819
G1 X109.697 Y138.469 E.00819
G1 X109.454 Y138.424 E.00819
G1 X109.217 Y138.355 E.00819
G1 X108.988 Y138.262 E.00819
G1 X108.77 Y138.146 E.00819
G1 X108.566 Y138.009 E.00819
G1 X108.376 Y137.85 E.00819
G1 X108.204 Y137.674 E.00819
G1 X108.051 Y137.48 E.00819
G1 X107.918 Y137.272 E.00819
G1 X107.808 Y137.051 E.00819
G1 X107.721 Y136.82 E.00819
G1 X107.658 Y136.582 E.00819
G1 X107.621 Y136.345 E.00793
G1 X107.611 Y135.968 E.01253
G1 X107.66 Y135.593 E.01253
G1 X107.721 Y135.362 E.00793
G1 X107.801 Y135.15 E.00752
M204 S2000
G1 E-.8 F3600
G1 X111.447 Y135.879 F18000
G1 E.8 F3600
M204 S1000
;TYPE:Outer wall
;WIDTH:0.42
G1 F1200
G1 X111.409 Y135.69 E.00593
G1 X111.328 Y135.473 E.00713
G1 X111.211 Y135.267 E.00726
G1 X110.988 Y135.011 E.01043
G1 X110.797 Y134.864 E.00739
G1 X110.493 Y134.714 E.01043
G1 X110.26 Y134.653 E.00739
G1 X109.917 Y134.632 E.01056
G1 X109.579 Y134.694 E.01056
G1 X109.357 Y134.782 E.00733
G1 X109.12 Y134.929 E.00859
G1 X108.902 Y135.132 E.00914
G1 X108.739 Y135.363 E.00868
G1 X108.618 Y135.632 E.00907
G1 X108.561 Y135.864 E.00735
G1 X108.547 Y136.207 E.01056
G1 X108.616 Y136.546 E.01063
G1 X108.731 Y136.806 E.00872
G1 X108.9 Y137.048 E.00907
G1 X109.071 Y137.215 E.00735
G1 X109.356 Y137.4 E.01043
G1 X109.579 Y137.489 E.00739
G1 X109.913 Y137.549 E.01043
G1 X110.149 Y137.545 E.00726
G1 X110.382 Y137.503 E.00726
G1 X110.699 Y137.377 E.0105
G1 X110.934 Y137.217 E.00872
G1 X111.145 Y137.005 E.0092
G1 X111.326 Y136.714 E.01052
G1 X111.409 Y136.493 E.00726
G1 X111.455 Y136.261 E.00726
G1 X111.455 Y135.922 E.01043
G1 X111.451 Y135.899 E.00072
M204 S2000
G1 X111.841 Y135.85 F18000
M204 S1500
;TYPE:Inner wall
;WIDTH:0.45
G1 F1200
G1 X111.787 Y135.582 E.00906
G1 X111.684 Y135.306 E.00977
G1 X111.532 Y135.039 E.01017
G1 X111.258 Y134.724 E.01385
G1 X111.006 Y134.53 E.01057
G1 X110.631 Y134.345 E.01385
G1 X110.323 Y134.264 E.01057
G1 X109.894 Y134.238 E.01426
G1 X109.471 Y134.315 E.01426
G1 X109.18 Y134.43 E.01038
G1 X108.881 Y134.617 E.01169
G1 X108.606 Y134.872 E.01246
G1 X108.397 Y135.167 E.01196
G1 X108.245 Y135.503 E.01225
G1 X108.171 Y135.809 E.01044
G1 X108.154 Y136.239 E.01426
G1 X108.24 Y136.666 E.01447
G1 X108.388 Y136.999 E.01209
G1 X108.6 Y137.302 E.01225
G1 X108.824 Y137.523 E.01044
G1 X109.175 Y137.75 E.01385
G1 X109.471 Y137.868 E.01057
G1 X109.882 Y137.942 E.01385
G1 X110.188 Y137.936 E.01017
G1 X110.49 Y137.882 E.01017
G1 X110.884 Y137.725 E.01406
G1 X111.186 Y137.52 E.01209
G1 X111.455 Y137.249 E.01265
G1 X111.68 Y136.888 E.01412
G1 X111.787 Y136.601 E.01017
G1 X111.848 Y136.3 E.01017
G1 X111.848 Y135.882 E.01385
G1 X111.845 Y135.869 E.00045
M204 S2000
G1 X112.107 Y135.812 F18000
;TYPE:Gap infill
;WIDTH:0.177473
G1 F1200
G1 X112.027 Y135.445 E.00412
G1 X111.851 Y135.046 E.00479
G1 X111.597 Y134.692 E.00478
G1 X111.278 Y134.394 E.00478
G1 X110.903 Y134.171 E.00478
G1 X110.492 Y134.025 E.00479
G1 X110.112 Y133.974 E.0042
G1 X109.87 Y133.973 E.00265
G1 X109.391 Y134.059 E.00534
G1 X109.055 Y134.195 E.00398
G1 X108.714 Y134.409 E.00441
G1 X108.402 Y134.702 E.0047
G1 X108.169 Y135.03 E.0044
G1 X107.996 Y135.412 E.0046
G1 X107.905 Y135.778 E.00414
G1 X107.886 Y136.253 E.0052
G1 X107.979 Y136.738 E.00542
G1 X108.155 Y137.138 E.00479
G1 X108.397 Y137.482 E.00461
G1 X108.662 Y137.735 E.00402
G1 X109.057 Y137.992 E.00516
G1 X109.403 Y138.126 E.00408
G1 X109.867 Y138.209 E.00516
G1 X110.22 Y138.2 E.00387
G1 X110.569 Y138.135 E.0039
G1 X110.803 Y138.055 E.00271
G1 X111.014 Y137.956 E.00256
G1 X111.362 Y137.722 E.00459
G1 X111.668 Y137.409 E.0048
G1 X111.923 Y137.001 E.00528
G1 X112.045 Y136.669 E.00387
G1 X112.114 Y136.32 E.0039
G1 X112.118 Y135.863 E.00501
G1 X112.111 Y135.832 E.00035
; stop printing object separador_timon.stl id:1 copy 0
; end of layer_num: 31, T: 0, print_z: 6.240000
;LAYER_CHANGE
;Z:6.44
;HEIGHT:0.2
; BEFORE_LAYER_CHANGE 31 @ 6.44mm
G92 E0
; AFTER_LAYER_CHANGE 31 @ 6.44mm
; start of layer_num: 32, T: 0, print_z: 6.440000
; printing object "separador_timon.stl" id:0 copy 0
G1 E-.8 F3600
G1 X107.461 Y108.852 Z6.44 F18000
G1 E.8 F3600
M204 S1000
;TYPE:Outer wall
;WIDTH:0.42
G1 F1200
G1 X107.472 Y108.822 E.00099
G1 X107.726 Y108.384 E.01556
G1 X107.905 Y108.158 E.00882
G1 X108.105 Y107.953 E.00883
G1 X108.326 Y107.769 E.00883
G1 X108.564 Y107.608 E.00883
G1 X108.817 Y107.473 E.00883
G1 X109.083 Y107.365 E.00883
G1 X109.359 Y107.285 E.00883
G1 X109.642 Y107.233 E.00883
G1 X110.139 Y107.215 E.0153
G1 X110.641 Y107.285 E.01556
G1 X110.917 Y107.365 E.00883
G1 X111.183 Y107.473 E.00883
G1 X111.436 Y107.608 E.00883
G1 X111.674 Y107.769 E.00883
G1 X111.895 Y107.953 E.00883
G1 X112.095 Y108.158 E.00882
G1 X112.274 Y108.384 E.00883
G1 X112.428 Y108.626 E.00883
G1 X112.633 Y109.08 E.0153
G1 X112.756 Y109.571 E.01556
G1 X112.786 Y109.856 E.00883
G1 X112.786 Y110.144 E.00883
G1 X112.756 Y110.429 E.00883
G1 X112.698 Y110.71 E.00883
G1 X112.528 Y111.178 E.0153
G1 X112.274 Y111.616 E.01556
G1 X112.095 Y111.842 E.00882
G1 X111.897 Y112.045 E.00874
G1 X111.555 Y112.316 E.0134
G1 X111.311 Y112.462 E.00874
G1 X111.051 Y112.584 E.00883
G1 X110.78 Y112.679 E.00883
G1 X110.5 Y112.745 E.00883
G1 X110.215 Y112.781 E.00883
G1 X109.928 Y112.789 E.00883
G1 X109.642 Y112.767 E.00883
G1 X109.359 Y112.715 E.00883
G1 X109.083 Y112.635 E.00883
G1 X108.817 Y112.527 E.00883
G1 X108.564 Y112.392 E.00883
G1 X108.326 Y112.231 E.00883
G1 X107.956 Y111.898 E.0153
G1 X107.646 Y111.497 E.01556
G1 X107.505 Y111.247 E.00883
G1 X107.39 Y110.984 E.00883
G1 X107.302 Y110.71 E.00883
G1 X107.244 Y110.429 E.00883
G1 X107.214 Y110.144 E.00883
G1 X107.214 Y109.856 E.00883
G1 X107.244 Y109.571 E.00883
G1 X107.302 Y109.29 E.00883
G1 X107.454 Y108.871 E.01369
M204 S2000
G1 X107.828 Y108.988 F18000
M204 S1500
;TYPE:Inner wall
;WIDTH:0.45
G1 F1200
G1 X108.046 Y108.611 E.01444
G1 X108.199 Y108.418 E.00819
G1 X108.372 Y108.241 E.00819
G1 X108.561 Y108.083 E.00819
G1 X108.766 Y107.945 E.00819
G1 X108.984 Y107.829 E.00819
G1 X109.212 Y107.736 E.00819
G1 X109.449 Y107.667 E.00819
G1 X109.692 Y107.623 E.00819
G1 X110.119 Y107.606 E.01418
G1 X110.551 Y107.667 E.01444
G1 X110.788 Y107.736 E.00819
G1 X111.016 Y107.829 E.00819
G1 X111.234 Y107.945 E.00819
G1 X111.439 Y108.083 E.00819
G1 X111.628 Y108.241 E.00819
G1 X111.801 Y108.418 E.00819
G1 X111.954 Y108.611 E.00819
G1 X112.086 Y108.819 E.00819
G1 X112.262 Y109.209 E.01418
G1 X112.369 Y109.631 E.01444
G1 X112.394 Y109.877 E.00819
G1 X112.394 Y110.123 E.00819
G1 X112.369 Y110.369 E.00819
G1 X112.318 Y110.61 E.00819
G1 X112.172 Y111.012 E.01418
G1 X111.954 Y111.389 E.01444
G1 X111.801 Y111.582 E.00819
G1 X111.634 Y111.754 E.00793
G1 X111.332 Y111.993 E.01279
G1 X111.127 Y112.116 E.00793
G1 X110.903 Y112.221 E.00819
G1 X110.67 Y112.302 E.00819
G1 X110.43 Y112.358 E.00819
G1 X110.185 Y112.39 E.00819
G1 X109.938 Y112.396 E.00819
G1 X109.692 Y112.377 E.00819
G1 X109.449 Y112.333 E.00819
G1 X109.212 Y112.264 E.00819
G1 X108.984 Y112.171 E.00819
G1 X108.766 Y112.055 E.00819
G1 X108.561 Y111.917 E.00819
G1 X108.244 Y111.631 E.01418
G1 X107.977 Y111.287 E.01444
G1 X107.856 Y111.072 E.00819
G1 X107.757 Y110.846 E.00819
G1 X107.682 Y110.61 E.00819
G1 X107.631 Y110.369 E.00819
G1 X107.606 Y110.123 E.00819
G1 X107.606 Y109.877 E.00819
G1 X107.631 Y109.631 E.00819
G1 X107.682 Y109.39 E.00819
G1 X107.821 Y109.006 E.01352
M204 S2000
G1 E-.8 F3600
G1 X111.441 Y109.782 F18000
G1 E.8 F3600
M204 S1000
;TYPE:Outer wall
;WIDTH:0.42
G1 F1200
G1 X111.404 Y109.594 E.00588
G1 X111.272 Y109.282 E.01043
G1 X111.138 Y109.084 E.00733
G1 X110.941 Y108.884 E.00863
G1 X110.699 Y108.717 E.00903
G1 X110.484 Y108.622 E.00722
G1 X110.256 Y108.562 E.00726
G1 X109.913 Y108.541 E.01056
G1 X109.575 Y108.602 E.01056
G1 X109.353 Y108.69 E.00733
G1 X109.115 Y108.839 E.00863
G1 X108.898 Y109.041 E.0091
G1 X108.734 Y109.273 E.00872
G1 X108.612 Y109.544 E.00916
G1 X108.544 Y109.88 E.01052
G1 X108.544 Y110.116 E.00726
G1 X108.581 Y110.349 E.00726
G1 X108.701 Y110.669 E.0105
G1 X108.857 Y110.908 E.00876
G1 X109.064 Y111.122 E.00916
G1 X109.351 Y111.309 E.01052
G1 X109.575 Y111.398 E.00739
G1 X109.909 Y111.458 E.01043
G1 X110.145 Y111.453 E.00726
G1 X110.378 Y111.411 E.00726
G1 X110.697 Y111.285 E.01056
G1 X110.977 Y111.086 E.01056
G1 X111.142 Y110.911 E.00739
G1 X111.322 Y110.623 E.01043
G1 X111.404 Y110.401 E.00726
G1 X111.451 Y110.17 E.00726
G1 X111.451 Y109.83 E.01043
G1 X111.445 Y109.802 E.0009
M204 S2000
G1 X111.837 Y109.758 F18000
M204 S1500
;TYPE:Inner wall
;WIDTH:0.45
G1 F1200
G1 X111.78 Y109.479 E.00946
G1 X111.618 Y109.094 E.01385
G1 X111.443 Y108.835 E.01039
G1 X111.194 Y108.582 E.01174
G1 X110.891 Y108.374 E.0122
G1 X110.615 Y108.251 E.01004
G1 X110.318 Y108.173 E.01017
G1 X109.889 Y108.147 E.01426
G1 X109.466 Y108.223 E.01426
G1 X109.175 Y108.339 E.01039
G1 X108.875 Y108.526 E.01174
G1 X108.601 Y108.781 E.01242
G1 X108.392 Y109.077 E.01201
G1 X108.236 Y109.423 E.0126
G1 X108.152 Y109.841 E.01412
G1 X108.152 Y110.147 E.01017
G1 X108.2 Y110.45 E.01017
G1 X108.349 Y110.847 E.01407
G1 X108.549 Y111.154 E.01214
G1 X108.813 Y111.427 E.0126
G1 X109.17 Y111.659 E.01412
G1 X109.466 Y111.777 E.01057
G1 X109.877 Y111.851 E.01385
G1 X110.184 Y111.845 E.01017
G1 X110.486 Y111.79 E.01017
G1 X110.885 Y111.632 E.01426
G1 X111.236 Y111.383 E.01426
G1 X111.454 Y111.151 E.01057
G1 X111.675 Y110.797 E.01385
G1 X111.783 Y110.509 E.01017
G1 X111.843 Y110.209 E.01017
G1 X111.843 Y109.791 E.01385
G1 X111.841 Y109.778 E.00045
G1 E-.8 F3600
M204 S2000
G1 X112.102 Y109.724 F18000
G1 E.8 F3600
;TYPE:Gap infill
;WIDTH:0.178572
G1 F1200
G1 X112.034 Y109.394 E.00373
G1 X111.853 Y108.959 E.00521
G1 X111.594 Y108.599 E.0049
G1 X111.273 Y108.303 E.00482
G1 X110.9 Y108.078 E.00482
G1 X110.487 Y107.934 E.00483
G1 X110.105 Y107.883 E.00426
G1 X109.728 Y107.896 E.00417
G1 X109.302 Y107.995 E.00483
G1 X108.908 Y108.181 E.00482
G1 X108.559 Y108.444 E.00482
G1 X108.271 Y108.771 E.00483
G1 X108.078 Y109.104 E.00426
G1 X107.948 Y109.459 E.00417
G1 X107.886 Y109.808 E.00391
G1 X107.887 Y110.173 E.00404
G1 X107.945 Y110.524 E.00393
G1 X108.016 Y110.748 E.0026
G1 X108.109 Y110.961 E.00257
G1 X108.344 Y111.325 E.00479
G1 X108.649 Y111.638 E.00483
G1 X109.052 Y111.901 E.00532
G1 X109.399 Y112.035 E.00411
G1 X109.862 Y112.118 E.0052
G1 X110.38 Y112.088 E.00574
G1 X110.799 Y111.964 E.00482
G1 X111.005 Y111.868 E.00252
G1 X111.176 Y111.764 E.00221
G1 X111.418 Y111.582 E.00335
G1 X111.67 Y111.309 E.00411
G1 X111.921 Y110.91 E.00521
G1 X112.054 Y110.541 E.00433
G1 X112.109 Y110.229 E.00351
G1 X112.109 Y109.758 E.0052
G1 X112.106 Y109.744 E.00016
; stop printing object separador_timon.stl id:0 copy 0
; printing object "separador_timon.stl" id:1 copy 0
G1 E-.8 F3600
G1 X107.466 Y134.943 F18000
G1 E.8 F3600
M204 S1000
;TYPE:Outer wall
;WIDTH:0.42
G1 F1200
G1 X107.477 Y134.913 E.00099
G1 X107.731 Y134.475 E.01556
G1 X107.909 Y134.25 E.00882
G1 X108.109 Y134.044 E.00883
G1 X108.33 Y133.86 E.00883
G1 X108.568 Y133.7 E.00883
G1 X108.822 Y133.565 E.00883
G1 X109.088 Y133.456 E.00883
G1 X109.364 Y133.376 E.00883
G1 X109.646 Y133.325 E.00883
G1 X110.144 Y133.306 E.0153
G1 X110.645 Y133.376 E.01556
G1 X110.921 Y133.456 E.00883
G1 X111.187 Y133.565 E.00883
G1 X111.441 Y133.7 E.00883
G1 X111.679 Y133.86 E.00883
G1 X111.899 Y134.044 E.00883
G1 X112.1 Y134.25 E.00882
G1 X112.278 Y134.475 E.00883
G1 X112.432 Y134.717 E.00883
G1 X112.637 Y135.171 E.0153
G1 X112.761 Y135.662 E.01556
G1 X112.79 Y135.948 E.00883
G1 X112.79 Y136.235 E.00883
G1 X112.761 Y136.521 E.00883
G1 X112.702 Y136.802 E.00883
G1 X112.532 Y137.27 E.0153
G1 X112.278 Y137.708 E.01556
G1 X112.1 Y137.933 E.00882
G1 X111.901 Y138.137 E.00874
G1 X111.559 Y138.407 E.0134
G1 X111.315 Y138.554 E.00874
G1 X111.055 Y138.675 E.00883
G1 X110.784 Y138.77 E.00883
G1 X110.505 Y138.836 E.00883
G1 X110.22 Y138.873 E.00883
G1 X109.933 Y138.88 E.00883
G1 X109.646 Y138.858 E.00883
G1 X109.364 Y138.806 E.00883
G1 X109.088 Y138.726 E.00883
G1 X108.822 Y138.618 E.00883
G1 X108.568 Y138.483 E.00883
G1 X108.33 Y138.323 E.00883
G1 X107.961 Y137.989 E.0153
G1 X107.65 Y137.588 E.01556
G1 X107.509 Y137.339 E.00883
G1 X107.394 Y137.075 E.00883
G1 X107.307 Y136.802 E.00883
G1 X107.248 Y136.521 E.00883
G1 X107.218 Y136.235 E.00883
G1 X107.218 Y135.948 E.00883
G1 X107.248 Y135.662 E.00883
G1 X107.307 Y135.381 E.00883
G1 X107.459 Y134.962 E.01369
M204 S2000
G1 X107.832 Y135.079 F18000
M204 S1500
;TYPE:Inner wall
;WIDTH:0.45
G1 F1200
G1 X108.051 Y134.702 E.01444
G1 X108.204 Y134.509 E.00819
G1 X108.376 Y134.332 E.00819
G1 X108.566 Y134.174 E.00819
G1 X108.77 Y134.036 E.00819
G1 X108.988 Y133.92 E.00819
G1 X109.217 Y133.827 E.00819
G1 X109.454 Y133.758 E.00819
G1 X109.697 Y133.714 E.00819
G1 X110.124 Y133.698 E.01418
G1 X110.555 Y133.758 E.01444
G1 X110.792 Y133.827 E.00819
G1 X111.021 Y133.92 E.00819
G1 X111.238 Y134.036 E.00819
G1 X111.443 Y134.174 E.00819
G1 X111.633 Y134.332 E.00819
G1 X111.805 Y134.509 E.00819
G1 X111.958 Y134.702 E.00819
G1 X112.091 Y134.911 E.00819
G1 X112.267 Y135.3 E.01418
G1 X112.373 Y135.722 E.01444
G1 X112.398 Y135.968 E.00819
G1 X112.398 Y136.215 E.00819
G1 X112.373 Y136.46 E.00819
G1 X112.322 Y136.702 E.00819
G1 X112.177 Y137.104 E.01418
G1 X111.958 Y137.48 E.01444
G1 X111.805 Y137.674 E.00819
G1 X111.638 Y137.845 E.00793
G1 X111.336 Y138.084 E.01279
G1 X111.131 Y138.207 E.00793
G1 X110.907 Y138.312 E.00819
G1 X110.674 Y138.393 E.00819
G1 X110.434 Y138.45 E.00819
G1 X110.189 Y138.481 E.00819
G1 X109.943 Y138.488 E.00819
G1 X109.697 Y138.469 E.00819
G1 X109.454 Y138.424 E.00819
G1 X109.217 Y138.355 E.00819
G1 X108.988 Y138.262 E.00819
G1 X108.77 Y138.146 E.00819
G1 X108.566 Y138.009 E.00819
G1 X108.248 Y137.722 E.01418
G1 X107.982 Y137.378 E.01444
G1 X107.86 Y137.163 E.00819
G1 X107.761 Y136.937 E.00819
G1 X107.686 Y136.702 E.00819
G1 X107.636 Y136.46 E.00819
G1 X107.61 Y136.215 E.00819
G1 X107.61 Y135.968 E.00819
G1 X107.636 Y135.722 E.00819
G1 X107.686 Y135.481 E.00819
G1 X107.825 Y135.098 E.01352
M204 S2000
G1 E-.8 F3600
G1 X111.446 Y135.873 F18000
G1 E.8 F3600
M204 S1000
;TYPE:Outer wall
;WIDTH:0.42
G1 F1200
G1 X111.408 Y135.686 E.00588
G1 X111.277 Y135.373 E.01043
G1 X111.143 Y135.175 E.00733
G1 X110.946 Y134.975 E.00863
G1 X110.703 Y134.809 E.00903
G1 X110.489 Y134.713 E.00722
G1 X110.26 Y134.653 E.00726
G1 X109.917 Y134.632 E.01056
G1 X109.579 Y134.694 E.01056
G1 X109.357 Y134.782 E.00733
G1 X109.119 Y134.93 E.00863
G1 X108.902 Y135.132 E.0091
G1 X108.739 Y135.364 E.00872
G1 X108.616 Y135.636 E.00916
G1 X108.548 Y135.971 E.01052
G1 X108.548 Y136.207 E.00726
G1 X108.586 Y136.441 E.00726
G1 X108.705 Y136.761 E.0105
G1 X108.861 Y137 E.00876
G1 X109.069 Y137.214 E.00916
G1 X109.356 Y137.4 E.01052
G1 X109.579 Y137.489 E.00739
G1 X109.913 Y137.549 E.01043
G1 X110.149 Y137.545 E.00726
G1 X110.382 Y137.503 E.00726
G1 X110.701 Y137.376 E.01056
G1 X110.982 Y137.177 E.01056
G1 X111.147 Y137.002 E.00739
G1 X111.326 Y136.714 E.01043
G1 X111.409 Y136.493 E.00726
G1 X111.455 Y136.261 E.00726
G1 X111.455 Y135.922 E.01043
G1 X111.45 Y135.893 E.0009
M204 S2000
G1 X111.841 Y135.85 F18000
M204 S1500
;TYPE:Inner wall
;WIDTH:0.45
G1 F1200
G1 X111.785 Y135.57 E.00946
G1 X111.623 Y135.185 E.01385
G1 X111.447 Y134.926 E.01039
G1 X111.199 Y134.673 E.01174
G1 X110.896 Y134.465 E.0122
G1 X110.619 Y134.342 E.01004
G1 X110.323 Y134.264 E.01017
G1 X109.894 Y134.238 E.01426
G1 X109.471 Y134.315 E.01426
G1 X109.18 Y134.43 E.01039
G1 X108.879 Y134.618 E.01174
G1 X108.605 Y134.873 E.01242
G1 X108.397 Y135.168 E.01201
G1 X108.24 Y135.515 E.0126
G1 X108.156 Y135.932 E.01412
G1 X108.156 Y136.239 E.01017
G1 X108.205 Y136.541 E.01017
G1 X108.353 Y136.939 E.01407
G1 X108.553 Y137.245 E.01214
G1 X108.818 Y137.518 E.0126
G1 X109.175 Y137.75 E.01412
G1 X109.471 Y137.868 E.01057
G1 X109.882 Y137.942 E.01385
G1 X110.188 Y137.936 E.01017
G1 X110.49 Y137.882 E.01017
G1 X110.89 Y137.723 E.01426
G1 X111.24 Y137.475 E.01426
G1 X111.459 Y137.243 E.01057
G1 X111.68 Y136.888 E.01385
G1 X111.787 Y136.601 E.01017
G1 X111.848 Y136.3 E.01017
G1 X111.848 Y135.882 E.01385
G1 X111.845 Y135.869 E.00045
M204 S2000
G1 X112.106 Y135.816 F18000
;TYPE:Gap infill
;WIDTH:0.178572
G1 F1200
G1 X112.039 Y135.485 E.00373
G1 X111.858 Y135.05 E.00521
G1 X111.599 Y134.69 E.0049
G1 X111.278 Y134.394 E.00482
G1 X110.904 Y134.169 E.00482
G1 X110.492 Y134.025 E.00483
G1 X110.11 Y133.974 E.00426
G1 X109.732 Y133.988 E.00417
G1 X109.307 Y134.086 E.00483
G1 X108.912 Y134.273 E.00482
G1 X108.564 Y134.535 E.00482
G1 X108.275 Y134.863 E.00483
G1 X108.082 Y135.196 E.00426
G1 X107.953 Y135.55 E.00417
G1 X107.891 Y135.899 E.00391
G1 X107.891 Y136.265 E.00404
G1 X107.95 Y136.615 E.00393
G1 X108.021 Y136.839 E.0026
G1 X108.114 Y137.052 E.00257
G1 X108.348 Y137.417 E.00479
G1 X108.653 Y137.729 E.00483
G1 X109.057 Y137.992 E.00532
G1 X109.403 Y138.126 E.00411
G1 X109.867 Y138.209 E.0052
G1 X110.385 Y138.179 E.00574
G1 X110.803 Y138.055 E.00482
G1 X111.01 Y137.959 E.00252
G1 X111.18 Y137.855 E.00221
G1 X111.422 Y137.673 E.00335
G1 X111.674 Y137.401 E.00411
G1 X111.925 Y137.001 E.00521
G1 X112.058 Y136.633 E.00433
G1 X112.114 Y136.32 E.00351
G1 X112.113 Y135.85 E.0052
G1 X112.11 Y135.835 E.00016
; stop printing object separador_timon.stl id:1 copy 0
; end of layer_num: 32, T: 0, print_z: 6.440000
;LAYER_CHANGE
;Z:6.64
;HEIGHT:0.2
; BEFORE_LAYER_CHANGE 32 @ 6.64mm
G92 E0
; AFTER_LAYER_CHANGE 32 @ 6.64mm
; start of layer_num: 33, T: 0, print_z: 6.640000
; printing object "separador_timon.stl" id:0 copy 0
G1 E-.8 F3600
G1 X107.452 Y108.867 Z6.64 F18000
G1 E.8 F3600
M204 S1000
;TYPE:Outer wall
;WIDTH:0.42
G1 F1200
G1 X107.572 Y108.626 E.00827
G1 X107.726 Y108.384 E.00883
G1 X107.905 Y108.158 E.00883
G1 X108.105 Y107.953 E.00883
G1 X108.326 Y107.769 E.00883
G1 X108.564 Y107.608 E.00883
G1 X108.817 Y107.473 E.00883
G1 X109.083 Y107.365 E.00883
G1 X109.359 Y107.285 E.00883
G1 X109.642 Y107.233 E.00883
G1 X110.137 Y107.214 E.01522
G1 X110.641 Y107.285 E.01563
G1 X110.917 Y107.365 E.00883
G1 X111.183 Y107.473 E.00883
G1 X111.436 Y107.608 E.00883
G1 X111.674 Y107.769 E.00883
G1 X111.895 Y107.953 E.00883
G1 X112.095 Y108.158 E.00883
G1 X112.274 Y108.384 E.00883
G1 X112.428 Y108.626 E.00883
G1 X112.556 Y108.883 E.00883
G1 X112.658 Y109.152 E.00883
G1 X112.731 Y109.429 E.00883
G1 X112.775 Y109.71 E.00874
G1 X112.786 Y110.146 E.0134
G1 X112.716 Y110.634 E.01514
G1 X112.556 Y111.117 E.01563
G1 X112.428 Y111.374 E.00883
G1 X112.274 Y111.616 E.00883
G1 X112.095 Y111.842 E.00883
G1 X111.895 Y112.047 E.00883
G1 X111.674 Y112.231 E.00883
G1 X111.436 Y112.392 E.00883
G1 X110.99 Y112.607 E.01522
G1 X110.5 Y112.745 E.01563
G1 X110.215 Y112.781 E.00883
G1 X109.928 Y112.789 E.00883
G1 X109.642 Y112.767 E.00883
G1 X109.359 Y112.715 E.00883
G1 X109.083 Y112.635 E.00883
G1 X108.817 Y112.527 E.00883
G1 X108.564 Y112.392 E.00883
G1 X108.326 Y112.231 E.00883
G1 X108.105 Y112.047 E.00883
G1 X107.905 Y111.842 E.00883
G1 X107.726 Y111.616 E.00883
G1 X107.572 Y111.374 E.00883
G1 X107.444 Y111.117 E.00883
G1 X107.342 Y110.848 E.00883
G1 X107.269 Y110.571 E.00883
G1 X107.225 Y110.29 E.00874
G1 X107.214 Y109.854 E.0134
G1 X107.284 Y109.366 E.01514
G1 X107.443 Y108.885 E.01557
M204 S2000
G1 X107.803 Y109.04 F18000
M204 S1500
;TYPE:Inner wall
;WIDTH:0.45
G1 F1200
G1 X107.914 Y108.819 E.00819
G1 X108.046 Y108.611 E.00819
G1 X108.199 Y108.418 E.00819
G1 X108.372 Y108.241 E.00819
G1 X108.561 Y108.083 E.00819
G1 X108.766 Y107.945 E.00819
G1 X108.984 Y107.829 E.00819
G1 X109.212 Y107.736 E.00819
G1 X109.449 Y107.667 E.00819
G1 X109.692 Y107.623 E.00819
G1 X110.117 Y107.606 E.0141
G1 X110.551 Y107.667 E.01452
G1 X110.788 Y107.736 E.00819
G1 X111.016 Y107.829 E.00819
G1 X111.234 Y107.945 E.00819
G1 X111.439 Y108.083 E.00819
G1 X111.628 Y108.241 E.00819
G1 X111.801 Y108.418 E.00819
G1 X111.954 Y108.611 E.00819
G1 X112.086 Y108.819 E.00819
G1 X112.197 Y109.04 E.00819
G1 X112.284 Y109.271 E.00819
G1 X112.346 Y109.51 E.00819
G1 X112.383 Y109.746 E.00793
G1 X112.393 Y110.131 E.01279
G1 X112.334 Y110.544 E.01385
G1 X112.197 Y110.96 E.01452
G1 X112.086 Y111.181 E.00819
G1 X111.954 Y111.389 E.00819
G1 X111.801 Y111.582 E.00819
G1 X111.628 Y111.759 E.00819
G1 X111.439 Y111.917 E.00819
G1 X111.234 Y112.055 E.00819
G1 X110.851 Y112.24 E.0141
G1 X110.43 Y112.358 E.01452
G1 X110.185 Y112.39 E.00819
G1 X109.938 Y112.396 E.00819
G1 X109.692 Y112.377 E.00819
G1 X109.449 Y112.333 E.00819
G1 X109.212 Y112.264 E.00819
G1 X108.984 Y112.171 E.00819
G1 X108.766 Y112.055 E.00819
G1 X108.561 Y111.917 E.00819
G1 X108.372 Y111.759 E.00819
G1 X108.199 Y111.582 E.00819
G1 X108.046 Y111.389 E.00819
G1 X107.914 Y111.181 E.00819
G1 X107.803 Y110.96 E.00819
G1 X107.716 Y110.729 E.00819
G1 X107.654 Y110.49 E.00819
G1 X107.617 Y110.254 E.00793
G1 X107.607 Y109.869 E.01279
G1 X107.666 Y109.456 E.01385
G1 X107.797 Y109.059 E.01386
M204 S2000
G1 E-.8 F3600
G1 X111.44 Y109.774 F18000
G1 E.8 F3600
M204 S1000
;TYPE:Outer wall
;WIDTH:0.42
G1 F1200
G1 X111.404 Y109.599 E.0055
G1 X111.322 Y109.379 E.0072
G1 X111.177 Y109.137 E.00868
G1 X110.98 Y108.916 E.00912
G1 X110.7 Y108.718 E.01051
G1 X110.484 Y108.622 E.00726
G1 X110.256 Y108.562 E.00726
G1 X109.913 Y108.541 E.01056
G1 X109.575 Y108.602 E.01056
G1 X109.355 Y108.689 E.00726
G1 X109.152 Y108.81 E.00726
G1 X108.9 Y109.038 E.01043
G1 X108.757 Y109.232 E.00739
G1 X108.614 Y109.539 E.01043
G1 X108.557 Y109.773 E.00739
G1 X108.543 Y110.112 E.01043
G1 X108.581 Y110.349 E.00739
G1 X108.7 Y110.667 E.01043
G1 X108.827 Y110.872 E.00739
G1 X109.063 Y111.122 E.01056
G1 X109.351 Y111.309 E.01056
G1 X109.575 Y111.398 E.00739
G1 X109.909 Y111.458 E.01043
G1 X110.147 Y111.453 E.00733
G1 X110.424 Y111.397 E.00868
G1 X110.698 Y111.284 E.00912
G1 X110.977 Y111.086 E.01051
G1 X111.142 Y110.911 E.00739
G1 X111.322 Y110.623 E.01043
G1 X111.404 Y110.401 E.00726
G1 X111.451 Y110.17 E.00726
G1 X111.451 Y109.83 E.01043
G1 X111.444 Y109.794 E.00115
M204 S2000
G1 X111.837 Y109.758 F18000
M204 S1500
;TYPE:Inner wall
;WIDTH:0.45
G1 F1200
G1 X111.783 Y109.491 E.00906
G1 X111.677 Y109.208 E.00999
G1 X111.495 Y108.903 E.01179
G1 X111.242 Y108.621 E.01255
G1 X110.895 Y108.375 E.01411
G1 X110.615 Y108.251 E.01017
G1 X110.318 Y108.173 E.01017
G1 X109.889 Y108.147 E.01426
G1 X109.466 Y108.223 E.01426
G1 X109.181 Y108.337 E.01017
G1 X108.918 Y108.493 E.01017
G1 X108.608 Y108.774 E.01385
G1 X108.419 Y109.03 E.01057
G1 X108.242 Y109.408 E.01385
G1 X108.167 Y109.718 E.01057
G1 X108.15 Y110.135 E.01385
G1 X108.2 Y110.45 E.01057
G1 X108.347 Y110.841 E.01385
G1 X108.515 Y111.112 E.01057
G1 X108.81 Y111.425 E.01426
G1 X109.17 Y111.659 E.01426
G1 X109.466 Y111.777 E.01057
G1 X109.877 Y111.851 E.01385
G1 X110.191 Y111.845 E.01039
G1 X110.539 Y111.774 E.01179
G1 X110.889 Y111.629 E.01255
G1 X111.236 Y111.383 E.01411
G1 X111.454 Y111.151 E.01057
G1 X111.675 Y110.797 E.01385
G1 X111.783 Y110.509 E.01017
G1 X111.843 Y110.209 E.01017
G1 X111.843 Y109.791 E.01385
G1 X111.841 Y109.778 E.00045
G1 E-.8 F3600
M204 S2000
G1 X112.102 Y109.721 F18000
G1 E.8 F3600
;TYPE:Gap infill
;WIDTH:0.178398
G1 F1200
G1 X112.023 Y109.354 E.00414
G1 X111.846 Y108.955 E.00482
G1 X111.593 Y108.6 E.00482
G1 X111.414 Y108.419 E.00281
G1 X111.032 Y108.147 E.00517
G1 X110.698 Y107.998 E.00403
G1 X110.354 Y107.908 E.00393
G1 X109.866 Y107.881 E.0054
G1 X109.387 Y107.968 E.00538
G1 X109.059 Y108.1 E.0039
G1 X108.755 Y108.283 E.00392
G1 X108.56 Y108.444 E.00279
G1 X108.407 Y108.6 E.00241
G1 X108.187 Y108.899 E.0041
G1 X107.988 Y109.326 E.0052
G1 X107.901 Y109.687 E.0041
G1 X107.882 Y110.145 E.00506
G1 X107.944 Y110.524 E.00424
G1 X108.11 Y110.965 E.0052
G1 X108.308 Y111.279 E.0041
G1 X108.645 Y111.634 E.0054
G1 X109.052 Y111.901 E.00538
G1 X109.399 Y112.035 E.0041
G1 X109.862 Y112.118 E.0052
G1 X110.214 Y112.11 E.00389
G1 X110.623 Y112.028 E.0046
G1 X111.024 Y111.86 E.0048
G1 X111.418 Y111.582 E.00532
G1 X111.67 Y111.309 E.0041
G1 X111.919 Y110.909 E.0052
G1 X112.042 Y110.578 E.0039
G1 X112.11 Y110.229 E.00393
G1 X112.114 Y109.772 E.00505
G1 X112.107 Y109.741 E.00035
; stop printing object separador_timon.stl id:0 copy 0
; printing object "separador_timon.stl" id:1 copy 0
G1 E-.8 F3600
G1 X107.456 Y134.958 F18000
G1 E.8 F3600
M204 S1000
;TYPE:Outer wall
;WIDTH:0.42
G1 F1200
G1 X107.577 Y134.717 E.00827
G1 X107.731 Y134.475 E.00883
G1 X107.909 Y134.25 E.00883
G1 X108.109 Y134.044 E.00883
G1 X108.33 Y133.86 E.00883
G1 X108.568 Y133.7 E.00883
G1 X108.822 Y133.565 E.00883
G1 X109.088 Y133.456 E.00883
G1 X109.364 Y133.376 E.00883
G1 X109.646 Y133.325 E.00883
G1 X110.141 Y133.306 E.01522
G1 X110.645 Y133.376 E.01563
G1 X110.921 Y133.456 E.00883
G1 X111.187 Y133.565 E.00883
G1 X111.441 Y133.7 E.00883
G1 X111.679 Y133.86 E.00883
G1 X111.899 Y134.044 E.00883
G1 X112.1 Y134.25 E.00883
G1 X112.278 Y134.475 E.00883
G1 X112.432 Y134.717 E.00883
G1 X112.561 Y134.974 E.00883
G1 X112.662 Y135.243 E.00883
G1 X112.735 Y135.521 E.00883
G1 X112.779 Y135.802 E.00874
G1 X112.79 Y136.238 E.0134
G1 X112.72 Y136.725 E.01514
G1 X112.561 Y137.208 E.01563
G1 X112.432 Y137.465 E.00883
G1 X112.278 Y137.708 E.00883
G1 X112.1 Y137.933 E.00883
G1 X111.899 Y138.139 E.00883
G1 X111.679 Y138.323 E.00883
G1 X111.441 Y138.483 E.00883
G1 X110.994 Y138.698 E.01522
G1 X110.505 Y138.836 E.01563
G1 X110.22 Y138.873 E.00883
G1 X109.933 Y138.88 E.00883
G1 X109.646 Y138.858 E.00883
G1 X109.364 Y138.806 E.00883
G1 X109.088 Y138.726 E.00883
G1 X108.822 Y138.618 E.00883
G1 X108.568 Y138.483 E.00883
G1 X108.33 Y138.323 E.00883
G1 X108.109 Y138.139 E.00883
G1 X107.909 Y137.933 E.00883
G1 X107.731 Y137.708 E.00883
G1 X107.577 Y137.465 E.00883
G1 X107.448 Y137.208 E.00883
G1 X107.347 Y136.94 E.00883
G1 X107.274 Y136.662 E.00883
G1 X107.23 Y136.381 E.00874
G1 X107.219 Y135.945 E.0134
G1 X107.289 Y135.457 E.01514
G1 X107.447 Y134.976 E.01557
M204 S2000
G1 X107.808 Y135.131 F18000
M204 S1500
;TYPE:Inner wall
;WIDTH:0.45
G1 F1200
G1 X107.918 Y134.911 E.00819
G1 X108.051 Y134.702 E.00819
G1 X108.204 Y134.509 E.00819
G1 X108.376 Y134.332 E.00819
G1 X108.566 Y134.174 E.00819
G1 X108.77 Y134.036 E.00819
G1 X108.988 Y133.92 E.00819
G1 X109.217 Y133.827 E.00819
G1 X109.454 Y133.758 E.00819
G1 X109.697 Y133.714 E.00819
G1 X110.121 Y133.698 E.0141
G1 X110.555 Y133.758 E.01452
G1 X110.792 Y133.827 E.00819
G1 X111.021 Y133.92 E.00819
G1 X111.238 Y134.036 E.00819
G1 X111.443 Y134.174 E.00819
G1 X111.633 Y134.332 E.00819
G1 X111.805 Y134.509 E.00819
G1 X111.958 Y134.702 E.00819
G1 X112.091 Y134.911 E.00819
G1 X112.201 Y135.131 E.00819
G1 X112.288 Y135.362 E.00819
G1 X112.351 Y135.601 E.00819
G1 X112.388 Y135.837 E.00793
G1 X112.398 Y136.222 E.01279
G1 X112.338 Y136.636 E.01385
G1 X112.201 Y137.051 E.01452
G1 X112.091 Y137.272 E.00819
G1 X111.958 Y137.48 E.00819
G1 X111.805 Y137.674 E.00819
G1 X111.633 Y137.85 E.00819
G1 X111.443 Y138.009 E.00819
G1 X111.238 Y138.146 E.00819
G1 X110.856 Y138.332 E.0141
G1 X110.434 Y138.45 E.01452
G1 X110.189 Y138.481 E.00819
G1 X109.943 Y138.488 E.00819
G1 X109.697 Y138.469 E.00819
G1 X109.454 Y138.424 E.00819
G1 X109.217 Y138.355 E.00819
G1 X108.988 Y138.262 E.00819
G1 X108.77 Y138.146 E.00819
G1 X108.566 Y138.009 E.00819
G1 X108.376 Y137.85 E.00819
G1 X108.204 Y137.674 E.00819
G1 X108.051 Y137.48 E.00819
G1 X107.918 Y137.272 E.00819
G1 X107.808 Y137.051 E.00819
G1 X107.721 Y136.82 E.00819
G1 X107.658 Y136.582 E.00819
G1 X107.621 Y136.345 E.00793
G1 X107.611 Y135.96 E.01279
G1 X107.67 Y135.547 E.01385
G1 X107.802 Y135.15 E.01386
M204 S2000
G1 E-.8 F3600
G1 X111.444 Y135.865 F18000
G1 E.8 F3600
M204 S1000
;TYPE:Outer wall
;WIDTH:0.42
G1 F1200
G1 X111.409 Y135.69 E.0055
G1 X111.327 Y135.47 E.0072
G1 X111.182 Y135.228 E.00868
G1 X110.984 Y135.007 E.00912
G1 X110.705 Y134.809 E.01051
G1 X110.489 Y134.713 E.00726
G1 X110.26 Y134.653 E.00726
G1 X109.917 Y134.632 E.01056
G1 X109.579 Y134.694 E.01056
G1 X109.359 Y134.781 E.00726
G1 X109.156 Y134.902 E.00726
G1 X108.905 Y135.129 E.01043
G1 X108.762 Y135.323 E.00739
G1 X108.618 Y135.63 E.01043
G1 X108.561 Y135.864 E.00739
G1 X108.548 Y136.203 E.01043
G1 X108.586 Y136.441 E.00739
G1 X108.705 Y136.759 E.01043
G1 X108.832 Y136.963 E.00739
G1 X109.067 Y137.213 E.01056
G1 X109.356 Y137.4 E.01056
G1 X109.579 Y137.489 E.00739
G1 X109.913 Y137.549 E.01043
G1 X110.152 Y137.545 E.00733
G1 X110.428 Y137.488 E.00868
G1 X110.703 Y137.375 E.00912
G1 X110.982 Y137.177 E.01051
G1 X111.147 Y137.002 E.00739
G1 X111.326 Y136.714 E.01043
G1 X111.409 Y136.493 E.00726
G1 X111.455 Y136.261 E.00726
G1 X111.455 Y135.922 E.01043
G1 X111.448 Y135.885 E.00115
M204 S2000
G1 X111.841 Y135.85 F18000
M204 S1500
;TYPE:Inner wall
;WIDTH:0.45
G1 F1200
G1 X111.787 Y135.582 E.00906
G1 X111.681 Y135.3 E.00999
G1 X111.499 Y134.995 E.01179
G1 X111.247 Y134.713 E.01255
G1 X110.9 Y134.467 E.01411
G1 X110.619 Y134.342 E.01017
G1 X110.323 Y134.264 E.01017
G1 X109.894 Y134.238 E.01426
G1 X109.471 Y134.315 E.01426
G1 X109.186 Y134.428 E.01017
G1 X108.922 Y134.585 E.01017
G1 X108.613 Y134.865 E.01385
G1 X108.423 Y135.121 E.01057
G1 X108.246 Y135.5 E.01385
G1 X108.171 Y135.809 E.01057
G1 X108.154 Y136.227 E.01385
G1 X108.205 Y136.541 E.01057
G1 X108.351 Y136.933 E.01385
G1 X108.52 Y137.203 E.01057
G1 X108.814 Y137.516 E.01426
G1 X109.175 Y137.75 E.01426
G1 X109.471 Y137.868 E.01057
G1 X109.882 Y137.942 E.01385
G1 X110.195 Y137.936 E.01039
G1 X110.543 Y137.865 E.01179
G1 X110.893 Y137.72 E.01255
G1 X111.24 Y137.475 E.01411
G1 X111.459 Y137.243 E.01057
G1 X111.68 Y136.888 E.01385
G1 X111.787 Y136.601 E.01017
G1 X111.848 Y136.3 E.01017
G1 X111.848 Y135.882 E.01385
G1 X111.845 Y135.869 E.00045
M204 S2000
G1 X112.107 Y135.812 F18000
;TYPE:Gap infill
;WIDTH:0.178398
G1 F1200
G1 X112.027 Y135.446 E.00414
G1 X111.851 Y135.046 E.00482
G1 X111.597 Y134.691 E.00482
G1 X111.418 Y134.51 E.00281
G1 X111.036 Y134.238 E.00517
G1 X110.703 Y134.09 E.00403
G1 X110.359 Y133.999 E.00393
G1 X109.87 Y133.972 E.0054
G1 X109.391 Y134.059 E.00538
G1 X109.064 Y134.191 E.0039
G1 X108.759 Y134.375 E.00392
G1 X108.564 Y134.536 E.00279
G1 X108.412 Y134.691 E.00241
G1 X108.191 Y134.99 E.0041
G1 X107.993 Y135.417 E.0052
G1 X107.906 Y135.778 E.0041
G1 X107.886 Y136.236 E.00506
G1 X107.949 Y136.615 E.00424
G1 X108.114 Y137.056 E.0052
G1 X108.313 Y137.37 E.0041
G1 X108.649 Y137.725 E.0054
G1 X109.057 Y137.992 E.00538
G1 X109.403 Y138.126 E.0041
G1 X109.867 Y138.209 E.0052
G1 X110.219 Y138.201 E.00389
G1 X110.627 Y138.119 E.0046
G1 X111.029 Y137.952 E.0048
G1 X111.422 Y137.674 E.00532
G1 X111.674 Y137.401 E.0041
G1 X111.923 Y137.001 E.0052
G1 X112.046 Y136.669 E.0039
G1 X112.115 Y136.32 E.00393
G1 X112.118 Y135.863 E.00505
G1 X112.111 Y135.832 E.00035
; stop printing object separador_timon.stl id:1 copy 0
; end of layer_num: 33, T: 0, print_z: 6.640000
;LAYER_CHANGE
;Z:6.84
;HEIGHT:0.2
; BEFORE_LAYER_CHANGE 33 @ 6.84mm
G92 E0
; AFTER_LAYER_CHANGE 33 @ 6.84mm
; start of layer_num: 34, T: 0, print_z: 6.840000
; printing object "separador_timon.stl" id:0 copy 0
G1 E-.8 F3600
G1 X107.452 Y108.867 Z6.84 F18000
G1 E.8 F3600
M204 S1000
;TYPE:Outer wall
;WIDTH:0.42
G1 F1200
G1 X107.572 Y108.626 E.00829
G1 X107.726 Y108.384 E.00883
G1 X107.905 Y108.158 E.00883
G1 X108.105 Y107.953 E.00883
G1 X108.326 Y107.769 E.00883
G1 X108.564 Y107.608 E.00883
G1 X108.817 Y107.473 E.00883
G1 X109.083 Y107.365 E.00883
G1 X109.359 Y107.285 E.00883
G1 X109.642 Y107.233 E.00883
G1 X110.134 Y107.214 E.01515
G1 X110.357 Y107.233 E.00688
G1 X110.641 Y107.285 E.00885
G1 X110.917 Y107.365 E.00883
G1 X111.183 Y107.473 E.00883
G1 X111.436 Y107.608 E.00883
G1 X111.674 Y107.769 E.00883
G1 X111.895 Y107.953 E.00883
G1 X112.095 Y108.158 E.00883
G1 X112.274 Y108.384 E.00883
G1 X112.428 Y108.626 E.00883
G1 X112.556 Y108.883 E.00883
G1 X112.658 Y109.152 E.00883
G1 X112.731 Y109.429 E.00883
G1 X112.775 Y109.71 E.00874
G1 X112.786 Y110.144 E.01331
G1 X112.73 Y110.573 E.01331
G1 X112.658 Y110.848 E.00874
G1 X112.556 Y111.117 E.00883
G1 X112.428 Y111.374 E.00883
G1 X112.274 Y111.616 E.00883
G1 X112.095 Y111.842 E.00883
G1 X111.897 Y112.045 E.00874
G1 X111.555 Y112.316 E.0134
G1 X111.311 Y112.462 E.00874
G1 X111.051 Y112.584 E.00883
G1 X110.78 Y112.679 E.00883
G1 X110.5 Y112.745 E.00883
G1 X110.215 Y112.781 E.00883
G1 X109.928 Y112.789 E.00883
G1 X109.642 Y112.767 E.00883
G1 X109.359 Y112.715 E.00883
G1 X109.083 Y112.635 E.00883
G1 X108.817 Y112.527 E.00883
G1 X108.564 Y112.392 E.00883
G1 X108.326 Y112.231 E.00883
G1 X108.105 Y112.047 E.00883
G1 X107.905 Y111.842 E.00883
G1 X107.726 Y111.616 E.00883
G1 X107.572 Y111.374 E.00883
G1 X107.444 Y111.117 E.00883
G1 X107.342 Y110.848 E.00883
G1 X107.269 Y110.571 E.00883
G1 X107.225 Y110.29 E.00874
G1 X107.214 Y109.856 E.01331
G1 X107.27 Y109.427 E.01331
G1 X107.342 Y109.152 E.00874
G1 X107.443 Y108.885 E.00875
M204 S2000
G1 X107.803 Y109.04 F18000
M204 S1500
;TYPE:Inner wall
;WIDTH:0.45
G1 F1200
G1 X107.914 Y108.819 E.00819
G1 X108.046 Y108.611 E.00819
G1 X108.199 Y108.418 E.00819
G1 X108.372 Y108.241 E.00819
G1 X108.561 Y108.083 E.00819
G1 X108.766 Y107.945 E.00819
G1 X108.984 Y107.829 E.00819
G1 X109.212 Y107.736 E.00819
G1 X109.449 Y107.667 E.00819
G1 X109.692 Y107.623 E.00819
G1 X110.115 Y107.606 E.01403
G1 X110.551 Y107.667 E.0146
G1 X110.788 Y107.736 E.00819
G1 X111.016 Y107.829 E.00819
G1 X111.234 Y107.945 E.00819
G1 X111.439 Y108.083 E.00819
G1 X111.628 Y108.241 E.00819
G1 X111.801 Y108.418 E.00819
G1 X111.954 Y108.611 E.00819
G1 X112.086 Y108.819 E.00819
G1 X112.197 Y109.04 E.00819
G1 X112.284 Y109.271 E.00819
G1 X112.346 Y109.51 E.00819
G1 X112.383 Y109.746 E.00793
G1 X112.393 Y110.123 E.01253
G1 X112.344 Y110.498 E.01253
G1 X112.284 Y110.729 E.00793
G1 X112.197 Y110.96 E.00819
G1 X112.086 Y111.181 E.00819
G1 X111.954 Y111.389 E.00819
G1 X111.801 Y111.582 E.00819
G1 X111.634 Y111.754 E.00793
G1 X111.332 Y111.993 E.01279
G1 X111.127 Y112.116 E.00793
G1 X110.903 Y112.221 E.00819
G1 X110.67 Y112.302 E.00819
G1 X110.43 Y112.358 E.00819
G1 X110.185 Y112.39 E.00819
G1 X109.938 Y112.396 E.00819
G1 X109.692 Y112.377 E.00819
G1 X109.449 Y112.333 E.00819
G1 X109.212 Y112.264 E.00819
G1 X108.984 Y112.171 E.00819
G1 X108.766 Y112.055 E.00819
G1 X108.561 Y111.917 E.00819
G1 X108.372 Y111.759 E.00819
G1 X108.199 Y111.582 E.00819
G1 X108.046 Y111.389 E.00819
G1 X107.914 Y111.181 E.00819
G1 X107.803 Y110.96 E.00819
G1 X107.716 Y110.729 E.00819
G1 X107.654 Y110.49 E.00819
G1 X107.617 Y110.254 E.00793
G1 X107.607 Y109.877 E.01253
G1 X107.656 Y109.502 E.01253
G1 X107.716 Y109.271 E.00793
G1 X107.796 Y109.059 E.00752
M204 S2000
G1 E-.8 F3600
G1 X111.437 Y109.76 F18000
G1 E.8 F3600
M204 S1000
;TYPE:Outer wall
;WIDTH:0.42
G1 F1200
G1 X111.432 Y109.714 E.00144
G1 X111.367 Y109.484 E.00733
G1 X111.211 Y109.183 E.01043
G1 X111.062 Y108.997 E.00733
G1 X110.847 Y108.811 E.00872
G1 X110.591 Y108.664 E.00907
G1 X110.262 Y108.562 E.01059
G1 X109.975 Y108.54 E.00885
G1 X109.686 Y108.573 E.00894
G1 X109.459 Y108.643 E.00729
G1 X109.207 Y108.774 E.00872
G1 X108.977 Y108.956 E.00902
G1 X108.794 Y109.177 E.0088
G1 X108.653 Y109.434 E.00902
G1 X108.57 Y109.708 E.0088
G1 X108.539 Y109.997 E.00894
G1 X108.558 Y110.236 E.00734
G1 X108.653 Y110.566 E.01056
G1 X108.822 Y110.865 E.01056
G1 X108.98 Y111.046 E.00739
G1 X109.249 Y111.253 E.01043
G1 X109.465 Y111.36 E.00739
G1 X109.793 Y111.446 E.01043
G1 X110.029 Y111.46 E.00726
G1 X110.264 Y111.437 E.00726
G1 X110.589 Y111.337 E.01043
G1 X110.8 Y111.222 E.00739
G1 X111.061 Y111.005 E.01043
G1 X111.211 Y110.817 E.00739
G1 X111.367 Y110.516 E.01043
G1 X111.432 Y110.286 E.00733
G1 X111.461 Y110 E.00885
G1 X111.439 Y109.78 E.00679
M204 S2000
G1 X111.811 Y109.61 F18000
M204 S1500
;TYPE:Inner wall
;WIDTH:0.45
G1 F1200
G1 X111.733 Y109.339 E.00936
G1 X111.541 Y108.968 E.01385
G1 X111.345 Y108.723 E.0104
G1 X111.075 Y108.49 E.01184
G1 X110.749 Y108.302 E.0125
G1 X110.335 Y108.175 E.01434
G1 X109.967 Y108.146 E.01224
G1 X109.605 Y108.188 E.0121
G1 X109.31 Y108.279 E.01025
G1 X108.993 Y108.444 E.01184
G1 X108.702 Y108.675 E.01233
G1 X108.469 Y108.955 E.0121
G1 X108.29 Y109.281 E.01233
G1 X108.184 Y109.63 E.0121
G1 X108.145 Y109.992 E.0121
G1 X108.17 Y110.306 E.01043
G1 X108.288 Y110.719 E.01426
G1 X108.501 Y111.093 E.01426
G1 X108.71 Y111.333 E.01057
G1 X109.041 Y111.588 E.01385
G1 X109.327 Y111.729 E.01057
G1 X109.731 Y111.835 E.01385
G1 X110.037 Y111.854 E.01017
G1 X110.342 Y111.823 E.01017
G1 X110.741 Y111.7 E.01385
G1 X111.021 Y111.548 E.01057
G1 X111.342 Y111.281 E.01385
G1 X111.541 Y111.032 E.01057
G1 X111.733 Y110.661 E.01385
G1 X111.819 Y110.36 E.01037
G1 X111.855 Y110 E.01202
G1 X111.819 Y109.64 E.01201
G1 X111.816 Y109.629 E.00035
G1 E-.8 F3600
M204 S2000
G1 X112.071 Y109.558 F18000
G1 E.8 F3600
;TYPE:Gap infill
;WIDTH:0.173471
G1 F1200
G1 X111.983 Y109.246 E.00344
G1 X111.768 Y108.828 E.00501
G1 X111.542 Y108.542 E.00388
G1 X111.236 Y108.274 E.00433
G1 X110.862 Y108.058 E.00459
G1 X110.392 Y107.913 E.00523
G1 X109.969 Y107.879 E.00452
G1 X109.556 Y107.927 E.00442
G1 X109.213 Y108.029 E.00381
G1 X108.852 Y108.215 E.00432
G1 X108.519 Y108.478 E.00452
G1 X108.249 Y108.798 E.00445
G1 X108.044 Y109.17 E.00452
G1 X107.919 Y109.569 E.00445
G1 X107.877 Y109.983 E.00442
G1 X107.909 Y110.359 E.00402
G1 X108.041 Y110.815 E.00505
G1 X108.155 Y111.044 E.00272
G1 X108.406 Y111.401 E.00464
G1 X108.728 Y111.696 E.00464
G1 X109.1 Y111.922 E.00464
G1 X109.513 Y112.064 E.00464
G1 X109.945 Y112.122 E.00464
G1 X110.381 Y112.091 E.00465
G1 X110.8 Y111.967 E.00465
G1 X111.179 Y111.769 E.00455
G1 X111.448 Y111.55 E.00369
G1 X111.731 Y111.231 E.00454
G1 X111.945 Y110.85 E.00465
G1 X112.078 Y110.444 E.00454
G1 X112.123 Y110.006 E.00468
G1 X112.081 Y109.595 E.0044
G1 X112.076 Y109.577 E.0002
; stop printing object separador_timon.stl id:0 copy 0
; printing object "separador_timon.stl" id:1 copy 0
G1 E-.8 F3600
G1 X107.456 Y134.958 F18000
G1 E.8 F3600
M204 S1000
;TYPE:Outer wall
;WIDTH:0.42
G1 F1200
G1 X107.577 Y134.717 E.00829
G1 X107.731 Y134.475 E.00883
G1 X107.909 Y134.25 E.00883
G1 X108.109 Y134.044 E.00883
G1 X108.33 Y133.86 E.00883
G1 X108.568 Y133.7 E.00883
G1 X108.822 Y133.565 E.00883
G1 X109.088 Y133.456 E.00883
G1 X109.364 Y133.376 E.00883
G1 X109.646 Y133.325 E.00883
G1 X110.139 Y133.306 E.01515
G1 X110.362 Y133.324 E.00688
G1 X110.645 Y133.376 E.00885
G1 X110.921 Y133.456 E.00883
G1 X111.187 Y133.565 E.00883
G1 X111.441 Y133.7 E.00883
G1 X111.679 Y133.86 E.00883
G1 X111.899 Y134.044 E.00883
G1 X112.1 Y134.25 E.00883
G1 X112.278 Y134.475 E.00883
G1 X112.432 Y134.717 E.00883
G1 X112.561 Y134.974 E.00883
G1 X112.662 Y135.243 E.00883
G1 X112.735 Y135.521 E.00883
G1 X112.779 Y135.802 E.00874
G1 X112.79 Y136.235 E.01331
G1 X112.734 Y136.665 E.01331
G1 X112.662 Y136.94 E.00874
G1 X112.561 Y137.208 E.00883
G1 X112.432 Y137.465 E.00883
G1 X112.278 Y137.708 E.00883
G1 X112.1 Y137.933 E.00883
G1 X111.901 Y138.137 E.00874
G1 X111.559 Y138.407 E.0134
G1 X111.315 Y138.554 E.00874
G1 X111.055 Y138.675 E.00883
G1 X110.784 Y138.77 E.00883
G1 X110.505 Y138.836 E.00883
G1 X110.22 Y138.873 E.00883
G1 X109.933 Y138.88 E.00883
G1 X109.646 Y138.858 E.00883
G1 X109.364 Y138.806 E.00883
G1 X109.088 Y138.726 E.00883
G1 X108.822 Y138.618 E.00883
G1 X108.568 Y138.483 E.00883
G1 X108.33 Y138.323 E.00883
G1 X108.109 Y138.139 E.00883
G1 X107.909 Y137.933 E.00883
G1 X107.731 Y137.708 E.00883
G1 X107.577 Y137.465 E.00883
G1 X107.448 Y137.208 E.00883
G1 X107.347 Y136.94 E.00883
G1 X107.274 Y136.662 E.00883
G1 X107.23 Y136.381 E.00874
G1 X107.219 Y135.948 E.01331
G1 X107.274 Y135.518 E.01331
G1 X107.347 Y135.243 E.00874
G1 X107.447 Y134.976 E.00875
M204 S2000
G1 X107.808 Y135.131 F18000
M204 S1500
;TYPE:Inner wall
;WIDTH:0.45
G1 F1200
G1 X107.918 Y134.911 E.00819
G1 X108.051 Y134.702 E.00819
G1 X108.204 Y134.509 E.00819
G1 X108.376 Y134.332 E.00819
G1 X108.566 Y134.174 E.00819
G1 X108.77 Y134.036 E.00819
G1 X108.988 Y133.92 E.00819
G1 X109.217 Y133.827 E.00819
G1 X109.454 Y133.758 E.00819
G1 X109.697 Y133.714 E.00819
G1 X110.119 Y133.697 E.01403
G1 X110.555 Y133.758 E.0146
G1 X110.792 Y133.827 E.00819
G1 X111.021 Y133.92 E.00819
G1 X111.238 Y134.036 E.00819
G1 X111.443 Y134.174 E.00819
G1 X111.633 Y134.332 E.00819
G1 X111.805 Y134.509 E.00819
G1 X111.958 Y134.702 E.00819
G1 X112.091 Y134.911 E.00819
G1 X112.201 Y135.131 E.00819
G1 X112.288 Y135.362 E.00819
G1 X112.351 Y135.601 E.00819
G1 X112.388 Y135.837 E.00793
G1 X112.397 Y136.215 E.01253
G1 X112.349 Y136.589 E.01253
G1 X112.288 Y136.82 E.00793
G1 X112.201 Y137.051 E.00819
G1 X112.091 Y137.272 E.00819
G1 X111.958 Y137.48 E.00819
G1 X111.805 Y137.674 E.00819
G1 X111.638 Y137.845 E.00793
G1 X111.336 Y138.084 E.01279
G1 X111.131 Y138.207 E.00793
G1 X110.907 Y138.312 E.00819
G1 X110.674 Y138.393 E.00819
G1 X110.434 Y138.45 E.00819
G1 X110.189 Y138.481 E.00819
G1 X109.943 Y138.488 E.00819
G1 X109.697 Y138.469 E.00819
G1 X109.454 Y138.424 E.00819
G1 X109.217 Y138.355 E.00819
G1 X108.988 Y138.262 E.00819
G1 X108.77 Y138.146 E.00819
G1 X108.566 Y138.009 E.00819
G1 X108.376 Y137.85 E.00819
G1 X108.204 Y137.674 E.00819
G1 X108.051 Y137.48 E.00819
G1 X107.918 Y137.272 E.00819
G1 X107.808 Y137.051 E.00819
G1 X107.721 Y136.82 E.00819
G1 X107.658 Y136.582 E.00819
G1 X107.621 Y136.345 E.00793
G1 X107.611 Y135.968 E.01253
G1 X107.66 Y135.593 E.01253
G1 X107.721 Y135.362 E.00793
G1 X107.801 Y135.15 E.00752
M204 S2000
G1 E-.8 F3600
G1 X111.441 Y135.851 F18000
G1 E.8 F3600
M204 S1000
;TYPE:Outer wall
;WIDTH:0.42
G1 F1200
G1 X111.437 Y135.805 E.00144
G1 X111.371 Y135.576 E.00733
G1 X111.215 Y135.274 E.01043
G1 X111.066 Y135.088 E.00733
G1 X110.851 Y134.902 E.00872
G1 X110.596 Y134.755 E.00907
G1 X110.266 Y134.654 E.01059
G1 X109.979 Y134.632 E.00885
G1 X109.69 Y134.665 E.00894
G1 X109.463 Y134.734 E.00729
G1 X109.212 Y134.865 E.00872
G1 X108.982 Y135.048 E.00902
G1 X108.799 Y135.268 E.0088
G1 X108.657 Y135.525 E.00902
G1 X108.574 Y135.799 E.0088
G1 X108.544 Y136.089 E.00894
G1 X108.562 Y136.327 E.00734
G1 X108.657 Y136.657 E.01056
G1 X108.827 Y136.956 E.01056
G1 X108.985 Y137.137 E.00739
G1 X109.254 Y137.345 E.01043
G1 X109.469 Y137.451 E.00739
G1 X109.798 Y137.538 E.01043
G1 X110.033 Y137.552 E.00726
G1 X110.269 Y137.528 E.00726
G1 X110.593 Y137.428 E.01043
G1 X110.804 Y137.314 E.00739
G1 X111.065 Y137.096 E.01043
G1 X111.215 Y136.909 E.00739
G1 X111.371 Y136.607 E.01043
G1 X111.437 Y136.378 E.00733
G1 X111.465 Y136.091 E.00885
G1 X111.443 Y135.871 E.00679
M204 S2000
G1 X111.815 Y135.701 F18000
M204 S1500
;TYPE:Inner wall
;WIDTH:0.45
G1 F1200
G1 X111.738 Y135.43 E.00936
G1 X111.546 Y135.059 E.01385
G1 X111.35 Y134.815 E.0104
G1 X111.08 Y134.581 E.01184
G1 X110.753 Y134.393 E.0125
G1 X110.34 Y134.266 E.01434
G1 X109.972 Y134.238 E.01224
G1 X109.609 Y134.279 E.0121
G1 X109.314 Y134.37 E.01025
G1 X108.997 Y134.535 E.01184
G1 X108.706 Y134.766 E.01233
G1 X108.473 Y135.046 E.0121
G1 X108.294 Y135.372 E.01233
G1 X108.188 Y135.721 E.0121
G1 X108.15 Y136.084 E.0121
G1 X108.175 Y136.397 E.01043
G1 X108.293 Y136.81 E.01426
G1 X108.505 Y137.184 E.01426
G1 X108.714 Y137.424 E.01057
G1 X109.045 Y137.679 E.01385
G1 X109.331 Y137.82 E.01057
G1 X109.735 Y137.927 E.01385
G1 X110.041 Y137.945 E.01017
G1 X110.346 Y137.914 E.01017
G1 X110.746 Y137.792 E.01385
G1 X111.026 Y137.64 E.01057
G1 X111.346 Y137.372 E.01385
G1 X111.546 Y137.123 E.01057
G1 X111.738 Y136.752 E.01385
G1 X111.823 Y136.452 E.01037
G1 X111.859 Y136.091 E.01202
G1 X111.824 Y135.731 E.01201
G1 X111.821 Y135.721 E.00035
M204 S2000
G1 X112.075 Y135.649 F18000
;TYPE:Gap infill
;WIDTH:0.173471
G1 F1200
G1 X111.988 Y135.338 E.00344
G1 X111.772 Y134.919 E.00501
G1 X111.547 Y134.633 E.00388
G1 X111.241 Y134.365 E.00433
G1 X110.867 Y134.149 E.00459
G1 X110.397 Y134.005 E.00523
G1 X109.973 Y133.97 E.00452
G1 X109.561 Y134.018 E.00442
G1 X109.218 Y134.12 E.00381
G1 X108.856 Y134.306 E.00432
G1 X108.523 Y134.569 E.00452
G1 X108.253 Y134.889 E.00445
G1 X108.048 Y135.261 E.00452
G1 X107.924 Y135.661 E.00445
G1 X107.882 Y136.074 E.00442
G1 X107.914 Y136.45 E.00402
G1 X108.046 Y136.906 E.00505
G1 X108.16 Y137.135 E.00272
G1 X108.41 Y137.492 E.00464
G1 X108.732 Y137.787 E.00464
G1 X109.105 Y138.014 E.00464
G1 X109.517 Y138.155 E.00464
G1 X109.95 Y138.213 E.00464
G1 X110.385 Y138.183 E.00465
G1 X110.805 Y138.059 E.00465
G1 X111.183 Y137.86 E.00455
G1 X111.452 Y137.642 E.00369
G1 X111.736 Y137.322 E.00454
G1 X111.949 Y136.941 E.00465
G1 X112.082 Y136.535 E.00454
G1 X112.127 Y136.098 E.00468
G1 X112.086 Y135.686 E.0044
G1 X112.081 Y135.668 E.0002
; stop printing object separador_timon.stl id:1 copy 0
; end of layer_num: 34, T: 0, print_z: 6.840000
;LAYER_CHANGE
;Z:7.04
;HEIGHT:0.2
; BEFORE_LAYER_CHANGE 34 @ 7.04mm
G92 E0
; AFTER_LAYER_CHANGE 34 @ 7.04mm
; start of layer_num: 35, T: 0, print_z: 7.040000
; printing object "separador_timon.stl" id:0 copy 0
G1 E-.8 F3600
G1 X107.451 Y108.868 Z7.04 F18000
G1 E.8 F3600
M204 S1000
;TYPE:Outer wall
;WIDTH:0.42
G1 F1200
G1 X107.572 Y108.626 E.0083
G1 X107.726 Y108.384 E.00883
G1 X107.905 Y108.158 E.00882
G1 X108.105 Y107.953 E.00883
G1 X108.326 Y107.769 E.00883
G1 X108.564 Y107.608 E.00883
G1 X108.817 Y107.473 E.00883
G1 X109.083 Y107.365 E.00883
G1 X109.359 Y107.285 E.00883
G1 X109.638 Y107.234 E.0087
G1 X110.138 Y107.215 E.01537
G1 X110.357 Y107.233 E.00678
G1 X110.641 Y107.285 E.00885
G1 X110.917 Y107.365 E.00883
G1 X111.183 Y107.473 E.00883
G1 X111.436 Y107.608 E.00883
G1 X111.674 Y107.769 E.00883
G1 X111.895 Y107.953 E.00883
G1 X112.095 Y108.158 E.00883
G1 X112.274 Y108.384 E.00883
G1 X112.428 Y108.626 E.00883
G1 X112.556 Y108.883 E.00883
G1 X112.657 Y109.149 E.00874
G1 X112.757 Y109.573 E.0134
G1 X112.786 Y109.856 E.00874
G1 X112.786 Y110.14 E.0087
G1 X112.716 Y110.635 E.01537
G1 X112.658 Y110.848 E.00678
G1 X112.556 Y111.117 E.00885
G1 X112.428 Y111.374 E.00883
G1 X112.274 Y111.616 E.00883
G1 X112.095 Y111.842 E.00883
G1 X111.897 Y112.045 E.00874
G1 X111.555 Y112.316 E.0134
G1 X111.311 Y112.462 E.00874
G1 X111.051 Y112.584 E.00883
G1 X110.78 Y112.679 E.00883
G1 X110.5 Y112.745 E.00883
G1 X110.215 Y112.781 E.00883
G1 X109.928 Y112.789 E.00883
G1 X109.642 Y112.767 E.00883
G1 X109.359 Y112.715 E.00883
G1 X109.083 Y112.635 E.00883
G1 X108.817 Y112.527 E.00883
G1 X108.564 Y112.392 E.00883
G1 X108.329 Y112.234 E.0087
G1 X107.958 Y111.899 E.01537
G1 X107.813 Y111.732 E.00678
G1 X107.646 Y111.497 E.00885
G1 X107.505 Y111.247 E.00883
G1 X107.39 Y110.984 E.00883
G1 X107.302 Y110.71 E.00883
G1 X107.244 Y110.429 E.00883
G1 X107.214 Y110.144 E.00883
G1 X107.214 Y109.86 E.0087
G1 X107.284 Y109.365 E.01537
G1 X107.342 Y109.152 E.00678
G1 X107.443 Y108.886 E.00876
M204 S2000
G1 X107.803 Y109.04 F18000
M204 S1500
;TYPE:Inner wall
;WIDTH:0.45
G1 F1200
G1 X107.914 Y108.819 E.00819
G1 X108.046 Y108.611 E.00819
G1 X108.199 Y108.418 E.00819
G1 X108.372 Y108.241 E.00819
G1 X108.561 Y108.083 E.00819
G1 X108.766 Y107.945 E.00819
G1 X108.984 Y107.829 E.00819
G1 X109.212 Y107.736 E.00819
G1 X109.449 Y107.667 E.00819
G1 X109.681 Y107.625 E.0078
G1 X110.129 Y107.607 E.01487
G1 X110.306 Y107.622 E.0059
G1 X110.551 Y107.667 E.00826
G1 X110.788 Y107.736 E.00819
G1 X111.016 Y107.829 E.00819
G1 X111.234 Y107.945 E.00819
G1 X111.439 Y108.083 E.00819
G1 X111.628 Y108.241 E.00819
G1 X111.801 Y108.418 E.00819
G1 X111.954 Y108.611 E.00819
G1 X112.086 Y108.819 E.00819
G1 X112.197 Y109.04 E.00819
G1 X112.281 Y109.264 E.00793
G1 X112.369 Y109.639 E.01279
G1 X112.394 Y109.877 E.00793
G1 X112.394 Y110.112 E.0078
G1 X112.331 Y110.555 E.01487
G1 X112.197 Y110.96 E.01414
G1 X112.086 Y111.181 E.00819
G1 X111.954 Y111.389 E.00819
G1 X111.801 Y111.582 E.00819
G1 X111.634 Y111.754 E.00793
G1 X111.332 Y111.993 E.01279
G1 X111.127 Y112.116 E.00793
G1 X110.903 Y112.221 E.00819
G1 X110.67 Y112.302 E.00819
G1 X110.43 Y112.358 E.00819
G1 X110.185 Y112.39 E.00819
G1 X109.938 Y112.396 E.00819
G1 X109.692 Y112.377 E.00819
G1 X109.449 Y112.333 E.00819
G1 X109.212 Y112.264 E.00819
G1 X108.984 Y112.171 E.00819
G1 X108.766 Y112.055 E.00819
G1 X108.571 Y111.924 E.0078
G1 X108.238 Y111.624 E.01487
G1 X108.122 Y111.489 E.0059
G1 X107.977 Y111.287 E.00826
G1 X107.856 Y111.072 E.00819
G1 X107.757 Y110.846 E.00819
G1 X107.682 Y110.61 E.00819
G1 X107.631 Y110.369 E.00819
G1 X107.606 Y110.123 E.00819
G1 X107.606 Y109.888 E.0078
G1 X107.669 Y109.445 E.01487
G1 X107.797 Y109.059 E.01347
M204 S2000
G1 E-.8 F3600
G1 X111.436 Y109.753 F18000
G1 E.8 F3600
M204 S1000
;TYPE:Outer wall
;WIDTH:0.42
G1 F1200
G1 X111.432 Y109.714 E.00123
G1 X111.367 Y109.486 E.00727
G1 X111.241 Y109.23 E.00876
G1 X111.064 Y108.998 E.00897
G1 X110.846 Y108.81 E.00884
G1 X110.591 Y108.664 E.00903
G1 X110.262 Y108.562 E.01059
G1 X109.973 Y108.54 E.00889
G1 X109.686 Y108.573 E.0089
G1 X109.459 Y108.643 E.00729
G1 X109.206 Y108.775 E.00876
G1 X108.977 Y108.956 E.00897
G1 X108.793 Y109.178 E.00884
G1 X108.654 Y109.432 E.0089
G1 X108.579 Y109.659 E.00734
G1 X108.539 Y109.998 E.01051
G1 X108.568 Y110.286 E.00889
G1 X108.653 Y110.567 E.00903
G1 X108.822 Y110.865 E.01051
G1 X108.977 Y111.043 E.00726
G1 X109.159 Y111.195 E.00726
G1 X109.459 Y111.358 E.0105
G1 X109.738 Y111.436 E.00889
G1 X110.029 Y111.461 E.00897
G1 X110.315 Y111.426 E.00884
G1 X110.592 Y111.336 E.00897
G1 X110.842 Y111.193 E.00884
G1 X111.065 Y111.001 E.00903
G1 X111.268 Y110.726 E.01051
G1 X111.368 Y110.512 E.00726
G1 X111.432 Y110.286 E.0072
G1 X111.461 Y110 E.00885
G1 X111.438 Y109.773 E.00701
M204 S2000
G1 X111.822 Y109.67 F18000
M204 S1500
;TYPE:Inner wall
;WIDTH:0.45
G1 F1200
G1 X111.819 Y109.64 E.00102
G1 X111.735 Y109.344 E.0102
G1 X111.575 Y109.023 E.01189
G1 X111.351 Y108.728 E.01228
G1 X111.074 Y108.489 E.01214
G1 X110.748 Y108.302 E.01245
G1 X110.335 Y108.175 E.01434
G1 X109.966 Y108.146 E.01229
G1 X109.605 Y108.188 E.01205
G1 X109.309 Y108.279 E.01025
G1 X108.991 Y108.444 E.01189
G1 X108.702 Y108.675 E.01228
G1 X108.468 Y108.956 E.01214
G1 X108.293 Y109.275 E.01205
G1 X108.195 Y109.573 E.01042
G1 X108.144 Y109.995 E.01409
G1 X108.182 Y110.364 E.01229
G1 X108.291 Y110.723 E.01245
G1 X108.501 Y111.093 E.0141
G1 X108.702 Y111.324 E.01017
G1 X108.937 Y111.521 E.01017
G1 X109.311 Y111.723 E.01409
G1 X109.667 Y111.824 E.01229
G1 X110.036 Y111.855 E.01228
G1 X110.4 Y111.81 E.01214
G1 X110.752 Y111.696 E.01228
G1 X111.07 Y111.514 E.01214
G1 X111.354 Y111.269 E.01245
G1 X111.607 Y110.927 E.0141
G1 X111.737 Y110.649 E.01017
G1 X111.819 Y110.36 E.00997
G1 X111.855 Y110 E.01201
G1 X111.824 Y109.69 E.01033
G1 E-.8 F3600
M204 S2000
G1 X112.09 Y109.665 F18000
G1 E.8 F3600
;TYPE:Gap infill
;WIDTH:0.174721
G1 F1200
G1 X112.084 Y109.595 E.00076
G1 X111.986 Y109.253 E.00382
G1 X111.806 Y108.886 E.00438
G1 X111.541 Y108.54 E.00468
G1 X111.235 Y108.273 E.00437
G1 X110.862 Y108.058 E.00462
G1 X110.393 Y107.911 E.00528
G1 X109.967 Y107.88 E.00459
G1 X109.556 Y107.926 E.00444
G1 X109.213 Y108.029 E.00384
G1 X108.85 Y108.216 E.00438
G1 X108.518 Y108.478 E.00454
G1 X108.248 Y108.799 E.00451
G1 X108.047 Y109.161 E.00445
G1 X107.932 Y109.508 E.00392
G1 X107.877 Y109.986 E.00516
G1 X107.918 Y110.41 E.00458
G1 X108.042 Y110.822 E.00462
G1 X108.277 Y111.243 E.00518
G1 X108.512 Y111.511 E.00383
G1 X108.791 Y111.748 E.00393
G1 X109.217 Y111.973 E.00517
G1 X109.626 Y112.088 E.00456
G1 X110.035 Y112.121 E.00441
G1 X110.463 Y112.07 E.00463
G1 X110.865 Y111.937 E.00455
G1 X111.22 Y111.738 E.00437
G1 X111.544 Y111.455 E.00462
G1 X111.728 Y111.228 E.00313
G1 X111.945 Y110.85 E.00469
G1 X112.081 Y110.416 E.00488
G1 X112.122 Y110.006 E.00443
G1 X112.092 Y109.685 E.00347
; stop printing object separador_timon.stl id:0 copy 0
; printing object "separador_timon.stl" id:1 copy 0
G1 E-.8 F3600
G1 X107.456 Y134.959 F18000
G1 E.8 F3600
M204 S1000
;TYPE:Outer wall
;WIDTH:0.42
G1 F1200
G1 X107.577 Y134.717 E.0083
G1 X107.731 Y134.475 E.00883
G1 X107.909 Y134.25 E.00882
G1 X108.109 Y134.044 E.00883
G1 X108.33 Y133.86 E.00883
G1 X108.568 Y133.7 E.00883
G1 X108.822 Y133.565 E.00883
G1 X109.088 Y133.456 E.00883
G1 X109.364 Y133.376 E.00883
G1 X109.642 Y133.325 E.0087
G1 X110.142 Y133.306 E.01537
G1 X110.362 Y133.325 E.00678
G1 X110.645 Y133.376 E.00885
G1 X110.921 Y133.456 E.00883
G1 X111.187 Y133.565 E.00883
G1 X111.441 Y133.7 E.00883
G1 X111.679 Y133.86 E.00883
G1 X111.899 Y134.044 E.00883
G1 X112.1 Y134.25 E.00883
G1 X112.278 Y134.475 E.00883
G1 X112.432 Y134.717 E.00883
G1 X112.561 Y134.974 E.00883
G1 X112.661 Y135.24 E.00874
G1 X112.761 Y135.665 E.0134
G1 X112.79 Y135.948 E.00874
G1 X112.79 Y136.231 E.0087
G1 X112.72 Y136.726 E.01537
G1 X112.662 Y136.939 E.00678
G1 X112.561 Y137.208 E.00885
G1 X112.432 Y137.465 E.00883
G1 X112.278 Y137.708 E.00883
G1 X112.1 Y137.933 E.00883
G1 X111.901 Y138.137 E.00874
G1 X111.559 Y138.407 E.0134
G1 X111.315 Y138.554 E.00874
G1 X111.055 Y138.675 E.00883
G1 X110.784 Y138.77 E.00883
G1 X110.505 Y138.836 E.00883
G1 X110.22 Y138.873 E.00883
G1 X109.933 Y138.88 E.00883
G1 X109.646 Y138.858 E.00883
G1 X109.364 Y138.806 E.00883
G1 X109.088 Y138.726 E.00883
G1 X108.822 Y138.618 E.00883
G1 X108.568 Y138.483 E.00883
G1 X108.333 Y138.325 E.0087
G1 X107.962 Y137.99 E.01537
G1 X107.817 Y137.823 E.00678
G1 X107.65 Y137.589 E.00885
G1 X107.509 Y137.339 E.00883
G1 X107.394 Y137.075 E.00883
G1 X107.307 Y136.802 E.00883
G1 X107.248 Y136.521 E.00883
G1 X107.218 Y136.235 E.00883
G1 X107.218 Y135.952 E.0087
G1 X107.289 Y135.457 E.01537
G1 X107.347 Y135.244 E.00678
G1 X107.447 Y134.977 E.00876
M204 S2000
G1 X107.808 Y135.131 F18000
M204 S1500
;TYPE:Inner wall
;WIDTH:0.45
G1 F1200
G1 X107.918 Y134.911 E.00819
G1 X108.051 Y134.702 E.00819
G1 X108.204 Y134.509 E.00819
G1 X108.376 Y134.332 E.00819
G1 X108.566 Y134.174 E.00819
G1 X108.77 Y134.036 E.00819
G1 X108.988 Y133.92 E.00819
G1 X109.217 Y133.827 E.00819
G1 X109.454 Y133.758 E.00819
G1 X109.685 Y133.716 E.0078
G1 X110.133 Y133.699 E.01487
G1 X110.31 Y133.714 E.0059
G1 X110.555 Y133.758 E.00826
G1 X110.792 Y133.827 E.00819
G1 X111.021 Y133.92 E.00819
G1 X111.238 Y134.036 E.00819
G1 X111.443 Y134.174 E.00819
G1 X111.633 Y134.332 E.00819
G1 X111.805 Y134.509 E.00819
G1 X111.958 Y134.702 E.00819
G1 X112.091 Y134.911 E.00819
G1 X112.201 Y135.131 E.00819
G1 X112.285 Y135.355 E.00793
G1 X112.374 Y135.73 E.01279
G1 X112.398 Y135.968 E.00793
G1 X112.398 Y136.203 E.0078
G1 X112.335 Y136.647 E.01487
G1 X112.201 Y137.051 E.01414
G1 X112.091 Y137.272 E.00819
G1 X111.958 Y137.48 E.00819
G1 X111.805 Y137.674 E.00819
G1 X111.638 Y137.845 E.00793
G1 X111.336 Y138.084 E.01279
G1 X111.131 Y138.207 E.00793
G1 X110.907 Y138.312 E.00819
G1 X110.674 Y138.393 E.00819
G1 X110.434 Y138.45 E.00819
G1 X110.189 Y138.481 E.00819
G1 X109.943 Y138.488 E.00819
G1 X109.697 Y138.469 E.00819
G1 X109.454 Y138.424 E.00819
G1 X109.217 Y138.355 E.00819
G1 X108.988 Y138.262 E.00819
G1 X108.77 Y138.146 E.00819
G1 X108.575 Y138.015 E.0078
G1 X108.242 Y137.715 E.01487
G1 X108.126 Y137.581 E.0059
G1 X107.982 Y137.378 E.00826
G1 X107.86 Y137.163 E.00819
G1 X107.761 Y136.937 E.00819
G1 X107.686 Y136.702 E.00819
G1 X107.636 Y136.46 E.00819
G1 X107.61 Y136.215 E.00819
G1 X107.61 Y135.979 E.0078
G1 X107.674 Y135.536 E.01487
G1 X107.802 Y135.15 E.01347
M204 S2000
G1 E-.8 F3600
G1 X111.441 Y135.845 F18000
G1 E.8 F3600
M204 S1000
;TYPE:Outer wall
;WIDTH:0.42
G1 F1200
G1 X111.437 Y135.805 E.00123
G1 X111.372 Y135.577 E.00727
G1 X111.245 Y135.322 E.00876
G1 X111.068 Y135.089 E.00897
G1 X110.85 Y134.901 E.00884
G1 X110.596 Y134.755 E.00903
G1 X110.266 Y134.654 E.01059
G1 X109.978 Y134.632 E.00889
G1 X109.69 Y134.665 E.0089
G1 X109.463 Y134.734 E.00729
G1 X109.21 Y134.866 E.00876
G1 X108.982 Y135.048 E.00897
G1 X108.798 Y135.269 E.00884
G1 X108.659 Y135.523 E.0089
G1 X108.584 Y135.75 E.00734
G1 X108.543 Y136.089 E.01051
G1 X108.573 Y136.377 E.00889
G1 X108.658 Y136.659 E.00903
G1 X108.827 Y136.956 E.01051
G1 X108.982 Y137.134 E.00726
G1 X109.163 Y137.286 E.00726
G1 X109.464 Y137.449 E.0105
G1 X109.742 Y137.528 E.00889
G1 X110.033 Y137.552 E.00897
G1 X110.319 Y137.517 E.00884
G1 X110.597 Y137.427 E.00897
G1 X110.847 Y137.284 E.00884
G1 X111.069 Y137.092 E.00903
G1 X111.272 Y136.817 E.01051
G1 X111.372 Y136.603 E.00726
G1 X111.437 Y136.378 E.0072
G1 X111.465 Y136.091 E.00885
G1 X111.443 Y135.864 E.00701
M204 S2000
G1 X111.827 Y135.761 F18000
M204 S1500
;TYPE:Inner wall
;WIDTH:0.45
G1 F1200
G1 X111.823 Y135.731 E.00102
G1 X111.739 Y135.435 E.0102
G1 X111.58 Y135.114 E.01189
G1 X111.355 Y134.819 E.01228
G1 X111.078 Y134.58 E.01214
G1 X110.753 Y134.393 E.01245
G1 X110.34 Y134.266 E.01434
G1 X109.97 Y134.238 E.01229
G1 X109.609 Y134.279 E.01205
G1 X109.314 Y134.37 E.01025
G1 X108.996 Y134.536 E.01189
G1 X108.706 Y134.766 E.01228
G1 X108.472 Y135.048 E.01214
G1 X108.297 Y135.366 E.01205
G1 X108.199 Y135.665 E.01042
G1 X108.149 Y136.086 E.01409
G1 X108.187 Y136.455 E.01229
G1 X108.295 Y136.814 E.01245
G1 X108.505 Y137.184 E.0141
G1 X108.707 Y137.415 E.01017
G1 X108.942 Y137.612 E.01017
G1 X109.315 Y137.814 E.01409
G1 X109.672 Y137.915 E.01229
G1 X110.041 Y137.946 E.01228
G1 X110.404 Y137.902 E.01214
G1 X110.756 Y137.787 E.01228
G1 X111.074 Y137.605 E.01214
G1 X111.358 Y137.36 E.01245
G1 X111.611 Y137.019 E.0141
G1 X111.741 Y136.741 E.01017
G1 X111.823 Y136.452 E.00997
G1 X111.859 Y136.091 E.01201
G1 X111.829 Y135.781 E.01033
M204 S2000
G1 X112.095 Y135.756 F18000
;TYPE:Gap infill
;WIDTH:0.174721
G1 F1200
G1 X112.088 Y135.686 E.00076
G1 X111.99 Y135.344 E.00382
G1 X111.811 Y134.977 E.00438
G1 X111.546 Y134.631 E.00468
G1 X111.239 Y134.364 E.00437
G1 X110.867 Y134.149 E.00462
G1 X110.397 Y134.003 E.00528
G1 X109.971 Y133.971 E.00459
G1 X109.56 Y134.018 E.00444
G1 X109.218 Y134.121 E.00384
G1 X108.855 Y134.307 E.00438
G1 X108.523 Y134.569 E.00454
G1 X108.253 Y134.891 E.00451
G1 X108.052 Y135.253 E.00445
G1 X107.937 Y135.6 E.00392
G1 X107.881 Y136.077 E.00516
G1 X107.922 Y136.502 E.00458
G1 X108.047 Y136.913 E.00462
G1 X108.281 Y137.335 E.00518
G1 X108.516 Y137.602 E.00383
G1 X108.796 Y137.839 E.00393
G1 X109.221 Y138.064 E.00517
G1 X109.63 Y138.179 E.00456
G1 X110.039 Y138.213 E.00441
G1 X110.468 Y138.161 E.00463
G1 X110.87 Y138.028 E.00455
G1 X111.225 Y137.829 E.00437
G1 X111.549 Y137.546 E.00462
G1 X111.732 Y137.32 E.00313
G1 X111.95 Y136.941 E.00469
G1 X112.085 Y136.507 E.00488
G1 X112.127 Y136.098 E.00443
G1 X112.097 Y135.776 E.00347
; stop printing object separador_timon.stl id:1 copy 0
; end of layer_num: 35, T: 0, print_z: 7.040000
;LAYER_CHANGE
;Z:7.24
;HEIGHT:0.2
; BEFORE_LAYER_CHANGE 35 @ 7.24mm
G92 E0
; AFTER_LAYER_CHANGE 35 @ 7.24mm
; start of layer_num: 36, T: 0, print_z: 7.240000
; printing object "separador_timon.stl" id:0 copy 0
G1 E-.8 F3600
G1 X107.451 Y108.868 Z7.24 F18000
G1 E.8 F3600
M204 S1000
;TYPE:Outer wall
;WIDTH:0.42
G1 F1200
G1 X107.572 Y108.626 E.00832
G1 X107.726 Y108.384 E.00883
G1 X107.905 Y108.158 E.00883
G1 X108.105 Y107.953 E.00883
G1 X108.326 Y107.769 E.00883
G1 X108.564 Y107.608 E.00883
G1 X108.817 Y107.473 E.00883
G1 X109.083 Y107.365 E.00883
G1 X109.359 Y107.285 E.00883
G1 X109.638 Y107.234 E.0087
G1 X110.135 Y107.215 E.01529
G1 X110.358 Y107.233 E.00686
G1 X110.641 Y107.285 E.00885
G1 X110.917 Y107.365 E.00883
G1 X111.183 Y107.473 E.00883
G1 X111.436 Y107.608 E.00883
G1 X111.674 Y107.769 E.00883
G1 X111.895 Y107.953 E.00883
G1 X112.095 Y108.158 E.00883
G1 X112.274 Y108.384 E.00883
G1 X112.428 Y108.626 E.00883
G1 X112.556 Y108.883 E.00883
G1 X112.658 Y109.152 E.00883
G1 X112.731 Y109.429 E.00883
G1 X112.775 Y109.71 E.00874
G1 X112.786 Y110.144 E.01331
G1 X112.73 Y110.573 E.01331
G1 X112.658 Y110.848 E.00874
G1 X112.556 Y111.117 E.00883
G1 X112.428 Y111.374 E.00883
G1 X112.274 Y111.616 E.00883
G1 X112.095 Y111.842 E.00883
G1 X111.895 Y112.047 E.00883
G1 X111.674 Y112.231 E.00883
G1 X111.439 Y112.389 E.0087
G1 X110.992 Y112.606 E.01529
G1 X110.78 Y112.678 E.00686
G1 X110.5 Y112.745 E.00885
G1 X110.215 Y112.781 E.00883
G1 X109.928 Y112.789 E.00883
G1 X109.642 Y112.767 E.00883
G1 X109.359 Y112.715 E.00883
G1 X109.083 Y112.635 E.00883
G1 X108.817 Y112.527 E.00883
G1 X108.564 Y112.392 E.00883
G1 X108.326 Y112.231 E.00883
G1 X108.105 Y112.047 E.00883
G1 X107.905 Y111.842 E.00883
G1 X107.726 Y111.616 E.00883
G1 X107.572 Y111.374 E.00883
G1 X107.444 Y111.117 E.00883
G1 X107.342 Y110.848 E.00883
G1 X107.269 Y110.571 E.00883
G1 X107.225 Y110.29 E.00874
G1 X107.214 Y109.856 E.01331
G1 X107.27 Y109.427 E.01331
G1 X107.342 Y109.152 E.00874
G1 X107.442 Y108.886 E.00871
M204 S2000
G1 X107.803 Y109.04 F18000
M204 S1500
;TYPE:Inner wall
;WIDTH:0.45
G1 F1200
G1 X107.914 Y108.819 E.00819
G1 X108.046 Y108.611 E.00819
G1 X108.199 Y108.418 E.00819
G1 X108.372 Y108.241 E.00819
G1 X108.561 Y108.083 E.00819
G1 X108.766 Y107.945 E.00819
G1 X108.984 Y107.829 E.00819
G1 X109.212 Y107.736 E.00819
G1 X109.449 Y107.667 E.00819
G1 X109.681 Y107.625 E.00781
G1 X110.126 Y107.607 E.01479
G1 X110.306 Y107.622 E.00598
G1 X110.551 Y107.667 E.00825
G1 X110.788 Y107.736 E.00819
G1 X111.016 Y107.829 E.00819
G1 X111.234 Y107.945 E.00819
G1 X111.439 Y108.083 E.00819
G1 X111.628 Y108.241 E.00819
G1 X111.801 Y108.418 E.00819
G1 X111.954 Y108.611 E.00819
G1 X112.086 Y108.819 E.00819
G1 X112.197 Y109.04 E.00819
G1 X112.284 Y109.271 E.00819
G1 X112.346 Y109.51 E.00819
G1 X112.383 Y109.746 E.00793
G1 X112.393 Y110.123 E.01253
G1 X112.344 Y110.498 E.01253
G1 X112.284 Y110.729 E.00793
G1 X112.197 Y110.96 E.00819
G1 X112.086 Y111.181 E.00819
G1 X111.954 Y111.389 E.00819
G1 X111.801 Y111.582 E.00819
G1 X111.628 Y111.759 E.00819
G1 X111.439 Y111.917 E.00819
G1 X111.244 Y112.049 E.00781
G1 X110.842 Y112.243 E.01479
G1 X110.672 Y112.301 E.00598
G1 X110.43 Y112.358 E.00825
G1 X110.185 Y112.39 E.00819
G1 X109.938 Y112.396 E.00819
G1 X109.692 Y112.377 E.00819
G1 X109.449 Y112.333 E.00819
G1 X109.212 Y112.264 E.00819
G1 X108.984 Y112.171 E.00819
G1 X108.766 Y112.055 E.00819
G1 X108.561 Y111.917 E.00819
G1 X108.372 Y111.759 E.00819
G1 X108.199 Y111.582 E.00819
G1 X108.046 Y111.389 E.00819
G1 X107.914 Y111.181 E.00819
G1 X107.803 Y110.96 E.00819
G1 X107.716 Y110.729 E.00819
G1 X107.654 Y110.49 E.00819
G1 X107.617 Y110.254 E.00793
G1 X107.607 Y109.877 E.01253
G1 X107.656 Y109.502 E.01253
G1 X107.716 Y109.271 E.00793
G1 X107.796 Y109.059 E.00752
M204 S2000
G1 E-.8 F3600
G1 X111.436 Y109.744 F18000
G1 E.8 F3600
M204 S1000
;TYPE:Outer wall
;WIDTH:0.42
G1 F1200
G1 X111.432 Y109.709 E.00108
G1 X111.324 Y109.381 E.01063
G1 X111.142 Y109.089 E.01056
G1 X110.98 Y108.917 E.00726
G1 X110.793 Y108.773 E.00726
G1 X110.488 Y108.623 E.01043
G1 X110.258 Y108.562 E.00734
G1 X109.972 Y108.54 E.00881
G1 X109.685 Y108.573 E.00886
G1 X109.459 Y108.643 E.00729
G1 X109.205 Y108.776 E.00881
G1 X108.977 Y108.957 E.00893
G1 X108.793 Y109.179 E.00889
G1 X108.654 Y109.432 E.00886
G1 X108.579 Y109.659 E.00734
G1 X108.538 Y110 E.01056
G1 X108.579 Y110.341 E.01056
G1 X108.655 Y110.57 E.00739
G1 X108.822 Y110.865 E.01043
G1 X108.98 Y111.046 E.00739
G1 X109.249 Y111.253 E.01043
G1 X109.461 Y111.358 E.00726
G1 X109.687 Y111.427 E.00726
G1 X110.025 Y111.461 E.01043
G1 X110.264 Y111.437 E.00739
G1 X110.589 Y111.337 E.01043
G1 X110.8 Y111.222 E.00739
G1 X111.064 Y111.002 E.01056
G1 X111.268 Y110.726 E.01056
G1 X111.368 Y110.512 E.00726
G1 X111.432 Y110.286 E.0072
G1 X111.461 Y110 E.00885
G1 X111.438 Y109.764 E.00728
M204 S2000
G1 X111.807 Y109.593 F18000
M204 S1500
;TYPE:Inner wall
;WIDTH:0.45
G1 F1200
G1 X111.682 Y109.214 E.01325
G1 X111.454 Y108.849 E.01426
G1 X111.244 Y108.626 E.01017
G1 X111.001 Y108.438 E.01017
G1 X110.626 Y108.254 E.01385
G1 X110.323 Y108.174 E.01041
G1 X109.964 Y108.147 E.01194
G1 X109.605 Y108.188 E.012
G1 X109.309 Y108.279 E.01025
G1 X108.99 Y108.445 E.01194
G1 X108.701 Y108.675 E.01224
G1 X108.467 Y108.958 E.01219
G1 X108.293 Y109.275 E.012
G1 X108.195 Y109.573 E.01042
G1 X108.144 Y110 E.01426
G1 X108.195 Y110.427 E.01426
G1 X108.294 Y110.729 E.01057
G1 X108.501 Y111.093 E.01385
G1 X108.71 Y111.333 E.01057
G1 X109.041 Y111.588 E.01385
G1 X109.316 Y111.723 E.01017
G1 X109.609 Y111.813 E.01017
G1 X110.025 Y111.855 E.01385
G1 X110.342 Y111.823 E.01057
G1 X110.741 Y111.7 E.01385
G1 X111.021 Y111.548 E.01057
G1 X111.351 Y111.273 E.01426
G1 X111.607 Y110.927 E.01426
G1 X111.737 Y110.649 E.01017
G1 X111.819 Y110.36 E.00997
G1 X111.855 Y110 E.01202
G1 X111.818 Y109.628 E.01242
G1 X111.813 Y109.612 E.00054
G1 E-.8 F3600
M204 S2000
G1 X112.07 Y109.543 F18000
G1 E.8 F3600
;TYPE:Gap infill
;WIDTH:0.175662
G1 F1200
G1 X112.019 Y109.355 E.0021
G1 X111.925 Y109.108 E.00287
G1 X111.846 Y108.955 E.00186
G1 X111.67 Y108.691 E.00344
G1 X111.426 Y108.432 E.00385
G1 X111.137 Y108.209 E.00395
G1 X110.725 Y108.007 E.00496
G1 X110.362 Y107.907 E.00408
G1 X109.965 Y107.88 E.00431
G1 X109.556 Y107.926 E.00445
G1 X109.213 Y108.029 E.00387
G1 X108.849 Y108.217 E.00443
G1 X108.518 Y108.479 E.00456
G1 X108.247 Y108.801 E.00456
G1 X108.047 Y109.162 E.00446
G1 X107.923 Y109.556 E.00448
G1 X107.876 Y109.993 E.00475
G1 X107.934 Y110.478 E.00529
G1 X108.049 Y110.832 E.00402
G1 X108.155 Y111.044 E.00257
G1 X108.281 Y111.241 E.00253
G1 X108.52 Y111.525 E.00402
G1 X108.903 Y111.821 E.00524
G1 X109.222 Y111.974 E.00382
G1 X109.563 Y112.075 E.00384
G1 X110.031 Y112.121 E.00509
G1 X110.4 Y112.082 E.00402
G1 X110.839 Y111.949 E.00496
G1 X111.167 Y111.774 E.00402
G1 X111.54 Y111.46 E.00527
G1 X111.728 Y111.228 E.00323
G1 X111.945 Y110.85 E.00472
G1 X112.078 Y110.444 E.00462
G1 X112.123 Y110.006 E.00476
G1 X112.076 Y109.566 E.00479
G1 X112.075 Y109.562 E.00004
; stop printing object separador_timon.stl id:0 copy 0
; printing object "separador_timon.stl" id:1 copy 0
G1 E-.8 F3600
G1 X107.455 Y134.96 F18000
G1 E.8 F3600
M204 S1000
;TYPE:Outer wall
;WIDTH:0.42
G1 F1200
G1 X107.577 Y134.717 E.00832
G1 X107.731 Y134.475 E.00883
G1 X107.909 Y134.25 E.00883
G1 X108.109 Y134.044 E.00883
G1 X108.33 Y133.86 E.00883
G1 X108.568 Y133.7 E.00883
G1 X108.822 Y133.565 E.00883
G1 X109.088 Y133.456 E.00883
G1 X109.364 Y133.376 E.00883
G1 X109.642 Y133.325 E.0087
G1 X110.139 Y133.306 E.01529
G1 X110.362 Y133.325 E.00686
G1 X110.645 Y133.376 E.00885
G1 X110.921 Y133.456 E.00883
G1 X111.187 Y133.565 E.00883
G1 X111.441 Y133.7 E.00883
G1 X111.679 Y133.86 E.00883
G1 X111.899 Y134.044 E.00883
G1 X112.1 Y134.25 E.00883
G1 X112.278 Y134.475 E.00883
G1 X112.432 Y134.717 E.00883
G1 X112.561 Y134.974 E.00883
G1 X112.662 Y135.243 E.00883
G1 X112.735 Y135.521 E.00883
G1 X112.779 Y135.802 E.00874
G1 X112.79 Y136.235 E.01331
G1 X112.734 Y136.665 E.01331
G1 X112.662 Y136.94 E.00874
G1 X112.561 Y137.208 E.00883
G1 X112.432 Y137.465 E.00883
G1 X112.278 Y137.708 E.00883
G1 X112.1 Y137.933 E.00883
G1 X111.899 Y138.139 E.00883
G1 X111.679 Y138.323 E.00883
G1 X111.444 Y138.481 E.0087
G1 X110.996 Y138.698 E.01529
G1 X110.785 Y138.77 E.00686
G1 X110.505 Y138.836 E.00885
G1 X110.22 Y138.873 E.00883
G1 X109.933 Y138.88 E.00883
G1 X109.646 Y138.858 E.00883
G1 X109.364 Y138.806 E.00883
G1 X109.088 Y138.726 E.00883
G1 X108.822 Y138.618 E.00883
G1 X108.568 Y138.483 E.00883
G1 X108.33 Y138.323 E.00883
G1 X108.109 Y138.139 E.00883
G1 X107.909 Y137.933 E.00883
G1 X107.731 Y137.708 E.00883
G1 X107.577 Y137.465 E.00883
G1 X107.448 Y137.208 E.00883
G1 X107.347 Y136.94 E.00883
G1 X107.274 Y136.662 E.00883
G1 X107.23 Y136.381 E.00874
G1 X107.219 Y135.948 E.01331
G1 X107.274 Y135.518 E.01331
G1 X107.347 Y135.243 E.00874
G1 X107.447 Y134.978 E.00871
M204 S2000
G1 X107.808 Y135.131 F18000
M204 S1500
;TYPE:Inner wall
;WIDTH:0.45
G1 F1200
G1 X107.918 Y134.911 E.00819
G1 X108.051 Y134.702 E.00819
G1 X108.204 Y134.509 E.00819
G1 X108.376 Y134.332 E.00819
G1 X108.566 Y134.174 E.00819
G1 X108.77 Y134.036 E.00819
G1 X108.988 Y133.92 E.00819
G1 X109.217 Y133.827 E.00819
G1 X109.454 Y133.758 E.00819
G1 X109.685 Y133.716 E.00781
G1 X110.131 Y133.699 E.01479
G1 X110.31 Y133.714 E.00598
G1 X110.555 Y133.758 E.00825
G1 X110.792 Y133.827 E.00819
G1 X111.021 Y133.92 E.00819
G1 X111.238 Y134.036 E.00819
G1 X111.443 Y134.174 E.00819
G1 X111.633 Y134.332 E.00819
G1 X111.805 Y134.509 E.00819
G1 X111.958 Y134.702 E.00819
G1 X112.091 Y134.911 E.00819
G1 X112.201 Y135.131 E.00819
G1 X112.288 Y135.362 E.00819
G1 X112.351 Y135.601 E.00819
G1 X112.388 Y135.837 E.00793
G1 X112.397 Y136.215 E.01253
G1 X112.349 Y136.589 E.01253
G1 X112.288 Y136.82 E.00793
G1 X112.201 Y137.051 E.00819
G1 X112.091 Y137.272 E.00819
G1 X111.958 Y137.48 E.00819
G1 X111.805 Y137.674 E.00819
G1 X111.633 Y137.85 E.00819
G1 X111.443 Y138.009 E.00819
G1 X111.248 Y138.14 E.00781
G1 X110.847 Y138.334 E.01479
G1 X110.676 Y138.392 E.00598
G1 X110.434 Y138.45 E.00825
G1 X110.189 Y138.481 E.00819
G1 X109.943 Y138.488 E.00819
G1 X109.697 Y138.469 E.00819
G1 X109.454 Y138.424 E.00819
G1 X109.217 Y138.355 E.00819
G1 X108.988 Y138.262 E.00819
G1 X108.77 Y138.146 E.00819
G1 X108.566 Y138.009 E.00819
G1 X108.376 Y137.85 E.00819
G1 X108.204 Y137.674 E.00819
G1 X108.051 Y137.48 E.00819
G1 X107.918 Y137.272 E.00819
G1 X107.808 Y137.051 E.00819
G1 X107.721 Y136.82 E.00819
G1 X107.658 Y136.582 E.00819
G1 X107.621 Y136.345 E.00793
G1 X107.611 Y135.968 E.01253
G1 X107.66 Y135.593 E.01253
G1 X107.721 Y135.362 E.00793
G1 X107.801 Y135.15 E.00752
M204 S2000
G1 E-.8 F3600
G1 X111.44 Y135.836 F18000
G1 E.8 F3600
M204 S1000
;TYPE:Outer wall
;WIDTH:0.42
G1 F1200
G1 X111.436 Y135.801 E.00108
G1 X111.328 Y135.472 E.01063
G1 X111.147 Y135.18 E.01056
G1 X110.985 Y135.008 E.00726
G1 X110.797 Y134.864 E.00726
G1 X110.493 Y134.714 E.01043
G1 X110.262 Y134.653 E.00734
G1 X109.976 Y134.632 E.00881
G1 X109.69 Y134.665 E.00886
G1 X109.463 Y134.734 E.00729
G1 X109.209 Y134.867 E.00881
G1 X108.982 Y135.048 E.00893
G1 X108.797 Y135.27 E.00889
G1 X108.658 Y135.523 E.00886
G1 X108.584 Y135.75 E.00734
G1 X108.543 Y136.091 E.01056
G1 X108.584 Y136.432 E.01056
G1 X108.659 Y136.661 E.00739
G1 X108.827 Y136.956 E.01043
G1 X108.985 Y137.138 E.00739
G1 X109.254 Y137.345 E.01043
G1 X109.466 Y137.449 E.00726
G1 X109.691 Y137.518 E.00726
G1 X110.029 Y137.552 E.01043
G1 X110.269 Y137.528 E.00739
G1 X110.593 Y137.428 E.01043
G1 X110.804 Y137.314 E.00739
G1 X111.068 Y137.093 E.01056
G1 X111.272 Y136.817 E.01056
G1 X111.372 Y136.603 E.00726
G1 X111.437 Y136.378 E.0072
G1 X111.465 Y136.091 E.00885
G1 X111.442 Y135.856 E.00728
M204 S2000
G1 X111.811 Y135.684 F18000
M204 S1500
;TYPE:Inner wall
;WIDTH:0.45
G1 F1200
G1 X111.686 Y135.305 E.01325
G1 X111.459 Y134.94 E.01426
G1 X111.249 Y134.717 E.01017
G1 X111.006 Y134.53 E.01017
G1 X110.631 Y134.345 E.01385
G1 X110.327 Y134.265 E.01041
G1 X109.968 Y134.238 E.01194
G1 X109.609 Y134.279 E.012
G1 X109.314 Y134.37 E.01025
G1 X108.994 Y134.537 E.01194
G1 X108.706 Y134.766 E.01224
G1 X108.471 Y135.049 E.01219
G1 X108.297 Y135.366 E.012
G1 X108.199 Y135.665 E.01042
G1 X108.148 Y136.091 E.01426
G1 X108.199 Y136.518 E.01426
G1 X108.299 Y136.821 E.01057
G1 X108.505 Y137.184 E.01385
G1 X108.714 Y137.424 E.01057
G1 X109.045 Y137.679 E.01385
G1 X109.321 Y137.815 E.01017
G1 X109.614 Y137.905 E.01017
G1 X110.029 Y137.946 E.01385
G1 X110.346 Y137.914 E.01057
G1 X110.746 Y137.792 E.01385
G1 X111.026 Y137.64 E.01057
G1 X111.356 Y137.364 E.01426
G1 X111.611 Y137.019 E.01426
G1 X111.741 Y136.741 E.01017
G1 X111.823 Y136.452 E.00997
G1 X111.859 Y136.091 E.01202
G1 X111.822 Y135.719 E.01242
G1 X111.817 Y135.703 E.00054
M204 S2000
G1 X112.074 Y135.634 F18000
;TYPE:Gap infill
;WIDTH:0.175662
G1 F1200
G1 X112.024 Y135.447 E.0021
G1 X111.929 Y135.199 E.00287
G1 X111.85 Y135.047 E.00186
G1 X111.674 Y134.782 E.00344
G1 X111.431 Y134.523 E.00385
G1 X111.141 Y134.301 E.00395
G1 X110.73 Y134.099 E.00496
G1 X110.366 Y133.998 E.00408
G1 X109.969 Y133.971 E.00431
G1 X109.56 Y134.018 E.00445
G1 X109.217 Y134.121 E.00387
G1 X108.853 Y134.308 E.00443
G1 X108.523 Y134.57 E.00456
G1 X108.252 Y134.892 E.00456
G1 X108.052 Y135.253 E.00446
G1 X107.927 Y135.648 E.00448
G1 X107.881 Y136.084 E.00475
G1 X107.938 Y136.57 E.00529
G1 X108.054 Y136.923 E.00402
G1 X108.16 Y137.135 E.00257
G1 X108.285 Y137.332 E.00253
G1 X108.524 Y137.616 E.00402
G1 X108.908 Y137.913 E.00524
G1 X109.226 Y138.065 E.00382
G1 X109.567 Y138.166 E.00384
G1 X110.035 Y138.212 E.00509
G1 X110.405 Y138.174 E.00402
G1 X110.843 Y138.04 E.00496
G1 X111.171 Y137.865 E.00402
G1 X111.544 Y137.552 E.00527
G1 X111.732 Y137.32 E.00323
G1 X111.949 Y136.941 E.00472
G1 X112.082 Y136.535 E.00462
G1 X112.127 Y136.098 E.00476
G1 X112.081 Y135.657 E.00479
G1 X112.08 Y135.654 E.00004
; stop printing object separador_timon.stl id:1 copy 0
; end of layer_num: 36, T: 0, print_z: 7.240000
;LAYER_CHANGE
;Z:7.44
;HEIGHT:0.2
; BEFORE_LAYER_CHANGE 36 @ 7.44mm
G92 E0
; AFTER_LAYER_CHANGE 36 @ 7.44mm
; start of layer_num: 37, T: 0, print_z: 7.440000
; printing object "separador_timon.stl" id:0 copy 0
G1 E-.8 F3600
G1 X107.451 Y108.869 Z7.44 F18000
G1 E.8 F3600
M204 S1000
;TYPE:Outer wall
;WIDTH:0.42
G1 F1200
G1 X107.572 Y108.626 E.00835
G1 X107.726 Y108.384 E.00883
G1 X107.905 Y108.158 E.00883
G1 X108.105 Y107.953 E.00883
G1 X108.326 Y107.769 E.00883
G1 X108.564 Y107.608 E.00883
G1 X108.817 Y107.473 E.00883
G1 X109.083 Y107.365 E.00883
G1 X109.359 Y107.285 E.00883
G1 X109.638 Y107.234 E.0087
G1 X110.133 Y107.214 E.01521
G1 X110.358 Y107.233 E.00694
G1 X110.641 Y107.285 E.00885
G1 X110.917 Y107.365 E.00883
G1 X111.183 Y107.473 E.00883
G1 X111.436 Y107.608 E.00883
G1 X111.674 Y107.769 E.00883
G1 X111.895 Y107.953 E.00883
G1 X112.095 Y108.158 E.00883
G1 X112.274 Y108.384 E.00883
G1 X112.428 Y108.626 E.00883
G1 X112.556 Y108.883 E.00883
G1 X112.658 Y109.152 E.00883
G1 X112.731 Y109.429 E.00883
G1 X112.775 Y109.71 E.00874
G1 X112.786 Y110.144 E.01331
G1 X112.73 Y110.573 E.01331
G1 X112.658 Y110.848 E.00874
G1 X112.556 Y111.117 E.00883
G1 X112.428 Y111.374 E.00883
G1 X112.274 Y111.616 E.00883
G1 X112.095 Y111.842 E.00883
G1 X111.897 Y112.045 E.00874
G1 X111.555 Y112.316 E.0134
G1 X111.311 Y112.462 E.00874
G1 X111.051 Y112.584 E.00883
G1 X110.78 Y112.679 E.00883
G1 X110.5 Y112.745 E.00883
G1 X110.215 Y112.781 E.00883
G1 X109.928 Y112.789 E.00883
G1 X109.642 Y112.767 E.00883
G1 X109.359 Y112.715 E.00883
G1 X109.083 Y112.635 E.00883
G1 X108.817 Y112.527 E.00883
G1 X108.564 Y112.392 E.00883
G1 X108.329 Y112.234 E.0087
G1 X107.961 Y111.902 E.01521
G1 X107.813 Y111.732 E.00694
G1 X107.646 Y111.497 E.00885
G1 X107.505 Y111.247 E.00883
G1 X107.39 Y110.984 E.00883
G1 X107.302 Y110.71 E.00883
G1 X107.244 Y110.429 E.00883
G1 X107.214 Y110.144 E.00883
G1 X107.214 Y109.859 E.00874
G1 X107.27 Y109.427 E.0134
G1 X107.342 Y109.152 E.00874
G1 X107.442 Y108.887 E.00869
M204 S2000
G1 X107.803 Y109.04 F18000
M204 S1500
;TYPE:Inner wall
;WIDTH:0.45
G1 F1200
G1 X107.914 Y108.819 E.00819
G1 X108.046 Y108.611 E.00819
G1 X108.199 Y108.418 E.00819
G1 X108.372 Y108.241 E.00819
G1 X108.561 Y108.083 E.00819
G1 X108.766 Y107.945 E.00819
G1 X108.984 Y107.829 E.00819
G1 X109.212 Y107.736 E.00819
G1 X109.449 Y107.667 E.00819
G1 X109.681 Y107.625 E.00781
G1 X110.124 Y107.607 E.0147
G1 X110.306 Y107.622 E.00606
G1 X110.551 Y107.667 E.00825
G1 X110.788 Y107.736 E.00819
G1 X111.016 Y107.829 E.00819
G1 X111.234 Y107.945 E.00819
G1 X111.439 Y108.083 E.00819
G1 X111.628 Y108.241 E.00819
G1 X111.801 Y108.418 E.00819
G1 X111.954 Y108.611 E.00819
G1 X112.086 Y108.819 E.00819
G1 X112.197 Y109.04 E.00819
G1 X112.284 Y109.271 E.00819
G1 X112.346 Y109.51 E.00819
G1 X112.383 Y109.746 E.00793
G1 X112.393 Y110.123 E.01253
G1 X112.344 Y110.498 E.01253
G1 X112.284 Y110.729 E.00793
G1 X112.197 Y110.96 E.00819
G1 X112.086 Y111.181 E.00819
G1 X111.954 Y111.389 E.00819
G1 X111.801 Y111.582 E.00819
G1 X111.634 Y111.754 E.00793
G1 X111.332 Y111.993 E.01279
G1 X111.127 Y112.116 E.00793
G1 X110.903 Y112.221 E.00819
G1 X110.67 Y112.302 E.00819
G1 X110.43 Y112.358 E.00819
G1 X110.185 Y112.39 E.00819
G1 X109.938 Y112.396 E.00819
G1 X109.692 Y112.377 E.00819
G1 X109.449 Y112.333 E.00819
G1 X109.212 Y112.264 E.00819
G1 X108.984 Y112.171 E.00819
G1 X108.766 Y112.055 E.00819
G1 X108.571 Y111.924 E.00781
G1 X108.241 Y111.627 E.0147
G1 X108.121 Y111.489 E.00606
G1 X107.977 Y111.287 E.00825
G1 X107.856 Y111.072 E.00819
G1 X107.757 Y110.846 E.00819
G1 X107.682 Y110.61 E.00819
G1 X107.631 Y110.369 E.00819
G1 X107.606 Y110.123 E.00819
G1 X107.606 Y109.884 E.00793
G1 X107.656 Y109.502 E.01279
G1 X107.716 Y109.271 E.00793
G1 X107.796 Y109.059 E.00752
M204 S2000
G1 E-.8 F3600
G1 X111.435 Y109.738 F18000
G1 E.8 F3600
M204 S1000
;TYPE:Outer wall
;WIDTH:0.42
G1 F1200
G1 X111.431 Y109.707 E.00094
G1 X111.325 Y109.385 E.01043
G1 X111.206 Y109.176 E.00739
G1 X110.984 Y108.92 E.01043
G1 X110.793 Y108.773 E.00739
G1 X110.488 Y108.623 E.01043
G1 X110.258 Y108.562 E.00734
G1 X109.97 Y108.54 E.00885
G1 X109.685 Y108.573 E.00881
G1 X109.459 Y108.643 E.00729
G1 X109.203 Y108.776 E.00885
G1 X108.979 Y108.955 E.00881
G1 X108.822 Y109.135 E.00734
G1 X108.653 Y109.433 E.01051
G1 X108.569 Y109.712 E.00898
G1 X108.539 Y110 E.00889
G1 X108.569 Y110.289 E.00893
G1 X108.653 Y110.567 E.00894
G1 X108.822 Y110.865 E.01051
G1 X108.979 Y111.045 E.00734
G1 X109.205 Y111.224 E.00885
G1 X109.461 Y111.358 E.00889
G1 X109.741 Y111.437 E.00893
G1 X110.031 Y111.461 E.00894
G1 X110.369 Y111.414 E.01051
G1 X110.596 Y111.334 E.00739
G1 X110.888 Y111.16 E.01043
G1 X111.065 Y111 E.00734
G1 X111.24 Y110.771 E.00885
G1 X111.367 Y110.514 E.00881
G1 X111.433 Y110.284 E.00734
G1 X111.46 Y109.946 E.01043
G1 X111.437 Y109.758 E.00583
M204 S2000
G1 X111.82 Y109.655 F18000
M204 S1500
;TYPE:Inner wall
;WIDTH:0.45
G1 F1200
G1 X111.816 Y109.622 E.00111
G1 X111.685 Y109.225 E.01385
G1 X111.528 Y108.948 E.01057
G1 X111.254 Y108.633 E.01385
G1 X111.001 Y108.438 E.01057
G1 X110.626 Y108.254 E.01385
G1 X110.323 Y108.174 E.01042
G1 X109.962 Y108.147 E.01199
G1 X109.605 Y108.188 E.01195
G1 X109.309 Y108.279 E.01025
G1 X108.989 Y108.446 E.01199
G1 X108.707 Y108.671 E.01195
G1 X108.501 Y108.907 E.01041
G1 X108.291 Y109.277 E.0141
G1 X108.183 Y109.635 E.0124
G1 X108.145 Y110 E.01219
G1 X108.183 Y110.367 E.01223
G1 X108.291 Y110.723 E.01235
G1 X108.501 Y111.093 E.01409
G1 X108.707 Y111.329 E.01041
G1 X108.99 Y111.555 E.01199
G1 X109.316 Y111.725 E.01219
G1 X109.671 Y111.824 E.01223
G1 X110.042 Y111.855 E.01235
G1 X110.463 Y111.796 E.01409
G1 X110.763 Y111.691 E.01057
G1 X111.122 Y111.477 E.01385
G1 X111.355 Y111.266 E.01042
G1 X111.574 Y110.979 E.01199
G1 X111.735 Y110.656 E.01195
G1 X111.821 Y110.355 E.01041
G1 X111.854 Y109.938 E.01385
G1 X111.822 Y109.675 E.0088
G1 E-.8 F3600
M204 S2000
G1 X112.084 Y109.642 F18000
G1 E.8 F3600
;TYPE:Gap infill
;WIDTH:0.175663
G1 F1200
G1 X112.074 Y109.558 E.00092
G1 X112.019 Y109.355 E.00227
G1 X111.926 Y109.112 E.00282
G1 X111.741 Y108.79 E.00402
G1 X111.44 Y108.444 E.00496
G1 X111.137 Y108.209 E.00415
G1 X110.725 Y108.007 E.00496
G1 X110.362 Y107.906 E.00408
G1 X109.963 Y107.88 E.00432
G1 X109.555 Y107.926 E.00444
G1 X109.213 Y108.029 E.00387
G1 X108.847 Y108.218 E.00445
G1 X108.525 Y108.472 E.00444
G1 X108.268 Y108.769 E.00424
G1 X108.046 Y109.164 E.0049
G1 X107.918 Y109.575 E.00466
G1 X107.878 Y109.994 E.00455
G1 X107.919 Y110.414 E.00457
G1 X108.042 Y110.822 E.00461
G1 X108.277 Y111.243 E.00521
G1 X108.518 Y111.518 E.00396
G1 X108.848 Y111.785 E.00458
G1 X109.223 Y111.976 E.00456
G1 X109.629 Y112.089 E.00456
G1 X110.056 Y112.122 E.00463
G1 X110.532 Y112.056 E.0052
G1 X110.882 Y111.929 E.00402
G1 X111.276 Y111.696 E.00496
G1 X111.547 Y111.451 E.00395
G1 X111.798 Y111.125 E.00445
G1 X111.982 Y110.758 E.00444
G1 X112.085 Y110.409 E.00394
G1 X112.121 Y109.939 E.0051
G1 X112.087 Y109.662 E.00302
; stop printing object separador_timon.stl id:0 copy 0
; printing object "separador_timon.stl" id:1 copy 0
G1 E-.8 F3600
G1 X107.455 Y134.96 F18000
G1 E.8 F3600
M204 S1000
;TYPE:Outer wall
;WIDTH:0.42
G1 F1200
G1 X107.577 Y134.717 E.00835
G1 X107.731 Y134.475 E.00883
G1 X107.909 Y134.25 E.00883
G1 X108.109 Y134.044 E.00883
G1 X108.33 Y133.86 E.00883
G1 X108.568 Y133.7 E.00883
G1 X108.822 Y133.565 E.00883
G1 X109.088 Y133.456 E.00883
G1 X109.364 Y133.376 E.00883
G1 X109.642 Y133.325 E.0087
G1 X110.137 Y133.306 E.01521
G1 X110.362 Y133.325 E.00694
G1 X110.645 Y133.376 E.00885
G1 X110.921 Y133.456 E.00883
G1 X111.187 Y133.565 E.00883
G1 X111.441 Y133.7 E.00883
G1 X111.679 Y133.86 E.00883
G1 X111.899 Y134.044 E.00883
G1 X112.1 Y134.25 E.00883
G1 X112.278 Y134.475 E.00883
G1 X112.432 Y134.717 E.00883
G1 X112.561 Y134.974 E.00883
G1 X112.662 Y135.243 E.00883
G1 X112.735 Y135.521 E.00883
G1 X112.779 Y135.802 E.00874
G1 X112.79 Y136.235 E.01331
G1 X112.734 Y136.665 E.01331
G1 X112.662 Y136.94 E.00874
G1 X112.561 Y137.208 E.00883
G1 X112.432 Y137.465 E.00883
G1 X112.278 Y137.708 E.00883
G1 X112.1 Y137.933 E.00883
G1 X111.901 Y138.137 E.00874
G1 X111.559 Y138.407 E.0134
G1 X111.315 Y138.554 E.00874
G1 X111.055 Y138.675 E.00883
G1 X110.784 Y138.77 E.00883
G1 X110.505 Y138.836 E.00883
G1 X110.22 Y138.873 E.00883
G1 X109.933 Y138.88 E.00883
G1 X109.646 Y138.858 E.00883
G1 X109.364 Y138.806 E.00883
G1 X109.088 Y138.726 E.00883
G1 X108.822 Y138.618 E.00883
G1 X108.568 Y138.483 E.00883
G1 X108.333 Y138.325 E.0087
G1 X107.965 Y137.994 E.01521
G1 X107.817 Y137.823 E.00694
G1 X107.65 Y137.588 E.00885
G1 X107.509 Y137.339 E.00883
G1 X107.394 Y137.075 E.00883
G1 X107.307 Y136.802 E.00883
G1 X107.248 Y136.521 E.00883
G1 X107.218 Y136.235 E.00883
G1 X107.218 Y135.95 E.00874
G1 X107.274 Y135.518 E.0134
G1 X107.347 Y135.243 E.00874
G1 X107.447 Y134.978 E.00869
M204 S2000
G1 X107.808 Y135.131 F18000
M204 S1500
;TYPE:Inner wall
;WIDTH:0.45
G1 F1200
G1 X107.918 Y134.911 E.00819
G1 X108.051 Y134.702 E.00819
G1 X108.204 Y134.509 E.00819
G1 X108.376 Y134.332 E.00819
G1 X108.566 Y134.174 E.00819
G1 X108.77 Y134.036 E.00819
G1 X108.988 Y133.92 E.00819
G1 X109.217 Y133.827 E.00819
G1 X109.454 Y133.758 E.00819
G1 X109.685 Y133.716 E.00781
G1 X110.128 Y133.698 E.0147
G1 X110.31 Y133.714 E.00606
G1 X110.555 Y133.758 E.00825
G1 X110.792 Y133.827 E.00819
G1 X111.021 Y133.92 E.00819
G1 X111.238 Y134.036 E.00819
G1 X111.443 Y134.174 E.00819
G1 X111.633 Y134.332 E.00819
G1 X111.805 Y134.509 E.00819
G1 X111.958 Y134.702 E.00819
G1 X112.091 Y134.911 E.00819
G1 X112.201 Y135.131 E.00819
G1 X112.288 Y135.362 E.00819
G1 X112.351 Y135.601 E.00819
G1 X112.388 Y135.837 E.00793
G1 X112.397 Y136.215 E.01253
G1 X112.349 Y136.589 E.01253
G1 X112.288 Y136.82 E.00793
G1 X112.201 Y137.051 E.00819
G1 X112.091 Y137.272 E.00819
G1 X111.958 Y137.48 E.00819
G1 X111.805 Y137.674 E.00819
G1 X111.638 Y137.845 E.00793
G1 X111.336 Y138.084 E.01279
G1 X111.131 Y138.207 E.00793
G1 X110.907 Y138.312 E.00819
G1 X110.674 Y138.393 E.00819
G1 X110.434 Y138.45 E.00819
G1 X110.189 Y138.481 E.00819
G1 X109.943 Y138.488 E.00819
G1 X109.697 Y138.469 E.00819
G1 X109.454 Y138.424 E.00819
G1 X109.217 Y138.355 E.00819
G1 X108.988 Y138.262 E.00819
G1 X108.77 Y138.146 E.00819
G1 X108.575 Y138.015 E.00781
G1 X108.246 Y137.718 E.0147
G1 X108.126 Y137.58 E.00606
G1 X107.982 Y137.378 E.00825
G1 X107.86 Y137.163 E.00819
G1 X107.761 Y136.937 E.00819
G1 X107.686 Y136.702 E.00819
G1 X107.636 Y136.46 E.00819
G1 X107.61 Y136.215 E.00819
G1 X107.61 Y135.976 E.00793
G1 X107.66 Y135.593 E.01279
G1 X107.721 Y135.362 E.00793
G1 X107.801 Y135.15 E.00752
M204 S2000
G1 E-.8 F3600
G1 X111.439 Y135.829 F18000
G1 E.8 F3600
M204 S1000
;TYPE:Outer wall
;WIDTH:0.42
G1 F1200
G1 X111.436 Y135.799 E.00094
G1 X111.33 Y135.476 E.01043
G1 X111.211 Y135.267 E.00739
G1 X110.988 Y135.011 E.01043
G1 X110.797 Y134.864 E.00739
G1 X110.493 Y134.714 E.01043
G1 X110.262 Y134.653 E.00734
G1 X109.975 Y134.632 E.00885
G1 X109.69 Y134.665 E.00881
G1 X109.463 Y134.734 E.00729
G1 X109.208 Y134.868 E.00885
G1 X108.983 Y135.046 E.00881
G1 X108.827 Y135.227 E.00734
G1 X108.658 Y135.524 E.01051
G1 X108.573 Y135.804 E.00898
G1 X108.543 Y136.091 E.00889
G1 X108.573 Y136.38 E.00893
G1 X108.658 Y136.659 E.00894
G1 X108.827 Y136.956 E.01051
G1 X108.984 Y137.136 E.00734
G1 X109.209 Y137.316 E.00885
G1 X109.465 Y137.449 E.00889
G1 X109.745 Y137.528 E.00893
G1 X110.035 Y137.552 E.00894
G1 X110.374 Y137.505 E.01051
G1 X110.601 Y137.425 E.00739
G1 X110.892 Y137.251 E.01043
G1 X111.069 Y137.091 E.00734
G1 X111.244 Y136.862 E.00885
G1 X111.372 Y136.605 E.00881
G1 X111.437 Y136.376 E.00734
G1 X111.464 Y136.037 E.01043
G1 X111.442 Y135.849 E.00583
M204 S2000
G1 X111.824 Y135.746 F18000
M204 S1500
;TYPE:Inner wall
;WIDTH:0.45
G1 F1200
G1 X111.82 Y135.713 E.00111
G1 X111.69 Y135.316 E.01385
G1 X111.532 Y135.039 E.01057
G1 X111.258 Y134.724 E.01385
G1 X111.006 Y134.53 E.01057
G1 X110.631 Y134.345 E.01385
G1 X110.327 Y134.265 E.01042
G1 X109.967 Y134.238 E.01199
G1 X109.609 Y134.279 E.01195
G1 X109.314 Y134.37 E.01025
G1 X108.993 Y134.538 E.01199
G1 X108.711 Y134.762 E.01195
G1 X108.505 Y134.999 E.01041
G1 X108.295 Y135.368 E.0141
G1 X108.187 Y135.726 E.0124
G1 X108.149 Y136.091 E.01219
G1 X108.187 Y136.458 E.01223
G1 X108.295 Y136.814 E.01235
G1 X108.505 Y137.184 E.01409
G1 X108.711 Y137.421 E.01041
G1 X108.994 Y137.646 E.01199
G1 X109.32 Y137.816 E.01219
G1 X109.675 Y137.916 E.01223
G1 X110.046 Y137.947 E.01235
G1 X110.467 Y137.888 E.01409
G1 X110.768 Y137.782 E.01057
G1 X111.126 Y137.568 E.01385
G1 X111.359 Y137.358 E.01042
G1 X111.579 Y137.07 E.01199
G1 X111.739 Y136.748 E.01195
G1 X111.825 Y136.446 E.01041
G1 X111.858 Y136.03 E.01385
G1 X111.827 Y135.766 E.0088
M204 S2000
G1 X112.089 Y135.734 F18000
;TYPE:Gap infill
;WIDTH:0.175663
G1 F1200
G1 X112.078 Y135.649 E.00092
G1 X112.024 Y135.447 E.00227
G1 X111.93 Y135.203 E.00282
G1 X111.745 Y134.881 E.00402
G1 X111.445 Y134.535 E.00496
G1 X111.141 Y134.301 E.00415
G1 X110.73 Y134.099 E.00496
G1 X110.366 Y133.998 E.00408
G1 X109.967 Y133.971 E.00432
G1 X109.56 Y134.018 E.00444
G1 X109.217 Y134.121 E.00387
G1 X108.852 Y134.309 E.00445
G1 X108.529 Y134.563 E.00444
G1 X108.272 Y134.86 E.00424
G1 X108.05 Y135.255 E.0049
G1 X107.923 Y135.666 E.00466
G1 X107.882 Y136.085 E.00455
G1 X107.923 Y136.505 E.00457
G1 X108.047 Y136.914 E.00461
G1 X108.281 Y137.335 E.00521
G1 X108.523 Y137.61 E.00396
G1 X108.852 Y137.876 E.00458
G1 X109.228 Y138.067 E.00456
G1 X109.634 Y138.18 E.00456
G1 X110.061 Y138.213 E.00463
G1 X110.536 Y138.147 E.0052
G1 X110.886 Y138.021 E.00402
G1 X111.281 Y137.787 E.00496
G1 X111.551 Y137.542 E.00395
G1 X111.802 Y137.216 E.00445
G1 X111.986 Y136.85 E.00444
G1 X112.089 Y136.5 E.00394
G1 X112.126 Y136.031 E.0051
G1 X112.091 Y135.753 E.00302
; stop printing object separador_timon.stl id:1 copy 0
; end of layer_num: 37, T: 0, print_z: 7.440000
;LAYER_CHANGE
;Z:7.64
;HEIGHT:0.2
; BEFORE_LAYER_CHANGE 37 @ 7.64mm
G92 E0
; AFTER_LAYER_CHANGE 37 @ 7.64mm
; start of layer_num: 38, T: 0, print_z: 7.640000
; printing object "separador_timon.stl" id:0 copy 0
G1 E-.8 F3600
G1 X107.45 Y108.87 Z7.64 F18000
G1 E.8 F3600
M204 S1000
;TYPE:Outer wall
;WIDTH:0.42
G1 F1200
G1 X107.572 Y108.626 E.00837
G1 X107.726 Y108.384 E.00883
G1 X107.905 Y108.158 E.00883
G1 X108.105 Y107.953 E.00883
G1 X108.326 Y107.769 E.00883
G1 X108.564 Y107.608 E.00883
G1 X108.817 Y107.473 E.00883
G1 X109.083 Y107.365 E.00883
G1 X109.359 Y107.285 E.00883
G1 X109.638 Y107.234 E.00871
G1 X110.13 Y107.214 E.01513
G1 X110.358 Y107.233 E.00702
G1 X110.641 Y107.285 E.00884
G1 X110.917 Y107.365 E.00883
G1 X111.183 Y107.473 E.00883
G1 X111.436 Y107.608 E.00883
G1 X111.674 Y107.769 E.00883
G1 X111.895 Y107.953 E.00883
G1 X112.095 Y108.158 E.00883
G1 X112.274 Y108.384 E.00883
G1 X112.428 Y108.626 E.00883
G1 X112.556 Y108.883 E.00882
G1 X112.658 Y109.152 E.00883
G1 X112.731 Y109.429 E.00883
G1 X112.775 Y109.71 E.00874
G1 X112.786 Y110.142 E.01328
G1 X112.717 Y110.627 E.01505
G1 X112.658 Y110.848 E.00701
G1 X112.556 Y111.117 E.00884
G1 X112.428 Y111.374 E.00883
G1 X112.274 Y111.616 E.00883
G1 X112.095 Y111.842 E.00883
G1 X111.897 Y112.045 E.00874
G1 X111.555 Y112.316 E.0134
G1 X111.311 Y112.462 E.00874
G1 X111.051 Y112.584 E.00883
G1 X110.78 Y112.679 E.00883
G1 X110.5 Y112.745 E.00883
G1 X110.215 Y112.781 E.00883
G1 X109.928 Y112.789 E.00883
G1 X109.642 Y112.767 E.00883
G1 X109.359 Y112.715 E.00883
G1 X109.083 Y112.635 E.00883
G1 X108.817 Y112.527 E.00883
G1 X108.564 Y112.392 E.00882
G1 X108.326 Y112.231 E.00883
G1 X108.105 Y112.047 E.00883
G1 X107.905 Y111.842 E.00883
G1 X107.726 Y111.616 E.00883
G1 X107.572 Y111.374 E.00883
G1 X107.444 Y111.117 E.00882
G1 X107.342 Y110.848 E.00883
G1 X107.269 Y110.571 E.00883
G1 X107.225 Y110.29 E.00874
G1 X107.214 Y109.858 E.01328
G1 X107.283 Y109.373 E.01505
G1 X107.342 Y109.152 E.00701
G1 X107.442 Y108.888 E.00868
M204 S2000
G1 X107.803 Y109.04 F18000
M204 S1500
;TYPE:Inner wall
;WIDTH:0.45
G1 F1200
G1 X107.914 Y108.819 E.00819
G1 X108.046 Y108.611 E.00819
G1 X108.199 Y108.418 E.00819
G1 X108.372 Y108.241 E.00819
G1 X108.561 Y108.083 E.00819
G1 X108.766 Y107.945 E.00819
G1 X108.984 Y107.829 E.00819
G1 X109.212 Y107.736 E.00819
G1 X109.449 Y107.667 E.00819
G1 X109.681 Y107.625 E.00782
G1 X110.122 Y107.607 E.01462
G1 X110.306 Y107.622 E.00614
G1 X110.551 Y107.667 E.00825
G1 X110.788 Y107.736 E.00819
G1 X111.016 Y107.829 E.00819
G1 X111.234 Y107.945 E.00819
G1 X111.439 Y108.083 E.00819
G1 X111.628 Y108.241 E.00819
G1 X111.801 Y108.418 E.00819
G1 X111.954 Y108.611 E.00819
G1 X112.086 Y108.819 E.00819
G1 X112.197 Y109.04 E.00819
G1 X112.284 Y109.271 E.00819
G1 X112.346 Y109.51 E.00819
G1 X112.383 Y109.746 E.00793
G1 X112.393 Y110.12 E.01241
G1 X112.332 Y110.549 E.01436
G1 X112.197 Y110.96 E.01437
G1 X112.086 Y111.181 E.00819
G1 X111.954 Y111.389 E.00819
G1 X111.801 Y111.582 E.00819
G1 X111.634 Y111.754 E.00793
G1 X111.332 Y111.993 E.01279
G1 X111.127 Y112.116 E.00793
G1 X110.903 Y112.221 E.00819
G1 X110.67 Y112.302 E.00819
G1 X110.43 Y112.358 E.00819
G1 X110.185 Y112.39 E.00819
G1 X109.938 Y112.396 E.00819
G1 X109.692 Y112.377 E.00819
G1 X109.449 Y112.333 E.00819
G1 X109.212 Y112.264 E.00819
G1 X108.984 Y112.171 E.00819
G1 X108.766 Y112.055 E.00819
G1 X108.561 Y111.917 E.00819
G1 X108.372 Y111.759 E.00819
G1 X108.199 Y111.582 E.00819
G1 X108.046 Y111.389 E.00819
G1 X107.914 Y111.181 E.00819
G1 X107.803 Y110.96 E.00819
G1 X107.716 Y110.729 E.00819
G1 X107.654 Y110.49 E.00819
G1 X107.617 Y110.254 E.00793
G1 X107.607 Y109.88 E.01241
G1 X107.668 Y109.451 E.01436
G1 X107.797 Y109.059 E.0137
M204 S2000
G1 E-.8 F3600
G1 X111.425 Y109.721 F18000
G1 E.8 F3600
M204 S1000
;TYPE:Outer wall
;WIDTH:0.42
G1 F1200
G1 X111.406 Y109.603 E.00369
G1 X111.322 Y109.377 E.00739
G1 X111.142 Y109.089 E.01043
G1 X110.98 Y108.917 E.00726
G1 X110.793 Y108.773 E.00726
G1 X110.488 Y108.623 E.01043
G1 X110.257 Y108.562 E.00734
G1 X109.969 Y108.54 E.00889
G1 X109.685 Y108.573 E.00877
G1 X109.459 Y108.643 E.00729
G1 X109.202 Y108.777 E.00889
G1 X108.979 Y108.955 E.00877
G1 X108.822 Y109.135 E.00734
G1 X108.653 Y109.433 E.01051
G1 X108.568 Y109.714 E.00902
G1 X108.539 Y110 E.00885
G1 X108.569 Y110.29 E.00897
G1 X108.653 Y110.568 E.0089
G1 X108.822 Y110.865 E.0105
G1 X108.98 Y111.046 E.00739
G1 X109.249 Y111.253 E.01043
G1 X109.461 Y111.358 E.00726
G1 X109.687 Y111.427 E.00726
G1 X110.029 Y111.461 E.01056
G1 X110.369 Y111.414 E.01056
G1 X110.592 Y111.335 E.00726
G1 X110.8 Y111.222 E.00726
G1 X111.064 Y111.002 E.01056
G1 X111.268 Y110.726 E.01056
G1 X111.368 Y110.512 E.00726
G1 X111.433 Y110.284 E.00726
G1 X111.46 Y109.942 E.01056
G1 X111.428 Y109.741 E.00625
M204 S2000
G1 X111.775 Y109.47 F18000
M204 S1500
;TYPE:Inner wall
;WIDTH:0.45
G1 F1200
G1 X111.675 Y109.203 E.00946
G1 X111.454 Y108.849 E.01385
G1 X111.244 Y108.626 E.01017
G1 X111.001 Y108.438 E.01017
G1 X110.626 Y108.254 E.01385
G1 X110.323 Y108.174 E.01042
G1 X109.961 Y108.147 E.01205
G1 X109.604 Y108.188 E.0119
G1 X109.309 Y108.279 E.01025
G1 X108.987 Y108.447 E.01205
G1 X108.707 Y108.671 E.0119
G1 X108.501 Y108.907 E.0104
G1 X108.291 Y109.277 E.0141
G1 X108.182 Y109.636 E.01245
G1 X108.145 Y110 E.01215
G1 X108.183 Y110.369 E.01228
G1 X108.291 Y110.723 E.0123
G1 X108.501 Y111.093 E.01409
G1 X108.71 Y111.333 E.01057
G1 X109.041 Y111.588 E.01385
G1 X109.316 Y111.723 E.01017
G1 X109.609 Y111.813 E.01017
G1 X110.037 Y111.856 E.01426
G1 X110.463 Y111.796 E.01426
G1 X110.752 Y111.695 E.01017
G1 X111.021 Y111.548 E.01017
G1 X111.351 Y111.273 E.01426
G1 X111.607 Y110.927 E.01426
G1 X111.737 Y110.649 E.01017
G1 X111.821 Y110.355 E.01017
G1 X111.855 Y109.926 E.01426
G1 X111.787 Y109.502 E.01426
G1 X111.782 Y109.489 E.00045
G1 E-.8 F3600
M204 S2000
G1 X112.031 Y109.394 F18000
G1 E.8 F3600
;TYPE:Gap infill
;WIDTH:0.176274
G1 F1200
G1 X111.911 Y109.08 E.00365
G1 X111.662 Y108.681 E.00511
G1 X111.426 Y108.432 E.00373
G1 X111.137 Y108.209 E.00397
G1 X110.725 Y108.007 E.00498
G1 X110.362 Y107.906 E.0041
G1 X109.961 Y107.88 E.00436
G1 X109.555 Y107.927 E.00444
G1 X109.213 Y108.029 E.00389
G1 X108.846 Y108.219 E.00449
G1 X108.525 Y108.472 E.00444
G1 X108.268 Y108.769 E.00426
G1 X108.045 Y109.164 E.00493
G1 X107.92 Y109.577 E.0047
G1 X107.877 Y109.994 E.00455
G1 X107.921 Y110.416 E.0046
G1 X108.045 Y110.822 E.00462
G1 X108.155 Y111.044 E.0027
G1 X108.281 Y111.241 E.00254
G1 X108.529 Y111.534 E.00418
G1 X108.903 Y111.821 E.00512
G1 X109.222 Y111.974 E.00384
G1 X109.563 Y112.075 E.00386
G1 X110.05 Y112.122 E.00531
G1 X110.532 Y112.056 E.00529
G1 X110.864 Y111.936 E.00384
G1 X111.177 Y111.77 E.00385
G1 X111.54 Y111.461 E.00518
G1 X111.728 Y111.228 E.00325
G1 X111.832 Y111.068 E.00207
G1 X111.986 Y110.748 E.00386
G1 X112.083 Y110.408 E.00384
G1 X112.122 Y109.923 E.00529
G1 X112.044 Y109.427 E.00545
G1 X112.038 Y109.412 E.00017
; stop printing object separador_timon.stl id:0 copy 0
; printing object "separador_timon.stl" id:1 copy 0
G1 E-.8 F3600
G1 X107.455 Y134.961 F18000
G1 E.8 F3600
M204 S1000
;TYPE:Outer wall
;WIDTH:0.42
G1 F1200
G1 X107.577 Y134.717 E.00837
G1 X107.731 Y134.475 E.00883
G1 X107.909 Y134.25 E.00883
G1 X108.109 Y134.044 E.00883
G1 X108.33 Y133.86 E.00883
G1 X108.568 Y133.7 E.00883
G1 X108.822 Y133.565 E.00883
G1 X109.088 Y133.456 E.00883
G1 X109.364 Y133.376 E.00883
G1 X109.642 Y133.325 E.00871
G1 X110.134 Y133.306 E.01513
G1 X110.362 Y133.325 E.00702
G1 X110.645 Y133.376 E.00884
G1 X110.921 Y133.456 E.00883
G1 X111.187 Y133.565 E.00883
G1 X111.441 Y133.7 E.00883
G1 X111.679 Y133.86 E.00883
G1 X111.899 Y134.044 E.00883
G1 X112.1 Y134.25 E.00883
G1 X112.278 Y134.475 E.00883
G1 X112.432 Y134.717 E.00883
G1 X112.561 Y134.974 E.00882
G1 X112.662 Y135.243 E.00883
G1 X112.735 Y135.521 E.00883
G1 X112.779 Y135.802 E.00874
G1 X112.79 Y136.234 E.01328
G1 X112.722 Y136.719 E.01505
G1 X112.662 Y136.939 E.00701
G1 X112.561 Y137.208 E.00884
G1 X112.432 Y137.465 E.00883
G1 X112.278 Y137.708 E.00883
G1 X112.1 Y137.933 E.00883
G1 X111.901 Y138.137 E.00874
G1 X111.559 Y138.407 E.0134
G1 X111.315 Y138.554 E.00874
G1 X111.055 Y138.675 E.00883
G1 X110.784 Y138.77 E.00883
G1 X110.505 Y138.836 E.00883
G1 X110.22 Y138.873 E.00883
G1 X109.933 Y138.88 E.00883
G1 X109.646 Y138.858 E.00883
G1 X109.364 Y138.806 E.00883
G1 X109.088 Y138.726 E.00883
G1 X108.822 Y138.618 E.00883
G1 X108.568 Y138.483 E.00882
G1 X108.33 Y138.323 E.00883
G1 X108.109 Y138.139 E.00883
G1 X107.909 Y137.933 E.00883
G1 X107.731 Y137.708 E.00883
G1 X107.577 Y137.465 E.00883
G1 X107.448 Y137.208 E.00882
G1 X107.347 Y136.94 E.00883
G1 X107.274 Y136.662 E.00883
G1 X107.23 Y136.381 E.00874
G1 X107.219 Y135.949 E.01328
G1 X107.287 Y135.464 E.01505
G1 X107.347 Y135.243 E.00701
G1 X107.446 Y134.979 E.00868
M204 S2000
G1 X107.808 Y135.131 F18000
M204 S1500
;TYPE:Inner wall
;WIDTH:0.45
G1 F1200
G1 X107.918 Y134.911 E.00819
G1 X108.051 Y134.702 E.00819
G1 X108.204 Y134.509 E.00819
G1 X108.376 Y134.332 E.00819
G1 X108.566 Y134.174 E.00819
G1 X108.77 Y134.036 E.00819
G1 X108.988 Y133.92 E.00819
G1 X109.217 Y133.827 E.00819
G1 X109.454 Y133.758 E.00819
G1 X109.686 Y133.716 E.00782
G1 X110.126 Y133.698 E.01462
G1 X110.31 Y133.714 E.00614
G1 X110.555 Y133.758 E.00825
G1 X110.792 Y133.827 E.00819
G1 X111.021 Y133.92 E.00819
G1 X111.238 Y134.036 E.00819
G1 X111.443 Y134.174 E.00819
G1 X111.633 Y134.332 E.00819
G1 X111.805 Y134.509 E.00819
G1 X111.958 Y134.702 E.00819
G1 X112.091 Y134.911 E.00819
G1 X112.201 Y135.131 E.00819
G1 X112.288 Y135.362 E.00819
G1 X112.351 Y135.601 E.00819
G1 X112.388 Y135.837 E.00793
G1 X112.397 Y136.211 E.01241
G1 X112.337 Y136.64 E.01436
G1 X112.201 Y137.051 E.01437
G1 X112.091 Y137.272 E.00819
G1 X111.958 Y137.48 E.00819
G1 X111.805 Y137.674 E.00819
G1 X111.638 Y137.845 E.00793
G1 X111.336 Y138.084 E.01279
G1 X111.131 Y138.207 E.00793
G1 X110.907 Y138.312 E.00819
G1 X110.674 Y138.393 E.00819
G1 X110.434 Y138.45 E.00819
G1 X110.189 Y138.481 E.00819
G1 X109.943 Y138.488 E.00819
G1 X109.697 Y138.469 E.00819
G1 X109.454 Y138.424 E.00819
G1 X109.217 Y138.355 E.00819
G1 X108.988 Y138.262 E.00819
G1 X108.77 Y138.146 E.00819
G1 X108.566 Y138.009 E.00819
G1 X108.376 Y137.85 E.00819
G1 X108.204 Y137.674 E.00819
G1 X108.051 Y137.48 E.00819
G1 X107.918 Y137.272 E.00819
G1 X107.808 Y137.051 E.00819
G1 X107.721 Y136.82 E.00819
G1 X107.658 Y136.582 E.00819
G1 X107.621 Y136.345 E.00793
G1 X107.612 Y135.971 E.01241
G1 X107.672 Y135.543 E.01436
G1 X107.802 Y135.15 E.0137
M204 S2000
G1 E-.8 F3600
G1 X111.429 Y135.813 F18000
G1 E.8 F3600
M204 S1000
;TYPE:Outer wall
;WIDTH:0.42
G1 F1200
G1 X111.41 Y135.694 E.00369
G1 X111.326 Y135.469 E.00739
G1 X111.147 Y135.18 E.01043
G1 X110.985 Y135.008 E.00726
G1 X110.797 Y134.864 E.00726
G1 X110.493 Y134.714 E.01043
G1 X110.262 Y134.653 E.00734
G1 X109.973 Y134.632 E.00889
G1 X109.69 Y134.665 E.00877
G1 X109.463 Y134.734 E.00729
G1 X109.207 Y134.869 E.00889
G1 X108.983 Y135.046 E.00877
G1 X108.827 Y135.227 E.00734
G1 X108.658 Y135.524 E.01051
G1 X108.573 Y135.805 E.00902
G1 X108.543 Y136.091 E.00885
G1 X108.574 Y136.382 E.00897
G1 X108.658 Y136.659 E.0089
G1 X108.827 Y136.956 E.0105
G1 X108.985 Y137.138 E.00739
G1 X109.254 Y137.345 E.01043
G1 X109.466 Y137.449 E.00726
G1 X109.691 Y137.518 E.00726
G1 X110.033 Y137.552 E.01056
G1 X110.374 Y137.505 E.01056
G1 X110.597 Y137.426 E.00726
G1 X110.804 Y137.314 E.00726
G1 X111.068 Y137.093 E.01056
G1 X111.272 Y136.817 E.01056
G1 X111.372 Y136.603 E.00726
G1 X111.437 Y136.376 E.00726
G1 X111.465 Y136.033 E.01056
G1 X111.433 Y135.832 E.00625
M204 S2000
G1 X111.779 Y135.562 F18000
M204 S1500
;TYPE:Inner wall
;WIDTH:0.45
G1 F1200
G1 X111.68 Y135.295 E.00946
G1 X111.459 Y134.94 E.01385
G1 X111.249 Y134.717 E.01017
G1 X111.006 Y134.53 E.01017
G1 X110.631 Y134.345 E.01385
G1 X110.327 Y134.265 E.01042
G1 X109.965 Y134.238 E.01205
G1 X109.609 Y134.279 E.0119
G1 X109.313 Y134.37 E.01025
G1 X108.992 Y134.539 E.01205
G1 X108.711 Y134.762 E.0119
G1 X108.505 Y134.999 E.0104
G1 X108.295 Y135.368 E.0141
G1 X108.187 Y135.727 E.01245
G1 X108.149 Y136.092 E.01215
G1 X108.188 Y136.46 E.01228
G1 X108.295 Y136.815 E.0123
G1 X108.505 Y137.184 E.01409
G1 X108.714 Y137.424 E.01057
G1 X109.045 Y137.679 E.01385
G1 X109.321 Y137.815 E.01017
G1 X109.614 Y137.905 E.01017
G1 X110.041 Y137.947 E.01426
G1 X110.467 Y137.888 E.01426
G1 X110.756 Y137.786 E.01017
G1 X111.026 Y137.64 E.01017
G1 X111.356 Y137.364 E.01426
G1 X111.611 Y137.019 E.01426
G1 X111.741 Y136.741 E.01017
G1 X111.825 Y136.446 E.01017
G1 X111.859 Y136.017 E.01426
G1 X111.791 Y135.593 E.01426
G1 X111.786 Y135.58 E.00045
M204 S2000
G1 X112.036 Y135.485 F18000
;TYPE:Gap infill
;WIDTH:0.176274
G1 F1200
G1 X111.916 Y135.171 E.00365
G1 X111.667 Y134.772 E.00511
G1 X111.431 Y134.523 E.00373
G1 X111.141 Y134.301 E.00397
G1 X110.73 Y134.099 E.00498
G1 X110.366 Y133.998 E.0041
G1 X109.966 Y133.971 E.00436
G1 X109.56 Y134.018 E.00444
G1 X109.217 Y134.121 E.00389
G1 X108.85 Y134.31 E.00449
G1 X108.529 Y134.564 E.00444
G1 X108.272 Y134.86 E.00426
G1 X108.05 Y135.255 E.00493
G1 X107.925 Y135.669 E.0047
G1 X107.881 Y136.085 E.00455
G1 X107.925 Y136.507 E.0046
G1 X108.049 Y136.913 E.00462
G1 X108.16 Y137.135 E.0027
G1 X108.285 Y137.332 E.00254
G1 X108.534 Y137.626 E.00418
G1 X108.908 Y137.913 E.00512
G1 X109.226 Y138.065 E.00384
G1 X109.567 Y138.166 E.00386
G1 X110.054 Y138.213 E.00531
G1 X110.536 Y138.147 E.00529
G1 X110.869 Y138.028 E.00384
G1 X111.182 Y137.861 E.00385
G1 X111.544 Y137.552 E.00518
G1 X111.732 Y137.32 E.00325
G1 X111.836 Y137.16 E.00207
G1 X111.99 Y136.839 E.00386
G1 X112.087 Y136.5 E.00384
G1 X112.126 Y136.014 E.00529
G1 X112.049 Y135.519 E.00545
G1 X112.043 Y135.504 E.00017
; stop printing object separador_timon.stl id:1 copy 0
; end of layer_num: 38, T: 0, print_z: 7.640000
;LAYER_CHANGE
;Z:7.84
;HEIGHT:0.2
; BEFORE_LAYER_CHANGE 38 @ 7.84mm
G92 E0
; AFTER_LAYER_CHANGE 38 @ 7.84mm
; start of layer_num: 39, T: 0, print_z: 7.840000
; printing object "separador_timon.stl" id:0 copy 0
G1 E-.8 F3600
G1 X107.45 Y108.871 Z7.84 F18000
G1 E.8 F3600
M204 S1000
;TYPE:Outer wall
;WIDTH:0.42
G1 F1200
G1 X107.572 Y108.626 E.0084
G1 X107.726 Y108.384 E.00883
G1 X107.905 Y108.158 E.00883
G1 X108.105 Y107.953 E.00883
G1 X108.326 Y107.769 E.00883
G1 X108.564 Y107.608 E.00883
G1 X108.817 Y107.473 E.00883
G1 X109.083 Y107.365 E.00883
G1 X109.359 Y107.285 E.00883
G1 X109.638 Y107.234 E.00871
G1 X110.128 Y107.214 E.01506
G1 X110.358 Y107.233 E.00709
G1 X110.641 Y107.285 E.00884
G1 X110.917 Y107.365 E.00883
G1 X111.183 Y107.473 E.00883
G1 X111.436 Y107.608 E.00883
G1 X111.674 Y107.769 E.00883
G1 X111.895 Y107.953 E.00883
G1 X112.095 Y108.158 E.00883
G1 X112.274 Y108.384 E.00883
G1 X112.426 Y108.623 E.00871
G1 X112.629 Y109.069 E.01506
G1 X112.698 Y109.289 E.00709
G1 X112.756 Y109.571 E.00884
G1 X112.786 Y109.856 E.00883
G1 X112.786 Y110.141 E.00874
G1 X112.73 Y110.573 E.0134
G1 X112.658 Y110.848 E.00874
G1 X112.556 Y111.117 E.00883
G1 X112.428 Y111.374 E.00883
G1 X112.274 Y111.616 E.00883
G1 X112.095 Y111.842 E.00883
G1 X111.897 Y112.045 E.00874
G1 X111.555 Y112.316 E.0134
G1 X111.311 Y112.462 E.00874
G1 X111.051 Y112.584 E.00883
G1 X110.78 Y112.679 E.00883
G1 X110.5 Y112.745 E.00883
G1 X110.215 Y112.781 E.00883
G1 X109.928 Y112.789 E.00883
G1 X109.642 Y112.767 E.00883
G1 X109.359 Y112.715 E.00883
G1 X109.083 Y112.635 E.00883
G1 X108.817 Y112.527 E.00883
G1 X108.564 Y112.392 E.00883
G1 X108.326 Y112.231 E.00883
G1 X108.105 Y112.047 E.00883
G1 X107.905 Y111.842 E.00883
G1 X107.726 Y111.616 E.00883
G1 X107.574 Y111.377 E.00871
G1 X107.371 Y110.931 E.01506
G1 X107.302 Y110.711 E.00709
G1 X107.244 Y110.429 E.00884
G1 X107.214 Y110.144 E.00883
G1 X107.214 Y109.859 E.00874
G1 X107.27 Y109.427 E.0134
G1 X107.342 Y109.152 E.00874
G1 X107.442 Y108.889 E.00864
M204 S2000
G1 X107.803 Y109.04 F18000
M204 S1500
;TYPE:Inner wall
;WIDTH:0.45
G1 F1200
G1 X107.914 Y108.819 E.00819
G1 X108.046 Y108.611 E.00819
G1 X108.199 Y108.418 E.00819
G1 X108.372 Y108.241 E.00819
G1 X108.561 Y108.083 E.00819
G1 X108.766 Y107.945 E.00819
G1 X108.984 Y107.829 E.00819
G1 X109.212 Y107.736 E.00819
G1 X109.449 Y107.667 E.00819
G1 X109.681 Y107.625 E.00782
G1 X110.119 Y107.607 E.01454
G1 X110.306 Y107.622 E.00622
G1 X110.551 Y107.667 E.00824
G1 X110.788 Y107.736 E.00819
G1 X111.016 Y107.829 E.00819
G1 X111.234 Y107.945 E.00819
G1 X111.439 Y108.083 E.00819
G1 X111.628 Y108.241 E.00819
G1 X111.801 Y108.418 E.00819
G1 X111.954 Y108.611 E.00819
G1 X112.08 Y108.81 E.00782
G1 X112.262 Y109.209 E.01454
G1 X112.369 Y109.631 E.01445
G1 X112.394 Y109.877 E.00819
G1 X112.394 Y110.116 E.00793
G1 X112.344 Y110.498 E.01279
G1 X112.284 Y110.729 E.00793
G1 X112.197 Y110.96 E.00819
G1 X112.086 Y111.181 E.00819
G1 X111.954 Y111.389 E.00819
G1 X111.801 Y111.582 E.00819
G1 X111.634 Y111.754 E.00793
G1 X111.332 Y111.993 E.01279
G1 X111.127 Y112.116 E.00793
G1 X110.903 Y112.221 E.00819
G1 X110.67 Y112.302 E.00819
G1 X110.43 Y112.358 E.00819
G1 X110.185 Y112.39 E.00819
G1 X109.938 Y112.396 E.00819
G1 X109.692 Y112.377 E.00819
G1 X109.449 Y112.333 E.00819
G1 X109.212 Y112.264 E.00819
G1 X108.984 Y112.171 E.00819
G1 X108.766 Y112.055 E.00819
G1 X108.561 Y111.917 E.00819
G1 X108.372 Y111.759 E.00819
G1 X108.199 Y111.582 E.00819
G1 X108.046 Y111.389 E.00819
G1 X107.92 Y111.19 E.00782
G1 X107.738 Y110.791 E.01454
G1 X107.631 Y110.369 E.01445
G1 X107.606 Y110.123 E.00819
G1 X107.606 Y109.884 E.00793
G1 X107.656 Y109.502 E.01279
G1 X107.716 Y109.271 E.00793
G1 X107.796 Y109.059 E.00752
M204 S2000
G1 E-.8 F3600
G1 X111.428 Y109.719 F18000
G1 E.8 F3600
M204 S1000
;TYPE:Outer wall
;WIDTH:0.42
G1 F1200
G1 X111.418 Y109.651 E.00211
G1 X111.323 Y109.381 E.00881
G1 X111.172 Y109.13 E.00901
G1 X110.982 Y108.919 E.00872
G1 X110.793 Y108.773 E.00733
G1 X110.488 Y108.623 E.01043
G1 X110.257 Y108.562 E.00734
G1 X109.967 Y108.54 E.00894
G1 X109.685 Y108.573 E.00872
G1 X109.461 Y108.642 E.00721
G1 X109.249 Y108.747 E.00726
G1 X108.98 Y108.954 E.01043
G1 X108.822 Y109.135 E.00739
G1 X108.653 Y109.434 E.01056
G1 X108.558 Y109.764 E.01056
G1 X108.539 Y110.004 E.00739
G1 X108.579 Y110.341 E.01043
G1 X108.654 Y110.568 E.00734
G1 X108.794 Y110.823 E.00894
G1 X108.978 Y111.045 E.00885
G1 X109.249 Y111.253 E.0105
G1 X109.464 Y111.359 E.00734
G1 X109.744 Y111.437 E.00894
G1 X110.027 Y111.461 E.00872
G1 X110.264 Y111.437 E.00733
G1 X110.589 Y111.337 E.01043
G1 X110.8 Y111.222 E.00739
G1 X111.061 Y111.005 E.01043
G1 X111.211 Y110.817 E.00739
G1 X111.367 Y110.516 E.01043
G1 X111.433 Y110.284 E.00739
G1 X111.46 Y109.943 E.01051
G1 X111.43 Y109.739 E.00635
M204 S2000
G1 X111.79 Y109.527 F18000
M204 S1500
;TYPE:Inner wall
;WIDTH:0.45
G1 F1200
G1 X111.68 Y109.213 E.01103
G1 X111.489 Y108.895 E.01232
G1 X111.25 Y108.63 E.01185
G1 X111.001 Y108.438 E.0104
G1 X110.626 Y108.254 E.01385
G1 X110.323 Y108.174 E.01043
G1 X109.959 Y108.147 E.0121
G1 X109.604 Y108.188 E.01185
G1 X109.316 Y108.277 E.01
G1 X109.041 Y108.412 E.01017
G1 X108.71 Y108.667 E.01385
G1 X108.501 Y108.907 E.01057
G1 X108.288 Y109.281 E.01426
G1 X108.17 Y109.694 E.01426
G1 X108.145 Y110.012 E.01057
G1 X108.195 Y110.427 E.01385
G1 X108.293 Y110.725 E.01043
G1 X108.469 Y111.045 E.0121
G1 X108.705 Y111.329 E.01225
G1 X109.041 Y111.588 E.01408
G1 X109.323 Y111.727 E.01043
G1 X109.674 Y111.825 E.0121
G1 X110.03 Y111.854 E.01185
G1 X110.342 Y111.823 E.0104
G1 X110.741 Y111.7 E.01385
G1 X111.021 Y111.548 E.01057
G1 X111.342 Y111.281 E.01385
G1 X111.541 Y111.032 E.01057
G1 X111.733 Y110.661 E.01385
G1 X111.821 Y110.355 E.01057
G1 X111.855 Y109.931 E.01411
G1 X111.8 Y109.558 E.0125
G1 X111.796 Y109.546 E.00041
G1 E-.8 F3600
M204 S2000
G1 X112.047 Y109.459 F18000
G1 E.8 F3600
;TYPE:Gap infill
;WIDTH:0.17558
G1 F1200
G1 X111.924 Y109.106 E.00404
G1 X111.699 Y108.732 E.00472
G1 X111.434 Y108.439 E.00427
G1 X111.137 Y108.21 E.00406
G1 X110.725 Y108.007 E.00495
G1 X110.361 Y107.906 E.00408
G1 X109.959 Y107.88 E.00436
G1 X109.555 Y107.927 E.0044
G1 X109.222 Y108.026 E.00376
G1 X108.903 Y108.179 E.00382
G1 X108.53 Y108.466 E.0051
G1 X108.268 Y108.769 E.00432
G1 X108.043 Y109.17 E.00497
G1 X107.907 Y109.64 E.00529
G1 X107.878 Y110.011 E.00402
G1 X107.933 Y110.479 E.00509
G1 X108.046 Y110.826 E.00395
G1 X108.245 Y111.19 E.00448
G1 X108.522 Y111.528 E.00473
G1 X108.903 Y111.821 E.0052
G1 X109.233 Y111.979 E.00395
G1 X109.633 Y112.09 E.00449
G1 X110.038 Y112.121 E.00439
G1 X110.4 Y112.082 E.00394
G1 X110.592 Y112.035 E.00214
G1 X110.85 Y111.943 E.00296
G1 X111.177 Y111.77 E.00401
G1 X111.528 Y111.472 E.00498
G1 X111.763 Y111.184 E.00402
G1 X111.979 Y110.766 E.00509
G1 X112.085 Y110.409 E.00402
G1 X112.12 Y109.929 E.0052
G1 X112.061 Y109.5 E.00468
G1 X112.053 Y109.477 E.00026
; stop printing object separador_timon.stl id:0 copy 0
; printing object "separador_timon.stl" id:1 copy 0
G1 E-.8 F3600
G1 X107.454 Y134.962 F18000
G1 E.8 F3600
M204 S1000
;TYPE:Outer wall
;WIDTH:0.42
G1 F1200
G1 X107.577 Y134.717 E.0084
G1 X107.731 Y134.475 E.00883
G1 X107.909 Y134.25 E.00883
G1 X108.109 Y134.044 E.00883
G1 X108.33 Y133.86 E.00883
G1 X108.568 Y133.7 E.00883
G1 X108.822 Y133.565 E.00883
G1 X109.088 Y133.456 E.00883
G1 X109.364 Y133.376 E.00883
G1 X109.642 Y133.325 E.00871
G1 X110.132 Y133.305 E.01506
G1 X110.362 Y133.325 E.00709
G1 X110.645 Y133.376 E.00884
G1 X110.921 Y133.456 E.00883
G1 X111.187 Y133.565 E.00883
G1 X111.441 Y133.7 E.00883
G1 X111.679 Y133.86 E.00883
G1 X111.899 Y134.044 E.00883
G1 X112.1 Y134.25 E.00883
G1 X112.278 Y134.475 E.00883
G1 X112.43 Y134.714 E.00871
G1 X112.633 Y135.16 E.01506
G1 X112.702 Y135.38 E.00709
G1 X112.761 Y135.662 E.00884
G1 X112.79 Y135.948 E.00883
G1 X112.79 Y136.232 E.00874
G1 X112.734 Y136.665 E.0134
G1 X112.662 Y136.94 E.00874
G1 X112.561 Y137.208 E.00883
G1 X112.432 Y137.465 E.00883
G1 X112.278 Y137.708 E.00883
G1 X112.1 Y137.933 E.00883
G1 X111.901 Y138.137 E.00874
G1 X111.559 Y138.407 E.0134
G1 X111.315 Y138.554 E.00874
G1 X111.055 Y138.675 E.00883
G1 X110.784 Y138.77 E.00883
G1 X110.505 Y138.836 E.00883
G1 X110.22 Y138.873 E.00883
G1 X109.933 Y138.88 E.00883
G1 X109.646 Y138.858 E.00883
G1 X109.364 Y138.806 E.00883
G1 X109.088 Y138.726 E.00883
G1 X108.822 Y138.618 E.00883
G1 X108.568 Y138.483 E.00883
G1 X108.33 Y138.323 E.00883
G1 X108.109 Y138.139 E.00883
G1 X107.909 Y137.933 E.00883
G1 X107.731 Y137.708 E.00883
G1 X107.579 Y137.469 E.00871
G1 X107.376 Y137.023 E.01506
G1 X107.307 Y136.802 E.00709
G1 X107.248 Y136.521 E.00884
G1 X107.218 Y136.235 E.00883
G1 X107.218 Y135.95 E.00874
G1 X107.274 Y135.518 E.0134
G1 X107.347 Y135.243 E.00874
G1 X107.446 Y134.98 E.00864
M204 S2000
G1 X107.808 Y135.131 F18000
M204 S1500
;TYPE:Inner wall
;WIDTH:0.45
G1 F1200
G1 X107.918 Y134.911 E.00819
G1 X108.051 Y134.702 E.00819
G1 X108.204 Y134.509 E.00819
G1 X108.376 Y134.332 E.00819
G1 X108.566 Y134.174 E.00819
G1 X108.77 Y134.036 E.00819
G1 X108.988 Y133.92 E.00819
G1 X109.217 Y133.827 E.00819
G1 X109.454 Y133.758 E.00819
G1 X109.686 Y133.716 E.00782
G1 X110.124 Y133.698 E.01454
G1 X110.311 Y133.714 E.00622
G1 X110.555 Y133.758 E.00824
G1 X110.792 Y133.827 E.00819
G1 X111.021 Y133.92 E.00819
G1 X111.238 Y134.036 E.00819
G1 X111.443 Y134.174 E.00819
G1 X111.633 Y134.332 E.00819
G1 X111.805 Y134.509 E.00819
G1 X111.958 Y134.702 E.00819
G1 X112.085 Y134.901 E.00782
G1 X112.266 Y135.3 E.01454
G1 X112.373 Y135.722 E.01445
G1 X112.398 Y135.968 E.00819
G1 X112.398 Y136.207 E.00793
G1 X112.349 Y136.589 E.01279
G1 X112.288 Y136.82 E.00793
G1 X112.201 Y137.051 E.00819
G1 X112.091 Y137.272 E.00819
G1 X111.958 Y137.48 E.00819
G1 X111.805 Y137.674 E.00819
G1 X111.638 Y137.845 E.00793
G1 X111.336 Y138.084 E.01279
G1 X111.131 Y138.207 E.00793
G1 X110.907 Y138.312 E.00819
G1 X110.674 Y138.393 E.00819
G1 X110.434 Y138.45 E.00819
G1 X110.189 Y138.481 E.00819
G1 X109.943 Y138.488 E.00819
G1 X109.697 Y138.469 E.00819
G1 X109.454 Y138.424 E.00819
G1 X109.217 Y138.355 E.00819
G1 X108.988 Y138.262 E.00819
G1 X108.77 Y138.146 E.00819
G1 X108.566 Y138.009 E.00819
G1 X108.376 Y137.85 E.00819
G1 X108.204 Y137.674 E.00819
G1 X108.051 Y137.48 E.00819
G1 X107.924 Y137.281 E.00782
G1 X107.743 Y136.882 E.01454
G1 X107.636 Y136.46 E.01445
G1 X107.61 Y136.215 E.00819
G1 X107.61 Y135.976 E.00793
G1 X107.66 Y135.593 E.01279
G1 X107.721 Y135.362 E.00793
G1 X107.801 Y135.15 E.00752
M204 S2000
G1 E-.8 F3600
G1 X111.432 Y135.811 F18000
G1 E.8 F3600
M204 S1000
;TYPE:Outer wall
;WIDTH:0.42
G1 F1200
G1 X111.422 Y135.743 E.00211
G1 X111.328 Y135.472 E.00881
G1 X111.177 Y135.221 E.00901
G1 X110.987 Y135.01 E.00872
G1 X110.797 Y134.864 E.00733
G1 X110.493 Y134.714 E.01043
G1 X110.262 Y134.653 E.00734
G1 X109.972 Y134.632 E.00894
G1 X109.69 Y134.665 E.00872
G1 X109.466 Y134.734 E.00721
G1 X109.254 Y134.838 E.00726
G1 X108.985 Y135.045 E.01043
G1 X108.827 Y135.227 E.00739
G1 X108.657 Y135.525 E.01056
G1 X108.562 Y135.856 E.01056
G1 X108.543 Y136.095 E.00739
G1 X108.584 Y136.432 E.01043
G1 X108.659 Y136.659 E.00734
G1 X108.799 Y136.914 E.00894
G1 X108.983 Y137.136 E.00885
G1 X109.254 Y137.345 E.0105
G1 X109.468 Y137.45 E.00734
G1 X109.748 Y137.529 E.00894
G1 X110.031 Y137.552 E.00872
G1 X110.269 Y137.528 E.00733
G1 X110.593 Y137.428 E.01043
G1 X110.804 Y137.314 E.00739
G1 X111.065 Y137.096 E.01043
G1 X111.215 Y136.909 E.00739
G1 X111.371 Y136.607 E.01043
G1 X111.437 Y136.376 E.00739
G1 X111.465 Y136.035 E.01051
G1 X111.435 Y135.83 E.00635
M204 S2000
G1 X111.794 Y135.618 F18000
M204 S1500
;TYPE:Inner wall
;WIDTH:0.45
G1 F1200
G1 X111.685 Y135.305 E.01103
G1 X111.493 Y134.986 E.01232
G1 X111.254 Y134.721 E.01185
G1 X111.006 Y134.53 E.0104
G1 X110.631 Y134.345 E.01385
G1 X110.327 Y134.265 E.01043
G1 X109.963 Y134.238 E.0121
G1 X109.609 Y134.279 E.01185
G1 X109.321 Y134.368 E.01
G1 X109.045 Y134.503 E.01017
G1 X108.714 Y134.758 E.01385
G1 X108.505 Y134.999 E.01057
G1 X108.293 Y135.372 E.01426
G1 X108.175 Y135.786 E.01426
G1 X108.149 Y136.103 E.01057
G1 X108.199 Y136.518 E.01385
G1 X108.297 Y136.817 E.01043
G1 X108.473 Y137.136 E.0121
G1 X108.709 Y137.42 E.01225
G1 X109.045 Y137.679 E.01408
G1 X109.327 Y137.818 E.01043
G1 X109.678 Y137.916 E.0121
G1 X110.034 Y137.946 E.01185
G1 X110.346 Y137.914 E.0104
G1 X110.746 Y137.792 E.01385
G1 X111.026 Y137.64 E.01057
G1 X111.346 Y137.372 E.01385
G1 X111.546 Y137.123 E.01057
G1 X111.738 Y136.752 E.01385
G1 X111.825 Y136.446 E.01057
G1 X111.859 Y136.022 E.01411
G1 X111.805 Y135.649 E.0125
G1 X111.801 Y135.637 E.00041
M204 S2000
G1 X112.051 Y135.55 F18000
;TYPE:Gap infill
;WIDTH:0.17558
G1 F1200
G1 X111.928 Y135.197 E.00404
G1 X111.704 Y134.823 E.00472
G1 X111.439 Y134.53 E.00427
G1 X111.141 Y134.301 E.00406
G1 X110.73 Y134.099 E.00495
G1 X110.366 Y133.998 E.00408
G1 X109.964 Y133.971 E.00436
G1 X109.559 Y134.018 E.0044
G1 X109.226 Y134.117 E.00376
G1 X108.908 Y134.27 E.00382
G1 X108.534 Y134.558 E.0051
G1 X108.272 Y134.86 E.00432
G1 X108.047 Y135.261 E.00497
G1 X107.912 Y135.732 E.00529
G1 X107.883 Y136.102 E.00402
G1 X107.937 Y136.57 E.00509
G1 X108.051 Y136.918 E.00395
G1 X108.249 Y137.281 E.00448
G1 X108.527 Y137.62 E.00473
G1 X108.908 Y137.913 E.0052
G1 X109.237 Y138.07 E.00395
G1 X109.637 Y138.181 E.00449
G1 X110.042 Y138.212 E.00439
G1 X110.405 Y138.174 E.00394
G1 X110.597 Y138.127 E.00214
G1 X110.854 Y138.034 E.00296
G1 X111.182 Y137.861 E.00401
G1 X111.532 Y137.563 E.00498
G1 X111.767 Y137.275 E.00402
G1 X111.984 Y136.857 E.00509
G1 X112.089 Y136.5 E.00402
G1 X112.125 Y136.02 E.0052
G1 X112.066 Y135.591 E.00468
G1 X112.058 Y135.569 E.00026
; stop printing object separador_timon.stl id:1 copy 0
; end of layer_num: 39, T: 0, print_z: 7.840000
;LAYER_CHANGE
;Z:8.04
;HEIGHT:0.2
; BEFORE_LAYER_CHANGE 39 @ 8.04mm
G92 E0
; AFTER_LAYER_CHANGE 39 @ 8.04mm
; start of layer_num: 40, T: 0, print_z: 8.040000
; printing object "separador_timon.stl" id:0 copy 0
G1 E-.8 F3600
G1 X107.449 Y108.871 Z8.04 F18000
G1 E.8 F3600
M204 S1000
;TYPE:Outer wall
;WIDTH:0.42
G1 F1200
G1 X107.572 Y108.626 E.00843
G1 X107.726 Y108.384 E.00883
G1 X107.905 Y108.158 E.00883
G1 X108.105 Y107.953 E.00883
G1 X108.326 Y107.769 E.00883
G1 X108.564 Y107.608 E.00883
G1 X108.817 Y107.473 E.00883
G1 X109.083 Y107.365 E.00883
G1 X109.359 Y107.285 E.00883
G1 X109.638 Y107.234 E.00871
G1 X110.125 Y107.214 E.01498
G1 X110.358 Y107.233 E.00717
G1 X110.641 Y107.285 E.00884
G1 X110.917 Y107.365 E.00883
G1 X111.183 Y107.473 E.00883
G1 X111.436 Y107.608 E.00883
G1 X111.674 Y107.769 E.00883
G1 X111.895 Y107.953 E.00883
G1 X112.095 Y108.158 E.00883
G1 X112.274 Y108.384 E.00883
G1 X112.428 Y108.626 E.00883
G1 X112.556 Y108.883 E.00883
G1 X112.657 Y109.149 E.00874
G1 X112.757 Y109.573 E.0134
G1 X112.786 Y109.856 E.00874
G1 X112.786 Y110.141 E.00874
G1 X112.73 Y110.573 E.0134
G1 X112.658 Y110.848 E.00874
G1 X112.556 Y111.117 E.00883
G1 X112.428 Y111.374 E.00883
G1 X112.274 Y111.616 E.00883
G1 X112.095 Y111.842 E.00883
G1 X111.897 Y112.045 E.00874
G1 X111.555 Y112.316 E.0134
G1 X111.311 Y112.462 E.00874
G1 X111.051 Y112.584 E.00883
G1 X110.78 Y112.679 E.00883
G1 X110.5 Y112.745 E.00883
G1 X110.215 Y112.781 E.00883
G1 X109.928 Y112.789 E.00883
G1 X109.642 Y112.767 E.00883
G1 X109.359 Y112.715 E.00883
G1 X109.083 Y112.635 E.00883
G1 X108.817 Y112.527 E.00883
G1 X108.564 Y112.392 E.00883
G1 X108.329 Y112.233 E.00871
G1 X107.966 Y111.908 E.01498
G1 X107.813 Y111.732 E.00717
G1 X107.646 Y111.497 E.00884
G1 X107.505 Y111.247 E.00883
G1 X107.39 Y110.984 E.00883
G1 X107.302 Y110.71 E.00883
G1 X107.244 Y110.429 E.00883
G1 X107.214 Y110.144 E.00883
G1 X107.214 Y109.859 E.00874
G1 X107.27 Y109.427 E.0134
G1 X107.342 Y109.152 E.00874
G1 X107.441 Y108.89 E.0086
M204 S2000
G1 X107.803 Y109.04 F18000
M204 S1500
;TYPE:Inner wall
;WIDTH:0.45
G1 F1200
G1 X107.914 Y108.819 E.00819
G1 X108.046 Y108.611 E.00819
G1 X108.199 Y108.418 E.00819
G1 X108.372 Y108.241 E.00819
G1 X108.561 Y108.083 E.00819
G1 X108.766 Y107.945 E.00819
G1 X108.984 Y107.829 E.00819
G1 X109.212 Y107.736 E.00819
G1 X109.449 Y107.667 E.00819
G1 X109.681 Y107.625 E.00782
G1 X110.117 Y107.607 E.01446
G1 X110.306 Y107.622 E.0063
G1 X110.551 Y107.667 E.00824
G1 X110.788 Y107.736 E.00819
G1 X111.016 Y107.829 E.00819
G1 X111.234 Y107.945 E.00819
G1 X111.439 Y108.083 E.00819
G1 X111.628 Y108.241 E.00819
G1 X111.801 Y108.418 E.00819
G1 X111.954 Y108.611 E.00819
G1 X112.086 Y108.819 E.00819
G1 X112.197 Y109.04 E.00819
G1 X112.281 Y109.264 E.00793
G1 X112.369 Y109.639 E.01279
G1 X112.394 Y109.877 E.00793
G1 X112.394 Y110.116 E.00793
G1 X112.344 Y110.498 E.01279
G1 X112.284 Y110.729 E.00793
G1 X112.197 Y110.96 E.00819
G1 X112.086 Y111.181 E.00819
G1 X111.954 Y111.389 E.00819
G1 X111.801 Y111.582 E.00819
G1 X111.634 Y111.754 E.00793
G1 X111.332 Y111.993 E.01279
G1 X111.127 Y112.116 E.00793
G1 X110.903 Y112.221 E.00819
G1 X110.67 Y112.302 E.00819
G1 X110.43 Y112.358 E.00819
G1 X110.185 Y112.39 E.00819
G1 X109.938 Y112.396 E.00819
G1 X109.692 Y112.377 E.00819
G1 X109.449 Y112.333 E.00819
G1 X109.212 Y112.264 E.00819
G1 X108.984 Y112.171 E.00819
G1 X108.766 Y112.055 E.00819
G1 X108.57 Y111.923 E.00782
G1 X108.246 Y111.632 E.01446
G1 X108.121 Y111.489 E.0063
G1 X107.977 Y111.287 E.00824
G1 X107.856 Y111.072 E.00819
G1 X107.757 Y110.846 E.00819
G1 X107.682 Y110.61 E.00819
G1 X107.631 Y110.369 E.00819
G1 X107.606 Y110.123 E.00819
G1 X107.606 Y109.884 E.00793
G1 X107.656 Y109.502 E.01279
G1 X107.716 Y109.271 E.00793
G1 X107.796 Y109.059 E.00752
M204 S2000
G1 E-.8 F3600
G1 X111.432 Y109.716 F18000
G1 E.8 F3600
M204 S1000
;TYPE:Outer wall
;WIDTH:0.42
G1 F1200
G1 X111.431 Y109.707 E.00027
G1 X111.324 Y109.381 E.01056
G1 X111.142 Y109.089 E.01056
G1 X110.978 Y108.915 E.00734
G1 X110.742 Y108.743 E.00898
G1 X110.487 Y108.623 E.00868
G1 X110.257 Y108.562 E.00729
G1 X109.966 Y108.54 E.00898
G1 X109.685 Y108.573 E.00868
G1 X109.459 Y108.643 E.00729
G1 X109.2 Y108.779 E.00898
G1 X108.979 Y108.955 E.00868
G1 X108.822 Y109.135 E.00733
G1 X108.655 Y109.43 E.01043
G1 X108.579 Y109.659 E.00739
G1 X108.538 Y110 E.01056
G1 X108.579 Y110.341 E.01056
G1 X108.655 Y110.57 E.00739
G1 X108.822 Y110.865 E.01043
G1 X108.979 Y111.045 E.00734
G1 X109.208 Y111.227 E.00898
G1 X109.461 Y111.358 E.00876
G1 X109.745 Y111.438 E.00905
G1 X110.027 Y111.461 E.00868
G1 X110.264 Y111.437 E.00733
G1 X110.589 Y111.337 E.01043
G1 X110.8 Y111.222 E.00739
G1 X111.061 Y111.005 E.01043
G1 X111.211 Y110.817 E.00739
G1 X111.367 Y110.516 E.01043
G1 X111.433 Y110.284 E.00739
G1 X111.46 Y109.946 E.01043
G1 X111.435 Y109.736 E.0065
M204 S2000
G1 X111.82 Y109.655 F18000
M204 S1500
;TYPE:Inner wall
;WIDTH:0.45
G1 F1200
G1 X111.816 Y109.622 E.00111
G1 X111.682 Y109.214 E.01426
G1 X111.454 Y108.849 E.01426
G1 X111.239 Y108.62 E.01043
G1 X110.943 Y108.404 E.01215
G1 X110.621 Y108.253 E.0118
G1 X110.322 Y108.174 E.01025
G1 X109.957 Y108.147 E.01215
G1 X109.604 Y108.188 E.0118
G1 X109.309 Y108.279 E.01025
G1 X108.984 Y108.449 E.01215
G1 X108.707 Y108.671 E.0118
G1 X108.501 Y108.907 E.01039
G1 X108.294 Y109.271 E.01385
G1 X108.195 Y109.573 E.01057
G1 X108.144 Y110 E.01426
G1 X108.195 Y110.427 E.01426
G1 X108.294 Y110.729 E.01057
G1 X108.501 Y111.093 E.01385
G1 X108.707 Y111.33 E.01043
G1 X108.994 Y111.557 E.01215
G1 X109.317 Y111.725 E.01206
G1 X109.676 Y111.825 E.01237
G1 X110.03 Y111.854 E.0118
G1 X110.342 Y111.823 E.01039
G1 X110.741 Y111.7 E.01385
G1 X111.021 Y111.548 E.01057
G1 X111.342 Y111.281 E.01385
G1 X111.541 Y111.032 E.01057
G1 X111.733 Y110.661 E.01385
G1 X111.821 Y110.355 E.01057
G1 X111.854 Y109.938 E.01385
G1 X111.822 Y109.675 E.0088
G1 E-.8 F3600
M204 S2000
G1 X112.086 Y109.644 F18000
G1 E.8 F3600
;TYPE:Gap infill
;WIDTH:0.175907
G1 F1200
G1 X112.076 Y109.558 E.00095
G1 X111.919 Y109.095 E.0053
G1 X111.662 Y108.681 E.00528
G1 X111.419 Y108.424 E.00383
G1 X111.084 Y108.178 E.00451
G1 X110.717 Y108.005 E.00439
G1 X110.361 Y107.906 E.00401
G1 X109.957 Y107.88 E.00438
G1 X109.555 Y107.927 E.00439
G1 X109.212 Y108.03 E.00387
G1 X108.843 Y108.221 E.00451
G1 X108.524 Y108.473 E.0044
G1 X108.268 Y108.769 E.00424
G1 X108.05 Y109.155 E.00481
G1 X107.923 Y109.556 E.00456
G1 X107.877 Y109.993 E.00475
G1 X107.934 Y110.478 E.0053
G1 X108.048 Y110.832 E.00403
G1 X108.277 Y111.243 E.0051
G1 X108.519 Y111.519 E.00397
G1 X108.852 Y111.788 E.00465
G1 X109.225 Y111.976 E.00452
G1 X109.635 Y112.09 E.00461
G1 X110.038 Y112.121 E.00439
G1 X110.4 Y112.082 E.00395
G1 X110.592 Y112.035 E.00214
G1 X110.85 Y111.943 E.00296
G1 X111.177 Y111.77 E.00402
G1 X111.528 Y111.472 E.00499
G1 X111.763 Y111.184 E.00403
G1 X111.979 Y110.766 E.0051
G1 X112.085 Y110.409 E.00403
G1 X112.12 Y109.939 E.00511
G1 X112.088 Y109.664 E.003
; stop printing object separador_timon.stl id:0 copy 0
; printing object "separador_timon.stl" id:1 copy 0
G1 E-.8 F3600
G1 X107.454 Y134.963 F18000
G1 E.8 F3600
M204 S1000
;TYPE:Outer wall
;WIDTH:0.42
G1 F1200
G1 X107.577 Y134.717 E.00843
G1 X107.731 Y134.475 E.00883
G1 X107.909 Y134.25 E.00883
G1 X108.109 Y134.044 E.00883
G1 X108.33 Y133.86 E.00883
G1 X108.568 Y133.7 E.00883
G1 X108.822 Y133.565 E.00883
G1 X109.088 Y133.456 E.00883
G1 X109.364 Y133.376 E.00883
G1 X109.642 Y133.325 E.00871
G1 X110.129 Y133.305 E.01498
G1 X110.362 Y133.325 E.00717
G1 X110.645 Y133.376 E.00884
G1 X110.921 Y133.456 E.00883
G1 X111.187 Y133.565 E.00883
G1 X111.441 Y133.7 E.00883
G1 X111.679 Y133.86 E.00883
G1 X111.899 Y134.044 E.00883
G1 X112.1 Y134.25 E.00883
G1 X112.278 Y134.475 E.00883
G1 X112.432 Y134.717 E.00883
G1 X112.561 Y134.974 E.00883
G1 X112.661 Y135.24 E.00874
G1 X112.761 Y135.665 E.0134
G1 X112.79 Y135.948 E.00874
G1 X112.79 Y136.232 E.00874
G1 X112.734 Y136.665 E.0134
G1 X112.662 Y136.94 E.00874
G1 X112.561 Y137.208 E.00883
G1 X112.432 Y137.465 E.00883
G1 X112.278 Y137.708 E.00883
G1 X112.1 Y137.933 E.00883
G1 X111.901 Y138.137 E.00874
G1 X111.559 Y138.407 E.0134
G1 X111.315 Y138.554 E.00874
G1 X111.055 Y138.675 E.00883
G1 X110.784 Y138.77 E.00883
G1 X110.505 Y138.836 E.00883
G1 X110.22 Y138.873 E.00883
G1 X109.933 Y138.88 E.00883
G1 X109.646 Y138.858 E.00883
G1 X109.364 Y138.806 E.00883
G1 X109.088 Y138.726 E.00883
G1 X108.822 Y138.618 E.00883
G1 X108.568 Y138.483 E.00883
G1 X108.333 Y138.325 E.00871
G1 X107.97 Y137.999 E.01498
G1 X107.817 Y137.823 E.00717
G1 X107.65 Y137.589 E.00884
G1 X107.509 Y137.339 E.00883
G1 X107.394 Y137.075 E.00883
G1 X107.307 Y136.802 E.00883
G1 X107.248 Y136.521 E.00883
G1 X107.218 Y136.235 E.00883
G1 X107.218 Y135.95 E.00874
G1 X107.274 Y135.518 E.0134
G1 X107.347 Y135.243 E.00874
G1 X107.446 Y134.981 E.0086
M204 S2000
G1 X107.808 Y135.131 F18000
M204 S1500
;TYPE:Inner wall
;WIDTH:0.45
G1 F1200
G1 X107.918 Y134.911 E.00819
G1 X108.051 Y134.702 E.00819
G1 X108.204 Y134.509 E.00819
G1 X108.376 Y134.332 E.00819
G1 X108.566 Y134.174 E.00819
G1 X108.77 Y134.036 E.00819
G1 X108.988 Y133.92 E.00819
G1 X109.217 Y133.827 E.00819
G1 X109.454 Y133.758 E.00819
G1 X109.686 Y133.716 E.00782
G1 X110.121 Y133.698 E.01446
G1 X110.311 Y133.714 E.0063
G1 X110.555 Y133.758 E.00824
G1 X110.792 Y133.827 E.00819
G1 X111.021 Y133.92 E.00819
G1 X111.238 Y134.036 E.00819
G1 X111.443 Y134.174 E.00819
G1 X111.633 Y134.332 E.00819
G1 X111.805 Y134.509 E.00819
G1 X111.958 Y134.702 E.00819
G1 X112.091 Y134.911 E.00819
G1 X112.201 Y135.131 E.00819
G1 X112.285 Y135.355 E.00793
G1 X112.374 Y135.73 E.01279
G1 X112.398 Y135.968 E.00793
G1 X112.398 Y136.207 E.00793
G1 X112.349 Y136.589 E.01279
G1 X112.288 Y136.82 E.00793
G1 X112.201 Y137.051 E.00819
G1 X112.091 Y137.272 E.00819
G1 X111.958 Y137.48 E.00819
G1 X111.805 Y137.674 E.00819
G1 X111.638 Y137.845 E.00793
G1 X111.336 Y138.084 E.01279
G1 X111.131 Y138.207 E.00793
G1 X110.907 Y138.312 E.00819
G1 X110.674 Y138.393 E.00819
G1 X110.434 Y138.45 E.00819
G1 X110.189 Y138.481 E.00819
G1 X109.943 Y138.488 E.00819
G1 X109.697 Y138.469 E.00819
G1 X109.454 Y138.424 E.00819
G1 X109.217 Y138.355 E.00819
G1 X108.988 Y138.262 E.00819
G1 X108.77 Y138.146 E.00819
G1 X108.575 Y138.015 E.00782
G1 X108.25 Y137.724 E.01446
G1 X108.126 Y137.58 E.0063
G1 X107.982 Y137.378 E.00824
G1 X107.86 Y137.163 E.00819
G1 X107.761 Y136.937 E.00819
G1 X107.686 Y136.702 E.00819
G1 X107.636 Y136.46 E.00819
G1 X107.61 Y136.215 E.00819
G1 X107.61 Y135.976 E.00793
G1 X107.66 Y135.593 E.01279
G1 X107.721 Y135.362 E.00793
G1 X107.801 Y135.15 E.00752
M204 S2000
G1 E-.8 F3600
G1 X111.437 Y135.807 F18000
G1 E.8 F3600
M204 S1000
;TYPE:Outer wall
;WIDTH:0.42
G1 F1200
G1 X111.436 Y135.799 E.00027
G1 X111.328 Y135.472 E.01056
G1 X111.147 Y135.18 E.01056
G1 X110.983 Y135.006 E.00734
G1 X110.747 Y134.834 E.00898
G1 X110.491 Y134.714 E.00868
G1 X110.262 Y134.653 E.00729
G1 X109.97 Y134.632 E.00898
G1 X109.69 Y134.665 E.00868
G1 X109.463 Y134.734 E.00729
G1 X109.204 Y134.87 E.00898
G1 X108.983 Y135.046 E.00868
G1 X108.827 Y135.227 E.00733
G1 X108.659 Y135.522 E.01043
G1 X108.584 Y135.75 E.00739
G1 X108.543 Y136.091 E.01056
G1 X108.584 Y136.432 E.01056
G1 X108.659 Y136.661 E.00739
G1 X108.827 Y136.956 E.01043
G1 X108.984 Y137.136 E.00734
G1 X109.213 Y137.318 E.00898
G1 X109.466 Y137.45 E.00876
G1 X109.75 Y137.529 E.00905
G1 X110.031 Y137.552 E.00868
G1 X110.269 Y137.528 E.00733
G1 X110.593 Y137.428 E.01043
G1 X110.804 Y137.314 E.00739
G1 X111.065 Y137.096 E.01043
G1 X111.215 Y136.909 E.00739
G1 X111.371 Y136.607 E.01043
G1 X111.437 Y136.376 E.00739
G1 X111.464 Y136.037 E.01043
G1 X111.439 Y135.827 E.0065
M204 S2000
G1 X111.824 Y135.746 F18000
M204 S1500
;TYPE:Inner wall
;WIDTH:0.45
G1 F1200
G1 X111.82 Y135.713 E.00111
G1 X111.686 Y135.305 E.01426
G1 X111.459 Y134.94 E.01426
G1 X111.243 Y134.711 E.01043
G1 X110.947 Y134.495 E.01215
G1 X110.626 Y134.344 E.0118
G1 X110.327 Y134.265 E.01025
G1 X109.962 Y134.238 E.01215
G1 X109.608 Y134.279 E.0118
G1 X109.313 Y134.37 E.01025
G1 X108.989 Y134.54 E.01215
G1 X108.711 Y134.762 E.0118
G1 X108.505 Y134.999 E.01039
G1 X108.299 Y135.362 E.01385
G1 X108.199 Y135.665 E.01057
G1 X108.148 Y136.091 E.01426
G1 X108.199 Y136.518 E.01426
G1 X108.299 Y136.821 E.01057
G1 X108.505 Y137.184 E.01385
G1 X108.712 Y137.421 E.01043
G1 X108.999 Y137.649 E.01215
G1 X109.321 Y137.816 E.01206
G1 X109.68 Y137.917 E.01237
G1 X110.035 Y137.946 E.0118
G1 X110.346 Y137.914 E.01039
G1 X110.746 Y137.792 E.01385
G1 X111.026 Y137.64 E.01057
G1 X111.346 Y137.372 E.01385
G1 X111.546 Y137.123 E.01057
G1 X111.738 Y136.752 E.01385
G1 X111.825 Y136.446 E.01057
G1 X111.858 Y136.03 E.01385
G1 X111.827 Y135.766 E.0088
M204 S2000
G1 X112.09 Y135.736 F18000
;TYPE:Gap infill
;WIDTH:0.175907
G1 F1200
G1 X112.08 Y135.649 E.00095
G1 X111.923 Y135.186 E.0053
G1 X111.667 Y134.772 E.00528
G1 X111.423 Y134.516 E.00383
G1 X111.088 Y134.269 E.00451
G1 X110.722 Y134.096 E.00439
G1 X110.366 Y133.998 E.00401
G1 X109.962 Y133.971 E.00438
G1 X109.559 Y134.018 E.00439
G1 X109.217 Y134.121 E.00387
G1 X108.847 Y134.312 E.00451
G1 X108.529 Y134.564 E.0044
G1 X108.272 Y134.86 E.00424
G1 X108.054 Y135.246 E.00481
G1 X107.927 Y135.648 E.00456
G1 X107.881 Y136.084 E.00475
G1 X107.938 Y136.57 E.0053
G1 X108.052 Y136.923 E.00403
G1 X108.281 Y137.335 E.0051
G1 X108.523 Y137.61 E.00397
G1 X108.857 Y137.879 E.00465
G1 X109.229 Y138.067 E.00452
G1 X109.639 Y138.181 E.00461
G1 X110.043 Y138.212 E.00439
G1 X110.405 Y138.174 E.00395
G1 X110.597 Y138.127 E.00214
G1 X110.854 Y138.034 E.00296
G1 X111.182 Y137.861 E.00402
G1 X111.532 Y137.563 E.00499
G1 X111.767 Y137.275 E.00403
G1 X111.984 Y136.857 E.0051
G1 X112.089 Y136.5 E.00403
G1 X112.124 Y136.03 E.00511
G1 X112.093 Y135.756 E.003
; stop printing object separador_timon.stl id:1 copy 0
; end of layer_num: 40, T: 0, print_z: 8.040000
;LAYER_CHANGE
;Z:8.24
;HEIGHT:0.2
; BEFORE_LAYER_CHANGE 40 @ 8.24mm
G92 E0
; AFTER_LAYER_CHANGE 40 @ 8.24mm
; start of layer_num: 41, T: 0, print_z: 8.240000
; printing object "separador_timon.stl" id:0 copy 0
G1 E-.8 F3600
G1 X107.449 Y108.872 Z8.24 F18000
G1 E.8 F3600
M204 S1000
;TYPE:Outer wall
;WIDTH:0.42
G1 F1200
G1 X107.572 Y108.626 E.00847
G1 X107.726 Y108.384 E.00883
G1 X107.905 Y108.158 E.00883
G1 X108.105 Y107.953 E.00883
G1 X108.326 Y107.769 E.00883
G1 X108.564 Y107.608 E.00883
G1 X108.817 Y107.473 E.00883
G1 X109.083 Y107.365 E.00883
G1 X109.359 Y107.285 E.00883
G1 X109.638 Y107.234 E.00871
G1 X110.123 Y107.214 E.0149
G1 X110.358 Y107.233 E.00725
G1 X110.641 Y107.285 E.00884
G1 X110.917 Y107.365 E.00883
G1 X111.183 Y107.473 E.00883
G1 X111.436 Y107.608 E.00883
G1 X111.674 Y107.769 E.00883
G1 X111.895 Y107.953 E.00883
G1 X112.095 Y108.158 E.00883
G1 X112.274 Y108.384 E.00883
G1 X112.426 Y108.623 E.00871
G1 X112.627 Y109.064 E.0149
G1 X112.698 Y109.289 E.00725
G1 X112.756 Y109.571 E.00884
G1 X112.786 Y109.856 E.00883
G1 X112.786 Y110.141 E.00874
G1 X112.73 Y110.573 E.0134
G1 X112.658 Y110.848 E.00874
G1 X112.556 Y111.117 E.00883
G1 X112.428 Y111.374 E.00883
G1 X112.274 Y111.616 E.00883
G1 X112.095 Y111.842 E.00883
G1 X111.897 Y112.045 E.00874
G1 X111.555 Y112.316 E.0134
G1 X111.311 Y112.462 E.00874
G1 X111.051 Y112.584 E.00883
G1 X110.78 Y112.679 E.00882
G1 X110.5 Y112.745 E.00883
G1 X110.215 Y112.781 E.00882
G1 X109.928 Y112.789 E.00883
G1 X109.642 Y112.767 E.00883
G1 X109.359 Y112.715 E.00883
G1 X109.083 Y112.635 E.00883
G1 X108.817 Y112.527 E.00883
G1 X108.564 Y112.392 E.00883
G1 X108.326 Y112.231 E.00883
G1 X108.105 Y112.047 E.00883
G1 X107.905 Y111.842 E.00883
G1 X107.726 Y111.616 E.00883
G1 X107.572 Y111.374 E.00883
G1 X107.444 Y111.117 E.00883
G1 X107.343 Y110.851 E.00874
G1 X107.243 Y110.427 E.0134
G1 X107.214 Y110.144 E.00874
G1 X107.214 Y109.859 E.00874
G1 X107.27 Y109.427 E.0134
G1 X107.342 Y109.152 E.00874
G1 X107.441 Y108.891 E.00857
M204 S2000
G1 X107.803 Y109.04 F18000
M204 S1500
;TYPE:Inner wall
;WIDTH:0.45
G1 F1200
G1 X107.914 Y108.819 E.00819
G1 X108.046 Y108.611 E.00819
G1 X108.199 Y108.418 E.00819
G1 X108.372 Y108.241 E.00819
G1 X108.561 Y108.083 E.00819
G1 X108.766 Y107.945 E.00819
G1 X108.984 Y107.829 E.00819
G1 X109.212 Y107.736 E.00819
G1 X109.449 Y107.667 E.00819
G1 X109.682 Y107.625 E.00783
G1 X110.115 Y107.607 E.01438
G1 X110.306 Y107.622 E.00638
G1 X110.551 Y107.667 E.00824
G1 X110.788 Y107.736 E.00819
G1 X111.016 Y107.829 E.00819
G1 X111.234 Y107.945 E.00819
G1 X111.439 Y108.083 E.00819
G1 X111.628 Y108.241 E.00819
G1 X111.801 Y108.418 E.00819
G1 X111.954 Y108.611 E.00819
G1 X112.08 Y108.81 E.00783
G1 X112.26 Y109.205 E.01438
G1 X112.369 Y109.631 E.0146
G1 X112.394 Y109.877 E.00819
G1 X112.394 Y110.116 E.00793
G1 X112.344 Y110.498 E.01279
G1 X112.284 Y110.729 E.00793
G1 X112.197 Y110.96 E.00819
G1 X112.086 Y111.181 E.00819
G1 X111.954 Y111.389 E.00819
G1 X111.801 Y111.582 E.00819
G1 X111.634 Y111.754 E.00793
G1 X111.332 Y111.993 E.01278
G1 X111.127 Y112.116 E.00793
G1 X110.903 Y112.221 E.00819
G1 X110.67 Y112.302 E.00819
G1 X110.43 Y112.358 E.00819
G1 X110.185 Y112.39 E.00819
G1 X109.938 Y112.396 E.00819
G1 X109.692 Y112.377 E.00819
G1 X109.449 Y112.333 E.00819
G1 X109.212 Y112.264 E.00819
G1 X108.984 Y112.171 E.00819
G1 X108.766 Y112.055 E.00819
G1 X108.561 Y111.917 E.00819
G1 X108.372 Y111.759 E.00819
G1 X108.199 Y111.582 E.00819
G1 X108.046 Y111.389 E.00819
G1 X107.914 Y111.181 E.00819
G1 X107.803 Y110.96 E.00819
G1 X107.719 Y110.736 E.00793
G1 X107.631 Y110.361 E.01279
G1 X107.606 Y110.123 E.00793
G1 X107.606 Y109.884 E.00793
G1 X107.656 Y109.502 E.01279
G1 X107.716 Y109.271 E.00793
G1 X107.796 Y109.059 E.00752
M204 S2000
G1 E-.8 F3600
G1 X111.432 Y109.709 F18000
G1 E.8 F3600
M204 S1000
;TYPE:Outer wall
;WIDTH:0.42
G1 F1200
G1 X111.431 Y109.707 E.00007
G1 X111.324 Y109.381 E.01056
G1 X111.142 Y109.089 E.01056
G1 X110.978 Y108.915 E.00735
G1 X110.741 Y108.742 E.00903
G1 X110.487 Y108.623 E.00864
G1 X110.257 Y108.562 E.00729
G1 X109.964 Y108.54 E.00903
G1 X109.685 Y108.573 E.00864
G1 X109.459 Y108.643 E.00729
G1 X109.199 Y108.78 E.00903
G1 X108.979 Y108.955 E.00864
G1 X108.822 Y109.135 E.00733
G1 X108.655 Y109.43 E.01043
G1 X108.579 Y109.659 E.00739
G1 X108.539 Y109.999 E.01052
G1 X108.57 Y110.295 E.00916
G1 X108.653 Y110.566 E.00872
G1 X108.796 Y110.826 E.0091
G1 X108.978 Y111.045 E.00877
G1 X109.249 Y111.253 E.0105
G1 X109.465 Y111.36 E.00739
G1 X109.793 Y111.446 E.01043
G1 X110.029 Y111.46 E.00726
G1 X110.264 Y111.437 E.00726
G1 X110.589 Y111.337 E.01043
G1 X110.8 Y111.222 E.00739
G1 X111.061 Y111.005 E.01043
G1 X111.211 Y110.817 E.00739
G1 X111.367 Y110.516 E.01043
G1 X111.433 Y110.284 E.00739
G1 X111.46 Y109.946 E.01043
G1 X111.434 Y109.729 E.00671
M204 S2000
G1 X111.82 Y109.655 F18000
M204 S1500
;TYPE:Inner wall
;WIDTH:0.45
G1 F1200
G1 X111.816 Y109.622 E.00111
G1 X111.682 Y109.214 E.01426
G1 X111.454 Y108.849 E.01426
G1 X111.239 Y108.62 E.01044
G1 X110.942 Y108.403 E.0122
G1 X110.621 Y108.253 E.01175
G1 X110.322 Y108.174 E.01025
G1 X109.956 Y108.147 E.0122
G1 X109.604 Y108.188 E.01175
G1 X109.309 Y108.279 E.01025
G1 X108.983 Y108.45 E.0122
G1 X108.706 Y108.671 E.01175
G1 X108.501 Y108.907 E.01039
G1 X108.294 Y109.271 E.01385
G1 X108.195 Y109.573 E.01057
G1 X108.144 Y109.996 E.01412
G1 X108.184 Y110.374 E.0126
G1 X108.29 Y110.72 E.01201
G1 X108.471 Y111.048 E.01241
G1 X108.705 Y111.329 E.01215
G1 X109.041 Y111.588 E.01407
G1 X109.327 Y111.729 E.01057
G1 X109.731 Y111.835 E.01385
G1 X110.037 Y111.854 E.01017
G1 X110.342 Y111.823 E.01017
G1 X110.741 Y111.7 E.01385
G1 X111.021 Y111.548 E.01057
G1 X111.342 Y111.281 E.01385
G1 X111.541 Y111.032 E.01057
G1 X111.733 Y110.661 E.01385
G1 X111.821 Y110.355 E.01057
G1 X111.854 Y109.938 E.01385
G1 X111.822 Y109.675 E.0088
G1 E-.8 F3600
M204 S2000
G1 X112.086 Y109.644 F18000
G1 E.8 F3600
;TYPE:Gap infill
;WIDTH:0.175853
G1 F1200
G1 X112.076 Y109.558 E.00094
G1 X111.919 Y109.094 E.0053
G1 X111.662 Y108.681 E.00527
G1 X111.419 Y108.424 E.00383
G1 X111.082 Y108.177 E.00452
G1 X110.717 Y108.005 E.00437
G1 X110.361 Y107.906 E.004
G1 X109.956 Y107.88 E.0044
G1 X109.554 Y107.927 E.00438
G1 X109.212 Y108.03 E.00387
G1 X108.841 Y108.222 E.00453
G1 X108.524 Y108.473 E.00438
G1 X108.268 Y108.769 E.00424
G1 X108.05 Y109.155 E.0048
G1 X107.923 Y109.556 E.00456
G1 X107.877 Y109.987 E.00469
G1 X107.92 Y110.421 E.00473
G1 X108.043 Y110.817 E.00449
G1 X108.247 Y111.193 E.00463
G1 X108.523 Y111.529 E.00471
G1 X108.903 Y111.821 E.0052
G1 X109.239 Y111.982 E.00403
G1 X109.694 Y112.102 E.0051
G1 X110.047 Y112.121 E.00383
G1 X110.4 Y112.082 E.00385
G1 X110.593 Y112.035 E.00214
G1 X110.85 Y111.943 E.00296
G1 X111.177 Y111.77 E.00401
G1 X111.528 Y111.472 E.00499
G1 X111.763 Y111.184 E.00403
G1 X111.979 Y110.766 E.0051
G1 X112.085 Y110.409 E.00403
G1 X112.12 Y109.939 E.0051
G1 X112.088 Y109.664 E.003
; stop printing object separador_timon.stl id:0 copy 0
; printing object "separador_timon.stl" id:1 copy 0
G1 E-.8 F3600
G1 X107.453 Y134.964 F18000
G1 E.8 F3600
M204 S1000
;TYPE:Outer wall
;WIDTH:0.42
G1 F1200
G1 X107.577 Y134.717 E.00847
G1 X107.731 Y134.475 E.00883
G1 X107.909 Y134.25 E.00883
G1 X108.109 Y134.044 E.00883
G1 X108.33 Y133.86 E.00883
G1 X108.568 Y133.7 E.00883
G1 X108.822 Y133.565 E.00883
G1 X109.088 Y133.456 E.00883
G1 X109.364 Y133.376 E.00883
G1 X109.642 Y133.325 E.00871
G1 X110.127 Y133.305 E.0149
G1 X110.362 Y133.325 E.00725
G1 X110.645 Y133.376 E.00884
G1 X110.921 Y133.456 E.00883
G1 X111.187 Y133.565 E.00883
G1 X111.441 Y133.7 E.00883
G1 X111.679 Y133.86 E.00883
G1 X111.899 Y134.044 E.00883
G1 X112.1 Y134.25 E.00883
G1 X112.278 Y134.475 E.00883
G1 X112.43 Y134.714 E.00871
G1 X112.631 Y135.155 E.0149
G1 X112.702 Y135.38 E.00725
G1 X112.761 Y135.662 E.00884
G1 X112.79 Y135.948 E.00883
G1 X112.79 Y136.232 E.00874
G1 X112.734 Y136.665 E.0134
G1 X112.662 Y136.94 E.00874
G1 X112.561 Y137.208 E.00883
G1 X112.432 Y137.465 E.00883
G1 X112.278 Y137.708 E.00883
G1 X112.1 Y137.933 E.00883
G1 X111.901 Y138.137 E.00874
G1 X111.559 Y138.407 E.0134
G1 X111.315 Y138.554 E.00874
G1 X111.055 Y138.675 E.00883
G1 X110.784 Y138.77 E.00882
G1 X110.505 Y138.836 E.00883
G1 X110.22 Y138.873 E.00882
G1 X109.933 Y138.88 E.00883
G1 X109.646 Y138.858 E.00883
G1 X109.364 Y138.806 E.00883
G1 X109.088 Y138.726 E.00883
G1 X108.822 Y138.618 E.00883
G1 X108.568 Y138.483 E.00883
G1 X108.33 Y138.323 E.00883
G1 X108.109 Y138.139 E.00883
G1 X107.909 Y137.933 E.00883
G1 X107.731 Y137.708 E.00883
G1 X107.577 Y137.465 E.00883
G1 X107.448 Y137.208 E.00883
G1 X107.348 Y136.942 E.00874
G1 X107.248 Y136.518 E.0134
G1 X107.218 Y136.235 E.00874
G1 X107.218 Y135.95 E.00874
G1 X107.274 Y135.518 E.0134
G1 X107.347 Y135.243 E.00874
G1 X107.445 Y134.982 E.00857
M204 S2000
G1 X107.808 Y135.131 F18000
M204 S1500
;TYPE:Inner wall
;WIDTH:0.45
G1 F1200
G1 X107.918 Y134.911 E.00819
G1 X108.051 Y134.702 E.00819
G1 X108.204 Y134.509 E.00819
G1 X108.376 Y134.332 E.00819
G1 X108.566 Y134.174 E.00819
G1 X108.77 Y134.036 E.00819
G1 X108.988 Y133.92 E.00819
G1 X109.217 Y133.827 E.00819
G1 X109.454 Y133.758 E.00819
G1 X109.686 Y133.716 E.00783
G1 X110.119 Y133.698 E.01438
G1 X110.311 Y133.714 E.00638
G1 X110.555 Y133.758 E.00824
G1 X110.792 Y133.827 E.00819
G1 X111.021 Y133.92 E.00819
G1 X111.238 Y134.036 E.00819
G1 X111.443 Y134.174 E.00819
G1 X111.633 Y134.332 E.00819
G1 X111.805 Y134.509 E.00819
G1 X111.958 Y134.702 E.00819
G1 X112.085 Y134.901 E.00783
G1 X112.265 Y135.296 E.01438
G1 X112.373 Y135.722 E.0146
G1 X112.398 Y135.968 E.00819
G1 X112.398 Y136.207 E.00793
G1 X112.349 Y136.589 E.01279
G1 X112.288 Y136.82 E.00793
G1 X112.201 Y137.051 E.00819
G1 X112.091 Y137.272 E.00819
G1 X111.958 Y137.48 E.00819
G1 X111.805 Y137.674 E.00819
G1 X111.638 Y137.845 E.00793
G1 X111.336 Y138.084 E.01278
G1 X111.131 Y138.207 E.00793
G1 X110.907 Y138.312 E.00819
G1 X110.674 Y138.393 E.00819
G1 X110.434 Y138.45 E.00819
G1 X110.189 Y138.481 E.00819
G1 X109.943 Y138.488 E.00819
G1 X109.697 Y138.469 E.00819
G1 X109.454 Y138.424 E.00819
G1 X109.217 Y138.355 E.00819
G1 X108.988 Y138.262 E.00819
G1 X108.77 Y138.146 E.00819
G1 X108.566 Y138.009 E.00819
G1 X108.376 Y137.85 E.00819
G1 X108.204 Y137.674 E.00819
G1 X108.051 Y137.48 E.00819
G1 X107.918 Y137.272 E.00819
G1 X107.808 Y137.051 E.00819
G1 X107.724 Y136.828 E.00793
G1 X107.635 Y136.452 E.01279
G1 X107.61 Y136.215 E.00793
G1 X107.61 Y135.976 E.00793
G1 X107.66 Y135.593 E.01279
G1 X107.721 Y135.362 E.00793
G1 X107.801 Y135.15 E.00752
M204 S2000
G1 E-.8 F3600
G1 X111.436 Y135.801 F18000
G1 E.8 F3600
M204 S1000
;TYPE:Outer wall
;WIDTH:0.42
G1 F1200
G1 X111.436 Y135.799 E.00007
G1 X111.328 Y135.472 E.01056
G1 X111.147 Y135.18 E.01056
G1 X110.983 Y135.006 E.00735
G1 X110.745 Y134.833 E.00903
G1 X110.491 Y134.714 E.00864
G1 X110.262 Y134.653 E.00729
G1 X109.969 Y134.632 E.00903
G1 X109.69 Y134.665 E.00864
G1 X109.463 Y134.734 E.00729
G1 X109.203 Y134.871 E.00903
G1 X108.983 Y135.046 E.00864
G1 X108.827 Y135.227 E.00733
G1 X108.659 Y135.522 E.01043
G1 X108.584 Y135.75 E.00739
G1 X108.543 Y136.09 E.01052
G1 X108.574 Y136.386 E.00916
G1 X108.657 Y136.658 E.00872
G1 X108.8 Y136.917 E.0091
G1 X108.983 Y137.136 E.00877
G1 X109.254 Y137.345 E.0105
G1 X109.469 Y137.451 E.00739
G1 X109.798 Y137.538 E.01043
G1 X110.033 Y137.552 E.00726
G1 X110.269 Y137.528 E.00726
G1 X110.593 Y137.428 E.01043
G1 X110.804 Y137.314 E.00739
G1 X111.065 Y137.096 E.01043
G1 X111.215 Y136.909 E.00739
G1 X111.371 Y136.607 E.01043
G1 X111.437 Y136.376 E.00739
G1 X111.464 Y136.037 E.01043
G1 X111.438 Y135.821 E.00671
M204 S2000
G1 X111.824 Y135.746 F18000
M204 S1500
;TYPE:Inner wall
;WIDTH:0.45
G1 F1200
G1 X111.82 Y135.713 E.00111
G1 X111.686 Y135.305 E.01426
G1 X111.459 Y134.94 E.01426
G1 X111.243 Y134.711 E.01044
G1 X110.946 Y134.494 E.0122
G1 X110.625 Y134.344 E.01175
G1 X110.327 Y134.265 E.01025
G1 X109.96 Y134.238 E.0122
G1 X109.608 Y134.28 E.01175
G1 X109.313 Y134.37 E.01025
G1 X108.987 Y134.541 E.0122
G1 X108.711 Y134.762 E.01175
G1 X108.505 Y134.999 E.01039
G1 X108.299 Y135.362 E.01385
G1 X108.199 Y135.665 E.01057
G1 X108.148 Y136.087 E.01412
G1 X108.189 Y136.465 E.0126
G1 X108.294 Y136.811 E.01201
G1 X108.475 Y137.139 E.01241
G1 X108.709 Y137.42 E.01215
G1 X109.045 Y137.679 E.01407
G1 X109.331 Y137.82 E.01057
G1 X109.735 Y137.927 E.01385
G1 X110.041 Y137.945 E.01017
G1 X110.346 Y137.914 E.01017
G1 X110.746 Y137.792 E.01385
G1 X111.026 Y137.64 E.01057
G1 X111.346 Y137.372 E.01385
G1 X111.546 Y137.123 E.01057
G1 X111.738 Y136.752 E.01385
G1 X111.825 Y136.446 E.01057
G1 X111.858 Y136.03 E.01385
G1 X111.827 Y135.766 E.0088
M204 S2000
G1 X112.09 Y135.736 F18000
;TYPE:Gap infill
;WIDTH:0.175853
G1 F1200
G1 X112.08 Y135.649 E.00094
G1 X111.924 Y135.186 E.0053
G1 X111.667 Y134.772 E.00527
G1 X111.423 Y134.515 E.00383
G1 X111.087 Y134.268 E.00452
G1 X110.721 Y134.096 E.00437
G1 X110.365 Y133.998 E.004
G1 X109.96 Y133.971 E.0044
G1 X109.559 Y134.018 E.00438
G1 X109.217 Y134.121 E.00387
G1 X108.846 Y134.313 E.00453
G1 X108.529 Y134.564 E.00438
G1 X108.272 Y134.86 E.00424
G1 X108.054 Y135.246 E.0048
G1 X107.927 Y135.648 E.00456
G1 X107.881 Y136.078 E.00469
G1 X107.924 Y136.512 E.00473
G1 X108.047 Y136.909 E.00449
G1 X108.252 Y137.284 E.00463
G1 X108.527 Y137.62 E.00471
G1 X108.908 Y137.913 E.0052
G1 X109.243 Y138.073 E.00403
G1 X109.699 Y138.194 E.0051
G1 X110.052 Y138.212 E.00383
G1 X110.405 Y138.174 E.00385
G1 X110.597 Y138.127 E.00214
G1 X110.854 Y138.034 E.00296
G1 X111.182 Y137.861 E.00401
G1 X111.532 Y137.563 E.00499
G1 X111.767 Y137.275 E.00403
G1 X111.984 Y136.857 E.0051
G1 X112.089 Y136.5 E.00403
G1 X112.124 Y136.03 E.0051
G1 X112.092 Y135.755 E.003
; stop printing object separador_timon.stl id:1 copy 0
; end of layer_num: 41, T: 0, print_z: 8.240000
;LAYER_CHANGE
;Z:8.44
;HEIGHT:0.2
; BEFORE_LAYER_CHANGE 41 @ 8.44mm
G92 E0
; AFTER_LAYER_CHANGE 41 @ 8.44mm
; start of layer_num: 42, T: 0, print_z: 8.440000
; printing object "separador_timon.stl" id:0 copy 0
G1 E-.8 F3600
G1 X107.448 Y108.873 Z8.44 F18000
G1 E.8 F3600
M204 S1000
;TYPE:Outer wall
;WIDTH:0.42
G1 F1200
G1 X107.572 Y108.626 E.0085
G1 X107.726 Y108.384 E.00883
G1 X107.905 Y108.158 E.00883
G1 X108.105 Y107.953 E.00883
G1 X108.326 Y107.769 E.00883
G1 X108.564 Y107.608 E.00883
G1 X108.817 Y107.473 E.00883
G1 X109.083 Y107.365 E.00883
G1 X109.359 Y107.285 E.00883
G1 X109.638 Y107.234 E.00871
G1 X110.12 Y107.214 E.01482
G1 X110.358 Y107.233 E.00733
G1 X110.641 Y107.285 E.00884
G1 X110.917 Y107.365 E.00883
G1 X111.183 Y107.473 E.00883
G1 X111.436 Y107.608 E.00883
G1 X111.674 Y107.769 E.00883
G1 X111.895 Y107.953 E.00883
G1 X112.095 Y108.158 E.00882
G1 X112.274 Y108.384 E.00883
G1 X112.426 Y108.623 E.00871
G1 X112.626 Y109.062 E.01482
G1 X112.698 Y109.289 E.00733
G1 X112.756 Y109.571 E.00884
G1 X112.786 Y109.856 E.00883
G1 X112.786 Y110.141 E.00874
G1 X112.73 Y110.573 E.0134
G1 X112.658 Y110.848 E.00874
G1 X112.556 Y111.117 E.00883
G1 X112.428 Y111.374 E.00883
G1 X112.274 Y111.616 E.00883
G1 X112.095 Y111.842 E.00883
G1 X111.897 Y112.045 E.00874
G1 X111.555 Y112.316 E.0134
G1 X111.311 Y112.462 E.00874
G1 X111.051 Y112.584 E.00883
G1 X110.78 Y112.679 E.00883
G1 X110.5 Y112.745 E.00883
G1 X110.215 Y112.781 E.00883
G1 X109.928 Y112.789 E.00883
G1 X109.642 Y112.767 E.00883
G1 X109.359 Y112.715 E.00883
G1 X109.083 Y112.635 E.00883
G1 X108.817 Y112.527 E.00883
G1 X108.564 Y112.392 E.00883
G1 X108.329 Y112.233 E.00871
G1 X107.969 Y111.912 E.01482
G1 X107.813 Y111.732 E.00733
G1 X107.646 Y111.497 E.00884
G1 X107.505 Y111.247 E.00883
G1 X107.39 Y110.984 E.00883
G1 X107.302 Y110.71 E.00883
G1 X107.244 Y110.429 E.00883
G1 X107.214 Y110.144 E.00883
G1 X107.214 Y109.859 E.00874
G1 X107.27 Y109.427 E.0134
G1 X107.342 Y109.152 E.00874
G1 X107.44 Y108.892 E.00853
M204 S2000
G1 X107.803 Y109.04 F18000
M204 S1500
;TYPE:Inner wall
;WIDTH:0.45
G1 F1200
G1 X107.914 Y108.819 E.00819
G1 X108.046 Y108.611 E.00819
G1 X108.199 Y108.418 E.00819
G1 X108.372 Y108.241 E.00819
G1 X108.561 Y108.083 E.00819
G1 X108.766 Y107.945 E.00819
G1 X108.984 Y107.829 E.00819
G1 X109.212 Y107.736 E.00819
G1 X109.449 Y107.667 E.00819
G1 X109.682 Y107.625 E.00783
G1 X110.112 Y107.607 E.01429
G1 X110.306 Y107.622 E.00646
G1 X110.551 Y107.667 E.00823
G1 X110.788 Y107.736 E.00819
G1 X111.016 Y107.829 E.00819
G1 X111.234 Y107.945 E.00819
G1 X111.439 Y108.083 E.00819
G1 X111.628 Y108.241 E.00819
G1 X111.801 Y108.418 E.00819
G1 X111.954 Y108.611 E.00819
G1 X112.08 Y108.81 E.00783
G1 X112.259 Y109.202 E.01429
G1 X112.369 Y109.631 E.01468
G1 X112.394 Y109.877 E.00819
G1 X112.394 Y110.116 E.00793
G1 X112.344 Y110.498 E.01279
G1 X112.284 Y110.729 E.00793
G1 X112.197 Y110.96 E.00819
G1 X112.086 Y111.181 E.00819
G1 X111.954 Y111.389 E.00819
G1 X111.801 Y111.582 E.00819
G1 X111.634 Y111.754 E.00793
G1 X111.332 Y111.993 E.01279
G1 X111.127 Y112.116 E.00793
G1 X110.903 Y112.221 E.00819
G1 X110.67 Y112.302 E.00819
G1 X110.43 Y112.358 E.00819
G1 X110.185 Y112.39 E.00819
G1 X109.938 Y112.396 E.00819
G1 X109.692 Y112.377 E.00819
G1 X109.449 Y112.333 E.00819
G1 X109.212 Y112.264 E.00819
G1 X108.984 Y112.171 E.00819
G1 X108.766 Y112.055 E.00819
G1 X108.57 Y111.923 E.00783
G1 X108.249 Y111.636 E.01429
G1 X108.121 Y111.489 E.00646
G1 X107.977 Y111.287 E.00823
G1 X107.856 Y111.072 E.00819
G1 X107.757 Y110.846 E.00819
G1 X107.682 Y110.61 E.00819
G1 X107.631 Y110.369 E.00819
G1 X107.606 Y110.123 E.00819
G1 X107.606 Y109.884 E.00793
G1 X107.656 Y109.502 E.01279
G1 X107.716 Y109.271 E.00793
G1 X107.796 Y109.059 E.00752
M204 S2000
G1 E-.8 F3600
G1 X111.43 Y109.703 F18000
G1 E.8 F3600
M204 S1000
;TYPE:Outer wall
;WIDTH:0.42
G1 F1200
G1 X111.324 Y109.381 E.01042
G1 X111.142 Y109.089 E.01056
G1 X110.978 Y108.915 E.00735
G1 X110.74 Y108.741 E.00907
G1 X110.487 Y108.623 E.00859
G1 X110.257 Y108.562 E.00729
G1 X109.963 Y108.54 E.00907
G1 X109.685 Y108.573 E.00859
G1 X109.459 Y108.643 E.00729
G1 X109.197 Y108.78 E.00907
G1 X108.977 Y108.957 E.00868
G1 X108.788 Y109.187 E.00914
G1 X108.652 Y109.436 E.00872
G1 X108.558 Y109.764 E.0105
G1 X108.539 Y110.003 E.00735
G1 X108.57 Y110.296 E.00907
G1 X108.652 Y110.564 E.00859
G1 X108.762 Y110.776 E.00733
G1 X108.976 Y111.043 E.01052
G1 X109.211 Y111.228 E.0092
G1 X109.459 Y111.357 E.00859
G1 X109.687 Y111.427 E.00733
G1 X110.028 Y111.461 E.01052
G1 X110.325 Y111.423 E.0092
G1 X110.59 Y111.336 E.00859
G1 X110.8 Y111.222 E.00733
G1 X111.061 Y111.005 E.01043
G1 X111.211 Y110.817 E.00739
G1 X111.367 Y110.516 E.01043
G1 X111.433 Y110.284 E.00739
G1 X111.46 Y109.946 E.01043
G1 X111.433 Y109.723 E.00692
M204 S2000
G1 X111.806 Y109.59 F18000
M204 S1500
;TYPE:Inner wall
;WIDTH:0.45
G1 F1200
G1 X111.682 Y109.214 E.01315
G1 X111.454 Y108.849 E.01426
G1 X111.239 Y108.62 E.01044
G1 X110.94 Y108.402 E.01225
G1 X110.621 Y108.253 E.0117
G1 X110.322 Y108.174 E.01025
G1 X109.954 Y108.147 E.01225
G1 X109.604 Y108.188 E.0117
G1 X109.308 Y108.279 E.01025
G1 X108.982 Y108.451 E.01225
G1 X108.7 Y108.676 E.01197
G1 X108.461 Y108.966 E.01246
G1 X108.287 Y109.287 E.0121
G1 X108.17 Y109.694 E.01406
G1 X108.145 Y110.008 E.01044
G1 X108.185 Y110.375 E.01225
G1 X108.288 Y110.712 E.0117
G1 X108.432 Y110.99 E.01038
G1 X108.698 Y111.323 E.01412
G1 X108.997 Y111.559 E.01265
G1 X109.31 Y111.721 E.0117
G1 X109.609 Y111.813 E.01038
G1 X110.033 Y111.856 E.01412
G1 X110.411 Y111.808 E.01265
G1 X110.746 Y111.698 E.0117
G1 X111.021 Y111.548 E.01038
G1 X111.342 Y111.281 E.01385
G1 X111.541 Y111.032 E.01057
G1 X111.733 Y110.661 E.01385
G1 X111.821 Y110.355 E.01057
G1 X111.854 Y109.938 E.01385
G1 X111.816 Y109.622 E.01057
G1 X111.812 Y109.609 E.00045
G1 E-.8 F3600
M204 S2000
G1 X112.063 Y109.525 F18000
G1 E.8 F3600
;TYPE:Gap infill
;WIDTH:0.175443
G1 F1200
G1 X111.919 Y109.094 E.0049
G1 X111.662 Y108.681 E.00526
G1 X111.419 Y108.424 E.00382
G1 X111.081 Y108.176 E.00453
G1 X110.717 Y108.005 E.00434
G1 X110.361 Y107.906 E.00399
G1 X109.954 Y107.88 E.0044
G1 X109.554 Y107.927 E.00435
G1 X109.212 Y108.03 E.00386
G1 X108.84 Y108.223 E.00453
G1 X108.516 Y108.481 E.00447
G1 X108.241 Y108.81 E.00464
G1 X108.04 Y109.178 E.00453
G1 X107.907 Y109.64 E.00519
G1 X107.878 Y110.006 E.00396
G1 X107.921 Y110.423 E.00453
G1 X108.037 Y110.808 E.00435
G1 X108.207 Y111.143 E.00405
G1 X108.505 Y111.507 E.00508
G1 X108.855 Y111.79 E.00487
G1 X109.214 Y111.971 E.00434
G1 X109.563 Y112.075 E.00393
G1 X110.043 Y112.122 E.00521
G1 X110.476 Y112.067 E.00471
G1 X110.857 Y111.94 E.00434
G1 X111.177 Y111.77 E.00392
G1 X111.528 Y111.472 E.00497
G1 X111.763 Y111.184 E.00401
G1 X111.979 Y110.766 E.00509
G1 X112.085 Y110.409 E.00402
G1 X112.12 Y109.939 E.00509
G1 X112.078 Y109.57 E.00401
G1 X112.07 Y109.544 E.0003
; stop printing object separador_timon.stl id:0 copy 0
; printing object "separador_timon.stl" id:1 copy 0
G1 E-.8 F3600
G1 X107.453 Y134.965 F18000
G1 E.8 F3600
M204 S1000
;TYPE:Outer wall
;WIDTH:0.42
G1 F1200
G1 X107.577 Y134.717 E.0085
G1 X107.731 Y134.475 E.00883
G1 X107.909 Y134.25 E.00883
G1 X108.109 Y134.044 E.00883
G1 X108.33 Y133.86 E.00883
G1 X108.568 Y133.7 E.00883
G1 X108.822 Y133.565 E.00883
G1 X109.088 Y133.456 E.00883
G1 X109.364 Y133.376 E.00883
G1 X109.643 Y133.325 E.00871
G1 X110.124 Y133.305 E.01482
G1 X110.362 Y133.325 E.00733
G1 X110.645 Y133.376 E.00884
G1 X110.921 Y133.456 E.00883
G1 X111.187 Y133.565 E.00883
G1 X111.441 Y133.7 E.00883
G1 X111.679 Y133.86 E.00883
G1 X111.899 Y134.044 E.00883
G1 X112.1 Y134.25 E.00882
G1 X112.278 Y134.475 E.00883
G1 X112.43 Y134.714 E.00871
G1 X112.631 Y135.153 E.01482
G1 X112.702 Y135.38 E.00733
G1 X112.761 Y135.662 E.00884
G1 X112.79 Y135.948 E.00883
G1 X112.79 Y136.232 E.00874
G1 X112.734 Y136.665 E.0134
G1 X112.662 Y136.94 E.00874
G1 X112.561 Y137.208 E.00883
G1 X112.432 Y137.465 E.00883
G1 X112.278 Y137.708 E.00883
G1 X112.1 Y137.933 E.00883
G1 X111.901 Y138.137 E.00874
G1 X111.559 Y138.407 E.0134
G1 X111.315 Y138.554 E.00874
G1 X111.055 Y138.675 E.00883
G1 X110.784 Y138.77 E.00883
G1 X110.505 Y138.836 E.00883
G1 X110.22 Y138.873 E.00883
G1 X109.933 Y138.88 E.00883
G1 X109.646 Y138.858 E.00883
G1 X109.364 Y138.806 E.00883
G1 X109.088 Y138.726 E.00883
G1 X108.822 Y138.618 E.00883
G1 X108.568 Y138.483 E.00883
G1 X108.333 Y138.325 E.00871
G1 X107.974 Y138.003 E.01482
G1 X107.817 Y137.823 E.00733
G1 X107.65 Y137.588 E.00884
G1 X107.509 Y137.339 E.00883
G1 X107.394 Y137.075 E.00883
G1 X107.307 Y136.802 E.00883
G1 X107.248 Y136.521 E.00883
G1 X107.218 Y136.235 E.00883
G1 X107.218 Y135.95 E.00874
G1 X107.274 Y135.518 E.0134
G1 X107.347 Y135.243 E.00874
G1 X107.445 Y134.983 E.00853
M204 S2000
G1 X107.808 Y135.131 F18000
M204 S1500
;TYPE:Inner wall
;WIDTH:0.45
G1 F1200
G1 X107.918 Y134.911 E.00819
G1 X108.051 Y134.702 E.00819
G1 X108.204 Y134.509 E.00819
G1 X108.376 Y134.332 E.00819
G1 X108.566 Y134.174 E.00819
G1 X108.77 Y134.036 E.00819
G1 X108.988 Y133.92 E.00819
G1 X109.217 Y133.827 E.00819
G1 X109.454 Y133.758 E.00819
G1 X109.686 Y133.716 E.00783
G1 X110.117 Y133.698 E.01429
G1 X110.311 Y133.714 E.00646
G1 X110.555 Y133.758 E.00823
G1 X110.792 Y133.827 E.00819
G1 X111.021 Y133.92 E.00819
G1 X111.238 Y134.036 E.00819
G1 X111.443 Y134.174 E.00819
G1 X111.633 Y134.332 E.00819
G1 X111.805 Y134.509 E.00819
G1 X111.958 Y134.702 E.00819
G1 X112.085 Y134.902 E.00783
G1 X112.264 Y135.294 E.01429
G1 X112.373 Y135.722 E.01468
G1 X112.398 Y135.968 E.00819
G1 X112.398 Y136.207 E.00793
G1 X112.349 Y136.589 E.01279
G1 X112.288 Y136.82 E.00793
G1 X112.201 Y137.051 E.00819
G1 X112.091 Y137.272 E.00819
G1 X111.958 Y137.48 E.00819
G1 X111.805 Y137.674 E.00819
G1 X111.638 Y137.845 E.00793
G1 X111.336 Y138.084 E.01279
G1 X111.131 Y138.207 E.00793
G1 X110.907 Y138.312 E.00819
G1 X110.674 Y138.393 E.00819
G1 X110.434 Y138.45 E.00819
G1 X110.189 Y138.481 E.00819
G1 X109.943 Y138.488 E.00819
G1 X109.697 Y138.469 E.00819
G1 X109.454 Y138.424 E.00819
G1 X109.217 Y138.355 E.00819
G1 X108.988 Y138.262 E.00819
G1 X108.77 Y138.146 E.00819
G1 X108.574 Y138.015 E.00783
G1 X108.253 Y137.727 E.01429
G1 X108.126 Y137.58 E.00646
G1 X107.982 Y137.378 E.00823
G1 X107.86 Y137.163 E.00819
G1 X107.761 Y136.937 E.00819
G1 X107.686 Y136.702 E.00819
G1 X107.636 Y136.46 E.00819
G1 X107.61 Y136.215 E.00819
G1 X107.61 Y135.976 E.00793
G1 X107.66 Y135.593 E.01279
G1 X107.721 Y135.362 E.00793
G1 X107.801 Y135.15 E.00752
M204 S2000
G1 E-.8 F3600
G1 X111.434 Y135.794 F18000
G1 E.8 F3600
M204 S1000
;TYPE:Outer wall
;WIDTH:0.42
G1 F1200
G1 X111.328 Y135.472 E.01042
G1 X111.147 Y135.18 E.01056
G1 X110.983 Y135.006 E.00735
G1 X110.744 Y134.833 E.00907
G1 X110.491 Y134.714 E.00859
G1 X110.262 Y134.653 E.00729
G1 X109.967 Y134.632 E.00907
G1 X109.69 Y134.665 E.00859
G1 X109.463 Y134.734 E.00729
G1 X109.202 Y134.872 E.00907
G1 X108.981 Y135.048 E.00868
G1 X108.792 Y135.278 E.00914
G1 X108.656 Y135.527 E.00872
G1 X108.562 Y135.856 E.0105
G1 X108.543 Y136.094 E.00735
G1 X108.575 Y136.388 E.00907
G1 X108.657 Y136.655 E.00859
G1 X108.766 Y136.867 E.00733
G1 X108.98 Y137.134 E.01052
G1 X109.215 Y137.32 E.0092
G1 X109.463 Y137.448 E.00859
G1 X109.691 Y137.518 E.00733
G1 X110.032 Y137.552 E.01052
G1 X110.329 Y137.515 E.0092
G1 X110.595 Y137.427 E.00859
G1 X110.804 Y137.314 E.00733
G1 X111.065 Y137.096 E.01043
G1 X111.215 Y136.909 E.00739
G1 X111.371 Y136.607 E.01043
G1 X111.437 Y136.376 E.00739
G1 X111.464 Y136.037 E.01043
G1 X111.438 Y135.814 E.00692
M204 S2000
G1 X111.81 Y135.681 F18000
M204 S1500
;TYPE:Inner wall
;WIDTH:0.45
G1 F1200
G1 X111.686 Y135.305 E.01315
G1 X111.459 Y134.94 E.01426
G1 X111.243 Y134.711 E.01044
G1 X110.945 Y134.494 E.01225
G1 X110.625 Y134.344 E.0117
G1 X110.327 Y134.265 E.01025
G1 X109.958 Y134.238 E.01225
G1 X109.608 Y134.28 E.0117
G1 X109.313 Y134.37 E.01025
G1 X108.986 Y134.542 E.01225
G1 X108.704 Y134.768 E.01197
G1 X108.466 Y135.057 E.01246
G1 X108.291 Y135.378 E.0121
G1 X108.175 Y135.786 E.01406
G1 X108.15 Y136.099 E.01044
G1 X108.189 Y136.466 E.01225
G1 X108.292 Y136.804 E.0117
G1 X108.436 Y137.082 E.01038
G1 X108.702 Y137.414 E.01412
G1 X109.001 Y137.65 E.01265
G1 X109.314 Y137.813 E.0117
G1 X109.614 Y137.905 E.01038
G1 X110.037 Y137.947 E.01412
G1 X110.416 Y137.899 E.01265
G1 X110.751 Y137.789 E.0117
G1 X111.026 Y137.64 E.01038
G1 X111.346 Y137.372 E.01385
G1 X111.546 Y137.123 E.01057
G1 X111.738 Y136.752 E.01385
G1 X111.825 Y136.446 E.01057
G1 X111.858 Y136.03 E.01385
G1 X111.82 Y135.713 E.01057
G1 X111.816 Y135.7 E.00045
M204 S2000
G1 X112.068 Y135.616 F18000
;TYPE:Gap infill
;WIDTH:0.175443
G1 F1200
G1 X111.924 Y135.186 E.0049
G1 X111.667 Y134.772 E.00526
G1 X111.423 Y134.515 E.00382
G1 X111.085 Y134.268 E.00453
G1 X110.721 Y134.096 E.00434
G1 X110.365 Y133.997 E.00399
G1 X109.958 Y133.971 E.0044
G1 X109.559 Y134.018 E.00435
G1 X109.216 Y134.121 E.00386
G1 X108.844 Y134.314 E.00453
G1 X108.521 Y134.572 E.00447
G1 X108.246 Y134.902 E.00464
G1 X108.045 Y135.269 E.00453
G1 X107.912 Y135.732 E.00519
G1 X107.883 Y136.097 E.00396
G1 X107.925 Y136.514 E.00453
G1 X108.041 Y136.9 E.00435
G1 X108.211 Y137.234 E.00405
G1 X108.509 Y137.598 E.00508
G1 X108.86 Y137.881 E.00487
G1 X109.218 Y138.062 E.00434
G1 X109.567 Y138.166 E.00393
G1 X110.048 Y138.213 E.00521
G1 X110.48 Y138.158 E.00471
G1 X110.861 Y138.031 E.00434
G1 X111.182 Y137.861 E.00392
G1 X111.533 Y137.563 E.00497
G1 X111.767 Y137.275 E.00401
G1 X111.984 Y136.857 E.00509
G1 X112.089 Y136.5 E.00402
G1 X112.124 Y136.03 E.00509
G1 X112.083 Y135.661 E.00401
G1 X112.074 Y135.635 E.0003
; stop printing object separador_timon.stl id:1 copy 0
; end of layer_num: 42, T: 0, print_z: 8.440000
;LAYER_CHANGE
;Z:8.64
;HEIGHT:0.200001
; BEFORE_LAYER_CHANGE 42 @ 8.64mm
G92 E0
; AFTER_LAYER_CHANGE 42 @ 8.64mm
; start of layer_num: 43, T: 0, print_z: 8.640000
; printing object "separador_timon.stl" id:0 copy 0
G1 E-.8 F3600
G1 X107.448 Y108.875 Z8.64 F18000
G1 E.8 F3600
M204 S1000
;TYPE:Outer wall
;WIDTH:0.42
G1 F1200
G1 X107.572 Y108.626 E.00854
G1 X107.726 Y108.384 E.00883
G1 X107.905 Y108.158 E.00883
G1 X108.105 Y107.953 E.00883
G1 X108.326 Y107.769 E.00883
G1 X108.564 Y107.608 E.00883
G1 X108.817 Y107.473 E.00883
G1 X109.083 Y107.365 E.00883
G1 X109.359 Y107.285 E.00883
G1 X109.638 Y107.234 E.00871
G1 X110.118 Y107.214 E.01474
G1 X110.358 Y107.233 E.0074
G1 X110.641 Y107.285 E.00884
G1 X110.917 Y107.365 E.00883
G1 X111.183 Y107.473 E.00883
G1 X111.436 Y107.608 E.00883
G1 X111.674 Y107.769 E.00883
G1 X111.895 Y107.953 E.00883
G1 X112.095 Y108.158 E.00883
G1 X112.274 Y108.384 E.00883
G1 X112.428 Y108.626 E.00883
G1 X112.556 Y108.883 E.00882
G1 X112.658 Y109.152 E.00883
G1 X112.731 Y109.429 E.00883
G1 X112.775 Y109.71 E.00874
G1 X112.786 Y110.143 E.01328
G1 X112.72 Y110.615 E.01466
G1 X112.658 Y110.848 E.0074
G1 X112.556 Y111.117 E.00884
G1 X112.428 Y111.374 E.00883
G1 X112.274 Y111.616 E.00883
G1 X112.095 Y111.842 E.00883
G1 X111.898 Y112.045 E.00871
G1 X111.519 Y112.339 E.01474
G1 X111.312 Y112.462 E.0074
G1 X111.051 Y112.584 E.00884
G1 X110.78 Y112.679 E.00883
G1 X110.5 Y112.745 E.00883
G1 X110.215 Y112.781 E.00883
G1 X109.928 Y112.789 E.00883
G1 X109.642 Y112.767 E.00883
G1 X109.359 Y112.715 E.00883
G1 X109.083 Y112.635 E.00883
G1 X108.82 Y112.528 E.00874
G1 X108.44 Y112.313 E.0134
G1 X108.213 Y112.142 E.00874
G1 X108.002 Y111.947 E.00883
G1 X107.813 Y111.731 E.00883
G1 X107.646 Y111.497 E.00883
G1 X107.505 Y111.247 E.00883
G1 X107.39 Y110.984 E.00883
G1 X107.302 Y110.71 E.00883
G1 X107.244 Y110.429 E.00883
G1 X107.214 Y110.144 E.00883
G1 X107.214 Y109.86 E.00871
G1 X107.28 Y109.385 E.01474
G1 X107.342 Y109.152 E.0074
G1 X107.44 Y108.893 E.00851
M204 S2000
G1 X107.803 Y109.04 F18000
M204 S1500
;TYPE:Inner wall
;WIDTH:0.45
G1 F1200
G1 X107.914 Y108.819 E.00819
G1 X108.046 Y108.611 E.00819
G1 X108.199 Y108.418 E.00819
G1 X108.372 Y108.241 E.00819
G1 X108.561 Y108.083 E.00819
G1 X108.766 Y107.945 E.00819
G1 X108.984 Y107.829 E.00819
G1 X109.212 Y107.736 E.00819
G1 X109.449 Y107.667 E.00819
G1 X109.682 Y107.625 E.00784
G1 X110.11 Y107.606 E.01421
G1 X110.306 Y107.622 E.00654
G1 X110.551 Y107.667 E.00823
G1 X110.788 Y107.736 E.00819
G1 X111.016 Y107.829 E.00819
G1 X111.234 Y107.945 E.00819
G1 X111.439 Y108.083 E.00819
G1 X111.628 Y108.241 E.00819
G1 X111.801 Y108.418 E.00819
G1 X111.954 Y108.611 E.00819
G1 X112.086 Y108.819 E.00819
G1 X112.197 Y109.04 E.00819
G1 X112.284 Y109.271 E.00819
G1 X112.346 Y109.51 E.00819
G1 X112.383 Y109.746 E.00793
G1 X112.393 Y110.121 E.01244
G1 X112.335 Y110.537 E.01395
G1 X112.197 Y110.96 E.01475
G1 X112.086 Y111.181 E.00819
G1 X111.954 Y111.389 E.00819
G1 X111.801 Y111.582 E.00819
G1 X111.636 Y111.752 E.00784
G1 X111.297 Y112.015 E.01421
G1 X111.128 Y112.115 E.00654
G1 X110.903 Y112.221 E.00823
G1 X110.67 Y112.302 E.00819
G1 X110.43 Y112.358 E.00819
G1 X110.185 Y112.39 E.00819
G1 X109.938 Y112.396 E.00819
G1 X109.692 Y112.377 E.00819
G1 X109.449 Y112.333 E.00819
G1 X109.212 Y112.264 E.00819
G1 X108.991 Y112.174 E.00793
G1 X108.656 Y111.984 E.01279
G1 X108.464 Y111.841 E.00793
G1 X108.283 Y111.673 E.00819
G1 X108.12 Y111.488 E.00819
G1 X107.977 Y111.287 E.00819
G1 X107.856 Y111.072 E.00819
G1 X107.757 Y110.846 E.00819
G1 X107.682 Y110.61 E.00819
G1 X107.631 Y110.369 E.00819
G1 X107.606 Y110.123 E.00819
G1 X107.606 Y109.887 E.00784
G1 X107.665 Y109.463 E.01421
G1 X107.797 Y109.059 E.01409
M204 S2000
G1 E-.8 F3600
G1 X111.428 Y109.697 F18000
G1 E.8 F3600
M204 S1000
;TYPE:Outer wall
;WIDTH:0.42
G1 F1200
G1 X111.324 Y109.382 E.01019
G1 X111.169 Y109.125 E.00924
G1 X110.979 Y108.915 E.00868
G1 X110.7 Y108.718 E.0105
G1 X110.484 Y108.622 E.00726
G1 X110.257 Y108.562 E.00722
G1 X109.961 Y108.541 E.00911
G1 X109.685 Y108.574 E.00855
G1 X109.461 Y108.642 E.0072
G1 X109.249 Y108.747 E.00726
G1 X108.978 Y108.956 E.01052
G1 X108.787 Y109.188 E.00924
G1 X108.653 Y109.435 E.00864
G1 X108.567 Y109.721 E.00918
G1 X108.539 Y110.002 E.00868
G1 X108.579 Y110.341 E.0105
G1 X108.655 Y110.57 E.00739
G1 X108.822 Y110.865 E.01043
G1 X108.979 Y111.045 E.00735
G1 X109.212 Y111.229 E.00911
G1 X109.459 Y111.357 E.00855
G1 X109.687 Y111.427 E.00733
G1 X110.025 Y111.461 E.01043
G1 X110.264 Y111.437 E.00739
G1 X110.593 Y111.336 E.01056
G1 X110.888 Y111.16 E.01056
G1 X111.063 Y111.002 E.00726
G1 X111.211 Y110.817 E.00726
G1 X111.367 Y110.516 E.01043
G1 X111.433 Y110.284 E.00739
G1 X111.46 Y109.946 E.01043
G1 X111.432 Y109.717 E.0071
M204 S2000
G1 X111.806 Y109.59 F18000
M204 S1500
;TYPE:Inner wall
;WIDTH:0.45
G1 F1200
G1 X111.683 Y109.217 E.01302
G1 X111.485 Y108.89 E.0127
G1 X111.241 Y108.62 E.01205
G1 X110.895 Y108.375 E.01406
G1 X110.615 Y108.251 E.01017
G1 X110.322 Y108.174 E.01005
G1 X109.952 Y108.147 E.0123
G1 X109.604 Y108.188 E.01165
G1 X109.316 Y108.277 E.00998
G1 X109.041 Y108.412 E.01017
G1 X108.704 Y108.672 E.01413
G1 X108.46 Y108.968 E.0127
G1 X108.289 Y109.283 E.01192
G1 X108.181 Y109.644 E.0125
G1 X108.144 Y110.006 E.01205
G1 X108.195 Y110.427 E.01406
G1 X108.294 Y110.729 E.01057
G1 X108.501 Y111.093 E.01385
G1 X108.708 Y111.33 E.01045
G1 X108.998 Y111.56 E.0123
G1 X109.31 Y111.721 E.01165
G1 X109.609 Y111.813 E.01038
G1 X110.025 Y111.855 E.01385
G1 X110.342 Y111.823 E.01057
G1 X110.753 Y111.697 E.01426
G1 X111.122 Y111.477 E.01426
G1 X111.349 Y111.271 E.01017
G1 X111.541 Y111.032 E.01017
G1 X111.733 Y110.661 E.01385
G1 X111.821 Y110.355 E.01057
G1 X111.854 Y109.938 E.01385
G1 X111.816 Y109.622 E.01057
G1 X111.812 Y109.609 E.00045
G1 E-.8 F3600
M204 S2000
G1 X112.069 Y109.54 F18000
G1 E.8 F3600
;TYPE:Gap infill
;WIDTH:0.17552
G1 F1200
G1 X112.019 Y109.355 E.00206
G1 X111.921 Y109.1 E.00296
G1 X111.695 Y108.726 E.00473
G1 X111.422 Y108.426 E.00438
G1 X111.273 Y108.304 E.00209
G1 X111.032 Y108.147 E.00311
G1 X110.708 Y108.002 E.00384
G1 X110.36 Y107.906 E.00389
G1 X109.952 Y107.88 E.00442
G1 X109.554 Y107.927 E.00433
G1 X109.222 Y108.026 E.00374
G1 X108.903 Y108.179 E.00382
G1 X108.522 Y108.474 E.00521
G1 X108.24 Y108.812 E.00475
G1 X108.042 Y109.174 E.00446
G1 X107.918 Y109.586 E.00466
G1 X107.877 Y110.002 E.00451
G1 X107.934 Y110.478 E.00519
G1 X108.048 Y110.832 E.00401
G1 X108.277 Y111.243 E.00509
G1 X108.528 Y111.527 E.00409
G1 X108.847 Y111.783 E.00442
G1 X109.204 Y111.967 E.00434
G1 X109.562 Y112.08 E.00406
G1 X110.031 Y112.121 E.00508
G1 X110.4 Y112.082 E.00401
G1 X110.592 Y112.035 E.00214
G1 X110.867 Y111.937 E.00315
G1 X111.275 Y111.695 E.00513
G1 X111.54 Y111.458 E.00384
G1 X111.763 Y111.184 E.00382
G1 X111.98 Y110.766 E.00509
G1 X112.083 Y110.408 E.00402
G1 X112.121 Y109.939 E.00509
G1 X112.074 Y109.559 E.00414
; stop printing object separador_timon.stl id:0 copy 0
; printing object "separador_timon.stl" id:1 copy 0
G1 E-.8 F3600
G1 X107.452 Y134.966 F18000
G1 E.8 F3600
M204 S1000
;TYPE:Outer wall
;WIDTH:0.42
G1 F1200
G1 X107.577 Y134.717 E.00854
G1 X107.731 Y134.475 E.00883
G1 X107.909 Y134.25 E.00883
G1 X108.109 Y134.044 E.00883
G1 X108.33 Y133.86 E.00883
G1 X108.568 Y133.7 E.00883
G1 X108.822 Y133.565 E.00883
G1 X109.088 Y133.456 E.00883
G1 X109.364 Y133.376 E.00883
G1 X109.643 Y133.325 E.00871
G1 X110.122 Y133.305 E.01474
G1 X110.362 Y133.325 E.0074
G1 X110.645 Y133.376 E.00884
G1 X110.921 Y133.456 E.00883
G1 X111.187 Y133.565 E.00883
G1 X111.441 Y133.7 E.00883
G1 X111.679 Y133.86 E.00883
G1 X111.899 Y134.044 E.00883
G1 X112.1 Y134.25 E.00883
G1 X112.278 Y134.475 E.00883
G1 X112.432 Y134.717 E.00883
G1 X112.561 Y134.974 E.00882
G1 X112.662 Y135.243 E.00883
G1 X112.735 Y135.521 E.00883
G1 X112.779 Y135.802 E.00874
G1 X112.79 Y136.234 E.01328
G1 X112.724 Y136.707 E.01466
G1 X112.662 Y136.939 E.0074
G1 X112.561 Y137.208 E.00884
G1 X112.432 Y137.465 E.00883
G1 X112.278 Y137.708 E.00883
G1 X112.1 Y137.933 E.00883
G1 X111.902 Y138.136 E.00871
G1 X111.523 Y138.43 E.01474
G1 X111.316 Y138.554 E.0074
G1 X111.055 Y138.675 E.00884
G1 X110.784 Y138.77 E.00883
G1 X110.505 Y138.836 E.00883
G1 X110.22 Y138.873 E.00883
G1 X109.933 Y138.88 E.00883
G1 X109.646 Y138.858 E.00883
G1 X109.364 Y138.806 E.00883
G1 X109.088 Y138.726 E.00883
G1 X108.824 Y138.619 E.00874
G1 X108.445 Y138.404 E.0134
G1 X108.217 Y138.233 E.00874
G1 X108.007 Y138.038 E.00883
G1 X107.817 Y137.823 E.00883
G1 X107.65 Y137.588 E.00883
G1 X107.509 Y137.339 E.00883
G1 X107.394 Y137.075 E.00883
G1 X107.307 Y136.802 E.00883
G1 X107.248 Y136.521 E.00883
G1 X107.218 Y136.235 E.00883
G1 X107.218 Y135.951 E.00871
G1 X107.284 Y135.476 E.01474
G1 X107.347 Y135.243 E.0074
G1 X107.444 Y134.984 E.00851
M204 S2000
G1 X107.808 Y135.131 F18000
M204 S1500
;TYPE:Inner wall
;WIDTH:0.45
G1 F1200
G1 X107.918 Y134.911 E.00819
G1 X108.051 Y134.702 E.00819
G1 X108.204 Y134.509 E.00819
G1 X108.376 Y134.332 E.00819
G1 X108.566 Y134.174 E.00819
G1 X108.77 Y134.036 E.00819
G1 X108.988 Y133.92 E.00819
G1 X109.217 Y133.827 E.00819
G1 X109.454 Y133.758 E.00819
G1 X109.686 Y133.716 E.00784
G1 X110.114 Y133.698 E.01421
G1 X110.311 Y133.714 E.00654
G1 X110.555 Y133.758 E.00823
G1 X110.792 Y133.827 E.00819
G1 X111.021 Y133.92 E.00819
G1 X111.238 Y134.036 E.00819
G1 X111.443 Y134.174 E.00819
G1 X111.633 Y134.332 E.00819
G1 X111.805 Y134.509 E.00819
G1 X111.958 Y134.702 E.00819
G1 X112.091 Y134.911 E.00819
G1 X112.201 Y135.131 E.00819
G1 X112.288 Y135.362 E.00819
G1 X112.351 Y135.601 E.00819
G1 X112.388 Y135.837 E.00793
G1 X112.397 Y136.212 E.01244
G1 X112.339 Y136.629 E.01395
G1 X112.201 Y137.051 E.01475
G1 X112.091 Y137.272 E.00819
G1 X111.958 Y137.48 E.00819
G1 X111.805 Y137.674 E.00819
G1 X111.64 Y137.843 E.00784
G1 X111.302 Y138.106 E.01421
G1 X111.132 Y138.207 E.00654
G1 X110.907 Y138.312 E.00823
G1 X110.674 Y138.393 E.00819
G1 X110.434 Y138.45 E.00819
G1 X110.189 Y138.481 E.00819
G1 X109.943 Y138.488 E.00819
G1 X109.697 Y138.469 E.00819
G1 X109.454 Y138.424 E.00819
G1 X109.217 Y138.355 E.00819
G1 X108.995 Y138.265 E.00793
G1 X108.66 Y138.075 E.01279
G1 X108.469 Y137.932 E.00793
G1 X108.288 Y137.764 E.00819
G1 X108.125 Y137.579 E.00819
G1 X107.982 Y137.378 E.00819
G1 X107.86 Y137.163 E.00819
G1 X107.761 Y136.937 E.00819
G1 X107.686 Y136.702 E.00819
G1 X107.636 Y136.46 E.00819
G1 X107.61 Y136.215 E.00819
G1 X107.61 Y135.978 E.00784
G1 X107.669 Y135.554 E.01421
G1 X107.802 Y135.15 E.01409
M204 S2000
G1 E-.8 F3600
G1 X111.432 Y135.788 F18000
G1 E.8 F3600
M204 S1000
;TYPE:Outer wall
;WIDTH:0.42
G1 F1200
G1 X111.329 Y135.473 E.01019
G1 X111.173 Y135.216 E.00924
G1 X110.984 Y135.007 E.00868
G1 X110.705 Y134.809 E.0105
G1 X110.489 Y134.713 E.00726
G1 X110.262 Y134.653 E.00722
G1 X109.966 Y134.632 E.00911
G1 X109.69 Y134.665 E.00855
G1 X109.466 Y134.734 E.0072
G1 X109.254 Y134.838 E.00726
G1 X108.982 Y135.047 E.01052
G1 X108.791 Y135.279 E.00924
G1 X108.657 Y135.526 E.00864
G1 X108.571 Y135.812 E.00918
G1 X108.543 Y136.093 E.00868
G1 X108.584 Y136.432 E.0105
G1 X108.659 Y136.661 E.00739
G1 X108.827 Y136.956 E.01043
G1 X108.984 Y137.136 E.00735
G1 X109.216 Y137.32 E.00911
G1 X109.464 Y137.448 E.00855
G1 X109.691 Y137.518 E.00733
G1 X110.029 Y137.552 E.01043
G1 X110.269 Y137.528 E.00739
G1 X110.597 Y137.427 E.01056
G1 X110.892 Y137.251 E.01056
G1 X111.068 Y137.093 E.00726
G1 X111.215 Y136.909 E.00726
G1 X111.371 Y136.607 E.01043
G1 X111.437 Y136.376 E.00739
G1 X111.464 Y136.037 E.01043
G1 X111.437 Y135.808 E.0071
M204 S2000
G1 X111.81 Y135.681 F18000
M204 S1500
;TYPE:Inner wall
;WIDTH:0.45
G1 F1200
G1 X111.687 Y135.309 E.01302
G1 X111.489 Y134.981 E.0127
G1 X111.245 Y134.712 E.01205
G1 X110.9 Y134.467 E.01406
G1 X110.619 Y134.342 E.01017
G1 X110.326 Y134.265 E.01005
G1 X109.957 Y134.238 E.0123
G1 X109.608 Y134.28 E.01165
G1 X109.321 Y134.368 E.00998
G1 X109.045 Y134.503 E.01017
G1 X108.708 Y134.763 E.01413
G1 X108.465 Y135.059 E.0127
G1 X108.293 Y135.375 E.01192
G1 X108.185 Y135.736 E.0125
G1 X108.149 Y136.097 E.01205
G1 X108.199 Y136.518 E.01406
G1 X108.299 Y136.821 E.01057
G1 X108.505 Y137.184 E.01385
G1 X108.712 Y137.421 E.01045
G1 X109.003 Y137.651 E.0123
G1 X109.315 Y137.813 E.01165
G1 X109.614 Y137.905 E.01038
G1 X110.029 Y137.946 E.01385
G1 X110.346 Y137.914 E.01057
G1 X110.757 Y137.788 E.01426
G1 X111.127 Y137.568 E.01426
G1 X111.354 Y137.363 E.01017
G1 X111.546 Y137.123 E.01017
G1 X111.738 Y136.752 E.01385
G1 X111.825 Y136.446 E.01057
G1 X111.858 Y136.03 E.01385
G1 X111.82 Y135.713 E.01057
G1 X111.816 Y135.7 E.00045
M204 S2000
G1 X112.073 Y135.631 F18000
;TYPE:Gap infill
;WIDTH:0.17552
G1 F1200
G1 X112.024 Y135.447 E.00206
G1 X111.925 Y135.191 E.00296
G1 X111.699 Y134.817 E.00473
G1 X111.426 Y134.518 E.00438
G1 X111.277 Y134.395 E.00209
G1 X111.036 Y134.238 E.00311
G1 X110.712 Y134.093 E.00384
G1 X110.365 Y133.997 E.00389
G1 X109.956 Y133.971 E.00442
G1 X109.558 Y134.018 E.00433
G1 X109.226 Y134.117 E.00374
G1 X108.908 Y134.27 E.00382
G1 X108.526 Y134.565 E.00521
G1 X108.245 Y134.903 E.00475
G1 X108.047 Y135.265 E.00446
G1 X107.923 Y135.678 E.00466
G1 X107.882 Y136.093 E.00451
G1 X107.938 Y136.57 E.00519
G1 X108.052 Y136.923 E.00401
G1 X108.281 Y137.335 E.00509
G1 X108.532 Y137.618 E.00409
G1 X108.851 Y137.875 E.00442
G1 X109.208 Y138.058 E.00434
G1 X109.567 Y138.171 E.00406
G1 X110.035 Y138.212 E.00508
G1 X110.405 Y138.174 E.00401
G1 X110.597 Y138.127 E.00214
G1 X110.872 Y138.028 E.00315
G1 X111.28 Y137.786 E.00513
G1 X111.545 Y137.549 E.00384
G1 X111.767 Y137.275 E.00382
G1 X111.984 Y136.857 E.00509
G1 X112.088 Y136.5 E.00402
G1 X112.126 Y136.03 E.00509
G1 X112.079 Y135.65 E.00414
; stop printing object separador_timon.stl id:1 copy 0
; end of layer_num: 43, T: 0, print_z: 8.640000
;LAYER_CHANGE
;Z:8.84
;HEIGHT:0.2
; BEFORE_LAYER_CHANGE 43 @ 8.84mm
G92 E0
; AFTER_LAYER_CHANGE 43 @ 8.84mm
; start of layer_num: 44, T: 0, print_z: 8.840000
; printing object "separador_timon.stl" id:0 copy 0
G1 E-.8 F3600
G1 X107.447 Y108.876 Z8.84 F18000
G1 E.8 F3600
M204 S1000
;TYPE:Outer wall
;WIDTH:0.42
G1 F1200
G1 X107.572 Y108.626 E.00858
G1 X107.726 Y108.384 E.00883
G1 X107.905 Y108.158 E.00883
G1 X108.105 Y107.953 E.00883
G1 X108.326 Y107.769 E.00883
G1 X108.564 Y107.608 E.00883
G1 X108.817 Y107.473 E.00883
G1 X109.083 Y107.365 E.00883
G1 X109.359 Y107.285 E.00883
G1 X109.638 Y107.234 E.00871
G1 X110.115 Y107.214 E.01467
G1 X110.358 Y107.233 E.00748
G1 X110.641 Y107.285 E.00884
G1 X110.917 Y107.365 E.00883
G1 X111.183 Y107.473 E.00883
G1 X111.436 Y107.608 E.00883
G1 X111.674 Y107.769 E.00883
G1 X111.895 Y107.953 E.00883
G1 X112.095 Y108.158 E.00883
G1 X112.274 Y108.384 E.00883
G1 X112.426 Y108.623 E.00871
G1 X112.625 Y109.057 E.01467
G1 X112.698 Y109.289 E.00748
G1 X112.756 Y109.571 E.00884
G1 X112.786 Y109.856 E.00883
G1 X112.786 Y110.141 E.00874
G1 X112.73 Y110.573 E.0134
G1 X112.658 Y110.848 E.00874
G1 X112.556 Y111.117 E.00883
G1 X112.428 Y111.374 E.00883
G1 X112.274 Y111.616 E.00883
G1 X112.095 Y111.842 E.00883
G1 X111.895 Y112.047 E.00883
G1 X111.674 Y112.231 E.00883
G1 X111.439 Y112.39 E.00871
G1 X111.01 Y112.599 E.01467
G1 X110.78 Y112.678 E.00748
G1 X110.5 Y112.745 E.00884
G1 X110.215 Y112.781 E.00882
G1 X109.928 Y112.789 E.00883
G1 X109.642 Y112.767 E.00883
G1 X109.359 Y112.715 E.00883
G1 X109.083 Y112.635 E.00883
G1 X108.817 Y112.527 E.00883
G1 X108.564 Y112.392 E.00883
G1 X108.326 Y112.231 E.00883
G1 X108.105 Y112.047 E.00883
G1 X107.905 Y111.842 E.00883
G1 X107.726 Y111.616 E.00883
G1 X107.572 Y111.374 E.00883
G1 X107.444 Y111.117 E.00882
G1 X107.342 Y110.848 E.00883
G1 X107.269 Y110.571 E.00883
G1 X107.225 Y110.29 E.00874
G1 X107.214 Y109.856 E.01331
G1 X107.27 Y109.427 E.01331
G1 X107.342 Y109.152 E.00874
G1 X107.439 Y108.894 E.00845
M204 S2000
G1 X107.803 Y109.04 F18000
M204 S1500
;TYPE:Inner wall
;WIDTH:0.45
G1 F1200
G1 X107.914 Y108.819 E.00819
G1 X108.046 Y108.611 E.00819
G1 X108.199 Y108.418 E.00819
G1 X108.372 Y108.241 E.00819
G1 X108.561 Y108.083 E.00819
G1 X108.766 Y107.945 E.00819
G1 X108.984 Y107.829 E.00819
G1 X109.212 Y107.736 E.00819
G1 X109.449 Y107.667 E.00819
G1 X109.682 Y107.625 E.00784
G1 X110.108 Y107.606 E.01413
G1 X110.307 Y107.623 E.00662
G1 X110.551 Y107.667 E.00823
G1 X110.788 Y107.736 E.00819
G1 X111.016 Y107.829 E.00819
G1 X111.234 Y107.945 E.00819
G1 X111.439 Y108.083 E.00819
G1 X111.628 Y108.241 E.00819
G1 X111.801 Y108.418 E.00819
G1 X111.954 Y108.611 E.00819
G1 X112.081 Y108.811 E.00784
G1 X112.258 Y109.198 E.01413
G1 X112.369 Y109.631 E.01483
G1 X112.394 Y109.877 E.00819
G1 X112.394 Y110.116 E.00793
G1 X112.344 Y110.498 E.01278
G1 X112.284 Y110.729 E.00793
G1 X112.197 Y110.96 E.00819
G1 X112.086 Y111.181 E.00819
G1 X111.954 Y111.389 E.00819
G1 X111.801 Y111.582 E.00819
G1 X111.628 Y111.759 E.00819
G1 X111.439 Y111.917 E.00819
G1 X111.243 Y112.049 E.00784
G1 X110.86 Y112.236 E.01413
G1 X110.671 Y112.301 E.00662
G1 X110.43 Y112.358 E.00823
G1 X110.185 Y112.39 E.00819
G1 X109.938 Y112.396 E.00819
G1 X109.692 Y112.377 E.00819
G1 X109.449 Y112.333 E.00819
G1 X109.212 Y112.264 E.00819
G1 X108.984 Y112.171 E.00819
G1 X108.766 Y112.055 E.00819
G1 X108.561 Y111.917 E.00819
G1 X108.372 Y111.759 E.00819
G1 X108.199 Y111.582 E.00819
G1 X108.046 Y111.389 E.00819
G1 X107.914 Y111.181 E.00819
G1 X107.803 Y110.96 E.00819
G1 X107.716 Y110.729 E.00819
G1 X107.654 Y110.49 E.00819
G1 X107.617 Y110.254 E.00793
G1 X107.607 Y109.877 E.01253
G1 X107.656 Y109.502 E.01253
G1 X107.716 Y109.271 E.00793
G1 X107.796 Y109.059 E.00752
M204 S2000
G1 E-.8 F3600
G1 X111.426 Y109.692 F18000
G1 E.8 F3600
M204 S1000
;TYPE:Outer wall
;WIDTH:0.42
G1 F1200
G1 X111.324 Y109.382 E.01001
G1 X111.168 Y109.124 E.00929
G1 X110.982 Y108.918 E.00851
G1 X110.793 Y108.773 E.00732
G1 X110.488 Y108.623 E.01043
G1 X110.257 Y108.562 E.00735
G1 X109.96 Y108.541 E.00916
G1 X109.685 Y108.574 E.00851
G1 X109.458 Y108.643 E.00729
G1 X109.195 Y108.782 E.00916
G1 X108.979 Y108.955 E.00851
G1 X108.822 Y109.135 E.00733
G1 X108.653 Y109.433 E.01052
G1 X108.567 Y109.722 E.00929
G1 X108.539 Y110.001 E.0086
G1 X108.571 Y110.299 E.00922
G1 X108.654 Y110.568 E.00864
G1 X108.822 Y110.865 E.01049
G1 X108.979 Y111.045 E.00735
G1 X109.213 Y111.23 E.00916
G1 X109.459 Y111.357 E.00851
G1 X109.687 Y111.427 E.00733
G1 X110.025 Y111.461 E.01043
G1 X110.264 Y111.437 E.00739
G1 X110.589 Y111.337 E.01043
G1 X110.8 Y111.222 E.00739
G1 X111.061 Y111.005 E.01043
G1 X111.211 Y110.817 E.00739
G1 X111.367 Y110.516 E.01043
G1 X111.433 Y110.284 E.00739
G1 X111.46 Y109.946 E.01043
G1 X111.432 Y109.711 E.00728
M204 S2000
G1 X111.82 Y109.655 F18000
M204 S1500
;TYPE:Inner wall
;WIDTH:0.45
G1 F1200
G1 X111.816 Y109.622 E.00111
G1 X111.683 Y109.217 E.01413
G1 X111.484 Y108.888 E.01275
G1 X111.249 Y108.629 E.0116
G1 X111.001 Y108.438 E.01037
G1 X110.626 Y108.254 E.01385
G1 X110.322 Y108.173 E.01045
G1 X109.951 Y108.147 E.01235
G1 X109.603 Y108.188 E.0116
G1 X109.308 Y108.279 E.01025
G1 X108.979 Y108.453 E.01235
G1 X108.706 Y108.672 E.0116
G1 X108.501 Y108.907 E.01037
G1 X108.29 Y109.278 E.01413
G1 X108.18 Y109.646 E.01275
G1 X108.145 Y110.002 E.01188
G1 X108.185 Y110.379 E.01255
G1 X108.291 Y110.724 E.012
G1 X108.501 Y111.093 E.01405
G1 X108.708 Y111.33 E.01045
G1 X109 Y111.561 E.01235
G1 X109.31 Y111.721 E.0116
G1 X109.609 Y111.813 E.01037
G1 X110.025 Y111.855 E.01385
G1 X110.342 Y111.823 E.01057
G1 X110.741 Y111.7 E.01385
G1 X111.021 Y111.548 E.01057
G1 X111.342 Y111.281 E.01385
G1 X111.541 Y111.032 E.01057
G1 X111.733 Y110.661 E.01385
G1 X111.821 Y110.355 E.01057
G1 X111.854 Y109.938 E.01385
G1 X111.822 Y109.675 E.0088
G1 E-.8 F3600
M204 S2000
G1 X112.087 Y109.645 F18000
G1 E.8 F3600
;TYPE:Gap infill
;WIDTH:0.17479
G1 F1200
G1 X112.078 Y109.57 E.00081
G1 X111.927 Y109.112 E.00518
G1 X111.694 Y108.724 E.00486
G1 X111.433 Y108.438 E.00416
G1 X111.137 Y108.21 E.00402
G1 X110.725 Y108.007 E.00492
G1 X110.36 Y107.906 E.00407
G1 X109.95 Y107.88 E.00442
G1 X109.554 Y107.927 E.00429
G1 X109.212 Y108.03 E.00384
G1 X108.837 Y108.225 E.00454
G1 X108.524 Y108.473 E.00429
G1 X108.268 Y108.769 E.0042
G1 X108.045 Y109.165 E.00489
G1 X107.916 Y109.588 E.00475
G1 X107.877 Y109.997 E.00442
G1 X107.923 Y110.426 E.00464
G1 X108.045 Y110.823 E.00446
G1 X108.155 Y111.044 E.00265
G1 X108.281 Y111.241 E.00251
G1 X108.52 Y111.519 E.00394
G1 X108.85 Y111.782 E.00454
G1 X109.204 Y111.967 E.00429
G1 X109.562 Y112.08 E.00403
G1 X110.031 Y112.121 E.00506
G1 X110.4 Y112.082 E.00399
G1 X110.839 Y111.95 E.00492
G1 X111.167 Y111.774 E.004
G1 X111.528 Y111.472 E.00506
G1 X111.763 Y111.184 E.00399
G1 X111.979 Y110.766 E.00506
G1 X112.085 Y110.409 E.004
G1 X112.12 Y109.939 E.00506
G1 X112.089 Y109.665 E.00296
; stop printing object separador_timon.stl id:0 copy 0
; printing object "separador_timon.stl" id:1 copy 0
G1 E-.8 F3600
G1 X107.452 Y134.967 F18000
G1 E.8 F3600
M204 S1000
;TYPE:Outer wall
;WIDTH:0.42
G1 F1200
G1 X107.577 Y134.717 E.00858
G1 X107.731 Y134.475 E.00883
G1 X107.909 Y134.25 E.00883
G1 X108.109 Y134.044 E.00883
G1 X108.33 Y133.86 E.00883
G1 X108.568 Y133.7 E.00883
G1 X108.822 Y133.565 E.00883
G1 X109.088 Y133.456 E.00883
G1 X109.364 Y133.376 E.00883
G1 X109.643 Y133.325 E.00871
G1 X110.12 Y133.305 E.01467
G1 X110.362 Y133.325 E.00748
G1 X110.645 Y133.376 E.00884
G1 X110.921 Y133.456 E.00883
G1 X111.187 Y133.565 E.00883
G1 X111.441 Y133.7 E.00883
G1 X111.679 Y133.86 E.00883
G1 X111.899 Y134.044 E.00883
G1 X112.1 Y134.25 E.00883
G1 X112.278 Y134.475 E.00883
G1 X112.43 Y134.714 E.00871
G1 X112.629 Y135.148 E.01467
G1 X112.702 Y135.38 E.00748
G1 X112.761 Y135.662 E.00884
G1 X112.79 Y135.948 E.00883
G1 X112.79 Y136.232 E.00874
G1 X112.734 Y136.665 E.0134
G1 X112.662 Y136.94 E.00874
G1 X112.561 Y137.208 E.00883
G1 X112.432 Y137.465 E.00883
G1 X112.278 Y137.708 E.00883
G1 X112.1 Y137.933 E.00883
G1 X111.899 Y138.139 E.00883
G1 X111.679 Y138.323 E.00883
G1 X111.444 Y138.481 E.00871
G1 X111.015 Y138.691 E.01467
G1 X110.784 Y138.77 E.00748
G1 X110.505 Y138.836 E.00884
G1 X110.22 Y138.873 E.00882
G1 X109.933 Y138.88 E.00883
G1 X109.646 Y138.858 E.00883
G1 X109.364 Y138.806 E.00883
G1 X109.088 Y138.726 E.00883
G1 X108.822 Y138.618 E.00883
G1 X108.568 Y138.483 E.00883
G1 X108.33 Y138.323 E.00883
G1 X108.109 Y138.139 E.00883
G1 X107.909 Y137.933 E.00883
G1 X107.731 Y137.708 E.00883
G1 X107.577 Y137.465 E.00883
G1 X107.448 Y137.208 E.00882
G1 X107.347 Y136.94 E.00883
G1 X107.274 Y136.662 E.00883
G1 X107.23 Y136.381 E.00874
G1 X107.219 Y135.948 E.01331
G1 X107.274 Y135.518 E.01331
G1 X107.347 Y135.243 E.00874
G1 X107.444 Y134.985 E.00845
M204 S2000
G1 X107.808 Y135.131 F18000
M204 S1500
;TYPE:Inner wall
;WIDTH:0.45
G1 F1200
G1 X107.918 Y134.911 E.00819
G1 X108.051 Y134.702 E.00819
G1 X108.204 Y134.509 E.00819
G1 X108.376 Y134.332 E.00819
G1 X108.566 Y134.174 E.00819
G1 X108.77 Y134.036 E.00819
G1 X108.988 Y133.92 E.00819
G1 X109.217 Y133.827 E.00819
G1 X109.454 Y133.758 E.00819
G1 X109.686 Y133.716 E.00784
G1 X110.112 Y133.698 E.01413
G1 X110.311 Y133.714 E.00662
G1 X110.555 Y133.758 E.00823
G1 X110.792 Y133.827 E.00819
G1 X111.021 Y133.92 E.00819
G1 X111.238 Y134.036 E.00819
G1 X111.443 Y134.174 E.00819
G1 X111.633 Y134.332 E.00819
G1 X111.805 Y134.509 E.00819
G1 X111.958 Y134.702 E.00819
G1 X112.085 Y134.902 E.00784
G1 X112.262 Y135.289 E.01413
G1 X112.373 Y135.722 E.01483
G1 X112.398 Y135.968 E.00819
G1 X112.398 Y136.207 E.00793
G1 X112.349 Y136.589 E.01278
G1 X112.288 Y136.82 E.00793
G1 X112.201 Y137.051 E.00819
G1 X112.091 Y137.272 E.00819
G1 X111.958 Y137.48 E.00819
G1 X111.805 Y137.674 E.00819
G1 X111.633 Y137.85 E.00819
G1 X111.443 Y138.009 E.00819
G1 X111.247 Y138.141 E.00784
G1 X110.864 Y138.328 E.01413
G1 X110.676 Y138.393 E.00662
G1 X110.434 Y138.45 E.00823
G1 X110.189 Y138.481 E.00819
G1 X109.943 Y138.488 E.00819
G1 X109.697 Y138.469 E.00819
G1 X109.454 Y138.424 E.00819
G1 X109.217 Y138.355 E.00819
G1 X108.988 Y138.262 E.00819
G1 X108.77 Y138.146 E.00819
G1 X108.566 Y138.009 E.00819
G1 X108.376 Y137.85 E.00819
G1 X108.204 Y137.674 E.00819
G1 X108.051 Y137.48 E.00819
G1 X107.918 Y137.272 E.00819
G1 X107.808 Y137.051 E.00819
G1 X107.721 Y136.82 E.00819
G1 X107.658 Y136.582 E.00819
G1 X107.621 Y136.345 E.00793
G1 X107.611 Y135.968 E.01253
G1 X107.66 Y135.593 E.01253
G1 X107.721 Y135.362 E.00793
G1 X107.801 Y135.15 E.00752
M204 S2000
G1 E-.8 F3600
G1 X111.431 Y135.783 F18000
G1 E.8 F3600
M204 S1000
;TYPE:Outer wall
;WIDTH:0.42
G1 F1200
G1 X111.329 Y135.473 E.01001
G1 X111.172 Y135.215 E.00929
G1 X110.986 Y135.01 E.00851
G1 X110.797 Y134.864 E.00732
G1 X110.493 Y134.714 E.01043
G1 X110.262 Y134.653 E.00735
G1 X109.964 Y134.632 E.00916
G1 X109.689 Y134.665 E.00851
G1 X109.463 Y134.734 E.00729
G1 X109.199 Y134.873 E.00916
G1 X108.983 Y135.047 E.00851
G1 X108.827 Y135.227 E.00733
G1 X108.658 Y135.524 E.01052
G1 X108.571 Y135.814 E.00929
G1 X108.543 Y136.092 E.0086
G1 X108.575 Y136.39 E.00922
G1 X108.658 Y136.659 E.00864
G1 X108.827 Y136.956 E.01049
G1 X108.984 Y137.137 E.00735
G1 X109.218 Y137.321 E.00916
G1 X109.464 Y137.448 E.00851
G1 X109.691 Y137.518 E.00733
G1 X110.029 Y137.552 E.01043
G1 X110.269 Y137.528 E.00739
G1 X110.593 Y137.428 E.01043
G1 X110.804 Y137.314 E.00739
G1 X111.065 Y137.096 E.01043
G1 X111.215 Y136.909 E.00739
G1 X111.371 Y136.607 E.01043
G1 X111.437 Y136.376 E.00739
G1 X111.464 Y136.037 E.01043
G1 X111.436 Y135.802 E.00728
M204 S2000
G1 X111.824 Y135.746 F18000
M204 S1500
;TYPE:Inner wall
;WIDTH:0.45
G1 F1200
G1 X111.82 Y135.713 E.00111
G1 X111.687 Y135.308 E.01413
G1 X111.488 Y134.98 E.01275
G1 X111.253 Y134.72 E.0116
G1 X111.006 Y134.53 E.01037
G1 X110.631 Y134.345 E.01385
G1 X110.326 Y134.265 E.01045
G1 X109.955 Y134.238 E.01235
G1 X109.608 Y134.28 E.0116
G1 X109.313 Y134.37 E.01025
G1 X108.983 Y134.544 E.01235
G1 X108.71 Y134.763 E.0116
G1 X108.505 Y134.999 E.01037
G1 X108.295 Y135.369 E.01413
G1 X108.185 Y135.737 E.01275
G1 X108.149 Y136.094 E.01188
G1 X108.19 Y136.47 E.01255
G1 X108.296 Y136.815 E.012
G1 X108.505 Y137.184 E.01405
G1 X108.712 Y137.422 E.01045
G1 X109.004 Y137.652 E.01235
G1 X109.315 Y137.813 E.0116
G1 X109.614 Y137.905 E.01037
G1 X110.029 Y137.946 E.01385
G1 X110.346 Y137.914 E.01057
G1 X110.746 Y137.792 E.01385
G1 X111.026 Y137.64 E.01057
G1 X111.346 Y137.372 E.01385
G1 X111.546 Y137.123 E.01057
G1 X111.738 Y136.752 E.01385
G1 X111.825 Y136.446 E.01057
G1 X111.858 Y136.03 E.01385
G1 X111.827 Y135.766 E.0088
M204 S2000
G1 X112.091 Y135.736 F18000
;TYPE:Gap infill
;WIDTH:0.17479
G1 F1200
G1 X112.083 Y135.661 E.00081
G1 X111.932 Y135.204 E.00518
G1 X111.698 Y134.816 E.00486
G1 X111.438 Y134.529 E.00416
G1 X111.141 Y134.301 E.00402
G1 X110.73 Y134.099 E.00492
G1 X110.365 Y133.997 E.00407
G1 X109.955 Y133.971 E.00442
G1 X109.558 Y134.018 E.00429
G1 X109.216 Y134.121 E.00384
G1 X108.841 Y134.316 E.00454
G1 X108.528 Y134.565 E.00429
G1 X108.272 Y134.86 E.0042
G1 X108.049 Y135.256 E.00489
G1 X107.921 Y135.679 E.00475
G1 X107.881 Y136.088 E.00442
G1 X107.928 Y136.518 E.00464
G1 X108.05 Y136.915 E.00446
G1 X108.16 Y137.135 E.00265
G1 X108.285 Y137.332 E.00251
G1 X108.524 Y137.61 E.00394
G1 X108.855 Y137.873 E.00454
G1 X109.209 Y138.058 E.00429
G1 X109.567 Y138.171 E.00403
G1 X110.035 Y138.212 E.00506
G1 X110.405 Y138.174 E.00399
G1 X110.843 Y138.041 E.00492
G1 X111.171 Y137.865 E.004
G1 X111.532 Y137.563 E.00506
G1 X111.767 Y137.275 E.00399
G1 X111.984 Y136.857 E.00506
G1 X112.089 Y136.5 E.004
G1 X112.124 Y136.03 E.00506
G1 X112.094 Y135.756 E.00296
; stop printing object separador_timon.stl id:1 copy 0
; end of layer_num: 44, T: 0, print_z: 8.840000
;LAYER_CHANGE
;Z:9.04
;HEIGHT:0.2
; BEFORE_LAYER_CHANGE 44 @ 9.04mm
G92 E0
; AFTER_LAYER_CHANGE 44 @ 9.04mm
; start of layer_num: 45, T: 0, print_z: 9.040000
; printing object "separador_timon.stl" id:0 copy 0
G1 E-.8 F3600
G1 X107.447 Y108.877 Z9.04 F18000
G1 E.8 F3600
M204 S1000
;TYPE:Outer wall
;WIDTH:0.42
G1 F1200
G1 X107.572 Y108.626 E.00863
G1 X107.726 Y108.384 E.00882
G1 X107.905 Y108.158 E.00883
G1 X108.105 Y107.953 E.00883
G1 X108.326 Y107.769 E.00883
G1 X108.564 Y107.608 E.00883
G1 X108.817 Y107.473 E.00883
G1 X109.083 Y107.365 E.00883
G1 X109.359 Y107.285 E.00883
G1 X109.638 Y107.234 E.00872
G1 X110.113 Y107.213 E.01459
G1 X110.358 Y107.233 E.00756
G1 X110.641 Y107.285 E.00884
G1 X110.917 Y107.365 E.00883
G1 X111.183 Y107.473 E.00883
G1 X111.436 Y107.608 E.00883
G1 X111.674 Y107.769 E.00883
G1 X111.895 Y107.953 E.00883
G1 X112.095 Y108.158 E.00883
G1 X112.274 Y108.384 E.00883
G1 X112.428 Y108.626 E.00883
G1 X112.556 Y108.883 E.00883
G1 X112.657 Y109.149 E.00874
G1 X112.757 Y109.573 E.0134
G1 X112.786 Y109.856 E.00874
G1 X112.786 Y110.14 E.00872
G1 X112.721 Y110.61 E.01459
G1 X112.658 Y110.848 E.00756
G1 X112.556 Y111.117 E.00884
G1 X112.428 Y111.374 E.00883
G1 X112.274 Y111.616 E.00883
G1 X112.095 Y111.842 E.00883
G1 X111.895 Y112.047 E.00883
G1 X111.674 Y112.231 E.00883
G1 X111.436 Y112.392 E.00883
G1 X111.183 Y112.527 E.00883
G1 X110.917 Y112.635 E.00883
G1 X110.641 Y112.715 E.00883
G1 X110.361 Y112.766 E.00874
G1 X109.925 Y112.789 E.0134
G1 X109.642 Y112.767 E.00874
G1 X109.359 Y112.715 E.00883
G1 X109.083 Y112.635 E.00883
G1 X108.817 Y112.527 E.00883
G1 X108.564 Y112.392 E.00883
G1 X108.329 Y112.233 E.00872
G1 X107.974 Y111.917 E.01459
G1 X107.813 Y111.732 E.00756
G1 X107.646 Y111.497 E.00884
G1 X107.505 Y111.247 E.00883
G1 X107.39 Y110.984 E.00883
G1 X107.302 Y110.71 E.00883
G1 X107.244 Y110.429 E.00883
G1 X107.214 Y110.144 E.00883
G1 X107.214 Y109.86 E.00872
G1 X107.279 Y109.39 E.01459
G1 X107.342 Y109.152 E.00756
G1 X107.439 Y108.896 E.00842
M204 S2000
G1 X107.803 Y109.04 F18000
M204 S1500
;TYPE:Inner wall
;WIDTH:0.45
G1 F1200
G1 X107.914 Y108.819 E.00819
G1 X108.046 Y108.611 E.00819
G1 X108.199 Y108.418 E.00819
G1 X108.372 Y108.241 E.00819
G1 X108.561 Y108.083 E.00819
G1 X108.766 Y107.945 E.00819
G1 X108.984 Y107.829 E.00819
G1 X109.212 Y107.736 E.00819
G1 X109.449 Y107.667 E.00819
G1 X109.682 Y107.625 E.00785
G1 X110.105 Y107.606 E.01405
G1 X110.307 Y107.623 E.0067
G1 X110.551 Y107.667 E.00822
G1 X110.788 Y107.736 E.00819
G1 X111.016 Y107.829 E.00819
G1 X111.234 Y107.945 E.00819
G1 X111.439 Y108.083 E.00819
G1 X111.628 Y108.241 E.00819
G1 X111.801 Y108.418 E.00819
G1 X111.954 Y108.611 E.00819
G1 X112.086 Y108.819 E.00819
G1 X112.197 Y109.04 E.00819
G1 X112.281 Y109.264 E.00793
G1 X112.369 Y109.639 E.01279
G1 X112.394 Y109.877 E.00793
G1 X112.394 Y110.113 E.00785
G1 X112.336 Y110.533 E.01405
G1 X112.197 Y110.96 E.01491
G1 X112.086 Y111.181 E.00819
G1 X111.954 Y111.389 E.00819
G1 X111.801 Y111.582 E.00819
G1 X111.628 Y111.759 E.00819
G1 X111.439 Y111.917 E.00819
G1 X111.234 Y112.055 E.00819
G1 X111.016 Y112.171 E.00819
G1 X110.788 Y112.264 E.00819
G1 X110.551 Y112.333 E.00819
G1 X110.315 Y112.376 E.00793
G1 X109.931 Y112.396 E.01279
G1 X109.692 Y112.377 E.00793
G1 X109.449 Y112.333 E.00819
G1 X109.212 Y112.264 E.00819
G1 X108.984 Y112.171 E.00819
G1 X108.766 Y112.055 E.00819
G1 X108.57 Y111.923 E.00785
G1 X108.254 Y111.641 E.01405
G1 X108.121 Y111.489 E.0067
G1 X107.977 Y111.287 E.00822
G1 X107.856 Y111.072 E.00819
G1 X107.757 Y110.846 E.00819
G1 X107.682 Y110.61 E.00819
G1 X107.631 Y110.369 E.00819
G1 X107.606 Y110.123 E.00819
G1 X107.606 Y109.887 E.00785
G1 X107.664 Y109.467 E.01405
G1 X107.797 Y109.059 E.01425
M204 S2000
G1 E-.8 F3600
G1 X111.425 Y109.687 F18000
G1 E.8 F3600
M204 S1000
;TYPE:Outer wall
;WIDTH:0.42
G1 F1200
G1 X111.324 Y109.382 E.00985
G1 X111.167 Y109.122 E.00933
G1 X110.982 Y108.918 E.00846
G1 X110.793 Y108.773 E.00732
G1 X110.488 Y108.623 E.01043
G1 X110.257 Y108.562 E.00735
G1 X109.958 Y108.541 E.0092
G1 X109.685 Y108.574 E.00846
G1 X109.458 Y108.643 E.00729
G1 X109.194 Y108.783 E.0092
G1 X108.976 Y108.957 E.00855
G1 X108.785 Y109.19 E.00926
G1 X108.654 Y109.432 E.00846
G1 X108.579 Y109.659 E.00732
G1 X108.539 Y109.999 E.01052
G1 X108.571 Y110.301 E.00933
G1 X108.654 Y110.568 E.00859
G1 X108.822 Y110.865 E.01049
G1 X108.979 Y111.045 E.00735
G1 X109.215 Y111.231 E.0092
G1 X109.459 Y111.357 E.00846
G1 X109.687 Y111.427 E.00732
G1 X110.029 Y111.461 E.01056
G1 X110.369 Y111.414 E.01056
G1 X110.592 Y111.335 E.00726
G1 X110.8 Y111.222 E.00726
G1 X111.061 Y111.005 E.01043
G1 X111.211 Y110.817 E.00739
G1 X111.367 Y110.516 E.01043
G1 X111.433 Y110.284 E.00739
G1 X111.46 Y109.946 E.01043
G1 X111.431 Y109.707 E.00739
G1 X111.431 Y109.706 E.00006
M204 S2000
G1 X111.806 Y109.59 F18000
M204 S1500
;TYPE:Inner wall
;WIDTH:0.45
G1 F1200
G1 X111.683 Y109.217 E.01303
G1 X111.483 Y108.887 E.0128
G1 X111.249 Y108.629 E.01155
G1 X111.001 Y108.438 E.01037
G1 X110.626 Y108.254 E.01385
G1 X110.322 Y108.173 E.01046
G1 X109.949 Y108.147 E.0124
G1 X109.603 Y108.188 E.01155
G1 X109.308 Y108.279 E.01025
G1 X108.977 Y108.454 E.0124
G1 X108.699 Y108.677 E.01183
G1 X108.458 Y108.97 E.0126
G1 X108.293 Y109.276 E.01155
G1 X108.195 Y109.573 E.01037
G1 X108.144 Y109.996 E.01414
G1 X108.185 Y110.38 E.0128
G1 X108.292 Y110.724 E.01195
G1 X108.501 Y111.093 E.01405
G1 X108.708 Y111.33 E.01046
G1 X109.001 Y111.562 E.0124
G1 X109.311 Y111.722 E.01155
G1 X109.609 Y111.813 E.01037
G1 X110.037 Y111.856 E.01426
G1 X110.463 Y111.796 E.01426
G1 X110.752 Y111.695 E.01017
G1 X111.021 Y111.548 E.01017
G1 X111.342 Y111.281 E.01385
G1 X111.541 Y111.032 E.01057
G1 X111.733 Y110.661 E.01385
G1 X111.821 Y110.355 E.01057
G1 X111.854 Y109.938 E.01385
G1 X111.816 Y109.622 E.01057
G1 X111.812 Y109.609 E.00045
G1 E-.8 F3600
M204 S2000
G1 X112.064 Y109.523 F18000
G1 E.8 F3600
;TYPE:Gap infill
;WIDTH:0.174872
G1 F1200
G1 X111.921 Y109.1 E.00481
G1 X111.693 Y108.723 E.00474
G1 X111.433 Y108.438 E.00415
G1 X111.137 Y108.21 E.00402
G1 X110.725 Y108.007 E.00493
G1 X110.36 Y107.906 E.00408
G1 X109.948 Y107.88 E.00444
G1 X109.553 Y107.927 E.00428
G1 X109.211 Y108.03 E.00384
G1 X108.835 Y108.226 E.00456
G1 X108.515 Y108.482 E.0044
G1 X108.269 Y108.77 E.00407
G1 X108.046 Y109.164 E.00487
G1 X107.929 Y109.523 E.00406
G1 X107.877 Y109.988 E.00503
G1 X107.922 Y110.428 E.00476
G1 X108.043 Y110.824 E.00445
G1 X108.277 Y111.243 E.00516
G1 X108.519 Y111.52 E.00395
G1 X108.86 Y111.793 E.0047
G1 X109.215 Y111.971 E.00427
G1 X109.563 Y112.075 E.0039
G1 X110.035 Y112.124 E.0051
G1 X110.519 Y112.056 E.00526
G1 X110.855 Y111.94 E.00382
G1 X111.166 Y111.773 E.0038
G1 X111.528 Y111.472 E.00506
G1 X111.763 Y111.184 E.004
G1 X111.98 Y110.766 E.00506
G1 X112.083 Y110.409 E.004
G1 X112.12 Y109.939 E.00506
G1 X112.076 Y109.558 E.00413
G1 X112.071 Y109.542 E.00017
; stop printing object separador_timon.stl id:0 copy 0
; printing object "separador_timon.stl" id:1 copy 0
G1 E-.8 F3600
G1 X107.451 Y134.968 F18000
G1 E.8 F3600
M204 S1000
;TYPE:Outer wall
;WIDTH:0.42
G1 F1200
G1 X107.577 Y134.717 E.00863
G1 X107.731 Y134.475 E.00882
G1 X107.909 Y134.25 E.00883
G1 X108.109 Y134.044 E.00883
G1 X108.33 Y133.86 E.00883
G1 X108.568 Y133.7 E.00883
G1 X108.822 Y133.565 E.00883
G1 X109.088 Y133.456 E.00883
G1 X109.364 Y133.376 E.00883
G1 X109.643 Y133.325 E.00872
G1 X110.117 Y133.305 E.01459
G1 X110.362 Y133.325 E.00756
G1 X110.645 Y133.376 E.00884
G1 X110.921 Y133.456 E.00883
G1 X111.187 Y133.565 E.00883
G1 X111.441 Y133.7 E.00883
G1 X111.679 Y133.86 E.00883
G1 X111.899 Y134.044 E.00883
G1 X112.1 Y134.25 E.00883
G1 X112.278 Y134.475 E.00883
G1 X112.432 Y134.717 E.00883
G1 X112.561 Y134.974 E.00883
G1 X112.661 Y135.24 E.00874
G1 X112.761 Y135.665 E.0134
G1 X112.79 Y135.948 E.00874
G1 X112.79 Y136.231 E.00872
G1 X112.726 Y136.702 E.01459
G1 X112.662 Y136.939 E.00756
G1 X112.561 Y137.208 E.00884
G1 X112.432 Y137.465 E.00883
G1 X112.278 Y137.708 E.00883
G1 X112.1 Y137.933 E.00883
G1 X111.899 Y138.139 E.00883
G1 X111.679 Y138.323 E.00883
G1 X111.441 Y138.483 E.00883
G1 X111.187 Y138.618 E.00883
G1 X110.921 Y138.726 E.00883
G1 X110.645 Y138.806 E.00883
G1 X110.365 Y138.857 E.00874
G1 X109.93 Y138.88 E.0134
G1 X109.646 Y138.858 E.00874
G1 X109.364 Y138.806 E.00883
G1 X109.088 Y138.726 E.00883
G1 X108.822 Y138.618 E.00883
G1 X108.568 Y138.483 E.00883
G1 X108.333 Y138.325 E.00872
G1 X107.979 Y138.008 E.01459
G1 X107.817 Y137.823 E.00756
G1 X107.65 Y137.588 E.00884
G1 X107.509 Y137.339 E.00883
G1 X107.394 Y137.075 E.00883
G1 X107.307 Y136.802 E.00883
G1 X107.248 Y136.521 E.00883
G1 X107.218 Y136.235 E.00883
G1 X107.218 Y135.951 E.00872
G1 X107.283 Y135.481 E.01459
G1 X107.347 Y135.243 E.00756
G1 X107.443 Y134.987 E.00842
M204 S2000
G1 X107.808 Y135.131 F18000
M204 S1500
;TYPE:Inner wall
;WIDTH:0.45
G1 F1200
G1 X107.918 Y134.911 E.00819
G1 X108.051 Y134.702 E.00819
G1 X108.204 Y134.509 E.00819
G1 X108.376 Y134.332 E.00819
G1 X108.566 Y134.174 E.00819
G1 X108.77 Y134.036 E.00819
G1 X108.988 Y133.92 E.00819
G1 X109.217 Y133.827 E.00819
G1 X109.454 Y133.758 E.00819
G1 X109.687 Y133.716 E.00785
G1 X110.11 Y133.697 E.01405
G1 X110.311 Y133.714 E.0067
G1 X110.555 Y133.758 E.00822
G1 X110.792 Y133.827 E.00819
G1 X111.021 Y133.92 E.00819
G1 X111.238 Y134.036 E.00819
G1 X111.443 Y134.174 E.00819
G1 X111.633 Y134.332 E.00819
G1 X111.805 Y134.509 E.00819
G1 X111.958 Y134.702 E.00819
G1 X112.091 Y134.911 E.00819
G1 X112.201 Y135.131 E.00819
G1 X112.285 Y135.355 E.00793
G1 X112.374 Y135.73 E.01279
G1 X112.398 Y135.968 E.00793
G1 X112.398 Y136.204 E.00785
G1 X112.341 Y136.624 E.01405
G1 X112.201 Y137.051 E.01491
G1 X112.091 Y137.272 E.00819
G1 X111.958 Y137.48 E.00819
G1 X111.805 Y137.674 E.00819
G1 X111.633 Y137.85 E.00819
G1 X111.443 Y138.009 E.00819
G1 X111.238 Y138.146 E.00819
G1 X111.021 Y138.262 E.00819
G1 X110.792 Y138.355 E.00819
G1 X110.555 Y138.424 E.00819
G1 X110.32 Y138.467 E.00793
G1 X109.935 Y138.487 E.01279
G1 X109.697 Y138.469 E.00793
G1 X109.454 Y138.424 E.00819
G1 X109.217 Y138.355 E.00819
G1 X108.988 Y138.262 E.00819
G1 X108.77 Y138.146 E.00819
G1 X108.574 Y138.014 E.00785
G1 X108.258 Y137.732 E.01405
G1 X108.125 Y137.58 E.0067
G1 X107.982 Y137.378 E.00822
G1 X107.86 Y137.163 E.00819
G1 X107.761 Y136.937 E.00819
G1 X107.686 Y136.702 E.00819
G1 X107.636 Y136.46 E.00819
G1 X107.61 Y136.215 E.00819
G1 X107.61 Y135.978 E.00785
G1 X107.668 Y135.559 E.01405
G1 X107.802 Y135.15 E.01425
M204 S2000
G1 E-.8 F3600
G1 X111.429 Y135.778 F18000
G1 E.8 F3600
M204 S1000
;TYPE:Outer wall
;WIDTH:0.42
G1 F1200
G1 X111.329 Y135.473 E.00985
G1 X111.171 Y135.214 E.00933
G1 X110.986 Y135.01 E.00846
G1 X110.797 Y134.864 E.00732
G1 X110.493 Y134.714 E.01043
G1 X110.261 Y134.653 E.00735
G1 X109.963 Y134.632 E.0092
G1 X109.689 Y134.665 E.00846
G1 X109.463 Y134.734 E.00729
G1 X109.198 Y134.874 E.0092
G1 X108.981 Y135.049 E.00855
G1 X108.79 Y135.281 E.00926
G1 X108.658 Y135.524 E.00846
G1 X108.584 Y135.75 E.00732
G1 X108.543 Y136.09 E.01052
G1 X108.576 Y136.392 E.00933
G1 X108.658 Y136.659 E.00859
G1 X108.827 Y136.956 E.01049
G1 X108.984 Y137.137 E.00735
G1 X109.219 Y137.322 E.0092
G1 X109.464 Y137.448 E.00846
G1 X109.691 Y137.518 E.00732
G1 X110.033 Y137.552 E.01056
G1 X110.374 Y137.505 E.01056
G1 X110.597 Y137.426 E.00726
G1 X110.804 Y137.314 E.00726
G1 X111.065 Y137.096 E.01043
G1 X111.215 Y136.909 E.00739
G1 X111.371 Y136.607 E.01043
G1 X111.437 Y136.376 E.00739
G1 X111.464 Y136.037 E.01043
G1 X111.436 Y135.799 E.00739
G1 X111.435 Y135.797 E.00006
M204 S2000
G1 X111.81 Y135.681 F18000
M204 S1500
;TYPE:Inner wall
;WIDTH:0.45
G1 F1200
G1 X111.687 Y135.308 E.01303
G1 X111.487 Y134.978 E.0128
G1 X111.253 Y134.72 E.01155
G1 X111.006 Y134.53 E.01037
G1 X110.631 Y134.345 E.01385
G1 X110.326 Y134.265 E.01046
G1 X109.953 Y134.238 E.0124
G1 X109.608 Y134.28 E.01155
G1 X109.312 Y134.371 E.01025
G1 X108.982 Y134.545 E.0124
G1 X108.704 Y134.768 E.01183
G1 X108.463 Y135.062 E.0126
G1 X108.297 Y135.368 E.01155
G1 X108.199 Y135.665 E.01037
G1 X108.148 Y136.088 E.01414
G1 X108.19 Y136.471 E.0128
G1 X108.296 Y136.816 E.01195
G1 X108.505 Y137.184 E.01405
G1 X108.712 Y137.422 E.01046
G1 X109.006 Y137.653 E.0124
G1 X109.315 Y137.813 E.01155
G1 X109.614 Y137.905 E.01037
G1 X110.041 Y137.947 E.01426
G1 X110.467 Y137.888 E.01426
G1 X110.756 Y137.786 E.01017
G1 X111.026 Y137.64 E.01017
G1 X111.346 Y137.372 E.01385
G1 X111.546 Y137.123 E.01057
G1 X111.738 Y136.752 E.01385
G1 X111.825 Y136.446 E.01057
G1 X111.858 Y136.03 E.01385
G1 X111.82 Y135.713 E.01057
G1 X111.816 Y135.7 E.00045
M204 S2000
G1 X112.069 Y135.615 F18000
;TYPE:Gap infill
;WIDTH:0.174872
G1 F1200
G1 X111.925 Y135.191 E.00481
G1 X111.697 Y134.814 E.00474
G1 X111.437 Y134.529 E.00415
G1 X111.141 Y134.301 E.00402
G1 X110.73 Y134.099 E.00493
G1 X110.364 Y133.997 E.00408
G1 X109.953 Y133.971 E.00444
G1 X109.558 Y134.018 E.00428
G1 X109.216 Y134.121 E.00384
G1 X108.84 Y134.318 E.00456
G1 X108.52 Y134.573 E.0044
G1 X108.274 Y134.861 E.00407
G1 X108.051 Y135.255 E.00487
G1 X107.933 Y135.614 E.00406
G1 X107.881 Y136.079 E.00503
G1 X107.927 Y136.52 E.00476
G1 X108.048 Y136.915 E.00445
G1 X108.281 Y137.335 E.00516
G1 X108.523 Y137.611 E.00395
G1 X108.864 Y137.884 E.0047
G1 X109.219 Y138.063 E.00427
G1 X109.567 Y138.166 E.0039
G1 X110.039 Y138.215 E.0051
G1 X110.524 Y138.147 E.00526
G1 X110.86 Y138.031 E.00382
G1 X111.171 Y137.865 E.0038
G1 X111.532 Y137.563 E.00506
G1 X111.767 Y137.275 E.004
G1 X111.984 Y136.857 E.00506
G1 X112.088 Y136.5 E.004
G1 X112.125 Y136.03 E.00506
G1 X112.08 Y135.649 E.00413
G1 X112.075 Y135.634 E.00017
; stop printing object separador_timon.stl id:1 copy 0
; end of layer_num: 45, T: 0, print_z: 9.040000
;LAYER_CHANGE
;Z:9.24
;HEIGHT:0.2
; BEFORE_LAYER_CHANGE 45 @ 9.24mm
G92 E0
; AFTER_LAYER_CHANGE 45 @ 9.24mm
; start of layer_num: 46, T: 0, print_z: 9.240000
; printing object "separador_timon.stl" id:0 copy 0
G1 E-.8 F3600
G1 X107.442 Y108.888 Z9.24 F18000
G1 E.8 F3600
M204 S1000
;TYPE:Outer wall
;WIDTH:0.42
G1 F1200
G1 X107.444 Y108.883 E.00017
G1 X107.572 Y108.626 E.00883
G1 X107.726 Y108.384 E.00883
G1 X107.905 Y108.158 E.00883
G1 X108.105 Y107.953 E.00883
G1 X108.326 Y107.769 E.00883
G1 X108.564 Y107.608 E.00883
G1 X108.817 Y107.473 E.00883
G1 X109.083 Y107.365 E.00883
G1 X109.359 Y107.285 E.00882
G1 X109.638 Y107.234 E.00872
G1 X110.11 Y107.213 E.01451
G1 X110.358 Y107.233 E.00764
G1 X110.641 Y107.285 E.00884
G1 X110.917 Y107.365 E.00882
G1 X111.183 Y107.473 E.00883
G1 X111.436 Y107.608 E.00883
G1 X111.674 Y107.769 E.00883
G1 X111.895 Y107.953 E.00883
G1 X112.095 Y108.158 E.00882
G1 X112.274 Y108.384 E.00883
G1 X112.426 Y108.623 E.00872
G1 X112.623 Y109.052 E.01451
G1 X112.698 Y109.289 E.00764
G1 X112.756 Y109.571 E.00884
G1 X112.786 Y109.856 E.00883
G1 X112.786 Y110.144 E.00883
G1 X112.756 Y110.429 E.00883
G1 X112.698 Y110.71 E.00883
G1 X112.61 Y110.984 E.00883
G1 X112.495 Y111.247 E.00882
G1 X112.354 Y111.497 E.00883
G1 X112.189 Y111.729 E.00874
G1 X111.893 Y112.049 E.0134
G1 X111.674 Y112.231 E.00874
G1 X111.439 Y112.39 E.00872
G1 X111.015 Y112.598 E.01451
G1 X110.78 Y112.678 E.00764
G1 X110.5 Y112.745 E.00884
G1 X110.215 Y112.781 E.00882
G1 X109.928 Y112.789 E.00883
G1 X109.642 Y112.767 E.00883
G1 X109.359 Y112.715 E.00883
G1 X109.083 Y112.635 E.00883
G1 X108.817 Y112.527 E.00882
G1 X108.564 Y112.392 E.00883
G1 X108.326 Y112.231 E.00883
G1 X108.105 Y112.047 E.00883
G1 X107.905 Y111.842 E.00883
G1 X107.726 Y111.616 E.00883
G1 X107.574 Y111.377 E.00872
G1 X107.377 Y110.948 E.01451
G1 X107.302 Y110.711 E.00764
G1 X107.244 Y110.429 E.00884
G1 X107.214 Y110.144 E.00883
G1 X107.214 Y109.859 E.00874
G1 X107.27 Y109.427 E.0134
G1 X107.342 Y109.152 E.00874
G1 X107.435 Y108.907 E.00805
M204 S2000
G1 X107.803 Y109.04 F18000
M204 S1500
;TYPE:Inner wall
;WIDTH:0.45
G1 F1200
G1 X107.914 Y108.819 E.00819
G1 X108.046 Y108.611 E.00819
G1 X108.199 Y108.418 E.00819
G1 X108.372 Y108.241 E.00819
G1 X108.561 Y108.083 E.00819
G1 X108.766 Y107.945 E.00819
G1 X108.984 Y107.829 E.00819
G1 X109.212 Y107.736 E.00819
G1 X109.449 Y107.667 E.00819
G1 X109.682 Y107.625 E.00785
G1 X110.103 Y107.606 E.01397
G1 X110.307 Y107.623 E.00678
G1 X110.551 Y107.667 E.00822
G1 X110.788 Y107.736 E.00819
G1 X111.016 Y107.829 E.00819
G1 X111.234 Y107.945 E.00819
G1 X111.439 Y108.083 E.00819
G1 X111.628 Y108.241 E.00819
G1 X111.801 Y108.418 E.00819
G1 X111.954 Y108.611 E.00819
G1 X112.081 Y108.811 E.00785
G1 X112.256 Y109.193 E.01397
G1 X112.318 Y109.388 E.00678
G1 X112.369 Y109.631 E.00822
G1 X112.394 Y109.877 E.00819
G1 X112.394 Y110.123 E.00819
G1 X112.369 Y110.369 E.00819
G1 X112.318 Y110.61 E.00819
G1 X112.243 Y110.846 E.00819
G1 X112.144 Y111.072 E.00819
G1 X112.023 Y111.287 E.00819
G1 X111.884 Y111.481 E.00793
G1 X111.622 Y111.764 E.01279
G1 X111.439 Y111.917 E.00793
G1 X111.242 Y112.049 E.00785
G1 X110.864 Y112.235 E.01397
G1 X110.671 Y112.301 E.00678
G1 X110.43 Y112.358 E.00822
G1 X110.185 Y112.39 E.00819
G1 X109.938 Y112.396 E.00819
G1 X109.692 Y112.377 E.00819
G1 X109.449 Y112.333 E.00819
G1 X109.212 Y112.264 E.00819
G1 X108.984 Y112.171 E.00819
G1 X108.766 Y112.055 E.00819
G1 X108.561 Y111.917 E.00819
G1 X108.372 Y111.759 E.00819
G1 X108.199 Y111.582 E.00819
G1 X108.046 Y111.389 E.00819
G1 X107.919 Y111.189 E.00785
G1 X107.744 Y110.807 E.01397
G1 X107.631 Y110.369 E.01499
G1 X107.606 Y110.123 E.00819
G1 X107.606 Y109.884 E.00793
G1 X107.656 Y109.502 E.01279
G1 X107.716 Y109.271 E.00793
G1 X107.796 Y109.059 E.00752
M204 S2000
G1 E-.8 F3600
G1 X111.42 Y109.676 F18000
G1 E.8 F3600
M204 S1000
;TYPE:Outer wall
;WIDTH:0.42
G1 F1200
G1 X111.415 Y109.641 E.00108
G1 X111.323 Y109.38 E.00851
G1 X111.166 Y109.121 E.0093
G1 X110.982 Y108.918 E.00842
G1 X110.793 Y108.773 E.00732
G1 X110.488 Y108.623 E.01043
G1 X110.257 Y108.562 E.00735
G1 X109.957 Y108.541 E.00924
G1 X109.685 Y108.574 E.00842
G1 X109.458 Y108.643 E.00729
G1 X109.192 Y108.784 E.00924
G1 X108.979 Y108.955 E.00842
G1 X108.822 Y109.135 E.00732
G1 X108.655 Y109.43 E.01043
G1 X108.579 Y109.659 E.00739
G1 X108.538 Y110 E.01056
G1 X108.579 Y110.341 E.01056
G1 X108.654 Y110.569 E.00735
G1 X108.8 Y110.832 E.00924
G1 X108.979 Y111.045 E.00855
G1 X109.249 Y111.253 E.01049
G1 X109.465 Y111.36 E.00739
G1 X109.793 Y111.446 E.01043
G1 X110.032 Y111.461 E.00735
G1 X110.33 Y111.422 E.00924
G1 X110.595 Y111.335 E.00855
G1 X110.888 Y111.16 E.01049
G1 X111.063 Y111.002 E.00726
G1 X111.211 Y110.817 E.00726
G1 X111.367 Y110.516 E.01043
G1 X111.433 Y110.284 E.00739
G1 X111.46 Y109.943 E.01052
G1 X111.423 Y109.696 E.00768
M204 S2000
G1 X111.787 Y109.516 F18000
M204 S1500
;TYPE:Inner wall
;WIDTH:0.45
G1 F1200
G1 X111.679 Y109.211 E.01071
G1 X111.482 Y108.886 E.01264
G1 X111.249 Y108.629 E.0115
G1 X111.001 Y108.438 E.01036
G1 X110.626 Y108.254 E.01385
G1 X110.322 Y108.173 E.01046
G1 X109.947 Y108.147 E.01245
G1 X109.603 Y108.189 E.0115
G1 X109.308 Y108.279 E.01025
G1 X108.976 Y108.455 E.01245
G1 X108.706 Y108.672 E.0115
G1 X108.501 Y108.907 E.01036
G1 X108.294 Y109.271 E.01385
G1 X108.195 Y109.573 E.01057
G1 X108.144 Y110 E.01426
G1 X108.195 Y110.427 E.01426
G1 X108.293 Y110.726 E.01046
G1 X108.475 Y111.055 E.01245
G1 X108.706 Y111.33 E.0119
G1 X109.041 Y111.588 E.01404
G1 X109.327 Y111.729 E.01057
G1 X109.731 Y111.835 E.01385
G1 X110.046 Y111.854 E.01046
G1 X110.418 Y111.806 E.01245
G1 X110.758 Y111.694 E.0119
G1 X111.122 Y111.477 E.01404
G1 X111.349 Y111.271 E.01017
G1 X111.541 Y111.032 E.01017
G1 X111.733 Y110.661 E.01385
G1 X111.821 Y110.355 E.01057
G1 X111.855 Y109.93 E.01414
G1 X111.798 Y109.546 E.01285
G1 X111.793 Y109.535 E.00042
G1 E-.8 F3600
M204 S2000
G1 X112.047 Y109.442 F18000
G1 E.8 F3600
;TYPE:Gap infill
;WIDTH:0.176553
G1 F1200
G1 X111.923 Y109.103 E.00393
G1 X111.732 Y108.771 E.00417
G1 X111.444 Y108.44 E.00478
G1 X111.093 Y108.179 E.00476
G1 X110.715 Y107.999 E.00456
G1 X110.36 Y107.908 E.00399
G1 X109.947 Y107.88 E.00451
G1 X109.553 Y107.927 E.00431
G1 X109.211 Y108.03 E.00389
G1 X108.834 Y108.227 E.00464
G1 X108.523 Y108.474 E.00432
G1 X108.268 Y108.769 E.00425
G1 X108.05 Y109.155 E.00483
G1 X107.923 Y109.556 E.00459
G1 X107.877 Y109.993 E.00478
G1 X107.933 Y110.479 E.00533
G1 X108.046 Y110.828 E.004
G1 X108.252 Y111.2 E.00464
G1 X108.517 Y111.517 E.00449
G1 X108.728 Y111.696 E.00301
G1 X108.896 Y111.81 E.00221
G1 X109.228 Y111.976 E.00404
G1 X109.681 Y112.101 E.00512
G1 X110.061 Y112.121 E.00413
G1 X110.483 Y112.065 E.00464
G1 X110.863 Y111.939 E.00436
G1 X111.278 Y111.699 E.00522
G1 X111.541 Y111.459 E.00388
G1 X111.772 Y111.174 E.00399
G1 X111.989 Y110.75 E.00519
G1 X112.098 Y110.327 E.00476
G1 X112.124 Y109.913 E.00451
G1 X112.059 Y109.475 E.00482
G1 X112.054 Y109.461 E.00017
; stop printing object separador_timon.stl id:0 copy 0
; printing object "separador_timon.stl" id:1 copy 0
G1 E-.8 F3600
G1 X107.446 Y134.979 F18000
G1 E.8 F3600
M204 S1000
;TYPE:Outer wall
;WIDTH:0.42
G1 F1200
G1 X107.448 Y134.974 E.00017
G1 X107.577 Y134.717 E.00883
G1 X107.731 Y134.475 E.00883
G1 X107.909 Y134.25 E.00883
G1 X108.109 Y134.044 E.00883
G1 X108.33 Y133.86 E.00883
G1 X108.568 Y133.7 E.00883
G1 X108.822 Y133.565 E.00883
G1 X109.088 Y133.456 E.00883
G1 X109.364 Y133.376 E.00882
G1 X109.643 Y133.325 E.00872
G1 X110.115 Y133.305 E.01451
G1 X110.362 Y133.325 E.00764
G1 X110.645 Y133.376 E.00884
G1 X110.921 Y133.456 E.00882
G1 X111.187 Y133.565 E.00883
G1 X111.441 Y133.7 E.00883
G1 X111.679 Y133.86 E.00883
G1 X111.899 Y134.044 E.00883
G1 X112.1 Y134.25 E.00882
G1 X112.278 Y134.475 E.00883
G1 X112.43 Y134.714 E.00872
G1 X112.627 Y135.143 E.01451
G1 X112.702 Y135.38 E.00764
G1 X112.761 Y135.662 E.00884
G1 X112.79 Y135.948 E.00883
G1 X112.79 Y136.235 E.00883
G1 X112.761 Y136.521 E.00883
G1 X112.702 Y136.802 E.00883
G1 X112.615 Y137.075 E.00883
G1 X112.5 Y137.339 E.00882
G1 X112.358 Y137.589 E.00883
G1 X112.193 Y137.82 E.00874
G1 X111.897 Y138.14 E.0134
G1 X111.679 Y138.323 E.00874
G1 X111.443 Y138.481 E.00872
G1 X111.019 Y138.689 E.01451
G1 X110.784 Y138.77 E.00764
G1 X110.505 Y138.836 E.00884
G1 X110.22 Y138.873 E.00882
G1 X109.933 Y138.88 E.00883
G1 X109.646 Y138.858 E.00883
G1 X109.364 Y138.806 E.00883
G1 X109.088 Y138.726 E.00883
G1 X108.822 Y138.618 E.00882
G1 X108.568 Y138.483 E.00883
G1 X108.33 Y138.323 E.00883
G1 X108.109 Y138.139 E.00883
G1 X107.909 Y137.933 E.00883
G1 X107.731 Y137.708 E.00883
G1 X107.578 Y137.468 E.00872
G1 X107.381 Y137.039 E.01451
G1 X107.307 Y136.802 E.00764
G1 X107.248 Y136.521 E.00884
G1 X107.218 Y136.235 E.00883
G1 X107.218 Y135.95 E.00874
G1 X107.274 Y135.518 E.0134
G1 X107.347 Y135.243 E.00874
G1 X107.439 Y134.998 E.00805
M204 S2000
G1 X107.808 Y135.131 F18000
M204 S1500
;TYPE:Inner wall
;WIDTH:0.45
G1 F1200
G1 X107.918 Y134.911 E.00819
G1 X108.051 Y134.702 E.00819
G1 X108.204 Y134.509 E.00819
G1 X108.376 Y134.332 E.00819
G1 X108.566 Y134.174 E.00819
G1 X108.77 Y134.036 E.00819
G1 X108.988 Y133.92 E.00819
G1 X109.217 Y133.827 E.00819
G1 X109.454 Y133.758 E.00819
G1 X109.687 Y133.716 E.00785
G1 X110.107 Y133.697 E.01397
G1 X110.311 Y133.714 E.00678
G1 X110.555 Y133.758 E.00822
G1 X110.792 Y133.827 E.00819
G1 X111.021 Y133.92 E.00819
G1 X111.238 Y134.036 E.00819
G1 X111.443 Y134.174 E.00819
G1 X111.633 Y134.332 E.00819
G1 X111.805 Y134.509 E.00819
G1 X111.958 Y134.702 E.00819
G1 X112.085 Y134.902 E.00785
G1 X112.261 Y135.285 E.01397
G1 X112.322 Y135.48 E.00678
G1 X112.373 Y135.722 E.00822
G1 X112.398 Y135.968 E.00819
G1 X112.398 Y136.215 E.00819
G1 X112.373 Y136.46 E.00819
G1 X112.322 Y136.702 E.00819
G1 X112.247 Y136.937 E.00819
G1 X112.149 Y137.163 E.00819
G1 X112.027 Y137.378 E.00819
G1 X111.889 Y137.573 E.00793
G1 X111.627 Y137.855 E.01279
G1 X111.443 Y138.009 E.00793
G1 X111.247 Y138.141 E.00785
G1 X110.869 Y138.326 E.01397
G1 X110.675 Y138.393 E.00678
G1 X110.434 Y138.45 E.00822
G1 X110.189 Y138.481 E.00819
G1 X109.943 Y138.488 E.00819
G1 X109.697 Y138.469 E.00819
G1 X109.454 Y138.424 E.00819
G1 X109.217 Y138.355 E.00819
G1 X108.988 Y138.262 E.00819
G1 X108.77 Y138.146 E.00819
G1 X108.566 Y138.009 E.00819
G1 X108.376 Y137.85 E.00819
G1 X108.204 Y137.674 E.00819
G1 X108.051 Y137.48 E.00819
G1 X107.924 Y137.28 E.00785
G1 X107.748 Y136.898 E.01397
G1 X107.636 Y136.46 E.01499
G1 X107.61 Y136.215 E.00819
G1 X107.61 Y135.976 E.00793
G1 X107.66 Y135.593 E.01279
G1 X107.721 Y135.362 E.00793
G1 X107.801 Y135.15 E.00752
M204 S2000
G1 E-.8 F3600
G1 X111.425 Y135.767 F18000
G1 E.8 F3600
M204 S1000
;TYPE:Outer wall
;WIDTH:0.42
G1 F1200
G1 X111.42 Y135.733 E.00108
G1 X111.327 Y135.471 E.00851
G1 X111.17 Y135.212 E.0093
G1 X110.986 Y135.01 E.00842
G1 X110.797 Y134.864 E.00732
G1 X110.493 Y134.714 E.01043
G1 X110.261 Y134.653 E.00735
G1 X109.961 Y134.632 E.00924
G1 X109.689 Y134.665 E.00842
G1 X109.463 Y134.734 E.00729
G1 X109.197 Y134.875 E.00924
G1 X108.983 Y135.047 E.00842
G1 X108.827 Y135.227 E.00732
G1 X108.659 Y135.522 E.01043
G1 X108.584 Y135.75 E.00739
G1 X108.543 Y136.091 E.01056
G1 X108.584 Y136.432 E.01056
G1 X108.659 Y136.66 E.00735
G1 X108.804 Y136.923 E.00924
G1 X108.983 Y137.136 E.00855
G1 X109.254 Y137.345 E.01049
G1 X109.469 Y137.451 E.00739
G1 X109.798 Y137.538 E.01043
G1 X110.036 Y137.552 E.00735
G1 X110.335 Y137.513 E.00924
G1 X110.599 Y137.426 E.00855
G1 X110.892 Y137.251 E.01049
G1 X111.068 Y137.093 E.00726
G1 X111.215 Y136.909 E.00726
G1 X111.371 Y136.607 E.01043
G1 X111.437 Y136.376 E.00739
G1 X111.465 Y136.034 E.01052
G1 X111.428 Y135.787 E.00768
M204 S2000
G1 X111.791 Y135.607 F18000
M204 S1500
;TYPE:Inner wall
;WIDTH:0.45
G1 F1200
G1 X111.684 Y135.303 E.01071
G1 X111.486 Y134.977 E.01264
G1 X111.253 Y134.72 E.0115
G1 X111.006 Y134.53 E.01036
G1 X110.631 Y134.345 E.01385
G1 X110.326 Y134.265 E.01046
G1 X109.952 Y134.238 E.01245
G1 X109.607 Y134.28 E.0115
G1 X109.312 Y134.371 E.01025
G1 X108.98 Y134.546 E.01245
G1 X108.71 Y134.763 E.0115
G1 X108.505 Y134.999 E.01036
G1 X108.299 Y135.362 E.01385
G1 X108.199 Y135.665 E.01057
G1 X108.148 Y136.091 E.01426
G1 X108.199 Y136.518 E.01426
G1 X108.298 Y136.818 E.01046
G1 X108.48 Y137.146 E.01245
G1 X108.71 Y137.421 E.0119
G1 X109.045 Y137.679 E.01404
G1 X109.331 Y137.82 E.01057
G1 X109.735 Y137.927 E.01385
G1 X110.05 Y137.945 E.01046
G1 X110.422 Y137.897 E.01245
G1 X110.763 Y137.785 E.0119
G1 X111.127 Y137.568 E.01404
G1 X111.354 Y137.363 E.01017
G1 X111.546 Y137.123 E.01017
G1 X111.738 Y136.752 E.01385
G1 X111.825 Y136.446 E.01057
G1 X111.859 Y136.021 E.01414
G1 X111.802 Y135.638 E.01285
G1 X111.798 Y135.626 E.00042
M204 S2000
G1 X112.051 Y135.533 F18000
;TYPE:Gap infill
;WIDTH:0.176553
G1 F1200
G1 X111.927 Y135.194 E.00393
G1 X111.736 Y134.862 E.00417
G1 X111.448 Y134.532 E.00478
G1 X111.098 Y134.271 E.00476
G1 X110.719 Y134.09 E.00456
G1 X110.364 Y134 E.00399
G1 X109.951 Y133.971 E.00451
G1 X109.558 Y134.018 E.00431
G1 X109.216 Y134.121 E.00389
G1 X108.838 Y134.319 E.00464
G1 X108.528 Y134.565 E.00432
G1 X108.272 Y134.86 E.00425
G1 X108.054 Y135.246 E.00483
G1 X107.927 Y135.648 E.00459
G1 X107.881 Y136.084 E.00478
G1 X107.938 Y136.57 E.00533
G1 X108.051 Y136.919 E.004
G1 X108.257 Y137.292 E.00464
G1 X108.521 Y137.608 E.00449
G1 X108.732 Y137.787 E.00301
G1 X108.9 Y137.901 E.00221
G1 X109.232 Y138.067 E.00404
G1 X109.686 Y138.192 E.00512
G1 X110.065 Y138.212 E.00413
G1 X110.487 Y138.157 E.00464
G1 X110.867 Y138.03 E.00436
G1 X111.282 Y137.79 E.00522
G1 X111.545 Y137.55 E.00388
G1 X111.776 Y137.265 E.00399
G1 X111.994 Y136.841 E.00519
G1 X112.102 Y136.418 E.00476
G1 X112.128 Y136.004 E.00451
G1 X112.063 Y135.566 E.00482
G1 X112.058 Y135.552 E.00017
; stop printing object separador_timon.stl id:1 copy 0
; end of layer_num: 46, T: 0, print_z: 9.240000
;LAYER_CHANGE
;Z:9.44
;HEIGHT:0.2
; BEFORE_LAYER_CHANGE 46 @ 9.44mm
G92 E0
; AFTER_LAYER_CHANGE 46 @ 9.44mm
; start of layer_num: 47, T: 0, print_z: 9.440000
; printing object "separador_timon.stl" id:0 copy 0
G1 E-.8 F3600
G1 X107.44 Y108.892 Z9.44 F18000
G1 E.8 F3600
M204 S1000
;TYPE:Outer wall
;WIDTH:0.42
G1 F1200
G1 X107.444 Y108.883 E.0003
G1 X107.572 Y108.626 E.00883
G1 X107.726 Y108.384 E.00883
G1 X107.905 Y108.158 E.00883
G1 X108.105 Y107.953 E.00883
G1 X108.326 Y107.769 E.00883
G1 X108.564 Y107.608 E.00883
G1 X108.817 Y107.473 E.00883
G1 X109.083 Y107.365 E.00883
G1 X109.359 Y107.285 E.00883
G1 X109.638 Y107.234 E.00872
G1 X110.108 Y107.213 E.01443
G1 X110.358 Y107.233 E.00771
G1 X110.641 Y107.285 E.00884
G1 X110.917 Y107.365 E.00883
G1 X111.183 Y107.473 E.00883
G1 X111.436 Y107.608 E.00883
G1 X111.674 Y107.769 E.00883
G1 X111.895 Y107.953 E.00883
G1 X112.095 Y108.158 E.00883
G1 X112.274 Y108.384 E.00883
G1 X112.428 Y108.626 E.00883
G1 X112.556 Y108.883 E.00883
G1 X112.658 Y109.152 E.00883
G1 X112.731 Y109.429 E.00883
G1 X112.775 Y109.71 E.00874
G1 X112.786 Y110.144 E.01331
G1 X112.73 Y110.573 E.01331
G1 X112.658 Y110.848 E.00874
G1 X112.556 Y111.117 E.00883
G1 X112.428 Y111.374 E.00883
G1 X112.274 Y111.616 E.00883
G1 X112.095 Y111.842 E.00883
G1 X111.895 Y112.047 E.00882
G1 X111.674 Y112.231 E.00883
G1 X111.439 Y112.39 E.00872
G1 X111.017 Y112.597 E.01443
G1 X110.78 Y112.678 E.00771
G1 X110.5 Y112.745 E.00884
G1 X110.215 Y112.781 E.00882
G1 X109.928 Y112.789 E.00883
G1 X109.642 Y112.767 E.00883
G1 X109.359 Y112.715 E.00883
G1 X109.083 Y112.635 E.00883
G1 X108.817 Y112.527 E.00882
G1 X108.564 Y112.392 E.00883
G1 X108.328 Y112.233 E.00872
G1 X107.978 Y111.921 E.01443
G1 X107.813 Y111.732 E.00771
G1 X107.646 Y111.497 E.00884
G1 X107.505 Y111.247 E.00883
G1 X107.39 Y110.984 E.00883
G1 X107.302 Y110.71 E.00883
G1 X107.244 Y110.429 E.00883
G1 X107.214 Y110.144 E.00883
G1 X107.214 Y109.859 E.00874
G1 X107.27 Y109.427 E.0134
G1 X107.342 Y109.152 E.00874
G1 X107.433 Y108.911 E.00791
M204 S2000
G1 X107.803 Y109.04 F18000
M204 S1500
;TYPE:Inner wall
;WIDTH:0.45
G1 F1200
G1 X107.914 Y108.819 E.00819
G1 X108.046 Y108.611 E.00819
G1 X108.199 Y108.418 E.00819
G1 X108.372 Y108.241 E.00819
G1 X108.561 Y108.083 E.00819
G1 X108.766 Y107.945 E.00819
G1 X108.984 Y107.829 E.00819
G1 X109.212 Y107.736 E.00819
G1 X109.449 Y107.667 E.00819
G1 X109.682 Y107.624 E.00786
G1 X110.101 Y107.606 E.01388
G1 X110.307 Y107.623 E.00686
G1 X110.551 Y107.667 E.00822
G1 X110.788 Y107.736 E.00819
G1 X111.016 Y107.829 E.00819
G1 X111.234 Y107.945 E.00819
G1 X111.439 Y108.083 E.00819
G1 X111.628 Y108.241 E.00819
G1 X111.801 Y108.418 E.00819
G1 X111.954 Y108.611 E.00819
G1 X112.086 Y108.819 E.00819
G1 X112.197 Y109.04 E.00819
G1 X112.284 Y109.271 E.00819
G1 X112.346 Y109.51 E.00819
G1 X112.383 Y109.746 E.00793
G1 X112.393 Y110.123 E.01253
G1 X112.344 Y110.498 E.01253
G1 X112.284 Y110.729 E.00793
G1 X112.197 Y110.96 E.00819
G1 X112.086 Y111.181 E.00819
G1 X111.954 Y111.389 E.00819
G1 X111.801 Y111.582 E.00819
G1 X111.628 Y111.759 E.00819
G1 X111.439 Y111.917 E.00819
G1 X111.242 Y112.05 E.00786
G1 X110.867 Y112.234 E.01388
G1 X110.671 Y112.301 E.00686
G1 X110.43 Y112.358 E.00822
G1 X110.185 Y112.39 E.00819
G1 X109.938 Y112.396 E.00819
G1 X109.692 Y112.377 E.00819
G1 X109.449 Y112.333 E.00819
G1 X109.212 Y112.264 E.00819
G1 X108.984 Y112.171 E.00819
G1 X108.766 Y112.055 E.00819
G1 X108.569 Y111.923 E.00786
G1 X108.257 Y111.644 E.01388
G1 X108.121 Y111.488 E.00686
G1 X107.977 Y111.287 E.00822
G1 X107.856 Y111.072 E.00819
G1 X107.757 Y110.846 E.00819
G1 X107.682 Y110.61 E.00819
G1 X107.631 Y110.369 E.00819
G1 X107.606 Y110.123 E.00819
G1 X107.606 Y109.884 E.00793
G1 X107.656 Y109.502 E.01279
G1 X107.716 Y109.271 E.00793
G1 X107.796 Y109.059 E.00752
M204 S2000
G1 E-.8 F3600
G1 X111.422 Y109.678 F18000
G1 E.8 F3600
M204 S1000
;TYPE:Outer wall
;WIDTH:0.42
G1 F1200
G1 X111.324 Y109.382 E.00957
G1 X111.165 Y109.12 E.00942
G1 X110.979 Y108.915 E.00851
G1 X110.7 Y108.718 E.01049
G1 X110.484 Y108.622 E.00726
G1 X110.257 Y108.562 E.00723
G1 X109.955 Y108.541 E.00929
G1 X109.685 Y108.574 E.00838
G1 X109.461 Y108.642 E.00719
G1 X109.249 Y108.747 E.00726
G1 X108.978 Y108.956 E.01052
G1 X108.783 Y109.193 E.00942
G1 X108.652 Y109.435 E.00847
G1 X108.566 Y109.727 E.00935
G1 X108.539 Y110.002 E.00851
G1 X108.579 Y110.341 E.01049
G1 X108.655 Y110.57 E.00739
G1 X108.822 Y110.865 E.01043
G1 X108.979 Y111.045 E.00736
G1 X109.217 Y111.232 E.00929
G1 X109.463 Y111.359 E.00851
G1 X109.793 Y111.446 E.01049
G1 X110.033 Y111.461 E.00739
G1 X110.369 Y111.414 E.01043
G1 X110.592 Y111.335 E.00726
G1 X110.8 Y111.222 E.00726
G1 X111.064 Y111.002 E.01056
G1 X111.268 Y110.726 E.01056
G1 X111.368 Y110.512 E.00726
G1 X111.433 Y110.284 E.00726
G1 X111.46 Y109.946 E.01043
G1 X111.431 Y109.707 E.00739
G1 X111.428 Y109.697 E.00034
M204 S2000
G1 X111.82 Y109.655 F18000
M204 S1500
;TYPE:Inner wall
;WIDTH:0.45
G1 F1200
G1 X111.816 Y109.622 E.00111
G1 X111.683 Y109.217 E.01415
G1 X111.481 Y108.884 E.01291
G1 X111.24 Y108.62 E.01185
G1 X110.895 Y108.375 E.01404
G1 X110.615 Y108.251 E.01017
G1 X110.321 Y108.173 E.01006
G1 X109.945 Y108.147 E.0125
G1 X109.603 Y108.189 E.01145
G1 X109.316 Y108.277 E.00995
G1 X109.041 Y108.412 E.01017
G1 X108.703 Y108.672 E.01415
G1 X108.456 Y108.973 E.01291
G1 X108.288 Y109.285 E.01174
G1 X108.179 Y109.651 E.01269
G1 X108.144 Y110.007 E.01185
G1 X108.195 Y110.427 E.01404
G1 X108.294 Y110.729 E.01057
G1 X108.501 Y111.093 E.01385
G1 X108.708 Y111.331 E.01047
G1 X109.004 Y111.564 E.0125
G1 X109.322 Y111.727 E.01185
G1 X109.731 Y111.835 E.01404
G1 X110.049 Y111.854 E.01057
G1 X110.463 Y111.796 E.01385
G1 X110.752 Y111.695 E.01017
G1 X111.021 Y111.548 E.01017
G1 X111.351 Y111.273 E.01426
G1 X111.607 Y110.927 E.01426
G1 X111.737 Y110.649 E.01017
G1 X111.821 Y110.355 E.01017
G1 X111.854 Y109.938 E.01385
G1 X111.822 Y109.675 E.0088
G1 E-.8 F3600
M204 S2000
G1 X112.085 Y109.642 F18000
G1 E.8 F3600
;TYPE:Gap infill
;WIDTH:0.175771
G1 F1200
G1 X112.074 Y109.558 E.00092
G1 X112.019 Y109.355 E.00227
G1 X111.921 Y109.099 E.00297
G1 X111.69 Y108.72 E.0048
G1 X111.421 Y108.426 E.00432
G1 X111.273 Y108.304 E.00208
G1 X111.032 Y108.147 E.00311
G1 X110.708 Y108.002 E.00385
G1 X110.36 Y107.906 E.00391
G1 X109.945 Y107.88 E.0045
G1 X109.553 Y107.927 E.00427
G1 X109.222 Y108.026 E.00374
G1 X108.903 Y108.179 E.00383
G1 X108.521 Y108.475 E.00523
G1 X108.236 Y108.818 E.00483
G1 X108.042 Y109.175 E.0044
G1 X107.915 Y109.593 E.00472
G1 X107.878 Y110.003 E.00445
G1 X107.934 Y110.478 E.00519
G1 X108.048 Y110.832 E.00402
G1 X108.277 Y111.243 E.0051
G1 X108.519 Y111.52 E.00398
G1 X108.863 Y111.795 E.00477
G1 X109.232 Y111.979 E.00447
G1 X109.694 Y112.102 E.00518
G1 X110.066 Y112.121 E.00402
G1 X110.532 Y112.056 E.0051
G1 X110.856 Y111.942 E.00372
G1 X111.167 Y111.774 E.00382
G1 X111.54 Y111.46 E.00527
G1 X111.728 Y111.228 E.00323
G1 X111.832 Y111.068 E.00207
G1 X111.985 Y110.748 E.00385
G1 X112.085 Y110.409 E.00382
G1 X112.121 Y109.939 E.0051
G1 X112.087 Y109.662 E.00302
; stop printing object separador_timon.stl id:0 copy 0
; printing object "separador_timon.stl" id:1 copy 0
G1 E-.8 F3600
G1 X107.445 Y134.983 F18000
G1 E.8 F3600
M204 S1000
;TYPE:Outer wall
;WIDTH:0.42
G1 F1200
G1 X107.448 Y134.974 E.0003
G1 X107.577 Y134.717 E.00883
G1 X107.731 Y134.475 E.00883
G1 X107.909 Y134.25 E.00883
G1 X108.109 Y134.044 E.00883
G1 X108.33 Y133.86 E.00883
G1 X108.568 Y133.7 E.00883
G1 X108.822 Y133.565 E.00883
G1 X109.088 Y133.456 E.00883
G1 X109.364 Y133.376 E.00883
G1 X109.643 Y133.325 E.00872
G1 X110.112 Y133.304 E.01443
G1 X110.362 Y133.325 E.00771
G1 X110.645 Y133.376 E.00884
G1 X110.921 Y133.456 E.00883
G1 X111.187 Y133.565 E.00883
G1 X111.441 Y133.7 E.00883
G1 X111.679 Y133.86 E.00883
G1 X111.899 Y134.044 E.00883
G1 X112.1 Y134.25 E.00883
G1 X112.278 Y134.475 E.00883
G1 X112.432 Y134.717 E.00883
G1 X112.561 Y134.974 E.00883
G1 X112.662 Y135.243 E.00883
G1 X112.735 Y135.521 E.00883
G1 X112.779 Y135.802 E.00874
G1 X112.79 Y136.235 E.01331
G1 X112.734 Y136.665 E.01331
G1 X112.662 Y136.94 E.00874
G1 X112.561 Y137.208 E.00883
G1 X112.432 Y137.465 E.00883
G1 X112.278 Y137.708 E.00883
G1 X112.1 Y137.933 E.00883
G1 X111.899 Y138.139 E.00882
G1 X111.679 Y138.323 E.00883
G1 X111.443 Y138.481 E.00872
G1 X111.022 Y138.688 E.01443
G1 X110.784 Y138.77 E.00771
G1 X110.505 Y138.836 E.00884
G1 X110.22 Y138.873 E.00882
G1 X109.933 Y138.88 E.00883
G1 X109.646 Y138.858 E.00883
G1 X109.364 Y138.806 E.00883
G1 X109.088 Y138.726 E.00883
G1 X108.822 Y138.618 E.00882
G1 X108.568 Y138.483 E.00883
G1 X108.333 Y138.325 E.00872
G1 X107.982 Y138.012 E.01443
G1 X107.817 Y137.823 E.00771
G1 X107.65 Y137.588 E.00884
G1 X107.509 Y137.339 E.00883
G1 X107.394 Y137.075 E.00883
G1 X107.307 Y136.802 E.00883
G1 X107.248 Y136.521 E.00883
G1 X107.218 Y136.235 E.00883
G1 X107.218 Y135.95 E.00874
G1 X107.274 Y135.518 E.0134
G1 X107.347 Y135.243 E.00874
G1 X107.438 Y135.002 E.00791
M204 S2000
G1 X107.808 Y135.131 F18000
M204 S1500
;TYPE:Inner wall
;WIDTH:0.45
G1 F1200
G1 X107.918 Y134.911 E.00819
G1 X108.051 Y134.702 E.00819
G1 X108.204 Y134.509 E.00819
G1 X108.376 Y134.332 E.00819
G1 X108.566 Y134.174 E.00819
G1 X108.77 Y134.036 E.00819
G1 X108.988 Y133.92 E.00819
G1 X109.217 Y133.827 E.00819
G1 X109.454 Y133.758 E.00819
G1 X109.687 Y133.716 E.00786
G1 X110.105 Y133.697 E.01388
G1 X110.311 Y133.714 E.00686
G1 X110.555 Y133.758 E.00822
G1 X110.792 Y133.827 E.00819
G1 X111.021 Y133.92 E.00819
G1 X111.238 Y134.036 E.00819
G1 X111.443 Y134.174 E.00819
G1 X111.633 Y134.332 E.00819
G1 X111.805 Y134.509 E.00819
G1 X111.958 Y134.702 E.00819
G1 X112.091 Y134.911 E.00819
G1 X112.201 Y135.131 E.00819
G1 X112.288 Y135.362 E.00819
G1 X112.351 Y135.601 E.00819
G1 X112.388 Y135.837 E.00793
G1 X112.397 Y136.215 E.01253
G1 X112.349 Y136.589 E.01253
G1 X112.288 Y136.82 E.00793
G1 X112.201 Y137.051 E.00819
G1 X112.091 Y137.272 E.00819
G1 X111.958 Y137.48 E.00819
G1 X111.805 Y137.674 E.00819
G1 X111.633 Y137.85 E.00819
G1 X111.443 Y138.009 E.00819
G1 X111.247 Y138.141 E.00786
G1 X110.871 Y138.325 E.01388
G1 X110.675 Y138.393 E.00686
G1 X110.434 Y138.45 E.00822
G1 X110.189 Y138.481 E.00819
G1 X109.943 Y138.488 E.00819
G1 X109.697 Y138.469 E.00819
G1 X109.454 Y138.424 E.00819
G1 X109.217 Y138.355 E.00819
G1 X108.988 Y138.262 E.00819
G1 X108.77 Y138.146 E.00819
G1 X108.574 Y138.014 E.00786
G1 X108.261 Y137.736 E.01388
G1 X108.125 Y137.58 E.00686
G1 X107.982 Y137.378 E.00822
G1 X107.86 Y137.163 E.00819
G1 X107.761 Y136.937 E.00819
G1 X107.686 Y136.702 E.00819
G1 X107.636 Y136.46 E.00819
G1 X107.61 Y136.215 E.00819
G1 X107.61 Y135.976 E.00793
G1 X107.66 Y135.593 E.01279
G1 X107.721 Y135.362 E.00793
G1 X107.801 Y135.15 E.00752
M204 S2000
G1 E-.8 F3600
G1 X111.426 Y135.769 F18000
G1 E.8 F3600
M204 S1000
;TYPE:Outer wall
;WIDTH:0.42
G1 F1200
G1 X111.329 Y135.473 E.00957
G1 X111.169 Y135.211 E.00942
G1 X110.983 Y135.006 E.00851
G1 X110.705 Y134.809 E.01049
G1 X110.489 Y134.713 E.00726
G1 X110.261 Y134.653 E.00723
G1 X109.96 Y134.632 E.00929
G1 X109.689 Y134.665 E.00838
G1 X109.466 Y134.734 E.00719
G1 X109.254 Y134.838 E.00726
G1 X108.982 Y135.047 E.01052
G1 X108.788 Y135.284 E.00942
G1 X108.657 Y135.526 E.00847
G1 X108.57 Y135.818 E.00935
G1 X108.543 Y136.094 E.00851
G1 X108.584 Y136.432 E.01049
G1 X108.659 Y136.661 E.00739
G1 X108.827 Y136.956 E.01043
G1 X108.984 Y137.137 E.00736
G1 X109.221 Y137.324 E.00929
G1 X109.468 Y137.45 E.00851
G1 X109.798 Y137.538 E.01049
G1 X110.038 Y137.552 E.00739
G1 X110.374 Y137.505 E.01043
G1 X110.597 Y137.426 E.00726
G1 X110.804 Y137.314 E.00726
G1 X111.068 Y137.093 E.01056
G1 X111.272 Y136.817 E.01056
G1 X111.372 Y136.603 E.00726
G1 X111.437 Y136.376 E.00726
G1 X111.464 Y136.037 E.01043
G1 X111.436 Y135.799 E.00739
G1 X111.432 Y135.788 E.00034
M204 S2000
G1 X111.824 Y135.746 F18000
M204 S1500
;TYPE:Inner wall
;WIDTH:0.45
G1 F1200
G1 X111.82 Y135.713 E.00111
G1 X111.687 Y135.308 E.01415
G1 X111.485 Y134.975 E.01291
G1 X111.245 Y134.711 E.01185
G1 X110.9 Y134.467 E.01404
G1 X110.619 Y134.342 E.01017
G1 X110.326 Y134.265 E.01006
G1 X109.95 Y134.238 E.0125
G1 X109.607 Y134.28 E.01145
G1 X109.321 Y134.368 E.00995
G1 X109.045 Y134.503 E.01017
G1 X108.707 Y134.764 E.01415
G1 X108.461 Y135.064 E.01291
G1 X108.293 Y135.376 E.01174
G1 X108.184 Y135.742 E.01269
G1 X108.149 Y136.098 E.01185
G1 X108.199 Y136.518 E.01404
G1 X108.299 Y136.821 E.01057
G1 X108.505 Y137.184 E.01385
G1 X108.712 Y137.422 E.01047
G1 X109.008 Y137.655 E.0125
G1 X109.326 Y137.818 E.01185
G1 X109.735 Y137.927 E.01404
G1 X110.053 Y137.946 E.01057
G1 X110.467 Y137.888 E.01385
G1 X110.756 Y137.786 E.01017
G1 X111.026 Y137.64 E.01017
G1 X111.356 Y137.364 E.01426
G1 X111.611 Y137.019 E.01426
G1 X111.741 Y136.741 E.01017
G1 X111.825 Y136.446 E.01017
G1 X111.858 Y136.03 E.01385
G1 X111.827 Y135.766 E.0088
M204 S2000
G1 X112.089 Y135.734 F18000
;TYPE:Gap infill
;WIDTH:0.175771
G1 F1200
G1 X112.078 Y135.649 E.00092
G1 X112.024 Y135.447 E.00227
G1 X111.925 Y135.191 E.00297
G1 X111.695 Y134.811 E.0048
G1 X111.426 Y134.517 E.00432
G1 X111.277 Y134.395 E.00208
G1 X111.036 Y134.238 E.00311
G1 X110.712 Y134.093 E.00385
G1 X110.364 Y133.997 E.00391
G1 X109.949 Y133.971 E.0045
G1 X109.557 Y134.018 E.00427
G1 X109.226 Y134.117 E.00374
G1 X108.908 Y134.27 E.00383
G1 X108.526 Y134.566 E.00523
G1 X108.241 Y134.909 E.00483
G1 X108.046 Y135.267 E.0044
G1 X107.92 Y135.684 E.00472
G1 X107.882 Y136.094 E.00445
G1 X107.938 Y136.57 E.00519
G1 X108.052 Y136.923 E.00402
G1 X108.281 Y137.335 E.0051
G1 X108.523 Y137.612 E.00398
G1 X108.868 Y137.886 E.00477
G1 X109.236 Y138.071 E.00447
G1 X109.699 Y138.194 E.00518
G1 X110.07 Y138.212 E.00402
G1 X110.536 Y138.147 E.0051
G1 X110.86 Y138.033 E.00372
G1 X111.171 Y137.865 E.00382
G1 X111.544 Y137.552 E.00527
G1 X111.732 Y137.32 E.00323
G1 X111.836 Y137.16 E.00207
G1 X111.989 Y136.839 E.00385
G1 X112.089 Y136.5 E.00382
G1 X112.126 Y136.03 E.0051
G1 X112.091 Y135.754 E.00302
; stop printing object separador_timon.stl id:1 copy 0
; end of layer_num: 47, T: 0, print_z: 9.440000
;LAYER_CHANGE
;Z:9.64
;HEIGHT:0.200001
; BEFORE_LAYER_CHANGE 47 @ 9.64mm
G92 E0
; AFTER_LAYER_CHANGE 47 @ 9.64mm
; start of layer_num: 48, T: 0, print_z: 9.640000
; printing object "separador_timon.stl" id:0 copy 0
G1 E-.8 F3600
G1 X107.439 Y108.896 Z9.64 F18000
G1 E.8 F3600
M204 S1000
;TYPE:Outer wall
;WIDTH:0.42
G1 F1200
G1 X107.444 Y108.883 E.00045
G1 X107.572 Y108.626 E.00883
G1 X107.726 Y108.384 E.00883
G1 X107.905 Y108.158 E.00883
G1 X108.105 Y107.953 E.00883
G1 X108.326 Y107.769 E.00883
G1 X108.564 Y107.608 E.00883
G1 X108.817 Y107.473 E.00883
G1 X109.083 Y107.365 E.00883
G1 X109.359 Y107.285 E.00883
G1 X109.638 Y107.234 E.00872
G1 X110.105 Y107.213 E.01436
G1 X110.358 Y107.233 E.00779
G1 X110.641 Y107.285 E.00884
G1 X110.917 Y107.365 E.00883
G1 X111.183 Y107.473 E.00883
G1 X111.436 Y107.608 E.00883
G1 X111.674 Y107.769 E.00883
G1 X111.895 Y107.953 E.00883
G1 X112.095 Y108.158 E.00883
G1 X112.274 Y108.384 E.00883
G1 X112.428 Y108.626 E.00883
G1 X112.556 Y108.883 E.00883
G1 X112.657 Y109.149 E.00874
G1 X112.757 Y109.573 E.0134
G1 X112.786 Y109.856 E.00874
G1 X112.786 Y110.141 E.00874
G1 X112.73 Y110.573 E.0134
G1 X112.658 Y110.848 E.00874
G1 X112.556 Y111.117 E.00883
G1 X112.428 Y111.374 E.00883
G1 X112.274 Y111.616 E.00883
G1 X112.095 Y111.842 E.00883
G1 X111.895 Y112.047 E.00883
G1 X111.674 Y112.231 E.00883
G1 X111.439 Y112.39 E.00872
G1 X111.02 Y112.596 E.01436
G1 X110.78 Y112.678 E.00779
G1 X110.5 Y112.745 E.00884
G1 X110.215 Y112.781 E.00883
G1 X109.928 Y112.789 E.00883
G1 X109.642 Y112.767 E.00883
G1 X109.359 Y112.715 E.00883
G1 X109.083 Y112.635 E.00883
G1 X108.817 Y112.527 E.00883
G1 X108.564 Y112.392 E.00882
G1 X108.326 Y112.231 E.00883
G1 X108.105 Y112.047 E.00883
G1 X107.905 Y111.842 E.00883
G1 X107.726 Y111.616 E.00882
G1 X107.572 Y111.374 E.00883
G1 X107.444 Y111.117 E.00883
G1 X107.343 Y110.851 E.00874
G1 X107.243 Y110.427 E.0134
G1 X107.214 Y110.144 E.00874
G1 X107.214 Y109.859 E.00874
G1 X107.27 Y109.427 E.0134
G1 X107.342 Y109.152 E.00874
G1 X107.432 Y108.915 E.00776
M204 S2000
G1 X107.803 Y109.04 F18000
M204 S1500
;TYPE:Inner wall
;WIDTH:0.45
G1 F1200
G1 X107.914 Y108.819 E.00819
G1 X108.046 Y108.611 E.00819
G1 X108.199 Y108.418 E.00819
G1 X108.372 Y108.241 E.00819
G1 X108.561 Y108.083 E.00819
G1 X108.766 Y107.945 E.00819
G1 X108.984 Y107.829 E.00819
G1 X109.212 Y107.736 E.00819
G1 X109.449 Y107.667 E.00819
G1 X109.683 Y107.624 E.00786
G1 X110.098 Y107.606 E.0138
G1 X110.307 Y107.623 E.00694
G1 X110.551 Y107.667 E.00822
G1 X110.788 Y107.736 E.00819
G1 X111.016 Y107.829 E.00819
G1 X111.234 Y107.945 E.00819
G1 X111.439 Y108.083 E.00819
G1 X111.628 Y108.241 E.00819
G1 X111.801 Y108.418 E.00819
G1 X111.954 Y108.611 E.00819
G1 X112.086 Y108.819 E.00819
G1 X112.197 Y109.04 E.00819
G1 X112.281 Y109.264 E.00793
G1 X112.369 Y109.639 E.01279
G1 X112.394 Y109.877 E.00793
G1 X112.394 Y110.116 E.00793
G1 X112.344 Y110.498 E.01278
G1 X112.284 Y110.729 E.00793
G1 X112.197 Y110.96 E.00819
G1 X112.086 Y111.181 E.00819
G1 X111.954 Y111.389 E.00819
G1 X111.801 Y111.582 E.00819
G1 X111.628 Y111.759 E.00819
G1 X111.439 Y111.917 E.00819
G1 X111.242 Y112.05 E.00786
G1 X110.869 Y112.233 E.0138
G1 X110.671 Y112.301 E.00694
G1 X110.43 Y112.358 E.00822
G1 X110.185 Y112.39 E.00819
G1 X109.938 Y112.396 E.00819
G1 X109.692 Y112.377 E.00819
G1 X109.449 Y112.333 E.00819
G1 X109.212 Y112.264 E.00819
G1 X108.984 Y112.171 E.00819
G1 X108.766 Y112.055 E.00819
G1 X108.561 Y111.917 E.00819
G1 X108.372 Y111.759 E.00819
G1 X108.199 Y111.582 E.00819
G1 X108.046 Y111.389 E.00819
G1 X107.914 Y111.181 E.00819
G1 X107.803 Y110.96 E.00819
G1 X107.719 Y110.736 E.00793
G1 X107.631 Y110.361 E.01279
G1 X107.606 Y110.123 E.00793
G1 X107.606 Y109.884 E.00793
G1 X107.656 Y109.502 E.01279
G1 X107.716 Y109.271 E.00793
G1 X107.796 Y109.059 E.00752
M204 S2000
G1 E-.8 F3600
G1 X111.419 Y109.668 F18000
G1 E.8 F3600
M204 S1000
;TYPE:Outer wall
;WIDTH:0.42
G1 F1200
G1 X111.415 Y109.638 E.00092
G1 X111.323 Y109.38 E.00843
G1 X111.164 Y109.119 E.00939
G1 X110.979 Y108.915 E.00846
G1 X110.7 Y108.718 E.01049
G1 X110.484 Y108.622 E.00726
G1 X110.257 Y108.562 E.00723
G1 X109.954 Y108.541 E.00933
G1 X109.685 Y108.574 E.00833
G1 X109.458 Y108.643 E.00728
G1 X109.19 Y108.785 E.00933
G1 X108.976 Y108.958 E.00843
G1 X108.783 Y109.194 E.00939
G1 X108.652 Y109.435 E.00843
G1 X108.565 Y109.728 E.00939
G1 X108.539 Y110.002 E.00846
G1 X108.579 Y110.341 E.01049
G1 X108.655 Y110.57 E.00739
G1 X108.822 Y110.865 E.01043
G1 X108.98 Y111.045 E.00736
G1 X109.218 Y111.233 E.00933
G1 X109.459 Y111.357 E.00833
G1 X109.687 Y111.427 E.00732
G1 X110.025 Y111.461 E.01043
G1 X110.264 Y111.437 E.00739
G1 X110.589 Y111.337 E.01043
G1 X110.8 Y111.222 E.00739
G1 X111.061 Y111.005 E.01043
G1 X111.211 Y110.817 E.00739
G1 X111.369 Y110.512 E.01056
G1 X111.45 Y110.178 E.01056
G1 X111.46 Y109.939 E.00736
G1 X111.422 Y109.688 E.0078
M204 S2000
G1 X111.802 Y109.575 F18000
M204 S1500
;TYPE:Inner wall
;WIDTH:0.45
G1 F1200
G1 X111.797 Y109.543 E.00108
G1 X111.679 Y109.211 E.01169
G1 X111.48 Y108.883 E.01273
G1 X111.24 Y108.62 E.0118
G1 X110.895 Y108.375 E.01403
G1 X110.615 Y108.251 E.01017
G1 X110.321 Y108.173 E.01007
G1 X109.944 Y108.147 E.01255
G1 X109.603 Y108.189 E.0114
G1 X109.308 Y108.279 E.01024
G1 X108.973 Y108.456 E.01256
G1 X108.699 Y108.678 E.01169
G1 X108.455 Y108.975 E.01273
G1 X108.288 Y109.285 E.01169
G1 X108.179 Y109.653 E.01273
G1 X108.144 Y110.007 E.0118
G1 X108.195 Y110.427 E.01403
G1 X108.294 Y110.729 E.01057
G1 X108.501 Y111.093 E.01385
G1 X108.708 Y111.331 E.01047
G1 X109.006 Y111.565 E.01256
G1 X109.311 Y111.722 E.0114
G1 X109.609 Y111.813 E.01035
G1 X110.025 Y111.855 E.01385
G1 X110.342 Y111.823 E.01057
G1 X110.741 Y111.7 E.01385
G1 X111.021 Y111.548 E.01057
G1 X111.342 Y111.281 E.01385
G1 X111.541 Y111.032 E.01057
G1 X111.739 Y110.65 E.01426
G1 X111.84 Y110.233 E.01426
G1 X111.853 Y109.917 E.01047
G1 X111.805 Y109.595 E.01081
G1 E-.8 F3600
M204 S2000
G1 X112.062 Y109.535 F18000
G1 E.8 F3600
;TYPE:Gap infill
;WIDTH:0.17574
G1 F1200
G1 X112.018 Y109.346 E.0021
G1 X111.846 Y108.955 E.00462
G1 X111.594 Y108.599 E.00472
G1 X111.273 Y108.304 E.00472
G1 X110.9 Y108.078 E.00472
G1 X110.486 Y107.934 E.00474
G1 X110.093 Y107.881 E.00428
G1 X109.715 Y107.898 E.00409
G1 X109.303 Y107.995 E.00459
G1 X108.908 Y108.181 E.00472
G1 X108.557 Y108.441 E.00473
G1 X108.27 Y108.77 E.00473
G1 X108.053 Y109.149 E.00473
G1 X107.915 Y109.595 E.00505
G1 X107.878 Y110.003 E.00444
G1 X107.932 Y110.479 E.00518
G1 X108.049 Y110.832 E.00402
G1 X108.155 Y111.044 E.00257
G1 X108.281 Y111.241 E.00253
G1 X108.517 Y111.522 E.00398
G1 X108.865 Y111.795 E.00479
G1 X109.215 Y111.972 E.00425
G1 X109.563 Y112.075 E.00392
G1 X110.019 Y112.121 E.00496
G1 X110.4 Y112.082 E.00415
G1 X110.839 Y111.95 E.00496
G1 X111.167 Y111.774 E.00403
G1 X111.441 Y111.557 E.00378
G1 X111.731 Y111.231 E.00473
G1 X111.945 Y110.85 E.00473
G1 X112.073 Y110.443 E.00462
G1 X112.12 Y110.1 E.00375
G1 X112.097 Y109.683 E.00452
G1 X112.067 Y109.555 E.00143
; stop printing object separador_timon.stl id:0 copy 0
; printing object "separador_timon.stl" id:1 copy 0
G1 E-.8 F3600
G1 X107.443 Y134.988 F18000
G1 E.8 F3600
M204 S1000
;TYPE:Outer wall
;WIDTH:0.42
G1 F1200
G1 X107.448 Y134.974 E.00045
G1 X107.577 Y134.717 E.00883
G1 X107.731 Y134.475 E.00883
G1 X107.909 Y134.25 E.00883
G1 X108.109 Y134.044 E.00883
G1 X108.33 Y133.86 E.00883
G1 X108.568 Y133.7 E.00883
G1 X108.822 Y133.565 E.00883
G1 X109.088 Y133.456 E.00883
G1 X109.364 Y133.376 E.00883
G1 X109.643 Y133.325 E.00872
G1 X110.11 Y133.304 E.01436
G1 X110.362 Y133.325 E.00779
G1 X110.645 Y133.376 E.00884
G1 X110.921 Y133.456 E.00883
G1 X111.187 Y133.565 E.00883
G1 X111.441 Y133.7 E.00883
G1 X111.679 Y133.86 E.00883
G1 X111.899 Y134.044 E.00883
G1 X112.1 Y134.25 E.00883
G1 X112.278 Y134.475 E.00883
G1 X112.432 Y134.717 E.00883
G1 X112.561 Y134.974 E.00883
G1 X112.661 Y135.24 E.00874
G1 X112.761 Y135.665 E.0134
G1 X112.79 Y135.948 E.00874
G1 X112.79 Y136.232 E.00874
G1 X112.734 Y136.665 E.0134
G1 X112.662 Y136.94 E.00874
G1 X112.561 Y137.208 E.00883
G1 X112.432 Y137.465 E.00883
G1 X112.278 Y137.708 E.00883
G1 X112.1 Y137.933 E.00883
G1 X111.899 Y138.139 E.00883
G1 X111.679 Y138.323 E.00883
G1 X111.443 Y138.481 E.00872
G1 X111.024 Y138.687 E.01436
G1 X110.784 Y138.77 E.00779
G1 X110.505 Y138.836 E.00884
G1 X110.22 Y138.873 E.00883
G1 X109.933 Y138.88 E.00883
G1 X109.646 Y138.858 E.00883
G1 X109.364 Y138.806 E.00883
G1 X109.088 Y138.726 E.00883
G1 X108.822 Y138.618 E.00883
G1 X108.568 Y138.483 E.00882
G1 X108.33 Y138.323 E.00883
G1 X108.109 Y138.139 E.00883
G1 X107.909 Y137.933 E.00883
G1 X107.731 Y137.708 E.00882
G1 X107.577 Y137.465 E.00883
G1 X107.448 Y137.208 E.00883
G1 X107.348 Y136.942 E.00874
G1 X107.248 Y136.518 E.0134
G1 X107.218 Y136.235 E.00874
G1 X107.218 Y135.95 E.00874
G1 X107.274 Y135.518 E.0134
G1 X107.347 Y135.243 E.00874
G1 X107.436 Y135.006 E.00776
M204 S2000
G1 X107.808 Y135.131 F18000
M204 S1500
;TYPE:Inner wall
;WIDTH:0.45
G1 F1200
G1 X107.918 Y134.911 E.00819
G1 X108.051 Y134.702 E.00819
G1 X108.204 Y134.509 E.00819
G1 X108.376 Y134.332 E.00819
G1 X108.566 Y134.174 E.00819
G1 X108.77 Y134.036 E.00819
G1 X108.988 Y133.92 E.00819
G1 X109.217 Y133.827 E.00819
G1 X109.454 Y133.758 E.00819
G1 X109.687 Y133.716 E.00786
G1 X110.103 Y133.697 E.0138
G1 X110.311 Y133.714 E.00694
G1 X110.555 Y133.758 E.00822
G1 X110.792 Y133.827 E.00819
G1 X111.021 Y133.92 E.00819
G1 X111.238 Y134.036 E.00819
G1 X111.443 Y134.174 E.00819
G1 X111.633 Y134.332 E.00819
G1 X111.805 Y134.509 E.00819
G1 X111.958 Y134.702 E.00819
G1 X112.091 Y134.911 E.00819
G1 X112.201 Y135.131 E.00819
G1 X112.285 Y135.355 E.00793
G1 X112.374 Y135.73 E.01279
G1 X112.398 Y135.968 E.00793
G1 X112.398 Y136.207 E.00793
G1 X112.349 Y136.589 E.01278
G1 X112.288 Y136.82 E.00793
G1 X112.201 Y137.051 E.00819
G1 X112.091 Y137.272 E.00819
G1 X111.958 Y137.48 E.00819
G1 X111.805 Y137.674 E.00819
G1 X111.633 Y137.85 E.00819
G1 X111.443 Y138.009 E.00819
G1 X111.247 Y138.141 E.00786
G1 X110.873 Y138.324 E.0138
G1 X110.675 Y138.393 E.00694
G1 X110.434 Y138.45 E.00822
G1 X110.189 Y138.481 E.00819
G1 X109.943 Y138.488 E.00819
G1 X109.697 Y138.469 E.00819
G1 X109.454 Y138.424 E.00819
G1 X109.217 Y138.355 E.00819
G1 X108.988 Y138.262 E.00819
G1 X108.77 Y138.146 E.00819
G1 X108.566 Y138.009 E.00819
G1 X108.376 Y137.85 E.00819
G1 X108.204 Y137.674 E.00819
G1 X108.051 Y137.48 E.00819
G1 X107.918 Y137.272 E.00819
G1 X107.808 Y137.051 E.00819
G1 X107.724 Y136.828 E.00793
G1 X107.635 Y136.452 E.01279
G1 X107.61 Y136.215 E.00793
G1 X107.61 Y135.976 E.00793
G1 X107.66 Y135.593 E.01279
G1 X107.721 Y135.362 E.00793
G1 X107.801 Y135.15 E.00752
M204 S2000
G1 E-.8 F3600
G1 X111.423 Y135.759 F18000
G1 E.8 F3600
M204 S1000
;TYPE:Outer wall
;WIDTH:0.42
G1 F1200
G1 X111.419 Y135.73 E.00092
G1 X111.327 Y135.471 E.00843
G1 X111.169 Y135.21 E.00939
G1 X110.983 Y135.006 E.00846
G1 X110.705 Y134.809 E.01049
G1 X110.489 Y134.713 E.00726
G1 X110.261 Y134.653 E.00723
G1 X109.958 Y134.632 E.00933
G1 X109.689 Y134.665 E.00833
G1 X109.463 Y134.735 E.00728
G1 X109.194 Y134.877 E.00933
G1 X108.981 Y135.049 E.00843
G1 X108.787 Y135.285 E.00939
G1 X108.657 Y135.527 E.00843
G1 X108.57 Y135.82 E.00939
G1 X108.543 Y136.094 E.00846
G1 X108.584 Y136.432 E.01049
G1 X108.659 Y136.661 E.00739
G1 X108.827 Y136.956 E.01043
G1 X108.984 Y137.137 E.00736
G1 X109.223 Y137.324 E.00933
G1 X109.464 Y137.448 E.00833
G1 X109.691 Y137.518 E.00732
G1 X110.029 Y137.552 E.01043
G1 X110.269 Y137.528 E.00739
G1 X110.593 Y137.428 E.01043
G1 X110.804 Y137.314 E.00739
G1 X111.065 Y137.096 E.01043
G1 X111.215 Y136.909 E.00739
G1 X111.373 Y136.603 E.01056
G1 X111.454 Y136.269 E.01056
G1 X111.464 Y136.03 E.00736
G1 X111.426 Y135.779 E.0078
M204 S2000
G1 X111.806 Y135.667 F18000
M204 S1500
;TYPE:Inner wall
;WIDTH:0.45
G1 F1200
G1 X111.801 Y135.634 E.00108
G1 X111.683 Y135.302 E.01169
G1 X111.484 Y134.974 E.01273
G1 X111.245 Y134.711 E.0118
G1 X110.9 Y134.467 E.01403
G1 X110.619 Y134.342 E.01017
G1 X110.326 Y134.265 E.01007
G1 X109.948 Y134.238 E.01255
G1 X109.607 Y134.28 E.0114
G1 X109.312 Y134.371 E.01024
G1 X108.977 Y134.548 E.01256
G1 X108.703 Y134.769 E.01169
G1 X108.46 Y135.066 E.01273
G1 X108.292 Y135.376 E.01169
G1 X108.183 Y135.744 E.01273
G1 X108.149 Y136.098 E.0118
G1 X108.199 Y136.518 E.01403
G1 X108.299 Y136.821 E.01057
G1 X108.505 Y137.184 E.01385
G1 X108.712 Y137.422 E.01047
G1 X109.01 Y137.656 E.01256
G1 X109.315 Y137.813 E.0114
G1 X109.614 Y137.905 E.01035
G1 X110.029 Y137.946 E.01385
G1 X110.346 Y137.914 E.01057
G1 X110.746 Y137.792 E.01385
G1 X111.026 Y137.64 E.01057
G1 X111.346 Y137.372 E.01385
G1 X111.546 Y137.123 E.01057
G1 X111.743 Y136.742 E.01426
G1 X111.845 Y136.324 E.01426
G1 X111.857 Y136.009 E.01047
G1 X111.809 Y135.686 E.01081
M204 S2000
G1 X112.067 Y135.626 F18000
;TYPE:Gap infill
;WIDTH:0.17574
G1 F1200
G1 X112.023 Y135.437 E.0021
G1 X111.85 Y135.047 E.00462
G1 X111.598 Y134.691 E.00472
G1 X111.277 Y134.395 E.00472
G1 X110.904 Y134.169 E.00472
G1 X110.49 Y134.025 E.00474
G1 X110.098 Y133.973 E.00428
G1 X109.72 Y133.989 E.00409
G1 X109.307 Y134.086 E.00459
G1 X108.912 Y134.272 E.00472
G1 X108.562 Y134.533 E.00473
G1 X108.274 Y134.861 E.00473
G1 X108.057 Y135.24 E.00473
G1 X107.919 Y135.686 E.00505
G1 X107.882 Y136.094 E.00444
G1 X107.937 Y136.57 E.00518
G1 X108.054 Y136.923 E.00402
G1 X108.159 Y137.135 E.00257
G1 X108.285 Y137.332 E.00253
G1 X108.522 Y137.613 E.00398
G1 X108.87 Y137.886 E.00479
G1 X109.22 Y138.063 E.00425
G1 X109.567 Y138.166 E.00392
G1 X110.023 Y138.212 E.00496
G1 X110.405 Y138.174 E.00415
G1 X110.844 Y138.041 E.00496
G1 X111.171 Y137.865 E.00403
G1 X111.445 Y137.648 E.00378
G1 X111.736 Y137.322 E.00473
G1 X111.949 Y136.941 E.00473
G1 X112.078 Y136.534 E.00462
G1 X112.124 Y136.191 E.00375
G1 X112.101 Y135.774 E.00452
G1 X112.071 Y135.646 E.00143
; stop printing object separador_timon.stl id:1 copy 0
; end of layer_num: 48, T: 0, print_z: 9.640000
;LAYER_CHANGE
;Z:9.84
;HEIGHT:0.2
; BEFORE_LAYER_CHANGE 48 @ 9.84mm
G92 E0
; AFTER_LAYER_CHANGE 48 @ 9.84mm
; start of layer_num: 49, T: 0, print_z: 9.840000
; printing object "separador_timon.stl" id:0 copy 0
G1 E-.8 F3600
G1 X107.437 Y108.901 Z9.84 F18000
G1 E.8 F3600
M204 S1000
;TYPE:Outer wall
;WIDTH:0.42
G1 F1200
G1 X107.444 Y108.883 E.00059
G1 X107.572 Y108.626 E.00883
G1 X107.726 Y108.384 E.00883
G1 X107.905 Y108.158 E.00883
G1 X108.105 Y107.953 E.00882
G1 X108.326 Y107.769 E.00883
G1 X108.564 Y107.608 E.00883
G1 X108.817 Y107.473 E.00883
G1 X109.083 Y107.365 E.00883
G1 X109.359 Y107.285 E.00883
G1 X109.639 Y107.234 E.00872
G1 X110.103 Y107.213 E.01428
G1 X110.358 Y107.233 E.00787
G1 X110.641 Y107.285 E.00883
G1 X110.917 Y107.365 E.00883
G1 X111.183 Y107.473 E.00883
G1 X111.436 Y107.608 E.00883
G1 X111.674 Y107.769 E.00883
G1 X111.895 Y107.953 E.00883
G1 X112.095 Y108.158 E.00883
G1 X112.274 Y108.384 E.00883
G1 X112.426 Y108.623 E.00872
G1 X112.62 Y109.045 E.01428
G1 X112.698 Y109.289 E.00787
G1 X112.756 Y109.571 E.00883
G1 X112.786 Y109.856 E.00883
G1 X112.786 Y110.141 E.00874
G1 X112.73 Y110.573 E.0134
G1 X112.658 Y110.848 E.00874
G1 X112.556 Y111.117 E.00883
G1 X112.428 Y111.374 E.00883
G1 X112.274 Y111.616 E.00883
G1 X112.095 Y111.842 E.00883
G1 X111.897 Y112.045 E.00874
G1 X111.555 Y112.316 E.0134
G1 X111.311 Y112.462 E.00874
G1 X111.051 Y112.584 E.00883
G1 X110.78 Y112.679 E.00883
G1 X110.5 Y112.745 E.00883
G1 X110.215 Y112.781 E.00882
G1 X109.928 Y112.789 E.00883
G1 X109.642 Y112.767 E.00883
G1 X109.363 Y112.716 E.00872
G1 X108.921 Y112.572 E.01428
G1 X108.689 Y112.463 E.00787
G1 X108.443 Y112.315 E.00883
G1 X108.213 Y112.142 E.00883
G1 X108.002 Y111.947 E.00883
G1 X107.813 Y111.731 E.00883
G1 X107.646 Y111.497 E.00883
G1 X107.505 Y111.247 E.00883
G1 X107.39 Y110.984 E.00883
G1 X107.302 Y110.71 E.00883
G1 X107.244 Y110.429 E.00883
G1 X107.214 Y110.144 E.00883
G1 X107.214 Y109.859 E.00874
G1 X107.27 Y109.427 E.0134
G1 X107.342 Y109.152 E.00874
G1 X107.43 Y108.92 E.00762
M204 S2000
G1 X107.803 Y109.04 F18000
M204 S1500
;TYPE:Inner wall
;WIDTH:0.45
G1 F1200
G1 X107.914 Y108.819 E.00819
G1 X108.046 Y108.611 E.00819
G1 X108.199 Y108.418 E.00819
G1 X108.372 Y108.241 E.00819
G1 X108.561 Y108.083 E.00819
G1 X108.766 Y107.945 E.00819
G1 X108.984 Y107.829 E.00819
G1 X109.212 Y107.736 E.00819
G1 X109.449 Y107.667 E.00819
G1 X109.683 Y107.624 E.00787
G1 X110.096 Y107.606 E.01372
G1 X110.307 Y107.623 E.00703
G1 X110.551 Y107.667 E.00821
G1 X110.788 Y107.736 E.00819
G1 X111.016 Y107.829 E.00819
G1 X111.234 Y107.945 E.00819
G1 X111.439 Y108.083 E.00819
G1 X111.628 Y108.241 E.00819
G1 X111.801 Y108.418 E.00819
G1 X111.954 Y108.611 E.00819
G1 X112.081 Y108.811 E.00787
G1 X112.254 Y109.187 E.01372
G1 X112.369 Y109.631 E.01522
G1 X112.394 Y109.877 E.00819
G1 X112.394 Y110.116 E.00793
G1 X112.344 Y110.498 E.01278
G1 X112.284 Y110.729 E.00793
G1 X112.197 Y110.96 E.00819
G1 X112.086 Y111.181 E.00819
G1 X111.954 Y111.389 E.00819
G1 X111.801 Y111.582 E.00819
G1 X111.634 Y111.754 E.00793
G1 X111.332 Y111.993 E.01279
G1 X111.127 Y112.116 E.00793
G1 X110.903 Y112.221 E.00819
G1 X110.67 Y112.302 E.00819
G1 X110.43 Y112.358 E.00819
G1 X110.185 Y112.39 E.00819
G1 X109.938 Y112.396 E.00819
G1 X109.692 Y112.377 E.00819
G1 X109.459 Y112.335 E.00787
G1 X109.066 Y112.207 E.01372
G1 X108.874 Y112.116 E.00703
G1 X108.662 Y111.989 E.00821
G1 X108.464 Y111.841 E.00819
G1 X108.283 Y111.673 E.00819
G1 X108.12 Y111.488 E.00819
G1 X107.977 Y111.287 E.00819
G1 X107.856 Y111.072 E.00819
G1 X107.757 Y110.846 E.00819
G1 X107.682 Y110.61 E.00819
G1 X107.631 Y110.369 E.00819
G1 X107.606 Y110.123 E.00819
G1 X107.606 Y109.884 E.00793
G1 X107.656 Y109.502 E.01278
G1 X107.716 Y109.271 E.00793
G1 X107.796 Y109.059 E.00752
M204 S2000
G1 E-.8 F3600
G1 X111.419 Y109.671 F18000
G1 E.8 F3600
M204 S1000
;TYPE:Outer wall
;WIDTH:0.42
G1 F1200
G1 X111.324 Y109.382 E.00935
G1 X111.163 Y109.118 E.00951
G1 X110.982 Y108.918 E.00829
G1 X110.793 Y108.773 E.00732
G1 X110.488 Y108.623 E.01043
G1 X110.257 Y108.562 E.00736
G1 X109.953 Y108.541 E.00938
G1 X109.685 Y108.574 E.00829
G1 X109.461 Y108.642 E.00719
G1 X109.249 Y108.747 E.00726
G1 X108.98 Y108.954 E.01043
G1 X108.822 Y109.135 E.00739
G1 X108.653 Y109.434 E.01056
G1 X108.558 Y109.764 E.01056
G1 X108.539 Y110.003 E.00736
G1 X108.572 Y110.306 E.00938
G1 X108.654 Y110.568 E.00842
G1 X108.822 Y110.865 E.01048
G1 X108.98 Y111.045 E.00736
G1 X109.22 Y111.234 E.00938
G1 X109.463 Y111.359 E.00842
G1 X109.793 Y111.446 E.01048
G1 X110.029 Y111.46 E.00726
G1 X110.264 Y111.437 E.00726
G1 X110.592 Y111.336 E.01053
G1 X110.859 Y111.181 E.00951
G1 X111.062 Y111.003 E.00829
G1 X111.211 Y110.817 E.00732
G1 X111.367 Y110.516 E.01043
G1 X111.433 Y110.284 E.00739
G1 X111.46 Y109.946 E.01043
G1 X111.431 Y109.707 E.00739
G1 X111.426 Y109.69 E.00056
M204 S2000
G1 X111.806 Y109.59 F18000
M204 S1500
;TYPE:Inner wall
;WIDTH:0.45
G1 F1200
G1 X111.683 Y109.216 E.01304
G1 X111.479 Y108.881 E.01301
G1 X111.248 Y108.629 E.01135
G1 X111.001 Y108.438 E.01034
G1 X110.626 Y108.254 E.01385
G1 X110.321 Y108.173 E.01048
G1 X109.942 Y108.147 E.01261
G1 X109.603 Y108.189 E.01135
G1 X109.316 Y108.277 E.00994
G1 X109.041 Y108.412 E.01017
G1 X108.71 Y108.667 E.01385
G1 X108.501 Y108.907 E.01057
G1 X108.288 Y109.281 E.01426
G1 X108.17 Y109.694 E.01426
G1 X108.145 Y110.009 E.01047
G1 X108.187 Y110.387 E.01261
G1 X108.292 Y110.725 E.01175
G1 X108.501 Y111.093 E.01402
G1 X108.708 Y111.331 E.01047
G1 X109.007 Y111.566 E.01261
G1 X109.322 Y111.727 E.01175
G1 X109.731 Y111.835 E.01402
G1 X110.037 Y111.854 E.01017
G1 X110.342 Y111.823 E.01017
G1 X110.75 Y111.698 E.01416
G1 X111.089 Y111.501 E.01301
G1 X111.346 Y111.275 E.01135
G1 X111.541 Y111.032 E.01034
G1 X111.733 Y110.661 E.01385
G1 X111.821 Y110.355 E.01057
G1 X111.854 Y109.938 E.01385
G1 X111.816 Y109.622 E.01057
G1 X111.812 Y109.609 E.00045
G1 E-.8 F3600
M204 S2000
G1 X112.064 Y109.526 F18000
G1 E.8 F3600
;TYPE:Gap infill
;WIDTH:0.175323
G1 F1200
G1 X111.927 Y109.111 E.00471
G1 X111.688 Y108.717 E.00497
G1 X111.432 Y108.437 E.0041
G1 X111.137 Y108.209 E.00402
G1 X110.725 Y108.007 E.00494
G1 X110.359 Y107.906 E.0041
G1 X109.941 Y107.88 E.00452
G1 X109.552 Y107.927 E.00423
G1 X109.222 Y108.026 E.00372
G1 X108.903 Y108.179 E.00381
G1 X108.53 Y108.466 E.00509
G1 X108.268 Y108.769 E.00432
G1 X108.043 Y109.17 E.00496
G1 X107.907 Y109.64 E.00528
G1 X107.878 Y110.007 E.00397
G1 X107.924 Y110.435 E.00465
G1 X108.044 Y110.825 E.0044
G1 X108.277 Y111.243 E.00516
G1 X108.529 Y111.528 E.0041
G1 X108.868 Y111.793 E.00465
G1 X109.219 Y111.975 E.00427
G1 X109.681 Y112.101 E.00517
G1 X110.047 Y112.121 E.00395
G1 X110.4 Y112.082 E.00383
G1 X110.592 Y112.035 E.00213
G1 X110.863 Y111.938 E.0031
G1 X111.241 Y111.723 E.00469
G1 X111.535 Y111.464 E.00423
G1 X111.763 Y111.184 E.00389
G1 X111.979 Y110.766 E.00508
G1 X112.085 Y110.409 E.00401
G1 X112.12 Y109.939 E.00508
G1 X112.078 Y109.57 E.00401
G1 X112.07 Y109.545 E.00028
; stop printing object separador_timon.stl id:0 copy 0
; printing object "separador_timon.stl" id:1 copy 0
G1 E-.8 F3600
G1 X107.441 Y134.992 F18000
G1 E.8 F3600
M204 S1000
;TYPE:Outer wall
;WIDTH:0.42
G1 F1200
G1 X107.448 Y134.974 E.00059
G1 X107.577 Y134.717 E.00883
G1 X107.731 Y134.475 E.00883
G1 X107.909 Y134.25 E.00883
G1 X108.109 Y134.044 E.00882
G1 X108.33 Y133.86 E.00883
G1 X108.568 Y133.7 E.00883
G1 X108.822 Y133.565 E.00883
G1 X109.088 Y133.456 E.00883
G1 X109.364 Y133.376 E.00883
G1 X109.643 Y133.325 E.00872
G1 X110.107 Y133.304 E.01428
G1 X110.362 Y133.325 E.00787
G1 X110.645 Y133.376 E.00883
G1 X110.921 Y133.456 E.00883
G1 X111.187 Y133.565 E.00883
G1 X111.441 Y133.7 E.00883
G1 X111.679 Y133.86 E.00883
G1 X111.899 Y134.044 E.00883
G1 X112.1 Y134.25 E.00883
G1 X112.278 Y134.475 E.00883
G1 X112.43 Y134.714 E.00872
G1 X112.625 Y135.136 E.01428
G1 X112.702 Y135.381 E.00787
G1 X112.761 Y135.662 E.00883
G1 X112.79 Y135.948 E.00883
G1 X112.79 Y136.232 E.00874
G1 X112.734 Y136.665 E.0134
G1 X112.662 Y136.94 E.00874
G1 X112.561 Y137.208 E.00883
G1 X112.432 Y137.465 E.00883
G1 X112.278 Y137.708 E.00883
G1 X112.1 Y137.933 E.00883
G1 X111.901 Y138.137 E.00874
G1 X111.559 Y138.407 E.0134
G1 X111.315 Y138.554 E.00874
G1 X111.055 Y138.675 E.00883
G1 X110.784 Y138.77 E.00883
G1 X110.505 Y138.836 E.00883
G1 X110.22 Y138.873 E.00882
G1 X109.933 Y138.88 E.00883
G1 X109.646 Y138.858 E.00883
G1 X109.367 Y138.807 E.00872
G1 X108.925 Y138.663 E.01428
G1 X108.694 Y138.554 E.00787
G1 X108.447 Y138.406 E.00883
G1 X108.217 Y138.233 E.00883
G1 X108.007 Y138.038 E.00883
G1 X107.817 Y137.823 E.00883
G1 X107.65 Y137.588 E.00883
G1 X107.509 Y137.339 E.00883
G1 X107.394 Y137.075 E.00883
G1 X107.307 Y136.802 E.00883
G1 X107.248 Y136.521 E.00883
G1 X107.218 Y136.235 E.00883
G1 X107.218 Y135.95 E.00874
G1 X107.274 Y135.518 E.0134
G1 X107.347 Y135.243 E.00874
G1 X107.434 Y135.011 E.00762
M204 S2000
G1 X107.808 Y135.131 F18000
M204 S1500
;TYPE:Inner wall
;WIDTH:0.45
G1 F1200
G1 X107.918 Y134.911 E.00819
G1 X108.051 Y134.702 E.00819
G1 X108.204 Y134.509 E.00819
G1 X108.376 Y134.332 E.00819
G1 X108.566 Y134.174 E.00819
G1 X108.77 Y134.036 E.00819
G1 X108.988 Y133.92 E.00819
G1 X109.217 Y133.827 E.00819
G1 X109.454 Y133.758 E.00819
G1 X109.687 Y133.716 E.00787
G1 X110.1 Y133.697 E.01372
G1 X110.311 Y133.714 E.00703
G1 X110.555 Y133.758 E.00821
G1 X110.792 Y133.827 E.00819
G1 X111.021 Y133.92 E.00819
G1 X111.238 Y134.036 E.00819
G1 X111.443 Y134.174 E.00819
G1 X111.633 Y134.332 E.00819
G1 X111.805 Y134.509 E.00819
G1 X111.958 Y134.702 E.00819
G1 X112.085 Y134.902 E.00787
G1 X112.258 Y135.278 E.01372
G1 X112.373 Y135.722 E.01522
G1 X112.398 Y135.968 E.00819
G1 X112.398 Y136.207 E.00793
G1 X112.349 Y136.589 E.01278
G1 X112.288 Y136.82 E.00793
G1 X112.201 Y137.051 E.00819
G1 X112.091 Y137.272 E.00819
G1 X111.958 Y137.48 E.00819
G1 X111.805 Y137.674 E.00819
G1 X111.638 Y137.845 E.00793
G1 X111.336 Y138.084 E.01279
G1 X111.131 Y138.207 E.00793
G1 X110.907 Y138.312 E.00819
G1 X110.674 Y138.393 E.00819
G1 X110.434 Y138.45 E.00819
G1 X110.189 Y138.481 E.00819
G1 X109.943 Y138.488 E.00819
G1 X109.697 Y138.469 E.00819
G1 X109.463 Y138.426 E.00787
G1 X109.07 Y138.298 E.01372
G1 X108.878 Y138.208 E.00703
G1 X108.666 Y138.08 E.00821
G1 X108.469 Y137.932 E.00819
G1 X108.288 Y137.764 E.00819
G1 X108.125 Y137.579 E.00819
G1 X107.982 Y137.378 E.00819
G1 X107.86 Y137.163 E.00819
G1 X107.761 Y136.937 E.00819
G1 X107.686 Y136.702 E.00819
G1 X107.636 Y136.46 E.00819
G1 X107.61 Y136.215 E.00819
G1 X107.61 Y135.976 E.00793
G1 X107.66 Y135.593 E.01278
G1 X107.721 Y135.362 E.00793
G1 X107.801 Y135.15 E.00752
M204 S2000
G1 E-.8 F3600
G1 X111.424 Y135.762 F18000
G1 E.8 F3600
M204 S1000
;TYPE:Outer wall
;WIDTH:0.42
G1 F1200
G1 X111.329 Y135.473 E.00935
G1 X111.168 Y135.209 E.00951
G1 X110.986 Y135.009 E.00829
G1 X110.797 Y134.864 E.00732
G1 X110.493 Y134.714 E.01043
G1 X110.261 Y134.653 E.00736
G1 X109.957 Y134.632 E.00938
G1 X109.689 Y134.665 E.00829
G1 X109.466 Y134.734 E.00719
G1 X109.254 Y134.838 E.00726
G1 X108.985 Y135.045 E.01043
G1 X108.827 Y135.227 E.00739
G1 X108.657 Y135.525 E.01056
G1 X108.562 Y135.856 E.01056
G1 X108.543 Y136.094 E.00736
G1 X108.577 Y136.398 E.00938
G1 X108.658 Y136.659 E.00842
G1 X108.827 Y136.956 E.01048
G1 X108.984 Y137.137 E.00736
G1 X109.224 Y137.325 E.00938
G1 X109.468 Y137.45 E.00842
G1 X109.798 Y137.538 E.01048
G1 X110.033 Y137.552 E.00726
G1 X110.269 Y137.528 E.00726
G1 X110.596 Y137.428 E.01053
G1 X110.863 Y137.272 E.00951
G1 X111.066 Y137.094 E.00829
G1 X111.215 Y136.909 E.00732
G1 X111.371 Y136.607 E.01043
G1 X111.437 Y136.376 E.00739
G1 X111.464 Y136.037 E.01043
G1 X111.436 Y135.799 E.00739
G1 X111.43 Y135.781 E.00056
M204 S2000
G1 X111.81 Y135.681 F18000
M204 S1500
;TYPE:Inner wall
;WIDTH:0.45
G1 F1200
G1 X111.687 Y135.308 E.01304
G1 X111.483 Y134.973 E.01301
G1 X111.253 Y134.72 E.01135
G1 X111.006 Y134.53 E.01034
G1 X110.631 Y134.345 E.01385
G1 X110.326 Y134.265 E.01048
G1 X109.946 Y134.238 E.01261
G1 X109.607 Y134.28 E.01135
G1 X109.321 Y134.368 E.00994
G1 X109.045 Y134.503 E.01017
G1 X108.714 Y134.758 E.01385
G1 X108.505 Y134.999 E.01057
G1 X108.293 Y135.372 E.01426
G1 X108.175 Y135.786 E.01426
G1 X108.15 Y136.1 E.01047
G1 X108.191 Y136.478 E.01261
G1 X108.296 Y136.816 E.01175
G1 X108.505 Y137.184 E.01402
G1 X108.712 Y137.422 E.01047
G1 X109.011 Y137.657 E.01261
G1 X109.326 Y137.819 E.01175
G1 X109.735 Y137.927 E.01402
G1 X110.041 Y137.945 E.01017
G1 X110.346 Y137.914 E.01017
G1 X110.754 Y137.789 E.01416
G1 X111.093 Y137.592 E.01301
G1 X111.351 Y137.367 E.01135
G1 X111.546 Y137.123 E.01034
G1 X111.738 Y136.752 E.01385
G1 X111.825 Y136.446 E.01057
G1 X111.858 Y136.03 E.01385
G1 X111.82 Y135.713 E.01057
G1 X111.816 Y135.7 E.00045
M204 S2000
G1 X112.068 Y135.617 F18000
;TYPE:Gap infill
;WIDTH:0.175323
G1 F1200
G1 X111.932 Y135.203 E.00471
G1 X111.693 Y134.808 E.00497
G1 X111.437 Y134.528 E.0041
G1 X111.141 Y134.301 E.00402
G1 X110.73 Y134.099 E.00494
G1 X110.364 Y133.997 E.0041
G1 X109.945 Y133.971 E.00452
G1 X109.557 Y134.019 E.00423
G1 X109.226 Y134.117 E.00372
G1 X108.908 Y134.27 E.00381
G1 X108.534 Y134.558 E.00509
G1 X108.272 Y134.86 E.00432
G1 X108.047 Y135.261 E.00496
G1 X107.912 Y135.732 E.00528
G1 X107.883 Y136.098 E.00397
G1 X107.928 Y136.527 E.00465
G1 X108.048 Y136.916 E.0044
G1 X108.281 Y137.334 E.00516
G1 X108.533 Y137.619 E.0041
G1 X108.873 Y137.884 E.00465
G1 X109.224 Y138.067 E.00427
G1 X109.686 Y138.192 E.00517
G1 X110.052 Y138.212 E.00395
G1 X110.405 Y138.174 E.00383
G1 X110.597 Y138.127 E.00213
G1 X110.867 Y138.03 E.0031
G1 X111.245 Y137.814 E.00469
G1 X111.539 Y137.555 E.00423
G1 X111.767 Y137.275 E.00389
G1 X111.984 Y136.857 E.00508
G1 X112.089 Y136.5 E.00401
G1 X112.124 Y136.03 E.00508
G1 X112.083 Y135.661 E.00401
G1 X112.074 Y135.636 E.00028
; stop printing object separador_timon.stl id:1 copy 0
; end of layer_num: 49, T: 0, print_z: 9.840000
;LAYER_CHANGE
;Z:10.04
;HEIGHT:0.2
; BEFORE_LAYER_CHANGE 49 @ 10.04mm
G92 E0
; AFTER_LAYER_CHANGE 49 @ 10.04mm
; start of layer_num: 50, T: 0, print_z: 10.040000
; printing object "separador_timon.stl" id:0 copy 0
G1 E-.8 F3600
G1 X107.435 Y108.906 Z10.04 F18000
G1 E.8 F3600
M204 S1000
;TYPE:Outer wall
;WIDTH:0.42
G1 F1200
G1 X107.444 Y108.883 E.00075
G1 X107.572 Y108.626 E.00883
G1 X107.726 Y108.384 E.00882
G1 X107.905 Y108.158 E.00883
G1 X108.105 Y107.953 E.00883
G1 X108.326 Y107.769 E.00883
G1 X108.564 Y107.608 E.00883
G1 X108.817 Y107.473 E.00883
G1 X109.083 Y107.365 E.00883
G1 X109.359 Y107.285 E.00883
G1 X109.639 Y107.234 E.00872
G1 X110.1 Y107.213 E.0142
G1 X110.358 Y107.233 E.00795
G1 X110.641 Y107.285 E.00883
G1 X110.917 Y107.365 E.00883
G1 X111.183 Y107.473 E.00883
G1 X111.436 Y107.608 E.00883
G1 X111.674 Y107.769 E.00883
G1 X111.895 Y107.953 E.00883
G1 X112.095 Y108.158 E.00883
G1 X112.274 Y108.384 E.00883
G1 X112.428 Y108.626 E.00883
G1 X112.556 Y108.883 E.00883
G1 X112.658 Y109.152 E.00883
G1 X112.731 Y109.429 E.00883
G1 X112.775 Y109.71 E.00874
G1 X112.786 Y110.143 E.0133
G1 X112.724 Y110.598 E.01412
G1 X112.658 Y110.848 E.00795
G1 X112.556 Y111.117 E.00883
G1 X112.428 Y111.374 E.00883
G1 X112.274 Y111.616 E.00882
G1 X112.095 Y111.842 E.00883
G1 X111.897 Y112.045 E.00874
G1 X111.555 Y112.316 E.0134
G1 X111.311 Y112.462 E.00874
G1 X111.051 Y112.584 E.00883
G1 X110.78 Y112.679 E.00883
G1 X110.5 Y112.745 E.00883
G1 X110.215 Y112.781 E.00883
G1 X109.928 Y112.789 E.00883
G1 X109.642 Y112.767 E.00883
G1 X109.359 Y112.715 E.00883
G1 X109.083 Y112.635 E.00883
G1 X108.817 Y112.527 E.00883
G1 X108.564 Y112.392 E.00883
G1 X108.326 Y112.231 E.00883
G1 X108.105 Y112.047 E.00883
G1 X107.905 Y111.842 E.00882
G1 X107.726 Y111.616 E.00883
G1 X107.572 Y111.374 E.00882
G1 X107.444 Y111.117 E.00883
G1 X107.342 Y110.848 E.00883
G1 X107.269 Y110.571 E.00883
G1 X107.225 Y110.29 E.00874
G1 X107.214 Y109.857 E.0133
G1 X107.276 Y109.402 E.01412
G1 X107.342 Y109.152 E.00795
G1 X107.428 Y108.924 E.00747
M204 S2000
G1 X107.803 Y109.04 F18000
M204 S1500
;TYPE:Inner wall
;WIDTH:0.45
G1 F1200
G1 X107.914 Y108.819 E.00819
G1 X108.046 Y108.611 E.00819
G1 X108.199 Y108.418 E.00819
G1 X108.372 Y108.241 E.00819
G1 X108.561 Y108.083 E.00819
G1 X108.766 Y107.945 E.00819
G1 X108.984 Y107.829 E.00819
G1 X109.212 Y107.736 E.00819
G1 X109.449 Y107.667 E.00819
G1 X109.683 Y107.624 E.00787
G1 X110.094 Y107.606 E.01364
G1 X110.307 Y107.623 E.00711
G1 X110.551 Y107.667 E.00821
G1 X110.788 Y107.736 E.00819
G1 X111.016 Y107.829 E.00819
G1 X111.234 Y107.945 E.00819
G1 X111.439 Y108.083 E.00819
G1 X111.628 Y108.241 E.00819
G1 X111.801 Y108.418 E.00819
G1 X111.954 Y108.611 E.00819
G1 X112.086 Y108.819 E.00819
G1 X112.197 Y109.04 E.00819
G1 X112.284 Y109.271 E.00819
G1 X112.346 Y109.51 E.00819
G1 X112.383 Y109.746 E.00793
G1 X112.393 Y110.122 E.01247
G1 X112.339 Y110.521 E.01338
G1 X112.197 Y110.96 E.0153
G1 X112.086 Y111.181 E.00819
G1 X111.954 Y111.389 E.00819
G1 X111.801 Y111.582 E.00819
G1 X111.634 Y111.754 E.00793
G1 X111.332 Y111.993 E.01279
G1 X111.127 Y112.116 E.00793
G1 X110.903 Y112.221 E.00819
G1 X110.67 Y112.302 E.00819
G1 X110.43 Y112.358 E.00819
G1 X110.185 Y112.39 E.00819
G1 X109.938 Y112.396 E.00819
G1 X109.692 Y112.377 E.00819
G1 X109.449 Y112.333 E.00819
G1 X109.212 Y112.264 E.00819
G1 X108.984 Y112.171 E.00819
G1 X108.766 Y112.055 E.00819
G1 X108.561 Y111.917 E.00819
G1 X108.372 Y111.759 E.00819
G1 X108.199 Y111.582 E.00819
G1 X108.046 Y111.389 E.00819
G1 X107.914 Y111.181 E.00819
G1 X107.803 Y110.96 E.00819
G1 X107.716 Y110.729 E.00819
G1 X107.654 Y110.49 E.00819
G1 X107.617 Y110.254 E.00793
G1 X107.607 Y109.878 E.01247
G1 X107.661 Y109.479 E.01338
G1 X107.797 Y109.059 E.01463
M204 S2000
G1 E-.8 F3600
G1 X111.418 Y109.662 F18000
G1 E.8 F3600
M204 S1000
;TYPE:Outer wall
;WIDTH:0.42
G1 F1200
G1 X111.414 Y109.636 E.00081
G1 X111.323 Y109.379 E.00838
G1 X111.142 Y109.089 E.01048
G1 X110.978 Y108.915 E.00736
G1 X110.73 Y108.735 E.00942
G1 X110.486 Y108.622 E.00825
G1 X110.257 Y108.562 E.00728
G1 X109.951 Y108.541 E.00942
G1 X109.685 Y108.574 E.00825
G1 X109.458 Y108.643 E.00728
G1 X109.187 Y108.787 E.00942
G1 X108.979 Y108.956 E.00825
G1 X108.822 Y109.135 E.00731
G1 X108.655 Y109.43 E.01043
G1 X108.579 Y109.659 E.00739
G1 X108.539 Y109.999 E.01053
G1 X108.573 Y110.308 E.00955
G1 X108.654 Y110.568 E.00838
G1 X108.822 Y110.865 E.01048
G1 X108.98 Y111.046 E.00739
G1 X109.249 Y111.253 E.01043
G1 X109.461 Y111.358 E.00726
G1 X109.687 Y111.427 E.00726
G1 X110.025 Y111.461 E.01043
G1 X110.264 Y111.437 E.00739
G1 X110.589 Y111.337 E.01043
G1 X110.8 Y111.222 E.00739
G1 X111.064 Y111.002 E.01056
G1 X111.268 Y110.726 E.01056
G1 X111.37 Y110.508 E.00739
G1 X111.45 Y110.178 E.01043
G1 X111.46 Y109.939 E.00736
G1 X111.421 Y109.681 E.00799
M204 S2000
G1 X111.801 Y109.572 F18000
M204 S1500
;TYPE:Inner wall
;WIDTH:0.45
G1 F1200
G1 X111.796 Y109.54 E.00108
G1 X111.678 Y109.207 E.0117
G1 X111.454 Y108.849 E.01402
G1 X111.238 Y108.619 E.01048
G1 X110.929 Y108.395 E.01266
G1 X110.62 Y108.252 E.0113
G1 X110.321 Y108.173 E.01024
G1 X109.94 Y108.147 E.01266
G1 X109.602 Y108.189 E.0113
G1 X109.307 Y108.279 E.01024
G1 X108.97 Y108.458 E.01266
G1 X108.705 Y108.672 E.0113
G1 X108.501 Y108.907 E.01034
G1 X108.294 Y109.271 E.01385
G1 X108.195 Y109.573 E.01057
G1 X108.144 Y109.997 E.01416
G1 X108.187 Y110.388 E.01306
G1 X108.292 Y110.725 E.0117
G1 X108.501 Y111.093 E.01402
G1 X108.71 Y111.333 E.01057
G1 X109.041 Y111.588 E.01385
G1 X109.316 Y111.723 E.01017
G1 X109.609 Y111.813 E.01017
G1 X110.025 Y111.855 E.01385
G1 X110.342 Y111.823 E.01057
G1 X110.741 Y111.7 E.01385
G1 X111.021 Y111.548 E.01057
G1 X111.351 Y111.273 E.01426
G1 X111.607 Y110.927 E.01426
G1 X111.742 Y110.639 E.01057
G1 X111.84 Y110.233 E.01385
G1 X111.853 Y109.917 E.01048
G1 X111.804 Y109.592 E.01091
G1 E-.8 F3600
M204 S2000
G1 X112.066 Y109.552 F18000
G1 E.8 F3600
;TYPE:Gap infill
;WIDTH:0.176431
G1 F1200
G1 X112.054 Y109.469 E.00091
G1 X111.914 Y109.086 E.00443
G1 X111.662 Y108.681 E.00519
G1 X111.418 Y108.423 E.00387
G1 X111.068 Y108.169 E.0047
G1 X110.715 Y108.004 E.00424
G1 X110.359 Y107.906 E.00402
G1 X109.939 Y107.88 E.00458
G1 X109.552 Y107.927 E.00424
G1 X109.21 Y108.03 E.00388
G1 X108.828 Y108.232 E.0047
G1 X108.523 Y108.475 E.00424
G1 X108.268 Y108.769 E.00423
G1 X108.05 Y109.155 E.00483
G1 X107.927 Y109.534 E.00433
G1 X107.877 Y109.989 E.00498
G1 X107.925 Y110.437 E.00491
G1 X108.046 Y110.825 E.00442
G1 X108.155 Y111.044 E.00266
G1 X108.281 Y111.241 E.00254
G1 X108.523 Y111.522 E.00404
G1 X108.728 Y111.696 E.00291
G1 X108.895 Y111.81 E.00221
G1 X109.221 Y111.976 E.00398
G1 X109.563 Y112.075 E.00387
G1 X110.031 Y112.121 E.00512
G1 X110.4 Y112.082 E.00404
G1 X110.592 Y112.035 E.00215
G1 X110.85 Y111.943 E.00297
G1 X111.177 Y111.77 E.00403
G1 X111.54 Y111.461 E.00518
G1 X111.728 Y111.228 E.00325
G1 X111.832 Y111.068 E.00208
G1 X111.991 Y110.733 E.00404
G1 X112.104 Y110.276 E.00512
G1 X112.12 Y109.908 E.004
G1 X112.069 Y109.572 E.0037
; stop printing object separador_timon.stl id:0 copy 0
; printing object "separador_timon.stl" id:1 copy 0
G1 E-.8 F3600
G1 X107.44 Y134.997 F18000
G1 E.8 F3600
M204 S1000
;TYPE:Outer wall
;WIDTH:0.42
G1 F1200
G1 X107.448 Y134.974 E.00075
G1 X107.577 Y134.717 E.00883
G1 X107.731 Y134.475 E.00882
G1 X107.909 Y134.25 E.00883
G1 X108.109 Y134.044 E.00883
G1 X108.33 Y133.86 E.00883
G1 X108.568 Y133.7 E.00883
G1 X108.822 Y133.565 E.00883
G1 X109.088 Y133.456 E.00883
G1 X109.364 Y133.376 E.00883
G1 X109.643 Y133.325 E.00872
G1 X110.105 Y133.304 E.0142
G1 X110.362 Y133.325 E.00795
G1 X110.645 Y133.376 E.00883
G1 X110.921 Y133.456 E.00883
G1 X111.187 Y133.565 E.00883
G1 X111.44 Y133.7 E.00883
G1 X111.679 Y133.86 E.00883
G1 X111.899 Y134.044 E.00883
G1 X112.1 Y134.25 E.00883
G1 X112.278 Y134.475 E.00883
G1 X112.432 Y134.717 E.00883
G1 X112.561 Y134.974 E.00883
G1 X112.662 Y135.243 E.00883
G1 X112.735 Y135.521 E.00883
G1 X112.779 Y135.802 E.00874
G1 X112.79 Y136.234 E.0133
G1 X112.729 Y136.69 E.01412
G1 X112.662 Y136.939 E.00795
G1 X112.561 Y137.208 E.00883
G1 X112.432 Y137.465 E.00883
G1 X112.278 Y137.708 E.00882
G1 X112.1 Y137.933 E.00883
G1 X111.901 Y138.137 E.00874
G1 X111.559 Y138.407 E.0134
G1 X111.315 Y138.554 E.00874
G1 X111.055 Y138.675 E.00883
G1 X110.784 Y138.77 E.00883
G1 X110.505 Y138.836 E.00883
G1 X110.22 Y138.873 E.00883
G1 X109.933 Y138.88 E.00883
G1 X109.646 Y138.858 E.00883
G1 X109.364 Y138.806 E.00883
G1 X109.088 Y138.726 E.00883
G1 X108.822 Y138.618 E.00883
G1 X108.568 Y138.483 E.00883
G1 X108.33 Y138.323 E.00883
G1 X108.109 Y138.139 E.00883
G1 X107.909 Y137.933 E.00882
G1 X107.731 Y137.708 E.00883
G1 X107.577 Y137.465 E.00882
G1 X107.448 Y137.208 E.00883
G1 X107.347 Y136.94 E.00883
G1 X107.274 Y136.662 E.00883
G1 X107.23 Y136.381 E.00874
G1 X107.219 Y135.948 E.0133
G1 X107.28 Y135.493 E.01412
G1 X107.347 Y135.243 E.00795
G1 X107.432 Y135.016 E.00747
M204 S2000
G1 X107.808 Y135.131 F18000
M204 S1500
;TYPE:Inner wall
;WIDTH:0.45
G1 F1200
G1 X107.918 Y134.911 E.00819
G1 X108.051 Y134.702 E.00819
G1 X108.204 Y134.509 E.00819
G1 X108.376 Y134.332 E.00819
G1 X108.566 Y134.174 E.00819
G1 X108.77 Y134.036 E.00819
G1 X108.988 Y133.92 E.00819
G1 X109.217 Y133.827 E.00819
G1 X109.454 Y133.758 E.00819
G1 X109.687 Y133.716 E.00787
G1 X110.098 Y133.697 E.01364
G1 X110.311 Y133.714 E.00711
G1 X110.555 Y133.758 E.00821
G1 X110.792 Y133.827 E.00819
G1 X111.021 Y133.92 E.00819
G1 X111.238 Y134.036 E.00819
G1 X111.443 Y134.174 E.00819
G1 X111.633 Y134.332 E.00819
G1 X111.805 Y134.509 E.00819
G1 X111.958 Y134.702 E.00819
G1 X112.091 Y134.911 E.00819
G1 X112.201 Y135.131 E.00819
G1 X112.288 Y135.362 E.00819
G1 X112.351 Y135.601 E.00819
G1 X112.388 Y135.837 E.00793
G1 X112.397 Y136.213 E.01247
G1 X112.343 Y136.613 E.01338
G1 X112.201 Y137.051 E.0153
G1 X112.091 Y137.272 E.00819
G1 X111.958 Y137.48 E.00819
G1 X111.805 Y137.674 E.00819
G1 X111.638 Y137.845 E.00793
G1 X111.336 Y138.084 E.01279
G1 X111.131 Y138.207 E.00793
G1 X110.907 Y138.312 E.00819
G1 X110.674 Y138.393 E.00819
G1 X110.434 Y138.45 E.00819
G1 X110.189 Y138.481 E.00819
G1 X109.943 Y138.488 E.00819
G1 X109.697 Y138.469 E.00819
G1 X109.454 Y138.424 E.00819
G1 X109.217 Y138.355 E.00819
G1 X108.988 Y138.262 E.00819
G1 X108.77 Y138.146 E.00819
G1 X108.566 Y138.009 E.00819
G1 X108.376 Y137.85 E.00819
G1 X108.204 Y137.674 E.00819
G1 X108.051 Y137.48 E.00819
G1 X107.918 Y137.272 E.00819
G1 X107.808 Y137.051 E.00819
G1 X107.721 Y136.82 E.00819
G1 X107.658 Y136.582 E.00819
G1 X107.621 Y136.345 E.00793
G1 X107.611 Y135.97 E.01247
G1 X107.665 Y135.57 E.01338
G1 X107.802 Y135.15 E.01463
M204 S2000
G1 E-.8 F3600
G1 X111.422 Y135.753 F18000
G1 E.8 F3600
M204 S1000
;TYPE:Outer wall
;WIDTH:0.42
G1 F1200
G1 X111.418 Y135.727 E.00081
G1 X111.327 Y135.47 E.00838
G1 X111.147 Y135.18 E.01048
G1 X110.982 Y135.006 E.00736
G1 X110.734 Y134.826 E.00942
G1 X110.49 Y134.714 E.00825
G1 X110.261 Y134.653 E.00728
G1 X109.955 Y134.632 E.00942
G1 X109.689 Y134.665 E.00825
G1 X109.463 Y134.735 E.00728
G1 X109.192 Y134.878 E.00942
G1 X108.983 Y135.047 E.00825
G1 X108.827 Y135.227 E.00731
G1 X108.659 Y135.522 E.01043
G1 X108.584 Y135.75 E.00739
G1 X108.543 Y136.09 E.01053
G1 X108.577 Y136.399 E.00955
G1 X108.658 Y136.659 E.00838
G1 X108.827 Y136.956 E.01048
G1 X108.985 Y137.138 E.00739
G1 X109.254 Y137.345 E.01043
G1 X109.466 Y137.449 E.00726
G1 X109.691 Y137.518 E.00726
G1 X110.029 Y137.552 E.01043
G1 X110.269 Y137.528 E.00739
G1 X110.593 Y137.428 E.01043
G1 X110.804 Y137.314 E.00739
G1 X111.068 Y137.093 E.01056
G1 X111.272 Y136.817 E.01056
G1 X111.374 Y136.599 E.00739
G1 X111.454 Y136.269 E.01043
G1 X111.464 Y136.03 E.00736
G1 X111.425 Y135.773 E.00799
M204 S2000
G1 X111.805 Y135.663 F18000
M204 S1500
;TYPE:Inner wall
;WIDTH:0.45
G1 F1200
G1 X111.8 Y135.631 E.00108
G1 X111.682 Y135.299 E.0117
G1 X111.459 Y134.94 E.01402
G1 X111.242 Y134.71 E.01048
G1 X110.933 Y134.487 E.01266
G1 X110.624 Y134.343 E.0113
G1 X110.325 Y134.265 E.01024
G1 X109.945 Y134.238 E.01266
G1 X109.607 Y134.28 E.0113
G1 X109.312 Y134.371 E.01024
G1 X108.975 Y134.55 E.01266
G1 X108.71 Y134.764 E.0113
G1 X108.505 Y134.999 E.01034
G1 X108.299 Y135.362 E.01385
G1 X108.199 Y135.665 E.01057
G1 X108.148 Y136.088 E.01416
G1 X108.192 Y136.48 E.01306
G1 X108.296 Y136.816 E.0117
G1 X108.505 Y137.184 E.01402
G1 X108.714 Y137.424 E.01057
G1 X109.045 Y137.679 E.01385
G1 X109.321 Y137.815 E.01017
G1 X109.614 Y137.905 E.01017
G1 X110.029 Y137.946 E.01385
G1 X110.346 Y137.914 E.01057
G1 X110.746 Y137.792 E.01385
G1 X111.026 Y137.64 E.01057
G1 X111.356 Y137.364 E.01426
G1 X111.611 Y137.019 E.01426
G1 X111.746 Y136.73 E.01057
G1 X111.845 Y136.324 E.01385
G1 X111.857 Y136.008 E.01048
G1 X111.808 Y135.683 E.01091
M204 S2000
G1 X112.071 Y135.643 F18000
;TYPE:Gap infill
;WIDTH:0.176431
G1 F1200
G1 X112.058 Y135.56 E.00091
G1 X111.919 Y135.177 E.00443
G1 X111.667 Y134.772 E.00519
G1 X111.422 Y134.514 E.00387
G1 X111.073 Y134.26 E.0047
G1 X110.719 Y134.095 E.00424
G1 X110.363 Y133.997 E.00402
G1 X109.944 Y133.971 E.00458
G1 X109.556 Y134.019 E.00424
G1 X109.215 Y134.122 E.00388
G1 X108.832 Y134.323 E.0047
G1 X108.527 Y134.566 E.00424
G1 X108.272 Y134.86 E.00423
G1 X108.054 Y135.246 E.00483
G1 X107.931 Y135.625 E.00433
G1 X107.881 Y136.08 E.00498
G1 X107.93 Y136.528 E.00491
G1 X108.05 Y136.916 E.00442
G1 X108.16 Y137.135 E.00266
G1 X108.285 Y137.332 E.00254
G1 X108.528 Y137.614 E.00404
G1 X108.732 Y137.787 E.00291
G1 X108.9 Y137.901 E.00221
G1 X109.226 Y138.068 E.00398
G1 X109.567 Y138.166 E.00387
G1 X110.035 Y138.212 E.00512
G1 X110.405 Y138.174 E.00404
G1 X110.597 Y138.127 E.00215
G1 X110.854 Y138.034 E.00297
G1 X111.182 Y137.861 E.00403
G1 X111.544 Y137.552 E.00518
G1 X111.732 Y137.32 E.00325
G1 X111.836 Y137.16 E.00208
G1 X111.996 Y136.824 E.00404
G1 X112.108 Y136.367 E.00512
G1 X112.125 Y136 E.004
G1 X112.074 Y135.663 E.0037
; stop printing object separador_timon.stl id:1 copy 0
; end of layer_num: 50, T: 0, print_z: 10.040000
;LAYER_CHANGE
;Z:10.24
;HEIGHT:0.2
; BEFORE_LAYER_CHANGE 50 @ 10.24mm
G92 E0
; AFTER_LAYER_CHANGE 50 @ 10.24mm
; start of layer_num: 51, T: 0, print_z: 10.240000
; printing object "separador_timon.stl" id:0 copy 0
G1 E-.8 F3600
G1 X107.433 Y108.91 Z10.24 F18000
G1 E.8 F3600
M204 S1000
;TYPE:Outer wall
;WIDTH:0.42
G1 F1200
G1 X107.444 Y108.883 E.0009
G1 X107.572 Y108.626 E.00883
G1 X107.726 Y108.384 E.00883
G1 X107.905 Y108.158 E.00883
G1 X108.105 Y107.953 E.00883
G1 X108.326 Y107.769 E.00883
G1 X108.564 Y107.608 E.00883
G1 X108.817 Y107.473 E.00883
G1 X109.083 Y107.365 E.00883
G1 X109.359 Y107.285 E.00883
G1 X109.639 Y107.234 E.00873
G1 X110.098 Y107.213 E.01412
G1 X110.358 Y107.233 E.00802
G1 X110.641 Y107.285 E.00883
G1 X110.917 Y107.365 E.00883
G1 X111.183 Y107.473 E.00883
G1 X111.436 Y107.608 E.00882
G1 X111.674 Y107.769 E.00883
G1 X111.895 Y107.953 E.00883
G1 X112.095 Y108.158 E.00883
G1 X112.274 Y108.384 E.00883
G1 X112.428 Y108.626 E.00883
G1 X112.556 Y108.883 E.00883
G1 X112.656 Y109.149 E.00873
G1 X112.76 Y109.596 E.01412
G1 X112.786 Y109.856 E.00802
G1 X112.786 Y110.141 E.00875
G1 X112.73 Y110.573 E.0134
G1 X112.658 Y110.848 E.00874
G1 X112.556 Y111.117 E.00883
G1 X112.428 Y111.374 E.00883
G1 X112.274 Y111.616 E.00883
G1 X112.095 Y111.842 E.00883
G1 X111.897 Y112.045 E.00873
G1 X111.535 Y112.328 E.01412
G1 X111.311 Y112.462 E.00802
G1 X111.051 Y112.584 E.00883
G1 X110.78 Y112.679 E.00883
G1 X110.5 Y112.745 E.00883
G1 X110.215 Y112.781 E.00882
G1 X109.928 Y112.789 E.00883
G1 X109.642 Y112.767 E.00883
G1 X109.359 Y112.715 E.00883
G1 X109.083 Y112.635 E.00883
G1 X108.817 Y112.527 E.00883
G1 X108.564 Y112.392 E.00883
G1 X108.326 Y112.231 E.00883
G1 X108.105 Y112.047 E.00883
G1 X107.905 Y111.842 E.00883
G1 X107.726 Y111.616 E.00883
G1 X107.572 Y111.374 E.00883
G1 X107.444 Y111.117 E.00883
G1 X107.344 Y110.851 E.00873
G1 X107.24 Y110.404 E.01412
G1 X107.214 Y110.144 E.00802
G1 X107.214 Y109.859 E.00875
G1 X107.27 Y109.427 E.0134
G1 X107.342 Y109.152 E.00874
G1 X107.426 Y108.929 E.00731
M204 S2000
G1 X107.8 Y109.049 F18000
M204 S1500
;TYPE:Inner wall
;WIDTH:0.45
G1 F1200
G1 X107.803 Y109.04 E.0003
G1 X107.914 Y108.819 E.00819
G1 X108.046 Y108.611 E.00819
G1 X108.199 Y108.418 E.00819
G1 X108.372 Y108.241 E.00819
G1 X108.561 Y108.083 E.00819
G1 X108.766 Y107.945 E.00819
G1 X108.984 Y107.829 E.00819
G1 X109.212 Y107.736 E.00819
G1 X109.449 Y107.667 E.00819
G1 X109.683 Y107.624 E.00788
G1 X110.091 Y107.605 E.01355
G1 X110.307 Y107.623 E.00719
G1 X110.551 Y107.667 E.00821
G1 X110.788 Y107.736 E.00819
G1 X111.016 Y107.829 E.00819
G1 X111.234 Y107.945 E.00819
G1 X111.439 Y108.083 E.00819
G1 X111.628 Y108.241 E.00819
G1 X111.801 Y108.418 E.00819
G1 X111.954 Y108.611 E.00819
G1 X112.086 Y108.819 E.00819
G1 X112.197 Y109.04 E.00819
G1 X112.28 Y109.262 E.00788
G1 X112.372 Y109.66 E.01355
G1 X112.394 Y110.116 E.01512
G1 X112.344 Y110.498 E.01279
G1 X112.284 Y110.729 E.00793
G1 X112.197 Y110.96 E.00819
G1 X112.086 Y111.181 E.00819
G1 X111.954 Y111.389 E.00819
G1 X111.801 Y111.582 E.00819
G1 X111.635 Y111.753 E.00788
G1 X111.313 Y112.005 E.01355
G1 X111.127 Y112.116 E.00719
G1 X110.903 Y112.221 E.00821
G1 X110.67 Y112.302 E.00819
G1 X110.43 Y112.358 E.00819
G1 X110.185 Y112.39 E.00819
G1 X109.938 Y112.396 E.00819
G1 X109.692 Y112.377 E.00819
G1 X109.449 Y112.333 E.00819
G1 X109.212 Y112.264 E.00819
G1 X108.984 Y112.171 E.00819
G1 X108.766 Y112.055 E.00819
G1 X108.561 Y111.917 E.00819
G1 X108.372 Y111.759 E.00819
G1 X108.199 Y111.582 E.00819
G1 X108.046 Y111.389 E.00819
G1 X107.914 Y111.181 E.00819
G1 X107.803 Y110.96 E.00819
G1 X107.72 Y110.738 E.00788
G1 X107.628 Y110.34 E.01355
G1 X107.606 Y109.884 E.01512
G1 X107.656 Y109.502 E.01279
G1 X107.716 Y109.271 E.00793
G1 X107.793 Y109.067 E.00722
M204 S2000
G1 E-.8 F3600
G1 X111.417 Y109.659 F18000
G1 E.8 F3600
M204 S1000
;TYPE:Outer wall
;WIDTH:0.42
G1 F1200
G1 X111.414 Y109.634 E.00078
G1 X111.323 Y109.38 E.0083
G1 X111.162 Y109.115 E.00951
G1 X110.982 Y108.918 E.0082
G1 X110.793 Y108.773 E.00731
G1 X110.488 Y108.623 E.01043
G1 X110.257 Y108.562 E.00736
G1 X109.95 Y108.541 E.00946
G1 X109.685 Y108.574 E.0082
G1 X109.458 Y108.643 E.00728
G1 X109.186 Y108.788 E.00946
G1 X108.976 Y108.958 E.0083
G1 X108.78 Y109.198 E.00951
G1 X108.652 Y109.436 E.0083
G1 X108.565 Y109.733 E.00951
G1 X108.539 Y110.003 E.00833
G1 X108.579 Y110.341 E.01048
G1 X108.655 Y110.57 E.00739
G1 X108.822 Y110.865 E.01043
G1 X108.977 Y111.043 E.00726
G1 X109.159 Y111.195 E.00726
G1 X109.457 Y111.356 E.01043
G1 X109.687 Y111.427 E.00739
G1 X110.029 Y111.461 E.01056
G1 X110.369 Y111.414 E.01056
G1 X110.592 Y111.335 E.00726
G1 X110.8 Y111.222 E.00726
G1 X111.061 Y111.005 E.01043
G1 X111.211 Y110.817 E.00739
G1 X111.367 Y110.516 E.01043
G1 X111.433 Y110.284 E.00739
G1 X111.46 Y109.943 E.01053
G1 X111.42 Y109.679 E.0082
M204 S2000
G1 X111.8 Y109.57 F18000
M204 S1500
;TYPE:Inner wall
;WIDTH:0.45
G1 F1200
G1 X111.796 Y109.538 E.00108
G1 X111.679 Y109.21 E.01156
G1 X111.477 Y108.879 E.01287
G1 X111.248 Y108.628 E.01125
G1 X111.001 Y108.438 E.01033
G1 X110.626 Y108.254 E.01385
G1 X110.321 Y108.173 E.01048
G1 X109.939 Y108.147 E.01271
G1 X109.602 Y108.189 E.01125
G1 X109.307 Y108.28 E.01024
G1 X108.969 Y108.459 E.01271
G1 X108.698 Y108.678 E.01156
G1 X108.453 Y108.979 E.01287
G1 X108.288 Y109.286 E.01156
G1 X108.178 Y109.658 E.01287
G1 X108.144 Y110.007 E.01165
G1 X108.195 Y110.427 E.01401
G1 X108.294 Y110.729 E.01057
G1 X108.501 Y111.093 E.01385
G1 X108.702 Y111.324 E.01017
G1 X108.937 Y111.521 E.01017
G1 X109.305 Y111.72 E.01385
G1 X109.609 Y111.813 E.01057
G1 X110.037 Y111.856 E.01426
G1 X110.463 Y111.796 E.01426
G1 X110.752 Y111.695 E.01017
G1 X111.021 Y111.548 E.01017
G1 X111.342 Y111.281 E.01385
G1 X111.541 Y111.032 E.01057
G1 X111.733 Y110.661 E.01385
G1 X111.821 Y110.355 E.01057
G1 X111.855 Y109.929 E.01417
G1 X111.803 Y109.59 E.01137
G1 E-.8 F3600
M204 S2000
G1 X112.066 Y109.552 F18000
G1 E.8 F3600
;TYPE:Gap infill
;WIDTH:0.175385
G1 F1200
G1 X112.054 Y109.467 E.00093
G1 X111.916 Y109.09 E.00434
G1 X111.686 Y108.714 E.00475
G1 X111.432 Y108.436 E.00406
G1 X111.137 Y108.209 E.00402
G1 X110.725 Y108.007 E.00495
G1 X110.359 Y107.906 E.00411
G1 X109.937 Y107.88 E.00456
G1 X109.552 Y107.927 E.00419
G1 X109.21 Y108.03 E.00385
G1 X108.826 Y108.233 E.00469
G1 X108.513 Y108.484 E.00433
G1 X108.233 Y108.824 E.00477
G1 X108.041 Y109.177 E.00433
G1 X107.914 Y109.6 E.00477
G1 X107.877 Y110.004 E.00437
G1 X107.933 Y110.479 E.00516
G1 X108.049 Y110.832 E.00401
G1 X108.155 Y111.044 E.00256
G1 X108.281 Y111.241 E.00252
G1 X108.512 Y111.511 E.00384
G1 X108.782 Y111.739 E.00381
G1 X109.206 Y111.971 E.00522
G1 X109.563 Y112.075 E.00401
G1 X110.05 Y112.122 E.00528
G1 X110.532 Y112.056 E.00526
G1 X110.864 Y111.936 E.00381
G1 X111.168 Y111.776 E.0037
G1 X111.528 Y111.472 E.00509
G1 X111.763 Y111.184 E.00401
G1 X111.979 Y110.766 E.00508
G1 X112.085 Y110.409 E.00401
G1 X112.121 Y109.927 E.00522
G1 X112.069 Y109.572 E.00387
; stop printing object separador_timon.stl id:0 copy 0
; printing object "separador_timon.stl" id:1 copy 0
G1 E-.8 F3600
G1 X107.438 Y135.002 F18000
G1 E.8 F3600
M204 S1000
;TYPE:Outer wall
;WIDTH:0.42
G1 F1200
G1 X107.448 Y134.974 E.0009
G1 X107.577 Y134.717 E.00883
G1 X107.731 Y134.475 E.00883
G1 X107.909 Y134.25 E.00883
G1 X108.109 Y134.044 E.00883
G1 X108.33 Y133.86 E.00883
G1 X108.568 Y133.7 E.00883
G1 X108.822 Y133.565 E.00883
G1 X109.088 Y133.456 E.00883
G1 X109.364 Y133.376 E.00883
G1 X109.643 Y133.325 E.00873
G1 X110.102 Y133.304 E.01412
G1 X110.362 Y133.325 E.00802
G1 X110.645 Y133.376 E.00883
G1 X110.921 Y133.456 E.00883
G1 X111.187 Y133.565 E.00883
G1 X111.441 Y133.7 E.00882
G1 X111.679 Y133.86 E.00883
G1 X111.899 Y134.044 E.00883
G1 X112.1 Y134.25 E.00883
G1 X112.278 Y134.475 E.00883
G1 X112.432 Y134.717 E.00883
G1 X112.561 Y134.974 E.00883
G1 X112.661 Y135.24 E.00873
G1 X112.764 Y135.688 E.01412
G1 X112.79 Y135.947 E.00802
G1 X112.79 Y136.232 E.00875
G1 X112.734 Y136.665 E.0134
G1 X112.662 Y136.94 E.00874
G1 X112.561 Y137.208 E.00883
G1 X112.432 Y137.465 E.00883
G1 X112.278 Y137.708 E.00883
G1 X112.1 Y137.933 E.00883
G1 X111.902 Y138.136 E.00873
G1 X111.54 Y138.42 E.01412
G1 X111.316 Y138.554 E.00802
G1 X111.055 Y138.675 E.00883
G1 X110.784 Y138.77 E.00883
G1 X110.505 Y138.836 E.00883
G1 X110.22 Y138.873 E.00882
G1 X109.933 Y138.88 E.00883
G1 X109.646 Y138.858 E.00883
G1 X109.364 Y138.806 E.00883
G1 X109.088 Y138.726 E.00883
G1 X108.822 Y138.618 E.00883
G1 X108.568 Y138.483 E.00883
G1 X108.33 Y138.323 E.00883
G1 X108.109 Y138.139 E.00883
G1 X107.909 Y137.933 E.00883
G1 X107.731 Y137.708 E.00883
G1 X107.577 Y137.465 E.00883
G1 X107.448 Y137.208 E.00883
G1 X107.348 Y136.943 E.00873
G1 X107.245 Y136.495 E.01412
G1 X107.218 Y136.235 E.00802
G1 X107.218 Y135.95 E.00875
G1 X107.274 Y135.518 E.0134
G1 X107.347 Y135.243 E.00874
G1 X107.431 Y135.02 E.00731
M204 S2000
G1 X107.805 Y135.14 F18000
M204 S1500
;TYPE:Inner wall
;WIDTH:0.45
G1 F1200
G1 X107.808 Y135.131 E.0003
G1 X107.918 Y134.911 E.00819
G1 X108.051 Y134.702 E.00819
G1 X108.204 Y134.509 E.00819
G1 X108.376 Y134.332 E.00819
G1 X108.566 Y134.174 E.00819
G1 X108.77 Y134.036 E.00819
G1 X108.988 Y133.92 E.00819
G1 X109.217 Y133.827 E.00819
G1 X109.454 Y133.758 E.00819
G1 X109.687 Y133.716 E.00788
G1 X110.096 Y133.697 E.01355
G1 X110.312 Y133.714 E.00719
G1 X110.555 Y133.758 E.00821
G1 X110.792 Y133.827 E.00819
G1 X111.021 Y133.92 E.00819
G1 X111.238 Y134.036 E.00819
G1 X111.443 Y134.174 E.00819
G1 X111.633 Y134.332 E.00819
G1 X111.805 Y134.509 E.00819
G1 X111.958 Y134.702 E.00819
G1 X112.091 Y134.911 E.00819
G1 X112.201 Y135.131 E.00819
G1 X112.285 Y135.354 E.00788
G1 X112.377 Y135.752 E.01355
G1 X112.398 Y136.207 E.01512
G1 X112.349 Y136.589 E.01279
G1 X112.288 Y136.82 E.00793
G1 X112.201 Y137.051 E.00819
G1 X112.091 Y137.272 E.00819
G1 X111.958 Y137.48 E.00819
G1 X111.805 Y137.674 E.00819
G1 X111.639 Y137.844 E.00788
G1 X111.318 Y138.096 E.01355
G1 X111.132 Y138.207 E.00719
G1 X110.907 Y138.312 E.00821
G1 X110.674 Y138.393 E.00819
G1 X110.434 Y138.45 E.00819
G1 X110.189 Y138.481 E.00819
G1 X109.943 Y138.488 E.00819
G1 X109.697 Y138.469 E.00819
G1 X109.454 Y138.424 E.00819
G1 X109.217 Y138.355 E.00819
G1 X108.988 Y138.262 E.00819
G1 X108.77 Y138.146 E.00819
G1 X108.566 Y138.009 E.00819
G1 X108.376 Y137.85 E.00819
G1 X108.204 Y137.674 E.00819
G1 X108.051 Y137.48 E.00819
G1 X107.918 Y137.272 E.00819
G1 X107.808 Y137.051 E.00819
G1 X107.724 Y136.829 E.00788
G1 X107.632 Y136.431 E.01355
G1 X107.61 Y135.976 E.01512
G1 X107.66 Y135.593 E.01279
G1 X107.721 Y135.362 E.00793
G1 X107.798 Y135.159 E.00722
M204 S2000
G1 E-.8 F3600
G1 X111.422 Y135.75 F18000
G1 E.8 F3600
M204 S1000
;TYPE:Outer wall
;WIDTH:0.42
G1 F1200
G1 X111.418 Y135.725 E.00078
G1 X111.327 Y135.471 E.0083
G1 X111.166 Y135.207 E.00951
G1 X110.986 Y135.009 E.0082
G1 X110.797 Y134.864 E.00731
G1 X110.493 Y134.714 E.01043
G1 X110.261 Y134.653 E.00736
G1 X109.954 Y134.632 E.00946
G1 X109.689 Y134.665 E.0082
G1 X109.462 Y134.735 E.00728
G1 X109.19 Y134.879 E.00946
G1 X108.98 Y135.049 E.0083
G1 X108.784 Y135.289 E.00951
G1 X108.657 Y135.527 E.0083
G1 X108.569 Y135.824 E.00951
G1 X108.543 Y136.094 E.00833
G1 X108.584 Y136.432 E.01048
G1 X108.659 Y136.661 E.00739
G1 X108.827 Y136.956 E.01043
G1 X108.982 Y137.134 E.00726
G1 X109.163 Y137.286 E.00726
G1 X109.462 Y137.448 E.01043
G1 X109.691 Y137.518 E.00739
G1 X110.033 Y137.552 E.01056
G1 X110.374 Y137.505 E.01056
G1 X110.597 Y137.426 E.00726
G1 X110.804 Y137.314 E.00726
G1 X111.065 Y137.096 E.01043
G1 X111.215 Y136.909 E.00739
G1 X111.371 Y136.607 E.01043
G1 X111.437 Y136.376 E.00739
G1 X111.465 Y136.034 E.01053
G1 X111.425 Y135.77 E.0082
M204 S2000
G1 X111.805 Y135.662 F18000
M204 S1500
;TYPE:Inner wall
;WIDTH:0.45
G1 F1200
G1 X111.8 Y135.629 E.00108
G1 X111.683 Y135.301 E.01156
G1 X111.481 Y134.97 E.01287
G1 X111.252 Y134.72 E.01125
G1 X111.006 Y134.53 E.01033
G1 X110.631 Y134.345 E.01385
G1 X110.325 Y134.264 E.01048
G1 X109.943 Y134.238 E.01271
G1 X109.607 Y134.28 E.01125
G1 X109.312 Y134.371 E.01024
G1 X108.973 Y134.55 E.01271
G1 X108.702 Y134.77 E.01156
G1 X108.457 Y135.07 E.01287
G1 X108.292 Y135.377 E.01156
G1 X108.182 Y135.749 E.01287
G1 X108.149 Y136.099 E.01165
G1 X108.199 Y136.518 E.01401
G1 X108.299 Y136.821 E.01057
G1 X108.505 Y137.184 E.01385
G1 X108.707 Y137.415 E.01017
G1 X108.942 Y137.612 E.01017
G1 X109.309 Y137.811 E.01385
G1 X109.614 Y137.905 E.01057
G1 X110.041 Y137.947 E.01426
G1 X110.467 Y137.888 E.01426
G1 X110.756 Y137.786 E.01017
G1 X111.026 Y137.64 E.01017
G1 X111.346 Y137.372 E.01385
G1 X111.546 Y137.123 E.01057
G1 X111.738 Y136.752 E.01385
G1 X111.825 Y136.446 E.01057
G1 X111.859 Y136.02 E.01417
G1 X111.808 Y135.681 E.01137
M204 S2000
G1 X112.07 Y135.643 F18000
;TYPE:Gap infill
;WIDTH:0.175385
G1 F1200
G1 X112.058 Y135.558 E.00093
G1 X111.92 Y135.181 E.00434
G1 X111.69 Y134.805 E.00475
G1 X111.436 Y134.528 E.00406
G1 X111.141 Y134.301 E.00402
G1 X110.73 Y134.099 E.00495
G1 X110.363 Y133.997 E.00411
G1 X109.942 Y133.971 E.00456
G1 X109.556 Y134.019 E.00419
G1 X109.215 Y134.122 E.00385
G1 X108.831 Y134.324 E.00469
G1 X108.518 Y134.575 E.00433
G1 X108.237 Y134.916 E.00477
G1 X108.045 Y135.268 E.00433
G1 X107.919 Y135.692 E.00477
G1 X107.882 Y136.095 E.00437
G1 X107.937 Y136.57 E.00516
G1 X108.054 Y136.923 E.00401
G1 X108.159 Y137.135 E.00256
G1 X108.285 Y137.332 E.00252
G1 X108.517 Y137.602 E.00384
G1 X108.786 Y137.83 E.00381
G1 X109.21 Y138.062 E.00522
G1 X109.567 Y138.166 E.00401
G1 X110.054 Y138.213 E.00528
G1 X110.536 Y138.147 E.00526
G1 X110.869 Y138.027 E.00381
G1 X111.172 Y137.867 E.0037
G1 X111.533 Y137.563 E.00509
G1 X111.767 Y137.275 E.00401
G1 X111.984 Y136.857 E.00508
G1 X112.089 Y136.5 E.00401
G1 X112.125 Y136.018 E.00522
G1 X112.073 Y135.663 E.00387
; stop printing object separador_timon.stl id:1 copy 0
; end of layer_num: 51, T: 0, print_z: 10.240000
;LAYER_CHANGE
;Z:10.44
;HEIGHT:0.2
; BEFORE_LAYER_CHANGE 51 @ 10.44mm
G92 E0
; AFTER_LAYER_CHANGE 51 @ 10.44mm
; start of layer_num: 52, T: 0, print_z: 10.440000
; printing object "separador_timon.stl" id:0 copy 0
G1 E-.8 F3600
G1 X107.432 Y108.915 Z10.44 F18000
G1 E.8 F3600
M204 S1000
;TYPE:Outer wall
;WIDTH:0.42
G1 F1200
G1 X107.444 Y108.883 E.00106
G1 X107.572 Y108.626 E.00883
G1 X107.726 Y108.384 E.00883
G1 X107.905 Y108.158 E.00883
G1 X108.105 Y107.953 E.00883
G1 X108.326 Y107.769 E.00883
G1 X108.564 Y107.608 E.00883
G1 X108.817 Y107.473 E.00883
G1 X109.083 Y107.365 E.00883
G1 X109.359 Y107.285 E.00883
G1 X109.639 Y107.234 E.00873
G1 X110.095 Y107.212 E.01404
G1 X110.358 Y107.233 E.0081
G1 X110.641 Y107.285 E.00883
G1 X110.917 Y107.365 E.00883
G1 X111.183 Y107.473 E.00883
G1 X111.436 Y107.608 E.00882
G1 X111.674 Y107.769 E.00883
G1 X111.895 Y107.953 E.00883
G1 X112.095 Y108.158 E.00883
G1 X112.274 Y108.384 E.00883
G1 X112.428 Y108.626 E.00883
G1 X112.556 Y108.883 E.00883
G1 X112.658 Y109.152 E.00883
G1 X112.731 Y109.429 E.00883
G1 X112.775 Y109.71 E.00874
G1 X112.786 Y110.144 E.01331
G1 X112.73 Y110.573 E.01331
G1 X112.658 Y110.848 E.00874
G1 X112.556 Y111.117 E.00883
G1 X112.428 Y111.374 E.00883
G1 X112.274 Y111.616 E.00883
G1 X112.095 Y111.842 E.00883
G1 X111.895 Y112.047 E.00882
G1 X111.674 Y112.231 E.00883
G1 X111.439 Y112.39 E.00873
G1 X111.029 Y112.592 E.01404
G1 X110.78 Y112.679 E.0081
G1 X110.5 Y112.745 E.00883
G1 X110.215 Y112.781 E.00883
G1 X109.928 Y112.789 E.00883
G1 X109.642 Y112.767 E.00883
G1 X109.359 Y112.715 E.00883
G1 X109.083 Y112.635 E.00883
G1 X108.817 Y112.527 E.00883
G1 X108.564 Y112.392 E.00883
G1 X108.328 Y112.233 E.00873
G1 X107.986 Y111.93 E.01404
G1 X107.813 Y111.731 E.0081
G1 X107.646 Y111.497 E.00883
G1 X107.505 Y111.247 E.00883
G1 X107.39 Y110.984 E.00883
G1 X107.302 Y110.71 E.00883
G1 X107.244 Y110.429 E.00883
G1 X107.214 Y110.144 E.00883
G1 X107.214 Y109.859 E.00874
G1 X107.27 Y109.427 E.0134
G1 X107.342 Y109.152 E.00874
G1 X107.425 Y108.934 E.00715
M204 S2000
G1 X107.798 Y109.053 F18000
M204 S1500
;TYPE:Inner wall
;WIDTH:0.45
G1 F1200
G1 X107.803 Y109.04 E.00047
G1 X107.914 Y108.819 E.00819
G1 X108.046 Y108.611 E.00819
G1 X108.199 Y108.418 E.00819
G1 X108.372 Y108.241 E.00819
G1 X108.561 Y108.083 E.00819
G1 X108.766 Y107.945 E.00819
G1 X108.984 Y107.829 E.00819
G1 X109.212 Y107.736 E.00819
G1 X109.449 Y107.667 E.00819
G1 X109.683 Y107.624 E.00788
G1 X110.089 Y107.605 E.01347
G1 X110.307 Y107.623 E.00727
G1 X110.551 Y107.667 E.00821
G1 X110.788 Y107.736 E.00819
G1 X111.016 Y107.829 E.00819
G1 X111.234 Y107.945 E.00819
G1 X111.439 Y108.083 E.00819
G1 X111.628 Y108.241 E.00819
G1 X111.801 Y108.418 E.00819
G1 X111.954 Y108.611 E.00819
G1 X112.086 Y108.819 E.00819
G1 X112.197 Y109.04 E.00819
G1 X112.284 Y109.271 E.00819
G1 X112.346 Y109.51 E.00819
G1 X112.383 Y109.746 E.00793
G1 X112.393 Y110.123 E.01253
G1 X112.344 Y110.498 E.01253
G1 X112.284 Y110.729 E.00793
G1 X112.197 Y110.96 E.00819
G1 X112.086 Y111.181 E.00819
G1 X111.954 Y111.389 E.00819
G1 X111.801 Y111.582 E.00819
G1 X111.628 Y111.759 E.00819
G1 X111.439 Y111.917 E.00819
G1 X111.242 Y112.05 E.00788
G1 X110.878 Y112.23 E.01347
G1 X110.671 Y112.301 E.00727
G1 X110.43 Y112.358 E.00821
G1 X110.185 Y112.39 E.00819
G1 X109.938 Y112.396 E.00819
G1 X109.692 Y112.377 E.00819
G1 X109.449 Y112.333 E.00819
G1 X109.212 Y112.264 E.00819
G1 X108.984 Y112.171 E.00819
G1 X108.766 Y112.055 E.00819
G1 X108.569 Y111.922 E.00788
G1 X108.265 Y111.653 E.01347
G1 X108.121 Y111.488 E.00727
G1 X107.977 Y111.287 E.00821
G1 X107.856 Y111.072 E.00819
G1 X107.757 Y110.846 E.00819
G1 X107.682 Y110.61 E.00819
G1 X107.631 Y110.369 E.00819
G1 X107.606 Y110.123 E.00819
G1 X107.606 Y109.884 E.00793
G1 X107.656 Y109.502 E.01279
G1 X107.716 Y109.271 E.00793
G1 X107.791 Y109.072 E.00705
M204 S2000
G1 E-.8 F3600
G1 X111.417 Y109.665 F18000
G1 E.8 F3600
M204 S1000
;TYPE:Outer wall
;WIDTH:0.42
G1 F1200
G1 X111.324 Y109.382 E.00917
G1 X111.161 Y109.114 E.00964
G1 X110.979 Y108.915 E.00829
G1 X110.7 Y108.718 E.01048
G1 X110.484 Y108.622 E.00726
G1 X110.257 Y108.562 E.00723
G1 X109.948 Y108.541 E.00951
G1 X109.685 Y108.574 E.00816
G1 X109.458 Y108.643 E.00728
G1 X109.185 Y108.789 E.00951
G1 X108.975 Y108.958 E.00829
G1 X108.762 Y109.224 E.01048
G1 X108.652 Y109.437 E.00736
G1 X108.564 Y109.734 E.00951
G1 X108.539 Y110.002 E.00826
G1 X108.573 Y110.311 E.00956
G1 X108.654 Y110.568 E.00829
G1 X108.822 Y110.865 E.01048
G1 X108.98 Y111.046 E.00736
G1 X109.223 Y111.236 E.00951
G1 X109.46 Y111.357 E.00816
G1 X109.687 Y111.427 E.00731
G1 X110.025 Y111.461 E.01043
G1 X110.264 Y111.437 E.00739
G1 X110.589 Y111.337 E.01043
G1 X110.8 Y111.222 E.00739
G1 X111.061 Y111.005 E.01043
G1 X111.211 Y110.817 E.00739
G1 X111.367 Y110.516 E.01043
G1 X111.433 Y110.284 E.00739
G1 X111.46 Y109.946 E.01043
G1 X111.431 Y109.707 E.00739
G1 X111.424 Y109.684 E.00075
M204 S2000
G1 X111.82 Y109.655 F18000
M204 S1500
;TYPE:Inner wall
;WIDTH:0.45
G1 F1200
G1 X111.816 Y109.622 E.00111
G1 X111.682 Y109.216 E.01417
G1 X111.476 Y108.877 E.01316
G1 X111.24 Y108.619 E.0116
G1 X110.895 Y108.375 E.01401
G1 X110.615 Y108.251 E.01017
G1 X110.321 Y108.173 E.01009
G1 X109.937 Y108.147 E.01276
G1 X109.602 Y108.189 E.0112
G1 X109.307 Y108.28 E.01024
G1 X108.967 Y108.46 E.01276
G1 X108.696 Y108.68 E.0116
G1 X108.432 Y109.01 E.014
G1 X108.286 Y109.29 E.01049
G1 X108.177 Y109.659 E.01276
G1 X108.145 Y110.005 E.01151
G1 X108.188 Y110.392 E.01291
G1 X108.292 Y110.726 E.0116
G1 X108.501 Y111.093 E.014
G1 X108.708 Y111.331 E.01049
G1 X109.011 Y111.568 E.01276
G1 X109.312 Y111.722 E.0112
G1 X109.609 Y111.813 E.01032
G1 X110.025 Y111.855 E.01385
G1 X110.342 Y111.823 E.01057
G1 X110.741 Y111.7 E.01385
G1 X111.021 Y111.548 E.01057
G1 X111.342 Y111.281 E.01385
G1 X111.541 Y111.032 E.01057
G1 X111.733 Y110.661 E.01385
G1 X111.821 Y110.355 E.01057
G1 X111.854 Y109.938 E.01385
G1 X111.822 Y109.675 E.00879
G1 E-.8 F3600
M204 S2000
G1 X112.085 Y109.642 F18000
G1 E.8 F3600
;TYPE:Gap infill
;WIDTH:0.175322
G1 F1200
G1 X112.074 Y109.558 E.00092
G1 X112.019 Y109.355 E.00227
G1 X111.92 Y109.098 E.00297
G1 X111.685 Y108.712 E.00488
G1 X111.42 Y108.425 E.00422
G1 X111.273 Y108.304 E.00206
G1 X111.032 Y108.147 E.0031
G1 X110.708 Y108.002 E.00383
G1 X110.359 Y107.906 E.00391
G1 X109.936 Y107.88 E.00457
G1 X109.552 Y107.928 E.00418
G1 X109.21 Y108.03 E.00385
G1 X108.825 Y108.234 E.0047
G1 X108.511 Y108.486 E.00435
G1 X108.271 Y108.771 E.00401
G1 X108.053 Y109.149 E.00471
G1 X107.914 Y109.602 E.00511
G1 X107.878 Y110.001 E.00432
G1 X107.925 Y110.441 E.00478
G1 X108.044 Y110.826 E.00435
G1 X108.277 Y111.243 E.00515
G1 X108.519 Y111.521 E.00398
G1 X108.871 Y111.8 E.00484
G1 X109.216 Y111.972 E.00416
G1 X109.563 Y112.075 E.0039
G1 X110.031 Y112.121 E.00508
G1 X110.4 Y112.082 E.00401
G1 X110.839 Y111.95 E.00494
G1 X111.167 Y111.773 E.00401
G1 X111.528 Y111.472 E.00508
G1 X111.763 Y111.184 E.00401
G1 X111.979 Y110.766 E.00508
G1 X112.085 Y110.409 E.00401
G1 X112.121 Y109.939 E.00508
G1 X112.087 Y109.662 E.00301
; stop printing object separador_timon.stl id:0 copy 0
; printing object "separador_timon.stl" id:1 copy 0
G1 E-.8 F3600
G1 X107.436 Y135.006 F18000
G1 E.8 F3600
M204 S1000
;TYPE:Outer wall
;WIDTH:0.42
G1 F1200
G1 X107.448 Y134.974 E.00106
G1 X107.577 Y134.717 E.00883
G1 X107.731 Y134.475 E.00883
G1 X107.909 Y134.25 E.00883
G1 X108.109 Y134.044 E.00883
G1 X108.33 Y133.86 E.00883
G1 X108.568 Y133.7 E.00883
G1 X108.822 Y133.565 E.00883
G1 X109.088 Y133.456 E.00883
G1 X109.364 Y133.376 E.00883
G1 X109.643 Y133.325 E.00873
G1 X110.1 Y133.304 E.01404
G1 X110.362 Y133.325 E.0081
G1 X110.645 Y133.376 E.00883
G1 X110.921 Y133.456 E.00883
G1 X111.187 Y133.565 E.00883
G1 X111.441 Y133.7 E.00882
G1 X111.679 Y133.86 E.00883
G1 X111.899 Y134.044 E.00883
G1 X112.1 Y134.25 E.00883
G1 X112.278 Y134.475 E.00883
G1 X112.432 Y134.717 E.00883
G1 X112.561 Y134.974 E.00883
G1 X112.662 Y135.243 E.00883
G1 X112.735 Y135.521 E.00883
G1 X112.779 Y135.802 E.00874
G1 X112.79 Y136.235 E.01331
G1 X112.734 Y136.665 E.01331
G1 X112.662 Y136.94 E.00874
G1 X112.561 Y137.208 E.00883
G1 X112.432 Y137.465 E.00883
G1 X112.278 Y137.708 E.00883
G1 X112.1 Y137.933 E.00883
G1 X111.899 Y138.139 E.00882
G1 X111.679 Y138.323 E.00883
G1 X111.443 Y138.481 E.00873
G1 X111.033 Y138.684 E.01404
G1 X110.784 Y138.77 E.0081
G1 X110.505 Y138.836 E.00883
G1 X110.22 Y138.873 E.00883
G1 X109.933 Y138.88 E.00883
G1 X109.646 Y138.858 E.00883
G1 X109.364 Y138.806 E.00883
G1 X109.088 Y138.726 E.00883
G1 X108.822 Y138.618 E.00883
G1 X108.568 Y138.483 E.00883
G1 X108.333 Y138.324 E.00873
G1 X107.991 Y138.021 E.01404
G1 X107.817 Y137.823 E.0081
G1 X107.65 Y137.589 E.00883
G1 X107.509 Y137.339 E.00883
G1 X107.394 Y137.075 E.00883
G1 X107.307 Y136.802 E.00883
G1 X107.248 Y136.521 E.00883
G1 X107.218 Y136.235 E.00883
G1 X107.218 Y135.95 E.00874
G1 X107.274 Y135.518 E.0134
G1 X107.347 Y135.243 E.00874
G1 X107.429 Y135.025 E.00715
M204 S2000
G1 X107.803 Y135.145 F18000
M204 S1500
;TYPE:Inner wall
;WIDTH:0.45
G1 F1200
G1 X107.808 Y135.131 E.00047
G1 X107.918 Y134.911 E.00819
G1 X108.051 Y134.702 E.00819
G1 X108.204 Y134.509 E.00819
G1 X108.376 Y134.332 E.00819
G1 X108.566 Y134.174 E.00819
G1 X108.77 Y134.036 E.00819
G1 X108.988 Y133.92 E.00819
G1 X109.217 Y133.827 E.00819
G1 X109.454 Y133.758 E.00819
G1 X109.688 Y133.716 E.00788
G1 X110.093 Y133.697 E.01347
G1 X110.312 Y133.714 E.00727
G1 X110.555 Y133.758 E.00821
G1 X110.792 Y133.827 E.00819
G1 X111.021 Y133.92 E.00819
G1 X111.238 Y134.036 E.00819
G1 X111.443 Y134.174 E.00819
G1 X111.633 Y134.332 E.00819
G1 X111.805 Y134.509 E.00819
G1 X111.958 Y134.702 E.00819
G1 X112.091 Y134.911 E.00819
G1 X112.201 Y135.131 E.00819
G1 X112.288 Y135.362 E.00819
G1 X112.351 Y135.601 E.00819
G1 X112.388 Y135.837 E.00793
G1 X112.397 Y136.215 E.01253
G1 X112.349 Y136.589 E.01253
G1 X112.288 Y136.82 E.00793
G1 X112.201 Y137.051 E.00819
G1 X112.091 Y137.272 E.00819
G1 X111.958 Y137.48 E.00819
G1 X111.805 Y137.674 E.00819
G1 X111.633 Y137.85 E.00819
G1 X111.443 Y138.009 E.00819
G1 X111.246 Y138.141 E.00788
G1 X110.882 Y138.321 E.01347
G1 X110.675 Y138.393 E.00727
G1 X110.434 Y138.45 E.00821
G1 X110.189 Y138.481 E.00819
G1 X109.943 Y138.488 E.00819
G1 X109.697 Y138.469 E.00819
G1 X109.454 Y138.424 E.00819
G1 X109.217 Y138.355 E.00819
G1 X108.988 Y138.262 E.00819
G1 X108.77 Y138.146 E.00819
G1 X108.573 Y138.014 E.00788
G1 X108.269 Y137.744 E.01347
G1 X108.125 Y137.579 E.00727
G1 X107.982 Y137.378 E.00821
G1 X107.86 Y137.163 E.00819
G1 X107.761 Y136.937 E.00819
G1 X107.686 Y136.702 E.00819
G1 X107.636 Y136.46 E.00819
G1 X107.61 Y136.215 E.00819
G1 X107.61 Y135.976 E.00793
G1 X107.66 Y135.593 E.01279
G1 X107.721 Y135.362 E.00793
G1 X107.796 Y135.163 E.00705
M204 S2000
G1 E-.8 F3600
G1 X111.422 Y135.756 F18000
G1 E.8 F3600
M204 S1000
;TYPE:Outer wall
;WIDTH:0.42
G1 F1200
G1 X111.329 Y135.473 E.00917
G1 X111.165 Y135.205 E.00964
G1 X110.983 Y135.006 E.00829
G1 X110.705 Y134.809 E.01048
G1 X110.489 Y134.713 E.00726
G1 X110.261 Y134.653 E.00723
G1 X109.952 Y134.632 E.00951
G1 X109.689 Y134.665 E.00816
G1 X109.462 Y134.735 E.00728
G1 X109.189 Y134.88 E.00951
G1 X108.98 Y135.05 E.00829
G1 X108.766 Y135.316 E.01048
G1 X108.656 Y135.529 E.00736
G1 X108.569 Y135.825 E.00951
G1 X108.543 Y136.093 E.00826
G1 X108.578 Y136.402 E.00956
G1 X108.658 Y136.66 E.00829
G1 X108.827 Y136.956 E.01048
G1 X108.984 Y137.137 E.00736
G1 X109.228 Y137.328 E.00951
G1 X109.464 Y137.448 E.00816
G1 X109.691 Y137.518 E.00731
G1 X110.029 Y137.552 E.01043
G1 X110.269 Y137.528 E.00739
G1 X110.593 Y137.428 E.01043
G1 X110.804 Y137.314 E.00739
G1 X111.065 Y137.096 E.01043
G1 X111.215 Y136.909 E.00739
G1 X111.371 Y136.607 E.01043
G1 X111.437 Y136.376 E.00739
G1 X111.464 Y136.037 E.01043
G1 X111.436 Y135.799 E.00739
G1 X111.428 Y135.775 E.00075
M204 S2000
G1 X111.824 Y135.746 F18000
M204 S1500
;TYPE:Inner wall
;WIDTH:0.45
G1 F1200
G1 X111.82 Y135.713 E.00111
G1 X111.687 Y135.307 E.01417
G1 X111.48 Y134.969 E.01316
G1 X111.244 Y134.711 E.0116
G1 X110.9 Y134.467 E.01401
G1 X110.619 Y134.342 E.01017
G1 X110.325 Y134.264 E.01009
G1 X109.941 Y134.238 E.01276
G1 X109.606 Y134.28 E.0112
G1 X109.311 Y134.371 E.01024
G1 X108.972 Y134.551 E.01276
G1 X108.7 Y134.772 E.0116
G1 X108.436 Y135.101 E.014
G1 X108.291 Y135.382 E.01049
G1 X108.182 Y135.751 E.01276
G1 X108.149 Y136.096 E.01151
G1 X108.192 Y136.483 E.01291
G1 X108.297 Y136.817 E.0116
G1 X108.505 Y137.184 E.014
G1 X108.713 Y137.422 E.01049
G1 X109.016 Y137.66 E.01276
G1 X109.316 Y137.813 E.0112
G1 X109.614 Y137.905 E.01032
G1 X110.029 Y137.946 E.01385
G1 X110.346 Y137.914 E.01057
G1 X110.746 Y137.792 E.01385
G1 X111.026 Y137.64 E.01057
G1 X111.346 Y137.372 E.01385
G1 X111.546 Y137.123 E.01057
G1 X111.738 Y136.752 E.01385
G1 X111.825 Y136.446 E.01057
G1 X111.858 Y136.03 E.01385
G1 X111.827 Y135.766 E.00879
M204 S2000
G1 X112.089 Y135.734 F18000
;TYPE:Gap infill
;WIDTH:0.175322
G1 F1200
G1 X112.078 Y135.649 E.00092
G1 X112.024 Y135.447 E.00227
G1 X111.925 Y135.19 E.00297
G1 X111.689 Y134.804 E.00488
G1 X111.425 Y134.516 E.00422
G1 X111.277 Y134.395 E.00206
G1 X111.036 Y134.238 E.0031
G1 X110.712 Y134.093 E.00383
G1 X110.363 Y133.997 E.00391
G1 X109.94 Y133.971 E.00457
G1 X109.556 Y134.019 E.00418
G1 X109.215 Y134.122 E.00385
G1 X108.829 Y134.325 E.0047
G1 X108.515 Y134.578 E.00435
G1 X108.275 Y134.862 E.00401
G1 X108.058 Y135.241 E.00471
G1 X107.918 Y135.693 E.00511
G1 X107.882 Y136.092 E.00432
G1 X107.93 Y136.532 E.00478
G1 X108.049 Y136.917 E.00435
G1 X108.281 Y137.334 E.00515
G1 X108.524 Y137.612 E.00398
G1 X108.875 Y137.891 E.00484
G1 X109.221 Y138.063 E.00416
G1 X109.567 Y138.166 E.0039
G1 X110.035 Y138.212 E.00508
G1 X110.405 Y138.174 E.00401
G1 X110.844 Y138.042 E.00494
G1 X111.171 Y137.865 E.00401
G1 X111.532 Y137.563 E.00508
G1 X111.767 Y137.275 E.00401
G1 X111.984 Y136.857 E.00508
G1 X112.089 Y136.5 E.00401
G1 X112.126 Y136.03 E.00508
G1 X112.091 Y135.754 E.00301
; stop printing object separador_timon.stl id:1 copy 0
; end of layer_num: 52, T: 0, print_z: 10.440000
;LAYER_CHANGE
;Z:10.64
;HEIGHT:0.200001
; BEFORE_LAYER_CHANGE 52 @ 10.64mm
G92 E0
; AFTER_LAYER_CHANGE 52 @ 10.64mm
; start of layer_num: 53, T: 0, print_z: 10.640000
; printing object "separador_timon.stl" id:0 copy 0
G1 E-.8 F3600
G1 X107.43 Y108.92 Z10.64 F18000
G1 E.8 F3600
M204 S1000
;TYPE:Outer wall
;WIDTH:0.42
G1 F1200
G1 X107.444 Y108.883 E.00122
G1 X107.572 Y108.626 E.00883
G1 X107.726 Y108.384 E.00883
G1 X107.905 Y108.158 E.00883
G1 X108.105 Y107.953 E.00883
G1 X108.326 Y107.769 E.00883
G1 X108.564 Y107.608 E.00883
G1 X108.817 Y107.473 E.00883
G1 X109.083 Y107.365 E.00883
G1 X109.359 Y107.285 E.00883
G1 X109.639 Y107.234 E.00873
G1 X110.093 Y107.212 E.01397
G1 X110.358 Y107.233 E.00818
G1 X110.641 Y107.285 E.00883
G1 X110.917 Y107.365 E.00883
G1 X111.183 Y107.473 E.00883
G1 X111.436 Y107.608 E.00883
G1 X111.674 Y107.769 E.00883
G1 X111.895 Y107.953 E.00883
G1 X112.095 Y108.158 E.00883
G1 X112.274 Y108.384 E.00883
G1 X112.426 Y108.623 E.00873
G1 X112.617 Y109.036 E.01397
G1 X112.698 Y109.289 E.00818
G1 X112.756 Y109.571 E.00883
G1 X112.786 Y109.856 E.00883
G1 X112.786 Y110.141 E.00874
G1 X112.73 Y110.573 E.0134
G1 X112.658 Y110.848 E.00874
G1 X112.556 Y111.117 E.00883
G1 X112.428 Y111.374 E.00883
G1 X112.274 Y111.616 E.00883
G1 X112.095 Y111.842 E.00883
G1 X111.895 Y112.047 E.00883
G1 X111.674 Y112.231 E.00883
G1 X111.439 Y112.39 E.00873
G1 X111.031 Y112.591 E.01397
G1 X110.78 Y112.679 E.00818
G1 X110.5 Y112.745 E.00883
G1 X110.215 Y112.781 E.00882
G1 X109.928 Y112.789 E.00883
G1 X109.642 Y112.767 E.00883
G1 X109.362 Y112.716 E.00874
G1 X108.947 Y112.583 E.0134
G1 X108.689 Y112.462 E.00874
G1 X108.443 Y112.315 E.00883
G1 X108.213 Y112.142 E.00883
G1 X108.002 Y111.947 E.00883
G1 X107.813 Y111.731 E.00883
G1 X107.646 Y111.497 E.00883
G1 X107.505 Y111.247 E.00883
G1 X107.39 Y110.984 E.00883
G1 X107.302 Y110.71 E.00883
G1 X107.244 Y110.429 E.00883
G1 X107.214 Y110.144 E.00883
G1 X107.214 Y109.859 E.00874
G1 X107.27 Y109.427 E.0134
G1 X107.342 Y109.152 E.00874
G1 X107.423 Y108.939 E.00699
M204 S2000
G1 X107.797 Y109.058 F18000
M204 S1500
;TYPE:Inner wall
;WIDTH:0.45
G1 F1200
G1 X107.803 Y109.04 E.00065
G1 X107.914 Y108.819 E.00819
G1 X108.046 Y108.611 E.00819
G1 X108.199 Y108.418 E.00819
G1 X108.372 Y108.241 E.00819
G1 X108.561 Y108.083 E.00819
G1 X108.766 Y107.945 E.00819
G1 X108.984 Y107.829 E.00819
G1 X109.212 Y107.736 E.00819
G1 X109.449 Y107.667 E.00819
G1 X109.683 Y107.624 E.00789
G1 X110.087 Y107.605 E.01339
G1 X110.307 Y107.623 E.00735
G1 X110.551 Y107.667 E.0082
G1 X110.788 Y107.736 E.00819
G1 X111.016 Y107.829 E.00819
G1 X111.234 Y107.945 E.00819
G1 X111.439 Y108.083 E.00819
G1 X111.628 Y108.241 E.00819
G1 X111.801 Y108.418 E.00819
G1 X111.954 Y108.611 E.00819
G1 X112.081 Y108.812 E.00789
G1 X112.251 Y109.178 E.01339
G1 X112.369 Y109.631 E.01553
G1 X112.394 Y109.877 E.00819
G1 X112.394 Y110.116 E.00793
G1 X112.344 Y110.498 E.01278
G1 X112.284 Y110.729 E.00793
G1 X112.197 Y110.96 E.00819
G1 X112.086 Y111.181 E.00819
G1 X111.954 Y111.389 E.00819
G1 X111.801 Y111.582 E.00819
G1 X111.628 Y111.759 E.00819
G1 X111.439 Y111.917 E.00819
G1 X111.241 Y112.05 E.00789
G1 X110.88 Y112.229 E.01339
G1 X110.67 Y112.301 E.00735
G1 X110.43 Y112.358 E.0082
G1 X110.185 Y112.39 E.00819
G1 X109.938 Y112.396 E.00819
G1 X109.692 Y112.377 E.00819
G1 X109.457 Y112.334 E.00793
G1 X109.09 Y112.217 E.01279
G1 X108.873 Y112.116 E.00793
G1 X108.662 Y111.989 E.00819
G1 X108.464 Y111.841 E.00819
G1 X108.283 Y111.673 E.00819
G1 X108.12 Y111.488 E.00819
G1 X107.977 Y111.287 E.00819
G1 X107.856 Y111.072 E.00819
G1 X107.757 Y110.846 E.00819
G1 X107.682 Y110.61 E.00819
G1 X107.631 Y110.369 E.00819
G1 X107.606 Y110.123 E.00819
G1 X107.606 Y109.884 E.00793
G1 X107.656 Y109.502 E.01279
G1 X107.716 Y109.271 E.00793
G1 X107.79 Y109.077 E.00688
M204 S2000
G1 E-.8 F3600
G1 X111.417 Y109.657 F18000
G1 E.8 F3600
M204 S1000
;TYPE:Outer wall
;WIDTH:0.42
G1 F1200
G1 X111.413 Y109.631 E.00079
G1 X111.323 Y109.379 E.00822
G1 X111.16 Y109.113 E.0096
G1 X110.979 Y108.915 E.00825
G1 X110.7 Y108.718 E.01048
G1 X110.484 Y108.622 E.00726
G1 X110.257 Y108.562 E.00724
G1 X109.947 Y108.541 E.00955
G1 X109.685 Y108.574 E.00812
G1 X109.458 Y108.643 E.00728
G1 X109.184 Y108.789 E.00955
G1 X108.975 Y108.958 E.00825
G1 X108.762 Y109.224 E.01048
G1 X108.652 Y109.437 E.00736
G1 X108.564 Y109.736 E.00955
G1 X108.539 Y110.003 E.00825
G1 X108.579 Y110.341 E.01048
G1 X108.655 Y110.57 E.00739
G1 X108.822 Y110.865 E.01043
G1 X108.977 Y111.043 E.00726
G1 X109.159 Y111.195 E.00726
G1 X109.457 Y111.356 E.01043
G1 X109.687 Y111.427 E.00739
G1 X110.029 Y111.461 E.01056
G1 X110.369 Y111.414 E.01056
G1 X110.596 Y111.334 E.00736
G1 X110.864 Y111.177 E.00955
G1 X111.065 Y111 E.00825
G1 X111.268 Y110.726 E.01048
G1 X111.37 Y110.509 E.00736
G1 X111.445 Y110.207 E.00955
G1 X111.46 Y109.94 E.00822
G1 X111.42 Y109.676 E.00819
M204 S2000
G1 X111.8 Y109.567 F18000
M204 S1500
;TYPE:Inner wall
;WIDTH:0.45
G1 F1200
G1 X111.795 Y109.535 E.00108
G1 X111.678 Y109.209 E.01147
G1 X111.475 Y108.876 E.01296
G1 X111.239 Y108.619 E.01155
G1 X110.895 Y108.375 E.014
G1 X110.615 Y108.251 E.01017
G1 X110.321 Y108.173 E.01009
G1 X109.935 Y108.147 E.01281
G1 X109.602 Y108.189 E.01115
G1 X109.307 Y108.28 E.01024
G1 X108.966 Y108.461 E.01281
G1 X108.696 Y108.68 E.01155
G1 X108.432 Y109.01 E.014
G1 X108.286 Y109.291 E.01049
G1 X108.177 Y109.661 E.01281
G1 X108.145 Y110.008 E.01155
G1 X108.195 Y110.427 E.014
G1 X108.294 Y110.729 E.01057
G1 X108.501 Y111.093 E.01385
G1 X108.702 Y111.324 E.01017
G1 X108.937 Y111.521 E.01017
G1 X109.305 Y111.72 E.01385
G1 X109.609 Y111.813 E.01057
G1 X110.037 Y111.856 E.01426
G1 X110.463 Y111.796 E.01426
G1 X110.761 Y111.692 E.01049
G1 X111.094 Y111.497 E.01281
G1 X111.356 Y111.267 E.01155
G1 X111.607 Y110.927 E.014
G1 X111.741 Y110.641 E.01049
G1 X111.835 Y110.266 E.01281
G1 X111.854 Y109.921 E.01147
G1 X111.803 Y109.587 E.01121
G1 E-.8 F3600
M204 S2000
G1 X112.065 Y109.548 F18000
G1 E.8 F3600
;TYPE:Gap infill
;WIDTH:0.175611
G1 F1200
G1 X112.055 Y109.475 E.0008
G1 X111.922 Y109.1 E.00431
G1 X111.684 Y108.711 E.00493
G1 X111.42 Y108.425 E.00421
G1 X111.273 Y108.304 E.00206
G1 X111.032 Y108.147 E.00311
G1 X110.708 Y108.002 E.00384
G1 X110.358 Y107.906 E.00392
G1 X109.934 Y107.88 E.0046
G1 X109.551 Y107.928 E.00417
G1 X109.21 Y108.031 E.00385
G1 X108.823 Y108.235 E.00473
G1 X108.51 Y108.487 E.00434
G1 X108.271 Y108.771 E.00402
G1 X108.053 Y109.149 E.00472
G1 X107.914 Y109.604 E.00514
G1 X107.878 Y110.004 E.00435
G1 X107.934 Y110.478 E.00516
G1 X108.048 Y110.832 E.00402
G1 X108.277 Y111.243 E.00509
G1 X108.519 Y111.517 E.00396
G1 X108.793 Y111.744 E.00384
G1 X109.194 Y111.967 E.00496
G1 X109.562 Y112.08 E.00417
G1 X110.05 Y112.122 E.00529
G1 X110.532 Y112.056 E.00527
G1 X110.868 Y111.937 E.00385
G1 X111.245 Y111.716 E.00473
G1 X111.547 Y111.451 E.00434
G1 X111.728 Y111.228 E.0031
G1 X111.832 Y111.068 E.00206
G1 X111.99 Y110.736 E.00398
G1 X112.099 Y110.312 E.00473
G1 X112.119 Y109.914 E.00431
G1 X112.068 Y109.568 E.00378
; stop printing object separador_timon.stl id:0 copy 0
; printing object "separador_timon.stl" id:1 copy 0
G1 E-.8 F3600
G1 X107.434 Y135.011 F18000
G1 E.8 F3600
M204 S1000
;TYPE:Outer wall
;WIDTH:0.42
G1 F1200
G1 X107.448 Y134.974 E.00122
G1 X107.577 Y134.717 E.00883
G1 X107.731 Y134.475 E.00883
G1 X107.909 Y134.25 E.00883
G1 X108.109 Y134.044 E.00883
G1 X108.33 Y133.86 E.00883
G1 X108.568 Y133.7 E.00883
G1 X108.822 Y133.565 E.00883
G1 X109.088 Y133.456 E.00883
G1 X109.364 Y133.376 E.00883
G1 X109.643 Y133.325 E.00873
G1 X110.097 Y133.304 E.01397
G1 X110.362 Y133.325 E.00818
G1 X110.645 Y133.376 E.00883
G1 X110.921 Y133.456 E.00883
G1 X111.187 Y133.565 E.00883
G1 X111.441 Y133.7 E.00883
G1 X111.679 Y133.86 E.00883
G1 X111.899 Y134.044 E.00883
G1 X112.1 Y134.25 E.00883
G1 X112.278 Y134.475 E.00883
G1 X112.431 Y134.715 E.00873
G1 X112.622 Y135.127 E.01397
G1 X112.702 Y135.381 E.00818
G1 X112.761 Y135.662 E.00883
G1 X112.79 Y135.948 E.00883
G1 X112.79 Y136.232 E.00874
G1 X112.734 Y136.665 E.0134
G1 X112.662 Y136.94 E.00874
G1 X112.561 Y137.208 E.00883
G1 X112.432 Y137.465 E.00883
G1 X112.278 Y137.708 E.00883
G1 X112.1 Y137.933 E.00883
G1 X111.899 Y138.139 E.00883
G1 X111.679 Y138.323 E.00883
G1 X111.443 Y138.481 E.00873
G1 X111.036 Y138.683 E.01397
G1 X110.784 Y138.77 E.00818
G1 X110.505 Y138.836 E.00883
G1 X110.22 Y138.873 E.00882
G1 X109.933 Y138.88 E.00883
G1 X109.646 Y138.858 E.00883
G1 X109.366 Y138.807 E.00874
G1 X108.951 Y138.674 E.0134
G1 X108.693 Y138.554 E.00874
G1 X108.447 Y138.406 E.00883
G1 X108.217 Y138.233 E.00883
G1 X108.007 Y138.038 E.00883
G1 X107.817 Y137.823 E.00883
G1 X107.65 Y137.589 E.00883
G1 X107.509 Y137.339 E.00883
G1 X107.394 Y137.075 E.00883
G1 X107.307 Y136.802 E.00883
G1 X107.248 Y136.521 E.00883
G1 X107.218 Y136.235 E.00883
G1 X107.218 Y135.95 E.00874
G1 X107.274 Y135.518 E.0134
G1 X107.347 Y135.243 E.00874
G1 X107.427 Y135.03 E.00699
M204 S2000
G1 X107.801 Y135.15 F18000
M204 S1500
;TYPE:Inner wall
;WIDTH:0.45
G1 F1200
G1 X107.808 Y135.131 E.00065
G1 X107.918 Y134.911 E.00819
G1 X108.051 Y134.702 E.00819
G1 X108.204 Y134.509 E.00819
G1 X108.376 Y134.332 E.00819
G1 X108.566 Y134.174 E.00819
G1 X108.77 Y134.036 E.00819
G1 X108.988 Y133.92 E.00819
G1 X109.217 Y133.827 E.00819
G1 X109.454 Y133.758 E.00819
G1 X109.688 Y133.716 E.00789
G1 X110.091 Y133.696 E.01339
G1 X110.312 Y133.714 E.00735
G1 X110.555 Y133.758 E.0082
G1 X110.792 Y133.827 E.00819
G1 X111.021 Y133.92 E.00819
G1 X111.238 Y134.036 E.00819
G1 X111.443 Y134.174 E.00819
G1 X111.633 Y134.332 E.00819
G1 X111.805 Y134.509 E.00819
G1 X111.958 Y134.702 E.00819
G1 X112.086 Y134.903 E.00789
G1 X112.255 Y135.269 E.01339
G1 X112.373 Y135.722 E.01553
G1 X112.398 Y135.968 E.00819
G1 X112.398 Y136.207 E.00793
G1 X112.349 Y136.589 E.01278
G1 X112.288 Y136.82 E.00793
G1 X112.201 Y137.051 E.00819
G1 X112.091 Y137.272 E.00819
G1 X111.958 Y137.48 E.00819
G1 X111.805 Y137.674 E.00819
G1 X111.633 Y137.85 E.00819
G1 X111.443 Y138.009 E.00819
G1 X111.246 Y138.141 E.00789
G1 X110.884 Y138.32 E.01339
G1 X110.675 Y138.393 E.00735
G1 X110.434 Y138.45 E.0082
G1 X110.189 Y138.481 E.00819
G1 X109.943 Y138.488 E.00819
G1 X109.697 Y138.469 E.00819
G1 X109.461 Y138.426 E.00793
G1 X109.094 Y138.308 E.01279
G1 X108.878 Y138.207 E.00793
G1 X108.666 Y138.08 E.00819
G1 X108.469 Y137.932 E.00819
G1 X108.288 Y137.764 E.00819
G1 X108.125 Y137.579 E.00819
G1 X107.982 Y137.378 E.00819
G1 X107.86 Y137.163 E.00819
G1 X107.761 Y136.937 E.00819
G1 X107.686 Y136.702 E.00819
G1 X107.636 Y136.46 E.00819
G1 X107.61 Y136.215 E.00819
G1 X107.61 Y135.976 E.00793
G1 X107.66 Y135.593 E.01279
G1 X107.721 Y135.362 E.00793
G1 X107.794 Y135.168 E.00688
M204 S2000
G1 E-.8 F3600
G1 X111.421 Y135.748 F18000
G1 E.8 F3600
M204 S1000
;TYPE:Outer wall
;WIDTH:0.42
G1 F1200
G1 X111.417 Y135.723 E.00079
G1 X111.327 Y135.471 E.00822
G1 X111.164 Y135.204 E.0096
G1 X110.983 Y135.006 E.00825
G1 X110.705 Y134.809 E.01048
G1 X110.489 Y134.713 E.00726
G1 X110.261 Y134.653 E.00724
G1 X109.951 Y134.632 E.00955
G1 X109.689 Y134.665 E.00812
G1 X109.462 Y134.735 E.00728
G1 X109.188 Y134.881 E.00955
G1 X108.98 Y135.05 E.00825
G1 X108.766 Y135.316 E.01048
G1 X108.656 Y135.529 E.00736
G1 X108.568 Y135.827 E.00955
G1 X108.543 Y136.094 E.00825
G1 X108.584 Y136.432 E.01048
G1 X108.659 Y136.661 E.00739
G1 X108.827 Y136.956 E.01043
G1 X108.982 Y137.134 E.00726
G1 X109.163 Y137.286 E.00726
G1 X109.462 Y137.448 E.01043
G1 X109.691 Y137.518 E.00739
G1 X110.033 Y137.552 E.01056
G1 X110.374 Y137.505 E.01056
G1 X110.6 Y137.425 E.00736
G1 X110.868 Y137.268 E.00955
G1 X111.07 Y137.091 E.00825
G1 X111.272 Y136.817 E.01048
G1 X111.374 Y136.6 E.00736
G1 X111.45 Y136.298 E.00955
G1 X111.464 Y136.031 E.00822
G1 X111.424 Y135.768 E.00819
M204 S2000
G1 X111.804 Y135.658 F18000
M204 S1500
;TYPE:Inner wall
;WIDTH:0.45
G1 F1200
G1 X111.799 Y135.626 E.00108
G1 X111.683 Y135.301 E.01147
G1 X111.479 Y134.967 E.01296
G1 X111.244 Y134.711 E.01155
G1 X110.9 Y134.467 E.014
G1 X110.619 Y134.342 E.01017
G1 X110.325 Y134.264 E.01009
G1 X109.94 Y134.238 E.01281
G1 X109.606 Y134.28 E.01115
G1 X109.311 Y134.371 E.01024
G1 X108.97 Y134.552 E.01281
G1 X108.7 Y134.772 E.01155
G1 X108.436 Y135.101 E.014
G1 X108.291 Y135.382 E.01049
G1 X108.182 Y135.752 E.01281
G1 X108.149 Y136.099 E.01155
G1 X108.199 Y136.518 E.014
G1 X108.299 Y136.821 E.01057
G1 X108.505 Y137.184 E.01385
G1 X108.707 Y137.415 E.01017
G1 X108.942 Y137.612 E.01017
G1 X109.309 Y137.811 E.01385
G1 X109.614 Y137.905 E.01057
G1 X110.041 Y137.947 E.01426
G1 X110.467 Y137.888 E.01426
G1 X110.765 Y137.783 E.01049
G1 X111.099 Y137.588 E.01281
G1 X111.36 Y137.358 E.01155
G1 X111.611 Y137.019 E.014
G1 X111.745 Y136.732 E.01049
G1 X111.839 Y136.357 E.01281
G1 X111.858 Y136.012 E.01147
G1 X111.807 Y135.678 E.01121
M204 S2000
G1 X112.07 Y135.64 F18000
;TYPE:Gap infill
;WIDTH:0.175611
G1 F1200
G1 X112.059 Y135.567 E.0008
G1 X111.926 Y135.191 E.00431
G1 X111.688 Y134.802 E.00493
G1 X111.424 Y134.516 E.00421
G1 X111.277 Y134.395 E.00206
G1 X111.036 Y134.238 E.00311
G1 X110.712 Y134.093 E.00384
G1 X110.363 Y133.997 E.00392
G1 X109.938 Y133.971 E.0046
G1 X109.556 Y134.019 E.00417
G1 X109.214 Y134.122 E.00385
G1 X108.828 Y134.326 E.00473
G1 X108.515 Y134.578 E.00434
G1 X108.275 Y134.862 E.00402
G1 X108.058 Y135.241 E.00472
G1 X107.918 Y135.695 E.00514
G1 X107.882 Y136.096 E.00435
G1 X107.938 Y136.57 E.00516
G1 X108.052 Y136.923 E.00402
G1 X108.281 Y137.335 E.00509
G1 X108.524 Y137.609 E.00396
G1 X108.798 Y137.835 E.00384
G1 X109.198 Y138.058 E.00496
G1 X109.567 Y138.171 E.00417
G1 X110.054 Y138.213 E.00529
G1 X110.536 Y138.147 E.00527
G1 X110.872 Y138.028 E.00385
G1 X111.25 Y137.807 E.00473
G1 X111.552 Y137.543 E.00434
G1 X111.732 Y137.32 E.0031
G1 X111.836 Y137.16 E.00206
G1 X111.994 Y136.827 E.00398
G1 X112.103 Y136.404 E.00473
G1 X112.123 Y136.006 E.00431
G1 X112.073 Y135.659 E.00378
; stop printing object separador_timon.stl id:1 copy 0
; end of layer_num: 53, T: 0, print_z: 10.640000
;LAYER_CHANGE
;Z:10.84
;HEIGHT:0.2
; BEFORE_LAYER_CHANGE 53 @ 10.84mm
G92 E0
; AFTER_LAYER_CHANGE 53 @ 10.84mm
; start of layer_num: 54, T: 0, print_z: 10.840000
; printing object "separador_timon.stl" id:0 copy 0
G1 E-.8 F3600
G1 X107.428 Y108.925 Z10.84 F18000
G1 E.8 F3600
M204 S1000
;TYPE:Outer wall
;WIDTH:0.42
G1 F1200
G1 X107.444 Y108.883 E.00138
G1 X107.572 Y108.626 E.00883
G1 X107.726 Y108.384 E.00883
G1 X107.905 Y108.158 E.00883
G1 X108.105 Y107.953 E.00883
G1 X108.326 Y107.769 E.00883
G1 X108.564 Y107.608 E.00883
G1 X108.817 Y107.473 E.00883
G1 X109.083 Y107.365 E.00883
G1 X109.359 Y107.285 E.00883
G1 X109.639 Y107.234 E.00873
G1 X110.09 Y107.212 E.01389
G1 X110.358 Y107.233 E.00826
G1 X110.641 Y107.285 E.00883
G1 X110.917 Y107.365 E.00883
G1 X111.183 Y107.473 E.00883
G1 X111.436 Y107.608 E.00883
G1 X111.674 Y107.769 E.00883
G1 X111.895 Y107.953 E.00883
G1 X112.095 Y108.158 E.00883
G1 X112.274 Y108.384 E.00883
G1 X112.426 Y108.623 E.00873
G1 X112.616 Y109.033 E.01389
G1 X112.698 Y109.289 E.00826
G1 X112.756 Y109.571 E.00883
G1 X112.786 Y109.856 E.00883
G1 X112.786 Y110.141 E.00874
G1 X112.73 Y110.573 E.0134
G1 X112.658 Y110.848 E.00874
G1 X112.556 Y111.117 E.00883
G1 X112.428 Y111.374 E.00883
G1 X112.274 Y111.616 E.00883
G1 X112.095 Y111.842 E.00883
G1 X111.895 Y112.047 E.00883
G1 X111.674 Y112.231 E.00883
G1 X111.436 Y112.392 E.00882
G1 X111.183 Y112.527 E.00883
G1 X110.917 Y112.635 E.00883
G1 X110.641 Y112.715 E.00883
G1 X110.361 Y112.766 E.00874
G1 X109.925 Y112.789 E.0134
G1 X109.642 Y112.767 E.00874
G1 X109.359 Y112.715 E.00883
G1 X109.083 Y112.635 E.00883
G1 X108.817 Y112.527 E.00883
G1 X108.564 Y112.392 E.00883
G1 X108.326 Y112.231 E.00882
G1 X108.105 Y112.047 E.00883
G1 X107.905 Y111.842 E.00882
G1 X107.726 Y111.616 E.00883
G1 X107.574 Y111.377 E.00873
G1 X107.384 Y110.967 E.01389
G1 X107.302 Y110.711 E.00826
G1 X107.244 Y110.429 E.00883
G1 X107.214 Y110.144 E.00883
G1 X107.214 Y109.859 E.00874
G1 X107.27 Y109.427 E.0134
G1 X107.342 Y109.152 E.00874
G1 X107.421 Y108.944 E.00683
M204 S2000
G1 X107.795 Y109.063 F18000
M204 S1500
;TYPE:Inner wall
;WIDTH:0.45
G1 F1200
G1 X107.803 Y109.04 E.00082
G1 X107.914 Y108.819 E.00819
G1 X108.046 Y108.611 E.00819
G1 X108.199 Y108.418 E.00819
G1 X108.372 Y108.241 E.00819
G1 X108.561 Y108.083 E.00819
G1 X108.766 Y107.945 E.00819
G1 X108.984 Y107.829 E.00819
G1 X109.212 Y107.736 E.00819
G1 X109.449 Y107.667 E.00819
G1 X109.684 Y107.624 E.00789
G1 X110.084 Y107.605 E.01331
G1 X110.307 Y107.623 E.00743
G1 X110.551 Y107.667 E.0082
G1 X110.788 Y107.736 E.00819
G1 X111.016 Y107.829 E.00819
G1 X111.234 Y107.945 E.00819
G1 X111.439 Y108.083 E.00819
G1 X111.628 Y108.241 E.00819
G1 X111.801 Y108.418 E.00819
G1 X111.954 Y108.611 E.00819
G1 X112.081 Y108.812 E.00789
G1 X112.25 Y109.176 E.01331
G1 X112.369 Y109.631 E.01561
G1 X112.394 Y109.877 E.00819
G1 X112.394 Y110.116 E.00793
G1 X112.344 Y110.498 E.01279
G1 X112.284 Y110.729 E.00793
G1 X112.197 Y110.96 E.00819
G1 X112.086 Y111.181 E.00819
G1 X111.954 Y111.389 E.00819
G1 X111.801 Y111.582 E.00819
G1 X111.628 Y111.759 E.00819
G1 X111.439 Y111.917 E.00819
G1 X111.234 Y112.055 E.00819
G1 X111.016 Y112.171 E.00819
G1 X110.788 Y112.264 E.00819
G1 X110.551 Y112.333 E.00819
G1 X110.315 Y112.376 E.00793
G1 X109.931 Y112.396 E.01279
G1 X109.692 Y112.377 E.00793
G1 X109.449 Y112.333 E.00819
G1 X109.212 Y112.264 E.00819
G1 X108.984 Y112.171 E.00819
G1 X108.766 Y112.055 E.00819
G1 X108.561 Y111.917 E.00819
G1 X108.372 Y111.759 E.00819
G1 X108.199 Y111.582 E.00819
G1 X108.046 Y111.389 E.00819
G1 X107.919 Y111.188 E.00789
G1 X107.75 Y110.824 E.01331
G1 X107.631 Y110.369 E.01561
G1 X107.606 Y110.123 E.00819
G1 X107.606 Y109.884 E.00793
G1 X107.656 Y109.502 E.01278
G1 X107.716 Y109.271 E.00793
G1 X107.788 Y109.082 E.0067
M204 S2000
G1 E-.8 F3600
G1 X111.417 Y109.663 F18000
G1 E.8 F3600
M204 S1000
;TYPE:Outer wall
;WIDTH:0.42
G1 F1200
G1 X111.324 Y109.381 E.00913
G1 X111.142 Y109.089 E.01056
G1 X110.977 Y108.914 E.00739
G1 X110.7 Y108.718 E.01043
G1 X110.484 Y108.622 E.00726
G1 X110.257 Y108.562 E.00724
G1 X109.945 Y108.541 E.0096
G1 X109.684 Y108.574 E.00807
G1 X109.458 Y108.643 E.00728
G1 X109.182 Y108.79 E.0096
G1 X108.978 Y108.956 E.00807
G1 X108.822 Y109.135 E.00731
G1 X108.653 Y109.434 E.01056
G1 X108.558 Y109.764 E.01056
G1 X108.539 Y110 E.00726
G1 X108.558 Y110.236 E.00726
G1 X108.653 Y110.566 E.01056
G1 X108.822 Y110.865 E.01056
G1 X108.98 Y111.046 E.00737
G1 X109.226 Y111.238 E.0096
G1 X109.463 Y111.359 E.00818
G1 X109.766 Y111.441 E.00964
G1 X110.028 Y111.461 E.00807
G1 X110.264 Y111.437 E.00731
G1 X110.589 Y111.337 E.01043
G1 X110.8 Y111.222 E.00739
G1 X111.061 Y111.005 E.01043
G1 X111.211 Y110.817 E.00739
G1 X111.369 Y110.513 E.01053
G1 X111.446 Y110.206 E.00973
G1 X111.46 Y109.943 E.00807
G1 X111.431 Y109.707 E.00731
G1 X111.423 Y109.682 E.00082
M204 S2000
G1 X111.806 Y109.59 F18000
M204 S1500
;TYPE:Inner wall
;WIDTH:0.45
G1 F1200
G1 X111.682 Y109.214 E.01314
G1 X111.454 Y108.849 E.01426
G1 X111.236 Y108.617 E.01057
G1 X110.895 Y108.375 E.01385
G1 X110.615 Y108.251 E.01017
G1 X110.321 Y108.173 E.0101
G1 X109.934 Y108.147 E.01286
G1 X109.602 Y108.189 E.0111
G1 X109.307 Y108.28 E.01023
G1 X108.965 Y108.462 E.01286
G1 X108.705 Y108.673 E.0111
G1 X108.501 Y108.907 E.01031
G1 X108.288 Y109.281 E.01426
G1 X108.17 Y109.694 E.01426
G1 X108.146 Y110 E.01017
G1 X108.17 Y110.306 E.01017
G1 X108.288 Y110.719 E.01426
G1 X108.501 Y111.093 E.01426
G1 X108.709 Y111.331 E.0105
G1 X109.014 Y111.57 E.01286
G1 X109.321 Y111.726 E.01142
G1 X109.699 Y111.83 E.013
G1 X110.033 Y111.854 E.0111
G1 X110.342 Y111.823 E.01031
G1 X110.741 Y111.7 E.01386
G1 X111.021 Y111.548 E.01057
G1 X111.342 Y111.281 E.01385
G1 X111.541 Y111.032 E.01057
G1 X111.738 Y110.652 E.01418
G1 X111.835 Y110.264 E.01327
G1 X111.853 Y109.93 E.0111
G1 X111.816 Y109.622 E.01031
G1 X111.812 Y109.609 E.00045
G1 E-.8 F3600
M204 S2000
G1 X112.063 Y109.542 F18000
G1 E.8 F3600
;TYPE:Gap infill
;WIDTH:0.174956
G1 F1200
G1 X111.992 Y109.274 E.00298
G1 X111.84 Y108.946 E.00389
G1 X111.595 Y108.599 E.00458
G1 X111.273 Y108.304 E.00469
G1 X110.9 Y108.078 E.00469
G1 X110.486 Y107.934 E.00472
G1 X110.08 Y107.881 E.0044
G1 X109.717 Y107.898 E.00391
G1 X109.303 Y107.995 E.00458
G1 X108.908 Y108.181 E.0047
G1 X108.557 Y108.441 E.0047
G1 X108.268 Y108.769 E.0047
G1 X108.043 Y109.17 E.00495
G1 X107.907 Y109.64 E.00527
G1 X107.878 Y109.995 E.00383
G1 X107.903 Y110.347 E.0038
G1 X108.039 Y110.816 E.00525
G1 X108.161 Y111.054 E.00288
G1 X108.406 Y111.401 E.00458
G1 X108.727 Y111.696 E.00469
G1 X109.102 Y111.923 E.00471
G1 X109.301 Y112.005 E.00231
G1 X109.648 Y112.093 E.00385
G1 X109.934 Y112.121 E.0031
G1 X110.282 Y112.104 E.00375
G1 X110.697 Y112.003 E.00459
G1 X111.093 Y111.82 E.0047
G1 X111.441 Y111.557 E.0047
G1 X111.731 Y111.231 E.0047
G1 X111.945 Y110.85 E.0047
G1 X112.074 Y110.443 E.00459
G1 X112.119 Y110.1 E.00372
G1 X112.098 Y109.673 E.0046
G1 X112.068 Y109.562 E.00124
; stop printing object separador_timon.stl id:0 copy 0
; printing object "separador_timon.stl" id:1 copy 0
G1 E-.8 F3600
G1 X107.432 Y135.016 F18000
G1 E.8 F3600
M204 S1000
;TYPE:Outer wall
;WIDTH:0.42
G1 F1200
G1 X107.448 Y134.974 E.00138
G1 X107.577 Y134.717 E.00883
G1 X107.731 Y134.475 E.00883
G1 X107.909 Y134.25 E.00883
G1 X108.109 Y134.044 E.00883
G1 X108.33 Y133.86 E.00883
G1 X108.568 Y133.7 E.00883
G1 X108.822 Y133.565 E.00883
G1 X109.088 Y133.456 E.00883
G1 X109.364 Y133.376 E.00883
G1 X109.643 Y133.325 E.00873
G1 X110.095 Y133.303 E.01389
G1 X110.362 Y133.325 E.00826
G1 X110.645 Y133.376 E.00883
G1 X110.921 Y133.456 E.00883
G1 X111.187 Y133.565 E.00883
G1 X111.441 Y133.7 E.00883
G1 X111.679 Y133.86 E.00883
G1 X111.899 Y134.044 E.00883
G1 X112.1 Y134.25 E.00883
G1 X112.278 Y134.475 E.00883
G1 X112.431 Y134.715 E.00873
G1 X112.621 Y135.125 E.01389
G1 X112.702 Y135.381 E.00826
G1 X112.761 Y135.662 E.00883
G1 X112.79 Y135.948 E.00883
G1 X112.79 Y136.232 E.00874
G1 X112.734 Y136.665 E.0134
G1 X112.662 Y136.94 E.00874
G1 X112.561 Y137.208 E.00883
G1 X112.432 Y137.465 E.00883
G1 X112.278 Y137.708 E.00883
G1 X112.1 Y137.933 E.00883
G1 X111.899 Y138.139 E.00883
G1 X111.679 Y138.323 E.00883
G1 X111.441 Y138.483 E.00882
G1 X111.187 Y138.618 E.00883
G1 X110.921 Y138.726 E.00883
G1 X110.645 Y138.806 E.00883
G1 X110.365 Y138.857 E.00874
G1 X109.93 Y138.88 E.0134
G1 X109.646 Y138.858 E.00874
G1 X109.364 Y138.806 E.00883
G1 X109.088 Y138.726 E.00883
G1 X108.822 Y138.618 E.00883
G1 X108.568 Y138.483 E.00883
G1 X108.33 Y138.323 E.00882
G1 X108.109 Y138.139 E.00883
G1 X107.909 Y137.933 E.00882
G1 X107.731 Y137.708 E.00883
G1 X107.578 Y137.468 E.00873
G1 X107.388 Y137.058 E.01389
G1 X107.307 Y136.802 E.00826
G1 X107.248 Y136.521 E.00883
G1 X107.218 Y136.235 E.00883
G1 X107.218 Y135.95 E.00874
G1 X107.274 Y135.518 E.0134
G1 X107.347 Y135.243 E.00874
G1 X107.425 Y135.035 E.00683
M204 S2000
G1 X107.799 Y135.155 F18000
M204 S1500
;TYPE:Inner wall
;WIDTH:0.45
G1 F1200
G1 X107.808 Y135.131 E.00082
G1 X107.918 Y134.911 E.00819
G1 X108.051 Y134.702 E.00819
G1 X108.204 Y134.509 E.00819
G1 X108.376 Y134.332 E.00819
G1 X108.566 Y134.174 E.00819
G1 X108.77 Y134.036 E.00819
G1 X108.988 Y133.92 E.00819
G1 X109.217 Y133.827 E.00819
G1 X109.454 Y133.758 E.00819
G1 X109.688 Y133.716 E.00789
G1 X110.089 Y133.696 E.01331
G1 X110.312 Y133.714 E.00743
G1 X110.555 Y133.758 E.0082
G1 X110.792 Y133.827 E.00819
G1 X111.021 Y133.92 E.00819
G1 X111.238 Y134.036 E.00819
G1 X111.443 Y134.174 E.00819
G1 X111.633 Y134.332 E.00819
G1 X111.805 Y134.509 E.00819
G1 X111.958 Y134.702 E.00819
G1 X112.086 Y134.903 E.00789
G1 X112.255 Y135.267 E.01331
G1 X112.373 Y135.722 E.01561
G1 X112.398 Y135.968 E.00819
G1 X112.398 Y136.207 E.00793
G1 X112.349 Y136.589 E.01279
G1 X112.288 Y136.82 E.00793
G1 X112.201 Y137.051 E.00819
G1 X112.091 Y137.272 E.00819
G1 X111.958 Y137.48 E.00819
G1 X111.805 Y137.674 E.00819
G1 X111.633 Y137.85 E.00819
G1 X111.443 Y138.009 E.00819
G1 X111.238 Y138.146 E.00819
G1 X111.021 Y138.262 E.00819
G1 X110.792 Y138.355 E.00819
G1 X110.555 Y138.424 E.00819
G1 X110.32 Y138.467 E.00793
G1 X109.935 Y138.487 E.01279
G1 X109.697 Y138.469 E.00793
G1 X109.454 Y138.424 E.00819
G1 X109.217 Y138.355 E.00819
G1 X108.988 Y138.262 E.00819
G1 X108.77 Y138.146 E.00819
G1 X108.566 Y138.009 E.00819
G1 X108.376 Y137.85 E.00819
G1 X108.204 Y137.674 E.00819
G1 X108.051 Y137.48 E.00819
G1 X107.923 Y137.279 E.00789
G1 X107.754 Y136.916 E.01331
G1 X107.636 Y136.46 E.01561
G1 X107.61 Y136.215 E.00819
G1 X107.61 Y135.976 E.00793
G1 X107.66 Y135.593 E.01278
G1 X107.721 Y135.362 E.00793
G1 X107.792 Y135.173 E.0067
M204 S2000
G1 E-.8 F3600
G1 X111.421 Y135.754 F18000
G1 E.8 F3600
M204 S1000
;TYPE:Outer wall
;WIDTH:0.42
G1 F1200
G1 X111.328 Y135.472 E.00913
G1 X111.147 Y135.18 E.01056
G1 X110.982 Y135.005 E.00739
G1 X110.705 Y134.809 E.01043
G1 X110.489 Y134.713 E.00726
G1 X110.261 Y134.653 E.00724
G1 X109.949 Y134.632 E.0096
G1 X109.689 Y134.665 E.00807
G1 X109.462 Y134.735 E.00728
G1 X109.187 Y134.881 E.0096
G1 X108.983 Y135.047 E.00807
G1 X108.827 Y135.227 E.00731
G1 X108.657 Y135.525 E.01056
G1 X108.562 Y135.856 E.01056
G1 X108.544 Y136.091 E.00726
G1 X108.562 Y136.327 E.00726
G1 X108.657 Y136.657 E.01056
G1 X108.827 Y136.956 E.01056
G1 X108.984 Y137.137 E.00737
G1 X109.23 Y137.329 E.0096
G1 X109.467 Y137.45 E.00818
G1 X109.77 Y137.533 E.00964
G1 X110.032 Y137.552 E.00807
G1 X110.269 Y137.528 E.00731
G1 X110.593 Y137.428 E.01043
G1 X110.804 Y137.314 E.00739
G1 X111.065 Y137.096 E.01043
G1 X111.215 Y136.909 E.00739
G1 X111.373 Y136.604 E.01053
G1 X111.45 Y136.297 E.00973
G1 X111.464 Y136.035 E.00807
G1 X111.436 Y135.799 E.00731
G1 X111.427 Y135.773 E.00082
M204 S2000
G1 X111.81 Y135.681 F18000
M204 S1500
;TYPE:Inner wall
;WIDTH:0.45
G1 F1200
G1 X111.686 Y135.305 E.01314
G1 X111.459 Y134.94 E.01426
G1 X111.24 Y134.708 E.01057
G1 X110.9 Y134.467 E.01385
G1 X110.619 Y134.342 E.01017
G1 X110.325 Y134.264 E.0101
G1 X109.938 Y134.238 E.01286
G1 X109.606 Y134.28 E.0111
G1 X109.311 Y134.371 E.01023
G1 X108.969 Y134.553 E.01286
G1 X108.709 Y134.764 E.0111
G1 X108.505 Y134.999 E.01031
G1 X108.293 Y135.372 E.01426
G1 X108.175 Y135.786 E.01426
G1 X108.15 Y136.091 E.01017
G1 X108.175 Y136.397 E.01017
G1 X108.293 Y136.81 E.01426
G1 X108.505 Y137.184 E.01426
G1 X108.713 Y137.423 E.0105
G1 X109.018 Y137.661 E.01286
G1 X109.325 Y137.818 E.01142
G1 X109.703 Y137.921 E.013
G1 X110.037 Y137.945 E.0111
G1 X110.346 Y137.914 E.01031
G1 X110.746 Y137.792 E.01386
G1 X111.026 Y137.64 E.01057
G1 X111.346 Y137.372 E.01385
G1 X111.546 Y137.123 E.01057
G1 X111.742 Y136.744 E.01418
G1 X111.84 Y136.356 E.01327
G1 X111.857 Y136.022 E.0111
G1 X111.82 Y135.713 E.01031
G1 X111.816 Y135.7 E.00045
M204 S2000
G1 X112.067 Y135.634 F18000
;TYPE:Gap infill
;WIDTH:0.174956
G1 F1200
G1 X111.996 Y135.365 E.00298
G1 X111.844 Y135.037 E.00389
G1 X111.599 Y134.69 E.00458
G1 X111.277 Y134.395 E.00469
G1 X110.904 Y134.169 E.00469
G1 X110.49 Y134.025 E.00472
G1 X110.084 Y133.972 E.0044
G1 X109.721 Y133.989 E.00391
G1 X109.307 Y134.086 E.00458
G1 X108.912 Y134.272 E.0047
G1 X108.562 Y134.533 E.0047
G1 X108.272 Y134.86 E.0047
G1 X108.047 Y135.261 E.00495
G1 X107.912 Y135.732 E.00527
G1 X107.883 Y136.086 E.00383
G1 X107.908 Y136.439 E.0038
G1 X108.044 Y136.907 E.00525
G1 X108.165 Y137.145 E.00288
G1 X108.41 Y137.492 E.00458
G1 X108.732 Y137.787 E.00469
G1 X109.106 Y138.014 E.00471
G1 X109.305 Y138.096 E.00231
G1 X109.652 Y138.184 E.00385
G1 X109.938 Y138.213 E.0031
G1 X110.286 Y138.195 E.00375
G1 X110.701 Y138.094 E.00459
G1 X111.097 Y137.912 E.0047
G1 X111.445 Y137.648 E.0047
G1 X111.736 Y137.322 E.0047
G1 X111.949 Y136.941 E.0047
G1 X112.078 Y136.534 E.00459
G1 X112.123 Y136.191 E.00372
G1 X112.102 Y135.764 E.0046
G1 X112.072 Y135.653 E.00124
; stop printing object separador_timon.stl id:1 copy 0
; end of layer_num: 54, T: 0, print_z: 10.840000
;LAYER_CHANGE
;Z:11.04
;HEIGHT:0.2
; BEFORE_LAYER_CHANGE 54 @ 11.04mm
G92 E0
; AFTER_LAYER_CHANGE 54 @ 11.04mm
; start of layer_num: 55, T: 0, print_z: 11.040000
; printing object "separador_timon.stl" id:0 copy 0
G1 E-.8 F3600
G1 X107.426 Y108.93 Z11.04 F18000
G1 E.8 F3600
M204 S1000
;TYPE:Outer wall
;WIDTH:0.42
G1 F1200
G1 X107.444 Y108.883 E.00155
G1 X107.572 Y108.626 E.00883
G1 X107.726 Y108.384 E.00883
G1 X107.905 Y108.158 E.00883
G1 X108.105 Y107.953 E.00883
G1 X108.326 Y107.769 E.00883
G1 X108.564 Y107.608 E.00883
G1 X108.817 Y107.473 E.00883
G1 X109.083 Y107.365 E.00883
G1 X109.359 Y107.285 E.00883
G1 X109.639 Y107.234 E.00873
G1 X110.088 Y107.212 E.01381
G1 X110.358 Y107.233 E.00833
G1 X110.641 Y107.285 E.00883
G1 X110.917 Y107.365 E.00883
G1 X111.183 Y107.473 E.00882
G1 X111.436 Y107.608 E.00883
G1 X111.674 Y107.769 E.00883
G1 X111.895 Y107.953 E.00883
G1 X112.095 Y108.158 E.00883
G1 X112.274 Y108.384 E.00883
G1 X112.428 Y108.626 E.00883
G1 X112.556 Y108.883 E.00883
G1 X112.658 Y109.152 E.00883
G1 X112.731 Y109.429 E.00883
G1 X112.775 Y109.71 E.00874
G1 X112.786 Y110.143 E.0133
G1 X112.727 Y110.586 E.01373
G1 X112.658 Y110.848 E.00833
G1 X112.556 Y111.117 E.00883
G1 X112.428 Y111.374 E.00883
G1 X112.274 Y111.616 E.00883
G1 X112.095 Y111.842 E.00883
G1 X111.895 Y112.047 E.00883
G1 X111.674 Y112.231 E.00883
G1 X111.439 Y112.39 E.00873
G1 X111.036 Y112.59 E.01381
G1 X110.78 Y112.679 E.00833
G1 X110.5 Y112.745 E.00883
G1 X110.215 Y112.781 E.00883
G1 X109.928 Y112.789 E.00883
G1 X109.642 Y112.767 E.00883
G1 X109.359 Y112.715 E.00883
G1 X109.083 Y112.635 E.00883
G1 X108.817 Y112.527 E.00883
G1 X108.564 Y112.392 E.00883
G1 X108.328 Y112.233 E.00873
G1 X107.991 Y111.935 E.01381
G1 X107.813 Y111.731 E.00833
G1 X107.646 Y111.497 E.00883
G1 X107.505 Y111.247 E.00883
G1 X107.39 Y110.984 E.00883
G1 X107.302 Y110.71 E.00883
G1 X107.244 Y110.429 E.00883
G1 X107.214 Y110.144 E.00883
G1 X107.214 Y109.859 E.00873
G1 X107.273 Y109.414 E.01381
G1 X107.342 Y109.152 E.00833
G1 X107.419 Y108.949 E.00667
M204 S2000
G1 X107.793 Y109.068 F18000
M204 S1500
;TYPE:Inner wall
;WIDTH:0.45
G1 F1200
G1 X107.803 Y109.04 E.001
G1 X107.914 Y108.819 E.00819
G1 X108.046 Y108.611 E.00819
G1 X108.199 Y108.418 E.00819
G1 X108.372 Y108.241 E.00819
G1 X108.561 Y108.083 E.00819
G1 X108.766 Y107.945 E.00819
G1 X108.984 Y107.829 E.00819
G1 X109.212 Y107.736 E.00819
G1 X109.449 Y107.667 E.00819
G1 X109.684 Y107.624 E.0079
G1 X110.082 Y107.605 E.01322
G1 X110.307 Y107.623 E.00751
G1 X110.551 Y107.667 E.0082
G1 X110.788 Y107.736 E.00819
G1 X111.016 Y107.829 E.00819
G1 X111.234 Y107.945 E.00819
G1 X111.439 Y108.083 E.00819
G1 X111.628 Y108.241 E.00819
G1 X111.801 Y108.418 E.00819
G1 X111.954 Y108.611 E.00819
G1 X112.086 Y108.819 E.00819
G1 X112.197 Y109.04 E.00819
G1 X112.284 Y109.271 E.00819
G1 X112.346 Y109.51 E.00819
G1 X112.383 Y109.746 E.00793
G1 X112.393 Y110.122 E.0125
G1 X112.342 Y110.51 E.01297
G1 X112.284 Y110.729 E.00751
G1 X112.197 Y110.96 E.0082
G1 X112.086 Y111.181 E.00819
G1 X111.954 Y111.389 E.00819
G1 X111.801 Y111.582 E.00819
G1 X111.628 Y111.759 E.00819
G1 X111.439 Y111.917 E.00819
G1 X111.241 Y112.05 E.0079
G1 X110.884 Y112.227 E.01322
G1 X110.67 Y112.302 E.00751
G1 X110.43 Y112.358 E.0082
G1 X110.185 Y112.39 E.00819
G1 X109.938 Y112.396 E.00819
G1 X109.692 Y112.377 E.00819
G1 X109.449 Y112.333 E.00819
G1 X109.212 Y112.264 E.00819
G1 X108.984 Y112.171 E.00819
G1 X108.766 Y112.055 E.00819
G1 X108.568 Y111.922 E.0079
G1 X108.27 Y111.658 E.01322
G1 X108.121 Y111.488 E.00751
G1 X107.977 Y111.287 E.0082
G1 X107.856 Y111.072 E.00819
G1 X107.757 Y110.846 E.00819
G1 X107.682 Y110.61 E.00819
G1 X107.631 Y110.369 E.00819
G1 X107.606 Y110.123 E.00819
G1 X107.606 Y109.885 E.0079
G1 X107.658 Y109.49 E.01322
G1 X107.716 Y109.271 E.00751
G1 X107.786 Y109.087 E.00654
M204 S2000
G1 E-.8 F3600
G1 X111.417 Y109.663 F18000
G1 E.8 F3600
M204 S1000
;TYPE:Outer wall
;WIDTH:0.42
G1 F1200
G1 X111.324 Y109.382 E.00909
G1 X111.158 Y109.11 E.00977
G1 X110.978 Y108.915 E.00816
G1 X110.7 Y108.718 E.01047
G1 X110.484 Y108.622 E.00726
G1 X110.257 Y108.562 E.00724
G1 X109.944 Y108.541 E.00964
G1 X109.684 Y108.574 E.00803
G1 X109.457 Y108.644 E.0073
G1 X109.159 Y108.805 E.01043
G1 X108.975 Y108.959 E.00737
G1 X108.777 Y109.202 E.00964
G1 X108.652 Y109.436 E.00814
G1 X108.563 Y109.738 E.00968
G1 X108.539 Y109.999 E.00803
G1 X108.558 Y110.236 E.0073
G1 X108.653 Y110.566 E.01056
G1 X108.822 Y110.865 E.01056
G1 X108.98 Y111.046 E.00737
G1 X109.227 Y111.239 E.00964
G1 X109.463 Y111.359 E.00814
G1 X109.767 Y111.442 E.00968
G1 X110.028 Y111.461 E.00803
G1 X110.264 Y111.437 E.0073
G1 X110.592 Y111.336 E.01054
G1 X110.866 Y111.175 E.00977
G1 X111.065 Y111 E.00814
G1 X111.254 Y110.748 E.00968
G1 X111.369 Y110.51 E.00814
G1 X111.446 Y110.204 E.00968
G1 X111.46 Y109.943 E.00803
G1 X111.431 Y109.707 E.0073
G1 X111.423 Y109.682 E.00083
M204 S2000
G1 X111.82 Y109.655 F18000
M204 S1500
;TYPE:Inner wall
;WIDTH:0.45
G1 F1200
G1 X111.816 Y109.622 E.00112
G1 X111.682 Y109.216 E.01418
G1 X111.473 Y108.873 E.01332
G1 X111.239 Y108.619 E.01145
G1 X110.895 Y108.375 E.01399
G1 X110.615 Y108.251 E.01017
G1 X110.32 Y108.173 E.0101
G1 X109.932 Y108.147 E.01292
G1 X109.602 Y108.189 E.01105
G1 X109.305 Y108.28 E.0103
G1 X108.937 Y108.479 E.01385
G1 X108.695 Y108.682 E.0105
G1 X108.449 Y108.984 E.01292
G1 X108.287 Y109.287 E.01138
G1 X108.176 Y109.664 E.01305
G1 X108.146 Y109.996 E.01105
G1 X108.17 Y110.306 E.0103
G1 X108.288 Y110.719 E.01426
G1 X108.501 Y111.093 E.01426
G1 X108.709 Y111.331 E.0105
G1 X109.015 Y111.571 E.01292
G1 X109.321 Y111.727 E.01138
G1 X109.701 Y111.83 E.01305
G1 X110.033 Y111.854 E.01105
G1 X110.342 Y111.823 E.0103
G1 X110.751 Y111.698 E.01418
G1 X111.097 Y111.495 E.01332
G1 X111.354 Y111.268 E.01138
G1 X111.59 Y110.953 E.01305
G1 X111.74 Y110.644 E.01138
G1 X111.835 Y110.263 E.01305
G1 X111.853 Y109.93 E.01105
G1 X111.822 Y109.675 E.00852
G1 E-.8 F3600
M204 S2000
G1 X112.085 Y109.642 F18000
G1 E.8 F3600
;TYPE:Gap infill
;WIDTH:0.175727
G1 F1200
G1 X112.074 Y109.558 E.00091
G1 X112.019 Y109.355 E.00227
G1 X111.92 Y109.098 E.00299
G1 X111.682 Y108.708 E.00494
G1 X111.419 Y108.424 E.00418
G1 X111.273 Y108.304 E.00205
G1 X111.032 Y108.147 E.00311
G1 X110.708 Y108.002 E.00385
G1 X110.358 Y107.906 E.00392
G1 X109.93 Y107.88 E.00464
G1 X109.551 Y107.928 E.00414
G1 X109.207 Y108.032 E.00389
G1 X108.793 Y108.256 E.00509
G1 X108.508 Y108.49 E.00399
G1 X108.229 Y108.831 E.00477
G1 X108.04 Y109.179 E.00428
G1 X107.913 Y109.608 E.00484
G1 X107.878 Y109.989 E.00414
G1 X107.903 Y110.347 E.00389
G1 X108.039 Y110.816 E.00528
G1 X108.277 Y111.243 E.0053
G1 X108.52 Y111.522 E.004
G1 X108.875 Y111.803 E.00491
G1 X109.231 Y111.979 E.00429
G1 X109.662 Y112.096 E.00483
G1 X110.042 Y112.121 E.00412
G1 X110.4 Y112.082 E.0039
G1 X110.852 Y111.946 E.0051
G1 X111.248 Y111.714 E.00497
G1 X111.546 Y111.453 E.00428
G1 X111.815 Y111.097 E.00483
G1 X111.988 Y110.741 E.00428
G1 X112.099 Y110.309 E.00483
G1 X112.121 Y109.927 E.00414
G1 X112.087 Y109.662 E.00289
; stop printing object separador_timon.stl id:0 copy 0
; printing object "separador_timon.stl" id:1 copy 0
G1 E-.8 F3600
G1 X107.43 Y135.021 F18000
G1 E.8 F3600
M204 S1000
;TYPE:Outer wall
;WIDTH:0.42
G1 F1200
G1 X107.448 Y134.974 E.00155
G1 X107.577 Y134.717 E.00883
G1 X107.731 Y134.475 E.00883
G1 X107.909 Y134.25 E.00883
G1 X108.109 Y134.044 E.00883
G1 X108.33 Y133.86 E.00883
G1 X108.568 Y133.7 E.00883
G1 X108.822 Y133.565 E.00883
G1 X109.088 Y133.456 E.00883
G1 X109.364 Y133.376 E.00883
G1 X109.643 Y133.325 E.00873
G1 X110.092 Y133.303 E.01381
G1 X110.362 Y133.325 E.00833
G1 X110.645 Y133.376 E.00883
G1 X110.921 Y133.456 E.00883
G1 X111.187 Y133.565 E.00882
G1 X111.441 Y133.7 E.00883
G1 X111.679 Y133.86 E.00883
G1 X111.899 Y134.044 E.00883
G1 X112.1 Y134.25 E.00883
G1 X112.278 Y134.475 E.00883
G1 X112.432 Y134.717 E.00883
G1 X112.561 Y134.974 E.00883
G1 X112.662 Y135.243 E.00883
G1 X112.735 Y135.521 E.00883
G1 X112.779 Y135.802 E.00874
G1 X112.79 Y136.235 E.0133
G1 X112.731 Y136.677 E.01373
G1 X112.662 Y136.94 E.00833
G1 X112.561 Y137.208 E.00883
G1 X112.432 Y137.465 E.00883
G1 X112.278 Y137.708 E.00883
G1 X112.1 Y137.933 E.00883
G1 X111.899 Y138.139 E.00883
G1 X111.679 Y138.323 E.00883
G1 X111.443 Y138.481 E.00873
G1 X111.04 Y138.681 E.01381
G1 X110.784 Y138.77 E.00833
G1 X110.505 Y138.836 E.00883
G1 X110.22 Y138.873 E.00883
G1 X109.933 Y138.88 E.00883
G1 X109.646 Y138.858 E.00883
G1 X109.364 Y138.806 E.00883
G1 X109.088 Y138.726 E.00883
G1 X108.822 Y138.618 E.00883
G1 X108.568 Y138.483 E.00883
G1 X108.332 Y138.324 E.00873
G1 X107.996 Y138.027 E.01381
G1 X107.817 Y137.823 E.00833
G1 X107.65 Y137.589 E.00883
G1 X107.509 Y137.339 E.00883
G1 X107.394 Y137.075 E.00883
G1 X107.307 Y136.802 E.00883
G1 X107.248 Y136.521 E.00883
G1 X107.218 Y136.235 E.00883
G1 X107.218 Y135.951 E.00873
G1 X107.277 Y135.505 E.01381
G1 X107.347 Y135.243 E.00833
G1 X107.423 Y135.04 E.00667
M204 S2000
G1 X107.797 Y135.16 F18000
M204 S1500
;TYPE:Inner wall
;WIDTH:0.45
G1 F1200
G1 X107.808 Y135.131 E.001
G1 X107.918 Y134.911 E.00819
G1 X108.051 Y134.702 E.00819
G1 X108.204 Y134.509 E.00819
G1 X108.376 Y134.332 E.00819
G1 X108.566 Y134.174 E.00819
G1 X108.77 Y134.036 E.00819
G1 X108.988 Y133.92 E.00819
G1 X109.217 Y133.827 E.00819
G1 X109.454 Y133.758 E.00819
G1 X109.688 Y133.716 E.0079
G1 X110.086 Y133.696 E.01322
G1 X110.312 Y133.714 E.00751
G1 X110.555 Y133.758 E.0082
G1 X110.792 Y133.827 E.00819
G1 X111.021 Y133.92 E.00819
G1 X111.238 Y134.036 E.00819
G1 X111.443 Y134.174 E.00819
G1 X111.633 Y134.332 E.00819
G1 X111.805 Y134.509 E.00819
G1 X111.958 Y134.702 E.00819
G1 X112.091 Y134.911 E.00819
G1 X112.201 Y135.131 E.00819
G1 X112.288 Y135.362 E.00819
G1 X112.351 Y135.601 E.00819
G1 X112.388 Y135.837 E.00793
G1 X112.397 Y136.214 E.0125
G1 X112.346 Y136.601 E.01297
G1 X112.288 Y136.82 E.00751
G1 X112.201 Y137.051 E.0082
G1 X112.091 Y137.272 E.00819
G1 X111.958 Y137.48 E.00819
G1 X111.805 Y137.674 E.00819
G1 X111.633 Y137.85 E.00819
G1 X111.443 Y138.009 E.00819
G1 X111.246 Y138.142 E.0079
G1 X110.888 Y138.319 E.01322
G1 X110.675 Y138.393 E.00751
G1 X110.434 Y138.45 E.0082
G1 X110.189 Y138.481 E.00819
G1 X109.943 Y138.488 E.00819
G1 X109.697 Y138.469 E.00819
G1 X109.454 Y138.424 E.00819
G1 X109.217 Y138.355 E.00819
G1 X108.988 Y138.262 E.00819
G1 X108.77 Y138.146 E.00819
G1 X108.573 Y138.013 E.0079
G1 X108.274 Y137.749 E.01322
G1 X108.125 Y137.579 E.00751
G1 X107.982 Y137.378 E.0082
G1 X107.86 Y137.163 E.00819
G1 X107.761 Y136.937 E.00819
G1 X107.686 Y136.702 E.00819
G1 X107.636 Y136.46 E.00819
G1 X107.61 Y136.215 E.00819
G1 X107.61 Y135.977 E.0079
G1 X107.663 Y135.581 E.01322
G1 X107.721 Y135.363 E.00751
G1 X107.79 Y135.178 E.00654
M204 S2000
G1 E-.8 F3600
G1 X111.421 Y135.754 F18000
G1 E.8 F3600
M204 S1000
;TYPE:Outer wall
;WIDTH:0.42
G1 F1200
G1 X111.329 Y135.473 E.00909
G1 X111.162 Y135.202 E.00977
G1 X110.983 Y135.006 E.00816
G1 X110.705 Y134.809 E.01047
G1 X110.489 Y134.713 E.00726
G1 X110.261 Y134.653 E.00724
G1 X109.948 Y134.632 E.00964
G1 X109.689 Y134.665 E.00803
G1 X109.462 Y134.735 E.0073
G1 X109.163 Y134.897 E.01043
G1 X108.979 Y135.05 E.00737
G1 X108.781 Y135.294 E.00964
G1 X108.656 Y135.527 E.00814
G1 X108.568 Y135.83 E.00968
G1 X108.544 Y136.09 E.00803
G1 X108.562 Y136.327 E.0073
G1 X108.657 Y136.657 E.01056
G1 X108.827 Y136.956 E.01056
G1 X108.984 Y137.137 E.00737
G1 X109.231 Y137.33 E.00964
G1 X109.467 Y137.45 E.00814
G1 X109.771 Y137.533 E.00968
G1 X110.032 Y137.552 E.00803
G1 X110.269 Y137.528 E.0073
G1 X110.596 Y137.427 E.01054
G1 X110.871 Y137.267 E.00977
G1 X111.069 Y137.092 E.00814
G1 X111.258 Y136.84 E.00968
G1 X111.374 Y136.601 E.00814
G1 X111.45 Y136.296 E.00968
G1 X111.464 Y136.035 E.00803
G1 X111.436 Y135.799 E.0073
G1 X111.427 Y135.773 E.00083
M204 S2000
G1 X111.824 Y135.746 F18000
M204 S1500
;TYPE:Inner wall
;WIDTH:0.45
G1 F1200
G1 X111.82 Y135.713 E.00112
G1 X111.687 Y135.307 E.01418
G1 X111.477 Y134.965 E.01332
G1 X111.244 Y134.71 E.01145
G1 X110.9 Y134.467 E.01399
G1 X110.619 Y134.342 E.01017
G1 X110.325 Y134.264 E.0101
G1 X109.936 Y134.238 E.01292
G1 X109.606 Y134.28 E.01105
G1 X109.309 Y134.372 E.0103
G1 X108.942 Y134.571 E.01385
G1 X108.699 Y134.774 E.0105
G1 X108.453 Y135.076 E.01292
G1 X108.292 Y135.378 E.01138
G1 X108.181 Y135.756 E.01305
G1 X108.15 Y136.087 E.01105
G1 X108.175 Y136.397 E.0103
G1 X108.293 Y136.81 E.01426
G1 X108.505 Y137.184 E.01426
G1 X108.713 Y137.423 E.0105
G1 X109.02 Y137.662 E.01292
G1 X109.326 Y137.818 E.01138
G1 X109.705 Y137.921 E.01305
G1 X110.037 Y137.945 E.01105
G1 X110.346 Y137.914 E.0103
G1 X110.755 Y137.789 E.01418
G1 X111.102 Y137.586 E.01332
G1 X111.359 Y137.359 E.01138
G1 X111.595 Y137.044 E.01305
G1 X111.744 Y136.736 E.01138
G1 X111.84 Y136.354 E.01305
G1 X111.857 Y136.021 E.01105
G1 X111.827 Y135.766 E.00852
M204 S2000
G1 X112.089 Y135.733 F18000
;TYPE:Gap infill
;WIDTH:0.175727
G1 F1200
G1 X112.078 Y135.649 E.00091
G1 X112.024 Y135.447 E.00227
G1 X111.925 Y135.189 E.00299
G1 X111.686 Y134.799 E.00494
G1 X111.424 Y134.515 E.00418
G1 X111.277 Y134.395 E.00205
G1 X111.036 Y134.238 E.00311
G1 X110.712 Y134.093 E.00385
G1 X110.362 Y133.997 E.00392
G1 X109.934 Y133.971 E.00464
G1 X109.555 Y134.019 E.00414
G1 X109.211 Y134.123 E.00389
G1 X108.797 Y134.347 E.00509
G1 X108.512 Y134.581 E.00399
G1 X108.233 Y134.922 E.00477
G1 X108.045 Y135.27 E.00428
G1 X107.918 Y135.699 E.00484
G1 X107.882 Y136.08 E.00414
G1 X107.908 Y136.439 E.00389
G1 X108.043 Y136.907 E.00528
G1 X108.281 Y137.334 E.0053
G1 X108.524 Y137.613 E.004
G1 X108.88 Y137.894 E.00491
G1 X109.235 Y138.07 E.00429
G1 X109.666 Y138.187 E.00483
G1 X110.046 Y138.212 E.00412
G1 X110.405 Y138.174 E.0039
G1 X110.856 Y138.037 E.0051
G1 X111.253 Y137.805 E.00497
G1 X111.55 Y137.544 E.00428
G1 X111.819 Y137.188 E.00483
G1 X111.993 Y136.833 E.00428
G1 X112.103 Y136.4 E.00483
G1 X112.125 Y136.018 E.00414
G1 X112.092 Y135.753 E.00289
; stop printing object separador_timon.stl id:1 copy 0
; end of layer_num: 55, T: 0, print_z: 11.040000
;LAYER_CHANGE
;Z:11.24
;HEIGHT:0.2
; BEFORE_LAYER_CHANGE 55 @ 11.24mm
G92 E0
; AFTER_LAYER_CHANGE 55 @ 11.24mm
; start of layer_num: 56, T: 0, print_z: 11.240000
; printing object "separador_timon.stl" id:0 copy 0
G1 E-.8 F3600
G1 X107.424 Y108.935 Z11.24 F18000
G1 E.8 F3600
M204 S1000
;TYPE:Outer wall
;WIDTH:0.42
G1 F1200
G1 X107.444 Y108.883 E.00171
G1 X107.572 Y108.626 E.00883
G1 X107.726 Y108.384 E.00883
G1 X107.905 Y108.158 E.00883
G1 X108.105 Y107.953 E.00883
G1 X108.326 Y107.769 E.00883
G1 X108.564 Y107.608 E.00883
G1 X108.817 Y107.473 E.00883
G1 X109.083 Y107.365 E.00883
G1 X109.359 Y107.285 E.00883
G1 X109.639 Y107.234 E.00873
G1 X110.085 Y107.212 E.01373
G1 X110.358 Y107.233 E.00841
G1 X110.641 Y107.285 E.00883
G1 X110.917 Y107.365 E.00883
G1 X111.183 Y107.473 E.00883
G1 X111.436 Y107.608 E.00883
G1 X111.674 Y107.769 E.00883
G1 X111.895 Y107.953 E.00883
G1 X112.095 Y108.158 E.00882
G1 X112.274 Y108.384 E.00883
G1 X112.426 Y108.623 E.00873
G1 X112.615 Y109.029 E.01373
G1 X112.698 Y109.289 E.00841
G1 X112.756 Y109.571 E.00883
G1 X112.786 Y109.856 E.00883
G1 X112.786 Y110.141 E.00874
G1 X112.73 Y110.573 E.0134
G1 X112.658 Y110.848 E.00874
G1 X112.556 Y111.117 E.00883
G1 X112.428 Y111.374 E.00883
G1 X112.274 Y111.616 E.00883
G1 X112.095 Y111.842 E.00883
G1 X111.895 Y112.047 E.00883
G1 X111.674 Y112.231 E.00883
G1 X111.439 Y112.39 E.00873
G1 X111.038 Y112.589 E.01373
G1 X110.78 Y112.679 E.00841
G1 X110.5 Y112.745 E.00883
G1 X110.215 Y112.781 E.00883
G1 X109.928 Y112.789 E.00883
G1 X109.642 Y112.767 E.00883
G1 X109.359 Y112.715 E.00883
G1 X109.083 Y112.635 E.00883
G1 X108.817 Y112.527 E.00883
G1 X108.564 Y112.392 E.00883
G1 X108.328 Y112.233 E.00873
G1 X107.993 Y111.937 E.01373
G1 X107.813 Y111.731 E.00841
G1 X107.646 Y111.497 E.00883
G1 X107.505 Y111.247 E.00883
G1 X107.39 Y110.984 E.00883
G1 X107.302 Y110.71 E.00883
G1 X107.244 Y110.429 E.00883
G1 X107.214 Y110.144 E.00883
G1 X107.214 Y109.859 E.00874
G1 X107.27 Y109.427 E.0134
G1 X107.342 Y109.152 E.00874
G1 X107.417 Y108.954 E.0065
M204 S2000
G1 X107.791 Y109.073 F18000
M204 S1500
;TYPE:Inner wall
;WIDTH:0.45
G1 F1200
G1 X107.803 Y109.04 E.00118
G1 X107.914 Y108.819 E.00819
G1 X108.046 Y108.611 E.00819
G1 X108.199 Y108.418 E.00819
G1 X108.372 Y108.241 E.00819
G1 X108.561 Y108.083 E.00819
G1 X108.766 Y107.945 E.00819
G1 X108.984 Y107.829 E.00819
G1 X109.212 Y107.736 E.00819
G1 X109.449 Y107.667 E.00819
G1 X109.684 Y107.624 E.0079
G1 X110.08 Y107.605 E.01314
G1 X110.307 Y107.623 E.00759
G1 X110.551 Y107.667 E.0082
G1 X110.788 Y107.736 E.00819
G1 X111.016 Y107.829 E.00819
G1 X111.234 Y107.945 E.00819
G1 X111.439 Y108.083 E.00819
G1 X111.628 Y108.241 E.00819
G1 X111.801 Y108.418 E.00819
G1 X111.954 Y108.611 E.00819
G1 X112.082 Y108.812 E.0079
G1 X112.249 Y109.171 E.01314
G1 X112.318 Y109.389 E.00759
G1 X112.369 Y109.631 E.0082
G1 X112.394 Y109.877 E.00819
G1 X112.394 Y110.116 E.00793
G1 X112.344 Y110.498 E.01278
G1 X112.284 Y110.729 E.00793
G1 X112.197 Y110.96 E.00819
G1 X112.086 Y111.181 E.00819
G1 X111.954 Y111.389 E.00819
G1 X111.801 Y111.582 E.00819
G1 X111.628 Y111.759 E.00819
G1 X111.439 Y111.917 E.00819
G1 X111.241 Y112.05 E.0079
G1 X110.886 Y112.227 E.01314
G1 X110.67 Y112.302 E.00759
G1 X110.43 Y112.358 E.0082
G1 X110.185 Y112.39 E.00819
G1 X109.938 Y112.396 E.00819
G1 X109.692 Y112.377 E.00819
G1 X109.449 Y112.333 E.00819
G1 X109.212 Y112.264 E.00819
G1 X108.984 Y112.171 E.00819
G1 X108.766 Y112.055 E.00819
G1 X108.568 Y111.922 E.0079
G1 X108.271 Y111.66 E.01314
G1 X108.121 Y111.488 E.00759
G1 X107.977 Y111.287 E.0082
G1 X107.856 Y111.072 E.00819
G1 X107.757 Y110.846 E.00819
G1 X107.682 Y110.61 E.00819
G1 X107.631 Y110.369 E.00819
G1 X107.606 Y110.123 E.00819
G1 X107.606 Y109.884 E.00793
G1 X107.656 Y109.502 E.01278
G1 X107.716 Y109.271 E.00793
G1 X107.784 Y109.092 E.00635
M204 S2000
G1 E-.8 F3600
G1 X111.414 Y109.654 F18000
G1 E.8 F3600
M204 S1000
;TYPE:Outer wall
;WIDTH:0.42
G1 F1200
G1 X111.406 Y109.603 E.00161
G1 X111.322 Y109.377 E.00739
G1 X111.142 Y109.089 E.01043
G1 X110.98 Y108.917 E.00726
G1 X110.793 Y108.773 E.00726
G1 X110.488 Y108.623 E.01043
G1 X110.257 Y108.562 E.00737
G1 X109.942 Y108.541 E.00968
G1 X109.684 Y108.574 E.00799
G1 X109.458 Y108.643 E.00728
G1 X109.18 Y108.792 E.00968
G1 X108.978 Y108.956 E.00799
G1 X108.822 Y109.135 E.0073
G1 X108.653 Y109.433 E.01054
G1 X108.563 Y109.74 E.00981
G1 X108.539 Y110.002 E.00809
G1 X108.574 Y110.317 E.00972
G1 X108.653 Y110.565 E.00799
G1 X108.762 Y110.776 E.0073
G1 X108.976 Y111.043 E.01054
G1 X109.228 Y111.24 E.00981
G1 X109.463 Y111.359 E.00809
G1 X109.769 Y111.442 E.00972
G1 X110.032 Y111.461 E.00812
G1 X110.369 Y111.414 E.01047
G1 X110.592 Y111.335 E.00726
G1 X110.8 Y111.222 E.00726
G1 X111.061 Y111.005 E.01043
G1 X111.211 Y110.817 E.00739
G1 X111.369 Y110.512 E.01056
G1 X111.45 Y110.178 E.01056
G1 X111.46 Y109.938 E.00739
G1 X111.417 Y109.674 E.0082
M204 S2000
G1 X111.792 Y109.535 F18000
M204 S1500
;TYPE:Inner wall
;WIDTH:0.45
G1 F1200
G1 X111.787 Y109.502 E.00112
G1 X111.675 Y109.203 E.01057
G1 X111.454 Y108.849 E.01385
G1 X111.244 Y108.626 E.01017
G1 X111.001 Y108.438 E.01017
G1 X110.626 Y108.254 E.01385
G1 X110.32 Y108.173 E.01051
G1 X109.93 Y108.147 E.01297
G1 X109.601 Y108.189 E.011
G1 X109.307 Y108.28 E.01023
G1 X108.962 Y108.464 E.01297
G1 X108.705 Y108.673 E.011
G1 X108.501 Y108.907 E.0103
G1 X108.289 Y109.279 E.01419
G1 X108.176 Y109.666 E.01337
G1 X108.145 Y110.006 E.01133
G1 X108.189 Y110.398 E.01309
G1 X108.289 Y110.715 E.011
G1 X108.432 Y110.99 E.0103
G1 X108.699 Y111.324 E.01419
G1 X109.017 Y111.572 E.01337
G1 X109.322 Y111.727 E.01133
G1 X109.702 Y111.83 E.01309
G1 X110.045 Y111.855 E.0114
G1 X110.463 Y111.796 E.01398
G1 X110.752 Y111.695 E.01017
G1 X111.021 Y111.548 E.01017
G1 X111.342 Y111.281 E.01385
G1 X111.541 Y111.032 E.01057
G1 X111.739 Y110.65 E.01426
G1 X111.84 Y110.233 E.01426
G1 X111.853 Y109.914 E.01057
G1 X111.795 Y109.555 E.01208
G1 E-.8 F3600
M204 S2000
G1 X112.048 Y109.491 F18000
G1 E.8 F3600
;TYPE:Gap infill
;WIDTH:0.175717
G1 F1200
G1 X111.992 Y109.269 E.00247
G1 X111.84 Y108.947 E.00386
G1 X111.595 Y108.599 E.00461
G1 X111.274 Y108.302 E.00472
G1 X110.899 Y108.08 E.00472
G1 X110.486 Y107.934 E.00474
G1 X110.076 Y107.881 E.00448
G1 X109.717 Y107.898 E.00388
G1 X109.303 Y107.995 E.00461
G1 X108.908 Y108.181 E.00472
G1 X108.521 Y108.476 E.00526
G1 X108.268 Y108.769 E.00419
G1 X108.044 Y109.167 E.00495
G1 X107.913 Y109.609 E.00499
G1 X107.878 Y110.003 E.00427
G1 X107.927 Y110.448 E.00485
G1 X108.039 Y110.812 E.00412
G1 X108.207 Y111.143 E.00401
G1 X108.505 Y111.51 E.00512
G1 X108.877 Y111.804 E.00513
G1 X109.231 Y111.979 E.00428
G1 X109.663 Y112.096 E.00484
G1 X110.048 Y112.121 E.00417
G1 X110.532 Y112.056 E.00529
G1 X110.856 Y111.942 E.00371
G1 X111.167 Y111.773 E.00382
G1 X111.528 Y111.472 E.00509
G1 X111.763 Y111.184 E.00402
G1 X111.945 Y110.85 E.00411
G1 X112.073 Y110.443 E.00462
G1 X112.12 Y110.1 E.00375
G1 X112.095 Y109.674 E.00462
G1 X112.053 Y109.51 E.00183
; stop printing object separador_timon.stl id:0 copy 0
; printing object "separador_timon.stl" id:1 copy 0
G1 E-.8 F3600
G1 X107.428 Y135.026 F18000
G1 E.8 F3600
M204 S1000
;TYPE:Outer wall
;WIDTH:0.42
G1 F1200
G1 X107.448 Y134.974 E.00171
G1 X107.577 Y134.717 E.00883
G1 X107.731 Y134.475 E.00883
G1 X107.909 Y134.25 E.00883
G1 X108.109 Y134.044 E.00883
G1 X108.33 Y133.86 E.00883
G1 X108.568 Y133.7 E.00883
G1 X108.822 Y133.565 E.00883
G1 X109.088 Y133.456 E.00883
G1 X109.364 Y133.376 E.00883
G1 X109.643 Y133.325 E.00873
G1 X110.09 Y133.303 E.01373
G1 X110.362 Y133.325 E.00841
G1 X110.645 Y133.376 E.00883
G1 X110.921 Y133.456 E.00883
G1 X111.187 Y133.565 E.00883
G1 X111.441 Y133.7 E.00883
G1 X111.679 Y133.86 E.00883
G1 X111.899 Y134.044 E.00883
G1 X112.1 Y134.25 E.00882
G1 X112.278 Y134.475 E.00883
G1 X112.431 Y134.715 E.00873
G1 X112.619 Y135.12 E.01373
G1 X112.702 Y135.381 E.00841
G1 X112.761 Y135.662 E.00883
G1 X112.79 Y135.948 E.00883
G1 X112.79 Y136.232 E.00874
G1 X112.734 Y136.665 E.0134
G1 X112.662 Y136.94 E.00874
G1 X112.561 Y137.208 E.00883
G1 X112.432 Y137.465 E.00883
G1 X112.278 Y137.708 E.00883
G1 X112.1 Y137.933 E.00883
G1 X111.899 Y138.139 E.00883
G1 X111.679 Y138.323 E.00883
G1 X111.443 Y138.481 E.00873
G1 X111.043 Y138.68 E.01373
G1 X110.784 Y138.77 E.00841
G1 X110.505 Y138.836 E.00883
G1 X110.22 Y138.873 E.00883
G1 X109.933 Y138.88 E.00883
G1 X109.646 Y138.858 E.00883
G1 X109.364 Y138.806 E.00883
G1 X109.088 Y138.726 E.00883
G1 X108.822 Y138.618 E.00883
G1 X108.568 Y138.483 E.00883
G1 X108.332 Y138.324 E.00873
G1 X107.997 Y138.028 E.01373
G1 X107.817 Y137.823 E.00841
G1 X107.65 Y137.588 E.00883
G1 X107.509 Y137.339 E.00883
G1 X107.394 Y137.075 E.00883
G1 X107.307 Y136.802 E.00883
G1 X107.248 Y136.521 E.00883
G1 X107.218 Y136.235 E.00883
G1 X107.218 Y135.95 E.00874
G1 X107.274 Y135.518 E.0134
G1 X107.347 Y135.243 E.00874
G1 X107.421 Y135.045 E.0065
M204 S2000
G1 X107.795 Y135.165 F18000
M204 S1500
;TYPE:Inner wall
;WIDTH:0.45
G1 F1200
G1 X107.808 Y135.131 E.00118
G1 X107.918 Y134.911 E.00819
G1 X108.051 Y134.702 E.00819
G1 X108.204 Y134.509 E.00819
G1 X108.376 Y134.332 E.00819
G1 X108.566 Y134.174 E.00819
G1 X108.77 Y134.036 E.00819
G1 X108.988 Y133.92 E.00819
G1 X109.217 Y133.827 E.00819
G1 X109.454 Y133.758 E.00819
G1 X109.688 Y133.716 E.0079
G1 X110.084 Y133.696 E.01314
G1 X110.312 Y133.714 E.00759
G1 X110.555 Y133.758 E.0082
G1 X110.792 Y133.827 E.00819
G1 X111.021 Y133.92 E.00819
G1 X111.238 Y134.036 E.00819
G1 X111.443 Y134.174 E.00819
G1 X111.633 Y134.332 E.00819
G1 X111.805 Y134.509 E.00819
G1 X111.958 Y134.702 E.00819
G1 X112.086 Y134.903 E.0079
G1 X112.253 Y135.263 E.01314
G1 X112.322 Y135.48 E.00759
G1 X112.373 Y135.722 E.0082
G1 X112.398 Y135.968 E.00819
G1 X112.398 Y136.207 E.00793
G1 X112.349 Y136.589 E.01278
G1 X112.288 Y136.82 E.00793
G1 X112.201 Y137.051 E.00819
G1 X112.091 Y137.272 E.00819
G1 X111.958 Y137.48 E.00819
G1 X111.805 Y137.674 E.00819
G1 X111.633 Y137.85 E.00819
G1 X111.443 Y138.009 E.00819
G1 X111.245 Y138.142 E.0079
G1 X110.891 Y138.318 E.01314
G1 X110.675 Y138.393 E.00759
G1 X110.434 Y138.45 E.0082
G1 X110.189 Y138.481 E.00819
G1 X109.943 Y138.488 E.00819
G1 X109.697 Y138.469 E.00819
G1 X109.454 Y138.424 E.00819
G1 X109.217 Y138.355 E.00819
G1 X108.988 Y138.262 E.00819
G1 X108.77 Y138.146 E.00819
G1 X108.573 Y138.013 E.0079
G1 X108.276 Y137.751 E.01314
G1 X108.125 Y137.579 E.00759
G1 X107.982 Y137.378 E.0082
G1 X107.86 Y137.163 E.00819
G1 X107.761 Y136.937 E.00819
G1 X107.686 Y136.702 E.00819
G1 X107.636 Y136.46 E.00819
G1 X107.61 Y136.215 E.00819
G1 X107.61 Y135.976 E.00793
G1 X107.66 Y135.593 E.01278
G1 X107.721 Y135.362 E.00793
G1 X107.788 Y135.183 E.00635
M204 S2000
G1 E-.8 F3600
G1 X111.419 Y135.746 F18000
G1 E.8 F3600
M204 S1000
;TYPE:Outer wall
;WIDTH:0.42
G1 F1200
G1 X111.41 Y135.694 E.00161
G1 X111.326 Y135.469 E.00739
G1 X111.147 Y135.18 E.01043
G1 X110.985 Y135.008 E.00726
G1 X110.797 Y134.864 E.00726
G1 X110.493 Y134.714 E.01043
G1 X110.261 Y134.653 E.00737
G1 X109.947 Y134.632 E.00968
G1 X109.689 Y134.665 E.00799
G1 X109.462 Y134.735 E.00728
G1 X109.184 Y134.883 E.00968
G1 X108.983 Y135.047 E.00799
G1 X108.827 Y135.227 E.0073
G1 X108.657 Y135.525 E.01054
G1 X108.567 Y135.831 E.00981
G1 X108.543 Y136.093 E.00809
G1 X108.579 Y136.408 E.00972
G1 X108.657 Y136.656 E.00799
G1 X108.766 Y136.867 E.0073
G1 X108.981 Y137.134 E.01054
G1 X109.233 Y137.331 E.00981
G1 X109.467 Y137.45 E.00809
G1 X109.773 Y137.533 E.00972
G1 X110.036 Y137.552 E.00812
G1 X110.374 Y137.505 E.01047
G1 X110.597 Y137.426 E.00726
G1 X110.804 Y137.314 E.00726
G1 X111.065 Y137.096 E.01043
G1 X111.215 Y136.909 E.00739
G1 X111.373 Y136.603 E.01056
G1 X111.454 Y136.269 E.01056
G1 X111.464 Y136.029 E.00739
G1 X111.422 Y135.765 E.0082
M204 S2000
G1 X111.797 Y135.626 F18000
M204 S1500
;TYPE:Inner wall
;WIDTH:0.45
G1 F1200
G1 X111.791 Y135.593 E.00112
G1 X111.68 Y135.295 E.01057
G1 X111.459 Y134.94 E.01385
G1 X111.249 Y134.717 E.01017
G1 X111.006 Y134.53 E.01017
G1 X110.631 Y134.345 E.01385
G1 X110.325 Y134.264 E.01051
G1 X109.935 Y134.238 E.01297
G1 X109.606 Y134.28 E.011
G1 X109.311 Y134.371 E.01023
G1 X108.966 Y134.555 E.01297
G1 X108.709 Y134.764 E.011
G1 X108.505 Y134.999 E.0103
G1 X108.294 Y135.371 E.01419
G1 X108.181 Y135.757 E.01337
G1 X108.149 Y136.098 E.01133
G1 X108.194 Y136.49 E.01309
G1 X108.293 Y136.806 E.011
G1 X108.436 Y137.082 E.0103
G1 X108.704 Y137.415 E.01419
G1 X109.021 Y137.663 E.01337
G1 X109.326 Y137.818 E.01133
G1 X109.707 Y137.921 E.01309
G1 X110.05 Y137.946 E.0114
G1 X110.467 Y137.888 E.01398
G1 X110.756 Y137.786 E.01017
G1 X111.026 Y137.64 E.01017
G1 X111.346 Y137.372 E.01385
G1 X111.546 Y137.123 E.01057
G1 X111.743 Y136.742 E.01426
G1 X111.845 Y136.324 E.01426
G1 X111.857 Y136.006 E.01057
G1 X111.8 Y135.646 E.01208
M204 S2000
G1 X112.053 Y135.582 F18000
;TYPE:Gap infill
;WIDTH:0.175717
G1 F1200
G1 X111.997 Y135.361 E.00247
G1 X111.844 Y135.038 E.00386
G1 X111.599 Y134.69 E.00461
G1 X111.278 Y134.394 E.00472
G1 X110.903 Y134.171 E.00472
G1 X110.49 Y134.025 E.00474
G1 X110.08 Y133.972 E.00448
G1 X109.722 Y133.989 E.00388
G1 X109.307 Y134.086 E.00461
G1 X108.912 Y134.272 E.00472
G1 X108.526 Y134.567 E.00526
G1 X108.272 Y134.86 E.00419
G1 X108.049 Y135.258 E.00495
G1 X107.917 Y135.701 E.00499
G1 X107.882 Y136.094 E.00427
G1 X107.931 Y136.539 E.00485
G1 X108.043 Y136.903 E.00412
G1 X108.211 Y137.234 E.00401
G1 X108.51 Y137.601 E.00512
G1 X108.881 Y137.895 E.00513
G1 X109.236 Y138.07 E.00428
G1 X109.668 Y138.187 E.00484
G1 X110.052 Y138.213 E.00417
G1 X110.536 Y138.147 E.00529
G1 X110.86 Y138.034 E.00371
G1 X111.171 Y137.865 E.00382
G1 X111.532 Y137.563 E.00509
G1 X111.767 Y137.275 E.00402
G1 X111.949 Y136.941 E.00411
G1 X112.078 Y136.534 E.00462
G1 X112.124 Y136.191 E.00375
G1 X112.099 Y135.765 E.00462
G1 X112.058 Y135.601 E.00183
; stop printing object separador_timon.stl id:1 copy 0
; end of layer_num: 56, T: 0, print_z: 11.240000
;LAYER_CHANGE
;Z:11.44
;HEIGHT:0.2
; BEFORE_LAYER_CHANGE 56 @ 11.44mm
G92 E0
; AFTER_LAYER_CHANGE 56 @ 11.44mm
; start of layer_num: 57, T: 0, print_z: 11.440000
; printing object "separador_timon.stl" id:0 copy 0
G1 E-.8 F3600
G1 X107.432 Y108.918 Z11.44 F18000
G1 E.8 F3600
M204 S1000
;TYPE:Outer wall
;WIDTH:0.42
G1 F1200
G1 X107.504 Y108.755 E.00546
G1 X107.728 Y108.381 E.0134
G1 X107.905 Y108.158 E.00874
G1 X108.105 Y107.953 E.00883
G1 X108.326 Y107.769 E.00883
G1 X108.564 Y107.608 E.00883
G1 X108.817 Y107.473 E.00883
G1 X109.083 Y107.365 E.00883
G1 X109.359 Y107.285 E.00883
G1 X109.639 Y107.234 E.00874
G1 X110.083 Y107.212 E.01365
G1 X110.358 Y107.233 E.00849
G1 X110.641 Y107.285 E.00883
G1 X110.917 Y107.365 E.00883
G1 X111.183 Y107.473 E.00883
G1 X111.436 Y107.608 E.00883
G1 X111.674 Y107.769 E.00883
G1 X111.895 Y107.953 E.00883
G1 X112.095 Y108.158 E.00883
G1 X112.274 Y108.384 E.00883
G1 X112.426 Y108.623 E.00874
G1 X112.614 Y109.026 E.01365
G1 X112.698 Y109.289 E.00849
G1 X112.756 Y109.571 E.00883
G1 X112.786 Y109.856 E.00883
G1 X112.786 Y110.144 E.00883
G1 X112.756 Y110.429 E.00883
G1 X112.698 Y110.708 E.00874
G1 X112.555 Y111.12 E.0134
G1 X112.428 Y111.374 E.00874
G1 X112.274 Y111.616 E.00883
G1 X112.095 Y111.842 E.00883
G1 X111.897 Y112.045 E.00874
G1 X111.548 Y112.32 E.01365
G1 X111.311 Y112.462 E.00849
G1 X111.051 Y112.584 E.00883
G1 X110.78 Y112.679 E.00883
G1 X110.5 Y112.745 E.00883
G1 X110.215 Y112.781 E.00883
G1 X109.928 Y112.789 E.00883
G1 X109.642 Y112.767 E.00883
G1 X109.359 Y112.715 E.00883
G1 X109.083 Y112.635 E.00883
G1 X108.817 Y112.527 E.00883
G1 X108.564 Y112.392 E.00883
G1 X108.326 Y112.231 E.00883
G1 X108.105 Y112.047 E.00883
G1 X107.905 Y111.842 E.00883
G1 X107.726 Y111.616 E.00882
G1 X107.572 Y111.374 E.00883
G1 X107.444 Y111.117 E.00883
G1 X107.342 Y110.848 E.00883
G1 X107.269 Y110.571 E.00882
G1 X107.225 Y110.29 E.00874
G1 X107.214 Y109.854 E.0134
G1 X107.244 Y109.571 E.00874
G1 X107.302 Y109.29 E.00883
G1 X107.39 Y109.016 E.00883
G1 X107.424 Y108.936 E.00267
M204 S2000
G1 X107.792 Y109.075 F18000
M204 S1500
;TYPE:Inner wall
;WIDTH:0.45
G1 F1200
G1 X107.853 Y108.935 E.00505
G1 X108.051 Y108.605 E.01279
G1 X108.199 Y108.418 E.00793
G1 X108.372 Y108.241 E.00819
G1 X108.561 Y108.083 E.00819
G1 X108.766 Y107.945 E.00819
G1 X108.984 Y107.829 E.00819
G1 X109.212 Y107.736 E.00819
G1 X109.449 Y107.667 E.00819
G1 X109.684 Y107.624 E.00791
G1 X110.077 Y107.605 E.01306
G1 X110.308 Y107.623 E.00767
G1 X110.551 Y107.667 E.00819
G1 X110.788 Y107.736 E.00819
G1 X111.016 Y107.829 E.00819
G1 X111.234 Y107.945 E.00819
G1 X111.439 Y108.083 E.00819
G1 X111.628 Y108.241 E.00819
G1 X111.801 Y108.418 E.00819
G1 X111.954 Y108.611 E.00819
G1 X112.082 Y108.812 E.00791
G1 X112.248 Y109.169 E.01306
G1 X112.318 Y109.389 E.00767
G1 X112.369 Y109.631 E.00819
G1 X112.394 Y109.877 E.00819
G1 X112.394 Y110.123 E.00819
G1 X112.369 Y110.369 E.00819
G1 X112.32 Y110.603 E.00793
G1 X112.193 Y110.967 E.01278
G1 X112.086 Y111.181 E.00793
G1 X111.954 Y111.389 E.00819
G1 X111.801 Y111.582 E.00819
G1 X111.634 Y111.753 E.00791
G1 X111.325 Y111.997 E.01306
G1 X111.127 Y112.116 E.00767
G1 X110.903 Y112.221 E.00819
G1 X110.67 Y112.302 E.00819
G1 X110.43 Y112.358 E.00819
G1 X110.185 Y112.39 E.00819
G1 X109.938 Y112.396 E.00819
G1 X109.692 Y112.377 E.00819
G1 X109.449 Y112.333 E.00819
G1 X109.212 Y112.264 E.00819
G1 X108.984 Y112.171 E.00819
G1 X108.766 Y112.055 E.00819
G1 X108.561 Y111.917 E.00819
G1 X108.372 Y111.759 E.00819
G1 X108.199 Y111.582 E.00819
G1 X108.046 Y111.389 E.00819
G1 X107.914 Y111.181 E.00819
G1 X107.803 Y110.96 E.00819
G1 X107.716 Y110.729 E.00819
G1 X107.654 Y110.49 E.00819
G1 X107.617 Y110.254 E.00793
G1 X107.607 Y109.869 E.01279
G1 X107.631 Y109.631 E.00793
G1 X107.682 Y109.39 E.00819
G1 X107.757 Y109.154 E.00819
G1 X107.784 Y109.093 E.00221
M204 S2000
G1 E-.8 F3600
G1 X111.417 Y109.663 F18000
G1 E.8 F3600
M204 S1000
;TYPE:Outer wall
;WIDTH:0.42
G1 F1200
G1 X111.325 Y109.385 E.00901
G1 X111.206 Y109.176 E.00739
G1 X110.981 Y108.917 E.01054
G1 X110.721 Y108.73 E.00986
G1 X110.486 Y108.622 E.00794
G1 X110.257 Y108.562 E.00728
G1 X109.941 Y108.541 E.00973
G1 X109.684 Y108.574 E.00794
G1 X109.458 Y108.643 E.00728
G1 X109.179 Y108.793 E.00973
G1 X108.978 Y108.956 E.00794
G1 X108.822 Y109.135 E.0073
G1 X108.653 Y109.433 E.01054
G1 X108.563 Y109.741 E.00986
G1 X108.539 Y110.003 E.00807
G1 X108.579 Y110.341 E.01047
G1 X108.654 Y110.569 E.00737
G1 X108.809 Y110.845 E.00973
G1 X108.979 Y111.045 E.00805
G1 X109.229 Y111.24 E.00977
G1 X109.46 Y111.357 E.00794
G1 X109.687 Y111.427 E.0073
G1 X110.025 Y111.461 E.01043
G1 X110.264 Y111.437 E.00739
G1 X110.593 Y111.336 E.01056
G1 X110.888 Y111.16 E.01056
G1 X111.063 Y111.002 E.00726
G1 X111.211 Y110.817 E.00726
G1 X111.367 Y110.516 E.01043
G1 X111.433 Y110.284 E.00739
G1 X111.46 Y109.946 E.01043
G1 X111.431 Y109.707 E.00739
G1 X111.423 Y109.682 E.00081
M204 S2000
G1 X111.82 Y109.655 F18000
M204 S1500
;TYPE:Inner wall
;WIDTH:0.45
G1 F1200
G1 X111.816 Y109.622 E.00112
G1 X111.685 Y109.225 E.01385
G1 X111.528 Y108.948 E.01057
G1 X111.247 Y108.625 E.01419
G1 X110.918 Y108.389 E.01342
G1 X110.618 Y108.252 E.01095
G1 X110.32 Y108.173 E.01023
G1 X109.929 Y108.147 E.01302
G1 X109.601 Y108.189 E.01095
G1 X109.306 Y108.28 E.01023
G1 X108.96 Y108.465 E.01302
G1 X108.704 Y108.673 E.01095
G1 X108.501 Y108.907 E.01029
G1 X108.289 Y109.279 E.01419
G1 X108.176 Y109.668 E.01342
G1 X108.145 Y110.008 E.01135
G1 X108.195 Y110.427 E.01397
G1 X108.294 Y110.728 E.01051
G1 X108.486 Y111.07 E.01302
G1 X108.706 Y111.329 E.01129
G1 X109.018 Y111.573 E.01314
G1 X109.313 Y111.722 E.01095
G1 X109.609 Y111.813 E.01029
G1 X110.025 Y111.855 E.01385
G1 X110.342 Y111.823 E.01057
G1 X110.753 Y111.697 E.01426
G1 X111.122 Y111.477 E.01426
G1 X111.349 Y111.271 E.01017
G1 X111.541 Y111.032 E.01017
G1 X111.733 Y110.661 E.01385
G1 X111.821 Y110.355 E.01057
G1 X111.854 Y109.938 E.01385
G1 X111.822 Y109.675 E.00879
G1 E-.8 F3600
M204 S2000
G1 X112.086 Y109.641 F18000
G1 E.8 F3600
;TYPE:Gap infill
;WIDTH:0.177382
G1 F1200
G1 X112.075 Y109.558 E.00092
G1 X111.927 Y109.111 E.00516
G1 X111.745 Y108.786 E.00408
G1 X111.444 Y108.44 E.00503
G1 X111.093 Y108.179 E.00479
G1 X110.704 Y107.995 E.00472
G1 X110.27 Y107.895 E.00488
G1 X109.926 Y107.879 E.00377
G1 X109.538 Y107.926 E.00428
G1 X109.198 Y108.036 E.00392
G1 X108.807 Y108.245 E.00487
G1 X108.521 Y108.476 E.00402
G1 X108.273 Y108.761 E.00414
G1 X108.038 Y109.181 E.00528
G1 X107.91 Y109.624 E.00505
G1 X107.877 Y110.006 E.0042
G1 X107.921 Y110.433 E.0047
G1 X108.049 Y110.843 E.0047
G1 X108.267 Y111.23 E.00487
G1 X108.525 Y111.528 E.00432
G1 X108.879 Y111.804 E.00492
G1 X109.218 Y111.972 E.00414
G1 X109.563 Y112.075 E.00395
G1 X110.031 Y112.121 E.00516
G1 X110.389 Y112.09 E.00394
G1 X110.855 Y111.945 E.00534
G1 X111.276 Y111.696 E.00536
G1 X111.54 Y111.458 E.0039
G1 X111.763 Y111.184 E.00387
G1 X111.98 Y110.766 E.00516
G1 X112.088 Y110.396 E.00422
G1 X112.123 Y109.926 E.00516
G1 X112.089 Y109.661 E.00294
; stop printing object separador_timon.stl id:0 copy 0
; printing object "separador_timon.stl" id:1 copy 0
G1 E-.8 F3600
G1 X107.437 Y135.009 F18000
G1 E.8 F3600
M204 S1000
;TYPE:Outer wall
;WIDTH:0.42
G1 F1200
G1 X107.508 Y134.846 E.00546
G1 X107.732 Y134.473 E.0134
G1 X107.909 Y134.25 E.00874
G1 X108.109 Y134.044 E.00883
G1 X108.33 Y133.86 E.00883
G1 X108.568 Y133.7 E.00883
G1 X108.822 Y133.565 E.00883
G1 X109.088 Y133.456 E.00883
G1 X109.364 Y133.376 E.00883
G1 X109.643 Y133.325 E.00874
G1 X110.087 Y133.303 E.01365
G1 X110.362 Y133.325 E.00849
G1 X110.645 Y133.376 E.00883
G1 X110.921 Y133.456 E.00883
G1 X111.187 Y133.565 E.00883
G1 X111.441 Y133.7 E.00883
G1 X111.679 Y133.86 E.00883
G1 X111.899 Y134.044 E.00883
G1 X112.1 Y134.25 E.00883
G1 X112.278 Y134.475 E.00883
G1 X112.431 Y134.715 E.00874
G1 X112.618 Y135.118 E.01365
G1 X112.702 Y135.381 E.00849
G1 X112.761 Y135.662 E.00883
G1 X112.79 Y135.948 E.00883
G1 X112.79 Y136.235 E.00883
G1 X112.761 Y136.521 E.00883
G1 X112.703 Y136.799 E.00874
G1 X112.559 Y137.211 E.0134
G1 X112.432 Y137.465 E.00874
G1 X112.278 Y137.708 E.00883
G1 X112.1 Y137.933 E.00883
G1 X111.901 Y138.137 E.00874
G1 X111.552 Y138.412 E.01365
G1 X111.316 Y138.554 E.00849
G1 X111.055 Y138.675 E.00883
G1 X110.784 Y138.77 E.00883
G1 X110.505 Y138.836 E.00883
G1 X110.22 Y138.873 E.00883
G1 X109.933 Y138.88 E.00883
G1 X109.646 Y138.858 E.00883
G1 X109.364 Y138.806 E.00883
G1 X109.088 Y138.726 E.00883
G1 X108.822 Y138.618 E.00883
G1 X108.568 Y138.483 E.00883
G1 X108.33 Y138.323 E.00883
G1 X108.109 Y138.139 E.00883
G1 X107.909 Y137.933 E.00883
G1 X107.731 Y137.708 E.00882
G1 X107.577 Y137.465 E.00883
G1 X107.448 Y137.208 E.00883
G1 X107.347 Y136.94 E.00883
G1 X107.274 Y136.662 E.00882
G1 X107.23 Y136.381 E.00874
G1 X107.219 Y135.945 E.0134
G1 X107.248 Y135.662 E.00874
G1 X107.307 Y135.381 E.00883
G1 X107.394 Y135.107 E.00883
G1 X107.429 Y135.028 E.00267
M204 S2000
G1 X107.796 Y135.166 F18000
M204 S1500
;TYPE:Inner wall
;WIDTH:0.45
G1 F1200
G1 X107.857 Y135.027 E.00505
G1 X108.055 Y134.696 E.01279
G1 X108.204 Y134.509 E.00793
G1 X108.376 Y134.332 E.00819
G1 X108.566 Y134.174 E.00819
G1 X108.77 Y134.036 E.00819
G1 X108.988 Y133.92 E.00819
G1 X109.217 Y133.827 E.00819
G1 X109.454 Y133.758 E.00819
G1 X109.688 Y133.715 E.00791
G1 X110.082 Y133.696 E.01306
G1 X110.312 Y133.714 E.00767
G1 X110.555 Y133.758 E.00819
G1 X110.792 Y133.827 E.00819
G1 X111.021 Y133.92 E.00819
G1 X111.238 Y134.036 E.00819
G1 X111.443 Y134.174 E.00819
G1 X111.633 Y134.332 E.00819
G1 X111.805 Y134.509 E.00819
G1 X111.958 Y134.702 E.00819
G1 X112.086 Y134.904 E.00791
G1 X112.252 Y135.26 E.01306
G1 X112.322 Y135.481 E.00767
G1 X112.373 Y135.722 E.00819
G1 X112.398 Y135.968 E.00819
G1 X112.398 Y136.215 E.00819
G1 X112.373 Y136.46 E.00819
G1 X112.324 Y136.694 E.00793
G1 X112.197 Y137.058 E.01278
G1 X112.091 Y137.272 E.00793
G1 X111.958 Y137.48 E.00819
G1 X111.805 Y137.674 E.00819
G1 X111.639 Y137.844 E.00791
G1 X111.329 Y138.088 E.01306
G1 X111.131 Y138.207 E.00767
G1 X110.907 Y138.312 E.00819
G1 X110.674 Y138.393 E.00819
G1 X110.434 Y138.45 E.00819
G1 X110.189 Y138.481 E.00819
G1 X109.943 Y138.488 E.00819
G1 X109.697 Y138.469 E.00819
G1 X109.454 Y138.424 E.00819
G1 X109.217 Y138.355 E.00819
G1 X108.988 Y138.262 E.00819
G1 X108.77 Y138.146 E.00819
G1 X108.566 Y138.009 E.00819
G1 X108.376 Y137.85 E.00819
G1 X108.204 Y137.674 E.00819
G1 X108.051 Y137.48 E.00819
G1 X107.918 Y137.272 E.00819
G1 X107.808 Y137.051 E.00819
G1 X107.721 Y136.82 E.00819
G1 X107.658 Y136.582 E.00819
G1 X107.621 Y136.345 E.00793
G1 X107.611 Y135.96 E.01279
G1 X107.636 Y135.722 E.00793
G1 X107.686 Y135.481 E.00819
G1 X107.761 Y135.246 E.00819
G1 X107.788 Y135.185 E.00221
M204 S2000
G1 E-.8 F3600
G1 X111.421 Y135.755 F18000
G1 E.8 F3600
M204 S1000
;TYPE:Outer wall
;WIDTH:0.42
G1 F1200
G1 X111.33 Y135.476 E.00901
G1 X111.211 Y135.267 E.00739
G1 X110.986 Y135.008 E.01054
G1 X110.725 Y134.821 E.00986
G1 X110.49 Y134.714 E.00794
G1 X110.261 Y134.653 E.00728
G1 X109.945 Y134.632 E.00973
G1 X109.689 Y134.665 E.00794
G1 X109.462 Y134.735 E.00728
G1 X109.183 Y134.884 E.00973
G1 X108.983 Y135.047 E.00794
G1 X108.827 Y135.227 E.0073
G1 X108.657 Y135.525 E.01054
G1 X108.567 Y135.833 E.00986
G1 X108.543 Y136.094 E.00807
G1 X108.584 Y136.432 E.01047
G1 X108.659 Y136.66 E.00737
G1 X108.814 Y136.937 E.00973
G1 X108.983 Y137.136 E.00805
G1 X109.234 Y137.332 E.00977
G1 X109.464 Y137.449 E.00794
G1 X109.691 Y137.518 E.0073
G1 X110.029 Y137.552 E.01043
G1 X110.269 Y137.528 E.00739
G1 X110.597 Y137.427 E.01056
G1 X110.892 Y137.251 E.01056
G1 X111.068 Y137.093 E.00726
G1 X111.215 Y136.909 E.00726
G1 X111.371 Y136.607 E.01043
G1 X111.437 Y136.376 E.00739
G1 X111.464 Y136.037 E.01043
G1 X111.436 Y135.799 E.00739
G1 X111.428 Y135.774 E.00081
M204 S2000
G1 X111.824 Y135.746 F18000
M204 S1500
;TYPE:Inner wall
;WIDTH:0.45
G1 F1200
G1 X111.82 Y135.713 E.00112
G1 X111.69 Y135.316 E.01385
G1 X111.532 Y135.039 E.01057
G1 X111.251 Y134.716 E.01419
G1 X110.923 Y134.48 E.01342
G1 X110.623 Y134.343 E.01095
G1 X110.325 Y134.264 E.01023
G1 X109.933 Y134.238 E.01302
G1 X109.606 Y134.28 E.01095
G1 X109.311 Y134.371 E.01023
G1 X108.965 Y134.556 E.01302
G1 X108.709 Y134.765 E.01095
G1 X108.505 Y134.999 E.01029
G1 X108.294 Y135.371 E.01419
G1 X108.18 Y135.759 E.01342
G1 X108.149 Y136.1 E.01135
G1 X108.199 Y136.518 E.01397
G1 X108.298 Y136.819 E.01051
G1 X108.49 Y137.161 E.01302
G1 X108.71 Y137.421 E.01129
G1 X109.023 Y137.664 E.01314
G1 X109.317 Y137.813 E.01095
G1 X109.614 Y137.905 E.01029
G1 X110.029 Y137.946 E.01385
G1 X110.346 Y137.914 E.01057
G1 X110.757 Y137.788 E.01426
G1 X111.127 Y137.568 E.01426
G1 X111.354 Y137.363 E.01017
G1 X111.546 Y137.123 E.01017
G1 X111.738 Y136.752 E.01385
G1 X111.825 Y136.446 E.01057
G1 X111.858 Y136.03 E.01385
G1 X111.827 Y135.766 E.00879
M204 S2000
G1 X112.091 Y135.732 F18000
;TYPE:Gap infill
;WIDTH:0.177382
G1 F1200
G1 X112.08 Y135.649 E.00092
G1 X111.931 Y135.202 E.00516
G1 X111.749 Y134.877 E.00408
G1 X111.449 Y134.531 E.00503
G1 X111.098 Y134.27 E.00479
G1 X110.709 Y134.086 E.00472
G1 X110.275 Y133.986 E.00488
G1 X109.931 Y133.971 E.00377
G1 X109.543 Y134.017 E.00428
G1 X109.203 Y134.127 E.00392
G1 X108.811 Y134.337 E.00487
G1 X108.526 Y134.568 E.00402
G1 X108.278 Y134.852 E.00414
G1 X108.043 Y135.272 E.00528
G1 X107.915 Y135.715 E.00505
G1 X107.882 Y136.097 E.0042
G1 X107.925 Y136.524 E.0047
G1 X108.053 Y136.934 E.0047
G1 X108.271 Y137.322 E.00487
G1 X108.529 Y137.619 E.00432
G1 X108.883 Y137.896 E.00492
G1 X109.222 Y138.064 E.00414
G1 X109.567 Y138.166 E.00395
G1 X110.035 Y138.212 E.00516
G1 X110.393 Y138.181 E.00394
G1 X110.859 Y138.036 E.00534
G1 X111.28 Y137.787 E.00536
G1 X111.545 Y137.549 E.0039
G1 X111.767 Y137.275 E.00387
G1 X111.984 Y136.857 E.00516
G1 X112.092 Y136.488 E.00422
G1 X112.128 Y136.018 E.00516
G1 X112.093 Y135.752 E.00294
; stop printing object separador_timon.stl id:1 copy 0
; end of layer_num: 57, T: 0, print_z: 11.440000
;LAYER_CHANGE
;Z:11.64
;HEIGHT:0.200001
; BEFORE_LAYER_CHANGE 57 @ 11.64mm
G92 E0
; AFTER_LAYER_CHANGE 57 @ 11.64mm
; start of layer_num: 58, T: 0, print_z: 11.640000
; printing object "separador_timon.stl" id:0 copy 0
G1 E-.8 F3600
G1 X107.42 Y108.945 Z11.64 F18000
G1 E.8 F3600
M204 S1000
;TYPE:Outer wall
;WIDTH:0.42
G1 F1200
G1 X107.444 Y108.883 E.00204
G1 X107.572 Y108.626 E.00882
G1 X107.726 Y108.384 E.00883
G1 X107.905 Y108.158 E.00883
G1 X108.105 Y107.953 E.00883
G1 X108.326 Y107.769 E.00883
G1 X108.564 Y107.608 E.00882
G1 X108.817 Y107.473 E.00883
G1 X109.083 Y107.365 E.00883
G1 X109.359 Y107.285 E.00883
G1 X109.639 Y107.234 E.00874
G1 X110.08 Y107.212 E.01358
G1 X110.358 Y107.233 E.00856
G1 X110.641 Y107.285 E.00883
G1 X110.917 Y107.365 E.00883
G1 X111.183 Y107.473 E.00883
G1 X111.436 Y107.608 E.00883
G1 X111.674 Y107.769 E.00883
G1 X111.895 Y107.953 E.00883
G1 X112.095 Y108.158 E.00883
G1 X112.274 Y108.384 E.00883
G1 X112.428 Y108.626 E.00883
G1 X112.556 Y108.883 E.00883
G1 X112.657 Y109.149 E.00874
G1 X112.757 Y109.573 E.0134
G1 X112.786 Y109.856 E.00874
G1 X112.786 Y110.144 E.00883
G1 X112.756 Y110.429 E.00883
G1 X112.698 Y110.708 E.00874
G1 X112.553 Y111.125 E.01358
G1 X112.428 Y111.374 E.00856
G1 X112.274 Y111.616 E.00883
G1 X112.095 Y111.842 E.00883
G1 X111.895 Y112.047 E.00883
G1 X111.674 Y112.231 E.00883
G1 X111.436 Y112.392 E.00882
G1 X111.183 Y112.527 E.00883
G1 X110.919 Y112.634 E.00874
G1 X110.497 Y112.745 E.0134
G1 X110.215 Y112.781 E.00874
G1 X109.928 Y112.789 E.00883
G1 X109.642 Y112.767 E.00883
G1 X109.359 Y112.715 E.00883
G1 X109.083 Y112.635 E.00883
G1 X108.817 Y112.527 E.00883
G1 X108.564 Y112.392 E.00883
G1 X108.326 Y112.231 E.00883
G1 X108.105 Y112.047 E.00883
G1 X107.906 Y111.844 E.00874
G1 X107.645 Y111.495 E.0134
G1 X107.505 Y111.247 E.00874
G1 X107.39 Y110.984 E.00883
G1 X107.302 Y110.71 E.00883
G1 X107.244 Y110.429 E.00883
G1 X107.214 Y110.144 E.00883
G1 X107.214 Y109.859 E.00874
G1 X107.27 Y109.427 E.0134
G1 X107.342 Y109.152 E.00874
G1 X107.413 Y108.964 E.00617
M204 S2000
G1 X107.787 Y109.083 F18000
M204 S1500
;TYPE:Inner wall
;WIDTH:0.45
G1 F1200
G1 X107.803 Y109.04 E.00154
G1 X107.914 Y108.819 E.00819
G1 X108.046 Y108.611 E.00819
G1 X108.199 Y108.418 E.00819
G1 X108.372 Y108.241 E.00819
G1 X108.561 Y108.083 E.00819
G1 X108.766 Y107.945 E.00819
G1 X108.984 Y107.829 E.00819
G1 X109.212 Y107.736 E.00819
G1 X109.449 Y107.667 E.00819
G1 X109.684 Y107.624 E.00792
G1 X110.075 Y107.605 E.01298
G1 X110.308 Y107.623 E.00775
G1 X110.551 Y107.667 E.00819
G1 X110.788 Y107.736 E.00819
G1 X111.016 Y107.829 E.00819
G1 X111.234 Y107.945 E.00819
G1 X111.439 Y108.083 E.00819
G1 X111.628 Y108.241 E.00819
G1 X111.801 Y108.418 E.00819
G1 X111.954 Y108.611 E.00819
G1 X112.086 Y108.819 E.00819
G1 X112.197 Y109.04 E.00819
G1 X112.281 Y109.264 E.00793
G1 X112.369 Y109.639 E.01278
G1 X112.394 Y109.877 E.00793
G1 X112.394 Y110.123 E.00819
G1 X112.369 Y110.369 E.00819
G1 X112.32 Y110.602 E.00792
G1 X112.191 Y110.972 E.01298
G1 X112.086 Y111.181 E.00775
G1 X111.954 Y111.389 E.00819
G1 X111.801 Y111.582 E.00819
G1 X111.628 Y111.759 E.00819
G1 X111.439 Y111.917 E.00819
G1 X111.234 Y112.055 E.00819
G1 X111.016 Y112.171 E.00819
G1 X110.795 Y112.261 E.00793
G1 X110.422 Y112.359 E.01279
G1 X110.185 Y112.39 E.00793
G1 X109.938 Y112.396 E.00819
G1 X109.692 Y112.377 E.00819
G1 X109.449 Y112.333 E.00819
G1 X109.212 Y112.264 E.00819
G1 X108.984 Y112.171 E.00819
G1 X108.766 Y112.055 E.00819
G1 X108.561 Y111.917 E.00819
G1 X108.372 Y111.759 E.00819
G1 X108.205 Y111.588 E.00793
G1 X107.974 Y111.28 E.01279
G1 X107.856 Y111.072 E.00793
G1 X107.757 Y110.846 E.00819
G1 X107.682 Y110.61 E.00819
G1 X107.631 Y110.369 E.00819
G1 X107.606 Y110.123 E.00819
G1 X107.606 Y109.884 E.00793
G1 X107.656 Y109.502 E.01279
G1 X107.716 Y109.271 E.00793
G1 X107.78 Y109.102 E.00599
M204 S2000
G1 E-.8 F3600
G1 X111.417 Y109.665 F18000
G1 E.8 F3600
M204 S1000
;TYPE:Outer wall
;WIDTH:0.42
G1 F1200
G1 X111.324 Y109.381 E.00917
G1 X111.155 Y109.107 E.0099
G1 X110.978 Y108.915 E.00803
G1 X110.7 Y108.718 E.01047
G1 X110.484 Y108.622 E.00726
G1 X110.257 Y108.562 E.00724
G1 X109.939 Y108.541 E.00977
G1 X109.684 Y108.574 E.0079
G1 X109.461 Y108.642 E.00717
G1 X109.249 Y108.747 E.00726
G1 X108.98 Y108.954 E.01043
G1 X108.822 Y109.135 E.00739
G1 X108.655 Y109.43 E.01043
G1 X108.579 Y109.659 E.00739
G1 X108.538 Y110 E.01056
G1 X108.579 Y110.341 E.01056
G1 X108.654 Y110.569 E.00737
G1 X108.81 Y110.846 E.00977
G1 X108.979 Y111.046 E.00803
G1 X109.249 Y111.253 E.01047
G1 X109.461 Y111.358 E.00726
G1 X109.687 Y111.427 E.00726
G1 X110.029 Y111.461 E.01056
G1 X110.369 Y111.414 E.01056
G1 X110.592 Y111.335 E.00726
G1 X110.8 Y111.222 E.00726
G1 X111.064 Y111.002 E.01056
G1 X111.268 Y110.726 E.01056
G1 X111.368 Y110.512 E.00726
G1 X111.433 Y110.284 E.00726
G1 X111.46 Y109.946 E.01043
G1 X111.431 Y109.707 E.00739
G1 X111.424 Y109.684 E.00075
M204 S2000
G1 X111.82 Y109.655 F18000
M204 S1500
;TYPE:Inner wall
;WIDTH:0.45
G1 F1200
G1 X111.816 Y109.622 E.00111
G1 X111.682 Y109.215 E.0142
G1 X111.47 Y108.869 E.01347
G1 X111.239 Y108.619 E.0113
G1 X110.895 Y108.375 E.01397
G1 X110.615 Y108.251 E.01017
G1 X110.32 Y108.173 E.01011
G1 X109.927 Y108.147 E.01307
G1 X109.601 Y108.189 E.0109
G1 X109.316 Y108.277 E.00988
G1 X109.041 Y108.412 E.01017
G1 X108.71 Y108.667 E.01385
G1 X108.501 Y108.907 E.01057
G1 X108.294 Y109.271 E.01385
G1 X108.195 Y109.573 E.01057
G1 X108.144 Y110 E.01426
G1 X108.195 Y110.427 E.01426
G1 X108.294 Y110.728 E.01051
G1 X108.487 Y111.071 E.01307
G1 X108.707 Y111.331 E.0113
G1 X109.041 Y111.588 E.01397
G1 X109.316 Y111.723 E.01017
G1 X109.609 Y111.813 E.01017
G1 X110.037 Y111.856 E.01426
G1 X110.463 Y111.796 E.01426
G1 X110.752 Y111.695 E.01017
G1 X111.021 Y111.548 E.01017
G1 X111.351 Y111.273 E.01426
G1 X111.607 Y110.927 E.01426
G1 X111.737 Y110.649 E.01017
G1 X111.821 Y110.355 E.01017
G1 X111.854 Y109.938 E.01385
G1 X111.822 Y109.675 E.0088
G1 E-.8 F3600
M204 S2000
G1 X112.086 Y109.645 F18000
G1 E.8 F3600
;TYPE:Gap infill
;WIDTH:0.176013
G1 F1200
G1 X112.076 Y109.558 E.00095
G1 X111.929 Y109.109 E.00512
G1 X111.73 Y108.77 E.00426
G1 X111.444 Y108.44 E.00474
G1 X111.093 Y108.18 E.00474
G1 X110.7 Y107.993 E.00472
G1 X110.27 Y107.895 E.00478
G1 X109.925 Y107.879 E.00376
G1 X109.55 Y107.928 E.0041
G1 X109.222 Y108.026 E.00371
G1 X108.903 Y108.179 E.00383
G1 X108.53 Y108.466 E.00511
G1 X108.268 Y108.769 E.00434
G1 X108.05 Y109.155 E.00481
G1 X107.923 Y109.556 E.00457
G1 X107.877 Y109.993 E.00476
G1 X107.934 Y110.478 E.00531
G1 X108.047 Y110.83 E.004
G1 X108.263 Y111.22 E.00483
G1 X108.519 Y111.519 E.00428
G1 X108.728 Y111.696 E.00296
G1 X108.895 Y111.81 E.0022
G1 X109.221 Y111.976 E.00397
G1 X109.563 Y112.075 E.00385
G1 X110.05 Y112.122 E.0053
G1 X110.52 Y112.058 E.00515
G1 X110.855 Y111.94 E.00386
G1 X111.178 Y111.768 E.00397
G1 X111.551 Y111.451 E.00531
G1 X111.842 Y111.06 E.00529
G1 X111.986 Y110.748 E.00372
G1 X112.088 Y110.396 E.00397
G1 X112.12 Y109.939 E.00497
G1 X112.088 Y109.665 E.003
; stop printing object separador_timon.stl id:0 copy 0
; printing object "separador_timon.stl" id:1 copy 0
G1 E-.8 F3600
G1 X107.425 Y135.036 F18000
G1 E.8 F3600
M204 S1000
;TYPE:Outer wall
;WIDTH:0.42
G1 F1200
G1 X107.448 Y134.974 E.00204
G1 X107.577 Y134.717 E.00882
G1 X107.731 Y134.475 E.00883
G1 X107.909 Y134.25 E.00883
G1 X108.109 Y134.044 E.00883
G1 X108.33 Y133.86 E.00883
G1 X108.568 Y133.7 E.00882
G1 X108.822 Y133.565 E.00883
G1 X109.088 Y133.456 E.00883
G1 X109.364 Y133.376 E.00883
G1 X109.643 Y133.325 E.00874
G1 X110.085 Y133.303 E.01358
G1 X110.363 Y133.325 E.00856
G1 X110.645 Y133.376 E.00883
G1 X110.921 Y133.456 E.00883
G1 X111.187 Y133.565 E.00883
G1 X111.441 Y133.7 E.00883
G1 X111.679 Y133.86 E.00883
G1 X111.899 Y134.044 E.00883
G1 X112.1 Y134.25 E.00883
G1 X112.278 Y134.475 E.00883
G1 X112.432 Y134.717 E.00883
G1 X112.561 Y134.974 E.00883
G1 X112.661 Y135.24 E.00874
G1 X112.761 Y135.665 E.0134
G1 X112.79 Y135.948 E.00874
G1 X112.79 Y136.235 E.00883
G1 X112.761 Y136.521 E.00883
G1 X112.703 Y136.799 E.00874
G1 X112.557 Y137.216 E.01358
G1 X112.432 Y137.465 E.00856
G1 X112.278 Y137.708 E.00883
G1 X112.1 Y137.933 E.00883
G1 X111.899 Y138.139 E.00883
G1 X111.679 Y138.323 E.00883
G1 X111.441 Y138.483 E.00882
G1 X111.187 Y138.618 E.00883
G1 X110.923 Y138.725 E.00874
G1 X110.502 Y138.836 E.0134
G1 X110.22 Y138.873 E.00874
G1 X109.933 Y138.88 E.00883
G1 X109.646 Y138.858 E.00883
G1 X109.364 Y138.806 E.00883
G1 X109.088 Y138.726 E.00883
G1 X108.822 Y138.618 E.00883
G1 X108.568 Y138.483 E.00883
G1 X108.33 Y138.323 E.00883
G1 X108.109 Y138.139 E.00883
G1 X107.911 Y137.935 E.00874
G1 X107.649 Y137.586 E.0134
G1 X107.509 Y137.339 E.00874
G1 X107.394 Y137.075 E.00883
G1 X107.307 Y136.802 E.00883
G1 X107.248 Y136.521 E.00883
G1 X107.218 Y136.235 E.00883
G1 X107.218 Y135.95 E.00874
G1 X107.274 Y135.518 E.0134
G1 X107.347 Y135.243 E.00874
G1 X107.418 Y135.055 E.00617
M204 S2000
G1 X107.792 Y135.175 F18000
M204 S1500
;TYPE:Inner wall
;WIDTH:0.45
G1 F1200
G1 X107.808 Y135.131 E.00154
G1 X107.918 Y134.911 E.00819
G1 X108.051 Y134.702 E.00819
G1 X108.204 Y134.509 E.00819
G1 X108.376 Y134.332 E.00819
G1 X108.566 Y134.174 E.00819
G1 X108.77 Y134.036 E.00819
G1 X108.988 Y133.92 E.00819
G1 X109.217 Y133.827 E.00819
G1 X109.454 Y133.758 E.00819
G1 X109.689 Y133.715 E.00792
G1 X110.079 Y133.696 E.01298
G1 X110.312 Y133.714 E.00775
G1 X110.555 Y133.758 E.00819
G1 X110.792 Y133.827 E.00819
G1 X111.021 Y133.92 E.00819
G1 X111.238 Y134.036 E.00819
G1 X111.443 Y134.174 E.00819
G1 X111.633 Y134.332 E.00819
G1 X111.805 Y134.509 E.00819
G1 X111.958 Y134.702 E.00819
G1 X112.091 Y134.911 E.00819
G1 X112.201 Y135.131 E.00819
G1 X112.285 Y135.355 E.00793
G1 X112.374 Y135.73 E.01278
G1 X112.398 Y135.968 E.00793
G1 X112.398 Y136.215 E.00819
G1 X112.373 Y136.46 E.00819
G1 X112.324 Y136.694 E.00792
G1 X112.195 Y137.063 E.01298
G1 X112.091 Y137.272 E.00775
G1 X111.958 Y137.48 E.00819
G1 X111.805 Y137.674 E.00819
G1 X111.633 Y137.85 E.00819
G1 X111.443 Y138.009 E.00819
G1 X111.238 Y138.146 E.00819
G1 X111.021 Y138.262 E.00819
G1 X110.799 Y138.352 E.00793
G1 X110.426 Y138.451 E.01279
G1 X110.189 Y138.481 E.00793
G1 X109.943 Y138.488 E.00819
G1 X109.697 Y138.469 E.00819
G1 X109.454 Y138.424 E.00819
G1 X109.217 Y138.355 E.00819
G1 X108.988 Y138.262 E.00819
G1 X108.77 Y138.146 E.00819
G1 X108.566 Y138.009 E.00819
G1 X108.376 Y137.85 E.00819
G1 X108.209 Y137.679 E.00793
G1 X107.978 Y137.371 E.01279
G1 X107.86 Y137.163 E.00793
G1 X107.761 Y136.937 E.00819
G1 X107.686 Y136.702 E.00819
G1 X107.636 Y136.46 E.00819
G1 X107.61 Y136.215 E.00819
G1 X107.61 Y135.976 E.00793
G1 X107.66 Y135.593 E.01279
G1 X107.721 Y135.362 E.00793
G1 X107.784 Y135.193 E.00599
M204 S2000
G1 E-.8 F3600
G1 X111.422 Y135.756 F18000
G1 E.8 F3600
M204 S1000
;TYPE:Outer wall
;WIDTH:0.42
G1 F1200
G1 X111.328 Y135.473 E.00917
G1 X111.16 Y135.198 E.0099
G1 X110.983 Y135.006 E.00803
G1 X110.705 Y134.809 E.01047
G1 X110.489 Y134.713 E.00726
G1 X110.261 Y134.653 E.00724
G1 X109.944 Y134.632 E.00977
G1 X109.689 Y134.665 E.0079
G1 X109.466 Y134.734 E.00717
G1 X109.254 Y134.838 E.00726
G1 X108.985 Y135.045 E.01043
G1 X108.827 Y135.227 E.00739
G1 X108.659 Y135.522 E.01043
G1 X108.584 Y135.75 E.00739
G1 X108.543 Y136.091 E.01056
G1 X108.584 Y136.432 E.01056
G1 X108.659 Y136.66 E.00737
G1 X108.814 Y136.938 E.00977
G1 X108.984 Y137.137 E.00803
G1 X109.254 Y137.345 E.01047
G1 X109.466 Y137.449 E.00726
G1 X109.691 Y137.518 E.00726
G1 X110.033 Y137.552 E.01056
G1 X110.374 Y137.505 E.01056
G1 X110.597 Y137.426 E.00726
G1 X110.804 Y137.314 E.00726
G1 X111.068 Y137.093 E.01056
G1 X111.272 Y136.817 E.01056
G1 X111.372 Y136.603 E.00726
G1 X111.437 Y136.376 E.00726
G1 X111.464 Y136.037 E.01043
G1 X111.436 Y135.799 E.00739
G1 X111.428 Y135.775 E.00075
M204 S2000
G1 X111.824 Y135.746 F18000
M204 S1500
;TYPE:Inner wall
;WIDTH:0.45
G1 F1200
G1 X111.82 Y135.713 E.00111
G1 X111.687 Y135.307 E.0142
G1 X111.474 Y134.96 E.01347
G1 X111.243 Y134.71 E.0113
G1 X110.9 Y134.467 E.01397
G1 X110.619 Y134.342 E.01017
G1 X110.324 Y134.264 E.01011
G1 X109.931 Y134.238 E.01307
G1 X109.605 Y134.28 E.0109
G1 X109.321 Y134.368 E.00988
G1 X109.045 Y134.503 E.01017
G1 X108.714 Y134.758 E.01385
G1 X108.505 Y134.999 E.01057
G1 X108.299 Y135.362 E.01385
G1 X108.199 Y135.665 E.01057
G1 X108.148 Y136.091 E.01426
G1 X108.199 Y136.518 E.01426
G1 X108.298 Y136.819 E.01051
G1 X108.491 Y137.163 E.01307
G1 X108.712 Y137.422 E.0113
G1 X109.045 Y137.679 E.01397
G1 X109.321 Y137.815 E.01017
G1 X109.614 Y137.905 E.01017
G1 X110.041 Y137.947 E.01426
G1 X110.467 Y137.888 E.01426
G1 X110.756 Y137.786 E.01017
G1 X111.026 Y137.64 E.01017
G1 X111.356 Y137.364 E.01426
G1 X111.611 Y137.019 E.01426
G1 X111.741 Y136.741 E.01017
G1 X111.825 Y136.446 E.01017
G1 X111.858 Y136.03 E.01385
G1 X111.827 Y135.766 E.0088
M204 S2000
G1 X112.09 Y135.736 F18000
;TYPE:Gap infill
;WIDTH:0.176013
G1 F1200
G1 X112.08 Y135.649 E.00095
G1 X111.933 Y135.2 E.00512
G1 X111.734 Y134.861 E.00426
G1 X111.448 Y134.532 E.00474
G1 X111.097 Y134.271 E.00474
G1 X110.704 Y134.084 E.00472
G1 X110.275 Y133.986 E.00478
G1 X109.929 Y133.971 E.00376
G1 X109.554 Y134.019 E.0041
G1 X109.226 Y134.117 E.00371
G1 X108.908 Y134.27 E.00383
G1 X108.534 Y134.558 E.00511
G1 X108.272 Y134.86 E.00434
G1 X108.054 Y135.246 E.00481
G1 X107.927 Y135.648 E.00457
G1 X107.881 Y136.084 E.00476
G1 X107.938 Y136.57 E.00531
G1 X108.051 Y136.921 E.004
G1 X108.267 Y137.311 E.00483
G1 X108.524 Y137.61 E.00428
G1 X108.732 Y137.787 E.00296
G1 X108.9 Y137.901 E.0022
G1 X109.226 Y138.068 E.00397
G1 X109.567 Y138.166 E.00385
G1 X110.054 Y138.213 E.0053
G1 X110.524 Y138.149 E.00515
G1 X110.86 Y138.031 E.00386
G1 X111.183 Y137.859 E.00397
G1 X111.556 Y137.542 E.00531
G1 X111.847 Y137.151 E.00529
G1 X111.99 Y136.839 E.00372
G1 X112.092 Y136.488 E.00397
G1 X112.124 Y136.03 E.00497
G1 X112.093 Y135.756 E.003
; stop printing object separador_timon.stl id:1 copy 0
; end of layer_num: 58, T: 0, print_z: 11.640000
;LAYER_CHANGE
;Z:11.84
;HEIGHT:0.2
; BEFORE_LAYER_CHANGE 58 @ 11.84mm
G92 E0
; AFTER_LAYER_CHANGE 58 @ 11.84mm
; start of layer_num: 59, T: 0, print_z: 11.840000
; printing object "separador_timon.stl" id:0 copy 0
G1 E-.8 F3600
G1 X107.416 Y108.964 Z11.84 F18000
G1 E.8 F3600
M204 S1000
;TYPE:Outer wall
;WIDTH:0.42
G1 F1200
G1 X107.446 Y108.877 E.0028
G1 X107.572 Y108.626 E.00864
G1 X107.726 Y108.384 E.00883
G1 X107.905 Y108.158 E.00883
G1 X108.105 Y107.953 E.00883
G1 X108.326 Y107.769 E.00882
G1 X108.564 Y107.608 E.00883
G1 X108.817 Y107.473 E.00883
G1 X109.083 Y107.365 E.00883
G1 X109.359 Y107.285 E.00883
G1 X109.639 Y107.234 E.00874
G1 X110.078 Y107.212 E.0135
G1 X110.358 Y107.233 E.00864
G1 X110.641 Y107.285 E.00883
G1 X110.917 Y107.365 E.00883
G1 X111.183 Y107.473 E.00883
G1 X111.436 Y107.608 E.00883
G1 X111.674 Y107.769 E.00883
G1 X111.895 Y107.953 E.00883
G1 X112.095 Y108.158 E.00882
G1 X112.274 Y108.384 E.00883
G1 X112.426 Y108.624 E.00874
G1 X112.612 Y109.022 E.0135
G1 X112.698 Y109.289 E.00864
G1 X112.756 Y109.571 E.00883
G1 X112.786 Y109.856 E.00883
G1 X112.786 Y110.144 E.00883
G1 X112.756 Y110.429 E.00883
G1 X112.698 Y110.708 E.00874
G1 X112.554 Y111.123 E.0135
G1 X112.428 Y111.374 E.00864
G1 X112.274 Y111.616 E.00883
G1 X112.095 Y111.842 E.00883
G1 X111.897 Y112.045 E.00874
G1 X111.555 Y112.316 E.0134
G1 X111.311 Y112.462 E.00874
G1 X111.051 Y112.584 E.00883
G1 X110.78 Y112.679 E.00883
G1 X110.5 Y112.745 E.00883
G1 X110.215 Y112.781 E.00883
G1 X109.928 Y112.789 E.00883
G1 X109.642 Y112.767 E.00882
G1 X109.359 Y112.715 E.00883
G1 X109.083 Y112.635 E.00883
G1 X108.817 Y112.527 E.00883
G1 X108.564 Y112.392 E.00883
G1 X108.326 Y112.231 E.00883
G1 X108.105 Y112.047 E.00883
G1 X107.905 Y111.842 E.00882
G1 X107.726 Y111.616 E.00883
G1 X107.572 Y111.374 E.00883
G1 X107.444 Y111.117 E.00883
G1 X107.342 Y110.848 E.00883
G1 X107.269 Y110.571 E.00883
G1 X107.225 Y110.29 E.00874
G1 X107.214 Y109.854 E.0134
G1 X107.244 Y109.571 E.00874
G1 X107.302 Y109.292 E.00874
G1 X107.41 Y108.983 E.01008
M204 S2000
G1 X107.786 Y109.093 F18000
M204 S1500
;TYPE:Inner wall
;WIDTH:0.45
G1 F1200
G1 X107.808 Y109.03 E.00219
G1 X107.914 Y108.819 E.00783
G1 X108.046 Y108.611 E.00819
G1 X108.199 Y108.418 E.00819
G1 X108.372 Y108.241 E.00819
G1 X108.561 Y108.083 E.00819
G1 X108.766 Y107.945 E.00819
G1 X108.984 Y107.829 E.00819
G1 X109.212 Y107.736 E.00819
G1 X109.449 Y107.667 E.00819
G1 X109.684 Y107.624 E.00792
G1 X110.073 Y107.604 E.01289
G1 X110.308 Y107.623 E.00783
G1 X110.551 Y107.667 E.00819
G1 X110.788 Y107.736 E.00819
G1 X111.016 Y107.829 E.00819
G1 X111.234 Y107.945 E.00819
G1 X111.439 Y108.083 E.00819
G1 X111.628 Y108.241 E.00819
G1 X111.801 Y108.418 E.00819
G1 X111.954 Y108.611 E.00819
G1 X112.082 Y108.813 E.00792
G1 X112.246 Y109.165 E.01289
G1 X112.318 Y109.389 E.00782
G1 X112.369 Y109.631 E.00819
G1 X112.394 Y109.877 E.00819
G1 X112.394 Y110.123 E.00819
G1 X112.369 Y110.369 E.00819
G1 X112.32 Y110.603 E.00792
G1 X112.192 Y110.97 E.01289
G1 X112.086 Y111.181 E.00783
G1 X111.954 Y111.389 E.00819
G1 X111.801 Y111.582 E.00819
G1 X111.634 Y111.754 E.00793
G1 X111.332 Y111.993 E.01279
G1 X111.127 Y112.116 E.00793
G1 X110.903 Y112.221 E.00819
G1 X110.67 Y112.302 E.00819
G1 X110.43 Y112.358 E.00819
G1 X110.185 Y112.39 E.00819
G1 X109.938 Y112.396 E.00819
G1 X109.692 Y112.377 E.00819
G1 X109.449 Y112.333 E.00819
G1 X109.212 Y112.264 E.00819
G1 X108.984 Y112.171 E.00819
G1 X108.766 Y112.055 E.00819
G1 X108.561 Y111.917 E.00819
G1 X108.372 Y111.759 E.00819
G1 X108.199 Y111.582 E.00819
G1 X108.046 Y111.389 E.00819
G1 X107.914 Y111.181 E.00819
G1 X107.803 Y110.96 E.00819
G1 X107.716 Y110.729 E.00819
G1 X107.654 Y110.49 E.00819
G1 X107.617 Y110.254 E.00793
G1 X107.607 Y109.869 E.01279
G1 X107.631 Y109.631 E.00793
G1 X107.68 Y109.397 E.00792
G1 X107.78 Y109.112 E.01004
M204 S2000
G1 E-.8 F3600
G1 X111.418 Y109.665 F18000
G1 E.8 F3600
M204 S1000
;TYPE:Outer wall
;WIDTH:0.42
G1 F1200
G1 X111.324 Y109.381 E.00918
G1 X111.154 Y109.106 E.00995
G1 X110.979 Y108.915 E.00797
G1 X110.718 Y108.728 E.00985
G1 X110.485 Y108.622 E.00786
G1 X110.256 Y108.562 E.00728
G1 X109.938 Y108.541 E.00982
G1 X109.684 Y108.574 E.00786
G1 X109.461 Y108.642 E.00717
G1 X109.249 Y108.747 E.00726
G1 X108.977 Y108.956 E.01054
G1 X108.773 Y109.207 E.00995
G1 X108.654 Y109.433 E.00786
G1 X108.579 Y109.659 E.00729
G1 X108.539 Y109.999 E.01054
G1 X108.575 Y110.321 E.00995
G1 X108.653 Y110.565 E.00786
G1 X108.762 Y110.776 E.00729
G1 X108.977 Y111.043 E.01054
G1 X109.232 Y111.242 E.00995
G1 X109.464 Y111.359 E.00799
G1 X109.793 Y111.446 E.01046
G1 X110.029 Y111.46 E.00726
G1 X110.264 Y111.437 E.00726
G1 X110.589 Y111.337 E.01043
G1 X110.8 Y111.222 E.00739
G1 X111.061 Y111.005 E.01043
G1 X111.211 Y110.817 E.00739
G1 X111.369 Y110.512 E.01056
G1 X111.45 Y110.178 E.01056
G1 X111.46 Y109.942 E.00726
G1 X111.431 Y109.707 E.00726
G1 X111.424 Y109.684 E.00074
M204 S2000
G1 X111.806 Y109.59 F18000
M204 S1500
;TYPE:Inner wall
;WIDTH:0.45
G1 F1200
G1 X111.682 Y109.215 E.01309
G1 X111.469 Y108.868 E.01353
G1 X111.24 Y108.62 E.0112
G1 X110.915 Y108.387 E.01323
G1 X110.618 Y108.252 E.01085
G1 X110.32 Y108.173 E.01022
G1 X109.925 Y108.147 E.01312
G1 X109.601 Y108.189 E.01085
G1 X109.316 Y108.277 E.00988
G1 X109.041 Y108.412 E.01017
G1 X108.702 Y108.673 E.0142
G1 X108.445 Y108.99 E.01353
G1 X108.292 Y109.279 E.01085
G1 X108.195 Y109.573 E.01028
G1 X108.144 Y109.998 E.0142
G1 X108.19 Y110.403 E.01353
G1 X108.289 Y110.715 E.01085
G1 X108.432 Y110.99 E.01028
G1 X108.699 Y111.324 E.0142
G1 X109.021 Y111.575 E.01353
G1 X109.324 Y111.728 E.01125
G1 X109.731 Y111.835 E.01396
G1 X110.037 Y111.854 E.01017
G1 X110.342 Y111.823 E.01017
G1 X110.741 Y111.7 E.01385
G1 X111.021 Y111.548 E.01057
G1 X111.342 Y111.281 E.01385
G1 X111.541 Y111.032 E.01057
G1 X111.739 Y110.65 E.01426
G1 X111.84 Y110.233 E.01426
G1 X111.853 Y109.926 E.01017
G1 X111.816 Y109.622 E.01017
G1 X111.812 Y109.609 E.00045
G1 E-.8 F3600
M204 S2000
G1 X112.069 Y109.568 F18000
G1 E.8 F3600
;TYPE:Gap infill
;WIDTH:0.177331
G1 F1200
G1 X112.051 Y109.458 E.00123
G1 X111.927 Y109.109 E.00405
G1 X111.731 Y108.772 E.00428
G1 X111.444 Y108.44 E.0048
G1 X111.093 Y108.179 E.00478
G1 X110.704 Y107.995 E.00472
G1 X110.271 Y107.895 E.00487
G1 X109.923 Y107.879 E.00381
G1 X109.538 Y107.926 E.00425
G1 X109.1 Y108.078 E.00507
G1 X108.728 Y108.304 E.00478
G1 X108.511 Y108.488 E.00311
G1 X108.219 Y108.848 E.00508
G1 X108.046 Y109.168 E.00399
G1 X107.93 Y109.521 E.00407
G1 X107.876 Y109.99 E.00517
G1 X107.92 Y110.433 E.00487
G1 X108.053 Y110.851 E.0048
G1 X108.271 Y111.229 E.00478
G1 X108.516 Y111.521 E.00417
G1 X108.882 Y111.806 E.00508
G1 X109.235 Y111.981 E.00431
G1 X109.694 Y112.102 E.00521
G1 X110.047 Y112.121 E.00387
G1 X110.389 Y112.09 E.00376
G1 X110.84 Y111.951 E.00516
G1 X111.179 Y111.769 E.00422
G1 X111.528 Y111.472 E.00502
G1 X111.763 Y111.184 E.00407
G1 X111.986 Y110.751 E.00534
G1 X112.098 Y110.329 E.00478
G1 X112.123 Y109.91 E.00459
G1 X112.072 Y109.588 E.00357
; stop printing object separador_timon.stl id:0 copy 0
; printing object "separador_timon.stl" id:1 copy 0
G1 E-.8 F3600
G1 X107.421 Y135.055 F18000
G1 E.8 F3600
M204 S1000
;TYPE:Outer wall
;WIDTH:0.42
G1 F1200
G1 X107.451 Y134.969 E.0028
G1 X107.577 Y134.717 E.00864
G1 X107.731 Y134.475 E.00883
G1 X107.909 Y134.25 E.00883
G1 X108.109 Y134.044 E.00883
G1 X108.33 Y133.86 E.00882
G1 X108.568 Y133.7 E.00883
G1 X108.822 Y133.565 E.00883
G1 X109.088 Y133.456 E.00883
G1 X109.364 Y133.376 E.00883
G1 X109.643 Y133.325 E.00874
G1 X110.082 Y133.303 E.0135
G1 X110.363 Y133.325 E.00864
G1 X110.645 Y133.376 E.00883
G1 X110.921 Y133.456 E.00883
G1 X111.187 Y133.565 E.00883
G1 X111.441 Y133.7 E.00883
G1 X111.679 Y133.86 E.00883
G1 X111.899 Y134.044 E.00883
G1 X112.1 Y134.25 E.00882
G1 X112.278 Y134.475 E.00883
G1 X112.431 Y134.715 E.00874
G1 X112.617 Y135.113 E.0135
G1 X112.702 Y135.381 E.00864
G1 X112.761 Y135.662 E.00883
G1 X112.79 Y135.948 E.00883
G1 X112.79 Y136.235 E.00883
G1 X112.761 Y136.521 E.00883
G1 X112.703 Y136.799 E.00874
G1 X112.558 Y137.214 E.0135
G1 X112.432 Y137.465 E.00864
G1 X112.278 Y137.708 E.00883
G1 X112.1 Y137.933 E.00883
G1 X111.901 Y138.137 E.00874
G1 X111.559 Y138.407 E.0134
G1 X111.315 Y138.554 E.00874
G1 X111.055 Y138.675 E.00883
G1 X110.784 Y138.77 E.00883
G1 X110.505 Y138.836 E.00883
G1 X110.22 Y138.873 E.00883
G1 X109.933 Y138.88 E.00883
G1 X109.646 Y138.858 E.00882
G1 X109.364 Y138.806 E.00883
G1 X109.088 Y138.726 E.00883
G1 X108.822 Y138.618 E.00883
G1 X108.568 Y138.483 E.00883
G1 X108.33 Y138.323 E.00883
G1 X108.109 Y138.139 E.00883
G1 X107.909 Y137.933 E.00882
G1 X107.731 Y137.708 E.00883
G1 X107.577 Y137.465 E.00883
G1 X107.448 Y137.208 E.00883
G1 X107.347 Y136.94 E.00883
G1 X107.274 Y136.662 E.00883
G1 X107.23 Y136.381 E.00874
G1 X107.219 Y135.945 E.0134
G1 X107.248 Y135.662 E.00874
G1 X107.306 Y135.384 E.00874
G1 X107.414 Y135.074 E.01008
M204 S2000
G1 X107.791 Y135.184 F18000
M204 S1500
;TYPE:Inner wall
;WIDTH:0.45
G1 F1200
G1 X107.813 Y135.122 E.00219
G1 X107.918 Y134.911 E.00783
G1 X108.051 Y134.702 E.00819
G1 X108.204 Y134.509 E.00819
G1 X108.376 Y134.332 E.00819
G1 X108.566 Y134.174 E.00819
G1 X108.77 Y134.036 E.00819
G1 X108.988 Y133.92 E.00819
G1 X109.217 Y133.827 E.00819
G1 X109.454 Y133.758 E.00819
G1 X109.689 Y133.715 E.00792
G1 X110.077 Y133.696 E.01289
G1 X110.312 Y133.714 E.00783
G1 X110.555 Y133.758 E.00819
G1 X110.792 Y133.827 E.00819
G1 X111.021 Y133.92 E.00819
G1 X111.238 Y134.036 E.00819
G1 X111.443 Y134.174 E.00819
G1 X111.633 Y134.332 E.00819
G1 X111.805 Y134.509 E.00819
G1 X111.958 Y134.702 E.00819
G1 X112.086 Y134.904 E.00792
G1 X112.251 Y135.256 E.01289
G1 X112.322 Y135.481 E.00782
G1 X112.373 Y135.722 E.00819
G1 X112.398 Y135.968 E.00819
G1 X112.398 Y136.215 E.00819
G1 X112.373 Y136.46 E.00819
G1 X112.324 Y136.694 E.00792
G1 X112.196 Y137.061 E.01289
G1 X112.091 Y137.272 E.00783
G1 X111.958 Y137.48 E.00819
G1 X111.805 Y137.674 E.00819
G1 X111.638 Y137.845 E.00793
G1 X111.336 Y138.084 E.01279
G1 X111.131 Y138.207 E.00793
G1 X110.907 Y138.312 E.00819
G1 X110.674 Y138.393 E.00819
G1 X110.434 Y138.45 E.00819
G1 X110.189 Y138.481 E.00819
G1 X109.943 Y138.488 E.00819
G1 X109.697 Y138.469 E.00819
G1 X109.454 Y138.424 E.00819
G1 X109.217 Y138.355 E.00819
G1 X108.988 Y138.262 E.00819
G1 X108.77 Y138.146 E.00819
G1 X108.566 Y138.009 E.00819
G1 X108.376 Y137.85 E.00819
G1 X108.204 Y137.674 E.00819
G1 X108.051 Y137.48 E.00819
G1 X107.918 Y137.272 E.00819
G1 X107.808 Y137.051 E.00819
G1 X107.721 Y136.82 E.00819
G1 X107.658 Y136.582 E.00819
G1 X107.621 Y136.345 E.00793
G1 X107.611 Y135.96 E.01279
G1 X107.636 Y135.722 E.00793
G1 X107.685 Y135.489 E.00792
G1 X107.784 Y135.203 E.01004
M204 S2000
G1 E-.8 F3600
G1 X111.422 Y135.757 F18000
G1 E.8 F3600
M204 S1000
;TYPE:Outer wall
;WIDTH:0.42
G1 F1200
G1 X111.328 Y135.473 E.00918
G1 X111.159 Y135.197 E.00995
G1 X110.983 Y135.006 E.00797
G1 X110.722 Y134.82 E.00985
G1 X110.49 Y134.714 E.00786
G1 X110.261 Y134.653 E.00728
G1 X109.942 Y134.632 E.00982
G1 X109.688 Y134.665 E.00786
G1 X109.466 Y134.734 E.00717
G1 X109.254 Y134.838 E.00726
G1 X108.982 Y135.047 E.01054
G1 X108.778 Y135.299 E.00995
G1 X108.658 Y135.525 E.00786
G1 X108.584 Y135.75 E.00729
G1 X108.543 Y136.091 E.01054
G1 X108.58 Y136.412 E.00995
G1 X108.657 Y136.656 E.00786
G1 X108.766 Y136.867 E.00729
G1 X108.981 Y137.134 E.01054
G1 X109.236 Y137.333 E.00995
G1 X109.468 Y137.451 E.00799
G1 X109.798 Y137.538 E.01046
G1 X110.033 Y137.552 E.00726
G1 X110.269 Y137.528 E.00726
G1 X110.593 Y137.428 E.01043
G1 X110.804 Y137.314 E.00739
G1 X111.065 Y137.096 E.01043
G1 X111.215 Y136.909 E.00739
G1 X111.373 Y136.603 E.01056
G1 X111.454 Y136.269 E.01056
G1 X111.464 Y136.033 E.00726
G1 X111.436 Y135.799 E.00726
G1 X111.428 Y135.776 E.00074
M204 S2000
G1 X111.81 Y135.681 F18000
M204 S1500
;TYPE:Inner wall
;WIDTH:0.45
G1 F1200
G1 X111.686 Y135.306 E.01309
G1 X111.473 Y134.959 E.01353
G1 X111.244 Y134.711 E.0112
G1 X110.92 Y134.479 E.01323
G1 X110.622 Y134.343 E.01085
G1 X110.324 Y134.264 E.01022
G1 X109.929 Y134.239 E.01312
G1 X109.605 Y134.281 E.01085
G1 X109.321 Y134.368 E.00988
G1 X109.045 Y134.503 E.01017
G1 X108.706 Y134.765 E.0142
G1 X108.449 Y135.081 E.01353
G1 X108.296 Y135.37 E.01085
G1 X108.199 Y135.665 E.01028
G1 X108.148 Y136.09 E.0142
G1 X108.195 Y136.495 E.01353
G1 X108.294 Y136.806 E.01085
G1 X108.436 Y137.082 E.01028
G1 X108.704 Y137.416 E.0142
G1 X109.026 Y137.666 E.01353
G1 X109.328 Y137.819 E.01125
G1 X109.735 Y137.927 E.01396
G1 X110.041 Y137.945 E.01017
G1 X110.346 Y137.914 E.01017
G1 X110.746 Y137.792 E.01385
G1 X111.026 Y137.64 E.01057
G1 X111.346 Y137.372 E.01385
G1 X111.546 Y137.123 E.01057
G1 X111.743 Y136.742 E.01426
G1 X111.845 Y136.324 E.01426
G1 X111.857 Y136.018 E.01017
G1 X111.82 Y135.713 E.01017
G1 X111.816 Y135.7 E.00045
M204 S2000
G1 X112.073 Y135.66 F18000
;TYPE:Gap infill
;WIDTH:0.177331
G1 F1200
G1 X112.056 Y135.549 E.00123
G1 X111.932 Y135.201 E.00405
G1 X111.735 Y134.863 E.00428
G1 X111.448 Y134.532 E.0048
G1 X111.098 Y134.271 E.00478
G1 X110.708 Y134.086 E.00472
G1 X110.275 Y133.986 E.00487
G1 X109.927 Y133.971 E.00381
G1 X109.542 Y134.017 E.00425
G1 X109.105 Y134.169 E.00507
G1 X108.732 Y134.396 E.00478
G1 X108.516 Y134.579 E.00311
G1 X108.223 Y134.939 E.00508
G1 X108.05 Y135.259 E.00399
G1 X107.934 Y135.612 E.00407
G1 X107.881 Y136.082 E.00517
G1 X107.924 Y136.524 E.00487
G1 X108.058 Y136.942 E.0048
G1 X108.275 Y137.321 E.00478
G1 X108.521 Y137.612 E.00417
G1 X108.886 Y137.898 E.00508
G1 X109.239 Y138.072 E.00431
G1 X109.699 Y138.194 E.00521
G1 X110.052 Y138.212 E.00387
G1 X110.393 Y138.181 E.00376
G1 X110.844 Y138.042 E.00516
G1 X111.183 Y137.86 E.00422
G1 X111.532 Y137.563 E.00502
G1 X111.767 Y137.275 E.00407
G1 X111.991 Y136.842 E.00534
G1 X112.102 Y136.42 E.00478
G1 X112.127 Y136.002 E.00459
G1 X112.076 Y135.679 E.00357
; stop printing object separador_timon.stl id:1 copy 0
; end of layer_num: 59, T: 0, print_z: 11.840000
;LAYER_CHANGE
;Z:12.04
;HEIGHT:0.2
; BEFORE_LAYER_CHANGE 59 @ 12.04mm
G92 E0
; AFTER_LAYER_CHANGE 59 @ 12.04mm
; start of layer_num: 60, T: 0, print_z: 12.040000
; printing object "separador_timon.stl" id:0 copy 0
G1 E-.8 F3600
G1 X107.416 Y108.955 Z12.04 F18000
G1 E.8 F3600
M204 S1000
;TYPE:Outer wall
;WIDTH:0.42
G1 F1200
G1 X107.444 Y108.883 E.00238
G1 X107.572 Y108.626 E.00883
G1 X107.726 Y108.384 E.00883
G1 X107.905 Y108.158 E.00882
G1 X108.105 Y107.953 E.00883
G1 X108.326 Y107.769 E.00883
G1 X108.564 Y107.608 E.00882
G1 X108.817 Y107.473 E.00883
G1 X109.083 Y107.365 E.00883
G1 X109.359 Y107.285 E.00883
G1 X109.639 Y107.234 E.00874
G1 X110.075 Y107.211 E.01342
G1 X110.358 Y107.233 E.00872
G1 X110.641 Y107.285 E.00883
G1 X110.917 Y107.365 E.00883
G1 X111.183 Y107.473 E.00883
G1 X111.436 Y107.608 E.00883
G1 X111.674 Y107.769 E.00883
G1 X111.895 Y107.953 E.00883
G1 X112.095 Y108.158 E.00883
G1 X112.274 Y108.384 E.00883
G1 X112.428 Y108.626 E.00883
G1 X112.556 Y108.883 E.00883
G1 X112.658 Y109.152 E.00883
G1 X112.731 Y109.429 E.00883
G1 X112.775 Y109.71 E.00874
G1 X112.786 Y110.144 E.01331
G1 X112.73 Y110.574 E.01334
G1 X112.658 Y110.848 E.00872
G1 X112.556 Y111.117 E.00883
G1 X112.428 Y111.374 E.00883
G1 X112.274 Y111.616 E.00883
G1 X112.095 Y111.842 E.00882
G1 X111.897 Y112.045 E.00874
G1 X111.555 Y112.316 E.0134
G1 X111.311 Y112.462 E.00874
G1 X111.051 Y112.584 E.00883
G1 X110.78 Y112.679 E.00883
G1 X110.5 Y112.745 E.00883
G1 X110.215 Y112.781 E.00883
G1 X109.928 Y112.789 E.00883
G1 X109.642 Y112.767 E.00883
G1 X109.359 Y112.715 E.00883
G1 X109.083 Y112.635 E.00883
G1 X108.817 Y112.527 E.00883
G1 X108.564 Y112.392 E.00883
G1 X108.326 Y112.231 E.00883
G1 X108.105 Y112.047 E.00883
G1 X107.905 Y111.842 E.00883
G1 X107.726 Y111.616 E.00883
G1 X107.574 Y111.376 E.00874
G1 X107.389 Y110.981 E.01342
G1 X107.302 Y110.71 E.00872
G1 X107.244 Y110.429 E.00883
G1 X107.214 Y110.144 E.00883
G1 X107.214 Y109.859 E.00874
G1 X107.27 Y109.426 E.01342
G1 X107.342 Y109.152 E.00872
G1 X107.409 Y108.974 E.00583
M204 S2000
G1 X107.783 Y109.094 F18000
M204 S1500
;TYPE:Inner wall
;WIDTH:0.45
G1 F1200
G1 X107.803 Y109.04 E.0019
G1 X107.914 Y108.819 E.00819
G1 X108.046 Y108.611 E.00819
G1 X108.199 Y108.418 E.00819
G1 X108.372 Y108.241 E.00819
G1 X108.561 Y108.083 E.00819
G1 X108.766 Y107.945 E.00819
G1 X108.984 Y107.829 E.00819
G1 X109.212 Y107.736 E.00819
G1 X109.449 Y107.667 E.00819
G1 X109.685 Y107.624 E.00793
G1 X110.07 Y107.604 E.01281
G1 X110.308 Y107.623 E.00791
G1 X110.551 Y107.667 E.00819
G1 X110.788 Y107.736 E.00819
G1 X111.016 Y107.829 E.00819
G1 X111.234 Y107.945 E.00819
G1 X111.439 Y108.083 E.00819
G1 X111.628 Y108.241 E.00819
G1 X111.801 Y108.418 E.00819
G1 X111.954 Y108.611 E.00819
G1 X112.086 Y108.819 E.00819
G1 X112.197 Y109.04 E.00819
G1 X112.284 Y109.271 E.00819
G1 X112.346 Y109.51 E.00819
G1 X112.383 Y109.746 E.00793
G1 X112.393 Y110.123 E.01253
G1 X112.344 Y110.499 E.01255
G1 X112.284 Y110.729 E.00791
G1 X112.197 Y110.96 E.00819
G1 X112.086 Y111.181 E.00819
G1 X111.954 Y111.389 E.00819
G1 X111.801 Y111.582 E.00819
G1 X111.634 Y111.754 E.00793
G1 X111.332 Y111.993 E.01279
G1 X111.127 Y112.116 E.00793
G1 X110.903 Y112.221 E.00819
G1 X110.67 Y112.302 E.00819
G1 X110.43 Y112.358 E.00819
G1 X110.185 Y112.39 E.00819
G1 X109.938 Y112.396 E.00819
G1 X109.692 Y112.377 E.00819
G1 X109.449 Y112.333 E.00819
G1 X109.212 Y112.264 E.00819
G1 X108.984 Y112.171 E.00819
G1 X108.766 Y112.055 E.00819
G1 X108.561 Y111.917 E.00819
G1 X108.372 Y111.759 E.00819
G1 X108.199 Y111.582 E.00819
G1 X108.046 Y111.389 E.00819
G1 X107.918 Y111.187 E.00793
G1 X107.754 Y110.838 E.01281
G1 X107.682 Y110.61 E.0079
G1 X107.631 Y110.369 E.00819
G1 X107.606 Y110.123 E.00819
G1 X107.606 Y109.884 E.00793
G1 X107.656 Y109.501 E.01281
G1 X107.716 Y109.271 E.00791
G1 X107.776 Y109.112 E.00563
M204 S2000
G1 E-.8 F3600
G1 X111.418 Y109.667 F18000
G1 E.8 F3600
M204 S1000
;TYPE:Outer wall
;WIDTH:0.42
G1 F1200
G1 X111.324 Y109.381 E.00924
G1 X111.154 Y109.104 E.00999
G1 X110.978 Y108.915 E.00794
G1 X110.7 Y108.718 E.01046
G1 X110.484 Y108.622 E.00726
G1 X110.256 Y108.562 E.00725
G1 X109.936 Y108.541 E.00986
G1 X109.684 Y108.574 E.00781
G1 X109.458 Y108.643 E.00728
G1 X109.175 Y108.795 E.00986
G1 X108.975 Y108.959 E.00793
G1 X108.773 Y109.209 E.00989
G1 X108.654 Y109.433 E.00781
G1 X108.579 Y109.659 E.00729
G1 X108.538 Y110 E.01056
G1 X108.579 Y110.341 E.01056
G1 X108.653 Y110.566 E.00726
G1 X108.762 Y110.776 E.00726
G1 X108.977 Y111.043 E.01054
G1 X109.233 Y111.243 E.00999
G1 X109.464 Y111.359 E.00793
G1 X109.774 Y111.443 E.00989
G1 X110.028 Y111.46 E.00781
G1 X110.264 Y111.437 E.00729
G1 X110.592 Y111.336 E.01054
G1 X110.872 Y111.171 E.00999
G1 X111.065 Y111 E.00793
G1 X111.258 Y110.742 E.00989
G1 X111.369 Y110.509 E.00793
G1 X111.447 Y110.197 E.00989
G1 X111.46 Y109.943 E.00781
G1 X111.431 Y109.707 E.00729
G1 X111.424 Y109.686 E.00069
M204 S2000
G1 X111.806 Y109.59 F18000
M204 S1500
;TYPE:Inner wall
;WIDTH:0.45
G1 F1200
G1 X111.682 Y109.215 E.01309
G1 X111.467 Y108.866 E.01358
G1 X111.238 Y108.618 E.0112
G1 X110.895 Y108.375 E.01395
G1 X110.615 Y108.251 E.01017
G1 X110.32 Y108.173 E.01012
G1 X109.923 Y108.147 E.01318
G1 X109.601 Y108.189 E.0108
G1 X109.306 Y108.28 E.01022
G1 X108.956 Y108.468 E.01318
G1 X108.696 Y108.681 E.01115
G1 X108.444 Y108.991 E.01327
G1 X108.292 Y109.279 E.0108
G1 X108.195 Y109.573 E.01027
G1 X108.144 Y110 E.01426
G1 X108.195 Y110.427 E.01426
G1 X108.291 Y110.718 E.01017
G1 X108.432 Y110.99 E.01017
G1 X108.699 Y111.324 E.01421
G1 X109.023 Y111.576 E.01358
G1 X109.323 Y111.727 E.01115
G1 X109.709 Y111.831 E.01327
G1 X110.034 Y111.854 E.0108
G1 X110.342 Y111.823 E.01027
G1 X110.751 Y111.697 E.01421
G1 X111.104 Y111.49 E.01358
G1 X111.356 Y111.267 E.01115
G1 X111.595 Y110.946 E.01327
G1 X111.74 Y110.643 E.01115
G1 X111.837 Y110.254 E.01327
G1 X111.853 Y109.929 E.0108
G1 X111.816 Y109.622 E.01027
G1 X111.812 Y109.609 E.00045
G1 E-.8 F3600
M204 S2000
G1 X112.069 Y109.54 F18000
G1 E.8 F3600
;TYPE:Gap infill
;WIDTH:0.176109
G1 F1200
G1 X112.019 Y109.355 E.00207
G1 X111.92 Y109.097 E.00301
G1 X111.676 Y108.7 E.00505
G1 X111.418 Y108.423 E.00411
G1 X111.273 Y108.304 E.00204
G1 X111.032 Y108.147 E.00312
G1 X110.708 Y108.002 E.00386
G1 X110.357 Y107.905 E.00395
G1 X109.921 Y107.879 E.00474
G1 X109.549 Y107.928 E.00407
G1 X109.209 Y108.031 E.00386
G1 X108.813 Y108.242 E.00487
G1 X108.51 Y108.487 E.00422
G1 X108.27 Y108.77 E.00403
G1 X108.045 Y109.168 E.00496
G1 X107.923 Y109.556 E.00441
G1 X107.877 Y109.993 E.00477
G1 X107.934 Y110.478 E.00531
G1 X108.041 Y110.817 E.00386
G1 X108.204 Y111.131 E.00384
G1 X108.516 Y111.522 E.00543
G1 X108.884 Y111.807 E.00505
G1 X109.233 Y111.98 E.00423
G1 X109.671 Y112.098 E.00492
G1 X110.043 Y112.121 E.00405
G1 X110.4 Y112.082 E.0039
G1 X110.592 Y112.035 E.00215
G1 X110.865 Y111.938 E.00314
G1 X111.257 Y111.71 E.00492
G1 X111.547 Y111.451 E.00422
G1 X111.82 Y111.089 E.00492
G1 X111.989 Y110.739 E.00422
G1 X112.101 Y110.3 E.00492
G1 X112.121 Y109.925 E.00407
G1 X112.074 Y109.559 E.00401
; stop printing object separador_timon.stl id:0 copy 0
; printing object "separador_timon.stl" id:1 copy 0
G1 E-.8 F3600
G1 X107.421 Y135.046 F18000
G1 E.8 F3600
M204 S1000
;TYPE:Outer wall
;WIDTH:0.42
G1 F1200
G1 X107.448 Y134.974 E.00238
G1 X107.577 Y134.717 E.00883
G1 X107.731 Y134.475 E.00883
G1 X107.909 Y134.25 E.00882
G1 X108.109 Y134.044 E.00883
G1 X108.33 Y133.86 E.00883
G1 X108.568 Y133.7 E.00882
G1 X108.822 Y133.565 E.00883
G1 X109.088 Y133.456 E.00883
G1 X109.364 Y133.376 E.00883
G1 X109.643 Y133.325 E.00874
G1 X110.08 Y133.303 E.01342
G1 X110.363 Y133.325 E.00872
G1 X110.645 Y133.376 E.00883
G1 X110.921 Y133.456 E.00883
G1 X111.187 Y133.565 E.00883
G1 X111.441 Y133.7 E.00883
G1 X111.679 Y133.86 E.00883
G1 X111.899 Y134.044 E.00883
G1 X112.1 Y134.25 E.00883
G1 X112.278 Y134.475 E.00883
G1 X112.432 Y134.717 E.00883
G1 X112.561 Y134.974 E.00883
G1 X112.662 Y135.243 E.00883
G1 X112.735 Y135.521 E.00883
G1 X112.779 Y135.802 E.00874
G1 X112.79 Y136.235 E.01331
G1 X112.734 Y136.665 E.01334
G1 X112.662 Y136.94 E.00872
G1 X112.561 Y137.208 E.00883
G1 X112.432 Y137.465 E.00883
G1 X112.278 Y137.708 E.00883
G1 X112.1 Y137.933 E.00882
G1 X111.901 Y138.137 E.00874
G1 X111.559 Y138.407 E.0134
G1 X111.315 Y138.554 E.00874
G1 X111.055 Y138.675 E.00883
G1 X110.784 Y138.77 E.00883
G1 X110.505 Y138.836 E.00883
G1 X110.22 Y138.873 E.00883
G1 X109.933 Y138.88 E.00883
G1 X109.646 Y138.858 E.00883
G1 X109.364 Y138.806 E.00883
G1 X109.088 Y138.726 E.00883
G1 X108.822 Y138.618 E.00883
G1 X108.568 Y138.483 E.00883
G1 X108.33 Y138.323 E.00883
G1 X108.109 Y138.139 E.00883
G1 X107.909 Y137.933 E.00883
G1 X107.731 Y137.708 E.00883
G1 X107.578 Y137.468 E.00874
G1 X107.393 Y137.072 E.01342
G1 X107.307 Y136.802 E.00872
G1 X107.248 Y136.521 E.00883
G1 X107.218 Y136.235 E.00883
G1 X107.218 Y135.95 E.00874
G1 X107.275 Y135.517 E.01342
G1 X107.347 Y135.243 E.00872
G1 X107.414 Y135.065 E.00583
M204 S2000
G1 X107.788 Y135.185 F18000
M204 S1500
;TYPE:Inner wall
;WIDTH:0.45
G1 F1200
G1 X107.808 Y135.131 E.0019
G1 X107.918 Y134.911 E.00819
G1 X108.051 Y134.702 E.00819
G1 X108.204 Y134.509 E.00819
G1 X108.376 Y134.332 E.00819
G1 X108.566 Y134.174 E.00819
G1 X108.77 Y134.036 E.00819
G1 X108.988 Y133.92 E.00819
G1 X109.217 Y133.827 E.00819
G1 X109.454 Y133.758 E.00819
G1 X109.689 Y133.715 E.00793
G1 X110.075 Y133.696 E.01281
G1 X110.312 Y133.714 E.00791
G1 X110.555 Y133.758 E.00819
G1 X110.792 Y133.827 E.00819
G1 X111.021 Y133.92 E.00819
G1 X111.238 Y134.036 E.00819
G1 X111.443 Y134.174 E.00819
G1 X111.633 Y134.332 E.00819
G1 X111.805 Y134.509 E.00819
G1 X111.958 Y134.702 E.00819
G1 X112.091 Y134.911 E.00819
G1 X112.201 Y135.131 E.00819
G1 X112.288 Y135.362 E.00819
G1 X112.351 Y135.601 E.00819
G1 X112.388 Y135.837 E.00793
G1 X112.397 Y136.215 E.01253
G1 X112.349 Y136.59 E.01255
G1 X112.288 Y136.82 E.00791
G1 X112.201 Y137.051 E.00819
G1 X112.091 Y137.272 E.00819
G1 X111.958 Y137.48 E.00819
G1 X111.805 Y137.674 E.00819
G1 X111.638 Y137.845 E.00793
G1 X111.336 Y138.084 E.01279
G1 X111.131 Y138.207 E.00793
G1 X110.907 Y138.312 E.00819
G1 X110.674 Y138.393 E.00819
G1 X110.434 Y138.45 E.00819
G1 X110.189 Y138.481 E.00819
G1 X109.943 Y138.488 E.00819
G1 X109.697 Y138.469 E.00819
G1 X109.454 Y138.424 E.00819
G1 X109.217 Y138.355 E.00819
G1 X108.988 Y138.262 E.00819
G1 X108.77 Y138.146 E.00819
G1 X108.566 Y138.009 E.00819
G1 X108.376 Y137.85 E.00819
G1 X108.204 Y137.674 E.00819
G1 X108.051 Y137.48 E.00819
G1 X107.922 Y137.279 E.00793
G1 X107.759 Y136.929 E.01281
G1 X107.686 Y136.702 E.0079
G1 X107.636 Y136.46 E.00819
G1 X107.61 Y136.215 E.00819
G1 X107.61 Y135.976 E.00793
G1 X107.66 Y135.593 E.01281
G1 X107.721 Y135.362 E.00791
G1 X107.781 Y135.204 E.00563
M204 S2000
G1 E-.8 F3600
G1 X111.422 Y135.758 F18000
G1 E.8 F3600
M204 S1000
;TYPE:Outer wall
;WIDTH:0.42
G1 F1200
G1 X111.328 Y135.473 E.00924
G1 X111.158 Y135.196 E.00999
G1 X110.983 Y135.006 E.00794
G1 X110.705 Y134.809 E.01046
G1 X110.489 Y134.713 E.00726
G1 X110.261 Y134.653 E.00725
G1 X109.941 Y134.632 E.00986
G1 X109.688 Y134.665 E.00781
G1 X109.462 Y134.735 E.00728
G1 X109.179 Y134.886 E.00986
G1 X108.98 Y135.05 E.00793
G1 X108.777 Y135.3 E.00989
G1 X108.658 Y135.525 E.00781
G1 X108.584 Y135.75 E.00729
G1 X108.543 Y136.091 E.01056
G1 X108.584 Y136.432 E.01056
G1 X108.658 Y136.657 E.00726
G1 X108.766 Y136.867 E.00726
G1 X108.981 Y137.135 E.01054
G1 X109.238 Y137.334 E.00999
G1 X109.468 Y137.45 E.00793
G1 X109.779 Y137.534 E.00989
G1 X110.032 Y137.552 E.00781
G1 X110.269 Y137.528 E.00729
G1 X110.597 Y137.427 E.01054
G1 X110.877 Y137.262 E.00999
G1 X111.07 Y137.091 E.00793
G1 X111.262 Y136.833 E.00989
G1 X111.374 Y136.601 E.00793
G1 X111.451 Y136.288 E.00989
G1 X111.464 Y136.034 E.00781
G1 X111.436 Y135.799 E.00729
G1 X111.429 Y135.777 E.00069
M204 S2000
G1 X111.81 Y135.681 F18000
M204 S1500
;TYPE:Inner wall
;WIDTH:0.45
G1 F1200
G1 X111.686 Y135.306 E.01309
G1 X111.472 Y134.958 E.01358
G1 X111.243 Y134.71 E.0112
G1 X110.9 Y134.467 E.01395
G1 X110.619 Y134.342 E.01017
G1 X110.324 Y134.264 E.01012
G1 X109.928 Y134.239 E.01318
G1 X109.605 Y134.281 E.0108
G1 X109.31 Y134.371 E.01022
G1 X108.96 Y134.559 E.01318
G1 X108.7 Y134.772 E.01115
G1 X108.448 Y135.083 E.01327
G1 X108.296 Y135.37 E.0108
G1 X108.199 Y135.665 E.01027
G1 X108.148 Y136.091 E.01426
G1 X108.199 Y136.518 E.01426
G1 X108.295 Y136.809 E.01017
G1 X108.436 Y137.082 E.01017
G1 X108.704 Y137.416 E.01421
G1 X109.027 Y137.667 E.01358
G1 X109.327 Y137.818 E.01115
G1 X109.714 Y137.923 E.01327
G1 X110.038 Y137.945 E.0108
G1 X110.346 Y137.914 E.01027
G1 X110.756 Y137.789 E.01421
G1 X111.109 Y137.581 E.01358
G1 X111.36 Y137.358 E.01115
G1 X111.599 Y137.037 E.01327
G1 X111.745 Y136.734 E.01115
G1 X111.841 Y136.346 E.01327
G1 X111.857 Y136.02 E.0108
G1 X111.82 Y135.713 E.01027
G1 X111.816 Y135.7 E.00045
M204 S2000
G1 X112.073 Y135.631 F18000
;TYPE:Gap infill
;WIDTH:0.176109
G1 F1200
G1 X112.024 Y135.447 E.00207
G1 X111.924 Y135.188 E.00301
G1 X111.681 Y134.792 E.00505
G1 X111.423 Y134.514 E.00411
G1 X111.277 Y134.395 E.00204
G1 X111.036 Y134.238 E.00312
G1 X110.712 Y134.093 E.00386
G1 X110.361 Y133.997 E.00395
G1 X109.925 Y133.971 E.00474
G1 X109.554 Y134.019 E.00407
G1 X109.213 Y134.122 E.00386
G1 X108.817 Y134.333 E.00487
G1 X108.515 Y134.578 E.00422
G1 X108.275 Y134.862 E.00403
G1 X108.049 Y135.259 E.00496
G1 X107.927 Y135.647 E.00441
G1 X107.881 Y136.084 E.00477
G1 X107.938 Y136.57 E.00531
G1 X108.045 Y136.909 E.00386
G1 X108.208 Y137.222 E.00384
G1 X108.52 Y137.613 E.00543
G1 X108.888 Y137.899 E.00505
G1 X109.238 Y138.071 E.00423
G1 X109.675 Y138.189 E.00492
G1 X110.048 Y138.212 E.00405
G1 X110.405 Y138.174 E.0039
G1 X110.597 Y138.127 E.00215
G1 X110.869 Y138.029 E.00314
G1 X111.261 Y137.802 E.00492
G1 X111.552 Y137.542 E.00422
G1 X111.824 Y137.18 E.00492
G1 X111.993 Y136.83 E.00422
G1 X112.105 Y136.391 E.00492
G1 X112.125 Y136.016 E.00407
G1 X112.079 Y135.65 E.00401
; stop printing object separador_timon.stl id:1 copy 0
; end of layer_num: 60, T: 0, print_z: 12.040000
;LAYER_CHANGE
;Z:12.24
;HEIGHT:0.2
; BEFORE_LAYER_CHANGE 60 @ 12.24mm
G92 E0
; AFTER_LAYER_CHANGE 60 @ 12.24mm
; start of layer_num: 61, T: 0, print_z: 12.240000
; printing object "separador_timon.stl" id:0 copy 0
G1 E-.8 F3600
G1 X108.357 Y109.305 Z12.24 F18000
G1 E.8 F3600
M204 S1000
;TYPE:Outer wall
;WIDTH:0.42
G1 F1200
G1 X108.381 Y109.238 E.00218
G1 X108.553 Y108.948 E.01035
G1 X108.775 Y108.696 E.01035
G1 X109.041 Y108.489 E.01035
G1 X109.341 Y108.337 E.01035
G1 X109.668 Y108.242 E.01045
G1 X109.888 Y108.214 E.00681
G1 X110.102 Y108.214 E.00659
G1 X110.445 Y108.267 E.01066
G1 X110.762 Y108.381 E.01034
G1 X111.052 Y108.553 E.01035
G1 X111.304 Y108.775 E.01035
G1 X111.513 Y109.044 E.01045
G1 X111.619 Y109.238 E.00681
G1 X111.699 Y109.438 E.00659
G1 X111.775 Y109.776 E.01066
G1 X111.786 Y110.112 E.01034
G1 X111.733 Y110.445 E.01035
G1 X111.619 Y110.762 E.01035
G1 X111.446 Y111.054 E.01045
G1 X111.304 Y111.225 E.00681
G1 X111.148 Y111.372 E.00659
G1 X110.862 Y111.568 E.01066
G1 X110.553 Y111.701 E.01034
G1 X110.224 Y111.775 E.01035
G1 X109.888 Y111.786 E.01035
G1 X109.555 Y111.733 E.01035
G1 X109.238 Y111.619 E.01035
G1 X108.946 Y111.446 E.01045
G1 X108.775 Y111.304 E.00681
G1 X108.628 Y111.148 E.00659
G1 X108.432 Y110.862 E.01066
G1 X108.299 Y110.553 E.01034
G1 X108.225 Y110.224 E.01035
G1 X108.214 Y109.888 E.01035
G1 X108.267 Y109.555 E.01035
G1 X108.35 Y109.324 E.00755
M204 S2000
G1 E-.8 F3600
G1 X111.419 Y109.669 F18000
G1 E.8 F3600
M204 S1000
G1 F1200
G1 X111.324 Y109.381 E.00933
G1 X111.142 Y109.089 E.01056
G1 X110.977 Y108.914 E.00739
G1 X110.7 Y108.718 E.01043
G1 X110.484 Y108.622 E.00726
G1 X110.256 Y108.562 E.00725
G1 X109.935 Y108.541 E.00991
G1 X109.684 Y108.574 E.00777
G1 X109.458 Y108.643 E.00728
G1 X109.174 Y108.796 E.00991
G1 X108.978 Y108.956 E.00777
G1 X108.822 Y109.135 E.00729
G1 X108.655 Y109.43 E.01043
G1 X108.579 Y109.659 E.00739
G1 X108.538 Y110 E.01056
G1 X108.579 Y110.341 E.01056
G1 X108.653 Y110.566 E.00726
G1 X108.762 Y110.776 E.00726
G1 X108.977 Y111.043 E.01054
G1 X109.234 Y111.244 E.01004
G1 X109.464 Y111.359 E.00788
G1 X109.776 Y111.443 E.00993
G1 X110.028 Y111.46 E.00777
G1 X110.264 Y111.437 E.00729
G1 X110.589 Y111.337 E.01043
G1 X110.8 Y111.222 E.00739
G1 X111.061 Y111.005 E.01043
G1 X111.211 Y110.817 E.00739
G1 X111.367 Y110.516 E.01043
G1 X111.433 Y110.284 E.00739
G1 X111.46 Y109.946 E.01043
G1 X111.431 Y109.707 E.00739
G1 X111.425 Y109.688 E.00061
; stop printing object separador_timon.stl id:0 copy 0
; printing object "separador_timon.stl" id:1 copy 0
M204 S2000
G1 E-.8 F3600
G1 X108.362 Y135.396 F18000
G1 E.8 F3600
M204 S1000
G1 F1200
G1 X108.386 Y135.33 E.00218
G1 X108.557 Y135.04 E.01035
G1 X108.78 Y134.787 E.01035
G1 X109.046 Y134.581 E.01035
G1 X109.346 Y134.428 E.01035
G1 X109.672 Y134.333 E.01045
G1 X109.892 Y134.305 E.00681
G1 X110.107 Y134.305 E.00659
G1 X110.45 Y134.358 E.01066
G1 X110.766 Y134.472 E.01034
G1 X111.056 Y134.644 E.01035
G1 X111.309 Y134.867 E.01035
G1 X111.517 Y135.135 E.01045
G1 X111.624 Y135.329 E.00681
G1 X111.703 Y135.529 E.00659
G1 X111.779 Y135.867 E.01066
G1 X111.79 Y136.204 E.01034
G1 X111.737 Y136.536 E.01035
G1 X111.623 Y136.853 E.01035
G1 X111.45 Y137.146 E.01045
G1 X111.309 Y137.316 E.00681
G1 X111.153 Y137.463 E.00659
G1 X110.866 Y137.659 E.01066
G1 X110.557 Y137.793 E.01034
G1 X110.229 Y137.866 E.01035
G1 X109.892 Y137.877 E.01035
G1 X109.559 Y137.824 E.01035
G1 X109.243 Y137.71 E.01035
G1 X108.95 Y137.537 E.01045
G1 X108.779 Y137.396 E.00681
G1 X108.632 Y137.239 E.00659
G1 X108.437 Y136.953 E.01066
G1 X108.303 Y136.644 E.01034
G1 X108.229 Y136.316 E.01035
G1 X108.219 Y135.979 E.01035
G1 X108.272 Y135.646 E.01035
G1 X108.355 Y135.415 E.00755
M204 S2000
G1 E-.8 F3600
G1 X111.423 Y135.761 F18000
G1 E.8 F3600
M204 S1000
G1 F1200
G1 X111.328 Y135.472 E.00933
G1 X111.147 Y135.18 E.01056
G1 X110.982 Y135.005 E.00739
G1 X110.705 Y134.809 E.01043
G1 X110.489 Y134.713 E.00726
G1 X110.261 Y134.653 E.00725
G1 X109.939 Y134.632 E.00991
G1 X109.688 Y134.665 E.00777
G1 X109.462 Y134.735 E.00728
G1 X109.178 Y134.887 E.00991
G1 X108.982 Y135.047 E.00777
G1 X108.827 Y135.227 E.00729
G1 X108.659 Y135.522 E.01043
G1 X108.584 Y135.75 E.00739
G1 X108.543 Y136.091 E.01056
G1 X108.584 Y136.432 E.01056
G1 X108.658 Y136.657 E.00726
G1 X108.766 Y136.867 E.00726
G1 X108.981 Y137.135 E.01054
G1 X109.239 Y137.335 E.01004
G1 X109.468 Y137.45 E.00788
G1 X109.78 Y137.534 E.00993
G1 X110.032 Y137.552 E.00777
G1 X110.269 Y137.528 E.00729
G1 X110.593 Y137.428 E.01043
G1 X110.804 Y137.314 E.00739
G1 X111.065 Y137.096 E.01043
G1 X111.215 Y136.909 E.00739
G1 X111.371 Y136.607 E.01043
G1 X111.437 Y136.376 E.00739
G1 X111.464 Y136.037 E.01043
G1 X111.436 Y135.799 E.00739
G1 X111.43 Y135.78 E.00061
; stop printing object separador_timon.stl id:1 copy 0
; end of layer_num: 61, T: 0, print_z: 12.240000
G1 E-.8 F3600
;LAYER_CHANGE
;Z:12.44
;HEIGHT:0.2
; BEFORE_LAYER_CHANGE 61 @ 12.44mm
G92 E0
; AFTER_LAYER_CHANGE 61 @ 12.44mm
; start of layer_num: 62, T: 0, print_z: 12.440000
; printing object "separador_timon.stl" id:0 copy 0
M204 S2000
G1 X108.355 Y109.31 Z12.44 F18000
G1 E.8 F3600
M204 S1000
G1 F1200
G1 X108.381 Y109.238 E.00235
G1 X108.553 Y108.948 E.01035
G1 X108.775 Y108.696 E.01035
G1 X109.041 Y108.489 E.01035
G1 X109.341 Y108.337 E.01035
G1 X109.668 Y108.242 E.01045
G1 X109.888 Y108.214 E.00681
G1 X110.093 Y108.213 E.0063
G1 X110.445 Y108.267 E.01096
G1 X110.762 Y108.381 E.01033
G1 X111.052 Y108.553 E.01035
G1 X111.304 Y108.775 E.01035
G1 X111.511 Y109.041 E.01035
G1 X111.665 Y109.344 E.01045
G1 X111.733 Y109.555 E.0068
G1 X111.775 Y109.772 E.0068
G1 X111.786 Y110.112 E.01045
G1 X111.733 Y110.445 E.01035
G1 X111.618 Y110.765 E.01045
G1 X111.511 Y110.959 E.0068
G1 X111.381 Y111.138 E.0068
G1 X111.14 Y111.378 E.01045
G1 X110.862 Y111.568 E.01035
G1 X110.553 Y111.702 E.01035
G1 X110.224 Y111.775 E.01035
G1 X109.888 Y111.786 E.01035
G1 X109.555 Y111.733 E.01035
G1 X109.238 Y111.619 E.01035
G1 X108.948 Y111.447 E.01035
G1 X108.696 Y111.225 E.01035
G1 X108.489 Y110.959 E.01035
G1 X108.335 Y110.656 E.01045
G1 X108.267 Y110.445 E.0068
G1 X108.225 Y110.228 E.0068
G1 X108.214 Y109.888 E.01045
G1 X108.267 Y109.555 E.01035
G1 X108.348 Y109.329 E.00738
M204 S2000
G1 E-.8 F3600
G1 X111.419 Y109.67 F18000
G1 E.8 F3600
M204 S1000
G1 F1200
G1 X111.325 Y109.385 E.00922
G1 X111.206 Y109.176 E.00739
G1 X110.984 Y108.92 E.01043
G1 X110.793 Y108.773 E.00739
G1 X110.488 Y108.623 E.01043
G1 X110.256 Y108.562 E.00738
G1 X109.933 Y108.541 E.00995
G1 X109.684 Y108.574 E.00773
G1 X109.458 Y108.643 E.00727
G1 X109.172 Y108.797 E.00995
G1 X108.975 Y108.959 E.00784
G1 X108.771 Y109.211 E.00998
G1 X108.652 Y109.437 E.00786
G1 X108.558 Y109.764 E.01046
G1 X108.539 Y110.004 E.00739
G1 X108.579 Y110.341 E.01043
G1 X108.655 Y110.57 E.00739
G1 X108.822 Y110.865 E.01043
G1 X108.98 Y111.046 E.00738
G1 X109.236 Y111.245 E.00995
G1 X109.464 Y111.359 E.00784
G1 X109.777 Y111.443 E.00998
G1 X110.028 Y111.46 E.00773
G1 X110.264 Y111.437 E.00729
G1 X110.592 Y111.336 E.01055
G1 X110.875 Y111.169 E.01008
G1 X111.066 Y110.999 E.00786
G1 X111.268 Y110.726 E.01046
G1 X111.37 Y110.508 E.00738
G1 X111.448 Y110.194 E.00995
G1 X111.46 Y109.943 E.00773
G1 X111.431 Y109.707 E.00729
G1 X111.425 Y109.689 E.0006
; stop printing object separador_timon.stl id:0 copy 0
; printing object "separador_timon.stl" id:1 copy 0
M204 S2000
G1 E-.8 F3600
G1 X108.36 Y135.402 F18000
G1 E.8 F3600
M204 S1000
G1 F1200
G1 X108.386 Y135.33 E.00235
G1 X108.557 Y135.04 E.01035
G1 X108.78 Y134.787 E.01035
G1 X109.046 Y134.581 E.01035
G1 X109.346 Y134.428 E.01035
G1 X109.672 Y134.333 E.01045
G1 X109.892 Y134.305 E.00681
G1 X110.097 Y134.305 E.0063
G1 X110.45 Y134.359 E.01096
G1 X110.766 Y134.472 E.01033
G1 X111.056 Y134.644 E.01035
G1 X111.309 Y134.867 E.01035
G1 X111.515 Y135.133 E.01035
G1 X111.669 Y135.436 E.01045
G1 X111.738 Y135.646 E.0068
G1 X111.779 Y135.864 E.0068
G1 X111.79 Y136.204 E.01045
G1 X111.737 Y136.536 E.01035
G1 X111.622 Y136.856 E.01045
G1 X111.515 Y137.05 E.0068
G1 X111.385 Y137.229 E.0068
G1 X111.145 Y137.47 E.01045
G1 X110.866 Y137.659 E.01035
G1 X110.557 Y137.793 E.01035
G1 X110.229 Y137.866 E.01035
G1 X109.892 Y137.877 E.01035
G1 X109.559 Y137.824 E.01035
G1 X109.243 Y137.71 E.01035
G1 X108.953 Y137.539 E.01035
G1 X108.7 Y137.316 E.01035
G1 X108.494 Y137.05 E.01035
G1 X108.339 Y136.747 E.01045
G1 X108.271 Y136.536 E.0068
G1 X108.23 Y136.319 E.0068
G1 X108.219 Y135.979 E.01045
G1 X108.272 Y135.646 E.01035
G1 X108.353 Y135.42 E.00738
M204 S2000
G1 E-.8 F3600
G1 X111.423 Y135.761 F18000
G1 E.8 F3600
M204 S1000
G1 F1200
G1 X111.33 Y135.476 E.00922
G1 X111.211 Y135.267 E.00739
G1 X110.988 Y135.011 E.01043
G1 X110.797 Y134.864 E.00739
G1 X110.493 Y134.714 E.01043
G1 X110.261 Y134.653 E.00738
G1 X109.938 Y134.632 E.00995
G1 X109.688 Y134.665 E.00773
G1 X109.462 Y134.735 E.00727
G1 X109.177 Y134.888 E.00995
G1 X108.98 Y135.05 E.00784
G1 X108.775 Y135.302 E.00998
G1 X108.656 Y135.528 E.00786
G1 X108.562 Y135.856 E.01046
G1 X108.543 Y136.095 E.00739
G1 X108.584 Y136.432 E.01043
G1 X108.659 Y136.661 E.00739
G1 X108.827 Y136.956 E.01043
G1 X108.984 Y137.137 E.00738
G1 X109.24 Y137.336 E.00995
G1 X109.468 Y137.45 E.00784
G1 X109.782 Y137.535 E.00998
G1 X110.033 Y137.552 E.00773
G1 X110.269 Y137.528 E.00729
G1 X110.597 Y137.427 E.01055
G1 X110.879 Y137.261 E.01008
G1 X111.07 Y137.091 E.00786
G1 X111.272 Y136.817 E.01046
G1 X111.374 Y136.6 E.00738
G1 X111.452 Y136.285 E.00995
G1 X111.464 Y136.034 E.00773
G1 X111.436 Y135.799 E.00729
G1 X111.43 Y135.78 E.0006
; stop printing object separador_timon.stl id:1 copy 0
; end of layer_num: 62, T: 0, print_z: 12.440000
G1 E-.8 F3600
;LAYER_CHANGE
;Z:12.64
;HEIGHT:0.200001
; BEFORE_LAYER_CHANGE 62 @ 12.64mm
G92 E0
; AFTER_LAYER_CHANGE 62 @ 12.64mm
; start of layer_num: 63, T: 0, print_z: 12.640000
; printing object "separador_timon.stl" id:0 copy 0
M204 S2000
G1 X108.353 Y109.315 Z12.64 F18000
G1 E.8 F3600
M204 S1000
G1 F1200
G1 X108.381 Y109.238 E.00252
G1 X108.553 Y108.948 E.01035
G1 X108.775 Y108.696 E.01035
G1 X109.041 Y108.489 E.01035
G1 X109.341 Y108.337 E.01035
G1 X109.668 Y108.242 E.01045
G1 X109.888 Y108.214 E.00682
G1 X110.083 Y108.213 E.006
G1 X110.446 Y108.267 E.01126
G1 X110.762 Y108.381 E.01032
G1 X111.052 Y108.553 E.01035
G1 X111.307 Y108.778 E.01045
G1 X111.448 Y108.948 E.00682
G1 X111.553 Y109.113 E.006
G1 X111.702 Y109.448 E.01126
G1 X111.775 Y109.776 E.01032
G1 X111.786 Y110.112 E.01035
G1 X111.733 Y110.445 E.01035
G1 X111.619 Y110.762 E.01035
G1 X111.446 Y111.054 E.01045
G1 X111.305 Y111.225 E.0068
G1 X111.143 Y111.377 E.0068
G1 X110.862 Y111.568 E.01045
G1 X110.553 Y111.702 E.01035
G1 X110.224 Y111.775 E.01035
G1 X109.888 Y111.786 E.01035
G1 X109.555 Y111.733 E.01035
G1 X109.238 Y111.619 E.01035
G1 X108.946 Y111.446 E.01045
G1 X108.775 Y111.305 E.0068
G1 X108.623 Y111.143 E.0068
G1 X108.432 Y110.862 E.01045
G1 X108.298 Y110.553 E.01035
G1 X108.225 Y110.224 E.01035
G1 X108.214 Y109.888 E.01035
G1 X108.267 Y109.555 E.01035
G1 X108.347 Y109.334 E.00721
M204 S2000
G1 E-.8 F3600
G1 X111.417 Y109.665 F18000
G1 E.8 F3600
M204 S1000
G1 F1200
G1 X111.409 Y109.617 E.00149
G1 X111.322 Y109.378 E.0078
G1 X111.151 Y109.101 E.01002
G1 X110.981 Y108.918 E.00768
G1 X110.793 Y108.773 E.00729
G1 X110.488 Y108.623 E.01043
G1 X110.256 Y108.562 E.00738
G1 X109.932 Y108.541 E.00999
G1 X109.684 Y108.574 E.00768
G1 X109.458 Y108.643 E.00727
G1 X109.171 Y108.797 E.00999
G1 X108.975 Y108.959 E.0078
G1 X108.77 Y109.212 E.01002
G1 X108.654 Y109.434 E.00768
G1 X108.579 Y109.659 E.00729
G1 X108.538 Y110 E.01056
G1 X108.579 Y110.341 E.01056
G1 X108.655 Y110.569 E.00738
G1 X108.814 Y110.853 E.00999
G1 X108.98 Y111.046 E.00781
G1 X109.249 Y111.253 E.01045
G1 X109.465 Y111.36 E.00739
G1 X109.793 Y111.446 E.01043
G1 X110.033 Y111.461 E.00739
G1 X110.369 Y111.414 E.01043
G1 X110.592 Y111.335 E.00726
G1 X110.8 Y111.222 E.00726
G1 X111.064 Y111.002 E.01056
G1 X111.268 Y110.726 E.01056
G1 X111.368 Y110.512 E.00726
G1 X111.433 Y110.284 E.00726
G1 X111.46 Y109.942 E.01055
G1 X111.42 Y109.684 E.00802
; stop printing object separador_timon.stl id:0 copy 0
; printing object "separador_timon.stl" id:1 copy 0
M204 S2000
G1 E-.8 F3600
G1 X108.358 Y135.407 F18000
G1 E.8 F3600
M204 S1000
G1 F1200
G1 X108.386 Y135.33 E.00252
G1 X108.557 Y135.04 E.01035
G1 X108.78 Y134.787 E.01035
G1 X109.046 Y134.581 E.01035
G1 X109.346 Y134.428 E.01035
G1 X109.672 Y134.333 E.01045
G1 X109.892 Y134.305 E.00682
G1 X110.088 Y134.304 E.006
G1 X110.45 Y134.359 E.01126
G1 X110.766 Y134.472 E.01032
G1 X111.056 Y134.644 E.01035
G1 X111.311 Y134.869 E.01045
G1 X111.452 Y135.04 E.00682
G1 X111.558 Y135.204 E.006
G1 X111.706 Y135.539 E.01126
G1 X111.779 Y135.867 E.01032
G1 X111.79 Y136.204 E.01035
G1 X111.737 Y136.536 E.01035
G1 X111.623 Y136.853 E.01035
G1 X111.45 Y137.146 E.01045
G1 X111.309 Y137.316 E.0068
G1 X111.148 Y137.468 E.0068
G1 X110.866 Y137.659 E.01045
G1 X110.557 Y137.793 E.01035
G1 X110.229 Y137.866 E.01035
G1 X109.892 Y137.877 E.01035
G1 X109.559 Y137.824 E.01035
G1 X109.243 Y137.71 E.01035
G1 X108.95 Y137.537 E.01045
G1 X108.779 Y137.396 E.0068
G1 X108.628 Y137.234 E.0068
G1 X108.437 Y136.953 E.01045
G1 X108.303 Y136.644 E.01035
G1 X108.229 Y136.315 E.01035
G1 X108.219 Y135.979 E.01035
G1 X108.272 Y135.646 E.01035
G1 X108.351 Y135.426 E.00721
M204 S2000
G1 E-.8 F3600
G1 X111.421 Y135.756 F18000
G1 E.8 F3600
M204 S1000
G1 F1200
G1 X111.414 Y135.708 E.00149
G1 X111.327 Y135.47 E.0078
G1 X111.155 Y135.192 E.01002
G1 X110.985 Y135.009 E.00768
G1 X110.797 Y134.864 E.00729
G1 X110.493 Y134.714 E.01043
G1 X110.261 Y134.653 E.00738
G1 X109.936 Y134.632 E.00999
G1 X109.688 Y134.665 E.00768
G1 X109.462 Y134.735 E.00727
G1 X109.175 Y134.889 E.00999
G1 X108.979 Y135.05 E.0078
G1 X108.774 Y135.304 E.01002
G1 X108.658 Y135.525 E.00768
G1 X108.584 Y135.75 E.00729
G1 X108.543 Y136.091 E.01056
G1 X108.584 Y136.432 E.01056
G1 X108.659 Y136.661 E.00738
G1 X108.819 Y136.944 E.00999
G1 X108.984 Y137.137 E.00781
G1 X109.254 Y137.345 E.01045
G1 X109.469 Y137.451 E.00739
G1 X109.798 Y137.538 E.01043
G1 X110.038 Y137.552 E.00739
G1 X110.374 Y137.505 E.01043
G1 X110.597 Y137.426 E.00726
G1 X110.804 Y137.314 E.00726
G1 X111.068 Y137.093 E.01056
G1 X111.272 Y136.817 E.01056
G1 X111.372 Y136.603 E.00726
G1 X111.437 Y136.376 E.00726
G1 X111.465 Y136.034 E.01055
G1 X111.424 Y135.776 E.00802
; stop printing object separador_timon.stl id:1 copy 0
; end of layer_num: 63, T: 0, print_z: 12.640000
G1 E-.8 F3600
;LAYER_CHANGE
;Z:12.84
;HEIGHT:0.2
; BEFORE_LAYER_CHANGE 63 @ 12.84mm
G92 E0
; AFTER_LAYER_CHANGE 63 @ 12.84mm
; start of layer_num: 64, T: 0, print_z: 12.840000
; printing object "separador_timon.stl" id:0 copy 0
M204 S2000
G1 X108.352 Y109.32 Z12.84 F18000
G1 E.8 F3600
M204 S1000
G1 F1200
G1 X108.381 Y109.238 E.00269
G1 X108.553 Y108.948 E.01035
G1 X108.775 Y108.696 E.01035
G1 X109.041 Y108.489 E.01035
G1 X109.341 Y108.337 E.01035
G1 X109.668 Y108.242 E.01045
G1 X109.888 Y108.214 E.00682
G1 X110.074 Y108.213 E.0057
G1 X110.446 Y108.268 E.01157
G1 X110.762 Y108.381 E.01031
G1 X111.052 Y108.553 E.01035
G1 X111.307 Y108.778 E.01045
G1 X111.448 Y108.949 E.00682
G1 X111.548 Y109.105 E.0057
G1 X111.702 Y109.448 E.01157
G1 X111.775 Y109.776 E.01031
G1 X111.786 Y110.112 E.01035
G1 X111.733 Y110.445 E.01035
G1 X111.618 Y110.765 E.01045
G1 X111.511 Y110.959 E.00682
G1 X111.403 Y111.11 E.0057
G1 X111.139 Y111.379 E.01157
G1 X110.862 Y111.568 E.01031
G1 X110.553 Y111.702 E.01035
G1 X110.224 Y111.775 E.01035
G1 X109.888 Y111.786 E.01035
G1 X109.555 Y111.733 E.01035
G1 X109.235 Y111.618 E.01045
G1 X109.041 Y111.511 E.00682
G1 X108.89 Y111.403 E.0057
G1 X108.621 Y111.139 E.01157
G1 X108.432 Y110.862 E.01031
G1 X108.298 Y110.553 E.01035
G1 X108.225 Y110.224 E.01035
G1 X108.214 Y109.888 E.01035
G1 X108.267 Y109.555 E.01035
G1 X108.345 Y109.339 E.00705
M204 S2000
G1 E-.8 F3600
G1 X111.417 Y109.667 F18000
G1 E.8 F3600
M204 S1000
G1 F1200
G1 X111.409 Y109.615 E.00159
G1 X111.322 Y109.378 E.00777
G1 X111.142 Y109.089 E.01045
G1 X110.98 Y108.917 E.00726
G1 X110.793 Y108.773 E.00726
G1 X110.488 Y108.623 E.01043
G1 X110.256 Y108.562 E.00738
G1 X109.93 Y108.541 E.01004
G1 X109.684 Y108.574 E.00764
G1 X109.458 Y108.643 E.00727
G1 X109.17 Y108.798 E.01004
G1 X108.975 Y108.959 E.00776
G1 X108.769 Y109.214 E.01006
G1 X108.652 Y109.437 E.00777
G1 X108.558 Y109.764 E.01045
G1 X108.539 Y110.004 E.00739
G1 X108.579 Y110.341 E.01043
G1 X108.655 Y110.569 E.00738
G1 X108.815 Y110.854 E.01004
G1 X108.98 Y111.046 E.00777
G1 X109.249 Y111.253 E.01045
G1 X109.465 Y111.36 E.00739
G1 X109.793 Y111.446 E.01043
G1 X110.029 Y111.46 E.00726
G1 X110.264 Y111.437 E.00726
G1 X110.592 Y111.336 E.01055
G1 X110.877 Y111.168 E.01017
G1 X111.066 Y111 E.00776
G1 X111.261 Y110.737 E.01006
G1 X111.368 Y110.512 E.00764
G1 X111.433 Y110.284 E.00728
G1 X111.46 Y109.942 E.01055
G1 X111.42 Y109.686 E.00796
; stop printing object separador_timon.stl id:0 copy 0
; printing object "separador_timon.stl" id:1 copy 0
M204 S2000
G1 E-.8 F3600
G1 X108.356 Y135.412 F18000
G1 E.8 F3600
M204 S1000
G1 F1200
G1 X108.386 Y135.33 E.00269
G1 X108.557 Y135.04 E.01035
G1 X108.78 Y134.787 E.01035
G1 X109.046 Y134.581 E.01035
G1 X109.346 Y134.428 E.01035
G1 X109.672 Y134.333 E.01045
G1 X109.893 Y134.305 E.00682
G1 X110.078 Y134.304 E.0057
G1 X110.45 Y134.359 E.01157
G1 X110.766 Y134.472 E.01031
G1 X111.056 Y134.644 E.01035
G1 X111.311 Y134.869 E.01045
G1 X111.453 Y135.04 E.00682
G1 X111.553 Y135.196 E.0057
G1 X111.706 Y135.54 E.01157
G1 X111.779 Y135.867 E.01031
G1 X111.79 Y136.204 E.01035
G1 X111.737 Y136.536 E.01035
G1 X111.622 Y136.856 E.01045
G1 X111.515 Y137.051 E.00682
G1 X111.407 Y137.201 E.0057
G1 X111.144 Y137.47 E.01157
G1 X110.866 Y137.659 E.01031
G1 X110.557 Y137.793 E.01035
G1 X110.229 Y137.866 E.01035
G1 X109.892 Y137.877 E.01035
G1 X109.559 Y137.824 E.01035
G1 X109.24 Y137.709 E.01045
G1 X109.045 Y137.602 E.00682
G1 X108.894 Y137.494 E.0057
G1 X108.625 Y137.231 E.01157
G1 X108.437 Y136.953 E.01031
G1 X108.303 Y136.644 E.01035
G1 X108.229 Y136.315 E.01035
G1 X108.219 Y135.979 E.01035
G1 X108.272 Y135.646 E.01035
G1 X108.349 Y135.431 E.00705
M204 S2000
G1 E-.8 F3600
G1 X111.421 Y135.758 F18000
G1 E.8 F3600
M204 S1000
G1 F1200
G1 X111.413 Y135.707 E.00159
G1 X111.326 Y135.469 E.00777
G1 X111.147 Y135.18 E.01045
G1 X110.985 Y135.008 E.00726
G1 X110.797 Y134.864 E.00726
G1 X110.493 Y134.714 E.01043
G1 X110.261 Y134.653 E.00738
G1 X109.935 Y134.632 E.01004
G1 X109.688 Y134.665 E.00764
G1 X109.462 Y134.735 E.00727
G1 X109.174 Y134.89 E.01004
G1 X108.979 Y135.05 E.00776
G1 X108.774 Y135.305 E.01006
G1 X108.656 Y135.529 E.00777
G1 X108.562 Y135.856 E.01045
G1 X108.543 Y136.095 E.00739
G1 X108.584 Y136.432 E.01043
G1 X108.659 Y136.661 E.00738
G1 X108.819 Y136.945 E.01004
G1 X108.984 Y137.137 E.00777
G1 X109.254 Y137.345 E.01045
G1 X109.469 Y137.451 E.00739
G1 X109.798 Y137.538 E.01043
G1 X110.033 Y137.552 E.00726
G1 X110.269 Y137.528 E.00726
G1 X110.597 Y137.427 E.01055
G1 X110.882 Y137.259 E.01017
G1 X111.07 Y137.091 E.00776
G1 X111.265 Y136.828 E.01006
G1 X111.372 Y136.604 E.00764
G1 X111.437 Y136.376 E.00728
G1 X111.465 Y136.034 E.01055
G1 X111.425 Y135.778 E.00796
; stop printing object separador_timon.stl id:1 copy 0
; end of layer_num: 64, T: 0, print_z: 12.840000
G1 E-.8 F3600
;LAYER_CHANGE
;Z:13.04
;HEIGHT:0.2
; BEFORE_LAYER_CHANGE 64 @ 13.04mm
G92 E0
; AFTER_LAYER_CHANGE 64 @ 13.04mm
; start of layer_num: 65, T: 0, print_z: 13.040000
; printing object "separador_timon.stl" id:0 copy 0
M204 S2000
G1 X108.35 Y109.325 Z13.04 F18000
G1 E.8 F3600
M204 S1000
G1 F1200
G1 X108.381 Y109.238 E.00285
G1 X108.553 Y108.948 E.01035
G1 X108.775 Y108.696 E.01035
G1 X109.041 Y108.489 E.01035
G1 X109.341 Y108.337 E.01035
G1 X109.668 Y108.242 E.01045
G1 X110.064 Y108.213 E.0122
G1 X110.446 Y108.268 E.01187
G1 X110.762 Y108.381 E.0103
G1 X111.052 Y108.553 E.01035
G1 X111.304 Y108.775 E.01035
G1 X111.513 Y109.044 E.01045
G1 X111.685 Y109.402 E.0122
G1 X111.775 Y109.777 E.01187
G1 X111.786 Y110.112 E.0103
G1 X111.732 Y110.448 E.01045
G1 X111.59 Y110.819 E.0122
G1 X111.377 Y111.141 E.01187
G1 X111.14 Y111.378 E.0103
G1 X110.862 Y111.568 E.01035
G1 X110.553 Y111.701 E.01035
G1 X110.224 Y111.775 E.01035
G1 X109.888 Y111.786 E.01035
G1 X109.555 Y111.733 E.01035
G1 X109.238 Y111.619 E.01035
G1 X108.946 Y111.446 E.01045
G1 X108.653 Y111.177 E.0122
G1 X108.432 Y110.861 E.01187
G1 X108.299 Y110.553 E.0103
G1 X108.225 Y110.224 E.01035
G1 X108.214 Y109.888 E.01035
G1 X108.267 Y109.555 E.01035
G1 X108.343 Y109.344 E.00689
M204 S2000
G1 E-.8 F3600
G1 X111.417 Y109.669 F18000
G1 E.8 F3600
M204 S1000
G1 F1200
G1 X111.406 Y109.603 E.00208
G1 X111.323 Y109.381 E.00726
G1 X111.206 Y109.176 E.00726
G1 X110.981 Y108.916 E.01056
G1 X110.7 Y108.718 E.01056
G1 X110.484 Y108.622 E.00726
G1 X110.256 Y108.562 E.00725
G1 X109.929 Y108.541 E.01008
G1 X109.684 Y108.574 E.0076
G1 X109.461 Y108.642 E.00715
G1 X109.249 Y108.747 E.00726
G1 X108.977 Y108.956 E.01055
G1 X108.768 Y109.215 E.01021
G1 X108.654 Y109.434 E.0076
G1 X108.579 Y109.659 E.00728
G1 X108.539 Y110 E.01055
G1 X108.577 Y110.33 E.01021
G1 X108.653 Y110.565 E.0076
G1 X108.762 Y110.776 E.00728
G1 X108.974 Y111.04 E.01043
G1 X109.159 Y111.195 E.00739
G1 X109.461 Y111.358 E.01056
G1 X109.793 Y111.446 E.01056
G1 X110.029 Y111.46 E.00726
G1 X110.264 Y111.437 E.00726
G1 X110.592 Y111.336 E.01055
G1 X110.878 Y111.167 E.01021
G1 X111.066 Y110.999 E.00772
G1 X111.262 Y110.736 E.0101
G1 X111.368 Y110.512 E.0076
G1 X111.433 Y110.284 E.00728
G1 X111.46 Y109.942 E.01056
G1 X111.42 Y109.689 E.00787
; stop printing object separador_timon.stl id:0 copy 0
; printing object "separador_timon.stl" id:1 copy 0
M204 S2000
G1 E-.8 F3600
G1 X108.354 Y135.417 F18000
G1 E.8 F3600
M204 S1000
G1 F1200
G1 X108.386 Y135.33 E.00285
G1 X108.557 Y135.04 E.01035
G1 X108.78 Y134.787 E.01035
G1 X109.046 Y134.581 E.01035
G1 X109.346 Y134.428 E.01035
G1 X109.672 Y134.333 E.01045
G1 X110.068 Y134.304 E.0122
G1 X110.451 Y134.359 E.01187
G1 X110.766 Y134.472 E.0103
G1 X111.056 Y134.644 E.01035
G1 X111.309 Y134.867 E.01035
G1 X111.517 Y135.135 E.01045
G1 X111.69 Y135.493 E.0122
G1 X111.779 Y135.869 E.01187
G1 X111.79 Y136.204 E.0103
G1 X111.737 Y136.539 E.01045
G1 X111.594 Y136.91 E.0122
G1 X111.382 Y137.233 E.01187
G1 X111.145 Y137.47 E.0103
G1 X110.866 Y137.659 E.01035
G1 X110.557 Y137.793 E.01035
G1 X110.229 Y137.866 E.01035
G1 X109.892 Y137.877 E.01035
G1 X109.559 Y137.824 E.01035
G1 X109.243 Y137.71 E.01035
G1 X108.95 Y137.537 E.01045
G1 X108.658 Y137.268 E.0122
G1 X108.436 Y136.952 E.01187
G1 X108.303 Y136.644 E.0103
G1 X108.229 Y136.315 E.01035
G1 X108.219 Y135.979 E.01035
G1 X108.272 Y135.646 E.01035
G1 X108.347 Y135.436 E.00689
M204 S2000
G1 E-.8 F3600
G1 X111.421 Y135.761 F18000
G1 E.8 F3600
M204 S1000
G1 F1200
G1 X111.41 Y135.694 E.00208
G1 X111.328 Y135.473 E.00726
G1 X111.211 Y135.267 E.00726
G1 X110.985 Y135.008 E.01056
G1 X110.705 Y134.809 E.01056
G1 X110.489 Y134.713 E.00726
G1 X110.261 Y134.653 E.00725
G1 X109.933 Y134.632 E.01008
G1 X109.688 Y134.665 E.0076
G1 X109.466 Y134.734 E.00715
G1 X109.254 Y134.838 E.00726
G1 X108.982 Y135.047 E.01055
G1 X108.773 Y135.306 E.01021
G1 X108.658 Y135.525 E.0076
G1 X108.584 Y135.75 E.00728
G1 X108.543 Y136.091 E.01055
G1 X108.581 Y136.421 E.01021
G1 X108.657 Y136.656 E.0076
G1 X108.766 Y136.867 E.00728
G1 X108.979 Y137.132 E.01043
G1 X109.163 Y137.286 E.00739
G1 X109.465 Y137.45 E.01056
G1 X109.798 Y137.538 E.01056
G1 X110.033 Y137.552 E.00726
G1 X110.269 Y137.528 E.00726
G1 X110.597 Y137.427 E.01055
G1 X110.883 Y137.258 E.01021
G1 X111.07 Y137.091 E.00772
G1 X111.266 Y136.827 E.0101
G1 X111.372 Y136.604 E.0076
G1 X111.437 Y136.376 E.00728
G1 X111.465 Y136.033 E.01056
G1 X111.424 Y135.78 E.00787
; stop printing object separador_timon.stl id:1 copy 0
; end of layer_num: 65, T: 0, print_z: 13.040000
G1 E-.8 F3600
;LAYER_CHANGE
;Z:13.24
;HEIGHT:0.2
; BEFORE_LAYER_CHANGE 65 @ 13.24mm
G92 E0
; AFTER_LAYER_CHANGE 65 @ 13.24mm
; start of layer_num: 66, T: 0, print_z: 13.240000
; printing object "separador_timon.stl" id:0 copy 0
M204 S2000
G1 X108.348 Y109.33 Z13.24 F18000
G1 E.8 F3600
M204 S1000
G1 F1200
G1 X108.381 Y109.238 E.003
G1 X108.553 Y108.948 E.01035
G1 X108.775 Y108.696 E.01035
G1 X109.041 Y108.489 E.01035
G1 X109.341 Y108.337 E.01035
G1 X109.668 Y108.242 E.01045
G1 X109.889 Y108.214 E.00683
G1 X110.223 Y108.224 E.01028
G1 X110.442 Y108.266 E.00684
G1 X110.762 Y108.381 E.01045
G1 X111.052 Y108.553 E.01035
G1 X111.307 Y108.778 E.01045
G1 X111.542 Y109.094 E.01212
G1 X111.701 Y109.444 E.0118
G1 X111.775 Y109.776 E.01045
G1 X111.786 Y110.112 E.01035
G1 X111.733 Y110.445 E.01035
G1 X111.619 Y110.762 E.01035
G1 X111.446 Y111.054 E.01045
G1 X111.305 Y111.225 E.0068
G1 X111.143 Y111.377 E.0068
G1 X110.862 Y111.568 E.01045
G1 X110.553 Y111.702 E.01035
G1 X110.224 Y111.775 E.01035
G1 X109.888 Y111.786 E.01035
G1 X109.555 Y111.733 E.01035
G1 X109.235 Y111.618 E.01045
G1 X109.041 Y111.511 E.0068
G1 X108.862 Y111.381 E.0068
G1 X108.622 Y111.14 E.01045
G1 X108.432 Y110.862 E.01035
G1 X108.298 Y110.553 E.01035
G1 X108.225 Y110.224 E.01035
G1 X108.214 Y109.888 E.01035
G1 X108.267 Y109.555 E.01035
G1 X108.341 Y109.349 E.00673
M204 S2000
G1 E-.8 F3600
G1 X111.418 Y109.672 F18000
G1 E.8 F3600
M204 S1000
G1 F1200
G1 X111.408 Y109.612 E.00186
G1 X111.322 Y109.378 E.00768
G1 X111.142 Y109.089 E.01045
G1 X110.98 Y108.917 E.00726
G1 X110.793 Y108.773 E.00726
G1 X110.488 Y108.623 E.01043
G1 X110.256 Y108.562 E.00738
G1 X109.927 Y108.541 E.01013
G1 X109.684 Y108.574 E.00755
G1 X109.461 Y108.642 E.00715
G1 X109.249 Y108.747 E.00726
G1 X108.977 Y108.956 E.01056
G1 X108.762 Y109.224 E.01056
G1 X108.652 Y109.438 E.00738
G1 X108.56 Y109.754 E.01013
G1 X108.539 Y110.004 E.00768
G1 X108.579 Y110.341 E.01045
G1 X108.655 Y110.57 E.00739
G1 X108.822 Y110.865 E.01043
G1 X108.98 Y111.046 E.00738
G1 X109.241 Y111.248 E.01013
G1 X109.464 Y111.359 E.00768
G1 X109.783 Y111.444 E.01014
G1 X110.028 Y111.46 E.00755
G1 X110.264 Y111.437 E.00728
G1 X110.592 Y111.336 E.01055
G1 X110.88 Y111.166 E.01026
G1 X111.063 Y111.002 E.00755
G1 X111.211 Y110.817 E.00728
G1 X111.369 Y110.512 E.01055
G1 X111.448 Y110.188 E.01026
G1 X111.46 Y109.939 E.00767
G1 X111.421 Y109.692 E.00767
; stop printing object separador_timon.stl id:0 copy 0
; printing object "separador_timon.stl" id:1 copy 0
M204 S2000
G1 E-.8 F3600
G1 X108.352 Y135.422 F18000
G1 E.8 F3600
M204 S1000
G1 F1200
G1 X108.386 Y135.33 E.003
G1 X108.557 Y135.04 E.01035
G1 X108.78 Y134.787 E.01035
G1 X109.046 Y134.581 E.01035
G1 X109.346 Y134.428 E.01035
G1 X109.672 Y134.333 E.01045
G1 X109.893 Y134.305 E.00683
G1 X110.227 Y134.316 E.01028
G1 X110.446 Y134.357 E.00684
G1 X110.766 Y134.472 E.01045
G1 X111.056 Y134.644 E.01035
G1 X111.311 Y134.869 E.01045
G1 X111.547 Y135.185 E.01212
G1 X111.705 Y135.535 E.0118
G1 X111.779 Y135.867 E.01045
G1 X111.79 Y136.204 E.01035
G1 X111.737 Y136.536 E.01035
G1 X111.623 Y136.853 E.01035
G1 X111.45 Y137.146 E.01045
G1 X111.309 Y137.316 E.0068
G1 X111.148 Y137.468 E.0068
G1 X110.866 Y137.659 E.01045
G1 X110.557 Y137.793 E.01035
G1 X110.229 Y137.866 E.01035
G1 X109.892 Y137.877 E.01035
G1 X109.559 Y137.824 E.01035
G1 X109.24 Y137.709 E.01045
G1 X109.045 Y137.602 E.0068
G1 X108.866 Y137.472 E.0068
G1 X108.626 Y137.232 E.01045
G1 X108.437 Y136.953 E.01035
G1 X108.303 Y136.644 E.01035
G1 X108.229 Y136.315 E.01035
G1 X108.219 Y135.979 E.01035
G1 X108.272 Y135.646 E.01035
G1 X108.346 Y135.44 E.00673
M204 S2000
G1 E-.8 F3600
G1 X111.422 Y135.764 F18000
G1 E.8 F3600
M204 S1000
G1 F1200
G1 X111.413 Y135.704 E.00186
G1 X111.326 Y135.469 E.00768
G1 X111.147 Y135.18 E.01045
G1 X110.985 Y135.008 E.00726
G1 X110.797 Y134.864 E.00726
G1 X110.493 Y134.714 E.01043
G1 X110.261 Y134.653 E.00738
G1 X109.932 Y134.632 E.01013
G1 X109.688 Y134.665 E.00755
G1 X109.466 Y134.734 E.00715
G1 X109.254 Y134.838 E.00726
G1 X108.981 Y135.048 E.01056
G1 X108.766 Y135.316 E.01056
G1 X108.656 Y135.529 E.00738
G1 X108.565 Y135.846 E.01013
G1 X108.543 Y136.095 E.00768
G1 X108.584 Y136.432 E.01045
G1 X108.659 Y136.661 E.00739
G1 X108.827 Y136.956 E.01043
G1 X108.984 Y137.137 E.00738
G1 X109.245 Y137.339 E.01013
G1 X109.469 Y137.451 E.00768
G1 X109.788 Y137.536 E.01014
G1 X110.033 Y137.552 E.00755
G1 X110.269 Y137.528 E.00728
G1 X110.597 Y137.427 E.01055
G1 X110.884 Y137.257 E.01026
G1 X111.067 Y137.093 E.00755
G1 X111.215 Y136.909 E.00728
G1 X111.373 Y136.603 E.01055
G1 X111.453 Y136.279 E.01026
G1 X111.464 Y136.03 E.00767
G1 X111.425 Y135.783 E.00767
; stop printing object separador_timon.stl id:1 copy 0
; end of layer_num: 66, T: 0, print_z: 13.240000
G1 E-.8 F3600
;LAYER_CHANGE
;Z:13.44
;HEIGHT:0.2
; BEFORE_LAYER_CHANGE 66 @ 13.44mm
G92 E0
; AFTER_LAYER_CHANGE 66 @ 13.44mm
; start of layer_num: 67, T: 0, print_z: 13.440000
; printing object "separador_timon.stl" id:0 copy 0
M204 S2000
G1 X108.337 Y109.341 Z13.44 F18000
G1 E.8 F3600
M204 S1000
G1 F1200
G1 X108.491 Y109.038 E.01045
G1 X108.621 Y108.859 E.0068
G1 X108.773 Y108.698 E.0068
G1 X109.041 Y108.489 E.01045
G1 X109.341 Y108.337 E.01035
G1 X109.668 Y108.242 E.01045
G1 X109.889 Y108.214 E.00684
G1 X110.223 Y108.224 E.01028
G1 X110.442 Y108.266 E.00683
G1 X110.762 Y108.381 E.01045
G1 X111.052 Y108.553 E.01035
G1 X111.304 Y108.775 E.01035
G1 X111.511 Y109.041 E.01035
G1 X111.663 Y109.341 E.01035
G1 X111.757 Y109.665 E.01035
G1 X111.789 Y110 E.01035
G1 X111.757 Y110.335 E.01035
G1 X111.663 Y110.659 E.01035
G1 X111.511 Y110.959 E.01035
G1 X111.304 Y111.225 E.01035
G1 X111.049 Y111.45 E.01045
G1 X110.862 Y111.568 E.0068
G1 X110.662 Y111.663 E.0068
G1 X110.335 Y111.757 E.01045
G1 X110 Y111.789 E.01035
G1 X109.665 Y111.757 E.01035
G1 X109.341 Y111.663 E.01035
G1 X109.041 Y111.511 E.01035
G1 X108.773 Y111.302 E.01045
G1 X108.621 Y111.141 E.0068
G1 X108.491 Y110.962 E.0068
G1 X108.337 Y110.659 E.01045
G1 X108.243 Y110.335 E.01035
G1 X108.211 Y110 E.01035
G1 X108.243 Y109.665 E.01035
G1 X108.331 Y109.361 E.00973
M204 S2000
G1 E-.8 F3600
G1 X111.423 Y109.681 F18000
G1 E.8 F3600
M204 S1000
G1 F1200
G1 X111.324 Y109.381 E.00972
G1 X111.142 Y109.089 E.01056
G1 X110.98 Y108.917 E.00726
G1 X110.793 Y108.773 E.00726
G1 X110.488 Y108.623 E.01043
G1 X110.256 Y108.562 E.00738
G1 X109.926 Y108.541 E.01017
G1 X109.684 Y108.574 E.00751
G1 X109.457 Y108.644 E.00727
G1 X109.166 Y108.801 E.01017
G1 X108.975 Y108.959 E.00763
G1 X108.767 Y109.217 E.01019
G1 X108.652 Y109.437 E.00763
G1 X108.56 Y109.756 E.01019
G1 X108.539 Y110.004 E.00764
G1 X108.579 Y110.341 E.01044
G1 X108.653 Y110.566 E.00726
G1 X108.762 Y110.776 E.00726
G1 X108.977 Y111.043 E.01055
G1 X109.242 Y111.249 E.0103
G1 X109.461 Y111.358 E.00751
G1 X109.687 Y111.427 E.00728
G1 X110.029 Y111.461 E.01055
G1 X110.361 Y111.415 E.0103
G1 X110.596 Y111.334 E.00764
G1 X110.888 Y111.16 E.01044
G1 X111.066 Y110.999 E.00738
G1 X111.263 Y110.733 E.01017
G1 X111.37 Y110.509 E.00763
G1 X111.449 Y110.187 E.01019
G1 X111.46 Y109.942 E.00751
G1 X111.431 Y109.707 E.00728
G1 X111.429 Y109.7 E.00022
; stop printing object separador_timon.stl id:0 copy 0
; printing object "separador_timon.stl" id:1 copy 0
M204 S2000
G1 E-.8 F3600
G1 X108.341 Y135.433 F18000
G1 E.8 F3600
M204 S1000
G1 F1200
G1 X108.495 Y135.13 E.01045
G1 X108.625 Y134.951 E.0068
G1 X108.777 Y134.789 E.0068
G1 X109.046 Y134.581 E.01045
G1 X109.346 Y134.428 E.01035
G1 X109.672 Y134.333 E.01045
G1 X109.893 Y134.305 E.00684
G1 X110.228 Y134.316 E.01028
G1 X110.446 Y134.357 E.00683
G1 X110.766 Y134.472 E.01045
G1 X111.056 Y134.644 E.01035
G1 X111.309 Y134.867 E.01035
G1 X111.515 Y135.133 E.01035
G1 X111.668 Y135.433 E.01035
G1 X111.762 Y135.756 E.01035
G1 X111.793 Y136.091 E.01035
G1 X111.762 Y136.427 E.01035
G1 X111.668 Y136.75 E.01035
G1 X111.515 Y137.05 E.01035
G1 X111.309 Y137.316 E.01035
G1 X111.053 Y137.541 E.01045
G1 X110.867 Y137.659 E.0068
G1 X110.666 Y137.754 E.0068
G1 X110.34 Y137.849 E.01045
G1 X110.004 Y137.88 E.01035
G1 X109.669 Y137.849 E.01035
G1 X109.346 Y137.755 E.01035
G1 X109.046 Y137.602 E.01035
G1 X108.777 Y137.393 E.01045
G1 X108.625 Y137.232 E.0068
G1 X108.495 Y137.053 E.0068
G1 X108.341 Y136.75 E.01045
G1 X108.247 Y136.427 E.01035
G1 X108.215 Y136.091 E.01035
G1 X108.247 Y135.756 E.01035
G1 X108.335 Y135.452 E.00973
M204 S2000
G1 E-.8 F3600
G1 X111.427 Y135.773 F18000
G1 E.8 F3600
M204 S1000
G1 F1200
G1 X111.328 Y135.472 E.00972
G1 X111.147 Y135.18 E.01056
G1 X110.985 Y135.008 E.00726
G1 X110.797 Y134.864 E.00726
G1 X110.493 Y134.714 E.01043
G1 X110.261 Y134.653 E.00738
G1 X109.93 Y134.632 E.01017
G1 X109.688 Y134.665 E.00751
G1 X109.462 Y134.735 E.00727
G1 X109.17 Y134.892 E.01017
G1 X108.979 Y135.05 E.00763
G1 X108.771 Y135.309 E.01019
G1 X108.656 Y135.529 E.00763
G1 X108.564 Y135.847 E.01019
G1 X108.543 Y136.095 E.00764
G1 X108.584 Y136.432 E.01044
G1 X108.658 Y136.657 E.00726
G1 X108.766 Y136.867 E.00726
G1 X108.981 Y137.135 E.01055
G1 X109.246 Y137.34 E.0103
G1 X109.465 Y137.449 E.00751
G1 X109.691 Y137.518 E.00728
G1 X110.033 Y137.552 E.01055
G1 X110.365 Y137.507 E.0103
G1 X110.6 Y137.425 E.00764
G1 X110.892 Y137.251 E.01044
G1 X111.071 Y137.09 E.00738
G1 X111.268 Y136.824 E.01017
G1 X111.374 Y136.6 E.00763
G1 X111.453 Y136.278 E.01019
G1 X111.464 Y136.034 E.00751
G1 X111.436 Y135.799 E.00728
G1 X111.433 Y135.792 E.00022
; stop printing object separador_timon.stl id:1 copy 0
; end of layer_num: 67, T: 0, print_z: 13.440000
G1 E-.8 F3600
;LAYER_CHANGE
;Z:13.64
;HEIGHT:0.200001
; BEFORE_LAYER_CHANGE 67 @ 13.64mm
G92 E0
; AFTER_LAYER_CHANGE 67 @ 13.64mm
; start of layer_num: 68, T: 0, print_z: 13.640000
; printing object "separador_timon.stl" id:0 copy 0
M204 S2000
G1 X108.335 Y109.364 Z13.64 F18000
G1 E.8 F3600
M204 S1000
G1 F1200
G1 X108.432 Y109.139 E.0075
G1 X108.652 Y108.825 E.01179
G1 X108.859 Y108.622 E.00891
G1 X109.137 Y108.433 E.01033
G1 X109.491 Y108.286 E.01179
G1 X109.775 Y108.225 E.00891
G1 X110.112 Y108.214 E.01038
G1 X110.445 Y108.267 E.01035
G1 X110.762 Y108.381 E.01035
G1 X111.054 Y108.554 E.01045
G1 X111.225 Y108.695 E.0068
G1 X111.377 Y108.857 E.0068
G1 X111.568 Y109.138 E.01045
G1 X111.702 Y109.447 E.01035
G1 X111.775 Y109.776 E.01035
G1 X111.786 Y110.112 E.01035
G1 X111.733 Y110.445 E.01035
G1 X111.619 Y110.762 E.01035
G1 X111.446 Y111.054 E.01045
G1 X111.305 Y111.225 E.0068
G1 X111.143 Y111.377 E.0068
G1 X110.862 Y111.568 E.01045
G1 X110.553 Y111.702 E.01035
G1 X110.224 Y111.775 E.01035
G1 X109.888 Y111.786 E.01035
G1 X109.555 Y111.733 E.01035
G1 X109.235 Y111.618 E.01045
G1 X109.041 Y111.511 E.0068
G1 X108.862 Y111.381 E.0068
G1 X108.622 Y111.14 E.01045
G1 X108.433 Y110.863 E.0103
G1 X108.286 Y110.51 E.01174
G1 X108.221 Y110.181 E.01031
G1 X108.219 Y109.84 E.0105
G1 X108.297 Y109.45 E.01221
G1 X108.327 Y109.382 E.00229
M204 S2000
G1 E-.8 F3600
G1 X111.424 Y109.684 F18000
G1 E.8 F3600
M204 S1000
G1 F1200
G1 X111.324 Y109.381 E.00979
G1 X111.147 Y109.095 E.01035
G1 X110.978 Y108.914 E.00759
G1 X110.707 Y108.721 E.01023
G1 X110.485 Y108.622 E.00747
G1 X110.256 Y108.562 E.00727
G1 X109.924 Y108.541 E.01022
G1 X109.683 Y108.574 E.00747
G1 X109.457 Y108.644 E.00727
G1 X109.159 Y108.805 E.01043
G1 X108.974 Y108.96 E.00738
G1 X108.766 Y109.218 E.01022
G1 X108.653 Y109.434 E.00747
G1 X108.579 Y109.659 E.00727
G1 X108.538 Y110 E.01056
G1 X108.579 Y110.341 E.01056
G1 X108.655 Y110.57 E.00739
G1 X108.822 Y110.865 E.01043
G1 X108.98 Y111.046 E.00739
G1 X109.249 Y111.253 E.01043
G1 X109.461 Y111.358 E.00726
G1 X109.687 Y111.427 E.00726
G1 X110.025 Y111.461 E.01043
G1 X110.264 Y111.437 E.00739
G1 X110.592 Y111.336 E.01055
G1 X110.882 Y111.164 E.01035
G1 X111.063 Y111.002 E.00747
G1 X111.211 Y110.817 E.00727
G1 X111.369 Y110.512 E.01055
G1 X111.449 Y110.185 E.01035
G1 X111.46 Y109.942 E.00747
G1 X111.431 Y109.707 E.00727
G1 X111.43 Y109.703 E.00015
; stop printing object separador_timon.stl id:0 copy 0
; printing object "separador_timon.stl" id:1 copy 0
M204 S2000
G1 E-.8 F3600
G1 X108.339 Y135.455 F18000
G1 E.8 F3600
M204 S1000
G1 F1200
G1 X108.436 Y135.231 E.0075
G1 X108.656 Y134.917 E.01179
G1 X108.863 Y134.713 E.00891
G1 X109.141 Y134.524 E.01033
G1 X109.495 Y134.377 E.01179
G1 X109.779 Y134.316 E.00891
G1 X110.117 Y134.306 E.01038
G1 X110.449 Y134.358 E.01035
G1 X110.766 Y134.472 E.01035
G1 X111.059 Y134.646 E.01045
G1 X111.229 Y134.787 E.0068
G1 X111.381 Y134.948 E.0068
G1 X111.572 Y135.229 E.01045
G1 X111.706 Y135.538 E.01035
G1 X111.779 Y135.867 E.01035
G1 X111.79 Y136.204 E.01035
G1 X111.737 Y136.536 E.01035
G1 X111.623 Y136.853 E.01035
G1 X111.45 Y137.146 E.01045
G1 X111.309 Y137.316 E.0068
G1 X111.148 Y137.468 E.0068
G1 X110.866 Y137.659 E.01045
G1 X110.557 Y137.793 E.01035
G1 X110.229 Y137.866 E.01035
G1 X109.892 Y137.877 E.01035
G1 X109.559 Y137.824 E.01035
G1 X109.24 Y137.709 E.01045
G1 X109.045 Y137.602 E.0068
G1 X108.866 Y137.472 E.0068
G1 X108.626 Y137.232 E.01045
G1 X108.437 Y136.954 E.0103
G1 X108.291 Y136.602 E.01174
G1 X108.225 Y136.273 E.01031
G1 X108.223 Y135.931 E.0105
G1 X108.302 Y135.541 E.01221
G1 X108.331 Y135.473 E.00229
M204 S2000
G1 E-.8 F3600
G1 X111.428 Y135.775 F18000
G1 E.8 F3600
M204 S1000
G1 F1200
G1 X111.328 Y135.472 E.00979
G1 X111.151 Y135.186 E.01035
G1 X110.982 Y135.006 E.00759
G1 X110.711 Y134.813 E.01023
G1 X110.489 Y134.713 E.00747
G1 X110.26 Y134.653 E.00727
G1 X109.929 Y134.632 E.01022
G1 X109.688 Y134.665 E.00747
G1 X109.462 Y134.735 E.00727
G1 X109.163 Y134.897 E.01043
G1 X108.979 Y135.051 E.00738
G1 X108.77 Y135.31 E.01022
G1 X108.658 Y135.525 E.00747
G1 X108.584 Y135.75 E.00727
G1 X108.543 Y136.091 E.01056
G1 X108.584 Y136.432 E.01056
G1 X108.659 Y136.661 E.00739
G1 X108.827 Y136.956 E.01043
G1 X108.985 Y137.138 E.00739
G1 X109.254 Y137.345 E.01043
G1 X109.466 Y137.449 E.00726
G1 X109.691 Y137.518 E.00726
G1 X110.029 Y137.552 E.01043
G1 X110.269 Y137.528 E.00739
G1 X110.597 Y137.427 E.01055
G1 X110.887 Y137.256 E.01035
G1 X111.067 Y137.093 E.00747
G1 X111.215 Y136.909 E.00727
G1 X111.373 Y136.603 E.01055
G1 X111.453 Y136.276 E.01035
G1 X111.464 Y136.034 E.00747
G1 X111.436 Y135.799 E.00727
G1 X111.434 Y135.794 E.00015
; stop printing object separador_timon.stl id:1 copy 0
; end of layer_num: 68, T: 0, print_z: 13.640000
G1 E-.8 F3600
;LAYER_CHANGE
;Z:13.84
;HEIGHT:0.2
; BEFORE_LAYER_CHANGE 68 @ 13.84mm
G92 E0
; AFTER_LAYER_CHANGE 68 @ 13.84mm
; start of layer_num: 69, T: 0, print_z: 13.840000
; printing object "separador_timon.stl" id:0 copy 0
M204 S2000
G1 X108.336 Y109.363 Z13.84 F18000
G1 E.8 F3600
M204 S1000
G1 F1200
G1 X108.381 Y109.238 E.00408
G1 X108.553 Y108.948 E.01035
G1 X108.775 Y108.696 E.01035
G1 X109.041 Y108.489 E.01035
G1 X109.344 Y108.335 E.01045
G1 X109.555 Y108.267 E.0068
G1 X109.772 Y108.225 E.0068
G1 X110.112 Y108.214 E.01045
G1 X110.445 Y108.267 E.01035
G1 X110.762 Y108.381 E.01035
G1 X111.052 Y108.553 E.01035
G1 X111.304 Y108.775 E.01035
G1 X111.511 Y109.041 E.01035
G1 X111.665 Y109.344 E.01045
G1 X111.733 Y109.555 E.0068
G1 X111.775 Y109.772 E.0068
G1 X111.786 Y110.112 E.01045
G1 X111.733 Y110.445 E.01035
G1 X111.618 Y110.765 E.01045
G1 X111.511 Y110.959 E.0068
G1 X111.381 Y111.138 E.0068
G1 X111.14 Y111.378 E.01045
G1 X110.862 Y111.568 E.01035
G1 X110.553 Y111.701 E.01035
G1 X110.224 Y111.775 E.01035
G1 X109.888 Y111.786 E.01035
G1 X109.555 Y111.733 E.01035
G1 X109.235 Y111.618 E.01045
G1 X109.041 Y111.511 E.0068
G1 X108.862 Y111.381 E.0068
G1 X108.621 Y111.14 E.01045
G1 X108.432 Y110.862 E.01035
G1 X108.299 Y110.553 E.01035
G1 X108.225 Y110.225 E.01031
G1 X108.218 Y109.852 E.01149
G1 X108.267 Y109.556 E.00921
G1 X108.329 Y109.382 E.00567
M204 S2000
G1 E-.8 F3600
G1 X111.418 Y109.679 F18000
G1 E.8 F3600
M204 S1000
G1 F1200
G1 X111.406 Y109.603 E.00238
G1 X111.322 Y109.377 E.00739
G1 X111.142 Y109.089 E.01043
G1 X110.977 Y108.914 E.00739
G1 X110.705 Y108.721 E.01026
G1 X110.485 Y108.622 E.00742
G1 X110.256 Y108.562 E.00727
G1 X109.923 Y108.541 E.01026
G1 X109.683 Y108.574 E.00742
G1 X109.461 Y108.642 E.00714
G1 X109.249 Y108.747 E.00726
G1 X108.977 Y108.956 E.01056
G1 X108.762 Y109.224 E.01056
G1 X108.653 Y109.434 E.00726
G1 X108.579 Y109.659 E.00726
G1 X108.539 Y110 E.01056
G1 X108.578 Y110.336 E.01039
G1 X108.654 Y110.569 E.00755
G1 X108.822 Y110.865 E.01044
G1 X108.977 Y111.043 E.00726
G1 X109.159 Y111.195 E.00726
G1 X109.457 Y111.356 E.01043
G1 X109.687 Y111.427 E.00739
G1 X110.025 Y111.461 E.01043
G1 X110.264 Y111.437 E.00739
G1 X110.593 Y111.336 E.01056
G1 X110.888 Y111.16 E.01056
G1 X111.066 Y110.999 E.00739
G1 X111.265 Y110.731 E.01026
G1 X111.37 Y110.508 E.00755
G1 X111.449 Y110.184 E.01027
G1 X111.46 Y109.938 E.00755
G1 X111.421 Y109.699 E.00744
; stop printing object separador_timon.stl id:0 copy 0
; printing object "separador_timon.stl" id:1 copy 0
M204 S2000
G1 E-.8 F3600
G1 X108.341 Y135.455 F18000
G1 E.8 F3600
M204 S1000
G1 F1200
G1 X108.386 Y135.33 E.00408
G1 X108.557 Y135.04 E.01035
G1 X108.78 Y134.787 E.01035
G1 X109.046 Y134.581 E.01035
G1 X109.349 Y134.426 E.01045
G1 X109.559 Y134.358 E.0068
G1 X109.777 Y134.316 E.0068
G1 X110.117 Y134.306 E.01045
G1 X110.449 Y134.358 E.01035
G1 X110.766 Y134.472 E.01035
G1 X111.056 Y134.644 E.01035
G1 X111.309 Y134.867 E.01035
G1 X111.515 Y135.133 E.01035
G1 X111.669 Y135.436 E.01045
G1 X111.738 Y135.646 E.0068
G1 X111.779 Y135.864 E.0068
G1 X111.79 Y136.204 E.01045
G1 X111.737 Y136.536 E.01035
G1 X111.622 Y136.856 E.01045
G1 X111.515 Y137.05 E.0068
G1 X111.385 Y137.229 E.0068
G1 X111.145 Y137.47 E.01045
G1 X110.866 Y137.659 E.01035
G1 X110.557 Y137.793 E.01035
G1 X110.229 Y137.866 E.01035
G1 X109.892 Y137.877 E.01035
G1 X109.559 Y137.824 E.01035
G1 X109.24 Y137.709 E.01045
G1 X109.045 Y137.602 E.0068
G1 X108.866 Y137.472 E.0068
G1 X108.626 Y137.232 E.01045
G1 X108.437 Y136.953 E.01035
G1 X108.303 Y136.644 E.01035
G1 X108.23 Y136.317 E.01031
G1 X108.222 Y135.943 E.01149
G1 X108.271 Y135.647 E.00921
G1 X108.334 Y135.473 E.00567
M204 S2000
G1 E-.8 F3600
G1 X111.423 Y135.77 F18000
G1 E.8 F3600
M204 S1000
G1 F1200
G1 X111.41 Y135.694 E.00238
G1 X111.326 Y135.469 E.00739
G1 X111.147 Y135.18 E.01043
G1 X110.982 Y135.005 E.00739
G1 X110.71 Y134.812 E.01026
G1 X110.489 Y134.713 E.00742
G1 X110.26 Y134.653 E.00727
G1 X109.927 Y134.633 E.01026
G1 X109.688 Y134.665 E.00742
G1 X109.466 Y134.734 E.00714
G1 X109.254 Y134.838 E.00726
G1 X108.981 Y135.048 E.01056
G1 X108.766 Y135.316 E.01056
G1 X108.658 Y135.526 E.00726
G1 X108.584 Y135.75 E.00726
G1 X108.543 Y136.091 E.01056
G1 X108.583 Y136.427 E.01039
G1 X108.659 Y136.661 E.00755
G1 X108.827 Y136.956 E.01044
G1 X108.982 Y137.134 E.00726
G1 X109.163 Y137.286 E.00726
G1 X109.462 Y137.448 E.01043
G1 X109.691 Y137.518 E.00739
G1 X110.029 Y137.552 E.01043
G1 X110.269 Y137.528 E.00739
G1 X110.597 Y137.427 E.01056
G1 X110.892 Y137.251 E.01056
G1 X111.071 Y137.09 E.00739
G1 X111.269 Y136.822 E.01026
G1 X111.374 Y136.6 E.00755
G1 X111.454 Y136.275 E.01027
G1 X111.464 Y136.029 E.00755
G1 X111.426 Y135.79 E.00744
; stop printing object separador_timon.stl id:1 copy 0
; end of layer_num: 69, T: 0, print_z: 13.840000
G1 E-.8 F3600
;LAYER_CHANGE
;Z:14.04
;HEIGHT:0.2
; BEFORE_LAYER_CHANGE 69 @ 14.04mm
G92 E0
; AFTER_LAYER_CHANGE 69 @ 14.04mm
; start of layer_num: 70, T: 0, print_z: 14.040000
; printing object "separador_timon.stl" id:0 copy 0
M204 S2000
G1 X108.335 Y109.368 Z14.04 F18000
G1 E.8 F3600
M204 S1000
G1 F1200
G1 X108.381 Y109.238 E.00422
G1 X108.553 Y108.948 E.01035
G1 X108.775 Y108.696 E.01035
G1 X109.041 Y108.489 E.01035
G1 X109.344 Y108.335 E.01045
G1 X109.555 Y108.267 E.0068
G1 X109.772 Y108.225 E.0068
G1 X110.112 Y108.214 E.01045
G1 X110.445 Y108.267 E.01035
G1 X110.762 Y108.381 E.01035
G1 X111.054 Y108.554 E.01045
G1 X111.225 Y108.695 E.0068
G1 X111.377 Y108.857 E.0068
G1 X111.568 Y109.138 E.01045
G1 X111.701 Y109.447 E.01035
G1 X111.775 Y109.776 E.01035
G1 X111.786 Y110.112 E.01035
G1 X111.733 Y110.445 E.01035
G1 X111.618 Y110.764 E.01042
G1 X111.496 Y110.981 E.00765
G1 X111.381 Y111.138 E.00597
G1 X111.14 Y111.378 E.01046
G1 X110.862 Y111.568 E.01035
G1 X110.553 Y111.701 E.01035
G1 X110.224 Y111.775 E.01035
G1 X109.888 Y111.786 E.01035
G1 X109.555 Y111.733 E.01035
G1 X109.236 Y111.618 E.01042
G1 X109.019 Y111.496 E.00765
G1 X108.862 Y111.381 E.00597
G1 X108.621 Y111.14 E.01046
G1 X108.432 Y110.862 E.01035
G1 X108.299 Y110.553 E.01035
G1 X108.225 Y110.225 E.01032
G1 X108.217 Y109.861 E.01119
G1 X108.267 Y109.556 E.00951
G1 X108.328 Y109.386 E.00553
M204 S2000
G1 E-.8 F3600
G1 X111.425 Y109.689 F18000
G1 E.8 F3600
M204 S1000
G1 F1200
G1 X111.324 Y109.381 E.00995
G1 X111.145 Y109.092 E.01044
G1 X110.98 Y108.917 E.00738
G1 X110.793 Y108.773 E.00727
G1 X110.488 Y108.623 E.01043
G1 X110.256 Y108.562 E.00739
G1 X109.921 Y108.541 E.0103
G1 X109.683 Y108.574 E.00738
G1 X109.457 Y108.644 E.00727
G1 X109.159 Y108.805 E.01043
G1 X108.974 Y108.96 E.00739
G1 X108.762 Y109.224 E.01043
G1 X108.651 Y109.438 E.00739
G1 X108.559 Y109.76 E.01031
G1 X108.539 Y110.004 E.00751
G1 X108.579 Y110.337 E.01031
G1 X108.655 Y110.569 E.00751
G1 X108.822 Y110.865 E.01044
G1 X108.98 Y111.046 E.00739
G1 X109.246 Y111.251 E.01031
G1 X109.465 Y111.359 E.00751
G1 X109.793 Y111.446 E.01044
G1 X110.029 Y111.46 E.00726
G1 X110.264 Y111.437 E.00726
G1 X110.593 Y111.336 E.01056
G1 X110.888 Y111.16 E.01056
G1 X111.066 Y110.999 E.00739
G1 X111.268 Y110.726 E.01043
G1 X111.368 Y110.512 E.00726
G1 X111.433 Y110.284 E.00726
G1 X111.46 Y109.946 E.01043
G1 X111.431 Y109.708 E.00738
; stop printing object separador_timon.stl id:0 copy 0
; printing object "separador_timon.stl" id:1 copy 0
M204 S2000
G1 E-.8 F3600
G1 X108.339 Y135.459 F18000
G1 E.8 F3600
M204 S1000
G1 F1200
G1 X108.386 Y135.33 E.00422
G1 X108.557 Y135.04 E.01035
G1 X108.78 Y134.787 E.01035
G1 X109.046 Y134.581 E.01035
G1 X109.349 Y134.426 E.01045
G1 X109.559 Y134.358 E.0068
G1 X109.777 Y134.316 E.0068
G1 X110.117 Y134.306 E.01045
G1 X110.449 Y134.358 E.01035
G1 X110.766 Y134.472 E.01035
G1 X111.059 Y134.646 E.01045
G1 X111.229 Y134.787 E.0068
G1 X111.381 Y134.948 E.0068
G1 X111.572 Y135.229 E.01045
G1 X111.706 Y135.538 E.01035
G1 X111.779 Y135.867 E.01035
G1 X111.79 Y136.204 E.01035
G1 X111.737 Y136.536 E.01035
G1 X111.622 Y136.855 E.01042
G1 X111.5 Y137.072 E.00765
G1 X111.386 Y137.229 E.00597
G1 X111.145 Y137.47 E.01046
G1 X110.866 Y137.659 E.01035
G1 X110.557 Y137.793 E.01035
G1 X110.229 Y137.866 E.01035
G1 X109.892 Y137.877 E.01035
G1 X109.559 Y137.824 E.01035
G1 X109.24 Y137.709 E.01042
G1 X109.023 Y137.587 E.00765
G1 X108.867 Y137.472 E.00597
G1 X108.626 Y137.232 E.01046
G1 X108.437 Y136.953 E.01035
G1 X108.303 Y136.644 E.01035
G1 X108.23 Y136.316 E.01032
G1 X108.221 Y135.952 E.01119
G1 X108.271 Y135.647 E.00951
G1 X108.332 Y135.478 E.00553
M204 S2000
G1 E-.8 F3600
G1 X111.43 Y135.78 F18000
G1 E.8 F3600
M204 S1000
G1 F1200
G1 X111.328 Y135.472 E.00995
G1 X111.149 Y135.184 E.01044
G1 X110.985 Y135.009 E.00738
G1 X110.797 Y134.864 E.00727
G1 X110.493 Y134.714 E.01043
G1 X110.26 Y134.653 E.00739
G1 X109.926 Y134.633 E.0103
G1 X109.688 Y134.665 E.00738
G1 X109.462 Y134.735 E.00727
G1 X109.163 Y134.897 E.01043
G1 X108.979 Y135.051 E.00739
G1 X108.766 Y135.316 E.01043
G1 X108.656 Y135.529 E.00739
G1 X108.563 Y135.852 E.01031
G1 X108.543 Y136.095 E.00751
G1 X108.583 Y136.428 E.01031
G1 X108.659 Y136.661 E.00751
G1 X108.827 Y136.956 E.01044
G1 X108.985 Y137.137 E.00739
G1 X109.25 Y137.342 E.01031
G1 X109.469 Y137.451 E.00751
G1 X109.798 Y137.538 E.01044
G1 X110.033 Y137.552 E.00726
G1 X110.269 Y137.528 E.00726
G1 X110.597 Y137.427 E.01056
G1 X110.892 Y137.251 E.01056
G1 X111.071 Y137.09 E.00739
G1 X111.272 Y136.817 E.01043
G1 X111.372 Y136.603 E.00726
G1 X111.437 Y136.376 E.00726
G1 X111.464 Y136.037 E.01043
G1 X111.436 Y135.799 E.00738
; stop printing object separador_timon.stl id:1 copy 0
; end of layer_num: 70, T: 0, print_z: 14.040000
G1 E-.8 F3600
;LAYER_CHANGE
;Z:14.24
;HEIGHT:0.2
; BEFORE_LAYER_CHANGE 70 @ 14.24mm
G92 E0
; AFTER_LAYER_CHANGE 70 @ 14.24mm
; start of layer_num: 71, T: 0, print_z: 14.240000
; printing object "separador_timon.stl" id:0 copy 0
M204 S2000
G1 X108.333 Y109.367 Z14.24 F18000
G1 E.8 F3600
M204 S1000
G1 F1200
G1 X108.432 Y109.138 E.00767
G1 X108.622 Y108.86 E.01035
G1 X108.86 Y108.622 E.01035
G1 X109.138 Y108.432 E.01035
G1 X109.447 Y108.299 E.01035
G1 X109.776 Y108.225 E.01035
G1 X110.112 Y108.214 E.01035
G1 X110.445 Y108.267 E.01035
G1 X110.762 Y108.381 E.01035
G1 X111.054 Y108.554 E.01045
G1 X111.225 Y108.695 E.0068
G1 X111.377 Y108.857 E.0068
G1 X111.568 Y109.138 E.01045
G1 X111.701 Y109.447 E.01035
G1 X111.775 Y109.776 E.01035
G1 X111.786 Y110.112 E.01033
G1 X111.728 Y110.461 E.01087
G1 X111.61 Y110.78 E.01046
G1 X111.511 Y110.959 E.00628
G1 X111.381 Y111.138 E.00681
G1 X111.14 Y111.378 E.01045
G1 X110.862 Y111.568 E.01035
G1 X110.553 Y111.701 E.01035
G1 X110.224 Y111.775 E.01035
G1 X109.888 Y111.786 E.01033
G1 X109.539 Y111.728 E.01087
G1 X109.22 Y111.61 E.01046
G1 X109.041 Y111.511 E.00628
G1 X108.862 Y111.381 E.00681
G1 X108.622 Y111.14 E.01045
G1 X108.432 Y110.862 E.01035
G1 X108.299 Y110.553 E.01035
G1 X108.225 Y110.225 E.01033
G1 X108.216 Y109.867 E.01099
G1 X108.242 Y109.665 E.00627
G1 X108.297 Y109.45 E.00681
G1 X108.325 Y109.386 E.00216
M204 S2000
G1 E-.8 F3600
G1 X111.426 Y109.69 F18000
G1 E.8 F3600
M204 S1000
G1 F1200
G1 X111.324 Y109.381 E.01001
G1 X111.142 Y109.089 E.01056
G1 X110.977 Y108.914 E.00739
G1 X110.703 Y108.719 E.01035
G1 X110.485 Y108.622 E.00734
G1 X110.256 Y108.562 E.00726
G1 X109.92 Y108.541 E.01035
G1 X109.683 Y108.574 E.00734
G1 X109.461 Y108.642 E.00714
G1 X109.249 Y108.747 E.00726
G1 X108.977 Y108.956 E.01056
G1 X108.762 Y109.224 E.01056
G1 X108.651 Y109.438 E.00739
G1 X108.558 Y109.764 E.01043
G1 X108.539 Y110.004 E.00739
G1 X108.579 Y110.339 E.01035
G1 X108.653 Y110.566 E.00734
G1 X108.762 Y110.776 E.00727
G1 X108.974 Y111.04 E.01043
G1 X109.159 Y111.195 E.00739
G1 X109.461 Y111.358 E.01056
G1 X109.793 Y111.446 E.01056
G1 X110.029 Y111.46 E.00726
G1 X110.264 Y111.437 E.00726
G1 X110.593 Y111.336 E.01056
G1 X110.888 Y111.16 E.01056
G1 X111.066 Y110.999 E.00739
G1 X111.268 Y110.726 E.01043
G1 X111.37 Y110.508 E.00739
G1 X111.45 Y110.178 E.01043
G1 X111.46 Y109.942 E.00726
G1 X111.432 Y109.709 E.0072
; stop printing object separador_timon.stl id:0 copy 0
; printing object "separador_timon.stl" id:1 copy 0
M204 S2000
G1 E-.8 F3600
G1 X108.337 Y135.459 F18000
G1 E.8 F3600
M204 S1000
G1 F1200
G1 X108.437 Y135.229 E.00767
G1 X108.626 Y134.951 E.01035
G1 X108.864 Y134.713 E.01035
G1 X109.142 Y134.523 E.01035
G1 X109.452 Y134.39 E.01035
G1 X109.78 Y134.316 E.01035
G1 X110.117 Y134.306 E.01035
G1 X110.449 Y134.358 E.01035
G1 X110.766 Y134.472 E.01035
G1 X111.059 Y134.646 E.01045
G1 X111.229 Y134.787 E.0068
G1 X111.381 Y134.948 E.0068
G1 X111.572 Y135.229 E.01045
G1 X111.706 Y135.538 E.01035
G1 X111.779 Y135.867 E.01035
G1 X111.79 Y136.203 E.01033
G1 X111.733 Y136.552 E.01087
G1 X111.614 Y136.871 E.01046
G1 X111.516 Y137.05 E.00628
G1 X111.385 Y137.229 E.00681
G1 X111.145 Y137.47 E.01045
G1 X110.866 Y137.659 E.01035
G1 X110.557 Y137.793 E.01035
G1 X110.229 Y137.866 E.01035
G1 X109.893 Y137.877 E.01033
G1 X109.544 Y137.819 E.01087
G1 X109.224 Y137.701 E.01046
G1 X109.046 Y137.602 E.00628
G1 X108.866 Y137.472 E.00681
G1 X108.626 Y137.232 E.01045
G1 X108.437 Y136.953 E.01035
G1 X108.303 Y136.644 E.01035
G1 X108.23 Y136.316 E.01033
G1 X108.22 Y135.958 E.01099
G1 X108.246 Y135.756 E.00627
G1 X108.302 Y135.541 E.00681
G1 X108.33 Y135.477 E.00216
M204 S2000
G1 E-.8 F3600
G1 X111.43 Y135.782 F18000
G1 E.8 F3600
M204 S1000
G1 F1200
G1 X111.328 Y135.472 E.01001
G1 X111.147 Y135.18 E.01056
G1 X110.982 Y135.005 E.00739
G1 X110.707 Y134.81 E.01035
G1 X110.489 Y134.713 E.00734
G1 X110.26 Y134.653 E.00726
G1 X109.924 Y134.633 E.01035
G1 X109.688 Y134.665 E.00734
G1 X109.466 Y134.734 E.00714
G1 X109.254 Y134.838 E.00726
G1 X108.981 Y135.048 E.01056
G1 X108.766 Y135.316 E.01056
G1 X108.656 Y135.529 E.00739
G1 X108.562 Y135.856 E.01043
G1 X108.543 Y136.095 E.00739
G1 X108.583 Y136.43 E.01035
G1 X108.658 Y136.657 E.00734
G1 X108.766 Y136.867 E.00727
G1 X108.979 Y137.132 E.01043
G1 X109.163 Y137.286 E.00739
G1 X109.465 Y137.45 E.01056
G1 X109.798 Y137.538 E.01056
G1 X110.033 Y137.552 E.00726
G1 X110.269 Y137.528 E.00726
G1 X110.597 Y137.427 E.01056
G1 X110.892 Y137.251 E.01056
G1 X111.071 Y137.09 E.00739
G1 X111.272 Y136.817 E.01043
G1 X111.374 Y136.599 E.00739
G1 X111.454 Y136.269 E.01043
G1 X111.464 Y136.033 E.00726
G1 X111.436 Y135.801 E.0072
; stop printing object separador_timon.stl id:1 copy 0
; end of layer_num: 71, T: 0, print_z: 14.240000
G1 E-.8 F3600
;LAYER_CHANGE
;Z:14.44
;HEIGHT:0.2
; BEFORE_LAYER_CHANGE 71 @ 14.44mm
G92 E0
; AFTER_LAYER_CHANGE 71 @ 14.44mm
; start of layer_num: 72, T: 0, print_z: 14.440000
; printing object "separador_timon.stl" id:0 copy 0
M204 S2000
G1 X108.332 Y109.375 Z14.44 F18000
G1 E.8 F3600
M204 S1000
G1 F1200
G1 X108.381 Y109.238 E.00447
G1 X108.553 Y108.948 E.01035
G1 X108.775 Y108.696 E.01035
G1 X109.041 Y108.489 E.01035
G1 X109.341 Y108.337 E.01035
G1 X109.668 Y108.242 E.01045
G1 X109.888 Y108.214 E.0068
G1 X110.109 Y108.214 E.0068
G1 X110.445 Y108.267 E.01045
G1 X110.762 Y108.381 E.01035
G1 X111.054 Y108.554 E.01045
G1 X111.225 Y108.695 E.0068
G1 X111.377 Y108.857 E.0068
G1 X111.568 Y109.138 E.01044
G1 X111.704 Y109.454 E.01059
G1 X111.775 Y109.776 E.01011
G1 X111.786 Y110.112 E.01035
G1 X111.733 Y110.445 E.01034
G1 X111.614 Y110.772 E.01069
G1 X111.511 Y110.959 E.00657
G1 X111.381 Y111.138 E.00681
G1 X111.14 Y111.378 E.01045
G1 X110.862 Y111.568 E.01035
G1 X110.553 Y111.702 E.01035
G1 X110.224 Y111.775 E.01035
G1 X109.888 Y111.786 E.01035
G1 X109.555 Y111.733 E.01035
G1 X109.235 Y111.618 E.01045
G1 X109.041 Y111.511 E.0068
G1 X108.862 Y111.381 E.0068
G1 X108.622 Y111.14 E.01045
G1 X108.432 Y110.862 E.01034
G1 X108.296 Y110.546 E.01058
G1 X108.224 Y110.217 E.01035
G1 X108.214 Y109.888 E.01011
G1 X108.267 Y109.555 E.01035
G1 X108.325 Y109.394 E.00526
M204 S2000
G1 E-.8 F3600
G1 X111.426 Y109.692 F18000
G1 E.8 F3600
M204 S1000
G1 F1200
G1 X111.325 Y109.385 E.00994
G1 X111.206 Y109.176 E.00739
G1 X110.984 Y108.92 E.01043
G1 X110.793 Y108.773 E.00739
G1 X110.485 Y108.621 E.01056
G1 X110.149 Y108.547 E.01056
G1 X109.909 Y108.542 E.00739
G1 X109.575 Y108.602 E.01043
G1 X109.351 Y108.691 E.00739
G1 X109.067 Y108.876 E.01043
G1 X108.895 Y109.044 E.00739
G1 X108.704 Y109.325 E.01043
G1 X108.611 Y109.547 E.00739
G1 X108.544 Y109.88 E.01043
G1 X108.544 Y110.116 E.00726
G1 X108.581 Y110.349 E.00726
G1 X108.7 Y110.667 E.01043
G1 X108.827 Y110.871 E.00739
G1 X109.06 Y111.119 E.01043
G1 X109.256 Y111.258 E.00739
G1 X109.567 Y111.395 E.01043
G1 X109.801 Y111.447 E.00739
G1 X110.145 Y111.454 E.01056
G1 X110.481 Y111.38 E.01056
G1 X110.697 Y111.284 E.00726
G1 X110.895 Y111.155 E.00726
G1 X111.137 Y110.917 E.01043
G1 X111.27 Y110.722 E.00726
G1 X111.368 Y110.512 E.00713
G1 X111.433 Y110.284 E.00726
G1 X111.46 Y109.946 E.01043
G1 X111.432 Y109.711 E.00726
; stop printing object separador_timon.stl id:0 copy 0
; printing object "separador_timon.stl" id:1 copy 0
M204 S2000
G1 E-.8 F3600
G1 X108.336 Y135.466 F18000
G1 E.8 F3600
M204 S1000
G1 F1200
G1 X108.386 Y135.33 E.00447
G1 X108.557 Y135.04 E.01035
G1 X108.78 Y134.787 E.01035
G1 X109.046 Y134.581 E.01035
G1 X109.346 Y134.428 E.01035
G1 X109.672 Y134.333 E.01045
G1 X109.892 Y134.305 E.0068
G1 X110.113 Y134.305 E.0068
G1 X110.449 Y134.358 E.01045
G1 X110.766 Y134.472 E.01035
G1 X111.059 Y134.646 E.01045
G1 X111.229 Y134.787 E.0068
G1 X111.381 Y134.948 E.0068
G1 X111.572 Y135.229 E.01044
G1 X111.708 Y135.546 E.01059
G1 X111.779 Y135.867 E.01011
G1 X111.79 Y136.204 E.01035
G1 X111.737 Y136.536 E.01034
G1 X111.619 Y136.863 E.01069
G1 X111.515 Y137.05 E.00657
G1 X111.385 Y137.229 E.00681
G1 X111.145 Y137.47 E.01045
G1 X110.866 Y137.659 E.01035
G1 X110.557 Y137.793 E.01035
G1 X110.229 Y137.866 E.01035
G1 X109.892 Y137.877 E.01035
G1 X109.559 Y137.824 E.01035
G1 X109.24 Y137.709 E.01045
G1 X109.045 Y137.602 E.0068
G1 X108.866 Y137.472 E.0068
G1 X108.626 Y137.232 E.01045
G1 X108.437 Y136.953 E.01034
G1 X108.301 Y136.637 E.01058
G1 X108.229 Y136.308 E.01035
G1 X108.219 Y135.979 E.01011
G1 X108.272 Y135.646 E.01035
G1 X108.33 Y135.485 E.00526
M204 S2000
G1 E-.8 F3600
G1 X111.431 Y135.784 F18000
G1 E.8 F3600
M204 S1000
G1 F1200
G1 X111.33 Y135.476 E.00994
G1 X111.211 Y135.267 E.00739
G1 X110.988 Y135.011 E.01043
G1 X110.797 Y134.864 E.00739
G1 X110.489 Y134.712 E.01056
G1 X110.154 Y134.638 E.01056
G1 X109.913 Y134.633 E.00739
G1 X109.579 Y134.694 E.01043
G1 X109.356 Y134.782 E.00739
G1 X109.071 Y134.967 E.01043
G1 X108.899 Y135.136 E.00739
G1 X108.709 Y135.417 E.01043
G1 X108.615 Y135.638 E.00739
G1 X108.548 Y135.971 E.01043
G1 X108.548 Y136.207 E.00726
G1 X108.586 Y136.441 E.00726
G1 X108.705 Y136.759 E.01043
G1 X108.832 Y136.963 E.00739
G1 X109.065 Y137.21 E.01043
G1 X109.261 Y137.349 E.00739
G1 X109.571 Y137.487 E.01043
G1 X109.806 Y137.539 E.00739
G1 X110.149 Y137.546 E.01056
G1 X110.485 Y137.471 E.01056
G1 X110.701 Y137.375 E.00726
G1 X110.899 Y137.246 E.00726
G1 X111.141 Y137.009 E.01043
G1 X111.274 Y136.813 E.00726
G1 X111.372 Y136.603 E.00713
G1 X111.437 Y136.376 E.00726
G1 X111.464 Y136.037 E.01043
G1 X111.436 Y135.803 E.00726
; stop printing object separador_timon.stl id:1 copy 0
; end of layer_num: 72, T: 0, print_z: 14.440000
G1 E-.8 F3600
M106 S0
;TYPE:Custom
; filament end gcode
M104 S0                                    ; Extruder off 
M140 S0                                    ; Heatbed off 
M107                                       ; Fan off 
G91                                        ; relative positioning 
G1 E-5 F3000  
G1 Z+0.3 F3000                             ; lift print head 
G28 X0  F3000
M84                    
; EXECUTABLE_BLOCK_END

; filament used [mm] = 290.91
; filament used [cm3] = 0.70
; filament used [g] = 0.87
; filament cost = 69.41
; total filament used [g] = 0.87
; total filament cost = 69.41
; total layers count = 72
; estimated printing time (normal mode) = 8m 39s
; estimated first layer printing time (normal mode) = 8s

; CONFIG_BLOCK_START = begin
; AnycubicSlicer_config = begin
; accel_to_decel_enable = 1
; accel_to_decel_factor = 50%
; activate_air_filtration = 0
; activate_chamber_temp_control = 0
; adaptive_bed_mesh_margin = 0
; adaptive_pressure_advance = 0
; adaptive_pressure_advance_bridges = 0
; adaptive_pressure_advance_model = "0,0,0\n0,0,0"
; adaptive_pressure_advance_overhangs = 0
; additional_cooling_fan_speed = 0
; alternate_extra_wall = 0
; app_full_name = AnycubicSlicerNext
; app_version = 1.4.1.0
; auxiliary_fan = 0
; bbl_calib_mark_logo = 1
; bbl_use_printhost = 0
; bed_custom_model = 
; bed_custom_texture = 
; bed_exclude_area = 0x0
; bed_mesh_max = 0,0
; bed_mesh_min = 0,0
; bed_mesh_probe_distance = 0,0
; before_layer_change_gcode = ; BEFORE_LAYER_CHANGE [layer_num] @ [layer_z]mm\nG92 E0
; best_object_pos = 0.5,0.5
; bottom_shell_layers = 3
; bottom_shell_thickness = 0.6
; bottom_solid_infill_flow_ratio = 1
; bottom_surface_pattern = monotonic
; bridge_acceleration = 50%
; bridge_angle = 0
; bridge_density = 100%
; bridge_flow = 0.9
; bridge_no_support = 0
; bridge_speed = 60
; brim_ears_detection_length = 1
; brim_ears_max_angle = 125
; brim_object_gap = 0
; brim_type = outer_only
; brim_width = 5
; chamber_temperature = 0
; change_extrusion_role_gcode = 
; change_filament_gcode = 
; close_fan_the_first_x_layers = 1
; complete_print_exhaust_fan_speed = 80
; cool_plate_temp = 35
; cool_plate_temp_initial_layer = 35
; cooling_tube_length = 0
; cooling_tube_retraction = 0
; counterbore_hole_bridging = none
; curr_bed_type = High Temp Plate
; default_acceleration = 2000
; default_filament_colour = ""
; default_filament_profile = "Anycubic PLA @Anycubic Kobra 2 Neo 0.4 nozzle";"Anycubic PETG @Anycubic Kobra 2 Neo 0.4 nozzle"
; default_jerk = 0
; default_print_profile = 0.20mm Standard @Anycubic Kobra 2 Neo 0.4 nozzle
; deretraction_speed = 0
; detect_narrow_internal_solid_infill = 1
; detect_overhang_wall = 1
; detect_thin_wall = 0
; different_settings_to_system = sparse_infill_density;sparse_infill_pattern;filament_cost;
; disable_m73 = 1
; dont_filter_internal_bridges = disabled
; dont_slow_down_outer_wall = 0
; draft_shield = disabled
; during_print_exhaust_fan_speed = 60
; elefant_foot_compensation = 0.075
; elefant_foot_compensation_layers = 1
; emit_machine_limits_to_gcode = 1
; enable_arc_fitting = 0
; enable_extra_bridge_layer = disabled
; enable_filament_ramming = 0
; enable_long_retraction_when_cut = 0
; enable_overhang_bridge_fan = 1
; enable_overhang_speed = 1
; enable_pressure_advance = 0
; enable_prime_tower = 0
; enable_support = 0
; enforce_support_layers = 0
; eng_plate_temp = 0
; eng_plate_temp_initial_layer = 0
; ensure_vertical_shell_thickness = ensure_all
; exclude_object = 0
; extra_loading_move = 0
; extra_perimeters_on_overhangs = 1
; extruder_clearance_height_to_lid = 20
; extruder_clearance_height_to_rod = 20
; extruder_clearance_radius = 20
; extruder_colour = #ffffff
; extruder_offset = 0x0
; extrusion_rate_smoothing_external_perimeter_only = 0
; fan_cooling_layer_time = 100
; fan_cooling_layer_time_BRASS = 100
; fan_cooling_layer_time_HS = 100
; fan_kickstart = 0
; fan_max_speed = 100
; fan_max_speed_BRASS = 100
; fan_max_speed_HS = 100
; fan_min_speed = 80
; fan_min_speed_BRASS = 80
; fan_min_speed_HS = 80
; fan_p2_after_x_layers = 0
; fan_p2_before_x_layers = 0
; fan_p2_speed_before_x_layers = 0
; fan_p3_speed = 0
; fan_p4_speed = 0
; fan_speed_after_x_layers = 100
; fan_speed_before_x_layers = 0
; fan_speedup_overhangs = 1
; fan_speedup_time = 0
; filament_adhesiveness_category = 0
; filament_change_length = 10
; filament_colour = #ffffff
; filament_cooling_final_speed = 0
; filament_cooling_initial_speed = 0
; filament_cooling_moves = 0
; filament_cost = 80000
; filament_density = 1.24
; filament_diameter = 1.75
; filament_end_gcode = "; filament end gcode\n"
; filament_flow_ratio = 0.98
; filament_ids = GFPLA
; filament_is_support = 0
; filament_loading_speed = 0
; filament_loading_speed_start = 0
; filament_max_volumetric_speed = 12
; filament_minimal_purge_on_wipe_tower = 15
; filament_multitool_ramming = 0
; filament_multitool_ramming_flow = 0
; filament_multitool_ramming_volume = 0
; filament_notes = ""
; filament_prime_volume = 45
; filament_ramming_parameters = "120 100 6.6 6.8 7.2 7.6 7.9 8.2 8.7 9.4 9.9 10.0| 0.05 6.6 0.45 6.8 0.95 7.8 1.45 8.3 1.95 9.7 2.45 10 2.95 7.6 3.45 7.6 3.95 7.6 4.45 7.6 4.95 7.6"
; filament_ramming_volumetric_speed = -1
; filament_retraction_length = 0.8
; filament_retraction_speed = 60
; filament_settings_id = "Anycubic PLA @Anycubic Kobra 2 Neo 0.4 nozzle"
; filament_shrink = 100%
; filament_shrinkage_compensation_z = 100%
; filament_soluble = 0
; filament_stamping_distance = 0
; filament_stamping_loading_speed = 0
; filament_start_gcode = "; filament start gcode"
; filament_toolchange_delay = 0
; filament_type = PLA
; filament_unloading_speed = 0
; filament_unloading_speed_start = 0
; filament_vendor = Anycubic
; filename_format = {timestamp}-{if plate_name==\"\" then input_filename_base+\"_plate\" else plate_name endif}{\"(\"+plate_number+\")\"}_{filament_type[initial_tool]}_{layer_height}_{print_time}.gcode
; filter_out_gap_fill = 0
; first_layer_print_sequence = 0
; flush_into_infill = 0
; flush_into_objects = 0
; flush_into_support = 0
; flush_multiplier_any = 1
; flush_multiplier = 1
; flush_volumes_chan_multipliers = 1,1,1,1
; flush_volumes_chan_multipliers_str = 
; flush_volumes_matrix = 0
; flush_volumes_vector = 140,140
; full_fan_speed_layer = 3
; fuzzy_skin = none
; fuzzy_skin_first_layer = 0
; fuzzy_skin_noise_type = classic
; fuzzy_skin_octaves = 4
; fuzzy_skin_persistence = 0.5
; fuzzy_skin_point_distance = 0.8
; fuzzy_skin_scale = 1
; fuzzy_skin_thickness = 0.3
; gap_fill_target = topbottom
; gap_infill_speed = 100
; gcode_add_line_number = 0
; gcode_comments = 0
; gcode_flavor = marlin
; gcode_label_objects = 1
; has_scarf_joint_seam = 0
; head_wrap_detect_zone = 
; high_current_on_filament_swap = 0
; hole_to_polyhole = 0
; hole_to_polyhole_threshold = 0.01
; hole_to_polyhole_twisted = 1
; host_type = octoprint
; hot_plate_temp = 60
; hot_plate_temp_initial_layer = 60
; idle_temperature = 0
; independent_support_layer_height = 1
; infill_anchor = 400
; infill_anchor_max = 10
; infill_combination = 0
; infill_combination_max_layer_height = 100%
; infill_direction = 45
; infill_jerk = 9
; infill_wall_overlap = 15%
; inherits_group = "0.20mm Standard @Anycubic Kobra 2 Neo 0.4 nozzle";;
; initial_layer_acceleration = 500
; initial_layer_infill_speed = 50
; initial_layer_jerk = 9
; initial_layer_line_width = 0.5
; initial_layer_min_bead_width = 85%
; initial_layer_print_height = 0.24
; initial_layer_speed = 40
; initial_layer_travel_speed = 100%
; inner_wall_acceleration = 1500
; inner_wall_jerk = 10
; inner_wall_line_width = 0.45
; inner_wall_speed = 80
; interface_shells = 0
; interlocking_beam = 0
; interlocking_beam_layer_count = 2
; interlocking_beam_width = 0.8
; interlocking_boundary_avoidance = 2
; interlocking_depth = 2
; interlocking_orientation = 22.5
; internal_bridge_angle = 0
; internal_bridge_density = 100%
; internal_bridge_fan_speed = -1
; internal_bridge_flow = 1
; internal_bridge_speed = 150%
; internal_solid_infill_acceleration = 100%
; internal_solid_infill_line_width = 0.42
; internal_solid_infill_pattern = zig-zag
; internal_solid_infill_speed = 100
; ironing_angle = -1
; ironing_flow = 15%
; ironing_inset = 0
; ironing_pattern = zig-zag
; ironing_spacing = 0.1
; ironing_speed = 15
; is_infill_first = 0
; lattice_angle_1 = -45
; lattice_angle_2 = 45
; layer_change_gcode = ; AFTER_LAYER_CHANGE [layer_num] @ [layer_z]mm
; layer_height = 0.2
; line_width = 0.42
; long_retractions_when_cut = 0
; machine_end_gcode = M104 S0                                    ; Extruder off \nM140 S0                                    ; Heatbed off \nM107                                       ; Fan off \nG91                                        ; relative positioning \nG1 E-5 F3000  \nG1 Z+0.3 F3000                             ; lift print head \nG28 X0  F3000\nM84                    
; machine_load_filament_time = 42
; machine_max_acceleration_e = 2000,2000,2000
; machine_max_acceleration_extruding = 2000,2000,2000
; machine_max_acceleration_retracting = 2000,2000,2000
; machine_max_acceleration_travel = 20000,20000,20000
; machine_max_acceleration_x = 2000,2000,2000
; machine_max_acceleration_y = 2000,2000,2000
; machine_max_acceleration_z = 800,800,800
; machine_max_jerk_e = 5,5,5
; machine_max_jerk_x = 10,10,10
; machine_max_jerk_y = 10,10,10
; machine_max_jerk_z = 2,2,2
; machine_max_speed_e = 100,50,130
; machine_max_speed_x = 300,150,390
; machine_max_speed_y = 300,150,390
; machine_max_speed_z = 8,4,10.4
; machine_min_extruding_rate = 0,0,0
; machine_min_travel_rate = 0,0,0
; machine_pause_gcode = M600
; machine_start_gcode = G90 ; use absolute coordinates\nM83 ; extruder relative mode\nM104 S[first_layer_temperature] ; set extruder temp\nM140 S[first_layer_bed_temperature] ; set bed temp\nM190 S[first_layer_bed_temperature] ; wait for bed temp\nM109 S[first_layer_temperature] ; wait for extruder temp\nG28                                        ; move X/Y/Z to min endstops\nG1 Z0.28                                   ; lift nozzle a bit \nG92 E0 \nG1 Y3 F1800                                    ; zero the extruded length \nG1 X60  E25 F500                       ; Extrude 25mm of filament in a 5cm line. \nG92 E0                                     ; zero the extruded length again \nG1 E-2 F500                                ; Retract a little \nG1 X70 F4000                              ; Quickly wipe away from the filament line\nM117
; machine_tool_change_time = 0
; machine_unload_filament_time = 0
; magic_doubles = 0
; magic_numbers = 1,4,100
; magic_strings = Unused
; make_overhang_printable = 0
; make_overhang_printable_angle = 55
; make_overhang_printable_hole_size = 0
; manual_filament_change = 0
; max_bridge_length = 10
; max_layer_height = 0.28
; max_travel_detour_distance = 0
; max_volumetric_extrusion_rate_slope = 0
; max_volumetric_extrusion_rate_slope_segment_length = 5
; min_bead_width = 85%
; min_feature_size = 25%
; min_layer_height = 0.08
; min_length_factor = 0.5
; min_skirt_length = 0
; min_width_top_surface = 300%
; minimum_sparse_infill_area = 15
; mmu_segmented_region_interlocking_depth = 0
; mmu_segmented_region_max_width = 0
; notes = 
; nozzle_diameter = 0.4
; nozzle_height = 4
; nozzle_hrc = 0
; nozzle_temperature = 190
; nozzle_temperature_BRASS = 190
; nozzle_temperature_HS = 190
; nozzle_temperature_initial_layer = 220
; nozzle_temperature_initial_layer_BRASS = 220
; nozzle_temperature_initial_layer_HS = 220
; nozzle_temperature_range_high = 230
; nozzle_temperature_range_low = 190
; nozzle_type = brass
; nozzle_volume = 0
; only_one_wall_first_layer = 0
; only_one_wall_top = 1
; ooze_prevention = 0
; other_layers_print_sequence = 0
; other_layers_print_sequence_nums = 0
; outer_wall_acceleration = 1000
; outer_wall_jerk = 10
; outer_wall_line_width = 0.42
; outer_wall_speed = 50
; overhang_1_4_speed = 60
; overhang_2_4_speed = 45
; overhang_3_4_speed = 28
; overhang_4_4_speed = 10
; overhang_fan_speed = 100
; overhang_fan_threshold = 50%
; overhang_reverse = 0
; overhang_reverse_internal_only = 0
; overhang_reverse_threshold = 50%
; overhang_speed_classic = 0
; overhang_totally_speed = 15
; parking_pos_retraction = 0
; pellet_flow_coefficient = 0.4157
; pellet_modded_printer = 0
; post_process = 
; precise_outer_wall = 0
; precise_z_height = 0
; preferred_orientation = 0
; preheat_steps = 1
; preheat_time = 0
; pressure_advance = 0.04
; prime_tower_brim_width = 5
; prime_tower_extra_rib_length = 0
; prime_tower_fillet_wall = 1
; prime_tower_flat_ironing = 0
; prime_tower_infill_gap = 150%
; prime_tower_max_speed = 90
; prime_tower_rib_wall = 1
; prime_tower_rib_width = 8
; prime_tower_skip_points = 1
; prime_tower_width = 35
; prime_volume = 20
; print_compatible_printers = "Anycubic Kobra 2 Neo 0.4 nozzle"
; print_flow_ratio = 1
; print_order = default
; print_sequence = by layer
; print_settings_id = 0.20mm Standard @AC K2 Neo.
; printable_area = 0x0,220x0,220x220,0x220
; printable_height = 250
; printer_flush_multiplier = 1
; printer_model = Anycubic Kobra 2 Neo
; printer_notes = 
; printer_settings_id = Anycubic Kobra 2 Neo 0.4 nozzle
; printer_structure = i3
; printer_technology = FFF
; printer_variant = 0.4
; printhost_authorization_type = key
; printhost_ssl_ignore_revoke = 0
; printing_by_object_gcode = 
; project_name = CAT-USV-Mecatronica
; purge_in_prime_tower = 0
; raft_contact_distance = 0.1
; raft_expansion = 1.5
; raft_first_layer_density = 90%
; raft_first_layer_expansion = 2
; raft_layers = 0
; reduce_crossing_wall = 0
; reduce_fan_stop_start_freq = 1
; reduce_infill_retraction = 1
; required_nozzle_HRC = 0
; resolution = 0.012
; retract_before_wipe = 70%
; retract_length_toolchange = 0
; retract_lift_above = 0.3
; retract_lift_below = 258
; retract_lift_enforce = All Surfaces
; retract_on_top_layer = 1
; retract_restart_extra = 0
; retract_restart_extra_toolchange = 0
; retract_when_changing_layer = 0
; retraction_distances_when_cut = 0
; retraction_length = 2.5
; retraction_minimum_travel = 1
; retraction_speed = 100
; role_based_wipe_speed = 1
; rotate_solid_infill_direction = 1
; scan_first_layer = 0
; scarf_angle_threshold = 155
; scarf_joint_flow_ratio = 1
; scarf_joint_speed = 100%
; scarf_overhang_threshold = 40%
; seam_gap = 5%
; seam_position = aligned
; seam_slope_conditional = 0
; seam_slope_entire_loop = 0
; seam_slope_inner_walls = 0
; seam_slope_min_length = 20
; seam_slope_start_height = 0
; seam_slope_steps = 10
; seam_slope_type = none
; silent_mode = 0
; single_extruder_multi_material = 1
; single_extruder_multi_material_priming = 0
; single_loop_draft_shield = 0
; skirt_distance = 2
; skirt_height = 1
; skirt_loops = 0
; skirt_speed = 50
; skirt_start_angle = -135
; skirt_type = combined
; slice_closing_radius = 0.049
; slicing_mode = regular
; slow_down_for_layer_cooling = 1
; slow_down_layer_time = 9
; slow_down_layer_time_BRASS = 9
; slow_down_layer_time_HS = 9
; slow_down_layers = 1
; slow_down_min_speed = 20
; slowdown_for_curled_perimeters = 0
; small_area_infill_flow_compensation = 0
; small_area_infill_flow_compensation_model = 0,0;"\n0.2,0.4444";"\n0.4,0.6145";"\n0.6,0.7059";"\n0.8,0.7619";"\n1.5,0.8571";"\n2,0.8889";"\n3,0.9231";"\n5,0.9520";"\n10,1"
; small_perimeter_speed = 50%
; small_perimeter_threshold = 0
; smooth_coefficient = 80
; smooth_speed_discontinuity_area = 1
; solid_infill_direction = 45
; solid_infill_filament = 1
; sparse_infill_acceleration = 100%
; sparse_infill_density = 100%
; sparse_infill_filament = 1
; sparse_infill_line_width = 0.45
; sparse_infill_pattern = gyroid
; sparse_infill_speed = 150
; spiral_finishing_flow_ratio = 0
; spiral_mode = 0
; spiral_mode_max_xy_smoothing = 200%
; spiral_mode_smooth = 0
; spiral_starting_flow_ratio = 0
; staggered_inner_seams = 0
; standby_temperature_delta = 0
; start_end_points = 30x-3,54x245
; supertack_plate_temp = 35
; supertack_plate_temp_initial_layer = 35
; support_air_filtration = 1
; support_angle = 0
; support_base_pattern = default
; support_base_pattern_spacing = 0.2
; support_bottom_interface_spacing = 0.5
; support_bottom_z_distance = 0.1
; support_chamber_temp_control = 1
; support_critical_regions_only = 0
; support_expansion = 0
; support_filament = 0
; support_interface_bottom_layers = -1
; support_interface_filament = 0
; support_interface_loop_pattern = 0
; support_interface_not_for_body = 1
; support_interface_pattern = auto
; support_interface_spacing = 0.5
; support_interface_speed = 80
; support_interface_top_layers = 2
; support_line_width = 0.4
; support_material_interface_fan_speed = -1
; support_multi_bed_types = 1
; support_object_first_layer_gap = 0.2
; support_object_xy_distance = 0.35
; support_on_build_plate_only = 1
; support_remove_small_overhang = 1
; support_speed = 100
; support_style = default
; support_threshold_angle = 40
; support_threshold_overlap = 50%
; support_top_z_distance = 0.1
; support_type = tree(auto)
; temperature_vitrification = 60
; template_custom_gcode = 
; textured_cool_plate_temp = 40
; textured_cool_plate_temp_initial_layer = 40
; textured_plate_temp = 60
; textured_plate_temp_initial_layer = 60
; thick_bridges = 0
; thick_internal_bridges = 1
; thumbnails = 230x110/PNG
; thumbnails_format = PNG
; thumbnails_internal = 512x512/PNG/plate, 512x512/PNG/top
; thumbnails_internal_switch = 0
; time_cost = 0
; time_lapse_gcode = 
; timelapse_type = 0
; top_bottom_infill_wall_overlap = 25%
; top_shell_layers = 3
; top_shell_thickness = 1
; top_solid_infill_flow_ratio = 1
; top_surface_acceleration = 1000
; top_surface_jerk = 9
; top_surface_line_width = 0.42
; top_surface_pattern = monotonicline
; top_surface_speed = 60
; travel_acceleration = 2000
; travel_jerk = 10
; travel_slope = 3
; travel_speed = 300
; travel_speed_z = 0
; tree_support_adaptive_layer_height = 1
; tree_support_angle_slow = 25
; tree_support_auto_brim = 1
; tree_support_branch_angle = 40
; tree_support_branch_angle_organic = 40
; tree_support_branch_diameter = 5
; tree_support_branch_diameter_angle = 5
; tree_support_branch_diameter_organic = 2
; tree_support_branch_distance = 5
; tree_support_branch_distance_organic = 1
; tree_support_brim_width = 3
; tree_support_tip_diameter = 0.8
; tree_support_top_rate = 30%
; tree_support_wall_count = 0
; upward_compatible_machine = 
; use_firmware_retraction = 0
; use_relative_e_distances = 1
; wall_direction = auto
; wall_distribution_count = 1
; wall_filament = 1
; wall_generator = classic
; wall_loops = 2
; wall_sequence = outer wall/inner wall
; wall_transition_angle = 10
; wall_transition_filter_deviation = 25%
; wall_transition_length = 100%
; wipe = 0
; wipe_before_external_loop = 0
; wipe_distance = 1
; wipe_on_loops = 0
; wipe_speed = 80%
; wipe_tower_bridging = 10
; wipe_tower_cone_angle = 0
; wipe_tower_extra_flow = 100%
; wipe_tower_extra_spacing = 120%
; wipe_tower_filament = 0
; wipe_tower_max_purge_speed = 90
; wipe_tower_no_sparse_layers = 0
; wipe_tower_rotation_angle = 0
; wipe_tower_x = 0.000
; wipe_tower_y = 250.000
; wiping_volumes_extruders = 70,70,70,70,70,70,70,70,70,70
; xy_contour_compensation = 0
; xy_hole_compensation = 0
; z_hop = 0
; z_hop_types = Auto Lift
; z_offset = 0
; bed_shape = 0x0,220x0,220x220,0x220
; first_layer_height = 0.240
; first_layer_temperature = 220
; first_layer_bed_temperature = 60
; bed_temperature = 60
; AnycubicSlicer_config = end
; CONFIG_BLOCK_END = end



; ams_info = begin
; paint_info = [{"material_type":"PLA","paint_color":[255,255,255],"paint_index":0}]
; ams_info = end

; statistics = begin
; used_filament = 0.29
; print_time = 8m 39s
; model_size = 14.97,41.06,14.44
; total_layers = 72
; statistics = end
