; HEADER_BLOCK_START
; generated by AnycubicSlicerNext 1.4.1.0 on 2026-05-11 at 08:04:45
; total layer number: 50
; filament_density: 1.24
; filament_diameter: 1.75
; max_z_height: 10.04
; exclude_object: 0
; model_instances: 2
; source_info: {"models":[{"file_source":0,"mo_file_id":-1,"name":"USV_1_e2mm.stl_3_id_0_copy_0"},{"file_source":0,"mo_file_id":-1,"name":"USV_1_e2mm.stl_1_id_1_copy_0"}],"models_from":0,"plate_index":1,"slice_paras_process":1,"software_version":"AnycubicSlicerNext 1.4.1.0 20260506162140"}
; paint_info = [{"material_type":"PLA","paint_color":[255,255,255],"paint_index":0}]
; project_info = {"flush_multiplier":1.0,"flush_volumes_chan_multipliers":[1.0,1.0,1.0,1.0],"flush_volumes_matrix":[0.0],"flush_volumes_vector":[140.0,140.0]}
; flush_multiplier_calculate_by_acnext: 1
; test_mode: 0
; HEADER_BLOCK_END

; THUMBNAIL_BLOCK_START
; thumbnail begin 230x110 2704
; iVBORw0KGgoAAAANSUhEUgAAAOYAAABuCAYAAAAziW8OAAAHsUlEQVR4Ae3dS2sUTRTG8f4iAcGv4E
; 4EF+Iqi4AiLrMIZudOvKziIpMYowhekolJRiMIaoiiOyNeAt4QjCiKrkbd+iHKOQ0VKpW+1HS6e6o6
; /x8ULySzeIU8nDOnqqujCAAAAAAANMqZM2cm/v37p/T6/PlzV342NDS0LwJQLzOQb9++VU+ePFGvX7
; 9WGxsbWyGVz0QA6qFD2e121fPnz1Wr1VJXrlxRN2/eVO12Wz148ED9/fs3DmcvsK8iANWSVlUC9/Xr
; 1ziIly5dUlNTU9uC2el01J07d+JKqtvbgwcPHo4AlMuukhJIvdKCKevZs2dbre3169c7EYBy6CopS1
; dJ12Dq9fPnT6onUIasKtlvMM3WlsEQUJAZyrt376aGUtbq6qr68OGD+vTpUzyVTQtmUvVkWwVwIG2m
; bl2zqqReElxzH1Mv+W6ZFU6qJ+DItXWVJb9PCqS5JHxZ4TQHQ2yrAAl0lZRQJg149JLfuYRSL2lbZV
; /TtbVlMARE/VVJ+a6Z1rrmrRcvXmSGU35Pawv0SPtYRZXMqp5Z4aR6Yk8zz7nmVUkJZdEqmbYYDAGW
; sgc8RZfLYIjzttgTks65pq13795VFkq9JHh5g6HNzU1aWzRTP1VybW2t9Na1jOqpP8t5WzRCVdsgZa
; +8wZBUVj0YorVFsAY94Cm6sgZDKysrW987T548ORoBITFDKa3poAY8Zbe2Esxfv34RTITFPOcqw5u8
; 1lWGQL6FMqt6Pnr0KP65VPfh4eHRCPCdL9sgVVRP+X6p9zbl37e+vq4OHDgwGgE+0yd4ZOVtg4QUSn
; vpAdbMzAzBhN/ku5b80X779q3wI1ohLLMLIJjwnuzryR+utHc+boOUUSXt1pxgwnsXL17sZFXMkKtk
; 2gklggnvnTp1qqO3EGTpP+SmVUmCiaBIMGV/z3wio45zrlWGMm+AJcGMAJ/pYNpnSptWJc114sQJzs
; vCb2Yw7TOlIYUy7yY+WefOneseOXJkIgJ8Zwcz6aoOn5drlZRQRkAo0oJpX9URcutKlURw8oJpX9Xh
; SyjzBjxUSQQvL5j2VR0hVElCiUaYnZ3t5oXTvKqDKgnUZGxsrOMSzrq3VaiSQI9LOOsYDDHgASy96v
; PKJZxVDYZcbuKjSmLPcq2eZQ2G+qmS4+PjXKqFvct1MLTb6smAB+jTyMjIRJWDIQY8wC6UPRhyPefK
; gAfIUdZgSB4vo0oCJXMJ5/3799XGxob68eOH+v37d3xTgr731SWUPKIFFJBXPZeWltT8/Ly6deuWvD
; dEXb16VU1NTalWq0WVBKqUNRhKC6as6elpQglULSmYi4uLzsHkQWagInZrm1QxJZB2MKmSQA3MYLbb
; bTU3N7cjmGyDAAMg1TMtmDL8OXv2LFUSGJTJycmuGUwJ5PHjx73eBuG18IAnzPeC6iWvJZSfRwDqpV
; +sJEsOPzx+/Di+xlMORvz582croENDQ/siANWz3wsqQ6nLly/Hbbd8N15eXt52tJDqCVRMvz3bfNzM
; DObCwkIcTPupGXmfaASgXFlvzzaDKfuvOpj2UzMSagZEQEn027PTHso2gymTZDuY9lMztLbALpgT16
; yHsl2CSfUESpDVuppLKujq6mr8aJo8oiZT2adPnzo/c0r1BBzpAU/erXvyO/lM0gPd+vlRl+tUGAwB
; GVyrpCyXt2fLLYCyt+lynQqtLZAgaRskrUr2+0r7vOppvr6w9z2V2xeAfqqkhFI+V+RGP6mMrpeRUT
; 2xp5mhzLp1r0iVTGtt5bslgyEggVQj3bpWWSWLtray9C31MhjivC0ar+wBTx3Vk9YWjVblgKeq6sm2
; Chqrnyop3zXLbl0ZDAGWvHOug6iSRVtbuYVef55wIkiu51yrGvAUXZubm6nBlGr+5cuX+HPsdyI4vg
; x4yq6eEsz3798TTITH9ZyrLLM19HHZg6GHDx9ubaOcPn2aYMJ//VTJtbU1b1rXvCVDH6meeutE/r/X
; 19d5cRL8Z4bS5wFP0aWrpCxpZ2dmZggm/CbTSR1K+YPNqpShVMmkZXYBBBPe09dIyoPKScEMtUrqld
; SaE0x47+jRo1v3u66srDg/yBxKKJNac7nGhGDCa4cOHRp9+fLljpavaVWSiomgSDDv3bu37UxpyN8l
; 8wZYOpj79+8/HAG+kmBKC2ufKQ1x5W3z6HX+/HneeAa/2cG0r+oIpUq6hpL3giIIupW1j6/JJVghVE
; +XE0qyeHs2gpIWzKSrOkKtkuPj4zyHifBkBdO+qsOXUFIl0XgXLlx4lRdMH6pnP1WSUKIRRkZGJlzC
; aW6r1B3KrJv4zEAy4EHjuISz7m0VqiTQ0/sD96K1ZRsESDDI6smAB8hQd/VkwAM4qmswRJUECnAJZ9
; ETQ1RJYBdcW1vX87YMeIASlTEY4pwrUAGX6rm0tKTkyN+bN2/U9+/f1cePH+NrLzudDudcgarkDYYk
; mO12W83NzakbN26oa9euxYFrtVpUSaBqs7Oz3aRg3r59e0cwp6en1eTkZPxfQglUbGxsrGMHc3FxMT
; WYDHiAGpnBXF5ejsMpwZRBj25l7WBSJYEa6MGQBFPa2fn5+dRgcmMdUDMJ5sLCQmIwqZLAAA0PD0+Y
; wZRAHjt2jCoJAAAAAEDD/Ae5bm4BWmSJ4gAAAABJRU5ErkJggg==
; thumbnail end
; THUMBNAIL_BLOCK_END

; external perimeters extrusion width = 0.42mm
; perimeters extrusion width = 0.45mm
; infill extrusion width = 0.45mm
; solid infill extrusion width = 0.42mm
; top infill extrusion width = 0.42mm
; support material extrusion width = 0.40mm
; first layer extrusion width = 0.50mm

; external perimeters extrusion width = 0.42mm
; perimeters extrusion width = 0.45mm
; infill extrusion width = 0.45mm
; solid infill extrusion width = 0.42mm
; top infill extrusion width = 0.42mm
; support material extrusion width = 0.40mm
; first layer extrusion width = 0.50mm

; EXECUTABLE_BLOCK_START
M201 X2000 Y2000 Z800 E2000
M203 X300 Y300 Z8 E100
M204 P2000 R2000 T2000
M205 X10.00 Y10.00 Z2.00 E5.00
;TYPE:Custom
G90 ; use absolute coordinates
M83 ; extruder relative mode
M104 S220 ; set extruder temp
M140 S60 ; set bed temp
M190 S60 ; wait for bed temp
M109 S220 ; wait for extruder temp
G28                                        ; move X/Y/Z to min endstops
G1 Z0.28                                   ; lift nozzle a bit 
G92 E0 
G1 Y3 F1800                                    ; zero the extruded length 
G1 X60  E25 F500                       ; Extrude 25mm of filament in a 5cm line. 
G92 E0                                     ; zero the extruded length again 
G1 E-2 F500                                ; Retract a little 
G1 X70 F4000                              ; Quickly wipe away from the filament line
M117
G90
G21
M83 ; use relative distances for extrusion
; EXECUTABLE_BLOCK_HEAD
; filament start gcode
M75 ; The first extruder is ready.
M106 S0
;LAYER_CHANGE
;Z:0.24
;HEIGHT:0.24
; BEFORE_LAYER_CHANGE 0 @ 0.24mm
G92 E0
; AFTER_LAYER_CHANGE 0 @ 0.24mm
M204 S500
; start of layer_num: 1, T: 0, print_z: 0.240000
; printing object "USV 1 e2mm.stl_3" id:0 copy 0
G1 E-.8 F3600
G1 X118.725 Y125.022 F18000
G1 Z.24
G1 E.8 F3600
;TYPE:Brim
;WIDTH:0.5
G1 F2400
G1 X119.511 Y124.386 E.04432
G1 X120.26 Y123.899 E.03918
G1 X121.138 Y123.447 E.04331
G1 X121.916 Y123.137 E.03672
G1 X122.805 Y122.878 E.04062
G1 X123.201 Y122.783 E.01785
G1 X123.668 Y122.715 E.0207
G1 X124.552 Y122.635 E.03892
G1 X124.946 Y122.617 E.01732
G1 X164.953 Y122.619 E1.75453
G1 X165.352 Y122.637 E.01753
G1 X166.219 Y122.717 E.03821
G1 X167.028 Y122.869 E.0361
G1 X167.947 Y123.133 E.04191
G1 X168.739 Y123.447 E.03737
G1 X169.616 Y123.898 E.04329
G1 X170.39 Y124.407 E.04059
G1 X171.164 Y125.042 E.04391
G1 X171.79 Y125.673 E.03899
G1 X172.426 Y126.459 E.04434
G1 X172.914 Y127.208 E.03919
G1 X173.366 Y128.086 E.04331
G1 X173.678 Y128.872 E.03712
G1 X173.934 Y129.759 E.04046
G1 X174.027 Y130.148 E.01754
G1 X174.094 Y130.609 E.02045
G1 X174.193 Y131.883 E.05603
G1 X174.193 Y161.872 E1.31519
G1 X174.175 Y162.266 E.01733
G1 X174.093 Y163.167 E.03965
G1 X173.94 Y163.981 E.03634
G1 X173.679 Y164.888 E.0414
G1 X173.365 Y165.68 E.03734
G1 X172.914 Y166.558 E.0433
G1 X172.426 Y167.306 E.03918
G1 X171.79 Y168.092 E.04433
G1 X171.154 Y168.732 E.03957
G1 X170.38 Y169.363 E.04381
G1 X169.63 Y169.856 E.03935
G1 X168.752 Y170.311 E.04337
G1 X167.93 Y170.637 E.03879
G1 X167.03 Y170.892 E.04103
G1 X166.612 Y170.989 E.0188
G1 X166.203 Y171.046 E.01813
G1 X165.33 Y171.126 E.03844
G1 X164.931 Y171.144 E.01753
G1 X124.946 Y171.144 E1.75358
G1 X123.65 Y171.045 E.05699
G1 X122.838 Y170.893 E.03622
G1 X121.932 Y170.633 E.04134
G1 X121.124 Y170.311 E.03815
G1 X120.246 Y169.856 E.04339
G1 X119.522 Y169.383 E.03794
G1 X118.736 Y168.752 E.04422
G1 X118.074 Y168.092 E.04098
G1 X117.439 Y167.306 E.04431
G1 X116.951 Y166.558 E.03918
G1 X116.499 Y165.679 E.04331
G1 X116.189 Y164.901 E.03677
G1 X115.925 Y163.993 E.04144
G1 X115.769 Y163.166 E.0369
G1 X115.687 Y162.266 E.03964
G1 X115.669 Y161.872 E.01733
G1 X115.669 Y131.883 E1.31519
G1 X115.687 Y131.485 E.01746
G1 X115.769 Y130.592 E.03933
G1 X115.926 Y129.763 E.037
G1 X116.19 Y128.86 E.04127
G1 X116.499 Y128.086 E.03655
G1 X116.951 Y127.208 E.04332
G1 X117.439 Y126.459 E.03919
G1 X118.074 Y125.673 E.04432
G1 X118.697 Y125.05 E.03865
G1 X119.015 Y125.367 F18000
G1 F2400
G1 X119.021 Y125.361 E.00039
G1 X119.781 Y124.746 E.04288
G1 X120.492 Y124.284 E.03717
G1 X121.33 Y123.853 E.04134
G1 X122.07 Y123.559 E.03491
G1 X123.275 Y123.226 E.05485
G1 X123.724 Y123.16 E.01989
G1 X124.585 Y123.082 E.03792
G1 X124.959 Y123.065 E.01643
G1 X164.939 Y123.067 E1.75337
G1 X166.164 Y123.163 E.05386
G1 X166.931 Y123.307 E.03424
G1 X167.808 Y123.56 E.04003
G1 X168.559 Y123.859 E.03545
G1 X169.396 Y124.29 E.04131
G1 X170.129 Y124.773 E.0385
G1 X170.856 Y125.37 E.04125
G1 X171.46 Y125.978 E.03759
G1 X172.058 Y126.718 E.04172
G1 X172.529 Y127.439 E.03777
G1 X172.954 Y128.266 E.04076
G1 X173.251 Y129.012 E.03521
G1 X173.501 Y129.876 E.03947
G1 X173.587 Y130.238 E.01632
G1 X173.648 Y130.654 E.01842
G1 X173.744 Y131.905 E.05503
G1 X173.744 Y161.858 E1.31363
G1 X173.727 Y162.239 E.0167
G1 X173.649 Y163.098 E.03786
G1 X173.502 Y163.884 E.03503
G1 X173.256 Y164.737 E.03894
G1 X172.954 Y165.5 E.03599
G1 X172.529 Y166.326 E.04075
G1 X172.067 Y167.036 E.03717
G1 X171.461 Y167.787 E.0423
G1 X170.857 Y168.394 E.03753
G1 X170.108 Y169.005 E.04238
G1 X169.397 Y169.471 E.03732
G1 X168.56 Y169.905 E.04135
G1 X167.779 Y170.214 E.0368
G1 X166.915 Y170.458 E.0394
G1 X166.536 Y170.546 E.01705
G1 X166.154 Y170.6 E.01691
G1 X165.296 Y170.679 E.03779
G1 X164.917 Y170.696 E.01664
G1 X124.968 Y170.696 E1.75201
G1 X123.716 Y170.6 E.05507
G1 X122.948 Y170.457 E.03426
G1 X122.084 Y170.21 E.03941
G1 X121.317 Y169.905 E.03618
G1 X120.478 Y169.471 E.04144
G1 X119.78 Y169.015 E.03657
G1 X119.041 Y168.422 E.04158
G1 X118.413 Y167.796 E.03887
G1 X117.798 Y167.036 E.04287
G1 X117.336 Y166.326 E.03717
G1 X116.905 Y165.487 E.04134
G1 X116.612 Y164.748 E.03488
G1 X116.36 Y163.882 E.03955
G1 X116.213 Y163.098 E.03501
G1 X116.134 Y162.233 E.0381
G1 X116.118 Y161.858 E.01644
G1 X116.118 Y131.896 E1.31403
G1 X116.213 Y130.663 E.05425
G1 X116.362 Y129.875 E.03517
G1 X116.613 Y129.012 E.03938
G1 X116.905 Y128.278 E.03467
G1 X117.336 Y127.439 E.04135
G1 X117.798 Y126.729 E.03717
G1 X118.403 Y125.979 E.04226
G1 X118.986 Y125.395 E.03618
G1 X119.304 Y125.712 F18000
G1 F2400
G1 X119.316 Y125.7 E.00076
G1 X120.051 Y125.105 E.04144
G1 X120.723 Y124.669 E.03514
G1 X121.522 Y124.26 E.03937
G1 X122.22 Y123.983 E.03293
G1 X123.36 Y123.668 E.05188
G1 X123.781 Y123.605 E.01865
G1 X124.618 Y123.53 E.03689
G1 X124.972 Y123.514 E.01554
G1 X164.917 Y123.516 E1.7518
G1 X166.112 Y123.609 E.05257
G1 X166.833 Y123.746 E.0322
G1 X167.669 Y123.987 E.03815
G1 X168.379 Y124.27 E.03352
G1 X169.175 Y124.682 E.03933
G1 X169.869 Y125.139 E.03642
G1 X170.549 Y125.697 E.0386
G1 X171.13 Y126.283 E.03618
G1 X171.691 Y126.977 E.03911
G1 X172.143 Y127.671 E.03636
G1 X172.542 Y128.446 E.03822
G1 X172.824 Y129.151 E.0333
G1 X173.068 Y129.994 E.03847
G1 X173.147 Y130.329 E.01509
G1 X173.201 Y130.699 E.01642
G1 X173.296 Y131.928 E.05404
G1 X173.296 Y161.845 E1.31207
G1 X173.279 Y162.211 E.01608
G1 X173.205 Y163.03 E.03606
G1 X173.063 Y163.786 E.03372
G1 X172.833 Y164.585 E.03648
G1 X172.542 Y165.32 E.03465
G1 X172.143 Y166.094 E.0382
G1 X171.707 Y166.767 E.03515
G1 X171.131 Y167.482 E.04027
G1 X170.561 Y168.056 E.03549
G1 X169.837 Y168.646 E.04095
G1 X169.164 Y169.087 E.03529
G1 X168.367 Y169.499 E.03934
G1 X167.629 Y169.79 E.0348
G1 X166.8 Y170.025 E.03777
G1 X166.46 Y170.103 E.01532
G1 X166.106 Y170.154 E.01568
G1 X165.263 Y170.231 E.03714
G1 X164.904 Y170.247 E.01573
G1 X124.99 Y170.247 E1.75045
G1 X123.782 Y170.155 E.05317
G1 X123.057 Y170.021 E.0323
G1 X122.235 Y169.787 E.03748
G1 X121.51 Y169.499 E.03422
G1 X120.711 Y169.086 E.03947
G1 X120.049 Y168.655 E.03461
G1 X119.346 Y168.091 E.03954
G1 X118.751 Y167.501 E.03675
G1 X118.158 Y166.767 E.04141
G1 X117.721 Y166.094 E.03514
G1 X117.312 Y165.296 E.03937
G1 X117.034 Y164.596 E.03299
G1 X116.796 Y163.772 E.03765
G1 X116.657 Y163.03 E.03311
G1 X116.582 Y162.199 E.03656
G1 X116.566 Y161.845 E.01555
G1 X116.566 Y131.918 E1.31248
G1 X116.657 Y130.729 E.05231
G1 X116.797 Y129.986 E.03317
G1 X117.036 Y129.165 E.03749
G1 X117.312 Y128.47 E.03279
G1 X117.721 Y127.671 E.03938
G1 X118.158 Y126.999 E.03515
G1 X118.733 Y126.285 E.04021
G1 X119.276 Y125.74 E.03372
G1 X119.594 Y126.056 F18000
G1 F2400
G1 X119.612 Y126.038 E.00113
G1 X120.321 Y125.465 E.03998
G1 X120.954 Y125.055 E.0331
G1 X121.713 Y124.666 E.0374
G1 X122.37 Y124.407 E.03095
G1 X123.445 Y124.11 E.04895
G1 X123.838 Y124.05 E.0174
G1 X124.651 Y123.977 E.03583
G1 X124.985 Y123.962 E.01465
G1 X164.894 Y123.964 E1.75024
G1 X166.06 Y124.056 E.05128
G1 X166.735 Y124.184 E.03015
G1 X167.529 Y124.415 E.03627
G1 X168.198 Y124.682 E.0316
G1 X168.954 Y125.073 E.03734
G1 X169.608 Y125.505 E.03434
G1 X170.241 Y126.025 E.03596
G1 X170.8 Y126.588 E.03477
G1 X171.323 Y127.235 E.0365
G1 X171.758 Y127.903 E.03494
G1 X172.131 Y128.626 E.03569
G1 X172.397 Y129.291 E.03139
G1 X172.635 Y130.111 E.03745
G1 X172.707 Y130.418 E.01384
G1 X172.754 Y130.744 E.01443
G1 X172.847 Y131.95 E.05304
G1 X172.847 Y161.832 E1.31051
G1 X172.832 Y162.178 E.01519
G1 X172.761 Y162.962 E.03454
G1 X172.627 Y163.676 E.03185
G1 X172.41 Y164.434 E.03458
G1 X172.13 Y165.14 E.0333
G1 X171.758 Y165.863 E.03567
G1 X171.347 Y166.497 E.03315
G1 X170.8 Y167.177 E.03824
G1 X170.264 Y167.718 E.03343
G1 X169.566 Y168.288 E.0395
G1 X168.931 Y168.702 E.03324
G1 X168.175 Y169.093 E.03732
G1 X167.479 Y169.367 E.03281
G1 X166.685 Y169.591 E.03616
G1 X166.372 Y169.663 E.01411
G1 X166.057 Y169.708 E.01395
G1 X165.229 Y169.784 E.03647
G1 X164.891 Y169.799 E.01483
G1 X125.013 Y169.799 E1.74891
G1 X123.847 Y169.711 E.05128
G1 X123.166 Y169.586 E.03035
G1 X122.386 Y169.364 E.03555
G1 X121.702 Y169.093 E.03226
G1 X120.942 Y168.701 E.03751
G1 X120.318 Y168.295 E.03266
G1 X119.651 Y167.761 E.0375
G1 X119.09 Y167.205 E.03463
G1 X118.517 Y166.497 E.03994
G1 X118.107 Y165.863 E.0331
G1 X117.718 Y165.104 E.0374
G1 X117.458 Y164.445 E.0311
G1 X117.231 Y163.662 E.03576
G1 X117.101 Y162.962 E.03122
G1 X117.029 Y162.166 E.03503
G1 X117.015 Y161.832 E.01466
G1 X117.015 Y131.941 E1.31093
G1 X117.102 Y130.795 E.05039
G1 X117.233 Y130.096 E.03118
G1 X117.459 Y129.316 E.0356
G1 X117.718 Y128.661 E.0309
G1 X118.107 Y127.902 E.03742
G1 X118.518 Y127.268 E.03314
G1 X119.063 Y126.59 E.03815
G1 X119.566 Y126.085 E.03125
G1 X119.884 Y126.401 F18000
G1 F2400
G1 X119.908 Y126.377 E.00148
G1 X120.579 Y125.833 E.03788
G1 X121.173 Y125.447 E.03107
G1 X121.892 Y125.078 E.03545
G1 X122.505 Y124.835 E.02892
G1 X123.547 Y124.548 E.04739
G1 X123.897 Y124.495 E.01553
G1 X124.988 Y124.411 E.04797
G1 X164.871 Y124.413 E1.74913
G1 X166.007 Y124.502 E.04998
G1 X166.636 Y124.623 E.02809
G1 X167.389 Y124.842 E.03439
G1 X168.017 Y125.093 E.02967
G1 X168.733 Y125.465 E.03536
G1 X169.346 Y125.871 E.03227
G1 X169.934 Y126.353 E.03334
G1 X170.47 Y126.893 E.03337
G1 X170.956 Y127.494 E.03388
G1 X171.373 Y128.135 E.03353
G1 X171.719 Y128.807 E.03317
G1 X171.97 Y129.431 E.02949
G1 X172.2 Y130.222 E.0361
G1 X172.309 Y130.798 E.02573
G1 X172.399 Y131.972 E.05165
G1 X172.399 Y161.819 E1.30895
G1 X172.384 Y162.145 E.01431
G1 X172.316 Y162.895 E.03302
G1 X172.189 Y163.579 E.03054
G1 X171.987 Y164.283 E.0321
G1 X171.718 Y164.96 E.03195
G1 X171.372 Y165.632 E.03314
G1 X170.979 Y166.24 E.03175
G1 X170.47 Y166.872 E.03561
G1 X169.967 Y167.381 E.03136
G1 X169.306 Y167.921 E.03742
G1 X168.711 Y168.311 E.0312
G1 X167.996 Y168.68 E.03532
G1 X167.342 Y168.939 E.03084
G1 X166.279 Y169.223 E.04823
G1 X165.203 Y169.336 E.04745
G1 X164.884 Y169.35 E.01401
G1 X125.035 Y169.35 E1.74763
G1 X123.911 Y169.266 E.0494
G1 X123.275 Y169.149 E.02839
G1 X122.537 Y168.94 E.03363
G1 X121.894 Y168.687 E.03029
G1 X121.174 Y168.316 E.03554
G1 X120.587 Y167.935 E.0307
G1 X119.955 Y167.43 E.03546
G1 X119.428 Y166.909 E.0325
G1 X118.877 Y166.227 E.03845
G1 X118.493 Y165.633 E.03105
G1 X118.125 Y164.913 E.03543
G1 X117.881 Y164.294 E.0292
G1 X117.667 Y163.552 E.03387
G1 X117.545 Y162.894 E.02933
G1 X117.477 Y162.133 E.0335
G1 X117.463 Y161.82 E.01377
G1 X117.463 Y131.963 E1.30939
G1 X117.547 Y130.861 E.04848
G1 X117.668 Y130.206 E.02918
G1 X117.882 Y129.468 E.03371
G1 X118.125 Y128.853 E.02902
G1 X118.493 Y128.133 E.03545
G1 X118.878 Y127.537 E.03112
G1 X119.393 Y126.895 E.0361
G1 X119.856 Y126.429 E.02879
G1 X120.162 Y126.745 F18000
G1 F2400
G1 X121.176 Y125.966 E.05607
G1 X122.319 Y125.382 E.05627
G1 X123.633 Y124.996 E.0601
G1 X124.894 Y124.863 E.05561
G1 X164.93 Y124.861 E1.75581
G1 X166.245 Y124.996 E.05798
G1 X167.552 Y125.38 E.05971
G1 X168.696 Y125.964 E.05636
G1 X169.694 Y126.738 E.05535
G1 X170.636 Y127.814 E.06275
G1 X171.337 Y129.048 E.06223
G1 X171.781 Y130.422 E.06332
G1 X171.95 Y131.907 E.06556
G1 X171.941 Y162.024 E1.3208
G1 X171.792 Y163.304 E.05652
G1 X171.433 Y164.492 E.05443
G1 X170.851 Y165.634 E.0562
G1 X170.083 Y166.636 E.05535
G1 X169.018 Y167.578 E.06239
G1 X167.784 Y168.285 E.06237
G1 X166.382 Y168.736 E.06456
G1 X164.906 Y168.902 E.06514
G1 X124.967 Y168.902 E1.75155
G1 X123.627 Y168.766 E.05909
G1 X122.329 Y168.387 E.05933
G1 X121.187 Y167.802 E.05624
G1 X120.19 Y167.042 E.05498
G1 X119.231 Y165.953 E.06366
G1 X118.527 Y164.716 E.06241
G1 X118.099 Y163.432 E.05936
G1 X117.925 Y162.096 E.05909
G1 X117.912 Y131.901 E1.32425
G1 X117.998 Y130.839 E.04672
G1 X118.325 Y129.554 E.05815
G1 X118.922 Y128.28 E.06167
G1 X119.908 Y126.998 E.07097
G1 X120.134 Y126.773 E.01395
G1 X120.432 Y127.103 F18000
G1 F2400
G1 X121.374 Y126.369 E.05237
G1 X122.437 Y125.815 E.0526
G1 X123.67 Y125.443 E.05647
G1 X124.887 Y125.311 E.05371
G1 X164.937 Y125.31 E1.75642
G1 X166.21 Y125.444 E.05615
G1 X167.433 Y125.812 E.05602
G1 X168.499 Y126.368 E.05271
G1 X169.426 Y127.097 E.05172
G1 X170.304 Y128.117 E.05903
G1 X170.951 Y129.278 E.05827
G1 X171.357 Y130.568 E.05934
G1 X171.502 Y131.899 E.05872
G1 X171.496 Y161.969 E1.31871
G1 X171.366 Y163.163 E.05269
G1 X171 Y164.374 E.05548
G1 X170.448 Y165.437 E.05253
G1 X169.722 Y166.37 E.05184
G1 X168.713 Y167.248 E.05866
G1 X167.553 Y167.901 E.0584
G1 X166.344 Y168.289 E.05568
G1 X164.914 Y168.453 E.06313
G1 X124.961 Y168.453 E1.75218
G1 X123.761 Y168.338 E.05287
G1 X122.54 Y167.991 E.05565
G1 X121.469 Y167.453 E.05259
G1 X120.452 Y166.677 E.05609
G1 X119.561 Y165.65 E.05963
G1 X118.913 Y164.487 E.05838
G1 X118.521 Y163.282 E.05556
G1 X118.369 Y162.034 E.05514
G1 X118.36 Y131.895 E1.32179
G1 X118.446 Y130.865 E.04532
G1 X118.762 Y129.655 E.05483
G1 X119.33 Y128.468 E.05774
G1 X120.267 Y127.267 E.0668
G1 X120.403 Y127.131 E.00842
G1 X120.704 Y127.459 F18000
G1 F2400
G1 X121.574 Y126.77 E.04866
G1 X122.559 Y126.247 E.04892
G1 X123.707 Y125.89 E.05272
G1 X124.88 Y125.76 E.05176
G1 X164.944 Y125.758 E1.75705
G1 X166.073 Y125.871 E.04976
G1 X167.22 Y126.207 E.0524
G1 X168.212 Y126.712 E.04883
G1 X169.158 Y127.458 E.05284
G1 X169.971 Y128.416 E.0551
G1 X170.564 Y129.503 E.05431
G1 X170.91 Y130.605 E.05064
G1 X171.053 Y131.892 E.0568
G1 X171.051 Y161.917 E1.31679
G1 X170.939 Y163.026 E.04885
G1 X170.606 Y164.16 E.05187
G1 X170.101 Y165.152 E.04878
G1 X169.36 Y166.105 E.05294
G1 X168.412 Y166.916 E.05471
G1 X167.326 Y167.514 E.0544
G1 X166.199 Y167.864 E.05172
G1 X164.921 Y168.005 E.05638
G1 X124.954 Y168.005 E1.7528
G1 X123.792 Y167.891 E.05119
G1 X122.655 Y167.557 E.05198
G1 X121.663 Y167.049 E.04889
G1 X120.716 Y166.315 E.05253
G1 X119.895 Y165.35 E.0556
G1 X119.301 Y164.262 E.05435
G1 X118.945 Y163.136 E.05178
G1 X118.814 Y161.977 E.05116
G1 X118.809 Y131.889 E1.31952
G1 X118.894 Y130.892 E.04389
G1 X119.198 Y129.76 E.0514
G1 X119.736 Y128.658 E.05379
G1 X120.623 Y127.54 E.06262
G1 X120.676 Y127.487 E.00325
G1 X120.977 Y127.815 F18000
G1 F2400
G1 X121.862 Y127.114 E.04953
G1 X122.776 Y126.639 E.04517
G1 X123.848 Y126.316 E.04909
G1 X124.873 Y126.208 E.04519
G1 X164.951 Y126.207 E1.75767
G1 X166.04 Y126.318 E.048
G1 X167.101 Y126.639 E.04861
G1 X168.015 Y127.115 E.04523
G1 X168.887 Y127.815 E.04902
G1 X169.634 Y128.713 E.0512
G1 X170.174 Y129.725 E.05031
G1 X170.485 Y130.747 E.04685
G1 X170.605 Y131.885 E.05018
G1 X170.602 Y161.924 E1.31741
G1 X170.491 Y162.992 E.04706
G1 X170.173 Y164.041 E.04811
G1 X169.698 Y164.955 E.04518
G1 X169.001 Y165.836 E.04927
G1 X168.114 Y166.581 E.05077
G1 X167.102 Y167.125 E.05039
G1 X166.059 Y167.438 E.04775
G1 X164.929 Y167.556 E.04986
G1 X124.948 Y167.556 E1.75342
G1 X123.825 Y167.443 E.04947
G1 X122.774 Y167.125 E.04817
G1 X121.861 Y166.646 E.0452
G1 X120.983 Y165.955 E.049
G1 X120.231 Y165.053 E.05153
G1 X119.691 Y164.04 E.05032
G1 X119.371 Y162.994 E.04801
G1 X119.26 Y161.924 E.04715
G1 X119.257 Y131.884 E1.31746
G1 X119.342 Y130.92 E.04243
G1 X119.633 Y129.869 E.04783
G1 X120.14 Y128.852 E.04983
G1 X120.952 Y127.847 E.05666
G1 X121.254 Y128.168 F18000
G1 F2400
G1 X122.058 Y127.518 E.04534
G1 X122.994 Y127.031 E.04629
G1 X123.984 Y126.743 E.04521
G1 X124.921 Y126.654 E.04126
G1 X164.958 Y126.655 E1.75586
G1 X165.903 Y126.745 E.04164
G1 X166.882 Y127.031 E.04476
G1 X167.82 Y127.519 E.04636
G1 X168.612 Y128.169 E.04493
G1 X169.294 Y129.006 E.04733
G1 X169.781 Y129.942 E.04629
G1 X170.058 Y130.884 E.04306
G1 X170.156 Y131.878 E.04378
G1 X170.156 Y161.877 E1.31564
G1 X170.064 Y162.855 E.04308
G1 X169.781 Y163.823 E.04426
G1 X169.294 Y164.76 E.04629
G1 X168.644 Y165.564 E.04534
G1 X167.82 Y166.242 E.04684
G1 X166.883 Y166.734 E.04638
G1 X165.924 Y167.01 E.04375
G1 X164.936 Y167.108 E.04357
G1 X124.941 Y167.108 E1.75402
G1 X123.962 Y167.016 E.04312
G1 X122.994 Y166.734 E.04424
G1 X122.058 Y166.243 E.04631
G1 X121.254 Y165.597 E.04523
G1 X120.57 Y164.76 E.04743
G1 X120.083 Y163.823 E.04629
G1 X119.798 Y162.855 E.04426
G1 X119.706 Y161.877 E.04311
G1 X119.706 Y131.878 E1.31564
G1 X119.79 Y130.948 E.04093
G1 X120.068 Y129.982 E.04411
G1 X120.545 Y129.044 E.04616
G1 X121.229 Y128.199 E.04765
G1 E-.8 F3600
G1 X120.317 Y162.552 F18000
G1 E.8 F3600
;TYPE:Outer wall
G1 F2400
G1 X120.255 Y161.862 E.03039
G1 X120.255 Y131.892 E1.31434
G1 X120.334 Y131.03 E.038
G1 X120.586 Y130.166 E.03947
G1 X121.019 Y129.325 E.04146
G1 X121.626 Y128.574 E.04237
G1 X122.377 Y127.966 E.04237
G1 X123.218 Y127.534 E.04145
G1 X124.066 Y127.287 E.03876
G1 X124.956 Y127.203 E.03919
G1 X125.435 Y127.203 E.021
G1 X164.943 Y127.205 E1.73266
G1 X165.781 Y127.281 E.0369
G1 X166.659 Y127.534 E.04011
G1 X167.498 Y127.966 E.04138
G1 X168.238 Y128.573 E.04196
G1 X168.846 Y129.325 E.04242
G1 X169.278 Y130.165 E.04142
G1 X169.53 Y131.047 E.04023
G1 X169.607 Y131.892 E.03723
G1 X169.607 Y161.862 E1.31434
G1 X169.528 Y162.732 E.03834
G1 X169.278 Y163.6 E.0396
G1 X168.846 Y164.44 E.04143
G1 X168.238 Y165.192 E.0424
G1 X167.498 Y165.796 E.04187
G1 X166.66 Y166.231 E.04143
G1 X165.763 Y166.481 E.04083
G1 X164.921 Y166.559 E.03709
G1 X124.955 Y166.559 E1.75273
G1 X124.084 Y166.48 E.03838
G1 X123.218 Y166.231 E.03952
G1 X122.377 Y165.795 E.04153
G1 X121.626 Y165.191 E.04228
G1 X121.019 Y164.44 E.04235
G1 X120.586 Y163.6 E.04145
G1 X120.334 Y162.732 E.03963
G1 X120.319 Y162.572 E.00705
G1 X120.764 Y162.512 F18000
;TYPE:Inner wall
G1 F2400
G1 X120.703 Y161.842 E.0295
G1 X120.703 Y131.913 E1.31256
G1 X120.776 Y131.114 E.0352
G1 X121.004 Y130.333 E.03568
G1 X121.396 Y129.571 E.03756
G1 X121.945 Y128.893 E.03827
G1 X122.623 Y128.344 E.03826
G1 X123.385 Y127.952 E.03754
G1 X124.151 Y127.729 E.035
G1 X124.977 Y127.651 E.0364
G1 X125.435 Y127.651 E.02007
G1 X164.922 Y127.653 E1.73176
G1 X165.697 Y127.724 E.03414
G1 X166.493 Y127.953 E.03632
G1 X167.251 Y128.343 E.03736
G1 X167.918 Y128.89 E.03786
G1 X168.468 Y129.571 E.03839
G1 X168.859 Y130.33 E.03745
G1 X169.087 Y131.13 E.03644
G1 X169.158 Y131.913 E.0345
G1 X169.158 Y161.842 E1.31256
G1 X169.085 Y162.649 E.03558
G1 X168.859 Y163.434 E.0358
G1 X168.468 Y164.194 E.03749
G1 X167.919 Y164.874 E.03834
G1 X167.251 Y165.419 E.03781
G1 X166.494 Y165.811 E.03737
G1 X165.682 Y166.038 E.03701
G1 X164.9 Y166.11 E.03441
G1 X124.976 Y166.11 E1.75094
G1 X124.167 Y166.037 E.03563
G1 X123.384 Y165.812 E.03569
G1 X122.623 Y165.417 E.03761
G1 X121.944 Y164.872 E.03822
G1 X121.396 Y164.194 E.03821
G1 X121.005 Y163.433 E.03754
G1 X120.776 Y162.648 E.03584
G1 X120.766 Y162.531 E.00515
G1 E-.8 F3600
G1 X166.824 Y128.274 F18000
G1 E.8 F3600
;TYPE:Bottom surface
;WIDTH:0.502485
G1 F3000
G1 X167.679 Y129.13 E.05334
G1 X168.185 Y129.756 E.03551
G1 X168.545 Y130.455 E.03467
G1 X168.616 Y130.704 E.01144
G1 X166.102 Y128.191 E.15677
G1 X165.635 Y128.056 E.02143
G1 X165.299 Y128.025 E.01487
G1 X168.784 Y131.51 E.21732
G1 X168.822 Y131.928 E.01852
G1 X168.822 Y132.186 E.01137
G1 X164.625 Y127.989 E.26172
G1 X163.988 Y127.989 E.02813
G1 X168.822 Y132.824 E.3015
G1 X168.822 Y133.462 E.02813
G1 X163.35 Y127.989 E.34128
G1 X162.712 Y127.989 E.02813
G1 X168.822 Y134.099 E.38105
G1 X168.822 Y134.737 E.02813
G1 X162.074 Y127.989 E.42083
G1 X161.436 Y127.989 E.02813
G1 X168.822 Y135.375 E.46061
G1 X168.822 Y136.013 E.02813
G1 X160.798 Y127.989 E.50039
G1 X160.161 Y127.989 E.02813
G1 X168.822 Y136.651 E.54017
G1 X168.822 Y137.288 E.02813
G1 X159.523 Y127.989 E.57994
G1 X158.885 Y127.989 E.02813
G1 X168.822 Y137.926 E.61972
G1 X168.822 Y138.564 E.02813
G1 X158.247 Y127.989 E.6595
G1 X157.609 Y127.989 E.02813
G1 X168.822 Y139.202 E.69928
G1 X168.822 Y139.839 E.02813
G1 X156.972 Y127.989 E.73905
G1 X156.334 Y127.989 E.02813
G1 X168.822 Y140.477 E.77883
G1 X168.822 Y141.115 E.02813
G1 X155.696 Y127.989 E.81861
G1 X155.058 Y127.989 E.02813
G1 X168.822 Y141.753 E.85839
G1 X168.822 Y142.391 E.02813
G1 X154.42 Y127.989 E.89816
G1 X153.783 Y127.989 E.02813
G1 X168.822 Y143.028 E.93794
G1 X168.822 Y143.666 E.02813
G1 X153.145 Y127.989 E.97772
G1 X152.507 Y127.989 E.02813
G1 X168.822 Y144.304 E1.0175
G1 X168.822 Y144.942 E.02813
G1 X151.869 Y127.989 E1.05728
G1 X151.231 Y127.989 E.02813
G1 X168.822 Y145.579 E1.09705
G1 X168.822 Y146.217 E.02813
G1 X150.593 Y127.989 E1.13683
G1 X149.956 Y127.989 E.02813
G1 X168.822 Y146.855 E1.17661
G1 X168.822 Y147.493 E.02813
G1 X149.318 Y127.989 E1.21639
G1 X148.68 Y127.989 E.02813
G1 X168.822 Y148.131 E1.25616
G1 X168.822 Y148.768 E.02813
G1 X148.042 Y127.989 E1.29594
G1 X147.404 Y127.989 E.02813
G1 X168.822 Y149.406 E1.33572
G1 X168.822 Y150.044 E.02813
G1 X146.767 Y127.989 E1.3755
G1 X146.129 Y127.989 E.02813
G1 X168.822 Y150.682 E1.41527
G1 X168.822 Y151.32 E.02813
G1 X145.491 Y127.989 E1.45505
G1 X144.853 Y127.988 E.02813
G1 X168.822 Y151.957 E1.49483
G1 X168.822 Y152.595 E.02813
G1 X144.215 Y127.988 E1.53461
G1 X143.577 Y127.988 E.02813
G1 X168.822 Y153.233 E1.57439
G1 X168.822 Y153.871 E.02813
G1 X142.94 Y127.988 E1.61416
G1 X142.302 Y127.988 E.02813
G1 X168.822 Y154.508 E1.65394
G1 X168.822 Y155.146 E.02813
G1 X141.664 Y127.988 E1.69372
G1 X141.026 Y127.988 E.02813
G1 X168.822 Y155.784 E1.7335
G1 X168.822 Y156.422 E.02813
G1 X140.388 Y127.988 E1.77327
G1 X139.751 Y127.988 E.02813
G1 X168.822 Y157.06 E1.81305
G1 X168.822 Y157.697 E.02813
G1 X139.113 Y127.988 E1.85283
G1 X138.475 Y127.988 E.02813
G1 X168.822 Y158.335 E1.89261
G1 X168.822 Y158.973 E.02813
G1 X137.837 Y127.988 E1.93238
G1 X137.199 Y127.988 E.02813
G1 X168.822 Y159.611 E1.97216
G1 X168.822 Y160.249 E.02813
G1 X136.562 Y127.988 E2.01194
G1 X135.924 Y127.988 E.02813
G1 X168.822 Y160.886 E2.05172
G1 X168.822 Y161.524 E.02813
G1 X135.286 Y127.988 E2.09149
G1 X134.648 Y127.988 E.02813
G1 X168.794 Y162.134 E2.12953
G1 X168.753 Y162.587 E.02007
G1 X168.721 Y162.699 E.00511
G1 X134.01 Y127.988 E2.16475
G1 X133.372 Y127.988 E.02813
G1 X168.578 Y163.194 E2.19564
G1 X168.545 Y163.309 E.0053
G1 X168.379 Y163.632 E.01601
G1 X132.735 Y127.988 E2.22299
G1 X132.097 Y127.988 E.02813
G1 X168.155 Y164.046 E2.24881
G1 X167.87 Y164.399 E.02
G1 X131.459 Y127.988 E2.2708
G1 X130.821 Y127.988 E.02813
G1 X167.563 Y164.73 E2.29144
G1 X167.212 Y165.016 E.01999
G1 X130.183 Y127.988 E2.30931
G1 X129.546 Y127.988 E.02813
G1 X166.821 Y165.263 E2.32469
G1 X166.401 Y165.481 E.02086
G1 X128.908 Y127.988 E2.33828
G1 X128.27 Y127.988 E.02813
G1 X165.908 Y165.626 E2.34733
G1 X165.621 Y165.706 E.01317
G1 X165.373 Y165.729 E.01094
G1 X127.632 Y127.988 E2.35376
G1 X126.994 Y127.988 E.02813
G1 X164.78 Y165.774 E2.35655
G1 X164.143 Y165.774 E.02813
G1 X126.356 Y127.988 E2.35656
G1 X125.719 Y127.988 E.02813
G1 X163.505 Y165.774 E2.35656
G1 X162.867 Y165.774 E.02813
G1 X125.081 Y127.987 E2.35656
G1 X124.491 Y128.035 E.02611
G1 X162.229 Y165.774 E2.3536
G1 X161.592 Y165.774 E.02813
G1 X123.955 Y128.137 E2.34725
G1 X123.468 Y128.288 E.02247
G1 X160.954 Y165.774 E2.33783
G1 X160.316 Y165.774 E.02813
G1 X123.047 Y128.505 E2.32432
G1 X122.808 Y128.627 E.01184
G1 X122.655 Y128.751 E.00866
G1 X159.678 Y165.774 E2.30896
G1 X159.04 Y165.774 E.02813
G1 X122.303 Y129.036 E2.29117
G1 X122.184 Y129.132 E.00672
G1 X121.995 Y129.366 E.01327
G1 X158.403 Y165.774 E2.2706
G1 X157.765 Y165.774 E.02813
G1 X121.71 Y129.719 E2.2486
G1 X121.486 Y130.132 E.02075
G1 X157.127 Y165.774 E2.22279
G1 X156.489 Y165.774 E.02813
G1 X121.286 Y130.57 E2.1955
G1 X121.141 Y131.064 E.02268
G1 X155.852 Y165.774 E2.16472
G1 X155.214 Y165.774 E.02813
G1 X121.067 Y131.627 E2.12957
G1 X121.04 Y131.928 E.01333
G1 X121.04 Y132.238 E.01364
G1 X154.576 Y165.774 E2.09151
G1 X153.938 Y165.774 E.02813
G1 X121.04 Y132.875 E2.05173
G1 X121.04 Y133.513 E.02813
G1 X153.3 Y165.774 E2.01195
G1 X152.663 Y165.774 E.02813
G1 X121.04 Y134.151 E1.97218
G1 X121.04 Y134.789 E.02813
G1 X152.025 Y165.774 E1.9324
G1 X151.387 Y165.774 E.02813
G1 X121.04 Y135.426 E1.89263
G1 X121.04 Y136.064 E.02813
G1 X150.749 Y165.774 E1.85285
G1 X150.111 Y165.774 E.02813
G1 X121.04 Y136.702 E1.81308
G1 X121.04 Y137.34 E.02813
G1 X149.474 Y165.774 E1.7733
G1 X148.836 Y165.774 E.02813
G1 X121.04 Y137.978 E1.73352
G1 X121.04 Y138.615 E.02813
G1 X148.198 Y165.774 E1.69375
G1 X147.56 Y165.774 E.02813
G1 X121.04 Y139.253 E1.65397
G1 X121.04 Y139.891 E.02813
G1 X146.923 Y165.774 E1.6142
G1 X146.285 Y165.774 E.02813
G1 X121.04 Y140.529 E1.57442
G1 X121.04 Y141.166 E.02813
G1 X145.647 Y165.774 E1.53465
G1 X145.009 Y165.774 E.02813
G1 X121.04 Y141.804 E1.49487
G1 X121.04 Y142.442 E.02813
G1 X144.371 Y165.774 E1.4551
G1 X143.734 Y165.774 E.02813
G1 X121.04 Y143.08 E1.41532
G1 X121.04 Y143.718 E.02813
G1 X143.096 Y165.774 E1.37554
G1 X142.458 Y165.774 E.02813
G1 X121.04 Y144.355 E1.33577
G1 X121.04 Y144.993 E.02813
G1 X141.82 Y165.774 E1.29599
G1 X141.182 Y165.774 E.02813
G1 X121.04 Y145.631 E1.25622
G1 X121.04 Y146.269 E.02813
G1 X140.545 Y165.774 E1.21644
G1 X139.907 Y165.774 E.02813
G1 X121.04 Y146.907 E1.17667
G1 X121.04 Y147.544 E.02813
G1 X139.269 Y165.774 E1.13689
G1 X138.631 Y165.774 E.02813
G1 X121.04 Y148.182 E1.09711
G1 X121.04 Y148.82 E.02813
G1 X137.994 Y165.774 E1.05734
G1 X137.356 Y165.774 E.02813
G1 X121.04 Y149.458 E1.01756
G1 X121.04 Y150.095 E.02813
G1 X136.718 Y165.774 E.97779
G1 X136.08 Y165.774 E.02813
G1 X121.04 Y150.733 E.93801
G1 X121.04 Y151.371 E.02813
G1 X135.442 Y165.774 E.89824
G1 X134.805 Y165.774 E.02813
G1 X121.04 Y152.009 E.85846
G1 X121.04 Y152.647 E.02813
G1 X134.167 Y165.774 E.81868
G1 X133.529 Y165.774 E.02813
G1 X121.04 Y153.284 E.77891
G1 X121.04 Y153.922 E.02813
G1 X132.891 Y165.774 E.73913
G1 X132.254 Y165.774 E.02813
G1 X121.04 Y154.56 E.69936
G1 X121.04 Y155.198 E.02813
G1 X131.616 Y165.774 E.65958
G1 X130.978 Y165.774 E.02813
G1 X121.04 Y155.835 E.61981
G1 X121.04 Y156.473 E.02813
G1 X130.34 Y165.774 E.58003
G1 X129.702 Y165.774 E.02813
G1 X121.04 Y157.111 E.54025
G1 X121.04 Y157.749 E.02813
G1 X129.065 Y165.774 E.50048
G1 X128.427 Y165.774 E.02813
G1 X121.04 Y158.387 E.4607
G1 X121.04 Y159.024 E.02813
G1 X127.789 Y165.774 E.42093
G1 X127.151 Y165.774 E.02813
G1 X121.04 Y159.662 E.38115
G1 X121.04 Y160.3 E.02813
G1 X126.513 Y165.774 E.34138
G1 X125.876 Y165.774 E.02813
G1 X121.04 Y160.938 E.3016
G1 X121.04 Y161.576 E.02813
G1 X125.238 Y165.774 E.26182
G1 X124.991 Y165.774 E.01089
G1 X124.561 Y165.735 E.01903
G1 X121.078 Y162.252 E.21722
G1 X121.108 Y162.586 E.01478
G1 X121.246 Y163.057 E.02165
G1 X124.053 Y165.864 E.17507
G1 X123.358 Y165.52 F18000
;TYPE:Gap infill
;WIDTH:0.129964
G1 F2400
G1 X123.222 Y165.421 E.00129
;WIDTH:0.179247
G1 X123.086 Y165.322 E.0021
;WIDTH:0.22853
G1 X122.951 Y165.222 E.00291
;WIDTH:0.277812
G1 X122.815 Y165.123 E.00372
;WIDTH:0.324033
G1 X122.519 Y164.857 E.0106
;WIDTH:0.353658
G1 X122.223 Y164.592 E.01175
G1 X121.692 Y164.001 E.02347
;WIDTH:0.280033
G1 X121.593 Y163.866 E.00376
;WIDTH:0.230116
G1 X121.494 Y163.73 E.00294
;WIDTH:0.180199
G1 X121.394 Y163.594 E.00212
;WIDTH:0.155241
G1 X121.295 Y163.458 E.00171
G1 E-.8 F3600
G1 X166.709 Y128.388 F18000
G1 E.8 F3600
;WIDTH:0.148026
G1 F2400
G1 X166.601 Y128.31 E.00126
;WIDTH:0.133792
G1 X166.494 Y128.231 E.00108
G1 E-.8 F3600
G1 X131.886 Y127.876 F18000
G1 E.8 F3600
;WIDTH:0.106367
G1 F2400
G1 X131.776 Y127.986 E.00083
; stop printing object USV 1 e2mm.stl_3 id:0 copy 0
; printing object "USV 1 e2mm.stl_1" id:1 copy 0
G1 E-.8 F3600
G1 X131.776 Y98.522 F18000
G1 E.8 F3600
;TYPE:Brim
;WIDTH:0.5
G1 F2400
G1 X100.084 Y98.522 E1.38986
G1 X99.685 Y98.504 E.01753
G1 X98.813 Y98.424 E.03842
G1 X98.357 Y98.358 E.02018
G1 X97.08 Y98.013 E.058
G1 X96.276 Y97.695 E.03793
G1 X95.399 Y97.244 E.04326
G1 X94.598 Y96.713 E.04216
G1 X93.823 Y96.066 E.04424
G1 X93.245 Y95.483 E.03602
G1 X92.609 Y94.709 E.04395
G1 X92.101 Y93.935 E.04059
G1 X91.649 Y93.057 E.04329
G1 X91.335 Y92.266 E.03734
G1 X91.074 Y91.359 E.0414
G1 X90.922 Y90.544 E.03636
G1 X90.84 Y89.643 E.03969
G1 X90.822 Y89.248 E.01731
G1 X90.822 Y59.261 E1.31515
G1 X90.841 Y58.862 E.01752
G1 X90.921 Y57.988 E.03845
G1 X90.988 Y57.529 E.02038
G1 X91.079 Y57.144 E.01734
G1 X91.335 Y56.254 E.04063
G1 X91.65 Y55.461 E.03742
G1 X92.102 Y54.584 E.04327
G1 X92.589 Y53.837 E.0391
G1 X93.225 Y53.051 E.04434
G1 X93.851 Y52.42 E.03899
G1 X94.625 Y51.784 E.04391
G1 X95.398 Y51.276 E.04059
G1 X96.276 Y50.825 E.04329
G1 X97.064 Y50.512 E.03718
G1 X97.982 Y50.247 E.04191
G1 X98.814 Y50.092 E.03713
G1 X99.704 Y50.014 E.03915
G1 X100.084 Y49.998 E.01669
G1 X140.069 Y49.998 E1.7536
G1 X140.445 Y50.014 E.01647
G1 X141.328 Y50.09 E.03891
G1 X141.807 Y50.158 E.02122
G1 X142.214 Y50.256 E.01834
G1 X143.103 Y50.516 E.04063
G1 X143.877 Y50.825 E.03653
G1 X144.755 Y51.277 E.04332
G1 X145.504 Y51.764 E.03918
G1 X146.29 Y52.4 E.04432
G1 X146.941 Y53.051 E.0404
G1 X147.576 Y53.837 E.04432
G1 X148.063 Y54.584 E.0391
G1 X148.515 Y55.461 E.04327
G1 X148.826 Y56.242 E.03686
G1 X149.09 Y57.149 E.04144
G1 X149.246 Y57.971 E.03671
G1 X149.328 Y58.862 E.0392
G1 X149.346 Y59.261 E.01752
G1 X149.346 Y89.248 E1.31515
G1 X149.328 Y89.643 E.01731
G1 X149.246 Y90.544 E.03968
G1 X149.09 Y91.371 E.03692
G1 X148.826 Y92.278 E.04144
G1 X148.516 Y93.057 E.03677
G1 X148.064 Y93.935 E.04329
G1 X147.556 Y94.709 E.04059
G1 X146.921 Y95.483 E.04393
G1 X146.317 Y96.087 E.03743
G1 X145.531 Y96.733 E.04464
G1 X144.755 Y97.244 E.04075
G1 X143.877 Y97.695 E.04329
G1 X143.087 Y98.009 E.03729
G1 X142.181 Y98.27 E.04136
G1 X141.365 Y98.423 E.03641
G1 X140.463 Y98.504 E.03969
G1 X140.069 Y98.522 E.01731
G1 X131.796 Y98.522 E.36284
G1 X131.796 Y98.074 F18000
G1 F2400
G1 X100.098 Y98.074 E1.39015
G1 X98.871 Y97.979 E.05397
G1 X98.44 Y97.916 E.01907
G1 X97.229 Y97.588 E.05503
G1 X96.468 Y97.289 E.03589
G1 X95.633 Y96.86 E.04117
G1 X94.872 Y96.357 E.03999
G1 X94.132 Y95.74 E.04227
G1 X93.583 Y95.187 E.03417
G1 X92.967 Y94.437 E.04257
G1 X92.486 Y93.702 E.0385
G1 X92.056 Y92.866 E.04126
G1 X91.759 Y92.115 E.03542
G1 X91.51 Y91.249 E.0395
G1 X91.366 Y90.476 E.03449
G1 X91.288 Y89.609 E.03816
G1 X91.271 Y89.235 E.01642
G1 X91.271 Y59.274 E1.31399
G1 X91.366 Y58.047 E.05398
G1 X91.431 Y57.603 E.01966
G1 X91.758 Y56.407 E.05438
G1 X92.057 Y55.653 E.03558
G1 X92.487 Y54.816 E.04129
G1 X92.948 Y54.107 E.03709
G1 X93.555 Y53.356 E.04233
G1 X94.148 Y52.757 E.03699
G1 X94.897 Y52.142 E.04247
G1 X95.631 Y51.661 E.0385
G1 X96.468 Y51.231 E.04126
G1 X97.216 Y50.935 E.03527
G1 X98.092 Y50.683 E.03999
G1 X98.882 Y50.536 E.03522
G1 X99.736 Y50.462 E.03761
G1 X100.097 Y50.446 E.01583
G1 X140.063 Y50.446 E1.75275
G1 X141.274 Y50.536 E.05327
G1 X141.717 Y50.598 E.01962
G1 X142.102 Y50.69 E.01735
G1 X142.963 Y50.943 E.03935
G1 X143.696 Y51.236 E.03465
G1 X144.535 Y51.669 E.04139
G1 X145.245 Y52.132 E.03717
G1 X145.984 Y52.729 E.04166
G1 X146.611 Y53.357 E.03894
G1 X147.209 Y54.096 E.04166
G1 X147.678 Y54.816 E.03769
G1 X148.103 Y55.641 E.04074
G1 X148.399 Y56.382 E.03496
G1 X148.652 Y57.247 E.03955
G1 X148.802 Y58.042 E.03547
G1 X148.897 Y59.274 E.05418
G1 X148.897 Y89.235 E1.31398
G1 X148.88 Y89.615 E.01669
G1 X148.802 Y90.475 E.03787
G1 X148.655 Y91.26 E.03502
G1 X148.403 Y92.126 E.03954
G1 X148.104 Y92.877 E.03545
G1 X147.68 Y93.702 E.04071
G1 X147.198 Y94.437 E.0385
G1 X146.592 Y95.176 E.04195
G1 X146.02 Y95.75 E.03551
G1 X145.259 Y96.375 E.04323
G1 X144.522 Y96.859 E.03865
G1 X143.685 Y97.289 E.04125
G1 X142.935 Y97.586 E.03537
G1 X142.071 Y97.834 E.03946
G1 X141.297 Y97.979 E.03454
G1 X140.43 Y98.057 E.03816
G1 X140.056 Y98.074 E.01642
G1 X131.816 Y98.074 E.36138
G1 X131.816 Y97.625 F18000
G1 F2400
G1 X100.12 Y97.625 E1.39004
G1 X98.925 Y97.533 E.05256
G1 X98.524 Y97.474 E.01778
G1 X97.377 Y97.164 E.05209
G1 X96.659 Y96.882 E.03385
G1 X95.866 Y96.475 E.03907
G1 X95.146 Y96 E.03782
G1 X94.44 Y95.413 E.0403
G1 X93.92 Y94.891 E.0323
G1 X93.325 Y94.165 E.04118
G1 X92.87 Y93.47 E.0364
G1 X92.462 Y92.674 E.03923
G1 X92.182 Y91.964 E.0335
G1 X91.946 Y91.139 E.0376
G1 X91.81 Y90.408 E.03262
G1 X91.735 Y89.576 E.03665
G1 X91.719 Y89.222 E.01553
G1 X91.719 Y59.296 E1.31243
G1 X91.811 Y58.101 E.05257
G1 X91.873 Y57.687 E.01835
G1 X92.182 Y56.556 E.05143
G1 X92.463 Y55.844 E.03356
G1 X92.872 Y55.047 E.0393
G1 X93.308 Y54.376 E.03507
G1 X93.885 Y53.661 E.04032
G1 X94.446 Y53.094 E.03497
G1 X95.169 Y52.5 E.04103
G1 X95.864 Y52.046 E.0364
G1 X96.66 Y51.638 E.03924
G1 X97.367 Y51.358 E.03335
G1 X98.202 Y51.118 E.03808
G1 X98.949 Y50.981 E.03331
G1 X99.768 Y50.909 E.03607
G1 X100.109 Y50.895 E.01497
G1 X140.041 Y50.895 E1.75126
G1 X141.221 Y50.981 E.0519
G1 X141.627 Y51.039 E.01796
G1 X141.99 Y51.125 E.01636
G1 X142.822 Y51.37 E.03805
G1 X143.516 Y51.648 E.03277
G1 X144.315 Y52.06 E.03946
G1 X144.986 Y52.499 E.03515
G1 X145.678 Y53.058 E.03901
G1 X146.282 Y53.663 E.03748
G1 X146.841 Y54.354 E.03901
G1 X147.293 Y55.047 E.03628
G1 X147.692 Y55.822 E.03821
G1 X147.972 Y56.522 E.03307
G1 X148.213 Y57.346 E.03765
G1 X148.357 Y58.109 E.03405
G1 X148.449 Y59.296 E.05225
G1 X148.449 Y89.222 E1.31242
G1 X148.432 Y89.588 E.01607
G1 X148.358 Y90.407 E.03607
G1 X148.219 Y91.15 E.03313
G1 X147.98 Y91.974 E.03764
G1 X147.693 Y92.697 E.03412
G1 X147.295 Y93.47 E.03813
G1 X146.84 Y94.165 E.03641
G1 X146.263 Y94.87 E.03997
G1 X145.723 Y95.412 E.03357
G1 X144.986 Y96.018 E.04181
G1 X144.289 Y96.474 E.03654
G1 X143.494 Y96.882 E.03922
G1 X142.784 Y97.162 E.03345
G1 X141.961 Y97.398 E.03756
G1 X141.229 Y97.534 E.03267
G1 X140.397 Y97.609 E.03664
G1 X140.043 Y97.625 E.01553
G1 X131.836 Y97.625 E.35993
G1 X131.836 Y97.177 F18000
G1 F2400
G1 X100.142 Y97.177 E1.38994
G1 X98.98 Y97.088 E.05113
G1 X98.608 Y97.032 E.01649
G1 X97.525 Y96.739 E.04919
G1 X96.85 Y96.475 E.03181
G1 X96.099 Y96.091 E.03698
G1 X95.42 Y95.644 E.03565
G1 X94.748 Y95.085 E.03834
G1 X94.258 Y94.594 E.03042
G1 X93.683 Y93.893 E.03977
G1 X93.255 Y93.238 E.03429
G1 X92.869 Y92.483 E.0372
G1 X92.605 Y91.813 E.03157
G1 X92.382 Y91.03 E.0357
G1 X92.254 Y90.341 E.03076
G1 X92.183 Y89.543 E.03513
G1 X92.168 Y89.209 E.01464
G1 X92.168 Y59.319 E1.31088
G1 X92.257 Y58.156 E.05113
G1 X92.315 Y57.772 E.01704
G1 X92.606 Y56.705 E.04851
G1 X92.87 Y56.036 E.03155
G1 X93.258 Y55.278 E.03732
G1 X93.668 Y54.646 E.03306
G1 X94.216 Y53.965 E.03832
G1 X94.743 Y53.431 E.03294
G1 X95.441 Y52.858 E.03957
G1 X96.096 Y52.431 E.0343
G1 X96.851 Y52.044 E.03721
G1 X97.518 Y51.781 E.03144
G1 X98.311 Y51.554 E.03617
G1 X99.015 Y51.425 E.03141
G1 X99.8 Y51.357 E.03455
G1 X100.122 Y51.343 E.01412
G1 X140.02 Y51.343 E1.74977
G1 X141.169 Y51.427 E.05054
G1 X141.537 Y51.479 E.0163
G1 X142.681 Y51.796 E.05206
G1 X143.335 Y52.059 E.03089
G1 X144.095 Y52.452 E.03753
G1 X144.727 Y52.867 E.03315
G1 X145.372 Y53.388 E.03637
G1 X145.953 Y53.969 E.03603
G1 X146.474 Y54.613 E.03635
G1 X146.908 Y55.279 E.03487
G1 X147.281 Y56.003 E.03569
G1 X147.545 Y56.663 E.03118
G1 X147.775 Y57.444 E.03573
G1 X147.913 Y58.175 E.03261
G1 X148 Y59.319 E.05031
G1 X148 Y89.209 E1.31086
G1 X147.985 Y89.555 E.01518
G1 X147.914 Y90.339 E.03454
G1 X147.783 Y91.039 E.03124
G1 X147.558 Y91.822 E.03573
G1 X147.281 Y92.516 E.03278
G1 X146.91 Y93.238 E.03557
G1 X146.482 Y93.893 E.03433
G1 X145.934 Y94.564 E.03798
G1 X145.426 Y95.075 E.03162
G1 X144.714 Y95.66 E.04038
G1 X144.057 Y96.089 E.03443
G1 X143.302 Y96.476 E.03719
G1 X142.634 Y96.739 E.03153
G1 X141.852 Y96.962 E.03566
G1 X141.161 Y97.09 E.0308
G1 X140.363 Y97.162 E.03513
G1 X140.03 Y97.177 E.01464
G1 X131.856 Y97.177 E.35849
G1 X131.856 Y96.728 F18000
G1 F2400
G1 X100.165 Y96.728 E1.38984
G1 X99.035 Y96.642 E.04968
G1 X98.693 Y96.59 E.01519
G1 X97.673 Y96.315 E.04632
G1 X97.04 Y96.068 E.02978
G1 X96.332 Y95.706 E.03489
G1 X95.694 Y95.287 E.03348
G1 X95.055 Y94.758 E.03637
G1 X94.596 Y94.297 E.02853
G1 X94.041 Y93.621 E.03835
G1 X93.641 Y93.006 E.03218
G1 X93.276 Y92.292 E.03518
G1 X93.029 Y91.663 E.02965
G1 X92.818 Y90.921 E.0338
G1 X92.699 Y90.273 E.0289
G1 X92.63 Y89.51 E.03363
G1 X92.616 Y89.197 E.01375
G1 X92.616 Y59.341 E1.30934
G1 X92.702 Y58.212 E.04967
G1 X92.756 Y57.857 E.01572
G1 X93.031 Y56.854 E.04562
G1 X93.277 Y56.227 E.02954
G1 X93.643 Y55.509 E.03534
G1 X94.028 Y54.915 E.03105
G1 X94.546 Y54.269 E.03631
G1 X95.041 Y53.768 E.0309
G1 X95.713 Y53.217 E.03809
G1 X96.327 Y52.816 E.03218
G1 X97.042 Y52.451 E.03519
G1 X97.668 Y52.205 E.02953
G1 X98.42 Y51.99 E.03426
G1 X99.082 Y51.869 E.02951
G1 X99.826 Y51.805 E.03277
G1 X140.008 Y51.792 E1.76224
G1 X141.117 Y51.873 E.04876
G1 X141.437 Y51.918 E.01416
G1 X142.544 Y52.224 E.05038
G1 X143.153 Y52.47 E.0288
G1 X143.874 Y52.844 E.03561
G1 X144.468 Y53.234 E.03115
G1 X145.066 Y53.717 E.03374
G1 X145.623 Y54.275 E.03457
G1 X146.106 Y54.872 E.03369
G1 X146.523 Y55.511 E.03346
G1 X146.869 Y56.184 E.03318
G1 X147.123 Y56.816 E.02987
G1 X147.336 Y57.543 E.03323
G1 X147.468 Y58.241 E.03117
G1 X147.552 Y59.341 E.04837
G1 X147.552 Y89.196 E1.30931
G1 X147.537 Y89.521 E.01429
G1 X147.47 Y90.271 E.03303
G1 X147.345 Y90.942 E.02992
G1 X147.135 Y91.67 E.03323
G1 X146.869 Y92.336 E.03144
G1 X146.525 Y93.006 E.03302
G1 X146.123 Y93.622 E.03226
G1 X145.605 Y94.258 E.036
G1 X145.128 Y94.738 E.02966
G1 X144.454 Y95.293 E.03829
G1 X143.838 Y95.697 E.03232
G1 X143.123 Y96.063 E.03521
G1 X142.495 Y96.311 E.02961
G1 X141.755 Y96.524 E.03377
G1 X141.106 Y96.644 E.02895
G1 X140.027 Y96.728 E.04746
G1 X131.876 Y96.728 E.3575
G1 X131.876 Y96.28 F18000
G1 F2400
G1 X100.107 Y96.28 E1.39325
G1 X98.793 Y96.146 E.05792
G1 X97.461 Y95.761 E.06082
G1 X96.307 Y95.169 E.05687
G1 X95.303 Y94.379 E.05604
G1 X94.387 Y93.338 E.06081
G1 X93.679 Y92.096 E.06269
G1 X93.25 Y90.805 E.05966
G1 X93.078 Y89.472 E.05895
G1 X93.065 Y59.279 E1.32416
G1 X93.15 Y58.239 E.04572
G1 X93.472 Y56.946 E.05847
G1 X94.074 Y55.655 E.06247
G1 X94.204 Y55.45 E.01062
G1 X95.317 Y54.119 E.0761
G1 X96.326 Y53.338 E.05596
G1 X97.469 Y52.755 E.05627
G1 X98.778 Y52.372 E.05982
G1 X100.105 Y52.24 E.05848
G1 X140.047 Y52.24 E1.75171
G1 X141.416 Y52.38 E.06032
G1 X142.687 Y52.756 E.05815
G1 X143.825 Y53.336 E.05599
G1 X144.829 Y54.104 E.05547
G1 X145.785 Y55.191 E.06347
G1 X146.487 Y56.425 E.06227
G1 X146.94 Y57.821 E.06439
G1 X147.103 Y59.285 E.06459
G1 X147.094 Y89.401 E1.32078
G1 X146.944 Y90.686 E.05674
G1 X146.583 Y91.872 E.05438
G1 X145.998 Y93.015 E.05628
G1 X145.224 Y94.014 E.05542
G1 X144.16 Y94.955 E.0623
G1 X142.916 Y95.665 E.06281
G1 X141.515 Y96.118 E.06459
G1 X140.045 Y96.28 E.06484
G1 X131.896 Y96.28 E.35741
G1 X131.896 Y95.831 F18000
G1 F2400
G1 X100.1 Y95.831 E1.39443
G1 X98.828 Y95.698 E.0561
G1 X97.577 Y95.327 E.05723
G1 X96.504 Y94.766 E.05309
G1 X95.574 Y94.022 E.05224
G1 X94.717 Y93.034 E.05734
G1 X94.064 Y91.866 E.05868
G1 X93.673 Y90.656 E.05579
G1 X93.523 Y89.41 E.05502
G1 X93.513 Y59.273 E1.32171
G1 X93.598 Y58.266 E.04431
G1 X93.909 Y57.045 E.05529
G1 X94.482 Y55.841 E.05848
G1 X94.545 Y55.742 E.00513
G1 X95.586 Y54.478 E.07178
G1 X96.61 Y53.685 E.05684
G1 X97.679 Y53.151 E.0524
G1 X98.912 Y52.8 E.05621
G1 X100.098 Y52.689 E.05226
G1 X140.054 Y52.689 E1.7523
G1 X141.28 Y52.807 E.05403
G1 X142.477 Y53.152 E.05459
G1 X143.542 Y53.684 E.05224
G1 X144.567 Y54.468 E.05659
G1 X145.454 Y55.494 E.05946
G1 X146.101 Y56.654 E.05829
G1 X146.493 Y57.859 E.05554
G1 X146.655 Y59.277 E.06261
G1 X146.649 Y89.346 E1.31867
G1 X146.518 Y90.544 E.05287
G1 X146.15 Y91.753 E.05544
G1 X145.595 Y92.818 E.05265
G1 X144.865 Y93.745 E.05178
G1 X143.855 Y94.626 E.05873
G1 X142.686 Y95.28 E.05877
G1 X141.478 Y95.671 E.05568
G1 X140.053 Y95.831 E.06291
G1 X131.916 Y95.831 E.35685
G1 X131.916 Y95.383 F18000
G1 F2400
G1 X100.093 Y95.383 E1.39561
G1 X98.863 Y95.251 E.05424
G1 X97.696 Y94.895 E.05352
G1 X96.705 Y94.365 E.04929
G1 X95.849 Y93.667 E.04844
G1 X95.05 Y92.733 E.05392
G1 X94.452 Y91.64 E.05462
G1 X94.098 Y90.511 E.05193
G1 X93.967 Y89.353 E.05107
G1 X93.962 Y59.267 E1.31946
G1 X94.045 Y58.294 E.04285
G1 X94.346 Y57.146 E.05201
G1 X94.889 Y56.03 E.05443
G1 X95.858 Y54.835 E.06748
G1 X96.803 Y54.09 E.05279
G1 X97.795 Y53.585 E.04881
G1 X98.943 Y53.248 E.05247
G1 X100.092 Y53.137 E.05064
G1 X140.061 Y53.137 E1.75286
G1 X141.248 Y53.255 E.05234
G1 X142.36 Y53.585 E.05085
G1 X143.349 Y54.089 E.0487
G1 X144.302 Y54.83 E.05292
G1 X145.12 Y55.794 E.05546
G1 X145.714 Y56.88 E.05427
G1 X146.069 Y58.006 E.05178
G1 X146.206 Y59.27 E.05576
G1 X146.204 Y89.294 E1.31676
G1 X146.091 Y90.406 E.04899
G1 X145.756 Y91.54 E.05187
G1 X145.251 Y92.53 E.04877
G1 X144.504 Y93.478 E.05288
G1 X143.554 Y94.294 E.05496
G1 X142.46 Y94.893 E.05468
G1 X141.332 Y95.247 E.05185
G1 X140.06 Y95.383 E.0561
G1 X131.936 Y95.383 E.35631
G1 X131.936 Y94.934 F18000
G1 F2400
G1 X100.086 Y94.934 E1.39681
G1 X99.002 Y94.825 E.04779
G1 X97.914 Y94.503 E.04976
G1 X96.998 Y94.026 E.04527
G1 X96.123 Y93.312 E.04955
G1 X95.384 Y92.434 E.05029
G1 X94.841 Y91.419 E.05052
G1 X94.523 Y90.369 E.04808
G1 X94.413 Y89.301 E.04711
G1 X94.41 Y59.261 E1.31742
G1 X94.493 Y58.322 E.04137
G1 X94.782 Y57.252 E.04862
G1 X95.293 Y56.224 E.05034
G1 X96.128 Y55.193 E.05818
G1 X96.999 Y54.493 E.04901
G1 X97.914 Y54.017 E.04523
G1 X98.974 Y53.695 E.04858
G1 X100.086 Y53.586 E.04898
G1 X140.067 Y53.586 E1.75344
G1 X141.215 Y53.702 E.05061
G1 X142.238 Y54.017 E.04694
G1 X143.153 Y54.492 E.04519
G1 X144.033 Y55.19 E.04926
G1 X144.784 Y56.09 E.05143
G1 X145.324 Y57.101 E.05026
G1 X145.644 Y58.148 E.04802
G1 X145.758 Y59.262 E.0491
G1 X145.755 Y89.301 E1.31738
G1 X145.644 Y90.371 E.0472
G1 X145.324 Y91.419 E.04805
G1 X144.847 Y92.334 E.04524
G1 X144.147 Y93.206 E.04905
G1 X143.255 Y93.96 E.05123
G1 X142.238 Y94.503 E.05055
G1 X141.19 Y94.821 E.04802
G1 X140.067 Y94.934 E.0495
G1 X131.956 Y94.934 E.35575
G1 X131.956 Y94.486 F18000
G1 F2400
G1 X100.079 Y94.486 E1.39798
G1 X99.135 Y94.396 E.04157
G1 X98.132 Y94.111 E.04573
G1 X97.193 Y93.622 E.04644
G1 X96.401 Y92.961 E.04524
G1 X95.722 Y92.139 E.04677
G1 X95.234 Y91.201 E.04636
G1 X94.951 Y90.232 E.04426
G1 X94.859 Y89.253 E.04312
G1 X94.859 Y59.255 E1.31559
G1 X94.941 Y58.351 E.03984
G1 X95.217 Y57.36 E.0451
G1 X95.696 Y56.422 E.0462
G1 X96.403 Y55.547 E.04933
G1 X97.195 Y54.897 E.04493
G1 X98.132 Y54.409 E.04636
G1 X99.112 Y54.122 E.04476
G1 X100.079 Y54.034 E.04259
G1 X140.074 Y54.034 E1.75402
G1 X141.076 Y54.129 E.04415
G1 X142.021 Y54.409 E.0432
G1 X142.957 Y54.896 E.04629
G1 X143.761 Y55.546 E.04534
G1 X144.444 Y56.383 E.0474
G1 X144.931 Y57.319 E.04625
G1 X145.217 Y58.287 E.04427
G1 X145.309 Y59.255 E.04267
G1 X145.309 Y89.253 E1.31559
G1 X145.217 Y90.233 E.04315
G1 X144.931 Y91.201 E.04426
G1 X144.443 Y92.139 E.04636
G1 X143.793 Y92.931 E.04493
G1 X142.958 Y93.623 E.04756
G1 X142.021 Y94.111 E.04637
G1 X141.053 Y94.394 E.04421
G1 X140.074 Y94.486 E.04313
G1 X131.976 Y94.486 E.35516
G1 E-.8 F3600
G1 X96.285 Y56.559 F18000
G1 E.8 F3600
;TYPE:Outer wall
G1 F2400
G1 X96.777 Y55.951 E.03429
G1 X97.517 Y55.344 E.04196
G1 X98.356 Y54.912 E.04138
G1 X99.234 Y54.658 E.04009
G1 X100.093 Y54.583 E.03783
G1 X140.06 Y54.583 E1.75279
G1 X140.493 Y54.621 E.01904
G1 X140.949 Y54.664 E.02008
G1 X141.797 Y54.912 E.03877
G1 X142.638 Y55.344 E.04146
G1 X143.389 Y55.952 E.04237
G1 X143.996 Y56.703 E.04237
G1 X144.429 Y57.542 E.04141
G1 X144.681 Y58.41 E.03964
G1 X144.76 Y59.27 E.03788
G1 X144.76 Y89.239 E1.3143
G1 X144.681 Y90.11 E.03836
G1 X144.429 Y90.978 E.03963
G1 X143.997 Y91.817 E.0414
G1 X143.389 Y92.558 E.04202
G1 X142.637 Y93.176 E.04273
G1 X141.798 Y93.608 E.04137
G1 X140.931 Y93.858 E.03956
G1 X140.059 Y93.936 E.03838
G1 X100.094 Y93.936 E1.75273
G1 X99.252 Y93.859 E.03709
G1 X98.355 Y93.607 E.04087
G1 X97.518 Y93.177 E.04128
G1 X96.777 Y92.559 E.04232
G1 X96.168 Y91.817 E.04207
G1 X95.737 Y90.978 E.04138
G1 X95.487 Y90.11 E.0396
G1 X95.408 Y89.239 E.03838
G1 X95.408 Y59.27 E1.3143
G1 X95.485 Y58.428 E.03711
G1 X95.737 Y57.542 E.0404
G1 X96.169 Y56.703 E.04137
G1 X96.273 Y56.574 E.00726
G1 X96.634 Y56.841 F18000
;TYPE:Inner wall
G1 F2400
G1 X97.097 Y56.268 E.03228
G1 X97.764 Y55.721 E.03786
G1 X98.522 Y55.331 E.03737
G1 X99.316 Y55.101 E.03626
G1 X100.113 Y55.032 E.03506
G1 X140.041 Y55.032 E1.75109
G1 X140.453 Y55.067 E.01812
G1 X140.864 Y55.106 E.01812
G1 X141.63 Y55.33 E.03501
G1 X142.392 Y55.722 E.03756
G1 X143.07 Y56.27 E.03826
G1 X143.619 Y56.949 E.03827
G1 X144.01 Y57.709 E.0375
G1 X144.239 Y58.494 E.03585
G1 X144.312 Y59.291 E.03509
G1 X144.312 Y89.219 E1.31251
G1 X144.238 Y90.026 E.03557
G1 X144.01 Y90.811 E.03584
G1 X143.62 Y91.569 E.03741
G1 X143.07 Y92.239 E.038
G1 X142.389 Y92.799 E.0387
G1 X141.631 Y93.189 E.03735
G1 X140.848 Y93.415 E.03576
G1 X140.039 Y93.488 E.03561
G1 X100.114 Y93.488 E1.75094
G1 X99.334 Y93.416 E.03439
G1 X98.519 Y93.188 E.03708
G1 X97.767 Y92.801 E.03711
G1 X97.097 Y92.241 E.03829
G1 X96.545 Y91.569 E.03813
G1 X96.155 Y90.812 E.03736
G1 X95.93 Y90.027 E.0358
G1 X95.857 Y89.219 E.03562
G1 X95.857 Y59.291 E1.31251
G1 X95.928 Y58.51 E.03439
G1 X96.156 Y57.707 E.0366
G1 X96.546 Y56.949 E.03739
G1 X96.622 Y56.856 E.00525
G1 E-.8 F3600
G1 X143.677 Y57.355 F18000
G1 E.8 F3600
;TYPE:Bottom surface
;WIDTH:0.502425
G1 F3000
G1 X142.831 Y56.51 E.05274
G1 X142.207 Y56.005 E.03537
G1 X141.505 Y55.644 E.03482
G1 X141.254 Y55.571 E.01151
G1 X143.77 Y58.086 E.15684
G1 X143.907 Y58.557 E.02163
G1 X143.937 Y58.891 E.0148
G1 X140.451 Y55.405 E.21739
G1 X140.026 Y55.368 E.01879
G1 X139.776 Y55.368 E.01102
G1 X143.975 Y59.567 E.26182
G1 X143.975 Y60.205 E.02812
G1 X139.139 Y55.368 E.30159
G1 X138.501 Y55.368 E.02812
G1 X143.975 Y60.842 E.34135
G1 X143.975 Y61.48 E.02812
G1 X137.863 Y55.368 E.38112
G1 X137.226 Y55.368 E.02812
G1 X143.975 Y62.118 E.42088
G1 X143.975 Y62.756 E.02812
G1 X136.588 Y55.368 E.46065
G1 X135.95 Y55.368 E.02812
G1 X143.975 Y63.393 E.50041
G1 X143.975 Y64.031 E.02812
G1 X135.313 Y55.368 E.54018
G1 X134.675 Y55.368 E.02812
G1 X143.975 Y64.669 E.57994
G1 X143.975 Y65.306 E.02812
G1 X134.037 Y55.368 E.61971
G1 X133.4 Y55.368 E.02812
G1 X143.975 Y65.944 E.65947
G1 X143.975 Y66.582 E.02812
G1 X132.762 Y55.368 E.69924
G1 X132.124 Y55.368 E.02812
G1 X143.975 Y67.219 E.739
G1 X143.975 Y67.857 E.02812
G1 X131.486 Y55.368 E.77877
G1 X130.849 Y55.368 E.02812
G1 X143.975 Y68.495 E.81853
G1 X143.975 Y69.133 E.02812
G1 X130.211 Y55.368 E.8583
G1 X129.573 Y55.368 E.02812
G1 X143.975 Y69.77 E.89806
G1 X143.975 Y70.408 E.02812
G1 X128.936 Y55.368 E.93783
G1 X128.298 Y55.368 E.02812
G1 X143.975 Y71.046 E.97759
G1 X143.975 Y71.683 E.02812
G1 X127.66 Y55.368 E1.01736
G1 X127.023 Y55.368 E.02812
G1 X143.975 Y72.321 E1.05712
G1 X143.975 Y72.959 E.02812
G1 X126.385 Y55.368 E1.09689
G1 X125.747 Y55.368 E.02812
G1 X143.975 Y73.596 E1.13665
G1 X143.975 Y74.234 E.02812
G1 X125.109 Y55.368 E1.17642
G1 X124.472 Y55.368 E.02812
G1 X143.975 Y74.872 E1.21618
G1 X143.975 Y75.51 E.02812
G1 X123.834 Y55.368 E1.25595
G1 X123.196 Y55.368 E.02812
G1 X143.975 Y76.147 E1.29571
G1 X143.975 Y76.785 E.02812
G1 X122.559 Y55.368 E1.33548
G1 X121.921 Y55.368 E.02812
G1 X143.975 Y77.423 E1.37524
G1 X143.975 Y78.06 E.02812
G1 X121.283 Y55.368 E1.41501
G1 X120.646 Y55.368 E.02812
G1 X143.975 Y78.698 E1.45477
G1 X143.975 Y79.336 E.02812
G1 X120.008 Y55.368 E1.49454
G1 X119.37 Y55.368 E.02812
G1 X143.975 Y79.973 E1.5343
G1 X143.975 Y80.611 E.02812
G1 X118.732 Y55.368 E1.57407
G1 X118.095 Y55.368 E.02812
G1 X143.975 Y81.249 E1.61383
G1 X143.975 Y81.887 E.02812
G1 X117.457 Y55.368 E1.6536
G1 X116.819 Y55.368 E.02812
G1 X143.975 Y82.524 E1.69336
G1 X143.975 Y83.162 E.02812
G1 X116.182 Y55.368 E1.73313
G1 X115.544 Y55.368 E.02812
G1 X143.975 Y83.8 E1.7729
G1 X143.975 Y84.437 E.02812
G1 X114.906 Y55.368 E1.81266
G1 X114.269 Y55.368 E.02812
G1 X143.975 Y85.075 E1.85243
G1 X143.975 Y85.713 E.02812
G1 X113.631 Y55.368 E1.89219
G1 X112.993 Y55.368 E.02812
G1 X143.975 Y86.35 E1.93196
G1 X143.975 Y86.988 E.02812
G1 X112.355 Y55.368 E1.97172
G1 X111.718 Y55.368 E.02812
G1 X143.975 Y87.626 E2.01149
G1 X143.975 Y88.264 E.02812
G1 X111.08 Y55.368 E2.05125
G1 X110.442 Y55.368 E.02812
G1 X143.975 Y88.901 E2.09102
G1 X143.975 Y89.203 E.01332
G1 X143.947 Y89.511 E.01362
G1 X109.805 Y55.368 E2.12904
G1 X109.167 Y55.368 E.02812
G1 X143.874 Y90.075 E2.16423
G1 X143.73 Y90.569 E.02268
G1 X108.529 Y55.368 E2.19503
G1 X107.892 Y55.368 E.02812
G1 X143.531 Y91.008 E2.22236
G1 X143.307 Y91.421 E.02074
G1 X107.254 Y55.368 E2.24815
G1 X106.616 Y55.368 E.02812
G1 X143.019 Y91.771 E2.26999
G1 X142.831 Y92 E.01306
G1 X142.71 Y92.1 E.00692
G1 X105.978 Y55.368 E2.29048
G1 X105.341 Y55.368 E.02812
G1 X142.36 Y92.388 E2.30842
G1 X142.203 Y92.517 E.00897
G1 X141.971 Y92.636 E.0115
G1 X104.703 Y55.368 E2.32392
G1 X104.065 Y55.368 E.02812
G1 X141.55 Y92.853 E2.33743
G1 X141.062 Y93.003 E.02249
G1 X103.428 Y55.368 E2.34679
G1 X102.79 Y55.368 E.02812
G1 X140.528 Y93.106 E2.35322
G1 X139.936 Y93.152 E.02618
G1 X102.152 Y55.368 E2.35606
G1 X101.515 Y55.368 E.02812
G1 X139.298 Y93.152 E2.35606
G1 X138.66 Y93.152 E.02812
G1 X100.877 Y55.368 E2.35606
G1 X100.239 Y55.368 E.02812
G1 X138.022 Y93.152 E2.35606
G1 X137.385 Y93.152 E.02812
G1 X99.644 Y55.411 E2.35343
G1 X99.378 Y55.434 E.01176
G1 X99.107 Y55.512 E.01243
G1 X136.747 Y93.152 E2.34711
G1 X136.109 Y93.152 E.02812
G1 X98.618 Y55.66 E2.33788
G1 X98.196 Y55.876 E.02088
G1 X135.472 Y93.152 E2.32438
G1 X134.834 Y93.152 E.02812
G1 X97.805 Y56.122 E2.30904
G1 X97.455 Y56.41 E.01998
G1 X134.196 Y93.152 E2.29111
G1 X133.559 Y93.152 E.02812
G1 X97.148 Y56.741 E2.27049
G1 X96.862 Y57.093 E.01999
G1 X132.921 Y93.152 E2.2485
G1 X132.283 Y93.152 E.02812
G1 X96.638 Y57.506 E2.22274
G1 X96.47 Y57.831 E.01612
G1 X96.438 Y57.944 E.00519
G1 X131.645 Y93.152 E2.19542
G1 X131.008 Y93.152 E.02812
G1 X96.297 Y58.441 E2.16445
G1 X96.26 Y58.572 E.00599
G1 X96.221 Y59.002 E.01906
G1 X130.37 Y93.152 E2.12946
G1 X129.732 Y93.152 E.02812
G1 X96.193 Y59.612 E2.09143
G1 X96.193 Y60.25 E.02812
G1 X129.095 Y93.152 E2.05166
G1 X128.457 Y93.152 E.02812
G1 X96.193 Y60.888 E2.0119
G1 X96.193 Y61.525 E.02812
G1 X127.819 Y93.152 E1.97213
G1 X127.182 Y93.152 E.02812
G1 X96.193 Y62.163 E1.93237
G1 X96.193 Y62.801 E.02812
G1 X126.544 Y93.152 E1.8926
G1 X125.906 Y93.152 E.02812
G1 X96.193 Y63.438 E1.85284
G1 X96.193 Y64.076 E.02812
G1 X125.268 Y93.152 E1.81307
G1 X124.631 Y93.152 E.02812
G1 X96.193 Y64.714 E1.77331
G1 X96.193 Y65.351 E.02812
G1 X123.993 Y93.152 E1.73354
G1 X123.355 Y93.152 E.02812
G1 X96.193 Y65.989 E1.69378
G1 X96.193 Y66.627 E.02812
G1 X122.718 Y93.152 E1.65401
G1 X122.08 Y93.152 E.02812
G1 X96.193 Y67.265 E1.61424
G1 X96.193 Y67.902 E.02812
G1 X121.442 Y93.152 E1.57448
G1 X120.805 Y93.152 E.02812
G1 X96.193 Y68.54 E1.53471
G1 X96.193 Y69.178 E.02812
G1 X120.167 Y93.152 E1.49495
G1 X119.529 Y93.152 E.02812
G1 X96.193 Y69.815 E1.45518
G1 X96.193 Y70.453 E.02812
G1 X118.891 Y93.152 E1.41542
G1 X118.254 Y93.152 E.02812
G1 X96.193 Y71.091 E1.37565
G1 X96.193 Y71.728 E.02812
G1 X117.616 Y93.152 E1.33589
G1 X116.978 Y93.152 E.02812
G1 X96.193 Y72.366 E1.29612
G1 X96.193 Y73.004 E.02812
G1 X116.341 Y93.152 E1.25636
G1 X115.703 Y93.152 E.02812
G1 X96.193 Y73.642 E1.21659
G1 X96.193 Y74.279 E.02812
G1 X115.065 Y93.152 E1.17683
G1 X114.428 Y93.152 E.02812
G1 X96.193 Y74.917 E1.13706
G1 X96.193 Y75.555 E.02812
G1 X113.79 Y93.152 E1.0973
G1 X113.152 Y93.152 E.02812
G1 X96.193 Y76.192 E1.05753
G1 X96.193 Y76.83 E.02812
G1 X112.515 Y93.152 E1.01777
G1 X111.877 Y93.152 E.02812
G1 X96.193 Y77.468 E.978
G1 X96.193 Y78.105 E.02812
G1 X111.239 Y93.152 E.93824
G1 X110.601 Y93.152 E.02812
G1 X96.193 Y78.743 E.89847
G1 X96.193 Y79.381 E.02812
G1 X109.964 Y93.152 E.85871
G1 X109.326 Y93.152 E.02812
G1 X96.193 Y80.019 E.81894
G1 X96.193 Y80.656 E.02812
G1 X108.688 Y93.152 E.77918
G1 X108.051 Y93.152 E.02812
G1 X96.193 Y81.294 E.73941
G1 X96.193 Y81.932 E.02812
G1 X107.413 Y93.152 E.69965
G1 X106.775 Y93.152 E.02812
G1 X96.193 Y82.569 E.65988
G1 X96.193 Y83.207 E.02812
G1 X106.138 Y93.152 E.62012
G1 X105.5 Y93.152 E.02812
G1 X96.193 Y83.845 E.58035
G1 X96.193 Y84.482 E.02812
G1 X104.862 Y93.152 E.54059
G1 X104.224 Y93.152 E.02812
G1 X96.193 Y85.12 E.50082
G1 X96.193 Y85.758 E.02812
G1 X103.587 Y93.152 E.46106
G1 X102.949 Y93.152 E.02812
G1 X96.193 Y86.396 E.42129
G1 X96.193 Y87.033 E.02812
G1 X102.311 Y93.152 E.38153
G1 X101.674 Y93.152 E.02812
G1 X96.193 Y87.671 E.34176
G1 X96.193 Y88.309 E.02812
G1 X101.036 Y93.152 E.302
G1 X100.398 Y93.152 E.02812
G1 X96.193 Y88.946 E.26223
G1 X96.193 Y89.203 E.01133
G1 X96.231 Y89.622 E.01853
G1 X99.723 Y93.114 E.21778
G1 X99.395 Y93.084 E.01454
G1 X98.923 Y92.952 E.02161
G1 X96.393 Y90.422 E.15774
G1 X96.47 Y90.687 E.01216
G1 X96.828 Y91.384 E.03453
G1 X97.335 Y92.001 E.03523
G1 X98.212 Y92.878 E.05469
G1 E-.8 F3600
G1 X143.72 Y57.686 F18000
G1 E.8 F3600
;TYPE:Gap infill
;WIDTH:0.119562
G1 F2400
G1 X143.641 Y57.578 E.00089
;WIDTH:0.1338
G1 X143.562 Y57.47 E.00108
G1 E-.8 F3600
G1 X98.542 Y92.922 F18000
G1 E.8 F3600
;WIDTH:0.119552
G1 F2400
G1 X98.434 Y92.843 E.00089
;WIDTH:0.133779
G1 X98.326 Y92.764 E.00107
; stop printing object USV 1 e2mm.stl_1 id:1 copy 0
; end of layer_num: 1, T: 0, print_z: 0.240000
M106 S127
;LAYER_CHANGE
;Z:0.44
;HEIGHT:0.2
; BEFORE_LAYER_CHANGE 1 @ 0.44mm
G92 E0
; AFTER_LAYER_CHANGE 1 @ 0.44mm
M204 S2000
M104 S190 ; set nozzle temperature
; start of layer_num: 2, T: 0, print_z: 0.440000
; printing object "USV 1 e2mm.stl_3" id:0 copy 0
G1 E-.8 F3600
G1 X120.203 Y162.569 Z.44 F18000
G1 E.8 F3600
M204 S1000
;TYPE:Outer wall
;WIDTH:0.42
G1 F3000
G1 X120.14 Y161.867 E.02166
G1 X120.14 Y131.887 E.9212
G1 X120.22 Y131.008 E.02713
G1 X120.479 Y130.123 E.02834
G1 X120.922 Y129.262 E.02975
G1 X121.544 Y128.492 E.03042
G1 X122.314 Y127.869 E.03042
G1 X123.175 Y127.427 E.02975
G1 X124.001 Y127.186 E.02644
G1 X124.952 Y127.088 E.02936
G1 X164.988 Y127.093 E1.2302
G1 X165.802 Y127.168 E.02512
G1 X166.702 Y127.427 E.02878
G1 X167.562 Y127.869 E.02971
G1 X168.32 Y128.491 E.03014
G1 X168.943 Y129.262 E.03045
G1 X169.386 Y130.123 E.02974
G1 X169.624 Y130.946 E.02634
G1 X169.722 Y131.889 E.02912
G1 X169.722 Y161.867 E.92116
G1 X169.641 Y162.754 E.02736
G1 X169.386 Y163.643 E.02843
G1 X168.943 Y164.503 E.02974
G1 X168.32 Y165.274 E.03044
G1 X167.562 Y165.892 E.03007
G1 X166.703 Y166.338 E.02973
G1 X165.742 Y166.599 E.0306
G1 X164.926 Y166.674 E.02517
G1 X124.95 Y166.674 E1.22835
G1 X124.063 Y166.593 E.02739
G1 X123.175 Y166.339 E.02838
G1 X122.314 Y165.892 E.0298
G1 X121.544 Y165.273 E.03036
G1 X120.922 Y164.503 E.03041
G1 X120.479 Y163.643 E.02975
G1 X120.22 Y162.753 E.02845
G1 X120.205 Y162.589 E.00507
M204 S2000
G1 X120.594 Y162.534 F18000
M204 S1500
;TYPE:Inner wall
;WIDTH:0.45
G1 F4800
G1 X120.532 Y161.849 E.0228
G1 X120.532 Y131.905 E.99331
G1 X120.607 Y131.081 E.02743
G1 X120.845 Y130.269 E.02808
G1 X121.252 Y129.477 E.02954
G1 X121.823 Y128.771 E.03013
G1 X122.529 Y128.2 E.03013
G1 X123.321 Y127.792 E.02953
G1 X124.077 Y127.572 E.02612
G1 X124.972 Y127.48 E.02985
G1 X164.97 Y127.485 E1.32681
G1 X165.729 Y127.555 E.02529
G1 X166.557 Y127.793 E.02857
G1 X167.345 Y128.199 E.02942
G1 X168.04 Y128.769 E.02982
G1 X168.613 Y129.477 E.0302
G1 X169.02 Y130.268 E.02951
G1 X169.237 Y131.021 E.02601
G1 X169.33 Y131.909 E.0296
G1 X169.33 Y161.849 E.99318
G1 X169.254 Y162.681 E.02771
G1 X169.019 Y163.498 E.02818
G1 X168.613 Y164.288 E.02949
G1 X168.041 Y164.996 E.03017
G1 X167.345 Y165.563 E.02977
G1 X166.56 Y165.97 E.02936
G1 X165.672 Y166.211 E.03051
G1 X164.908 Y166.282 E.02544
G1 X124.968 Y166.282 E1.32489
G1 X124.135 Y166.206 E.02775
G1 X123.321 Y165.973 E.0281
G1 X122.529 Y165.562 E.02958
G1 X121.822 Y164.994 E.03008
G1 X121.252 Y164.288 E.0301
G1 X120.845 Y163.497 E.02952
G1 X120.607 Y162.68 E.02821
G1 X120.596 Y162.554 E.00422
G1 E-.8 F3600
M204 S2000
G1 X120.883 Y130.721 F18000
G1 E.8 F3600
;TYPE:Internal solid infill
;WIDTH:0.422036
G1 F6000
G1 X123.523 Y128.081 E.11534
G1 X124.141 Y127.901 E.01989
G1 X124.25 Y127.889 E.0034
G1 X120.93 Y131.21 E.14507
G1 X120.876 Y131.8 E.0183
G1 X124.848 Y127.827 E.17355
G1 X125.399 Y127.813 E.01702
G1 X120.865 Y132.347 E.19809
G1 X120.865 Y132.883 E.01656
G1 X125.935 Y127.813 E.22151
G1 X126.471 Y127.813 E.01656
G1 X120.865 Y133.419 E.24493
G1 X120.865 Y133.955 E.01656
G1 X127.007 Y127.813 E.26835
G1 X127.543 Y127.813 E.01656
G1 X120.865 Y134.492 E.29177
G1 X120.865 Y135.028 E.01656
G1 X128.08 Y127.813 E.31519
G1 X128.616 Y127.813 E.01656
G1 X120.865 Y135.564 E.33861
G1 X120.865 Y136.1 E.01656
G1 X129.152 Y127.814 E.36203
G1 X129.688 Y127.814 E.01656
G1 X120.865 Y136.636 E.38545
G1 X120.865 Y137.172 E.01656
G1 X130.224 Y127.814 E.40887
G1 X130.76 Y127.814 E.01656
G1 X120.865 Y137.709 E.4323
G1 X120.865 Y138.245 E.01656
G1 X131.296 Y127.814 E.45572
G1 X131.832 Y127.814 E.01656
G1 X120.865 Y138.781 E.47914
G1 X120.865 Y139.317 E.01656
G1 X132.368 Y127.814 E.50256
G1 X132.904 Y127.814 E.01656
G1 X120.865 Y139.853 E.52598
G1 X120.865 Y140.389 E.01656
G1 X133.44 Y127.814 E.5494
G1 X133.976 Y127.814 E.01656
G1 X120.865 Y140.925 E.57282
G1 X120.865 Y141.462 E.01656
G1 X134.512 Y127.814 E.59624
G1 X135.048 Y127.814 E.01656
G1 X120.865 Y141.998 E.61966
G1 X120.865 Y142.534 E.01656
G1 X135.585 Y127.814 E.64308
G1 X136.121 Y127.815 E.01656
G1 X120.865 Y143.07 E.6665
G1 X120.865 Y143.606 E.01656
G1 X136.657 Y127.815 E.68993
G1 X137.193 Y127.815 E.01656
G1 X120.865 Y144.142 E.71335
G1 X120.865 Y144.678 E.01656
G1 X137.729 Y127.815 E.73677
G1 X138.265 Y127.815 E.01656
G1 X120.865 Y145.215 E.76019
G1 X120.865 Y145.751 E.01656
G1 X138.801 Y127.815 E.78361
G1 X139.337 Y127.815 E.01656
G1 X120.865 Y146.287 E.80703
G1 X120.865 Y146.823 E.01656
G1 X139.873 Y127.815 E.83045
G1 X140.409 Y127.815 E.01656
G1 X120.865 Y147.359 E.85387
G1 X120.865 Y147.895 E.01656
G1 X140.945 Y127.815 E.87729
G1 X141.481 Y127.815 E.01656
G1 X120.865 Y148.432 E.90071
G1 X120.865 Y148.968 E.01656
G1 X142.017 Y127.815 E.92413
G1 X142.554 Y127.815 E.01656
G1 X120.865 Y149.504 E.94755
G1 X120.865 Y150.04 E.01656
G1 X143.09 Y127.816 E.97098
G1 X143.626 Y127.816 E.01656
G1 X120.865 Y150.576 E.9944
G1 X120.865 Y151.112 E.01656
G1 X144.162 Y127.816 E1.01782
G1 X144.698 Y127.816 E.01656
G1 X120.865 Y151.648 E1.04124
G1 X120.865 Y152.185 E.01656
G1 X145.234 Y127.816 E1.06466
G1 X145.77 Y127.816 E.01656
G1 X120.865 Y152.721 E1.08808
G1 X120.865 Y153.257 E.01656
G1 X146.306 Y127.816 E1.1115
G1 X146.842 Y127.816 E.01656
G1 X120.865 Y153.793 E1.13492
G1 X120.865 Y154.329 E.01656
G1 X147.378 Y127.816 E1.15834
G1 X147.914 Y127.816 E.01656
G1 X120.865 Y154.865 E1.18176
G1 X120.865 Y155.401 E.01656
G1 X148.45 Y127.816 E1.20518
G1 X148.986 Y127.816 E.01656
G1 X120.865 Y155.938 E1.22861
G1 X120.865 Y156.474 E.01656
G1 X149.523 Y127.816 E1.25203
G1 X150.059 Y127.817 E.01656
G1 X120.865 Y157.01 E1.27545
G1 X120.865 Y157.546 E.01656
G1 X150.595 Y127.817 E1.29887
G1 X151.131 Y127.817 E.01656
G1 X120.865 Y158.082 E1.32229
G1 X120.865 Y158.618 E.01656
G1 X151.667 Y127.817 E1.34571
G1 X152.203 Y127.817 E.01656
G1 X120.865 Y159.155 E1.36913
G1 X120.865 Y159.691 E.01656
G1 X152.739 Y127.817 E1.39255
G1 X153.275 Y127.817 E.01656
G1 X120.865 Y160.227 E1.41597
G1 X120.865 Y160.763 E.01656
G1 X153.811 Y127.817 E1.43939
G1 X154.347 Y127.817 E.01656
G1 X120.865 Y161.299 E1.46281
G1 X120.865 Y161.835 E.01656
G1 X154.883 Y127.817 E1.48623
G1 X155.419 Y127.817 E.01656
G1 X120.91 Y162.327 E1.50771
G1 X120.936 Y162.618 E.00904
G1 X120.985 Y162.787 E.00544
G1 X155.955 Y127.817 E1.52782
G1 X156.492 Y127.817 E.01656
G1 X121.106 Y163.203 E1.54596
G1 X121.156 Y163.373 E.00548
G1 X121.263 Y163.582 E.00726
G1 X157.028 Y127.817 E1.56253
G1 X157.564 Y127.818 E.01656
G1 X121.445 Y163.936 E1.57799
G1 X121.533 Y164.105 E.00589
G1 X121.658 Y164.26 E.00614
G1 X158.1 Y127.818 E1.59214
G1 X158.636 Y127.818 E.01656
G1 X121.897 Y164.556 E1.60509
G1 X122.059 Y164.756 E.00795
G1 X122.156 Y164.834 E.00383
G1 X159.172 Y127.818 E1.61722
G1 X159.708 Y127.818 E.01656
G1 X122.453 Y165.073 E1.62766
G1 X122.757 Y165.305 E.01182
G1 X160.244 Y127.818 E1.63778
G1 X160.78 Y127.818 E.01656
G1 X123.11 Y165.488 E1.64578
G1 X123.467 Y165.668 E.01233
G1 X161.316 Y127.818 E1.65363
G1 X161.852 Y127.818 E.01656
G1 X123.883 Y165.787 E1.65885
G1 X124.196 Y165.877 E.01007
G1 X124.318 Y165.888 E.00378
G1 X162.388 Y127.818 E1.66325
G1 X162.924 Y127.818 E.01656
G1 X124.81 Y165.933 E1.6652
G1 X125.331 Y165.948 E.01609
G1 X163.46 Y127.818 E1.66588
G1 X163.997 Y127.818 E.01656
G1 X125.867 Y165.948 E1.66587
G1 X126.403 Y165.948 E.01656
G1 X164.533 Y127.819 E1.66587
G1 X165.059 Y127.828 E.01627
G1 X126.939 Y165.948 E1.66545
G1 X127.475 Y165.948 E.01656
G1 X165.55 Y127.873 E1.66348
G1 X165.667 Y127.884 E.00363
G1 X165.984 Y127.975 E.01019
G1 X128.011 Y165.948 E1.65903
G1 X128.547 Y165.948 E.01656
G1 X166.401 Y128.095 E1.6538
G1 X166.76 Y128.272 E.01237
G1 X129.084 Y165.948 E1.64605
G1 X129.62 Y165.948 E.01656
G1 X167.114 Y128.454 E1.63809
G1 X167.161 Y128.479 E.00165
G1 X167.416 Y128.688 E.01019
G1 X130.156 Y165.948 E1.62789
G1 X130.692 Y165.948 E.01656
G1 X167.711 Y128.93 E1.61733
G1 X167.803 Y129.005 E.00367
G1 X167.967 Y129.209 E.00811
G1 X131.228 Y165.948 E1.60512
G1 X131.764 Y165.948 E.01656
G1 X168.207 Y129.506 E1.59217
G1 X168.332 Y129.66 E.00614
G1 X168.419 Y129.83 E.00589
G1 X132.301 Y165.948 E1.57801
G1 X132.837 Y165.948 E.01656
G1 X168.601 Y130.184 E1.56254
G1 X168.708 Y130.392 E.00723
G1 X168.758 Y130.563 E.00551
G1 X133.373 Y165.948 E1.54596
G1 X133.909 Y165.948 E.01656
G1 X168.878 Y130.979 E1.52779
G1 X168.909 Y131.085 E.00342
G1 X168.947 Y131.447 E.01123
G1 X134.445 Y165.948 E1.50735
G1 X134.981 Y165.948 E.01656
G1 X168.996 Y131.933 E1.48611
G1 X168.996 Y132.469 E.01656
G1 X135.517 Y165.948 E1.46268
G1 X136.054 Y165.948 E.01656
G1 X168.996 Y133.005 E1.43926
G1 X168.996 Y133.542 E.01656
G1 X136.59 Y165.948 E1.41583
G1 X137.126 Y165.948 E.01656
G1 X168.996 Y134.078 E1.39241
G1 X168.996 Y134.614 E.01656
G1 X137.662 Y165.948 E1.36899
G1 X138.198 Y165.948 E.01656
G1 X168.996 Y135.15 E1.34556
G1 X168.996 Y135.686 E.01656
G1 X138.734 Y165.948 E1.32214
G1 X139.271 Y165.948 E.01656
G1 X168.996 Y136.222 E1.29871
G1 X168.996 Y136.758 E.01656
G1 X139.807 Y165.948 E1.27529
G1 X140.343 Y165.948 E.01656
G1 X168.996 Y137.295 E1.25186
G1 X168.996 Y137.831 E.01656
G1 X140.879 Y165.948 E1.22844
G1 X141.415 Y165.948 E.01656
G1 X168.996 Y138.367 E1.20502
G1 X168.996 Y138.903 E.01656
G1 X141.951 Y165.948 E1.18159
G1 X142.487 Y165.948 E.01656
G1 X168.996 Y139.439 E1.15817
G1 X168.996 Y139.975 E.01656
G1 X143.024 Y165.948 E1.13474
G1 X143.56 Y165.948 E.01656
G1 X168.996 Y140.512 E1.11132
G1 X168.996 Y141.048 E.01656
G1 X144.096 Y165.948 E1.0879
G1 X144.632 Y165.948 E.01656
G1 X168.996 Y141.584 E1.06447
G1 X168.996 Y142.12 E.01656
G1 X145.168 Y165.948 E1.04105
G1 X145.704 Y165.948 E.01656
G1 X168.996 Y142.656 E1.01762
G1 X168.996 Y143.192 E.01656
G1 X146.24 Y165.948 E.9942
G1 X146.777 Y165.948 E.01656
G1 X168.996 Y143.728 E.97077
G1 X168.996 Y144.265 E.01656
G1 X147.313 Y165.948 E.94735
G1 X147.849 Y165.948 E.01656
G1 X168.996 Y144.801 E.92393
G1 X168.996 Y145.337 E.01656
G1 X148.385 Y165.948 E.9005
G1 X148.921 Y165.948 E.01656
G1 X168.996 Y145.873 E.87708
G1 X168.996 Y146.409 E.01656
G1 X149.457 Y165.948 E.85365
G1 X149.994 Y165.948 E.01656
G1 X168.996 Y146.945 E.83023
G1 X168.996 Y147.481 E.01656
G1 X150.53 Y165.948 E.80681
G1 X151.066 Y165.948 E.01656
G1 X168.996 Y148.018 E.78338
G1 X168.996 Y148.554 E.01656
G1 X151.602 Y165.948 E.75996
G1 X152.138 Y165.948 E.01656
G1 X168.996 Y149.09 E.73653
G1 X168.996 Y149.626 E.01656
G1 X152.674 Y165.948 E.71311
G1 X153.21 Y165.948 E.01656
G1 X168.996 Y150.162 E.68968
G1 X168.996 Y150.698 E.01656
G1 X153.747 Y165.948 E.66626
G1 X154.283 Y165.948 E.01656
G1 X168.996 Y151.235 E.64284
G1 X168.996 Y151.771 E.01656
G1 X154.819 Y165.948 E.61941
G1 X155.355 Y165.948 E.01656
G1 X168.996 Y152.307 E.59599
G1 X168.996 Y152.843 E.01656
G1 X155.891 Y165.948 E.57256
G1 X156.427 Y165.948 E.01656
G1 X168.996 Y153.379 E.54914
G1 X168.996 Y153.915 E.01656
G1 X156.963 Y165.948 E.52572
G1 X157.5 Y165.948 E.01656
G1 X168.996 Y154.451 E.50229
G1 X168.996 Y154.988 E.01656
G1 X158.036 Y165.948 E.47887
G1 X158.572 Y165.948 E.01656
G1 X168.996 Y155.524 E.45544
G1 X168.996 Y156.06 E.01656
G1 X159.108 Y165.948 E.43202
G1 X159.644 Y165.948 E.01656
G1 X168.996 Y156.596 E.40859
G1 X168.996 Y157.132 E.01656
G1 X160.18 Y165.948 E.38517
G1 X160.717 Y165.948 E.01656
G1 X168.996 Y157.668 E.36175
G1 X168.996 Y158.205 E.01656
G1 X161.253 Y165.948 E.33832
G1 X161.789 Y165.948 E.01656
G1 X168.996 Y158.741 E.3149
G1 X168.996 Y159.277 E.01656
G1 X162.325 Y165.948 E.29147
G1 X162.861 Y165.948 E.01656
G1 X168.996 Y159.813 E.26805
G1 X168.996 Y160.349 E.01656
G1 X163.397 Y165.948 E.24463
G1 X163.933 Y165.948 E.01656
G1 X168.996 Y160.885 E.2212
G1 X168.996 Y161.421 E.01656
G1 X164.47 Y165.948 E.19778
G1 X165.017 Y165.937 E.01692
G1 X168.984 Y161.97 E.17332
G1 X168.931 Y162.559 E.01829
G1 X165.607 Y165.883 E.14519
G1 X166.342 Y165.684 E.02351
G1 X168.731 Y163.295 E.10436
G1 X168.708 Y163.374 E.00253
G1 X168.332 Y164.105 E.0254
G1 X167.804 Y164.759 E.02596
G1 X167.01 Y165.553 E.03469
; stop printing object USV 1 e2mm.stl_3 id:0 copy 0
; printing object "USV 1 e2mm.stl_1" id:1 copy 0
G1 E-.8 F3600
G1 X96.192 Y56.492 F18000
G1 E.8 F3600
M204 S1000
;TYPE:Outer wall
;WIDTH:0.42
G1 F3000
G1 X96.695 Y55.869 E.0246
G1 X97.453 Y55.247 E.03014
G1 X98.313 Y54.805 E.02972
G1 X99.213 Y54.545 E.02877
G1 X100.088 Y54.468 E.027
G1 X140.065 Y54.468 E1.22838
G1 X140.891 Y54.54 E.02548
G1 X141.841 Y54.805 E.03031
G1 X142.701 Y55.247 E.02971
G1 X143.471 Y55.87 E.03042
G1 X144.093 Y56.64 E.03042
G1 X144.536 Y57.5 E.02972
G1 X144.795 Y58.389 E.02845
G1 X144.875 Y59.265 E.02704
G1 X144.875 Y89.244 E.92117
G1 X144.795 Y90.131 E.02738
G1 X144.536 Y91.02 E.02845
G1 X144.094 Y91.881 E.02972
G1 X143.471 Y92.639 E.03016
G1 X142.7 Y93.273 E.03066
G1 X141.84 Y93.715 E.02971
G1 X140.952 Y93.971 E.0284
G1 X140.065 Y94.051 E.02738
G1 X100.09 Y94.051 E1.22831
G1 X99.15 Y93.953 E.02904
G1 X98.313 Y93.715 E.02675
G1 X97.454 Y93.273 E.02968
G1 X96.695 Y92.64 E.03038
G1 X96.072 Y91.881 E.03019
G1 X95.629 Y91.021 E.02971
G1 X95.373 Y90.132 E.02843
G1 X95.293 Y89.244 E.02739
G1 X95.293 Y59.265 E.92117
G1 X95.368 Y58.449 E.02518
G1 X95.63 Y57.498 E.0303
G1 X96.072 Y56.64 E.02967
G1 X96.179 Y56.507 E.00524
M204 S2000
G1 X96.497 Y56.738 F18000
M204 S1500
;TYPE:Inner wall
;WIDTH:0.45
G1 F4800
G1 X96.975 Y56.147 E.02522
G1 X97.669 Y55.577 E.02982
G1 X98.458 Y55.171 E.02943
G1 X99.285 Y54.932 E.02853
G1 X100.105 Y54.861 E.02732
G1 X140.048 Y54.861 E1.32498
G1 X140.821 Y54.927 E.02573
G1 X141.697 Y55.172 E.03018
G1 X142.486 Y55.578 E.02942
G1 X143.192 Y56.149 E.03013
G1 X143.763 Y56.855 E.03013
G1 X144.17 Y57.645 E.0295
G1 X144.408 Y58.462 E.02821
G1 X144.483 Y59.283 E.02735
G1 X144.483 Y89.226 E.99327
G1 X144.408 Y90.058 E.02771
G1 X144.17 Y90.875 E.0282
G1 X143.764 Y91.664 E.02945
G1 X143.192 Y92.361 E.0299
G1 X142.483 Y92.944 E.03043
G1 X141.695 Y93.349 E.02941
G1 X140.88 Y93.584 E.02815
G1 X140.047 Y93.659 E.02774
G1 X100.11 Y93.659 E1.32477
G1 X99.225 Y93.567 E.02954
G1 X98.457 Y93.349 E.02646
G1 X97.672 Y92.945 E.02931
G1 X96.974 Y92.363 E.03013
G1 X96.401 Y91.664 E.02998
G1 X95.995 Y90.875 E.02942
G1 X95.761 Y90.059 E.02818
G1 X95.685 Y89.226 E.02774
G1 X95.685 Y59.283 E.99327
G1 X95.755 Y58.519 E.02544
G1 X95.997 Y57.642 E.0302
G1 X96.402 Y56.855 E.02935
G1 X96.484 Y56.754 E.00432
M204 S2000
G1 X98.01 Y55.585 F18000
;TYPE:Internal solid infill
;WIDTH:0.421985
G1 F6000
G1 X97.212 Y56.383 E.03485
G1 X96.683 Y57.038 E.02601
G1 X96.309 Y57.763 E.02521
G1 X96.287 Y57.845 E.0026
G1 X98.677 Y55.454 E.10441
G1 X99.412 Y55.256 E.02352
G1 X96.084 Y58.584 E.14537
G1 X96.03 Y59.174 E.01831
G1 X99.999 Y55.204 E.17339
G1 X100.546 Y55.194 E.01689
G1 X96.018 Y59.721 E.19777
G1 X96.018 Y60.257 E.01656
G1 X101.082 Y55.194 E.22119
G1 X101.618 Y55.194 E.01656
G1 X96.018 Y60.793 E.24461
G1 X96.018 Y61.329 E.01656
G1 X102.154 Y55.194 E.26802
G1 X102.69 Y55.194 E.01656
G1 X96.018 Y61.865 E.29144
G1 X96.018 Y62.402 E.01656
G1 X103.226 Y55.194 E.31486
G1 X103.762 Y55.194 E.01656
G1 X96.018 Y62.938 E.33828
G1 X96.018 Y63.474 E.01656
G1 X104.298 Y55.194 E.3617
G1 X104.834 Y55.194 E.01656
G1 X96.018 Y64.01 E.38511
G1 X96.018 Y64.546 E.01656
G1 X105.37 Y55.194 E.40853
G1 X105.907 Y55.194 E.01656
G1 X96.018 Y65.082 E.43195
G1 X96.018 Y65.618 E.01656
G1 X106.443 Y55.194 E.45537
G1 X106.979 Y55.194 E.01656
G1 X96.018 Y66.154 E.47879
G1 X96.018 Y66.69 E.01656
G1 X107.515 Y55.194 E.5022
G1 X108.051 Y55.194 E.01656
G1 X96.018 Y67.226 E.52562
G1 X96.018 Y67.762 E.01656
G1 X108.587 Y55.194 E.54904
G1 X109.123 Y55.194 E.01656
G1 X96.018 Y68.298 E.57246
G1 X96.018 Y68.835 E.01656
G1 X109.659 Y55.194 E.59587
G1 X110.195 Y55.194 E.01656
G1 X96.018 Y69.371 E.61929
G1 X96.018 Y69.907 E.01656
G1 X110.731 Y55.194 E.64271
G1 X111.267 Y55.194 E.01656
G1 X96.018 Y70.443 E.66613
G1 X96.018 Y70.979 E.01656
G1 X111.803 Y55.194 E.68955
G1 X112.339 Y55.194 E.01656
G1 X96.018 Y71.515 E.71296
G1 X96.018 Y72.051 E.01656
G1 X112.876 Y55.194 E.73638
G1 X113.412 Y55.194 E.01656
G1 X96.018 Y72.587 E.7598
G1 X96.018 Y73.123 E.01656
G1 X113.948 Y55.194 E.78322
G1 X114.484 Y55.194 E.01656
G1 X96.018 Y73.659 E.80664
G1 X96.018 Y74.195 E.01656
G1 X115.02 Y55.194 E.83005
G1 X115.556 Y55.194 E.01656
G1 X96.018 Y74.731 E.85347
G1 X96.018 Y75.267 E.01656
G1 X116.092 Y55.194 E.87689
G1 X116.628 Y55.194 E.01656
G1 X96.018 Y75.804 E.90031
G1 X96.018 Y76.34 E.01656
G1 X117.164 Y55.194 E.92372
G1 X117.7 Y55.194 E.01656
G1 X96.018 Y76.876 E.94714
G1 X96.018 Y77.412 E.01656
G1 X118.236 Y55.194 E.97056
G1 X118.772 Y55.194 E.01656
G1 X96.018 Y77.948 E.99398
G1 X96.018 Y78.484 E.01656
G1 X119.309 Y55.194 E1.0174
G1 X119.845 Y55.194 E.01656
G1 X96.018 Y79.02 E1.04081
G1 X96.018 Y79.556 E.01656
G1 X120.381 Y55.194 E1.06423
G1 X120.917 Y55.194 E.01656
G1 X96.018 Y80.092 E1.08765
G1 X96.018 Y80.628 E.01656
G1 X121.453 Y55.194 E1.11107
G1 X121.989 Y55.194 E.01656
G1 X96.018 Y81.164 E1.13449
G1 X96.018 Y81.7 E.01656
G1 X122.525 Y55.194 E1.1579
G1 X123.061 Y55.194 E.01656
G1 X96.018 Y82.236 E1.18132
G1 X96.018 Y82.773 E.01656
G1 X123.597 Y55.194 E1.20474
G1 X124.133 Y55.194 E.01656
G1 X96.018 Y83.309 E1.22816
G1 X96.018 Y83.845 E.01656
G1 X124.669 Y55.194 E1.25157
G1 X125.205 Y55.194 E.01656
G1 X96.018 Y84.381 E1.27499
G1 X96.018 Y84.917 E.01656
G1 X125.741 Y55.194 E1.29841
G1 X126.278 Y55.194 E.01656
G1 X96.018 Y85.453 E1.32183
G1 X96.018 Y85.989 E.01656
G1 X126.814 Y55.194 E1.34525
G1 X127.35 Y55.194 E.01656
G1 X96.018 Y86.525 E1.36866
G1 X96.018 Y87.061 E.01656
G1 X127.886 Y55.194 E1.39208
G1 X128.422 Y55.194 E.01656
G1 X96.018 Y87.597 E1.4155
G1 X96.018 Y88.133 E.01656
G1 X128.958 Y55.194 E1.43892
G1 X129.494 Y55.194 E.01656
G1 X96.018 Y88.669 E1.46234
G1 X96.018 Y89.205 E.01656
G1 X130.03 Y55.194 E1.48575
G1 X130.566 Y55.194 E.01656
G1 X96.062 Y89.698 E1.50725
G1 X96.09 Y89.997 E.0093
G1 X96.136 Y90.16 E.00522
G1 X131.102 Y55.194 E1.52744
G1 X131.638 Y55.194 E.01656
G1 X96.256 Y90.576 E1.54563
G1 X96.307 Y90.752 E.00565
G1 X96.412 Y90.956 E.0071
G1 X132.174 Y55.194 E1.56224
G1 X132.71 Y55.194 E.01656
G1 X96.594 Y91.31 E1.5777
G1 X96.681 Y91.48 E.00589
G1 X96.807 Y91.633 E.00613
G1 X133.247 Y55.194 E1.59181
G1 X133.783 Y55.194 E.01656
G1 X97.049 Y91.928 E1.60467
G1 X97.212 Y92.127 E.00796
G1 X97.307 Y92.206 E.00381
G1 X134.319 Y55.194 E1.61682
G1 X134.855 Y55.194 E.01656
G1 X97.599 Y92.45 E1.62747
G1 X97.898 Y92.686 E.01179
G1 X135.391 Y55.194 E1.63781
G1 X135.927 Y55.194 E.01656
G1 X98.252 Y92.868 E1.64577
G1 X98.611 Y93.046 E.01236
G1 X136.463 Y55.194 E1.65352
G1 X136.999 Y55.194 E.01656
G1 X99.028 Y93.165 E1.6587
G1 X99.288 Y93.238 E.00834
G1 X99.471 Y93.258 E.0057
G1 X137.535 Y55.194 E1.66276
G1 X138.071 Y55.194 E.01656
G1 X99.957 Y93.308 E1.66498
G1 X100.128 Y93.326 E.00531
G1 X100.475 Y93.326 E.01073
G1 X138.607 Y55.194 E1.66576
G1 X139.143 Y55.194 E.01656
G1 X101.011 Y93.326 E1.66576
G1 X101.547 Y93.326 E.01656
G1 X139.68 Y55.194 E1.66576
G1 X140.201 Y55.208 E.01612
G1 X102.083 Y93.326 E1.66513
G1 X102.619 Y93.326 E.01656
G1 X140.695 Y55.251 E1.66327
G1 X141.124 Y55.358 E.01366
G1 X103.155 Y93.326 E1.6586
G1 X103.692 Y93.326 E.01656
G1 X141.543 Y55.475 E1.65348
G1 X141.902 Y55.652 E.01236
G1 X104.228 Y93.326 E1.64575
G1 X104.764 Y93.326 E.01656
G1 X142.256 Y55.834 E1.63779
G1 X142.56 Y56.066 E.01181
G1 X105.3 Y93.326 E1.62766
G1 X105.836 Y93.326 E.01656
G1 X142.856 Y56.306 E1.61719
G1 X142.955 Y56.386 E.00392
G1 X143.115 Y56.583 E.00785
G1 X106.372 Y93.326 E1.60506
G1 X106.908 Y93.326 E.01656
G1 X143.354 Y56.88 E1.59211
G1 X143.482 Y57.038 E.00629
G1 X143.567 Y57.203 E.00573
G1 X107.444 Y93.326 E1.578
G1 X107.98 Y93.326 E.01656
G1 X143.75 Y57.557 E1.56254
G1 X143.859 Y57.769 E.00739
G1 X143.907 Y57.935 E.00532
G1 X108.516 Y93.326 E1.54601
G1 X109.052 Y93.326 E.01656
G1 X144.028 Y58.35 E1.52787
G1 X144.079 Y58.524 E.0056
G1 X144.105 Y58.81 E.00885
G1 X109.588 Y93.326 E1.50781
G1 X110.124 Y93.326 E.01656
G1 X144.15 Y59.301 E1.48635
G1 X144.15 Y59.837 E.01656
G1 X110.661 Y93.326 E1.46293
G1 X111.197 Y93.326 E.01656
G1 X144.15 Y60.373 E1.43951
G1 X144.15 Y60.909 E.01656
G1 X111.733 Y93.326 E1.41609
G1 X112.269 Y93.326 E.01656
G1 X144.15 Y61.445 E1.39268
G1 X144.15 Y61.981 E.01656
G1 X112.805 Y93.326 E1.36926
G1 X113.341 Y93.326 E.01656
G1 X144.15 Y62.517 E1.34584
G1 X144.15 Y63.053 E.01656
G1 X113.877 Y93.326 E1.32242
G1 X114.413 Y93.326 E.01656
G1 X144.15 Y63.589 E1.299
G1 X144.15 Y64.126 E.01656
G1 X114.949 Y93.326 E1.27559
G1 X115.485 Y93.326 E.01656
G1 X144.15 Y64.662 E1.25217
G1 X144.15 Y65.198 E.01656
G1 X116.021 Y93.326 E1.22875
G1 X116.557 Y93.326 E.01656
G1 X144.15 Y65.734 E1.20533
G1 X144.15 Y66.27 E.01656
G1 X117.093 Y93.326 E1.18192
G1 X117.63 Y93.326 E.01656
G1 X144.15 Y66.806 E1.1585
G1 X144.15 Y67.342 E.01656
G1 X118.166 Y93.326 E1.13508
G1 X118.702 Y93.326 E.01656
G1 X144.15 Y67.878 E1.11166
G1 X144.15 Y68.414 E.01656
G1 X119.238 Y93.326 E1.08824
G1 X119.774 Y93.326 E.01656
G1 X144.15 Y68.95 E1.06483
G1 X144.15 Y69.486 E.01656
G1 X120.31 Y93.326 E1.04141
G1 X120.846 Y93.326 E.01656
G1 X144.15 Y70.022 E1.01799
G1 X144.15 Y70.559 E.01656
G1 X121.382 Y93.326 E.99457
G1 X121.918 Y93.326 E.01656
G1 X144.15 Y71.095 E.97115
G1 X144.15 Y71.631 E.01656
G1 X122.454 Y93.326 E.94774
G1 X122.99 Y93.326 E.01656
G1 X144.15 Y72.167 E.92432
G1 X144.15 Y72.703 E.01656
G1 X123.526 Y93.326 E.9009
G1 X124.063 Y93.326 E.01656
G1 X144.15 Y73.239 E.87748
G1 X144.15 Y73.775 E.01656
G1 X124.599 Y93.326 E.85407
G1 X125.135 Y93.326 E.01656
G1 X144.15 Y74.311 E.83065
G1 X144.15 Y74.847 E.01656
G1 X125.671 Y93.326 E.80723
G1 X126.207 Y93.326 E.01656
G1 X144.15 Y75.383 E.78381
G1 X144.15 Y75.919 E.01656
G1 X126.743 Y93.326 E.76039
G1 X127.279 Y93.326 E.01656
G1 X144.15 Y76.455 E.73698
G1 X144.15 Y76.991 E.01656
G1 X127.815 Y93.326 E.71356
G1 X128.351 Y93.326 E.01656
G1 X144.15 Y77.528 E.69014
G1 X144.15 Y78.064 E.01656
G1 X128.887 Y93.326 E.66672
G1 X129.423 Y93.326 E.01656
G1 X144.15 Y78.6 E.6433
G1 X144.15 Y79.136 E.01656
G1 X129.959 Y93.326 E.61989
G1 X130.495 Y93.326 E.01656
G1 X144.15 Y79.672 E.59647
G1 X144.15 Y80.208 E.01656
G1 X131.032 Y93.326 E.57305
G1 X131.568 Y93.326 E.01656
G1 X144.15 Y80.744 E.54963
G1 X144.15 Y81.28 E.01656
G1 X132.104 Y93.326 E.52622
G1 X132.64 Y93.326 E.01656
G1 X144.15 Y81.816 E.5028
G1 X144.15 Y82.352 E.01656
G1 X133.176 Y93.326 E.47938
G1 X133.712 Y93.326 E.01656
G1 X144.15 Y82.888 E.45596
G1 X144.15 Y83.424 E.01656
G1 X134.248 Y93.326 E.43254
G1 X134.784 Y93.326 E.01656
G1 X144.15 Y83.96 E.40913
G1 X144.15 Y84.497 E.01656
G1 X135.32 Y93.326 E.38571
G1 X135.856 Y93.326 E.01656
G1 X144.15 Y85.033 E.36229
G1 X144.15 Y85.569 E.01656
G1 X136.392 Y93.326 E.33887
G1 X136.928 Y93.326 E.01656
G1 X144.15 Y86.105 E.31545
G1 X144.15 Y86.641 E.01656
G1 X137.464 Y93.326 E.29204
G1 X138.001 Y93.326 E.01656
G1 X144.15 Y87.177 E.26862
G1 X144.15 Y87.713 E.01656
G1 X138.537 Y93.326 E.2452
G1 X139.073 Y93.326 E.01656
G1 X144.15 Y88.249 E.22178
G1 X144.15 Y88.785 E.01656
G1 X139.609 Y93.326 E.19836
G1 X140.156 Y93.315 E.01691
G1 X144.139 Y89.332 E.17398
G1 X144.085 Y89.922 E.01828
G1 X140.746 Y93.262 E.1459
G1 X140.818 Y93.255 E.00224
G1 X141.478 Y93.065 E.02123
G1 X143.886 Y90.657 E.10519
G1 X143.859 Y90.751 E.00302
G1 X143.484 Y91.48 E.02534
G1 X142.956 Y92.123 E.0257
G1 X142.146 Y92.933 E.03538
; stop printing object USV 1 e2mm.stl_1 id:1 copy 0
; end of layer_num: 2, T: 0, print_z: 0.440000
M106 S204
;LAYER_CHANGE
;Z:0.64
;HEIGHT:0.2
; BEFORE_LAYER_CHANGE 2 @ 0.64mm
G92 E0
; AFTER_LAYER_CHANGE 2 @ 0.64mm
; start of layer_num: 3, T: 0, print_z: 0.640000
; printing object "USV 1 e2mm.stl_3" id:0 copy 0
G1 E-.8 F3600
G1 X120.204 Y162.576 Z.64 F18000
G1 E.8 F3600
M204 S1000
;TYPE:Outer wall
;WIDTH:0.42
G1 F3000
G1 X120.14 Y161.867 E.02186
G1 X120.14 Y131.887 E.9212
G1 X120.22 Y131.008 E.02713
G1 X120.479 Y130.123 E.02834
G1 X120.922 Y129.262 E.02975
G1 X121.544 Y128.492 E.03042
G1 X122.314 Y127.869 E.03042
G1 X123.175 Y127.427 E.02975
G1 X123.973 Y127.194 E.02554
G1 X124.152 Y127.16 E.00561
G1 X124.95 Y127.088 E.02462
G1 X165.024 Y127.097 E1.23135
G1 X165.802 Y127.168 E.024
G1 X166.702 Y127.427 E.02878
G1 X167.562 Y127.869 E.02971
G1 X168.32 Y128.491 E.03014
G1 X168.943 Y129.262 E.03045
G1 X169.386 Y130.123 E.02974
G1 X169.616 Y130.918 E.02543
G1 X169.65 Y131.096 E.00558
G1 X169.722 Y131.887 E.02441
G1 X169.722 Y161.867 E.9212
G1 X169.641 Y162.754 E.02736
G1 X169.386 Y163.643 E.02843
G1 X168.943 Y164.503 E.02974
G1 X168.32 Y165.274 E.03044
G1 X167.562 Y165.892 E.03007
G1 X166.702 Y166.338 E.02977
G1 X165.894 Y166.567 E.0258
G1 X165.714 Y166.601 E.00564
G1 X164.926 Y166.674 E.0243
G1 X124.95 Y166.674 E1.22835
G1 X124.063 Y166.593 E.02739
G1 X123.175 Y166.339 E.02838
G1 X122.314 Y165.892 E.0298
G1 X121.544 Y165.273 E.03036
G1 X120.922 Y164.503 E.03041
G1 X120.479 Y163.643 E.02975
G1 X120.22 Y162.753 E.02845
G1 X120.206 Y162.595 E.00487
M204 S2000
G1 X120.594 Y162.54 F18000
M204 S1500
;TYPE:Inner wall
;WIDTH:0.45
G1 F4800
G1 X120.532 Y161.849 E.02301
G1 X120.532 Y131.905 E.99331
G1 X120.607 Y131.081 E.02743
G1 X120.845 Y130.269 E.02808
G1 X121.252 Y129.477 E.02954
G1 X121.823 Y128.771 E.03013
G1 X122.529 Y128.2 E.03013
G1 X123.321 Y127.792 E.02953
G1 X124.207 Y127.549 E.03049
G1 X124.968 Y127.48 E.02535
G1 X165.006 Y127.489 E1.32814
G1 X165.729 Y127.555 E.02409
G1 X166.557 Y127.793 E.02857
G1 X167.345 Y128.199 E.02942
G1 X168.04 Y128.769 E.02982
G1 X168.613 Y129.477 E.0302
G1 X169.02 Y130.268 E.02951
G1 X169.261 Y131.151 E.03036
G1 X169.33 Y131.905 E.02512
G1 X169.33 Y161.849 E.99331
G1 X169.254 Y162.681 E.02771
G1 X169.019 Y163.498 E.02818
G1 X168.613 Y164.288 E.02949
G1 X168.041 Y164.996 E.03017
G1 X167.345 Y165.563 E.02977
G1 X166.557 Y165.972 E.02947
G1 X165.659 Y166.213 E.03082
G1 X164.908 Y166.282 E.02502
G1 X124.968 Y166.282 E1.32489
G1 X124.135 Y166.206 E.02775
G1 X123.321 Y165.973 E.0281
G1 X122.529 Y165.562 E.02958
G1 X121.822 Y164.994 E.03008
G1 X121.252 Y164.288 E.0301
G1 X120.845 Y163.497 E.02952
G1 X120.607 Y162.68 E.02821
G1 X120.596 Y162.56 E.004
G1 E-.8 F3600
M204 S2000
G1 X123.77 Y165.931 F18000
G1 E.8 F3600
;TYPE:Internal solid infill
;WIDTH:0.422036
G1 F6000
G1 X121.133 Y163.294 E.11521
G1 X120.931 Y162.556 E.02366
G1 X124.257 Y165.883 E.14535
G1 X124.847 Y165.936 E.01829
G1 X120.877 Y161.966 E.17344
G1 X120.865 Y161.418 E.01694
G1 X125.395 Y165.948 E.19792
G1 X125.932 Y165.948 E.01656
G1 X120.865 Y160.882 E.22135
G1 X120.865 Y160.346 E.01656
G1 X126.468 Y165.948 E.24477
G1 X127.004 Y165.948 E.01656
G1 X120.865 Y159.81 E.2682
G1 X120.865 Y159.273 E.01656
G1 X127.54 Y165.948 E.29162
G1 X128.076 Y165.948 E.01656
G1 X120.865 Y158.737 E.31504
G1 X120.865 Y158.201 E.01656
G1 X128.612 Y165.948 E.33847
G1 X129.148 Y165.948 E.01656
G1 X120.865 Y157.665 E.36189
G1 X120.865 Y157.129 E.01656
G1 X129.685 Y165.948 E.38532
G1 X130.221 Y165.948 E.01656
G1 X120.865 Y156.593 E.40874
G1 X120.865 Y156.057 E.01656
G1 X130.757 Y165.948 E.43216
G1 X131.293 Y165.948 E.01656
G1 X120.865 Y155.52 E.45559
G1 X120.865 Y154.984 E.01656
G1 X131.829 Y165.948 E.47901
G1 X132.365 Y165.948 E.01656
G1 X120.865 Y154.448 E.50244
G1 X120.865 Y153.912 E.01656
G1 X132.901 Y165.948 E.52586
G1 X133.438 Y165.948 E.01656
G1 X120.865 Y153.376 E.54929
G1 X120.865 Y152.84 E.01656
G1 X133.974 Y165.948 E.57271
G1 X134.51 Y165.948 E.01656
G1 X120.865 Y152.304 E.59613
G1 X120.865 Y151.767 E.01656
G1 X135.046 Y165.948 E.61956
G1 X135.582 Y165.948 E.01656
G1 X120.865 Y151.231 E.64298
G1 X120.865 Y150.695 E.01656
G1 X136.118 Y165.948 E.66641
G1 X136.655 Y165.948 E.01656
G1 X120.865 Y150.159 E.68983
G1 X120.865 Y149.623 E.01656
G1 X137.191 Y165.948 E.71325
G1 X137.727 Y165.948 E.01656
G1 X120.865 Y149.087 E.73668
G1 X120.865 Y148.55 E.01656
G1 X138.263 Y165.948 E.7601
G1 X138.799 Y165.948 E.01656
G1 X120.865 Y148.014 E.78353
G1 X120.865 Y147.478 E.01656
G1 X139.335 Y165.948 E.80695
G1 X139.871 Y165.948 E.01656
G1 X120.865 Y146.942 E.83038
G1 X120.865 Y146.406 E.01656
G1 X140.408 Y165.948 E.8538
G1 X140.944 Y165.948 E.01656
G1 X120.865 Y145.87 E.87722
G1 X120.865 Y145.334 E.01656
G1 X141.48 Y165.948 E.90065
G1 X142.016 Y165.948 E.01656
G1 X120.865 Y144.797 E.92407
G1 X120.865 Y144.261 E.01656
G1 X142.552 Y165.948 E.9475
G1 X143.088 Y165.948 E.01656
G1 X120.865 Y143.725 E.97092
G1 X120.865 Y143.189 E.01656
G1 X143.624 Y165.948 E.99434
G1 X144.161 Y165.948 E.01656
G1 X120.865 Y142.653 E1.01777
G1 X120.865 Y142.117 E.01656
G1 X144.697 Y165.948 E1.04119
G1 X145.233 Y165.948 E.01656
G1 X120.865 Y141.58 E1.06462
G1 X120.865 Y141.044 E.01656
G1 X145.769 Y165.948 E1.08804
G1 X146.305 Y165.948 E.01656
G1 X120.865 Y140.508 E1.11147
G1 X120.865 Y139.972 E.01656
G1 X146.841 Y165.948 E1.13489
G1 X147.378 Y165.948 E.01656
G1 X120.865 Y139.436 E1.15831
G1 X120.865 Y138.9 E.01656
G1 X147.914 Y165.948 E1.18174
G1 X148.45 Y165.948 E.01656
G1 X120.865 Y138.364 E1.20516
G1 X120.865 Y137.827 E.01656
G1 X148.986 Y165.948 E1.22859
G1 X149.522 Y165.948 E.01656
G1 X120.865 Y137.291 E1.25201
G1 X120.865 Y136.755 E.01656
G1 X150.058 Y165.948 E1.27543
G1 X150.594 Y165.948 E.01656
G1 X120.865 Y136.219 E1.29886
G1 X120.865 Y135.683 E.01656
G1 X151.131 Y165.948 E1.32228
G1 X151.667 Y165.948 E.01656
G1 X120.865 Y135.147 E1.34571
G1 X120.865 Y134.611 E.01656
G1 X152.203 Y165.948 E1.36913
G1 X152.739 Y165.948 E.01656
G1 X120.865 Y134.074 E1.39256
G1 X120.865 Y133.538 E.01656
G1 X153.275 Y165.948 E1.41598
G1 X153.811 Y165.948 E.01656
G1 X120.865 Y133.002 E1.4394
G1 X120.865 Y132.466 E.01656
G1 X154.348 Y165.948 E1.46283
G1 X154.884 Y165.948 E.01656
G1 X120.865 Y131.93 E1.48625
G1 X120.909 Y131.438 E.01526
G1 X155.42 Y165.948 E1.50775
G1 X155.956 Y165.948 E.01656
G1 X120.985 Y130.977 E1.52787
G1 X121.106 Y130.562 E.01335
G1 X156.492 Y165.948 E1.546
G1 X157.028 Y165.948 E.01656
G1 X121.263 Y130.183 E1.56255
G1 X121.445 Y129.829 E.0123
G1 X157.564 Y165.948 E1.57802
G1 X158.101 Y165.948 E.01656
G1 X121.658 Y129.505 E1.59218
G1 X121.897 Y129.209 E.01178
G1 X158.637 Y165.948 E1.60513
G1 X159.173 Y165.948 E.01656
G1 X122.155 Y128.931 E1.61728
G1 X122.452 Y128.691 E.01178
G1 X159.709 Y165.948 E1.62775
G1 X160.245 Y165.948 E.01656
G1 X122.755 Y128.458 E1.63792
G1 X123.109 Y128.276 E.0123
G1 X160.781 Y165.948 E1.64588
G1 X161.317 Y165.948 E.01656
G1 X123.467 Y128.098 E1.65367
G1 X123.887 Y127.982 E.01347
G1 X161.854 Y165.948 E1.65872
G1 X162.39 Y165.948 E.01656
G1 X124.315 Y127.873 E1.66347
G1 X124.807 Y127.829 E.01525
G1 X162.926 Y165.948 E1.66542
G1 X163.462 Y165.948 E.01656
G1 X125.327 Y127.813 E1.66611
G1 X125.863 Y127.813 E.01657
G1 X163.998 Y165.948 E1.6661
G1 X164.534 Y165.948 E.01656
G1 X126.399 Y127.813 E1.6661
G1 X126.936 Y127.813 E.01657
G1 X165.056 Y165.933 E1.66544
G1 X165.547 Y165.888 E.01524
G1 X127.472 Y127.814 E1.66347
G1 X128.008 Y127.814 E.01657
G1 X165.977 Y165.782 E1.65884
G1 X166.4 Y165.669 E.01352
G1 X128.544 Y127.814 E1.65388
G1 X129.081 Y127.814 E.01657
G1 X166.759 Y165.492 E1.64613
G1 X167.112 Y165.309 E.01229
G1 X129.617 Y127.814 E1.63812
G1 X130.153 Y127.814 E.01657
G1 X167.415 Y165.076 E1.62795
G1 X167.71 Y164.835 E.01177
G1 X130.69 Y127.814 E1.61742
G1 X131.226 Y127.814 E.01657
G1 X167.968 Y164.556 E1.60523
G1 X168.207 Y164.26 E.01178
G1 X131.762 Y127.814 E1.59227
G1 X132.298 Y127.815 E.01657
G1 X168.419 Y163.936 E1.57811
G1 X168.601 Y163.582 E.0123
G1 X132.835 Y127.815 E1.56264
G1 X133.371 Y127.815 E.01657
G1 X168.758 Y163.202 E1.54604
G1 X168.878 Y162.785 E.01338
G1 X133.907 Y127.815 E1.52784
G1 X134.443 Y127.815 E.01657
G1 X168.952 Y162.324 E1.50767
G1 X168.996 Y161.832 E.01525
G1 X134.98 Y127.815 E1.48618
G1 X135.516 Y127.815 E.01657
G1 X168.996 Y161.296 E1.46275
G1 X168.996 Y160.76 E.01656
G1 X136.052 Y127.815 E1.43932
G1 X136.589 Y127.816 E.01657
G1 X168.996 Y160.224 E1.41589
G1 X168.996 Y159.687 E.01656
G1 X137.125 Y127.816 E1.39246
G1 X137.661 Y127.816 E.01657
G1 X168.996 Y159.151 E1.36903
G1 X168.996 Y158.615 E.01656
G1 X138.197 Y127.816 E1.3456
G1 X138.734 Y127.816 E.01657
G1 X168.996 Y158.079 E1.32217
G1 X168.996 Y157.543 E.01656
G1 X139.27 Y127.816 E1.29874
G1 X139.806 Y127.816 E.01657
G1 X168.996 Y157.007 E1.27531
G1 X168.996 Y156.47 E.01656
G1 X140.342 Y127.816 E1.25188
G1 X140.879 Y127.817 E.01657
G1 X168.996 Y155.934 E1.22845
G1 X168.996 Y155.398 E.01656
G1 X141.415 Y127.817 E1.20502
G1 X141.951 Y127.817 E.01657
G1 X168.996 Y154.862 E1.18159
G1 X168.996 Y154.326 E.01656
G1 X142.488 Y127.817 E1.15816
G1 X143.024 Y127.817 E.01657
G1 X168.996 Y153.79 E1.13473
G1 X168.996 Y153.254 E.01656
G1 X143.56 Y127.817 E1.11131
G1 X144.096 Y127.817 E.01657
G1 X168.996 Y152.717 E1.08788
G1 X168.996 Y152.181 E.01656
G1 X144.633 Y127.817 E1.06445
G1 X145.169 Y127.817 E.01657
G1 X168.996 Y151.645 E1.04102
G1 X168.996 Y151.109 E.01656
G1 X145.705 Y127.818 E1.01759
G1 X146.241 Y127.818 E.01657
G1 X168.996 Y150.573 E.99416
G1 X168.996 Y150.037 E.01656
G1 X146.778 Y127.818 E.97073
G1 X147.314 Y127.818 E.01657
G1 X168.996 Y149.5 E.9473
G1 X168.996 Y148.964 E.01656
G1 X147.85 Y127.818 E.92387
G1 X148.386 Y127.818 E.01657
G1 X168.996 Y148.428 E.90044
G1 X168.996 Y147.892 E.01656
G1 X148.923 Y127.818 E.87701
G1 X149.459 Y127.818 E.01657
G1 X168.996 Y147.356 E.85358
G1 X168.996 Y146.82 E.01656
G1 X149.995 Y127.819 E.83015
G1 X150.532 Y127.819 E.01657
G1 X168.996 Y146.284 E.80672
G1 X168.996 Y145.747 E.01656
G1 X151.068 Y127.819 E.78329
G1 X151.604 Y127.819 E.01657
G1 X168.996 Y145.211 E.75986
G1 X168.996 Y144.675 E.01656
G1 X152.14 Y127.819 E.73643
G1 X152.677 Y127.819 E.01657
G1 X168.996 Y144.139 E.713
G1 X168.996 Y143.603 E.01656
G1 X153.213 Y127.819 E.68958
G1 X153.749 Y127.819 E.01657
G1 X168.996 Y143.067 E.66615
G1 X168.996 Y142.531 E.01656
G1 X154.285 Y127.82 E.64272
G1 X154.822 Y127.82 E.01657
G1 X168.996 Y141.994 E.61929
G1 X168.996 Y141.458 E.01656
G1 X155.358 Y127.82 E.59586
G1 X155.894 Y127.82 E.01657
G1 X168.996 Y140.922 E.57243
G1 X168.996 Y140.386 E.01656
G1 X156.431 Y127.82 E.549
G1 X156.967 Y127.82 E.01657
G1 X168.996 Y139.85 E.52557
G1 X168.996 Y139.314 E.01656
G1 X157.503 Y127.82 E.50214
G1 X158.039 Y127.82 E.01657
G1 X168.996 Y138.777 E.47871
G1 X168.996 Y138.241 E.01656
G1 X158.576 Y127.82 E.45528
G1 X159.112 Y127.821 E.01657
G1 X168.996 Y137.705 E.43185
G1 X168.996 Y137.169 E.01656
G1 X159.648 Y127.821 E.40842
G1 X160.184 Y127.821 E.01657
G1 X168.996 Y136.633 E.38499
G1 X168.996 Y136.097 E.01656
G1 X160.721 Y127.821 E.36156
G1 X161.257 Y127.821 E.01657
G1 X168.996 Y135.561 E.33813
G1 X168.996 Y135.024 E.01656
G1 X161.793 Y127.821 E.3147
G1 X162.33 Y127.821 E.01657
G1 X168.996 Y134.488 E.29128
G1 X168.996 Y133.952 E.01656
G1 X162.866 Y127.821 E.26785
G1 X163.402 Y127.822 E.01657
G1 X168.996 Y133.416 E.24442
G1 X168.996 Y132.88 E.01656
G1 X163.938 Y127.822 E.22099
G1 X164.475 Y127.822 E.01657
G1 X168.996 Y132.344 E.19756
G1 X168.985 Y131.796 E.01692
G1 X165.013 Y127.824 E.17354
G1 X165.603 Y127.878 E.01831
G1 X168.93 Y131.205 E.14535
G1 X168.729 Y130.467 E.02363
G1 X166.338 Y128.077 E.10444
G1 X166.433 Y128.104 E.00306
G1 X167.161 Y128.479 E.02529
G1 X167.802 Y129.004 E.0256
G1 X168.592 Y129.795 E.03453
; stop printing object USV 1 e2mm.stl_3 id:0 copy 0
; printing object "USV 1 e2mm.stl_1" id:1 copy 0
G1 E-.8 F3600
G1 X96.188 Y56.497 F18000
G1 E.8 F3600
M204 S1000
;TYPE:Outer wall
;WIDTH:0.42
G1 F3000
G1 X96.695 Y55.869 E.02479
G1 X97.453 Y55.247 E.03014
G1 X98.313 Y54.805 E.02972
G1 X99.213 Y54.545 E.02877
G1 X100.088 Y54.468 E.027
G1 X140.065 Y54.468 E1.22838
G1 X140.863 Y54.537 E.02462
G1 X141.042 Y54.571 E.00559
G1 X141.84 Y54.804 E.02554
G1 X142.701 Y55.247 E.02975
G1 X143.471 Y55.87 E.03042
G1 X144.093 Y56.64 E.03042
G1 X144.536 Y57.5 E.02972
G1 X144.795 Y58.389 E.02845
G1 X144.875 Y59.265 E.02704
G1 X144.875 Y89.244 E.92117
G1 X144.795 Y90.131 E.02738
G1 X144.536 Y91.02 E.02845
G1 X144.094 Y91.881 E.02972
G1 X143.471 Y92.639 E.03016
G1 X142.7 Y93.273 E.03066
G1 X141.84 Y93.715 E.02971
G1 X140.952 Y93.971 E.0284
G1 X140.065 Y94.051 E.02738
G1 X100.089 Y94.051 E1.22835
G1 X99.301 Y93.979 E.0243
G1 X99.121 Y93.945 E.00563
G1 X98.313 Y93.715 E.02582
G1 X97.454 Y93.273 E.02968
G1 X96.695 Y92.64 E.03038
G1 X96.072 Y91.881 E.03019
G1 X95.629 Y91.021 E.02971
G1 X95.373 Y90.132 E.02843
G1 X95.293 Y89.244 E.02739
G1 X95.293 Y59.265 E.92117
G1 X95.365 Y58.477 E.02432
G1 X95.399 Y58.298 E.00559
G1 X95.629 Y57.499 E.02554
G1 X96.072 Y56.64 E.02971
G1 X96.175 Y56.512 E.00504
M204 S2000
G1 X96.492 Y56.743 F18000
M204 S1500
;TYPE:Inner wall
;WIDTH:0.45
G1 F4800
G1 X96.975 Y56.147 E.02544
G1 X97.669 Y55.577 E.02982
G1 X98.458 Y55.171 E.02943
G1 X99.285 Y54.932 E.02853
G1 X100.105 Y54.861 E.02732
G1 X140.048 Y54.861 E1.32498
G1 X140.81 Y54.926 E.02536
G1 X141.694 Y55.17 E.03042
G1 X142.486 Y55.578 E.02954
G1 X143.192 Y56.149 E.03013
G1 X143.763 Y56.855 E.03013
G1 X144.17 Y57.645 E.0295
G1 X144.408 Y58.462 E.02821
G1 X144.483 Y59.283 E.02735
G1 X144.483 Y89.226 E.99327
G1 X144.408 Y90.058 E.02771
G1 X144.17 Y90.875 E.0282
G1 X143.764 Y91.664 E.02945
G1 X143.192 Y92.361 E.0299
G1 X142.483 Y92.944 E.03043
G1 X141.695 Y93.349 E.02941
G1 X140.88 Y93.584 E.02815
G1 X140.047 Y93.659 E.02774
G1 X100.107 Y93.659 E1.32489
G1 X99.356 Y93.591 E.02501
G1 X98.457 Y93.349 E.03086
G1 X97.672 Y92.945 E.02931
G1 X96.974 Y92.363 E.03013
G1 X96.401 Y91.664 E.02998
G1 X95.995 Y90.875 E.02942
G1 X95.761 Y90.059 E.02818
G1 X95.685 Y89.226 E.02774
G1 X95.685 Y59.283 E.99327
G1 X95.754 Y58.531 E.02503
G1 X95.995 Y57.645 E.03049
G1 X96.402 Y56.855 E.02947
G1 X96.48 Y56.759 E.00411
M204 S2000
G1 X98.031 Y92.945 F18000
;TYPE:Internal solid infill
;WIDTH:0.421985
G1 F6000
G1 X97.211 Y92.126 E.03581
G1 X96.681 Y91.48 E.02579
G1 X96.307 Y90.752 E.02529
G1 X96.28 Y90.658 E.00302
G1 X98.687 Y93.065 E.10516
G1 X99.419 Y93.262 E.02342
G1 X96.083 Y89.925 E.14574
G1 X96.03 Y89.336 E.01828
G1 X100.01 Y93.316 E.17385
G1 X100.556 Y93.326 E.01688
G1 X96.018 Y88.789 E.19822
G1 X96.018 Y88.253 E.01656
G1 X101.092 Y93.326 E.22163
G1 X101.628 Y93.326 E.01656
G1 X96.018 Y87.716 E.24505
G1 X96.018 Y87.18 E.01656
G1 X102.164 Y93.326 E.26847
G1 X102.7 Y93.326 E.01656
G1 X96.018 Y86.644 E.29189
G1 X96.018 Y86.108 E.01656
G1 X103.236 Y93.326 E.3153
G1 X103.772 Y93.326 E.01656
G1 X96.018 Y85.572 E.33872
G1 X96.018 Y85.036 E.01656
G1 X104.308 Y93.326 E.36214
G1 X104.845 Y93.326 E.01656
G1 X96.018 Y84.5 E.38556
G1 X96.018 Y83.964 E.01656
G1 X105.381 Y93.326 E.40898
G1 X105.917 Y93.326 E.01656
G1 X96.018 Y83.428 E.43239
G1 X96.018 Y82.892 E.01656
G1 X106.453 Y93.326 E.45581
G1 X106.989 Y93.326 E.01656
G1 X96.018 Y82.356 E.47923
G1 X96.018 Y81.82 E.01656
G1 X107.525 Y93.326 E.50265
G1 X108.061 Y93.326 E.01656
G1 X96.018 Y81.284 E.52607
G1 X96.018 Y80.747 E.01656
G1 X108.597 Y93.326 E.54948
G1 X109.133 Y93.326 E.01656
G1 X96.018 Y80.211 E.5729
G1 X96.018 Y79.675 E.01656
G1 X109.669 Y93.326 E.59632
G1 X110.205 Y93.326 E.01656
G1 X96.018 Y79.139 E.61974
G1 X96.018 Y78.603 E.01656
G1 X110.741 Y93.326 E.64315
G1 X111.278 Y93.326 E.01656
G1 X96.018 Y78.067 E.66657
G1 X96.018 Y77.531 E.01656
G1 X111.814 Y93.326 E.68999
G1 X112.35 Y93.326 E.01656
G1 X96.018 Y76.995 E.71341
G1 X96.018 Y76.459 E.01656
G1 X112.886 Y93.326 E.73683
G1 X113.422 Y93.326 E.01656
G1 X96.018 Y75.923 E.76024
G1 X96.018 Y75.387 E.01656
G1 X113.958 Y93.326 E.78366
G1 X114.494 Y93.326 E.01656
G1 X96.018 Y74.851 E.80708
G1 X96.018 Y74.314 E.01656
G1 X115.03 Y93.326 E.8305
G1 X115.566 Y93.326 E.01656
G1 X96.018 Y73.778 E.85392
G1 X96.018 Y73.242 E.01656
G1 X116.102 Y93.326 E.87733
G1 X116.638 Y93.326 E.01656
G1 X96.018 Y72.706 E.90075
G1 X96.018 Y72.17 E.01656
G1 X117.174 Y93.326 E.92417
G1 X117.71 Y93.326 E.01656
G1 X96.018 Y71.634 E.94759
G1 X96.018 Y71.098 E.01656
G1 X118.247 Y93.326 E.97101
G1 X118.783 Y93.326 E.01656
G1 X96.018 Y70.562 E.99442
G1 X96.018 Y70.026 E.01656
G1 X119.319 Y93.326 E1.01784
G1 X119.855 Y93.326 E.01656
G1 X96.018 Y69.49 E1.04126
G1 X96.018 Y68.954 E.01656
G1 X120.391 Y93.326 E1.06468
G1 X120.927 Y93.326 E.01656
G1 X96.018 Y68.418 E1.08809
G1 X96.018 Y67.882 E.01656
G1 X121.463 Y93.326 E1.11151
G1 X121.999 Y93.326 E.01656
G1 X96.018 Y67.345 E1.13493
G1 X96.018 Y66.809 E.01656
G1 X122.535 Y93.326 E1.15835
G1 X123.071 Y93.326 E.01656
G1 X96.018 Y66.273 E1.18177
G1 X96.018 Y65.737 E.01656
G1 X123.607 Y93.326 E1.20518
G1 X124.143 Y93.326 E.01656
G1 X96.018 Y65.201 E1.2286
G1 X96.018 Y64.665 E.01656
G1 X124.679 Y93.326 E1.25202
G1 X125.216 Y93.326 E.01656
G1 X96.018 Y64.129 E1.27544
G1 X96.018 Y63.593 E.01656
G1 X125.752 Y93.326 E1.29886
G1 X126.288 Y93.326 E.01656
G1 X96.018 Y63.057 E1.32227
G1 X96.018 Y62.521 E.01656
G1 X126.824 Y93.326 E1.34569
G1 X127.36 Y93.326 E.01656
G1 X96.018 Y61.985 E1.36911
G1 X96.018 Y61.449 E.01656
G1 X127.896 Y93.326 E1.39253
G1 X128.432 Y93.326 E.01656
G1 X96.018 Y60.913 E1.41594
G1 X96.018 Y60.376 E.01656
G1 X128.968 Y93.326 E1.43936
G1 X129.504 Y93.326 E.01656
G1 X96.018 Y59.84 E1.46278
G1 X96.018 Y59.304 E.01656
G1 X130.04 Y93.326 E1.4862
G1 X130.576 Y93.326 E.01656
G1 X96.063 Y58.813 E1.50767
G1 X96.083 Y58.591 E.00688
G1 X96.146 Y58.36 E.0074
G1 X131.112 Y93.326 E1.52746
G1 X131.648 Y93.326 E.01656
G1 X96.261 Y57.938 E1.54586
G1 X96.308 Y57.766 E.00552
G1 X96.415 Y57.557 E.00727
G1 X132.185 Y93.326 E1.56253
G1 X132.721 Y93.326 E.01656
G1 X96.598 Y57.203 E1.57798
G1 X96.683 Y57.038 E.00574
G1 X96.811 Y56.88 E.00628
G1 X133.257 Y93.326 E1.5921
G1 X133.793 Y93.326 E.01656
G1 X97.05 Y56.583 E1.60505
G1 X97.212 Y56.383 E.00797
G1 X97.308 Y56.305 E.0038
G1 X134.329 Y93.326 E1.61723
G1 X134.865 Y93.326 E.01656
G1 X97.602 Y56.063 E1.62778
G1 X97.853 Y55.857 E.01005
G1 X97.905 Y55.83 E.00179
G1 X135.401 Y93.326 E1.63796
G1 X135.937 Y93.326 E.01656
G1 X98.259 Y55.648 E1.64592
G1 X98.618 Y55.471 E.01237
G1 X136.473 Y93.326 E1.65363
G1 X137.009 Y93.326 E.01656
G1 X99.034 Y55.351 E1.65888
G1 X99.346 Y55.261 E.01002
G1 X99.47 Y55.251 E.00384
G1 X137.545 Y93.326 E1.66328
G1 X138.081 Y93.326 E.01656
G1 X99.963 Y55.208 E1.66516
G1 X100.485 Y55.194 E.01614
G1 X138.618 Y93.326 E1.66576
G1 X139.154 Y93.326 E.01656
G1 X101.021 Y55.194 E1.66576
G1 X101.557 Y55.194 E.01656
G1 X139.69 Y93.326 E1.66576
G1 X140.21 Y93.31 E.01607
G1 X102.093 Y55.194 E1.66505
G1 X102.63 Y55.194 E.01656
G1 X140.701 Y93.266 E1.66311
G1 X140.818 Y93.255 E.00362
G1 X141.135 Y93.164 E.0102
G1 X103.166 Y55.194 E1.65866
G1 X103.702 Y55.194 E.01656
G1 X141.552 Y93.044 E1.65342
G1 X141.908 Y92.865 E.01234
G1 X104.238 Y55.194 E1.64559
G1 X104.774 Y55.194 E.01656
G1 X142.262 Y92.682 E1.63764
G1 X142.563 Y92.447 E.01179
G1 X105.31 Y55.194 E1.62734
G1 X105.846 Y55.194 E.01656
G1 X142.857 Y92.205 E1.61678
G1 X142.955 Y92.124 E.00393
G1 X143.116 Y91.928 E.00784
G1 X106.382 Y55.194 E1.60468
G1 X106.918 Y55.194 E.01656
G1 X143.358 Y91.634 E1.59182
G1 X143.484 Y91.48 E.00614
G1 X143.571 Y91.311 E.00588
G1 X107.454 Y55.194 E1.57771
G1 X107.99 Y55.194 E.01656
G1 X143.753 Y90.957 E1.56225
G1 X143.859 Y90.751 E.00716
G1 X143.91 Y90.577 E.00558
G1 X108.526 Y55.194 E1.54567
G1 X109.062 Y55.194 E.01656
G1 X144.03 Y90.162 E1.52753
G1 X144.079 Y89.996 E.00533
G1 X144.105 Y89.701 E.00916
G1 X109.599 Y55.194 E1.50739
G1 X110.135 Y55.194 E.01656
G1 X144.15 Y89.209 E1.4859
G1 X144.15 Y88.673 E.01656
G1 X110.671 Y55.194 E1.46249
G1 X111.207 Y55.194 E.01656
G1 X144.15 Y88.137 E1.43907
G1 X144.15 Y87.601 E.01656
G1 X111.743 Y55.194 E1.41565
G1 X112.279 Y55.194 E.01656
G1 X144.15 Y87.065 E1.39223
G1 X144.15 Y86.529 E.01656
G1 X112.815 Y55.194 E1.36881
G1 X113.351 Y55.194 E.01656
G1 X144.15 Y85.992 E1.3454
G1 X144.15 Y85.456 E.01656
G1 X113.887 Y55.194 E1.32198
G1 X114.423 Y55.194 E.01656
G1 X144.15 Y84.92 E1.29856
G1 X144.15 Y84.384 E.01656
G1 X114.959 Y55.194 E1.27514
G1 X115.495 Y55.194 E.01656
G1 X144.15 Y83.848 E1.25172
G1 X144.15 Y83.312 E.01656
G1 X116.032 Y55.194 E1.22831
G1 X116.568 Y55.194 E.01656
G1 X144.15 Y82.776 E1.20489
G1 X144.15 Y82.24 E.01656
G1 X117.104 Y55.194 E1.18147
G1 X117.64 Y55.194 E.01656
G1 X144.15 Y81.704 E1.15805
G1 X144.15 Y81.168 E.01656
G1 X118.176 Y55.194 E1.13464
G1 X118.712 Y55.194 E.01656
G1 X144.15 Y80.632 E1.11122
G1 X144.15 Y80.096 E.01656
G1 X119.248 Y55.194 E1.0878
G1 X119.784 Y55.194 E.01656
G1 X144.15 Y79.56 E1.06438
G1 X144.15 Y79.023 E.01656
G1 X120.32 Y55.194 E1.04096
G1 X120.856 Y55.194 E.01656
G1 X144.15 Y78.487 E1.01755
G1 X144.15 Y77.951 E.01656
G1 X121.392 Y55.194 E.99413
G1 X121.928 Y55.194 E.01656
G1 X144.15 Y77.415 E.97071
G1 X144.15 Y76.879 E.01656
G1 X122.464 Y55.194 E.94729
G1 X123.001 Y55.194 E.01656
G1 X144.15 Y76.343 E.92387
G1 X144.15 Y75.807 E.01656
G1 X123.537 Y55.194 E.90046
G1 X124.073 Y55.194 E.01656
G1 X144.15 Y75.271 E.87704
G1 X144.15 Y74.735 E.01656
G1 X124.609 Y55.194 E.85362
G1 X125.145 Y55.194 E.01656
G1 X144.15 Y74.199 E.8302
G1 X144.15 Y73.663 E.01656
G1 X125.681 Y55.194 E.80679
G1 X126.217 Y55.194 E.01656
G1 X144.15 Y73.127 E.78337
G1 X144.15 Y72.59 E.01656
G1 X126.753 Y55.194 E.75995
G1 X127.289 Y55.194 E.01656
G1 X144.15 Y72.054 E.73653
G1 X144.15 Y71.518 E.01656
G1 X127.825 Y55.194 E.71311
G1 X128.361 Y55.194 E.01656
G1 X144.15 Y70.982 E.6897
G1 X144.15 Y70.446 E.01656
G1 X128.897 Y55.194 E.66628
G1 X129.433 Y55.194 E.01656
G1 X144.15 Y69.91 E.64286
G1 X144.15 Y69.374 E.01656
G1 X129.97 Y55.194 E.61944
G1 X130.506 Y55.194 E.01656
G1 X144.15 Y68.838 E.59602
G1 X144.15 Y68.302 E.01656
G1 X131.042 Y55.194 E.57261
G1 X131.578 Y55.194 E.01656
G1 X144.15 Y67.766 E.54919
G1 X144.15 Y67.23 E.01656
G1 X132.114 Y55.194 E.52577
G1 X132.65 Y55.194 E.01656
G1 X144.15 Y66.694 E.50235
G1 X144.15 Y66.158 E.01656
G1 X133.186 Y55.194 E.47893
G1 X133.722 Y55.194 E.01656
G1 X144.15 Y65.621 E.45552
G1 X144.15 Y65.085 E.01656
G1 X134.258 Y55.194 E.4321
G1 X134.794 Y55.194 E.01656
G1 X144.15 Y64.549 E.40868
G1 X144.15 Y64.013 E.01656
G1 X135.33 Y55.194 E.38526
G1 X135.866 Y55.194 E.01656
G1 X144.15 Y63.477 E.36185
G1 X144.15 Y62.941 E.01656
G1 X136.403 Y55.194 E.33843
G1 X136.939 Y55.194 E.01656
G1 X144.15 Y62.405 E.31501
G1 X144.15 Y61.869 E.01656
G1 X137.475 Y55.194 E.29159
G1 X138.011 Y55.194 E.01656
G1 X144.15 Y61.333 E.26817
G1 X144.15 Y60.797 E.01656
G1 X138.547 Y55.194 E.24476
G1 X139.083 Y55.194 E.01656
G1 X144.15 Y60.261 E.22134
G1 X144.15 Y59.725 E.01656
G1 X139.619 Y55.194 E.19792
G1 X140.166 Y55.205 E.01692
G1 X144.139 Y59.177 E.17352
G1 X144.085 Y58.587 E.01831
G1 X140.754 Y55.256 E.14551
G1 X141.494 Y55.461 E.02373
G1 X144.132 Y58.098 E.11521
; stop printing object USV 1 e2mm.stl_1 id:1 copy 0
; end of layer_num: 3, T: 0, print_z: 0.640000
M106 S247
;LAYER_CHANGE
;Z:0.84
;HEIGHT:0.2
; BEFORE_LAYER_CHANGE 3 @ 0.84mm
G92 E0
; AFTER_LAYER_CHANGE 3 @ 0.84mm
; start of layer_num: 4, T: 0, print_z: 0.840000
; printing object "USV 1 e2mm.stl_3" id:0 copy 0
G1 E-.8 F3600
G1 X120.205 Y162.582 Z.84 F18000
G1 E.8 F3600
M204 S1000
;TYPE:Outer wall
;WIDTH:0.42
G1 F3000
G1 X120.14 Y161.867 E.02206
G1 X120.14 Y131.887 E.9212
G1 X120.22 Y131.008 E.02713
G1 X120.479 Y130.123 E.02834
G1 X120.922 Y129.262 E.02975
G1 X121.544 Y128.492 E.03042
G1 X122.314 Y127.869 E.03042
G1 X123.175 Y127.427 E.02975
G1 X123.936 Y127.205 E.02435
G1 X124.189 Y127.157 E.00792
G1 X124.95 Y127.088 E.02349
G1 X165.051 Y127.099 E1.23217
G1 X165.802 Y127.168 E.02318
G1 X166.702 Y127.427 E.02878
G1 X167.562 Y127.869 E.02971
G1 X168.32 Y128.491 E.03014
G1 X168.943 Y129.262 E.03045
G1 X169.386 Y130.123 E.02974
G1 X169.605 Y130.881 E.02425
G1 X169.653 Y131.133 E.00788
G1 X169.722 Y131.887 E.02328
G1 X169.722 Y161.867 E.9212
G1 X169.641 Y162.754 E.02736
G1 X169.386 Y163.643 E.02843
G1 X168.943 Y164.503 E.02974
G1 X168.32 Y165.274 E.03044
G1 X167.562 Y165.892 E.03007
G1 X166.702 Y166.338 E.02977
G1 X165.932 Y166.557 E.0246
G1 X165.678 Y166.605 E.00795
G1 X164.926 Y166.674 E.02319
G1 X124.95 Y166.674 E1.22835
G1 X124.063 Y166.593 E.02739
G1 X123.175 Y166.339 E.02838
G1 X122.314 Y165.892 E.0298
G1 X121.544 Y165.273 E.03036
G1 X120.922 Y164.503 E.03041
G1 X120.479 Y163.643 E.02975
G1 X120.22 Y162.753 E.02845
G1 X120.206 Y162.602 E.00467
M204 S2000
G1 X120.595 Y162.547 F18000
M204 S1500
;TYPE:Inner wall
;WIDTH:0.45
G1 F4800
G1 X120.532 Y161.849 E.02323
G1 X120.532 Y131.905 E.99331
G1 X120.607 Y131.081 E.02743
G1 X120.845 Y130.269 E.02808
G1 X121.252 Y129.477 E.02954
G1 X121.823 Y128.771 E.03013
G1 X122.529 Y128.2 E.03013
G1 X123.321 Y127.792 E.02953
G1 X124.028 Y127.587 E.02442
G1 X124.244 Y127.545 E.00729
G1 X124.968 Y127.48 E.02413
G1 X165.015 Y127.489 E1.32843
G1 X165.729 Y127.555 E.02379
G1 X166.557 Y127.793 E.02857
G1 X167.345 Y128.199 E.02942
G1 X168.04 Y128.769 E.02982
G1 X168.613 Y129.477 E.0302
G1 X169.02 Y130.268 E.02951
G1 X169.223 Y130.972 E.02431
G1 X169.264 Y131.187 E.00727
G1 X169.33 Y131.905 E.02391
G1 X169.33 Y161.849 E.99331
G1 X169.254 Y162.681 E.02771
G1 X169.019 Y163.498 E.02818
G1 X168.613 Y164.288 E.02949
G1 X168.041 Y164.996 E.03017
G1 X167.345 Y165.563 E.02977
G1 X166.557 Y165.972 E.02947
G1 X165.842 Y166.175 E.02466
G1 X165.623 Y166.216 E.00738
G1 X164.908 Y166.282 E.02381
G1 X124.968 Y166.282 E1.32489
G1 X124.135 Y166.206 E.02775
G1 X123.321 Y165.973 E.0281
G1 X122.529 Y165.562 E.02958
G1 X121.822 Y164.994 E.03008
G1 X121.252 Y164.288 E.0301
G1 X120.845 Y163.497 E.02952
G1 X120.607 Y162.68 E.02821
G1 X120.597 Y162.567 E.00379
G1 E-.8 F3600
M204 S2000
G1 X120.88 Y157.177 F18000
G1 E.8 F3600
;TYPE:Sparse infill
G1 F8843.478
G1 X120.88 Y161.834 E.15447
G1 X120.951 Y162.615 E.02604
G1 X121.17 Y163.367 E.02598
G1 X121.545 Y164.097 E.02722
G1 X122.07 Y164.746 E.02767
G1 X122.72 Y165.269 E.02769
G1 X123.45 Y165.647 E.02727
G1 X123.896 Y165.775 E.01537
G1 X168.981 Y153.694 E1.54834
G1 X168.981 Y152.82 E.02899
G1 X143.994 Y127.833 E1.17223
G1 X149.419 Y127.834 E.17998
G1 X139.211 Y165.933 E1.30841
G1 X130.485 Y165.933 E.28944
G1 X120.88 Y139.261 F18000
G1 F8843.478
G1 X147.553 Y165.933 E1.25126
G1 X151.854 Y165.933 E.14268
G1 X162.062 Y127.837 E1.3083
G1 X161.269 Y127.837 E.0263
G1 X168.981 Y135.549 E.36181
G1 X168.981 Y141.051 E.1825
G1 X120.88 Y153.94 E1.6519
G1 X120.88 Y156.532 E.08598
G1 X130.282 Y165.933 E.44104
G1 X126.568 Y165.933 E.1232
G1 X136.777 Y127.831 E1.30851
G1 X126.922 Y127.828 E.32691
G1 X168.981 Y135.346 F18000
G1 F8843.478
G1 X168.981 Y131.921 E.11361
G1 X168.919 Y131.236 E.02282
G1 X168.884 Y131.053 E.00617
G1 X168.694 Y130.397 E.02265
G1 X168.319 Y129.668 E.0272
G1 X167.792 Y129.016 E.02784
G1 X167.527 Y128.798 E.01139
G1 X120.88 Y141.297 E1.60193
G1 X120.88 Y139.974 E.04388
G1 X124.108 Y127.926 E.41376
G1 X124.292 Y127.891 E.0062
G1 X124.984 Y127.828 E.02303
G1 X126.719 Y127.828 E.05755
G1 X164.823 Y165.933 E1.78758
G1 X164.497 Y165.933 E.01083
G1 X168.981 Y149.197 E.57474
G1 X168.981 Y141.255 E.26348
; stop printing object USV 1 e2mm.stl_3 id:0 copy 0
; printing object "USV 1 e2mm.stl_1" id:1 copy 0
G1 E-.8 F3600
G1 X96.183 Y56.502 F18000
G1 E.8 F3600
M204 S1000
;TYPE:Outer wall
;WIDTH:0.42
G1 F3000
G1 X96.695 Y55.869 E.025
G1 X97.453 Y55.247 E.03014
G1 X98.313 Y54.805 E.02972
G1 X99.213 Y54.545 E.02877
G1 X100.088 Y54.468 E.027
G1 X140.065 Y54.468 E1.22838
G1 X140.827 Y54.534 E.02349
G1 X141.079 Y54.582 E.0079
G1 X141.84 Y54.804 E.02435
G1 X142.701 Y55.247 E.02975
G1 X143.471 Y55.87 E.03042
G1 X144.093 Y56.64 E.03042
G1 X144.536 Y57.5 E.02972
G1 X144.795 Y58.389 E.02845
G1 X144.875 Y59.265 E.02704
G1 X144.875 Y89.244 E.92117
G1 X144.795 Y90.131 E.02738
G1 X144.536 Y91.02 E.02845
G1 X144.094 Y91.881 E.02972
G1 X143.471 Y92.639 E.03016
G1 X142.7 Y93.273 E.03066
G1 X141.84 Y93.715 E.02971
G1 X140.952 Y93.971 E.0284
G1 X140.065 Y94.051 E.02738
G1 X100.089 Y94.051 E1.22835
G1 X99.337 Y93.983 E.02318
G1 X99.083 Y93.934 E.00794
G1 X98.313 Y93.715 E.02462
G1 X97.454 Y93.273 E.02968
G1 X96.695 Y92.64 E.03038
G1 X96.072 Y91.881 E.03019
G1 X95.629 Y91.021 E.02971
G1 X95.373 Y90.132 E.02843
G1 X95.293 Y89.244 E.02739
G1 X95.293 Y59.265 E.92117
G1 X95.362 Y58.513 E.02321
G1 X95.41 Y58.261 E.00789
G1 X95.629 Y57.499 E.02435
G1 X96.072 Y56.64 E.02971
G1 X96.171 Y56.517 E.00483
M204 S2000
G1 X96.488 Y56.748 F18000
M204 S1500
;TYPE:Inner wall
;WIDTH:0.45
G1 F4800
G1 X96.975 Y56.147 E.02566
G1 X97.669 Y55.577 E.02982
G1 X98.458 Y55.171 E.02943
G1 X99.285 Y54.932 E.02853
G1 X100.105 Y54.861 E.02732
G1 X140.048 Y54.861 E1.32498
G1 X140.773 Y54.923 E.02413
G1 X140.987 Y54.964 E.00724
G1 X141.694 Y55.17 E.02441
G1 X142.486 Y55.578 E.02954
G1 X143.192 Y56.149 E.03013
G1 X143.763 Y56.855 E.03013
G1 X144.17 Y57.645 E.0295
G1 X144.408 Y58.462 E.02821
G1 X144.483 Y59.283 E.02735
G1 X144.483 Y89.226 E.99327
G1 X144.408 Y90.058 E.02771
G1 X144.17 Y90.875 E.0282
G1 X143.764 Y91.664 E.02945
G1 X143.192 Y92.361 E.0299
G1 X142.483 Y92.944 E.03043
G1 X141.695 Y93.349 E.02941
G1 X140.88 Y93.584 E.02814
G1 X140.047 Y93.659 E.02774
G1 X100.107 Y93.659 E1.32489
G1 X99.392 Y93.594 E.02381
G1 X99.174 Y93.552 E.00737
G1 X98.457 Y93.349 E.02471
G1 X97.672 Y92.945 E.02931
G1 X96.974 Y92.363 E.03013
G1 X96.401 Y91.664 E.02998
G1 X95.995 Y90.875 E.02942
G1 X95.761 Y90.059 E.02818
G1 X95.685 Y89.226 E.02774
G1 X95.685 Y59.283 E.99327
G1 X95.751 Y58.568 E.02383
G1 X95.792 Y58.352 E.00729
G1 X95.995 Y57.645 E.02441
G1 X96.402 Y56.855 E.02947
G1 X96.476 Y56.764 E.00389
M204 S2000
G1 X102.076 Y55.209 F18000
;TYPE:Sparse infill
G1 F8843.478
G1 X111.931 Y55.209 E.32688
G1 X101.721 Y93.311 E1.30851
G1 X105.433 Y93.311 E.12314
G1 X96.033 Y83.911 E.44097
G1 X96.033 Y81.319 E.08598
G1 X144.135 Y68.431 E1.6519
G1 X144.135 Y62.929 E.1825
G1 X136.415 Y55.209 E.36216
G1 X137.217 Y55.209 E.02661
G1 X127.008 Y93.311 E1.30851
G1 X122.704 Y93.311 E.14275
G1 X96.033 Y66.64 E1.25119
G1 X96.033 Y84.557 F18000
G1 F8843.478
G1 X96.033 Y89.211 E.15435
G1 X96.104 Y89.995 E.02612
G1 X96.321 Y90.746 E.02595
G1 X96.694 Y91.472 E.02706
G1 X97.223 Y92.116 E.02766
G1 X97.865 Y92.652 E.02776
G1 X98.586 Y93.023 E.02688
G1 X99.048 Y93.155 E.01594
G1 X144.135 Y81.074 E1.54836
G1 X144.135 Y80.2 E.02899
G1 X119.144 Y55.209 E1.17237
G1 X124.574 Y55.209 E.18012
G1 X114.364 Y93.311 E1.30851
G1 X105.637 Y93.311 E.28951
G1 X144.135 Y68.634 F18000
G1 F8843.478
G1 X144.135 Y76.577 E.26348
G1 X139.651 Y93.311 E.57469
G1 X139.975 Y93.311 E.01076
G1 X101.873 Y55.209 E1.78746
G1 X100.12 Y55.209 E.05813
G1 X99.349 Y55.276 E.02569
G1 X99.263 Y55.301 E.00297
G1 X96.033 Y67.353 E.4139
G1 X96.033 Y68.676 E.04388
G1 X142.675 Y56.178 E1.60177
G1 X142.944 Y56.396 E.01149
G1 X143.47 Y57.046 E.02773
G1 X143.845 Y57.775 E.0272
G1 X144.064 Y58.527 E.02598
G1 X144.135 Y59.299 E.02571
G1 X144.135 Y62.725 E.11366
; stop printing object USV 1 e2mm.stl_1 id:1 copy 0
; end of layer_num: 4, T: 0, print_z: 0.840000
;LAYER_CHANGE
;Z:1.04
;HEIGHT:0.2
; BEFORE_LAYER_CHANGE 4 @ 1.04mm
G92 E0
; AFTER_LAYER_CHANGE 4 @ 1.04mm
; start of layer_num: 5, T: 0, print_z: 1.040000
; printing object "USV 1 e2mm.stl_3" id:0 copy 0
G1 E-.8 F3600
G1 X120.205 Y162.589 Z1.04 F18000
G1 E.8 F3600
M204 S1000
;TYPE:Outer wall
;WIDTH:0.42
G1 F3000
G1 X120.14 Y161.867 E.02227
G1 X120.14 Y131.887 E.9212
G1 X120.22 Y131.008 E.02713
G1 X120.479 Y130.123 E.02834
G1 X120.922 Y129.262 E.02975
G1 X121.544 Y128.492 E.03042
G1 X122.314 Y127.869 E.03042
G1 X123.175 Y127.427 E.02975
G1 X123.899 Y127.216 E.02316
G1 X124.226 Y127.153 E.01023
G1 X124.95 Y127.088 E.02236
G1 X164.926 Y127.088 E1.22835
G1 X165.087 Y127.102 E.00496
G1 X165.802 Y127.168 E.02206
G1 X166.702 Y127.427 E.02878
G1 X167.562 Y127.869 E.02971
G1 X168.32 Y128.491 E.03014
G1 X168.943 Y129.262 E.03045
G1 X169.386 Y130.123 E.02974
G1 X169.594 Y130.844 E.02307
G1 X169.656 Y131.169 E.01017
G1 X169.722 Y131.887 E.02216
G1 X169.722 Y161.867 E.9212
G1 X169.641 Y162.754 E.02736
G1 X169.386 Y163.643 E.02843
G1 X168.943 Y164.503 E.02974
G1 X168.32 Y165.274 E.03044
G1 X167.562 Y165.892 E.03007
G1 X166.702 Y166.338 E.02977
G1 X165.969 Y166.546 E.0234
G1 X165.641 Y166.608 E.01025
G1 X164.926 Y166.674 E.02207
G1 X124.95 Y166.674 E1.22835
G1 X124.063 Y166.593 E.02739
G1 X123.175 Y166.339 E.02838
G1 X122.314 Y165.892 E.0298
G1 X121.544 Y165.273 E.03036
G1 X120.922 Y164.503 E.03041
G1 X120.479 Y163.643 E.02975
G1 X120.22 Y162.753 E.02845
G1 X120.207 Y162.609 E.00446
M204 S2000
G1 X120.596 Y162.553 F18000
M204 S1500
;TYPE:Inner wall
;WIDTH:0.45
G1 F4800
G1 X120.532 Y161.849 E.02345
G1 X120.532 Y131.905 E.99331
G1 X120.607 Y131.081 E.02743
G1 X120.845 Y130.269 E.02808
G1 X121.252 Y129.477 E.02954
G1 X121.823 Y128.771 E.03013
G1 X122.529 Y128.2 E.03013
G1 X123.321 Y127.792 E.02953
G1 X123.99 Y127.597 E.02314
G1 X124.28 Y127.542 E.00979
G1 X124.968 Y127.48 E.02291
G1 X164.908 Y127.48 E1.32489
G1 X165.051 Y127.493 E.00476
G1 X165.729 Y127.555 E.02259
G1 X166.557 Y127.793 E.02857
G1 X167.345 Y128.199 E.02942
G1 X168.04 Y128.769 E.02982
G1 X168.613 Y129.477 E.0302
G1 X169.02 Y130.268 E.02951
G1 X169.212 Y130.935 E.02303
G1 X169.268 Y131.224 E.00975
G1 X169.33 Y131.905 E.0227
G1 X169.33 Y161.849 E.99331
G1 X169.254 Y162.681 E.02771
G1 X169.019 Y163.498 E.02818
G1 X168.613 Y164.288 E.02949
G1 X168.041 Y164.996 E.03017
G1 X167.345 Y165.563 E.02977
G1 X166.557 Y165.972 E.02947
G1 X165.879 Y166.164 E.02336
G1 X165.587 Y166.219 E.00987
G1 X164.908 Y166.282 E.02261
G1 X124.968 Y166.282 E1.32489
G1 X124.135 Y166.206 E.02775
G1 X123.321 Y165.973 E.0281
G1 X122.529 Y165.562 E.02958
G1 X121.822 Y164.994 E.03008
G1 X121.252 Y164.288 E.0301
G1 X120.845 Y163.497 E.02952
G1 X120.607 Y162.68 E.02821
G1 X120.598 Y162.573 E.00356
G1 E-.8 F3600
M204 S2000
G1 X121.257 Y157.962 F18000
G1 E.8 F3600
;TYPE:Sparse infill
G1 F8843.478
G1 X121.257 Y161.817 E.12788
G1 X121.323 Y162.545 E.02426
G1 X121.522 Y163.227 E.02356
G1 X121.863 Y163.89 E.02473
G1 X122.337 Y164.477 E.02504
G1 X122.927 Y164.951 E.0251
G1 X123.59 Y165.295 E.02478
G1 X124.269 Y165.49 E.02341
G1 X125.001 Y165.556 E.02438
G1 X125.259 Y165.556 E.00857
G1 X168.604 Y153.942 E1.48857
G1 X168.604 Y152.243 E.05634
G1 X144.566 Y128.205 E1.12768
G1 X149.174 Y128.205 E.15284
G1 X139.165 Y165.556 E1.28271
G1 X130.308 Y165.556 E.29381
G1 X121.257 Y151.342 F18000
G1 F8843.478
G1 X121.257 Y141.342 E.33172
G1 X167.213 Y129.028 E1.57821
G1 X167.523 Y129.283 E.0133
G1 X168.002 Y129.875 E.02527
G1 X168.342 Y130.537 E.0247
G1 X168.506 Y131.104 E.01958
G1 X168.548 Y131.325 E.00746
G1 X168.604 Y131.938 E.02042
G1 X168.604 Y134.769 E.0939
G1 X168.604 Y141.502 F18000
G1 F8843.478
G1 X168.604 Y150.058 E.28383
G1 X164.452 Y165.556 E.53223
G1 X164.646 Y165.556 E.00646
G1 X127.295 Y128.205 E1.75222
G1 X125.001 Y128.205 E.07611
G1 X124.381 Y128.261 E.02063
G1 X124.16 Y128.303 E.00746
G1 X123.835 Y128.398 E.01123
G1 X121.257 Y138.02 E.33044
G1 X121.257 Y139.438 E.04703
G1 X147.375 Y165.556 E1.22526
G1 X151.809 Y165.556 E.14705
G1 X161.817 Y128.205 E1.28271
G1 X161.837 Y128.205 E.00067
G1 X168.604 Y134.972 E.31747
G1 X168.604 Y141.299 E.20985
G1 X121.257 Y153.985 E1.626
G1 X121.257 Y156.709 E.09035
G1 X130.105 Y165.556 E.41505
G1 X126.522 Y165.556 E.11883
G1 X136.53 Y128.205 E1.28271
G1 X127.499 Y128.205 E.2996
G1 X124.992 Y127.842 F18000
;TYPE:Internal solid infill
;WIDTH:0.38292
G1 F6000
G1 X124.34 Y127.91 E.01816
G1 X123.474 Y128.125 E.0247
G1 X122.743 Y128.498 E.02274
G1 X122.094 Y129.018 E.02304
G1 X121.568 Y129.663 E.02307
G1 X121.19 Y130.39 E.0227
G1 X120.969 Y131.135 E.02151
G1 X120.895 Y131.921 E.02189
G1 X120.895 Y161.826 E.82852
G1 X120.964 Y162.597 E.02146
G1 X121.179 Y163.347 E.02161
G1 X121.55 Y164.075 E.02262
G1 X122.069 Y164.722 E.023
G1 X122.716 Y165.247 E.02307
G1 X123.441 Y165.627 E.02269
G1 X124.187 Y165.844 E.02153
G1 X124.984 Y165.919 E.02217
G1 X164.884 Y165.919 E1.10546
G1 X165.528 Y165.851 E.01793
G1 X166.403 Y165.639 E.02495
G1 X167.131 Y165.266 E.02265
G1 X167.77 Y164.749 E.02277
G1 X168.297 Y164.102 E.02312
G1 X168.674 Y163.377 E.02263
G1 X168.892 Y162.629 E.0216
G1 X168.967 Y161.833 E.02214
G1 X168.967 Y131.929 E.82852
G1 X168.899 Y131.283 E.01799
G1 X168.686 Y130.421 E.02459
G1 X168.315 Y129.691 E.02272
G1 X167.792 Y129.038 E.02316
G1 X167.158 Y128.514 E.02278
G1 X166.436 Y128.139 E.02254
G1 X165.676 Y127.917 E.02193
G1 X164.892 Y127.842 E.02183
G1 X125.012 Y127.842 E1.10491
; stop printing object USV 1 e2mm.stl_3 id:0 copy 0
; printing object "USV 1 e2mm.stl_1" id:1 copy 0
G1 E-.8 F3600
G1 X96.179 Y56.507 F18000
G1 E.8 F3600
M204 S1000
;TYPE:Outer wall
;WIDTH:0.42
G1 F3000
G1 X96.695 Y55.869 E.02521
G1 X97.453 Y55.247 E.03014
G1 X98.313 Y54.805 E.02972
G1 X99.213 Y54.545 E.02877
G1 X100.088 Y54.468 E.027
G1 X140.065 Y54.468 E1.22838
G1 X140.79 Y54.531 E.02235
G1 X141.116 Y54.593 E.01021
G1 X141.84 Y54.804 E.02316
G1 X142.701 Y55.247 E.02975
G1 X143.471 Y55.87 E.03042
G1 X144.093 Y56.64 E.03042
G1 X144.536 Y57.5 E.02972
G1 X144.795 Y58.389 E.02845
G1 X144.875 Y59.265 E.02704
G1 X144.875 Y89.244 E.92117
G1 X144.795 Y90.131 E.02738
G1 X144.536 Y91.02 E.02845
G1 X144.094 Y91.881 E.02972
G1 X143.471 Y92.639 E.03016
G1 X142.7 Y93.273 E.03066
G1 X141.84 Y93.715 E.02971
G1 X140.952 Y93.971 E.0284
G1 X140.065 Y94.051 E.02738
G1 X100.089 Y94.051 E1.22835
G1 X99.374 Y93.986 E.02207
G1 X99.046 Y93.924 E.01025
G1 X98.313 Y93.715 E.02342
G1 X97.454 Y93.273 E.02968
G1 X96.695 Y92.64 E.03038
G1 X96.072 Y91.881 E.03019
G1 X95.629 Y91.021 E.02971
G1 X95.373 Y90.132 E.02843
G1 X95.293 Y89.244 E.02739
G1 X95.293 Y59.265 E.92117
G1 X95.359 Y58.549 E.02209
G1 X95.421 Y58.224 E.01018
G1 X95.629 Y57.499 E.02316
G1 X96.072 Y56.64 E.02971
G1 X96.167 Y56.523 E.00462
M204 S2000
G1 X96.484 Y56.754 F18000
M204 S1500
;TYPE:Inner wall
;WIDTH:0.45
G1 F4800
G1 X96.975 Y56.147 E.02589
G1 X97.669 Y55.577 E.02982
G1 X98.458 Y55.171 E.02943
G1 X99.285 Y54.932 E.02853
G1 X100.105 Y54.861 E.02732
G1 X140.048 Y54.861 E1.32498
G1 X140.736 Y54.92 E.02291
G1 X141.025 Y54.975 E.00973
G1 X141.694 Y55.17 E.02313
G1 X142.486 Y55.578 E.02954
G1 X143.192 Y56.149 E.03013
G1 X143.763 Y56.855 E.03013
G1 X144.17 Y57.645 E.0295
G1 X144.408 Y58.462 E.02821
G1 X144.483 Y59.283 E.02735
G1 X144.483 Y89.226 E.99327
G1 X144.408 Y90.058 E.02771
G1 X144.17 Y90.875 E.0282
G1 X143.764 Y91.664 E.02945
G1 X143.192 Y92.361 E.0299
G1 X142.483 Y92.944 E.03043
G1 X141.695 Y93.349 E.02941
G1 X140.88 Y93.584 E.02815
G1 X140.047 Y93.659 E.02774
G1 X100.107 Y93.659 E1.32489
G1 X99.428 Y93.597 E.0226
G1 X99.136 Y93.542 E.00986
G1 X98.457 Y93.349 E.02341
G1 X97.672 Y92.945 E.02931
G1 X96.974 Y92.363 E.03013
G1 X96.401 Y91.664 E.02998
G1 X95.995 Y90.875 E.02942
G1 X95.761 Y90.059 E.02818
G1 X95.685 Y89.226 E.02774
G1 X95.685 Y59.283 E.99327
G1 X95.747 Y58.604 E.02262
G1 X95.803 Y58.315 E.00977
G1 X95.995 Y57.645 E.02313
G1 X96.402 Y56.855 E.02947
G1 X96.471 Y56.769 E.00366
M204 S2000
G1 X102.654 Y55.586 F18000
;TYPE:Sparse infill
G1 F8843.478
G1 X111.683 Y55.586 E.29953
G1 X101.676 Y92.934 E1.28261
G1 X96.411 Y85.347 F18000
G1 F8843.478
G1 X96.411 Y89.194 E.12759
G1 X96.477 Y89.925 E.02436
G1 X96.673 Y90.607 E.02353
G1 X97.011 Y91.264 E.02451
G1 X97.492 Y91.85 E.02515
G1 X98.075 Y92.336 E.0252
G1 X98.725 Y92.671 E.02425
G1 X99.303 Y92.835 E.01994
G1 X99.529 Y92.878 E.00762
G1 X100.14 Y92.934 E.02034
G1 X100.418 Y92.934 E.00922
G1 X143.758 Y81.321 E1.48837
G1 X143.758 Y79.623 E.05634
G1 X119.721 Y55.586 E1.12761
G1 X124.326 Y55.586 E.15277
G1 X114.319 Y92.934 E1.28261
G1 X105.256 Y92.934 E.30063
G1 X96.411 Y84.088 E.41497
G1 X96.411 Y81.365 E.09035
G1 X143.758 Y68.678 E1.626
G1 X143.758 Y62.352 E.20985
G1 X136.992 Y55.586 E.3174
G1 X136.97 Y55.586 E.00074
G1 X126.962 Y92.934 E1.28261
G1 X122.527 Y92.934 E.14712
G1 X96.411 Y66.817 E1.22519
G1 X96.411 Y65.4 E.04703
G1 X98.99 Y55.772 E.33062
G1 X99.418 Y55.649 E.01478
G1 X100.137 Y55.586 E.02393
G1 X102.45 Y55.586 E.07673
G1 X139.798 Y92.934 E1.75208
G1 X139.605 Y92.934 E.00639
G1 X143.758 Y77.438 E.53217
G1 X143.758 Y68.882 E.28383
G1 X143.758 Y62.148 F18000
G1 F8843.478
G1 X143.758 Y59.316 E.09394
G1 X143.692 Y58.598 E.02393
G1 X143.493 Y57.915 E.02357
G1 X143.152 Y57.253 E.02471
G1 X142.676 Y56.664 E.02512
G1 X142.361 Y56.409 E.01346
G1 X96.411 Y68.721 E1.57802
G1 X96.411 Y78.721 E.33172
G1 X140.023 Y93.297 F18000
;TYPE:Internal solid infill
;WIDTH:0.38292
G1 F6000
G1 X140.797 Y93.227 E.02153
G1 X141.546 Y93.015 E.02155
G1 X142.268 Y92.647 E.02246
G1 X142.922 Y92.113 E.02339
G1 X143.448 Y91.477 E.02288
G1 X143.825 Y90.753 E.02259
G1 X144.045 Y90.005 E.02161
G1 X144.12 Y89.21 E.02213
G1 X144.12 Y59.307 E.82849
G1 X144.051 Y58.545 E.02119
G1 X143.836 Y57.795 E.02162
G1 X143.465 Y57.069 E.0226
G1 X142.945 Y56.42 E.02305
G1 X142.299 Y55.893 E.02307
G1 X141.572 Y55.516 E.0227
G1 X140.945 Y55.339 E.01807
G1 X140.036 Y55.223 E.02537
G1 X100.128 Y55.223 E1.10568
G1 X99.367 Y55.289 E.02117
G1 X98.608 Y55.505 E.02187
G1 X97.885 Y55.874 E.02248
G1 X97.246 Y56.393 E.02282
G1 X96.718 Y57.041 E.02316
G1 X96.341 Y57.765 E.02261
G1 X96.166 Y58.395 E.0181
G1 X96.048 Y59.296 E.0252
G1 X96.048 Y89.203 E.82858
G1 X96.117 Y89.977 E.02154
G1 X96.33 Y90.726 E.02158
G1 X96.698 Y91.449 E.02247
G1 X97.224 Y92.094 E.02306
G1 X97.86 Y92.629 E.02302
G1 X98.577 Y93.002 E.0224
G1 X99.215 Y93.178 E.01834
G1 X100.12 Y93.297 E.02528
G1 X140.003 Y93.297 E1.10499
; stop printing object USV 1 e2mm.stl_1 id:1 copy 0
; end of layer_num: 5, T: 0, print_z: 1.040000
M106 S204
;LAYER_CHANGE
;Z:1.24
;HEIGHT:0.2
; BEFORE_LAYER_CHANGE 5 @ 1.24mm
G92 E0
; AFTER_LAYER_CHANGE 5 @ 1.24mm
; start of layer_num: 6, T: 0, print_z: 1.240000
; printing object "USV 1 e2mm.stl_3" id:0 copy 0
G1 E-.8 F3600
G1 X120.206 Y162.596 Z1.24 F18000
G1 E.8 F3600
M204 S1000
;TYPE:Outer wall
;WIDTH:0.42
G1 F3000
G1 X120.14 Y161.867 E.02248
G1 X120.14 Y131.887 E.9212
G1 X120.22 Y131.008 E.02713
G1 X120.479 Y130.123 E.02834
G1 X120.922 Y129.262 E.02975
G1 X121.544 Y128.492 E.03042
G1 X122.314 Y127.869 E.03042
G1 X123.175 Y127.427 E.02975
G1 X123.861 Y127.227 E.02197
G1 X124.262 Y127.15 E.01254
G1 X124.95 Y127.088 E.02123
G1 X164.926 Y127.088 E1.22835
G1 X165.123 Y127.106 E.00608
G1 X165.802 Y127.168 E.02094
G1 X166.702 Y127.427 E.02878
G1 X167.562 Y127.869 E.02971
G1 X168.32 Y128.491 E.03014
G1 X168.943 Y129.262 E.03045
G1 X169.386 Y130.123 E.02974
G1 X169.583 Y130.807 E.02188
G1 X169.66 Y131.205 E.01247
G1 X169.722 Y131.887 E.02104
G1 X169.722 Y161.867 E.9212
G1 X169.641 Y162.754 E.02736
G1 X169.386 Y163.643 E.02843
G1 X168.943 Y164.503 E.02974
G1 X168.32 Y165.274 E.03044
G1 X167.562 Y165.892 E.03007
G1 X166.702 Y166.338 E.02977
G1 X166.007 Y166.535 E.0222
G1 X165.605 Y166.611 E.01256
G1 X164.926 Y166.674 E.02095
G1 X124.95 Y166.674 E1.22835
G1 X124.063 Y166.593 E.02739
G1 X123.175 Y166.339 E.02838
G1 X122.314 Y165.892 E.0298
G1 X121.544 Y165.273 E.03036
G1 X120.922 Y164.503 E.03041
G1 X120.479 Y163.643 E.02975
G1 X120.22 Y162.753 E.02845
G1 X120.208 Y162.616 E.00425
M204 S2000
G1 X120.596 Y162.56 F18000
M204 S1500
;TYPE:Inner wall
;WIDTH:0.45
G1 F4800
G1 X120.532 Y161.849 E.02369
G1 X120.532 Y131.905 E.99331
G1 X120.607 Y131.081 E.02743
G1 X120.845 Y130.269 E.02808
G1 X121.252 Y129.477 E.02954
G1 X121.823 Y128.771 E.03013
G1 X122.529 Y128.2 E.03013
G1 X123.321 Y127.792 E.02953
G1 X123.953 Y127.608 E.02186
G1 X124.317 Y127.539 E.01228
G1 X124.968 Y127.48 E.02168
G1 X164.908 Y127.48 E1.32489
G1 X165.087 Y127.496 E.00597
G1 X165.729 Y127.555 E.02138
G1 X166.557 Y127.793 E.02857
G1 X167.345 Y128.199 E.02942
G1 X168.04 Y128.769 E.02982
G1 X168.613 Y129.477 E.0302
G1 X169.02 Y130.268 E.02951
G1 X169.202 Y130.898 E.02176
G1 X169.271 Y131.26 E.01222
G1 X169.33 Y131.905 E.02148
G1 X169.33 Y161.849 E.99331
G1 X169.254 Y162.681 E.02771
G1 X169.019 Y163.498 E.02818
G1 X168.613 Y164.288 E.02949
G1 X168.041 Y164.996 E.03017
G1 X167.345 Y165.563 E.02977
G1 X166.557 Y165.972 E.02947
G1 X165.917 Y166.153 E.02207
G1 X165.551 Y166.223 E.01236
G1 X164.908 Y166.282 E.0214
G1 X124.968 Y166.282 E1.32489
G1 X124.135 Y166.206 E.02775
G1 X123.321 Y165.973 E.0281
G1 X122.529 Y165.562 E.02958
G1 X121.822 Y164.994 E.03008
G1 X121.252 Y164.288 E.0301
G1 X120.845 Y163.497 E.02952
G1 X120.607 Y162.68 E.02821
G1 X120.598 Y162.58 E.00333
G1 E-.8 F3600
M204 S2000
G1 X166.341 Y165.86 F18000
G1 E.8 F3600
M204 S500
;TYPE:Internal Bridge
;WIDTH:0.379473
;HEIGHT:0.379473
G1 F5400
M106 S255
G1 X168.522 Y163.68 E.14211
G1 X168.684 Y163.364 E.01634
G1 X168.867 Y162.727 E.03058
G1 X165.781 Y165.813 E.20115
G1 X165.501 Y165.866 E.01313
G1 X165.082 Y165.905 E.01938
G1 X168.952 Y162.034 E.25221
G1 X168.97 Y161.833 E.00932
G1 X168.97 Y161.409 E.01955
G1 X164.457 Y165.922 E.29411
G1 X163.85 Y165.922 E.02799
G1 X168.97 Y160.801 E.33369
G1 X168.97 Y160.194 E.02799
G1 X163.242 Y165.922 E.37327
G1 X162.635 Y165.922 E.02799
G1 X168.97 Y159.587 E.41285
G1 X168.97 Y158.979 E.02799
G1 X162.028 Y165.922 E.45243
G1 X161.42 Y165.922 E.02799
G1 X168.97 Y158.372 E.49201
G1 X168.97 Y157.765 E.02799
G1 X160.813 Y165.922 E.53159
G1 X160.205 Y165.922 E.02799
G1 X168.97 Y157.157 E.57117
G1 X168.97 Y156.55 E.02799
G1 X159.598 Y165.922 E.61076
G1 X158.991 Y165.922 E.02799
G1 X168.97 Y155.943 E.65034
G1 X168.97 Y155.335 E.02799
G1 X158.383 Y165.922 E.68992
G1 X157.776 Y165.922 E.02799
G1 X168.97 Y154.728 E.7295
G1 X168.97 Y154.12 E.02799
G1 X157.169 Y165.922 E.76908
G1 X156.561 Y165.922 E.02799
G1 X168.97 Y153.513 E.80866
G1 X168.97 Y152.906 E.02799
G1 X155.954 Y165.922 E.84824
G1 X155.347 Y165.922 E.02799
G1 X168.97 Y152.298 E.88782
G1 X168.97 Y151.691 E.02799
G1 X154.739 Y165.922 E.9274
G1 X154.132 Y165.922 E.02799
G1 X168.97 Y151.084 E.96698
G1 X168.97 Y150.476 E.02799
G1 X153.524 Y165.922 E1.00656
G1 X152.917 Y165.922 E.02799
G1 X168.97 Y149.869 E1.04614
G1 X168.97 Y149.262 E.02799
G1 X152.31 Y165.922 E1.08572
G1 X151.702 Y165.922 E.02799
G1 X168.97 Y148.654 E1.1253
G1 X168.97 Y148.047 E.02799
G1 X151.095 Y165.922 E1.16488
G1 X150.488 Y165.922 E.02799
G1 X168.97 Y147.439 E1.20446
G1 X168.97 Y146.832 E.02799
G1 X149.88 Y165.922 E1.24404
G1 X149.273 Y165.922 E.02799
G1 X168.97 Y146.225 E1.28362
G1 X168.97 Y145.617 E.02799
G1 X148.666 Y165.922 E1.3232
G1 X148.058 Y165.922 E.02799
G1 X168.97 Y145.01 E1.36278
G1 X168.97 Y144.403 E.02799
G1 X147.451 Y165.922 E1.40236
G1 X146.843 Y165.922 E.02799
G1 X168.97 Y143.795 E1.44194
G1 X168.97 Y143.188 E.02799
G1 X146.236 Y165.922 E1.48152
G1 X145.629 Y165.922 E.02799
G1 X168.97 Y142.581 E1.5211
G1 X168.97 Y141.973 E.02799
G1 X145.021 Y165.922 E1.56068
G1 X144.414 Y165.922 E.02799
G1 X168.97 Y141.366 E1.60026
G1 X168.97 Y140.758 E.02799
G1 X143.807 Y165.922 E1.63984
G1 X143.199 Y165.922 E.02799
G1 X168.97 Y140.151 E1.67942
G1 X168.97 Y139.544 E.02799
G1 X142.592 Y165.922 E1.719
G1 X141.984 Y165.922 E.02799
G1 X168.97 Y138.936 E1.75858
G1 X168.97 Y138.329 E.02799
G1 X141.377 Y165.922 E1.79816
G1 X140.77 Y165.922 E.02799
G1 X168.97 Y137.722 E1.83774
G1 X168.97 Y137.114 E.02799
G1 X140.162 Y165.922 E1.87732
G1 X139.555 Y165.922 E.02799
G1 X168.97 Y136.507 E1.9169
G1 X168.97 Y135.899 E.02799
G1 X138.948 Y165.922 E1.95648
G1 X138.34 Y165.922 E.02799
G1 X168.97 Y135.292 E1.99606
G1 X168.97 Y134.685 E.02799
G1 X137.733 Y165.922 E2.03564
G1 X137.126 Y165.922 E.02799
G1 X168.97 Y134.077 E2.07522
G1 X168.97 Y133.47 E.02799
G1 X136.518 Y165.922 E2.1148
G1 X135.911 Y165.922 E.02799
G1 X168.97 Y132.863 E2.15438
G1 X168.97 Y132.255 E.02799
G1 X135.303 Y165.922 E2.19396
G1 X134.696 Y165.922 E.02799
G1 X168.947 Y131.671 E2.23205
G1 X168.88 Y131.131 E.02508
G1 X134.089 Y165.922 E2.26725
G1 X133.481 Y165.922 E.02799
G1 X168.755 Y130.648 E2.2987
G1 X168.684 Y130.401 E.01183
G1 X168.586 Y130.21 E.0099
G1 X132.874 Y165.922 E2.32723
G1 X132.267 Y165.922 E.02799
G1 X168.379 Y129.809 E2.35336
G1 X168.31 Y129.674 E.00699
G1 X168.13 Y129.452 E.0132
G1 X131.659 Y165.922 E2.37668
G1 X131.052 Y165.922 E.02799
G1 X167.858 Y129.116 E2.39856
G1 X167.784 Y129.024 E.00546
G1 X167.542 Y128.825 E.01443
G1 X130.445 Y165.922 E2.41751
G1 X129.837 Y165.922 E.02799
G1 X167.208 Y128.551 E2.43536
G1 X167.147 Y128.501 E.00365
G1 X166.82 Y128.332 E.01697
G1 X129.23 Y165.922 E2.44961
G1 X128.622 Y165.922 E.02799
G1 X166.418 Y128.127 E2.46299
G1 X165.946 Y127.991 E.02262
G1 X128.015 Y165.922 E2.47183
G1 X127.408 Y165.922 E.02799
G1 X165.44 Y127.889 E2.47847
G1 X164.883 Y127.839 E.02577
G1 X126.8 Y165.922 E2.48175
G1 X126.193 Y165.922 E.02799
G1 X164.276 Y127.839 E2.48175
G1 X163.669 Y127.839 E.02799
G1 X125.586 Y165.922 E2.48175
G1 X124.979 Y165.922 E.02796
G1 X163.061 Y127.839 E2.48172
G1 X162.454 Y127.839 E.02799
G1 X124.422 Y165.871 E2.47843
G1 X124.201 Y165.851 E.0102
G1 X123.916 Y165.769 E.01367
G1 X161.846 Y127.839 E2.4718
G1 X161.239 Y127.839 E.02799
G1 X123.446 Y165.632 E2.46287
G1 X123.046 Y165.425 E.02076
G1 X160.632 Y127.839 E2.44935
G1 X160.024 Y127.839 E.02799
G1 X122.659 Y165.205 E2.435
G1 X122.322 Y164.934 E.01991
G1 X159.417 Y127.839 E2.41737
G1 X158.81 Y127.839 E.02799
G1 X122.003 Y164.646 E2.39857
G1 X121.732 Y164.31 E.0199
G1 X158.202 Y127.839 E2.37668
G1 X157.595 Y127.839 E.02799
G1 X121.483 Y163.951 E2.35331
G1 X121.276 Y163.55 E.02078
G1 X156.988 Y127.839 E2.32718
G1 X156.38 Y127.839 E.02799
G1 X121.107 Y163.112 E2.29863
G1 X120.97 Y162.642 E.02258
G1 X155.773 Y127.839 E2.26797
G1 X155.165 Y127.839 E.02799
G1 X120.915 Y162.09 E2.23202
G1 X120.891 Y161.833 E.01188
G1 X120.891 Y161.506 E.01508
G1 X154.558 Y127.839 E2.19396
G1 X153.951 Y127.839 E.02799
G1 X120.891 Y160.898 E2.15438
G1 X120.891 Y160.291 E.02799
G1 X153.343 Y127.839 E2.11479
G1 X152.736 Y127.839 E.02799
G1 X120.891 Y159.684 E2.07521
G1 X120.891 Y159.076 E.02799
G1 X152.129 Y127.839 E2.03563
G1 X151.521 Y127.839 E.02799
G1 X120.891 Y158.469 E1.99605
G1 X120.891 Y157.862 E.02799
G1 X150.914 Y127.839 E1.95647
G1 X150.306 Y127.839 E.02799
G1 X120.891 Y157.254 E1.91689
G1 X120.891 Y156.647 E.02799
G1 X149.699 Y127.839 E1.87731
G1 X149.092 Y127.839 E.02799
G1 X120.891 Y156.04 E1.83773
G1 X120.891 Y155.432 E.02799
G1 X148.484 Y127.839 E1.79815
G1 X147.877 Y127.839 E.02799
G1 X120.891 Y154.825 E1.75857
G1 X120.891 Y154.217 E.02799
G1 X147.27 Y127.839 E1.71899
G1 X146.662 Y127.839 E.02799
G1 X120.891 Y153.61 E1.67941
G1 X120.891 Y153.003 E.02799
G1 X146.055 Y127.839 E1.63983
G1 X145.448 Y127.839 E.02799
G1 X120.891 Y152.395 E1.60025
G1 X120.891 Y151.788 E.02799
G1 X144.84 Y127.839 E1.56067
G1 X144.233 Y127.839 E.02799
G1 X120.891 Y151.181 E1.52109
G1 X120.891 Y150.573 E.02799
G1 X143.625 Y127.839 E1.48151
G1 X143.018 Y127.839 E.02799
G1 X120.891 Y149.966 E1.44193
G1 X120.891 Y149.359 E.02799
G1 X142.411 Y127.839 E1.40235
G1 X141.803 Y127.839 E.02799
G1 X120.891 Y148.751 E1.36277
G1 X120.891 Y148.144 E.02799
G1 X141.196 Y127.839 E1.32319
G1 X140.589 Y127.839 E.02799
G1 X120.891 Y147.536 E1.28361
G1 X120.891 Y146.929 E.02799
G1 X139.981 Y127.839 E1.24403
G1 X139.374 Y127.839 E.02799
G1 X120.891 Y146.322 E1.20445
G1 X120.891 Y145.714 E.02799
G1 X138.767 Y127.839 E1.16487
G1 X138.159 Y127.839 E.02799
G1 X120.891 Y145.107 E1.12529
G1 X120.891 Y144.5 E.02799
G1 X137.552 Y127.839 E1.08571
G1 X136.944 Y127.839 E.02799
G1 X120.891 Y143.892 E1.04613
G1 X120.891 Y143.285 E.02799
G1 X136.337 Y127.839 E1.00655
G1 X135.73 Y127.839 E.02799
G1 X120.891 Y142.677 E.96697
G1 X120.891 Y142.07 E.02799
G1 X135.122 Y127.839 E.92739
G1 X134.515 Y127.839 E.02799
G1 X120.891 Y141.463 E.88781
G1 X120.891 Y140.855 E.02799
G1 X133.908 Y127.839 E.84823
G1 X133.3 Y127.839 E.02799
G1 X120.891 Y140.248 E.80865
G1 X120.891 Y139.641 E.02799
G1 X132.693 Y127.839 E.76907
G1 X132.085 Y127.839 E.02799
G1 X120.891 Y139.033 E.72949
G1 X120.891 Y138.426 E.02799
G1 X131.478 Y127.839 E.68991
G1 X130.871 Y127.839 E.02799
G1 X120.891 Y137.819 E.65033
G1 X120.891 Y137.211 E.02799
G1 X130.263 Y127.839 E.61075
G1 X129.656 Y127.839 E.02799
G1 X120.891 Y136.604 E.57117
G1 X120.891 Y135.996 E.02799
G1 X129.049 Y127.839 E.53159
G1 X128.441 Y127.839 E.02799
G1 X120.891 Y135.389 E.49201
G1 X120.891 Y134.782 E.02799
G1 X127.834 Y127.839 E.45243
G1 X127.227 Y127.839 E.02799
G1 X120.891 Y134.174 E.41284
G1 X120.891 Y133.567 E.02799
G1 X126.619 Y127.839 E.37326
G1 X126.012 Y127.839 E.02799
G1 X120.891 Y132.96 E.33368
G1 X120.891 Y132.352 E.02799
G1 X125.404 Y127.839 E.2941
G1 X124.984 Y127.839 E.01936
G1 X124.778 Y127.858 E.00952
G1 X120.909 Y131.727 E.25215
G1 X120.962 Y131.149 E.02676
G1 X120.996 Y131.033 E.00555
G1 X124.079 Y127.95 E.2009
G1 X123.454 Y128.128 E.0299
G1 X123.123 Y128.298 E.01718
G1 X120.962 Y130.46 E.14083
; stop printing object USV 1 e2mm.stl_3 id:0 copy 0
; printing object "USV 1 e2mm.stl_1" id:1 copy 0
M204 S2000
G1 E-.8 F3600
G1 X96.175 Y56.513 F18000
G1 E.8 F3600
M204 S1000
;TYPE:Outer wall
;WIDTH:0.42
;HEIGHT:0.2
G1 F3000
M106 S204
G1 X96.695 Y55.869 E.02543
G1 X97.453 Y55.247 E.03014
G1 X98.313 Y54.805 E.02972
G1 X99.213 Y54.545 E.02877
G1 X100.088 Y54.468 E.027
G1 X140.065 Y54.468 E1.22838
G1 X140.753 Y54.528 E.02122
G1 X141.153 Y54.604 E.01252
G1 X141.84 Y54.804 E.02197
G1 X142.701 Y55.247 E.02975
G1 X143.471 Y55.87 E.03042
G1 X144.093 Y56.64 E.03042
G1 X144.536 Y57.5 E.02972
G1 X144.795 Y58.389 E.02845
G1 X144.875 Y59.265 E.02704
G1 X144.875 Y89.244 E.92117
G1 X144.795 Y90.131 E.02738
G1 X144.536 Y91.02 E.02845
G1 X144.094 Y91.881 E.02972
G1 X143.471 Y92.639 E.03016
G1 X142.7 Y93.273 E.03066
G1 X141.84 Y93.715 E.02971
G1 X140.952 Y93.971 E.0284
G1 X140.065 Y94.051 E.02738
G1 X100.089 Y94.051 E1.22835
G1 X99.41 Y93.989 E.02095
G1 X99.008 Y93.913 E.01256
G1 X98.313 Y93.715 E.02222
G1 X97.454 Y93.273 E.02968
G1 X96.695 Y92.64 E.03038
G1 X96.072 Y91.881 E.03019
G1 X95.629 Y91.021 E.02971
G1 X95.373 Y90.132 E.02843
G1 X95.293 Y89.244 E.02739
G1 X95.293 Y59.265 E.92117
G1 X95.355 Y58.586 E.02097
G1 X95.431 Y58.187 E.01248
G1 X95.629 Y57.499 E.02197
G1 X96.072 Y56.64 E.02971
G1 X96.162 Y56.528 E.00441
M204 S2000
G1 X96.48 Y56.759 F18000
M204 S1500
;TYPE:Inner wall
;WIDTH:0.45
G1 F4800
G1 X96.975 Y56.147 E.02612
G1 X97.669 Y55.577 E.02982
G1 X98.458 Y55.171 E.02943
G1 X99.285 Y54.932 E.02853
G1 X100.105 Y54.861 E.02732
G1 X140.048 Y54.861 E1.32498
G1 X140.7 Y54.917 E.02169
G1 X141.062 Y54.985 E.01222
G1 X141.694 Y55.17 E.02185
G1 X142.486 Y55.578 E.02954
G1 X143.192 Y56.149 E.03013
G1 X143.763 Y56.855 E.03013
G1 X144.17 Y57.645 E.0295
G1 X144.408 Y58.462 E.02821
G1 X144.483 Y59.283 E.02735
G1 X144.483 Y89.226 E.99327
G1 X144.408 Y90.058 E.02771
G1 X144.17 Y90.875 E.0282
G1 X143.764 Y91.664 E.02945
G1 X143.192 Y92.361 E.0299
G1 X142.483 Y92.944 E.03043
G1 X141.695 Y93.349 E.02941
G1 X140.88 Y93.584 E.02815
G1 X140.047 Y93.659 E.02774
G1 X100.107 Y93.659 E1.32489
G1 X99.464 Y93.6 E.02139
G1 X99.099 Y93.531 E.01235
G1 X98.457 Y93.349 E.02211
G1 X97.672 Y92.945 E.02931
G1 X96.974 Y92.363 E.03013
G1 X96.401 Y91.664 E.02998
G1 X95.995 Y90.875 E.02942
G1 X95.761 Y90.059 E.02818
G1 X95.685 Y89.226 E.02774
G1 X95.685 Y59.283 E.99327
G1 X95.744 Y58.64 E.02141
G1 X95.813 Y58.278 E.01225
G1 X95.995 Y57.645 E.02185
G1 X96.402 Y56.855 E.02947
G1 X96.467 Y56.775 E.00342
M204 S2000
G1 X144.054 Y90.68 F18000
M204 S500
;TYPE:Internal Bridge
;WIDTH:0.379473
;HEIGHT:0.379473
G1 F5400
M106 S255
G1 X141.889 Y92.845 E.14109
G1 X141.562 Y93.013 E.01694
G1 X140.931 Y93.195 E.03022
G1 X144.019 Y90.108 E.2012
G1 X144.053 Y89.991 E.00558
G1 X144.105 Y89.414 E.0267
G1 X140.238 Y93.281 E.25201
G1 X140.031 Y93.3 E.00959
G1 X139.612 Y93.3 E.0193
G1 X144.124 Y88.788 E.29401
G1 X144.124 Y88.181 E.02799
G1 X139.004 Y93.3 E.3336
G1 X138.397 Y93.3 E.02799
G1 X144.124 Y87.573 E.37318
G1 X144.124 Y86.966 E.02799
G1 X137.79 Y93.3 E.41276
G1 X137.182 Y93.3 E.02799
G1 X144.124 Y86.359 E.45234
G1 X144.124 Y85.751 E.02799
G1 X136.575 Y93.3 E.49192
G1 X135.968 Y93.3 E.02799
G1 X144.124 Y85.144 E.5315
G1 X144.124 Y84.537 E.02799
G1 X135.36 Y93.3 E.57108
G1 X134.753 Y93.3 E.02799
G1 X144.124 Y83.929 E.61066
G1 X144.124 Y83.322 E.02799
G1 X134.146 Y93.3 E.65024
G1 X133.538 Y93.3 E.02799
G1 X144.124 Y82.715 E.68982
G1 X144.124 Y82.107 E.02799
G1 X132.931 Y93.3 E.7294
G1 X132.323 Y93.3 E.02799
G1 X144.124 Y81.5 E.76898
G1 X144.124 Y80.892 E.02799
G1 X131.716 Y93.3 E.80856
G1 X131.109 Y93.3 E.02799
G1 X144.124 Y80.285 E.84814
G1 X144.124 Y79.678 E.02799
G1 X130.501 Y93.3 E.88772
G1 X129.894 Y93.3 E.02799
G1 X144.124 Y79.07 E.9273
G1 X144.124 Y78.463 E.02799
G1 X129.287 Y93.3 E.96688
G1 X128.679 Y93.3 E.02799
G1 X144.124 Y77.856 E1.00646
G1 X144.124 Y77.248 E.02799
G1 X128.072 Y93.3 E1.04604
G1 X127.464 Y93.3 E.02799
G1 X144.124 Y76.641 E1.08562
G1 X144.124 Y76.034 E.02799
G1 X126.857 Y93.3 E1.1252
G1 X126.25 Y93.3 E.02799
G1 X144.124 Y75.426 E1.16478
G1 X144.124 Y74.819 E.02799
G1 X125.642 Y93.3 E1.20436
G1 X125.035 Y93.3 E.02799
G1 X144.124 Y74.211 E1.24394
G1 X144.124 Y73.604 E.02799
G1 X124.428 Y93.3 E1.28352
G1 X123.82 Y93.3 E.02799
G1 X144.124 Y72.997 E1.3231
G1 X144.124 Y72.389 E.02799
G1 X123.213 Y93.3 E1.36268
G1 X122.606 Y93.3 E.02799
G1 X144.124 Y71.782 E1.40226
G1 X144.124 Y71.175 E.02799
G1 X121.998 Y93.3 E1.44184
G1 X121.391 Y93.3 E.02799
G1 X144.124 Y70.567 E1.48142
G1 X144.124 Y69.96 E.02799
G1 X120.783 Y93.3 E1.521
G1 X120.176 Y93.3 E.02799
G1 X144.124 Y69.352 E1.56058
G1 X144.124 Y68.745 E.02799
G1 X119.569 Y93.3 E1.60016
G1 X118.961 Y93.3 E.02799
G1 X144.124 Y68.138 E1.63974
G1 X144.124 Y67.53 E.02799
G1 X118.354 Y93.3 E1.67932
G1 X117.747 Y93.3 E.02799
G1 X144.124 Y66.923 E1.7189
G1 X144.124 Y66.316 E.02799
G1 X117.139 Y93.3 E1.75848
G1 X116.532 Y93.3 E.02799
G1 X144.124 Y65.708 E1.79806
G1 X144.124 Y65.101 E.02799
G1 X115.925 Y93.3 E1.83764
G1 X115.317 Y93.3 E.02799
G1 X144.124 Y64.494 E1.87722
G1 X144.124 Y63.886 E.02799
G1 X114.71 Y93.3 E1.9168
G1 X114.102 Y93.3 E.02799
G1 X144.124 Y63.279 E1.95638
G1 X144.124 Y62.671 E.02799
G1 X113.495 Y93.3 E1.99596
G1 X112.888 Y93.3 E.02799
G1 X144.124 Y62.064 E2.03555
G1 X144.124 Y61.457 E.02799
G1 X112.28 Y93.3 E2.07513
G1 X111.673 Y93.3 E.02799
G1 X144.124 Y60.849 E2.11471
G1 X144.124 Y60.242 E.02799
G1 X111.066 Y93.3 E2.15429
G1 X110.458 Y93.3 E.02799
G1 X144.124 Y59.635 E2.19387
G1 X144.124 Y59.299 E.01545
G1 X144.101 Y59.05 E.01154
G1 X109.851 Y93.3 E2.23196
G1 X109.243 Y93.3 E.02799
G1 X144.044 Y58.499 E2.26786
G1 X143.907 Y58.029 E.02258
G1 X108.636 Y93.3 E2.29852
G1 X108.029 Y93.3 E.02799
G1 X143.738 Y57.591 E2.32705
G1 X143.531 Y57.19 E.02078
G1 X107.421 Y93.3 E2.35317
G1 X106.814 Y93.3 E.02799
G1 X143.282 Y56.832 E2.37651
G1 X143.011 Y56.496 E.0199
G1 X106.207 Y93.3 E2.3984
G1 X105.599 Y93.3 E.02799
G1 X142.692 Y56.207 E2.41724
G1 X142.356 Y55.935 E.0199
G1 X104.992 Y93.3 E2.43493
G1 X104.385 Y93.3 E.02799
G1 X141.969 Y55.716 E2.44924
G1 X141.568 Y55.51 E.02078
G1 X103.777 Y93.3 E2.46269
G1 X103.17 Y93.3 E.02799
G1 X141.099 Y55.371 E2.47173
G1 X140.594 Y55.268 E.02374
G1 X102.562 Y93.3 E2.4784
G1 X101.955 Y93.3 E.02799
G1 X140.035 Y55.22 E2.48154
G1 X139.428 Y55.22 E.02798
G1 X101.348 Y93.3 E2.48155
G1 X100.74 Y93.3 E.02799
G1 X138.82 Y55.22 E2.48155
G1 X138.213 Y55.22 E.02799
G1 X100.133 Y93.3 E2.48155
G1 X99.576 Y93.25 E.02578
G1 X137.606 Y55.22 E2.47828
G1 X136.998 Y55.22 E.02799
G1 X99.069 Y93.149 E2.47172
G1 X98.596 Y93.015 E.02265
G1 X136.391 Y55.22 E2.46295
G1 X135.783 Y55.22 E.02799
G1 X98.194 Y92.809 E2.44957
G1 X97.872 Y92.643 E.01673
G1 X97.807 Y92.589 E.00388
G1 X135.176 Y55.22 E2.43523
G1 X134.569 Y55.22 E.02799
G1 X97.476 Y92.313 E2.41723
G1 X97.231 Y92.108 E.01471
G1 X97.16 Y92.022 E.00517
G1 X133.961 Y55.22 E2.39825
G1 X133.354 Y55.22 E.02799
G1 X96.886 Y91.688 E2.37651
G1 X96.703 Y91.466 E.01326
G1 X96.635 Y91.332 E.00692
G1 X132.747 Y55.22 E2.35331
G1 X132.139 Y55.22 E.02799
G1 X96.428 Y90.931 E2.32718
G1 X96.331 Y90.742 E.00978
G1 X96.259 Y90.493 E.01197
G1 X131.532 Y55.22 E2.29861
G1 X130.925 Y55.22 E.02799
G1 X96.124 Y90.021 E2.26787
G1 X96.068 Y89.469 E.02556
G1 X130.317 Y55.22 E2.23191
G1 X129.71 Y55.22 E.02799
G1 X96.045 Y88.885 E2.19386
G1 X96.045 Y88.278 E.02799
G1 X129.102 Y55.22 E2.15428
G1 X128.495 Y55.22 E.02799
G1 X96.045 Y87.67 E2.1147
G1 X96.045 Y87.063 E.02799
G1 X127.888 Y55.22 E2.07512
G1 X127.28 Y55.22 E.02799
G1 X96.045 Y86.456 E2.03554
G1 X96.045 Y85.848 E.02799
G1 X126.673 Y55.22 E1.99596
G1 X126.066 Y55.22 E.02799
G1 X96.045 Y85.241 E1.95638
G1 X96.045 Y84.634 E.02799
G1 X125.458 Y55.22 E1.9168
G1 X124.851 Y55.22 E.02799
G1 X96.045 Y84.026 E1.87722
G1 X96.045 Y83.419 E.02799
G1 X124.243 Y55.22 E1.83763
G1 X123.636 Y55.22 E.02799
G1 X96.045 Y82.812 E1.79805
G1 X96.045 Y82.204 E.02799
G1 X123.029 Y55.22 E1.75847
G1 X122.421 Y55.22 E.02799
G1 X96.045 Y81.597 E1.71889
G1 X96.045 Y80.989 E.02799
G1 X121.814 Y55.22 E1.67931
G1 X121.207 Y55.22 E.02799
G1 X96.045 Y80.382 E1.63973
G1 X96.045 Y79.775 E.02799
G1 X120.599 Y55.22 E1.60015
G1 X119.992 Y55.22 E.02799
G1 X96.045 Y79.167 E1.56057
G1 X96.045 Y78.56 E.02799
G1 X119.385 Y55.22 E1.52099
G1 X118.777 Y55.22 E.02799
G1 X96.045 Y77.953 E1.48141
G1 X96.045 Y77.345 E.02799
G1 X118.17 Y55.22 E1.44183
G1 X117.562 Y55.22 E.02799
G1 X96.045 Y76.738 E1.40225
G1 X96.045 Y76.13 E.02799
G1 X116.955 Y55.22 E1.36267
G1 X116.348 Y55.22 E.02799
G1 X96.045 Y75.523 E1.32309
G1 X96.045 Y74.916 E.02799
G1 X115.74 Y55.22 E1.28351
G1 X115.133 Y55.22 E.02799
G1 X96.045 Y74.308 E1.24393
G1 X96.045 Y73.701 E.02799
G1 X114.526 Y55.22 E1.20435
G1 X113.918 Y55.22 E.02799
G1 X96.045 Y73.094 E1.16477
G1 X96.045 Y72.486 E.02799
G1 X113.311 Y55.22 E1.12519
G1 X112.704 Y55.22 E.02799
G1 X96.045 Y71.879 E1.08561
G1 X96.045 Y71.272 E.02799
G1 X112.096 Y55.22 E1.04603
G1 X111.489 Y55.22 E.02799
G1 X96.045 Y70.664 E1.00645
G1 X96.045 Y70.057 E.02799
G1 X110.881 Y55.22 E.96687
G1 X110.274 Y55.22 E.02799
G1 X96.045 Y69.449 E.92729
G1 X96.045 Y68.842 E.02799
G1 X109.667 Y55.22 E.88771
G1 X109.059 Y55.22 E.02799
G1 X96.045 Y68.235 E.84813
G1 X96.045 Y67.627 E.02799
G1 X108.452 Y55.22 E.80855
G1 X107.845 Y55.22 E.02799
G1 X96.045 Y67.02 E.76897
G1 X96.045 Y66.413 E.02799
G1 X107.237 Y55.22 E.72939
G1 X106.63 Y55.22 E.02799
G1 X96.045 Y65.805 E.68981
G1 X96.045 Y65.198 E.02799
G1 X106.022 Y55.22 E.65023
G1 X105.415 Y55.22 E.02799
G1 X96.045 Y64.591 E.61065
G1 X96.045 Y63.983 E.02799
G1 X104.808 Y55.22 E.57107
G1 X104.2 Y55.22 E.02799
G1 X96.045 Y63.376 E.53149
G1 X96.045 Y62.768 E.02799
G1 X103.593 Y55.22 E.49191
G1 X102.986 Y55.22 E.02799
G1 X96.045 Y62.161 E.45233
G1 X96.045 Y61.554 E.02799
G1 X102.378 Y55.22 E.41275
G1 X101.771 Y55.22 E.02799
G1 X96.045 Y60.946 E.37317
G1 X96.045 Y60.339 E.02799
G1 X101.164 Y55.22 E.33359
G1 X100.556 Y55.22 E.02799
G1 X96.045 Y59.732 E.29401
G1 X96.045 Y59.299 E.01991
G1 X96.062 Y59.107 E.00893
G1 X99.932 Y55.236 E.2522
G1 X99.351 Y55.287 E.0269
G1 X99.243 Y55.318 E.00516
G1 X96.155 Y58.407 E.20128
G1 X96.331 Y57.778 E.0301
G1 X96.496 Y57.459 E.01656
G1 X98.672 Y55.282 E.14184
; stop printing object USV 1 e2mm.stl_1 id:1 copy 0
; end of layer_num: 6, T: 0, print_z: 1.240000
;LAYER_CHANGE
;Z:1.44
;HEIGHT:0.2
; BEFORE_LAYER_CHANGE 6 @ 1.44mm
G92 E0
; AFTER_LAYER_CHANGE 6 @ 1.44mm
; start of layer_num: 7, T: 0, print_z: 1.440000
; printing object "USV 1 e2mm.stl_3" id:0 copy 0
M204 S2000
G1 E-.8 F3600
G1 X120.206 Y162.603 Z1.44 F18000
G1 E.8 F3600
M204 S1000
;TYPE:Outer wall
;WIDTH:0.42
G1 F3000
M106 S204
G1 X120.14 Y161.867 E.02271
G1 X120.14 Y131.887 E.9212
G1 X120.22 Y131.008 E.02713
G1 X120.479 Y130.123 E.02834
G1 X120.922 Y129.262 E.02975
G1 X121.544 Y128.492 E.03042
G1 X122.314 Y127.869 E.03042
G1 X123.175 Y127.427 E.02975
G1 X123.824 Y127.237 E.02079
G1 X124.299 Y127.147 E.01485
G1 X124.95 Y127.088 E.02009
G1 X164.926 Y127.088 E1.22835
G1 X165.159 Y127.109 E.00719
G1 X165.802 Y127.168 E.01982
G1 X166.702 Y127.427 E.02878
G1 X167.562 Y127.869 E.02971
G1 X168.32 Y128.491 E.03014
G1 X168.943 Y129.262 E.03045
G1 X169.386 Y130.123 E.02974
G1 X169.573 Y130.77 E.0207
G1 X169.663 Y131.242 E.01477
G1 X169.722 Y131.887 E.01992
G1 X169.722 Y161.867 E.9212
G1 X169.641 Y162.754 E.02736
G1 X169.386 Y163.643 E.02843
G1 X168.943 Y164.503 E.02974
G1 X168.32 Y165.274 E.03044
G1 X167.562 Y165.892 E.03007
G1 X166.702 Y166.338 E.02977
G1 X166.044 Y166.525 E.021
G1 X165.569 Y166.615 E.01487
G1 X164.926 Y166.674 E.01983
G1 X124.95 Y166.674 E1.22835
G1 X124.063 Y166.593 E.02739
G1 X123.175 Y166.339 E.02838
G1 X122.314 Y165.892 E.0298
G1 X121.544 Y165.273 E.03036
G1 X120.922 Y164.503 E.03041
G1 X120.479 Y163.643 E.02975
G1 X120.22 Y162.753 E.02845
G1 X120.208 Y162.623 E.00403
M204 S2000
G1 X120.597 Y162.568 F18000
M204 S1500
;TYPE:Inner wall
;WIDTH:0.45
G1 F4800
G1 X120.532 Y161.849 E.02392
G1 X120.532 Y131.905 E.99331
G1 X120.607 Y131.081 E.02743
G1 X120.845 Y130.269 E.02808
G1 X121.252 Y129.477 E.02954
G1 X121.823 Y128.771 E.03013
G1 X122.529 Y128.2 E.03013
G1 X123.321 Y127.792 E.02953
G1 X123.916 Y127.619 E.02057
G1 X124.354 Y127.535 E.01477
G1 X124.968 Y127.48 E.02046
G1 X164.908 Y127.48 E1.32489
G1 X165.124 Y127.499 E.00717
G1 X165.729 Y127.555 E.02017
G1 X166.557 Y127.793 E.02857
G1 X167.345 Y128.199 E.02942
G1 X168.04 Y128.769 E.02982
G1 X168.613 Y129.477 E.0302
G1 X169.02 Y130.268 E.02951
G1 X169.191 Y130.861 E.02048
G1 X169.274 Y131.296 E.0147
G1 X169.33 Y131.905 E.02027
G1 X169.33 Y161.849 E.99331
G1 X169.254 Y162.681 E.02771
G1 X169.019 Y163.498 E.02818
G1 X168.613 Y164.288 E.02949
G1 X168.041 Y164.996 E.03017
G1 X167.345 Y165.563 E.02977
G1 X166.557 Y165.972 E.02947
G1 X165.954 Y166.143 E.02077
G1 X165.514 Y166.226 E.01485
G1 X164.908 Y166.282 E.02019
G1 X124.968 Y166.282 E1.32489
G1 X124.135 Y166.206 E.02775
G1 X123.321 Y165.973 E.0281
G1 X122.529 Y165.562 E.02958
G1 X121.822 Y164.994 E.03008
G1 X121.252 Y164.288 E.0301
G1 X120.845 Y163.497 E.02952
G1 X120.607 Y162.68 E.02821
G1 X120.599 Y162.588 E.00309
G1 E-.8 F3600
M204 S2000
G1 X123.77 Y165.931 F18000
G1 E.8 F3600
;TYPE:Internal solid infill
;WIDTH:0.422036
G1 F6000
G1 X121.133 Y163.294 E.11521
G1 X120.931 Y162.556 E.02366
G1 X124.257 Y165.883 E.14535
G1 X124.847 Y165.936 E.01829
G1 X120.877 Y161.966 E.17344
G1 X120.865 Y161.418 E.01694
G1 X125.395 Y165.948 E.19792
G1 X125.932 Y165.948 E.01656
G1 X120.865 Y160.882 E.22135
G1 X120.865 Y160.346 E.01656
G1 X126.468 Y165.948 E.24477
G1 X127.004 Y165.948 E.01656
G1 X120.865 Y159.81 E.2682
G1 X120.865 Y159.273 E.01656
G1 X127.54 Y165.948 E.29162
G1 X128.076 Y165.948 E.01656
G1 X120.865 Y158.737 E.31504
G1 X120.865 Y158.201 E.01656
G1 X128.612 Y165.948 E.33847
G1 X129.148 Y165.948 E.01656
G1 X120.865 Y157.665 E.36189
G1 X120.865 Y157.129 E.01656
G1 X129.685 Y165.948 E.38532
G1 X130.221 Y165.948 E.01656
G1 X120.865 Y156.593 E.40874
G1 X120.865 Y156.057 E.01656
G1 X130.757 Y165.948 E.43216
G1 X131.293 Y165.948 E.01656
G1 X120.865 Y155.52 E.45559
G1 X120.865 Y154.984 E.01656
G1 X131.829 Y165.948 E.47901
G1 X132.365 Y165.948 E.01656
G1 X120.865 Y154.448 E.50244
G1 X120.865 Y153.912 E.01656
G1 X132.901 Y165.948 E.52586
G1 X133.438 Y165.948 E.01656
G1 X120.865 Y153.376 E.54929
G1 X120.865 Y152.84 E.01656
G1 X133.974 Y165.948 E.57271
G1 X134.51 Y165.948 E.01656
G1 X120.865 Y152.304 E.59613
G1 X120.865 Y151.767 E.01656
G1 X135.046 Y165.948 E.61956
G1 X135.582 Y165.948 E.01656
G1 X120.865 Y151.231 E.64298
G1 X120.865 Y150.695 E.01656
G1 X136.118 Y165.948 E.66641
G1 X136.655 Y165.948 E.01656
G1 X120.865 Y150.159 E.68983
G1 X120.865 Y149.623 E.01656
G1 X137.191 Y165.948 E.71325
G1 X137.727 Y165.948 E.01656
G1 X120.865 Y149.087 E.73668
G1 X120.865 Y148.55 E.01656
G1 X138.263 Y165.948 E.7601
G1 X138.799 Y165.948 E.01656
G1 X120.865 Y148.014 E.78353
G1 X120.865 Y147.478 E.01656
G1 X139.335 Y165.948 E.80695
G1 X139.871 Y165.948 E.01656
G1 X120.865 Y146.942 E.83038
G1 X120.865 Y146.406 E.01656
G1 X140.408 Y165.948 E.8538
G1 X140.944 Y165.948 E.01656
G1 X120.865 Y145.87 E.87722
G1 X120.865 Y145.334 E.01656
G1 X141.48 Y165.948 E.90065
G1 X142.016 Y165.948 E.01656
G1 X120.865 Y144.797 E.92407
G1 X120.865 Y144.261 E.01656
G1 X142.552 Y165.948 E.9475
G1 X143.088 Y165.948 E.01656
G1 X120.865 Y143.725 E.97092
G1 X120.865 Y143.189 E.01656
G1 X143.624 Y165.948 E.99434
G1 X144.161 Y165.948 E.01656
G1 X120.865 Y142.653 E1.01777
G1 X120.865 Y142.117 E.01656
G1 X144.697 Y165.948 E1.04119
G1 X145.233 Y165.948 E.01656
G1 X120.865 Y141.58 E1.06462
G1 X120.865 Y141.044 E.01656
G1 X145.769 Y165.948 E1.08804
G1 X146.305 Y165.948 E.01656
G1 X120.865 Y140.508 E1.11147
G1 X120.865 Y139.972 E.01656
G1 X146.841 Y165.948 E1.13489
G1 X147.378 Y165.948 E.01656
G1 X120.865 Y139.436 E1.15831
G1 X120.865 Y138.9 E.01656
G1 X147.914 Y165.948 E1.18174
G1 X148.45 Y165.948 E.01656
G1 X120.865 Y138.364 E1.20516
G1 X120.865 Y137.827 E.01656
G1 X148.986 Y165.948 E1.22859
G1 X149.522 Y165.948 E.01656
G1 X120.865 Y137.291 E1.25201
G1 X120.865 Y136.755 E.01656
G1 X150.058 Y165.948 E1.27543
G1 X150.594 Y165.948 E.01656
G1 X120.865 Y136.219 E1.29886
G1 X120.865 Y135.683 E.01656
G1 X151.131 Y165.948 E1.32228
G1 X151.667 Y165.948 E.01656
G1 X120.865 Y135.147 E1.34571
G1 X120.865 Y134.611 E.01656
G1 X152.203 Y165.948 E1.36913
G1 X152.739 Y165.948 E.01656
G1 X120.865 Y134.074 E1.39256
G1 X120.865 Y133.538 E.01656
G1 X153.275 Y165.948 E1.41598
G1 X153.811 Y165.948 E.01656
G1 X120.865 Y133.002 E1.4394
G1 X120.865 Y132.466 E.01656
G1 X154.348 Y165.948 E1.46283
G1 X154.884 Y165.948 E.01656
G1 X120.865 Y131.93 E1.48625
G1 X120.909 Y131.438 E.01526
G1 X155.42 Y165.948 E1.50775
G1 X155.956 Y165.948 E.01656
G1 X120.985 Y130.977 E1.52787
G1 X121.106 Y130.562 E.01335
G1 X156.492 Y165.948 E1.546
G1 X157.028 Y165.948 E.01656
G1 X121.263 Y130.183 E1.56255
G1 X121.445 Y129.829 E.0123
G1 X157.564 Y165.948 E1.57802
G1 X158.101 Y165.948 E.01656
G1 X121.658 Y129.505 E1.59218
G1 X121.897 Y129.209 E.01178
G1 X158.637 Y165.948 E1.60513
G1 X159.173 Y165.948 E.01656
G1 X122.155 Y128.931 E1.61728
G1 X122.452 Y128.691 E.01178
G1 X159.709 Y165.948 E1.62775
G1 X160.245 Y165.948 E.01656
G1 X122.755 Y128.458 E1.63792
G1 X123.109 Y128.276 E.0123
G1 X160.781 Y165.948 E1.64588
G1 X161.317 Y165.948 E.01656
G1 X123.466 Y128.097 E1.6537
G1 X123.882 Y127.976 E.01336
G1 X161.854 Y165.948 E1.65898
G1 X162.39 Y165.948 E.01656
G1 X124.322 Y127.881 E1.66316
G1 X124.807 Y127.829 E.01505
G1 X162.926 Y165.948 E1.66542
G1 X163.462 Y165.948 E.01656
G1 X125.327 Y127.813 E1.66611
G1 X125.863 Y127.813 E.01656
G1 X163.998 Y165.948 E1.66611
G1 X164.534 Y165.948 E.01656
G1 X126.399 Y127.813 E1.66611
G1 X126.935 Y127.813 E.01656
G1 X165.056 Y165.933 E1.66546
G1 X165.54 Y165.882 E.01506
G1 X127.471 Y127.813 E1.66321
G1 X128.008 Y127.813 E.01656
G1 X165.983 Y165.788 E1.65912
G1 X166.401 Y165.67 E.01341
G1 X128.544 Y127.813 E1.65395
G1 X129.08 Y127.813 E.01656
G1 X166.759 Y165.492 E1.64617
G1 X167.112 Y165.309 E.01229
G1 X129.616 Y127.813 E1.63817
G1 X130.152 Y127.813 E.01656
G1 X167.415 Y165.076 E1.628
G1 X167.71 Y164.835 E.01177
G1 X130.688 Y127.813 E1.61748
G1 X131.224 Y127.813 E.01656
G1 X167.968 Y164.556 E1.60529
G1 X168.207 Y164.26 E.01178
G1 X131.761 Y127.813 E1.59234
G1 X132.297 Y127.813 E.01656
G1 X168.419 Y163.936 E1.57818
G1 X168.601 Y163.582 E.0123
G1 X132.833 Y127.813 E1.56271
G1 X133.369 Y127.813 E.01656
G1 X168.758 Y163.202 E1.54612
G1 X168.878 Y162.785 E.01338
G1 X133.905 Y127.813 E1.52793
G1 X134.441 Y127.813 E.01656
G1 X168.952 Y162.324 E1.50776
G1 X168.996 Y161.832 E.01525
G1 X134.977 Y127.813 E1.48627
G1 X135.514 Y127.813 E.01656
G1 X168.996 Y161.296 E1.46285
G1 X168.996 Y160.76 E.01656
G1 X136.05 Y127.813 E1.43943
G1 X136.586 Y127.813 E.01656
G1 X168.996 Y160.224 E1.416
G1 X168.996 Y159.687 E.01656
G1 X137.122 Y127.813 E1.39258
G1 X137.658 Y127.813 E.01656
G1 X168.996 Y159.151 E1.36915
G1 X168.996 Y158.615 E.01656
G1 X138.194 Y127.813 E1.34573
G1 X138.731 Y127.813 E.01656
G1 X168.996 Y158.079 E1.3223
G1 X168.996 Y157.543 E.01656
G1 X139.267 Y127.813 E1.29888
G1 X139.803 Y127.813 E.01656
G1 X168.996 Y157.007 E1.27546
G1 X168.996 Y156.47 E.01656
G1 X140.339 Y127.813 E1.25203
G1 X140.875 Y127.813 E.01656
G1 X168.996 Y155.934 E1.22861
G1 X168.996 Y155.398 E.01656
G1 X141.411 Y127.813 E1.20518
G1 X141.947 Y127.813 E.01656
G1 X168.996 Y154.862 E1.18176
G1 X168.996 Y154.326 E.01656
G1 X142.484 Y127.813 E1.15834
G1 X143.02 Y127.813 E.01656
G1 X168.996 Y153.79 E1.13491
G1 X168.996 Y153.254 E.01656
G1 X143.556 Y127.813 E1.11149
G1 X144.092 Y127.813 E.01656
G1 X168.996 Y152.717 E1.08806
G1 X168.996 Y152.181 E.01656
G1 X144.628 Y127.813 E1.06464
G1 X145.164 Y127.813 E.01656
G1 X168.996 Y151.645 E1.04121
G1 X168.996 Y151.109 E.01656
G1 X145.7 Y127.813 E1.01779
G1 X146.237 Y127.813 E.01656
G1 X168.996 Y150.573 E.99437
G1 X168.996 Y150.037 E.01656
G1 X146.773 Y127.813 E.97094
G1 X147.309 Y127.813 E.01656
G1 X168.996 Y149.5 E.94752
G1 X168.996 Y148.964 E.01656
G1 X147.845 Y127.813 E.92409
G1 X148.381 Y127.813 E.01656
G1 X168.996 Y148.428 E.90067
G1 X168.996 Y147.892 E.01656
G1 X148.917 Y127.813 E.87725
G1 X149.454 Y127.813 E.01656
G1 X168.996 Y147.356 E.85382
G1 X168.996 Y146.82 E.01656
G1 X149.99 Y127.813 E.8304
G1 X150.526 Y127.813 E.01656
G1 X168.996 Y146.284 E.80697
G1 X168.996 Y145.747 E.01656
G1 X151.062 Y127.813 E.78355
G1 X151.598 Y127.813 E.01656
G1 X168.996 Y145.211 E.76012
G1 X168.996 Y144.675 E.01656
G1 X152.134 Y127.813 E.7367
G1 X152.67 Y127.813 E.01656
G1 X168.996 Y144.139 E.71328
G1 X168.996 Y143.603 E.01656
G1 X153.207 Y127.813 E.68985
G1 X153.743 Y127.813 E.01656
G1 X168.996 Y143.067 E.66643
G1 X168.996 Y142.531 E.01656
G1 X154.279 Y127.813 E.643
G1 X154.815 Y127.813 E.01656
G1 X168.996 Y141.994 E.61958
G1 X168.996 Y141.458 E.01656
G1 X155.351 Y127.813 E.59616
G1 X155.887 Y127.813 E.01656
G1 X168.996 Y140.922 E.57273
G1 X168.996 Y140.386 E.01656
G1 X156.424 Y127.813 E.54931
G1 X156.96 Y127.813 E.01656
G1 X168.996 Y139.85 E.52588
G1 X168.996 Y139.314 E.01656
G1 X157.496 Y127.813 E.50246
G1 X158.032 Y127.813 E.01656
G1 X168.996 Y138.777 E.47903
G1 X168.996 Y138.241 E.01656
G1 X158.568 Y127.813 E.45561
G1 X159.104 Y127.813 E.01656
G1 X168.996 Y137.705 E.43219
G1 X168.996 Y137.169 E.01656
G1 X159.64 Y127.813 E.40876
G1 X160.177 Y127.813 E.01656
G1 X168.996 Y136.633 E.38534
G1 X168.996 Y136.097 E.01656
G1 X160.713 Y127.813 E.36191
G1 X161.249 Y127.813 E.01656
G1 X168.996 Y135.561 E.33849
G1 X168.996 Y135.024 E.01656
G1 X161.785 Y127.813 E.31507
G1 X162.321 Y127.813 E.01656
G1 X168.996 Y134.488 E.29164
G1 X168.996 Y133.952 E.01656
G1 X162.857 Y127.813 E.26822
G1 X163.393 Y127.813 E.01656
G1 X168.996 Y133.416 E.24479
G1 X168.996 Y132.88 E.01656
G1 X163.93 Y127.813 E.22137
G1 X164.466 Y127.813 E.01656
G1 X168.996 Y132.344 E.19794
G1 X168.985 Y131.796 E.01692
G1 X165.013 Y127.824 E.17354
G1 X165.603 Y127.878 E.01831
G1 X168.914 Y131.189 E.14466
G1 X168.867 Y130.939 E.00788
G1 X168.731 Y130.47 E.01508
G1 X166.338 Y128.077 E.10455
G1 X166.433 Y128.104 E.00306
G1 X167.161 Y128.479 E.02529
G1 X167.802 Y129.004 E.0256
G1 X168.592 Y129.795 E.03453
; stop printing object USV 1 e2mm.stl_3 id:0 copy 0
; printing object "USV 1 e2mm.stl_1" id:1 copy 0
G1 E-.8 F3600
G1 X96.17 Y56.518 F18000
G1 E.8 F3600
M204 S1000
;TYPE:Outer wall
;WIDTH:0.42
G1 F3000
G1 X96.695 Y55.869 E.02565
G1 X97.453 Y55.247 E.03014
G1 X98.313 Y54.805 E.02972
G1 X99.213 Y54.545 E.02877
G1 X100.088 Y54.468 E.027
G1 X140.065 Y54.468 E1.22838
G1 X140.716 Y54.525 E.02009
G1 X141.191 Y54.615 E.01483
G1 X141.84 Y54.804 E.02079
G1 X142.701 Y55.247 E.02975
G1 X143.471 Y55.87 E.03042
G1 X144.093 Y56.64 E.03042
G1 X144.536 Y57.5 E.02972
G1 X144.795 Y58.389 E.02845
G1 X144.875 Y59.265 E.02704
G1 X144.875 Y89.244 E.92117
G1 X144.795 Y90.131 E.02738
G1 X144.536 Y91.02 E.02845
G1 X144.094 Y91.881 E.02972
G1 X143.471 Y92.639 E.03016
G1 X142.7 Y93.273 E.03066
G1 X141.84 Y93.715 E.02971
G1 X140.952 Y93.971 E.0284
G1 X140.065 Y94.051 E.02738
G1 X100.089 Y94.051 E1.22835
G1 X99.446 Y93.993 E.01983
G1 X98.971 Y93.902 E.01487
G1 X98.313 Y93.715 E.02102
G1 X97.454 Y93.273 E.02968
G1 X96.695 Y92.64 E.03038
G1 X96.072 Y91.881 E.03019
G1 X95.629 Y91.021 E.02971
G1 X95.373 Y90.132 E.02843
G1 X95.293 Y89.244 E.02739
G1 X95.293 Y59.265 E.92117
G1 X95.352 Y58.622 E.01985
G1 X95.442 Y58.149 E.01478
G1 X95.629 Y57.499 E.02079
G1 X96.072 Y56.64 E.02971
G1 X96.157 Y56.534 E.00418
M204 S2000
G1 X96.475 Y56.765 F18000
M204 S1500
;TYPE:Inner wall
;WIDTH:0.45
G1 F4800
G1 X96.975 Y56.147 E.02636
G1 X97.669 Y55.577 E.02982
G1 X98.458 Y55.171 E.02943
G1 X99.285 Y54.932 E.02853
G1 X100.105 Y54.861 E.02732
G1 X140.048 Y54.861 E1.32498
G1 X140.663 Y54.914 E.02047
G1 X141.099 Y54.996 E.01472
G1 X141.694 Y55.17 E.02057
G1 X142.486 Y55.578 E.02954
G1 X143.192 Y56.149 E.03013
G1 X143.763 Y56.855 E.03013
G1 X144.17 Y57.645 E.0295
G1 X144.408 Y58.462 E.02821
G1 X144.483 Y59.283 E.02735
G1 X144.483 Y89.226 E.99327
G1 X144.408 Y90.058 E.02771
G1 X144.17 Y90.875 E.0282
G1 X143.764 Y91.664 E.02945
G1 X143.192 Y92.361 E.0299
G1 X142.483 Y92.944 E.03043
G1 X141.695 Y93.349 E.02941
G1 X140.88 Y93.584 E.02815
G1 X140.047 Y93.659 E.02774
G1 X100.107 Y93.659 E1.32489
G1 X99.501 Y93.604 E.02019
G1 X99.061 Y93.52 E.01484
G1 X98.457 Y93.349 E.02082
G1 X97.672 Y92.945 E.02931
G1 X96.974 Y92.363 E.03013
G1 X96.401 Y91.664 E.02998
G1 X95.995 Y90.875 E.02942
G1 X95.761 Y90.059 E.02818
G1 X95.685 Y89.226 E.02774
G1 X95.685 Y59.283 E.99327
G1 X95.741 Y58.677 E.0202
G1 X95.824 Y58.241 E.01473
G1 X95.995 Y57.645 E.02057
G1 X96.402 Y56.855 E.02947
G1 X96.462 Y56.78 E.00318
M204 S2000
G1 X98.031 Y92.945 F18000
;TYPE:Internal solid infill
;WIDTH:0.421985
G1 F6000
G1 X97.211 Y92.126 E.03581
G1 X96.681 Y91.48 E.02579
G1 X96.307 Y90.752 E.02529
G1 X96.28 Y90.658 E.00302
G1 X98.69 Y93.068 E.10529
G1 X99.138 Y93.196 E.01438
G1 X99.404 Y93.246 E.00837
G1 X96.083 Y89.925 E.14506
G1 X96.03 Y89.336 E.01828
G1 X100.01 Y93.316 E.17385
G1 X100.556 Y93.326 E.01688
G1 X96.018 Y88.789 E.19822
G1 X96.018 Y88.253 E.01656
G1 X101.092 Y93.326 E.22163
G1 X101.628 Y93.326 E.01656
G1 X96.018 Y87.716 E.24505
G1 X96.018 Y87.18 E.01656
G1 X102.164 Y93.326 E.26847
G1 X102.7 Y93.326 E.01656
G1 X96.018 Y86.644 E.29189
G1 X96.018 Y86.108 E.01656
G1 X103.236 Y93.326 E.3153
G1 X103.772 Y93.326 E.01656
G1 X96.018 Y85.572 E.33872
G1 X96.018 Y85.036 E.01656
G1 X104.308 Y93.326 E.36214
G1 X104.845 Y93.326 E.01656
G1 X96.018 Y84.5 E.38556
G1 X96.018 Y83.964 E.01656
G1 X105.381 Y93.326 E.40898
G1 X105.917 Y93.326 E.01656
G1 X96.018 Y83.428 E.43239
G1 X96.018 Y82.892 E.01656
G1 X106.453 Y93.326 E.45581
G1 X106.989 Y93.326 E.01656
G1 X96.018 Y82.356 E.47923
G1 X96.018 Y81.82 E.01656
G1 X107.525 Y93.326 E.50265
G1 X108.061 Y93.326 E.01656
G1 X96.018 Y81.284 E.52607
G1 X96.018 Y80.747 E.01656
G1 X108.597 Y93.326 E.54948
G1 X109.133 Y93.326 E.01656
G1 X96.018 Y80.211 E.5729
G1 X96.018 Y79.675 E.01656
G1 X109.669 Y93.326 E.59632
G1 X110.205 Y93.326 E.01656
G1 X96.018 Y79.139 E.61974
G1 X96.018 Y78.603 E.01656
G1 X110.741 Y93.326 E.64315
G1 X111.278 Y93.326 E.01656
G1 X96.018 Y78.067 E.66657
G1 X96.018 Y77.531 E.01656
G1 X111.814 Y93.326 E.68999
G1 X112.35 Y93.326 E.01656
G1 X96.018 Y76.995 E.71341
G1 X96.018 Y76.459 E.01656
G1 X112.886 Y93.326 E.73683
G1 X113.422 Y93.326 E.01656
G1 X96.018 Y75.923 E.76024
G1 X96.018 Y75.387 E.01656
G1 X113.958 Y93.326 E.78366
G1 X114.494 Y93.326 E.01656
G1 X96.018 Y74.851 E.80708
G1 X96.018 Y74.314 E.01656
G1 X115.03 Y93.326 E.8305
G1 X115.566 Y93.326 E.01656
G1 X96.018 Y73.778 E.85392
G1 X96.018 Y73.242 E.01656
G1 X116.102 Y93.326 E.87733
G1 X116.638 Y93.326 E.01656
G1 X96.018 Y72.706 E.90075
G1 X96.018 Y72.17 E.01656
G1 X117.174 Y93.326 E.92417
G1 X117.71 Y93.326 E.01656
G1 X96.018 Y71.634 E.94759
G1 X96.018 Y71.098 E.01656
G1 X118.247 Y93.326 E.971
G1 X118.783 Y93.326 E.01656
G1 X96.018 Y70.562 E.99442
G1 X96.018 Y70.026 E.01656
G1 X119.319 Y93.326 E1.01784
G1 X119.855 Y93.326 E.01656
G1 X96.018 Y69.49 E1.04126
G1 X96.018 Y68.954 E.01656
G1 X120.391 Y93.326 E1.06468
G1 X120.927 Y93.326 E.01656
G1 X96.018 Y68.418 E1.08809
G1 X96.018 Y67.882 E.01656
G1 X121.463 Y93.326 E1.11151
G1 X121.999 Y93.326 E.01656
G1 X96.018 Y67.345 E1.13493
G1 X96.018 Y66.809 E.01656
G1 X122.535 Y93.326 E1.15835
G1 X123.071 Y93.326 E.01656
G1 X96.018 Y66.273 E1.18177
G1 X96.018 Y65.737 E.01656
G1 X123.607 Y93.326 E1.20518
G1 X124.143 Y93.326 E.01656
G1 X96.018 Y65.201 E1.2286
G1 X96.018 Y64.665 E.01656
G1 X124.679 Y93.326 E1.25202
G1 X125.216 Y93.326 E.01656
G1 X96.018 Y64.129 E1.27544
G1 X96.018 Y63.593 E.01656
G1 X125.752 Y93.326 E1.29886
G1 X126.288 Y93.326 E.01656
G1 X96.018 Y63.057 E1.32227
G1 X96.018 Y62.521 E.01656
G1 X126.824 Y93.326 E1.34569
G1 X127.36 Y93.326 E.01656
G1 X96.018 Y61.985 E1.36911
G1 X96.018 Y61.449 E.01656
G1 X127.896 Y93.326 E1.39253
G1 X128.432 Y93.326 E.01656
G1 X96.018 Y60.913 E1.41594
G1 X96.018 Y60.376 E.01656
G1 X128.968 Y93.326 E1.43936
G1 X129.504 Y93.326 E.01656
G1 X96.018 Y59.84 E1.46278
G1 X96.018 Y59.304 E.01656
G1 X130.04 Y93.326 E1.4862
G1 X130.576 Y93.326 E.01656
G1 X96.063 Y58.813 E1.50767
G1 X96.141 Y58.355 E.01434
G1 X131.112 Y93.326 E1.52766
G1 X131.648 Y93.326 E.01656
G1 X96.258 Y57.936 E1.54597
G1 X96.307 Y57.768 E.00539
G1 X96.415 Y57.557 E.00734
G1 X132.185 Y93.326 E1.56253
G1 X132.721 Y93.326 E.01656
G1 X96.598 Y57.203 E1.57798
G1 X96.683 Y57.038 E.00574
G1 X96.811 Y56.88 E.00628
G1 X133.257 Y93.326 E1.5921
G1 X133.793 Y93.326 E.01656
G1 X97.05 Y56.583 E1.60505
G1 X97.212 Y56.383 E.00797
G1 X97.308 Y56.305 E.0038
G1 X134.329 Y93.326 E1.61723
G1 X134.865 Y93.326 E.01656
G1 X97.602 Y56.063 E1.62778
G1 X97.853 Y55.857 E.01005
G1 X97.905 Y55.83 E.00179
G1 X135.401 Y93.326 E1.63796
G1 X135.937 Y93.326 E.01656
G1 X98.259 Y55.648 E1.64592
G1 X98.618 Y55.471 E.01237
G1 X136.473 Y93.326 E1.65363
G1 X137.009 Y93.326 E.01656
G1 X99.034 Y55.351 E1.65888
G1 X99.346 Y55.261 E.01002
G1 X99.47 Y55.251 E.00384
G1 X137.545 Y93.326 E1.66328
G1 X138.081 Y93.326 E.01656
G1 X99.963 Y55.208 E1.66516
G1 X100.485 Y55.194 E.01614
G1 X138.618 Y93.326 E1.66576
G1 X139.154 Y93.326 E.01656
G1 X101.021 Y55.194 E1.66576
G1 X101.557 Y55.194 E.01656
G1 X139.69 Y93.326 E1.66576
G1 X140.21 Y93.31 E.01607
G1 X102.093 Y55.194 E1.66505
G1 X102.63 Y55.194 E.01656
G1 X140.701 Y93.266 E1.66311
G1 X140.818 Y93.255 E.00362
G1 X141.135 Y93.164 E.0102
G1 X103.166 Y55.194 E1.65866
G1 X103.702 Y55.194 E.01656
G1 X141.552 Y93.044 E1.65342
G1 X141.908 Y92.865 E.01234
G1 X104.238 Y55.194 E1.64559
G1 X104.774 Y55.194 E.01656
G1 X142.262 Y92.682 E1.63764
G1 X142.563 Y92.447 E.01179
G1 X105.31 Y55.194 E1.62734
G1 X105.846 Y55.194 E.01656
G1 X142.857 Y92.205 E1.61678
G1 X142.955 Y92.124 E.00393
G1 X143.116 Y91.928 E.00784
G1 X106.382 Y55.194 E1.60468
G1 X106.918 Y55.194 E.01656
G1 X143.358 Y91.634 E1.59182
G1 X143.484 Y91.48 E.00614
G1 X143.571 Y91.311 E.00588
G1 X107.454 Y55.194 E1.57771
G1 X107.99 Y55.194 E.01656
G1 X143.753 Y90.957 E1.56225
G1 X143.859 Y90.751 E.00716
G1 X143.91 Y90.577 E.00558
G1 X108.526 Y55.194 E1.54567
G1 X109.062 Y55.194 E.01656
G1 X144.03 Y90.162 E1.52753
G1 X144.079 Y89.996 E.00533
G1 X144.105 Y89.701 E.00916
G1 X109.599 Y55.194 E1.50739
G1 X110.135 Y55.194 E.01656
G1 X144.15 Y89.209 E1.4859
G1 X144.15 Y88.673 E.01656
G1 X110.671 Y55.194 E1.46249
G1 X111.207 Y55.194 E.01656
G1 X144.15 Y88.137 E1.43907
G1 X144.15 Y87.601 E.01656
G1 X111.743 Y55.194 E1.41565
G1 X112.279 Y55.194 E.01656
G1 X144.15 Y87.065 E1.39223
G1 X144.15 Y86.529 E.01656
G1 X112.815 Y55.194 E1.36881
G1 X113.351 Y55.194 E.01656
G1 X144.15 Y85.992 E1.3454
G1 X144.15 Y85.456 E.01656
G1 X113.887 Y55.194 E1.32198
G1 X114.423 Y55.194 E.01656
G1 X144.15 Y84.92 E1.29856
G1 X144.15 Y84.384 E.01656
G1 X114.959 Y55.194 E1.27514
G1 X115.495 Y55.194 E.01656
G1 X144.15 Y83.848 E1.25172
G1 X144.15 Y83.312 E.01656
G1 X116.032 Y55.194 E1.22831
G1 X116.568 Y55.194 E.01656
G1 X144.15 Y82.776 E1.20489
G1 X144.15 Y82.24 E.01656
G1 X117.104 Y55.194 E1.18147
G1 X117.64 Y55.194 E.01656
G1 X144.15 Y81.704 E1.15805
G1 X144.15 Y81.168 E.01656
G1 X118.176 Y55.194 E1.13464
G1 X118.712 Y55.194 E.01656
G1 X144.15 Y80.632 E1.11122
G1 X144.15 Y80.096 E.01656
G1 X119.248 Y55.194 E1.0878
G1 X119.784 Y55.194 E.01656
G1 X144.15 Y79.56 E1.06438
G1 X144.15 Y79.023 E.01656
G1 X120.32 Y55.194 E1.04096
G1 X120.856 Y55.194 E.01656
G1 X144.15 Y78.487 E1.01755
G1 X144.15 Y77.951 E.01656
G1 X121.392 Y55.194 E.99413
G1 X121.928 Y55.194 E.01656
G1 X144.15 Y77.415 E.97071
G1 X144.15 Y76.879 E.01656
G1 X122.464 Y55.194 E.94729
G1 X123.001 Y55.194 E.01656
G1 X144.15 Y76.343 E.92387
G1 X144.15 Y75.807 E.01656
G1 X123.537 Y55.194 E.90046
G1 X124.073 Y55.194 E.01656
G1 X144.15 Y75.271 E.87704
G1 X144.15 Y74.735 E.01656
G1 X124.609 Y55.194 E.85362
G1 X125.145 Y55.194 E.01656
G1 X144.15 Y74.199 E.8302
G1 X144.15 Y73.663 E.01656
G1 X125.681 Y55.194 E.80679
G1 X126.217 Y55.194 E.01656
G1 X144.15 Y73.127 E.78337
G1 X144.15 Y72.59 E.01656
G1 X126.753 Y55.194 E.75995
G1 X127.289 Y55.194 E.01656
G1 X144.15 Y72.054 E.73653
G1 X144.15 Y71.518 E.01656
G1 X127.825 Y55.194 E.71311
G1 X128.361 Y55.194 E.01656
G1 X144.15 Y70.982 E.6897
G1 X144.15 Y70.446 E.01656
G1 X128.897 Y55.194 E.66628
G1 X129.433 Y55.194 E.01656
G1 X144.15 Y69.91 E.64286
G1 X144.15 Y69.374 E.01656
G1 X129.97 Y55.194 E.61944
G1 X130.506 Y55.194 E.01656
G1 X144.15 Y68.838 E.59602
G1 X144.15 Y68.302 E.01656
G1 X131.042 Y55.194 E.57261
G1 X131.578 Y55.194 E.01656
G1 X144.15 Y67.766 E.54919
G1 X144.15 Y67.23 E.01656
G1 X132.114 Y55.194 E.52577
G1 X132.65 Y55.194 E.01656
G1 X144.15 Y66.694 E.50235
G1 X144.15 Y66.158 E.01656
G1 X133.186 Y55.194 E.47893
G1 X133.722 Y55.194 E.01656
G1 X144.15 Y65.621 E.45552
G1 X144.15 Y65.085 E.01656
G1 X134.258 Y55.194 E.4321
G1 X134.794 Y55.194 E.01656
G1 X144.15 Y64.549 E.40868
G1 X144.15 Y64.013 E.01656
G1 X135.33 Y55.194 E.38526
G1 X135.866 Y55.194 E.01656
G1 X144.15 Y63.477 E.36185
G1 X144.15 Y62.941 E.01656
G1 X136.403 Y55.194 E.33843
G1 X136.939 Y55.194 E.01656
G1 X144.15 Y62.405 E.31501
G1 X144.15 Y61.869 E.01656
G1 X137.475 Y55.194 E.29159
G1 X138.011 Y55.194 E.01656
G1 X144.15 Y61.333 E.26817
G1 X144.15 Y60.797 E.01656
G1 X138.547 Y55.194 E.24476
G1 X139.083 Y55.194 E.01656
G1 X144.15 Y60.261 E.22134
G1 X144.15 Y59.725 E.01656
G1 X139.619 Y55.194 E.19792
G1 X140.166 Y55.205 E.01692
G1 X144.139 Y59.177 E.17352
G1 X144.085 Y58.587 E.01831
G1 X140.77 Y55.273 E.14478
G1 X141.021 Y55.321 E.00787
G1 X141.492 Y55.458 E.01515
G1 X144.132 Y58.098 E.11532
; stop printing object USV 1 e2mm.stl_1 id:1 copy 0
; end of layer_num: 7, T: 0, print_z: 1.440000
;LAYER_CHANGE
;Z:1.64
;HEIGHT:0.2
; BEFORE_LAYER_CHANGE 7 @ 1.64mm
G92 E0
; AFTER_LAYER_CHANGE 7 @ 1.64mm
; start of layer_num: 8, T: 0, print_z: 1.640000
; printing object "USV 1 e2mm.stl_3" id:0 copy 0
G1 E-.8 F3600
G1 X120.207 Y162.61 Z1.64 F18000
G1 E.8 F3600
M204 S1000
;TYPE:Outer wall
;WIDTH:0.42
G1 F3000
G1 X120.14 Y161.867 E.02293
G1 X120.14 Y131.887 E.9212
G1 X120.22 Y131.008 E.02713
G1 X120.479 Y130.123 E.02834
G1 X120.922 Y129.262 E.02975
G1 X121.544 Y128.492 E.03042
G1 X122.314 Y127.869 E.03042
G1 X123.175 Y127.427 E.02975
G1 X123.787 Y127.248 E.0196
G1 X124.336 Y127.143 E.01716
G1 X124.95 Y127.088 E.01896
G1 X164.926 Y127.088 E1.22835
G1 X165.196 Y127.112 E.00831
G1 X165.802 Y127.168 E.01871
G1 X166.702 Y127.427 E.02878
G1 X167.562 Y127.869 E.02971
G1 X168.32 Y128.491 E.03014
G1 X168.943 Y129.262 E.03045
G1 X169.386 Y130.123 E.02974
G1 X169.562 Y130.733 E.01952
G1 X169.666 Y131.278 E.01706
G1 X169.722 Y131.887 E.01879
G1 X169.722 Y161.867 E.9212
G1 X169.641 Y162.754 E.02736
G1 X169.386 Y163.643 E.02843
G1 X168.943 Y164.503 E.02974
G1 X168.32 Y165.274 E.03044
G1 X167.562 Y165.892 E.03007
G1 X166.702 Y166.338 E.02977
G1 X166.082 Y166.514 E.0198
G1 X165.533 Y166.618 E.01718
G1 X164.926 Y166.674 E.01871
G1 X124.95 Y166.674 E1.22835
G1 X124.063 Y166.593 E.02739
G1 X123.175 Y166.339 E.02838
G1 X122.314 Y165.892 E.0298
G1 X121.544 Y165.273 E.03036
G1 X120.922 Y164.503 E.03041
G1 X120.479 Y163.643 E.02975
G1 X120.22 Y162.753 E.02845
G1 X120.209 Y162.63 E.0038
M204 S2000
G1 X120.598 Y162.575 F18000
M204 S1500
;TYPE:Inner wall
;WIDTH:0.45
G1 F4800
G1 X120.532 Y161.849 E.02417
G1 X120.532 Y131.905 E.99331
G1 X120.607 Y131.081 E.02743
G1 X120.845 Y130.269 E.02808
G1 X121.252 Y129.477 E.02954
G1 X121.823 Y128.771 E.03013
G1 X122.529 Y128.2 E.03013
G1 X123.321 Y127.792 E.02953
G1 X123.879 Y127.63 E.01929
G1 X124.39 Y127.532 E.01727
G1 X124.968 Y127.48 E.01924
G1 X164.908 Y127.48 E1.32489
G1 X165.16 Y127.503 E.00838
G1 X165.729 Y127.555 E.01897
G1 X166.557 Y127.793 E.02857
G1 X167.345 Y128.199 E.02942
G1 X168.04 Y128.769 E.02982
G1 X168.613 Y129.477 E.0302
G1 X169.02 Y130.268 E.02951
G1 X169.18 Y130.824 E.0192
G1 X169.277 Y131.333 E.01718
G1 X169.33 Y131.905 E.01906
G1 X169.33 Y161.849 E.99331
G1 X169.254 Y162.681 E.02771
G1 X169.019 Y163.498 E.02818
G1 X168.613 Y164.288 E.02949
G1 X168.041 Y164.996 E.03017
G1 X167.345 Y165.563 E.02977
G1 X166.557 Y165.972 E.02947
G1 X165.992 Y166.132 E.01947
G1 X165.478 Y166.229 E.01735
G1 X164.908 Y166.282 E.01899
G1 X124.968 Y166.282 E1.32489
G1 X124.135 Y166.206 E.02775
G1 X123.321 Y165.973 E.0281
G1 X122.529 Y165.562 E.02958
G1 X121.822 Y164.994 E.03008
G1 X121.252 Y164.288 E.0301
G1 X120.845 Y163.497 E.02952
G1 X120.607 Y162.68 E.02821
G1 X120.599 Y162.595 E.00285
G1 E-.8 F3600
M204 S2000
G1 X120.883 Y130.721 F18000
G1 E.8 F3600
;TYPE:Internal solid infill
;WIDTH:0.422036
G1 F6000
G1 X123.523 Y128.081 E.11534
G1 X123.957 Y127.954 E.01397
G1 X124.24 Y127.9 E.00888
G1 X120.93 Y131.21 E.1446
G1 X120.876 Y131.8 E.0183
G1 X124.851 Y127.825 E.17366
G1 X125.399 Y127.813 E.01694
G1 X120.865 Y132.347 E.19809
G1 X120.865 Y132.883 E.01656
G1 X125.935 Y127.813 E.22151
G1 X126.471 Y127.813 E.01656
G1 X120.865 Y133.419 E.24494
G1 X120.865 Y133.955 E.01656
G1 X127.008 Y127.813 E.26836
G1 X127.544 Y127.813 E.01656
G1 X120.865 Y134.492 E.29179
G1 X120.865 Y135.028 E.01656
G1 X128.08 Y127.813 E.31521
G1 X128.616 Y127.813 E.01656
G1 X120.865 Y135.564 E.33864
G1 X120.865 Y136.1 E.01656
G1 X129.152 Y127.813 E.36206
G1 X129.688 Y127.813 E.01656
G1 X120.865 Y136.636 E.38548
G1 X120.865 Y137.172 E.01656
G1 X130.225 Y127.813 E.40891
G1 X130.761 Y127.813 E.01656
G1 X120.865 Y137.709 E.43233
G1 X120.865 Y138.245 E.01656
G1 X131.297 Y127.813 E.45576
G1 X131.833 Y127.813 E.01656
G1 X120.865 Y138.781 E.47918
G1 X120.865 Y139.317 E.01656
G1 X132.369 Y127.813 E.5026
G1 X132.905 Y127.813 E.01656
G1 X120.865 Y139.853 E.52603
G1 X120.865 Y140.389 E.01656
G1 X133.441 Y127.813 E.54945
G1 X133.978 Y127.813 E.01656
G1 X120.865 Y140.925 E.57288
G1 X120.865 Y141.462 E.01656
G1 X134.514 Y127.813 E.5963
G1 X135.05 Y127.813 E.01656
G1 X120.865 Y141.998 E.61973
G1 X120.865 Y142.534 E.01656
G1 X135.586 Y127.813 E.64315
G1 X136.122 Y127.813 E.01656
G1 X120.865 Y143.07 E.66657
G1 X120.865 Y143.606 E.01656
G1 X136.658 Y127.813 E.69
G1 X137.195 Y127.813 E.01656
G1 X120.865 Y144.142 E.71342
G1 X120.865 Y144.678 E.01656
G1 X137.731 Y127.813 E.73685
G1 X138.267 Y127.813 E.01656
G1 X120.865 Y145.215 E.76027
G1 X120.865 Y145.751 E.01656
G1 X138.803 Y127.813 E.78369
G1 X139.339 Y127.813 E.01656
G1 X120.865 Y146.287 E.80712
G1 X120.865 Y146.823 E.01656
G1 X139.875 Y127.813 E.83054
G1 X140.411 Y127.813 E.01656
G1 X120.865 Y147.359 E.85397
G1 X120.865 Y147.895 E.01656
G1 X140.948 Y127.813 E.87739
G1 X141.484 Y127.813 E.01656
G1 X120.865 Y148.432 E.90082
G1 X120.865 Y148.968 E.01656
G1 X142.02 Y127.813 E.92424
G1 X142.556 Y127.813 E.01656
G1 X120.865 Y149.504 E.94766
G1 X120.865 Y150.04 E.01656
G1 X143.092 Y127.813 E.97109
G1 X143.628 Y127.813 E.01656
G1 X120.865 Y150.576 E.99451
G1 X120.865 Y151.112 E.01656
G1 X144.164 Y127.813 E1.01794
G1 X144.701 Y127.813 E.01656
G1 X120.865 Y151.648 E1.04136
G1 X120.865 Y152.185 E.01656
G1 X145.237 Y127.813 E1.06478
G1 X145.773 Y127.813 E.01656
G1 X120.865 Y152.721 E1.08821
G1 X120.865 Y153.257 E.01656
G1 X146.309 Y127.813 E1.11163
G1 X146.845 Y127.813 E.01656
G1 X120.865 Y153.793 E1.13506
G1 X120.865 Y154.329 E.01656
G1 X147.381 Y127.813 E1.15848
G1 X147.918 Y127.813 E.01656
G1 X120.865 Y154.865 E1.18191
G1 X120.865 Y155.401 E.01656
G1 X148.454 Y127.813 E1.20533
G1 X148.99 Y127.813 E.01656
G1 X120.865 Y155.938 E1.22875
G1 X120.865 Y156.474 E.01656
G1 X149.526 Y127.813 E1.25218
G1 X150.062 Y127.813 E.01656
G1 X120.865 Y157.01 E1.2756
G1 X120.865 Y157.546 E.01656
G1 X150.598 Y127.813 E1.29903
G1 X151.134 Y127.813 E.01656
G1 X120.865 Y158.082 E1.32245
G1 X120.865 Y158.618 E.01656
G1 X151.671 Y127.813 E1.34587
G1 X152.207 Y127.813 E.01656
G1 X120.865 Y159.155 E1.3693
G1 X120.865 Y159.691 E.01656
G1 X152.743 Y127.813 E1.39272
G1 X153.279 Y127.813 E.01656
G1 X120.865 Y160.227 E1.41615
G1 X120.865 Y160.763 E.01656
G1 X153.815 Y127.813 E1.43957
G1 X154.351 Y127.813 E.01656
G1 X120.865 Y161.299 E1.463
G1 X120.865 Y161.835 E.01656
G1 X154.888 Y127.813 E1.48642
G1 X155.424 Y127.813 E.01656
G1 X120.91 Y162.327 E1.50789
G1 X120.936 Y162.618 E.00904
G1 X120.985 Y162.787 E.00544
G1 X155.96 Y127.813 E1.52801
G1 X156.496 Y127.813 E.01656
G1 X121.106 Y163.203 E1.54616
G1 X121.156 Y163.373 E.00547
G1 X121.263 Y163.582 E.00726
G1 X157.032 Y127.813 E1.56272
G1 X157.568 Y127.813 E.01656
G1 X121.445 Y163.936 E1.57819
G1 X121.533 Y164.105 E.00589
G1 X121.658 Y164.26 E.00614
G1 X158.104 Y127.813 E1.59235
G1 X158.641 Y127.813 E.01656
G1 X121.897 Y164.556 E1.6053
G1 X122.059 Y164.756 E.00795
G1 X122.156 Y164.834 E.00383
G1 X159.177 Y127.813 E1.61743
G1 X159.713 Y127.813 E.01656
G1 X122.453 Y165.073 E1.62787
G1 X122.757 Y165.305 E.01182
G1 X160.249 Y127.813 E1.63799
G1 X160.785 Y127.813 E.01656
G1 X123.11 Y165.488 E1.646
G1 X123.467 Y165.668 E.01233
G1 X161.321 Y127.813 E1.65385
G1 X161.857 Y127.813 E.01656
G1 X123.883 Y165.787 E1.65908
G1 X124.196 Y165.877 E.01007
G1 X124.318 Y165.888 E.00378
G1 X162.394 Y127.813 E1.66349
G1 X162.93 Y127.813 E.01656
G1 X124.81 Y165.933 E1.66543
G1 X125.331 Y165.948 E.01609
G1 X163.466 Y127.813 E1.66611
G1 X164.002 Y127.813 E.01656
G1 X125.867 Y165.948 E1.66611
G1 X126.403 Y165.948 E.01656
G1 X164.538 Y127.813 E1.66611
G1 X165.059 Y127.828 E.0161
G1 X126.939 Y165.948 E1.66545
G1 X127.475 Y165.948 E.01656
G1 X165.55 Y127.873 E1.66348
G1 X165.667 Y127.884 E.00363
G1 X165.984 Y127.975 E.01019
G1 X128.011 Y165.948 E1.65903
G1 X128.547 Y165.948 E.01656
G1 X166.401 Y128.095 E1.6538
G1 X166.76 Y128.272 E.01237
G1 X129.084 Y165.948 E1.64605
G1 X129.62 Y165.948 E.01656
G1 X167.114 Y128.454 E1.63809
G1 X167.161 Y128.479 E.00165
G1 X167.416 Y128.688 E.01019
G1 X130.156 Y165.948 E1.62789
G1 X130.692 Y165.948 E.01656
G1 X167.711 Y128.93 E1.61733
G1 X167.803 Y129.005 E.00367
G1 X167.968 Y129.209 E.00811
G1 X131.228 Y165.948 E1.60512
G1 X131.764 Y165.948 E.01656
G1 X168.207 Y129.506 E1.59217
G1 X168.332 Y129.66 E.00614
G1 X168.419 Y129.83 E.00589
G1 X132.301 Y165.948 E1.57801
G1 X132.837 Y165.948 E.01656
G1 X168.601 Y130.184 E1.56254
G1 X168.708 Y130.392 E.00723
G1 X168.758 Y130.563 E.00551
G1 X133.373 Y165.948 E1.54596
G1 X133.909 Y165.948 E.01656
G1 X168.872 Y130.985 E1.52751
G1 X168.953 Y131.441 E.01429
G1 X134.445 Y165.948 E1.50762
G1 X134.981 Y165.948 E.01656
G1 X168.996 Y131.933 E1.48611
G1 X168.996 Y132.469 E.01656
G1 X135.517 Y165.948 E1.46268
G1 X136.054 Y165.948 E.01656
G1 X168.996 Y133.005 E1.43926
G1 X168.996 Y133.542 E.01656
G1 X136.59 Y165.948 E1.41583
G1 X137.126 Y165.948 E.01656
G1 X168.996 Y134.078 E1.39241
G1 X168.996 Y134.614 E.01656
G1 X137.662 Y165.948 E1.36899
G1 X138.198 Y165.948 E.01656
G1 X168.996 Y135.15 E1.34556
G1 X168.996 Y135.686 E.01656
G1 X138.734 Y165.948 E1.32214
G1 X139.271 Y165.948 E.01656
G1 X168.996 Y136.222 E1.29871
G1 X168.996 Y136.758 E.01656
G1 X139.807 Y165.948 E1.27529
G1 X140.343 Y165.948 E.01656
G1 X168.996 Y137.295 E1.25186
G1 X168.996 Y137.831 E.01656
G1 X140.879 Y165.948 E1.22844
G1 X141.415 Y165.948 E.01656
G1 X168.996 Y138.367 E1.20502
G1 X168.996 Y138.903 E.01656
G1 X141.951 Y165.948 E1.18159
G1 X142.487 Y165.948 E.01656
G1 X168.996 Y139.439 E1.15817
G1 X168.996 Y139.975 E.01656
G1 X143.024 Y165.948 E1.13474
G1 X143.56 Y165.948 E.01656
G1 X168.996 Y140.512 E1.11132
G1 X168.996 Y141.048 E.01656
G1 X144.096 Y165.948 E1.0879
G1 X144.632 Y165.948 E.01656
G1 X168.996 Y141.584 E1.06447
G1 X168.996 Y142.12 E.01656
G1 X145.168 Y165.948 E1.04105
G1 X145.704 Y165.948 E.01656
G1 X168.996 Y142.656 E1.01762
G1 X168.996 Y143.192 E.01656
G1 X146.24 Y165.948 E.9942
G1 X146.777 Y165.948 E.01656
G1 X168.996 Y143.728 E.97077
G1 X168.996 Y144.265 E.01656
G1 X147.313 Y165.948 E.94735
G1 X147.849 Y165.948 E.01656
G1 X168.996 Y144.801 E.92393
G1 X168.996 Y145.337 E.01656
G1 X148.385 Y165.948 E.9005
G1 X148.921 Y165.948 E.01656
G1 X168.996 Y145.873 E.87708
G1 X168.996 Y146.409 E.01656
G1 X149.457 Y165.948 E.85365
G1 X149.994 Y165.948 E.01656
G1 X168.996 Y146.945 E.83023
G1 X168.996 Y147.481 E.01656
G1 X150.53 Y165.948 E.80681
G1 X151.066 Y165.948 E.01656
G1 X168.996 Y148.018 E.78338
G1 X168.996 Y148.554 E.01656
G1 X151.602 Y165.948 E.75996
G1 X152.138 Y165.948 E.01656
G1 X168.996 Y149.09 E.73653
G1 X168.996 Y149.626 E.01656
G1 X152.674 Y165.948 E.71311
G1 X153.21 Y165.948 E.01656
G1 X168.996 Y150.162 E.68968
G1 X168.996 Y150.698 E.01656
G1 X153.747 Y165.948 E.66626
G1 X154.283 Y165.948 E.01656
G1 X168.996 Y151.235 E.64284
G1 X168.996 Y151.771 E.01656
G1 X154.819 Y165.948 E.61941
G1 X155.355 Y165.948 E.01656
G1 X168.996 Y152.307 E.59599
G1 X168.996 Y152.843 E.01656
G1 X155.891 Y165.948 E.57256
G1 X156.427 Y165.948 E.01656
G1 X168.996 Y153.379 E.54914
G1 X168.996 Y153.915 E.01656
G1 X156.963 Y165.948 E.52572
G1 X157.5 Y165.948 E.01656
G1 X168.996 Y154.451 E.50229
G1 X168.996 Y154.988 E.01656
G1 X158.036 Y165.948 E.47887
G1 X158.572 Y165.948 E.01656
G1 X168.996 Y155.524 E.45544
G1 X168.996 Y156.06 E.01656
G1 X159.108 Y165.948 E.43202
G1 X159.644 Y165.948 E.01656
G1 X168.996 Y156.596 E.40859
G1 X168.996 Y157.132 E.01656
G1 X160.18 Y165.948 E.38517
G1 X160.717 Y165.948 E.01656
G1 X168.996 Y157.668 E.36175
G1 X168.996 Y158.205 E.01656
G1 X161.253 Y165.948 E.33832
G1 X161.789 Y165.948 E.01656
G1 X168.996 Y158.741 E.3149
G1 X168.996 Y159.277 E.01656
G1 X162.325 Y165.948 E.29147
G1 X162.861 Y165.948 E.01656
G1 X168.996 Y159.813 E.26805
G1 X168.996 Y160.349 E.01656
G1 X163.397 Y165.948 E.24463
G1 X163.933 Y165.948 E.01656
G1 X168.996 Y160.885 E.2212
G1 X168.996 Y161.421 E.01656
G1 X164.47 Y165.948 E.19778
G1 X165.017 Y165.937 E.01692
G1 X168.984 Y161.97 E.17332
G1 X168.931 Y162.559 E.01829
G1 X165.629 Y165.862 E.14427
G1 X165.915 Y165.807 E.00902
G1 X166.339 Y165.687 E.0136
G1 X168.731 Y163.296 E.1045
G1 X168.708 Y163.374 E.00253
G1 X168.332 Y164.105 E.0254
G1 X167.804 Y164.759 E.02596
G1 X167.01 Y165.553 E.03469
; stop printing object USV 1 e2mm.stl_3 id:0 copy 0
; printing object "USV 1 e2mm.stl_1" id:1 copy 0
G1 E-.8 F3600
G1 X96.165 Y56.524 F18000
G1 E.8 F3600
M204 S1000
;TYPE:Outer wall
;WIDTH:0.42
G1 F3000
G1 X96.695 Y55.869 E.02588
G1 X97.453 Y55.247 E.03014
G1 X98.313 Y54.805 E.02972
G1 X99.213 Y54.545 E.02877
G1 X100.088 Y54.468 E.027
G1 X140.065 Y54.468 E1.22838
G1 X140.68 Y54.521 E.01896
G1 X141.228 Y54.625 E.01714
G1 X141.84 Y54.804 E.0196
G1 X142.701 Y55.247 E.02975
G1 X143.471 Y55.87 E.03042
G1 X144.093 Y56.64 E.03042
G1 X144.536 Y57.5 E.02972
G1 X144.795 Y58.389 E.02845
G1 X144.875 Y59.265 E.02704
G1 X144.875 Y89.244 E.92117
G1 X144.795 Y90.131 E.02738
G1 X144.536 Y91.02 E.02845
G1 X144.094 Y91.881 E.02972
G1 X143.471 Y92.639 E.03016
G1 X142.7 Y93.273 E.03066
G1 X141.84 Y93.715 E.02971
G1 X140.952 Y93.971 E.0284
G1 X140.065 Y94.051 E.02738
G1 X100.089 Y94.051 E1.22835
G1 X99.482 Y93.996 E.01871
G1 X98.933 Y93.892 E.01718
G1 X98.313 Y93.715 E.01982
G1 X97.454 Y93.273 E.02968
G1 X96.695 Y92.64 E.03038
G1 X96.072 Y91.881 E.03019
G1 X95.629 Y91.021 E.02971
G1 X95.373 Y90.132 E.02843
G1 X95.293 Y89.244 E.02739
G1 X95.293 Y59.265 E.92117
G1 X95.349 Y58.658 E.01873
G1 X95.453 Y58.112 E.01707
G1 X95.629 Y57.499 E.0196
G1 X96.072 Y56.64 E.02971
G1 X96.153 Y56.54 E.00395
M204 S2000
G1 X96.47 Y56.771 F18000
M204 S1500
;TYPE:Inner wall
;WIDTH:0.45
G1 F4800
G1 X96.975 Y56.147 E.02661
G1 X97.669 Y55.577 E.02982
G1 X98.458 Y55.171 E.02943
G1 X99.285 Y54.932 E.02853
G1 X100.105 Y54.861 E.02732
G1 X140.048 Y54.861 E1.32498
G1 X140.626 Y54.91 E.01925
G1 X141.136 Y55.007 E.01721
G1 X141.694 Y55.17 E.01928
G1 X142.486 Y55.578 E.02954
G1 X143.192 Y56.149 E.03013
G1 X143.763 Y56.855 E.03013
G1 X144.17 Y57.645 E.0295
G1 X144.408 Y58.462 E.02821
G1 X144.483 Y59.283 E.02735
G1 X144.483 Y89.226 E.99327
G1 X144.408 Y90.058 E.02771
G1 X144.17 Y90.875 E.0282
G1 X143.764 Y91.664 E.02945
G1 X143.192 Y92.361 E.0299
G1 X142.483 Y92.944 E.03043
G1 X141.695 Y93.349 E.02941
G1 X140.88 Y93.584 E.02815
G1 X140.047 Y93.659 E.02774
G1 X100.107 Y93.659 E1.32489
G1 X99.537 Y93.607 E.01898
G1 X99.023 Y93.51 E.01734
G1 X98.457 Y93.349 E.01952
G1 X97.672 Y92.945 E.02931
G1 X96.974 Y92.363 E.03013
G1 X96.401 Y91.664 E.02998
G1 X95.995 Y90.875 E.02942
G1 X95.761 Y90.059 E.02818
G1 X95.685 Y89.226 E.02774
G1 X95.685 Y59.283 E.99327
G1 X95.737 Y58.713 E.01899
G1 X95.835 Y58.203 E.0172
G1 X95.995 Y57.645 E.01929
G1 X96.402 Y56.855 E.02947
G1 X96.458 Y56.786 E.00293
M204 S2000
G1 X98.01 Y55.585 F18000
;TYPE:Internal solid infill
;WIDTH:0.421985
G1 F6000
G1 X97.212 Y56.383 E.03485
G1 X96.683 Y57.038 E.02601
G1 X96.307 Y57.768 E.02537
G1 X96.284 Y57.848 E.00255
G1 X98.677 Y55.454 E.10454
G1 X99.412 Y55.256 E.02352
G1 X96.105 Y58.562 E.14443
G1 X96.068 Y58.759 E.00621
G1 X96.03 Y59.174 E.01285
G1 X99.999 Y55.204 E.17339
G1 X100.546 Y55.194 E.01689
G1 X96.018 Y59.721 E.19777
G1 X96.018 Y60.257 E.01656
G1 X101.082 Y55.194 E.22119
G1 X101.618 Y55.194 E.01656
G1 X96.018 Y60.793 E.24461
G1 X96.018 Y61.329 E.01656
G1 X102.154 Y55.194 E.26802
G1 X102.69 Y55.194 E.01656
G1 X96.018 Y61.865 E.29144
G1 X96.018 Y62.402 E.01656
G1 X103.226 Y55.194 E.31486
G1 X103.762 Y55.194 E.01656
G1 X96.018 Y62.938 E.33828
G1 X96.018 Y63.474 E.01656
G1 X104.298 Y55.194 E.3617
G1 X104.834 Y55.194 E.01656
G1 X96.018 Y64.01 E.38511
G1 X96.018 Y64.546 E.01656
G1 X105.37 Y55.194 E.40853
G1 X105.907 Y55.194 E.01656
G1 X96.018 Y65.082 E.43195
G1 X96.018 Y65.618 E.01656
G1 X106.443 Y55.194 E.45537
G1 X106.979 Y55.194 E.01656
G1 X96.018 Y66.154 E.47879
G1 X96.018 Y66.69 E.01656
G1 X107.515 Y55.194 E.5022
G1 X108.051 Y55.194 E.01656
G1 X96.018 Y67.226 E.52562
G1 X96.018 Y67.762 E.01656
G1 X108.587 Y55.194 E.54904
G1 X109.123 Y55.194 E.01656
G1 X96.018 Y68.298 E.57246
G1 X96.018 Y68.835 E.01656
G1 X109.659 Y55.194 E.59587
G1 X110.195 Y55.194 E.01656
G1 X96.018 Y69.371 E.61929
G1 X96.018 Y69.907 E.01656
G1 X110.731 Y55.194 E.64271
G1 X111.267 Y55.194 E.01656
G1 X96.018 Y70.443 E.66613
G1 X96.018 Y70.979 E.01656
G1 X111.803 Y55.194 E.68955
G1 X112.339 Y55.194 E.01656
G1 X96.018 Y71.515 E.71296
G1 X96.018 Y72.051 E.01656
G1 X112.876 Y55.194 E.73638
G1 X113.412 Y55.194 E.01656
G1 X96.018 Y72.587 E.7598
G1 X96.018 Y73.123 E.01656
G1 X113.948 Y55.194 E.78322
G1 X114.484 Y55.194 E.01656
G1 X96.018 Y73.659 E.80664
G1 X96.018 Y74.195 E.01656
G1 X115.02 Y55.194 E.83005
G1 X115.556 Y55.194 E.01656
G1 X96.018 Y74.731 E.85347
G1 X96.018 Y75.267 E.01656
G1 X116.092 Y55.194 E.87689
G1 X116.628 Y55.194 E.01656
G1 X96.018 Y75.804 E.90031
G1 X96.018 Y76.34 E.01656
G1 X117.164 Y55.194 E.92372
G1 X117.7 Y55.194 E.01656
G1 X96.018 Y76.876 E.94714
G1 X96.018 Y77.412 E.01656
G1 X118.236 Y55.194 E.97056
G1 X118.772 Y55.194 E.01656
G1 X96.018 Y77.948 E.99398
G1 X96.018 Y78.484 E.01656
G1 X119.309 Y55.194 E1.0174
G1 X119.845 Y55.194 E.01656
G1 X96.018 Y79.02 E1.04081
G1 X96.018 Y79.556 E.01656
G1 X120.381 Y55.194 E1.06423
G1 X120.917 Y55.194 E.01656
G1 X96.018 Y80.092 E1.08765
G1 X96.018 Y80.628 E.01656
G1 X121.453 Y55.194 E1.11107
G1 X121.989 Y55.194 E.01656
G1 X96.018 Y81.164 E1.13449
G1 X96.018 Y81.7 E.01656
G1 X122.525 Y55.194 E1.1579
G1 X123.061 Y55.194 E.01656
G1 X96.018 Y82.236 E1.18132
G1 X96.018 Y82.773 E.01656
G1 X123.597 Y55.194 E1.20474
G1 X124.133 Y55.194 E.01656
G1 X96.018 Y83.309 E1.22816
G1 X96.018 Y83.845 E.01656
G1 X124.669 Y55.194 E1.25157
G1 X125.205 Y55.194 E.01656
G1 X96.018 Y84.381 E1.27499
G1 X96.018 Y84.917 E.01656
G1 X125.741 Y55.194 E1.29841
G1 X126.278 Y55.194 E.01656
G1 X96.018 Y85.453 E1.32183
G1 X96.018 Y85.989 E.01656
G1 X126.814 Y55.194 E1.34525
G1 X127.35 Y55.194 E.01656
G1 X96.018 Y86.525 E1.36866
G1 X96.018 Y87.061 E.01656
G1 X127.886 Y55.194 E1.39208
G1 X128.422 Y55.194 E.01656
G1 X96.018 Y87.597 E1.4155
G1 X96.018 Y88.133 E.01656
G1 X128.958 Y55.194 E1.43892
G1 X129.494 Y55.194 E.01656
G1 X96.018 Y88.669 E1.46234
G1 X96.018 Y89.205 E.01656
G1 X130.03 Y55.194 E1.48575
G1 X130.566 Y55.194 E.01656
G1 X96.062 Y89.698 E1.50725
G1 X96.09 Y89.997 E.0093
G1 X96.136 Y90.16 E.00522
G1 X131.102 Y55.194 E1.52744
G1 X131.638 Y55.194 E.01656
G1 X96.256 Y90.576 E1.54563
G1 X96.307 Y90.752 E.00565
G1 X96.412 Y90.956 E.0071
G1 X132.174 Y55.194 E1.56224
G1 X132.71 Y55.194 E.01656
G1 X96.594 Y91.31 E1.5777
G1 X96.681 Y91.48 E.00589
G1 X96.807 Y91.633 E.00613
G1 X133.247 Y55.194 E1.59181
G1 X133.783 Y55.194 E.01656
G1 X97.049 Y91.928 E1.60467
G1 X97.212 Y92.127 E.00796
G1 X97.307 Y92.206 E.00381
G1 X134.319 Y55.194 E1.61682
G1 X134.855 Y55.194 E.01656
G1 X97.599 Y92.45 E1.62747
G1 X97.898 Y92.686 E.01179
G1 X135.391 Y55.194 E1.63781
G1 X135.927 Y55.194 E.01656
G1 X98.252 Y92.868 E1.64577
G1 X98.611 Y93.046 E.01236
G1 X136.463 Y55.194 E1.65352
G1 X136.999 Y55.194 E.01656
G1 X99.028 Y93.165 E1.6587
G1 X99.473 Y93.256 E.01403
G1 X137.535 Y55.194 E1.66269
G1 X138.071 Y55.194 E.01656
G1 X99.954 Y93.311 E1.66509
G1 X100.122 Y93.326 E.0052
G1 X100.475 Y93.326 E.01091
G1 X138.607 Y55.194 E1.66576
G1 X139.143 Y55.194 E.01656
G1 X101.011 Y93.326 E1.66576
G1 X101.547 Y93.326 E.01656
G1 X139.68 Y55.194 E1.66576
G1 X140.201 Y55.208 E.01612
G1 X102.083 Y93.326 E1.66513
G1 X102.619 Y93.326 E.01656
G1 X140.685 Y55.261 E1.66284
G1 X141.129 Y55.352 E.01402
G1 X103.155 Y93.326 E1.65883
G1 X103.692 Y93.326 E.01656
G1 X141.544 Y55.474 E1.65354
G1 X141.902 Y55.652 E.01235
G1 X104.228 Y93.326 E1.64575
G1 X104.764 Y93.326 E.01656
G1 X142.256 Y55.834 E1.63779
G1 X142.56 Y56.066 E.01181
G1 X105.3 Y93.326 E1.62766
G1 X105.836 Y93.326 E.01656
G1 X142.856 Y56.306 E1.61719
G1 X142.955 Y56.386 E.00392
G1 X143.115 Y56.583 E.00785
G1 X106.372 Y93.326 E1.60506
G1 X106.908 Y93.326 E.01656
G1 X143.354 Y56.88 E1.59211
G1 X143.482 Y57.038 E.00629
G1 X143.567 Y57.203 E.00573
G1 X107.444 Y93.326 E1.578
G1 X107.98 Y93.326 E.01656
G1 X143.75 Y57.557 E1.56254
G1 X143.859 Y57.769 E.00739
G1 X143.907 Y57.935 E.00532
G1 X108.516 Y93.326 E1.54601
G1 X109.052 Y93.326 E.01656
G1 X144.028 Y58.35 E1.52787
G1 X144.079 Y58.524 E.0056
G1 X144.105 Y58.81 E.00885
G1 X109.588 Y93.326 E1.50781
G1 X110.124 Y93.326 E.01656
G1 X144.15 Y59.301 E1.48635
G1 X144.15 Y59.837 E.01656
G1 X110.661 Y93.326 E1.46293
G1 X111.197 Y93.326 E.01656
G1 X144.15 Y60.373 E1.43951
G1 X144.15 Y60.909 E.01656
G1 X111.733 Y93.326 E1.41609
G1 X112.269 Y93.326 E.01656
G1 X144.15 Y61.445 E1.39268
G1 X144.15 Y61.981 E.01656
G1 X112.805 Y93.326 E1.36926
G1 X113.341 Y93.326 E.01656
G1 X144.15 Y62.517 E1.34584
G1 X144.15 Y63.053 E.01656
G1 X113.877 Y93.326 E1.32242
G1 X114.413 Y93.326 E.01656
G1 X144.15 Y63.589 E1.299
G1 X144.15 Y64.126 E.01656
G1 X114.949 Y93.326 E1.27559
G1 X115.485 Y93.326 E.01656
G1 X144.15 Y64.662 E1.25217
G1 X144.15 Y65.198 E.01656
G1 X116.021 Y93.326 E1.22875
G1 X116.557 Y93.326 E.01656
G1 X144.15 Y65.734 E1.20533
G1 X144.15 Y66.27 E.01656
G1 X117.093 Y93.326 E1.18192
G1 X117.63 Y93.326 E.01656
G1 X144.15 Y66.806 E1.1585
G1 X144.15 Y67.342 E.01656
G1 X118.166 Y93.326 E1.13508
G1 X118.702 Y93.326 E.01656
G1 X144.15 Y67.878 E1.11166
G1 X144.15 Y68.414 E.01656
G1 X119.238 Y93.326 E1.08824
G1 X119.774 Y93.326 E.01656
G1 X144.15 Y68.95 E1.06483
G1 X144.15 Y69.486 E.01656
G1 X120.31 Y93.326 E1.04141
G1 X120.846 Y93.326 E.01656
G1 X144.15 Y70.022 E1.01799
G1 X144.15 Y70.559 E.01656
G1 X121.382 Y93.326 E.99457
G1 X121.918 Y93.326 E.01656
G1 X144.15 Y71.095 E.97115
G1 X144.15 Y71.631 E.01656
G1 X122.454 Y93.326 E.94774
G1 X122.99 Y93.326 E.01656
G1 X144.15 Y72.167 E.92432
G1 X144.15 Y72.703 E.01656
G1 X123.526 Y93.326 E.9009
G1 X124.063 Y93.326 E.01656
G1 X144.15 Y73.239 E.87748
G1 X144.15 Y73.775 E.01656
G1 X124.599 Y93.326 E.85407
G1 X125.135 Y93.326 E.01656
G1 X144.15 Y74.311 E.83065
G1 X144.15 Y74.847 E.01656
G1 X125.671 Y93.326 E.80723
G1 X126.207 Y93.326 E.01656
G1 X144.15 Y75.383 E.78381
G1 X144.15 Y75.919 E.01656
G1 X126.743 Y93.326 E.76039
G1 X127.279 Y93.326 E.01656
G1 X144.15 Y76.455 E.73698
G1 X144.15 Y76.991 E.01656
G1 X127.815 Y93.326 E.71356
G1 X128.351 Y93.326 E.01656
G1 X144.15 Y77.528 E.69014
G1 X144.15 Y78.064 E.01656
G1 X128.887 Y93.326 E.66672
G1 X129.423 Y93.326 E.01656
G1 X144.15 Y78.6 E.6433
G1 X144.15 Y79.136 E.01656
G1 X129.959 Y93.326 E.61989
G1 X130.495 Y93.326 E.01656
G1 X144.15 Y79.672 E.59647
G1 X144.15 Y80.208 E.01656
G1 X131.032 Y93.326 E.57305
G1 X131.568 Y93.326 E.01656
G1 X144.15 Y80.744 E.54963
G1 X144.15 Y81.28 E.01656
G1 X132.104 Y93.326 E.52622
G1 X132.64 Y93.326 E.01656
G1 X144.15 Y81.816 E.5028
G1 X144.15 Y82.352 E.01656
G1 X133.176 Y93.326 E.47938
G1 X133.712 Y93.326 E.01656
G1 X144.15 Y82.888 E.45596
G1 X144.15 Y83.424 E.01656
G1 X134.248 Y93.326 E.43254
G1 X134.784 Y93.326 E.01656
G1 X144.15 Y83.96 E.40913
G1 X144.15 Y84.497 E.01656
G1 X135.32 Y93.326 E.38571
G1 X135.856 Y93.326 E.01656
G1 X144.15 Y85.033 E.36229
G1 X144.15 Y85.569 E.01656
G1 X136.392 Y93.326 E.33887
G1 X136.928 Y93.326 E.01656
G1 X144.15 Y86.105 E.31545
G1 X144.15 Y86.641 E.01656
G1 X137.464 Y93.326 E.29204
G1 X138.001 Y93.326 E.01656
G1 X144.15 Y87.177 E.26862
G1 X144.15 Y87.713 E.01656
G1 X138.537 Y93.326 E.2452
G1 X139.073 Y93.326 E.01656
G1 X144.15 Y88.249 E.22178
G1 X144.15 Y88.785 E.01656
G1 X139.609 Y93.326 E.19836
G1 X140.156 Y93.315 E.01691
G1 X144.139 Y89.332 E.17398
G1 X144.085 Y89.922 E.01828
G1 X140.746 Y93.262 E.1459
G1 X140.818 Y93.255 E.00224
G1 X141.478 Y93.065 E.02123
G1 X143.886 Y90.657 E.10519
G1 X143.859 Y90.751 E.00302
G1 X143.484 Y91.48 E.02534
G1 X142.956 Y92.123 E.0257
G1 X142.146 Y92.933 E.03538
; stop printing object USV 1 e2mm.stl_1 id:1 copy 0
; end of layer_num: 8, T: 0, print_z: 1.640000
;LAYER_CHANGE
;Z:1.84
;HEIGHT:0.2
; BEFORE_LAYER_CHANGE 8 @ 1.84mm
G92 E0
; AFTER_LAYER_CHANGE 8 @ 1.84mm
; start of layer_num: 9, T: 0, print_z: 1.840000
; printing object "USV 1 e2mm.stl_3" id:0 copy 0
G1 E-.8 F3600
G1 X120.208 Y162.618 Z1.84 F18000
G1 E.8 F3600
M204 S1000
;TYPE:Outer wall
;WIDTH:0.42
G1 F3000
G1 X120.14 Y161.867 E.02316
G1 X120.14 Y131.887 E.9212
G1 X120.22 Y131.008 E.02713
G1 X120.479 Y130.123 E.02834
G1 X120.922 Y129.262 E.02975
G1 X121.544 Y128.492 E.03042
G1 X122.314 Y127.869 E.03042
G1 X123.175 Y127.427 E.02975
G1 X123.75 Y127.259 E.01841
G1 X124.372 Y127.14 E.01947
G1 X124.95 Y127.088 E.01783
G1 X164.926 Y127.088 E1.22835
G1 X165.232 Y127.116 E.00943
G1 X165.802 Y127.168 E.01759
G1 X166.702 Y127.427 E.02878
G1 X167.562 Y127.869 E.02971
G1 X168.32 Y128.491 E.03014
G1 X168.943 Y129.262 E.03045
G1 X169.386 Y130.123 E.02974
G1 X169.551 Y130.696 E.01833
G1 X169.67 Y131.315 E.01936
G1 X169.722 Y131.887 E.01767
G1 X169.722 Y161.867 E.9212
G1 X169.641 Y162.754 E.02736
G1 X169.386 Y163.643 E.02843
G1 X168.943 Y164.503 E.02974
G1 X168.32 Y165.274 E.03044
G1 X167.562 Y165.892 E.03007
G1 X166.702 Y166.338 E.02977
G1 X166.12 Y166.503 E.0186
G1 X165.496 Y166.621 E.01949
G1 X164.926 Y166.674 E.0176
G1 X124.95 Y166.674 E1.22835
G1 X124.063 Y166.593 E.02739
G1 X123.175 Y166.339 E.02838
G1 X122.314 Y165.892 E.0298
G1 X121.544 Y165.273 E.03036
G1 X120.922 Y164.503 E.03041
G1 X120.479 Y163.643 E.02975
G1 X120.22 Y162.753 E.02845
G1 X120.21 Y162.638 E.00357
M204 S2000
G1 X120.598 Y162.582 F18000
M204 S1500
;TYPE:Inner wall
;WIDTH:0.45
G1 F4800
G1 X120.532 Y161.849 E.02442
G1 X120.532 Y131.905 E.99331
G1 X120.607 Y131.081 E.02743
G1 X120.845 Y130.269 E.02808
G1 X121.252 Y129.477 E.02954
G1 X121.823 Y128.771 E.03013
G1 X122.529 Y128.2 E.03013
G1 X123.321 Y127.792 E.02953
G1 X123.842 Y127.641 E.01801
G1 X124.427 Y127.529 E.01976
G1 X124.968 Y127.48 E.01802
G1 X164.908 Y127.48 E1.32489
G1 X165.196 Y127.506 E.00959
G1 X165.729 Y127.555 E.01776
G1 X166.557 Y127.793 E.02857
G1 X167.345 Y128.199 E.02942
G1 X168.04 Y128.769 E.02982
G1 X168.613 Y129.477 E.0302
G1 X169.02 Y130.268 E.02951
G1 X169.17 Y130.787 E.01792
G1 X169.281 Y131.369 E.01966
G1 X169.33 Y131.905 E.01785
G1 X169.33 Y161.849 E.99331
G1 X169.254 Y162.681 E.02771
G1 X169.019 Y163.498 E.02818
G1 X168.613 Y164.288 E.02949
G1 X168.041 Y164.996 E.03017
G1 X167.345 Y165.563 E.02977
G1 X166.557 Y165.972 E.02947
G1 X166.03 Y166.121 E.01818
G1 X165.442 Y166.233 E.01984
G1 X164.908 Y166.282 E.01778
G1 X124.968 Y166.282 E1.32489
G1 X124.135 Y166.206 E.02775
G1 X123.321 Y165.973 E.0281
G1 X122.529 Y165.562 E.02958
G1 X121.822 Y164.994 E.03008
G1 X121.252 Y164.288 E.0301
G1 X120.845 Y163.497 E.02952
G1 X120.607 Y162.68 E.02821
G1 X120.6 Y162.602 E.0026
G1 E-.8 F3600
M204 S2000
G1 X123.77 Y165.931 F18000
G1 E.8 F3600
;TYPE:Internal solid infill
;WIDTH:0.422036
G1 F6000
G1 X121.133 Y163.294 E.11521
G1 X120.931 Y162.556 E.02366
G1 X124.257 Y165.883 E.14535
G1 X124.847 Y165.936 E.01829
G1 X120.877 Y161.966 E.17344
G1 X120.865 Y161.418 E.01694
G1 X125.395 Y165.948 E.19792
G1 X125.932 Y165.948 E.01656
G1 X120.865 Y160.882 E.22135
G1 X120.865 Y160.346 E.01656
G1 X126.468 Y165.948 E.24477
G1 X127.004 Y165.948 E.01656
G1 X120.865 Y159.81 E.2682
G1 X120.865 Y159.273 E.01656
G1 X127.54 Y165.948 E.29162
G1 X128.076 Y165.948 E.01656
G1 X120.865 Y158.737 E.31504
G1 X120.865 Y158.201 E.01656
G1 X128.612 Y165.948 E.33847
G1 X129.148 Y165.948 E.01656
G1 X120.865 Y157.665 E.36189
G1 X120.865 Y157.129 E.01656
G1 X129.685 Y165.948 E.38532
G1 X130.221 Y165.948 E.01656
G1 X120.865 Y156.593 E.40874
G1 X120.865 Y156.057 E.01656
G1 X130.757 Y165.948 E.43216
G1 X131.293 Y165.948 E.01656
G1 X120.865 Y155.52 E.45559
G1 X120.865 Y154.984 E.01656
G1 X131.829 Y165.948 E.47901
G1 X132.365 Y165.948 E.01656
G1 X120.865 Y154.448 E.50244
G1 X120.865 Y153.912 E.01656
G1 X132.901 Y165.948 E.52586
G1 X133.438 Y165.948 E.01656
G1 X120.865 Y153.376 E.54929
G1 X120.865 Y152.84 E.01656
G1 X133.974 Y165.948 E.57271
G1 X134.51 Y165.948 E.01656
G1 X120.865 Y152.304 E.59613
G1 X120.865 Y151.767 E.01656
G1 X135.046 Y165.948 E.61956
G1 X135.582 Y165.948 E.01656
G1 X120.865 Y151.231 E.64298
G1 X120.865 Y150.695 E.01656
G1 X136.118 Y165.948 E.66641
G1 X136.655 Y165.948 E.01656
G1 X120.865 Y150.159 E.68983
G1 X120.865 Y149.623 E.01656
G1 X137.191 Y165.948 E.71325
G1 X137.727 Y165.948 E.01656
G1 X120.865 Y149.087 E.73668
G1 X120.865 Y148.55 E.01656
G1 X138.263 Y165.948 E.7601
G1 X138.799 Y165.948 E.01656
G1 X120.865 Y148.014 E.78353
G1 X120.865 Y147.478 E.01656
G1 X139.335 Y165.948 E.80695
G1 X139.871 Y165.948 E.01656
G1 X120.865 Y146.942 E.83038
G1 X120.865 Y146.406 E.01656
G1 X140.408 Y165.948 E.8538
G1 X140.944 Y165.948 E.01656
G1 X120.865 Y145.87 E.87722
G1 X120.865 Y145.334 E.01656
G1 X141.48 Y165.948 E.90065
G1 X142.016 Y165.948 E.01656
G1 X120.865 Y144.797 E.92407
G1 X120.865 Y144.261 E.01656
G1 X142.552 Y165.948 E.9475
G1 X143.088 Y165.948 E.01656
G1 X120.865 Y143.725 E.97092
G1 X120.865 Y143.189 E.01656
G1 X143.624 Y165.948 E.99434
G1 X144.161 Y165.948 E.01656
G1 X120.865 Y142.653 E1.01777
G1 X120.865 Y142.117 E.01656
G1 X144.697 Y165.948 E1.04119
G1 X145.233 Y165.948 E.01656
G1 X120.865 Y141.58 E1.06462
G1 X120.865 Y141.044 E.01656
G1 X145.769 Y165.948 E1.08804
G1 X146.305 Y165.948 E.01656
G1 X120.865 Y140.508 E1.11147
G1 X120.865 Y139.972 E.01656
G1 X146.841 Y165.948 E1.13489
G1 X147.378 Y165.948 E.01656
G1 X120.865 Y139.436 E1.15831
G1 X120.865 Y138.9 E.01656
G1 X147.914 Y165.948 E1.18174
G1 X148.45 Y165.948 E.01656
G1 X120.865 Y138.364 E1.20516
G1 X120.865 Y137.827 E.01656
G1 X148.986 Y165.948 E1.22859
G1 X149.522 Y165.948 E.01656
G1 X120.865 Y137.291 E1.25201
G1 X120.865 Y136.755 E.01656
G1 X150.058 Y165.948 E1.27543
G1 X150.594 Y165.948 E.01656
G1 X120.865 Y136.219 E1.29886
G1 X120.865 Y135.683 E.01656
G1 X151.131 Y165.948 E1.32228
G1 X151.667 Y165.948 E.01656
G1 X120.865 Y135.147 E1.34571
G1 X120.865 Y134.611 E.01656
G1 X152.203 Y165.948 E1.36913
G1 X152.739 Y165.948 E.01656
G1 X120.865 Y134.074 E1.39256
G1 X120.865 Y133.538 E.01656
G1 X153.275 Y165.948 E1.41598
G1 X153.811 Y165.948 E.01656
G1 X120.865 Y133.002 E1.4394
G1 X120.865 Y132.466 E.01656
G1 X154.348 Y165.948 E1.46283
G1 X154.884 Y165.948 E.01656
G1 X120.865 Y131.93 E1.48625
G1 X120.909 Y131.438 E.01526
G1 X155.42 Y165.948 E1.50775
G1 X155.956 Y165.948 E.01656
G1 X120.985 Y130.977 E1.52787
G1 X121.106 Y130.562 E.01335
G1 X156.492 Y165.948 E1.546
G1 X157.028 Y165.948 E.01656
G1 X121.263 Y130.183 E1.56255
G1 X121.445 Y129.829 E.0123
G1 X157.564 Y165.948 E1.57802
G1 X158.101 Y165.948 E.01656
G1 X121.658 Y129.505 E1.59218
G1 X121.897 Y129.209 E.01178
G1 X158.637 Y165.948 E1.60513
G1 X159.173 Y165.948 E.01656
G1 X122.155 Y128.931 E1.61728
G1 X122.452 Y128.691 E.01178
G1 X159.709 Y165.948 E1.62775
G1 X160.245 Y165.948 E.01656
G1 X122.755 Y128.458 E1.63792
G1 X123.109 Y128.276 E.0123
G1 X160.781 Y165.948 E1.64588
G1 X161.317 Y165.948 E.01656
G1 X123.466 Y128.097 E1.6537
G1 X123.882 Y127.976 E.01336
G1 X161.854 Y165.948 E1.65898
G1 X162.39 Y165.948 E.01656
G1 X124.328 Y127.887 E1.66288
G1 X124.807 Y127.829 E.01488
G1 X162.926 Y165.948 E1.66542
G1 X163.462 Y165.948 E.01656
G1 X125.327 Y127.813 E1.66611
G1 X125.863 Y127.813 E.01656
G1 X163.998 Y165.948 E1.66611
G1 X164.534 Y165.948 E.01656
G1 X126.399 Y127.813 E1.66611
G1 X126.935 Y127.813 E.01656
G1 X165.056 Y165.933 E1.66546
G1 X165.534 Y165.876 E.0149
G1 X127.471 Y127.813 E1.66295
G1 X128.008 Y127.813 E.01656
G1 X165.983 Y165.788 E1.65912
G1 X166.401 Y165.67 E.01341
G1 X128.544 Y127.813 E1.65395
G1 X129.08 Y127.813 E.01656
G1 X166.759 Y165.492 E1.64617
G1 X167.112 Y165.309 E.01229
G1 X129.616 Y127.813 E1.63817
G1 X130.152 Y127.813 E.01656
G1 X167.415 Y165.076 E1.628
G1 X167.71 Y164.835 E.01177
G1 X130.688 Y127.813 E1.61748
G1 X131.224 Y127.813 E.01656
G1 X167.968 Y164.556 E1.60529
G1 X168.207 Y164.26 E.01178
G1 X131.761 Y127.813 E1.59234
G1 X132.297 Y127.813 E.01656
G1 X168.419 Y163.936 E1.57818
G1 X168.601 Y163.582 E.0123
G1 X132.833 Y127.813 E1.56271
G1 X133.369 Y127.813 E.01656
G1 X168.758 Y163.202 E1.54612
G1 X168.878 Y162.785 E.01338
G1 X133.905 Y127.813 E1.52793
G1 X134.441 Y127.813 E.01656
G1 X168.952 Y162.324 E1.50776
G1 X168.996 Y161.832 E.01525
G1 X134.977 Y127.813 E1.48627
G1 X135.514 Y127.813 E.01656
G1 X168.996 Y161.296 E1.46285
G1 X168.996 Y160.76 E.01656
G1 X136.05 Y127.813 E1.43943
G1 X136.586 Y127.813 E.01656
G1 X168.996 Y160.224 E1.416
G1 X168.996 Y159.687 E.01656
G1 X137.122 Y127.813 E1.39258
G1 X137.658 Y127.813 E.01656
G1 X168.996 Y159.151 E1.36915
G1 X168.996 Y158.615 E.01656
G1 X138.194 Y127.813 E1.34573
G1 X138.731 Y127.813 E.01656
G1 X168.996 Y158.079 E1.3223
G1 X168.996 Y157.543 E.01656
G1 X139.267 Y127.813 E1.29888
G1 X139.803 Y127.813 E.01656
G1 X168.996 Y157.007 E1.27546
G1 X168.996 Y156.47 E.01656
G1 X140.339 Y127.813 E1.25203
G1 X140.875 Y127.813 E.01656
G1 X168.996 Y155.934 E1.22861
G1 X168.996 Y155.398 E.01656
G1 X141.411 Y127.813 E1.20518
G1 X141.947 Y127.813 E.01656
G1 X168.996 Y154.862 E1.18176
G1 X168.996 Y154.326 E.01656
G1 X142.484 Y127.813 E1.15834
G1 X143.02 Y127.813 E.01656
G1 X168.996 Y153.79 E1.13491
G1 X168.996 Y153.254 E.01656
G1 X143.556 Y127.813 E1.11149
G1 X144.092 Y127.813 E.01656
G1 X168.996 Y152.717 E1.08806
G1 X168.996 Y152.181 E.01656
G1 X144.628 Y127.813 E1.06464
G1 X145.164 Y127.813 E.01656
G1 X168.996 Y151.645 E1.04121
G1 X168.996 Y151.109 E.01656
G1 X145.7 Y127.813 E1.01779
G1 X146.237 Y127.813 E.01656
G1 X168.996 Y150.573 E.99437
G1 X168.996 Y150.037 E.01656
G1 X146.773 Y127.813 E.97094
G1 X147.309 Y127.813 E.01656
G1 X168.996 Y149.5 E.94752
G1 X168.996 Y148.964 E.01656
G1 X147.845 Y127.813 E.92409
G1 X148.381 Y127.813 E.01656
G1 X168.996 Y148.428 E.90067
G1 X168.996 Y147.892 E.01656
G1 X148.917 Y127.813 E.87725
G1 X149.454 Y127.813 E.01656
G1 X168.996 Y147.356 E.85382
G1 X168.996 Y146.82 E.01656
G1 X149.99 Y127.813 E.8304
G1 X150.526 Y127.813 E.01656
G1 X168.996 Y146.284 E.80697
G1 X168.996 Y145.747 E.01656
G1 X151.062 Y127.813 E.78355
G1 X151.598 Y127.813 E.01656
G1 X168.996 Y145.211 E.76012
G1 X168.996 Y144.675 E.01656
G1 X152.134 Y127.813 E.7367
G1 X152.67 Y127.813 E.01656
G1 X168.996 Y144.139 E.71328
G1 X168.996 Y143.603 E.01656
G1 X153.207 Y127.813 E.68985
G1 X153.743 Y127.813 E.01656
G1 X168.996 Y143.067 E.66643
G1 X168.996 Y142.531 E.01656
G1 X154.279 Y127.813 E.643
G1 X154.815 Y127.813 E.01656
G1 X168.996 Y141.994 E.61958
G1 X168.996 Y141.458 E.01656
G1 X155.351 Y127.813 E.59616
G1 X155.887 Y127.813 E.01656
G1 X168.996 Y140.922 E.57273
G1 X168.996 Y140.386 E.01656
G1 X156.424 Y127.813 E.54931
G1 X156.96 Y127.813 E.01656
G1 X168.996 Y139.85 E.52588
G1 X168.996 Y139.314 E.01656
G1 X157.496 Y127.813 E.50246
G1 X158.032 Y127.813 E.01656
G1 X168.996 Y138.777 E.47903
G1 X168.996 Y138.241 E.01656
G1 X158.568 Y127.813 E.45561
G1 X159.104 Y127.813 E.01656
G1 X168.996 Y137.705 E.43219
G1 X168.996 Y137.169 E.01656
G1 X159.64 Y127.813 E.40876
G1 X160.177 Y127.813 E.01656
G1 X168.996 Y136.633 E.38534
G1 X168.996 Y136.097 E.01656
G1 X160.713 Y127.813 E.36191
G1 X161.249 Y127.813 E.01656
G1 X168.996 Y135.561 E.33849
G1 X168.996 Y135.024 E.01656
G1 X161.785 Y127.813 E.31507
G1 X162.321 Y127.813 E.01656
G1 X168.996 Y134.488 E.29164
G1 X168.996 Y133.952 E.01656
G1 X162.857 Y127.813 E.26822
G1 X163.393 Y127.813 E.01656
G1 X168.996 Y133.416 E.24479
G1 X168.996 Y132.88 E.01656
G1 X163.93 Y127.813 E.22137
G1 X164.466 Y127.813 E.01656
G1 X168.996 Y132.344 E.19794
G1 X168.985 Y131.796 E.01692
G1 X165.013 Y127.824 E.17354
G1 X165.603 Y127.878 E.01831
G1 X168.905 Y131.18 E.14427
G1 X168.845 Y130.865 E.00992
G1 X168.731 Y130.47 E.0127
G1 X166.338 Y128.077 E.10455
G1 X166.433 Y128.104 E.00306
G1 X167.161 Y128.479 E.02529
G1 X167.802 Y129.004 E.0256
G1 X168.592 Y129.795 E.03453
; stop printing object USV 1 e2mm.stl_3 id:0 copy 0
; printing object "USV 1 e2mm.stl_1" id:1 copy 0
G1 E-.8 F3600
G1 X96.161 Y56.53 F18000
G1 E.8 F3600
M204 S1000
;TYPE:Outer wall
;WIDTH:0.42
G1 F3000
G1 X96.695 Y55.869 E.02612
G1 X97.453 Y55.247 E.03014
G1 X98.313 Y54.805 E.02972
G1 X99.213 Y54.545 E.02877
G1 X100.088 Y54.468 E.027
G1 X140.065 Y54.468 E1.22838
G1 X140.643 Y54.518 E.01783
G1 X141.265 Y54.636 E.01945
G1 X141.84 Y54.804 E.01841
G1 X142.701 Y55.247 E.02975
G1 X143.471 Y55.87 E.03042
G1 X144.093 Y56.64 E.03042
G1 X144.536 Y57.5 E.02972
G1 X144.795 Y58.389 E.02845
G1 X144.875 Y59.265 E.02704
G1 X144.875 Y89.244 E.92117
G1 X144.795 Y90.131 E.02738
G1 X144.536 Y91.02 E.02845
G1 X144.094 Y91.881 E.02972
G1 X143.471 Y92.639 E.03016
G1 X142.7 Y93.273 E.03066
G1 X141.84 Y93.715 E.02971
G1 X140.952 Y93.971 E.0284
G1 X140.065 Y94.051 E.02738
G1 X100.089 Y94.051 E1.22835
G1 X99.518 Y93.999 E.01759
G1 X98.895 Y93.881 E.01949
G1 X98.313 Y93.715 E.01862
G1 X97.454 Y93.273 E.02968
G1 X96.695 Y92.64 E.03038
G1 X96.072 Y91.881 E.03019
G1 X95.629 Y91.021 E.02971
G1 X95.373 Y90.132 E.02843
G1 X95.293 Y89.244 E.02739
G1 X95.293 Y59.265 E.92117
G1 X95.345 Y58.694 E.01761
G1 X95.464 Y58.075 E.01937
G1 X95.629 Y57.499 E.01841
G1 X96.072 Y56.64 E.02971
G1 X96.148 Y56.546 E.00372
M204 S2000
G1 X96.465 Y56.777 F18000
M204 S1500
;TYPE:Inner wall
;WIDTH:0.45
G1 F4800
G1 X96.975 Y56.147 E.02686
G1 X97.669 Y55.577 E.02982
G1 X98.458 Y55.171 E.02943
G1 X99.285 Y54.932 E.02853
G1 X100.105 Y54.861 E.02732
G1 X140.048 Y54.861 E1.32498
G1 X140.59 Y54.907 E.01802
G1 X141.173 Y55.018 E.0197
G1 X141.694 Y55.17 E.018
G1 X142.486 Y55.578 E.02954
G1 X143.192 Y56.149 E.03013
G1 X143.763 Y56.855 E.03013
G1 X144.17 Y57.645 E.0295
G1 X144.408 Y58.462 E.02821
G1 X144.483 Y59.283 E.02735
G1 X144.483 Y89.226 E.99327
G1 X144.408 Y90.058 E.02771
G1 X144.17 Y90.875 E.0282
G1 X143.764 Y91.664 E.02945
G1 X143.192 Y92.361 E.0299
G1 X142.483 Y92.944 E.03043
G1 X141.695 Y93.349 E.02941
G1 X140.88 Y93.584 E.02815
G1 X140.047 Y93.659 E.02774
G1 X100.107 Y93.659 E1.32489
G1 X99.573 Y93.61 E.01777
G1 X98.986 Y93.499 E.01983
G1 X98.457 Y93.349 E.01823
G1 X97.672 Y92.945 E.02931
G1 X96.974 Y92.363 E.03013
G1 X96.401 Y91.664 E.02998
G1 X95.995 Y90.875 E.02942
G1 X95.761 Y90.059 E.02818
G1 X95.685 Y89.226 E.02774
G1 X95.685 Y59.283 E.99327
G1 X95.734 Y58.749 E.01778
G1 X95.845 Y58.166 E.01968
G1 X95.995 Y57.645 E.018
G1 X96.402 Y56.855 E.02947
G1 X96.453 Y56.792 E.00268
M204 S2000
G1 X98.031 Y92.945 F18000
;TYPE:Internal solid infill
;WIDTH:0.421985
G1 F6000
G1 X97.211 Y92.126 E.03581
G1 X96.681 Y91.48 E.02579
G1 X96.307 Y90.752 E.02529
G1 X96.28 Y90.658 E.00302
G1 X98.69 Y93.068 E.10529
G1 X99.063 Y93.174 E.01197
G1 X99.395 Y93.237 E.01045
G1 X96.083 Y89.925 E.14468
G1 X96.03 Y89.336 E.01828
G1 X100.01 Y93.316 E.17385
G1 X100.556 Y93.326 E.01688
G1 X96.018 Y88.789 E.19822
G1 X96.018 Y88.253 E.01656
G1 X101.092 Y93.326 E.22163
G1 X101.628 Y93.326 E.01656
G1 X96.018 Y87.716 E.24505
G1 X96.018 Y87.18 E.01656
G1 X102.164 Y93.326 E.26847
G1 X102.7 Y93.326 E.01656
G1 X96.018 Y86.644 E.29189
G1 X96.018 Y86.108 E.01656
G1 X103.236 Y93.326 E.3153
G1 X103.772 Y93.326 E.01656
G1 X96.018 Y85.572 E.33872
G1 X96.018 Y85.036 E.01656
G1 X104.308 Y93.326 E.36214
G1 X104.845 Y93.326 E.01656
G1 X96.018 Y84.5 E.38556
G1 X96.018 Y83.964 E.01656
G1 X105.381 Y93.326 E.40898
G1 X105.917 Y93.326 E.01656
G1 X96.018 Y83.428 E.43239
G1 X96.018 Y82.892 E.01656
G1 X106.453 Y93.326 E.45581
G1 X106.989 Y93.326 E.01656
G1 X96.018 Y82.356 E.47923
G1 X96.018 Y81.82 E.01656
G1 X107.525 Y93.326 E.50265
G1 X108.061 Y93.326 E.01656
G1 X96.018 Y81.284 E.52607
G1 X96.018 Y80.747 E.01656
G1 X108.597 Y93.326 E.54948
G1 X109.133 Y93.326 E.01656
G1 X96.018 Y80.211 E.5729
G1 X96.018 Y79.675 E.01656
G1 X109.669 Y93.326 E.59632
G1 X110.205 Y93.326 E.01656
G1 X96.018 Y79.139 E.61974
G1 X96.018 Y78.603 E.01656
G1 X110.741 Y93.326 E.64315
G1 X111.278 Y93.326 E.01656
G1 X96.018 Y78.067 E.66657
G1 X96.018 Y77.531 E.01656
G1 X111.814 Y93.326 E.68999
G1 X112.35 Y93.326 E.01656
G1 X96.018 Y76.995 E.71341
G1 X96.018 Y76.459 E.01656
G1 X112.886 Y93.326 E.73683
G1 X113.422 Y93.326 E.01656
G1 X96.018 Y75.923 E.76024
G1 X96.018 Y75.387 E.01656
G1 X113.958 Y93.326 E.78366
G1 X114.494 Y93.326 E.01656
G1 X96.018 Y74.851 E.80708
G1 X96.018 Y74.314 E.01656
G1 X115.03 Y93.326 E.8305
G1 X115.566 Y93.326 E.01656
G1 X96.018 Y73.778 E.85392
G1 X96.018 Y73.242 E.01656
G1 X116.102 Y93.326 E.87733
G1 X116.638 Y93.326 E.01656
G1 X96.018 Y72.706 E.90075
G1 X96.018 Y72.17 E.01656
G1 X117.174 Y93.326 E.92417
G1 X117.71 Y93.326 E.01656
G1 X96.018 Y71.634 E.94759
G1 X96.018 Y71.098 E.01656
G1 X118.247 Y93.326 E.971
G1 X118.783 Y93.326 E.01656
G1 X96.018 Y70.562 E.99442
G1 X96.018 Y70.026 E.01656
G1 X119.319 Y93.326 E1.01784
G1 X119.855 Y93.326 E.01656
G1 X96.018 Y69.49 E1.04126
G1 X96.018 Y68.954 E.01656
G1 X120.391 Y93.326 E1.06468
G1 X120.927 Y93.326 E.01656
G1 X96.018 Y68.418 E1.08809
G1 X96.018 Y67.882 E.01656
G1 X121.463 Y93.326 E1.11151
G1 X121.999 Y93.326 E.01656
G1 X96.018 Y67.345 E1.13493
G1 X96.018 Y66.809 E.01656
G1 X122.535 Y93.326 E1.15835
G1 X123.071 Y93.326 E.01656
G1 X96.018 Y66.273 E1.18177
G1 X96.018 Y65.737 E.01656
G1 X123.607 Y93.326 E1.20518
G1 X124.143 Y93.326 E.01656
G1 X96.018 Y65.201 E1.2286
G1 X96.018 Y64.665 E.01656
G1 X124.679 Y93.326 E1.25202
G1 X125.216 Y93.326 E.01656
G1 X96.018 Y64.129 E1.27544
G1 X96.018 Y63.593 E.01656
G1 X125.752 Y93.326 E1.29886
G1 X126.288 Y93.326 E.01656
G1 X96.018 Y63.057 E1.32227
G1 X96.018 Y62.521 E.01656
G1 X126.824 Y93.326 E1.34569
G1 X127.36 Y93.326 E.01656
G1 X96.018 Y61.985 E1.36911
G1 X96.018 Y61.449 E.01656
G1 X127.896 Y93.326 E1.39253
G1 X128.432 Y93.326 E.01656
G1 X96.018 Y60.913 E1.41594
G1 X96.018 Y60.376 E.01656
G1 X128.968 Y93.326 E1.43936
G1 X129.504 Y93.326 E.01656
G1 X96.018 Y59.84 E1.46278
G1 X96.018 Y59.304 E.01656
G1 X130.04 Y93.326 E1.4862
G1 X130.576 Y93.326 E.01656
G1 X96.063 Y58.813 E1.50767
G1 X96.147 Y58.361 E.01419
G1 X131.112 Y93.326 E1.5274
G1 X131.648 Y93.326 E.01656
G1 X96.258 Y57.936 E1.54597
G1 X96.307 Y57.768 E.00539
G1 X96.415 Y57.557 E.00734
G1 X132.185 Y93.326 E1.56253
G1 X132.721 Y93.326 E.01656
G1 X96.598 Y57.203 E1.57798
G1 X96.683 Y57.038 E.00574
G1 X96.811 Y56.88 E.00628
G1 X133.257 Y93.326 E1.5921
G1 X133.793 Y93.326 E.01656
G1 X97.05 Y56.583 E1.60505
G1 X97.212 Y56.383 E.00797
G1 X97.308 Y56.305 E.0038
G1 X134.329 Y93.326 E1.61723
G1 X134.865 Y93.326 E.01656
G1 X97.602 Y56.063 E1.62778
G1 X97.853 Y55.857 E.01005
G1 X97.905 Y55.83 E.00179
G1 X135.401 Y93.326 E1.63796
G1 X135.937 Y93.326 E.01656
G1 X98.259 Y55.648 E1.64592
G1 X98.618 Y55.471 E.01237
G1 X136.473 Y93.326 E1.65363
G1 X137.009 Y93.326 E.01656
G1 X99.034 Y55.351 E1.65888
G1 X99.346 Y55.261 E.01002
G1 X99.47 Y55.251 E.00384
G1 X137.545 Y93.326 E1.66328
G1 X138.081 Y93.326 E.01656
G1 X99.963 Y55.208 E1.66516
G1 X100.485 Y55.194 E.01614
G1 X138.618 Y93.326 E1.66576
G1 X139.154 Y93.326 E.01656
G1 X101.021 Y55.194 E1.66576
G1 X101.557 Y55.194 E.01656
G1 X139.69 Y93.326 E1.66576
G1 X140.21 Y93.31 E.01607
G1 X102.093 Y55.194 E1.66505
G1 X102.63 Y55.194 E.01656
G1 X140.701 Y93.266 E1.66311
G1 X140.818 Y93.255 E.00362
G1 X141.135 Y93.164 E.0102
G1 X103.166 Y55.194 E1.65866
G1 X103.702 Y55.194 E.01656
G1 X141.552 Y93.044 E1.65342
G1 X141.908 Y92.865 E.01234
G1 X104.238 Y55.194 E1.64559
G1 X104.774 Y55.194 E.01656
G1 X142.262 Y92.682 E1.63764
G1 X142.563 Y92.447 E.01179
G1 X105.31 Y55.194 E1.62734
G1 X105.846 Y55.194 E.01656
G1 X142.857 Y92.205 E1.61678
G1 X142.955 Y92.124 E.00393
G1 X143.116 Y91.928 E.00784
G1 X106.382 Y55.194 E1.60468
G1 X106.918 Y55.194 E.01656
G1 X143.358 Y91.634 E1.59182
G1 X143.484 Y91.48 E.00614
G1 X143.571 Y91.311 E.00588
G1 X107.454 Y55.194 E1.57771
G1 X107.99 Y55.194 E.01656
G1 X143.753 Y90.957 E1.56225
G1 X143.859 Y90.751 E.00716
G1 X143.91 Y90.577 E.00558
G1 X108.526 Y55.194 E1.54567
G1 X109.062 Y55.194 E.01656
G1 X144.03 Y90.162 E1.52753
G1 X144.079 Y89.996 E.00533
G1 X144.105 Y89.701 E.00916
G1 X109.599 Y55.194 E1.50739
G1 X110.135 Y55.194 E.01656
G1 X144.15 Y89.209 E1.4859
G1 X144.15 Y88.673 E.01656
G1 X110.671 Y55.194 E1.46249
G1 X111.207 Y55.194 E.01656
G1 X144.15 Y88.137 E1.43907
G1 X144.15 Y87.601 E.01656
G1 X111.743 Y55.194 E1.41565
G1 X112.279 Y55.194 E.01656
G1 X144.15 Y87.065 E1.39223
G1 X144.15 Y86.529 E.01656
G1 X112.815 Y55.194 E1.36881
G1 X113.351 Y55.194 E.01656
G1 X144.15 Y85.992 E1.3454
G1 X144.15 Y85.456 E.01656
G1 X113.887 Y55.194 E1.32198
G1 X114.423 Y55.194 E.01656
G1 X144.15 Y84.92 E1.29856
G1 X144.15 Y84.384 E.01656
G1 X114.959 Y55.194 E1.27514
G1 X115.495 Y55.194 E.01656
G1 X144.15 Y83.848 E1.25172
G1 X144.15 Y83.312 E.01656
G1 X116.032 Y55.194 E1.22831
G1 X116.568 Y55.194 E.01656
G1 X144.15 Y82.776 E1.20489
G1 X144.15 Y82.24 E.01656
G1 X117.104 Y55.194 E1.18147
G1 X117.64 Y55.194 E.01656
G1 X144.15 Y81.704 E1.15805
G1 X144.15 Y81.168 E.01656
G1 X118.176 Y55.194 E1.13464
G1 X118.712 Y55.194 E.01656
G1 X144.15 Y80.632 E1.11122
G1 X144.15 Y80.096 E.01656
G1 X119.248 Y55.194 E1.0878
G1 X119.784 Y55.194 E.01656
G1 X144.15 Y79.56 E1.06438
G1 X144.15 Y79.023 E.01656
G1 X120.32 Y55.194 E1.04096
G1 X120.856 Y55.194 E.01656
G1 X144.15 Y78.487 E1.01755
G1 X144.15 Y77.951 E.01656
G1 X121.392 Y55.194 E.99413
G1 X121.928 Y55.194 E.01656
G1 X144.15 Y77.415 E.97071
G1 X144.15 Y76.879 E.01656
G1 X122.464 Y55.194 E.94729
G1 X123.001 Y55.194 E.01656
G1 X144.15 Y76.343 E.92387
G1 X144.15 Y75.807 E.01656
G1 X123.537 Y55.194 E.90046
G1 X124.073 Y55.194 E.01656
G1 X144.15 Y75.271 E.87704
G1 X144.15 Y74.735 E.01656
G1 X124.609 Y55.194 E.85362
G1 X125.145 Y55.194 E.01656
G1 X144.15 Y74.199 E.8302
G1 X144.15 Y73.663 E.01656
G1 X125.681 Y55.194 E.80679
G1 X126.217 Y55.194 E.01656
G1 X144.15 Y73.127 E.78337
G1 X144.15 Y72.59 E.01656
G1 X126.753 Y55.194 E.75995
G1 X127.289 Y55.194 E.01656
G1 X144.15 Y72.054 E.73653
G1 X144.15 Y71.518 E.01656
G1 X127.825 Y55.194 E.71311
G1 X128.361 Y55.194 E.01656
G1 X144.15 Y70.982 E.6897
G1 X144.15 Y70.446 E.01656
G1 X128.897 Y55.194 E.66628
G1 X129.433 Y55.194 E.01656
G1 X144.15 Y69.91 E.64286
G1 X144.15 Y69.374 E.01656
G1 X129.97 Y55.194 E.61944
G1 X130.506 Y55.194 E.01656
G1 X144.15 Y68.838 E.59602
G1 X144.15 Y68.302 E.01656
G1 X131.042 Y55.194 E.57261
G1 X131.578 Y55.194 E.01656
G1 X144.15 Y67.766 E.54919
G1 X144.15 Y67.23 E.01656
G1 X132.114 Y55.194 E.52577
G1 X132.65 Y55.194 E.01656
G1 X144.15 Y66.694 E.50235
G1 X144.15 Y66.158 E.01656
G1 X133.186 Y55.194 E.47893
G1 X133.722 Y55.194 E.01656
G1 X144.15 Y65.621 E.45552
G1 X144.15 Y65.085 E.01656
G1 X134.258 Y55.194 E.4321
G1 X134.794 Y55.194 E.01656
G1 X144.15 Y64.549 E.40868
G1 X144.15 Y64.013 E.01656
G1 X135.33 Y55.194 E.38526
G1 X135.866 Y55.194 E.01656
G1 X144.15 Y63.477 E.36185
G1 X144.15 Y62.941 E.01656
G1 X136.403 Y55.194 E.33843
G1 X136.939 Y55.194 E.01656
G1 X144.15 Y62.405 E.31501
G1 X144.15 Y61.869 E.01656
G1 X137.475 Y55.194 E.29159
G1 X138.011 Y55.194 E.01656
G1 X144.15 Y61.333 E.26817
G1 X144.15 Y60.797 E.01656
G1 X138.547 Y55.194 E.24476
G1 X139.083 Y55.194 E.01656
G1 X144.15 Y60.261 E.22134
G1 X144.15 Y59.725 E.01656
G1 X139.619 Y55.194 E.19792
G1 X140.166 Y55.205 E.01692
G1 X144.139 Y59.177 E.17352
G1 X144.085 Y58.587 E.01831
G1 X140.78 Y55.283 E.14436
G1 X141.095 Y55.342 E.00991
G1 X141.492 Y55.458 E.01277
G1 X144.132 Y58.098 E.11532
; stop printing object USV 1 e2mm.stl_1 id:1 copy 0
; end of layer_num: 9, T: 0, print_z: 1.840000
;LAYER_CHANGE
;Z:2.04
;HEIGHT:0.2
; BEFORE_LAYER_CHANGE 9 @ 2.04mm
G92 E0
; AFTER_LAYER_CHANGE 9 @ 2.04mm
; start of layer_num: 10, T: 0, print_z: 2.040000
; printing object "USV 1 e2mm.stl_3" id:0 copy 0
G1 E-.8 F3600
G1 X120.209 Y162.626 Z2.04 F18000
G1 E.8 F3600
M204 S1000
;TYPE:Outer wall
;WIDTH:0.42
G1 F3000
G1 X120.14 Y161.867 E.0234
G1 X120.14 Y131.887 E.9212
G1 X120.22 Y131.008 E.02713
G1 X120.479 Y130.123 E.02834
G1 X120.922 Y129.262 E.02975
G1 X121.544 Y128.492 E.03042
G1 X122.314 Y127.869 E.03042
G1 X123.175 Y127.427 E.02975
G1 X123.713 Y127.27 E.01722
G1 X124.409 Y127.137 E.02178
G1 X124.95 Y127.088 E.01669
G1 X164.926 Y127.088 E1.22835
G1 X165.268 Y127.119 E.01055
G1 X165.802 Y127.168 E.01647
G1 X166.702 Y127.427 E.02878
G1 X167.562 Y127.869 E.02971
G1 X168.32 Y128.491 E.03014
G1 X168.943 Y129.262 E.03045
G1 X169.386 Y130.123 E.02974
G1 X169.541 Y130.659 E.01715
G1 X169.673 Y131.351 E.02165
G1 X169.722 Y131.887 E.01655
G1 X169.722 Y161.867 E.9212
G1 X169.641 Y162.754 E.02736
G1 X169.386 Y163.643 E.02843
G1 X168.943 Y164.503 E.02974
G1 X168.32 Y165.274 E.03044
G1 X167.562 Y165.892 E.03007
G1 X166.702 Y166.338 E.02977
G1 X166.157 Y166.493 E.0174
G1 X165.46 Y166.625 E.0218
G1 X164.926 Y166.674 E.01648
G1 X124.95 Y166.674 E1.22835
G1 X124.063 Y166.593 E.02739
G1 X123.175 Y166.339 E.02838
G1 X122.314 Y165.892 E.0298
G1 X121.544 Y165.273 E.03036
G1 X120.922 Y164.503 E.03041
G1 X120.479 Y163.643 E.02975
G1 X120.22 Y162.753 E.02845
G1 X120.21 Y162.645 E.00333
M204 S2000
G1 X120.599 Y162.59 F18000
M204 S1500
;TYPE:Inner wall
;WIDTH:0.45
G1 F4800
G1 X120.532 Y161.849 E.02467
G1 X120.532 Y131.905 E.99331
G1 X120.607 Y131.081 E.02743
G1 X120.845 Y130.269 E.02808
G1 X121.252 Y129.477 E.02954
G1 X121.823 Y128.771 E.03013
G1 X122.529 Y128.2 E.03013
G1 X123.321 Y127.792 E.02953
G1 X123.805 Y127.651 E.01673
G1 X124.464 Y127.525 E.02225
G1 X124.968 Y127.48 E.01679
G1 X164.908 Y127.48 E1.32489
G1 X165.232 Y127.509 E.01079
G1 X165.729 Y127.555 E.01655
G1 X166.557 Y127.793 E.02857
G1 X167.345 Y128.199 E.02942
G1 X168.04 Y128.769 E.02982
G1 X168.613 Y129.477 E.0302
G1 X169.02 Y130.268 E.02951
G1 X169.159 Y130.75 E.01665
G1 X169.284 Y131.406 E.02214
G1 X169.33 Y131.905 E.01664
G1 X169.33 Y161.849 E.99331
G1 X169.254 Y162.681 E.02771
G1 X169.019 Y163.498 E.02818
G1 X168.613 Y164.288 E.02949
G1 X168.041 Y164.996 E.03017
G1 X167.345 Y165.563 E.02977
G1 X166.557 Y165.972 E.02947
G1 X166.067 Y166.111 E.01688
G1 X165.406 Y166.236 E.02233
G1 X164.908 Y166.282 E.01657
G1 X124.968 Y166.282 E1.32489
G1 X124.135 Y166.206 E.02775
G1 X123.321 Y165.973 E.0281
G1 X122.529 Y165.562 E.02958
G1 X121.822 Y164.994 E.03008
G1 X121.252 Y164.288 E.0301
G1 X120.845 Y163.497 E.02952
G1 X120.607 Y162.68 E.02821
G1 X120.601 Y162.61 E.00234
M204 S2000
G1 X121.406 Y162.517 F18000
M204 S1500
G1 F4800
G1 X121.407 Y162.529 E.00038
G1 X121.603 Y163.205 E.02337
G1 X121.937 Y163.85 E.02406
G1 X122.407 Y164.413 E.02434
G1 X122.969 Y164.877 E.02417
G1 X123.607 Y165.21 E.02389
G1 X124.283 Y165.406 E.02334
G1 X124.913 Y165.467 E.021
G1 X164.964 Y165.467 E1.32858
G1 X165.592 Y165.406 E.02092
G1 X166.254 Y165.209 E.02292
G1 X166.892 Y164.879 E.02383
G1 X167.469 Y164.414 E.02456
G1 X167.937 Y163.848 E.02437
G1 X168.272 Y163.201 E.02418
G1 X168.455 Y162.525 E.02322
G1 X168.514 Y161.904 E.02069
G1 X168.514 Y131.85 E.99695
G1 X168.455 Y131.223 E.0209
G1 X168.271 Y130.558 E.02288
G1 X167.937 Y129.917 E.02397
G1 X167.47 Y129.348 E.02444
G1 X166.892 Y128.882 E.0246
G1 X166.254 Y128.552 E.02383
G1 X165.59 Y128.355 E.02299
G1 X164.962 Y128.298 E.02091
G1 X124.915 Y128.298 E1.32844
G1 X124.285 Y128.354 E.02098
G1 X123.607 Y128.551 E.02341
G1 X122.969 Y128.884 E.02389
G1 X122.406 Y129.349 E.02421
G1 X121.937 Y129.916 E.02441
G1 X121.604 Y130.553 E.02384
G1 X121.407 Y131.219 E.02303
G1 X121.35 Y131.852 E.02107
G1 X121.35 Y161.903 E.99685
G1 X121.404 Y162.497 E.01981
G1 E-.8 F3600
M204 S2000
G1 X121.001 Y162.534 F18000
G1 E.8 F3600
;TYPE:Gap infill
;WIDTH:0.45119
G1 F6000
G1 X121.007 Y162.605 E.00237
G1 X121.22 Y163.337 E.02538
G1 X121.593 Y164.066 E.02723
G1 X122.114 Y164.701 E.02734
G1 X122.752 Y165.221 E.02736
G1 X123.472 Y165.593 E.02697
G1 X124.21 Y165.806 E.02555
G1 X124.986 Y165.874 E.02594
G1 X164.89 Y165.874 E1.32753
G1 X165.649 Y165.793 E.02541
G1 X166.389 Y165.595 E.02547
G1 X167.098 Y165.232 E.02651
G1 X167.751 Y164.707 E.02788
G1 X168.274 Y164.068 E.02749
G1 X168.652 Y163.326 E.02768
G1 X168.854 Y162.606 E.02488
G1 X168.922 Y161.831 E.02589
G1 X168.922 Y131.924 E.99498
G1 X168.842 Y131.168 E.02528
G1 X168.65 Y130.431 E.02534
G1 X168.283 Y129.713 E.02682
G1 X167.752 Y129.056 E.02812
G1 X167.12 Y128.542 E.02709
G1 X166.388 Y128.168 E.02734
G1 X165.654 Y127.954 E.02544
G1 X164.89 Y127.889 E.02553
G1 X124.888 Y127.894 E1.33081
G1 X124.195 Y127.974 E.02321
G1 X123.471 Y128.17 E.02494
G1 X122.752 Y128.541 E.02693
G1 X122.114 Y129.062 E.02739
G1 X121.593 Y129.699 E.02739
G1 X121.222 Y130.419 E.02695
G1 X121.006 Y131.157 E.02557
G1 X120.946 Y131.825 E.0223
G1 X120.945 Y161.912 E1.00096
G1 X120.999 Y162.514 E.02011
G1 E-.8 F3600
G1 X165.679 Y165.25 F18000
G1 E.8 F3600
M204 S1000
;TYPE:Top surface
;WIDTH:0.421757
G1 X168.297 Y162.632 E.1143
M204 S2000
G1 X168.379 Y162.015 F18000
M204 S1000
G1 F3600
G1 X165.061 Y165.333 E.14486
M204 S2000
G1 X164.515 Y165.343 F18000
M204 S1000
G1 F3600
G1 X168.39 Y161.468 E.16917
M204 S2000
G1 X168.39 Y160.932 F18000
M204 S1000
G1 F3600
G1 X163.979 Y165.343 E.19256
M204 S2000
G1 X163.444 Y165.343 F18000
M204 S1000
G1 F3600
G1 X168.39 Y160.396 E.21595
M204 S2000
G1 X168.39 Y159.861 F18000
M204 S1000
G1 F3600
G1 X162.908 Y165.343 E.23934
M204 S2000
G1 X162.372 Y165.343 F18000
M204 S1000
G1 F3600
G1 X168.39 Y159.325 E.26273
M204 S2000
G1 X168.39 Y158.789 F18000
M204 S1000
G1 F3600
G1 X161.836 Y165.343 E.28612
M204 S2000
G1 X161.3 Y165.343 F18000
M204 S1000
G1 F3600
G1 X168.39 Y158.253 E.30951
M204 S2000
G1 X168.39 Y157.718 F18000
M204 S1000
G1 F3600
G1 X160.765 Y165.343 E.3329
M204 S2000
G1 X160.229 Y165.343 F18000
M204 S1000
G1 F3600
G1 X168.39 Y157.182 E.35629
M204 S2000
G1 X168.39 Y156.646 F18000
M204 S1000
G1 F3600
G1 X159.693 Y165.343 E.37968
M204 S2000
G1 X159.157 Y165.343 F18000
M204 S1000
G1 F3600
G1 X168.39 Y156.11 E.40307
M204 S2000
G1 X168.39 Y155.575 F18000
M204 S1000
G1 F3600
G1 X158.622 Y165.343 E.42646
M204 S2000
G1 X158.086 Y165.343 F18000
M204 S1000
G1 F3600
G1 X168.39 Y155.039 E.44985
M204 S2000
G1 X168.39 Y154.503 F18000
M204 S1000
G1 F3600
G1 X157.55 Y165.343 E.47324
M204 S2000
G1 X157.014 Y165.343 F18000
M204 S1000
G1 F3600
G1 X168.39 Y153.967 E.49663
M204 S2000
G1 X168.39 Y153.431 F18000
M204 S1000
G1 F3600
G1 X156.479 Y165.343 E.52002
M204 S2000
G1 X155.943 Y165.343 F18000
M204 S1000
G1 F3600
G1 X168.39 Y152.896 E.5434
M204 S2000
G1 X168.39 Y152.36 F18000
M204 S1000
G1 F3600
G1 X155.407 Y165.343 E.56679
M204 S2000
G1 X154.871 Y165.343 F18000
M204 S1000
G1 F3600
G1 X168.39 Y151.824 E.59018
M204 S2000
G1 X168.39 Y151.288 F18000
M204 S1000
G1 F3600
G1 X154.336 Y165.343 E.61357
M204 S2000
G1 X153.8 Y165.343 F18000
M204 S1000
G1 F3600
G1 X168.39 Y150.753 E.63696
M204 S2000
G1 X168.39 Y150.217 F18000
M204 S1000
G1 F3600
G1 X153.264 Y165.343 E.66035
M204 S2000
G1 X152.728 Y165.343 F18000
M204 S1000
G1 F3600
G1 X168.39 Y149.681 E.68374
M204 S2000
G1 X168.39 Y149.145 F18000
M204 S1000
G1 F3600
G1 X152.193 Y165.343 E.70713
M204 S2000
G1 X151.657 Y165.343 F18000
M204 S1000
G1 F3600
G1 X168.39 Y148.61 E.73052
M204 S2000
G1 X168.39 Y148.074 F18000
M204 S1000
G1 F3600
G1 X151.121 Y165.343 E.75391
M204 S2000
G1 X150.585 Y165.343 F18000
M204 S1000
G1 F3600
G1 X168.39 Y147.538 E.7773
M204 S2000
G1 X168.39 Y147.002 F18000
M204 S1000
G1 F3600
G1 X150.05 Y165.343 E.80069
M204 S2000
G1 X149.514 Y165.343 F18000
M204 S1000
G1 F3600
G1 X168.39 Y146.467 E.82408
M204 S2000
G1 X168.39 Y145.931 F18000
M204 S1000
G1 F3600
G1 X148.978 Y165.343 E.84747
M204 S2000
G1 X148.442 Y165.343 F18000
M204 S1000
G1 F3600
G1 X168.39 Y145.395 E.87086
M204 S2000
G1 X168.39 Y144.859 F18000
M204 S1000
G1 F3600
G1 X147.907 Y165.343 E.89425
M204 S2000
G1 X147.371 Y165.343 F18000
M204 S1000
G1 F3600
G1 X168.39 Y144.324 E.91764
M204 S2000
G1 X168.39 Y143.788 F18000
M204 S1000
G1 F3600
G1 X146.835 Y165.343 E.94103
M204 S2000
G1 X146.299 Y165.343 F18000
M204 S1000
G1 F3600
G1 X168.39 Y143.252 E.96442
M204 S2000
G1 X168.39 Y142.716 F18000
M204 S1000
G1 F3600
G1 X145.764 Y165.343 E.98781
M204 S2000
G1 X145.228 Y165.343 F18000
M204 S1000
G1 F3600
G1 X168.39 Y142.181 E1.0112
M204 S2000
G1 X168.39 Y141.645 F18000
M204 S1000
G1 F3600
G1 X144.692 Y165.343 E1.03459
M204 S2000
G1 X144.156 Y165.343 F18000
M204 S1000
G1 F3600
G1 X168.39 Y141.109 E1.05798
M204 S2000
G1 X168.39 Y140.573 F18000
M204 S1000
G1 F3600
G1 X143.621 Y165.343 E1.08137
M204 S2000
G1 X143.085 Y165.343 F18000
M204 S1000
G1 F3600
G1 X168.39 Y140.038 E1.10476
M204 S2000
G1 X168.39 Y139.502 F18000
M204 S1000
G1 F3600
G1 X142.549 Y165.343 E1.12815
M204 S2000
G1 X142.013 Y165.343 F18000
M204 S1000
G1 F3600
G1 X168.39 Y138.966 E1.15154
M204 S2000
G1 X168.39 Y138.43 F18000
M204 S1000
G1 F3600
G1 X141.478 Y165.343 E1.17493
M204 S2000
G1 X140.942 Y165.343 F18000
M204 S1000
G1 F3600
G1 X168.39 Y137.895 E1.19832
M204 S2000
G1 X168.39 Y137.359 F18000
M204 S1000
G1 F3600
G1 X140.406 Y165.343 E1.22171
M204 S2000
G1 X139.87 Y165.343 F18000
M204 S1000
G1 F3600
G1 X168.39 Y136.823 E1.2451
M204 S2000
G1 X168.39 Y136.287 F18000
M204 S1000
G1 F3600
G1 X139.334 Y165.343 E1.26849
M204 S2000
G1 X138.799 Y165.343 F18000
M204 S1000
G1 F3600
G1 X168.39 Y135.752 E1.29188
M204 S2000
G1 X168.39 Y135.216 F18000
M204 S1000
G1 F3600
G1 X138.263 Y165.343 E1.31527
M204 S2000
G1 X137.727 Y165.343 F18000
M204 S1000
G1 F3600
G1 X168.39 Y134.68 E1.33865
M204 S2000
G1 X168.39 Y134.144 F18000
M204 S1000
G1 F3600
G1 X137.191 Y165.343 E1.36204
M204 S2000
G1 X136.656 Y165.343 F18000
M204 S1000
G1 F3600
G1 X168.39 Y133.609 E1.38543
M204 S2000
G1 X168.39 Y133.073 F18000
M204 S1000
G1 F3600
G1 X136.12 Y165.343 E1.40882
M204 S2000
G1 X135.584 Y165.343 F18000
M204 S1000
G1 F3600
G1 X168.39 Y132.537 E1.43221
M204 S2000
G1 X168.39 Y132.001 F18000
M204 S1000
G1 F3600
G1 X135.048 Y165.343 E1.4556
M204 S2000
G1 X134.513 Y165.343 F18000
M204 S1000
G1 F3600
G1 X168.356 Y131.499 E1.47752
M204 S2000
G1 X168.276 Y131.043 F18000
M204 S1000
G1 F3600
G1 X133.977 Y165.343 E1.49742
M204 S2000
G1 X133.441 Y165.343 F18000
M204 S1000
G1 F3600
G1 X168.16 Y130.624 E1.51573
M204 S2000
G1 X167.98 Y130.269 F18000
M204 S1000
G1 F3600
G1 X132.905 Y165.343 E1.53124
M204 S2000
G1 X132.37 Y165.343 F18000
M204 S1000
G1 F3600
G1 X167.784 Y129.928 E1.54612
M204 S2000
G1 X167.543 Y129.634 F18000
M204 S1000
G1 F3600
G1 X131.834 Y165.343 E1.55897
M204 S2000
G1 X131.298 Y165.343 F18000
M204 S1000
G1 F3600
G1 X167.284 Y129.357 E1.57103
M204 S2000
G1 X166.987 Y129.118 F18000
M204 S1000
G1 F3600
G1 X130.762 Y165.343 E1.58147
M204 S2000
G1 X130.227 Y165.343 F18000
M204 S1000
G1 F3600
G1 X166.665 Y128.905 E1.5908
M204 S2000
G1 X166.312 Y128.722 F18000
M204 S1000
G1 F3600
G1 X129.691 Y165.343 E1.59878
M204 S2000
G1 X129.155 Y165.343 F18000
M204 S1000
G1 F3600
G1 X165.917 Y128.581 E1.60491
M204 S2000
G1 X165.491 Y128.471 F18000
M204 S1000
G1 F3600
G1 X128.619 Y165.343 E1.60974
M204 S2000
G1 X128.084 Y165.343 F18000
M204 S1000
G1 F3600
G1 X165 Y128.426 E1.61167
M204 S2000
G1 X164.468 Y128.422 F18000
M204 S1000
G1 F3600
G1 X127.548 Y165.343 E1.61184
M204 S2000
G1 X127.012 Y165.343 F18000
M204 S1000
G1 F3600
G1 X163.932 Y128.422 E1.61184
M204 S2000
G1 X163.397 Y128.422 F18000
M204 S1000
G1 F3600
G1 X126.476 Y165.343 E1.61184
M204 S2000
G1 X125.941 Y165.343 F18000
M204 S1000
G1 F3600
G1 X162.861 Y128.422 E1.61184
M204 S2000
G1 X162.325 Y128.422 F18000
M204 S1000
G1 F3600
G1 X125.405 Y165.343 E1.61184
M204 S2000
G1 X124.873 Y165.338 F18000
M204 S1000
G1 F3600
G1 X161.789 Y128.422 E1.61165
M204 S2000
G1 X161.254 Y128.422 F18000
M204 S1000
G1 F3600
G1 X124.385 Y165.291 E1.60959
M204 S2000
G1 X123.958 Y165.182 F18000
M204 S1000
G1 F3600
G1 X160.718 Y128.422 E1.60484
M204 S2000
G1 X160.182 Y128.422 F18000
M204 S1000
G1 F3600
G1 X123.56 Y165.045 E1.59884
M204 S2000
G1 X123.208 Y164.861 F18000
M204 S1000
G1 F3600
G1 X159.646 Y128.422 E1.59082
M204 S2000
G1 X159.111 Y128.422 F18000
M204 S1000
G1 F3600
G1 X122.886 Y164.647 E1.58148
M204 S2000
G1 X122.593 Y164.405 F18000
M204 S1000
G1 F3600
G1 X158.575 Y128.422 E1.57089
M204 S2000
G1 X158.039 Y128.422 F18000
M204 S1000
G1 F3600
G1 X122.332 Y164.129 E1.55886
M204 S2000
G1 X122.088 Y163.837 F18000
M204 S1000
G1 F3600
G1 X157.503 Y128.422 E1.54612
M204 S2000
G1 X156.968 Y128.422 F18000
M204 S1000
G1 F3600
G1 X121.894 Y163.496 E1.53123
M204 S2000
G1 X121.714 Y163.14 F18000
M204 S1000
G1 F3600
G1 X156.432 Y128.422 E1.51569
M204 S2000
G1 X155.896 Y128.422 F18000
M204 S1000
G1 F3600
G1 X121.593 Y162.725 E1.49757
M204 S2000
G1 X121.509 Y162.274 F18000
M204 S1000
G1 F3600
G1 X155.36 Y128.422 E1.47788
M204 S2000
G1 X154.825 Y128.422 F18000
M204 S1000
G1 F3600
G1 X121.475 Y161.772 E1.45597
M204 S2000
G1 X121.475 Y161.237 F18000
M204 S1000
G1 F3600
G1 X154.289 Y128.422 E1.43258
M204 S2000
G1 X153.753 Y128.422 F18000
M204 S1000
G1 F3600
G1 X121.475 Y160.701 E1.40919
M204 S2000
G1 X121.475 Y160.165 F18000
M204 S1000
G1 F3600
G1 X153.217 Y128.422 E1.3858
M204 S2000
G1 X152.682 Y128.422 F18000
M204 S1000
G1 F3600
G1 X121.475 Y159.629 E1.36241
M204 S2000
G1 X121.475 Y159.094 F18000
M204 S1000
G1 F3600
G1 X152.146 Y128.422 E1.33902
M204 S2000
G1 X151.61 Y128.422 F18000
M204 S1000
G1 F3600
G1 X121.475 Y158.558 E1.31563
M204 S2000
G1 X121.475 Y158.022 F18000
M204 S1000
G1 F3600
G1 X151.074 Y128.422 E1.29224
M204 S2000
G1 X150.538 Y128.422 F18000
M204 S1000
G1 F3600
G1 X121.475 Y157.486 E1.26885
M204 S2000
G1 X121.475 Y156.951 F18000
M204 S1000
G1 F3600
G1 X150.003 Y128.422 E1.24546
M204 S2000
G1 X149.467 Y128.422 F18000
M204 S1000
G1 F3600
G1 X121.475 Y156.415 E1.22207
M204 S2000
G1 X121.475 Y155.879 F18000
M204 S1000
G1 F3600
G1 X148.931 Y128.422 E1.19868
M204 S2000
G1 X148.395 Y128.422 F18000
M204 S1000
G1 F3600
G1 X121.475 Y155.343 E1.17529
M204 S2000
G1 X121.475 Y154.807 F18000
M204 S1000
G1 F3600
G1 X147.86 Y128.422 E1.1519
M204 S2000
G1 X147.324 Y128.422 F18000
M204 S1000
G1 F3600
G1 X121.475 Y154.272 E1.12851
M204 S2000
G1 X121.475 Y153.736 F18000
M204 S1000
G1 F3600
G1 X146.788 Y128.422 E1.10512
M204 S2000
G1 X146.252 Y128.422 F18000
M204 S1000
G1 F3600
G1 X121.475 Y153.2 E1.08173
M204 S2000
G1 X121.475 Y152.664 F18000
M204 S1000
G1 F3600
G1 X145.717 Y128.422 E1.05834
M204 S2000
G1 X145.181 Y128.422 F18000
M204 S1000
G1 F3600
G1 X121.475 Y152.129 E1.03495
M204 S2000
G1 X121.475 Y151.593 F18000
M204 S1000
G1 F3600
G1 X144.645 Y128.422 E1.01156
M204 S2000
G1 X144.109 Y128.422 F18000
M204 S1000
G1 F3600
G1 X121.475 Y151.057 E.98817
M204 S2000
G1 X121.475 Y150.521 F18000
M204 S1000
G1 F3600
G1 X143.574 Y128.422 E.96478
M204 S2000
G1 X143.038 Y128.422 F18000
M204 S1000
G1 F3600
G1 X121.475 Y149.986 E.94139
M204 S2000
G1 X121.475 Y149.45 F18000
M204 S1000
G1 F3600
G1 X142.502 Y128.422 E.918
M204 S2000
G1 X141.966 Y128.422 F18000
M204 S1000
G1 F3600
G1 X121.475 Y148.914 E.89461
M204 S2000
G1 X121.475 Y148.378 F18000
M204 S1000
G1 F3600
G1 X141.431 Y128.422 E.87122
M204 S2000
G1 X140.895 Y128.422 F18000
M204 S1000
G1 F3600
G1 X121.475 Y147.843 E.84783
M204 S2000
G1 X121.475 Y147.307 F18000
M204 S1000
G1 F3600
G1 X140.359 Y128.422 E.82445
M204 S2000
G1 X139.823 Y128.422 F18000
M204 S1000
G1 F3600
G1 X121.475 Y146.771 E.80106
M204 S2000
G1 X121.475 Y146.235 F18000
M204 S1000
G1 F3600
G1 X139.288 Y128.422 E.77767
M204 S2000
G1 X138.752 Y128.422 F18000
M204 S1000
G1 F3600
G1 X121.475 Y145.7 E.75428
M204 S2000
G1 X121.475 Y145.164 F18000
M204 S1000
G1 F3600
G1 X138.216 Y128.422 E.73089
M204 S2000
G1 X137.68 Y128.422 F18000
M204 S1000
G1 F3600
G1 X121.475 Y144.628 E.7075
M204 S2000
G1 X121.475 Y144.092 F18000
M204 S1000
G1 F3600
G1 X137.145 Y128.422 E.68411
M204 S2000
G1 X136.609 Y128.422 F18000
M204 S1000
G1 F3600
G1 X121.475 Y143.557 E.66072
M204 S2000
G1 X121.475 Y143.021 F18000
M204 S1000
G1 F3600
G1 X136.073 Y128.422 E.63733
M204 S2000
G1 X135.537 Y128.422 F18000
M204 S1000
G1 F3600
G1 X121.475 Y142.485 E.61394
M204 S2000
G1 X121.475 Y141.949 F18000
M204 S1000
G1 F3600
G1 X135.002 Y128.422 E.59055
M204 S2000
G1 X134.466 Y128.422 F18000
M204 S1000
G1 F3600
G1 X121.475 Y141.414 E.56716
M204 S2000
G1 X121.475 Y140.878 F18000
M204 S1000
G1 F3600
G1 X133.93 Y128.422 E.54377
M204 S2000
G1 X133.394 Y128.422 F18000
M204 S1000
G1 F3600
G1 X121.475 Y140.342 E.52038
M204 S2000
G1 X121.475 Y139.806 F18000
M204 S1000
G1 F3600
G1 X132.859 Y128.422 E.49699
M204 S2000
G1 X132.323 Y128.422 F18000
M204 S1000
G1 F3600
G1 X121.475 Y139.271 E.4736
M204 S2000
G1 X121.475 Y138.735 F18000
M204 S1000
G1 F3600
G1 X131.787 Y128.422 E.45021
M204 S2000
G1 X131.251 Y128.422 F18000
M204 S1000
G1 F3600
G1 X121.475 Y138.199 E.42682
M204 S2000
G1 X121.475 Y137.663 F18000
M204 S1000
G1 F3600
G1 X130.715 Y128.422 E.40343
M204 S2000
G1 X130.18 Y128.422 F18000
M204 S1000
G1 F3600
G1 X121.475 Y137.128 E.38004
M204 S2000
G1 X121.475 Y136.592 F18000
M204 S1000
G1 F3600
G1 X129.644 Y128.422 E.35665
M204 S2000
G1 X129.108 Y128.422 F18000
M204 S1000
G1 F3600
G1 X121.475 Y136.056 E.33326
M204 S2000
G1 X121.475 Y135.52 F18000
M204 S1000
G1 F3600
G1 X128.572 Y128.422 E.30987
M204 S2000
G1 X128.037 Y128.422 F18000
M204 S1000
G1 F3600
G1 X121.475 Y134.985 E.28648
M204 S2000
G1 X121.475 Y134.449 F18000
M204 S1000
G1 F3600
G1 X127.501 Y128.422 E.26309
M204 S2000
G1 X126.965 Y128.422 F18000
M204 S1000
G1 F3600
G1 X121.475 Y133.913 E.2397
M204 S2000
G1 X121.475 Y133.377 F18000
M204 S1000
G1 F3600
G1 X126.429 Y128.422 E.21631
M204 S2000
G1 X125.894 Y128.422 F18000
M204 S1000
G1 F3600
G1 X121.475 Y132.841 E.19292
M204 S2000
G1 X121.475 Y132.306 F18000
M204 S1000
G1 F3600
G1 X125.358 Y128.422 E.16953
M204 S2000
G1 X124.813 Y128.432 F18000
M204 S1000
G1 F3600
G1 X121.483 Y131.761 E.14535
M204 S2000
G1 X121.556 Y131.153 F18000
M204 S1000
G1 F3600
G1 X124.2 Y128.508 E.11544
M204 S2000
G1 X123.345 Y128.828 F18000
M204 S1000
G1 F3600
G1 X121.881 Y130.293 E.06392
M204 S2000
G1 X121.978 Y130.39 F18000
;TYPE:Gap infill
;WIDTH:0.132993
G1 F6000
G1 X121.85 Y130.564 E.00158
G1 X123.616 Y128.798 F18000
;WIDTH:0.0881695
G1 F6000
G1 X123.442 Y128.926 E.0008
G1 E-.8 F3600
G1 X168.018 Y163.206 F18000
G1 E.8 F3600
;WIDTH:0.10958
G1 F6000
G1 X167.933 Y163.323 E.00079
;WIDTH:0.152403
G1 X167.847 Y163.441 E.0013
;WIDTH:0.195226
G1 X167.761 Y163.558 E.0018
;WIDTH:0.238048
G1 X167.675 Y163.675 E.00231
;WIDTH:0.275234
G1 X167.451 Y163.922 E.00632
;WIDTH:0.293184
G1 X167.226 Y164.169 E.0068
G1 X166.723 Y164.62 E.01378
;WIDTH:0.230097
G1 X166.612 Y164.702 E.0021
;WIDTH:0.189547
G1 X166.501 Y164.783 E.00165
;WIDTH:0.148996
G1 X166.389 Y164.865 E.00119
;WIDTH:0.128721
G1 X166.278 Y164.946 E.00096
; stop printing object USV 1 e2mm.stl_3 id:0 copy 0
; printing object "USV 1 e2mm.stl_1" id:1 copy 0
G1 E-.8 F3600
G1 X96.156 Y56.536 F18000
G1 E.8 F3600
M204 S1000
;TYPE:Outer wall
;WIDTH:0.42
G1 F3000
G1 X96.695 Y55.869 E.02636
G1 X97.453 Y55.247 E.03014
G1 X98.313 Y54.805 E.02972
G1 X99.213 Y54.545 E.02877
G1 X100.088 Y54.468 E.027
G1 X140.065 Y54.468 E1.22838
G1 X140.606 Y54.515 E.01669
G1 X141.302 Y54.647 E.02175
G1 X141.84 Y54.804 E.01722
G1 X142.701 Y55.247 E.02975
G1 X143.471 Y55.87 E.03042
G1 X144.093 Y56.64 E.03042
G1 X144.536 Y57.5 E.02972
G1 X144.795 Y58.389 E.02845
G1 X144.875 Y59.265 E.02704
G1 X144.875 Y89.244 E.92117
G1 X144.795 Y90.131 E.02738
G1 X144.536 Y91.02 E.02845
G1 X144.094 Y91.881 E.02972
G1 X143.471 Y92.639 E.03016
G1 X142.7 Y93.273 E.03066
G1 X141.84 Y93.715 E.02971
G1 X140.952 Y93.971 E.0284
G1 X140.065 Y94.051 E.02738
G1 X100.089 Y94.051 E1.22835
G1 X99.555 Y94.003 E.01648
G1 X98.858 Y93.87 E.0218
G1 X98.313 Y93.715 E.01742
G1 X97.454 Y93.273 E.02968
G1 X96.695 Y92.64 E.03038
G1 X96.072 Y91.881 E.03019
G1 X95.629 Y91.021 E.02971
G1 X95.373 Y90.132 E.02843
G1 X95.293 Y89.244 E.02739
G1 X95.293 Y59.265 E.92117
G1 X95.342 Y58.731 E.01649
G1 X95.474 Y58.038 E.02167
G1 X95.629 Y57.499 E.01722
G1 X96.072 Y56.64 E.02971
G1 X96.143 Y56.552 E.00348
M204 S2000
G1 X96.461 Y56.783 F18000
M204 S1500
;TYPE:Inner wall
;WIDTH:0.45
G1 F4800
G1 X96.975 Y56.147 E.02712
G1 X97.669 Y55.577 E.02982
G1 X98.458 Y55.171 E.02943
G1 X99.285 Y54.932 E.02853
G1 X100.105 Y54.861 E.02732
G1 X140.048 Y54.861 E1.32498
G1 X140.553 Y54.904 E.0168
G1 X141.21 Y55.029 E.02219
G1 X141.694 Y55.17 E.01672
G1 X142.486 Y55.578 E.02954
G1 X143.192 Y56.149 E.03013
G1 X143.763 Y56.855 E.03013
G1 X144.17 Y57.645 E.0295
G1 X144.408 Y58.462 E.02821
G1 X144.483 Y59.283 E.02735
G1 X144.483 Y89.226 E.99327
G1 X144.408 Y90.058 E.02771
G1 X144.17 Y90.875 E.0282
G1 X143.764 Y91.664 E.02945
G1 X143.192 Y92.361 E.0299
G1 X142.483 Y92.944 E.03043
G1 X141.695 Y93.349 E.02941
G1 X140.88 Y93.584 E.02815
G1 X140.047 Y93.659 E.02774
G1 X100.107 Y93.659 E1.32489
G1 X99.609 Y93.614 E.01657
G1 X98.948 Y93.488 E.02232
G1 X98.457 Y93.349 E.01693
G1 X97.672 Y92.945 E.02931
G1 X96.974 Y92.363 E.03013
G1 X96.401 Y91.664 E.02998
G1 X95.995 Y90.875 E.02942
G1 X95.761 Y90.059 E.02818
G1 X95.685 Y89.226 E.02774
G1 X95.685 Y59.283 E.99327
G1 X95.731 Y58.785 E.01658
G1 X95.856 Y58.129 E.02216
G1 X95.995 Y57.645 E.01672
G1 X96.402 Y56.855 E.02947
G1 X96.448 Y56.798 E.00242
M204 S2000
G1 X97.085 Y57.287 F18000
M204 S1500
G1 F4800
G1 X97.077 Y57.298 E.00047
G1 X96.744 Y57.941 E.02401
G1 X96.56 Y58.604 E.02284
G1 X96.501 Y59.228 E.02077
G1 X96.501 Y89.281 E.99693
G1 X96.56 Y89.903 E.02072
G1 X96.743 Y90.578 E.02319
G1 X97.078 Y91.225 E.02417
G1 X97.546 Y91.792 E.02441
G1 X98.123 Y92.256 E.02455
G1 X98.76 Y92.586 E.0238
G1 X99.423 Y92.784 E.02295
G1 X100.051 Y92.844 E.02093
G1 X140.102 Y92.844 E1.32854
G1 X140.732 Y92.784 E.02101
G1 X141.408 Y92.587 E.02337
G1 X142.046 Y92.254 E.02386
G1 X142.608 Y91.791 E.02416
G1 X143.078 Y91.226 E.02437
G1 X143.412 Y90.582 E.02404
G1 X143.608 Y89.907 E.02334
G1 X143.665 Y89.28 E.02089
G1 X143.665 Y59.229 E.99682
G1 X143.608 Y58.601 E.02094
G1 X143.411 Y57.936 E.02299
G1 X143.08 Y57.297 E.02388
G1 X142.609 Y56.718 E.02474
G1 X142.044 Y56.261 E.02412
G1 X141.408 Y55.929 E.02379
G1 X140.73 Y55.732 E.02341
G1 X140.1 Y55.676 E.02098
G1 X100.053 Y55.676 E1.32844
G1 X99.425 Y55.732 E.02091
G1 X98.761 Y55.93 E.02299
G1 X98.125 Y56.259 E.02374
G1 X97.545 Y56.717 E.02451
G1 X97.098 Y57.272 E.02365
M204 S2000
G1 X96.786 Y57.02 F18000
;TYPE:Gap infill
;WIDTH:0.450595
G1 F6000
G1 X96.741 Y57.076 E.0024
G1 X96.37 Y57.793 E.02683
G1 X96.179 Y58.517 E.02488
G1 X96.098 Y59.199 E.0228
G1 X96.097 Y89.291 E.99966
G1 X96.161 Y89.984 E.02313
G1 X96.363 Y90.704 E.02482
G1 X96.739 Y91.442 E.02754
G1 X97.261 Y92.078 E.02734
G1 X97.9 Y92.601 E.0274
G1 X98.625 Y92.972 E.02707
G1 X99.366 Y93.17 E.02549
G1 X100.125 Y93.252 E.02536
G1 X140.028 Y93.252 E1.3256
G1 X140.805 Y93.184 E.02588
G1 X141.541 Y92.971 E.02548
G1 X142.259 Y92.602 E.0268
G1 X142.903 Y92.072 E.02771
G1 X143.423 Y91.44 E.02719
G1 X143.795 Y90.715 E.02708
G1 X144.007 Y89.983 E.02532
G1 X144.074 Y89.208 E.02583
G1 X144.074 Y59.302 E.99349
G1 X144 Y58.505 E.02657
G1 X143.792 Y57.796 E.02455
G1 X143.43 Y57.092 E.02631
G1 X142.903 Y56.437 E.02791
G1 X142.263 Y55.919 E.02736
G1 X141.54 Y55.546 E.02702
G1 X140.785 Y55.345 E.02597
G1 X140.031 Y55.268 E.02517
G1 X100.026 Y55.273 E1.32897
G1 X99.359 Y55.332 E.02223
G1 X98.609 Y55.551 E.02595
G1 X97.895 Y55.92 E.02671
G1 X97.261 Y56.431 E.02706
G1 X96.798 Y57.004 E.02446
G1 E-.8 F3600
G1 X143.136 Y90.845 F18000
G1 E.8 F3600
M204 S1000
;TYPE:Top surface
;WIDTH:0.421798
G1 X141.672 Y92.309 E.06391
M204 S2000
G1 X140.814 Y92.631 F18000
M204 S1000
G1 F3600
G1 X143.454 Y89.991 E.11527
M204 S2000
G1 X143.531 Y89.378 F18000
M204 S1000
G1 F3600
G1 X140.199 Y92.71 E.14547
M204 S2000
G1 X139.654 Y92.72 F18000
M204 S1000
G1 F3600
G1 X143.54 Y88.833 E.1697
M204 S2000
G1 X143.54 Y88.297 F18000
M204 S1000
G1 F3600
G1 X139.118 Y92.72 E.19309
M204 S2000
G1 X138.582 Y92.72 F18000
M204 S1000
G1 F3600
G1 X143.54 Y87.761 E.21649
M204 S2000
G1 X143.54 Y87.226 F18000
M204 S1000
G1 F3600
G1 X138.046 Y92.72 E.23988
M204 S2000
G1 X137.51 Y92.72 F18000
M204 S1000
G1 F3600
G1 X143.54 Y86.69 E.26328
M204 S2000
G1 X143.54 Y86.154 F18000
M204 S1000
G1 F3600
G1 X136.975 Y92.72 E.28667
M204 S2000
G1 X136.439 Y92.72 F18000
M204 S1000
G1 F3600
G1 X143.54 Y85.618 E.31007
M204 S2000
G1 X143.54 Y85.082 F18000
M204 S1000
G1 F3600
G1 X135.903 Y92.72 E.33346
M204 S2000
G1 X135.367 Y92.72 F18000
M204 S1000
G1 F3600
G1 X143.54 Y84.547 E.35686
M204 S2000
G1 X143.54 Y84.011 F18000
M204 S1000
G1 F3600
G1 X134.831 Y92.72 E.38025
M204 S2000
G1 X134.295 Y92.72 F18000
M204 S1000
G1 F3600
G1 X143.54 Y83.475 E.40365
M204 S2000
G1 X143.54 Y82.939 F18000
M204 S1000
G1 F3600
G1 X133.76 Y92.72 E.42704
M204 S2000
G1 X133.224 Y92.72 F18000
M204 S1000
G1 F3600
G1 X143.54 Y82.403 E.45044
M204 S2000
G1 X143.54 Y81.867 F18000
M204 S1000
G1 F3600
G1 X132.688 Y92.72 E.47383
M204 S2000
G1 X132.152 Y92.72 F18000
M204 S1000
G1 F3600
G1 X143.54 Y81.332 E.49723
M204 S2000
G1 X143.54 Y80.796 F18000
M204 S1000
G1 F3600
G1 X131.616 Y92.72 E.52062
M204 S2000
G1 X131.081 Y92.72 F18000
M204 S1000
G1 F3600
G1 X143.54 Y80.26 E.54401
M204 S2000
G1 X143.54 Y79.724 F18000
M204 S1000
G1 F3600
G1 X130.545 Y92.72 E.56741
M204 S2000
G1 X130.009 Y92.72 F18000
M204 S1000
G1 F3600
G1 X143.54 Y79.188 E.5908
M204 S2000
G1 X143.54 Y78.653 F18000
M204 S1000
G1 F3600
G1 X129.473 Y92.72 E.6142
M204 S2000
G1 X128.937 Y92.72 F18000
M204 S1000
G1 F3600
G1 X143.54 Y78.117 E.63759
M204 S2000
G1 X143.54 Y77.581 F18000
M204 S1000
G1 F3600
G1 X128.401 Y92.72 E.66099
M204 S2000
G1 X127.866 Y92.72 F18000
M204 S1000
G1 F3600
G1 X143.54 Y77.045 E.68438
M204 S2000
G1 X143.54 Y76.509 F18000
M204 S1000
G1 F3600
G1 X127.33 Y92.72 E.70778
M204 S2000
G1 X126.794 Y92.72 F18000
M204 S1000
G1 F3600
G1 X143.54 Y75.973 E.73117
M204 S2000
G1 X143.54 Y75.438 F18000
M204 S1000
G1 F3600
G1 X126.258 Y92.72 E.75457
M204 S2000
G1 X125.722 Y92.72 F18000
M204 S1000
G1 F3600
G1 X143.54 Y74.902 E.77796
M204 S2000
G1 X143.54 Y74.366 F18000
M204 S1000
G1 F3600
G1 X125.187 Y92.72 E.80136
M204 S2000
G1 X124.651 Y92.72 F18000
M204 S1000
G1 F3600
G1 X143.54 Y73.83 E.82475
M204 S2000
G1 X143.54 Y73.294 F18000
M204 S1000
G1 F3600
G1 X124.115 Y92.72 E.84815
M204 S2000
G1 X123.579 Y92.72 F18000
M204 S1000
G1 F3600
G1 X143.54 Y72.759 E.87154
M204 S2000
G1 X143.54 Y72.223 F18000
M204 S1000
G1 F3600
G1 X123.043 Y92.72 E.89494
M204 S2000
G1 X122.508 Y92.72 F18000
M204 S1000
G1 F3600
G1 X143.54 Y71.687 E.91833
M204 S2000
G1 X143.54 Y71.151 F18000
M204 S1000
G1 F3600
G1 X121.972 Y92.72 E.94173
M204 S2000
G1 X121.436 Y92.72 F18000
M204 S1000
G1 F3600
G1 X143.54 Y70.615 E.96512
M204 S2000
G1 X143.54 Y70.08 F18000
M204 S1000
G1 F3600
G1 X120.9 Y92.72 E.98852
M204 S2000
G1 X120.364 Y92.72 F18000
M204 S1000
G1 F3600
G1 X143.54 Y69.544 E1.01191
M204 S2000
G1 X143.54 Y69.008 F18000
M204 S1000
G1 F3600
G1 X119.828 Y92.72 E1.03531
M204 S2000
G1 X119.293 Y92.72 F18000
M204 S1000
G1 F3600
G1 X143.54 Y68.472 E1.0587
M204 S2000
G1 X143.54 Y67.936 F18000
M204 S1000
G1 F3600
G1 X118.757 Y92.72 E1.08209
M204 S2000
G1 X118.221 Y92.72 F18000
M204 S1000
G1 F3600
G1 X143.54 Y67.4 E1.10549
M204 S2000
G1 X143.54 Y66.865 F18000
M204 S1000
G1 F3600
G1 X117.685 Y92.72 E1.12888
M204 S2000
G1 X117.149 Y92.72 F18000
M204 S1000
G1 F3600
G1 X143.54 Y66.329 E1.15228
M204 S2000
G1 X143.54 Y65.793 F18000
M204 S1000
G1 F3600
G1 X116.614 Y92.72 E1.17567
M204 S2000
G1 X116.078 Y92.72 F18000
M204 S1000
G1 F3600
G1 X143.54 Y65.257 E1.19907
M204 S2000
G1 X143.54 Y64.721 F18000
M204 S1000
G1 F3600
G1 X115.542 Y92.72 E1.22246
M204 S2000
G1 X115.006 Y92.72 F18000
M204 S1000
G1 F3600
G1 X143.54 Y64.186 E1.24586
M204 S2000
G1 X143.54 Y63.65 F18000
M204 S1000
G1 F3600
G1 X114.47 Y92.72 E1.26925
M204 S2000
G1 X113.935 Y92.72 F18000
M204 S1000
G1 F3600
G1 X143.54 Y63.114 E1.29265
M204 S2000
G1 X143.54 Y62.578 F18000
M204 S1000
G1 F3600
G1 X113.399 Y92.72 E1.31604
M204 S2000
G1 X112.863 Y92.72 F18000
M204 S1000
G1 F3600
G1 X143.54 Y62.042 E1.33944
M204 S2000
G1 X143.54 Y61.506 F18000
M204 S1000
G1 F3600
G1 X112.327 Y92.72 E1.36283
M204 S2000
G1 X111.791 Y92.72 F18000
M204 S1000
G1 F3600
G1 X143.54 Y60.971 E1.38623
M204 S2000
G1 X143.54 Y60.435 F18000
M204 S1000
G1 F3600
G1 X111.255 Y92.72 E1.40962
M204 S2000
G1 X110.72 Y92.72 F18000
M204 S1000
G1 F3600
G1 X143.54 Y59.899 E1.43302
M204 S2000
G1 X143.54 Y59.363 F18000
M204 S1000
G1 F3600
G1 X110.184 Y92.72 E1.45641
M204 S2000
G1 X109.648 Y92.72 F18000
M204 S1000
G1 F3600
G1 X143.507 Y58.861 E1.47834
M204 S2000
G1 X143.422 Y58.41 F18000
M204 S1000
G1 F3600
G1 X109.112 Y92.72 E1.49803
M204 S2000
G1 X108.576 Y92.72 F18000
M204 S1000
G1 F3600
G1 X143.299 Y57.997 E1.51607
M204 S2000
G1 X143.118 Y57.642 F18000
M204 S1000
G1 F3600
G1 X108.041 Y92.72 E1.53157
M204 S2000
G1 X107.505 Y92.72 F18000
M204 S1000
G1 F3600
G1 X142.923 Y57.301 E1.54644
M204 S2000
G1 X142.683 Y57.006 F18000
M204 S1000
G1 F3600
G1 X106.969 Y92.72 E1.55934
M204 S2000
G1 X106.433 Y92.72 F18000
M204 S1000
G1 F3600
G1 X142.424 Y56.729 E1.57144
M204 S2000
G1 X142.128 Y56.489 F18000
M204 S1000
G1 F3600
G1 X105.897 Y92.72 E1.5819
M204 S2000
G1 X105.361 Y92.72 F18000
M204 S1000
G1 F3600
G1 X141.805 Y56.276 E1.59119
M204 S2000
G1 X141.453 Y56.093 F18000
M204 S1000
G1 F3600
G1 X104.826 Y92.72 E1.59921
M204 S2000
G1 X104.29 Y92.72 F18000
M204 S1000
G1 F3600
G1 X141.054 Y55.956 E1.60519
M204 S2000
G1 X140.626 Y55.848 F18000
M204 S1000
G1 F3600
G1 X103.754 Y92.72 E1.6099
M204 S2000
G1 X103.218 Y92.72 F18000
M204 S1000
G1 F3600
G1 X140.134 Y55.804 E1.61182
M204 S2000
G1 X139.602 Y55.8 F18000
M204 S1000
G1 F3600
G1 X102.682 Y92.72 E1.61198
M204 S2000
G1 X102.147 Y92.72 F18000
M204 S1000
G1 F3600
G1 X139.066 Y55.8 E1.61198
M204 S2000
G1 X138.53 Y55.8 F18000
M204 S1000
G1 F3600
G1 X101.611 Y92.72 E1.61198
M204 S2000
G1 X101.075 Y92.72 F18000
M204 S1000
G1 F3600
G1 X137.994 Y55.8 E1.61198
M204 S2000
G1 X137.458 Y55.8 F18000
M204 S1000
G1 F3600
G1 X100.539 Y92.72 E1.61198
M204 S2000
G1 X100.008 Y92.715 F18000
M204 S1000
G1 F3600
G1 X136.923 Y55.8 E1.61177
M204 S2000
G1 X136.387 Y55.8 F18000
M204 S1000
G1 F3600
G1 X99.519 Y92.668 E1.60973
M204 S2000
G1 X99.095 Y92.556 F18000
M204 S1000
G1 F3600
G1 X135.851 Y55.8 E1.60484
M204 S2000
G1 X135.315 Y55.8 F18000
M204 S1000
G1 F3600
G1 X98.7 Y92.415 E1.59868
M204 S2000
G1 X98.347 Y92.232 F18000
M204 S1000
G1 F3600
G1 X134.779 Y55.8 E1.5907
M204 S2000
G1 X134.244 Y55.8 F18000
M204 S1000
G1 F3600
G1 X98.026 Y92.018 E1.58135
M204 S2000
G1 X97.729 Y91.779 F18000
M204 S1000
G1 F3600
G1 X133.708 Y55.8 E1.57092
M204 S2000
G1 X133.172 Y55.8 F18000
M204 S1000
G1 F3600
G1 X97.469 Y91.503 E1.55886
M204 S2000
G1 X97.227 Y91.21 F18000
M204 S1000
G1 F3600
G1 X132.636 Y55.8 E1.54605
M204 S2000
G1 X132.1 Y55.8 F18000
M204 S1000
G1 F3600
G1 X97.033 Y90.867 E1.53111
M204 S2000
G1 X96.854 Y90.511 F18000
M204 S1000
G1 F3600
G1 X131.565 Y55.8 E1.51554
M204 S2000
G1 X131.029 Y55.8 F18000
M204 S1000
G1 F3600
G1 X96.739 Y90.09 E1.49714
M204 S2000
G1 X96.659 Y89.634 F18000
M204 S1000
G1 F3600
G1 X130.493 Y55.8 E1.47725
M204 S2000
G1 X129.957 Y55.8 F18000
M204 S1000
G1 F3600
G1 X96.625 Y89.132 E1.45535
M204 S2000
G1 X96.625 Y88.597 F18000
M204 S1000
G1 F3600
G1 X129.421 Y55.8 E1.43196
M204 S2000
G1 X128.885 Y55.8 F18000
M204 S1000
G1 F3600
G1 X96.625 Y88.061 E1.40856
M204 S2000
G1 X96.625 Y87.525 F18000
M204 S1000
G1 F3600
G1 X128.35 Y55.8 E1.38517
M204 S2000
G1 X127.814 Y55.8 F18000
M204 S1000
G1 F3600
G1 X96.625 Y86.989 E1.36177
M204 S2000
G1 X96.625 Y86.453 F18000
M204 S1000
G1 F3600
G1 X127.278 Y55.8 E1.33838
M204 S2000
G1 X126.742 Y55.8 F18000
M204 S1000
G1 F3600
G1 X96.625 Y85.918 E1.31498
M204 S2000
G1 X96.625 Y85.382 F18000
M204 S1000
G1 F3600
G1 X126.206 Y55.8 E1.29159
M204 S2000
G1 X125.671 Y55.8 F18000
M204 S1000
G1 F3600
G1 X96.625 Y84.846 E1.26819
M204 S2000
G1 X96.625 Y84.31 F18000
M204 S1000
G1 F3600
G1 X125.135 Y55.8 E1.2448
M204 S2000
G1 X124.599 Y55.8 F18000
M204 S1000
G1 F3600
G1 X96.625 Y83.774 E1.2214
M204 S2000
G1 X96.625 Y83.239 F18000
M204 S1000
G1 F3600
G1 X124.063 Y55.8 E1.19801
M204 S2000
G1 X123.527 Y55.8 F18000
M204 S1000
G1 F3600
G1 X96.625 Y82.703 E1.17461
M204 S2000
G1 X96.625 Y82.167 F18000
M204 S1000
G1 F3600
G1 X122.991 Y55.8 E1.15122
M204 S2000
G1 X122.456 Y55.8 F18000
M204 S1000
G1 F3600
G1 X96.625 Y81.631 E1.12782
M204 S2000
G1 X96.625 Y81.095 F18000
M204 S1000
G1 F3600
G1 X121.92 Y55.8 E1.10443
M204 S2000
G1 X121.384 Y55.8 F18000
M204 S1000
G1 F3600
G1 X96.625 Y80.559 E1.08103
M204 S2000
G1 X96.625 Y80.024 F18000
M204 S1000
G1 F3600
G1 X120.848 Y55.8 E1.05764
M204 S2000
G1 X120.312 Y55.8 F18000
M204 S1000
G1 F3600
G1 X96.625 Y79.488 E1.03425
M204 S2000
G1 X96.625 Y78.952 F18000
M204 S1000
G1 F3600
G1 X119.777 Y55.8 E1.01085
M204 S2000
G1 X119.241 Y55.8 F18000
M204 S1000
G1 F3600
G1 X96.625 Y78.416 E.98746
M204 S2000
G1 X96.625 Y77.88 F18000
M204 S1000
G1 F3600
G1 X118.705 Y55.8 E.96406
M204 S2000
G1 X118.169 Y55.8 F18000
M204 S1000
G1 F3600
G1 X96.625 Y77.345 E.94067
M204 S2000
G1 X96.625 Y76.809 F18000
M204 S1000
G1 F3600
G1 X117.633 Y55.8 E.91727
M204 S2000
G1 X117.098 Y55.8 F18000
M204 S1000
G1 F3600
G1 X96.625 Y76.273 E.89388
M204 S2000
G1 X96.625 Y75.737 F18000
M204 S1000
G1 F3600
G1 X116.562 Y55.8 E.87048
M204 S2000
G1 X116.026 Y55.8 F18000
M204 S1000
G1 F3600
G1 X96.625 Y75.201 E.84709
M204 S2000
G1 X96.625 Y74.665 F18000
M204 S1000
G1 F3600
G1 X115.49 Y55.8 E.82369
M204 S2000
G1 X114.954 Y55.8 F18000
M204 S1000
G1 F3600
G1 X96.625 Y74.13 E.8003
M204 S2000
G1 X96.625 Y73.594 F18000
M204 S1000
G1 F3600
G1 X114.418 Y55.8 E.7769
M204 S2000
G1 X113.883 Y55.8 F18000
M204 S1000
G1 F3600
G1 X96.625 Y73.058 E.75351
M204 S2000
G1 X96.625 Y72.522 F18000
M204 S1000
G1 F3600
G1 X113.347 Y55.8 E.73011
M204 S2000
G1 X112.811 Y55.8 F18000
M204 S1000
G1 F3600
G1 X96.625 Y71.986 E.70672
M204 S2000
G1 X96.625 Y71.451 F18000
M204 S1000
G1 F3600
G1 X112.275 Y55.8 E.68332
M204 S2000
G1 X111.739 Y55.8 F18000
M204 S1000
G1 F3600
G1 X96.625 Y70.915 E.65993
M204 S2000
G1 X96.625 Y70.379 F18000
M204 S1000
G1 F3600
G1 X111.204 Y55.8 E.63653
M204 S2000
G1 X110.668 Y55.8 F18000
M204 S1000
G1 F3600
G1 X96.625 Y69.843 E.61314
M204 S2000
G1 X96.625 Y69.307 F18000
M204 S1000
G1 F3600
G1 X110.132 Y55.8 E.58974
M204 S2000
G1 X109.596 Y55.8 F18000
M204 S1000
G1 F3600
G1 X96.625 Y68.772 E.56635
M204 S2000
G1 X96.625 Y68.236 F18000
M204 S1000
G1 F3600
G1 X109.06 Y55.8 E.54296
M204 S2000
G1 X108.525 Y55.8 F18000
M204 S1000
G1 F3600
G1 X96.625 Y67.7 E.51956
M204 S2000
G1 X96.625 Y67.164 F18000
M204 S1000
G1 F3600
G1 X107.989 Y55.8 E.49617
M204 S2000
G1 X107.453 Y55.8 F18000
M204 S1000
G1 F3600
G1 X96.625 Y66.628 E.47277
M204 S2000
G1 X96.625 Y66.092 F18000
M204 S1000
G1 F3600
G1 X106.917 Y55.8 E.44938
M204 S2000
G1 X106.381 Y55.8 F18000
M204 S1000
G1 F3600
G1 X96.625 Y65.557 E.42598
M204 S2000
G1 X96.625 Y65.021 F18000
M204 S1000
G1 F3600
G1 X105.845 Y55.8 E.40259
M204 S2000
G1 X105.31 Y55.8 F18000
M204 S1000
G1 F3600
G1 X96.625 Y64.485 E.37919
M204 S2000
G1 X96.625 Y63.949 F18000
M204 S1000
G1 F3600
G1 X104.774 Y55.8 E.3558
M204 S2000
G1 X104.238 Y55.8 F18000
M204 S1000
G1 F3600
G1 X96.625 Y63.413 E.3324
M204 S2000
G1 X96.625 Y62.878 F18000
M204 S1000
G1 F3600
G1 X103.702 Y55.8 E.30901
M204 S2000
G1 X103.166 Y55.8 F18000
M204 S1000
G1 F3600
G1 X96.625 Y62.342 E.28561
M204 S2000
G1 X96.625 Y61.806 F18000
M204 S1000
G1 F3600
G1 X102.631 Y55.8 E.26222
M204 S2000
G1 X102.095 Y55.8 F18000
M204 S1000
G1 F3600
G1 X96.625 Y61.27 E.23882
M204 S2000
G1 X96.625 Y60.734 F18000
M204 S1000
G1 F3600
G1 X101.559 Y55.8 E.21543
M204 S2000
G1 X101.023 Y55.8 F18000
M204 S1000
G1 F3600
G1 X96.625 Y60.198 E.19203
M204 S2000
G1 X96.625 Y59.663 F18000
M204 S1000
G1 F3600
G1 X100.487 Y55.8 E.16864
M204 S2000
G1 X99.941 Y55.811 F18000
M204 S1000
G1 F3600
G1 X96.636 Y59.116 E.14429
M204 S2000
G1 X96.719 Y58.497 F18000
M204 S1000
G1 F3600
G1 X99.324 Y55.892 E.11373
M204 S2000
G1 X98.719 Y56.202 F18000
;TYPE:Gap infill
;WIDTH:0.107615
G1 F6000
G1 X98.612 Y56.28 E.0007
;WIDTH:0.146504
G1 X98.505 Y56.359 E.00112
;WIDTH:0.185392
G1 X98.398 Y56.437 E.00154
;WIDTH:0.224281
G1 X98.291 Y56.515 E.00196
;WIDTH:0.263377
G1 X98.04 Y56.739 E.00604
;WIDTH:0.2916
G1 X97.788 Y56.962 E.00681
G1 X97.335 Y57.467 E.01375
;WIDTH:0.229666
G1 X97.254 Y57.578 E.00209
;WIDTH:0.189238
G1 X97.173 Y57.689 E.00164
;WIDTH:0.14881
G1 X97.091 Y57.8 E.00119
;WIDTH:0.128597
G1 X97.01 Y57.911 E.00096
G1 E-.8 F3600
G1 X141.575 Y92.212 F18000
G1 E.8 F3600
;WIDTH:0.133015
G1 F6000
G1 X141.401 Y92.339 E.00159
G1 X143.164 Y90.575 F18000
;WIDTH:0.0881698
G1 F6000
G1 X143.038 Y90.748 E.00079
; stop printing object USV 1 e2mm.stl_1 id:1 copy 0
; end of layer_num: 10, T: 0, print_z: 2.040000
M106 S245
;LAYER_CHANGE
;Z:2.24
;HEIGHT:0.2
; BEFORE_LAYER_CHANGE 10 @ 2.24mm
G92 E0
; AFTER_LAYER_CHANGE 10 @ 2.24mm
; start of layer_num: 11, T: 0, print_z: 2.240000
; printing object "USV 1 e2mm.stl_3" id:0 copy 0
G1 E-.8 F3600
G1 X123.172 Y127.428 Z2.24 F18000
G1 E.8 F3600
M204 S1000
;TYPE:Outer wall
;WIDTH:0.42
G1 F3000
G1 X123.175 Y127.427 E.00009
G1 X123.676 Y127.281 E.01603
G1 X124.446 Y127.133 E.02409
G1 X124.95 Y127.088 E.01556
G1 X164.926 Y127.088 E1.22835
G1 X165.304 Y127.122 E.01167
G1 X165.802 Y127.168 E.01535
G1 X166.702 Y127.427 E.02878
G1 X167.562 Y127.869 E.02971
G1 X168.32 Y128.491 E.03014
G1 X168.943 Y129.262 E.03045
G1 X169.386 Y130.123 E.02974
G1 X169.53 Y130.622 E.01597
G1 X169.676 Y131.387 E.02395
G1 X169.722 Y131.887 E.01542
G1 X169.722 Y161.867 E.9212
G1 X169.641 Y162.754 E.02736
G1 X169.386 Y163.643 E.02843
G1 X168.943 Y164.503 E.02974
G1 X168.32 Y165.274 E.03044
G1 X167.562 Y165.892 E.03007
G1 X166.702 Y166.338 E.02977
G1 X166.195 Y166.482 E.0162
G1 X165.424 Y166.628 E.02411
G1 X164.926 Y166.674 E.01536
G1 X124.95 Y166.674 E1.22835
G1 X124.063 Y166.593 E.02739
G1 X123.175 Y166.339 E.02838
G1 X122.314 Y165.892 E.0298
G1 X121.544 Y165.273 E.03036
G1 X120.922 Y164.503 E.03041
G1 X120.479 Y163.643 E.02975
G1 X120.22 Y162.753 E.02845
G1 X120.14 Y161.867 E.02735
G1 X120.14 Y131.887 E.9212
G1 X120.22 Y131.008 E.02713
G1 X120.479 Y130.123 E.02834
G1 X120.922 Y129.262 E.02975
G1 X121.544 Y128.492 E.03042
G1 X122.314 Y127.869 E.03042
G1 X123.154 Y127.437 E.02904
M204 S2000
G1 X123.321 Y127.792 F18000
M204 S1500
;TYPE:Inner wall
;WIDTH:0.45
G1 F4800
G1 X123.768 Y127.662 E.01545
G1 X124.501 Y127.522 E.02475
G1 X124.968 Y127.48 E.01557
G1 X164.908 Y127.48 E1.32489
G1 X165.268 Y127.513 E.012
G1 X165.729 Y127.555 E.01535
G1 X166.557 Y127.793 E.02857
G1 X167.345 Y128.199 E.02942
G1 X168.04 Y128.769 E.02982
G1 X168.613 Y129.477 E.0302
G1 X169.02 Y130.268 E.02951
G1 X169.148 Y130.713 E.01537
G1 X169.287 Y131.442 E.02461
G1 X169.33 Y131.905 E.01542
G1 X169.33 Y161.849 E.99331
G1 X169.254 Y162.681 E.02771
G1 X169.019 Y163.498 E.02818
G1 X168.613 Y164.288 E.02949
G1 X168.041 Y164.996 E.03017
G1 X167.345 Y165.563 E.02977
G1 X166.557 Y165.972 E.02947
G1 X166.105 Y166.1 E.01559
G1 X165.37 Y166.239 E.02482
G1 X164.908 Y166.282 E.01536
G1 X124.968 Y166.282 E1.32489
G1 X124.135 Y166.206 E.02775
G1 X123.321 Y165.973 E.0281
G1 X122.529 Y165.562 E.02958
G1 X121.822 Y164.994 E.03008
G1 X121.252 Y164.288 E.0301
G1 X120.845 Y163.497 E.02952
G1 X120.607 Y162.68 E.02821
G1 X120.532 Y161.849 E.02768
G1 X120.532 Y131.905 E.99331
G1 X120.607 Y131.081 E.02743
G1 X120.845 Y130.269 E.02808
G1 X121.252 Y129.477 E.02954
G1 X121.823 Y128.771 E.03013
G1 X122.529 Y128.2 E.03013
G1 X123.303 Y127.802 E.02886
M204 S2000
G1 E-.8 F3600
G1 X121.773 Y162.46 F18000
G1 E.8 F3600
M204 S1000
;TYPE:Outer wall
;WIDTH:0.42
G1 F3000
G1 X121.944 Y163.046 E.01877
G1 X122.247 Y163.642 E.02055
G1 X122.67 Y164.148 E.02026
G1 X123.175 Y164.566 E.02013
G1 X123.746 Y164.863 E.01979
G1 X124.353 Y165.04 E.01942
G1 X124.931 Y165.096 E.01783
G1 X164.947 Y165.096 E1.22958
G1 X165.541 Y165.034 E.01835
G1 X166.115 Y164.863 E.0184
G1 X166.688 Y164.566 E.01984
G1 X167.206 Y164.149 E.02044
G1 X167.625 Y163.642 E.0202
G1 X167.924 Y163.065 E.01996
G1 X168.088 Y162.458 E.01932
G1 X168.143 Y161.887 E.01765
G1 X168.143 Y131.868 E.9224
G1 X168.088 Y131.29 E.01784
G1 X167.913 Y130.676 E.01962
G1 X167.625 Y130.123 E.01914
G1 X167.206 Y129.613 E.02028
G1 X166.688 Y129.195 E.02046
G1 X166.115 Y128.898 E.01984
G1 X165.519 Y128.721 E.01908
G1 X164.945 Y128.67 E.01772
G1 X124.931 Y128.67 E1.22951
G1 X124.354 Y128.721 E.01782
G1 X123.746 Y128.898 E.01944
G1 X123.175 Y129.196 E.01979
G1 X122.67 Y129.613 E.02015
G1 X122.248 Y130.123 E.02032
G1 X121.95 Y130.693 E.01978
G1 X121.774 Y131.289 E.01909
G1 X121.722 Y131.868 E.01787
G1 X121.722 Y161.886 E.92236
G1 X121.772 Y162.44 E.01708
M204 S2000
G1 X121.386 Y162.526 F18000
M204 S1500
;TYPE:Inner wall
;WIDTH:0.45
G1 F4800
G1 X121.386 Y162.533 E.00023
G1 X121.578 Y163.191 E.02275
G1 X121.918 Y163.859 E.02488
G1 X122.392 Y164.427 E.02454
G1 X122.957 Y164.894 E.02431
G1 X123.599 Y165.229 E.02403
G1 X124.279 Y165.427 E.02347
G1 X124.912 Y165.488 E.02109
G1 X164.967 Y165.488 E1.32871
G1 X165.617 Y165.42 E.02169
G1 X166.262 Y165.229 E.0223
G1 X166.903 Y164.896 E.02397
G1 X167.483 Y164.429 E.0247
G1 X167.954 Y163.86 E.02451
G1 X168.291 Y163.208 E.02433
G1 X168.475 Y162.529 E.02335
G1 X168.535 Y161.905 E.02078
G1 X168.535 Y131.849 E.99702
G1 X168.475 Y131.217 E.02107
G1 X168.279 Y130.53 E.0237
G1 X167.954 Y129.906 E.02333
G1 X167.484 Y129.333 E.02458
G1 X166.903 Y128.865 E.02474
G1 X166.262 Y128.533 E.02397
G1 X165.594 Y128.334 E.02312
G1 X164.963 Y128.278 E.02101
G1 X124.914 Y128.278 E1.3285
G1 X124.281 Y128.334 E.02108
G1 X123.599 Y128.532 E.02354
G1 X122.957 Y128.867 E.02403
G1 X122.391 Y129.335 E.02435
G1 X121.919 Y129.905 E.02454
G1 X121.585 Y130.546 E.02398
G1 X121.386 Y131.215 E.02316
G1 X121.33 Y131.851 E.02117
G1 X121.33 Y161.904 E.99691
G1 X121.384 Y162.506 E.02006
G1 E-.8 F3600
M204 S2000
G1 X120.991 Y162.541 F18000
G1 E.8 F3600
;TYPE:Gap infill
;WIDTH:0.430645
G1 F6000
G1 X120.997 Y162.607 E.00207
G1 X121.204 Y163.32 E.02346
G1 X121.584 Y164.072 E.02662
G1 X122.107 Y164.709 E.02603
G1 X122.746 Y165.229 E.02605
G1 X123.468 Y165.603 E.02568
G1 X124.208 Y165.816 E.02433
G1 X124.986 Y165.885 E.02468
G1 X164.89 Y165.885 E1.26076
G1 X165.676 Y165.795 E.02498
G1 X166.394 Y165.605 E.02347
G1 X167.104 Y165.24 E.02524
G1 X167.759 Y164.715 E.02651
G1 X168.283 Y164.073 E.02617
G1 X168.662 Y163.331 E.02632
G1 X168.864 Y162.608 E.02373
G1 X168.932 Y161.831 E.02463
G1 X168.932 Y131.923 E.94494
G1 X168.849 Y131.163 E.02417
G1 X168.654 Y130.413 E.02446
G1 X168.291 Y129.707 E.0251
G1 X167.759 Y129.048 E.02674
G1 X167.126 Y128.533 E.02579
G1 X166.393 Y128.158 E.026
G1 X165.656 Y127.944 E.02425
G1 X164.89 Y127.879 E.02429
G1 X124.888 Y127.883 E1.26385
G1 X124.195 Y127.966 E.02206
G1 X123.467 Y128.16 E.02378
G1 X122.746 Y128.532 E.02564
G1 X122.107 Y129.054 E.02608
G1 X121.584 Y129.694 E.02608
G1 X121.213 Y130.415 E.02563
G1 X120.996 Y131.155 E.02438
G1 X120.936 Y131.825 E.02124
G1 X120.935 Y161.913 E.95062
G1 X120.99 Y162.521 E.01931
; stop printing object USV 1 e2mm.stl_3 id:0 copy 0
; printing object "USV 1 e2mm.stl_1" id:1 copy 0
G1 E-.8 F3600
G1 X98.309 Y93.713 F18000
G1 E.8 F3600
M204 S1000
;TYPE:Outer wall
;WIDTH:0.42
G1 F3000
G1 X97.454 Y93.273 E.02955
G1 X96.695 Y92.64 E.03038
G1 X96.072 Y91.881 E.03019
G1 X95.629 Y91.021 E.02971
G1 X95.373 Y90.132 E.02843
G1 X95.293 Y89.244 E.02739
G1 X95.293 Y59.265 E.92117
G1 X95.339 Y58.767 E.01537
G1 X95.485 Y58.001 E.02396
G1 X95.629 Y57.499 E.01603
G1 X96.072 Y56.64 E.02971
G1 X96.695 Y55.869 E.03045
G1 X97.453 Y55.247 E.03014
G1 X98.313 Y54.805 E.02972
G1 X99.213 Y54.545 E.02877
G1 X100.088 Y54.468 E.027
G1 X140.065 Y54.468 E1.22838
G1 X140.57 Y54.512 E.01556
G1 X141.339 Y54.658 E.02406
G1 X141.84 Y54.804 E.01603
G1 X142.701 Y55.247 E.02975
G1 X143.471 Y55.87 E.03042
G1 X144.093 Y56.64 E.03042
G1 X144.536 Y57.5 E.02972
G1 X144.795 Y58.389 E.02845
G1 X144.875 Y59.265 E.02704
G1 X144.875 Y89.244 E.92117
G1 X144.795 Y90.131 E.02738
G1 X144.536 Y91.02 E.02845
G1 X144.094 Y91.881 E.02972
G1 X143.471 Y92.639 E.03016
G1 X142.7 Y93.273 E.03066
G1 X141.84 Y93.715 E.02971
G1 X140.952 Y93.971 E.0284
G1 X140.065 Y94.051 E.02738
G1 X100.089 Y94.051 E1.22835
G1 X99.591 Y94.006 E.01536
G1 X98.82 Y93.86 E.0241
G1 X98.328 Y93.72 E.01572
M204 S2000
G1 X98.457 Y93.349 F18000
M204 S1500
;TYPE:Inner wall
;WIDTH:0.45
G1 F4800
G1 X97.672 Y92.945 E.02931
G1 X96.974 Y92.363 E.03013
G1 X96.401 Y91.664 E.02998
G1 X95.995 Y90.875 E.02942
G1 X95.761 Y90.059 E.02818
G1 X95.685 Y89.226 E.02774
G1 X95.685 Y59.283 E.99327
G1 X95.727 Y58.822 E.01537
G1 X95.867 Y58.092 E.02464
G1 X95.995 Y57.645 E.01544
G1 X96.402 Y56.855 E.02947
G1 X96.975 Y56.147 E.03021
G1 X97.669 Y55.577 E.02982
G1 X98.458 Y55.171 E.02943
G1 X99.285 Y54.932 E.02853
G1 X100.105 Y54.861 E.02732
G1 X140.048 Y54.861 E1.32498
G1 X140.516 Y54.901 E.01558
G1 X141.247 Y55.04 E.02469
G1 X141.694 Y55.17 E.01544
G1 X142.486 Y55.578 E.02954
G1 X143.192 Y56.149 E.03013
G1 X143.763 Y56.855 E.03013
G1 X144.17 Y57.645 E.0295
G1 X144.408 Y58.462 E.02821
G1 X144.483 Y59.283 E.02735
G1 X144.483 Y89.226 E.99327
G1 X144.408 Y90.058 E.02771
G1 X144.17 Y90.875 E.0282
G1 X143.764 Y91.664 E.02945
G1 X143.192 Y92.361 E.0299
G1 X142.483 Y92.944 E.03043
G1 X141.695 Y93.349 E.02941
G1 X140.88 Y93.584 E.02815
G1 X140.047 Y93.659 E.02774
G1 X100.107 Y93.659 E1.32489
G1 X99.646 Y93.617 E.01536
G1 X98.911 Y93.478 E.02481
G1 X98.477 Y93.354 E.01497
M204 S2000
G1 E-.8 F3600
G1 X97.389 Y57.502 F18000
G1 E.8 F3600
M204 S1000
;TYPE:Outer wall
;WIDTH:0.42
G1 F3000
G1 X97.102 Y58.058 E.01922
G1 X96.927 Y58.671 E.01961
G1 X96.872 Y59.245 E.01772
G1 X96.872 Y89.263 E.92237
G1 X96.927 Y89.836 E.01768
G1 X97.091 Y90.442 E.01929
G1 X97.39 Y91.019 E.01995
G1 X97.809 Y91.527 E.02023
G1 X98.327 Y91.943 E.02043
G1 X98.9 Y92.24 E.01983
G1 X99.474 Y92.411 E.01841
G1 X100.068 Y92.472 E.01835
G1 X140.084 Y92.472 E1.22957
G1 X140.662 Y92.418 E.01783
G1 X141.269 Y92.24 E.01943
G1 X141.84 Y91.943 E.01978
G1 X142.345 Y91.526 E.02012
G1 X142.768 Y91.019 E.02029
G1 X143.071 Y90.423 E.02054
G1 X143.241 Y89.838 E.01874
G1 X143.293 Y89.263 E.01773
G1 X143.293 Y59.246 E.92233
G1 X143.241 Y58.671 E.01775
G1 X143.065 Y58.076 E.01908
G1 X142.768 Y57.502 E.01986
G1 X142.345 Y56.983 E.02056
G1 X141.839 Y56.573 E.02002
G1 X141.269 Y56.276 E.01976
G1 X140.661 Y56.099 E.01944
G1 X140.083 Y56.047 E.01782
G1 X100.07 Y56.047 E1.22951
G1 X99.495 Y56.099 E.01772
G1 X98.9 Y56.276 E.01908
G1 X98.328 Y56.572 E.01981
G1 X97.808 Y56.982 E.02033
G1 X97.402 Y57.487 E.0199
M204 S2000
G1 X97.065 Y57.279 F18000
M204 S1500
;TYPE:Inner wall
;WIDTH:0.45
G1 F4800
G1 X97.059 Y57.287 E.00032
G1 X96.735 Y57.912 E.02337
G1 X96.54 Y58.598 E.02366
G1 X96.48 Y59.227 E.02094
G1 X96.48 Y89.282 E.99699
G1 X96.54 Y89.907 E.02081
G1 X96.724 Y90.585 E.02332
G1 X97.061 Y91.236 E.02431
G1 X97.532 Y91.807 E.02455
G1 X98.112 Y92.273 E.02469
G1 X98.753 Y92.605 E.02394
G1 X99.397 Y92.798 E.02233
G1 X100.048 Y92.865 E.0217
G1 X140.103 Y92.865 E1.32868
G1 X140.736 Y92.804 E.02111
G1 X141.416 Y92.606 E.0235
G1 X142.057 Y92.271 E.024
G1 X142.623 Y91.805 E.0243
G1 X143.097 Y91.236 E.02458
G1 X143.437 Y90.568 E.02486
G1 X143.629 Y89.911 E.02272
G1 X143.685 Y89.28 E.02099
G1 X143.685 Y59.228 E.99688
G1 X143.628 Y58.597 E.02104
G1 X143.43 Y57.928 E.02313
G1 X143.097 Y57.285 E.02402
G1 X142.623 Y56.704 E.02488
G1 X142.055 Y56.244 E.02426
G1 X141.416 Y55.91 E.02393
G1 X140.734 Y55.712 E.02355
G1 X140.101 Y55.655 E.02108
G1 X100.052 Y55.655 E1.3285
G1 X99.421 Y55.712 E.02101
G1 X98.753 Y55.911 E.02312
G1 X98.114 Y56.241 E.02386
G1 X97.531 Y56.702 E.02465
G1 X97.078 Y57.264 E.02394
M204 S2000
G1 X96.774 Y57.018 F18000
;TYPE:Gap infill
;WIDTH:0.430025
G1 F6000
G1 X96.732 Y57.07 E.0021
G1 X96.364 Y57.785 E.02537
G1 X96.171 Y58.513 E.02374
G1 X96.088 Y59.199 E.02181
G1 X96.086 Y89.292 E.94925
G1 X96.151 Y89.986 E.02199
G1 X96.353 Y90.708 E.02366
G1 X96.73 Y91.448 E.02618
G1 X97.254 Y92.085 E.02603
G1 X97.894 Y92.61 E.02609
G1 X98.62 Y92.981 E.02574
G1 X99.34 Y93.173 E.02348
G1 X100.125 Y93.262 E.02493
G1 X140.029 Y93.262 E1.25874
G1 X140.807 Y93.194 E.02462
G1 X141.546 Y92.98 E.02429
G1 X142.264 Y92.61 E.02548
G1 X142.91 Y92.079 E.02638
G1 X143.432 Y91.446 E.02589
G1 X143.811 Y90.697 E.02648
G1 X144.018 Y89.985 E.0234
G1 X144.084 Y89.208 E.02458
G1 X144.084 Y59.301 E.94339
G1 X144.011 Y58.504 E.02524
G1 X143.802 Y57.792 E.02341
G1 X143.438 Y57.085 E.02508
G1 X142.911 Y56.43 E.02654
G1 X142.269 Y55.91 E.02605
G1 X141.545 Y55.537 E.02569
G1 X140.787 Y55.337 E.02472
G1 X140.031 Y55.258 E.02398
G1 X100.026 Y55.263 E1.26193
G1 X99.357 Y55.322 E.02117
G1 X98.606 Y55.541 E.0247
G1 X97.889 Y55.911 E.02543
G1 X97.254 Y56.424 E.02576
G1 X96.786 Y57.003 E.02346
; stop printing object USV 1 e2mm.stl_1 id:1 copy 0
; end of layer_num: 11, T: 0, print_z: 2.240000
;LAYER_CHANGE
;Z:2.44
;HEIGHT:0.2
; BEFORE_LAYER_CHANGE 11 @ 2.44mm
G92 E0
; AFTER_LAYER_CHANGE 11 @ 2.44mm
; start of layer_num: 12, T: 0, print_z: 2.440000
; printing object "USV 1 e2mm.stl_3" id:0 copy 0
G1 E-.8 F3600
G1 X123.172 Y127.428 Z2.44 F18000
G1 E.8 F3600
M204 S1000
;TYPE:Outer wall
;WIDTH:0.42
G1 F3000
G1 X123.175 Y127.427 E.00009
G1 X123.639 Y127.291 E.01485
G1 X124.483 Y127.13 E.0264
G1 X124.95 Y127.088 E.01443
G1 X164.926 Y127.088 E1.22835
G1 X165.341 Y127.126 E.01278
G1 X165.802 Y127.168 E.01424
G1 X166.702 Y127.427 E.02878
G1 X167.562 Y127.869 E.02971
G1 X168.32 Y128.491 E.03014
G1 X168.943 Y129.262 E.03045
G1 X169.386 Y130.123 E.02974
G1 X169.519 Y130.585 E.01478
G1 X169.68 Y131.424 E.02624
G1 X169.722 Y131.887 E.0143
G1 X169.722 Y161.867 E.9212
G1 X169.641 Y162.754 E.02736
G1 X169.386 Y163.643 E.02843
G1 X168.943 Y164.503 E.02974
G1 X168.32 Y165.274 E.03044
G1 X167.562 Y165.892 E.03007
G1 X166.702 Y166.338 E.02977
G1 X166.232 Y166.471 E.015
G1 X165.388 Y166.631 E.02641
G1 X164.926 Y166.674 E.01424
G1 X124.95 Y166.674 E1.22835
G1 X124.063 Y166.593 E.02739
G1 X123.175 Y166.339 E.02838
G1 X122.314 Y165.892 E.0298
G1 X121.544 Y165.273 E.03036
G1 X120.922 Y164.503 E.03041
G1 X120.479 Y163.643 E.02975
G1 X120.22 Y162.753 E.02845
G1 X120.14 Y161.867 E.02735
G1 X120.14 Y131.887 E.9212
G1 X120.22 Y131.008 E.02713
G1 X120.479 Y130.123 E.02834
G1 X120.922 Y129.262 E.02975
G1 X121.544 Y128.492 E.03042
G1 X122.314 Y127.869 E.03042
G1 X123.154 Y127.437 E.02904
M204 S2000
G1 X123.321 Y127.792 F18000
M204 S1500
;TYPE:Inner wall
;WIDTH:0.45
G1 F4800
G1 X123.731 Y127.673 E.01416
G1 X124.537 Y127.519 E.02724
G1 X124.968 Y127.48 E.01435
G1 X164.908 Y127.48 E1.32489
G1 X165.305 Y127.516 E.01321
G1 X165.729 Y127.555 E.01414
G1 X166.557 Y127.793 E.02857
G1 X167.345 Y128.199 E.02942
G1 X168.04 Y128.769 E.02982
G1 X168.613 Y129.477 E.0302
G1 X169.02 Y130.268 E.02951
G1 X169.138 Y130.676 E.01409
G1 X169.291 Y131.478 E.02709
G1 X169.33 Y131.905 E.01421
G1 X169.33 Y161.849 E.99331
G1 X169.254 Y162.681 E.02771
G1 X169.019 Y163.498 E.02818
G1 X168.613 Y164.288 E.02949
G1 X168.041 Y164.996 E.03017
G1 X167.345 Y165.563 E.02977
G1 X166.557 Y165.972 E.02947
G1 X166.142 Y166.089 E.01429
G1 X165.333 Y166.243 E.02731
G1 X164.908 Y166.282 E.01416
G1 X124.968 Y166.282 E1.32489
G1 X124.135 Y166.206 E.02775
G1 X123.321 Y165.973 E.0281
G1 X122.529 Y165.562 E.02958
G1 X121.822 Y164.994 E.03008
G1 X121.252 Y164.288 E.0301
G1 X120.845 Y163.497 E.02952
G1 X120.607 Y162.68 E.02821
G1 X120.532 Y161.849 E.02768
G1 X120.532 Y131.905 E.99331
G1 X120.607 Y131.081 E.02743
G1 X120.845 Y130.269 E.02808
G1 X121.252 Y129.477 E.02954
G1 X121.823 Y128.771 E.03013
G1 X122.529 Y128.2 E.03013
G1 X123.303 Y127.802 E.02886
M204 S2000
G1 E-.8 F3600
G1 X121.773 Y162.46 F18000
G1 E.8 F3600
M204 S1000
;TYPE:Outer wall
;WIDTH:0.42
G1 F3000
G1 X121.935 Y163.017 E.01783
G1 X122.247 Y163.641 E.02144
G1 X122.67 Y164.148 E.02029
G1 X123.175 Y164.566 E.02013
G1 X123.746 Y164.863 E.01979
G1 X124.353 Y165.04 E.01942
G1 X124.931 Y165.096 E.01783
G1 X164.948 Y165.096 E1.22961
G1 X165.569 Y165.025 E.01922
G1 X166.115 Y164.863 E.01748
G1 X166.688 Y164.566 E.01984
G1 X167.206 Y164.149 E.02044
G1 X167.625 Y163.642 E.0202
G1 X167.924 Y163.065 E.01996
G1 X168.088 Y162.458 E.01932
G1 X168.143 Y161.887 E.01765
G1 X168.143 Y131.868 E.9224
G1 X168.088 Y131.289 E.01787
G1 X167.899 Y130.648 E.02052
G1 X167.625 Y130.123 E.01819
G1 X167.206 Y129.613 E.02028
G1 X166.688 Y129.195 E.02046
G1 X166.115 Y128.898 E.01984
G1 X165.519 Y128.721 E.01908
G1 X164.945 Y128.67 E.01772
G1 X124.931 Y128.67 E1.22951
G1 X124.354 Y128.721 E.01782
G1 X123.746 Y128.898 E.01944
G1 X123.175 Y129.196 E.01979
G1 X122.67 Y129.613 E.02015
G1 X122.248 Y130.123 E.02032
G1 X121.95 Y130.693 E.01978
G1 X121.774 Y131.289 E.01909
G1 X121.722 Y131.868 E.01787
G1 X121.722 Y161.886 E.92236
G1 X121.772 Y162.44 E.01708
M204 S2000
G1 X121.386 Y162.533 F18000
M204 S1500
;TYPE:Inner wall
;WIDTH:0.45
G1 F4800
G1 X121.569 Y163.16 E.02168
G1 X121.916 Y163.857 E.02585
G1 X122.392 Y164.427 E.02463
G1 X122.957 Y164.894 E.02431
G1 X123.599 Y165.229 E.02403
G1 X124.279 Y165.427 E.02347
G1 X124.912 Y165.488 E.02109
G1 X164.97 Y165.488 E1.3288
G1 X165.648 Y165.411 E.02263
G1 X166.262 Y165.229 E.02125
G1 X166.903 Y164.896 E.02397
G1 X167.483 Y164.429 E.0247
G1 X167.954 Y163.86 E.02451
G1 X168.291 Y163.208 E.02433
G1 X168.475 Y162.529 E.02335
G1 X168.535 Y161.905 E.02078
G1 X168.535 Y131.849 E.99702
G1 X168.475 Y131.214 E.02117
G1 X168.264 Y130.5 E.02468
G1 X167.954 Y129.906 E.02224
G1 X167.484 Y129.333 E.02458
G1 X166.903 Y128.865 E.02474
G1 X166.262 Y128.533 E.02397
G1 X165.594 Y128.334 E.02312
G1 X164.963 Y128.278 E.02101
G1 X124.914 Y128.278 E1.3285
G1 X124.281 Y128.334 E.02108
G1 X123.599 Y128.532 E.02354
G1 X122.957 Y128.867 E.02403
G1 X122.391 Y129.335 E.02435
G1 X121.919 Y129.905 E.02455
G1 X121.585 Y130.546 E.02398
G1 X121.386 Y131.215 E.02316
G1 X121.33 Y131.851 E.02117
G1 X121.33 Y161.904 E.99691
G1 X121.385 Y162.513 E.02029
G1 E-.8 F3600
M204 S2000
G1 X120.992 Y162.548 F18000
G1 E.8 F3600
;TYPE:Gap infill
;WIDTH:0.430655
G1 F6000
G1 X120.997 Y162.607 E.00185
G1 X121.195 Y163.288 E.02241
G1 X121.584 Y164.072 E.02765
G1 X122.107 Y164.709 E.02603
G1 X122.746 Y165.229 E.02605
G1 X123.468 Y165.603 E.02568
G1 X124.208 Y165.816 E.02433
G1 X124.986 Y165.885 E.02468
G1 X164.89 Y165.885 E1.26079
G1 X165.278 Y165.851 E.01231
G1 X165.708 Y165.786 E.01374
G1 X166.394 Y165.605 E.02239
G1 X167.104 Y165.24 E.02524
G1 X167.759 Y164.715 E.02651
G1 X168.283 Y164.073 E.02617
G1 X168.662 Y163.331 E.02632
G1 X168.864 Y162.608 E.02373
G1 X168.932 Y161.831 E.02463
G1 X168.932 Y131.923 E.94496
G1 X168.847 Y131.159 E.0243
G1 X168.754 Y130.768 E.01269
G1 X168.633 Y130.371 E.01312
G1 X168.291 Y129.707 E.02361
G1 X167.759 Y129.048 E.02674
G1 X167.126 Y128.533 E.02579
G1 X166.393 Y128.158 E.026
G1 X165.656 Y127.944 E.02425
G1 X164.89 Y127.879 E.02429
G1 X124.888 Y127.883 E1.26389
G1 X124.195 Y127.967 E.02205
G1 X123.467 Y128.16 E.02379
G1 X122.746 Y128.532 E.02564
G1 X122.107 Y129.054 E.02608
G1 X121.584 Y129.694 E.02608
G1 X121.213 Y130.415 E.02563
G1 X120.996 Y131.155 E.02438
G1 X120.936 Y131.825 E.02124
G1 X120.935 Y161.913 E.95065
G1 X120.99 Y162.528 E.01953
; stop printing object USV 1 e2mm.stl_3 id:0 copy 0
; printing object "USV 1 e2mm.stl_1" id:1 copy 0
G1 E-.8 F3600
G1 X98.309 Y93.713 F18000
G1 E.8 F3600
M204 S1000
;TYPE:Outer wall
;WIDTH:0.42
G1 F3000
G1 X97.454 Y93.273 E.02956
G1 X96.695 Y92.64 E.03038
G1 X96.072 Y91.881 E.03019
G1 X95.629 Y91.021 E.02971
G1 X95.373 Y90.132 E.02843
G1 X95.293 Y89.244 E.02739
G1 X95.293 Y59.265 E.92117
G1 X95.335 Y58.803 E.01425
G1 X95.496 Y57.964 E.02626
G1 X95.629 Y57.499 E.01485
G1 X96.072 Y56.64 E.02971
G1 X96.695 Y55.869 E.03045
G1 X97.453 Y55.247 E.03014
G1 X98.313 Y54.805 E.02972
G1 X99.213 Y54.545 E.02877
G1 X100.088 Y54.468 E.027
G1 X140.065 Y54.468 E1.22838
G1 X140.533 Y54.509 E.01443
G1 X141.376 Y54.669 E.02637
G1 X141.84 Y54.804 E.01485
G1 X142.701 Y55.247 E.02975
G1 X143.471 Y55.87 E.03042
G1 X144.093 Y56.64 E.03042
G1 X144.536 Y57.5 E.02972
G1 X144.795 Y58.389 E.02845
G1 X144.875 Y59.265 E.02704
G1 X144.875 Y89.244 E.92117
G1 X144.795 Y90.131 E.02738
G1 X144.536 Y91.02 E.02845
G1 X144.094 Y91.881 E.02972
G1 X143.471 Y92.639 E.03016
G1 X142.7 Y93.273 E.03066
G1 X141.84 Y93.715 E.02971
G1 X140.952 Y93.971 E.0284
G1 X140.065 Y94.051 E.02738
G1 X100.089 Y94.051 E1.22835
G1 X99.627 Y94.009 E.01424
G1 X98.783 Y93.849 E.02641
G1 X98.328 Y93.72 E.01452
M204 S2000
G1 X98.457 Y93.349 F18000
M204 S1500
;TYPE:Inner wall
;WIDTH:0.45
G1 F4800
G1 X97.672 Y92.945 E.02931
G1 X96.974 Y92.363 E.03013
G1 X96.401 Y91.664 E.02998
G1 X95.995 Y90.875 E.02942
G1 X95.761 Y90.059 E.02818
G1 X95.685 Y89.226 E.02774
G1 X95.685 Y59.283 E.99327
G1 X95.724 Y58.858 E.01416
G1 X95.877 Y58.055 E.02712
G1 X95.995 Y57.645 E.01416
G1 X96.402 Y56.855 E.02947
G1 X96.975 Y56.147 E.03021
G1 X97.669 Y55.577 E.02982
G1 X98.458 Y55.171 E.02943
G1 X99.285 Y54.932 E.02853
G1 X100.105 Y54.861 E.02732
G1 X140.048 Y54.861 E1.32498
G1 X140.479 Y54.898 E.01436
G1 X141.284 Y55.05 E.02718
G1 X141.694 Y55.17 E.01415
G1 X142.486 Y55.578 E.02954
G1 X143.192 Y56.149 E.03013
G1 X143.763 Y56.855 E.03013
G1 X144.17 Y57.645 E.0295
G1 X144.408 Y58.462 E.02821
G1 X144.483 Y59.283 E.02735
G1 X144.483 Y89.226 E.99327
G1 X144.408 Y90.058 E.02771
G1 X144.17 Y90.875 E.0282
G1 X143.764 Y91.664 E.02945
G1 X143.192 Y92.361 E.0299
G1 X142.483 Y92.944 E.03043
G1 X141.695 Y93.349 E.02941
G1 X140.88 Y93.584 E.02815
G1 X140.047 Y93.659 E.02774
G1 X100.107 Y93.659 E1.32489
G1 X99.682 Y93.62 E.01415
G1 X98.873 Y93.467 E.02731
G1 X98.477 Y93.354 E.01367
M204 S2000
G1 E-.8 F3600
G1 X97.389 Y57.502 F18000
G1 E.8 F3600
M204 S1000
;TYPE:Outer wall
;WIDTH:0.42
G1 F3000
G1 X97.116 Y58.03 E.01826
G1 X96.927 Y58.67 E.02052
G1 X96.872 Y59.245 E.01775
G1 X96.872 Y89.263 E.92237
G1 X96.927 Y89.836 E.01768
G1 X97.091 Y90.442 E.01929
G1 X97.39 Y91.019 E.01996
G1 X97.809 Y91.527 E.02023
G1 X98.327 Y91.943 E.02043
G1 X98.9 Y92.24 E.01983
G1 X99.446 Y92.403 E.01749
G1 X100.067 Y92.472 E.01923
G1 X140.084 Y92.472 E1.2296
G1 X140.662 Y92.418 E.01783
G1 X141.269 Y92.24 E.01943
G1 X141.84 Y91.943 E.01978
G1 X142.345 Y91.526 E.02012
G1 X142.768 Y91.018 E.02031
G1 X143.08 Y90.394 E.02144
G1 X143.241 Y89.838 E.0178
G1 X143.293 Y89.263 E.01773
G1 X143.293 Y59.246 E.92233
G1 X143.241 Y58.671 E.01775
G1 X143.065 Y58.076 E.01908
G1 X142.768 Y57.502 E.01986
G1 X142.345 Y56.983 E.02056
G1 X141.839 Y56.573 E.02002
G1 X141.269 Y56.276 E.01976
G1 X140.661 Y56.099 E.01944
G1 X140.083 Y56.047 E.01782
G1 X100.07 Y56.047 E1.22951
G1 X99.495 Y56.099 E.01772
G1 X98.9 Y56.276 E.01908
G1 X98.328 Y56.572 E.01981
G1 X97.808 Y56.982 E.02033
G1 X97.402 Y57.487 E.0199
M204 S2000
G1 X97.059 Y57.287 F18000
M204 S1500
;TYPE:Inner wall
;WIDTH:0.45
G1 F4800
G1 X96.751 Y57.883 E.02227
G1 X96.54 Y58.596 E.02465
G1 X96.48 Y59.227 E.02103
G1 X96.48 Y89.282 E.99699
G1 X96.54 Y89.907 E.02081
G1 X96.724 Y90.585 E.02332
G1 X97.061 Y91.236 E.02431
G1 X97.532 Y91.807 E.02455
G1 X98.112 Y92.273 E.02469
G1 X98.753 Y92.605 E.02394
G1 X99.367 Y92.789 E.02127
G1 X100.045 Y92.865 E.02265
G1 X140.103 Y92.865 E1.32877
G1 X140.736 Y92.804 E.02111
G1 X141.416 Y92.606 E.0235
G1 X142.057 Y92.271 E.024
G1 X142.623 Y91.805 E.0243
G1 X143.099 Y91.234 E.02466
G1 X143.446 Y90.537 E.02583
G1 X143.629 Y89.911 E.02165
G1 X143.685 Y89.28 E.02099
G1 X143.685 Y59.228 E.99688
G1 X143.628 Y58.597 E.02104
G1 X143.43 Y57.928 E.02313
G1 X143.097 Y57.285 E.02402
G1 X142.623 Y56.704 E.02488
G1 X142.055 Y56.244 E.02426
G1 X141.416 Y55.91 E.02393
G1 X140.734 Y55.712 E.02354
G1 X140.101 Y55.655 E.02108
G1 X100.052 Y55.655 E1.3285
G1 X99.421 Y55.712 E.02101
G1 X98.753 Y55.911 E.02312
G1 X98.114 Y56.241 E.02387
G1 X97.531 Y56.702 E.02465
G1 X97.072 Y57.271 E.02426
M204 S2000
G1 X96.768 Y57.026 F18000
;TYPE:Gap infill
;WIDTH:0.429999
G1 F6000
G1 X96.732 Y57.07 E.0018
G1 X96.38 Y57.753 E.02424
G1 X96.174 Y58.508 E.02468
G1 X96.088 Y59.199 E.02197
G1 X96.086 Y89.292 E.94919
G1 X96.151 Y89.986 E.02199
G1 X96.353 Y90.708 E.02366
G1 X96.73 Y91.448 E.02618
G1 X97.254 Y92.085 E.02602
G1 X97.894 Y92.61 E.02609
G1 X98.62 Y92.981 E.02574
G1 X99.307 Y93.163 E.0224
G1 X99.737 Y93.228 E.01372
G1 X100.125 Y93.262 E.01228
G1 X140.029 Y93.262 E1.25866
G1 X140.807 Y93.194 E.02462
G1 X141.546 Y92.98 E.02429
G1 X142.264 Y92.61 E.02548
G1 X142.91 Y92.079 E.02638
G1 X143.433 Y91.446 E.02588
G1 X143.82 Y90.665 E.0275
G1 X144.018 Y89.985 E.02236
G1 X144.084 Y89.208 E.02457
G1 X144.084 Y59.301 E.94333
G1 X144.011 Y58.504 E.02524
G1 X143.802 Y57.792 E.02341
G1 X143.438 Y57.085 E.02508
G1 X142.911 Y56.43 E.02653
G1 X142.269 Y55.91 E.02605
G1 X141.545 Y55.537 E.02569
G1 X140.787 Y55.339 E.02471
G1 X140.031 Y55.258 E.02398
G1 X100.026 Y55.263 E1.26185
G1 X99.357 Y55.322 E.02117
G1 X98.606 Y55.541 E.0247
G1 X97.889 Y55.911 E.02543
G1 X97.254 Y56.424 E.02576
G1 X96.78 Y57.01 E.02377
; stop printing object USV 1 e2mm.stl_1 id:1 copy 0
; end of layer_num: 12, T: 0, print_z: 2.440000
;LAYER_CHANGE
;Z:2.64
;HEIGHT:0.2
; BEFORE_LAYER_CHANGE 12 @ 2.64mm
G92 E0
; AFTER_LAYER_CHANGE 12 @ 2.64mm
; start of layer_num: 13, T: 0, print_z: 2.640000
; printing object "USV 1 e2mm.stl_3" id:0 copy 0
G1 E-.8 F3600
G1 X123.172 Y127.428 Z2.64 F18000
G1 E.8 F3600
M204 S1000
;TYPE:Outer wall
;WIDTH:0.42
G1 F3000
G1 X123.175 Y127.427 E.00009
G1 X123.602 Y127.302 E.01366
G1 X124.519 Y127.127 E.02871
G1 X124.95 Y127.088 E.0133
G1 X164.926 Y127.088 E1.22835
G1 X165.377 Y127.129 E.0139
G1 X165.802 Y127.168 E.01312
G1 X166.702 Y127.427 E.02878
G1 X167.562 Y127.869 E.02971
G1 X168.32 Y128.491 E.03014
G1 X168.943 Y129.262 E.03045
G1 X169.386 Y130.123 E.02974
G1 X169.509 Y130.548 E.0136
G1 X169.683 Y131.46 E.02854
G1 X169.722 Y131.887 E.01318
G1 X169.722 Y161.867 E.9212
G1 X169.641 Y162.754 E.02736
G1 X169.386 Y163.643 E.02843
G1 X168.943 Y164.503 E.02974
G1 X168.32 Y165.274 E.03044
G1 X167.562 Y165.892 E.03007
G1 X166.702 Y166.338 E.02977
G1 X166.27 Y166.461 E.0138
G1 X165.352 Y166.635 E.02872
G1 X164.926 Y166.674 E.01312
G1 X124.95 Y166.674 E1.22835
G1 X124.063 Y166.593 E.02739
G1 X123.175 Y166.339 E.02838
G1 X122.314 Y165.892 E.0298
G1 X121.544 Y165.273 E.03036
G1 X120.922 Y164.503 E.03041
G1 X120.479 Y163.643 E.02975
G1 X120.22 Y162.753 E.02845
G1 X120.14 Y161.867 E.02735
G1 X120.14 Y131.887 E.9212
G1 X120.22 Y131.008 E.02713
G1 X120.479 Y130.123 E.02834
G1 X120.922 Y129.262 E.02975
G1 X121.544 Y128.492 E.03042
G1 X122.314 Y127.869 E.03042
G1 X123.154 Y127.437 E.02904
M204 S2000
G1 X123.321 Y127.792 F18000
M204 S1500
;TYPE:Inner wall
;WIDTH:0.45
G1 F4800
G1 X123.694 Y127.684 E.01288
G1 X124.574 Y127.515 E.02973
G1 X124.968 Y127.48 E.01312
G1 X164.908 Y127.48 E1.32489
G1 X165.341 Y127.519 E.01441
G1 X165.729 Y127.555 E.01293
G1 X166.557 Y127.793 E.02857
G1 X167.345 Y128.199 E.02942
G1 X168.04 Y128.769 E.02982
G1 X168.613 Y129.477 E.0302
G1 X169.02 Y130.268 E.02951
G1 X169.127 Y130.639 E.01282
G1 X169.294 Y131.515 E.02957
G1 X169.33 Y131.905 E.013
G1 X169.33 Y161.849 E.99331
G1 X169.254 Y162.681 E.02771
G1 X169.019 Y163.498 E.02818
G1 X168.613 Y164.288 E.02949
G1 X168.041 Y164.996 E.03017
G1 X167.345 Y165.563 E.02977
G1 X166.557 Y165.972 E.02947
G1 X166.18 Y166.079 E.01299
G1 X165.297 Y166.246 E.02981
G1 X164.908 Y166.282 E.01295
G1 X124.968 Y166.282 E1.32489
G1 X124.135 Y166.206 E.02775
G1 X123.321 Y165.973 E.0281
G1 X122.529 Y165.562 E.02958
G1 X121.822 Y164.994 E.03008
G1 X121.252 Y164.288 E.0301
G1 X120.845 Y163.497 E.02952
G1 X120.607 Y162.68 E.02821
G1 X120.532 Y161.849 E.02768
G1 X120.532 Y131.905 E.99331
G1 X120.607 Y131.081 E.02743
G1 X120.845 Y130.269 E.02808
G1 X121.252 Y129.477 E.02954
G1 X121.823 Y128.771 E.03013
G1 X122.529 Y128.2 E.03013
G1 X123.303 Y127.802 E.02886
M204 S2000
G1 E-.8 F3600
G1 X121.773 Y162.46 F18000
G1 E.8 F3600
M204 S1000
;TYPE:Outer wall
;WIDTH:0.42
G1 F3000
G1 X121.927 Y162.988 E.01689
G1 X122.246 Y163.641 E.02234
G1 X122.67 Y164.148 E.02031
G1 X123.175 Y164.566 E.02013
G1 X123.746 Y164.863 E.01979
G1 X124.353 Y165.04 E.01942
G1 X124.931 Y165.096 E.01783
G1 X164.949 Y165.096 E1.22964
G1 X165.598 Y165.017 E.0201
G1 X166.115 Y164.863 E.01656
G1 X166.688 Y164.566 E.01984
G1 X167.206 Y164.149 E.02044
G1 X167.625 Y163.642 E.0202
G1 X167.924 Y163.065 E.01996
G1 X168.088 Y162.458 E.01932
G1 X168.143 Y161.887 E.01765
G1 X168.143 Y131.868 E.9224
G1 X168.088 Y131.29 E.01782
G1 X167.947 Y130.781 E.01624
G1 X167.88 Y130.613 E.00556
G1 X167.625 Y130.123 E.01697
G1 X167.206 Y129.613 E.02028
G1 X166.688 Y129.195 E.02046
G1 X166.115 Y128.898 E.01984
G1 X165.519 Y128.721 E.01908
G1 X164.945 Y128.67 E.01772
G1 X124.931 Y128.67 E1.22951
G1 X124.354 Y128.721 E.01782
G1 X123.746 Y128.898 E.01944
G1 X123.175 Y129.196 E.01979
G1 X122.67 Y129.613 E.02015
G1 X122.248 Y130.123 E.02032
G1 X121.95 Y130.693 E.01978
G1 X121.774 Y131.289 E.01909
G1 X121.722 Y131.868 E.01787
G1 X121.722 Y161.886 E.92236
G1 X121.772 Y162.44 E.01708
M204 S2000
G1 X121.386 Y162.533 F18000
M204 S1500
;TYPE:Inner wall
;WIDTH:0.45
G1 F4800
G1 X121.56 Y163.13 E.02062
G1 X121.915 Y163.856 E.02681
G1 X122.392 Y164.427 E.0247
G1 X122.957 Y164.894 E.02431
G1 X123.599 Y165.229 E.02403
G1 X124.279 Y165.427 E.02347
G1 X124.912 Y165.488 E.02109
G1 X164.972 Y165.488 E1.32888
G1 X165.678 Y165.402 E.02358
G1 X166.262 Y165.229 E.0202
G1 X166.903 Y164.896 E.02397
G1 X167.483 Y164.429 E.0247
G1 X167.954 Y163.86 E.02451
G1 X168.291 Y163.208 E.02433
G1 X168.475 Y162.529 E.02335
G1 X168.535 Y161.905 E.02078
G1 X168.535 Y131.849 E.99702
G1 X168.475 Y131.219 E.021
G1 X168.319 Y130.656 E.01938
G1 X168.237 Y130.45 E.00737
G1 X167.954 Y129.906 E.02033
G1 X167.484 Y129.333 E.02458
G1 X166.903 Y128.865 E.02474
G1 X166.262 Y128.533 E.02397
G1 X165.594 Y128.334 E.02312
G1 X164.963 Y128.278 E.02101
G1 X124.914 Y128.278 E1.3285
G1 X124.281 Y128.334 E.02108
G1 X123.599 Y128.532 E.02354
G1 X122.957 Y128.867 E.02403
G1 X122.391 Y129.335 E.02435
G1 X121.919 Y129.905 E.02455
G1 X121.585 Y130.546 E.02398
G1 X121.386 Y131.215 E.02316
G1 X121.33 Y131.851 E.02117
G1 X121.33 Y161.904 E.99691
G1 X121.385 Y162.513 E.02029
G1 E-.8 F3600
M204 S2000
G1 X120.992 Y162.548 F18000
G1 E.8 F3600
;TYPE:Gap infill
;WIDTH:0.430455
G1 F6000
G1 X120.997 Y162.607 E.00185
G1 X121.186 Y163.256 E.02137
G1 X121.572 Y164.051 E.02789
G1 X122.107 Y164.709 E.02677
G1 X122.723 Y165.212 E.02511
G1 X123.468 Y165.603 E.02659
G1 X124.208 Y165.816 E.02432
G1 X124.986 Y165.885 E.02466
G1 X164.89 Y165.885 E1.26014
G1 X165.242 Y165.854 E.01116
G1 X165.741 Y165.776 E.01594
G1 X166.409 Y165.6 E.02183
G1 X167.125 Y165.228 E.02548
G1 X167.747 Y164.724 E.02528
G1 X168.291 Y164.059 E.02714
G1 X168.655 Y163.353 E.02507
G1 X168.867 Y162.584 E.0252
G1 X168.932 Y161.831 E.02384
G1 X168.932 Y131.923 E.94448
G1 X168.904 Y131.57 E.0112
;WIDTH:0.430811
G1 X168.841 Y131.136 E.01384
G1 X168.746 Y130.73 E.01318
G1 X168.65 Y130.415 E.01042
G1 X168.283 Y129.692 E.02563
G1 X167.759 Y129.048 E.02623
G1 X167.126 Y128.533 E.0258
G1 X166.41 Y128.164 E.02546
G1 X165.656 Y127.944 E.02481
G1 X164.989 Y127.884 E.02116
G1 X124.986 Y127.879 E1.26443
G1 X124.228 Y127.963 E.02411
G1 X123.467 Y128.16 E.02484
G1 X122.746 Y128.532 E.02566
G1 X122.107 Y129.054 E.02609
G1 X121.584 Y129.694 E.02609
G1 X121.213 Y130.415 E.02564
G1 X120.996 Y131.155 E.02439
G1 X120.936 Y131.825 E.02124
;WIDTH:0.430455
G1 X120.935 Y161.913 E.95015
G1 X120.99 Y162.528 E.01952
; stop printing object USV 1 e2mm.stl_3 id:0 copy 0
; printing object "USV 1 e2mm.stl_1" id:1 copy 0
G1 E-.8 F3600
G1 X98.309 Y93.713 F18000
G1 E.8 F3600
M204 S1000
;TYPE:Outer wall
;WIDTH:0.42
G1 F3000
G1 X97.454 Y93.273 E.02956
G1 X96.695 Y92.64 E.03038
G1 X96.072 Y91.881 E.03019
G1 X95.629 Y91.021 E.02971
G1 X95.373 Y90.132 E.02843
G1 X95.293 Y89.244 E.02739
G1 X95.293 Y59.265 E.92117
G1 X95.332 Y58.839 E.01313
G1 X95.506 Y57.927 E.02856
G1 X95.629 Y57.499 E.01366
G1 X96.072 Y56.64 E.02971
G1 X96.695 Y55.869 E.03045
G1 X97.453 Y55.247 E.03014
G1 X98.313 Y54.805 E.02972
G1 X99.213 Y54.545 E.02877
G1 X100.088 Y54.468 E.027
G1 X140.065 Y54.468 E1.22838
G1 X140.496 Y54.506 E.0133
G1 X141.413 Y54.68 E.02868
G1 X141.84 Y54.804 E.01366
G1 X142.701 Y55.247 E.02975
G1 X143.471 Y55.87 E.03042
G1 X144.093 Y56.64 E.03042
G1 X144.536 Y57.5 E.02972
G1 X144.795 Y58.389 E.02845
G1 X144.875 Y59.265 E.02704
G1 X144.875 Y89.244 E.92117
G1 X144.795 Y90.131 E.02738
G1 X144.536 Y91.02 E.02845
G1 X144.094 Y91.881 E.02972
G1 X143.471 Y92.639 E.03016
G1 X142.7 Y93.273 E.03066
G1 X141.84 Y93.715 E.02971
G1 X140.952 Y93.971 E.0284
G1 X140.065 Y94.051 E.02738
G1 X100.089 Y94.051 E1.22835
G1 X99.663 Y94.012 E.01312
G1 X98.745 Y93.838 E.02872
G1 X98.328 Y93.72 E.01332
M204 S2000
G1 X98.457 Y93.349 F18000
M204 S1500
;TYPE:Inner wall
;WIDTH:0.45
G1 F4800
G1 X97.672 Y92.945 E.02931
G1 X96.974 Y92.363 E.03013
G1 X96.401 Y91.664 E.02998
G1 X95.995 Y90.875 E.02942
G1 X95.761 Y90.059 E.02818
G1 X95.685 Y89.226 E.02774
G1 X95.685 Y59.283 E.99327
G1 X95.721 Y58.894 E.01295
G1 X95.888 Y58.018 E.0296
G1 X95.995 Y57.645 E.01287
G1 X96.402 Y56.855 E.02947
G1 X96.975 Y56.147 E.03021
G1 X97.669 Y55.577 E.02982
G1 X98.458 Y55.171 E.02943
G1 X99.285 Y54.932 E.02853
G1 X100.105 Y54.861 E.02732
G1 X140.048 Y54.861 E1.32498
G1 X140.443 Y54.895 E.01313
G1 X141.321 Y55.061 E.02967
G1 X141.694 Y55.17 E.01287
G1 X142.486 Y55.578 E.02954
G1 X143.192 Y56.149 E.03013
G1 X143.763 Y56.855 E.03013
G1 X144.17 Y57.645 E.0295
G1 X144.408 Y58.462 E.02821
G1 X144.483 Y59.283 E.02735
G1 X144.483 Y89.226 E.99327
G1 X144.408 Y90.058 E.02771
G1 X144.17 Y90.875 E.0282
G1 X143.764 Y91.664 E.02945
G1 X143.192 Y92.361 E.0299
G1 X142.483 Y92.944 E.03043
G1 X141.695 Y93.349 E.02941
G1 X140.88 Y93.584 E.02815
G1 X140.047 Y93.659 E.02774
G1 X100.107 Y93.659 E1.32489
G1 X99.718 Y93.624 E.01295
G1 X98.835 Y93.456 E.0298
G1 X98.477 Y93.354 E.01238
M204 S2000
G1 E-.8 F3600
G1 X97.389 Y57.502 F18000
G1 E.8 F3600
M204 S1000
;TYPE:Outer wall
;WIDTH:0.42
G1 F3000
G1 X97.134 Y57.995 E.01704
G1 X97.068 Y58.163 E.00556
G1 X96.927 Y58.672 E.01623
G1 X96.872 Y59.245 E.0177
G1 X96.872 Y89.263 E.92237
G1 X96.927 Y89.836 E.01768
G1 X97.091 Y90.442 E.01929
G1 X97.39 Y91.019 E.01996
G1 X97.809 Y91.527 E.02023
G1 X98.327 Y91.943 E.02043
G1 X98.9 Y92.24 E.01983
G1 X99.417 Y92.394 E.01657
G1 X100.066 Y92.472 E.02011
G1 X140.084 Y92.472 E1.22963
G1 X140.662 Y92.418 E.01783
G1 X141.269 Y92.24 E.01943
G1 X141.84 Y91.943 E.01978
G1 X142.345 Y91.526 E.02012
G1 X142.769 Y91.017 E.02034
G1 X143.088 Y90.365 E.02233
G1 X143.241 Y89.838 E.01687
G1 X143.293 Y89.263 E.01773
G1 X143.293 Y59.246 E.92233
G1 X143.241 Y58.671 E.01775
G1 X143.065 Y58.076 E.01908
G1 X142.768 Y57.502 E.01986
G1 X142.345 Y56.983 E.02056
G1 X141.839 Y56.573 E.02002
G1 X141.269 Y56.276 E.01976
G1 X140.661 Y56.099 E.01944
G1 X140.083 Y56.047 E.01782
G1 X100.07 Y56.047 E1.22951
G1 X99.495 Y56.099 E.01772
G1 X98.9 Y56.276 E.01908
G1 X98.328 Y56.572 E.01981
G1 X97.808 Y56.982 E.02033
G1 X97.402 Y57.487 E.0199
M204 S2000
G1 X97.059 Y57.287 F18000
M204 S1500
;TYPE:Inner wall
;WIDTH:0.45
G1 F4800
G1 X96.777 Y57.832 E.02037
G1 X96.696 Y58.038 E.00736
G1 X96.54 Y58.601 E.01936
G1 X96.48 Y59.227 E.02086
G1 X96.48 Y89.282 E.99699
G1 X96.54 Y89.907 E.02081
G1 X96.724 Y90.585 E.02332
G1 X97.061 Y91.236 E.02431
G1 X97.532 Y91.807 E.02455
G1 X98.112 Y92.273 E.02469
G1 X98.753 Y92.605 E.02394
G1 X99.337 Y92.78 E.02022
G1 X100.043 Y92.865 E.0236
G1 X140.103 Y92.865 E1.32885
G1 X140.736 Y92.804 E.02111
G1 X141.416 Y92.606 E.0235
G1 X142.057 Y92.271 E.024
G1 X142.623 Y91.805 E.0243
G1 X143.1 Y91.232 E.02474
G1 X143.455 Y90.507 E.02679
G1 X143.629 Y89.911 E.02059
G1 X143.685 Y89.28 E.02099
G1 X143.685 Y59.228 E.99688
G1 X143.628 Y58.597 E.02104
G1 X143.43 Y57.928 E.02313
G1 X143.097 Y57.285 E.02402
G1 X142.623 Y56.704 E.02488
G1 X142.055 Y56.244 E.02426
G1 X141.416 Y55.91 E.02393
G1 X140.734 Y55.712 E.02354
G1 X140.101 Y55.655 E.02108
G1 X100.052 Y55.655 E1.3285
G1 X99.421 Y55.712 E.02101
G1 X98.753 Y55.911 E.02312
G1 X98.114 Y56.241 E.02386
G1 X97.531 Y56.702 E.02465
G1 X97.072 Y57.271 E.02426
M204 S2000
G1 X96.768 Y57.026 F18000
;TYPE:Gap infill
;WIDTH:0.428826
G1 F6000
G1 X96.732 Y57.07 E.00179
G1 X96.366 Y57.792 E.02545
G1 X96.27 Y58.109 E.01042
G1 X96.174 Y58.518 E.01321
G1 X96.088 Y59.199 E.02159
;WIDTH:0.430489
G1 X96.086 Y89.292 E.95039
G1 X96.151 Y89.986 E.02202
G1 X96.353 Y90.708 E.02369
G1 X96.73 Y91.448 E.02621
G1 X97.254 Y92.085 E.02606
G1 X97.894 Y92.61 E.02612
G1 X98.62 Y92.981 E.02577
G1 X99.274 Y93.154 E.02136
G1 X99.773 Y93.231 E.01594
G1 X100.125 Y93.262 E.01115
G1 X140.13 Y93.257 E1.26344
G1 X140.807 Y93.194 E.02145
G1 X141.548 Y92.979 E.02438
G1 X142.264 Y92.61 E.02544
G1 X142.91 Y92.079 E.02641
G1 X143.433 Y91.446 E.02592
G1 X143.795 Y90.725 E.02549
G1 X144.018 Y89.985 E.02442
G1 X144.084 Y89.208 E.02461
G1 X144.079 Y59.202 E.94765
G1 X144.019 Y58.536 E.02113
G1 X143.802 Y57.792 E.02446
G1 X143.431 Y57.072 E.0256
G1 X142.911 Y56.43 E.02609
G1 X142.269 Y55.91 E.02608
G1 X141.547 Y55.538 E.02565
G1 X141.229 Y55.445 E.01046
;WIDTH:0.428826
G1 X140.787 Y55.341 E.01429
G1 X140.031 Y55.258 E.02391
G1 X100.026 Y55.263 E1.25802
G1 X99.357 Y55.322 E.02111
G1 X98.606 Y55.541 E.02463
G1 X97.889 Y55.911 E.02535
G1 X97.254 Y56.424 E.02568
G1 X96.78 Y57.01 E.02369
; stop printing object USV 1 e2mm.stl_1 id:1 copy 0
; end of layer_num: 13, T: 0, print_z: 2.640000
;LAYER_CHANGE
;Z:2.84
;HEIGHT:0.2
; BEFORE_LAYER_CHANGE 13 @ 2.84mm
G92 E0
; AFTER_LAYER_CHANGE 13 @ 2.84mm
; start of layer_num: 14, T: 0, print_z: 2.840000
; printing object "USV 1 e2mm.stl_3" id:0 copy 0
G1 E-.8 F3600
G1 X123.172 Y127.428 Z2.84 F18000
G1 E.8 F3600
M204 S1000
;TYPE:Outer wall
;WIDTH:0.42
G1 F3000
G1 X123.175 Y127.427 E.00009
G1 X123.565 Y127.313 E.01247
G1 X124.556 Y127.123 E.03102
G1 X124.95 Y127.088 E.01216
G1 X164.926 Y127.088 E1.22835
G1 X165.413 Y127.132 E.01502
G1 X165.802 Y127.168 E.012
G1 X166.702 Y127.427 E.02878
G1 X167.562 Y127.869 E.02971
G1 X168.32 Y128.491 E.03014
G1 X168.943 Y129.262 E.03045
G1 X169.386 Y130.123 E.02974
G1 X169.498 Y130.511 E.01242
G1 X169.686 Y131.496 E.03083
G1 X169.722 Y131.887 E.01206
G1 X169.722 Y161.867 E.9212
G1 X169.641 Y162.754 E.02736
G1 X169.386 Y163.643 E.02843
G1 X168.943 Y164.503 E.02974
G1 X168.32 Y165.274 E.03044
G1 X167.562 Y165.892 E.03007
G1 X166.702 Y166.338 E.02977
G1 X166.308 Y166.45 E.0126
G1 X165.315 Y166.638 E.03103
G1 X164.926 Y166.674 E.01201
G1 X124.95 Y166.674 E1.22835
G1 X124.063 Y166.593 E.02739
G1 X123.175 Y166.339 E.02838
G1 X122.314 Y165.892 E.0298
G1 X121.544 Y165.273 E.03036
G1 X120.922 Y164.503 E.03041
G1 X120.479 Y163.643 E.02975
G1 X120.22 Y162.753 E.02845
G1 X120.14 Y161.867 E.02735
G1 X120.14 Y131.887 E.9212
G1 X120.22 Y131.008 E.02713
G1 X120.479 Y130.123 E.02834
G1 X120.922 Y129.262 E.02975
G1 X121.544 Y128.492 E.03042
G1 X122.314 Y127.869 E.03042
G1 X123.154 Y127.437 E.02904
M204 S2000
G1 X123.321 Y127.792 F18000
M204 S1500
;TYPE:Inner wall
;WIDTH:0.45
G1 F4800
G1 X123.657 Y127.695 E.0116
G1 X124.611 Y127.512 E.03223
G1 X124.968 Y127.48 E.0119
G1 X164.908 Y127.48 E1.32489
G1 X165.377 Y127.523 E.01562
G1 X165.729 Y127.555 E.01172
G1 X166.557 Y127.793 E.02857
G1 X167.345 Y128.199 E.02942
G1 X168.04 Y128.769 E.02982
G1 X168.613 Y129.477 E.0302
G1 X169.02 Y130.268 E.02951
G1 X169.116 Y130.602 E.01154
G1 X169.297 Y131.551 E.03205
G1 X169.33 Y131.905 E.01179
G1 X169.33 Y161.849 E.99331
G1 X169.254 Y162.681 E.02771
G1 X169.019 Y163.498 E.02818
G1 X168.613 Y164.288 E.02949
G1 X168.041 Y164.996 E.03017
G1 X167.345 Y165.563 E.02977
G1 X166.557 Y165.972 E.02947
G1 X166.218 Y166.068 E.0117
G1 X165.261 Y166.249 E.0323
G1 X164.908 Y166.282 E.01174
G1 X124.968 Y166.282 E1.32489
G1 X124.135 Y166.206 E.02775
G1 X123.321 Y165.973 E.0281
G1 X122.529 Y165.562 E.02958
G1 X121.822 Y164.994 E.03008
G1 X121.252 Y164.288 E.0301
G1 X120.845 Y163.497 E.02952
G1 X120.607 Y162.68 E.02821
G1 X120.532 Y161.849 E.02768
G1 X120.532 Y131.905 E.99331
G1 X120.607 Y131.081 E.02743
G1 X120.845 Y130.269 E.02808
G1 X121.252 Y129.477 E.02954
G1 X121.823 Y128.771 E.03013
G1 X122.529 Y128.2 E.03013
G1 X123.303 Y127.802 E.02886
M204 S2000
G1 E-.8 F3600
G1 X121.773 Y162.46 F18000
G1 E.8 F3600
M204 S1000
;TYPE:Outer wall
;WIDTH:0.42
G1 F3000
G1 X121.916 Y162.952 E.01575
G1 X122.006 Y163.176 E.00742
G1 X122.248 Y163.643 E.01615
G1 X122.67 Y164.148 E.02024
G1 X123.175 Y164.566 E.02013
G1 X123.746 Y164.863 E.01979
G1 X124.353 Y165.04 E.01942
G1 X124.931 Y165.096 E.01783
G1 X164.946 Y165.096 E1.22956
G1 X165.41 Y165.05 E.01431
G1 X165.633 Y165.006 E.00701
G1 X166.115 Y164.863 E.01543
G1 X166.688 Y164.566 E.01984
G1 X167.206 Y164.149 E.02044
G1 X167.625 Y163.642 E.0202
G1 X167.924 Y163.065 E.01996
G1 X168.088 Y162.458 E.01932
G1 X168.143 Y161.887 E.01765
G1 X168.143 Y131.868 E.9224
G1 X168.088 Y131.29 E.01782
G1 X167.955 Y130.809 E.01535
G1 X167.866 Y130.586 E.00736
G1 X167.625 Y130.123 E.01604
G1 X167.206 Y129.613 E.02028
G1 X166.688 Y129.195 E.02046
G1 X166.115 Y128.898 E.01984
G1 X165.519 Y128.721 E.01908
G1 X164.945 Y128.67 E.01772
G1 X124.931 Y128.67 E1.22951
G1 X124.354 Y128.721 E.01782
G1 X123.746 Y128.898 E.01944
G1 X123.175 Y129.196 E.01979
G1 X122.67 Y129.613 E.02015
G1 X122.248 Y130.123 E.02032
G1 X121.95 Y130.693 E.01978
G1 X121.774 Y131.289 E.01909
G1 X121.722 Y131.868 E.01787
G1 X121.722 Y161.886 E.92236
G1 X121.772 Y162.44 E.01708
M204 S2000
G1 X121.386 Y162.533 F18000
M204 S1500
;TYPE:Inner wall
;WIDTH:0.45
G1 F4800
G1 X121.545 Y163.08 E.0189
G1 X121.649 Y163.339 E.00927
G1 X121.919 Y163.861 E.01949
G1 X122.392 Y164.427 E.02447
G1 X122.957 Y164.894 E.02431
G1 X123.599 Y165.229 E.02403
G1 X124.279 Y165.427 E.02347
G1 X124.912 Y165.488 E.02109
G1 X164.965 Y165.488 E1.32864
G1 X165.467 Y165.439 E.01672
G1 X165.727 Y165.387 E.00882
G1 X166.262 Y165.229 E.01849
G1 X166.903 Y164.896 E.02397
G1 X167.483 Y164.429 E.0247
G1 X167.954 Y163.86 E.02451
G1 X168.291 Y163.208 E.02433
G1 X168.475 Y162.529 E.02335
G1 X168.535 Y161.905 E.02078
G1 X168.535 Y131.849 E.99702
G1 X168.475 Y131.219 E.021
G1 X168.327 Y130.684 E.01842
G1 X168.223 Y130.423 E.00932
G1 X167.954 Y129.906 E.01934
G1 X167.484 Y129.333 E.02458
G1 X166.903 Y128.865 E.02474
G1 X166.262 Y128.533 E.02397
G1 X165.594 Y128.334 E.02312
G1 X164.963 Y128.278 E.02101
G1 X124.914 Y128.278 E1.3285
G1 X124.281 Y128.334 E.02108
G1 X123.599 Y128.532 E.02354
G1 X122.957 Y128.867 E.02403
G1 X122.391 Y129.335 E.02435
G1 X121.919 Y129.905 E.02455
G1 X121.585 Y130.546 E.02398
G1 X121.386 Y131.215 E.02316
G1 X121.33 Y131.851 E.02117
G1 X121.33 Y161.904 E.99691
G1 X121.385 Y162.513 E.02029
G1 E-.8 F3600
M204 S2000
G1 X120.992 Y162.548 F18000
G1 E.8 F3600
;TYPE:Gap infill
;WIDTH:0.43037
G1 F6000
G1 X120.997 Y162.607 E.00185
G1 X121.169 Y163.199 E.01949
G1 X121.287 Y163.495 E.01005
G1 X121.584 Y164.072 E.02048
G1 X122.107 Y164.709 E.02601
G1 X122.723 Y165.212 E.0251
G1 X123.468 Y165.603 E.02658
G1 X124.208 Y165.816 E.02431
G1 X124.986 Y165.885 E.02466
G1 X164.89 Y165.885 E1.25986
G1 X165.531 Y165.812 E.02035
G1 X165.827 Y165.755 E.00952
G1 X166.409 Y165.6 E.01903
G1 X167.126 Y165.228 E.02547
G1 X167.747 Y164.724 E.02527
G1 X168.291 Y164.059 E.02713
G1 X168.655 Y163.353 E.02507
G1 X168.867 Y162.584 E.02519
G1 X168.932 Y161.831 E.02384
G1 X168.932 Y131.923 E.94427
G1 X168.907 Y131.606 E.01004
;WIDTH:0.402538
G1 X168.839 Y131.137 E.0139
G1 X168.694 Y130.55 E.01771
;WIDTH:0.432623
G1 X168.582 Y130.269 E.0096
G1 X168.27 Y129.674 E.02134
G1 X167.759 Y129.048 E.02566
G1 X167.126 Y128.533 E.02592
G1 X166.393 Y128.158 E.02613
G1 X165.656 Y127.944 E.02437
G1 X164.972 Y127.882 E.02181
G1 X124.986 Y127.879 E1.26979
G1 X124.666 Y127.903 E.0102
;WIDTH:0.413769
G1 X124.196 Y127.971 E.01434
G1 X123.467 Y128.16 E.02275
G1 X122.723 Y128.55 E.0254
;WIDTH:0.426065
G1 X122.107 Y129.054 E.02486
G1 X121.584 Y129.694 E.02577
G1 X121.212 Y130.416 E.02536
G1 X120.996 Y131.155 E.02406
G1 X120.936 Y131.825 E.02098
;WIDTH:0.43037
G1 X120.935 Y161.913 E.94995
G1 X120.99 Y162.528 E.01951
; stop printing object USV 1 e2mm.stl_3 id:0 copy 0
; printing object "USV 1 e2mm.stl_1" id:1 copy 0
G1 E-.8 F3600
G1 X98.309 Y93.714 F18000
G1 E.8 F3600
M204 S1000
;TYPE:Outer wall
;WIDTH:0.42
G1 F3000
G1 X97.454 Y93.273 E.02957
G1 X96.695 Y92.64 E.03038
G1 X96.072 Y91.881 E.03019
G1 X95.629 Y91.021 E.02971
G1 X95.373 Y90.132 E.02843
G1 X95.293 Y89.244 E.02739
G1 X95.293 Y59.265 E.92117
G1 X95.329 Y58.876 E.01201
G1 X95.517 Y57.889 E.03085
G1 X95.629 Y57.499 E.01247
G1 X96.072 Y56.64 E.02971
G1 X96.695 Y55.869 E.03045
G1 X97.453 Y55.247 E.03014
G1 X98.313 Y54.805 E.02972
G1 X99.213 Y54.545 E.02877
G1 X100.088 Y54.468 E.027
G1 X140.065 Y54.468 E1.22838
G1 X140.46 Y54.502 E.01216
G1 X141.45 Y54.691 E.03099
G1 X141.84 Y54.804 E.01247
G1 X142.701 Y55.247 E.02975
G1 X143.471 Y55.87 E.03042
G1 X144.093 Y56.64 E.03042
G1 X144.536 Y57.5 E.02972
G1 X144.795 Y58.389 E.02845
G1 X144.875 Y59.265 E.02704
G1 X144.875 Y89.244 E.92117
G1 X144.795 Y90.131 E.02738
G1 X144.536 Y91.02 E.02845
G1 X144.094 Y91.881 E.02972
G1 X143.471 Y92.639 E.03016
G1 X142.7 Y93.273 E.03066
G1 X141.84 Y93.715 E.02971
G1 X140.952 Y93.971 E.0284
G1 X140.065 Y94.051 E.02738
G1 X100.089 Y94.051 E1.22835
G1 X99.7 Y94.016 E.012
G1 X98.707 Y93.827 E.03103
G1 X98.328 Y93.72 E.01211
M204 S2000
G1 X98.457 Y93.349 F18000
M204 S1500
;TYPE:Inner wall
;WIDTH:0.45
G1 F4800
G1 X97.672 Y92.945 E.02931
G1 X96.974 Y92.363 E.03013
G1 X96.401 Y91.664 E.02998
G1 X95.995 Y90.875 E.02942
G1 X95.761 Y90.059 E.02818
G1 X95.685 Y89.226 E.02774
G1 X95.685 Y59.283 E.99327
G1 X95.717 Y58.93 E.01174
G1 X95.899 Y57.98 E.03208
G1 X95.995 Y57.645 E.01159
G1 X96.402 Y56.855 E.02947
G1 X96.975 Y56.147 E.03021
G1 X97.669 Y55.577 E.02982
G1 X98.458 Y55.171 E.02943
G1 X99.285 Y54.932 E.02853
G1 X100.105 Y54.861 E.02732
G1 X140.048 Y54.861 E1.32498
G1 X140.406 Y54.891 E.01191
G1 X141.359 Y55.072 E.03216
G1 X141.694 Y55.17 E.01159
G1 X142.486 Y55.578 E.02954
G1 X143.192 Y56.149 E.03013
G1 X143.763 Y56.855 E.03013
G1 X144.17 Y57.645 E.0295
G1 X144.408 Y58.462 E.02821
G1 X144.483 Y59.283 E.02735
G1 X144.483 Y89.226 E.99327
G1 X144.408 Y90.058 E.02771
G1 X144.17 Y90.875 E.0282
G1 X143.764 Y91.664 E.02945
G1 X143.192 Y92.361 E.0299
G1 X142.483 Y92.944 E.03043
G1 X141.695 Y93.349 E.02941
G1 X140.88 Y93.584 E.02815
G1 X140.047 Y93.659 E.02774
G1 X100.107 Y93.659 E1.32489
G1 X99.754 Y93.627 E.01174
G1 X98.798 Y93.446 E.03229
G1 X98.477 Y93.354 E.01108
M204 S2000
G1 E-.8 F3600
G1 X97.389 Y57.502 F18000
G1 E.8 F3600
M204 S1000
;TYPE:Outer wall
;WIDTH:0.42
G1 F3000
G1 X97.148 Y57.968 E.01611
G1 X97.06 Y58.191 E.00737
G1 X96.927 Y58.672 E.01535
G1 X96.872 Y59.245 E.0177
G1 X96.872 Y89.263 E.92237
G1 X96.927 Y89.836 E.01768
G1 X97.091 Y90.442 E.01929
G1 X97.39 Y91.019 E.01996
G1 X97.809 Y91.527 E.02023
G1 X98.327 Y91.943 E.02043
G1 X98.9 Y92.24 E.01983
G1 X99.381 Y92.384 E.01543
G1 X99.606 Y92.428 E.00702
G1 X100.069 Y92.472 E.01431
G1 X140.084 Y92.472 E1.22955
G1 X140.662 Y92.418 E.01783
G1 X141.269 Y92.24 E.01943
G1 X141.84 Y91.943 E.01978
G1 X142.345 Y91.526 E.02012
G1 X142.767 Y91.019 E.02027
G1 X143.009 Y90.553 E.01615
G1 X143.098 Y90.329 E.00741
G1 X143.241 Y89.838 E.01572
G1 X143.293 Y89.263 E.01773
G1 X143.293 Y59.246 E.92233
G1 X143.241 Y58.671 E.01775
G1 X143.065 Y58.076 E.01908
G1 X142.768 Y57.502 E.01986
G1 X142.345 Y56.983 E.02056
G1 X141.839 Y56.573 E.02002
G1 X141.269 Y56.276 E.01976
G1 X140.661 Y56.099 E.01944
G1 X140.083 Y56.047 E.01782
G1 X100.07 Y56.047 E1.22951
G1 X99.495 Y56.099 E.01772
G1 X98.9 Y56.276 E.01908
G1 X98.328 Y56.572 E.01981
G1 X97.808 Y56.982 E.02033
G1 X97.402 Y57.487 E.0199
M204 S2000
G1 X97.059 Y57.287 F18000
M204 S1500
;TYPE:Inner wall
;WIDTH:0.45
G1 F4800
G1 X96.791 Y57.805 E.01936
G1 X96.688 Y58.066 E.00931
G1 X96.54 Y58.601 E.0184
G1 X96.48 Y59.227 E.02086
G1 X96.48 Y89.282 E.99699
G1 X96.54 Y89.907 E.02081
G1 X96.724 Y90.585 E.02332
G1 X97.061 Y91.236 E.02431
G1 X97.532 Y91.807 E.02455
G1 X98.112 Y92.273 E.02469
G1 X98.753 Y92.605 E.02394
G1 X99.287 Y92.765 E.0185
G1 X99.549 Y92.817 E.00885
G1 X100.05 Y92.865 E.01672
G1 X140.103 Y92.865 E1.32861
G1 X140.736 Y92.804 E.02111
G1 X141.416 Y92.606 E.0235
G1 X142.057 Y92.271 E.024
G1 X142.623 Y91.805 E.0243
G1 X143.096 Y91.238 E.02451
G1 X143.365 Y90.716 E.01947
G1 X143.47 Y90.457 E.00927
G1 X143.629 Y89.911 E.01888
G1 X143.685 Y89.28 E.02099
G1 X143.685 Y59.228 E.99688
G1 X143.628 Y58.597 E.02104
G1 X143.43 Y57.928 E.02313
G1 X143.097 Y57.285 E.02402
G1 X142.623 Y56.704 E.02488
G1 X142.055 Y56.244 E.02426
G1 X141.416 Y55.91 E.02393
G1 X140.734 Y55.712 E.02354
G1 X140.101 Y55.655 E.02108
G1 X100.052 Y55.655 E1.3285
G1 X99.421 Y55.712 E.02101
G1 X98.753 Y55.911 E.02312
G1 X98.114 Y56.241 E.02386
G1 X97.531 Y56.702 E.02465
G1 X97.072 Y57.271 E.02426
M204 S2000
G1 X96.768 Y57.026 F18000
;TYPE:Gap infill
;WIDTH:0.420728
G1 F6000
G1 X96.732 Y57.07 E.00176
G1 X96.368 Y57.792 E.02491
G1 X96.28 Y58.072 E.009
;WIDTH:0.404382
G1 X96.17 Y58.547 E.01439
G1 X96.088 Y59.199 E.01935
;WIDTH:0.430406
G1 X96.086 Y89.292 E.95018
G1 X96.151 Y89.986 E.02201
G1 X96.353 Y90.708 E.02369
G1 X96.73 Y91.448 E.02621
G1 X97.254 Y92.085 E.02605
G1 X97.894 Y92.61 E.02611
G1 X98.62 Y92.981 E.02577
G1 X99.187 Y93.132 E.01852
G1 X99.485 Y93.19 E.00958
G1 X100.125 Y93.262 E.02033
G1 X140.13 Y93.257 E1.26318
G1 X140.807 Y93.194 E.02145
G1 X141.548 Y92.979 E.02438
G1 X142.264 Y92.61 E.02544
G1 X142.91 Y92.079 E.0264
G1 X143.432 Y91.446 E.02591
G1 X143.795 Y90.725 E.02548
G1 X144.018 Y89.985 E.02442
G1 X144.084 Y89.208 E.0246
G1 X144.079 Y59.202 E.94745
G1 X144.019 Y58.536 E.02113
G1 X143.802 Y57.792 E.02445
G1 X143.431 Y57.072 E.02559
G1 X142.911 Y56.43 E.02608
G1 X142.269 Y55.91 E.02607
G1 X141.547 Y55.538 E.02564
G1 X141.266 Y55.456 E.00924
;WIDTH:0.429788
G1 X140.787 Y55.343 E.01553
G1 X140.031 Y55.258 E.02397
G1 X100.123 Y55.258 E1.25811
G1 X99.329 Y55.329 E.02512
G1 X98.606 Y55.541 E.02376
G1 X97.914 Y55.897 E.02452
;WIDTH:0.420728
G1 X97.254 Y56.424 E.026
G1 X96.78 Y57.01 E.0232
; stop printing object USV 1 e2mm.stl_1 id:1 copy 0
; end of layer_num: 14, T: 0, print_z: 2.840000
;LAYER_CHANGE
;Z:3.04
;HEIGHT:0.2
; BEFORE_LAYER_CHANGE 14 @ 3.04mm
G92 E0
; AFTER_LAYER_CHANGE 14 @ 3.04mm
; start of layer_num: 15, T: 0, print_z: 3.040000
; printing object "USV 1 e2mm.stl_3" id:0 copy 0
G1 E-.8 F3600
G1 X123.172 Y127.428 Z3.04 F18000
G1 E.8 F3600
M204 S1000
;TYPE:Outer wall
;WIDTH:0.42
G1 F3000
G1 X123.175 Y127.427 E.00009
G1 X123.528 Y127.324 E.01128
G1 X124.593 Y127.12 E.03333
G1 X124.95 Y127.088 E.01103
G1 X164.926 Y127.088 E1.22835
G1 X165.449 Y127.136 E.01614
G1 X165.802 Y127.168 E.01088
G1 X166.702 Y127.427 E.02878
G1 X167.562 Y127.869 E.02971
G1 X168.32 Y128.491 E.03014
G1 X168.943 Y129.262 E.03045
G1 X169.386 Y130.123 E.02974
G1 X169.487 Y130.474 E.01124
G1 X169.689 Y131.533 E.03313
G1 X169.722 Y131.887 E.01093
G1 X169.722 Y161.867 E.9212
G1 X169.641 Y162.754 E.02736
G1 X169.386 Y163.643 E.02843
G1 X168.943 Y164.503 E.02974
G1 X168.32 Y165.274 E.03044
G1 X167.562 Y165.892 E.03007
G1 X166.702 Y166.338 E.02977
G1 X166.345 Y166.439 E.0114
G1 X165.279 Y166.641 E.03334
G1 X164.926 Y166.674 E.01089
G1 X124.95 Y166.674 E1.22835
G1 X124.063 Y166.593 E.02739
G1 X123.175 Y166.339 E.02838
G1 X122.314 Y165.892 E.0298
G1 X121.544 Y165.273 E.03036
G1 X120.922 Y164.503 E.03041
G1 X120.479 Y163.643 E.02975
G1 X120.22 Y162.753 E.02845
G1 X120.14 Y161.867 E.02735
G1 X120.14 Y131.887 E.9212
G1 X120.22 Y131.008 E.02713
G1 X120.479 Y130.123 E.02834
G1 X120.922 Y129.262 E.02975
G1 X121.544 Y128.492 E.03042
G1 X122.314 Y127.869 E.03042
G1 X123.155 Y127.437 E.02904
M204 S2000
G1 X123.321 Y127.792 F18000
M204 S1500
;TYPE:Inner wall
;WIDTH:0.45
G1 F4800
G1 X123.619 Y127.706 E.01032
G1 X124.647 Y127.509 E.03472
G1 X124.968 Y127.48 E.01068
G1 X164.908 Y127.48 E1.32489
G1 X165.413 Y127.526 E.01683
G1 X165.729 Y127.555 E.01052
G1 X166.557 Y127.793 E.02857
G1 X167.345 Y128.199 E.02942
G1 X168.04 Y128.769 E.02982
G1 X168.613 Y129.477 E.0302
G1 X169.02 Y130.268 E.02951
G1 X169.106 Y130.565 E.01026
G1 X169.301 Y131.588 E.03453
G1 X169.33 Y131.905 E.01058
G1 X169.33 Y161.849 E.99331
G1 X169.254 Y162.681 E.02771
G1 X169.019 Y163.498 E.02818
G1 X168.613 Y164.288 E.02949
G1 X168.041 Y164.996 E.03017
G1 X167.345 Y165.563 E.02977
G1 X166.557 Y165.972 E.02947
G1 X166.255 Y166.058 E.0104
G1 X165.225 Y166.253 E.03479
G1 X164.908 Y166.282 E.01054
G1 X124.968 Y166.282 E1.32489
G1 X124.135 Y166.206 E.02775
G1 X123.321 Y165.973 E.0281
G1 X122.529 Y165.562 E.02958
G1 X121.822 Y164.994 E.03008
G1 X121.252 Y164.288 E.0301
G1 X120.845 Y163.497 E.02952
G1 X120.607 Y162.68 E.02821
G1 X120.532 Y161.849 E.02768
G1 X120.532 Y131.905 E.99331
G1 X120.607 Y131.081 E.02743
G1 X120.845 Y130.269 E.02808
G1 X121.252 Y129.477 E.02954
G1 X121.823 Y128.771 E.03013
G1 X122.529 Y128.2 E.03013
G1 X123.303 Y127.802 E.02886
M204 S2000
G1 E-.8 F3600
G1 X121.773 Y162.46 F18000
G1 E.8 F3600
M204 S1000
;TYPE:Outer wall
;WIDTH:0.42
G1 F3000
G1 X121.908 Y162.923 E.01484
G1 X122.02 Y163.203 E.00925
G1 X122.248 Y163.643 E.01522
G1 X122.67 Y164.148 E.02024
G1 X123.175 Y164.566 E.02013
G1 X123.746 Y164.863 E.01979
G1 X124.353 Y165.04 E.01942
G1 X124.931 Y165.096 E.01783
G1 X164.946 Y165.096 E1.22956
G1 X165.382 Y165.053 E.01347
G1 X165.661 Y164.998 E.00874
G1 X166.115 Y164.863 E.01453
G1 X166.688 Y164.566 E.01984
G1 X167.206 Y164.149 E.02044
G1 X167.625 Y163.642 E.0202
G1 X167.924 Y163.065 E.01996
G1 X168.088 Y162.458 E.01932
G1 X168.143 Y161.887 E.01765
G1 X168.143 Y131.868 E.9224
G1 X168.088 Y131.29 E.01782
G1 X167.962 Y130.837 E.01447
G1 X167.853 Y130.56 E.00916
G1 X167.625 Y130.123 E.01512
G1 X167.206 Y129.613 E.02028
G1 X166.688 Y129.195 E.02046
G1 X166.115 Y128.898 E.01984
G1 X165.519 Y128.721 E.01908
G1 X164.945 Y128.67 E.01772
G1 X124.931 Y128.67 E1.22951
G1 X124.354 Y128.721 E.01782
G1 X123.746 Y128.898 E.01944
G1 X123.175 Y129.196 E.01979
G1 X122.67 Y129.613 E.02015
G1 X122.248 Y130.123 E.02032
G1 X121.95 Y130.693 E.01978
G1 X121.774 Y131.289 E.01909
G1 X121.722 Y131.868 E.01787
G1 X121.722 Y161.886 E.92236
G1 X121.772 Y162.44 E.01708
M204 S2000
G1 X121.386 Y162.533 F18000
M204 S1500
;TYPE:Inner wall
;WIDTH:0.45
G1 F4800
G1 X121.537 Y163.051 E.01792
G1 X121.663 Y163.366 E.01125
G1 X121.919 Y163.861 E.01848
G1 X122.392 Y164.427 E.02447
G1 X122.957 Y164.894 E.02431
G1 X123.599 Y165.229 E.02403
G1 X124.279 Y165.427 E.02347
G1 X124.912 Y165.488 E.02109
G1 X164.965 Y165.488 E1.32864
G1 X165.44 Y165.441 E.01581
G1 X165.755 Y165.379 E.01068
G1 X166.262 Y165.229 E.01753
G1 X166.903 Y164.896 E.02397
G1 X167.483 Y164.429 E.0247
G1 X167.954 Y163.86 E.02451
G1 X168.291 Y163.208 E.02433
G1 X168.475 Y162.529 E.02335
G1 X168.535 Y161.905 E.02078
G1 X168.535 Y131.849 E.99702
G1 X168.475 Y131.219 E.021
G1 X168.335 Y130.712 E.01746
G1 X168.21 Y130.396 E.01126
G1 X167.954 Y129.906 E.01834
G1 X167.484 Y129.333 E.02458
G1 X166.903 Y128.865 E.02474
G1 X166.262 Y128.533 E.02397
G1 X165.594 Y128.334 E.02312
G1 X164.963 Y128.278 E.02101
G1 X124.914 Y128.278 E1.3285
G1 X124.281 Y128.334 E.02108
G1 X123.599 Y128.532 E.02354
G1 X122.957 Y128.867 E.02403
G1 X122.391 Y129.335 E.02435
G1 X121.919 Y129.905 E.02455
G1 X121.585 Y130.546 E.02398
G1 X121.386 Y131.215 E.02316
G1 X121.33 Y131.851 E.02117
G1 X121.33 Y161.904 E.99691
G1 X121.385 Y162.513 E.02029
G1 E-.8 F3600
M204 S2000
G1 X120.992 Y162.548 F18000
G1 E.8 F3600
;TYPE:Gap infill
;WIDTH:0.430359
G1 F6000
G1 X120.997 Y162.607 E.00185
G1 X121.161 Y163.171 E.01855
G1 X121.301 Y163.522 E.01193
G1 X121.584 Y164.072 E.01952
G1 X122.107 Y164.709 E.02601
G1 X122.723 Y165.212 E.0251
G1 X123.468 Y165.603 E.02658
G1 X124.208 Y165.816 E.02431
G1 X124.986 Y165.885 E.02466
G1 X164.89 Y165.885 E1.25983
G1 X165.503 Y165.815 E.01948
G1 X165.854 Y165.746 E.01129
G1 X166.409 Y165.6 E.01812
G1 X167.125 Y165.228 E.02547
G1 X167.747 Y164.724 E.02527
G1 X168.291 Y164.059 E.02713
G1 X168.655 Y163.353 E.02507
G1 X168.867 Y162.584 E.02519
G1 X168.932 Y161.831 E.02384
G1 X168.932 Y131.923 E.94424
G1 X168.911 Y131.643 E.00889
;WIDTH:0.399683
G1 X168.837 Y131.137 E.01484
G1 X168.702 Y130.578 E.01674
;WIDTH:0.432643
G1 X168.568 Y130.243 E.01146
G1 X168.27 Y129.674 E.02038
G1 X167.759 Y129.048 E.02566
G1 X167.126 Y128.533 E.02592
G1 X166.393 Y128.158 E.02613
G1 X165.656 Y127.944 E.02438
G1 X164.972 Y127.882 E.02181
G1 X124.986 Y127.879 E1.26985
G1 X124.702 Y127.9 E.00903
;WIDTH:0.412295
G1 X124.197 Y127.973 E.01538
G1 X123.467 Y128.16 E.02266
G1 X122.723 Y128.55 E.0253
;WIDTH:0.426065
G1 X122.107 Y129.054 E.02486
G1 X121.584 Y129.694 E.02577
G1 X121.212 Y130.416 E.02536
G1 X120.996 Y131.155 E.02406
G1 X120.936 Y131.825 E.02098
;WIDTH:0.430359
G1 X120.935 Y161.913 E.94992
G1 X120.99 Y162.528 E.01951
; stop printing object USV 1 e2mm.stl_3 id:0 copy 0
; printing object "USV 1 e2mm.stl_1" id:1 copy 0
G1 E-.8 F3600
G1 X98.31 Y93.714 F18000
G1 E.8 F3600
M204 S1000
;TYPE:Outer wall
;WIDTH:0.42
G1 F3000
G1 X97.454 Y93.273 E.02957
G1 X96.695 Y92.64 E.03038
G1 X96.072 Y91.881 E.03019
G1 X95.629 Y91.021 E.02971
G1 X95.373 Y90.132 E.02843
G1 X95.293 Y89.244 E.02739
G1 X95.293 Y59.265 E.92117
G1 X95.325 Y58.912 E.0109
G1 X95.528 Y57.852 E.03315
G1 X95.629 Y57.499 E.01128
G1 X96.072 Y56.64 E.02971
G1 X96.695 Y55.869 E.03045
G1 X97.453 Y55.247 E.03014
G1 X98.313 Y54.805 E.02972
G1 X99.213 Y54.545 E.02877
G1 X100.088 Y54.468 E.027
G1 X140.065 Y54.468 E1.22838
G1 X140.423 Y54.499 E.01103
G1 X141.487 Y54.701 E.0333
G1 X141.84 Y54.804 E.01128
G1 X142.701 Y55.247 E.02975
G1 X143.471 Y55.87 E.03042
G1 X144.093 Y56.64 E.03042
G1 X144.536 Y57.5 E.02972
G1 X144.795 Y58.389 E.02845
G1 X144.875 Y59.265 E.02704
G1 X144.875 Y89.244 E.92117
G1 X144.795 Y90.131 E.02738
G1 X144.536 Y91.02 E.02845
G1 X144.094 Y91.881 E.02972
G1 X143.471 Y92.639 E.03016
G1 X142.7 Y93.273 E.03066
G1 X141.84 Y93.715 E.02971
G1 X140.952 Y93.971 E.0284
G1 X140.065 Y94.051 E.02738
G1 X100.089 Y94.051 E1.22835
G1 X99.736 Y94.019 E.01089
G1 X98.67 Y93.817 E.03334
G1 X98.329 Y93.72 E.0109
M204 S2000
G1 X98.457 Y93.349 F18000
M204 S1500
;TYPE:Inner wall
;WIDTH:0.45
G1 F4800
G1 X97.672 Y92.945 E.02931
G1 X96.974 Y92.363 E.03013
G1 X96.401 Y91.664 E.02998
G1 X95.995 Y90.875 E.02942
G1 X95.761 Y90.059 E.02818
G1 X95.685 Y89.226 E.02774
G1 X95.685 Y59.283 E.99327
G1 X95.714 Y58.967 E.01054
G1 X95.909 Y57.943 E.03456
G1 X95.995 Y57.645 E.01031
G1 X96.402 Y56.855 E.02947
G1 X96.975 Y56.147 E.03021
G1 X97.669 Y55.577 E.02982
G1 X98.458 Y55.171 E.02943
G1 X99.285 Y54.932 E.02853
G1 X100.105 Y54.861 E.02732
G1 X140.048 Y54.861 E1.32498
G1 X140.369 Y54.888 E.01069
G1 X141.396 Y55.083 E.03466
G1 X141.694 Y55.17 E.01031
G1 X142.486 Y55.578 E.02954
G1 X143.192 Y56.149 E.03013
G1 X143.763 Y56.855 E.03013
G1 X144.17 Y57.645 E.0295
G1 X144.408 Y58.462 E.02821
G1 X144.483 Y59.283 E.02735
G1 X144.483 Y89.226 E.99327
G1 X144.408 Y90.058 E.02771
G1 X144.17 Y90.875 E.0282
G1 X143.764 Y91.664 E.02945
G1 X143.192 Y92.361 E.0299
G1 X142.483 Y92.944 E.03043
G1 X141.695 Y93.349 E.02941
G1 X140.88 Y93.584 E.02815
G1 X140.047 Y93.659 E.02774
G1 X100.107 Y93.659 E1.32489
G1 X99.79 Y93.63 E.01053
G1 X98.76 Y93.435 E.03478
G1 X98.477 Y93.354 E.00978
M204 S2000
G1 E-.8 F3600
G1 X97.389 Y57.502 F18000
G1 E.8 F3600
M204 S1000
;TYPE:Outer wall
;WIDTH:0.42
G1 F3000
G1 X97.162 Y57.941 E.01518
G1 X97.052 Y58.219 E.00918
G1 X96.927 Y58.672 E.01446
G1 X96.872 Y59.245 E.0177
G1 X96.872 Y89.263 E.92237
G1 X96.927 Y89.836 E.01768
G1 X97.091 Y90.442 E.01929
G1 X97.39 Y91.019 E.01996
G1 X97.809 Y91.527 E.02023
G1 X98.327 Y91.943 E.02043
G1 X98.9 Y92.24 E.01983
G1 X99.354 Y92.375 E.01454
G1 X99.633 Y92.431 E.00875
G1 X100.069 Y92.472 E.01347
G1 X140.084 Y92.472 E1.22955
G1 X140.662 Y92.418 E.01783
G1 X141.269 Y92.24 E.01943
G1 X141.84 Y91.943 E.01978
G1 X142.345 Y91.526 E.02012
G1 X142.767 Y91.019 E.02027
G1 X142.995 Y90.58 E.01522
G1 X143.107 Y90.301 E.00924
G1 X143.241 Y89.838 E.01481
G1 X143.293 Y89.263 E.01773
G1 X143.293 Y59.246 E.92233
G1 X143.241 Y58.671 E.01775
G1 X143.065 Y58.076 E.01908
G1 X142.768 Y57.502 E.01986
G1 X142.345 Y56.983 E.02056
G1 X141.839 Y56.573 E.02002
G1 X141.269 Y56.276 E.01976
G1 X140.661 Y56.099 E.01944
G1 X140.083 Y56.047 E.01782
G1 X100.07 Y56.047 E1.22951
G1 X99.495 Y56.099 E.01772
G1 X98.9 Y56.276 E.01908
G1 X98.328 Y56.572 E.01981
G1 X97.808 Y56.982 E.02033
G1 X97.402 Y57.487 E.0199
M204 S2000
G1 X97.059 Y57.287 F18000
M204 S1500
;TYPE:Inner wall
;WIDTH:0.45
G1 F4800
G1 X96.805 Y57.778 E.01836
G1 X96.68 Y58.094 E.01126
G1 X96.54 Y58.601 E.01744
G1 X96.48 Y59.227 E.02086
G1 X96.48 Y89.282 E.99699
G1 X96.54 Y89.907 E.02081
G1 X96.724 Y90.585 E.02332
G1 X97.061 Y91.236 E.02431
G1 X97.532 Y91.807 E.02455
G1 X98.112 Y92.273 E.02469
G1 X98.753 Y92.605 E.02394
G1 X99.259 Y92.756 E.01754
G1 X99.576 Y92.819 E.01071
G1 X100.05 Y92.865 E.01581
G1 X140.103 Y92.865 E1.32861
G1 X140.736 Y92.804 E.02111
G1 X141.416 Y92.606 E.0235
G1 X142.057 Y92.271 E.024
G1 X142.623 Y91.805 E.0243
G1 X143.096 Y91.238 E.02451
G1 X143.352 Y90.743 E.01847
G1 X143.478 Y90.429 E.01124
G1 X143.629 Y89.911 E.0179
G1 X143.685 Y89.28 E.02099
G1 X143.685 Y59.228 E.99688
G1 X143.628 Y58.597 E.02104
G1 X143.43 Y57.928 E.02313
G1 X143.097 Y57.285 E.02402
G1 X142.623 Y56.704 E.02488
G1 X142.055 Y56.244 E.02426
G1 X141.416 Y55.91 E.02393
G1 X140.734 Y55.712 E.02355
G1 X140.101 Y55.655 E.02108
G1 X100.052 Y55.655 E1.3285
G1 X99.421 Y55.712 E.02101
G1 X98.753 Y55.911 E.02312
G1 X98.114 Y56.241 E.02387
G1 X97.531 Y56.702 E.02465
G1 X97.072 Y57.271 E.02426
M204 S2000
G1 X96.768 Y57.026 F18000
;TYPE:Gap infill
;WIDTH:0.429877
G1 F6000
G1 X96.732 Y57.07 E.0018
G1 X96.445 Y57.625 E.0197
G1 X96.291 Y58.034 E.0138
;WIDTH:0.401888
G1 X96.172 Y58.548 E.01541
G1 X96.088 Y59.199 E.01921
;WIDTH:0.430396
G1 X96.086 Y89.292 E.95016
G1 X96.151 Y89.986 E.02201
G1 X96.353 Y90.708 E.02369
G1 X96.73 Y91.448 E.02621
G1 X97.254 Y92.085 E.02605
G1 X97.894 Y92.61 E.02611
G1 X98.62 Y92.981 E.02577
G1 X99.16 Y93.124 E.01761
G1 X99.512 Y93.192 E.01135
G1 X100.125 Y93.262 E.01946
G1 X140.13 Y93.257 E1.26314
G1 X140.807 Y93.194 E.02145
G1 X141.548 Y92.979 E.02438
G1 X142.264 Y92.61 E.02544
G1 X142.91 Y92.079 E.0264
G1 X143.432 Y91.446 E.02591
G1 X143.794 Y90.725 E.02548
G1 X144.018 Y89.985 E.02441
G1 X144.084 Y89.208 E.0246
G1 X144.079 Y59.202 E.94742
G1 X144.019 Y58.536 E.02113
G1 X143.802 Y57.792 E.02445
G1 X143.431 Y57.072 E.02559
G1 X142.911 Y56.43 E.02608
G1 X142.269 Y55.91 E.02607
G1 X141.547 Y55.538 E.02564
G1 X141.303 Y55.467 E.00802
;WIDTH:0.403829
G1 X140.787 Y55.345 E.01562
G1 X140.11 Y55.261 E.02005
;WIDTH:0.429877
G1 X100.043 Y55.261 E1.2634
G1 X99.357 Y55.322 E.0217
G1 X98.622 Y55.536 E.02416
G1 X97.889 Y55.911 E.02595
G1 X97.254 Y56.424 E.02575
G1 X96.78 Y57.01 E.02376
; stop printing object USV 1 e2mm.stl_1 id:1 copy 0
; end of layer_num: 15, T: 0, print_z: 3.040000
;LAYER_CHANGE
;Z:3.24
;HEIGHT:0.2
; BEFORE_LAYER_CHANGE 15 @ 3.24mm
G92 E0
; AFTER_LAYER_CHANGE 15 @ 3.24mm
; start of layer_num: 16, T: 0, print_z: 3.240000
; printing object "USV 1 e2mm.stl_3" id:0 copy 0
G1 E-.8 F3600
G1 X123.172 Y127.428 Z3.24 F18000
G1 E.8 F3600
M204 S1000
;TYPE:Outer wall
;WIDTH:0.42
G1 F3000
G1 X123.175 Y127.427 E.00009
G1 X123.49 Y127.335 E.0101
G1 X124.629 Y127.117 E.03563
G1 X124.95 Y127.088 E.0099
G1 X164.926 Y127.088 E1.22835
G1 X165.485 Y127.139 E.01726
G1 X165.802 Y127.168 E.00976
G1 X166.702 Y127.427 E.02878
G1 X167.562 Y127.869 E.02971
G1 X168.32 Y128.491 E.03014
G1 X168.943 Y129.262 E.03045
G1 X169.386 Y130.123 E.02974
G1 X169.477 Y130.437 E.01005
G1 X169.693 Y131.569 E.03542
G1 X169.722 Y131.887 E.00981
G1 X169.722 Y161.867 E.9212
G1 X169.641 Y162.754 E.02736
G1 X169.386 Y163.643 E.02843
G1 X168.943 Y164.503 E.02974
G1 X168.32 Y165.274 E.03044
G1 X167.562 Y165.892 E.03007
G1 X166.702 Y166.338 E.02977
G1 X166.383 Y166.429 E.0102
G1 X165.243 Y166.645 E.03565
G1 X164.926 Y166.674 E.00977
G1 X124.95 Y166.674 E1.22835
G1 X124.063 Y166.593 E.02739
G1 X123.175 Y166.339 E.02838
G1 X122.314 Y165.892 E.0298
G1 X121.544 Y165.273 E.03036
G1 X120.922 Y164.503 E.03041
G1 X120.479 Y163.643 E.02975
G1 X120.22 Y162.753 E.02845
G1 X120.14 Y161.867 E.02735
G1 X120.14 Y131.887 E.9212
G1 X120.22 Y131.008 E.02713
G1 X120.479 Y130.123 E.02834
G1 X120.922 Y129.262 E.02975
G1 X121.544 Y128.492 E.03042
G1 X122.314 Y127.869 E.03042
G1 X123.155 Y127.437 E.02904
M204 S2000
G1 X123.321 Y127.792 F18000
M204 S1500
;TYPE:Inner wall
;WIDTH:0.45
G1 F4800
G1 X123.582 Y127.716 E.00904
G1 X124.684 Y127.505 E.03721
G1 X124.968 Y127.48 E.00946
G1 X164.908 Y127.48 E1.32489
G1 X165.45 Y127.529 E.01803
G1 X165.729 Y127.555 E.00931
G1 X166.557 Y127.793 E.02857
G1 X167.345 Y128.199 E.02942
G1 X168.04 Y128.769 E.02982
G1 X168.613 Y129.477 E.0302
G1 X169.02 Y130.268 E.02951
G1 X169.095 Y130.528 E.00898
G1 X169.304 Y131.624 E.037
G1 X169.33 Y131.905 E.00936
G1 X169.33 Y161.849 E.99331
G1 X169.254 Y162.681 E.02771
G1 X169.019 Y163.498 E.02818
G1 X168.613 Y164.288 E.02949
G1 X168.041 Y164.996 E.03017
G1 X167.345 Y165.563 E.02977
G1 X166.557 Y165.972 E.02947
G1 X166.293 Y166.047 E.00911
G1 X165.188 Y166.256 E.03728
G1 X164.908 Y166.282 E.00933
G1 X124.968 Y166.282 E1.32489
G1 X124.135 Y166.206 E.02775
G1 X123.321 Y165.973 E.0281
G1 X122.529 Y165.562 E.02958
G1 X121.822 Y164.994 E.03008
G1 X121.252 Y164.288 E.0301
G1 X120.845 Y163.497 E.02952
G1 X120.607 Y162.68 E.02821
G1 X120.532 Y161.849 E.02768
G1 X120.532 Y131.905 E.99331
G1 X120.607 Y131.081 E.02743
G1 X120.845 Y130.269 E.02808
G1 X121.252 Y129.477 E.02954
G1 X121.823 Y128.771 E.03013
G1 X122.529 Y128.2 E.03013
G1 X123.303 Y127.802 E.02886
M204 S2000
G1 E-.8 F3600
G1 X121.773 Y162.46 F18000
G1 E.8 F3600
M204 S1000
;TYPE:Outer wall
;WIDTH:0.42
G1 F3000
G1 X121.9 Y162.895 E.01393
G1 X122.034 Y163.23 E.01108
G1 X122.248 Y163.643 E.01429
G1 X122.67 Y164.148 E.02024
G1 X123.175 Y164.566 E.02013
G1 X123.746 Y164.863 E.01979
G1 X124.353 Y165.04 E.01942
G1 X124.931 Y165.096 E.01783
G1 X164.946 Y165.096 E1.22956
G1 X165.355 Y165.056 E.01263
G1 X165.689 Y164.99 E.01046
G1 X166.115 Y164.863 E.01364
G1 X166.688 Y164.566 E.01984
G1 X167.206 Y164.149 E.02044
G1 X167.625 Y163.642 E.0202
G1 X167.924 Y163.065 E.01996
G1 X168.088 Y162.458 E.01932
G1 X168.143 Y161.887 E.01765
G1 X168.143 Y131.868 E.9224
G1 X168.088 Y131.29 E.01782
G1 X167.97 Y130.865 E.01358
G1 X167.839 Y130.533 E.01096
G1 X167.625 Y130.123 E.0142
G1 X167.206 Y129.613 E.02028
G1 X166.688 Y129.195 E.02046
G1 X166.115 Y128.898 E.01984
G1 X165.519 Y128.721 E.01908
G1 X164.945 Y128.67 E.01772
G1 X124.931 Y128.67 E1.22951
G1 X124.354 Y128.721 E.01782
G1 X123.746 Y128.898 E.01944
G1 X123.175 Y129.196 E.01979
G1 X122.67 Y129.613 E.02015
G1 X122.248 Y130.123 E.02032
G1 X121.95 Y130.693 E.01978
G1 X121.774 Y131.289 E.01909
G1 X121.722 Y131.868 E.01787
G1 X121.722 Y161.886 E.92236
G1 X121.772 Y162.44 E.01708
M204 S2000
G1 X121.386 Y162.533 F18000
M204 S1500
;TYPE:Inner wall
;WIDTH:0.45
G1 F4800
G1 X121.529 Y163.023 E.01693
G1 X121.677 Y163.393 E.01323
G1 X121.919 Y163.861 E.01748
G1 X122.392 Y164.427 E.02447
G1 X122.957 Y164.894 E.02431
G1 X123.599 Y165.229 E.02403
G1 X124.279 Y165.427 E.02347
G1 X124.912 Y165.488 E.02109
G1 X164.965 Y165.488 E1.32864
G1 X165.412 Y165.444 E.01491
G1 X165.783 Y165.371 E.01254
G1 X166.262 Y165.229 E.01657
G1 X166.903 Y164.896 E.02397
G1 X167.483 Y164.429 E.0247
G1 X167.954 Y163.86 E.02451
G1 X168.291 Y163.208 E.02433
G1 X168.475 Y162.529 E.02335
G1 X168.535 Y161.905 E.02078
G1 X168.535 Y131.849 E.99702
G1 X168.475 Y131.219 E.021
G1 X168.342 Y130.74 E.0165
G1 X168.196 Y130.37 E.01321
G1 X167.954 Y129.906 E.01734
G1 X167.484 Y129.333 E.02458
G1 X166.903 Y128.865 E.02474
G1 X166.262 Y128.533 E.02397
G1 X165.594 Y128.334 E.02312
G1 X164.963 Y128.278 E.02101
G1 X124.914 Y128.278 E1.3285
G1 X124.281 Y128.334 E.02108
G1 X123.599 Y128.532 E.02354
G1 X122.957 Y128.867 E.02403
G1 X122.391 Y129.335 E.02435
G1 X121.919 Y129.905 E.02455
G1 X121.585 Y130.546 E.02398
G1 X121.386 Y131.215 E.02316
G1 X121.33 Y131.851 E.02117
G1 X121.33 Y161.904 E.99691
G1 X121.385 Y162.513 E.02029
G1 E-.8 F3600
M204 S2000
G1 X120.992 Y162.548 F18000
G1 E.8 F3600
;TYPE:Gap infill
;WIDTH:0.431001
G1 F6000
G1 X120.997 Y162.607 E.00185
G1 X121.153 Y163.143 E.01765
G1 X121.315 Y163.549 E.01383
G1 X121.584 Y164.072 E.0186
G1 X122.107 Y164.709 E.02605
G1 X122.723 Y165.212 E.02514
G1 X123.468 Y165.603 E.02662
G1 X124.208 Y165.816 E.02435
G1 X124.986 Y165.885 E.0247
G1 X164.89 Y165.885 E1.26191
G1 X165.134 Y165.866 E.00773
;WIDTH:0.428974
G1 X165.866 Y165.741 E.02337
G1 X166.409 Y165.6 E.01766
G1 X167.125 Y165.228 E.02538
G1 X167.759 Y164.715 E.02565
G1 X168.291 Y164.059 E.02658
G1 X168.655 Y163.353 E.02498
G1 X168.867 Y162.584 E.0251
G1 X168.932 Y161.831 E.02375
G1 X168.932 Y131.923 E.94087
G1 X168.914 Y131.679 E.00771
;WIDTH:0.396611
G1 X168.836 Y131.138 E.01576
G1 X168.71 Y130.605 E.01576
;WIDTH:0.432667
G1 X168.554 Y130.216 E.01332
G1 X168.283 Y129.692 E.01874
G1 X167.759 Y129.048 E.02636
G1 X167.126 Y128.533 E.02592
G1 X166.393 Y128.158 E.02613
G1 X165.656 Y127.944 E.02438
G1 X164.972 Y127.882 E.02181
G1 X124.986 Y127.879 E1.26993
G1 X124.739 Y127.897 E.00786
;WIDTH:0.412535
G1 X124.484 Y127.933 E.00777
;WIDTH:0.385338
G1 X124.197 Y127.974 E.00809
;WIDTH:0.386342
G1 X123.936 Y128.037 E.00752
;WIDTH:0.423801
G1 X123.467 Y128.16 E.01504
G1 X122.746 Y128.532 E.02519
G1 X122.107 Y129.054 E.02562
G1 X121.602 Y129.67 E.0247
G1 X121.212 Y130.416 E.02611
G1 X120.996 Y131.155 E.02392
G1 X120.936 Y131.825 E.02086
;WIDTH:0.431001
G1 X120.935 Y161.913 E.95149
G1 X120.99 Y162.528 E.01954
; stop printing object USV 1 e2mm.stl_3 id:0 copy 0
; printing object "USV 1 e2mm.stl_1" id:1 copy 0
G1 E-.8 F3600
G1 X98.31 Y93.714 F18000
G1 E.8 F3600
M204 S1000
;TYPE:Outer wall
;WIDTH:0.42
G1 F3000
G1 X97.454 Y93.273 E.02958
G1 X96.695 Y92.64 E.03038
G1 X96.072 Y91.881 E.03019
G1 X95.629 Y91.021 E.02971
G1 X95.373 Y90.132 E.02843
G1 X95.293 Y89.244 E.02739
G1 X95.293 Y59.265 E.92117
G1 X95.322 Y58.948 E.00978
G1 X95.538 Y57.815 E.03545
G1 X95.629 Y57.499 E.01009
G1 X96.072 Y56.64 E.02971
G1 X96.695 Y55.869 E.03045
G1 X97.453 Y55.247 E.03014
G1 X98.313 Y54.805 E.02972
G1 X99.213 Y54.545 E.02877
G1 X100.088 Y54.468 E.027
G1 X140.065 Y54.468 E1.22838
G1 X140.386 Y54.496 E.0099
G1 X141.525 Y54.712 E.03561
G1 X141.84 Y54.804 E.01009
G1 X142.701 Y55.247 E.02975
G1 X143.471 Y55.87 E.03042
G1 X144.093 Y56.64 E.03042
G1 X144.536 Y57.5 E.02972
G1 X144.795 Y58.389 E.02845
G1 X144.875 Y59.265 E.02704
G1 X144.875 Y89.244 E.92117
G1 X144.795 Y90.131 E.02738
G1 X144.536 Y91.02 E.02845
G1 X144.094 Y91.881 E.02972
G1 X143.471 Y92.639 E.03016
G1 X142.7 Y93.273 E.03066
G1 X141.84 Y93.715 E.02971
G1 X140.952 Y93.971 E.0284
G1 X140.065 Y94.051 E.02738
G1 X100.089 Y94.051 E1.22835
G1 X99.772 Y94.022 E.00977
G1 X98.632 Y93.806 E.03565
G1 X98.329 Y93.72 E.0097
M204 S2000
G1 X98.457 Y93.349 F18000
M204 S1500
;TYPE:Inner wall
;WIDTH:0.45
G1 F4800
G1 X97.672 Y92.945 E.02931
G1 X96.974 Y92.363 E.03013
G1 X96.401 Y91.664 E.02998
G1 X95.995 Y90.875 E.02942
G1 X95.761 Y90.059 E.02818
G1 X95.685 Y89.226 E.02774
G1 X95.685 Y59.283 E.99327
G1 X95.711 Y59.003 E.00933
G1 X95.92 Y57.906 E.03704
G1 X95.995 Y57.645 E.00903
G1 X96.402 Y56.855 E.02947
G1 X96.975 Y56.147 E.03021
G1 X97.669 Y55.577 E.02982
G1 X98.458 Y55.171 E.02943
G1 X99.285 Y54.932 E.02853
G1 X100.105 Y54.861 E.02732
G1 X140.048 Y54.861 E1.32498
G1 X140.333 Y54.885 E.00947
G1 X141.433 Y55.094 E.03715
G1 X141.694 Y55.17 E.00902
G1 X142.486 Y55.578 E.02954
G1 X143.192 Y56.149 E.03013
G1 X143.763 Y56.855 E.03013
G1 X144.17 Y57.645 E.0295
G1 X144.408 Y58.462 E.02821
G1 X144.483 Y59.283 E.02735
G1 X144.483 Y89.226 E.99327
G1 X144.408 Y90.058 E.02771
G1 X144.17 Y90.875 E.0282
G1 X143.764 Y91.664 E.02945
G1 X143.192 Y92.361 E.0299
G1 X142.483 Y92.944 E.03043
G1 X141.695 Y93.349 E.02941
G1 X140.88 Y93.584 E.02815
G1 X140.047 Y93.659 E.02774
G1 X100.107 Y93.659 E1.32489
G1 X99.827 Y93.634 E.00933
G1 X98.723 Y93.424 E.03728
G1 X98.477 Y93.354 E.00849
M204 S2000
G1 E-.8 F3600
G1 X97.389 Y57.502 F18000
G1 E.8 F3600
M204 S1000
;TYPE:Outer wall
;WIDTH:0.42
G1 F3000
G1 X97.176 Y57.914 E.01425
G1 X97.045 Y58.246 E.01098
G1 X96.927 Y58.672 E.01357
G1 X96.872 Y59.245 E.0177
G1 X96.872 Y89.263 E.92237
G1 X96.927 Y89.836 E.01768
G1 X97.091 Y90.442 E.01929
G1 X97.39 Y91.019 E.01996
G1 X97.809 Y91.527 E.02023
G1 X98.327 Y91.943 E.02043
G1 X98.9 Y92.24 E.01983
G1 X99.326 Y92.367 E.01365
G1 X99.66 Y92.433 E.01047
G1 X100.069 Y92.472 E.01263
G1 X140.084 Y92.472 E1.22955
G1 X140.662 Y92.418 E.01783
G1 X141.269 Y92.24 E.01943
G1 X141.84 Y91.943 E.01978
G1 X142.345 Y91.526 E.02012
G1 X142.767 Y91.019 E.02027
G1 X142.981 Y90.606 E.01429
G1 X143.115 Y90.272 E.01107
G1 X143.241 Y89.838 E.01391
G1 X143.293 Y89.263 E.01773
G1 X143.293 Y59.246 E.92233
G1 X143.241 Y58.671 E.01775
G1 X143.065 Y58.076 E.01908
G1 X142.768 Y57.502 E.01986
G1 X142.345 Y56.983 E.02056
G1 X141.839 Y56.573 E.02002
G1 X141.269 Y56.276 E.01976
G1 X140.661 Y56.099 E.01944
G1 X140.083 Y56.047 E.01782
G1 X100.07 Y56.047 E1.22951
G1 X99.495 Y56.099 E.01772
G1 X98.9 Y56.276 E.01908
G1 X98.328 Y56.572 E.01981
G1 X97.808 Y56.982 E.02033
G1 X97.402 Y57.487 E.0199
M204 S2000
G1 X97.059 Y57.287 F18000
M204 S1500
;TYPE:Inner wall
;WIDTH:0.45
G1 F4800
G1 X96.819 Y57.751 E.01736
G1 X96.672 Y58.122 E.01321
G1 X96.54 Y58.601 E.01649
G1 X96.48 Y59.227 E.02086
G1 X96.48 Y89.282 E.99699
G1 X96.54 Y89.907 E.02081
G1 X96.724 Y90.585 E.02332
G1 X97.061 Y91.236 E.02431
G1 X97.532 Y91.807 E.02455
G1 X98.112 Y92.273 E.02469
G1 X98.753 Y92.605 E.02394
G1 X99.231 Y92.748 E.01657
G1 X99.603 Y92.822 E.01257
G1 X100.05 Y92.865 E.01491
G1 X140.103 Y92.865 E1.32861
G1 X140.736 Y92.804 E.02111
G1 X141.416 Y92.606 E.0235
G1 X142.057 Y92.271 E.024
G1 X142.623 Y91.805 E.0243
G1 X143.096 Y91.238 E.02451
G1 X143.338 Y90.77 E.01747
G1 X143.486 Y90.4 E.01322
G1 X143.629 Y89.911 E.01692
G1 X143.685 Y89.28 E.02099
G1 X143.685 Y59.228 E.99688
G1 X143.628 Y58.597 E.02104
G1 X143.43 Y57.928 E.02313
G1 X143.097 Y57.285 E.02402
G1 X142.623 Y56.704 E.02488
G1 X142.055 Y56.244 E.02426
G1 X141.416 Y55.91 E.02393
G1 X140.734 Y55.712 E.02354
G1 X140.101 Y55.655 E.02108
G1 X100.052 Y55.655 E1.3285
G1 X99.421 Y55.712 E.02101
G1 X98.753 Y55.911 E.02312
G1 X98.114 Y56.241 E.02387
G1 X97.531 Y56.702 E.02465
G1 X97.072 Y57.271 E.02426
M204 S2000
G1 X96.768 Y57.026 F18000
;TYPE:Gap infill
;WIDTH:0.429782
G1 F6000
G1 X96.732 Y57.07 E.0018
G1 X96.459 Y57.598 E.01874
G1 X96.299 Y58.007 E.01384
;WIDTH:0.39881
G1 X96.174 Y58.548 E.0161
G1 X96.088 Y59.199 E.01905
;WIDTH:0.429581
G1 X96.086 Y89.292 E.94816
G1 X96.151 Y89.986 E.02196
G1 X96.353 Y90.708 E.02364
G1 X96.73 Y91.448 E.02615
G1 X97.254 Y92.085 E.026
G1 X97.894 Y92.61 E.02606
G1 X98.62 Y92.981 E.02571
G1 X99.132 Y93.115 E.01666
G1 X99.54 Y93.195 E.01309
G1 X100.125 Y93.262 E.01856
G1 X140.029 Y93.262 E1.2573
G1 X140.807 Y93.194 E.02459
G1 X141.546 Y92.98 E.02426
G1 X142.264 Y92.61 E.02545
G1 X142.91 Y92.079 E.02635
G1 X143.432 Y91.446 E.02585
G1 X143.7 Y90.926 E.01843
;WIDTH:0.432157
G1 X143.857 Y90.538 E.01326
G1 X144.018 Y89.985 E.01829
G1 X144.084 Y89.208 E.02471
G1 X144.08 Y59.219 E.95119
G1 X144.019 Y58.536 E.02177
G1 X143.802 Y57.792 E.02456
G1 X143.431 Y57.072 E.02571
G1 X142.911 Y56.43 E.0262
G1 X142.287 Y55.924 E.02546
G1 X141.579 Y55.553 E.02537
G1 X141.34 Y55.478 E.00793
;WIDTH:0.411561
G1 X141.079 Y55.415 E.00807
;WIDTH:0.384645
G1 X140.786 Y55.346 E.00837
;WIDTH:0.385874
G1 X140.533 Y55.311 E.00716
;WIDTH:0.429782
G1 X140.031 Y55.258 E.0159
G1 X100.043 Y55.261 E1.2606
G1 X99.357 Y55.322 E.0217
G1 X98.622 Y55.536 E.02415
G1 X97.889 Y55.911 E.02594
G1 X97.254 Y56.424 E.02574
G1 X96.78 Y57.01 E.02375
; stop printing object USV 1 e2mm.stl_1 id:1 copy 0
; end of layer_num: 16, T: 0, print_z: 3.240000
;LAYER_CHANGE
;Z:3.44
;HEIGHT:0.2
; BEFORE_LAYER_CHANGE 16 @ 3.44mm
G92 E0
; AFTER_LAYER_CHANGE 16 @ 3.44mm
; start of layer_num: 17, T: 0, print_z: 3.440000
; printing object "USV 1 e2mm.stl_3" id:0 copy 0
G1 E-.8 F3600
G1 X123.172 Y127.428 Z3.44 F18000
G1 E.8 F3600
M204 S1000
;TYPE:Outer wall
;WIDTH:0.42
G1 F3000
G1 X123.175 Y127.427 E.00009
G1 X123.453 Y127.346 E.00891
G1 X124.666 Y127.113 E.03794
G1 X124.95 Y127.088 E.00877
G1 X164.926 Y127.088 E1.22835
G1 X165.522 Y127.142 E.01837
G1 X165.802 Y127.168 E.00865
G1 X166.702 Y127.427 E.02878
G1 X167.562 Y127.869 E.02971
G1 X168.32 Y128.491 E.03014
G1 X168.943 Y129.262 E.03045
G1 X169.386 Y130.123 E.02974
G1 X169.466 Y130.4 E.00887
G1 X169.696 Y131.606 E.03772
G1 X169.722 Y131.887 E.00869
G1 X169.722 Y161.867 E.9212
G1 X169.641 Y162.754 E.02736
G1 X169.386 Y163.643 E.02843
G1 X168.943 Y164.503 E.02974
G1 X168.32 Y165.274 E.03044
G1 X167.562 Y165.892 E.03007
G1 X166.702 Y166.338 E.02977
G1 X166.42 Y166.418 E.009
G1 X165.207 Y166.648 E.03796
G1 X164.926 Y166.674 E.00865
G1 X124.95 Y166.674 E1.22835
G1 X124.063 Y166.593 E.02739
G1 X123.175 Y166.339 E.02838
G1 X122.314 Y165.892 E.0298
G1 X121.544 Y165.273 E.03036
G1 X120.922 Y164.503 E.03041
G1 X120.479 Y163.643 E.02975
G1 X120.22 Y162.753 E.02845
G1 X120.14 Y161.867 E.02735
G1 X120.14 Y131.887 E.9212
G1 X120.22 Y131.008 E.02713
G1 X120.479 Y130.123 E.02834
G1 X120.922 Y129.262 E.02975
G1 X121.544 Y128.492 E.03042
G1 X122.314 Y127.869 E.03042
G1 X123.155 Y127.437 E.02905
M204 S2000
G1 X123.321 Y127.792 F18000
M204 S1500
;TYPE:Inner wall
;WIDTH:0.45
G1 F4800
G1 X123.545 Y127.727 E.00775
G1 X124.721 Y127.502 E.03971
G1 X124.968 Y127.48 E.00823
G1 X164.908 Y127.48 E1.32489
G1 X165.486 Y127.533 E.01924
G1 X165.729 Y127.555 E.0081
G1 X166.557 Y127.793 E.02857
G1 X167.345 Y128.199 E.02942
G1 X168.04 Y128.769 E.02982
G1 X168.613 Y129.477 E.0302
G1 X169.02 Y130.268 E.02951
G1 X169.084 Y130.491 E.00771
G1 X169.307 Y131.66 E.03948
G1 X169.33 Y131.905 E.00815
G1 X169.33 Y161.849 E.99331
G1 X169.254 Y162.681 E.02771
G1 X169.019 Y163.498 E.02818
G1 X168.613 Y164.288 E.02949
G1 X168.041 Y164.996 E.03017
G1 X167.345 Y165.563 E.02977
G1 X166.557 Y165.972 E.02947
G1 X166.33 Y166.036 E.00781
G1 X165.152 Y166.259 E.03977
G1 X164.908 Y166.282 E.00812
G1 X124.968 Y166.282 E1.32489
G1 X124.135 Y166.206 E.02775
G1 X123.321 Y165.973 E.0281
G1 X122.529 Y165.562 E.02958
G1 X121.822 Y164.994 E.03008
G1 X121.252 Y164.288 E.0301
G1 X120.845 Y163.497 E.02952
G1 X120.607 Y162.68 E.02821
G1 X120.532 Y161.849 E.02768
G1 X120.532 Y131.905 E.99331
G1 X120.607 Y131.081 E.02743
G1 X120.845 Y130.269 E.02808
G1 X121.252 Y129.477 E.02954
G1 X121.823 Y128.771 E.03013
G1 X122.529 Y128.2 E.03013
G1 X123.303 Y127.802 E.02886
M204 S2000
G1 E-.8 F3600
G1 X121.773 Y162.46 F18000
G1 E.8 F3600
M204 S1000
;TYPE:Outer wall
;WIDTH:0.42
G1 F3000
G1 X121.892 Y162.866 E.01302
G1 X122.048 Y163.256 E.01291
G1 X122.248 Y163.643 E.01336
G1 X122.67 Y164.148 E.02024
G1 X123.175 Y164.566 E.02013
G1 X123.746 Y164.863 E.01979
G1 X124.353 Y165.04 E.01942
G1 X124.931 Y165.096 E.01783
G1 X164.946 Y165.096 E1.22956
G1 X165.328 Y165.058 E.01179
G1 X165.717 Y164.981 E.01218
G1 X166.115 Y164.863 E.01275
G1 X166.688 Y164.566 E.01984
G1 X167.206 Y164.149 E.02044
G1 X167.625 Y163.642 E.0202
G1 X167.924 Y163.065 E.01996
G1 X168.088 Y162.458 E.01932
G1 X168.143 Y161.887 E.01765
G1 X168.143 Y131.868 E.9224
G1 X168.088 Y131.29 E.01782
G1 X167.978 Y130.892 E.01269
G1 X167.825 Y130.506 E.01276
G1 X167.625 Y130.123 E.01327
G1 X167.206 Y129.613 E.02028
G1 X166.688 Y129.195 E.02046
G1 X166.115 Y128.898 E.01984
G1 X165.519 Y128.721 E.01908
G1 X164.945 Y128.67 E.01772
G1 X124.931 Y128.67 E1.22951
G1 X124.354 Y128.721 E.01782
G1 X123.746 Y128.898 E.01944
G1 X123.175 Y129.196 E.01979
G1 X122.67 Y129.613 E.02015
G1 X122.248 Y130.123 E.02032
G1 X121.95 Y130.693 E.01978
G1 X121.774 Y131.289 E.01909
G1 X121.722 Y131.868 E.01787
G1 X121.722 Y161.886 E.92236
G1 X121.772 Y162.44 E.01708
M204 S2000
G1 X121.39 Y162.544 F18000
M204 S1500
;TYPE:Inner wall
;WIDTH:0.45
G1 F4800
G1 X121.521 Y162.994 E.01557
G1 X121.691 Y163.42 E.0152
G1 X121.919 Y163.861 E.01648
G1 X122.392 Y164.427 E.02447
G1 X122.957 Y164.894 E.02431
G1 X123.599 Y165.229 E.02403
G1 X124.279 Y165.427 E.02347
G1 X124.912 Y165.488 E.02109
G1 X164.965 Y165.488 E1.32864
G1 X165.385 Y165.447 E.014
G1 X165.811 Y165.362 E.0144
G1 X166.262 Y165.229 E.0156
G1 X166.903 Y164.896 E.02397
G1 X167.483 Y164.429 E.0247
G1 X167.954 Y163.86 E.02451
G1 X168.291 Y163.208 E.02433
G1 X168.475 Y162.529 E.02335
G1 X168.535 Y161.905 E.02078
G1 X168.535 Y131.849 E.99702
G1 X168.475 Y131.219 E.021
G1 X168.35 Y130.767 E.01555
G1 X168.182 Y130.343 E.01515
G1 X167.954 Y129.906 E.01634
G1 X167.484 Y129.333 E.02458
G1 X166.903 Y128.865 E.02474
G1 X166.262 Y128.533 E.02397
G1 X165.594 Y128.334 E.02312
G1 X164.963 Y128.278 E.02101
G1 X124.914 Y128.278 E1.3285
G1 X124.281 Y128.334 E.02108
G1 X123.599 Y128.532 E.02354
G1 X122.957 Y128.867 E.02403
G1 X122.391 Y129.335 E.02435
G1 X121.919 Y129.905 E.02454
G1 X121.585 Y130.546 E.02398
G1 X121.386 Y131.215 E.02316
G1 X121.33 Y131.851 E.02117
G1 X121.33 Y161.904 E.99691
G1 X121.386 Y162.524 E.02067
G1 E-.8 F3600
M204 S2000
G1 X120.993 Y162.56 F18000
G1 E.8 F3600
;TYPE:Gap infill
;WIDTH:0.431023
G1 F6000
G1 X120.997 Y162.607 E.00149
G1 X121.144 Y163.114 E.01671
G1 X121.224 Y163.346 E.00774
G1 X121.329 Y163.576 E.00799
G1 X121.584 Y164.072 E.01764
G1 X122.107 Y164.709 E.02605
G1 X122.723 Y165.212 E.02515
G1 X123.468 Y165.603 E.02663
G1 X124.208 Y165.816 E.02435
G1 X124.986 Y165.885 E.0247
G1 X164.89 Y165.885 E1.26199
G1 X165.098 Y165.87 E.00658
;WIDTH:0.428898
G1 X165.894 Y165.733 E.02542
G1 X166.409 Y165.6 E.01674
G1 X167.125 Y165.228 E.02538
G1 X167.759 Y164.715 E.02564
G1 X168.291 Y164.059 E.02657
G1 X168.655 Y163.353 E.02497
G1 X168.867 Y162.584 E.0251
G1 X168.932 Y161.831 E.02375
G1 X168.932 Y131.923 E.94068
G1 X168.917 Y131.715 E.00656
;WIDTH:0.409609
G1 X168.878 Y131.441 E.00828
;WIDTH:0.388001
G1 X168.834 Y131.138 E.0086
G1 X168.716 Y130.634 E.01456
;WIDTH:0.432692
G1 X168.644 Y130.417 E.00725
G1 X168.54 Y130.189 E.00796
G1 X168.283 Y129.692 E.01779
G1 X167.759 Y129.048 E.02636
G1 X167.126 Y128.533 E.02593
G1 X166.393 Y128.158 E.02614
G1 X165.656 Y127.944 E.02438
G1 X164.972 Y127.882 E.02181
G1 X124.986 Y127.879 E1.27001
G1 X124.776 Y127.894 E.00669
;WIDTH:0.411654
G1 X124.502 Y127.932 E.0083
;WIDTH:0.382616
G1 X124.198 Y127.976 E.00852
;WIDTH:0.383601
G1 X123.918 Y128.043 E.00799
;WIDTH:0.423603
G1 X123.467 Y128.16 E.01443
G1 X122.746 Y128.532 E.02518
G1 X122.107 Y129.054 E.02561
G1 X121.602 Y129.67 E.02469
G1 X121.212 Y130.416 E.0261
G1 X120.996 Y131.155 E.02391
G1 X120.936 Y131.825 E.02085
;WIDTH:0.431023
G1 X120.935 Y161.913 E.95155
G1 X120.991 Y162.54 E.01991
; stop printing object USV 1 e2mm.stl_3 id:0 copy 0
; printing object "USV 1 e2mm.stl_1" id:1 copy 0
G1 E-.8 F3600
G1 X98.31 Y93.714 F18000
G1 E.8 F3600
M204 S1000
;TYPE:Outer wall
;WIDTH:0.42
G1 F3000
G1 X97.454 Y93.273 E.02958
G1 X96.695 Y92.64 E.03038
G1 X96.072 Y91.881 E.03019
G1 X95.629 Y91.021 E.02971
G1 X95.373 Y90.132 E.02843
G1 X95.293 Y89.244 E.02739
G1 X95.293 Y59.265 E.92117
G1 X95.319 Y58.984 E.00866
G1 X95.549 Y57.778 E.03774
G1 X95.629 Y57.499 E.00891
G1 X96.072 Y56.64 E.02971
G1 X96.695 Y55.869 E.03045
G1 X97.453 Y55.247 E.03014
G1 X98.313 Y54.805 E.02972
G1 X99.213 Y54.545 E.02877
G1 X100.088 Y54.468 E.027
G1 X140.065 Y54.468 E1.22838
G1 X140.349 Y54.493 E.00877
G1 X141.562 Y54.723 E.03792
G1 X141.84 Y54.804 E.00891
G1 X142.701 Y55.247 E.02975
G1 X143.471 Y55.87 E.03042
G1 X144.093 Y56.64 E.03042
G1 X144.536 Y57.5 E.02972
G1 X144.795 Y58.389 E.02845
G1 X144.875 Y59.265 E.02704
G1 X144.875 Y89.244 E.92117
G1 X144.795 Y90.131 E.02738
G1 X144.536 Y91.02 E.02845
G1 X144.094 Y91.881 E.02972
G1 X143.471 Y92.639 E.03016
G1 X142.7 Y93.273 E.03066
G1 X141.84 Y93.715 E.02971
G1 X140.952 Y93.971 E.0284
G1 X140.065 Y94.051 E.02738
G1 X100.089 Y94.051 E1.22835
G1 X99.808 Y94.026 E.00865
G1 X98.595 Y93.795 E.03796
G1 X98.329 Y93.72 E.00849
M204 S2000
G1 X98.457 Y93.349 F18000
M204 S1500
;TYPE:Inner wall
;WIDTH:0.45
G1 F4800
G1 X97.672 Y92.945 E.02931
G1 X96.974 Y92.363 E.03013
G1 X96.401 Y91.664 E.02998
G1 X95.995 Y90.875 E.02942
G1 X95.761 Y90.059 E.02818
G1 X95.685 Y89.226 E.02774
G1 X95.685 Y59.283 E.99327
G1 X95.707 Y59.039 E.00812
G1 X95.931 Y57.869 E.03952
G1 X95.995 Y57.645 E.00774
G1 X96.402 Y56.855 E.02947
G1 X96.975 Y56.147 E.03021
G1 X97.669 Y55.577 E.02982
G1 X98.458 Y55.171 E.02943
G1 X99.285 Y54.932 E.02853
G1 X100.105 Y54.861 E.02732
G1 X140.048 Y54.861 E1.32498
G1 X140.296 Y54.882 E.00825
G1 X141.47 Y55.105 E.03964
G1 X141.694 Y55.17 E.00774
G1 X142.486 Y55.578 E.02954
G1 X143.192 Y56.149 E.03013
G1 X143.763 Y56.855 E.03013
G1 X144.17 Y57.645 E.0295
G1 X144.408 Y58.462 E.02821
G1 X144.483 Y59.283 E.02735
G1 X144.483 Y89.226 E.99327
G1 X144.408 Y90.058 E.02771
G1 X144.17 Y90.875 E.0282
G1 X143.764 Y91.664 E.02945
G1 X143.192 Y92.361 E.0299
G1 X142.483 Y92.944 E.03043
G1 X141.695 Y93.349 E.02941
G1 X140.88 Y93.584 E.02815
G1 X140.047 Y93.659 E.02774
G1 X100.107 Y93.659 E1.32489
G1 X99.863 Y93.637 E.00812
G1 X98.685 Y93.413 E.03977
G1 X98.477 Y93.354 E.00719
M204 S2000
G1 E-.8 F3600
G1 X97.389 Y57.502 F18000
G1 E.8 F3600
M204 S1000
;TYPE:Outer wall
;WIDTH:0.42
G1 F3000
G1 X97.19 Y57.887 E.01332
G1 X97.037 Y58.274 E.01279
G1 X96.927 Y58.672 E.01269
G1 X96.872 Y59.245 E.0177
G1 X96.872 Y89.263 E.92237
G1 X96.927 Y89.836 E.01768
G1 X97.091 Y90.442 E.01929
G1 X97.39 Y91.019 E.01996
G1 X97.809 Y91.527 E.02023
G1 X98.327 Y91.943 E.02043
G1 X98.9 Y92.24 E.01983
G1 X99.298 Y92.359 E.01276
G1 X99.687 Y92.436 E.01219
G1 X100.069 Y92.472 E.01179
G1 X140.084 Y92.472 E1.22955
G1 X140.662 Y92.418 E.01783
G1 X141.269 Y92.24 E.01943
G1 X141.84 Y91.943 E.01978
G1 X142.345 Y91.526 E.02012
G1 X142.767 Y91.019 E.02027
G1 X142.967 Y90.633 E.01336
G1 X143.123 Y90.244 E.0129
G1 X143.241 Y89.838 E.013
G1 X143.293 Y89.263 E.01773
G1 X143.293 Y59.246 E.92233
G1 X143.241 Y58.671 E.01775
G1 X143.065 Y58.076 E.01908
G1 X142.768 Y57.502 E.01986
G1 X142.345 Y56.983 E.02056
G1 X141.839 Y56.573 E.02002
G1 X141.269 Y56.276 E.01976
G1 X140.661 Y56.099 E.01944
G1 X140.083 Y56.047 E.01782
G1 X100.07 Y56.047 E1.22951
G1 X99.495 Y56.099 E.01772
G1 X98.9 Y56.276 E.01908
G1 X98.328 Y56.572 E.01981
G1 X97.808 Y56.982 E.02033
G1 X97.402 Y57.487 E.0199
M204 S2000
G1 X97.055 Y57.295 F18000
M204 S1500
;TYPE:Inner wall
;WIDTH:0.45
G1 F4800
G1 X96.833 Y57.725 E.01606
G1 X96.665 Y58.15 E.01516
G1 X96.54 Y58.601 E.01553
G1 X96.48 Y59.227 E.02086
G1 X96.48 Y89.282 E.99699
G1 X96.54 Y89.907 E.02081
G1 X96.724 Y90.585 E.02332
G1 X97.061 Y91.236 E.02431
G1 X97.532 Y91.807 E.02455
G1 X98.112 Y92.273 E.02469
G1 X98.753 Y92.605 E.02394
G1 X99.203 Y92.74 E.01561
G1 X99.63 Y92.824 E.01443
G1 X100.05 Y92.865 E.014
G1 X140.103 Y92.865 E1.32861
G1 X140.736 Y92.804 E.02111
G1 X141.416 Y92.606 E.0235
G1 X142.057 Y92.271 E.024
G1 X142.623 Y91.805 E.0243
G1 X143.096 Y91.238 E.02451
G1 X143.324 Y90.797 E.01646
G1 X143.494 Y90.372 E.01519
G1 X143.629 Y89.911 E.01594
G1 X143.685 Y89.28 E.02099
G1 X143.685 Y59.228 E.99688
G1 X143.628 Y58.597 E.02104
G1 X143.43 Y57.928 E.02313
G1 X143.097 Y57.285 E.02402
G1 X142.623 Y56.704 E.02488
G1 X142.055 Y56.244 E.02426
G1 X141.416 Y55.91 E.02393
G1 X140.734 Y55.712 E.02355
G1 X140.101 Y55.655 E.02108
G1 X100.052 Y55.655 E1.3285
G1 X99.421 Y55.712 E.02101
G1 X98.753 Y55.911 E.02312
G1 X98.114 Y56.241 E.02387
G1 X97.531 Y56.702 E.02465
G1 X97.066 Y57.278 E.02456
M204 S2000
G1 X96.762 Y57.033 F18000
;TYPE:Gap infill
;WIDTH:0.429792
G1 F6000
G1 X96.732 Y57.07 E.00152
G1 X96.372 Y57.794 E.02549
G1 X96.294 Y58.036 E.008
;WIDTH:0.390099
G1 X96.175 Y58.548 E.01488
;WIDTH:0.383972
G1 X96.136 Y58.821 E.00767
;WIDTH:0.403978
G1 X96.088 Y59.199 E.01121
;WIDTH:0.42955
G1 X96.086 Y89.292 E.94808
G1 X96.151 Y89.986 E.02196
G1 X96.353 Y90.708 E.02364
G1 X96.73 Y91.448 E.02615
G1 X97.254 Y92.085 E.02599
G1 X97.894 Y92.61 E.02606
G1 X98.62 Y92.981 E.02571
G1 X99.104 Y93.106 E.01574
G1 X99.567 Y93.197 E.01486
G1 X100.125 Y93.262 E.0177
G1 X140.029 Y93.262 E1.2572
G1 X140.807 Y93.194 E.02459
G1 X141.546 Y92.98 E.02426
G1 X142.264 Y92.61 E.02545
G1 X142.91 Y92.079 E.02634
G1 X143.432 Y91.446 E.02585
G1 X143.686 Y90.953 E.01748
;WIDTH:0.432196
G1 X143.865 Y90.51 E.01515
G1 X144.018 Y89.985 E.01735
G1 X144.084 Y89.208 E.02471
G1 X144.08 Y59.219 E.95128
G1 X144.019 Y58.536 E.02177
G1 X143.802 Y57.792 E.02456
G1 X143.431 Y57.072 E.02571
G1 X142.911 Y56.43 E.0262
G1 X142.287 Y55.924 E.02546
G1 X141.579 Y55.553 E.02537
G1 X141.378 Y55.488 E.00671
;WIDTH:0.410577
G1 X141.097 Y55.421 E.00863
;WIDTH:0.381824
G1 X140.786 Y55.348 E.00883
;WIDTH:0.383034
G1 X140.514 Y55.31 E.00761
;WIDTH:0.429792
G1 X140.031 Y55.258 E.01532
G1 X100.043 Y55.261 E1.26063
G1 X99.357 Y55.322 E.0217
G1 X98.622 Y55.536 E.02415
G1 X97.889 Y55.911 E.02594
G1 X97.254 Y56.424 E.02574
G1 X96.775 Y57.017 E.02403
; stop printing object USV 1 e2mm.stl_1 id:1 copy 0
; end of layer_num: 17, T: 0, print_z: 3.440000
;LAYER_CHANGE
;Z:3.64
;HEIGHT:0.2
; BEFORE_LAYER_CHANGE 17 @ 3.64mm
G92 E0
; AFTER_LAYER_CHANGE 17 @ 3.64mm
; start of layer_num: 18, T: 0, print_z: 3.640000
; printing object "USV 1 e2mm.stl_3" id:0 copy 0
G1 E-.8 F3600
G1 X123.172 Y127.428 Z3.64 F18000
G1 E.8 F3600
M204 S1000
;TYPE:Outer wall
;WIDTH:0.42
G1 F3000
G1 X123.175 Y127.427 E.00008
G1 X123.416 Y127.356 E.00772
G1 X124.703 Y127.11 E.04025
G1 X124.95 Y127.088 E.00763
G1 X164.926 Y127.088 E1.22835
G1 X165.558 Y127.146 E.01949
G1 X165.802 Y127.168 E.00753
G1 X166.702 Y127.427 E.02878
G1 X167.562 Y127.869 E.02971
G1 X168.32 Y128.491 E.03014
G1 X168.943 Y129.262 E.03045
G1 X169.386 Y130.123 E.02974
G1 X169.455 Y130.363 E.00769
G1 X169.699 Y131.642 E.04002
G1 X169.722 Y131.887 E.00756
G1 X169.722 Y161.867 E.9212
G1 X169.641 Y162.754 E.02736
G1 X169.386 Y163.643 E.02843
G1 X168.943 Y164.503 E.02974
G1 X168.32 Y165.274 E.03044
G1 X167.562 Y165.892 E.03007
G1 X166.702 Y166.338 E.02977
G1 X166.458 Y166.408 E.0078
G1 X165.17 Y166.651 E.04026
G1 X164.926 Y166.674 E.00753
G1 X124.95 Y166.674 E1.22835
G1 X124.063 Y166.593 E.02739
G1 X123.175 Y166.339 E.02838
G1 X122.314 Y165.892 E.0298
G1 X121.544 Y165.273 E.03036
G1 X120.922 Y164.503 E.03041
G1 X120.479 Y163.643 E.02975
G1 X120.22 Y162.753 E.02845
G1 X120.14 Y161.867 E.02735
G1 X120.14 Y131.887 E.9212
G1 X120.22 Y131.008 E.02713
G1 X120.479 Y130.123 E.02834
G1 X120.922 Y129.262 E.02975
G1 X121.544 Y128.492 E.03042
G1 X122.314 Y127.869 E.03042
G1 X123.155 Y127.437 E.02905
M204 S2000
G1 X123.321 Y127.792 F18000
M204 S1500
;TYPE:Inner wall
;WIDTH:0.45
G1 F4800
G1 X123.508 Y127.738 E.00647
G1 X124.758 Y127.499 E.0422
G1 X124.968 Y127.48 E.00701
G1 X164.908 Y127.48 E1.32489
G1 X165.522 Y127.536 E.02045
G1 X165.729 Y127.555 E.0069
G1 X166.557 Y127.793 E.02857
G1 X167.345 Y128.199 E.02942
G1 X168.04 Y128.769 E.02982
G1 X168.613 Y129.477 E.0302
G1 X169.02 Y130.268 E.02951
G1 X169.073 Y130.454 E.00643
G1 X169.311 Y131.697 E.04196
G1 X169.33 Y131.905 E.00694
G1 X169.33 Y161.849 E.99331
G1 X169.254 Y162.681 E.02771
G1 X169.019 Y163.498 E.02818
G1 X168.613 Y164.288 E.02949
G1 X168.041 Y164.996 E.03017
G1 X167.345 Y165.563 E.02977
G1 X166.557 Y165.972 E.02947
G1 X166.368 Y166.026 E.00652
G1 X165.116 Y166.263 E.04227
G1 X164.908 Y166.282 E.00692
G1 X124.968 Y166.282 E1.32489
G1 X124.135 Y166.206 E.02775
G1 X123.321 Y165.973 E.0281
G1 X122.529 Y165.562 E.02958
G1 X121.822 Y164.994 E.03008
G1 X121.252 Y164.288 E.0301
G1 X120.845 Y163.497 E.02952
G1 X120.607 Y162.68 E.02821
G1 X120.532 Y161.849 E.02768
G1 X120.532 Y131.905 E.99331
G1 X120.607 Y131.081 E.02743
G1 X120.845 Y130.269 E.02808
G1 X121.252 Y129.477 E.02954
G1 X121.823 Y128.771 E.03013
G1 X122.529 Y128.2 E.03013
G1 X123.303 Y127.802 E.02886
M204 S2000
G1 E-.8 F3600
G1 X121.773 Y162.46 F18000
G1 E.8 F3600
M204 S1000
;TYPE:Outer wall
;WIDTH:0.42
G1 F3000
G1 X121.883 Y162.838 E.01211
G1 X122.062 Y163.283 E.01474
G1 X122.248 Y163.643 E.01243
G1 X122.67 Y164.148 E.02024
G1 X123.175 Y164.566 E.02013
G1 X123.746 Y164.863 E.01979
G1 X124.353 Y165.04 E.01942
G1 X124.931 Y165.096 E.01783
G1 X164.946 Y165.096 E1.22956
G1 X165.301 Y165.061 E.01095
G1 X165.745 Y164.973 E.01391
G1 X166.115 Y164.863 E.01186
G1 X166.688 Y164.566 E.01984
G1 X167.206 Y164.149 E.02044
G1 X167.625 Y163.642 E.0202
G1 X167.924 Y163.065 E.01996
G1 X168.088 Y162.458 E.01932
G1 X168.143 Y161.887 E.01765
G1 X168.143 Y131.868 E.9224
G1 X168.088 Y131.29 E.01782
G1 X167.986 Y130.92 E.01181
G1 X167.811 Y130.48 E.01457
G1 X167.625 Y130.123 E.01235
G1 X167.206 Y129.613 E.02028
G1 X166.688 Y129.195 E.02046
G1 X166.115 Y128.898 E.01984
G1 X165.519 Y128.721 E.01908
G1 X164.945 Y128.67 E.01772
G1 X124.931 Y128.67 E1.22951
G1 X124.354 Y128.721 E.01782
G1 X123.746 Y128.898 E.01944
G1 X123.175 Y129.196 E.01979
G1 X122.67 Y129.613 E.02015
G1 X122.248 Y130.123 E.02032
G1 X121.95 Y130.693 E.01978
G1 X121.774 Y131.289 E.01909
G1 X121.722 Y131.868 E.01787
G1 X121.722 Y161.886 E.92236
G1 X121.772 Y162.44 E.01708
M204 S2000
G1 X121.394 Y162.558 F18000
M204 S1500
;TYPE:Inner wall
;WIDTH:0.45
G1 F4800
G1 X121.512 Y162.966 E.0141
G1 X121.705 Y163.447 E.01718
G1 X121.919 Y163.861 E.01547
G1 X122.392 Y164.427 E.02447
G1 X122.957 Y164.894 E.02431
G1 X123.599 Y165.229 E.02403
G1 X124.279 Y165.427 E.02347
G1 X124.912 Y165.488 E.02109
G1 X164.965 Y165.488 E1.32864
G1 X165.358 Y165.449 E.01309
G1 X165.839 Y165.354 E.01626
G1 X166.262 Y165.229 E.01464
G1 X166.903 Y164.896 E.02397
G1 X167.483 Y164.429 E.0247
G1 X167.954 Y163.86 E.02451
G1 X168.291 Y163.208 E.02433
G1 X168.475 Y162.529 E.02335
G1 X168.535 Y161.905 E.02078
G1 X168.535 Y131.849 E.99702
G1 X168.475 Y131.219 E.021
G1 X168.358 Y130.795 E.01459
G1 X168.168 Y130.316 E.01709
G1 X167.954 Y129.906 E.01534
G1 X167.484 Y129.333 E.02458
G1 X166.903 Y128.865 E.02474
G1 X166.262 Y128.533 E.02397
G1 X165.594 Y128.334 E.02312
G1 X164.963 Y128.278 E.02101
G1 X124.914 Y128.278 E1.3285
G1 X124.281 Y128.334 E.02108
G1 X123.599 Y128.532 E.02354
G1 X122.957 Y128.867 E.02403
G1 X122.391 Y129.335 E.02435
G1 X121.919 Y129.905 E.02455
G1 X121.585 Y130.546 E.02398
G1 X121.386 Y131.215 E.02316
G1 X121.33 Y131.851 E.02117
G1 X121.33 Y161.904 E.99691
G1 X121.386 Y162.533 E.02095
G1 X121.388 Y162.539 E.00021
G1 E-.8 F3600
M204 S2000
G1 X121.009 Y162.648 F18000
G1 E.8 F3600
;TYPE:Gap infill
;WIDTH:0.431047
G1 F6000
G1 X121.136 Y163.086 E.0144
G1 X121.225 Y163.345 E.00867
G1 X121.584 Y164.072 E.02563
G1 X122.107 Y164.709 E.02606
G1 X122.723 Y165.212 E.02515
G1 X123.468 Y165.603 E.02663
G1 X124.208 Y165.816 E.02436
G1 X124.986 Y165.885 E.0247
G1 X165.061 Y165.873 E1.26748
;WIDTH:0.42882
G1 X165.922 Y165.724 E.02746
G1 X166.409 Y165.6 E.01582
G1 X167.126 Y165.228 E.02537
G1 X167.759 Y164.715 E.02564
G1 X168.291 Y164.059 E.02657
G1 X168.655 Y163.353 E.02497
G1 X168.867 Y162.584 E.02509
G1 X168.932 Y161.831 E.02374
G1 X168.921 Y131.752 E.94588
;WIDTH:0.408624
G1 X168.879 Y131.459 E.0088
;WIDTH:0.383815
G1 X168.832 Y131.139 E.009
G1 X168.721 Y130.663 E.01357
;WIDTH:0.432712
G1 X168.643 Y130.418 E.00817
G1 X168.283 Y129.692 E.02573
G1 X167.759 Y129.048 E.02636
G1 X167.126 Y128.533 E.02593
G1 X166.393 Y128.158 E.02614
G1 X165.656 Y127.944 E.02438
G1 X164.972 Y127.882 E.02181
G1 X124.813 Y127.89 E1.27559
;WIDTH:0.410773
G1 X124.521 Y127.931 E.00883
;WIDTH:0.379897
G1 X124.198 Y127.978 E.00895
;WIDTH:0.380859
G1 X123.899 Y128.05 E.00846
;WIDTH:0.423391
G1 X123.467 Y128.16 E.01382
G1 X122.746 Y128.532 E.02516
G1 X122.107 Y129.054 E.02559
G1 X121.602 Y129.67 E.02467
G1 X121.212 Y130.416 E.02609
G1 X120.996 Y131.155 E.02389
G1 X120.936 Y131.825 E.02084
;WIDTH:0.431047
G1 X120.935 Y161.913 E.95161
G1 X120.997 Y162.607 E.02203
G1 X121.004 Y162.629 E.00075
; stop printing object USV 1 e2mm.stl_3 id:0 copy 0
; printing object "USV 1 e2mm.stl_1" id:1 copy 0
G1 E-.8 F3600
G1 X98.31 Y93.714 F18000
G1 E.8 F3600
M204 S1000
;TYPE:Outer wall
;WIDTH:0.42
G1 F3000
G1 X97.454 Y93.273 E.02959
G1 X96.695 Y92.64 E.03038
G1 X96.072 Y91.881 E.03019
G1 X95.629 Y91.021 E.02971
G1 X95.373 Y90.132 E.02843
G1 X95.293 Y89.244 E.02739
G1 X95.293 Y59.265 E.92117
G1 X95.315 Y59.021 E.00754
G1 X95.56 Y57.741 E.04004
G1 X95.629 Y57.499 E.00772
G1 X96.072 Y56.64 E.02971
G1 X96.695 Y55.869 E.03045
G1 X97.453 Y55.247 E.03014
G1 X98.313 Y54.805 E.02972
G1 X99.213 Y54.545 E.02877
G1 X100.088 Y54.468 E.027
G1 X140.065 Y54.468 E1.22838
G1 X140.313 Y54.49 E.00764
G1 X141.599 Y54.734 E.04022
G1 X141.84 Y54.804 E.00772
G1 X142.701 Y55.247 E.02975
G1 X143.471 Y55.87 E.03042
G1 X144.093 Y56.64 E.03042
G1 X144.536 Y57.5 E.02972
G1 X144.795 Y58.389 E.02845
G1 X144.875 Y59.265 E.02704
G1 X144.875 Y89.244 E.92117
G1 X144.795 Y90.131 E.02738
G1 X144.536 Y91.02 E.02845
G1 X144.094 Y91.881 E.02972
G1 X143.471 Y92.639 E.03016
G1 X142.7 Y93.273 E.03066
G1 X141.84 Y93.715 E.02971
G1 X140.952 Y93.971 E.0284
G1 X140.065 Y94.051 E.02738
G1 X100.089 Y94.051 E1.22835
G1 X99.845 Y94.029 E.00753
G1 X98.557 Y93.785 E.04027
G1 X98.329 Y93.72 E.00729
M204 S2000
G1 X98.457 Y93.349 F18000
M204 S1500
;TYPE:Inner wall
;WIDTH:0.45
G1 F4800
G1 X97.672 Y92.945 E.02931
G1 X96.974 Y92.363 E.03013
G1 X96.401 Y91.664 E.02998
G1 X95.995 Y90.875 E.02942
G1 X95.761 Y90.059 E.02818
G1 X95.685 Y89.226 E.02774
G1 X95.685 Y59.283 E.99327
G1 X95.704 Y59.076 E.00691
G1 X95.941 Y57.832 E.042
G1 X95.995 Y57.645 E.00646
G1 X96.402 Y56.855 E.02947
G1 X96.975 Y56.147 E.03021
G1 X97.669 Y55.577 E.02982
G1 X98.458 Y55.171 E.02943
G1 X99.285 Y54.932 E.02853
G1 X100.105 Y54.861 E.02732
G1 X140.048 Y54.861 E1.32498
G1 X140.259 Y54.879 E.00702
G1 X141.507 Y55.116 E.04213
G1 X141.694 Y55.17 E.00646
G1 X142.486 Y55.578 E.02954
G1 X143.192 Y56.149 E.03013
G1 X143.763 Y56.855 E.03013
G1 X144.17 Y57.645 E.0295
G1 X144.408 Y58.462 E.02821
G1 X144.483 Y59.283 E.02735
G1 X144.483 Y89.226 E.99327
G1 X144.408 Y90.058 E.02771
G1 X144.17 Y90.875 E.0282
G1 X143.764 Y91.664 E.02945
G1 X143.192 Y92.361 E.0299
G1 X142.483 Y92.944 E.03043
G1 X141.695 Y93.349 E.02941
G1 X140.88 Y93.584 E.02815
G1 X140.047 Y93.659 E.02774
G1 X100.107 Y93.659 E1.32489
G1 X99.899 Y93.64 E.00691
G1 X98.647 Y93.403 E.04226
G1 X98.477 Y93.354 E.0059
M204 S2000
G1 E-.8 F3600
G1 X97.389 Y57.502 F18000
G1 E.8 F3600
M204 S1000
;TYPE:Outer wall
;WIDTH:0.42
G1 F3000
G1 X97.204 Y57.86 E.01239
G1 X97.029 Y58.302 E.0146
G1 X96.927 Y58.672 E.0118
G1 X96.872 Y59.245 E.0177
G1 X96.872 Y89.263 E.92237
G1 X96.927 Y89.836 E.01768
G1 X97.091 Y90.442 E.01929
G1 X97.39 Y91.019 E.01996
G1 X97.809 Y91.527 E.02023
G1 X98.327 Y91.943 E.02043
G1 X98.9 Y92.24 E.01983
G1 X99.27 Y92.351 E.01186
G1 X99.714 Y92.439 E.01392
G1 X100.069 Y92.472 E.01095
G1 X140.084 Y92.472 E1.22955
G1 X140.662 Y92.418 E.01783
G1 X141.269 Y92.24 E.01943
G1 X141.84 Y91.943 E.01978
G1 X142.345 Y91.526 E.02012
G1 X142.767 Y91.019 E.02027
G1 X142.953 Y90.66 E.01243
G1 X143.131 Y90.215 E.01473
G1 X143.241 Y89.838 E.01209
G1 X143.293 Y89.263 E.01773
G1 X143.293 Y59.246 E.92233
G1 X143.241 Y58.671 E.01775
G1 X143.065 Y58.076 E.01908
G1 X142.768 Y57.502 E.01986
G1 X142.345 Y56.983 E.02056
G1 X141.839 Y56.573 E.02002
G1 X141.269 Y56.276 E.01976
G1 X140.661 Y56.099 E.01944
G1 X140.083 Y56.047 E.01782
G1 X100.07 Y56.047 E1.22951
G1 X99.495 Y56.099 E.01772
G1 X98.9 Y56.276 E.01908
G1 X98.328 Y56.572 E.01981
G1 X97.808 Y56.982 E.02033
G1 X97.402 Y57.487 E.0199
M204 S2000
G1 X97.048 Y57.308 F18000
M204 S1500
;TYPE:Inner wall
;WIDTH:0.45
G1 F4800
G1 X96.847 Y57.698 E.01455
G1 X96.657 Y58.177 E.01711
G1 X96.54 Y58.601 E.01457
G1 X96.48 Y59.227 E.02086
G1 X96.48 Y89.282 E.99699
G1 X96.54 Y89.907 E.02081
G1 X96.724 Y90.585 E.02332
G1 X97.061 Y91.236 E.02431
G1 X97.532 Y91.807 E.02455
G1 X98.112 Y92.273 E.02469
G1 X98.753 Y92.605 E.02394
G1 X99.176 Y92.732 E.01465
G1 X99.658 Y92.827 E.01629
G1 X100.05 Y92.865 E.01309
G1 X140.103 Y92.865 E1.32861
G1 X140.736 Y92.804 E.02111
G1 X141.416 Y92.606 E.0235
G1 X142.057 Y92.271 E.024
G1 X142.623 Y91.805 E.0243
G1 X143.096 Y91.238 E.02451
G1 X143.31 Y90.824 E.01546
G1 X143.503 Y90.343 E.01716
G1 X143.629 Y89.911 E.01496
G1 X143.685 Y89.28 E.02099
G1 X143.685 Y59.228 E.99688
G1 X143.628 Y58.597 E.02104
G1 X143.43 Y57.928 E.02313
G1 X143.097 Y57.285 E.02402
G1 X142.623 Y56.704 E.02488
G1 X142.055 Y56.244 E.02426
G1 X141.416 Y55.91 E.02393
G1 X140.734 Y55.712 E.02354
G1 X140.101 Y55.655 E.02108
G1 X100.052 Y55.655 E1.3285
G1 X99.421 Y55.712 E.02101
G1 X98.753 Y55.911 E.02312
G1 X98.114 Y56.241 E.02386
G1 X97.531 Y56.702 E.02465
G1 X97.059 Y57.287 E.02492
G1 X97.057 Y57.29 E.00013
M204 S2000
G1 X96.711 Y57.111 F18000
;TYPE:Gap infill
;WIDTH:0.429797
G1 F6000
G1 X96.487 Y57.544 E.01537
;WIDTH:0.429697
G1 X96.373 Y57.795 E.00866
G1 X96.289 Y58.064 E.0089
;WIDTH:0.385396
G1 X96.177 Y58.548 E.01386
;WIDTH:0.381281
G1 X96.136 Y58.839 E.00811
;WIDTH:0.400233
G1 X96.088 Y59.199 E.01057
;WIDTH:0.429517
G1 X96.086 Y89.292 E.948
G1 X96.151 Y89.986 E.02196
G1 X96.353 Y90.708 E.02363
G1 X96.73 Y91.448 E.02615
G1 X97.254 Y92.085 E.02599
G1 X97.894 Y92.61 E.02605
G1 X98.62 Y92.981 E.02571
G1 X99.076 Y93.098 E.01483
G1 X99.594 Y93.199 E.01662
G1 X100.125 Y93.262 E.01683
G1 X140.029 Y93.262 E1.25709
G1 X140.807 Y93.194 E.02459
G1 X141.546 Y92.98 E.02426
G1 X142.264 Y92.61 E.02545
G1 X142.91 Y92.079 E.02634
G1 X143.432 Y91.446 E.02585
G1 X143.672 Y90.98 E.01653
;WIDTH:0.432239
G1 X143.79 Y90.723 E.00895
G1 X144.018 Y89.985 E.02452
G1 X144.084 Y89.208 E.02472
G1 X144.08 Y59.219 E.95138
G1 X144.019 Y58.536 E.02177
G1 X143.802 Y57.792 E.02457
G1 X143.431 Y57.072 E.02571
G1 X142.911 Y56.43 E.02621
G1 X142.287 Y55.924 E.02546
G1 X141.579 Y55.553 E.02537
G1 X141.415 Y55.499 E.00548
;WIDTH:0.409589
G1 X141.116 Y55.428 E.00919
;WIDTH:0.379001
G1 X140.786 Y55.35 E.00927
;WIDTH:0.380193
G1 X140.496 Y55.31 E.00806
;WIDTH:0.429797
G1 X140.031 Y55.258 E.01474
G1 X100.043 Y55.261 E1.26065
G1 X99.357 Y55.322 E.0217
G1 X98.622 Y55.536 E.02415
G1 X97.889 Y55.911 E.02594
G1 X97.254 Y56.424 E.02574
G1 X96.732 Y57.07 E.02618
G1 X96.72 Y57.093 E.00083
; stop printing object USV 1 e2mm.stl_1 id:1 copy 0
; end of layer_num: 18, T: 0, print_z: 3.640000
;LAYER_CHANGE
;Z:3.84
;HEIGHT:0.2
; BEFORE_LAYER_CHANGE 18 @ 3.84mm
G92 E0
; AFTER_LAYER_CHANGE 18 @ 3.84mm
; start of layer_num: 19, T: 0, print_z: 3.840000
; printing object "USV 1 e2mm.stl_3" id:0 copy 0
G1 E-.8 F3600
G1 X123.173 Y127.428 Z3.84 F18000
G1 E.8 F3600
M204 S1000
;TYPE:Outer wall
;WIDTH:0.42
G1 F3000
G1 X123.175 Y127.427 E.00008
G1 X123.379 Y127.367 E.00653
G1 X124.74 Y127.107 E.04256
G1 X124.95 Y127.088 E.0065
G1 X164.926 Y127.088 E1.22835
G1 X165.594 Y127.149 E.02061
G1 X165.802 Y127.168 E.00641
G1 X166.702 Y127.427 E.02878
G1 X167.562 Y127.869 E.02971
G1 X168.32 Y128.491 E.03014
G1 X168.943 Y129.262 E.03045
G1 X169.386 Y130.123 E.02974
G1 X169.444 Y130.326 E.0065
G1 X169.703 Y131.678 E.04231
G1 X169.722 Y131.887 E.00644
G1 X169.722 Y161.867 E.9212
G1 X169.641 Y162.754 E.02736
G1 X169.386 Y163.643 E.02843
G1 X168.943 Y164.503 E.02974
G1 X168.32 Y165.274 E.03044
G1 X167.562 Y165.892 E.03007
G1 X166.702 Y166.338 E.02977
G1 X166.496 Y166.397 E.0066
G1 X165.134 Y166.655 E.04257
G1 X164.926 Y166.674 E.00642
G1 X124.95 Y166.674 E1.22835
G1 X124.063 Y166.593 E.02739
G1 X123.175 Y166.339 E.02838
G1 X122.314 Y165.892 E.0298
G1 X121.544 Y165.273 E.03036
G1 X120.922 Y164.503 E.03041
G1 X120.479 Y163.643 E.02975
G1 X120.22 Y162.753 E.02845
G1 X120.14 Y161.867 E.02735
G1 X120.14 Y131.887 E.9212
G1 X120.22 Y131.008 E.02713
G1 X120.479 Y130.123 E.02834
G1 X120.922 Y129.262 E.02975
G1 X121.544 Y128.492 E.03042
G1 X122.314 Y127.869 E.03042
G1 X123.155 Y127.437 E.02905
M204 S2000
G1 X123.321 Y127.792 F18000
M204 S1500
;TYPE:Inner wall
;WIDTH:0.45
G1 F4800
G1 X123.471 Y127.749 E.00519
G1 X124.794 Y127.495 E.04469
G1 X124.968 Y127.48 E.00579
G1 X164.908 Y127.48 E1.32489
G1 X165.558 Y127.539 E.02165
G1 X165.729 Y127.555 E.00569
G1 X166.557 Y127.793 E.02857
G1 X167.345 Y128.199 E.02942
G1 X168.04 Y128.769 E.02982
G1 X168.613 Y129.477 E.0302
G1 X169.02 Y130.268 E.02951
G1 X169.063 Y130.417 E.00515
G1 X169.314 Y131.733 E.04444
G1 X169.33 Y131.905 E.00573
G1 X169.33 Y161.849 E.99331
G1 X169.254 Y162.681 E.02771
G1 X169.019 Y163.498 E.02818
G1 X168.613 Y164.288 E.02949
G1 X168.041 Y164.996 E.03017
G1 X167.345 Y165.563 E.02977
G1 X166.557 Y165.972 E.02947
G1 X166.405 Y166.015 E.00522
G1 X165.08 Y166.266 E.04476
G1 X164.908 Y166.282 E.00571
G1 X124.968 Y166.282 E1.32489
G1 X124.135 Y166.206 E.02775
G1 X123.321 Y165.973 E.0281
G1 X122.529 Y165.562 E.02958
G1 X121.822 Y164.994 E.03008
G1 X121.252 Y164.288 E.0301
G1 X120.845 Y163.497 E.02952
G1 X120.607 Y162.68 E.02821
G1 X120.532 Y161.849 E.02768
G1 X120.532 Y131.905 E.99331
G1 X120.607 Y131.081 E.02743
G1 X120.845 Y130.269 E.02808
G1 X121.252 Y129.477 E.02954
G1 X121.823 Y128.771 E.03013
G1 X122.529 Y128.2 E.03013
G1 X123.303 Y127.802 E.02886
M204 S2000
G1 E-.8 F3600
G1 X121.774 Y162.463 F18000
G1 E.8 F3600
M204 S1000
;TYPE:Outer wall
;WIDTH:0.42
G1 F3000
G1 X121.875 Y162.81 E.0111
G1 X122.076 Y163.31 E.01657
G1 X122.248 Y163.643 E.0115
G1 X122.67 Y164.148 E.02024
G1 X123.175 Y164.566 E.02013
G1 X123.746 Y164.863 E.01979
G1 X124.353 Y165.04 E.01942
G1 X124.931 Y165.096 E.01783
G1 X164.946 Y165.096 E1.22956
G1 X165.273 Y165.064 E.01011
G1 X165.772 Y164.965 E.01563
G1 X166.115 Y164.863 E.01097
G1 X166.688 Y164.566 E.01984
G1 X167.206 Y164.149 E.02044
G1 X167.625 Y163.642 E.0202
G1 X167.924 Y163.065 E.01996
G1 X168.088 Y162.458 E.01932
G1 X168.143 Y161.887 E.01765
G1 X168.143 Y131.868 E.9224
G1 X168.088 Y131.29 E.01782
G1 X167.993 Y130.948 E.01092
G1 X167.797 Y130.453 E.01637
G1 X167.625 Y130.123 E.01142
G1 X167.206 Y129.613 E.02028
G1 X166.688 Y129.195 E.02046
G1 X166.115 Y128.898 E.01984
G1 X165.519 Y128.721 E.01908
G1 X164.945 Y128.67 E.01772
G1 X124.931 Y128.67 E1.22951
G1 X124.354 Y128.721 E.01782
G1 X123.746 Y128.898 E.01944
G1 X123.175 Y129.196 E.01979
G1 X122.67 Y129.613 E.02015
G1 X122.248 Y130.123 E.02032
G1 X121.95 Y130.693 E.01978
G1 X121.774 Y131.289 E.01909
G1 X121.722 Y131.868 E.01787
G1 X121.722 Y161.886 E.92236
G1 X121.772 Y162.443 E.01718
M204 S2000
G1 X121.398 Y162.572 F18000
M204 S1500
;TYPE:Inner wall
;WIDTH:0.45
G1 F4800
G1 X121.504 Y162.938 E.01263
G1 X121.719 Y163.474 E.01916
G1 X121.919 Y163.861 E.01447
G1 X122.392 Y164.427 E.02447
G1 X122.957 Y164.894 E.02431
G1 X123.599 Y165.229 E.02403
G1 X124.279 Y165.427 E.02347
G1 X124.912 Y165.488 E.02109
G1 X164.965 Y165.488 E1.32864
G1 X165.331 Y165.452 E.01219
G1 X165.867 Y165.346 E.01812
G1 X166.262 Y165.229 E.01368
G1 X166.903 Y164.896 E.02397
G1 X167.483 Y164.429 E.0247
G1 X167.954 Y163.86 E.02451
G1 X168.291 Y163.208 E.02433
G1 X168.475 Y162.529 E.02335
G1 X168.535 Y161.905 E.02078
G1 X168.535 Y131.849 E.99702
G1 X168.475 Y131.219 E.021
G1 X168.366 Y130.823 E.01363
G1 X168.154 Y130.289 E.01904
G1 X167.954 Y129.906 E.01435
G1 X167.484 Y129.333 E.02458
G1 X166.903 Y128.865 E.02474
G1 X166.262 Y128.533 E.02397
G1 X165.594 Y128.334 E.02312
G1 X164.963 Y128.278 E.02101
G1 X124.914 Y128.278 E1.3285
G1 X124.281 Y128.334 E.02108
G1 X123.599 Y128.532 E.02354
G1 X122.957 Y128.867 E.02403
G1 X122.391 Y129.335 E.02435
G1 X121.919 Y129.905 E.02455
G1 X121.585 Y130.546 E.02398
G1 X121.386 Y131.215 E.02316
G1 X121.33 Y131.851 E.02117
G1 X121.33 Y161.904 E.99691
G1 X121.386 Y162.533 E.02095
G1 X121.392 Y162.553 E.0007
G1 E-.8 F3600
M204 S2000
G1 X121.013 Y162.663 F18000
G1 E.8 F3600
;TYPE:Gap infill
;WIDTH:0.431074
G1 F6000
G1 X121.128 Y163.057 E.013
G1 X121.226 Y163.345 E.00961
G1 X121.584 Y164.072 E.02563
G1 X122.107 Y164.709 E.02606
G1 X122.723 Y165.212 E.02515
G1 X123.468 Y165.603 E.02663
G1 X124.208 Y165.816 E.02436
G1 X124.986 Y165.885 E.0247
G1 X165.024 Y165.877 E1.2664
;WIDTH:0.428533
G1 X165.949 Y165.712 E.0295
G1 X166.417 Y165.596 E.01514
G1 X167.125 Y165.228 E.0251
G1 X167.759 Y164.715 E.02562
G1 X168.291 Y164.059 E.02655
G1 X168.655 Y163.353 E.02495
G1 X168.867 Y162.584 E.02507
G1 X168.932 Y161.831 E.02373
G1 X168.924 Y131.789 E.94402
;WIDTH:0.40635
G1 X168.879 Y131.478 E.0093
;WIDTH:0.373896
G1 X168.828 Y131.14 E.00922
G1 X168.721 Y130.694 E.01238
;WIDTH:0.405794
G1 X168.679 Y130.552 E.00436
;WIDTH:0.43276
G1 X168.638 Y130.411 E.00469
G1 X168.513 Y130.136 E.00959
G1 X168.27 Y129.674 E.01657
G1 X167.759 Y129.048 E.02567
G1 X167.126 Y128.533 E.02593
G1 X166.393 Y128.158 E.02614
G1 X165.656 Y127.944 E.02438
G1 X164.972 Y127.882 E.02182
G1 X124.85 Y127.887 E1.27455
;WIDTH:0.40858
G1 X124.54 Y127.932 E.00935
;WIDTH:0.373137
G1 X124.199 Y127.982 E.00926
;WIDTH:0.373343
G1 X123.835 Y128.071 E.0101
;WIDTH:0.422554
G1 X123.46 Y128.163 E.01195
G1 X122.746 Y128.532 E.02485
G1 X122.107 Y129.054 E.02554
G1 X121.602 Y129.67 E.02462
G1 X121.212 Y130.416 E.02603
G1 X120.996 Y131.155 E.02384
G1 X120.936 Y131.825 E.02079
;WIDTH:0.431074
G1 X120.935 Y161.913 E.95167
G1 X120.997 Y162.607 E.02203
G1 X121.008 Y162.643 E.00121
; stop printing object USV 1 e2mm.stl_3 id:0 copy 0
; printing object "USV 1 e2mm.stl_1" id:1 copy 0
G1 E-.8 F3600
G1 X98.31 Y93.714 F18000
G1 E.8 F3600
M204 S1000
;TYPE:Outer wall
;WIDTH:0.42
G1 F3000
G1 X97.454 Y93.273 E.02959
G1 X96.695 Y92.64 E.03038
G1 X96.072 Y91.881 E.03019
G1 X95.629 Y91.021 E.02971
G1 X95.373 Y90.132 E.02843
G1 X95.293 Y89.244 E.02739
G1 X95.293 Y59.265 E.92117
G1 X95.312 Y59.057 E.00642
G1 X95.57 Y57.704 E.04234
G1 X95.629 Y57.499 E.00653
G1 X96.072 Y56.64 E.02971
G1 X96.695 Y55.869 E.03045
G1 X97.453 Y55.247 E.03014
G1 X98.313 Y54.805 E.02972
G1 X99.213 Y54.545 E.02877
G1 X100.088 Y54.468 E.027
G1 X140.065 Y54.468 E1.22838
G1 X140.276 Y54.487 E.0065
G1 X141.636 Y54.745 E.04253
G1 X141.84 Y54.804 E.00653
G1 X142.701 Y55.247 E.02975
G1 X143.471 Y55.87 E.03042
G1 X144.093 Y56.64 E.03042
G1 X144.536 Y57.5 E.02972
G1 X144.795 Y58.389 E.02845
G1 X144.875 Y59.265 E.02704
G1 X144.875 Y89.244 E.92117
G1 X144.795 Y90.131 E.02738
G1 X144.536 Y91.02 E.02845
G1 X144.094 Y91.881 E.02972
G1 X143.471 Y92.639 E.03016
G1 X142.7 Y93.273 E.03066
G1 X141.84 Y93.715 E.02971
G1 X140.952 Y93.971 E.0284
G1 X140.065 Y94.051 E.02738
G1 X100.089 Y94.051 E1.22835
G1 X99.881 Y94.032 E.00642
G1 X98.52 Y93.774 E.04257
G1 X98.329 Y93.72 E.00608
M204 S2000
G1 X98.457 Y93.349 F18000
M204 S1500
;TYPE:Inner wall
;WIDTH:0.45
G1 F4800
G1 X97.672 Y92.945 E.02931
G1 X96.974 Y92.363 E.03013
G1 X96.401 Y91.664 E.02998
G1 X95.995 Y90.875 E.02942
G1 X95.761 Y90.059 E.02818
G1 X95.685 Y89.226 E.02774
G1 X95.685 Y59.283 E.99327
G1 X95.701 Y59.112 E.0057
G1 X95.952 Y57.795 E.04448
G1 X95.995 Y57.645 E.00518
G1 X96.402 Y56.855 E.02947
G1 X96.975 Y56.147 E.03021
G1 X97.669 Y55.577 E.02982
G1 X98.458 Y55.171 E.02943
G1 X99.285 Y54.932 E.02853
G1 X100.105 Y54.861 E.02732
G1 X140.048 Y54.861 E1.32498
G1 X140.222 Y54.876 E.0058
G1 X141.544 Y55.126 E.04462
G1 X141.694 Y55.17 E.00518
G1 X142.486 Y55.578 E.02954
G1 X143.192 Y56.149 E.03013
G1 X143.763 Y56.855 E.03013
G1 X144.17 Y57.645 E.0295
G1 X144.408 Y58.462 E.02821
G1 X144.483 Y59.283 E.02735
G1 X144.483 Y89.226 E.99327
G1 X144.408 Y90.058 E.02771
G1 X144.17 Y90.875 E.0282
G1 X143.764 Y91.664 E.02945
G1 X143.192 Y92.361 E.0299
G1 X142.483 Y92.944 E.03043
G1 X141.695 Y93.349 E.02941
G1 X140.88 Y93.584 E.02815
G1 X140.047 Y93.659 E.02774
G1 X100.107 Y93.659 E1.32489
G1 X99.935 Y93.644 E.0057
G1 X98.61 Y93.392 E.04475
G1 X98.477 Y93.354 E.0046
M204 S2000
G1 E-.8 F3600
G1 X97.389 Y57.502 F18000
G1 E.8 F3600
M204 S1000
;TYPE:Outer wall
;WIDTH:0.42
G1 F3000
G1 X97.218 Y57.833 E.01146
G1 X97.022 Y58.33 E.01641
G1 X96.927 Y58.672 E.01091
G1 X96.872 Y59.245 E.0177
G1 X96.872 Y89.263 E.92237
G1 X96.927 Y89.836 E.01768
G1 X97.091 Y90.442 E.01929
G1 X97.39 Y91.019 E.01996
G1 X97.809 Y91.527 E.02023
G1 X98.327 Y91.943 E.02043
G1 X98.9 Y92.24 E.01983
G1 X99.242 Y92.342 E.01097
G1 X99.742 Y92.441 E.01564
G1 X100.069 Y92.472 E.01011
G1 X140.084 Y92.472 E1.22955
G1 X140.662 Y92.418 E.01783
G1 X141.269 Y92.24 E.01943
G1 X141.84 Y91.943 E.01978
G1 X142.345 Y91.526 E.02012
G1 X142.767 Y91.019 E.02027
G1 X142.939 Y90.687 E.0115
G1 X143.14 Y90.187 E.01656
G1 X143.241 Y89.838 E.01118
G1 X143.293 Y89.263 E.01773
G1 X143.293 Y59.246 E.92233
G1 X143.241 Y58.671 E.01775
G1 X143.065 Y58.076 E.01908
G1 X142.768 Y57.502 E.01986
G1 X142.345 Y56.983 E.02056
G1 X141.839 Y56.573 E.02002
G1 X141.269 Y56.276 E.01976
G1 X140.661 Y56.099 E.01944
G1 X140.083 Y56.047 E.01782
G1 X100.07 Y56.047 E1.22951
G1 X99.495 Y56.099 E.01772
G1 X98.9 Y56.276 E.01908
G1 X98.328 Y56.572 E.01981
G1 X97.808 Y56.982 E.02033
G1 X97.402 Y57.487 E.0199
M204 S2000
G1 X97.041 Y57.322 F18000
M204 S1500
;TYPE:Inner wall
;WIDTH:0.45
G1 F4800
G1 X96.86 Y57.671 E.01304
G1 X96.649 Y58.205 E.01906
G1 X96.54 Y58.601 E.01361
G1 X96.48 Y59.227 E.02086
G1 X96.48 Y89.282 E.99699
G1 X96.54 Y89.907 E.02081
G1 X96.724 Y90.585 E.02332
G1 X97.061 Y91.236 E.02431
G1 X97.532 Y91.807 E.02455
G1 X98.112 Y92.273 E.02469
G1 X98.753 Y92.605 E.02394
G1 X99.148 Y92.723 E.01368
G1 X99.685 Y92.83 E.01816
G1 X100.05 Y92.865 E.01218
G1 X140.103 Y92.865 E1.32861
G1 X140.736 Y92.804 E.02111
G1 X141.416 Y92.606 E.0235
G1 X142.057 Y92.271 E.024
G1 X142.623 Y91.805 E.0243
G1 X143.096 Y91.238 E.02451
G1 X143.296 Y90.851 E.01445
G1 X143.511 Y90.315 E.01914
G1 X143.629 Y89.911 E.01398
G1 X143.685 Y89.28 E.02099
G1 X143.685 Y59.228 E.99688
G1 X143.628 Y58.597 E.02104
G1 X143.43 Y57.928 E.02313
G1 X143.097 Y57.285 E.02402
G1 X142.623 Y56.704 E.02488
G1 X142.055 Y56.244 E.02426
G1 X141.416 Y55.91 E.02393
G1 X140.734 Y55.712 E.02354
G1 X140.101 Y55.655 E.02108
G1 X100.052 Y55.655 E1.3285
G1 X99.421 Y55.712 E.02101
G1 X98.753 Y55.911 E.02312
G1 X98.114 Y56.241 E.02386
G1 X97.531 Y56.702 E.02465
G1 X97.059 Y57.287 E.02492
G1 X97.05 Y57.304 E.00064
M204 S2000
G1 X96.704 Y57.125 F18000
;TYPE:Gap infill
;WIDTH:0.429785
G1 F6000
G1 X96.501 Y57.518 E.01394
;WIDTH:0.426324
G1 X96.378 Y57.787 E.00926
G1 X96.293 Y58.076 E.0094
;WIDTH:0.374444
G1 X96.182 Y58.549 E.01312
;WIDTH:0.374771
G1 X96.136 Y58.858 E.00846
;WIDTH:0.393553
G1 X96.088 Y59.199 E.00984
;WIDTH:0.429389
G1 X96.086 Y89.292 E.94769
G1 X96.151 Y89.986 E.02195
G1 X96.353 Y90.708 E.02363
G1 X96.73 Y91.448 E.02614
G1 X97.254 Y92.085 E.02598
G1 X97.894 Y92.61 E.02605
G1 X98.597 Y92.973 E.02493
G1 X99.065 Y93.089 E.0152
G1 X99.622 Y93.199 E.01786
G1 X100.125 Y93.262 E.01596
G1 X140.029 Y93.262 E1.25667
G1 X140.807 Y93.194 E.02458
G1 X141.546 Y92.98 E.02425
G1 X142.264 Y92.61 E.02544
G1 X142.91 Y92.079 E.02633
G1 X143.432 Y91.446 E.02584
G1 X143.659 Y91.007 E.01557
;WIDTH:0.432308
G1 X143.788 Y90.722 E.00991
G1 X144.018 Y89.985 E.02452
G1 X144.084 Y89.208 E.02472
G1 X144.08 Y59.219 E.95155
G1 X144.019 Y58.536 E.02178
G1 X143.802 Y57.792 E.02457
G1 X143.431 Y57.072 E.02572
G1 X142.888 Y56.41 E.02714
G1 X142.269 Y55.91 E.02526
G1 X141.544 Y55.538 E.02583
;WIDTH:0.405155
G1 X141.18 Y55.449 E.01108
;WIDTH:0.371426
G1 X140.786 Y55.355 E.01086
;WIDTH:0.373335
G1 X140.477 Y55.31 E.0084
;WIDTH:0.429785
G1 X140.031 Y55.258 E.01415
G1 X100.043 Y55.261 E1.26061
G1 X99.357 Y55.322 E.0217
G1 X98.622 Y55.536 E.02415
G1 X97.889 Y55.911 E.02594
G1 X97.254 Y56.424 E.02574
G1 X96.732 Y57.07 E.02618
G1 X96.713 Y57.107 E.00131
; stop printing object USV 1 e2mm.stl_1 id:1 copy 0
; end of layer_num: 19, T: 0, print_z: 3.840000
;LAYER_CHANGE
;Z:4.04
;HEIGHT:0.2
; BEFORE_LAYER_CHANGE 19 @ 4.04mm
G92 E0
; AFTER_LAYER_CHANGE 19 @ 4.04mm
; start of layer_num: 20, T: 0, print_z: 4.040000
; printing object "USV 1 e2mm.stl_3" id:0 copy 0
G1 E-.8 F3600
G1 X123.173 Y127.428 Z4.04 F18000
G1 E.8 F3600
M204 S1000
;TYPE:Outer wall
;WIDTH:0.42
G1 F3000
G1 X123.175 Y127.427 E.00008
G1 X123.342 Y127.378 E.00535
G1 X124.776 Y127.103 E.04487
G1 X124.95 Y127.088 E.00537
G1 X164.926 Y127.088 E1.22835
G1 X165.63 Y127.152 E.02173
G1 X165.802 Y127.168 E.00529
G1 X166.702 Y127.427 E.02878
G1 X167.562 Y127.869 E.02971
G1 X168.32 Y128.491 E.03014
G1 X168.943 Y129.262 E.03045
G1 X169.386 Y130.123 E.02974
G1 X169.434 Y130.289 E.00532
G1 X169.706 Y131.715 E.04461
G1 X169.722 Y131.887 E.00532
G1 X169.722 Y161.867 E.9212
G1 X169.641 Y162.754 E.02736
G1 X169.386 Y163.643 E.02843
G1 X168.943 Y164.503 E.02974
G1 X168.32 Y165.274 E.03044
G1 X167.562 Y165.892 E.03007
G1 X166.702 Y166.338 E.02977
G1 X166.533 Y166.386 E.0054
G1 X165.098 Y166.658 E.04488
G1 X164.926 Y166.674 E.0053
G1 X124.95 Y166.674 E1.22835
G1 X124.063 Y166.593 E.02739
G1 X123.175 Y166.339 E.02838
G1 X122.314 Y165.892 E.0298
G1 X121.544 Y165.273 E.03036
G1 X120.922 Y164.503 E.03041
G1 X120.479 Y163.643 E.02975
G1 X120.22 Y162.753 E.02845
G1 X120.14 Y161.867 E.02735
G1 X120.14 Y131.887 E.9212
G1 X120.22 Y131.008 E.02713
G1 X120.479 Y130.123 E.02834
G1 X120.922 Y129.262 E.02975
G1 X121.544 Y128.492 E.03042
G1 X122.314 Y127.869 E.03042
G1 X123.155 Y127.437 E.02905
M204 S2000
G1 X123.321 Y127.792 F18000
M204 S1500
;TYPE:Inner wall
;WIDTH:0.45
G1 F4800
G1 X124.831 Y127.492 E.05108
G1 X124.968 Y127.48 E.00457
G1 X164.908 Y127.48 E1.32489
G1 X165.595 Y127.543 E.02286
G1 X165.729 Y127.555 E.00448
G1 X166.557 Y127.793 E.02857
G1 X167.345 Y128.199 E.02942
G1 X168.04 Y128.769 E.02982
G1 X168.613 Y129.477 E.0302
G1 X169.02 Y130.268 E.02951
G1 X169.317 Y131.77 E.05078
G1 X169.33 Y131.905 E.00451
G1 X169.33 Y161.849 E.99331
G1 X169.254 Y162.681 E.02771
G1 X169.019 Y163.498 E.02818
G1 X168.613 Y164.288 E.02949
G1 X168.041 Y164.996 E.03017
G1 X167.345 Y165.563 E.02977
G1 X166.557 Y165.972 E.02947
G1 X165.043 Y166.269 E.05116
G1 X164.908 Y166.282 E.0045
G1 X124.968 Y166.282 E1.32489
G1 X124.135 Y166.206 E.02775
G1 X123.321 Y165.973 E.0281
G1 X122.529 Y165.562 E.02958
G1 X121.822 Y164.994 E.03008
G1 X121.252 Y164.288 E.0301
G1 X120.845 Y163.497 E.02952
G1 X120.607 Y162.68 E.02821
G1 X120.532 Y161.849 E.02768
G1 X120.532 Y131.905 E.99331
G1 X120.607 Y131.081 E.02743
G1 X120.845 Y130.269 E.02808
G1 X121.252 Y129.477 E.02954
G1 X121.823 Y128.771 E.03013
G1 X122.529 Y128.2 E.03013
G1 X123.303 Y127.802 E.02886
M204 S2000
G1 E-.8 F3600
G1 X121.778 Y162.477 F18000
G1 E.8 F3600
M204 S1000
;TYPE:Outer wall
;WIDTH:0.42
G1 F3000
G1 X121.867 Y162.781 E.00974
G1 X122.09 Y163.337 E.0184
G1 X122.248 Y163.643 E.01057
G1 X122.67 Y164.148 E.02024
G1 X123.175 Y164.566 E.02013
G1 X123.746 Y164.863 E.01979
G1 X124.353 Y165.04 E.01942
G1 X124.931 Y165.096 E.01783
G1 X164.946 Y165.096 E1.22956
G1 X165.246 Y165.066 E.00927
G1 X165.8 Y164.957 E.01736
G1 X166.115 Y164.863 E.01008
G1 X166.688 Y164.566 E.01984
G1 X167.206 Y164.149 E.02044
G1 X167.625 Y163.642 E.0202
G1 X167.924 Y163.065 E.01996
G1 X168.088 Y162.458 E.01932
G1 X168.143 Y161.887 E.01765
G1 X168.143 Y131.868 E.9224
G1 X168.088 Y131.29 E.01782
G1 X168.001 Y130.976 E.01003
G1 X167.783 Y130.426 E.01817
G1 X167.625 Y130.123 E.0105
G1 X167.206 Y129.613 E.02028
G1 X166.688 Y129.195 E.02046
G1 X166.115 Y128.898 E.01984
G1 X165.519 Y128.721 E.01908
G1 X164.945 Y128.67 E.01772
G1 X124.931 Y128.67 E1.22951
G1 X124.354 Y128.721 E.01782
G1 X123.746 Y128.898 E.01944
G1 X123.175 Y129.196 E.01979
G1 X122.67 Y129.613 E.02015
G1 X122.248 Y130.123 E.02032
G1 X121.95 Y130.693 E.01978
G1 X121.774 Y131.289 E.01909
G1 X121.722 Y131.868 E.01787
G1 X121.722 Y161.886 E.92236
G1 X121.773 Y162.457 E.01763
M204 S2000
G1 X121.402 Y162.586 F18000
M204 S1500
;TYPE:Inner wall
;WIDTH:0.45
G1 F4800
G1 X121.496 Y162.909 E.01116
G1 X121.733 Y163.5 E.02113
G1 X121.919 Y163.861 E.01347
G1 X122.392 Y164.427 E.02447
G1 X122.957 Y164.894 E.02431
G1 X123.599 Y165.229 E.02403
G1 X124.279 Y165.427 E.02347
G1 X124.912 Y165.488 E.02109
G1 X164.965 Y165.488 E1.32864
G1 X165.303 Y165.455 E.01128
G1 X165.894 Y165.338 E.01998
G1 X166.262 Y165.229 E.01272
G1 X166.903 Y164.896 E.02397
G1 X167.483 Y164.429 E.0247
G1 X167.954 Y163.86 E.02451
G1 X168.291 Y163.208 E.02433
G1 X168.475 Y162.529 E.02335
G1 X168.535 Y161.905 E.02078
G1 X168.535 Y131.849 E.99702
G1 X168.475 Y131.219 E.021
G1 X168.373 Y130.851 E.01267
G1 X168.14 Y130.263 E.02098
G1 X167.954 Y129.906 E.01335
G1 X167.484 Y129.333 E.02458
G1 X166.903 Y128.865 E.02474
G1 X166.262 Y128.533 E.02397
G1 X165.594 Y128.334 E.02312
G1 X164.963 Y128.278 E.02101
G1 X124.914 Y128.278 E1.3285
G1 X124.281 Y128.334 E.02108
G1 X123.599 Y128.532 E.02354
G1 X122.957 Y128.867 E.02403
G1 X122.391 Y129.335 E.02435
G1 X121.919 Y129.905 E.02454
G1 X121.585 Y130.546 E.02398
G1 X121.386 Y131.215 E.02316
G1 X121.33 Y131.851 E.02117
G1 X121.33 Y161.904 E.99691
G1 X121.386 Y162.533 E.02095
G1 X121.396 Y162.567 E.00119
G1 E-.8 F3600
M204 S2000
G1 X121.018 Y162.677 F18000
G1 E.8 F3600
;TYPE:Gap infill
;WIDTH:0.431094
G1 F6000
G1 X121.12 Y163.029 E.0116
G1 X121.228 Y163.344 E.01054
G1 X121.584 Y164.072 E.02562
G1 X122.107 Y164.709 E.02606
G1 X122.723 Y165.212 E.02515
G1 X123.468 Y165.603 E.02663
G1 X124.208 Y165.816 E.02436
G1 X124.986 Y165.885 E.02471
G1 X164.993 Y165.874 E1.26547
;WIDTH:0.385507
G1 X165.992 Y165.699 E.02831
;WIDTH:0.429496
G1 X166.417 Y165.596 E.01379
G1 X167.125 Y165.228 E.02513
G1 X167.759 Y164.715 E.02568
G1 X168.269 Y164.092 E.02536
G1 X168.662 Y163.331 E.02696
G1 X168.864 Y162.608 E.02365
G1 X168.927 Y161.933 E.02136
G1 X168.922 Y131.822 E.94852
;WIDTH:0.395648
G1 X168.875 Y131.495 E.0095
;WIDTH:0.366093
G1 X168.824 Y131.141 E.00942
G1 X168.726 Y130.723 E.01132
;WIDTH:0.402238
G1 X168.681 Y130.566 E.00476
;WIDTH:0.432776
G1 X168.636 Y130.41 E.00517
G1 X168.499 Y130.109 E.0105
G1 X168.283 Y129.692 E.01492
G1 X167.759 Y129.048 E.02637
G1 X167.126 Y128.533 E.02593
G1 X166.393 Y128.158 E.02614
G1 X165.656 Y127.944 E.02438
G1 X164.972 Y127.882 E.02182
G1 X124.888 Y127.889 E1.27339
;WIDTH:0.398045
G1 X124.559 Y127.935 E.00962
;WIDTH:0.364166
G1 X124.2 Y127.986 E.00948
;WIDTH:0.367133
G1 X123.835 Y128.073 E.00992
;WIDTH:0.422237
G1 X123.459 Y128.164 E.01197
G1 X122.746 Y128.532 E.0248
G1 X122.107 Y129.054 E.02552
G1 X121.602 Y129.67 E.0246
G1 X121.212 Y130.416 E.02601
G1 X120.996 Y131.155 E.02382
G1 X120.936 Y131.825 E.02077
;WIDTH:0.431094
G1 X120.935 Y161.913 E.95172
G1 X120.997 Y162.607 E.02204
G1 X121.012 Y162.657 E.00167
; stop printing object USV 1 e2mm.stl_3 id:0 copy 0
; printing object "USV 1 e2mm.stl_1" id:1 copy 0
G1 E-.8 F3600
G1 X98.31 Y93.714 F18000
G1 E.8 F3600
M204 S1000
;TYPE:Outer wall
;WIDTH:0.42
G1 F3000
G1 X97.454 Y93.273 E.0296
G1 X96.695 Y92.64 E.03038
G1 X96.072 Y91.881 E.03019
G1 X95.629 Y91.021 E.02971
G1 X95.373 Y90.132 E.02843
G1 X95.293 Y89.244 E.02739
G1 X95.293 Y59.265 E.92117
G1 X95.309 Y59.093 E.0053
G1 X95.581 Y57.666 E.04463
G1 X95.629 Y57.499 E.00534
G1 X96.072 Y56.64 E.02971
G1 X96.695 Y55.869 E.03045
G1 X97.453 Y55.247 E.03014
G1 X98.313 Y54.805 E.02972
G1 X99.213 Y54.545 E.02877
G1 X100.088 Y54.468 E.027
G1 X140.065 Y54.468 E1.22838
G1 X140.239 Y54.483 E.00537
G1 X141.673 Y54.756 E.04484
G1 X141.84 Y54.804 E.00534
G1 X142.701 Y55.247 E.02975
G1 X143.471 Y55.87 E.03042
G1 X144.093 Y56.64 E.03042
G1 X144.536 Y57.5 E.02972
G1 X144.795 Y58.389 E.02845
G1 X144.875 Y59.265 E.02704
G1 X144.875 Y89.244 E.92117
G1 X144.795 Y90.131 E.02738
G1 X144.536 Y91.02 E.02845
G1 X144.094 Y91.881 E.02972
G1 X143.471 Y92.639 E.03016
G1 X142.7 Y93.273 E.03066
G1 X141.84 Y93.715 E.02971
G1 X140.952 Y93.971 E.0284
G1 X140.065 Y94.051 E.02738
G1 X100.089 Y94.051 E1.22835
G1 X99.917 Y94.036 E.0053
G1 X98.482 Y93.763 E.04488
G1 X98.329 Y93.72 E.00488
M204 S2000
G1 X98.457 Y93.349 F18000
M204 S1500
;TYPE:Inner wall
;WIDTH:0.45
G1 F4800
G1 X97.672 Y92.945 E.02931
G1 X96.974 Y92.363 E.03013
G1 X96.401 Y91.664 E.02998
G1 X95.995 Y90.875 E.02942
G1 X95.761 Y90.059 E.02818
G1 X95.685 Y89.226 E.02774
G1 X95.685 Y59.283 E.99327
G1 X95.698 Y59.148 E.0045
G1 X95.995 Y57.645 E.05084
G1 X96.402 Y56.855 E.02947
G1 X96.975 Y56.147 E.03021
G1 X97.669 Y55.577 E.02982
G1 X98.458 Y55.171 E.02943
G1 X99.285 Y54.932 E.02853
G1 X100.105 Y54.861 E.02732
G1 X140.186 Y54.872 E1.32954
G1 X141.694 Y55.17 E.05099
G1 X142.486 Y55.578 E.02954
G1 X143.192 Y56.149 E.03013
G1 X143.763 Y56.855 E.03013
G1 X144.17 Y57.645 E.0295
G1 X144.408 Y58.462 E.02821
G1 X144.483 Y59.283 E.02735
G1 X144.483 Y89.226 E.99327
G1 X144.408 Y90.058 E.02771
G1 X144.17 Y90.875 E.0282
G1 X143.764 Y91.664 E.02945
G1 X143.192 Y92.361 E.0299
G1 X142.483 Y92.944 E.03043
G1 X141.695 Y93.349 E.02941
G1 X140.88 Y93.584 E.02815
G1 X140.047 Y93.659 E.02774
G1 X100.107 Y93.659 E1.32489
G1 X99.972 Y93.647 E.0045
G1 X98.477 Y93.353 E.05053
M204 S2000
G1 E-.8 F3600
G1 X97.382 Y57.515 F18000
G1 E.8 F3600
M204 S1000
;TYPE:Outer wall
;WIDTH:0.42
G1 F3000
G1 X97.232 Y57.807 E.01008
G1 X97.014 Y58.358 E.01821
G1 X96.927 Y58.672 E.01003
G1 X96.872 Y59.245 E.0177
G1 X96.872 Y89.263 E.92237
G1 X96.927 Y89.836 E.01768
G1 X97.091 Y90.442 E.01929
G1 X97.39 Y91.019 E.01996
G1 X97.809 Y91.527 E.02023
G1 X98.327 Y91.943 E.02043
G1 X98.9 Y92.24 E.01983
G1 X99.214 Y92.334 E.01008
G1 X99.769 Y92.444 E.01737
G1 X100.069 Y92.472 E.00927
G1 X140.084 Y92.472 E1.22955
G1 X140.662 Y92.418 E.01783
G1 X141.269 Y92.24 E.01943
G1 X141.84 Y91.943 E.01978
G1 X142.345 Y91.526 E.02012
G1 X142.767 Y91.019 E.02027
G1 X142.925 Y90.714 E.01057
G1 X143.148 Y90.159 E.01838
G1 X143.241 Y89.838 E.01027
G1 X143.293 Y89.263 E.01773
G1 X143.293 Y59.246 E.92233
G1 X143.241 Y58.671 E.01775
G1 X143.065 Y58.076 E.01908
G1 X142.768 Y57.502 E.01986
G1 X142.345 Y56.983 E.02056
G1 X141.839 Y56.573 E.02002
G1 X141.269 Y56.276 E.01976
G1 X140.661 Y56.099 E.01944
G1 X140.083 Y56.047 E.01782
G1 X100.07 Y56.047 E1.22951
G1 X99.495 Y56.099 E.01772
G1 X98.9 Y56.276 E.01908
G1 X98.328 Y56.572 E.01981
G1 X97.808 Y56.982 E.02033
G1 X97.393 Y57.498 E.02036
M204 S2000
G1 X97.034 Y57.335 F18000
M204 S1500
;TYPE:Inner wall
;WIDTH:0.45
G1 F4800
G1 X96.874 Y57.644 E.01154
G1 X96.642 Y58.233 E.02101
G1 X96.54 Y58.601 E.01266
G1 X96.48 Y59.227 E.02086
G1 X96.48 Y89.282 E.99699
G1 X96.54 Y89.907 E.02081
G1 X96.724 Y90.585 E.02332
G1 X97.061 Y91.236 E.02431
G1 X97.532 Y91.807 E.02455
G1 X98.112 Y92.273 E.02469
G1 X98.753 Y92.605 E.02394
G1 X99.12 Y92.715 E.01272
G1 X99.712 Y92.832 E.02002
G1 X100.05 Y92.865 E.01128
G1 X140.103 Y92.865 E1.32861
G1 X140.736 Y92.804 E.02111
G1 X141.416 Y92.606 E.0235
G1 X142.057 Y92.271 E.024
G1 X142.623 Y91.805 E.0243
G1 X143.096 Y91.238 E.02451
G1 X143.282 Y90.877 E.01345
G1 X143.519 Y90.287 E.02111
G1 X143.629 Y89.911 E.013
G1 X143.685 Y89.28 E.02099
G1 X143.685 Y59.228 E.99688
G1 X143.628 Y58.597 E.02104
G1 X143.43 Y57.928 E.02313
G1 X143.097 Y57.285 E.02402
G1 X142.623 Y56.704 E.02488
G1 X142.055 Y56.244 E.02426
G1 X141.416 Y55.91 E.02393
G1 X140.734 Y55.712 E.02355
G1 X140.101 Y55.655 E.02108
G1 X100.052 Y55.655 E1.3285
G1 X99.421 Y55.712 E.02101
G1 X98.753 Y55.911 E.02312
G1 X98.114 Y56.241 E.02387
G1 X97.531 Y56.702 E.02465
G1 X97.059 Y57.287 E.02492
G1 X97.043 Y57.317 E.00114
M204 S2000
G1 X96.697 Y57.138 F18000
;TYPE:Gap infill
;WIDTH:0.425237
G1 F6000
G1 X96.515 Y57.491 E.01236
;WIDTH:0.426353
G1 X96.38 Y57.787 E.01017
G1 X96.288 Y58.105 E.01034
;WIDTH:0.367515
G1 X96.186 Y58.549 E.01205
;WIDTH:0.365749
G1 X96.139 Y58.874 E.00864
;WIDTH:0.380765
G1 X96.093 Y59.2 E.00905
;WIDTH:0.429666
G1 X96.088 Y89.31 E.94892
G1 X96.151 Y89.986 E.0214
G1 X96.353 Y90.708 E.02364
G1 X96.73 Y91.448 E.02616
G1 X97.254 Y92.085 E.026
G1 X97.878 Y92.597 E.02542
G1 X98.621 Y92.979 E.02634
;WIDTH:0.405569
G1 X99.038 Y93.08 E.01267
;WIDTH:0.386171
G1 X99.65 Y93.198 E.01743
G1 X100.041 Y93.253 E.01104
;WIDTH:0.431151
G1 X140.029 Y93.262 E1.26506
G1 X140.807 Y93.194 E.02469
G1 X141.548 Y92.979 E.02443
G1 X142.264 Y92.61 E.02549
G1 X142.91 Y92.079 E.02645
G1 X143.432 Y91.446 E.02596
G1 X143.787 Y90.722 E.02551
G1 X144.018 Y89.985 E.02444
G1 X144.084 Y89.208 E.02465
G1 X144.084 Y59.301 E.94613
G1 X144.011 Y58.504 E.02531
G1 X143.802 Y57.792 E.02348
G1 X143.431 Y57.072 E.02564
G1 X142.888 Y56.41 E.02706
G1 X142.269 Y55.91 E.02519
G1 X141.544 Y55.538 E.02576
;WIDTH:0.40454
G1 X141.18 Y55.45 E.01106
;WIDTH:0.369755
G1 X140.786 Y55.356 E.01079
;WIDTH:0.371419
G1 X140.463 Y55.31 E.00873
;WIDTH:0.425237
G1 X140.11 Y55.263 E.01108
G1 X100.043 Y55.261 E1.24825
G1 X99.357 Y55.322 E.02144
G1 X98.622 Y55.536 E.02387
G1 X97.889 Y55.911 E.02564
G1 X97.254 Y56.424 E.02544
G1 X96.732 Y57.07 E.02587
G1 X96.706 Y57.12 E.00177
; stop printing object USV 1 e2mm.stl_1 id:1 copy 0
; end of layer_num: 20, T: 0, print_z: 4.040000
;LAYER_CHANGE
;Z:4.24
;HEIGHT:0.2
; BEFORE_LAYER_CHANGE 20 @ 4.24mm
G92 E0
; AFTER_LAYER_CHANGE 20 @ 4.24mm
; start of layer_num: 21, T: 0, print_z: 4.240000
; printing object "USV 1 e2mm.stl_3" id:0 copy 0
G1 E-.8 F3600
G1 X123.173 Y127.428 Z4.24 F18000
G1 E.8 F3600
M204 S1000
;TYPE:Outer wall
;WIDTH:0.42
G1 F3000
G1 X123.175 Y127.427 E.00008
G1 X124.813 Y127.1 E.05132
G1 X124.95 Y127.088 E.00424
G1 X164.926 Y127.088 E1.22835
G1 X165.667 Y127.156 E.02285
G1 X165.802 Y127.168 E.00417
G1 X166.702 Y127.427 E.02878
G1 X167.562 Y127.869 E.02971
G1 X168.32 Y128.491 E.03014
G1 X168.943 Y129.262 E.03045
G1 X169.386 Y130.123 E.02974
G1 X169.709 Y131.751 E.05102
G1 X169.722 Y131.887 E.0042
G1 X169.722 Y161.867 E.9212
G1 X169.641 Y162.754 E.02736
G1 X169.386 Y163.643 E.02843
G1 X168.943 Y164.503 E.02974
G1 X168.32 Y165.274 E.03044
G1 X167.562 Y165.892 E.03007
G1 X166.702 Y166.338 E.02977
G1 X165.062 Y166.661 E.05137
G1 X164.926 Y166.674 E.00418
G1 X124.95 Y166.674 E1.22835
G1 X124.063 Y166.593 E.02739
G1 X123.175 Y166.339 E.02838
G1 X122.314 Y165.892 E.0298
G1 X121.544 Y165.273 E.03036
G1 X120.922 Y164.503 E.03041
G1 X120.479 Y163.643 E.02975
G1 X120.22 Y162.753 E.02845
G1 X120.14 Y161.867 E.02735
G1 X120.14 Y131.887 E.9212
G1 X120.22 Y131.008 E.02713
G1 X120.479 Y130.123 E.02834
G1 X120.922 Y129.262 E.02975
G1 X121.544 Y128.492 E.03042
G1 X122.314 Y127.869 E.03042
G1 X123.155 Y127.437 E.02905
M204 S2000
G1 X123.321 Y127.792 F18000
M204 S1500
;TYPE:Inner wall
;WIDTH:0.45
G1 F4800
G1 X124.968 Y127.48 E.05562
G1 X164.908 Y127.48 E1.32489
G1 X165.631 Y127.546 E.02407
G1 X165.729 Y127.555 E.00328
G1 X166.557 Y127.793 E.02857
G1 X167.345 Y128.199 E.02942
G1 X168.04 Y128.769 E.02982
G1 X168.613 Y129.477 E.0302
G1 X169.02 Y130.268 E.02951
G1 X169.33 Y131.905 E.05527
G1 X169.33 Y161.849 E.99331
G1 X169.254 Y162.681 E.02771
G1 X169.019 Y163.498 E.02818
G1 X168.613 Y164.288 E.02949
G1 X168.041 Y164.996 E.03017
G1 X167.345 Y165.563 E.02977
G1 X166.557 Y165.972 E.02947
G1 X164.908 Y166.282 E.05564
G1 X124.968 Y166.282 E1.32489
G1 X124.135 Y166.206 E.02775
G1 X123.321 Y165.973 E.0281
G1 X122.529 Y165.562 E.02958
G1 X121.822 Y164.994 E.03008
G1 X121.252 Y164.288 E.0301
G1 X120.845 Y163.497 E.02952
G1 X120.607 Y162.68 E.02821
G1 X120.532 Y161.849 E.02768
G1 X120.532 Y131.905 E.99331
G1 X120.607 Y131.081 E.02743
G1 X120.845 Y130.269 E.02808
G1 X121.252 Y129.477 E.02954
G1 X121.823 Y128.771 E.03013
G1 X122.529 Y128.2 E.03013
G1 X123.303 Y127.802 E.02886
M204 S2000
G1 E-.8 F3600
G1 X121.783 Y162.491 F18000
G1 E.8 F3600
M204 S1000
;TYPE:Outer wall
;WIDTH:0.42
G1 F3000
G1 X121.859 Y162.753 E.00838
G1 X122.104 Y163.364 E.02023
G1 X122.248 Y163.643 E.00964
G1 X122.67 Y164.148 E.02024
G1 X123.175 Y164.566 E.02013
G1 X123.746 Y164.863 E.01979
G1 X124.353 Y165.04 E.01942
G1 X124.931 Y165.096 E.01783
G1 X164.946 Y165.096 E1.22956
G1 X165.219 Y165.069 E.00843
G1 X165.828 Y164.948 E.01908
G1 X166.115 Y164.863 E.00918
G1 X166.688 Y164.566 E.01984
G1 X167.206 Y164.149 E.02044
G1 X167.625 Y163.642 E.0202
G1 X167.924 Y163.065 E.01996
G1 X168.088 Y162.458 E.01932
G1 X168.143 Y161.887 E.01765
G1 X168.143 Y131.868 E.9224
G1 X168.088 Y131.29 E.01782
G1 X168.009 Y131.004 E.00914
G1 X167.769 Y130.4 E.01997
G1 X167.625 Y130.123 E.00957
G1 X167.206 Y129.613 E.02028
G1 X166.688 Y129.195 E.02046
G1 X166.115 Y128.898 E.01984
G1 X165.519 Y128.721 E.01908
G1 X164.945 Y128.67 E.01772
G1 X124.931 Y128.67 E1.22951
G1 X124.354 Y128.721 E.01782
G1 X123.746 Y128.898 E.01944
G1 X123.175 Y129.196 E.01979
G1 X122.67 Y129.613 E.02015
G1 X122.248 Y130.123 E.02032
G1 X121.95 Y130.693 E.01978
G1 X121.774 Y131.289 E.01909
G1 X121.722 Y131.868 E.01787
G1 X121.722 Y161.886 E.92236
G1 X121.773 Y162.46 E.0177
G1 X121.777 Y162.472 E.00039
M204 S2000
G1 X121.406 Y162.6 F18000
M204 S1500
;TYPE:Inner wall
;WIDTH:0.45
G1 F4800
G1 X121.488 Y162.881 E.00969
G1 X121.747 Y163.527 E.02311
G1 X121.919 Y163.861 E.01246
G1 X122.392 Y164.427 E.02447
G1 X122.957 Y164.894 E.02431
G1 X123.599 Y165.229 E.02403
G1 X124.279 Y165.427 E.02347
G1 X124.912 Y165.488 E.02109
G1 X164.965 Y165.488 E1.32864
G1 X165.276 Y165.457 E.01037
G1 X165.922 Y165.329 E.02184
G1 X166.262 Y165.229 E.01175
G1 X166.903 Y164.896 E.02397
G1 X167.483 Y164.429 E.0247
G1 X167.954 Y163.86 E.02451
G1 X168.291 Y163.208 E.02433
G1 X168.475 Y162.529 E.02335
G1 X168.535 Y161.905 E.02078
G1 X168.535 Y131.849 E.99702
G1 X168.475 Y131.219 E.021
G1 X168.381 Y130.879 E.01172
G1 X168.126 Y130.236 E.02293
G1 X167.954 Y129.906 E.01235
G1 X167.484 Y129.333 E.02458
G1 X166.903 Y128.865 E.02474
G1 X166.262 Y128.533 E.02397
G1 X165.594 Y128.334 E.02312
G1 X164.963 Y128.278 E.02101
G1 X124.914 Y128.278 E1.3285
G1 X124.281 Y128.334 E.02108
G1 X123.599 Y128.532 E.02354
G1 X122.957 Y128.867 E.02403
G1 X122.391 Y129.335 E.02435
G1 X121.919 Y129.905 E.02455
G1 X121.585 Y130.546 E.02398
G1 X121.386 Y131.215 E.02316
G1 X121.33 Y131.851 E.02117
G1 X121.33 Y161.904 E.99691
G1 X121.386 Y162.533 E.02095
G1 X121.4 Y162.581 E.00168
G1 E-.8 F3600
M204 S2000
G1 X121.022 Y162.691 F18000
G1 E.8 F3600
;TYPE:Gap infill
;WIDTH:0.431121
G1 F6000
G1 X121.111 Y163 E.0102
G1 X121.229 Y163.344 E.01148
G1 X121.584 Y164.072 E.02562
G1 X122.107 Y164.709 E.02606
G1 X122.723 Y165.212 E.02515
G1 X123.468 Y165.603 E.02663
G1 X124.208 Y165.816 E.02436
G1 X124.986 Y165.885 E.02471
G1 X164.993 Y165.874 E1.26555
;WIDTH:0.392796
G1 X166.004 Y165.696 E.02929
G1 X166.393 Y165.603 E.01139
;WIDTH:0.429769
G1 X167.137 Y165.219 E.02639
G1 X167.759 Y164.715 E.02523
G1 X168.283 Y164.073 E.02611
G1 X168.662 Y163.331 E.02626
G1 X168.864 Y162.608 E.02367
G1 X168.927 Y161.933 E.02137
G1 X168.922 Y131.822 E.94919
;WIDTH:0.395649
G1 X168.875 Y131.495 E.0095
;WIDTH:0.365389
G1 X168.824 Y131.141 E.00939
G1 X168.733 Y130.751 E.01053
;WIDTH:0.401186
G1 X168.684 Y130.581 E.00517
;WIDTH:0.432808
G1 X168.634 Y130.411 E.00563
G1 X168.283 Y129.692 E.02542
G1 X167.759 Y129.048 E.02637
G1 X167.126 Y128.533 E.02593
G1 X166.393 Y128.158 E.02614
G1 X165.656 Y127.944 E.02439
G1 X164.972 Y127.882 E.02182
G1 X124.888 Y127.889 E1.27349
;WIDTH:0.398047
G1 X124.559 Y127.935 E.00962
;WIDTH:0.364166
G1 X124.2 Y127.986 E.00948
;WIDTH:0.367131
G1 X123.835 Y128.073 E.00992
;WIDTH:0.422237
G1 X123.459 Y128.164 E.01197
G1 X122.746 Y128.532 E.0248
G1 X122.107 Y129.054 E.02552
G1 X121.602 Y129.67 E.0246
G1 X121.212 Y130.416 E.02601
G1 X120.996 Y131.155 E.02382
G1 X120.936 Y131.825 E.02077
;WIDTH:0.431121
G1 X120.935 Y161.913 E.95179
G1 X120.997 Y162.607 E.02204
G1 X121.016 Y162.672 E.00214
; stop printing object USV 1 e2mm.stl_3 id:0 copy 0
; printing object "USV 1 e2mm.stl_1" id:1 copy 0
G1 E-.8 F3600
G1 X98.31 Y93.714 F18000
G1 E.8 F3600
M204 S1000
;TYPE:Outer wall
;WIDTH:0.42
G1 F3000
G1 X97.454 Y93.273 E.0296
G1 X96.695 Y92.64 E.03038
G1 X96.072 Y91.881 E.03019
G1 X95.629 Y91.021 E.02971
G1 X95.373 Y90.132 E.02843
G1 X95.293 Y89.244 E.02739
G1 X95.293 Y59.265 E.92117
G1 X95.305 Y59.13 E.00418
G1 X95.629 Y57.499 E.05107
G1 X96.072 Y56.64 E.02971
G1 X96.695 Y55.869 E.03045
G1 X97.453 Y55.247 E.03014
G1 X98.313 Y54.805 E.02972
G1 X99.213 Y54.545 E.02877
G1 X100.088 Y54.468 E.027
G1 X140.203 Y54.48 E1.2326
G1 X141.71 Y54.766 E.04715
G1 X141.84 Y54.804 E.00415
G1 X142.701 Y55.247 E.02975
G1 X143.471 Y55.87 E.03042
G1 X144.093 Y56.64 E.03042
G1 X144.536 Y57.5 E.02972
G1 X144.795 Y58.389 E.02845
G1 X144.875 Y59.265 E.02704
G1 X144.875 Y89.244 E.92117
G1 X144.795 Y90.131 E.02738
G1 X144.536 Y91.02 E.02845
G1 X144.094 Y91.881 E.02972
G1 X143.471 Y92.639 E.03016
G1 X142.7 Y93.273 E.03066
G1 X141.84 Y93.715 E.02971
G1 X140.952 Y93.971 E.0284
G1 X140.065 Y94.051 E.02738
G1 X100.089 Y94.051 E1.22835
G1 X99.953 Y94.039 E.00418
G1 X98.33 Y93.719 E.05085
M204 S2000
G1 X98.457 Y93.349 F18000
M204 S1500
;TYPE:Inner wall
;WIDTH:0.45
G1 F4800
G1 X97.672 Y92.945 E.02931
G1 X96.974 Y92.363 E.03013
G1 X96.401 Y91.664 E.02998
G1 X95.995 Y90.875 E.02942
G1 X95.761 Y90.059 E.02818
G1 X95.685 Y89.226 E.02774
G1 X95.685 Y59.283 E.99327
G1 X95.995 Y57.645 E.05531
G1 X96.402 Y56.855 E.02947
G1 X96.975 Y56.147 E.03021
G1 X97.669 Y55.577 E.02982
G1 X98.458 Y55.171 E.02943
G1 X99.285 Y54.932 E.02853
G1 X100.105 Y54.861 E.02732
G1 X140.149 Y54.869 E1.32832
G1 X141.694 Y55.17 E.05221
G1 X142.486 Y55.578 E.02954
G1 X143.192 Y56.149 E.03013
G1 X143.763 Y56.855 E.03013
G1 X144.17 Y57.645 E.0295
G1 X144.408 Y58.462 E.02821
G1 X144.483 Y59.283 E.02735
G1 X144.483 Y89.226 E.99327
G1 X144.408 Y90.058 E.02771
G1 X144.17 Y90.875 E.0282
G1 X143.764 Y91.664 E.02945
G1 X143.192 Y92.361 E.0299
G1 X142.483 Y92.944 E.03043
G1 X141.695 Y93.349 E.02941
G1 X140.88 Y93.584 E.02815
G1 X140.047 Y93.659 E.02774
G1 X100.107 Y93.659 E1.32489
G1 X98.477 Y93.352 E.05501
M204 S2000
G1 E-.8 F3600
G1 X97.375 Y57.529 F18000
G1 E.8 F3600
M204 S1000
;TYPE:Outer wall
;WIDTH:0.42
G1 F3000
G1 X97.246 Y57.78 E.00868
G1 X97.006 Y58.386 E.02002
G1 X96.927 Y58.672 E.00914
G1 X96.872 Y59.245 E.0177
G1 X96.872 Y89.263 E.92237
G1 X96.927 Y89.836 E.01768
G1 X97.091 Y90.442 E.01929
G1 X97.39 Y91.019 E.01996
G1 X97.809 Y91.527 E.02023
G1 X98.327 Y91.943 E.02043
G1 X98.9 Y92.24 E.01983
G1 X99.187 Y92.326 E.00919
G1 X99.796 Y92.446 E.01909
G1 X100.069 Y92.472 E.00843
G1 X140.084 Y92.472 E1.22955
G1 X140.662 Y92.418 E.01783
G1 X141.269 Y92.24 E.01943
G1 X141.84 Y91.943 E.01978
G1 X142.345 Y91.526 E.02012
G1 X142.767 Y91.019 E.02027
G1 X142.911 Y90.741 E.00964
G1 X143.156 Y90.13 E.02021
G1 X143.241 Y89.838 E.00937
G1 X143.293 Y89.263 E.01773
G1 X143.293 Y59.246 E.92233
G1 X143.241 Y58.671 E.01775
G1 X143.065 Y58.076 E.01908
G1 X142.768 Y57.502 E.01986
G1 X142.345 Y56.983 E.02056
G1 X141.839 Y56.573 E.02002
G1 X141.269 Y56.276 E.01976
G1 X140.661 Y56.099 E.01944
G1 X140.083 Y56.047 E.01782
G1 X100.07 Y56.047 E1.22951
G1 X99.495 Y56.099 E.01772
G1 X98.9 Y56.276 E.01908
G1 X98.328 Y56.572 E.01981
G1 X97.808 Y56.982 E.02033
G1 X97.389 Y57.502 E.02052
G1 X97.385 Y57.511 E.00031
M204 S2000
G1 X97.027 Y57.349 F18000
M204 S1500
;TYPE:Inner wall
;WIDTH:0.45
G1 F4800
G1 X96.888 Y57.617 E.01003
G1 X96.634 Y58.261 E.02296
G1 X96.54 Y58.601 E.0117
G1 X96.48 Y59.227 E.02086
G1 X96.48 Y89.282 E.99699
G1 X96.54 Y89.907 E.02081
G1 X96.724 Y90.585 E.02332
G1 X97.061 Y91.236 E.02431
G1 X97.532 Y91.807 E.02455
G1 X98.112 Y92.273 E.02469
G1 X98.753 Y92.605 E.02394
G1 X99.092 Y92.707 E.01176
G1 X99.739 Y92.835 E.02188
G1 X100.05 Y92.865 E.01037
G1 X140.103 Y92.865 E1.32861
G1 X140.736 Y92.804 E.02111
G1 X141.416 Y92.606 E.0235
G1 X142.057 Y92.271 E.024
G1 X142.623 Y91.805 E.0243
G1 X143.096 Y91.238 E.02451
G1 X143.268 Y90.904 E.01245
G1 X143.527 Y90.258 E.02309
G1 X143.629 Y89.911 E.01201
G1 X143.685 Y89.28 E.02099
G1 X143.685 Y59.228 E.99688
G1 X143.628 Y58.597 E.02104
G1 X143.43 Y57.928 E.02313
G1 X143.097 Y57.285 E.02402
G1 X142.623 Y56.704 E.02488
G1 X142.055 Y56.244 E.02426
G1 X141.416 Y55.91 E.02393
G1 X140.734 Y55.712 E.02354
G1 X140.101 Y55.655 E.02108
G1 X100.052 Y55.655 E1.3285
G1 X99.421 Y55.712 E.02101
G1 X98.753 Y55.911 E.02312
G1 X98.114 Y56.241 E.02387
G1 X97.531 Y56.702 E.02465
G1 X97.059 Y57.287 E.02492
G1 X97.036 Y57.331 E.00165
M204 S2000
G1 X96.69 Y57.152 F18000
;TYPE:Gap infill
;WIDTH:0.42663
G1 F6000
G1 X96.528 Y57.464 E.01098
;WIDTH:0.427298
G1 X96.381 Y57.788 E.01114
G1 X96.282 Y58.133 E.01127
;WIDTH:0.36631
G1 X96.186 Y58.549 E.01124
;WIDTH:0.365751
G1 X96.139 Y58.874 E.00864
;WIDTH:0.380767
G1 X96.093 Y59.2 E.00905
;WIDTH:0.42941
G1 X96.088 Y89.31 E.94829
G1 X96.151 Y89.986 E.02139
G1 X96.353 Y90.708 E.02363
G1 X96.746 Y91.468 E.02693
G1 X97.254 Y92.085 E.02518
G1 X97.894 Y92.609 E.02605
G1 X98.596 Y92.972 E.0249
G1 X99.01 Y93.073 E.0134
;WIDTH:0.387878
G1 X100.041 Y93.253 E.02942
;WIDTH:0.431176
G1 X140.029 Y93.262 E1.26515
G1 X140.807 Y93.194 E.02469
G1 X141.548 Y92.979 E.02443
G1 X142.264 Y92.61 E.02549
G1 X142.91 Y92.079 E.02646
G1 X143.432 Y91.446 E.02596
G1 X143.786 Y90.721 E.02551
G1 X144.018 Y89.985 E.02444
G1 X144.084 Y89.208 E.02465
G1 X144.084 Y59.301 E.94619
G1 X144.011 Y58.504 E.02532
G1 X143.802 Y57.792 E.02348
G1 X143.431 Y57.072 E.02564
G1 X142.888 Y56.41 E.02706
G1 X142.269 Y55.91 E.02519
G1 X141.544 Y55.539 E.02576
;WIDTH:0.403955
G1 X141.18 Y55.451 E.01104
;WIDTH:0.368166
G1 X140.785 Y55.357 E.01074
;WIDTH:0.369195
G1 X140.456 Y55.311 E.00884
;WIDTH:0.42663
G1 X140.103 Y55.262 E.01115
G1 X100.043 Y55.261 E1.25258
G1 X99.357 Y55.322 E.02152
G1 X98.622 Y55.536 E.02395
G1 X97.889 Y55.911 E.02573
G1 X97.254 Y56.424 E.02553
G1 X96.732 Y57.07 E.02597
G1 X96.699 Y57.134 E.00225
; stop printing object USV 1 e2mm.stl_1 id:1 copy 0
; end of layer_num: 21, T: 0, print_z: 4.240000
;LAYER_CHANGE
;Z:4.44
;HEIGHT:0.2
; BEFORE_LAYER_CHANGE 21 @ 4.44mm
G92 E0
; AFTER_LAYER_CHANGE 21 @ 4.44mm
; start of layer_num: 22, T: 0, print_z: 4.440000
; printing object "USV 1 e2mm.stl_3" id:0 copy 0
G1 E-.8 F3600
G1 X123.173 Y127.43 Z4.44 F18000
G1 E.8 F3600
M204 S1000
;TYPE:Outer wall
;WIDTH:0.42
G1 F3000
G1 X124.961 Y127.088 E.05593
G1 X164.926 Y127.088 E1.22803
G1 X165.703 Y127.159 E.02396
G1 X165.802 Y127.168 E.00306
G1 X166.702 Y127.427 E.02878
G1 X167.562 Y127.869 E.02971
G1 X168.32 Y128.491 E.03014
G1 X168.943 Y129.262 E.03045
G1 X169.381 Y130.114 E.02944
G1 X169.722 Y131.897 E.0558
G1 X169.722 Y161.867 E.92088
G1 X169.641 Y162.754 E.02736
G1 X169.386 Y163.643 E.02843
G1 X168.943 Y164.503 E.02974
G1 X168.32 Y165.274 E.03044
G1 X167.562 Y165.892 E.03007
G1 X166.71 Y166.334 E.02947
G1 X164.916 Y166.674 E.05611
G1 X124.95 Y166.674 E1.22804
G1 X124.063 Y166.593 E.02739
G1 X123.175 Y166.339 E.02838
G1 X122.314 Y165.892 E.0298
G1 X121.544 Y165.273 E.03036
G1 X120.922 Y164.503 E.03041
G1 X120.479 Y163.643 E.02975
G1 X120.22 Y162.753 E.02845
G1 X120.14 Y161.867 E.02735
G1 X120.14 Y131.887 E.9212
G1 X120.22 Y131.008 E.02713
G1 X120.479 Y130.123 E.02834
G1 X120.922 Y129.262 E.02975
G1 X121.544 Y128.492 E.03042
G1 X122.314 Y127.869 E.03042
G1 X123.154 Y127.437 E.02904
M204 S2000
G1 X123.295 Y127.806 F18000
M204 S1500
;TYPE:Inner wall
;WIDTH:0.45
G1 F4800
G1 X124.998 Y127.48 E.05751
G1 X164.908 Y127.48 E1.3239
G1 X165.667 Y127.549 E.02527
G1 X166.557 Y127.793 E.0306
G1 X167.345 Y128.199 E.02942
G1 X168.04 Y128.769 E.02982
G1 X168.613 Y129.477 E.0302
G1 X169.007 Y130.243 E.02857
G1 X169.33 Y131.935 E.05713
G1 X169.33 Y161.849 E.99233
G1 X169.254 Y162.681 E.02771
G1 X169.019 Y163.498 E.02818
G1 X168.613 Y164.288 E.02949
G1 X168.041 Y164.996 E.03017
G1 X167.345 Y165.563 E.02977
G1 X166.581 Y165.959 E.02857
G1 X164.879 Y166.282 E.05745
G1 X124.968 Y166.282 E1.32393
G1 X124.135 Y166.206 E.02775
G1 X123.321 Y165.973 E.0281
G1 X122.529 Y165.562 E.02958
G1 X121.822 Y164.994 E.03008
G1 X121.252 Y164.288 E.0301
G1 X120.845 Y163.497 E.02952
G1 X120.607 Y162.68 E.02821
G1 X120.532 Y161.849 E.02768
G1 X120.532 Y131.905 E.99331
G1 X120.607 Y131.081 E.02743
G1 X120.845 Y130.269 E.02808
G1 X121.252 Y129.477 E.02954
G1 X121.823 Y128.771 E.03013
G1 X122.529 Y128.2 E.03013
G1 X123.277 Y127.815 E.02791
M204 S2000
G1 E-.8 F3600
G1 X121.787 Y162.505 F18000
G1 E.8 F3600
M204 S1000
;TYPE:Outer wall
;WIDTH:0.42
G1 F3000
G1 X121.85 Y162.724 E.00701
G1 X122.118 Y163.391 E.02206
G1 X122.248 Y163.643 E.00871
G1 X122.67 Y164.148 E.02024
G1 X123.175 Y164.566 E.02013
G1 X123.746 Y164.863 E.01979
G1 X124.353 Y165.04 E.01942
G1 X124.931 Y165.096 E.01783
G1 X164.946 Y165.096 E1.22956
G1 X165.192 Y165.072 E.00759
G1 X165.856 Y164.94 E.0208
G1 X166.115 Y164.863 E.00829
G1 X166.688 Y164.566 E.01984
G1 X167.206 Y164.149 E.02044
G1 X167.625 Y163.642 E.0202
G1 X167.924 Y163.065 E.01996
G1 X168.088 Y162.458 E.01932
G1 X168.143 Y161.887 E.01765
G1 X168.143 Y131.868 E.9224
G1 X168.088 Y131.29 E.01782
G1 X168.016 Y131.031 E.00826
G1 X167.755 Y130.373 E.02177
G1 X167.625 Y130.123 E.00865
G1 X167.206 Y129.613 E.02028
G1 X166.688 Y129.195 E.02046
G1 X166.115 Y128.898 E.01984
G1 X165.519 Y128.721 E.01908
G1 X164.945 Y128.67 E.01772
G1 X124.931 Y128.67 E1.22951
G1 X124.354 Y128.721 E.01782
G1 X123.746 Y128.898 E.01944
G1 X123.175 Y129.196 E.01979
G1 X122.67 Y129.613 E.02015
G1 X122.248 Y130.123 E.02032
G1 X121.95 Y130.693 E.01978
G1 X121.774 Y131.289 E.01909
G1 X121.722 Y131.868 E.01787
G1 X121.722 Y161.886 E.92236
G1 X121.773 Y162.46 E.0177
G1 X121.781 Y162.486 E.00084
M204 S2000
G1 X121.41 Y162.615 F18000
M204 S1500
;TYPE:Inner wall
;WIDTH:0.45
G1 F4800
G1 X121.479 Y162.852 E.00821
G1 X121.761 Y163.554 E.02508
G1 X121.919 Y163.861 E.01146
G1 X122.392 Y164.427 E.02447
G1 X122.957 Y164.894 E.02431
G1 X123.599 Y165.229 E.02403
G1 X124.279 Y165.427 E.02347
G1 X124.912 Y165.488 E.02109
G1 X164.965 Y165.488 E1.32864
G1 X165.249 Y165.46 E.00946
G1 X165.95 Y165.321 E.02371
G1 X166.262 Y165.229 E.01079
G1 X166.903 Y164.896 E.02397
G1 X167.483 Y164.429 E.0247
G1 X167.954 Y163.86 E.02451
G1 X168.291 Y163.208 E.02433
G1 X168.475 Y162.529 E.02335
G1 X168.535 Y161.905 E.02078
G1 X168.535 Y131.849 E.99702
G1 X168.475 Y131.219 E.021
G1 X168.389 Y130.906 E.01076
G1 X168.112 Y130.209 E.02487
G1 X167.954 Y129.906 E.01135
G1 X167.484 Y129.333 E.02458
G1 X166.903 Y128.865 E.02474
G1 X166.262 Y128.533 E.02397
G1 X165.594 Y128.334 E.02312
G1 X164.963 Y128.278 E.02101
G1 X124.914 Y128.278 E1.3285
G1 X124.281 Y128.334 E.02108
G1 X123.599 Y128.532 E.02354
G1 X122.957 Y128.867 E.02403
G1 X122.391 Y129.335 E.02435
G1 X121.919 Y129.905 E.02455
G1 X121.585 Y130.546 E.02398
G1 X121.386 Y131.215 E.02316
G1 X121.33 Y131.851 E.02117
G1 X121.33 Y161.904 E.99691
G1 X121.386 Y162.533 E.02095
G1 X121.405 Y162.595 E.00217
G1 E-.8 F3600
M204 S2000
G1 X121.026 Y162.705 F18000
G1 E.8 F3600
;TYPE:Gap infill
;WIDTH:0.431168
G1 F6000
G1 X121.103 Y162.972 E.00879
G1 X121.231 Y163.343 E.01241
G1 X121.584 Y164.072 E.02562
G1 X122.107 Y164.709 E.02606
G1 X122.723 Y165.212 E.02516
G1 X123.468 Y165.603 E.02664
G1 X124.208 Y165.816 E.02436
G1 X124.986 Y165.885 E.02471
G1 X164.842 Y165.885 E1.26094
;WIDTH:0.415651
G1 X164.992 Y165.87 E.00459
;WIDTH:0.385245
G1 X166.032 Y165.685 E.02945
G1 X166.392 Y165.598 E.01033
;WIDTH:0.429729
G1 X167.137 Y165.219 E.02636
G1 X167.759 Y164.715 E.02523
G1 X168.283 Y164.073 E.02611
G1 X168.662 Y163.331 E.02626
G1 X168.864 Y162.608 E.02367
G1 X168.927 Y161.933 E.02137
G1 X168.932 Y131.972 E.94437
G1 X168.918 Y131.823 E.00474
;WIDTH:0.387616
G1 X168.871 Y131.495 E.00929
;WIDTH:0.355606
G1 X168.82 Y131.142 E.00909
G1 X168.735 Y130.781 E.00946
;WIDTH:0.391762
G1 X168.676 Y130.579 E.00598
;WIDTH:0.43271
G1 X168.617 Y130.377 E.00668
G1 X168.283 Y129.692 E.02422
G1 X167.759 Y129.048 E.02636
G1 X167.126 Y128.533 E.02593
G1 X166.393 Y128.158 E.02614
G1 X165.649 Y127.947 E.02458
G1 X164.972 Y127.882 E.02159
G1 X125.036 Y127.879 E1.26849
G1 X124.889 Y127.893 E.00469
;WIDTH:0.389894
G1 X124.559 Y127.939 E.0094
;WIDTH:0.35533
G1 X124.202 Y127.991 E.0092
;WIDTH:0.357493
G1 X123.837 Y128.078 E.00962
;WIDTH:0.395226
G1 X123.424 Y128.181 E.0122
;WIDTH:0.42524
G1 X122.746 Y128.532 E.02381
G1 X122.123 Y129.04 E.02504
G1 X121.584 Y129.694 E.02638
G1 X121.212 Y130.416 E.0253
G1 X120.996 Y131.155 E.02401
G1 X120.936 Y131.825 E.02094
;WIDTH:0.431168
G1 X120.935 Y161.913 E.9519
G1 X120.997 Y162.607 E.02204
G1 X121.02 Y162.686 E.00261
; stop printing object USV 1 e2mm.stl_3 id:0 copy 0
; printing object "USV 1 e2mm.stl_1" id:1 copy 0
G1 E-.8 F3600
G1 X98.311 Y93.712 F18000
G1 E.8 F3600
M204 S1000
;TYPE:Outer wall
;WIDTH:0.42
G1 F3000
G1 X98.304 Y93.711 E.00021
G1 X97.454 Y93.273 E.02938
G1 X96.695 Y92.64 E.03038
G1 X96.072 Y91.881 E.03019
G1 X95.629 Y91.021 E.02971
G1 X95.373 Y90.132 E.02843
G1 X95.293 Y89.244 E.02739
G1 X95.293 Y59.275 E.92085
G1 X95.634 Y57.491 E.05583
G1 X96.072 Y56.64 E.02941
G1 X96.695 Y55.869 E.03045
G1 X97.453 Y55.247 E.03014
G1 X98.313 Y54.805 E.02972
G1 X99.213 Y54.545 E.02877
G1 X100.088 Y54.468 E.027
G1 X140.174 Y54.479 E1.23172
G1 X141.848 Y54.809 E.05244
G1 X142.701 Y55.247 E.02946
G1 X143.471 Y55.87 E.03042
G1 X144.093 Y56.64 E.03042
G1 X144.536 Y57.5 E.02972
G1 X144.795 Y58.389 E.02845
G1 X144.875 Y59.265 E.02704
G1 X144.875 Y89.244 E.92117
G1 X144.795 Y90.131 E.02738
G1 X144.536 Y91.02 E.02845
G1 X144.094 Y91.881 E.02972
G1 X143.471 Y92.639 E.03016
G1 X142.7 Y93.273 E.03066
G1 X141.84 Y93.715 E.02971
G1 X140.952 Y93.971 E.0284
G1 X140.065 Y94.051 E.02738
G1 X100.099 Y94.051 E1.22804
G1 X98.33 Y93.716 E.05531
M204 S2000
G1 X98.433 Y93.336 F18000
M204 S1500
;TYPE:Inner wall
;WIDTH:0.45
G1 F4800
G1 X97.672 Y92.945 E.0284
G1 X96.974 Y92.363 E.03013
G1 X96.401 Y91.664 E.02998
G1 X95.995 Y90.875 E.02942
G1 X95.761 Y90.059 E.02818
G1 X95.685 Y89.226 E.02774
G1 X95.685 Y59.312 E.9923
G1 X96.008 Y57.62 E.05716
G1 X96.402 Y56.855 E.02854
G1 X96.975 Y56.147 E.03021
G1 X97.669 Y55.577 E.02982
G1 X98.458 Y55.171 E.02943
G1 X99.285 Y54.932 E.02853
G1 X100.105 Y54.861 E.02732
G1 X140.136 Y54.871 E1.32788
G1 X141.718 Y55.183 E.05351
G1 X142.486 Y55.578 E.02863
G1 X143.192 Y56.149 E.03013
G1 X143.763 Y56.855 E.03013
G1 X144.17 Y57.645 E.0295
G1 X144.408 Y58.462 E.02821
G1 X144.483 Y59.283 E.02735
G1 X144.483 Y89.226 E.99327
G1 X144.408 Y90.058 E.02771
G1 X144.17 Y90.875 E.0282
G1 X143.764 Y91.664 E.02945
G1 X143.192 Y92.361 E.0299
G1 X142.483 Y92.944 E.03043
G1 X141.695 Y93.349 E.02941
G1 X140.88 Y93.584 E.02815
G1 X140.047 Y93.659 E.02774
G1 X100.136 Y93.659 E1.32393
G1 X98.453 Y93.34 E.05683
M204 S2000
G1 E-.8 F3600
G1 X97.368 Y57.542 F18000
G1 E.8 F3600
M204 S1000
;TYPE:Outer wall
;WIDTH:0.42
G1 F3000
G1 X97.26 Y57.753 E.00728
G1 X96.998 Y58.413 E.02183
G1 X96.927 Y58.672 E.00825
G1 X96.872 Y59.245 E.0177
G1 X96.872 Y89.263 E.92237
G1 X96.927 Y89.836 E.01768
G1 X97.091 Y90.442 E.01929
G1 X97.39 Y91.019 E.01995
G1 X97.809 Y91.527 E.02023
G1 X98.327 Y91.943 E.02043
G1 X98.9 Y92.24 E.01983
G1 X99.159 Y92.317 E.0083
G1 X99.823 Y92.449 E.02082
G1 X100.069 Y92.472 E.00759
G1 X140.084 Y92.472 E1.22955
G1 X140.662 Y92.418 E.01783
G1 X141.269 Y92.24 E.01943
G1 X141.84 Y91.943 E.01978
G1 X142.345 Y91.526 E.02012
G1 X142.767 Y91.019 E.02027
G1 X142.897 Y90.768 E.00871
G1 X143.164 Y90.102 E.02204
G1 X143.241 Y89.838 E.00846
G1 X143.293 Y89.263 E.01773
G1 X143.293 Y59.246 E.92233
G1 X143.241 Y58.671 E.01775
G1 X143.065 Y58.076 E.01908
G1 X142.768 Y57.502 E.01986
G1 X142.345 Y56.983 E.02056
G1 X141.839 Y56.573 E.02002
G1 X141.269 Y56.276 E.01976
G1 X140.661 Y56.099 E.01944
G1 X140.083 Y56.047 E.01782
G1 X100.07 Y56.047 E1.22951
G1 X99.495 Y56.099 E.01772
G1 X98.9 Y56.276 E.01908
G1 X98.328 Y56.572 E.01981
G1 X97.808 Y56.982 E.02033
G1 X97.389 Y57.502 E.02052
G1 X97.378 Y57.525 E.00078
M204 S2000
G1 X97.02 Y57.362 F18000
M204 S1500
;TYPE:Inner wall
;WIDTH:0.45
G1 F4800
G1 X96.902 Y57.59 E.00852
G1 X96.626 Y58.289 E.02491
G1 X96.54 Y58.601 E.01074
G1 X96.48 Y59.227 E.02086
G1 X96.48 Y89.282 E.99699
G1 X96.54 Y89.907 E.02081
G1 X96.724 Y90.585 E.02332
G1 X97.061 Y91.236 E.02431
G1 X97.532 Y91.807 E.02455
G1 X98.112 Y92.273 E.02469
G1 X98.753 Y92.605 E.02394
G1 X99.064 Y92.698 E.01079
G1 X99.766 Y92.837 E.02374
G1 X100.05 Y92.865 E.00946
G1 X140.103 Y92.865 E1.32861
G1 X140.736 Y92.804 E.02111
G1 X141.416 Y92.606 E.0235
G1 X142.057 Y92.271 E.024
G1 X142.623 Y91.805 E.0243
G1 X143.096 Y91.238 E.02451
G1 X143.254 Y90.931 E.01144
G1 X143.536 Y90.23 E.02506
G1 X143.629 Y89.911 E.01103
G1 X143.685 Y89.28 E.02099
G1 X143.685 Y59.228 E.99688
G1 X143.628 Y58.597 E.02104
G1 X143.43 Y57.928 E.02313
G1 X143.097 Y57.285 E.02402
G1 X142.623 Y56.704 E.02488
G1 X142.055 Y56.244 E.02426
G1 X141.416 Y55.91 E.02393
G1 X140.734 Y55.712 E.02355
G1 X140.101 Y55.655 E.02108
G1 X100.052 Y55.655 E1.3285
G1 X99.421 Y55.712 E.02101
G1 X98.753 Y55.911 E.02312
G1 X98.114 Y56.241 E.02387
G1 X97.531 Y56.702 E.02465
G1 X97.059 Y57.287 E.02492
G1 X97.029 Y57.344 E.00215
M204 S2000
G1 X96.681 Y57.174 F18000
;TYPE:Gap infill
;WIDTH:0.425403
G1 F6000
G1 X96.398 Y57.754 E.02011
;WIDTH:0.432625
G1 X96.339 Y57.959 E.00676
;WIDTH:0.391093
G1 X96.275 Y58.18 E.00654
;WIDTH:0.355003
G1 X96.19 Y58.549 E.00963
;WIDTH:0.357101
G1 X96.144 Y58.875 E.00841
;WIDTH:0.372449
G1 X96.097 Y59.2 E.00882
;WIDTH:0.429626
G1 X96.083 Y59.35 E.00475
G1 X96.088 Y89.31 E.94408
G1 X96.151 Y89.986 E.0214
G1 X96.353 Y90.708 E.02364
G1 X96.73 Y91.448 E.02616
G1 X97.254 Y92.085 E.026
G1 X97.878 Y92.597 E.02542
G1 X98.622 Y92.974 E.02631
;WIDTH:0.385677
G1 X98.983 Y93.062 E.01035
G1 X100.041 Y93.25 E.03002
;WIDTH:0.43015
G1 X100.173 Y93.262 E.0042
G1 X140.112 Y93.258 E1.26025
G1 X140.807 Y93.194 E.022
G1 X141.548 Y92.979 E.02436
G1 X142.264 Y92.61 E.02542
G1 X142.91 Y92.079 E.02639
G1 X143.432 Y91.446 E.02589
G1 X143.617 Y91.087 E.01273
;WIDTH:0.432466
G1 X143.784 Y90.721 E.01279
G1 X144.018 Y89.985 E.02452
G1 X144.084 Y89.208 E.02473
G1 X144.08 Y59.219 E.95194
G1 X144.019 Y58.536 E.02179
G1 X143.802 Y57.792 E.02458
G1 X143.431 Y57.072 E.02573
G1 X142.888 Y56.41 E.02715
G1 X142.269 Y55.91 E.02527
G1 X141.578 Y55.554 E.02466
;WIDTH:0.414631
G1 X141.543 Y55.543 E.00112
;WIDTH:0.394634
G1 X141.178 Y55.455 E.01075
;WIDTH:0.360375
G1 X140.785 Y55.36 E.01046
;WIDTH:0.362795
G1 X140.456 Y55.313 E.00867
;WIDTH:0.399448
G1 X140.097 Y55.263 E.01052
;WIDTH:0.425403
G1 X100.043 Y55.261 E1.2484
G1 X99.357 Y55.322 E.02145
G1 X98.622 Y55.536 E.02388
G1 X97.889 Y55.911 E.02565
G1 X97.241 Y56.439 E.02605
G1 X96.732 Y57.07 E.02527
G1 X96.69 Y57.156 E.003
; stop printing object USV 1 e2mm.stl_1 id:1 copy 0
; end of layer_num: 22, T: 0, print_z: 4.440000
;LAYER_CHANGE
;Z:4.64
;HEIGHT:0.2
; BEFORE_LAYER_CHANGE 22 @ 4.64mm
G92 E0
; AFTER_LAYER_CHANGE 22 @ 4.64mm
; start of layer_num: 23, T: 0, print_z: 4.640000
; printing object "USV 1 e2mm.stl_3" id:0 copy 0
G1 E-.8 F3600
G1 X123.173 Y127.43 Z4.64 F18000
G1 E.8 F3600
M204 S1000
;TYPE:Outer wall
;WIDTH:0.42
G1 F3000
G1 X124.961 Y127.088 E.05593
G1 X164.926 Y127.088 E1.22803
G1 X165.739 Y127.162 E.02508
G1 X166.702 Y127.427 E.03069
G1 X167.562 Y127.869 E.02971
G1 X168.32 Y128.491 E.03014
G1 X168.943 Y129.262 E.03045
G1 X169.381 Y130.114 E.02944
G1 X169.722 Y131.897 E.0558
G1 X169.722 Y161.867 E.92088
G1 X169.641 Y162.754 E.02736
G1 X169.386 Y163.643 E.02843
G1 X168.943 Y164.503 E.02974
G1 X168.32 Y165.274 E.03044
G1 X167.562 Y165.892 E.03007
G1 X166.71 Y166.334 E.02947
G1 X164.916 Y166.674 E.05611
G1 X124.95 Y166.674 E1.22804
G1 X124.063 Y166.593 E.02739
G1 X123.175 Y166.339 E.02838
G1 X122.314 Y165.892 E.0298
G1 X121.544 Y165.273 E.03036
G1 X120.922 Y164.503 E.03041
G1 X120.479 Y163.643 E.02975
G1 X120.22 Y162.753 E.02845
G1 X120.14 Y161.867 E.02735
G1 X120.14 Y131.887 E.9212
G1 X120.22 Y131.008 E.02713
G1 X120.479 Y130.123 E.02834
G1 X120.922 Y129.262 E.02975
G1 X121.544 Y128.492 E.03042
G1 X122.314 Y127.869 E.03042
G1 X123.154 Y127.437 E.02904
M204 S2000
G1 X123.295 Y127.806 F18000
M204 S1500
;TYPE:Inner wall
;WIDTH:0.45
G1 F4800
G1 X124.998 Y127.48 E.05751
G1 X164.908 Y127.48 E1.3239
G1 X165.703 Y127.553 E.02648
G1 X166.557 Y127.793 E.02942
G1 X167.345 Y128.199 E.02942
G1 X168.04 Y128.769 E.02982
G1 X168.613 Y129.477 E.0302
G1 X169.007 Y130.243 E.02857
G1 X169.33 Y131.935 E.05713
G1 X169.33 Y161.849 E.99233
G1 X169.254 Y162.681 E.02771
G1 X169.019 Y163.498 E.02818
G1 X168.613 Y164.288 E.02949
G1 X168.041 Y164.996 E.03017
G1 X167.345 Y165.563 E.02977
G1 X166.581 Y165.959 E.02857
G1 X164.879 Y166.282 E.05745
G1 X124.968 Y166.282 E1.32393
G1 X124.135 Y166.206 E.02775
G1 X123.321 Y165.973 E.0281
G1 X122.529 Y165.562 E.02958
G1 X121.822 Y164.994 E.03008
G1 X121.252 Y164.288 E.0301
G1 X120.845 Y163.497 E.02952
G1 X120.607 Y162.68 E.02821
G1 X120.532 Y161.849 E.02768
G1 X120.532 Y131.905 E.99331
G1 X120.607 Y131.081 E.02743
G1 X120.845 Y130.269 E.02808
G1 X121.252 Y129.477 E.02954
G1 X121.823 Y128.771 E.03013
G1 X122.529 Y128.2 E.03013
G1 X123.277 Y127.815 E.02791
M204 S2000
G1 E-.8 F3600
G1 X121.791 Y162.52 F18000
G1 E.8 F3600
M204 S1000
;TYPE:Outer wall
;WIDTH:0.42
G1 F3000
G1 X121.842 Y162.696 E.00564
G1 X122.131 Y163.418 E.02389
G1 X122.248 Y163.643 E.00778
G1 X122.67 Y164.148 E.02024
G1 X123.175 Y164.566 E.02013
G1 X123.746 Y164.863 E.01979
G1 X124.353 Y165.04 E.01942
G1 X124.931 Y165.096 E.01783
G1 X164.946 Y165.096 E1.22956
G1 X165.165 Y165.074 E.00675
G1 X165.884 Y164.932 E.02253
G1 X166.115 Y164.863 E.0074
G1 X166.688 Y164.566 E.01984
G1 X167.206 Y164.149 E.02044
G1 X167.625 Y163.642 E.0202
G1 X167.924 Y163.065 E.01996
G1 X168.088 Y162.458 E.01932
G1 X168.143 Y161.887 E.01765
G1 X168.143 Y131.868 E.9224
G1 X168.088 Y131.29 E.01782
G1 X168.024 Y131.059 E.00737
G1 X167.741 Y130.346 E.02357
G1 X167.625 Y130.123 E.00773
G1 X167.206 Y129.613 E.02028
G1 X166.688 Y129.195 E.02046
G1 X166.115 Y128.898 E.01984
G1 X165.519 Y128.721 E.01908
G1 X164.945 Y128.67 E.01772
G1 X124.931 Y128.67 E1.22951
G1 X124.354 Y128.721 E.01782
G1 X123.746 Y128.898 E.01944
G1 X123.175 Y129.196 E.01979
G1 X122.67 Y129.613 E.02015
G1 X122.248 Y130.123 E.02032
G1 X121.95 Y130.693 E.01978
G1 X121.774 Y131.289 E.01909
G1 X121.722 Y131.868 E.01787
G1 X121.722 Y161.886 E.92236
G1 X121.773 Y162.46 E.0177
G1 X121.785 Y162.5 E.0013
M204 S2000
G1 X121.414 Y162.629 F18000
M204 S1500
;TYPE:Inner wall
;WIDTH:0.45
G1 F4800
G1 X121.471 Y162.824 E.00674
G1 X121.775 Y163.581 E.02706
G1 X121.919 Y163.861 E.01045
G1 X122.392 Y164.427 E.02447
G1 X122.957 Y164.894 E.02431
G1 X123.599 Y165.229 E.02403
G1 X124.279 Y165.427 E.02347
G1 X124.912 Y165.488 E.02109
G1 X164.965 Y165.488 E1.32864
G1 X165.222 Y165.463 E.00856
G1 X165.978 Y165.313 E.02557
G1 X166.262 Y165.229 E.00983
G1 X166.903 Y164.896 E.02397
G1 X167.483 Y164.429 E.0247
G1 X167.954 Y163.86 E.02451
G1 X168.291 Y163.208 E.02433
G1 X168.475 Y162.529 E.02335
G1 X168.535 Y161.905 E.02078
G1 X168.535 Y131.849 E.99702
G1 X168.475 Y131.219 E.021
G1 X168.396 Y130.934 E.0098
G1 X168.098 Y130.183 E.02682
G1 X167.954 Y129.906 E.01035
G1 X167.484 Y129.333 E.02458
G1 X166.903 Y128.865 E.02474
G1 X166.262 Y128.533 E.02397
G1 X165.594 Y128.334 E.02312
G1 X164.963 Y128.278 E.02101
G1 X124.914 Y128.278 E1.3285
G1 X124.281 Y128.334 E.02108
G1 X123.599 Y128.532 E.02354
G1 X122.957 Y128.867 E.02403
G1 X122.391 Y129.335 E.02435
G1 X121.919 Y129.905 E.02454
G1 X121.585 Y130.546 E.02398
G1 X121.386 Y131.215 E.02316
G1 X121.33 Y131.851 E.02117
G1 X121.33 Y161.904 E.99691
G1 X121.386 Y162.533 E.02095
G1 X121.409 Y162.61 E.00266
G1 E-.8 F3600
M204 S2000
G1 X121.03 Y162.719 F18000
G1 E.8 F3600
;TYPE:Gap infill
;WIDTH:0.4312
G1 F6000
G1 X121.095 Y162.944 E.00739
G1 X121.232 Y163.342 E.01334
G1 X121.584 Y164.072 E.02562
G1 X122.107 Y164.709 E.02607
G1 X122.723 Y165.212 E.02516
G1 X123.468 Y165.603 E.02664
G1 X124.208 Y165.816 E.02437
G1 X124.986 Y165.885 E.02471
G1 X164.842 Y165.885 E1.26104
;WIDTH:0.415651
G1 X164.992 Y165.87 E.00459
;WIDTH:0.387552
G1 X166.06 Y165.678 E.03046
G1 X166.426 Y165.588 E.01059
;WIDTH:0.429738
G1 X167.125 Y165.228 E.02479
G1 X167.747 Y164.724 E.02523
G1 X168.283 Y164.073 E.02657
G1 X168.662 Y163.331 E.02626
G1 X168.864 Y162.608 E.02367
G1 X168.927 Y161.933 E.02137
G1 X168.932 Y131.972 E.94439
G1 X168.918 Y131.823 E.00474
;WIDTH:0.387616
G1 X168.871 Y131.495 E.00929
;WIDTH:0.355016
G1 X168.82 Y131.142 E.00907
G1 X168.741 Y130.809 E.0087
;WIDTH:0.390754
G1 X168.679 Y130.593 E.00637
;WIDTH:0.432804
G1 X168.616 Y130.378 E.00714
G1 X168.283 Y129.692 E.02422
G1 X167.759 Y129.048 E.02637
G1 X167.126 Y128.533 E.02593
G1 X166.393 Y128.158 E.02614
G1 X165.649 Y127.944 E.02459
G1 X164.972 Y127.882 E.02161
G1 X125.036 Y127.879 E1.2688
G1 X124.889 Y127.893 E.00469
;WIDTH:0.389894
G1 X124.559 Y127.939 E.0094
;WIDTH:0.35533
G1 X124.202 Y127.991 E.0092
;WIDTH:0.357493
G1 X123.837 Y128.078 E.00962
;WIDTH:0.395226
G1 X123.424 Y128.181 E.0122
;WIDTH:0.42524
G1 X122.746 Y128.532 E.02381
G1 X122.123 Y129.04 E.02504
G1 X121.584 Y129.694 E.02638
G1 X121.212 Y130.416 E.0253
G1 X120.996 Y131.155 E.02401
G1 X120.936 Y131.825 E.02094
;WIDTH:0.4312
G1 X120.935 Y161.913 E.95198
G1 X120.997 Y162.607 E.02204
G1 X121.024 Y162.7 E.00308
; stop printing object USV 1 e2mm.stl_3 id:0 copy 0
; printing object "USV 1 e2mm.stl_1" id:1 copy 0
G1 E-.8 F3600
G1 X98.311 Y93.712 F18000
G1 E.8 F3600
M204 S1000
;TYPE:Outer wall
;WIDTH:0.42
G1 F3000
G1 X98.304 Y93.711 E.00021
G1 X97.454 Y93.273 E.02938
G1 X96.695 Y92.64 E.03037
G1 X96.072 Y91.881 E.03019
G1 X95.629 Y91.021 E.02971
G1 X95.373 Y90.132 E.02843
G1 X95.293 Y89.244 E.02739
G1 X95.293 Y59.275 E.92085
G1 X95.634 Y57.491 E.05583
G1 X96.072 Y56.64 E.02941
G1 X96.695 Y55.869 E.03045
G1 X97.453 Y55.247 E.03014
G1 X98.313 Y54.805 E.02972
G1 X99.213 Y54.545 E.02877
G1 X100.088 Y54.468 E.027
G1 X140.138 Y54.476 E1.2306
G1 X141.849 Y54.809 E.05356
G1 X142.701 Y55.247 E.02945
G1 X143.471 Y55.87 E.03042
G1 X144.093 Y56.64 E.03042
G1 X144.536 Y57.5 E.02972
G1 X144.795 Y58.389 E.02845
G1 X144.875 Y59.265 E.02704
G1 X144.875 Y89.244 E.92117
G1 X144.795 Y90.131 E.02738
G1 X144.536 Y91.02 E.02845
G1 X144.094 Y91.881 E.02972
G1 X143.471 Y92.639 E.03016
G1 X142.7 Y93.273 E.03066
G1 X141.84 Y93.715 E.02971
G1 X140.952 Y93.971 E.0284
G1 X140.065 Y94.051 E.02738
G1 X100.099 Y94.051 E1.22804
G1 X98.331 Y93.716 E.05531
M204 S2000
G1 X98.433 Y93.336 F18000
M204 S1500
;TYPE:Inner wall
;WIDTH:0.45
G1 F4800
G1 X97.672 Y92.945 E.0284
G1 X96.974 Y92.363 E.03013
G1 X96.401 Y91.664 E.02998
G1 X95.995 Y90.875 E.02942
G1 X95.761 Y90.059 E.02818
G1 X95.685 Y89.226 E.02774
G1 X95.685 Y59.312 E.9923
G1 X96.008 Y57.62 E.05716
G1 X96.402 Y56.855 E.02854
G1 X96.975 Y56.147 E.03021
G1 X97.669 Y55.577 E.02982
G1 X98.458 Y55.171 E.02943
G1 X99.285 Y54.932 E.02853
G1 X100.105 Y54.861 E.02732
G1 X140.1 Y54.868 E1.32669
G1 X141.719 Y55.183 E.05472
G1 X142.486 Y55.578 E.0286
G1 X143.192 Y56.149 E.03013
G1 X143.763 Y56.855 E.03013
G1 X144.17 Y57.645 E.0295
G1 X144.408 Y58.462 E.02821
G1 X144.483 Y59.283 E.02735
G1 X144.483 Y89.226 E.99327
G1 X144.408 Y90.058 E.02771
G1 X144.17 Y90.875 E.0282
G1 X143.764 Y91.664 E.02945
G1 X143.192 Y92.361 E.0299
G1 X142.483 Y92.944 E.03043
G1 X141.695 Y93.349 E.02941
G1 X140.88 Y93.584 E.02815
G1 X140.047 Y93.659 E.02774
G1 X100.136 Y93.659 E1.32393
G1 X98.453 Y93.34 E.05683
M204 S2000
G1 E-.8 F3600
G1 X97.361 Y57.556 F18000
G1 E.8 F3600
M204 S1000
;TYPE:Outer wall
;WIDTH:0.42
G1 F3000
G1 X97.273 Y57.726 E.00588
G1 X96.991 Y58.441 E.02363
G1 X96.927 Y58.672 E.00736
G1 X96.872 Y59.245 E.0177
G1 X96.872 Y89.263 E.92237
G1 X96.927 Y89.836 E.01768
G1 X97.091 Y90.442 E.01929
G1 X97.39 Y91.019 E.01996
G1 X97.809 Y91.527 E.02023
G1 X98.327 Y91.943 E.02043
G1 X98.9 Y92.24 E.01983
G1 X99.131 Y92.309 E.0074
G1 X99.851 Y92.452 E.02254
G1 X100.069 Y92.472 E.00675
G1 X140.084 Y92.472 E1.22955
G1 X140.662 Y92.418 E.01783
G1 X141.269 Y92.24 E.01943
G1 X141.84 Y91.943 E.01978
G1 X142.345 Y91.526 E.02012
G1 X142.767 Y91.019 E.02027
G1 X142.883 Y90.795 E.00778
G1 X143.173 Y90.074 E.02387
G1 X143.241 Y89.838 E.00755
G1 X143.293 Y89.263 E.01773
G1 X143.293 Y59.246 E.92233
G1 X143.241 Y58.671 E.01775
G1 X143.065 Y58.076 E.01908
G1 X142.768 Y57.502 E.01986
G1 X142.345 Y56.983 E.02056
G1 X141.839 Y56.573 E.02002
G1 X141.269 Y56.276 E.01976
G1 X140.661 Y56.099 E.01944
G1 X140.083 Y56.047 E.01782
G1 X100.07 Y56.047 E1.22951
G1 X99.495 Y56.099 E.01772
G1 X98.9 Y56.276 E.01908
G1 X98.328 Y56.572 E.01981
G1 X97.808 Y56.982 E.02033
G1 X97.389 Y57.502 E.02052
G1 X97.371 Y57.538 E.00125
M204 S2000
G1 X97.013 Y57.376 F18000
M204 S1500
;TYPE:Inner wall
;WIDTH:0.45
G1 F4800
G1 X96.916 Y57.563 E.00701
G1 X96.618 Y58.316 E.02686
G1 X96.54 Y58.601 E.00978
G1 X96.48 Y59.227 E.02086
G1 X96.48 Y89.282 E.99699
G1 X96.54 Y89.907 E.02081
G1 X96.724 Y90.585 E.02332
G1 X97.061 Y91.236 E.02431
G1 X97.532 Y91.807 E.02455
G1 X98.112 Y92.273 E.02469
G1 X98.753 Y92.605 E.02394
G1 X99.037 Y92.69 E.00983
G1 X99.794 Y92.84 E.0256
G1 X100.05 Y92.865 E.00856
G1 X140.103 Y92.865 E1.32861
G1 X140.736 Y92.804 E.02111
G1 X141.416 Y92.606 E.0235
G1 X142.057 Y92.271 E.024
G1 X142.623 Y91.805 E.0243
G1 X143.096 Y91.238 E.02451
G1 X143.24 Y90.958 E.01044
G1 X143.544 Y90.202 E.02704
G1 X143.629 Y89.911 E.01005
G1 X143.685 Y89.28 E.02099
G1 X143.685 Y59.228 E.99688
G1 X143.628 Y58.597 E.02104
G1 X143.43 Y57.928 E.02313
G1 X143.097 Y57.285 E.02402
G1 X142.623 Y56.704 E.02488
G1 X142.055 Y56.244 E.02426
G1 X141.416 Y55.91 E.02393
G1 X140.734 Y55.712 E.02354
G1 X140.101 Y55.655 E.02108
G1 X100.052 Y55.655 E1.3285
G1 X99.421 Y55.712 E.02101
G1 X98.753 Y55.911 E.02312
G1 X98.114 Y56.241 E.02386
G1 X97.531 Y56.702 E.02465
G1 X97.059 Y57.287 E.02492
G1 X97.022 Y57.358 E.00266
M204 S2000
G1 X96.674 Y57.189 F18000
;TYPE:Gap infill
;WIDTH:0.426838
G1 F6000
G1 X96.4 Y57.755 E.01967
;WIDTH:0.434318
G1 X96.336 Y57.973 E.00725
;WIDTH:0.390087
G1 X96.269 Y58.208 E.00692
;WIDTH:0.353833
G1 X96.19 Y58.549 E.00887
;WIDTH:0.357103
G1 X96.144 Y58.875 E.00841
;WIDTH:0.37245
G1 X96.097 Y59.2 E.00882
;WIDTH:0.429626
G1 X96.083 Y59.35 E.00475
G1 X96.088 Y89.31 E.94408
G1 X96.151 Y89.986 E.0214
G1 X96.353 Y90.708 E.02364
G1 X96.73 Y91.448 E.02616
G1 X97.254 Y92.085 E.026
G1 X97.878 Y92.597 E.02542
G1 X98.622 Y92.974 E.02631
;WIDTH:0.387155
G1 X98.954 Y93.055 E.00958
G1 X100.041 Y93.25 E.03096
;WIDTH:0.430154
G1 X100.173 Y93.262 E.0042
G1 X140.112 Y93.258 E1.26026
G1 X140.807 Y93.194 E.022
G1 X141.548 Y92.979 E.02436
G1 X142.264 Y92.61 E.02542
G1 X142.91 Y92.079 E.02639
G1 X143.432 Y91.446 E.02589
G1 X143.603 Y91.114 E.01178
;WIDTH:0.432525
G1 X143.783 Y90.72 E.01375
G1 X144.018 Y89.985 E.02452
G1 X144.084 Y89.208 E.02473
G1 X144.08 Y59.219 E.95208
G1 X144.019 Y58.536 E.02179
G1 X143.802 Y57.792 E.02459
G1 X143.431 Y57.072 E.02573
G1 X142.888 Y56.41 E.02715
G1 X142.269 Y55.91 E.02528
G1 X141.578 Y55.554 E.02467
;WIDTH:0.41425
G1 X141.543 Y55.544 E.00112
;WIDTH:0.393799
G1 X141.178 Y55.455 E.01073
;WIDTH:0.358678
G1 X140.785 Y55.362 E.0104
;WIDTH:0.360265
G1 X140.456 Y55.315 E.0086
;WIDTH:0.39829
G1 X140.062 Y55.262 E.01152
;WIDTH:0.426838
G1 X100.043 Y55.261 E1.25196
G1 X99.357 Y55.322 E.02153
G1 X98.622 Y55.536 E.02397
G1 X97.889 Y55.911 E.02574
G1 X97.241 Y56.439 E.02615
G1 X96.732 Y57.07 E.02537
G1 X96.683 Y57.171 E.00351
; stop printing object USV 1 e2mm.stl_1 id:1 copy 0
; end of layer_num: 23, T: 0, print_z: 4.640000
;LAYER_CHANGE
;Z:4.84
;HEIGHT:0.2
; BEFORE_LAYER_CHANGE 23 @ 4.84mm
G92 E0
; AFTER_LAYER_CHANGE 23 @ 4.84mm
; start of layer_num: 24, T: 0, print_z: 4.840000
; printing object "USV 1 e2mm.stl_3" id:0 copy 0
G1 E-.8 F3600
G1 X123.173 Y127.43 Z4.84 F18000
G1 E.8 F3600
M204 S1000
;TYPE:Outer wall
;WIDTH:0.42
G1 F3000
G1 X124.961 Y127.088 E.05593
G1 X164.926 Y127.088 E1.22803
G1 X165.756 Y127.164 E.02562
G1 X166.703 Y127.427 E.03019
G1 X167.562 Y127.869 E.02968
G1 X168.32 Y128.491 E.03014
G1 X168.943 Y129.262 E.03045
G1 X169.381 Y130.114 E.02944
G1 X169.722 Y131.897 E.0558
G1 X169.722 Y161.867 E.92088
G1 X169.641 Y162.754 E.02736
G1 X169.386 Y163.643 E.02843
G1 X168.943 Y164.503 E.02974
G1 X168.32 Y165.274 E.03044
G1 X167.562 Y165.892 E.03007
G1 X166.71 Y166.334 E.02947
G1 X164.916 Y166.674 E.05611
G1 X124.95 Y166.674 E1.22804
G1 X124.063 Y166.593 E.02739
G1 X123.175 Y166.339 E.02838
G1 X122.314 Y165.892 E.0298
G1 X121.544 Y165.273 E.03036
G1 X120.922 Y164.503 E.03041
G1 X120.479 Y163.643 E.02975
G1 X120.22 Y162.753 E.02845
G1 X120.14 Y161.867 E.02735
G1 X120.14 Y131.887 E.9212
G1 X120.22 Y131.008 E.02713
G1 X120.479 Y130.123 E.02834
G1 X120.922 Y129.262 E.02975
G1 X121.544 Y128.492 E.03042
G1 X122.314 Y127.869 E.03042
G1 X123.154 Y127.437 E.02904
M204 S2000
G1 X123.295 Y127.806 F18000
M204 S1500
;TYPE:Inner wall
;WIDTH:0.45
G1 F4800
G1 X124.998 Y127.48 E.05751
G1 X164.908 Y127.48 E1.3239
G1 X165.685 Y127.551 E.02589
G1 X166.559 Y127.794 E.03009
G1 X167.345 Y128.199 E.02933
G1 X168.04 Y128.769 E.02982
G1 X168.613 Y129.477 E.0302
G1 X169.007 Y130.243 E.02857
G1 X169.33 Y131.935 E.05713
G1 X169.33 Y161.849 E.99233
G1 X169.254 Y162.681 E.02771
G1 X169.019 Y163.498 E.02818
G1 X168.613 Y164.288 E.02949
G1 X168.041 Y164.996 E.03017
G1 X167.345 Y165.563 E.02977
G1 X166.581 Y165.959 E.02857
G1 X164.879 Y166.282 E.05745
G1 X124.968 Y166.282 E1.32393
G1 X124.135 Y166.206 E.02775
G1 X123.321 Y165.973 E.0281
G1 X122.529 Y165.562 E.02958
G1 X121.822 Y164.994 E.03008
G1 X121.252 Y164.288 E.0301
G1 X120.845 Y163.497 E.02952
G1 X120.607 Y162.68 E.02821
G1 X120.532 Y161.849 E.02768
G1 X120.532 Y131.905 E.99331
G1 X120.607 Y131.081 E.02743
G1 X120.845 Y130.269 E.02808
G1 X121.252 Y129.477 E.02954
G1 X121.823 Y128.771 E.03013
G1 X122.529 Y128.2 E.03013
G1 X123.277 Y127.815 E.02791
M204 S2000
G1 E-.8 F3600
G1 X121.795 Y162.534 F18000
G1 E.8 F3600
M204 S1000
;TYPE:Outer wall
;WIDTH:0.42
G1 F3000
G1 X121.834 Y162.668 E.00428
G1 X122.145 Y163.445 E.02572
G1 X122.248 Y163.643 E.00685
G1 X122.67 Y164.148 E.02024
G1 X123.175 Y164.566 E.02013
G1 X123.746 Y164.863 E.01979
G1 X124.353 Y165.04 E.01942
G1 X124.931 Y165.096 E.01783
G1 X164.946 Y165.096 E1.22956
G1 X165.137 Y165.077 E.00591
G1 X165.912 Y164.924 E.02425
G1 X166.115 Y164.863 E.00651
G1 X166.688 Y164.566 E.01984
G1 X167.206 Y164.149 E.02044
G1 X167.625 Y163.642 E.0202
G1 X167.924 Y163.065 E.01996
G1 X168.088 Y162.458 E.01932
G1 X168.143 Y161.887 E.01765
G1 X168.143 Y131.868 E.9224
G1 X168.088 Y131.29 E.01782
G1 X168.032 Y131.087 E.00648
G1 X167.727 Y130.32 E.02537
G1 X167.625 Y130.123 E.0068
G1 X167.206 Y129.613 E.02028
G1 X166.688 Y129.195 E.02046
G1 X166.115 Y128.898 E.01984
G1 X165.519 Y128.721 E.01908
G1 X164.945 Y128.67 E.01772
G1 X124.931 Y128.67 E1.22951
G1 X124.354 Y128.721 E.01782
G1 X123.746 Y128.898 E.01944
G1 X123.175 Y129.196 E.01979
G1 X122.67 Y129.613 E.02015
G1 X122.248 Y130.123 E.02032
G1 X121.95 Y130.693 E.01978
G1 X121.774 Y131.289 E.01909
G1 X121.722 Y131.868 E.01787
G1 X121.722 Y161.886 E.92236
G1 X121.773 Y162.46 E.0177
G1 X121.789 Y162.515 E.00176
M204 S2000
G1 X121.419 Y162.643 F18000
M204 S1500
;TYPE:Inner wall
;WIDTH:0.45
G1 F4800
G1 X121.463 Y162.795 E.00526
G1 X121.788 Y163.608 E.02904
G1 X121.919 Y163.861 E.00945
G1 X122.392 Y164.427 E.02447
G1 X122.957 Y164.894 E.02431
G1 X123.599 Y165.229 E.02403
G1 X124.279 Y165.427 E.02347
G1 X124.912 Y165.488 E.02109
G1 X164.965 Y165.488 E1.32864
G1 X165.195 Y165.465 E.00765
G1 X166.006 Y165.305 E.02743
G1 X166.262 Y165.229 E.00887
G1 X166.903 Y164.896 E.02397
G1 X167.483 Y164.429 E.0247
G1 X167.954 Y163.86 E.02451
G1 X168.291 Y163.208 E.02433
G1 X168.475 Y162.529 E.02335
G1 X168.535 Y161.905 E.02078
G1 X168.535 Y131.849 E.99702
G1 X168.475 Y131.219 E.021
G1 X168.404 Y130.962 E.00884
G1 X168.084 Y130.156 E.02876
G1 X167.954 Y129.906 E.00936
G1 X167.484 Y129.333 E.02458
G1 X166.903 Y128.865 E.02474
G1 X166.262 Y128.533 E.02397
G1 X165.594 Y128.334 E.02312
G1 X164.963 Y128.278 E.02101
G1 X124.914 Y128.278 E1.3285
G1 X124.281 Y128.334 E.02108
G1 X123.599 Y128.532 E.02354
G1 X122.957 Y128.867 E.02403
G1 X122.391 Y129.335 E.02435
G1 X121.919 Y129.905 E.02455
G1 X121.585 Y130.546 E.02398
G1 X121.386 Y131.215 E.02316
G1 X121.33 Y131.851 E.02117
G1 X121.33 Y161.904 E.99691
G1 X121.386 Y162.533 E.02095
G1 X121.413 Y162.624 E.00316
G1 E-.8 F3600
M204 S2000
G1 X121.034 Y162.734 F18000
G1 E.8 F3600
;TYPE:Gap infill
;WIDTH:0.431233
G1 F6000
G1 X121.087 Y162.915 E.00598
G1 X121.233 Y163.342 E.01428
G1 X121.584 Y164.072 E.02562
G1 X122.107 Y164.709 E.02607
G1 X122.723 Y165.212 E.02516
G1 X123.468 Y165.603 E.02664
G1 X124.208 Y165.816 E.02437
G1 X124.986 Y165.885 E.02471
G1 X164.842 Y165.885 E1.26115
;WIDTH:0.40031
G1 X165.241 Y165.835 E.0117
;WIDTH:0.388677
G1 X166.088 Y165.671 E.02431
G1 X166.426 Y165.588 E.00981
;WIDTH:0.429738
G1 X167.125 Y165.228 E.02479
G1 X167.747 Y164.724 E.02523
G1 X168.283 Y164.073 E.02657
G1 X168.662 Y163.331 E.02626
G1 X168.864 Y162.608 E.02367
G1 X168.927 Y161.933 E.02137
G1 X168.932 Y131.972 E.94439
G1 X168.918 Y131.823 E.00474
;WIDTH:0.387614
G1 X168.871 Y131.495 E.00929
;WIDTH:0.354478
G1 X168.824 Y131.168 E.00839
G1 X168.748 Y130.837 E.00861
;WIDTH:0.389746
G1 X168.681 Y130.608 E.00676
;WIDTH:0.432784
G1 X168.614 Y130.378 E.0076
G1 X168.283 Y129.692 E.02421
G1 X167.759 Y129.048 E.02637
G1 X167.126 Y128.533 E.02593
G1 X166.393 Y128.159 E.02614
G1 X165.649 Y127.947 E.02458
G1 X164.972 Y127.882 E.0216
G1 X125.036 Y127.879 E1.26873
G1 X124.905 Y127.891 E.00418
;WIDTH:0.40769
G1 X124.889 Y127.893 E.00048
;WIDTH:0.389893
G1 X124.559 Y127.939 E.0094
;WIDTH:0.355328
G1 X124.202 Y127.991 E.0092
;WIDTH:0.357491
G1 X123.837 Y128.078 E.00962
;WIDTH:0.395225
G1 X123.424 Y128.181 E.0122
;WIDTH:0.42524
G1 X122.746 Y128.532 E.02381
G1 X122.123 Y129.04 E.02504
G1 X121.584 Y129.694 E.02638
G1 X121.212 Y130.416 E.0253
G1 X120.996 Y131.155 E.02401
G1 X120.936 Y131.825 E.02094
;WIDTH:0.431233
G1 X120.935 Y161.913 E.95206
G1 X120.997 Y162.607 E.02204
G1 X121.028 Y162.714 E.00355
; stop printing object USV 1 e2mm.stl_3 id:0 copy 0
; printing object "USV 1 e2mm.stl_1" id:1 copy 0
G1 E-.8 F3600
G1 X98.311 Y93.712 F18000
G1 E.8 F3600
M204 S1000
;TYPE:Outer wall
;WIDTH:0.42
G1 F3000
G1 X98.304 Y93.711 E.00022
G1 X97.454 Y93.273 E.02938
G1 X96.695 Y92.64 E.03037
G1 X96.072 Y91.881 E.03019
G1 X95.629 Y91.021 E.02971
G1 X95.373 Y90.132 E.02843
G1 X95.293 Y89.244 E.02739
G1 X95.293 Y59.275 E.92085
G1 X95.634 Y57.491 E.05583
G1 X96.072 Y56.64 E.02941
G1 X96.695 Y55.869 E.03045
G1 X97.453 Y55.247 E.03014
G1 X98.313 Y54.805 E.02972
G1 X99.213 Y54.545 E.02877
G1 X100.088 Y54.468 E.027
G1 X140.101 Y54.473 E1.22948
G1 X141.849 Y54.809 E.05469
G1 X142.701 Y55.247 E.02944
G1 X143.471 Y55.87 E.03042
G1 X144.093 Y56.64 E.03042
G1 X144.536 Y57.5 E.02972
G1 X144.795 Y58.389 E.02845
G1 X144.875 Y59.265 E.02704
G1 X144.875 Y89.244 E.92117
G1 X144.795 Y90.131 E.02738
G1 X144.536 Y91.02 E.02845
G1 X144.094 Y91.881 E.02972
G1 X143.471 Y92.639 E.03016
G1 X142.7 Y93.273 E.03066
G1 X141.84 Y93.715 E.02971
G1 X140.952 Y93.971 E.0284
G1 X140.065 Y94.051 E.02738
G1 X100.099 Y94.051 E1.22804
G1 X98.331 Y93.716 E.0553
M204 S2000
G1 X98.433 Y93.336 F18000
M204 S1500
;TYPE:Inner wall
;WIDTH:0.45
G1 F4800
G1 X97.672 Y92.945 E.0284
G1 X96.974 Y92.363 E.03013
G1 X96.401 Y91.664 E.02998
G1 X95.995 Y90.875 E.02942
G1 X95.761 Y90.059 E.02818
G1 X95.685 Y89.226 E.02774
G1 X95.685 Y59.312 E.9923
G1 X96.008 Y57.62 E.05716
G1 X96.402 Y56.855 E.02854
G1 X96.975 Y56.147 E.03021
G1 X97.67 Y55.577 E.02982
G1 X98.458 Y55.171 E.02943
G1 X99.285 Y54.932 E.02853
G1 X100.105 Y54.861 E.02732
G1 X140.064 Y54.865 E1.32549
G1 X141.719 Y55.183 E.05594
G1 X142.486 Y55.578 E.02858
G1 X143.192 Y56.149 E.03013
G1 X143.763 Y56.855 E.03013
G1 X144.17 Y57.645 E.0295
G1 X144.408 Y58.462 E.02821
G1 X144.483 Y59.283 E.02735
G1 X144.483 Y89.226 E.99327
G1 X144.408 Y90.058 E.02771
G1 X144.17 Y90.875 E.0282
G1 X143.764 Y91.664 E.02945
G1 X143.192 Y92.361 E.0299
G1 X142.483 Y92.944 E.03043
G1 X141.695 Y93.349 E.02941
G1 X140.88 Y93.584 E.02815
G1 X140.047 Y93.659 E.02774
G1 X100.136 Y93.659 E1.32393
G1 X98.453 Y93.34 E.05683
M204 S2000
G1 E-.8 F3600
G1 X97.354 Y57.57 F18000
G1 E.8 F3600
M204 S1000
;TYPE:Outer wall
;WIDTH:0.42
G1 F3000
G1 X97.287 Y57.699 E.00448
G1 X96.983 Y58.469 E.02544
G1 X96.927 Y58.672 E.00648
G1 X96.872 Y59.245 E.0177
G1 X96.872 Y89.263 E.92237
G1 X96.927 Y89.836 E.01768
G1 X97.091 Y90.442 E.01929
G1 X97.39 Y91.019 E.01996
G1 X97.809 Y91.527 E.02023
G1 X98.327 Y91.943 E.02043
G1 X98.9 Y92.24 E.01983
G1 X99.103 Y92.301 E.00651
G1 X99.878 Y92.454 E.02426
G1 X100.069 Y92.472 E.00591
G1 X140.084 Y92.472 E1.22955
G1 X140.662 Y92.418 E.01783
G1 X141.269 Y92.24 E.01943
G1 X141.84 Y91.943 E.01978
G1 X142.345 Y91.526 E.02012
G1 X142.767 Y91.019 E.02027
G1 X142.87 Y90.821 E.00685
G1 X143.181 Y90.045 E.0257
G1 X143.241 Y89.838 E.00664
G1 X143.293 Y89.263 E.01773
G1 X143.293 Y59.246 E.92233
G1 X143.241 Y58.671 E.01775
G1 X143.065 Y58.076 E.01908
G1 X142.768 Y57.502 E.01986
G1 X142.345 Y56.983 E.02056
G1 X141.839 Y56.573 E.02002
G1 X141.269 Y56.276 E.01976
G1 X140.661 Y56.099 E.01944
G1 X140.083 Y56.047 E.01782
G1 X100.07 Y56.047 E1.22951
G1 X99.495 Y56.099 E.01772
G1 X98.9 Y56.276 E.01908
G1 X98.328 Y56.572 E.01981
G1 X97.808 Y56.982 E.02033
G1 X97.389 Y57.502 E.02052
G1 X97.364 Y57.552 E.00172
M204 S2000
G1 X97.006 Y57.389 F18000
M204 S1500
;TYPE:Inner wall
;WIDTH:0.45
G1 F4800
G1 X96.93 Y57.536 E.0055
G1 X96.611 Y58.344 E.02882
G1 X96.54 Y58.601 E.00882
G1 X96.48 Y59.227 E.02086
G1 X96.48 Y89.282 E.99699
G1 X96.54 Y89.907 E.02081
G1 X96.724 Y90.585 E.02332
G1 X97.061 Y91.236 E.02431
G1 X97.532 Y91.807 E.02455
G1 X98.112 Y92.273 E.02469
G1 X98.753 Y92.605 E.02394
G1 X99.009 Y92.682 E.00887
G1 X99.821 Y92.843 E.02746
G1 X100.05 Y92.865 E.00765
G1 X140.103 Y92.865 E1.32861
G1 X140.736 Y92.804 E.02111
G1 X141.416 Y92.606 E.0235
G1 X142.057 Y92.271 E.024
G1 X142.623 Y91.805 E.0243
G1 X143.096 Y91.238 E.02451
G1 X143.226 Y90.985 E.00944
G1 X143.552 Y90.173 E.02901
G1 X143.629 Y89.911 E.00907
G1 X143.685 Y89.28 E.02099
G1 X143.685 Y59.228 E.99688
G1 X143.628 Y58.597 E.02104
G1 X143.43 Y57.928 E.02313
G1 X143.097 Y57.285 E.02402
G1 X142.623 Y56.704 E.02488
G1 X142.055 Y56.244 E.02426
G1 X141.416 Y55.91 E.02393
G1 X140.734 Y55.712 E.02354
G1 X140.101 Y55.655 E.02108
G1 X100.052 Y55.655 E1.3285
G1 X99.421 Y55.712 E.02101
G1 X98.753 Y55.911 E.02312
G1 X98.114 Y56.241 E.02387
G1 X97.531 Y56.702 E.02465
G1 X97.059 Y57.287 E.02492
G1 X97.015 Y57.372 E.00317
M204 S2000
G1 X96.671 Y57.203 F18000
;TYPE:Gap infill
;WIDTH:0.428257
G1 F6000
G1 X96.401 Y57.755 E.01929
;WIDTH:0.436006
G1 X96.334 Y57.988 E.00775
;WIDTH:0.389075
G1 X96.262 Y58.236 E.00731
;WIDTH:0.35266
G1 X96.19 Y58.549 E.0081
;WIDTH:0.357101
G1 X96.144 Y58.875 E.00841
;WIDTH:0.372449
G1 X96.097 Y59.2 E.00882
;WIDTH:0.429377
G1 X96.083 Y59.35 E.00475
G1 X96.088 Y89.31 E.94347
G1 X96.151 Y89.986 E.02138
G1 X96.353 Y90.708 E.02362
G1 X96.73 Y91.448 E.02614
G1 X97.254 Y92.085 E.02598
G1 X97.894 Y92.609 E.02605
G1 X98.564 Y92.956 E.02375
G1 X98.926 Y93.048 E.01178
;WIDTH:0.385177
G1 X100.041 Y93.25 E.03158
;WIDTH:0.430158
G1 X100.173 Y93.262 E.0042
G1 X140.112 Y93.258 E1.26028
G1 X140.807 Y93.194 E.022
G1 X141.548 Y92.979 E.02436
G1 X142.264 Y92.61 E.02542
G1 X142.91 Y92.079 E.02639
G1 X143.432 Y91.446 E.02589
G1 X143.589 Y91.141 E.01083
;WIDTH:0.432592
G1 X143.782 Y90.72 E.01471
G1 X144.018 Y89.985 E.02452
G1 X144.084 Y89.208 E.02474
G1 X144.08 Y59.219 E.95225
G1 X144.019 Y58.536 E.02179
G1 X143.802 Y57.792 E.02459
G1 X143.431 Y57.072 E.02574
G1 X142.888 Y56.41 E.02716
G1 X142.269 Y55.91 E.02528
G1 X141.59 Y55.558 E.02428
;WIDTH:0.41521
G1 X141.543 Y55.544 E.00149
;WIDTH:0.392987
G1 X141.178 Y55.456 E.01071
;WIDTH:0.35704
G1 X140.785 Y55.363 E.01034
;WIDTH:0.357831
G1 X140.456 Y55.316 E.00853
;WIDTH:0.39226
G1 X140.11 Y55.268 E.00993
;WIDTH:0.428257
G1 X100.043 Y55.261 E1.25811
G1 X99.357 Y55.322 E.02161
G1 X98.622 Y55.536 E.02405
G1 X97.889 Y55.911 E.02584
G1 X97.254 Y56.424 E.02564
G1 X96.742 Y57.057 E.02557
G1 X96.679 Y57.185 E.00448
; stop printing object USV 1 e2mm.stl_1 id:1 copy 0
; end of layer_num: 24, T: 0, print_z: 4.840000
;LAYER_CHANGE
;Z:5.04
;HEIGHT:0.2
; BEFORE_LAYER_CHANGE 24 @ 5.04mm
G92 E0
; AFTER_LAYER_CHANGE 24 @ 5.04mm
; start of layer_num: 25, T: 0, print_z: 5.040000
; printing object "USV 1 e2mm.stl_3" id:0 copy 0
G1 E-.8 F3600
G1 X123.173 Y127.43 Z5.04 F18000
G1 E.8 F3600
M204 S1000
;TYPE:Outer wall
;WIDTH:0.42
G1 F3000
G1 X124.961 Y127.088 E.05593
G1 X164.926 Y127.088 E1.22803
G1 X165.792 Y127.167 E.02671
G1 X166.702 Y127.427 E.02909
G1 X167.562 Y127.869 E.02971
G1 X168.32 Y128.491 E.03014
G1 X168.943 Y129.262 E.03045
G1 X169.381 Y130.114 E.02944
G1 X169.722 Y131.897 E.0558
G1 X169.722 Y161.867 E.92088
G1 X169.641 Y162.754 E.02736
G1 X169.386 Y163.643 E.02843
G1 X168.943 Y164.503 E.02974
G1 X168.32 Y165.274 E.03044
G1 X167.562 Y165.892 E.03007
G1 X166.71 Y166.334 E.02947
G1 X164.916 Y166.674 E.05611
G1 X124.95 Y166.674 E1.22804
G1 X124.063 Y166.593 E.02739
G1 X123.175 Y166.339 E.02838
G1 X122.314 Y165.892 E.0298
G1 X121.544 Y165.273 E.03036
G1 X120.922 Y164.503 E.03041
G1 X120.479 Y163.643 E.02975
G1 X120.22 Y162.753 E.02845
G1 X120.14 Y161.867 E.02735
G1 X120.14 Y131.887 E.9212
G1 X120.22 Y131.008 E.02713
G1 X120.479 Y130.123 E.02834
G1 X120.922 Y129.262 E.02975
G1 X121.544 Y128.492 E.03042
G1 X122.314 Y127.869 E.03042
G1 X123.154 Y127.437 E.02904
M204 S2000
G1 X123.295 Y127.806 F18000
M204 S1500
;TYPE:Inner wall
;WIDTH:0.45
G1 F4800
G1 X124.998 Y127.48 E.05751
G1 X164.908 Y127.48 E1.3239
G1 X165.72 Y127.554 E.02703
G1 X166.557 Y127.793 E.0289
G1 X167.345 Y128.199 E.0294
G1 X168.04 Y128.769 E.02982
G1 X168.613 Y129.477 E.0302
G1 X169.007 Y130.243 E.02857
G1 X169.33 Y131.935 E.05713
G1 X169.33 Y161.849 E.99233
G1 X169.254 Y162.681 E.02771
G1 X169.019 Y163.498 E.02818
G1 X168.613 Y164.288 E.02949
G1 X168.041 Y164.996 E.03017
G1 X167.345 Y165.563 E.02977
G1 X166.581 Y165.959 E.02857
G1 X164.879 Y166.282 E.05745
G1 X124.968 Y166.282 E1.32393
G1 X124.135 Y166.206 E.02775
G1 X123.321 Y165.972 E.0281
G1 X122.529 Y165.562 E.02958
G1 X121.822 Y164.994 E.03008
G1 X121.252 Y164.288 E.0301
G1 X120.845 Y163.497 E.02952
G1 X120.607 Y162.68 E.02821
G1 X120.532 Y161.849 E.02768
G1 X120.532 Y131.905 E.99331
G1 X120.607 Y131.081 E.02743
G1 X120.845 Y130.269 E.02808
G1 X121.252 Y129.477 E.02954
G1 X121.823 Y128.771 E.03013
G1 X122.529 Y128.2 E.03013
G1 X123.277 Y127.815 E.02791
M204 S2000
G1 E-.8 F3600
G1 X121.799 Y162.548 F18000
G1 E.8 F3600
M204 S1000
;TYPE:Outer wall
;WIDTH:0.42
G1 F3000
G1 X121.826 Y162.639 E.00291
G1 X122.159 Y163.471 E.02755
G1 X122.248 Y163.643 E.00592
G1 X122.67 Y164.148 E.02024
G1 X123.175 Y164.566 E.02013
G1 X123.746 Y164.863 E.01979
G1 X124.353 Y165.04 E.01942
G1 X124.931 Y165.096 E.01783
G1 X164.946 Y165.096 E1.22956
G1 X165.11 Y165.08 E.00507
G1 X165.939 Y164.915 E.02598
G1 X166.115 Y164.863 E.00562
G1 X166.688 Y164.566 E.01984
G1 X167.206 Y164.149 E.02044
G1 X167.625 Y163.642 E.0202
G1 X167.924 Y163.065 E.01996
G1 X168.088 Y162.458 E.01932
G1 X168.143 Y161.887 E.01765
G1 X168.143 Y131.868 E.9224
G1 X168.088 Y131.29 E.01782
G1 X168.04 Y131.115 E.0056
G1 X167.713 Y130.293 E.02717
G1 X167.625 Y130.123 E.00588
G1 X167.206 Y129.613 E.02028
G1 X166.688 Y129.195 E.02046
G1 X166.115 Y128.898 E.01984
G1 X165.519 Y128.721 E.01908
G1 X164.945 Y128.67 E.01772
G1 X124.931 Y128.67 E1.22951
G1 X124.354 Y128.721 E.01782
G1 X123.746 Y128.898 E.01944
G1 X123.175 Y129.196 E.01979
G1 X122.67 Y129.613 E.02015
G1 X122.248 Y130.123 E.02032
G1 X121.95 Y130.693 E.01978
G1 X121.774 Y131.289 E.01909
G1 X121.722 Y131.868 E.01787
G1 X121.722 Y161.886 E.92236
G1 X121.773 Y162.46 E.0177
G1 X121.794 Y162.529 E.00222
M204 S2000
G1 X121.423 Y162.658 F18000
M204 S1500
;TYPE:Inner wall
;WIDTH:0.45
G1 F4800
G1 X121.454 Y162.767 E.00378
G1 X121.802 Y163.635 E.03101
G1 X121.919 Y163.861 E.00845
G1 X122.392 Y164.427 E.02447
G1 X122.957 Y164.894 E.02431
G1 X123.599 Y165.229 E.02403
G1 X124.279 Y165.427 E.02347
G1 X124.912 Y165.488 E.02109
G1 X164.965 Y165.488 E1.32864
G1 X165.167 Y165.468 E.00674
G1 X166.033 Y165.296 E.02929
G1 X166.262 Y165.229 E.0079
G1 X166.903 Y164.896 E.02397
G1 X167.483 Y164.429 E.0247
G1 X167.954 Y163.86 E.02451
G1 X168.291 Y163.208 E.02433
G1 X168.475 Y162.529 E.02335
G1 X168.535 Y161.905 E.02078
G1 X168.535 Y131.849 E.99702
G1 X168.475 Y131.219 E.021
G1 X168.412 Y130.99 E.00789
G1 X168.07 Y130.129 E.03071
G1 X167.954 Y129.906 E.00836
G1 X167.484 Y129.333 E.02458
G1 X166.903 Y128.865 E.02474
G1 X166.262 Y128.533 E.02397
G1 X165.594 Y128.334 E.02312
G1 X164.963 Y128.278 E.02101
G1 X124.914 Y128.278 E1.3285
G1 X124.281 Y128.334 E.02108
G1 X123.599 Y128.532 E.02354
G1 X122.957 Y128.867 E.02403
G1 X122.391 Y129.335 E.02435
G1 X121.919 Y129.905 E.02455
G1 X121.585 Y130.546 E.02398
G1 X121.386 Y131.215 E.02316
G1 X121.33 Y131.851 E.02117
G1 X121.33 Y161.904 E.99691
G1 X121.386 Y162.533 E.02095
G1 X121.417 Y162.638 E.00365
G1 E-.8 F3600
M204 S2000
G1 X121.048 Y162.756 F18000
G1 E.8 F3600
;TYPE:Gap infill
;WIDTH:0.43319
G1 F6000
G1 X121.235 Y163.341 E.01955
G1 X121.579 Y164.062 E.02541
G1 X122.107 Y164.709 E.02653
G1 X122.755 Y165.234 E.02656
G1 X123.468 Y165.603 E.02551
G1 X124.222 Y165.818 E.02493
;WIDTH:0.428191
G1 X124.986 Y165.885 E.02408
G1 X164.842 Y165.885 E1.25127
G1 X165.23 Y165.836 E.01227
G1 X166.426 Y165.588 E.03835
;WIDTH:0.429738
G1 X167.125 Y165.228 E.02479
G1 X167.747 Y164.724 E.02523
G1 X168.283 Y164.073 E.02657
G1 X168.662 Y163.331 E.02626
G1 X168.864 Y162.608 E.02367
G1 X168.927 Y161.933 E.02137
G1 X168.932 Y131.972 E.94439
G1 X168.918 Y131.823 E.00474
;WIDTH:0.387616
G1 X168.871 Y131.495 E.00929
;WIDTH:0.353999
G1 X168.824 Y131.168 E.00838
G1 X168.755 Y130.866 E.00786
;WIDTH:0.388736
G1 X168.684 Y130.622 E.00715
;WIDTH:0.432919
G1 X168.613 Y130.379 E.00806
G1 X168.283 Y129.692 E.02421
G1 X167.759 Y129.048 E.02638
G1 X167.126 Y128.533 E.02594
G1 X166.393 Y128.158 E.02615
G1 X165.649 Y127.944 E.02461
G1 X164.972 Y127.882 E.02161
G1 X125.036 Y127.879 E1.26917
;WIDTH:0.419784
G1 X124.889 Y127.893 E.00454
;WIDTH:0.389894
G1 X124.559 Y127.939 E.0094
;WIDTH:0.355328
G1 X124.202 Y127.991 E.0092
;WIDTH:0.357492
G1 X123.837 Y128.078 E.00962
;WIDTH:0.395227
G1 X123.424 Y128.181 E.0122
;WIDTH:0.42524
G1 X122.746 Y128.532 E.02381
G1 X122.123 Y129.04 E.02504
G1 X121.584 Y129.694 E.02638
G1 X121.212 Y130.416 E.0253
G1 X120.996 Y131.155 E.02401
G1 X120.936 Y131.825 E.02094
;WIDTH:0.43319
G1 X120.931 Y161.831 E.95427
G1 X120.995 Y162.588 E.02414
G1 X121.042 Y162.736 E.00497
; stop printing object USV 1 e2mm.stl_3 id:0 copy 0
; printing object "USV 1 e2mm.stl_1" id:1 copy 0
G1 E-.8 F3600
G1 X98.311 Y93.712 F18000
G1 E.8 F3600
M204 S1000
;TYPE:Outer wall
;WIDTH:0.42
G1 F3000
G1 X98.304 Y93.711 E.00022
G1 X97.454 Y93.273 E.02938
G1 X96.695 Y92.64 E.03038
G1 X96.072 Y91.881 E.03019
G1 X95.629 Y91.021 E.02971
G1 X95.373 Y90.132 E.02843
G1 X95.293 Y89.244 E.02739
G1 X95.293 Y59.275 E.92085
G1 X95.634 Y57.491 E.05583
G1 X96.072 Y56.64 E.02941
G1 X96.695 Y55.869 E.03045
G1 X97.453 Y55.247 E.03014
G1 X98.313 Y54.805 E.02972
G1 X99.213 Y54.545 E.02877
G1 X100.088 Y54.468 E.027
G1 X140.065 Y54.469 E1.22836
G1 X141.849 Y54.809 E.05582
G1 X142.701 Y55.247 E.02943
G1 X143.471 Y55.87 E.03042
G1 X144.093 Y56.64 E.03042
G1 X144.536 Y57.5 E.02972
G1 X144.795 Y58.389 E.02845
G1 X144.875 Y59.265 E.02704
G1 X144.875 Y89.244 E.92117
G1 X144.795 Y90.131 E.02738
G1 X144.536 Y91.02 E.02845
G1 X144.094 Y91.881 E.02972
G1 X143.471 Y92.639 E.03016
G1 X142.7 Y93.273 E.03066
G1 X141.84 Y93.715 E.02971
G1 X140.952 Y93.971 E.0284
G1 X140.065 Y94.051 E.02738
G1 X100.099 Y94.051 E1.22804
G1 X98.331 Y93.716 E.0553
M204 S2000
G1 X98.433 Y93.336 F18000
M204 S1500
;TYPE:Inner wall
;WIDTH:0.45
G1 F4800
G1 X97.672 Y92.945 E.0284
G1 X96.974 Y92.363 E.03013
G1 X96.401 Y91.664 E.02998
G1 X95.995 Y90.875 E.02942
G1 X95.761 Y90.059 E.02818
G1 X95.685 Y89.226 E.02774
G1 X95.685 Y59.312 E.9923
G1 X96.008 Y57.62 E.05716
G1 X96.402 Y56.855 E.02854
G1 X96.975 Y56.147 E.03021
G1 X97.669 Y55.577 E.02982
G1 X98.458 Y55.171 E.02943
G1 X99.285 Y54.932 E.02853
G1 X100.105 Y54.861 E.02732
G1 X140.028 Y54.861 E1.32429
G1 X141.72 Y55.184 E.05715
G1 X142.486 Y55.578 E.02856
G1 X143.192 Y56.149 E.03013
G1 X143.763 Y56.855 E.03013
G1 X144.17 Y57.645 E.0295
G1 X144.408 Y58.462 E.02821
G1 X144.483 Y59.283 E.02735
G1 X144.483 Y89.226 E.99327
G1 X144.408 Y90.058 E.02771
G1 X144.17 Y90.875 E.0282
G1 X143.764 Y91.664 E.02945
G1 X143.192 Y92.361 E.0299
G1 X142.483 Y92.944 E.03043
G1 X141.695 Y93.349 E.02941
G1 X140.88 Y93.584 E.02815
G1 X140.047 Y93.659 E.02774
G1 X100.136 Y93.659 E1.32393
G1 X98.453 Y93.34 E.05683
M204 S2000
G1 E-.8 F3600
G1 X97.347 Y57.583 F18000
G1 E.8 F3600
M204 S1000
;TYPE:Outer wall
;WIDTH:0.42
G1 F3000
G1 X97.301 Y57.672 E.00308
G1 X96.975 Y58.497 E.02725
G1 X96.927 Y58.672 E.00559
G1 X96.872 Y59.245 E.0177
G1 X96.872 Y89.263 E.92237
G1 X96.927 Y89.836 E.01768
G1 X97.091 Y90.442 E.01929
G1 X97.39 Y91.019 E.01995
G1 X97.809 Y91.527 E.02023
G1 X98.327 Y91.943 E.02043
G1 X98.9 Y92.24 E.01983
G1 X99.075 Y92.292 E.00562
G1 X99.905 Y92.457 E.02599
G1 X100.069 Y92.472 E.00507
G1 X140.084 Y92.472 E1.22955
G1 X140.662 Y92.418 E.01783
G1 X141.269 Y92.24 E.01943
G1 X141.84 Y91.943 E.01978
G1 X142.345 Y91.526 E.02012
G1 X142.767 Y91.019 E.02027
G1 X142.856 Y90.848 E.00592
G1 X143.189 Y90.017 E.02753
G1 X143.241 Y89.838 E.00573
G1 X143.293 Y89.263 E.01773
G1 X143.293 Y59.246 E.92233
G1 X143.241 Y58.671 E.01775
G1 X143.065 Y58.076 E.01908
G1 X142.768 Y57.502 E.01986
G1 X142.345 Y56.983 E.02056
G1 X141.839 Y56.573 E.02002
G1 X141.269 Y56.276 E.01976
G1 X140.661 Y56.099 E.01944
G1 X140.083 Y56.047 E.01782
G1 X100.07 Y56.047 E1.22951
G1 X99.495 Y56.099 E.01772
G1 X98.9 Y56.276 E.01908
G1 X98.328 Y56.572 E.01981
G1 X97.808 Y56.982 E.02033
G1 X97.389 Y57.502 E.02052
G1 X97.357 Y57.565 E.00219
M204 S2000
G1 X96.999 Y57.403 F18000
M204 S1500
;TYPE:Inner wall
;WIDTH:0.45
G1 F4800
G1 X96.944 Y57.51 E.00399
G1 X96.603 Y58.372 E.03077
G1 X96.54 Y58.601 E.00787
G1 X96.48 Y59.227 E.02086
G1 X96.48 Y89.282 E.99699
G1 X96.54 Y89.907 E.02081
G1 X96.724 Y90.585 E.02332
G1 X97.061 Y91.236 E.02431
G1 X97.532 Y91.807 E.02455
G1 X98.112 Y92.273 E.02469
G1 X98.753 Y92.605 E.02394
G1 X98.981 Y92.673 E.0079
G1 X99.848 Y92.845 E.02932
G1 X100.05 Y92.865 E.00674
G1 X140.103 Y92.865 E1.32861
G1 X140.736 Y92.804 E.02111
G1 X141.416 Y92.606 E.0235
G1 X142.057 Y92.271 E.024
G1 X142.623 Y91.805 E.0243
G1 X143.096 Y91.238 E.02451
G1 X143.212 Y91.012 E.00843
G1 X143.56 Y90.145 E.03099
G1 X143.629 Y89.911 E.00809
G1 X143.685 Y89.28 E.02099
G1 X143.685 Y59.228 E.99688
G1 X143.628 Y58.597 E.02104
G1 X143.43 Y57.928 E.02313
G1 X143.097 Y57.285 E.02402
G1 X142.623 Y56.704 E.02488
G1 X142.055 Y56.244 E.02426
G1 X141.416 Y55.91 E.02393
G1 X140.734 Y55.712 E.02354
G1 X140.101 Y55.655 E.02108
G1 X100.052 Y55.655 E1.3285
G1 X99.421 Y55.712 E.02101
G1 X98.753 Y55.911 E.02312
G1 X98.114 Y56.241 E.02387
G1 X97.531 Y56.702 E.02465
G1 X97.059 Y57.287 E.02492
G1 X97.008 Y57.385 E.00367
M204 S2000
G1 X96.662 Y57.206 F18000
;TYPE:Gap infill
;WIDTH:0.429584
G1 F6000
G1 X96.584 Y57.356 E.00533
;WIDTH:0.43996
G1 X96.403 Y57.756 E.0142
;WIDTH:0.437698
G1 X96.331 Y58.002 E.00824
;WIDTH:0.389641
G1 X96.26 Y58.248 E.00724
;WIDTH:0.352208
G1 X96.19 Y58.549 E.00779
;WIDTH:0.357103
G1 X96.144 Y58.875 E.00841
;WIDTH:0.37245
G1 X96.097 Y59.2 E.00882
;WIDTH:0.429412
G1 X96.083 Y59.35 E.00475
G1 X96.088 Y89.31 E.94356
G1 X96.151 Y89.986 E.02139
G1 X96.353 Y90.708 E.02363
G1 X96.73 Y91.448 E.02614
G1 X97.254 Y92.085 E.02599
G1 X97.894 Y92.61 E.02605
G1 X98.564 Y92.956 E.02376
G1 X98.898 Y93.041 E.01087
;WIDTH:0.429068
G1 X99.786 Y93.213 E.02844
G1 X100.173 Y93.262 E.01229
G1 X140.029 Y93.262 E1.25411
G1 X140.806 Y93.194 E.02456
G1 X141.546 Y92.98 E.02423
G1 X142.264 Y92.61 E.02542
G1 X142.91 Y92.079 E.02631
G1 X143.432 Y91.446 E.02582
G1 X143.575 Y91.168 E.00984
;WIDTH:0.43286
G1 X143.78 Y90.719 E.01567
G1 X144.018 Y89.985 E.02453
G1 X144.084 Y89.208 E.02476
G1 X144.084 Y59.301 E.9503
G1 X144.011 Y58.504 E.02543
G1 X143.802 Y57.792 E.02358
G1 X143.438 Y57.085 E.02526
G1 X142.911 Y56.43 E.02673
G1 X142.256 Y55.903 E.02671
;WIDTH:0.42258
G1 X141.543 Y55.544 E.02469
;WIDTH:0.392204
G1 X141.178 Y55.456 E.01068
;WIDTH:0.355463
G1 X140.785 Y55.364 E.01029
;WIDTH:0.355487
G1 X140.456 Y55.318 E.00847
;WIDTH:0.389207
G1 X140.11 Y55.27 E.00984
;WIDTH:0.429584
G1 X100.043 Y55.261 E1.26244
G1 X99.357 Y55.322 E.02169
G1 X98.622 Y55.536 E.02414
G1 X97.889 Y55.911 E.02593
G1 X97.254 Y56.424 E.02573
G1 X96.732 Y57.07 E.02617
G1 X96.671 Y57.188 E.00419
; stop printing object USV 1 e2mm.stl_1 id:1 copy 0
; end of layer_num: 25, T: 0, print_z: 5.040000
;LAYER_CHANGE
;Z:5.24
;HEIGHT:0.2
; BEFORE_LAYER_CHANGE 25 @ 5.24mm
G92 E0
; AFTER_LAYER_CHANGE 25 @ 5.24mm
; start of layer_num: 26, T: 0, print_z: 5.240000
; printing object "USV 1 e2mm.stl_3" id:0 copy 0
G1 E-.8 F3600
G1 X123.173 Y127.43 Z5.24 F18000
G1 E.8 F3600
M204 S1000
;TYPE:Outer wall
;WIDTH:0.42
G1 F3000
G1 X124.961 Y127.088 E.05593
G1 X164.939 Y127.088 E1.22842
G1 X165.802 Y127.168 E.02662
G1 X166.702 Y127.427 E.02878
G1 X167.562 Y127.869 E.02971
G1 X168.32 Y128.491 E.03014
G1 X168.943 Y129.262 E.03045
G1 X169.381 Y130.114 E.02944
G1 X169.721 Y131.885 E.05541
G1 X169.721 Y161.88 E.92167
G1 X169.642 Y162.754 E.02696
G1 X169.386 Y163.643 E.02843
G1 X168.943 Y164.503 E.02974
G1 X168.32 Y165.274 E.03044
G1 X167.562 Y165.892 E.03007
G1 X166.71 Y166.334 E.02947
G1 X164.916 Y166.674 E.05611
G1 X124.95 Y166.674 E1.22804
G1 X124.063 Y166.593 E.02739
G1 X123.175 Y166.339 E.02838
G1 X122.314 Y165.892 E.0298
G1 X121.544 Y165.273 E.03036
G1 X120.922 Y164.503 E.03041
G1 X120.479 Y163.643 E.02975
G1 X120.22 Y162.753 E.02845
G1 X120.14 Y161.867 E.02735
G1 X120.14 Y131.887 E.9212
G1 X120.22 Y131.008 E.02713
G1 X120.479 Y130.123 E.02834
G1 X120.922 Y129.262 E.02975
G1 X121.544 Y128.492 E.03042
G1 X122.314 Y127.869 E.03042
G1 X123.155 Y127.437 E.02904
M204 S2000
G1 X123.295 Y127.806 F18000
M204 S1500
;TYPE:Inner wall
;WIDTH:0.45
G1 F4800
G1 X124.998 Y127.48 E.05751
G1 X164.921 Y127.48 E1.32432
G1 X165.729 Y127.555 E.02692
G1 X166.557 Y127.793 E.02857
G1 X167.345 Y128.199 E.02942
G1 X168.04 Y128.769 E.02982
G1 X168.613 Y129.477 E.0302
G1 X169.007 Y130.243 E.02858
G1 X169.329 Y131.922 E.05671
G1 X169.329 Y161.862 E.99316
G1 X169.254 Y162.681 E.02728
G1 X169.019 Y163.498 E.02819
G1 X168.613 Y164.288 E.02949
G1 X168.041 Y164.996 E.03017
G1 X167.345 Y165.563 E.02977
G1 X166.581 Y165.959 E.02857
G1 X164.879 Y166.282 E.05745
G1 X124.968 Y166.282 E1.32393
G1 X124.135 Y166.206 E.02775
G1 X123.321 Y165.973 E.0281
G1 X122.529 Y165.562 E.02958
G1 X121.822 Y164.994 E.03008
G1 X121.252 Y164.288 E.0301
G1 X120.845 Y163.497 E.02952
G1 X120.607 Y162.68 E.02821
G1 X120.532 Y161.849 E.02768
G1 X120.532 Y131.905 E.99331
G1 X120.607 Y131.081 E.02743
G1 X120.845 Y130.269 E.02808
G1 X121.252 Y129.477 E.02954
G1 X121.823 Y128.771 E.03013
G1 X122.529 Y128.2 E.03013
G1 X123.277 Y127.815 E.02791
M204 S2000
G1 E-.8 F3600
G1 X121.803 Y162.562 F18000
G1 E.8 F3600
M204 S1000
;TYPE:Outer wall
;WIDTH:0.42
G1 F3000
G1 X121.818 Y162.612 E.00159
G1 X122.242 Y163.636 E.03405
G1 X122.67 Y164.148 E.02052
G1 X123.175 Y164.566 E.02013
G1 X123.746 Y164.863 E.01979
G1 X124.353 Y165.04 E.01942
G1 X124.931 Y165.096 E.01783
G1 X164.956 Y165.096 E1.22988
G1 X166.106 Y164.868 E.03601
G1 X166.688 Y164.566 E.02015
G1 X167.206 Y164.149 E.02044
G1 X167.625 Y163.642 E.0202
G1 X167.924 Y163.065 E.01996
G1 X168.088 Y162.458 E.01932
G1 X168.143 Y161.887 E.01765
G1 X168.143 Y131.868 E.9224
G1 X168.088 Y131.29 E.01782
G1 X168.047 Y131.143 E.00471
G1 X167.7 Y130.266 E.02898
G1 X167.625 Y130.123 E.00495
G1 X167.206 Y129.613 E.02028
G1 X166.688 Y129.195 E.02046
G1 X166.115 Y128.898 E.01984
G1 X165.519 Y128.721 E.01908
G1 X164.945 Y128.67 E.01772
G1 X124.931 Y128.67 E1.22951
G1 X124.354 Y128.721 E.01782
G1 X123.746 Y128.898 E.01944
G1 X123.175 Y129.196 E.01979
G1 X122.67 Y129.613 E.02015
G1 X122.248 Y130.123 E.02032
G1 X121.95 Y130.693 E.01978
G1 X121.774 Y131.289 E.01909
G1 X121.722 Y131.868 E.01787
G1 X121.722 Y161.886 E.92236
G1 X121.773 Y162.46 E.0177
G1 X121.798 Y162.543 E.00266
M204 S2000
G1 X121.397 Y162.568 F18000
M204 S1500
;TYPE:Inner wall
;WIDTH:0.45
G1 F4800
G1 X121.447 Y162.742 E.00603
G1 X121.903 Y163.841 E.03947
G1 X122.392 Y164.427 E.02533
G1 X122.957 Y164.894 E.02431
G1 X123.599 Y165.229 E.02403
G1 X124.279 Y165.427 E.02347
G1 X124.912 Y165.488 E.02109
G1 X164.995 Y165.488 E1.32963
G1 X166.237 Y165.242 E.04199
G1 X166.903 Y164.896 E.02491
G1 X167.483 Y164.429 E.0247
G1 X167.954 Y163.86 E.02451
G1 X168.291 Y163.208 E.02433
G1 X168.475 Y162.529 E.02335
G1 X168.535 Y161.905 E.02078
G1 X168.535 Y131.849 E.99702
G1 X168.475 Y131.219 E.021
G1 X168.419 Y131.018 E.00693
G1 X168.057 Y130.103 E.03265
G1 X167.954 Y129.906 E.00736
G1 X167.484 Y129.333 E.02458
G1 X166.903 Y128.865 E.02474
G1 X166.262 Y128.533 E.02397
G1 X165.594 Y128.334 E.02312
G1 X164.963 Y128.278 E.02101
G1 X124.914 Y128.278 E1.3285
G1 X124.281 Y128.334 E.02108
G1 X123.599 Y128.532 E.02354
G1 X122.957 Y128.867 E.02403
G1 X122.391 Y129.335 E.02435
G1 X121.919 Y129.905 E.02455
G1 X121.585 Y130.546 E.02398
G1 X121.386 Y131.215 E.02316
G1 X121.33 Y131.851 E.02117
G1 X121.33 Y161.904 E.99691
G1 X121.386 Y162.533 E.02095
G1 X121.391 Y162.548 E.00054
G1 E-.8 F3600
M204 S2000
G1 X121.012 Y162.659 F18000
G1 E.8 F3600
;TYPE:Gap infill
;WIDTH:0.433412
G1 F6000
G1 X121.078 Y162.883 E.00744
;WIDTH:0.439628
G1 X121.158 Y163.111 E.00783
;WIDTH:0.453003
G1 X121.238 Y163.34 E.00809
G1 X121.553 Y164.019 E.02503
;WIDTH:0.428806
G1 X122.107 Y164.709 E.02779
G1 X122.746 Y165.229 E.02593
G1 X123.468 Y165.603 E.02556
G1 X124.208 Y165.816 E.02421
G1 X124.986 Y165.885 E.02456
G1 X164.842 Y165.885 E1.25327
G1 X165.049 Y165.864 E.00654
G1 X166.39 Y165.6 E.04296
G1 X167.125 Y165.228 E.02592
G1 X167.759 Y164.715 E.02564
G1 X168.291 Y164.059 E.02656
G1 X168.662 Y163.331 E.02567
G1 X168.864 Y162.608 E.02362
G1 X168.929 Y161.915 E.02188
G1 X168.932 Y131.96 E.94193
G1 X168.919 Y131.822 E.00434
;WIDTH:0.389075
G1 X168.872 Y131.495 E.00933
;WIDTH:0.354572
G1 X168.825 Y131.168 E.0084
G1 X168.762 Y130.894 E.00714
;WIDTH:0.379878
G1 X168.712 Y130.722 E.0049
;WIDTH:0.413387
G1 X168.662 Y130.551 E.00539
;WIDTH:0.432712
G1 X168.612 Y130.38 E.00567
G1 X168.283 Y129.692 E.02421
G1 X167.759 Y129.048 E.02636
G1 X167.126 Y128.533 E.02593
G1 X166.393 Y128.158 E.02614
G1 X165.656 Y127.944 E.02439
G1 X164.972 Y127.882 E.02181
G1 X125.036 Y127.879 E1.2685
;WIDTH:0.419784
G1 X124.889 Y127.893 E.00454
;WIDTH:0.389894
G1 X124.559 Y127.939 E.0094
;WIDTH:0.35533
G1 X124.202 Y127.991 E.0092
;WIDTH:0.357493
G1 X123.837 Y128.078 E.00962
;WIDTH:0.395227
G1 X123.424 Y128.181 E.0122
;WIDTH:0.425239
G1 X122.746 Y128.532 E.02381
G1 X122.123 Y129.04 E.02504
G1 X121.584 Y129.694 E.02638
G1 X121.212 Y130.416 E.0253
G1 X120.996 Y131.155 E.02401
G1 X120.936 Y131.825 E.02094
;WIDTH:0.433412
G1 X120.931 Y161.831 E.95481
G1 X120.997 Y162.607 E.02476
G1 X121.007 Y162.639 E.00109
; stop printing object USV 1 e2mm.stl_3 id:0 copy 0
; printing object "USV 1 e2mm.stl_1" id:1 copy 0
G1 E-.8 F3600
G1 X98.311 Y93.712 F18000
G1 E.8 F3600
M204 S1000
;TYPE:Outer wall
;WIDTH:0.42
G1 F3000
G1 X98.304 Y93.711 E.00023
G1 X97.454 Y93.273 E.02938
G1 X96.685 Y92.629 E.03083
G1 X96.072 Y91.881 E.02974
G1 X95.629 Y91.021 E.02971
G1 X95.373 Y90.132 E.02843
G1 X95.294 Y89.257 E.02698
G1 X95.293 Y59.275 E.92125
G1 X95.634 Y57.491 E.05583
G1 X96.072 Y56.64 E.02941
G1 X96.695 Y55.869 E.03045
G1 X97.453 Y55.247 E.03014
G1 X98.313 Y54.805 E.02972
G1 X99.213 Y54.545 E.02877
G1 X100.088 Y54.468 E.027
G1 X140.067 Y54.469 E1.22845
G1 X141.849 Y54.809 E.05573
G1 X142.701 Y55.247 E.02944
G1 X143.471 Y55.87 E.03042
G1 X144.093 Y56.64 E.03042
G1 X144.536 Y57.5 E.02972
G1 X144.795 Y58.389 E.02846
G1 X144.874 Y59.252 E.02665
G1 X144.875 Y89.244 E.92156
G1 X144.795 Y90.131 E.02738
G1 X144.536 Y91.02 E.02845
G1 X144.094 Y91.88 E.02971
G1 X143.46 Y92.649 E.03062
G1 X142.7 Y93.273 E.0302
G1 X141.84 Y93.715 E.02971
G1 X140.952 Y93.971 E.0284
G1 X140.065 Y94.051 E.02738
G1 X100.099 Y94.051 E1.22804
G1 X98.331 Y93.716 E.05529
M204 S2000
G1 X98.433 Y93.336 F18000
M204 S1500
;TYPE:Inner wall
;WIDTH:0.45
G1 F4800
G1 X97.672 Y92.945 E.02838
G1 X96.965 Y92.352 E.03061
G1 X96.401 Y91.664 E.0295
G1 X95.995 Y90.875 E.02943
G1 X95.76 Y90.059 E.02818
G1 X95.686 Y89.239 E.02731
G1 X95.685 Y59.312 E.99273
G1 X96.008 Y57.62 E.05716
G1 X96.402 Y56.855 E.02854
G1 X96.975 Y56.147 E.03021
G1 X97.669 Y55.577 E.02982
G1 X98.458 Y55.171 E.02943
G1 X99.285 Y54.932 E.02853
G1 X100.105 Y54.861 E.02732
G1 X140.03 Y54.861 E1.32438
G1 X141.72 Y55.184 E.05706
G1 X142.486 Y55.578 E.02857
G1 X143.192 Y56.149 E.03013
G1 X143.763 Y56.855 E.03013
G1 X144.17 Y57.645 E.0295
G1 X144.408 Y58.462 E.02822
G1 X144.482 Y59.27 E.02692
G1 X144.483 Y89.226 E.99369
G1 X144.408 Y90.058 E.02771
G1 X144.17 Y90.875 E.0282
G1 X143.764 Y91.663 E.02943
G1 X143.182 Y92.37 E.03039
G1 X142.484 Y92.943 E.02996
G1 X141.695 Y93.349 E.02942
G1 X140.88 Y93.584 E.02814
G1 X140.047 Y93.659 E.02774
G1 X100.136 Y93.659 E1.32393
G1 X98.453 Y93.34 E.05683
M204 S2000
G1 E-.8 F3600
G1 X97.34 Y57.597 F18000
G1 E.8 F3600
M204 S1000
;TYPE:Outer wall
;WIDTH:0.42
G1 F3000
G1 X97.315 Y57.645 E.00168
G1 X96.968 Y58.525 E.02906
G1 X96.927 Y58.672 E.0047
G1 X96.872 Y59.245 E.0177
G1 X96.872 Y89.263 E.92237
G1 X96.927 Y89.836 E.01768
G1 X97.091 Y90.442 E.01929
G1 X97.39 Y91.019 E.01995
G1 X97.809 Y91.527 E.02023
G1 X98.327 Y91.943 E.02043
G1 X98.909 Y92.245 E.02014
G1 X100.058 Y92.472 E.03601
G1 X140.084 Y92.472 E1.22987
G1 X140.662 Y92.418 E.01783
G1 X141.269 Y92.24 E.01943
G1 X141.84 Y91.943 E.01978
G1 X142.345 Y91.526 E.02012
G1 X142.773 Y91.012 E.02054
G1 X143.197 Y89.99 E.03403
G1 X143.241 Y89.838 E.00486
G1 X143.293 Y89.263 E.01773
G1 X143.293 Y59.246 E.92233
G1 X143.241 Y58.671 E.01775
G1 X143.065 Y58.076 E.01908
G1 X142.768 Y57.502 E.01986
G1 X142.345 Y56.983 E.02056
G1 X141.839 Y56.573 E.02002
G1 X141.269 Y56.276 E.01976
G1 X140.661 Y56.099 E.01944
G1 X140.083 Y56.047 E.01782
G1 X100.07 Y56.047 E1.22951
G1 X99.495 Y56.099 E.01772
G1 X98.9 Y56.276 E.01908
G1 X98.328 Y56.572 E.01981
G1 X97.808 Y56.982 E.02033
G1 X97.389 Y57.502 E.02052
G1 X97.35 Y57.579 E.00266
M204 S2000
G1 X97.083 Y57.257 F18000
M204 S1500
;TYPE:Inner wall
;WIDTH:0.45
G1 F4800
G1 X97.059 Y57.287 E.00125
G1 X96.958 Y57.483 E.00732
G1 X96.595 Y58.4 E.03272
G1 X96.54 Y58.601 E.00691
G1 X96.48 Y59.227 E.02086
G1 X96.48 Y89.282 E.99699
G1 X96.54 Y89.907 E.02081
G1 X96.724 Y90.585 E.02332
G1 X97.061 Y91.236 E.02431
G1 X97.532 Y91.807 E.02455
G1 X98.112 Y92.273 E.02469
G1 X98.778 Y92.618 E.02489
G1 X100.02 Y92.865 E.04199
G1 X140.103 Y92.865 E1.32961
G1 X140.736 Y92.804 E.02111
G1 X141.416 Y92.606 E.0235
G1 X142.057 Y92.271 E.024
G1 X142.623 Y91.805 E.0243
G1 X143.112 Y91.218 E.02537
G1 X143.568 Y90.12 E.03943
G1 X143.629 Y89.911 E.00723
G1 X143.685 Y89.28 E.02099
G1 X143.685 Y59.228 E.99688
G1 X143.628 Y58.597 E.02104
G1 X143.43 Y57.928 E.02313
G1 X143.097 Y57.285 E.02402
G1 X142.623 Y56.704 E.02488
G1 X142.055 Y56.244 E.02426
G1 X141.416 Y55.91 E.02393
G1 X140.734 Y55.712 E.02354
G1 X140.101 Y55.655 E.02108
G1 X100.052 Y55.655 E1.3285
G1 X99.421 Y55.712 E.02101
G1 X98.753 Y55.911 E.02312
G1 X98.114 Y56.241 E.02386
G1 X97.531 Y56.702 E.02465
G1 X97.096 Y57.242 E.023
M204 S2000
G1 X96.791 Y56.996 F18000
;TYPE:Gap infill
;WIDTH:0.429747
G1 F6000
G1 X96.732 Y57.07 E.00299
G1 X96.598 Y57.329 E.0092
;WIDTH:0.441513
G1 X96.404 Y57.756 E.01523
;WIDTH:0.447849
G1 X96.354 Y57.93 E.00596
;WIDTH:0.414005
G1 X96.303 Y58.103 E.00546
;WIDTH:0.378607
G1 X96.249 Y58.293 E.0054
;WIDTH:0.350323
G1 X96.19 Y58.549 E.00659
;WIDTH:0.357103
G1 X96.144 Y58.875 E.00841
;WIDTH:0.372451
G1 X96.097 Y59.2 E.00882
;WIDTH:0.429296
G1 X96.083 Y59.35 E.00474
G1 X96.086 Y89.292 E.94271
G1 X96.151 Y89.986 E.02194
G1 X96.353 Y90.708 E.02363
G1 X96.73 Y91.448 E.02615
G1 X97.245 Y92.075 E.02554
G1 X97.895 Y92.61 E.02649
G1 X98.625 Y92.977 E.02574
G1 X99.966 Y93.241 E.04302
G1 X100.173 Y93.262 E.00656
G1 X140.029 Y93.262 E1.25485
G1 X140.807 Y93.194 E.02457
G1 X141.546 Y92.98 E.02424
G1 X142.265 Y92.61 E.02544
G1 X142.9 Y92.089 E.02589
G1 X143.462 Y91.396 E.02807
;WIDTH:0.433784
G1 X143.619 Y91.057 E.01191
;WIDTH:0.45801
G1 X143.776 Y90.718 E.01265
G1 X143.937 Y90.261 E.01638
;WIDTH:0.43194
G1 X144.018 Y89.985 E.00913
G1 X144.084 Y89.208 E.0247
G1 X144.079 Y59.202 E.9512
G1 X144.019 Y58.536 E.0212
G1 X143.802 Y57.792 E.02456
G1 X143.431 Y57.072 E.0257
G1 X142.888 Y56.41 E.02711
G1 X142.269 Y55.91 E.02524
G1 X141.543 Y55.544 E.02578
;WIDTH:0.392382
G1 X141.178 Y55.456 E.01069
;WIDTH:0.355818
G1 X140.785 Y55.363 E.0103
;WIDTH:0.356015
G1 X140.456 Y55.317 E.00848
;WIDTH:0.389893
G1 X140.11 Y55.269 E.00986
;WIDTH:0.429747
G1 X100.043 Y55.261 E1.26297
G1 X99.357 Y55.322 E.02169
G1 X98.622 Y55.536 E.02415
G1 X97.889 Y55.911 E.02594
G1 X97.254 Y56.424 E.02574
G1 X96.804 Y56.981 E.02256
; stop printing object USV 1 e2mm.stl_1 id:1 copy 0
; end of layer_num: 26, T: 0, print_z: 5.240000
;LAYER_CHANGE
;Z:5.44
;HEIGHT:0.2
; BEFORE_LAYER_CHANGE 26 @ 5.44mm
G92 E0
; AFTER_LAYER_CHANGE 26 @ 5.44mm
; start of layer_num: 27, T: 0, print_z: 5.440000
; printing object "USV 1 e2mm.stl_3" id:0 copy 0
G1 E-.8 F3600
G1 X123.173 Y127.43 Z5.44 F18000
G1 E.8 F3600
M204 S1000
;TYPE:Outer wall
;WIDTH:0.42
G1 F3000
G1 X124.961 Y127.088 E.05593
G1 X164.957 Y127.089 E1.22897
G1 X165.802 Y127.168 E.02607
G1 X166.702 Y127.427 E.02878
G1 X167.562 Y127.869 E.02971
G1 X168.32 Y128.491 E.03014
G1 X168.943 Y129.262 E.03045
G1 X169.381 Y130.114 E.02945
G1 X169.721 Y131.867 E.05487
G1 X169.721 Y161.898 E.92276
G1 X169.642 Y162.754 E.0264
G1 X169.386 Y163.643 E.02843
G1 X168.943 Y164.503 E.02974
G1 X168.32 Y165.274 E.03044
G1 X167.562 Y165.892 E.03007
G1 X166.71 Y166.334 E.02947
G1 X164.916 Y166.674 E.05611
G1 X124.95 Y166.674 E1.22804
G1 X124.063 Y166.593 E.02739
G1 X123.175 Y166.339 E.02838
G1 X122.314 Y165.892 E.0298
G1 X121.544 Y165.273 E.03036
G1 X120.922 Y164.503 E.03041
G1 X120.479 Y163.643 E.02975
G1 X120.22 Y162.753 E.02845
G1 X120.14 Y161.867 E.02735
G1 X120.14 Y131.887 E.9212
G1 X120.22 Y131.008 E.02713
G1 X120.479 Y130.123 E.02834
G1 X120.922 Y129.262 E.02975
G1 X121.544 Y128.492 E.03042
G1 X122.314 Y127.869 E.03042
G1 X123.155 Y127.437 E.02904
M204 S2000
G1 X123.295 Y127.806 F18000
M204 S1500
;TYPE:Inner wall
;WIDTH:0.45
G1 F4800
G1 X124.998 Y127.48 E.05751
G1 X164.939 Y127.481 E1.32491
G1 X165.729 Y127.555 E.02632
G1 X166.557 Y127.793 E.02858
G1 X167.345 Y128.199 E.02942
G1 X168.04 Y128.769 E.02982
G1 X168.613 Y129.477 E.0302
G1 X169.007 Y130.244 E.02859
G1 X169.328 Y131.905 E.05613
G1 X169.328 Y161.88 E.99433
G1 X169.255 Y162.681 E.02668
G1 X169.019 Y163.498 E.0282
G1 X168.613 Y164.288 E.02949
G1 X168.041 Y164.996 E.03017
G1 X167.345 Y165.563 E.02977
G1 X166.581 Y165.959 E.02857
G1 X164.879 Y166.282 E.05745
G1 X124.968 Y166.282 E1.32393
G1 X124.135 Y166.206 E.02775
G1 X123.321 Y165.973 E.0281
G1 X122.529 Y165.562 E.02958
G1 X121.822 Y164.994 E.03008
G1 X121.252 Y164.288 E.0301
G1 X120.845 Y163.497 E.02952
G1 X120.607 Y162.68 E.02821
G1 X120.532 Y161.849 E.02768
G1 X120.532 Y131.905 E.99331
G1 X120.607 Y131.081 E.02743
G1 X120.845 Y130.269 E.02808
G1 X121.252 Y129.477 E.02954
G1 X121.823 Y128.771 E.03013
G1 X122.529 Y128.2 E.03013
G1 X123.277 Y127.815 E.02791
M204 S2000
G1 E-.8 F3600
G1 X121.807 Y162.576 F18000
G1 E.8 F3600
M204 S1000
;TYPE:Outer wall
;WIDTH:0.42
G1 F3000
G1 X121.809 Y162.583 E.00021
G1 X122.242 Y163.635 E.03496
G1 X122.67 Y164.148 E.02053
G1 X123.175 Y164.566 E.02013
G1 X123.746 Y164.863 E.01979
G1 X124.353 Y165.04 E.01942
G1 X124.931 Y165.096 E.01783
G1 X164.956 Y165.096 E1.22988
G1 X166.106 Y164.868 E.03601
G1 X166.688 Y164.566 E.02015
G1 X167.206 Y164.149 E.02044
G1 X167.625 Y163.642 E.0202
G1 X167.924 Y163.065 E.01996
G1 X168.088 Y162.458 E.01932
G1 X168.143 Y161.887 E.01765
G1 X168.143 Y131.868 E.9224
G1 X168.088 Y131.29 E.01782
G1 X168.055 Y131.171 E.00382
G1 X167.686 Y130.239 E.03078
G1 X167.625 Y130.123 E.00403
G1 X167.206 Y129.613 E.02028
G1 X166.688 Y129.195 E.02046
G1 X166.115 Y128.898 E.01984
G1 X165.519 Y128.721 E.01908
G1 X164.945 Y128.67 E.01772
G1 X124.931 Y128.67 E1.22951
G1 X124.354 Y128.721 E.01782
G1 X123.746 Y128.898 E.01944
G1 X123.175 Y129.196 E.01979
G1 X122.67 Y129.613 E.02015
G1 X122.248 Y130.123 E.02032
G1 X121.95 Y130.693 E.01978
G1 X121.774 Y131.289 E.01909
G1 X121.722 Y131.868 E.01787
G1 X121.722 Y161.886 E.92236
G1 X121.773 Y162.46 E.0177
G1 X121.802 Y162.557 E.00312
M204 S2000
G1 X121.396 Y162.567 F18000
M204 S1500
;TYPE:Inner wall
;WIDTH:0.45
G1 F4800
G1 X121.439 Y162.713 E.00503
G1 X121.902 Y163.84 E.04044
G1 X122.392 Y164.427 E.02536
G1 X122.957 Y164.894 E.02431
G1 X123.599 Y165.229 E.02403
G1 X124.279 Y165.427 E.02347
G1 X124.912 Y165.488 E.02109
G1 X164.995 Y165.488 E1.32963
G1 X166.237 Y165.242 E.04199
G1 X166.903 Y164.896 E.02491
G1 X167.483 Y164.429 E.0247
G1 X167.954 Y163.86 E.02451
G1 X168.291 Y163.208 E.02433
G1 X168.475 Y162.529 E.02335
G1 X168.535 Y161.905 E.02078
G1 X168.535 Y131.849 E.99702
G1 X168.475 Y131.219 E.021
G1 X168.427 Y131.046 E.00597
G1 X168.043 Y130.076 E.0346
G1 X167.954 Y129.906 E.00636
G1 X167.484 Y129.333 E.02458
G1 X166.903 Y128.865 E.02474
G1 X166.262 Y128.533 E.02397
G1 X165.594 Y128.334 E.02312
G1 X164.963 Y128.278 E.02101
G1 X124.914 Y128.278 E1.3285
G1 X124.281 Y128.334 E.02108
G1 X123.599 Y128.532 E.02354
G1 X122.957 Y128.867 E.02403
G1 X122.391 Y129.335 E.02435
G1 X121.919 Y129.905 E.02455
G1 X121.585 Y130.546 E.02398
G1 X121.386 Y131.215 E.02316
G1 X121.33 Y131.851 E.02117
G1 X121.33 Y161.904 E.99691
G1 X121.386 Y162.533 E.02095
G1 X121.391 Y162.548 E.00053
G1 E-.8 F3600
M204 S2000
G1 X121.012 Y162.658 F18000
G1 E.8 F3600
;TYPE:Gap infill
;WIDTH:0.433421
G1 F6000
G1 X121.069 Y162.853 E.00645
;WIDTH:0.440055
G1 X121.154 Y163.096 E.00834
;WIDTH:0.454176
G1 X121.239 Y163.34 E.00864
G1 X121.553 Y164.018 E.02504
;WIDTH:0.428531
G1 X122.107 Y164.709 E.02782
G1 X122.746 Y165.229 E.02591
G1 X123.468 Y165.603 E.02554
G1 X124.208 Y165.816 E.0242
G1 X124.986 Y165.885 E.02454
G1 X164.842 Y165.885 E1.25238
G1 X165.049 Y165.864 E.00654
G1 X166.39 Y165.6 E.04293
G1 X167.125 Y165.228 E.0259
G1 X167.759 Y164.715 E.02562
G1 X168.291 Y164.059 E.02655
G1 X168.662 Y163.331 E.02565
G1 X168.864 Y162.607 E.02362
G1 X168.929 Y161.915 E.02185
G1 X168.92 Y131.822 E.94558
;WIDTH:0.391138
G1 X168.873 Y131.495 E.00938
;WIDTH:0.355664
G1 X168.826 Y131.168 E.00843
G1 X168.769 Y130.922 E.00643
;WIDTH:0.379294
G1 X168.716 Y130.742 E.00515
;WIDTH:0.414299
G1 X168.663 Y130.561 E.00569
;WIDTH:0.432356
G1 X168.61 Y130.381 E.00596
G1 X168.283 Y129.692 E.0242
G1 X167.759 Y129.048 E.02634
G1 X167.126 Y128.533 E.0259
G1 X166.393 Y128.158 E.02611
G1 X165.655 Y127.944 E.02438
G1 X164.972 Y127.882 E.02177
G1 X125.036 Y127.879 E1.26734
;WIDTH:0.419783
G1 X124.889 Y127.893 E.00454
;WIDTH:0.389894
G1 X124.559 Y127.939 E.0094
;WIDTH:0.355328
G1 X124.202 Y127.991 E.0092
;WIDTH:0.357492
G1 X123.837 Y128.078 E.00962
;WIDTH:0.395227
G1 X123.424 Y128.181 E.0122
;WIDTH:0.425239
G1 X122.746 Y128.532 E.02381
G1 X122.123 Y129.04 E.02504
G1 X121.584 Y129.694 E.02638
G1 X121.212 Y130.416 E.0253
G1 X120.996 Y131.155 E.02401
G1 X120.936 Y131.825 E.02094
;WIDTH:0.433421
G1 X120.931 Y161.831 E.95483
G1 X120.997 Y162.607 E.02476
G1 X121.007 Y162.639 E.00107
; stop printing object USV 1 e2mm.stl_3 id:0 copy 0
; printing object "USV 1 e2mm.stl_1" id:1 copy 0
G1 E-.8 F3600
G1 X98.312 Y93.712 F18000
G1 E.8 F3600
M204 S1000
;TYPE:Outer wall
;WIDTH:0.42
G1 F3000
G1 X98.304 Y93.711 E.00023
G1 X97.454 Y93.274 E.02937
G1 X96.671 Y92.614 E.03146
G1 X96.072 Y91.881 E.02911
G1 X95.629 Y91.021 E.02972
G1 X95.373 Y90.131 E.02843
G1 X95.294 Y89.275 E.02642
G1 X95.293 Y59.275 E.92181
G1 X95.634 Y57.491 E.05583
G1 X96.072 Y56.64 E.02941
G1 X96.695 Y55.869 E.03045
G1 X97.453 Y55.247 E.03014
G1 X98.313 Y54.805 E.02972
G1 X99.213 Y54.545 E.02877
G1 X100.088 Y54.468 E.027
G1 X140.085 Y54.47 E1.229
G1 X141.849 Y54.809 E.05518
G1 X142.701 Y55.247 E.02944
G1 X143.471 Y55.87 E.03042
G1 X144.093 Y56.64 E.03042
G1 X144.536 Y57.5 E.02972
G1 X144.795 Y58.389 E.02846
G1 X144.874 Y59.235 E.0261
G1 X144.875 Y89.244 E.9221
G1 X144.795 Y90.131 E.02738
G1 X144.536 Y91.02 E.02845
G1 X144.094 Y91.88 E.02971
G1 X143.444 Y92.663 E.03125
G1 X142.7 Y93.273 E.02957
G1 X141.84 Y93.715 E.02971
G1 X140.952 Y93.971 E.0284
G1 X140.065 Y94.051 E.02739
G1 X100.099 Y94.051 E1.22804
G1 X98.331 Y93.716 E.05529
M204 S2000
G1 X98.433 Y93.336 F18000
M204 S1500
;TYPE:Inner wall
;WIDTH:0.45
G1 F4800
G1 X97.673 Y92.945 E.02835
G1 X96.952 Y92.338 E.03128
G1 X96.401 Y91.665 E.02884
G1 X95.995 Y90.875 E.02944
G1 X95.76 Y90.059 E.02819
G1 X95.686 Y89.257 E.0267
G1 X95.685 Y59.312 E.99332
G1 X96.008 Y57.62 E.05716
G1 X96.402 Y56.855 E.02854
G1 X96.975 Y56.147 E.03021
G1 X97.669 Y55.577 E.02982
G1 X98.458 Y55.171 E.02943
G1 X99.285 Y54.932 E.02853
G1 X100.105 Y54.861 E.02732
G1 X140.048 Y54.862 E1.32497
G1 X141.719 Y55.183 E.05647
G1 X142.486 Y55.578 E.02858
G1 X143.192 Y56.149 E.03013
G1 X143.763 Y56.855 E.03013
G1 X144.17 Y57.645 E.02949
G1 X144.408 Y58.462 E.02822
G1 X144.481 Y59.253 E.02633
G1 X144.483 Y89.226 E.99427
G1 X144.408 Y90.058 E.02771
G1 X144.17 Y90.875 E.0282
G1 X143.765 Y91.663 E.0294
G1 X143.167 Y92.384 E.03107
G1 X142.484 Y92.943 E.02929
G1 X141.695 Y93.349 E.02943
G1 X140.88 Y93.584 E.02814
G1 X140.047 Y93.659 E.02774
G1 X100.136 Y93.659 E1.32393
G1 X98.453 Y93.34 E.05683
M204 S2000
G1 E-.8 F3600
G1 X97.333 Y57.61 F18000
G1 E.8 F3600
M204 S1000
;TYPE:Outer wall
;WIDTH:0.42
G1 F3000
G1 X97.329 Y57.618 E.00028
G1 X96.96 Y58.553 E.03086
G1 X96.927 Y58.672 E.00382
G1 X96.872 Y59.245 E.0177
G1 X96.872 Y89.263 E.92237
G1 X96.927 Y89.836 E.01768
G1 X97.091 Y90.442 E.01929
G1 X97.39 Y91.019 E.01996
G1 X97.809 Y91.527 E.02023
G1 X98.327 Y91.943 E.02043
G1 X98.909 Y92.245 E.02014
G1 X100.058 Y92.472 E.03601
G1 X140.084 Y92.472 E1.22987
G1 X140.662 Y92.418 E.01783
G1 X141.269 Y92.24 E.01943
G1 X141.84 Y91.943 E.01978
G1 X142.345 Y91.526 E.02012
G1 X142.773 Y91.012 E.02055
G1 X143.206 Y89.961 E.03493
G1 X143.241 Y89.838 E.00395
G1 X143.293 Y89.263 E.01773
G1 X143.293 Y59.246 E.92233
G1 X143.241 Y58.671 E.01775
G1 X143.065 Y58.076 E.01908
G1 X142.768 Y57.502 E.01986
G1 X142.345 Y56.983 E.02056
G1 X141.839 Y56.573 E.02002
G1 X141.269 Y56.276 E.01976
G1 X140.661 Y56.099 E.01944
G1 X140.083 Y56.047 E.01782
G1 X100.07 Y56.047 E1.22951
G1 X99.495 Y56.099 E.01772
G1 X98.9 Y56.276 E.01908
G1 X98.328 Y56.572 E.01981
G1 X97.808 Y56.982 E.02033
G1 X97.389 Y57.502 E.02052
G1 X97.343 Y57.592 E.00313
M204 S2000
G1 X97.042 Y57.32 F18000
M204 S1500
;TYPE:Inner wall
;WIDTH:0.45
G1 F4800
G1 X96.972 Y57.456 E.00507
G1 X96.588 Y58.428 E.03467
G1 X96.54 Y58.601 E.00595
G1 X96.48 Y59.227 E.02086
G1 X96.48 Y89.282 E.99699
G1 X96.54 Y89.907 E.02081
G1 X96.724 Y90.585 E.02332
G1 X97.061 Y91.236 E.02431
G1 X97.532 Y91.807 E.02455
G1 X98.112 Y92.273 E.02469
G1 X98.778 Y92.618 E.02489
G1 X100.02 Y92.865 E.04199
G1 X140.103 Y92.865 E1.32961
G1 X140.736 Y92.804 E.02111
G1 X141.416 Y92.606 E.0235
G1 X142.057 Y92.271 E.024
G1 X142.623 Y91.805 E.0243
G1 X143.113 Y91.217 E.0254
G1 X143.576 Y90.091 E.0404
G1 X143.629 Y89.911 E.00622
G1 X143.685 Y89.28 E.02099
G1 X143.685 Y59.228 E.99688
G1 X143.628 Y58.597 E.02104
G1 X143.43 Y57.928 E.02313
G1 X143.097 Y57.285 E.02402
G1 X142.623 Y56.704 E.02488
G1 X142.055 Y56.244 E.02426
G1 X141.416 Y55.91 E.02393
G1 X140.734 Y55.712 E.02355
G1 X140.101 Y55.655 E.02108
G1 X100.052 Y55.655 E1.3285
G1 X99.421 Y55.712 E.02101
G1 X98.753 Y55.911 E.02312
G1 X98.114 Y56.241 E.02386
G1 X97.531 Y56.702 E.02465
G1 X97.059 Y57.287 E.02492
G1 X97.051 Y57.302 E.00058
M204 S2000
G1 X96.705 Y57.123 F18000
;TYPE:Gap infill
;WIDTH:0.429421
G1 F6000
G1 X96.612 Y57.302 E.00636
;WIDTH:0.443065
G1 X96.406 Y57.757 E.01627
;WIDTH:0.449989
G1 X96.353 Y57.939 E.00631
;WIDTH:0.414338
G1 X96.3 Y58.122 E.00575
;WIDTH:0.377143
G1 X96.242 Y58.321 E.00564
;WIDTH:0.349157
G1 X96.19 Y58.549 E.00585
;WIDTH:0.357102
G1 X96.144 Y58.875 E.00841
;WIDTH:0.37245
G1 X96.097 Y59.2 E.00882
;WIDTH:0.429137
G1 X96.083 Y59.35 E.00474
G1 X96.086 Y89.292 E.94232
G1 X96.151 Y89.985 E.02191
G1 X96.353 Y90.708 E.02364
G1 X96.731 Y91.449 E.02615
G1 X97.243 Y92.072 E.0254
G1 X97.896 Y92.611 E.02663
G1 X98.625 Y92.977 E.02569
G1 X99.966 Y93.241 E.043
G1 X100.173 Y93.262 E.00656
G1 X140.029 Y93.262 E1.25433
G1 X140.807 Y93.194 E.02457
G1 X141.546 Y92.98 E.02423
G1 X142.265 Y92.61 E.02544
G1 X142.889 Y92.098 E.0254
G1 X143.463 Y91.395 E.02857
;WIDTH:0.434079
G1 X143.619 Y91.056 E.01189
;WIDTH:0.458904
G1 X143.776 Y90.717 E.01265
G1 X143.946 Y90.231 E.01747
;WIDTH:0.43157
G1 X144.018 Y89.985 E.00813
G1 X144.084 Y89.208 E.02467
G1 X144.08 Y59.202 E.95029
G1 X144.019 Y58.536 E.02117
G1 X143.802 Y57.792 E.02455
G1 X143.431 Y57.072 E.02567
G1 X142.888 Y56.41 E.02709
G1 X142.269 Y55.91 E.02521
G1 X141.543 Y55.544 E.02575
;WIDTH:0.392929
G1 X141.178 Y55.456 E.0107
;WIDTH:0.356922
G1 X140.785 Y55.363 E.01034
;WIDTH:0.357654
G1 X140.456 Y55.316 E.00853
;WIDTH:0.39203
G1 X140.11 Y55.268 E.00993
;WIDTH:0.429421
G1 X100.043 Y55.261 E1.26191
G1 X99.357 Y55.322 E.02168
G1 X98.622 Y55.536 E.02413
G1 X97.889 Y55.911 E.02592
G1 X97.254 Y56.424 E.02572
G1 X96.732 Y57.07 E.02616
G1 X96.714 Y57.105 E.00125
; stop printing object USV 1 e2mm.stl_1 id:1 copy 0
; end of layer_num: 27, T: 0, print_z: 5.440000
;LAYER_CHANGE
;Z:5.64
;HEIGHT:0.2
; BEFORE_LAYER_CHANGE 27 @ 5.64mm
G92 E0
; AFTER_LAYER_CHANGE 27 @ 5.64mm
; start of layer_num: 28, T: 0, print_z: 5.640000
; printing object "USV 1 e2mm.stl_3" id:0 copy 0
G1 E-.8 F3600
G1 X123.173 Y127.43 Z5.64 F18000
G1 E.8 F3600
M204 S1000
;TYPE:Outer wall
;WIDTH:0.42
G1 F3000
G1 X124.961 Y127.088 E.05593
G1 X164.975 Y127.09 E1.22953
G1 X165.802 Y127.168 E.02552
G1 X166.702 Y127.427 E.02879
G1 X167.562 Y127.869 E.02971
G1 X168.32 Y128.491 E.03014
G1 X168.943 Y129.262 E.03045
G1 X169.381 Y130.114 E.02945
G1 X169.72 Y131.85 E.05433
G1 X169.72 Y161.916 E.92385
G1 X169.642 Y162.753 E.02585
G1 X169.386 Y163.643 E.02844
G1 X168.943 Y164.503 E.02974
G1 X168.32 Y165.274 E.03044
G1 X167.562 Y165.892 E.03007
G1 X166.71 Y166.334 E.02947
G1 X164.916 Y166.674 E.05611
G1 X124.95 Y166.674 E1.22804
G1 X124.063 Y166.593 E.02739
G1 X123.175 Y166.339 E.02838
G1 X122.314 Y165.892 E.0298
G1 X121.544 Y165.273 E.03036
G1 X120.922 Y164.503 E.03041
G1 X120.479 Y163.643 E.02975
G1 X120.22 Y162.753 E.02845
G1 X120.14 Y161.867 E.02735
G1 X120.14 Y131.887 E.9212
G1 X120.22 Y131.008 E.02713
G1 X120.479 Y130.123 E.02834
G1 X120.922 Y129.262 E.02975
G1 X121.544 Y128.492 E.03042
G1 X122.314 Y127.869 E.03042
G1 X123.155 Y127.437 E.02905
M204 S2000
G1 X123.295 Y127.806 F18000
M204 S1500
;TYPE:Inner wall
;WIDTH:0.45
G1 F4800
G1 X124.998 Y127.48 E.05751
G1 X164.957 Y127.482 E1.3255
G1 X165.728 Y127.555 E.02572
G1 X166.557 Y127.793 E.02859
G1 X167.345 Y128.199 E.02942
G1 X168.04 Y128.769 E.02982
G1 X168.613 Y129.477 E.0302
G1 X169.007 Y130.244 E.02861
G1 X169.328 Y131.888 E.05555
G1 X169.328 Y161.898 E.99549
G1 X169.255 Y162.68 E.02608
G1 X169.019 Y163.498 E.02821
G1 X168.613 Y164.288 E.02949
G1 X168.041 Y164.996 E.03017
G1 X167.345 Y165.563 E.02977
G1 X166.581 Y165.959 E.02857
G1 X164.879 Y166.282 E.05745
G1 X124.968 Y166.282 E1.32393
G1 X124.135 Y166.206 E.02775
G1 X123.321 Y165.972 E.0281
G1 X122.529 Y165.562 E.02958
G1 X121.822 Y164.994 E.03008
G1 X121.252 Y164.288 E.0301
G1 X120.845 Y163.497 E.02952
G1 X120.607 Y162.68 E.02821
G1 X120.532 Y161.849 E.02768
G1 X120.532 Y131.905 E.99331
G1 X120.607 Y131.081 E.02743
G1 X120.845 Y130.269 E.02808
G1 X121.252 Y129.477 E.02954
G1 X121.823 Y128.771 E.03013
G1 X122.529 Y128.2 E.03013
G1 X123.277 Y127.815 E.02791
M204 S2000
G1 E-.8 F3600
G1 X121.808 Y162.571 F18000
G1 E.8 F3600
M204 S1000
;TYPE:Outer wall
;WIDTH:0.42
G1 F3000
G1 X122.242 Y163.635 E.03532
G1 X122.67 Y164.148 E.02054
G1 X123.175 Y164.566 E.02013
G1 X123.746 Y164.863 E.01979
G1 X124.353 Y165.04 E.01942
G1 X124.931 Y165.096 E.01783
G1 X164.956 Y165.096 E1.22988
G1 X166.106 Y164.868 E.03601
G1 X166.688 Y164.566 E.02015
G1 X167.206 Y164.149 E.02044
G1 X167.625 Y163.642 E.0202
G1 X167.924 Y163.065 E.01996
G1 X168.088 Y162.458 E.01932
G1 X168.143 Y161.887 E.01765
G1 X168.143 Y131.866 E.92246
G1 X168.069 Y131.214 E.02016
G1 X167.672 Y130.213 E.03309
G1 X167.625 Y130.123 E.0031
G1 X167.206 Y129.613 E.02028
G1 X166.688 Y129.195 E.02046
G1 X166.115 Y128.898 E.01984
G1 X165.519 Y128.721 E.01908
G1 X164.945 Y128.67 E.01772
G1 X124.931 Y128.67 E1.22951
G1 X124.354 Y128.721 E.01782
G1 X123.746 Y128.898 E.01944
G1 X123.175 Y129.196 E.01979
G1 X122.67 Y129.613 E.02015
G1 X122.248 Y130.123 E.02032
G1 X121.95 Y130.693 E.01978
G1 X121.774 Y131.289 E.01909
G1 X121.722 Y131.868 E.01787
G1 X121.722 Y161.888 E.92243
G1 X121.794 Y162.538 E.02008
G1 X121.8 Y162.552 E.00049
M204 S2000
G1 X121.429 Y162.681 F18000
M204 S1500
;TYPE:Inner wall
;WIDTH:0.45
G1 F4800
G1 X121.902 Y163.84 E.0415
G1 X122.392 Y164.427 E.02539
G1 X122.957 Y164.894 E.02431
G1 X123.599 Y165.229 E.02403
G1 X124.279 Y165.427 E.02347
G1 X124.912 Y165.488 E.02109
G1 X164.995 Y165.488 E1.32963
G1 X166.237 Y165.242 E.04199
G1 X166.903 Y164.896 E.02491
G1 X167.483 Y164.429 E.0247
G1 X167.954 Y163.86 E.02451
G1 X168.291 Y163.208 E.02433
G1 X168.475 Y162.529 E.02335
G1 X168.535 Y161.905 E.02078
G1 X168.535 Y131.844 E.9972
G1 X168.452 Y131.118 E.02423
G1 X168.029 Y130.049 E.03812
G1 X167.954 Y129.906 E.00537
G1 X167.484 Y129.333 E.02458
G1 X166.903 Y128.865 E.02474
G1 X166.262 Y128.533 E.02397
G1 X165.594 Y128.334 E.02312
G1 X164.963 Y128.278 E.02101
G1 X124.914 Y128.278 E1.3285
G1 X124.281 Y128.334 E.02108
G1 X123.599 Y128.532 E.02354
G1 X122.957 Y128.867 E.02403
G1 X122.391 Y129.335 E.02435
G1 X121.919 Y129.905 E.02455
G1 X121.585 Y130.546 E.02398
G1 X121.386 Y131.215 E.02316
G1 X121.33 Y131.851 E.02117
G1 X121.33 Y161.91 E.99712
G1 X121.41 Y162.635 E.0242
G1 X121.422 Y162.663 E.00099
G1 E-.8 F3600
M204 S2000
G1 X121.05 Y162.792 F18000
G1 E.8 F3600
;TYPE:Gap infill
;WIDTH:0.434999
G1 F6000
G1 X121.139 Y163.048 E.00865
;WIDTH:0.455219
G1 X121.24 Y163.339 E.01036
G1 X121.552 Y164.017 E.02505
;WIDTH:0.428253
G1 X122.107 Y164.709 E.02785
G1 X122.746 Y165.229 E.02589
G1 X123.468 Y165.603 E.02552
G1 X124.208 Y165.816 E.02418
G1 X124.986 Y165.885 E.02452
G1 X164.842 Y165.885 E1.25147
G1 X165.049 Y165.864 E.00653
G1 X166.39 Y165.6 E.0429
G1 X167.125 Y165.228 E.02589
G1 X167.759 Y164.715 E.0256
G1 X168.291 Y164.059 E.02653
G1 X168.662 Y163.331 E.02563
G1 X168.864 Y162.607 E.02362
G1 X168.93 Y161.915 E.02181
G1 X168.92 Y131.811 E.94524
;WIDTH:0.392417
G1 X168.861 Y131.431 E.01096
;WIDTH:0.360509
G1 X168.794 Y131.012 E.011
;WIDTH:0.368915
G1 X168.732 Y130.802 E.00581
;WIDTH:0.409333
G1 X168.671 Y130.592 E.00653
;WIDTH:0.445613
G1 X168.609 Y130.382 E.00718
G1 X168.388 Y129.896 E.01753
;WIDTH:0.431733
G1 X168.283 Y129.692 E.00726
G1 X167.759 Y129.048 E.0263
G1 X167.126 Y128.533 E.02586
G1 X166.393 Y128.158 E.02607
G1 X165.655 Y127.944 E.02435
G1 X164.938 Y127.88 E.02281
G1 X125.036 Y127.879 E1.26423
G1 X124.889 Y127.893 E.00468
;WIDTH:0.389894
G1 X124.559 Y127.939 E.0094
;WIDTH:0.355329
G1 X124.202 Y127.991 E.0092
;WIDTH:0.357492
G1 X123.837 Y128.078 E.00962
;WIDTH:0.395227
G1 X123.424 Y128.181 E.0122
;WIDTH:0.42524
G1 X122.746 Y128.532 E.02381
G1 X122.123 Y129.04 E.02504
G1 X121.584 Y129.694 E.02638
G1 X121.212 Y130.416 E.0253
G1 X120.996 Y131.155 E.02401
G1 X120.936 Y131.825 E.02094
;WIDTH:0.433588
G1 X120.931 Y161.831 E.95524
G1 X121.003 Y162.605 E.02475
G1 X121.037 Y162.757 E.00494
;WIDTH:0.434999
G1 X121.043 Y162.773 E.00056
; stop printing object USV 1 e2mm.stl_3 id:0 copy 0
; printing object "USV 1 e2mm.stl_1" id:1 copy 0
G1 E-.8 F3600
G1 X98.312 Y93.712 F18000
G1 E.8 F3600
M204 S1000
;TYPE:Outer wall
;WIDTH:0.42
G1 F3000
G1 X98.304 Y93.711 E.00024
G1 X97.454 Y93.274 E.02936
G1 X96.657 Y92.599 E.03208
G1 X96.072 Y91.881 E.02848
G1 X95.629 Y91.021 E.02972
G1 X95.373 Y90.131 E.02844
G1 X95.295 Y89.293 E.02587
G1 X95.293 Y59.275 E.92237
G1 X95.634 Y57.491 E.05583
G1 X96.072 Y56.64 E.02941
G1 X96.695 Y55.869 E.03045
G1 X97.453 Y55.247 E.03014
G1 X98.313 Y54.805 E.02972
G1 X99.213 Y54.545 E.02877
G1 X100.088 Y54.468 E.027
G1 X140.103 Y54.471 E1.22955
G1 X141.849 Y54.809 E.05463
G1 X142.701 Y55.247 E.02945
G1 X143.471 Y55.87 E.03042
G1 X144.093 Y56.64 E.03042
G1 X144.536 Y57.5 E.02972
G1 X144.795 Y58.389 E.02846
G1 X144.873 Y59.217 E.02555
G1 X144.875 Y89.244 E.92265
G1 X144.795 Y90.131 E.02738
G1 X144.536 Y91.02 E.02845
G1 X144.094 Y91.88 E.0297
G1 X143.429 Y92.677 E.03189
G1 X142.7 Y93.273 E.02894
G1 X141.84 Y93.715 E.02972
G1 X140.952 Y93.971 E.0284
G1 X140.065 Y94.051 E.02739
G1 X100.099 Y94.051 E1.22804
G1 X98.331 Y93.716 E.05528
M204 S2000
G1 X98.433 Y93.336 F18000
M204 S1500
;TYPE:Inner wall
;WIDTH:0.45
G1 F4800
G1 X97.674 Y92.946 E.02833
G1 X96.938 Y92.323 E.03195
G1 X96.402 Y91.665 E.02818
G1 X95.995 Y90.875 E.02945
G1 X95.76 Y90.058 E.0282
G1 X95.687 Y89.275 E.0261
G1 X95.685 Y59.312 E.99391
G1 X96.008 Y57.62 E.05716
G1 X96.402 Y56.855 E.02854
G1 X96.975 Y56.147 E.03021
G1 X97.669 Y55.577 E.02982
G1 X98.458 Y55.171 E.02943
G1 X99.285 Y54.932 E.02853
G1 X100.105 Y54.861 E.02732
G1 X140.066 Y54.863 E1.32556
G1 X141.719 Y55.183 E.05587
G1 X142.486 Y55.578 E.0286
G1 X143.192 Y56.149 E.03013
G1 X143.763 Y56.855 E.03013
G1 X144.17 Y57.645 E.0295
G1 X144.408 Y58.463 E.02823
G1 X144.481 Y59.235 E.02574
G1 X144.483 Y89.226 E.99485
G1 X144.408 Y90.058 E.02771
G1 X144.17 Y90.875 E.0282
G1 X143.765 Y91.662 E.02937
G1 X143.152 Y92.397 E.03175
G1 X142.484 Y92.943 E.02863
G1 X141.695 Y93.349 E.02944
G1 X140.88 Y93.584 E.02814
G1 X140.047 Y93.659 E.02774
G1 X100.136 Y93.659 E1.32393
G1 X98.453 Y93.34 E.05683
M204 S2000
G1 E-.8 F3600
G1 X97.338 Y57.605 F18000
G1 E.8 F3600
M204 S1000
;TYPE:Outer wall
;WIDTH:0.42
G1 F3000
G1 X96.946 Y58.596 E.03273
G1 X96.872 Y59.243 E.02003
G1 X96.872 Y89.263 E.92243
G1 X96.927 Y89.836 E.01768
G1 X97.091 Y90.442 E.01929
G1 X97.39 Y91.019 E.01995
G1 X97.809 Y91.527 E.02023
G1 X98.327 Y91.943 E.02043
G1 X98.909 Y92.245 E.02014
G1 X100.058 Y92.472 E.03601
G1 X140.084 Y92.472 E1.22987
G1 X140.662 Y92.418 E.01783
G1 X141.269 Y92.24 E.01943
G1 X141.84 Y91.943 E.01978
G1 X142.345 Y91.526 E.02012
G1 X142.773 Y91.012 E.02056
G1 X143.221 Y89.915 E.03639
G1 X143.293 Y89.265 E.0201
G1 X143.293 Y59.246 E.9224
G1 X143.241 Y58.671 E.01775
G1 X143.065 Y58.076 E.01908
G1 X142.768 Y57.502 E.01986
G1 X142.345 Y56.983 E.02056
G1 X141.839 Y56.573 E.02002
G1 X141.269 Y56.276 E.01976
G1 X140.661 Y56.099 E.01944
G1 X140.083 Y56.047 E.01782
G1 X100.07 Y56.047 E1.22951
G1 X99.495 Y56.099 E.01772
G1 X98.9 Y56.276 E.01908
G1 X98.328 Y56.572 E.01981
G1 X97.808 Y56.982 E.02033
G1 X97.389 Y57.502 E.02052
G1 X97.346 Y57.587 E.00293
M204 S2000
G1 X97.082 Y57.258 F18000
M204 S1500
;TYPE:Inner wall
;WIDTH:0.45
G1 F4800
G1 X97.059 Y57.287 E.00123
G1 X96.986 Y57.429 E.00531
G1 X96.562 Y58.5 E.03819
G1 X96.48 Y59.221 E.02409
G1 X96.48 Y89.282 E.99718
G1 X96.54 Y89.907 E.02081
G1 X96.724 Y90.585 E.02332
G1 X97.061 Y91.236 E.02431
G1 X97.532 Y91.807 E.02455
G1 X98.112 Y92.273 E.02469
G1 X98.778 Y92.618 E.02489
G1 X100.02 Y92.865 E.04199
G1 X140.103 Y92.865 E1.32961
G1 X140.736 Y92.804 E.02111
G1 X141.416 Y92.606 E.0235
G1 X142.057 Y92.271 E.024
G1 X142.623 Y91.805 E.0243
G1 X143.113 Y91.216 E.02543
G1 X143.604 Y90.013 E.04311
G1 X143.685 Y89.287 E.02423
G1 X143.685 Y59.228 E.99709
G1 X143.628 Y58.597 E.02104
G1 X143.43 Y57.928 E.02313
G1 X143.097 Y57.285 E.02402
G1 X142.623 Y56.704 E.02488
G1 X142.055 Y56.244 E.02426
G1 X141.416 Y55.91 E.02393
G1 X140.734 Y55.712 E.02354
G1 X140.101 Y55.655 E.02108
G1 X100.052 Y55.655 E1.3285
G1 X99.421 Y55.712 E.02101
G1 X98.753 Y55.911 E.02312
G1 X98.114 Y56.241 E.02386
G1 X97.531 Y56.702 E.02465
G1 X97.095 Y57.242 E.02303
M204 S2000
G1 X96.791 Y56.997 F18000
;TYPE:Gap infill
;WIDTH:0.429093
G1 F6000
G1 X96.732 Y57.07 E.00296
G1 X96.626 Y57.276 E.00728
;WIDTH:0.431499
G1 X96.516 Y57.516 E.00838
;WIDTH:0.457741
G1 X96.407 Y57.757 E.00894
;WIDTH:0.450138
G1 X96.345 Y57.97 E.00733
;WIDTH:0.40869
G1 X96.284 Y58.182 E.00659
;WIDTH:0.363922
G1 X96.214 Y58.433 E.00682
;WIDTH:0.358564
G1 X96.156 Y58.811 E.00984
;WIDTH:0.372858
G1 X96.098 Y59.189 E.01028
;WIDTH:0.428975
G1 X96.083 Y59.35 E.00508
G1 X96.085 Y89.292 E.94193
G1 X96.151 Y89.985 E.02189
G1 X96.353 Y90.708 E.02364
G1 X96.731 Y91.449 E.02616
G1 X97.244 Y92.071 E.02537
G1 X97.897 Y92.611 E.02665
G1 X98.625 Y92.977 E.02564
G1 X99.966 Y93.241 E.04298
G1 X100.173 Y93.262 E.00656
G1 X140.029 Y93.262 E1.25381
G1 X140.807 Y93.194 E.02455
G1 X141.546 Y92.98 E.02422
G1 X142.265 Y92.61 E.02545
G1 X142.888 Y92.097 E.02537
G1 X143.464 Y91.393 E.0286
;WIDTH:0.434358
G1 X143.619 Y91.055 E.01187
;WIDTH:0.457104
G1 X143.775 Y90.717 E.01256
G1 X143.978 Y90.135 E.02082
;WIDTH:0.431333
G1 X144.012 Y89.983 E.00491
G1 X144.084 Y89.208 E.02464
G1 X144.08 Y59.202 E.94972
G1 X144.019 Y58.537 E.02114
G1 X143.802 Y57.792 E.02455
G1 X143.431 Y57.072 E.02566
G1 X142.888 Y56.41 E.02707
G1 X142.269 Y55.91 E.0252
G1 X141.543 Y55.544 E.02574
;WIDTH:0.393487
G1 X141.178 Y55.455 E.01072
;WIDTH:0.358048
G1 X140.785 Y55.362 E.01038
;WIDTH:0.359328
G1 X140.456 Y55.315 E.00858
;WIDTH:0.39421
G1 X140.11 Y55.267 E.00999
;WIDTH:0.429093
G1 X100.043 Y55.261 E1.26084
G1 X99.357 Y55.322 E.02166
G1 X98.622 Y55.536 E.02411
G1 X97.889 Y55.911 E.02589
G1 X97.254 Y56.424 E.0257
G1 X96.804 Y56.981 E.02255
; stop printing object USV 1 e2mm.stl_1 id:1 copy 0
; end of layer_num: 28, T: 0, print_z: 5.640000
;LAYER_CHANGE
;Z:5.84
;HEIGHT:0.2
; BEFORE_LAYER_CHANGE 28 @ 5.84mm
G92 E0
; AFTER_LAYER_CHANGE 28 @ 5.84mm
; start of layer_num: 29, T: 0, print_z: 5.840000
; printing object "USV 1 e2mm.stl_3" id:0 copy 0
G1 E-.8 F3600
G1 X123.173 Y127.428 Z5.84 F18000
G1 E.8 F3600
M204 S1000
;TYPE:Outer wall
;WIDTH:0.42
G1 F3000
G1 X123.175 Y127.427 E.00007
G1 X124.95 Y127.088 E.05554
G1 X164.993 Y127.091 E1.2304
G1 X165.802 Y127.168 E.02496
G1 X166.702 Y127.427 E.02879
G1 X167.562 Y127.869 E.02971
G1 X168.32 Y128.491 E.03014
G1 X168.943 Y129.262 E.03045
G1 X169.386 Y130.123 E.02974
G1 X169.719 Y131.831 E.0535
G1 X169.719 Y161.934 E.92496
G1 X169.642 Y162.753 E.0253
G1 X169.386 Y163.643 E.02844
G1 X168.943 Y164.503 E.02974
G1 X168.32 Y165.274 E.03044
G1 X167.562 Y165.892 E.03007
G1 X166.702 Y166.338 E.02977
G1 X164.917 Y166.674 E.05581
G1 X124.95 Y166.674 E1.22806
G1 X124.063 Y166.593 E.02739
G1 X123.175 Y166.339 E.02838
G1 X122.314 Y165.892 E.0298
G1 X121.544 Y165.273 E.03036
G1 X120.922 Y164.503 E.03041
G1 X120.479 Y163.643 E.02975
G1 X120.22 Y162.753 E.02845
G1 X120.14 Y161.867 E.02735
G1 X120.14 Y131.887 E.9212
G1 X120.22 Y131.008 E.02713
G1 X120.479 Y130.123 E.02834
G1 X120.922 Y129.262 E.02975
G1 X121.544 Y128.492 E.03042
G1 X122.314 Y127.869 E.03042
G1 X123.155 Y127.437 E.02907
M204 S2000
G1 X123.321 Y127.792 F18000
M204 S1500
;TYPE:Inner wall
;WIDTH:0.45
G1 F4800
G1 X124.968 Y127.48 E.05562
G1 X164.974 Y127.483 E1.32708
G1 X165.728 Y127.555 E.02512
G1 X166.557 Y127.793 E.0286
G1 X167.345 Y128.199 E.02942
G1 X168.04 Y128.769 E.02982
G1 X168.613 Y129.477 E.0302
G1 X169.02 Y130.268 E.02951
G1 X169.327 Y131.868 E.05404
G1 X169.327 Y161.915 E.99672
G1 X169.255 Y162.68 E.02549
G1 X169.019 Y163.498 E.02822
G1 X168.613 Y164.288 E.02949
G1 X168.041 Y164.996 E.03017
G1 X167.345 Y165.563 E.02977
G1 X166.557 Y165.972 E.02947
G1 X164.882 Y166.282 E.05651
G1 X124.968 Y166.282 E1.32401
G1 X124.135 Y166.206 E.02775
G1 X123.321 Y165.972 E.0281
G1 X122.529 Y165.562 E.02958
G1 X121.822 Y164.994 E.03008
G1 X121.252 Y164.288 E.0301
G1 X120.845 Y163.497 E.02952
G1 X120.607 Y162.68 E.02821
G1 X120.532 Y161.849 E.02768
G1 X120.532 Y131.905 E.99331
G1 X120.607 Y131.081 E.02743
G1 X120.845 Y130.269 E.02808
G1 X121.252 Y129.477 E.02954
G1 X121.823 Y128.771 E.03013
G1 X122.529 Y128.2 E.03013
G1 X123.303 Y127.802 E.02886
M204 S2000
G1 E-.8 F3600
G1 X121.817 Y162.586 F18000
G1 E.8 F3600
M204 S1000
;TYPE:Outer wall
;WIDTH:0.42
G1 F3000
G1 X122.241 Y163.635 E.03477
G1 X122.67 Y164.148 E.02054
G1 X123.175 Y164.566 E.02013
G1 X123.746 Y164.863 E.01979
G1 X124.353 Y165.04 E.01942
G1 X124.931 Y165.096 E.01783
G1 X164.956 Y165.096 E1.22988
G1 X166.106 Y164.868 E.03601
G1 X166.688 Y164.566 E.02015
G1 X167.206 Y164.149 E.02044
G1 X167.625 Y163.642 E.0202
G1 X167.924 Y163.065 E.01996
G1 X168.088 Y162.458 E.01932
G1 X168.143 Y161.887 E.01765
G1 X168.143 Y131.867 E.92243
G1 X168.077 Y131.242 E.01928
G1 X167.65 Y130.167 E.03555
G1 X167.207 Y129.614 E.02178
G1 X166.688 Y129.195 E.0205
G1 X166.115 Y128.898 E.01984
G1 X165.519 Y128.721 E.01908
G1 X164.945 Y128.67 E.01772
G1 X124.931 Y128.67 E1.22951
G1 X124.354 Y128.721 E.01782
G1 X123.746 Y128.898 E.01944
G1 X123.175 Y129.196 E.01979
G1 X122.67 Y129.613 E.02015
G1 X122.248 Y130.123 E.02032
G1 X121.95 Y130.693 E.01978
G1 X121.774 Y131.289 E.01909
G1 X121.722 Y131.868 E.01787
G1 X121.722 Y161.887 E.9224
G1 X121.785 Y162.508 E.01917
G1 X121.81 Y162.567 E.00197
M204 S2000
G1 X121.42 Y162.65 F18000
M204 S1500
;TYPE:Inner wall
;WIDTH:0.45
G1 F4800
G1 X121.901 Y163.839 E.04256
G1 X122.392 Y164.427 E.02542
G1 X122.957 Y164.894 E.02431
G1 X123.599 Y165.229 E.02403
G1 X124.279 Y165.427 E.02347
G1 X124.912 Y165.488 E.02109
G1 X164.995 Y165.488 E1.32963
G1 X166.237 Y165.242 E.04199
G1 X166.903 Y164.896 E.02491
G1 X167.483 Y164.429 E.0247
G1 X167.954 Y163.86 E.02451
G1 X168.291 Y163.208 E.02433
G1 X168.475 Y162.529 E.02335
G1 X168.535 Y161.905 E.02078
G1 X168.535 Y131.846 E.99713
G1 X168.461 Y131.148 E.02329
G1 X167.993 Y129.968 E.0421
G1 X167.487 Y129.335 E.02688
G1 X166.903 Y128.865 E.02486
G1 X166.262 Y128.533 E.02397
G1 X165.594 Y128.334 E.02312
G1 X164.963 Y128.278 E.02101
G1 X124.914 Y128.278 E1.3285
G1 X124.281 Y128.334 E.02108
G1 X123.599 Y128.532 E.02354
G1 X122.957 Y128.867 E.02403
G1 X122.391 Y129.335 E.02435
G1 X121.919 Y129.905 E.02454
G1 X121.585 Y130.546 E.02398
G1 X121.386 Y131.215 E.02316
G1 X121.33 Y131.851 E.02117
G1 X121.33 Y161.907 E.99703
G1 X121.401 Y162.603 E.02321
G1 X121.412 Y162.631 E.001
G1 E-.8 F3600
M204 S2000
G1 X121.04 Y162.76 F18000
G1 E.8 F3600
;TYPE:Gap infill
;WIDTH:0.435251
G1 F6000
G1 X121.134 Y163.031 E.00917
;WIDTH:0.456285
G1 X121.241 Y163.339 E.01097
G1 X121.551 Y164.015 E.02506
;WIDTH:0.42809
G1 X122.107 Y164.709 E.02789
G1 X122.746 Y165.229 E.02588
G1 X123.468 Y165.603 E.02551
G1 X124.208 Y165.816 E.02417
G1 X124.986 Y165.885 E.02451
G1 X164.846 Y165.885 E1.25106
G1 X165.049 Y165.864 E.00642
G1 X166.392 Y165.605 E.04293
G1 X167.125 Y165.228 E.02587
G1 X167.759 Y164.715 E.02559
G1 X168.291 Y164.059 E.02652
G1 X168.662 Y163.331 E.02562
G1 X168.864 Y162.606 E.02363
G1 X168.93 Y161.915 E.02179
G1 X168.922 Y131.816 E.94471
;WIDTH:0.396699
G1 X168.868 Y131.449 E.01068
;WIDTH:0.364626
G1 X168.805 Y131.041 E.01081
;WIDTH:0.373587
G1 X168.744 Y130.833 E.00586
;WIDTH:0.414757
G1 X168.683 Y130.624 E.00659
;WIDTH:0.446456
G1 X168.622 Y130.415 E.00715
G1 X168.342 Y129.797 E.02232
;WIDTH:0.431444
G1 X168.28 Y129.694 E.0038
G1 X167.759 Y129.048 E.02627
G1 X167.126 Y128.533 E.02584
G1 X166.393 Y128.158 E.02605
G1 X165.654 Y127.944 E.02435
G1 X164.955 Y127.88 E.02222
G1 X124.888 Y127.889 E1.26851
;WIDTH:0.398047
G1 X124.559 Y127.935 E.00962
;WIDTH:0.364167
G1 X124.2 Y127.986 E.00948
;WIDTH:0.367131
G1 X123.835 Y128.073 E.00992
;WIDTH:0.422236
G1 X123.459 Y128.164 E.01197
G1 X122.746 Y128.532 E.0248
G1 X122.107 Y129.054 E.02551
G1 X121.602 Y129.67 E.0246
G1 X121.212 Y130.416 E.02601
G1 X120.996 Y131.155 E.02382
G1 X120.936 Y131.825 E.02077
;WIDTH:0.433531
G1 X120.931 Y161.831 E.9551
G1 X121.001 Y162.606 E.02476
G1 X121.027 Y162.723 E.00383
;WIDTH:0.435251
G1 X121.034 Y162.741 E.00061
; stop printing object USV 1 e2mm.stl_3 id:0 copy 0
; printing object "USV 1 e2mm.stl_1" id:1 copy 0
G1 E-.8 F3600
G1 X98.313 Y93.715 F18000
G1 E.8 F3600
M204 S1000
;TYPE:Outer wall
;WIDTH:0.42
G1 F3000
G1 X97.453 Y93.273 E.02969
G1 X96.649 Y92.591 E.03242
G1 X96.072 Y91.881 E.02811
G1 X95.629 Y91.021 E.02973
G1 X95.373 Y90.131 E.02844
G1 X95.296 Y89.311 E.02531
G1 X95.293 Y59.265 E.92324
G1 X95.629 Y57.499 E.05523
G1 X96.072 Y56.64 E.02971
G1 X96.695 Y55.869 E.03045
G1 X97.453 Y55.247 E.03014
G1 X98.313 Y54.805 E.02972
G1 X99.213 Y54.545 E.02877
G1 X100.088 Y54.468 E.027
G1 X140.122 Y54.471 E1.23013
G1 X141.84 Y54.804 E.05376
G1 X142.701 Y55.247 E.02975
G1 X143.471 Y55.87 E.03042
G1 X144.093 Y56.64 E.03042
G1 X144.536 Y57.5 E.02972
G1 X144.795 Y58.389 E.02846
G1 X144.872 Y59.199 E.02501
G1 X144.875 Y89.244 E.92319
G1 X144.795 Y90.131 E.02738
G1 X144.536 Y91.02 E.02845
G1 X144.093 Y91.881 E.02973
G1 X143.421 Y92.685 E.03221
G1 X142.7 Y93.273 E.02858
G1 X141.84 Y93.715 E.02972
G1 X140.952 Y93.971 E.0284
G1 X140.065 Y94.051 E.02739
G1 X100.098 Y94.051 E1.22806
G1 X98.332 Y93.719 E.05521
M204 S2000
G1 X98.457 Y93.349 F18000
M204 S1500
;TYPE:Inner wall
;WIDTH:0.45
G1 F4800
G1 X97.671 Y92.944 E.02934
G1 X96.94 Y92.327 E.03171
G1 X96.402 Y91.665 E.02832
G1 X95.995 Y90.875 E.02946
G1 X95.76 Y90.058 E.02822
G1 X95.688 Y89.293 E.0255
G1 X95.685 Y59.283 E.99548
G1 X95.995 Y57.645 E.05531
G1 X96.402 Y56.855 E.02947
G1 X96.975 Y56.147 E.03021
G1 X97.669 Y55.577 E.02982
G1 X98.458 Y55.171 E.02943
G1 X99.285 Y54.932 E.02853
G1 X100.105 Y54.861 E.02732
G1 X140.086 Y54.863 E1.32623
G1 X141.694 Y55.17 E.05431
G1 X142.486 Y55.578 E.02954
G1 X143.192 Y56.149 E.03013
G1 X143.763 Y56.855 E.03013
G1 X144.17 Y57.645 E.0295
G1 X144.408 Y58.463 E.02824
G1 X144.48 Y59.218 E.02515
G1 X144.483 Y89.226 E.99543
G1 X144.408 Y90.058 E.02771
G1 X144.17 Y90.875 E.0282
G1 X143.764 Y91.665 E.02948
G1 X143.157 Y92.394 E.03145
G1 X142.484 Y92.943 E.02881
G1 X141.695 Y93.349 E.02945
G1 X140.88 Y93.584 E.02814
G1 X140.047 Y93.659 E.02774
G1 X100.133 Y93.659 E1.324
G1 X98.477 Y93.352 E.05588
M204 S2000
G1 E-.8 F3600
G1 X97.333 Y57.625 F18000
G1 E.8 F3600
M204 S1000
;TYPE:Outer wall
;WIDTH:0.42
G1 F3000
G1 X96.938 Y58.624 E.03303
G1 X96.872 Y59.244 E.01916
G1 X96.872 Y89.263 E.92241
G1 X96.927 Y89.836 E.01768
G1 X97.091 Y90.442 E.01929
G1 X97.39 Y91.019 E.01995
G1 X97.809 Y91.527 E.02023
G1 X98.327 Y91.943 E.02043
G1 X98.909 Y92.245 E.02014
G1 X100.058 Y92.472 E.03601
G1 X140.084 Y92.472 E1.22987
G1 X140.662 Y92.418 E.01783
G1 X141.269 Y92.24 E.01943
G1 X141.84 Y91.943 E.01978
G1 X142.345 Y91.526 E.02012
G1 X142.773 Y91.012 E.02057
G1 X143.229 Y89.886 E.03733
G1 X143.293 Y89.264 E.0192
G1 X143.293 Y59.246 E.92237
G1 X143.241 Y58.671 E.01775
G1 X143.065 Y58.076 E.01908
G1 X142.768 Y57.502 E.01986
G1 X142.345 Y56.983 E.02056
G1 X141.839 Y56.573 E.02002
G1 X141.269 Y56.276 E.01976
G1 X140.661 Y56.099 E.01944
G1 X140.083 Y56.047 E.01782
G1 X100.07 Y56.047 E1.22951
G1 X99.495 Y56.099 E.01772
G1 X98.9 Y56.276 E.01908
G1 X98.328 Y56.572 E.01981
G1 X97.807 Y56.983 E.02037
G1 X97.364 Y57.546 E.02201
G1 X97.341 Y57.606 E.00198
M204 S2000
G1 X97.002 Y57.396 F18000
M204 S1500
;TYPE:Inner wall
;WIDTH:0.45
G1 F4800
G1 X96.554 Y58.53 E.04043
G1 X96.48 Y59.223 E.02314
G1 X96.48 Y89.282 E.9971
G1 X96.54 Y89.907 E.02081
G1 X96.724 Y90.585 E.02332
G1 X97.061 Y91.236 E.02431
G1 X97.532 Y91.807 E.02455
G1 X98.112 Y92.273 E.02469
G1 X98.778 Y92.618 E.02489
G1 X100.02 Y92.865 E.04199
G1 X140.103 Y92.865 E1.32961
G1 X140.736 Y92.804 E.02111
G1 X141.416 Y92.606 E.0235
G1 X142.057 Y92.271 E.024
G1 X142.623 Y91.805 E.0243
G1 X143.114 Y91.216 E.02546
G1 X143.614 Y89.981 E.04418
G1 X143.685 Y89.284 E.02324
G1 X143.685 Y59.228 E.997
G1 X143.628 Y58.597 E.02104
G1 X143.43 Y57.928 E.02313
G1 X143.097 Y57.285 E.02402
G1 X142.623 Y56.704 E.02488
G1 X142.055 Y56.244 E.02426
G1 X141.416 Y55.91 E.02393
G1 X140.734 Y55.712 E.02354
G1 X140.101 Y55.655 E.02108
G1 X100.052 Y55.655 E1.3285
G1 X99.421 Y55.712 E.02101
G1 X98.753 Y55.911 E.02312
G1 X98.114 Y56.241 E.02387
G1 X97.528 Y56.704 E.02477
G1 X97.021 Y57.349 E.02721
G1 X97.009 Y57.378 E.00104
M204 S2000
G1 X96.654 Y57.217 F18000
;TYPE:Gap infill
;WIDTH:0.427487
G1 F6000
G1 X96.532 Y57.485 E.00924
;WIDTH:0.460879
G1 X96.393 Y57.792 E.01146
;WIDTH:0.456788
G1 X96.332 Y58.002 E.0074
;WIDTH:0.415211
G1 X96.271 Y58.213 E.00666
;WIDTH:0.370137
G1 X96.201 Y58.464 E.00696
;WIDTH:0.36537
G1 X96.148 Y58.829 E.00968
;WIDTH:0.380181
G1 X96.094 Y59.193 E.01012
;WIDTH:0.429023
G1 X96.085 Y89.292 E.94698
G1 X96.151 Y89.984 E.02188
G1 X96.353 Y90.708 E.02366
G1 X96.731 Y91.45 E.02618
G1 X97.243 Y92.072 E.02536
G1 X97.893 Y92.609 E.02652
G1 X98.623 Y92.982 E.02578
G1 X99.966 Y93.242 E.04303
G1 X100.169 Y93.262 E.00645
G1 X140.029 Y93.262 E1.25408
G1 X140.807 Y93.194 E.02456
G1 X141.546 Y92.98 E.02423
G1 X142.266 Y92.61 E.02546
G1 X142.889 Y92.099 E.02536
G1 X143.464 Y91.392 E.02867
;WIDTH:0.434624
G1 X143.619 Y91.054 E.01185
;WIDTH:0.457776
G1 X143.774 Y90.717 E.01256
G1 X143.987 Y90.101 E.02202
;WIDTH:0.430911
G1 X144.014 Y89.984 E.00381
G1 X144.084 Y89.208 E.02462
G1 X144.08 Y59.202 E.94868
G1 X144.019 Y58.537 E.02111
G1 X143.802 Y57.792 E.02453
G1 X143.431 Y57.072 E.02563
G1 X142.888 Y56.41 E.02704
G1 X142.269 Y55.91 E.02517
G1 X141.544 Y55.539 E.02574
;WIDTH:0.403068
G1 X141.179 Y55.451 E.01101
;WIDTH:0.365767
G1 X140.785 Y55.359 E.01065
;WIDTH:0.365341
G1 X140.456 Y55.313 E.00874
;WIDTH:0.428854
G1 X140.049 Y55.259 E.01291
G1 X100.123 Y55.258 E1.25563
G1 X99.329 Y55.329 E.02506
G1 X98.606 Y55.541 E.0237
G1 X97.914 Y55.897 E.02446
;WIDTH:0.422724
G1 X97.254 Y56.424 E.02614
G1 X96.735 Y57.072 E.02569
G1 X96.671 Y57.178 E.00384
;WIDTH:0.427487
G1 X96.662 Y57.198 E.00068
; stop printing object USV 1 e2mm.stl_1 id:1 copy 0
; end of layer_num: 29, T: 0, print_z: 5.840000
;LAYER_CHANGE
;Z:6.04
;HEIGHT:0.2
; BEFORE_LAYER_CHANGE 29 @ 6.04mm
G92 E0
; AFTER_LAYER_CHANGE 29 @ 6.04mm
; start of layer_num: 30, T: 0, print_z: 6.040000
; printing object "USV 1 e2mm.stl_3" id:0 copy 0
G1 E-.8 F3600
G1 X123.173 Y127.428 Z6.04 F18000
G1 E.8 F3600
M204 S1000
;TYPE:Outer wall
;WIDTH:0.42
G1 F3000
G1 X123.175 Y127.427 E.00006
G1 X123.321 Y127.384 E.00468
G1 X124.797 Y127.101 E.04617
G1 X124.95 Y127.088 E.00473
G1 X165.011 Y127.092 E1.23095
G1 X165.801 Y127.168 E.02441
G1 X166.702 Y127.427 E.02879
G1 X167.562 Y127.869 E.02971
G1 X168.32 Y128.491 E.03014
G1 X168.943 Y129.262 E.03045
G1 X169.386 Y130.123 E.02974
G1 X169.428 Y130.268 E.00464
G1 X169.718 Y131.814 E.04833
G1 X169.718 Y161.952 E.92606
G1 X169.642 Y162.753 E.02475
G1 X169.386 Y163.643 E.02844
G1 X168.943 Y164.503 E.02974
G1 X168.32 Y165.274 E.03044
G1 X167.562 Y165.892 E.03007
G1 X166.702 Y166.338 E.02977
G1 X166.554 Y166.38 E.00472
G1 X165.078 Y166.66 E.04618
G1 X164.926 Y166.674 E.00467
G1 X124.95 Y166.674 E1.22835
G1 X124.063 Y166.593 E.02739
G1 X123.175 Y166.339 E.02838
G1 X122.314 Y165.892 E.0298
G1 X121.544 Y165.273 E.03036
G1 X120.922 Y164.503 E.03041
G1 X120.479 Y163.643 E.02975
G1 X120.22 Y162.753 E.02845
G1 X120.14 Y161.867 E.02735
G1 X120.14 Y131.887 E.9212
G1 X120.22 Y131.008 E.02713
G1 X120.479 Y130.123 E.02834
G1 X120.922 Y129.262 E.02975
G1 X121.544 Y128.492 E.03042
G1 X122.314 Y127.869 E.03042
G1 X123.155 Y127.437 E.02907
M204 S2000
G1 X123.321 Y127.792 F18000
M204 S1500
;TYPE:Inner wall
;WIDTH:0.45
G1 F4800
G1 X124.968 Y127.48 E.05562
G1 X164.992 Y127.484 E1.32767
G1 X165.728 Y127.555 E.02453
G1 X166.557 Y127.793 E.02861
G1 X167.345 Y128.199 E.02942
G1 X168.04 Y128.769 E.02982
G1 X168.613 Y129.477 E.0302
G1 X169.02 Y130.268 E.02951
G1 X169.326 Y131.85 E.05346
G1 X169.326 Y161.933 E.9979
G1 X169.255 Y162.68 E.02489
G1 X169.019 Y163.498 E.02823
G1 X168.613 Y164.288 E.02949
G1 X168.041 Y164.996 E.03017
G1 X167.345 Y165.563 E.02977
G1 X166.557 Y165.972 E.02947
G1 X164.908 Y166.282 E.05564
G1 X124.968 Y166.282 E1.32489
G1 X124.135 Y166.206 E.02775
G1 X123.321 Y165.972 E.0281
G1 X122.529 Y165.562 E.02958
G1 X121.822 Y164.994 E.03008
G1 X121.252 Y164.288 E.0301
G1 X120.845 Y163.497 E.02952
G1 X120.607 Y162.68 E.02821
G1 X120.532 Y161.849 E.02768
G1 X120.532 Y131.905 E.99331
G1 X120.607 Y131.081 E.02743
G1 X120.845 Y130.269 E.02808
G1 X121.252 Y129.477 E.02954
G1 X121.823 Y128.771 E.03013
G1 X122.529 Y128.2 E.03013
G1 X123.303 Y127.802 E.02886
M204 S2000
G1 E-.8 F3600
G1 X121.826 Y162.601 F18000
G1 E.8 F3600
M204 S1000
;TYPE:Outer wall
;WIDTH:0.42
G1 F3000
G1 X122.241 Y163.635 E.03423
G1 X122.67 Y164.148 E.02055
G1 X123.175 Y164.566 E.02013
G1 X123.746 Y164.863 E.01979
G1 X124.353 Y165.04 E.01942
G1 X124.931 Y165.096 E.01783
G1 X164.956 Y165.096 E1.22988
G1 X166.106 Y164.868 E.03601
G1 X166.688 Y164.566 E.02015
G1 X167.206 Y164.149 E.02044
G1 X167.625 Y163.642 E.0202
G1 X167.924 Y163.065 E.01996
G1 X168.088 Y162.458 E.01932
G1 X168.143 Y161.887 E.01765
G1 X168.143 Y131.867 E.92241
G1 X168.085 Y131.271 E.01841
G1 X167.636 Y130.139 E.03741
G1 X167.207 Y129.613 E.02087
G1 X166.688 Y129.195 E.02047
G1 X166.115 Y128.898 E.01984
G1 X165.519 Y128.721 E.01908
G1 X164.945 Y128.67 E.01772
G1 X124.931 Y128.67 E1.22951
G1 X124.354 Y128.721 E.01782
G1 X123.746 Y128.898 E.01944
G1 X123.175 Y129.196 E.01979
G1 X122.67 Y129.613 E.02015
G1 X122.248 Y130.123 E.02032
G1 X121.95 Y130.693 E.01978
G1 X121.774 Y131.289 E.01909
G1 X121.722 Y131.868 E.01787
G1 X121.722 Y161.886 E.92237
G1 X121.777 Y162.478 E.01827
G1 X121.819 Y162.582 E.00344
M204 S2000
G1 X121.387 Y162.521 F18000
M204 S1500
;TYPE:Inner wall
;WIDTH:0.45
G1 F4800
G1 X121.392 Y162.572 E.00167
G1 X121.901 Y163.838 E.04529
G1 X122.392 Y164.427 E.02545
G1 X122.957 Y164.894 E.02431
G1 X123.599 Y165.229 E.02403
G1 X124.279 Y165.427 E.02347
G1 X124.912 Y165.488 E.02109
G1 X164.995 Y165.488 E1.32963
G1 X166.237 Y165.242 E.04199
G1 X166.903 Y164.896 E.02491
G1 X167.483 Y164.429 E.0247
G1 X167.954 Y163.86 E.02451
G1 X168.291 Y163.208 E.02433
G1 X168.475 Y162.529 E.02335
G1 X168.535 Y161.905 E.02078
G1 X168.535 Y131.848 E.99704
G1 X168.47 Y131.178 E.02234
G1 X167.978 Y129.939 E.04423
G1 X167.485 Y129.333 E.0259
G1 X166.903 Y128.865 E.02476
G1 X166.262 Y128.533 E.02397
G1 X165.594 Y128.334 E.02312
G1 X164.963 Y128.278 E.02101
G1 X124.914 Y128.278 E1.3285
G1 X124.281 Y128.334 E.02108
G1 X123.599 Y128.532 E.02354
G1 X122.957 Y128.867 E.02403
G1 X122.391 Y129.335 E.02435
G1 X121.919 Y129.905 E.02455
G1 X121.585 Y130.546 E.02398
G1 X121.386 Y131.215 E.02316
G1 X121.33 Y131.851 E.02117
G1 X121.33 Y161.905 E.99694
G1 X121.385 Y162.501 E.01989
G1 E-.8 F3600
M204 S2000
G1 X121.002 Y162.54 F18000
G1 E.8 F3600
;TYPE:Gap infill
;WIDTH:0.433473
G1 F6000
G1 X121.018 Y162.69 E.00479
;WIDTH:0.435463
G1 X121.13 Y163.014 E.01098
;WIDTH:0.457304
G1 X121.242 Y163.339 E.01159
G1 X121.55 Y164.014 E.02507
;WIDTH:0.427877
G1 X122.107 Y164.709 E.02792
G1 X122.746 Y165.229 E.02587
G1 X123.468 Y165.603 E.0255
G1 X124.208 Y165.816 E.02416
G1 X124.986 Y165.885 E.0245
G1 X164.881 Y165.885 E1.25147
G1 X165.05 Y165.867 E.00532
G1 X166.392 Y165.605 E.04291
G1 X167.125 Y165.228 E.02586
G1 X167.759 Y164.715 E.02558
G1 X168.283 Y164.073 E.02598
G1 X168.662 Y163.331 E.02613
G1 X168.864 Y162.606 E.02363
G1 X168.93 Y161.915 E.02176
G1 X168.924 Y131.821 E.94404
;WIDTH:0.398733
G1 X168.873 Y131.468 E.01034
;WIDTH:0.363987
G1 X168.813 Y131.073 E.01045
;WIDTH:0.372578
G1 X168.749 Y130.854 E.00613
;WIDTH:0.415392
G1 X168.685 Y130.635 E.00693
;WIDTH:0.448104
G1 X168.621 Y130.416 E.00754
G1 X168.326 Y129.767 E.02353
;WIDTH:0.430987
G1 X167.759 Y129.048 E.02895
G1 X167.126 Y128.533 E.02581
G1 X166.393 Y128.158 E.02602
G1 X165.654 Y127.944 E.02434
G1 X164.973 Y127.881 E.02163
G1 X124.888 Y127.889 E1.26758
;WIDTH:0.39805
G1 X124.559 Y127.935 E.00962
;WIDTH:0.364169
G1 X124.2 Y127.986 E.00948
;WIDTH:0.367135
G1 X123.835 Y128.073 E.00992
;WIDTH:0.422237
G1 X123.459 Y128.164 E.01197
G1 X122.746 Y128.532 E.0248
G1 X122.107 Y129.054 E.02551
G1 X121.602 Y129.67 E.0246
G1 X121.212 Y130.416 E.02601
G1 X120.996 Y131.155 E.02382
G1 X120.936 Y131.825 E.02077
;WIDTH:0.433473
G1 X120.931 Y161.831 E.95496
G1 X121 Y162.52 E.02204
; stop printing object USV 1 e2mm.stl_3 id:0 copy 0
; printing object "USV 1 e2mm.stl_1" id:1 copy 0
G1 E-.8 F3600
G1 X98.313 Y93.715 F18000
G1 E.8 F3600
M204 S1000
;TYPE:Outer wall
;WIDTH:0.42
G1 F3000
G1 X97.453 Y93.273 E.02969
G1 X96.759 Y92.699 E.02769
G1 X96.635 Y92.575 E.00537
G1 X96.072 Y91.881 E.02747
G1 X95.629 Y91.021 E.02973
G1 X95.373 Y90.132 E.02843
G1 X95.293 Y89.244 E.02739
G1 X95.293 Y59.265 E.92117
G1 X95.307 Y59.114 E.00467
G1 X95.587 Y57.646 E.04593
G1 X95.629 Y57.499 E.00467
G1 X96.072 Y56.64 E.02971
G1 X96.695 Y55.869 E.03045
G1 X97.453 Y55.247 E.03014
G1 X98.313 Y54.805 E.02972
G1 X99.213 Y54.545 E.02877
G1 X100.088 Y54.468 E.027
G1 X140.14 Y54.472 E1.23069
G1 X141.694 Y54.762 E.04857
G1 X141.84 Y54.804 E.00466
G1 X142.701 Y55.247 E.02975
G1 X143.471 Y55.87 E.03042
G1 X144.093 Y56.64 E.03042
G1 X144.536 Y57.5 E.02972
G1 X144.795 Y58.389 E.02847
G1 X144.871 Y59.182 E.02446
G1 X144.875 Y89.244 E.92373
G1 X144.795 Y90.131 E.02738
G1 X144.536 Y91.02 E.02845
G1 X144.093 Y91.881 E.02973
G1 X143.528 Y92.575 E.02752
G1 X143.405 Y92.698 E.00534
G1 X142.7 Y93.273 E.02793
G1 X141.84 Y93.715 E.02972
G1 X140.952 Y93.971 E.0284
G1 X140.065 Y94.051 E.02739
G1 X100.089 Y94.051 E1.22835
G1 X99.937 Y94.038 E.00467
G1 X98.461 Y93.757 E.04618
G1 X98.332 Y93.721 E.00412
M204 S2000
G1 X98.457 Y93.349 F18000
M204 S1500
;TYPE:Inner wall
;WIDTH:0.45
G1 F4800
G1 X97.67 Y92.944 E.02935
G1 X96.927 Y92.312 E.03237
G1 X96.402 Y91.666 E.02763
G1 X95.995 Y90.875 E.02948
G1 X95.761 Y90.059 E.02818
G1 X95.685 Y89.226 E.02774
G1 X95.685 Y59.283 E.99327
G1 X95.995 Y57.645 E.05531
G1 X96.402 Y56.855 E.02947
G1 X96.975 Y56.147 E.03021
G1 X97.669 Y55.577 E.02982
G1 X98.458 Y55.171 E.02943
G1 X99.285 Y54.932 E.02853
G1 X100.105 Y54.861 E.02732
G1 X140.104 Y54.864 E1.32684
G1 X141.694 Y55.17 E.0537
G1 X142.486 Y55.578 E.02954
G1 X143.192 Y56.149 E.03013
G1 X143.763 Y56.855 E.03013
G1 X144.17 Y57.645 E.0295
G1 X144.408 Y58.463 E.02825
G1 X144.479 Y59.2 E.02457
G1 X144.483 Y89.226 E.99601
G1 X144.408 Y90.058 E.02771
G1 X144.17 Y90.875 E.0282
G1 X143.763 Y91.665 E.02949
G1 X143.142 Y92.407 E.03212
G1 X142.485 Y92.943 E.02812
G1 X141.695 Y93.349 E.02946
G1 X140.88 Y93.584 E.02814
G1 X140.047 Y93.659 E.02774
G1 X100.107 Y93.659 E1.32489
G1 X98.477 Y93.352 E.05501
M204 S2000
G1 E-.8 F3600
G1 X97.33 Y57.641 F18000
G1 E.8 F3600
M204 S1000
;TYPE:Outer wall
;WIDTH:0.42
G1 F3000
G1 X96.93 Y58.653 E.03342
G1 X96.872 Y59.245 E.01828
G1 X96.872 Y89.263 E.92238
G1 X96.927 Y89.836 E.01768
G1 X97.091 Y90.442 E.01929
G1 X97.39 Y91.019 E.01995
G1 X97.809 Y91.527 E.02023
G1 X98.327 Y91.943 E.02043
G1 X98.909 Y92.245 E.02014
G1 X100.058 Y92.472 E.03601
G1 X140.084 Y92.472 E1.22987
G1 X140.662 Y92.418 E.01783
G1 X141.269 Y92.24 E.01943
G1 X141.84 Y91.942 E.01978
G1 X142.345 Y91.526 E.02012
G1 X142.774 Y91.011 E.02058
G1 X143.238 Y89.856 E.03826
G1 X143.293 Y89.263 E.0183
G1 X143.293 Y59.246 E.92234
G1 X143.241 Y58.671 E.01775
G1 X143.065 Y58.076 E.01908
G1 X142.768 Y57.502 E.01986
G1 X142.345 Y56.983 E.02056
G1 X141.839 Y56.573 E.02002
G1 X141.269 Y56.276 E.01976
G1 X140.661 Y56.099 E.01944
G1 X140.083 Y56.047 E.01782
G1 X100.07 Y56.047 E1.22951
G1 X99.495 Y56.099 E.01772
G1 X98.9 Y56.276 E.01908
G1 X98.328 Y56.572 E.01981
G1 X97.808 Y56.982 E.02034
G1 X97.379 Y57.518 E.0211
G1 X97.337 Y57.623 E.00346
M204 S2000
G1 X97.068 Y57.279 F18000
M204 S1500
;TYPE:Inner wall
;WIDTH:0.45
G1 F4800
G1 X97.036 Y57.319 E.00172
G1 X96.545 Y58.56 E.04426
G1 X96.48 Y59.226 E.0222
G1 X96.48 Y89.282 E.99702
G1 X96.54 Y89.907 E.02081
G1 X96.724 Y90.585 E.02332
G1 X97.061 Y91.236 E.02431
G1 X97.532 Y91.807 E.02455
G1 X98.112 Y92.273 E.02469
G1 X98.778 Y92.618 E.02489
G1 X100.02 Y92.865 E.04199
G1 X140.103 Y92.865 E1.32961
G1 X140.736 Y92.804 E.02111
G1 X141.416 Y92.606 E.0235
G1 X142.057 Y92.271 E.024
G1 X142.623 Y91.805 E.0243
G1 X143.114 Y91.215 E.02548
G1 X143.623 Y89.949 E.04525
G1 X143.685 Y89.281 E.02226
G1 X143.685 Y59.228 E.99691
G1 X143.628 Y58.597 E.02104
G1 X143.43 Y57.928 E.02313
G1 X143.097 Y57.285 E.02402
G1 X142.623 Y56.704 E.02488
G1 X142.055 Y56.244 E.02426
G1 X141.416 Y55.91 E.02393
G1 X140.734 Y55.712 E.02355
G1 X140.101 Y55.655 E.02108
G1 X100.052 Y55.655 E1.3285
G1 X99.421 Y55.712 E.02101
G1 X98.753 Y55.911 E.02312
G1 X98.114 Y56.241 E.02387
G1 X97.53 Y56.702 E.02468
G1 X97.081 Y57.263 E.02384
M204 S2000
G1 X96.775 Y57.017 F18000
;TYPE:Gap infill
;WIDTH:0.428241
G1 F6000
G1 X96.732 Y57.07 E.00215
G1 X96.687 Y57.148 E.00283
;WIDTH:0.428019
G1 X96.541 Y57.47 E.01109
;WIDTH:0.463087
G1 X96.395 Y57.792 E.0121
;WIDTH:0.45881
G1 X96.331 Y58.013 E.0078
;WIDTH:0.415185
G1 X96.267 Y58.234 E.00698
;WIDTH:0.367993
G1 X96.194 Y58.497 E.00722
;WIDTH:0.363337
G1 X96.144 Y58.848 E.00925
;WIDTH:0.379082
G1 X96.094 Y59.198 E.0097
;WIDTH:0.429579
G1 X96.086 Y89.292 E.94818
G1 X96.151 Y89.986 E.02196
G1 X96.353 Y90.708 E.02364
G1 X96.723 Y91.435 E.0257
G1 X97.244 Y92.072 E.0259
G1 X97.893 Y92.609 E.02655
G1 X98.623 Y92.982 E.02582
G1 X99.965 Y93.245 E.0431
G1 X100.134 Y93.262 E.00535
G1 X140.029 Y93.262 E1.257
G1 X140.807 Y93.194 E.02459
G1 X141.546 Y92.98 E.02426
G1 X142.266 Y92.609 E.02552
G1 X142.888 Y92.098 E.02538
G1 X143.465 Y91.391 E.02875
;WIDTH:0.434873
G1 X143.619 Y91.054 E.01184
;WIDTH:0.458388
G1 X143.773 Y90.716 E.01255
G1 X143.997 Y90.068 E.02323
;WIDTH:0.430479
G1 X144.084 Y89.208 E.02728
G1 X144.081 Y59.202 E.94763
G1 X144.019 Y58.538 E.02107
G1 X143.802 Y57.792 E.02452
G1 X143.431 Y57.072 E.0256
G1 X142.888 Y56.41 E.02701
G1 X142.269 Y55.91 E.02514
G1 X141.544 Y55.539 E.02571
;WIDTH:0.403461
G1 X141.18 Y55.451 E.01103
;WIDTH:0.366825
G1 X140.785 Y55.358 E.01069
;WIDTH:0.367039
G1 X140.456 Y55.312 E.00878
;WIDTH:0.428241
G1 X140.067 Y55.26 E.01232
G1 X100.123 Y55.258 E1.25421
G1 X99.329 Y55.329 E.02502
G1 X98.606 Y55.541 E.02367
G1 X97.914 Y55.897 E.02442
G1 X97.254 Y56.424 E.02652
G1 X96.788 Y57.001 E.02329
; stop printing object USV 1 e2mm.stl_1 id:1 copy 0
; end of layer_num: 30, T: 0, print_z: 6.040000
;LAYER_CHANGE
;Z:6.24
;HEIGHT:0.2
; BEFORE_LAYER_CHANGE 30 @ 6.24mm
G92 E0
; AFTER_LAYER_CHANGE 30 @ 6.24mm
; start of layer_num: 31, T: 0, print_z: 6.240000
; printing object "USV 1 e2mm.stl_3" id:0 copy 0
G1 E-.8 F3600
G1 X123.173 Y127.428 Z6.24 F18000
G1 E.8 F3600
M204 S1000
;TYPE:Outer wall
;WIDTH:0.42
G1 F3000
G1 X123.175 Y127.427 E.00006
G1 X123.358 Y127.373 E.00586
G1 X124.76 Y127.105 E.04387
G1 X124.95 Y127.088 E.00586
G1 X165.029 Y127.093 E1.2315
G1 X165.801 Y127.168 E.02386
G1 X166.702 Y127.427 E.0288
G1 X167.562 Y127.869 E.02971
G1 X168.32 Y128.491 E.03014
G1 X168.943 Y129.262 E.03045
G1 X169.386 Y130.123 E.02974
G1 X169.438 Y130.305 E.00582
G1 X169.717 Y131.796 E.04661
G1 X169.717 Y161.969 E.92715
G1 X169.642 Y162.753 E.02419
G1 X169.386 Y163.643 E.02845
G1 X168.943 Y164.503 E.02974
G1 X168.32 Y165.274 E.03044
G1 X167.562 Y165.892 E.03007
G1 X166.702 Y166.338 E.02977
G1 X166.517 Y166.391 E.00592
G1 X165.114 Y166.656 E.04388
G1 X164.926 Y166.674 E.00579
G1 X124.95 Y166.674 E1.22835
G1 X124.063 Y166.593 E.02739
G1 X123.175 Y166.339 E.02838
G1 X122.314 Y165.892 E.0298
G1 X121.544 Y165.273 E.03036
G1 X120.922 Y164.503 E.03041
G1 X120.479 Y163.643 E.02975
G1 X120.22 Y162.753 E.02845
G1 X120.14 Y161.867 E.02735
G1 X120.14 Y131.887 E.9212
G1 X120.22 Y131.008 E.02713
G1 X120.479 Y130.123 E.02834
G1 X120.922 Y129.262 E.02975
G1 X121.544 Y128.492 E.03042
G1 X122.314 Y127.869 E.03042
G1 X123.155 Y127.437 E.02907
M204 S2000
G1 X123.321 Y127.792 F18000
M204 S1500
;TYPE:Inner wall
;WIDTH:0.45
G1 F4800
G1 X124.815 Y127.494 E.05055
G1 X124.968 Y127.48 E.0051
G1 X165.01 Y127.485 E1.32826
G1 X165.728 Y127.555 E.02393
G1 X166.557 Y127.793 E.02862
G1 X167.345 Y128.199 E.02942
G1 X168.04 Y128.769 E.02982
G1 X168.613 Y129.477 E.0302
G1 X169.02 Y130.268 E.02951
G1 X169.325 Y131.832 E.05287
G1 X169.325 Y161.95 E.99908
G1 X169.255 Y162.679 E.02429
G1 X169.019 Y163.498 E.02824
G1 X168.613 Y164.288 E.02949
G1 X168.041 Y164.996 E.03017
G1 X167.345 Y165.563 E.02977
G1 X166.557 Y165.972 E.02947
G1 X165.059 Y166.268 E.05064
G1 X164.908 Y166.282 E.00503
G1 X124.968 Y166.282 E1.32489
G1 X124.135 Y166.206 E.02775
G1 X123.321 Y165.972 E.0281
G1 X122.529 Y165.562 E.02958
G1 X121.822 Y164.994 E.03008
G1 X121.252 Y164.288 E.0301
G1 X120.845 Y163.497 E.02952
G1 X120.607 Y162.68 E.02821
G1 X120.532 Y161.849 E.02768
G1 X120.532 Y131.905 E.99331
G1 X120.607 Y131.081 E.02743
G1 X120.845 Y130.269 E.02808
G1 X121.252 Y129.477 E.02954
G1 X121.823 Y128.771 E.03013
G1 X122.529 Y128.2 E.03013
G1 X123.303 Y127.802 E.02886
M204 S2000
G1 E-.8 F3600
G1 X121.832 Y162.618 F18000
G1 E.8 F3600
M204 S1000
;TYPE:Outer wall
;WIDTH:0.42
G1 F3000
G1 X122.241 Y163.635 E.03368
G1 X122.67 Y164.148 E.02055
G1 X123.175 Y164.566 E.02013
G1 X123.746 Y164.863 E.01979
G1 X124.353 Y165.04 E.01942
G1 X124.931 Y165.096 E.01783
G1 X164.956 Y165.096 E1.22988
G1 X166.106 Y164.868 E.03601
G1 X166.688 Y164.566 E.02015
G1 X167.206 Y164.149 E.02044
G1 X167.625 Y163.642 E.0202
G1 X167.924 Y163.065 E.01996
G1 X168.088 Y162.458 E.01932
G1 X168.143 Y161.887 E.01765
G1 X168.143 Y131.867 E.92242
G1 X168.081 Y131.258 E.0188
G1 X167.642 Y130.152 E.03658
G1 X167.207 Y129.613 E.02128
G1 X166.688 Y129.195 E.02048
G1 X166.115 Y128.898 E.01984
G1 X165.519 Y128.721 E.01908
G1 X164.945 Y128.67 E.01772
G1 X124.931 Y128.67 E1.22951
G1 X124.354 Y128.721 E.01782
G1 X123.746 Y128.898 E.01944
G1 X123.175 Y129.196 E.01979
G1 X122.67 Y129.613 E.02015
G1 X122.248 Y130.123 E.02032
G1 X121.95 Y130.693 E.01978
G1 X121.774 Y131.289 E.01909
G1 X121.722 Y131.868 E.01787
G1 X121.722 Y161.887 E.92239
G1 X121.781 Y162.492 E.01867
G1 X121.824 Y162.6 E.00357
M204 S2000
G1 X121.414 Y162.631 F18000
M204 S1500
;TYPE:Inner wall
;WIDTH:0.45
G1 F4800
G1 X121.901 Y163.839 E.04318
G1 X122.392 Y164.427 E.02544
G1 X122.957 Y164.894 E.02431
G1 X123.599 Y165.229 E.02403
G1 X124.279 Y165.427 E.02347
G1 X124.912 Y165.488 E.02109
G1 X164.995 Y165.488 E1.32963
G1 X166.237 Y165.242 E.04199
G1 X166.903 Y164.896 E.02491
G1 X167.483 Y164.429 E.0247
G1 X167.954 Y163.86 E.02451
G1 X168.291 Y163.208 E.02433
G1 X168.475 Y162.529 E.02335
G1 X168.535 Y161.905 E.02078
G1 X168.535 Y131.847 E.99708
G1 X168.466 Y131.164 E.02276
G1 X167.985 Y129.952 E.04328
G1 X167.486 Y129.334 E.02634
G1 X166.903 Y128.865 E.02481
G1 X166.262 Y128.533 E.02397
G1 X165.594 Y128.334 E.02312
G1 X164.963 Y128.278 E.02101
G1 X124.914 Y128.278 E1.3285
G1 X124.281 Y128.334 E.02108
G1 X123.599 Y128.532 E.02354
G1 X122.957 Y128.867 E.02403
G1 X122.391 Y129.335 E.02435
G1 X121.919 Y129.905 E.02455
G1 X121.585 Y130.546 E.02398
G1 X121.386 Y131.215 E.02316
G1 X121.33 Y131.851 E.02117
G1 X121.33 Y161.906 E.99698
G1 X121.396 Y162.586 E.02266
G1 X121.407 Y162.613 E.00096
G1 E-.8 F3600
M204 S2000
G1 X121.035 Y162.741 F18000
G1 E.8 F3600
;TYPE:Gap infill
;WIDTH:0.435372
G1 F6000
G1 X121.132 Y163.022 E.00949
;WIDTH:0.456854
G1 X121.241 Y163.339 E.01131
G1 X121.55 Y164.015 E.02507
;WIDTH:0.427721
G1 X122.107 Y164.709 E.02789
G1 X122.746 Y165.229 E.02586
G1 X123.468 Y165.603 E.02549
G1 X124.208 Y165.816 E.02415
G1 X124.986 Y165.885 E.02449
G1 X164.89 Y165.885 E1.25125
G1 X165.051 Y165.873 E.00506
G1 X166.392 Y165.605 E.04289
G1 X167.125 Y165.228 E.02585
G1 X167.759 Y164.715 E.02557
G1 X168.283 Y164.073 E.02597
G1 X168.662 Y163.331 E.02612
G1 X168.864 Y162.605 E.02364
G1 X168.93 Y161.931 E.02122
G1 X168.925 Y131.818 E.94424
;WIDTH:0.401005
G1 X168.872 Y131.459 E.01059
;WIDTH:0.366496
G1 X168.81 Y131.058 E.01069
;WIDTH:0.374483
G1 X168.747 Y130.844 E.00603
;WIDTH:0.415992
G1 X168.685 Y130.63 E.00679
;WIDTH:0.447454
G1 X168.622 Y130.415 E.00736
G1 X168.333 Y129.78 E.023
;WIDTH:0.430611
G1 X168.281 Y129.693 E.0032
G1 X167.759 Y129.048 E.02622
G1 X167.126 Y128.533 E.02579
G1 X166.393 Y128.158 E.026
G1 X165.654 Y127.944 E.02433
G1 X164.989 Y127.882 E.02107
G1 X124.871 Y127.885 E1.26743
;WIDTH:0.408288
G1 X124.55 Y127.931 E.00965
;WIDTH:0.37224
G1 X124.2 Y127.983 E.00951
;WIDTH:0.372437
G1 X123.835 Y128.072 E.01008
;WIDTH:0.422507
G1 X123.46 Y128.163 E.01195
G1 X122.746 Y128.532 E.02485
G1 X122.107 Y129.054 E.02553
G1 X121.602 Y129.67 E.02462
G1 X121.212 Y130.416 E.02603
G1 X120.996 Y131.155 E.02384
G1 X120.936 Y131.825 E.02079
;WIDTH:0.433499
G1 X120.931 Y161.831 E.95503
G1 X120.999 Y162.606 E.02476
G1 X121.022 Y162.705 E.00322
;WIDTH:0.435372
G1 X121.028 Y162.723 E.0006
; stop printing object USV 1 e2mm.stl_3 id:0 copy 0
; printing object "USV 1 e2mm.stl_1" id:1 copy 0
G1 E-.8 F3600
G1 X98.313 Y93.715 F18000
G1 E.8 F3600
M204 S1000
;TYPE:Outer wall
;WIDTH:0.42
G1 F3000
G1 X97.453 Y93.273 E.02969
G1 X96.774 Y92.713 E.02706
G1 X96.621 Y92.56 E.00663
G1 X96.072 Y91.881 E.02684
G1 X95.629 Y91.021 E.02973
G1 X95.373 Y90.132 E.02843
G1 X95.293 Y89.244 E.02739
G1 X95.293 Y59.265 E.92117
G1 X95.31 Y59.077 E.00579
G1 X95.576 Y57.683 E.04363
G1 X95.629 Y57.499 E.00586
G1 X96.072 Y56.64 E.02971
G1 X96.695 Y55.869 E.03045
G1 X97.453 Y55.247 E.03014
G1 X98.313 Y54.805 E.02972
G1 X99.213 Y54.545 E.02877
G1 X100.088 Y54.468 E.027
G1 X140.159 Y54.473 E1.23125
G1 X141.657 Y54.751 E.04684
G1 X141.84 Y54.804 E.00585
G1 X142.701 Y55.247 E.02975
G1 X143.471 Y55.87 E.03042
G1 X144.093 Y56.64 E.03042
G1 X144.536 Y57.5 E.02972
G1 X144.795 Y58.389 E.02847
G1 X144.87 Y59.164 E.02392
G1 X144.875 Y89.244 E.92427
G1 X144.795 Y90.131 E.02738
G1 X144.536 Y91.02 E.02845
G1 X144.093 Y91.881 E.02974
G1 X143.541 Y92.56 E.0269
G1 X143.39 Y92.712 E.0066
G1 X142.701 Y93.273 E.02729
G1 X141.84 Y93.715 E.02973
G1 X140.952 Y93.971 E.0284
G1 X140.065 Y94.051 E.02739
G1 X100.089 Y94.051 E1.22835
G1 X99.901 Y94.034 E.00578
G1 X98.498 Y93.768 E.04388
G1 X98.332 Y93.721 E.00532
M204 S2000
G1 X98.457 Y93.349 F18000
M204 S1500
;TYPE:Inner wall
;WIDTH:0.45
G1 F4800
G1 X97.67 Y92.944 E.02936
G1 X97.038 Y92.422 E.02719
G1 X96.913 Y92.297 E.00586
G1 X96.402 Y91.666 E.02694
G1 X95.995 Y90.875 E.02949
G1 X95.761 Y90.059 E.02818
G1 X95.685 Y89.226 E.02774
G1 X95.685 Y59.283 E.99327
G1 X95.699 Y59.132 E.00502
G1 X95.995 Y57.645 E.05032
G1 X96.402 Y56.855 E.02947
G1 X96.975 Y56.147 E.03021
G1 X97.669 Y55.577 E.02982
G1 X98.458 Y55.171 E.02943
G1 X99.285 Y54.932 E.02853
G1 X100.105 Y54.861 E.02732
G1 X140.123 Y54.865 E1.32745
G1 X141.566 Y55.133 E.04871
G1 X141.694 Y55.17 E.00441
G1 X142.486 Y55.578 E.02954
G1 X143.192 Y56.149 E.03013
G1 X143.763 Y56.855 E.03013
G1 X144.17 Y57.645 E.0295
G1 X144.408 Y58.464 E.02826
G1 X144.478 Y59.183 E.02398
G1 X144.483 Y89.226 E.99659
G1 X144.408 Y90.058 E.02771
G1 X144.17 Y90.875 E.0282
G1 X143.763 Y91.665 E.0295
G1 X143.249 Y92.298 E.02703
G1 X143.126 Y92.421 E.00579
G1 X142.485 Y92.943 E.02743
G1 X141.695 Y93.349 E.02947
G1 X140.88 Y93.584 E.02814
G1 X140.047 Y93.659 E.02774
G1 X100.107 Y93.659 E1.32489
G1 X99.956 Y93.646 E.00502
G1 X98.477 Y93.353 E.05001
M204 S2000
G1 E-.8 F3600
G1 X97.322 Y57.658 F18000
G1 E.8 F3600
M204 S1000
;TYPE:Outer wall
;WIDTH:0.42
G1 F3000
G1 X96.934 Y58.64 E.03244
G1 X96.872 Y59.245 E.01867
G1 X96.872 Y89.263 E.92239
G1 X96.927 Y89.836 E.01768
G1 X97.091 Y90.442 E.01929
G1 X97.39 Y91.019 E.01995
G1 X97.809 Y91.527 E.02023
G1 X98.327 Y91.943 E.02043
G1 X98.909 Y92.245 E.02014
G1 X100.058 Y92.472 E.03601
G1 X140.084 Y92.472 E1.22987
G1 X140.662 Y92.418 E.01783
G1 X141.269 Y92.24 E.01943
G1 X141.84 Y91.943 E.01978
G1 X142.345 Y91.526 E.02012
G1 X142.774 Y91.012 E.02058
G1 X143.234 Y89.869 E.03784
G1 X143.293 Y89.264 E.0187
G1 X143.293 Y59.246 E.92236
G1 X143.241 Y58.671 E.01775
G1 X143.065 Y58.076 E.01908
G1 X142.768 Y57.502 E.01986
G1 X142.345 Y56.983 E.02056
G1 X141.839 Y56.573 E.02002
G1 X141.269 Y56.276 E.01976
G1 X140.661 Y56.099 E.01944
G1 X140.083 Y56.047 E.01782
G1 X100.07 Y56.047 E1.22951
G1 X99.495 Y56.099 E.01772
G1 X98.9 Y56.276 E.01908
G1 X98.328 Y56.572 E.01981
G1 X97.808 Y56.983 E.02035
G1 X97.372 Y57.531 E.02151
G1 X97.329 Y57.64 E.0036
M204 S2000
G1 X97.06 Y57.293 F18000
M204 S1500
;TYPE:Inner wall
;WIDTH:0.45
G1 F4800
G1 X97.029 Y57.332 E.00167
G1 X96.549 Y58.547 E.04331
G1 X96.48 Y59.225 E.02262
G1 X96.48 Y89.282 E.99705
G1 X96.54 Y89.907 E.02081
G1 X96.724 Y90.585 E.02332
G1 X97.061 Y91.236 E.02431
G1 X97.532 Y91.807 E.02455
G1 X98.112 Y92.273 E.02469
G1 X98.778 Y92.618 E.02489
G1 X100.02 Y92.865 E.04199
G1 X140.103 Y92.865 E1.32961
G1 X140.736 Y92.804 E.02111
G1 X141.416 Y92.606 E.0235
G1 X142.057 Y92.271 E.024
G1 X142.623 Y91.805 E.0243
G1 X143.114 Y91.215 E.02547
G1 X143.619 Y89.964 E.04477
G1 X143.685 Y89.283 E.0227
G1 X143.685 Y59.228 E.99695
G1 X143.628 Y58.597 E.02104
G1 X143.43 Y57.928 E.02313
G1 X143.097 Y57.285 E.02402
G1 X142.623 Y56.704 E.02488
G1 X142.055 Y56.244 E.02426
G1 X141.416 Y55.91 E.02393
G1 X140.734 Y55.712 E.02354
G1 X140.101 Y55.655 E.02108
G1 X100.052 Y55.655 E1.3285
G1 X99.421 Y55.712 E.02101
G1 X98.753 Y55.911 E.02312
G1 X98.114 Y56.241 E.02386
G1 X97.529 Y56.703 E.02472
G1 X97.073 Y57.277 E.02433
M204 S2000
G1 X96.766 Y57.031 F18000
;TYPE:Gap infill
;WIDTH:0.427942
G1 F6000
G1 X96.734 Y57.071 E.00162
G1 X96.68 Y57.162 E.0033
;WIDTH:0.427805
G1 X96.537 Y57.477 E.01087
;WIDTH:0.462172
G1 X96.394 Y57.793 E.01184
;WIDTH:0.458997
G1 X96.33 Y58.008 E.00763
;WIDTH:0.418284
G1 X96.267 Y58.224 E.00688
;WIDTH:0.374155
G1 X96.194 Y58.482 E.00723
;WIDTH:0.372013
G1 X96.141 Y58.835 E.00957
;WIDTH:0.389395
G1 X96.088 Y59.195 E.01029
;WIDTH:0.429836
G1 X96.086 Y89.292 E.9489
G1 X96.151 Y89.986 E.02198
G1 X96.353 Y90.708 E.02365
G1 X96.723 Y91.435 E.02572
G1 X97.243 Y92.073 E.02592
G1 X97.891 Y92.608 E.02652
G1 X98.623 Y92.982 E.02589
G1 X99.964 Y93.25 E.04313
G1 X100.125 Y93.262 E.00509
G1 X140.029 Y93.262 E1.25813
G1 X140.807 Y93.194 E.02461
G1 X141.546 Y92.98 E.02428
G1 X142.267 Y92.609 E.02555
G1 X142.914 Y92.073 E.0265
G1 X143.465 Y91.391 E.02763
;WIDTH:0.434763
G1 X143.619 Y91.054 E.01185
;WIDTH:0.458121
G1 X143.774 Y90.717 E.01255
G1 X143.993 Y90.083 E.02269
;WIDTH:0.430124
G1 X144.016 Y89.984 E.00319
G1 X144.084 Y89.208 E.02457
G1 X144.081 Y59.202 E.94676
G1 X144.019 Y58.538 E.02104
G1 X143.802 Y57.792 E.02451
G1 X143.431 Y57.072 E.02557
G1 X142.888 Y56.41 E.02699
G1 X142.269 Y55.91 E.02512
G1 X141.544 Y55.539 E.02569
;WIDTH:0.403859
G1 X141.18 Y55.451 E.01104
;WIDTH:0.367907
G1 X140.785 Y55.357 E.01073
;WIDTH:0.368778
G1 X140.456 Y55.311 E.00883
;WIDTH:0.427942
G1 X140.085 Y55.26 E.01174
G1 X100.123 Y55.258 E1.25381
G1 X99.329 Y55.329 E.025
G1 X98.606 Y55.541 E.02365
G1 X97.914 Y55.897 E.0244
G1 X97.254 Y56.424 E.0265
G1 X96.779 Y57.015 E.0238
; stop printing object USV 1 e2mm.stl_1 id:1 copy 0
; end of layer_num: 31, T: 0, print_z: 6.240000
;LAYER_CHANGE
;Z:6.44
;HEIGHT:0.2
; BEFORE_LAYER_CHANGE 31 @ 6.44mm
G92 E0
; AFTER_LAYER_CHANGE 31 @ 6.44mm
; start of layer_num: 32, T: 0, print_z: 6.440000
; printing object "USV 1 e2mm.stl_3" id:0 copy 0
G1 E-.8 F3600
G1 X123.173 Y127.427 Z6.44 F18000
G1 E.8 F3600
M204 S1000
;TYPE:Outer wall
;WIDTH:0.42
G1 F3000
G1 X123.175 Y127.427 E.00006
G1 X123.395 Y127.362 E.00705
G1 X124.724 Y127.108 E.04156
G1 X124.95 Y127.088 E.00699
G1 X165.046 Y127.094 E1.23205
G1 X165.801 Y127.168 E.0233
G1 X166.702 Y127.427 E.0288
G1 X167.562 Y127.869 E.02971
G1 X168.32 Y128.491 E.03014
G1 X168.943 Y129.262 E.03045
G1 X169.386 Y130.123 E.02974
G1 X169.449 Y130.342 E.007
G1 X169.717 Y131.778 E.0449
G1 X169.717 Y161.987 E.92825
G1 X169.642 Y162.753 E.02364
G1 X169.386 Y163.643 E.02845
G1 X168.943 Y164.503 E.02974
G1 X168.32 Y165.274 E.03044
G1 X167.562 Y165.892 E.03007
G1 X166.702 Y166.338 E.02977
G1 X166.479 Y166.402 E.00712
G1 X165.15 Y166.653 E.04157
G1 X164.926 Y166.674 E.0069
G1 X124.95 Y166.674 E1.22835
G1 X124.063 Y166.593 E.02739
G1 X123.175 Y166.339 E.02838
G1 X122.314 Y165.892 E.0298
G1 X121.544 Y165.273 E.03036
G1 X120.922 Y164.503 E.03041
G1 X120.479 Y163.643 E.02975
G1 X120.22 Y162.753 E.02845
G1 X120.14 Y161.867 E.02735
G1 X120.14 Y131.887 E.9212
G1 X120.22 Y131.008 E.02713
G1 X120.479 Y130.123 E.02834
G1 X120.922 Y129.262 E.02975
G1 X121.544 Y128.492 E.03042
G1 X122.314 Y127.869 E.03042
G1 X123.155 Y127.437 E.02907
M204 S2000
G1 X123.321 Y127.792 F18000
M204 S1500
;TYPE:Inner wall
;WIDTH:0.45
G1 F4800
G1 X123.487 Y127.744 E.00575
G1 X124.778 Y127.497 E.04361
G1 X124.968 Y127.48 E.00632
G1 X165.027 Y127.486 E1.32884
G1 X165.727 Y127.554 E.02333
G1 X166.557 Y127.793 E.02863
G1 X167.345 Y128.199 E.02942
G1 X168.04 Y128.769 E.02982
G1 X168.613 Y129.477 E.0302
G1 X169.02 Y130.268 E.02951
G1 X169.067 Y130.432 E.00566
G1 X169.325 Y131.814 E.04664
G1 X169.325 Y161.968 E1.00026
G1 X169.255 Y162.679 E.0237
G1 X169.019 Y163.498 E.02825
G1 X168.613 Y164.288 E.02949
G1 X168.041 Y164.996 E.03017
G1 X167.345 Y165.563 E.02977
G1 X166.557 Y165.972 E.02947
G1 X166.389 Y166.02 E.00578
G1 X165.095 Y166.264 E.04367
G1 X164.908 Y166.282 E.00624
G1 X124.968 Y166.282 E1.32489
G1 X124.135 Y166.206 E.02775
G1 X123.321 Y165.972 E.0281
G1 X122.529 Y165.562 E.02958
G1 X121.822 Y164.994 E.03008
G1 X121.252 Y164.288 E.0301
G1 X120.845 Y163.497 E.02952
G1 X120.607 Y162.68 E.02821
G1 X120.532 Y161.849 E.02768
G1 X120.532 Y131.905 E.99331
G1 X120.607 Y131.081 E.02743
G1 X120.845 Y130.269 E.02808
G1 X121.252 Y129.477 E.02954
G1 X121.823 Y128.771 E.03013
G1 X122.529 Y128.2 E.03013
G1 X123.303 Y127.802 E.02886
M204 S2000
G1 E-.8 F3600
G1 X121.836 Y162.636 F18000
G1 E.8 F3600
M204 S1000
;TYPE:Outer wall
;WIDTH:0.42
G1 F3000
G1 X122.242 Y163.635 E.03313
G1 X122.67 Y164.148 E.02054
G1 X123.175 Y164.566 E.02013
G1 X123.746 Y164.863 E.01979
G1 X124.353 Y165.04 E.01942
G1 X124.931 Y165.096 E.01783
G1 X164.956 Y165.096 E1.22988
G1 X166.106 Y164.868 E.03601
G1 X166.688 Y164.566 E.02015
G1 X167.206 Y164.149 E.02044
G1 X167.625 Y163.642 E.0202
G1 X167.924 Y163.065 E.01996
G1 X168.088 Y162.458 E.01932
G1 X168.143 Y161.887 E.01765
G1 X168.143 Y131.866 E.92244
G1 X168.073 Y131.23 E.01967
G1 X167.657 Y130.179 E.03472
G1 X167.208 Y129.614 E.02218
G1 X166.688 Y129.195 E.02051
G1 X166.115 Y128.898 E.01984
G1 X165.519 Y128.721 E.01908
G1 X164.945 Y128.67 E.01772
G1 X124.931 Y128.67 E1.22951
G1 X124.354 Y128.721 E.01782
G1 X123.746 Y128.898 E.01944
G1 X123.175 Y129.196 E.01979
G1 X122.67 Y129.613 E.02015
G1 X122.248 Y130.123 E.02032
G1 X121.95 Y130.693 E.01978
G1 X121.774 Y131.289 E.01909
G1 X121.722 Y131.868 E.01787
G1 X121.722 Y161.888 E.92242
G1 X121.789 Y162.521 E.01957
G1 X121.828 Y162.618 E.0032
M204 S2000
G1 X121.4 Y162.571 F18000
M204 S1500
;TYPE:Inner wall
;WIDTH:0.45
G1 F4800
G1 X121.405 Y162.618 E.00156
G1 X121.901 Y163.839 E.04374
G1 X122.392 Y164.427 E.02541
G1 X122.957 Y164.894 E.02431
G1 X123.599 Y165.229 E.02403
G1 X124.279 Y165.427 E.02347
G1 X124.912 Y165.488 E.02109
G1 X164.995 Y165.488 E1.32963
G1 X166.237 Y165.242 E.04199
G1 X166.903 Y164.896 E.02491
G1 X167.483 Y164.429 E.0247
G1 X167.954 Y163.86 E.02451
G1 X168.291 Y163.208 E.02433
G1 X168.475 Y162.529 E.02335
G1 X168.535 Y161.905 E.02078
G1 X168.535 Y131.845 E.99716
G1 X168.457 Y131.134 E.02371
G1 X168 Y129.981 E.04116
G1 X167.488 Y129.336 E.02731
G1 X166.903 Y128.865 E.0249
G1 X166.262 Y128.533 E.02397
G1 X165.594 Y128.334 E.02312
G1 X164.963 Y128.278 E.02101
G1 X124.914 Y128.278 E1.3285
G1 X124.281 Y128.334 E.02108
G1 X123.599 Y128.532 E.02354
G1 X122.957 Y128.867 E.02403
G1 X122.391 Y129.335 E.02435
G1 X121.919 Y129.905 E.02454
G1 X121.585 Y130.546 E.02398
G1 X121.386 Y131.215 E.02316
G1 X121.33 Y131.851 E.02117
G1 X121.33 Y161.909 E.99707
G1 X121.398 Y162.551 E.02142
G1 E-.8 F3600
M204 S2000
G1 X121.009 Y162.638 F18000
G1 E.8 F3600
;TYPE:Gap infill
;WIDTH:0.433557
G1 F6000
G1 X121.032 Y162.738 E.00326
;WIDTH:0.435144
G1 X121.136 Y163.039 E.01016
;WIDTH:0.455816
G1 X121.241 Y163.339 E.0107
G1 X121.551 Y164.016 E.02506
;WIDTH:0.427476
G1 X122.107 Y164.709 E.02783
G1 X122.746 Y165.229 E.02584
G1 X123.468 Y165.603 E.02547
G1 X124.208 Y165.816 E.02413
G1 X124.986 Y165.885 E.02448
G1 X164.89 Y165.885 E1.25045
G1 X165.051 Y165.875 E.00506
G1 X166.392 Y165.605 E.04287
G1 X167.125 Y165.228 E.02583
G1 X167.759 Y164.715 E.02555
G1 X168.283 Y164.073 E.02596
G1 X168.662 Y163.331 E.02611
G1 X168.865 Y162.604 E.02365
G1 X168.929 Y161.949 E.02064
G1 X168.926 Y131.813 E.94434
;WIDTH:0.405596
G1 X168.871 Y131.44 E.01114
;WIDTH:0.375885
G1 X168.806 Y131.025 E.01139
;WIDTH:0.390566
G1 X168.735 Y130.777 E.00734
;WIDTH:0.440558
G1 X168.663 Y130.528 E.00839
;WIDTH:0.470845
G1 X168.627 Y130.424 E.00383
;WIDTH:0.459705
G1 X168.488 Y130.117 E.01145
;WIDTH:0.430219
G1 X168.279 Y129.695 E.01488
G1 X167.782 Y129.074 E.0251
G1 X167.126 Y128.533 E.02683
G1 X166.393 Y128.158 E.02597
G1 X165.653 Y127.944 E.02432
G1 X165.008 Y127.883 E.02045
G1 X124.833 Y127.888 E1.26791
;WIDTH:0.410276
G1 X124.531 Y127.931 E.00913
;WIDTH:0.378361
G1 X124.198 Y127.979 E.00919
;WIDTH:0.379311
G1 X123.889 Y128.053 E.00872
;WIDTH:0.423264
G1 X123.467 Y128.16 E.01348
G1 X122.746 Y128.532 E.02516
G1 X122.107 Y129.054 E.02558
G1 X121.602 Y129.67 E.02466
G1 X121.212 Y130.416 E.02608
G1 X120.996 Y131.155 E.02389
G1 X120.936 Y131.825 E.02083
;WIDTH:0.433557
G1 X120.931 Y161.831 E.95517
G1 X121.002 Y162.606 E.02475
G1 X121.005 Y162.619 E.00043
; stop printing object USV 1 e2mm.stl_3 id:0 copy 0
; printing object "USV 1 e2mm.stl_1" id:1 copy 0
G1 E-.8 F3600
G1 X98.313 Y93.715 F18000
G1 E.8 F3600
M204 S1000
;TYPE:Outer wall
;WIDTH:0.42
G1 F3000
G1 X97.453 Y93.273 E.0297
G1 X96.789 Y92.727 E.02642
G1 X96.607 Y92.545 E.0079
G1 X96.072 Y91.881 E.0262
G1 X95.629 Y91.021 E.02974
G1 X95.373 Y90.132 E.02843
G1 X95.293 Y89.244 E.02739
G1 X95.293 Y59.265 E.92117
G1 X95.314 Y59.041 E.00691
G1 X95.566 Y57.72 E.04134
G1 X95.629 Y57.499 E.00705
G1 X96.072 Y56.64 E.02971
G1 X96.695 Y55.869 E.03045
G1 X97.453 Y55.247 E.03014
G1 X98.313 Y54.805 E.02972
G1 X99.213 Y54.545 E.02877
G1 X100.088 Y54.468 E.027
G1 X140.177 Y54.474 E1.23181
G1 X141.62 Y54.74 E.0451
G1 X141.84 Y54.804 E.00703
G1 X142.701 Y55.247 E.02975
G1 X143.471 Y55.87 E.03042
G1 X144.093 Y56.64 E.03042
G1 X144.536 Y57.5 E.02972
G1 X144.795 Y58.389 E.02847
G1 X144.869 Y59.146 E.02337
G1 X144.875 Y89.244 E.92482
G1 X144.795 Y90.131 E.02738
G1 X144.536 Y91.02 E.02845
G1 X144.093 Y91.881 E.02974
G1 X143.555 Y92.545 E.02627
G1 X143.374 Y92.726 E.00786
G1 X142.701 Y93.273 E.02665
G1 X141.84 Y93.715 E.02973
G1 X140.952 Y93.971 E.0284
G1 X140.065 Y94.051 E.02739
G1 X100.089 Y94.051 E1.22835
G1 X99.865 Y94.031 E.0069
G1 X98.536 Y93.779 E.04157
G1 X98.332 Y93.721 E.00652
M204 S2000
G1 X98.457 Y93.349 F18000
M204 S1500
;TYPE:Inner wall
;WIDTH:0.45
G1 F4800
G1 X97.67 Y92.944 E.02937
G1 X97.053 Y92.436 E.0265
G1 X96.899 Y92.282 E.0072
G1 X96.402 Y91.666 E.02626
G1 X95.995 Y90.875 E.0295
G1 X95.761 Y90.059 E.02818
G1 X95.685 Y89.226 E.02774
G1 X95.685 Y59.283 E.99327
G1 X95.702 Y59.096 E.00623
G1 X95.948 Y57.811 E.0434
G1 X95.995 Y57.645 E.00574
G1 X96.402 Y56.855 E.02947
G1 X96.975 Y56.147 E.03021
G1 X97.669 Y55.577 E.02982
G1 X98.458 Y55.171 E.02943
G1 X99.285 Y54.932 E.02853
G1 X100.105 Y54.861 E.02732
G1 X140.141 Y54.866 E1.32806
G1 X141.529 Y55.122 E.04684
G1 X141.694 Y55.17 E.00568
G1 X142.486 Y55.578 E.02954
G1 X143.192 Y56.149 E.03013
G1 X143.763 Y56.855 E.03013
G1 X144.17 Y57.645 E.0295
G1 X144.408 Y58.464 E.02827
G1 X144.477 Y59.166 E.02339
G1 X144.483 Y89.226 E.99717
G1 X144.408 Y90.058 E.02771
G1 X144.17 Y90.875 E.0282
G1 X143.763 Y91.666 E.02951
G1 X143.263 Y92.282 E.02635
G1 X143.111 Y92.435 E.00714
G1 X142.485 Y92.943 E.02673
G1 X141.695 Y93.349 E.02948
G1 X140.88 Y93.584 E.02814
G1 X140.047 Y93.659 E.02774
G1 X100.107 Y93.659 E1.32489
G1 X99.92 Y93.642 E.00623
G1 X98.626 Y93.397 E.04367
G1 X98.477 Y93.354 E.00516
M204 S2000
G1 E-.8 F3600
G1 X97.312 Y57.675 F18000
G1 E.8 F3600
M204 S1000
;TYPE:Outer wall
;WIDTH:0.42
G1 F3000
G1 X96.942 Y58.612 E.03095
G1 X96.872 Y59.244 E.01955
G1 X96.872 Y89.263 E.92242
G1 X96.927 Y89.836 E.01768
G1 X97.091 Y90.442 E.01929
G1 X97.39 Y91.019 E.01996
G1 X97.809 Y91.527 E.02023
G1 X98.327 Y91.943 E.02043
G1 X98.909 Y92.245 E.02014
G1 X100.058 Y92.472 E.03601
G1 X140.084 Y92.472 E1.22987
G1 X140.662 Y92.418 E.01783
G1 X141.269 Y92.24 E.01943
G1 X141.84 Y91.943 E.01978
G1 X142.345 Y91.526 E.02012
G1 X142.773 Y91.012 E.02057
G1 X143.226 Y89.899 E.03691
G1 X143.293 Y89.265 E.0196
G1 X143.293 Y59.246 E.92239
G1 X143.241 Y58.671 E.01775
G1 X143.065 Y58.076 E.01908
G1 X142.768 Y57.502 E.01986
G1 X142.345 Y56.983 E.02056
G1 X141.839 Y56.573 E.02002
G1 X141.269 Y56.276 E.01976
G1 X140.661 Y56.099 E.01944
G1 X140.083 Y56.047 E.01782
G1 X100.07 Y56.047 E1.22951
G1 X99.495 Y56.099 E.01772
G1 X98.9 Y56.276 E.01908
G1 X98.328 Y56.572 E.01981
G1 X97.807 Y56.983 E.02038
G1 X97.358 Y57.558 E.02242
G1 X97.319 Y57.656 E.00324
M204 S2000
G1 X97.044 Y57.324 F18000
M204 S1500
;TYPE:Inner wall
;WIDTH:0.45
G1 F4800
G1 X97.014 Y57.362 E.0016
G1 X96.558 Y58.516 E.04119
G1 X96.48 Y59.222 E.02356
G1 X96.48 Y89.282 E.99714
G1 X96.54 Y89.907 E.02081
G1 X96.724 Y90.585 E.02332
G1 X97.061 Y91.236 E.02431
G1 X97.532 Y91.807 E.02455
G1 X98.112 Y92.273 E.02469
G1 X98.778 Y92.618 E.02489
G1 X100.02 Y92.865 E.04199
G1 X140.103 Y92.865 E1.32961
G1 X140.736 Y92.804 E.02111
G1 X141.416 Y92.606 E.0235
G1 X142.057 Y92.271 E.024
G1 X142.623 Y91.805 E.0243
G1 X143.114 Y91.216 E.02544
G1 X143.61 Y89.995 E.0437
G1 X143.685 Y89.285 E.02368
G1 X143.685 Y59.228 E.99704
G1 X143.628 Y58.597 E.02104
G1 X143.43 Y57.928 E.02313
G1 X143.097 Y57.285 E.02402
G1 X142.623 Y56.704 E.02488
G1 X142.055 Y56.244 E.02426
G1 X141.416 Y55.91 E.02393
G1 X140.734 Y55.712 E.02354
G1 X140.101 Y55.655 E.02108
G1 X100.052 Y55.655 E1.3285
G1 X99.421 Y55.712 E.02101
G1 X98.753 Y55.911 E.02312
G1 X98.114 Y56.241 E.02386
G1 X97.527 Y56.705 E.02481
G1 X97.056 Y57.308 E.02538
M204 S2000
G1 X96.718 Y57.104 F18000
;TYPE:Gap infill
;WIDTH:0.427684
G1 F6000
G1 X96.665 Y57.192 E.00322
;WIDTH:0.427271
G1 X96.528 Y57.492 E.01033
;WIDTH:0.459984
G1 X96.392 Y57.792 E.01121
;WIDTH:0.457248
G1 X96.331 Y57.998 E.00723
;WIDTH:0.41906
G1 X96.271 Y58.203 E.00656
;WIDTH:0.377565
G1 X96.201 Y58.45 E.00699
;WIDTH:0.375502
G1 X96.147 Y58.801 E.00963
;WIDTH:0.394234
G1 X96.088 Y59.191 E.01128
;WIDTH:0.429885
G1 X96.086 Y89.292 E.94918
G1 X96.151 Y89.986 E.02198
G1 X96.353 Y90.708 E.02366
G1 X96.723 Y91.435 E.02572
G1 X97.243 Y92.072 E.02592
G1 X97.891 Y92.608 E.0265
G1 X98.623 Y92.982 E.02592
G1 X99.964 Y93.252 E.04313
G1 X100.125 Y93.262 E.0051
G1 X140.029 Y93.262 E1.25829
G1 X140.807 Y93.194 E.02461
G1 X141.546 Y92.98 E.02428
G1 X142.267 Y92.609 E.02557
G1 X142.914 Y92.073 E.02649
G1 X143.464 Y91.393 E.02759
;WIDTH:0.434508
G1 X143.619 Y91.055 E.01186
;WIDTH:0.457483
G1 X143.774 Y90.717 E.01256
G1 X143.983 Y90.116 E.02148
;WIDTH:0.429781
G1 X144.013 Y89.984 E.00428
G1 X144.084 Y89.208 E.02454
G1 X144.08 Y59.185 E.94647
G1 X144.019 Y58.539 E.02046
G1 X143.802 Y57.792 E.02451
G1 X143.431 Y57.072 E.02555
G1 X142.911 Y56.43 E.02604
G1 X142.287 Y55.924 E.0253
G1 X141.579 Y55.553 E.02521
G1 X141.438 Y55.506 E.00468
;WIDTH:0.408184
G1 X141.127 Y55.432 E.00951
;WIDTH:0.374805
G1 X140.786 Y55.353 E.00947
;WIDTH:0.375659
G1 X140.456 Y55.308 E.00902
;WIDTH:0.427684
G1 X140.105 Y55.261 E.01112
G1 X100.123 Y55.258 E1.25358
G1 X99.329 Y55.329 E.02499
G1 X98.606 Y55.541 E.02363
G1 X97.914 Y55.897 E.02438
G1 X97.253 Y56.424 E.02648
G1 X96.736 Y57.073 E.02602
G1 X96.728 Y57.087 E.00051
; stop printing object USV 1 e2mm.stl_1 id:1 copy 0
; end of layer_num: 32, T: 0, print_z: 6.440000
;LAYER_CHANGE
;Z:6.64
;HEIGHT:0.2
; BEFORE_LAYER_CHANGE 32 @ 6.64mm
G92 E0
; AFTER_LAYER_CHANGE 32 @ 6.64mm
; start of layer_num: 33, T: 0, print_z: 6.640000
; printing object "USV 1 e2mm.stl_3" id:0 copy 0
G1 E-.8 F3600
G1 X123.173 Y127.427 Z6.64 F18000
G1 E.8 F3600
M204 S1000
;TYPE:Outer wall
;WIDTH:0.42
G1 F3000
G1 X123.175 Y127.427 E.00006
G1 X123.432 Y127.352 E.00824
G1 X124.687 Y127.111 E.03925
G1 X124.95 Y127.088 E.00813
G1 X165.064 Y127.095 E1.2326
G1 X165.801 Y127.168 E.02275
G1 X166.702 Y127.427 E.0288
G1 X167.562 Y127.869 E.02971
G1 X168.32 Y128.491 E.03014
G1 X168.943 Y129.262 E.03045
G1 X169.386 Y130.123 E.02974
G1 X169.46 Y130.378 E.00818
G1 X169.716 Y131.76 E.04318
G1 X169.716 Y162.005 E.92935
G1 X169.642 Y162.753 E.02309
G1 X169.386 Y163.643 E.02845
G1 X168.943 Y164.504 E.02976
G1 X168.421 Y165.161 E.02576
G1 X168.211 Y165.37 E.00912
G1 X167.563 Y165.892 E.02557
G1 X166.702 Y166.338 E.02979
G1 X166.442 Y166.412 E.00832
G1 X165.186 Y166.65 E.03926
G1 X164.926 Y166.674 E.00802
G1 X124.95 Y166.674 E1.22835
G1 X124.063 Y166.593 E.02739
G1 X123.175 Y166.339 E.02838
G1 X122.314 Y165.892 E.0298
G1 X121.544 Y165.273 E.03036
G1 X120.922 Y164.503 E.03041
G1 X120.479 Y163.643 E.02975
G1 X120.22 Y162.753 E.02845
G1 X120.14 Y161.867 E.02735
G1 X120.14 Y131.887 E.9212
G1 X120.22 Y131.008 E.02713
G1 X120.479 Y130.123 E.02834
G1 X120.922 Y129.262 E.02975
G1 X121.544 Y128.492 E.03042
G1 X122.314 Y127.869 E.03042
G1 X123.155 Y127.437 E.02907
M204 S2000
G1 X123.321 Y127.792 F18000
M204 S1500
;TYPE:Inner wall
;WIDTH:0.45
G1 F4800
G1 X123.524 Y127.733 E.00703
G1 X124.742 Y127.5 E.04112
G1 X124.968 Y127.48 E.00754
G1 X165.045 Y127.487 E1.32943
G1 X165.727 Y127.554 E.02274
G1 X166.557 Y127.793 E.02864
G1 X167.345 Y128.199 E.02942
G1 X168.04 Y128.769 E.02982
G1 X168.613 Y129.477 E.0302
G1 X169.02 Y130.268 E.02951
G1 X169.078 Y130.469 E.00693
G1 X169.324 Y131.796 E.04478
G1 X169.324 Y161.986 E1.00144
G1 X169.255 Y162.679 E.0231
G1 X169.019 Y163.498 E.02826
G1 X168.612 Y164.29 E.02958
G1 X168.128 Y164.899 E.02579
G1 X167.949 Y165.078 E.0084
G1 X167.347 Y165.562 E.0256
G1 X166.557 Y165.972 E.02954
G1 X166.352 Y166.03 E.00708
G1 X165.132 Y166.261 E.04119
G1 X164.908 Y166.282 E.00744
G1 X124.968 Y166.282 E1.32489
G1 X124.135 Y166.206 E.02775
G1 X123.321 Y165.972 E.0281
G1 X122.529 Y165.562 E.02958
G1 X121.822 Y164.994 E.03008
G1 X121.252 Y164.288 E.0301
G1 X120.845 Y163.497 E.02952
G1 X120.607 Y162.68 E.02821
G1 X120.532 Y161.849 E.02768
G1 X120.532 Y131.905 E.99331
G1 X120.607 Y131.081 E.02743
G1 X120.845 Y130.269 E.02808
G1 X121.252 Y129.477 E.02954
G1 X121.823 Y128.771 E.03013
G1 X122.529 Y128.2 E.03013
G1 X123.303 Y127.802 E.02886
M204 S2000
G1 E-.8 F3600
G1 X121.84 Y162.655 F18000
G1 E.8 F3600
M204 S1000
;TYPE:Outer wall
;WIDTH:0.42
G1 F3000
G1 X122.242 Y163.635 E.03256
G1 X122.67 Y164.148 E.02053
G1 X123.175 Y164.566 E.02013
G1 X123.746 Y164.863 E.01979
G1 X124.353 Y165.04 E.01942
G1 X124.931 Y165.096 E.01783
G1 X164.956 Y165.096 E1.22988
G1 X166.106 Y164.868 E.03601
G1 X166.688 Y164.566 E.02015
G1 X167.206 Y164.149 E.02044
G1 X167.625 Y163.642 E.0202
G1 X167.924 Y163.065 E.01996
G1 X168.088 Y162.458 E.01932
G1 X168.143 Y161.887 E.01765
G1 X168.143 Y131.868 E.9224
G1 X168.088 Y131.29 E.01782
G1 X168.059 Y131.186 E.00333
G1 X167.678 Y130.225 E.03178
G1 X167.625 Y130.123 E.00351
G1 X167.206 Y129.613 E.02028
G1 X166.688 Y129.195 E.02046
G1 X166.115 Y128.898 E.01984
G1 X165.519 Y128.721 E.01908
G1 X164.945 Y128.67 E.01772
G1 X124.931 Y128.67 E1.22951
G1 X124.354 Y128.721 E.01782
G1 X123.746 Y128.898 E.01944
G1 X123.175 Y129.196 E.01979
G1 X122.67 Y129.613 E.02015
G1 X122.248 Y130.123 E.02032
G1 X121.95 Y130.693 E.01978
G1 X121.774 Y131.289 E.01909
G1 X121.722 Y131.868 E.01787
G1 X121.722 Y161.886 E.92236
G1 X121.773 Y162.46 E.0177
G1 X121.805 Y162.567 E.00344
G1 X121.833 Y162.636 E.00229
M204 S2000
G1 X121.429 Y162.678 F18000
M204 S1500
;TYPE:Inner wall
;WIDTH:0.45
G1 F4800
G1 X121.434 Y162.697 E.00065
G1 X121.902 Y163.84 E.04098
G1 X122.392 Y164.427 E.02538
G1 X122.957 Y164.894 E.02431
G1 X123.599 Y165.229 E.02403
G1 X124.279 Y165.427 E.02347
G1 X124.912 Y165.488 E.02109
G1 X164.995 Y165.488 E1.32963
G1 X166.237 Y165.242 E.04199
G1 X166.903 Y164.896 E.02491
G1 X167.483 Y164.429 E.0247
G1 X167.954 Y163.86 E.02451
G1 X168.291 Y163.208 E.02433
G1 X168.475 Y162.529 E.02335
G1 X168.535 Y161.905 E.02078
G1 X168.535 Y131.849 E.99702
G1 X168.475 Y131.219 E.021
G1 X168.431 Y131.061 E.00544
G1 X168.035 Y130.061 E.03568
G1 X167.954 Y129.906 E.00581
G1 X167.484 Y129.333 E.02458
G1 X166.903 Y128.865 E.02474
G1 X166.262 Y128.533 E.02397
G1 X165.594 Y128.334 E.02312
G1 X164.963 Y128.278 E.02101
G1 X124.914 Y128.278 E1.3285
G1 X124.281 Y128.334 E.02108
G1 X123.599 Y128.532 E.02354
G1 X122.957 Y128.867 E.02403
G1 X122.391 Y129.335 E.02435
G1 X121.919 Y129.905 E.02454
G1 X121.585 Y130.546 E.02398
G1 X121.386 Y131.215 E.02316
G1 X121.33 Y131.851 E.02117
G1 X121.33 Y161.904 E.99691
G1 X121.386 Y162.533 E.02095
G1 X121.423 Y162.659 E.00435
G1 E-.8 F3600
M204 S2000
G1 X121.045 Y162.769 F18000
G1 E.8 F3600
;TYPE:Gap infill
;WIDTH:0.433425
G1 F6000
G1 X121.064 Y162.836 E.00223
;WIDTH:0.440281
G1 X121.152 Y163.088 E.00863
;WIDTH:0.454806
G1 X121.24 Y163.339 E.00894
G1 X121.552 Y164.017 E.02505
;WIDTH:0.427418
G1 X122.107 Y164.709 E.02777
G1 X122.746 Y165.229 E.02584
G1 X123.468 Y165.603 E.02547
G1 X124.208 Y165.816 E.02413
G1 X124.986 Y165.885 E.02447
G1 X164.89 Y165.885 E1.25027
G1 X165.077 Y165.872 E.00587
G1 X166.342 Y165.623 E.04038
G1 X167.129 Y165.226 E.02761
G1 X167.774 Y164.696 E.02617
G1 X168.291 Y164.059 E.02572
G1 X168.662 Y163.331 E.02558
G1 X168.865 Y162.604 E.02366
G1 X168.927 Y161.966 E.02008
G1 X168.928 Y131.822 E.94448
;WIDTH:0.408982
G1 X168.882 Y131.494 E.00986
;WIDTH:0.376812
G1 X168.783 Y130.933 E.0155
;WIDTH:0.402824
G1 X168.73 Y130.748 E.00564
;WIDTH:0.44012
G1 X168.677 Y130.564 E.00622
;WIDTH:0.449672
G1 X168.394 Y129.907 E.02368
;WIDTH:0.429713
G1 X168.283 Y129.692 E.00765
G1 X167.759 Y129.048 E.02616
G1 X167.126 Y128.533 E.02573
G1 X166.393 Y128.158 E.02594
G1 X165.652 Y127.943 E.02431
G1 X165.025 Y127.884 E.01986
G1 X124.986 Y127.879 E1.26199
G1 X124.797 Y127.892 E.00598
;WIDTH:0.411155
G1 X124.513 Y127.931 E.0086
;WIDTH:0.381077
G1 X124.198 Y127.977 E.00877
;WIDTH:0.382049
G1 X123.907 Y128.047 E.00826
;WIDTH:0.423484
G1 X123.467 Y128.16 E.01409
G1 X122.746 Y128.532 E.02517
G1 X122.107 Y129.054 E.0256
G1 X121.602 Y129.67 E.02468
G1 X121.212 Y130.416 E.02609
G1 X120.996 Y131.155 E.0239
G1 X120.936 Y131.825 E.02084
;WIDTH:0.433425
G1 X120.931 Y161.831 E.95485
G1 X120.997 Y162.607 E.02476
G1 X121.039 Y162.75 E.00474
; stop printing object USV 1 e2mm.stl_3 id:0 copy 0
; printing object "USV 1 e2mm.stl_1" id:1 copy 0
G1 E-.8 F3600
G1 X98.313 Y93.715 F18000
G1 E.8 F3600
M204 S1000
;TYPE:Outer wall
;WIDTH:0.42
G1 F3000
G1 X97.453 Y93.273 E.0297
G1 X96.804 Y92.74 E.02578
G1 X96.593 Y92.53 E.00916
G1 X96.072 Y91.881 E.02556
G1 X95.629 Y91.021 E.02974
G1 X95.373 Y90.132 E.02843
G1 X95.293 Y89.244 E.02739
G1 X95.293 Y59.265 E.92117
G1 X95.317 Y59.005 E.00802
G1 X95.555 Y57.757 E.03904
G1 X95.629 Y57.499 E.00823
G1 X96.072 Y56.64 E.02971
G1 X96.695 Y55.869 E.03045
G1 X97.453 Y55.247 E.03014
G1 X98.313 Y54.805 E.02972
G1 X99.213 Y54.545 E.02877
G1 X100.088 Y54.468 E.027
G1 X140.195 Y54.474 E1.23237
G1 X141.583 Y54.729 E.04337
G1 X141.84 Y54.804 E.00822
G1 X142.701 Y55.247 E.02975
G1 X143.471 Y55.87 E.03042
G1 X144.093 Y56.64 E.03042
G1 X144.536 Y57.5 E.02972
G1 X144.795 Y58.389 E.02848
G1 X144.868 Y59.129 E.02283
G1 X144.875 Y89.244 E.92536
G1 X144.795 Y90.131 E.02738
G1 X144.536 Y91.02 E.02845
G1 X144.093 Y91.881 E.02974
G1 X143.568 Y92.53 E.02564
G1 X143.358 Y92.74 E.00913
G1 X142.701 Y93.273 E.026
G1 X141.84 Y93.715 E.02973
G1 X140.952 Y93.971 E.0284
G1 X140.065 Y94.051 E.02739
G1 X100.089 Y94.051 E1.22835
G1 X99.829 Y94.028 E.00802
G1 X98.573 Y93.789 E.03926
G1 X98.332 Y93.721 E.00772
M204 S2000
G1 X98.457 Y93.349 F18000
M204 S1500
;TYPE:Inner wall
;WIDTH:0.45
G1 F4800
G1 X97.67 Y92.943 E.02939
G1 X97.068 Y92.45 E.02582
G1 X96.886 Y92.267 E.00855
G1 X96.403 Y91.667 E.02557
G1 X95.995 Y90.875 E.02952
G1 X95.761 Y90.059 E.02818
G1 X95.685 Y89.226 E.02774
G1 X95.685 Y59.283 E.99327
G1 X95.706 Y59.06 E.00744
G1 X95.937 Y57.848 E.04092
G1 X95.995 Y57.645 E.00702
G1 X96.402 Y56.855 E.02947
G1 X96.975 Y56.147 E.03021
G1 X97.669 Y55.577 E.02982
G1 X98.458 Y55.171 E.02943
G1 X99.285 Y54.932 E.02853
G1 X100.105 Y54.861 E.02732
G1 X140.159 Y54.866 E1.32867
G1 X141.493 Y55.111 E.04496
G1 X141.694 Y55.17 E.00696
G1 X142.486 Y55.578 E.02954
G1 X143.192 Y56.149 E.03013
G1 X143.763 Y56.855 E.03013
G1 X144.17 Y57.645 E.0295
G1 X144.408 Y58.464 E.02828
G1 X144.476 Y59.148 E.0228
G1 X144.483 Y89.226 E.99775
G1 X144.408 Y90.058 E.02771
G1 X144.17 Y90.875 E.0282
G1 X143.763 Y91.666 E.02952
G1 X143.276 Y92.267 E.02567
G1 X143.095 Y92.449 E.00849
G1 X142.485 Y92.942 E.02604
G1 X141.695 Y93.349 E.02949
G1 X140.88 Y93.584 E.02814
G1 X140.047 Y93.659 E.02774
G1 X100.107 Y93.659 E1.32489
G1 X99.883 Y93.639 E.00744
G1 X98.664 Y93.407 E.04118
G1 X98.477 Y93.354 E.00646
M204 S2000
G1 E-.8 F3600
G1 X97.302 Y57.692 F18000
G1 E.8 F3600
M204 S1000
;TYPE:Outer wall
;WIDTH:0.42
G1 F3000
G1 X96.95 Y58.583 E.02944
G1 X96.872 Y59.243 E.02042
G1 X96.872 Y89.263 E.92244
G1 X96.927 Y89.836 E.01768
G1 X97.091 Y90.442 E.01929
G1 X97.39 Y91.019 E.01996
G1 X97.809 Y91.527 E.02023
G1 X98.327 Y91.943 E.02043
G1 X98.909 Y92.245 E.02014
G1 X100.058 Y92.472 E.03601
G1 X140.084 Y92.472 E1.22987
G1 X140.662 Y92.418 E.01783
G1 X141.269 Y92.24 E.01943
G1 X141.84 Y91.943 E.01978
G1 X142.345 Y91.526 E.02012
G1 X142.773 Y91.012 E.02056
G1 X143.21 Y89.945 E.03543
G1 X143.241 Y89.838 E.00344
G1 X143.293 Y89.263 E.01773
G1 X143.293 Y59.246 E.92233
G1 X143.241 Y58.671 E.01775
G1 X143.065 Y58.076 E.01908
G1 X142.768 Y57.502 E.01986
G1 X142.345 Y56.983 E.02056
G1 X141.839 Y56.573 E.02002
G1 X141.269 Y56.276 E.01976
G1 X140.661 Y56.099 E.01944
G1 X140.083 Y56.047 E.01782
G1 X100.07 Y56.047 E1.22951
G1 X99.495 Y56.099 E.01772
G1 X98.9 Y56.276 E.01908
G1 X98.328 Y56.572 E.01981
G1 X97.808 Y56.982 E.02033
G1 X97.389 Y57.502 E.02052
G1 X97.337 Y57.603 E.00351
G1 X97.309 Y57.673 E.00231
M204 S2000
G1 X96.988 Y57.424 F18000
M204 S1500
;TYPE:Inner wall
;WIDTH:0.45
G1 F4800
G1 X96.98 Y57.441 E.00062
G1 X96.566 Y58.487 E.03729
G1 X96.48 Y59.22 E.02451
G1 X96.48 Y89.282 E.99721
G1 X96.54 Y89.907 E.02081
G1 X96.724 Y90.585 E.02332
G1 X97.061 Y91.236 E.02431
G1 X97.532 Y91.807 E.02455
G1 X98.112 Y92.273 E.02469
G1 X98.778 Y92.618 E.02489
G1 X100.02 Y92.865 E.04199
G1 X140.103 Y92.865 E1.32961
G1 X140.736 Y92.804 E.02111
G1 X141.416 Y92.606 E.0235
G1 X142.057 Y92.271 E.024
G1 X142.623 Y91.805 E.0243
G1 X143.113 Y91.217 E.02542
G1 X143.581 Y90.074 E.04094
G1 X143.629 Y89.911 E.00566
G1 X143.685 Y89.28 E.02099
G1 X143.685 Y59.228 E.99688
G1 X143.628 Y58.597 E.02104
G1 X143.43 Y57.928 E.02313
G1 X143.097 Y57.285 E.02402
G1 X142.623 Y56.704 E.02488
G1 X142.055 Y56.244 E.02426
G1 X141.416 Y55.91 E.02393
G1 X140.734 Y55.712 E.02354
G1 X140.101 Y55.655 E.02108
G1 X100.052 Y55.655 E1.3285
G1 X99.421 Y55.712 E.02101
G1 X98.753 Y55.911 E.02312
G1 X98.114 Y56.241 E.02386
G1 X97.531 Y56.702 E.02465
G1 X97.059 Y57.287 E.02492
G1 X96.997 Y57.407 E.00447
M204 S2000
G1 X96.651 Y57.227 F18000
;TYPE:Gap infill
;WIDTH:0.427258
G1 F6000
G1 X96.619 Y57.288 E.00212
;WIDTH:0.432307
G1 X96.503 Y57.544 E.00893
;WIDTH:0.462561
G1 X96.338 Y57.944 E.0148
;WIDTH:0.438523
G1 X96.275 Y58.16 E.00724
;WIDTH:0.392821
G1 X96.203 Y58.417 E.00762
;WIDTH:0.385455
G1 X96.15 Y58.766 E.00985
;WIDTH:0.402345
G1 X96.088 Y59.186 E.01244
;WIDTH:0.430058
G1 X96.086 Y89.292 E.94974
G1 X96.151 Y89.986 E.02199
G1 X96.353 Y90.708 E.02367
G1 X96.723 Y91.435 E.02573
G1 X97.243 Y92.072 E.02593
G1 X97.89 Y92.607 E.02649
G1 X98.673 Y93 E.02763
G1 X99.938 Y93.249 E.04067
G1 X100.125 Y93.262 E.0059
G1 X140.029 Y93.262 E1.25885
G1 X140.807 Y93.194 E.02462
G1 X141.546 Y92.98 E.02429
G1 X142.268 Y92.609 E.0256
G1 X142.913 Y92.072 E.02648
G1 X143.463 Y91.394 E.02755
;WIDTH:0.434239
G1 X143.619 Y91.056 E.01188
;WIDTH:0.459377
G1 X143.775 Y90.717 E.01264
G1 X143.951 Y90.214 E.01808
;WIDTH:0.429298
G1 X144.018 Y89.985 E.00753
G1 X144.084 Y89.208 E.02453
G1 X144.079 Y59.168 E.94583
G1 X144.019 Y58.539 E.01987
G1 X143.802 Y57.792 E.02449
G1 X143.431 Y57.072 E.02552
G1 X142.911 Y56.43 E.02601
G1 X142.287 Y55.924 E.02527
G1 X141.579 Y55.553 E.02518
G1 X141.401 Y55.495 E.00588
;WIDTH:0.409061
G1 X141.109 Y55.426 E.00897
;WIDTH:0.377288
G1 X140.786 Y55.351 E.00903
;WIDTH:0.378785
G1 X140.456 Y55.307 E.0091
;WIDTH:0.427258
G1 X140.11 Y55.261 E.01094
G1 X100.043 Y55.261 E1.25485
G1 X99.357 Y55.322 E.02155
G1 X98.622 Y55.536 E.02399
G1 X97.889 Y55.911 E.02577
G1 X97.254 Y56.424 E.02557
G1 X96.732 Y57.07 E.02601
G1 X96.66 Y57.209 E.00492
; stop printing object USV 1 e2mm.stl_1 id:1 copy 0
; end of layer_num: 33, T: 0, print_z: 6.640000
;LAYER_CHANGE
;Z:6.84
;HEIGHT:0.2
; BEFORE_LAYER_CHANGE 33 @ 6.84mm
G92 E0
; AFTER_LAYER_CHANGE 33 @ 6.84mm
; start of layer_num: 34, T: 0, print_z: 6.840000
; printing object "USV 1 e2mm.stl_3" id:0 copy 0
G1 E-.8 F3600
G1 X123.173 Y127.427 Z6.84 F18000
G1 E.8 F3600
M204 S1000
;TYPE:Outer wall
;WIDTH:0.42
G1 F3000
G1 X123.175 Y127.427 E.00006
G1 X123.469 Y127.341 E.00942
G1 X124.65 Y127.115 E.03694
G1 X124.95 Y127.088 E.00926
G1 X165.082 Y127.096 E1.23314
G1 X165.801 Y127.168 E.0222
G1 X166.702 Y127.427 E.02881
G1 X167.562 Y127.869 E.02971
G1 X168.32 Y128.491 E.03014
G1 X168.943 Y129.262 E.03045
G1 X169.386 Y130.123 E.02974
G1 X169.47 Y130.415 E.00936
G1 X169.715 Y131.742 E.04146
G1 X169.715 Y162.023 E.93044
G1 X169.642 Y162.754 E.02256
G1 X169.436 Y163.491 E.02354
G1 X169.319 Y163.792 E.00991
G1 X168.943 Y164.503 E.02472
G1 X168.435 Y165.145 E.02515
G1 X168.196 Y165.384 E.01039
G1 X167.563 Y165.892 E.02494
G1 X166.702 Y166.338 E.02979
G1 X166.404 Y166.423 E.00952
G1 X165.222 Y166.646 E.03695
G1 X164.926 Y166.674 E.00914
G1 X124.95 Y166.674 E1.22835
G1 X124.063 Y166.593 E.02739
G1 X123.175 Y166.339 E.02838
G1 X122.314 Y165.892 E.0298
G1 X121.544 Y165.273 E.03036
G1 X120.922 Y164.503 E.03041
G1 X120.479 Y163.643 E.02975
G1 X120.22 Y162.753 E.02845
G1 X120.14 Y161.867 E.02735
G1 X120.14 Y131.887 E.9212
G1 X120.22 Y131.008 E.02713
G1 X120.479 Y130.123 E.02834
G1 X120.922 Y129.262 E.02975
G1 X121.544 Y128.492 E.03042
G1 X122.314 Y127.869 E.03042
G1 X123.155 Y127.437 E.02907
M204 S2000
G1 X123.321 Y127.792 F18000
M204 S1500
;TYPE:Inner wall
;WIDTH:0.45
G1 F4800
G1 X123.561 Y127.722 E.00831
G1 X124.705 Y127.504 E.03862
G1 X124.968 Y127.48 E.00876
G1 X165.063 Y127.488 E1.33001
G1 X165.727 Y127.554 E.02214
G1 X166.557 Y127.793 E.02865
G1 X167.345 Y128.199 E.02942
G1 X168.04 Y128.769 E.02982
G1 X168.613 Y129.477 E.0302
G1 X169.02 Y130.268 E.02951
G1 X169.088 Y130.505 E.0082
G1 X169.323 Y131.778 E.04293
G1 X169.323 Y162.003 E1.00262
G1 X169.255 Y162.681 E.02259
G1 X169.064 Y163.367 E.02363
G1 X168.962 Y163.628 E.0093
G1 X168.613 Y164.288 E.02475
G1 X168.142 Y164.884 E.0252
G1 X167.934 Y165.091 E.00975
G1 X167.348 Y165.562 E.02493
G1 X166.557 Y165.972 E.02955
G1 X166.314 Y166.041 E.00837
G1 X165.168 Y166.258 E.03869
G1 X164.908 Y166.282 E.00865
G1 X124.968 Y166.282 E1.32489
G1 X124.135 Y166.206 E.02775
G1 X123.321 Y165.972 E.0281
G1 X122.529 Y165.562 E.02958
G1 X121.822 Y164.994 E.03008
G1 X121.252 Y164.288 E.0301
G1 X120.845 Y163.497 E.02952
G1 X120.607 Y162.68 E.02821
G1 X120.532 Y161.849 E.02768
G1 X120.532 Y131.905 E.99331
G1 X120.607 Y131.081 E.02743
G1 X120.845 Y130.269 E.02808
G1 X121.252 Y129.477 E.02954
G1 X121.823 Y128.771 E.03013
G1 X122.529 Y128.2 E.03013
G1 X123.303 Y127.802 E.02886
M204 S2000
G1 E-.8 F3600
G1 X121.845 Y162.672 F18000
G1 E.8 F3600
M204 S1000
;TYPE:Outer wall
;WIDTH:0.42
G1 F3000
G1 X122.242 Y163.636 E.03201
G1 X122.67 Y164.148 E.02052
G1 X123.175 Y164.566 E.02013
G1 X123.746 Y164.863 E.01979
G1 X124.353 Y165.04 E.01942
G1 X124.931 Y165.096 E.01783
G1 X164.956 Y165.096 E1.22988
G1 X166.106 Y164.868 E.03601
G1 X166.688 Y164.566 E.02015
G1 X167.206 Y164.149 E.02044
G1 X167.625 Y163.642 E.0202
G1 X167.924 Y163.065 E.01996
G1 X168.088 Y162.458 E.01932
G1 X168.143 Y161.887 E.01765
G1 X168.143 Y131.868 E.9224
G1 X168.088 Y131.29 E.01782
G1 X168.052 Y131.158 E.00422
G1 X167.692 Y130.251 E.02998
G1 X167.625 Y130.123 E.00444
G1 X167.206 Y129.613 E.02028
G1 X166.688 Y129.195 E.02046
G1 X166.115 Y128.898 E.01984
G1 X165.519 Y128.721 E.01908
G1 X164.945 Y128.67 E.01772
G1 X124.931 Y128.67 E1.22951
G1 X124.354 Y128.721 E.01782
G1 X123.746 Y128.898 E.01944
G1 X123.175 Y129.196 E.01979
G1 X122.67 Y129.613 E.02015
G1 X122.248 Y130.123 E.02032
G1 X121.95 Y130.693 E.01978
G1 X121.774 Y131.289 E.01909
G1 X121.722 Y131.868 E.01787
G1 X121.722 Y161.886 E.92236
G1 X121.773 Y162.46 E.0177
G1 X121.813 Y162.596 E.00436
G1 X121.837 Y162.654 E.00193
M204 S2000
G1 X121.45 Y162.744 F18000
M204 S1500
;TYPE:Inner wall
;WIDTH:0.45
G1 F4800
G1 X121.902 Y163.841 E.03935
G1 X122.392 Y164.427 E.02535
G1 X122.957 Y164.894 E.02431
G1 X123.599 Y165.229 E.02403
G1 X124.279 Y165.427 E.02347
G1 X124.912 Y165.488 E.02109
G1 X164.995 Y165.488 E1.32963
G1 X166.237 Y165.242 E.04199
G1 X166.903 Y164.896 E.02491
G1 X167.483 Y164.429 E.0247
G1 X167.954 Y163.86 E.02451
G1 X168.291 Y163.208 E.02433
G1 X168.475 Y162.529 E.02335
G1 X168.535 Y161.905 E.02078
G1 X168.535 Y131.849 E.99702
G1 X168.475 Y131.219 E.021
G1 X168.424 Y131.033 E.0064
G1 X168.049 Y130.088 E.03373
G1 X167.954 Y129.906 E.00681
G1 X167.484 Y129.333 E.02458
G1 X166.903 Y128.865 E.02474
G1 X166.262 Y128.533 E.02397
G1 X165.594 Y128.334 E.02312
G1 X164.963 Y128.278 E.02101
G1 X124.914 Y128.278 E1.3285
G1 X124.281 Y128.334 E.02108
G1 X123.599 Y128.532 E.02354
G1 X122.957 Y128.867 E.02403
G1 X122.391 Y129.335 E.02435
G1 X121.919 Y129.905 E.02455
G1 X121.585 Y130.546 E.02398
G1 X121.386 Y131.215 E.02316
G1 X121.33 Y131.851 E.02117
G1 X121.33 Y161.904 E.99691
G1 X121.386 Y162.533 E.02095
G1 X121.442 Y162.726 E.00667
G1 E-.8 F3600
M204 S2000
G1 X121.064 Y162.836 F18000
G1 E.8 F3600
;TYPE:Gap infill
;WIDTH:0.433417
G1 F6000
G1 X121.073 Y162.866 E.00101
;WIDTH:0.439871
G1 X121.156 Y163.103 E.00811
;WIDTH:0.453664
G1 X121.239 Y163.34 E.0084
G1 X121.553 Y164.019 E.02504
;WIDTH:0.427267
G1 X122.107 Y164.709 E.02771
G1 X122.746 Y165.229 E.02583
G1 X123.468 Y165.603 E.02546
G1 X124.208 Y165.816 E.02412
G1 X124.986 Y165.885 E.02446
G1 X164.89 Y165.885 E1.24977
G1 X165.113 Y165.867 E.007
G1 X166.342 Y165.623 E.03923
G1 X167.129 Y165.226 E.02761
G1 X167.773 Y164.696 E.02613
G1 X168.284 Y164.073 E.02521
G1 X168.603 Y163.464 E.02154
G1 X168.69 Y163.242 E.00746
G1 X168.864 Y162.607 E.02063
G1 X168.926 Y161.983 E.01964
G1 X168.928 Y131.814 E.94488
;WIDTH:0.411225
G1 X168.883 Y131.49 E.00981
;WIDTH:0.38023
G1 X168.838 Y131.167 E.00899
G1 X168.778 Y130.904 E.00739
;WIDTH:0.405612
G1 X168.734 Y130.752 E.00469
;WIDTH:0.449741
G1 X168.63 Y130.423 E.01144
;WIDTH:0.456879
G1 X168.519 Y130.178 E.00905
;WIDTH:0.429303
G1 X168.283 Y129.692 E.01703
G1 X167.775 Y129.067 E.02535
G1 X167.126 Y128.533 E.02647
G1 X166.393 Y128.158 E.02591
G1 X165.652 Y127.943 E.0243
G1 X165.043 Y127.885 E.01927
G1 X124.986 Y127.879 E1.2612
G1 X124.76 Y127.895 E.00713
;WIDTH:0.412035
G1 X124.494 Y127.932 E.00807
;WIDTH:0.383796
G1 X124.197 Y127.975 E.00833
;WIDTH:0.384789
G1 X123.925 Y128.041 E.00779
;WIDTH:0.42369
G1 X123.467 Y128.16 E.01469
G1 X122.746 Y128.532 E.02518
G1 X122.107 Y129.054 E.02561
G1 X121.602 Y129.67 E.02469
G1 X121.212 Y130.416 E.02611
G1 X120.996 Y131.155 E.02391
G1 X120.936 Y131.825 E.02085
;WIDTH:0.433417
G1 X120.931 Y161.831 E.95482
G1 X120.997 Y162.607 E.02476
G1 X121.058 Y162.817 E.00696
; stop printing object USV 1 e2mm.stl_3 id:0 copy 0
; printing object "USV 1 e2mm.stl_1" id:1 copy 0
G1 E-.8 F3600
G1 X98.313 Y93.715 F18000
G1 E.8 F3600
M204 S1000
;TYPE:Outer wall
;WIDTH:0.42
G1 F3000
G1 X97.453 Y93.273 E.02971
G1 X96.82 Y92.754 E.02515
G1 X96.58 Y92.514 E.01043
G1 X96.072 Y91.882 E.02493
G1 X95.629 Y91.021 E.02975
G1 X95.373 Y90.132 E.02843
G1 X95.293 Y89.244 E.02739
G1 X95.293 Y59.265 E.92117
G1 X95.32 Y58.969 E.00914
G1 X95.544 Y57.794 E.03675
G1 X95.629 Y57.499 E.00942
G1 X96.072 Y56.64 E.02971
G1 X96.695 Y55.869 E.03045
G1 X97.453 Y55.247 E.03014
G1 X98.313 Y54.805 E.02972
G1 X99.213 Y54.545 E.02877
G1 X100.088 Y54.468 E.027
G1 X140.213 Y54.475 E1.23294
G1 X141.546 Y54.719 E.04163
G1 X141.84 Y54.804 E.0094
G1 X142.701 Y55.247 E.02975
G1 X143.471 Y55.87 E.03042
G1 X144.093 Y56.64 E.03042
G1 X144.536 Y57.5 E.02972
G1 X144.795 Y58.39 E.02848
G1 X144.867 Y59.111 E.02228
G1 X144.875 Y89.244 E.9259
G1 X144.795 Y90.131 E.02738
G1 X144.536 Y91.02 E.02845
G1 X144.093 Y91.881 E.02975
G1 X143.581 Y92.514 E.02502
G1 X143.343 Y92.754 E.01039
G1 X142.701 Y93.273 E.02536
G1 X141.84 Y93.715 E.02974
G1 X140.952 Y93.971 E.0284
G1 X140.065 Y94.051 E.02739
G1 X100.089 Y94.051 E1.22835
G1 X99.793 Y94.024 E.00914
G1 X98.611 Y93.8 E.03696
G1 X98.332 Y93.721 E.00892
M204 S2000
G1 X98.457 Y93.349 F18000
M204 S1500
;TYPE:Inner wall
;WIDTH:0.45
G1 F4800
G1 X97.669 Y92.943 E.0294
G1 X97.083 Y92.463 E.02513
G1 X96.872 Y92.252 E.0099
G1 X96.403 Y91.667 E.02488
G1 X95.995 Y90.875 E.02953
G1 X95.761 Y90.059 E.02818
G1 X95.685 Y89.226 E.02774
G1 X95.685 Y59.283 E.99327
G1 X95.709 Y59.024 E.00864
G1 X95.926 Y57.885 E.03844
G1 X95.995 Y57.645 E.0083
G1 X96.402 Y56.855 E.02947
G1 X96.975 Y56.147 E.03021
G1 X97.669 Y55.577 E.02982
G1 X98.458 Y55.171 E.02943
G1 X99.285 Y54.932 E.02853
G1 X100.105 Y54.861 E.02732
G1 X140.178 Y54.867 E1.32928
G1 X141.456 Y55.101 E.04309
G1 X141.694 Y55.17 E.00823
G1 X142.486 Y55.578 E.02954
G1 X143.192 Y56.149 E.03013
G1 X143.763 Y56.855 E.03013
G1 X144.17 Y57.645 E.0295
G1 X144.408 Y58.464 E.02829
G1 X144.475 Y59.131 E.02221
G1 X144.483 Y89.226 E.99833
G1 X144.408 Y90.058 E.02771
G1 X144.17 Y90.875 E.0282
G1 X143.763 Y91.666 E.02953
G1 X143.289 Y92.252 E.025
G1 X143.08 Y92.462 E.00984
G1 X142.486 Y92.942 E.02534
G1 X141.695 Y93.349 E.0295
G1 X140.88 Y93.584 E.02814
G1 X140.047 Y93.659 E.02774
G1 X100.107 Y93.659 E1.32489
G1 X99.847 Y93.636 E.00864
G1 X98.701 Y93.418 E.03869
G1 X98.477 Y93.354 E.00775
M204 S2000
G1 E-.8 F3600
G1 X97.292 Y57.708 F18000
G1 E.8 F3600
M204 S1000
;TYPE:Outer wall
;WIDTH:0.42
G1 F3000
G1 X96.963 Y58.54 E.02749
G1 X96.927 Y58.672 E.00421
G1 X96.872 Y59.245 E.0177
G1 X96.872 Y89.263 E.92237
G1 X96.927 Y89.836 E.01768
G1 X97.091 Y90.442 E.01929
G1 X97.39 Y91.019 E.01996
G1 X97.809 Y91.527 E.02023
G1 X98.327 Y91.943 E.02043
G1 X98.909 Y92.245 E.02014
G1 X100.058 Y92.472 E.03601
G1 X140.084 Y92.472 E1.22987
G1 X140.662 Y92.418 E.01783
G1 X141.269 Y92.24 E.01943
G1 X141.84 Y91.943 E.01978
G1 X142.345 Y91.526 E.02012
G1 X142.773 Y91.012 E.02055
G1 X143.202 Y89.974 E.03453
G1 X143.241 Y89.838 E.00435
G1 X143.293 Y89.263 E.01773
G1 X143.293 Y59.246 E.92233
G1 X143.241 Y58.671 E.01775
G1 X143.065 Y58.076 E.01908
G1 X142.768 Y57.502 E.01986
G1 X142.345 Y56.983 E.02056
G1 X141.839 Y56.573 E.02002
G1 X141.269 Y56.276 E.01976
G1 X140.661 Y56.099 E.01944
G1 X140.083 Y56.047 E.01782
G1 X100.07 Y56.047 E1.22951
G1 X99.495 Y56.099 E.01772
G1 X98.9 Y56.276 E.01908
G1 X98.328 Y56.572 E.01981
G1 X97.808 Y56.982 E.02033
G1 X97.389 Y57.502 E.02052
G1 X97.323 Y57.63 E.00444
G1 X97.3 Y57.69 E.00196
M204 S2000
G1 X96.974 Y57.451 F18000
M204 S1500
;TYPE:Inner wall
;WIDTH:0.45
G1 F4800
G1 X96.966 Y57.468 E.00062
G1 X96.591 Y58.415 E.0338
G1 X96.54 Y58.601 E.00638
G1 X96.48 Y59.227 E.02086
G1 X96.48 Y89.282 E.99699
G1 X96.54 Y89.907 E.02081
G1 X96.724 Y90.585 E.02332
G1 X97.061 Y91.236 E.02431
G1 X97.532 Y91.807 E.02455
G1 X98.112 Y92.273 E.02469
G1 X98.778 Y92.618 E.02489
G1 X100.02 Y92.865 E.04199
G1 X140.103 Y92.865 E1.32961
G1 X140.736 Y92.804 E.02111
G1 X141.416 Y92.606 E.0235
G1 X142.057 Y92.271 E.024
G1 X142.623 Y91.805 E.0243
G1 X143.112 Y91.217 E.02539
G1 X143.572 Y90.104 E.03997
G1 X143.629 Y89.911 E.00667
G1 X143.685 Y89.28 E.02099
G1 X143.685 Y59.228 E.99688
G1 X143.628 Y58.597 E.02104
G1 X143.43 Y57.928 E.02313
G1 X143.097 Y57.285 E.02402
G1 X142.623 Y56.704 E.02488
G1 X142.055 Y56.244 E.02426
G1 X141.416 Y55.91 E.02393
G1 X140.734 Y55.712 E.02354
G1 X140.101 Y55.655 E.02108
G1 X100.052 Y55.655 E1.3285
G1 X99.421 Y55.712 E.02101
G1 X98.753 Y55.911 E.02312
G1 X98.114 Y56.241 E.02387
G1 X97.531 Y56.702 E.02465
G1 X97.059 Y57.287 E.02492
G1 X96.983 Y57.433 E.00548
M204 S2000
G1 X96.637 Y57.254 F18000
;TYPE:Gap infill
;WIDTH:0.426928
G1 F6000
G1 X96.606 Y57.314 E.00212
;WIDTH:0.431499
G1 X96.495 Y57.557 E.00843
;WIDTH:0.459611
G1 X96.324 Y57.98 E.0155
;WIDTH:0.43784
G1 X96.279 Y58.133 E.00513
;WIDTH:0.406253
G1 X96.23 Y58.304 E.00527
;WIDTH:0.380442
G1 X96.175 Y58.548 E.00687
;WIDTH:0.385139
G1 X96.137 Y58.813 E.00747
;WIDTH:0.405447
G1 X96.088 Y59.199 E.01149
;WIDTH:0.430124
G1 X96.086 Y89.292 E.94949
G1 X96.151 Y89.986 E.02199
G1 X96.353 Y90.708 E.02367
G1 X96.723 Y91.435 E.02574
G1 X97.244 Y92.072 E.02594
G1 X97.89 Y92.607 E.02647
G1 X98.673 Y93 E.02765
G1 X99.902 Y93.244 E.03954
G1 X100.125 Y93.262 E.00705
G1 X140.029 Y93.262 E1.25906
G1 X140.807 Y93.194 E.02463
G1 X141.546 Y92.98 E.0243
G1 X142.268 Y92.608 E.02562
G1 X142.913 Y92.072 E.02646
G1 X143.462 Y91.395 E.0275
;WIDTH:0.43395
G1 X143.619 Y91.056 E.0119
;WIDTH:0.458516
G1 X143.776 Y90.718 E.01265
G1 X143.942 Y90.244 E.01698
;WIDTH:0.428914
G1 X144.018 Y89.985 E.00851
G1 X144.084 Y89.208 E.0245
G1 X144.077 Y59.151 E.94543
G1 X144.019 Y58.54 E.0193
G1 X143.802 Y57.792 E.02449
G1 X143.431 Y57.072 E.0255
G1 X142.911 Y56.43 E.02598
G1 X142.287 Y55.924 E.02524
G1 X141.579 Y55.553 E.02516
G1 X141.365 Y55.485 E.00707
;WIDTH:0.409945
G1 X141.091 Y55.42 E.00842
;WIDTH:0.379786
G1 X140.786 Y55.35 E.00859
;WIDTH:0.381573
G1 X140.464 Y55.306 E.00897
;WIDTH:0.426928
G1 X140.11 Y55.261 E.01117
G1 X100.043 Y55.261 E1.25377
G1 X99.357 Y55.322 E.02154
G1 X98.622 Y55.536 E.02397
G1 X97.889 Y55.911 E.02575
G1 X97.254 Y56.424 E.02555
G1 X96.732 Y57.07 E.02599
G1 X96.646 Y57.236 E.00586
; stop printing object USV 1 e2mm.stl_1 id:1 copy 0
; end of layer_num: 34, T: 0, print_z: 6.840000
;LAYER_CHANGE
;Z:7.04
;HEIGHT:0.2
; BEFORE_LAYER_CHANGE 34 @ 7.04mm
G92 E0
; AFTER_LAYER_CHANGE 34 @ 7.04mm
; start of layer_num: 35, T: 0, print_z: 7.040000
; printing object "USV 1 e2mm.stl_3" id:0 copy 0
G1 E-.8 F3600
G1 X123.173 Y127.427 Z7.04 F18000
G1 E.8 F3600
M204 S1000
;TYPE:Outer wall
;WIDTH:0.42
G1 F3000
G1 X123.175 Y127.427 E.00006
G1 X123.506 Y127.33 E.01061
G1 X124.614 Y127.118 E.03463
G1 X124.95 Y127.088 E.01039
G1 X165.1 Y127.097 E1.23369
G1 X165.801 Y127.168 E.02164
G1 X166.702 Y127.427 E.02881
G1 X167.562 Y127.869 E.02971
G1 X168.32 Y128.491 E.03014
G1 X168.943 Y129.262 E.03045
G1 X169.386 Y130.123 E.02974
G1 X169.481 Y130.452 E.01054
G1 X169.714 Y131.724 E.03975
G1 X169.714 Y162.041 E.93154
G1 X169.642 Y162.754 E.02201
G1 X169.442 Y163.473 E.02294
G1 X169.311 Y163.81 E.01112
G1 X168.943 Y164.503 E.02411
G1 X168.445 Y165.134 E.0247
G1 X168.186 Y165.393 E.01126
G1 X167.563 Y165.892 E.02452
G1 X166.702 Y166.338 E.0298
G1 X166.366 Y166.433 E.01072
G1 X165.259 Y166.643 E.03465
G1 X164.926 Y166.674 E.01025
G1 X124.95 Y166.674 E1.22835
G1 X124.063 Y166.593 E.02739
G1 X123.175 Y166.339 E.02838
G1 X122.314 Y165.892 E.0298
G1 X121.544 Y165.273 E.03036
G1 X120.922 Y164.503 E.03041
G1 X120.479 Y163.643 E.02975
G1 X120.22 Y162.753 E.02845
G1 X120.14 Y161.867 E.02735
G1 X120.14 Y131.887 E.9212
G1 X120.22 Y131.008 E.02713
G1 X120.479 Y130.123 E.02834
G1 X120.922 Y129.262 E.02975
G1 X121.544 Y128.492 E.03042
G1 X122.314 Y127.869 E.03042
G1 X123.156 Y127.437 E.02908
M204 S2000
G1 X123.321 Y127.792 F18000
M204 S1500
;TYPE:Inner wall
;WIDTH:0.45
G1 F4800
G1 X123.598 Y127.712 E.00959
G1 X124.668 Y127.507 E.03613
G1 X124.968 Y127.48 E.00998
G1 X165.08 Y127.489 E1.3306
G1 X165.726 Y127.554 E.02154
G1 X166.557 Y127.793 E.02866
G1 X167.345 Y128.199 E.02942
G1 X168.04 Y128.769 E.02982
G1 X168.613 Y129.477 E.0302
G1 X169.02 Y130.268 E.02951
G1 X169.099 Y130.542 E.00947
G1 X169.322 Y131.76 E.04108
G1 X169.322 Y162.021 E1.00381
G1 X169.255 Y162.681 E.022
G1 X169.07 Y163.349 E.023
G1 X168.954 Y163.646 E.01059
G1 X168.613 Y164.288 E.0241
G1 X168.144 Y164.882 E.02512
G1 X167.933 Y165.093 E.00988
G1 X167.348 Y165.562 E.02487
G1 X166.557 Y165.972 E.02956
G1 X166.276 Y166.051 E.00967
G1 X165.204 Y166.254 E.0362
G1 X164.908 Y166.282 E.00985
G1 X124.968 Y166.282 E1.32489
G1 X124.135 Y166.206 E.02775
G1 X123.321 Y165.972 E.0281
G1 X122.529 Y165.562 E.02958
G1 X121.822 Y164.994 E.03008
G1 X121.252 Y164.288 E.0301
G1 X120.845 Y163.497 E.02952
G1 X120.607 Y162.68 E.02821
G1 X120.532 Y161.849 E.02768
G1 X120.532 Y131.905 E.99331
G1 X120.607 Y131.081 E.02743
G1 X120.845 Y130.269 E.02808
G1 X121.252 Y129.477 E.02954
G1 X121.823 Y128.771 E.03013
G1 X122.529 Y128.2 E.03013
G1 X123.303 Y127.802 E.02886
M204 S2000
G1 E-.8 F3600
G1 X121.849 Y162.69 F18000
G1 E.8 F3600
M204 S1000
;TYPE:Outer wall
;WIDTH:0.42
G1 F3000
G1 X122.242 Y163.636 E.03147
G1 X122.67 Y164.148 E.02051
G1 X123.175 Y164.566 E.02013
G1 X123.746 Y164.863 E.01979
G1 X124.353 Y165.04 E.01942
G1 X124.931 Y165.096 E.01783
G1 X164.955 Y165.096 E1.22984
G1 X165.954 Y164.911 E.0312
G1 X166.115 Y164.863 E.00516
G1 X166.688 Y164.566 E.01984
G1 X167.206 Y164.149 E.02044
G1 X167.625 Y163.642 E.0202
G1 X167.924 Y163.065 E.01996
G1 X168.088 Y162.458 E.01932
G1 X168.143 Y161.887 E.01765
G1 X168.143 Y131.868 E.9224
G1 X168.088 Y131.29 E.01782
G1 X168.044 Y131.13 E.0051
G1 X167.706 Y130.278 E.02818
G1 X167.625 Y130.123 E.00536
G1 X167.206 Y129.613 E.02028
G1 X166.688 Y129.195 E.02046
G1 X166.115 Y128.898 E.01984
G1 X165.519 Y128.721 E.01908
G1 X164.945 Y128.67 E.01772
G1 X124.931 Y128.67 E1.22951
G1 X124.354 Y128.721 E.01782
G1 X123.746 Y128.898 E.01944
G1 X123.175 Y129.196 E.01979
G1 X122.67 Y129.613 E.02015
G1 X122.248 Y130.123 E.02032
G1 X121.95 Y130.693 E.01978
G1 X121.774 Y131.289 E.01909
G1 X121.722 Y131.868 E.01787
G1 X121.722 Y161.886 E.92236
G1 X121.773 Y162.46 E.0177
G1 X121.821 Y162.625 E.00528
G1 X121.841 Y162.672 E.00157
M204 S2000
G1 X121.445 Y162.736 F18000
M204 S1500
;TYPE:Inner wall
;WIDTH:0.45
G1 F4800
G1 X121.451 Y162.755 E.00067
G1 X121.903 Y163.841 E.03903
G1 X122.392 Y164.427 E.02532
G1 X122.957 Y164.894 E.02431
G1 X123.599 Y165.229 E.02403
G1 X124.279 Y165.427 E.02347
G1 X124.912 Y165.488 E.02109
G1 X164.991 Y165.488 E1.3295
G1 X166.045 Y165.293 E.03556
G1 X166.262 Y165.229 E.0075
G1 X166.903 Y164.896 E.02397
G1 X167.483 Y164.429 E.0247
G1 X167.954 Y163.86 E.02451
G1 X168.291 Y163.208 E.02433
G1 X168.475 Y162.529 E.02335
G1 X168.535 Y161.905 E.02078
G1 X168.535 Y131.849 E.99702
G1 X168.475 Y131.219 E.021
G1 X168.416 Y131.005 E.00735
G1 X168.063 Y130.115 E.03179
G1 X167.954 Y129.906 E.0078
G1 X167.484 Y129.333 E.02458
G1 X166.903 Y128.865 E.02474
G1 X166.262 Y128.533 E.02397
G1 X165.594 Y128.334 E.02312
G1 X164.963 Y128.278 E.02101
G1 X124.914 Y128.278 E1.3285
G1 X124.281 Y128.334 E.02108
G1 X123.599 Y128.532 E.02354
G1 X122.957 Y128.867 E.02403
G1 X122.391 Y129.335 E.02435
G1 X121.919 Y129.905 E.02454
G1 X121.585 Y130.546 E.02398
G1 X121.386 Y131.215 E.02316
G1 X121.33 Y131.851 E.02117
G1 X121.33 Y161.904 E.99691
G1 X121.386 Y162.533 E.02095
G1 X121.44 Y162.716 E.00635
G1 E-.8 F3600
M204 S2000
G1 X121.061 Y162.827 F18000
G1 E.8 F3600
;TYPE:Gap infill
;WIDTH:0.433409
G1 F6000
G1 X121.082 Y162.896 E.00231
;WIDTH:0.439433
G1 X121.16 Y163.118 E.0076
;WIDTH:0.452467
G1 X121.238 Y163.34 E.00785
G1 X121.554 Y164.02 E.02503
;WIDTH:0.426964
G1 X122.107 Y164.709 E.02763
G1 X122.746 Y165.229 E.0258
G1 X123.468 Y165.603 E.02544
G1 X124.208 Y165.816 E.0241
G1 X124.986 Y165.885 E.02444
G1 X164.89 Y165.885 E1.24879
G1 X165.149 Y165.862 E.00813
G1 X166.127 Y165.678 E.03115
G1 X166.394 Y165.605 E.00864
G1 X167.13 Y165.226 E.0259
G1 X167.774 Y164.696 E.0261
G1 X168.284 Y164.073 E.02519
G1 X168.594 Y163.481 E.02092
G1 X168.695 Y163.224 E.00865
G1 X168.864 Y162.607 E.02002
G1 X168.925 Y162.001 E.01908
G1 X168.927 Y131.796 E.94524
;WIDTH:0.412745
G1 X168.883 Y131.481 E.00958
;WIDTH:0.383662
G1 X168.84 Y131.167 E.00882
G1 X168.773 Y130.875 E.00829
;WIDTH:0.420726
G1 X168.704 Y130.635 E.0077
;WIDTH:0.446435
G1 X168.632 Y130.422 E.0074
G1 X168.422 Y129.961 E.01667
;WIDTH:0.428875
G1 X168.283 Y129.692 E.00952
G1 X167.759 Y129.048 E.0261
G1 X167.126 Y128.533 E.02567
G1 X166.393 Y128.158 E.02588
G1 X165.651 Y127.943 E.02429
G1 X165.06 Y127.887 E.01868
G1 X124.986 Y127.879 E1.26035
G1 X124.723 Y127.898 E.00828
;WIDTH:0.400429
G1 X124.228 Y127.968 E.01456
;WIDTH:0.414548
G1 X123.467 Y128.16 E.02377
G1 X122.756 Y128.527 E.02425
;WIDTH:0.426058
G1 X122.107 Y129.054 E.02611
G1 X121.584 Y129.694 E.02577
G1 X121.212 Y130.416 E.02535
G1 X120.996 Y131.155 E.02406
G1 X120.936 Y131.825 E.02098
;WIDTH:0.433409
G1 X120.931 Y161.831 E.9548
G1 X120.997 Y162.607 E.02476
G1 X121.056 Y162.807 E.00666
; stop printing object USV 1 e2mm.stl_3 id:0 copy 0
; printing object "USV 1 e2mm.stl_1" id:1 copy 0
G1 E-.8 F3600
G1 X98.313 Y93.715 F18000
G1 E.8 F3600
M204 S1000
;TYPE:Outer wall
;WIDTH:0.42
G1 F3000
G1 X97.453 Y93.273 E.02971
G1 X96.835 Y92.768 E.02451
G1 X96.566 Y92.499 E.01169
G1 X96.072 Y91.882 E.02429
G1 X95.629 Y91.021 E.02975
G1 X95.373 Y90.132 E.02843
G1 X95.293 Y89.244 E.02739
G1 X95.293 Y59.265 E.92117
G1 X95.324 Y58.933 E.01026
G1 X95.534 Y57.831 E.03445
G1 X95.629 Y57.499 E.01061
G1 X96.073 Y56.638 E.02976
G1 X96.69 Y55.873 E.03021
G1 X97.453 Y55.247 E.03033
G1 X98.313 Y54.805 E.02972
G1 X99.213 Y54.545 E.02877
G1 X100.088 Y54.468 E.027
G1 X140.232 Y54.476 E1.2335
G1 X141.509 Y54.708 E.0399
G1 X141.84 Y54.804 E.01058
G1 X142.701 Y55.247 E.02975
G1 X143.471 Y55.87 E.03042
G1 X144.093 Y56.64 E.03042
G1 X144.536 Y57.5 E.02972
G1 X144.795 Y58.39 E.02848
G1 X144.866 Y59.093 E.02173
G1 X144.875 Y89.244 E.92644
G1 X144.795 Y90.131 E.02737
G1 X144.536 Y91.02 E.02845
G1 X144.093 Y91.881 E.02975
G1 X143.595 Y92.499 E.02439
G1 X143.327 Y92.768 E.01165
G1 X142.701 Y93.273 E.02472
G1 X141.84 Y93.715 E.02974
G1 X140.952 Y93.971 E.0284
G1 X140.065 Y94.051 E.02739
G1 X100.089 Y94.051 E1.22835
G1 X99.756 Y94.021 E.01025
G1 X98.649 Y93.811 E.03465
G1 X98.332 Y93.721 E.01012
M204 S2000
G1 X98.457 Y93.349 F18000
M204 S1500
;TYPE:Inner wall
;WIDTH:0.45
G1 F4800
G1 X97.669 Y92.943 E.02941
G1 X97.098 Y92.477 E.02445
G1 X96.858 Y92.237 E.01124
G1 X96.403 Y91.668 E.0242
G1 X95.995 Y90.875 E.02955
G1 X95.761 Y90.059 E.02818
G1 X95.685 Y89.226 E.02774
G1 X95.685 Y59.283 E.99327
G1 X95.712 Y58.987 E.00985
G1 X95.915 Y57.922 E.03597
G1 X95.995 Y57.645 E.00958
G1 X96.404 Y56.851 E.02961
G1 X96.96 Y56.158 E.02947
G1 X97.669 Y55.577 E.03043
G1 X98.458 Y55.171 E.02943
G1 X99.285 Y54.932 E.02853
G1 X100.105 Y54.861 E.02732
G1 X140.196 Y54.868 E1.3299
G1 X141.419 Y55.09 E.04122
G1 X141.694 Y55.17 E.0095
G1 X142.486 Y55.578 E.02954
G1 X143.192 Y56.149 E.03013
G1 X143.763 Y56.855 E.03013
G1 X144.17 Y57.645 E.0295
G1 X144.409 Y58.465 E.0283
G1 X144.474 Y59.113 E.02162
G1 X144.483 Y89.226 E.99891
G1 X144.408 Y90.058 E.02771
G1 X144.17 Y90.875 E.0282
G1 X143.763 Y91.666 E.02954
G1 X143.303 Y92.237 E.02432
G1 X143.065 Y92.476 E.01119
G1 X142.486 Y92.942 E.02465
G1 X141.695 Y93.349 E.02951
G1 X140.88 Y93.584 E.02814
G1 X140.047 Y93.659 E.02774
G1 X100.107 Y93.659 E1.32489
G1 X99.811 Y93.632 E.00985
G1 X98.739 Y93.429 E.0362
G1 X98.477 Y93.354 E.00905
M204 S2000
G1 E-.8 F3600
G1 X97.283 Y57.724 F18000
G1 E.8 F3600
M204 S1000
;TYPE:Outer wall
;WIDTH:0.42
G1 F3000
G1 X96.971 Y58.512 E.02604
G1 X96.927 Y58.672 E.0051
G1 X96.872 Y59.245 E.0177
G1 X96.872 Y89.263 E.92237
G1 X96.927 Y89.836 E.01768
G1 X97.091 Y90.442 E.01929
G1 X97.39 Y91.019 E.01995
G1 X97.809 Y91.527 E.02023
G1 X98.327 Y91.943 E.02043
G1 X98.9 Y92.24 E.01983
G1 X99.061 Y92.288 E.00516
G1 X100.06 Y92.472 E.03121
G1 X140.084 Y92.472 E1.22983
G1 X140.662 Y92.418 E.01783
G1 X141.269 Y92.24 E.01943
G1 X141.84 Y91.943 E.01978
G1 X142.345 Y91.526 E.02012
G1 X142.773 Y91.013 E.02054
G1 X143.193 Y90.002 E.03363
G1 X143.241 Y89.838 E.00527
G1 X143.293 Y89.263 E.01773
G1 X143.293 Y59.246 E.92233
G1 X143.241 Y58.671 E.01775
G1 X143.065 Y58.076 E.01908
G1 X142.768 Y57.502 E.01986
G1 X142.345 Y56.983 E.02056
G1 X141.839 Y56.573 E.02002
G1 X141.269 Y56.276 E.01976
G1 X140.661 Y56.099 E.01944
G1 X140.083 Y56.047 E.01782
G1 X100.07 Y56.047 E1.22951
G1 X99.495 Y56.099 E.01772
G1 X98.9 Y56.276 E.01908
G1 X98.328 Y56.572 E.01981
G1 X97.808 Y56.982 E.02033
G1 X97.389 Y57.502 E.02052
G1 X97.309 Y57.657 E.00537
G1 X97.29 Y57.706 E.0016
M204 S2000
G1 X96.96 Y57.478 F18000
M204 S1500
;TYPE:Inner wall
;WIDTH:0.45
G1 F4800
G1 X96.952 Y57.495 E.00061
G1 X96.599 Y58.388 E.03185
G1 X96.54 Y58.601 E.00733
G1 X96.48 Y59.227 E.02086
G1 X96.48 Y89.282 E.99699
G1 X96.54 Y89.907 E.02081
G1 X96.724 Y90.585 E.02332
G1 X97.061 Y91.236 E.02431
G1 X97.532 Y91.807 E.02455
G1 X98.112 Y92.273 E.02469
G1 X98.753 Y92.605 E.02394
G1 X98.969 Y92.67 E.0075
G1 X100.024 Y92.865 E.03558
G1 X140.103 Y92.865 E1.32948
G1 X140.736 Y92.804 E.02111
G1 X141.416 Y92.606 E.0235
G1 X142.057 Y92.271 E.024
G1 X142.623 Y91.805 E.0243
G1 X143.112 Y91.218 E.02536
G1 X143.564 Y90.133 E.03899
G1 X143.629 Y89.911 E.00768
G1 X143.685 Y89.28 E.02099
G1 X143.685 Y59.228 E.99688
G1 X143.628 Y58.597 E.02104
G1 X143.43 Y57.928 E.02313
G1 X143.097 Y57.285 E.02402
G1 X142.623 Y56.704 E.02488
G1 X142.055 Y56.244 E.02426
G1 X141.416 Y55.91 E.02393
G1 X140.734 Y55.712 E.02354
G1 X140.101 Y55.655 E.02108
G1 X100.052 Y55.655 E1.3285
G1 X99.421 Y55.712 E.02101
G1 X98.753 Y55.911 E.02312
G1 X98.114 Y56.241 E.02387
G1 X97.531 Y56.702 E.02465
G1 X97.059 Y57.287 E.02492
G1 X96.969 Y57.46 E.00649
M204 S2000
G1 X96.623 Y57.281 F18000
;TYPE:Gap infill
;WIDTH:0.426652
G1 F6000
G1 X96.592 Y57.341 E.00213
;WIDTH:0.447511
G1 X96.384 Y57.799 E.01657
G1 X96.31 Y58.016 E.00757
;WIDTH:0.420724
G1 X96.235 Y58.276 E.00831
;WIDTH:0.389409
G1 X96.173 Y58.548 E.00788
G1 X96.088 Y59.199 E.01855
;WIDTH:0.430093
G1 X96.086 Y89.292 E.94941
G1 X96.151 Y89.986 E.02199
G1 X96.353 Y90.708 E.02367
G1 X96.723 Y91.435 E.02573
G1 X97.244 Y92.071 E.02594
G1 X97.889 Y92.607 E.02645
G1 X98.62 Y92.981 E.02592
G1 X98.887 Y93.056 E.00873
G1 X99.866 Y93.239 E.03144
G1 X100.125 Y93.262 E.00819
G1 X140.029 Y93.262 E1.25896
G1 X140.807 Y93.194 E.02463
G1 X141.546 Y92.98 E.02429
G1 X142.269 Y92.608 E.02564
G1 X142.912 Y92.072 E.02644
G1 X143.461 Y91.397 E.02744
;WIDTH:0.433646
G1 X143.619 Y91.057 E.01192
;WIDTH:0.457592
G1 X143.777 Y90.718 E.01265
G1 X143.933 Y90.274 E.01589
;WIDTH:0.428532
G1 X144.018 Y89.985 E.00949
G1 X144.084 Y89.208 E.02448
G1 X144.076 Y59.133 E.94503
G1 X144.02 Y58.54 E.01872
G1 X143.802 Y57.792 E.02448
G1 X143.431 Y57.072 E.02547
G1 X142.911 Y56.43 E.02596
G1 X142.287 Y55.924 E.02522
G1 X141.579 Y55.553 E.02513
G1 X141.328 Y55.474 E.00826
;WIDTH:0.410834
G1 X141.073 Y55.414 E.00787
;WIDTH:0.382303
G1 X140.786 Y55.348 E.00813
;WIDTH:0.384295
G1 X140.473 Y55.306 E.00878
;WIDTH:0.426652
G1 X140.11 Y55.262 E.01145
G1 X100.043 Y55.261 E1.25287
G1 X99.357 Y55.322 E.02152
G1 X98.622 Y55.536 E.02395
G1 X97.889 Y55.911 E.02573
G1 X97.236 Y56.441 E.02628
G1 X96.735 Y57.065 E.02503
G1 X96.632 Y57.263 E.00699
; stop printing object USV 1 e2mm.stl_1 id:1 copy 0
; end of layer_num: 35, T: 0, print_z: 7.040000
;LAYER_CHANGE
;Z:7.24
;HEIGHT:0.2
; BEFORE_LAYER_CHANGE 35 @ 7.24mm
G92 E0
; AFTER_LAYER_CHANGE 35 @ 7.24mm
; start of layer_num: 36, T: 0, print_z: 7.240000
; printing object "USV 1 e2mm.stl_3" id:0 copy 0
G1 E-.8 F3600
G1 X123.173 Y127.427 Z7.24 F18000
G1 E.8 F3600
M204 S1000
;TYPE:Outer wall
;WIDTH:0.42
G1 F3000
G1 X123.175 Y127.427 E.00005
G1 X123.544 Y127.319 E.0118
G1 X124.577 Y127.121 E.03233
G1 X124.95 Y127.088 E.01152
G1 X165.118 Y127.097 E1.23424
G1 X165.801 Y127.168 E.02109
G1 X166.702 Y127.427 E.02882
G1 X167.562 Y127.869 E.02971
G1 X168.32 Y128.491 E.03014
G1 X168.943 Y129.262 E.03045
G1 X169.386 Y130.123 E.02974
G1 X169.492 Y130.489 E.01172
G1 X169.714 Y131.707 E.03803
G1 X169.714 Y162.059 E.93264
G1 X169.642 Y162.754 E.02147
G1 X169.448 Y163.454 E.02234
G1 X169.302 Y163.828 E.01232
G1 X168.943 Y164.503 E.02351
G1 X168.459 Y165.119 E.02406
G1 X168.321 Y165.274 E.00637
G1 X168.171 Y165.407 E.00617
G1 X167.563 Y165.892 E.02389
G1 X166.702 Y166.338 E.0298
G1 X166.329 Y166.444 E.01192
G1 X165.295 Y166.64 E.03234
G1 X164.926 Y166.674 E.01137
G1 X124.95 Y166.674 E1.22835
G1 X124.063 Y166.593 E.02739
G1 X123.175 Y166.339 E.02838
G1 X122.314 Y165.892 E.0298
G1 X121.544 Y165.273 E.03036
G1 X120.922 Y164.503 E.03041
G1 X120.479 Y163.643 E.02975
G1 X120.22 Y162.753 E.02845
G1 X120.14 Y161.867 E.02735
G1 X120.14 Y131.887 E.9212
G1 X120.22 Y131.008 E.02713
G1 X120.479 Y130.123 E.02834
G1 X120.922 Y129.262 E.02975
G1 X121.544 Y128.492 E.03042
G1 X122.314 Y127.869 E.03042
G1 X123.156 Y127.437 E.02908
M204 S2000
G1 X123.321 Y127.792 F18000
M204 S1500
;TYPE:Inner wall
;WIDTH:0.45
G1 F4800
G1 X123.635 Y127.701 E.01087
G1 X124.632 Y127.51 E.03364
G1 X124.968 Y127.48 E.01121
G1 X165.098 Y127.49 E1.33118
G1 X165.726 Y127.554 E.02095
G1 X166.557 Y127.793 E.02868
G1 X167.345 Y128.199 E.02942
G1 X168.04 Y128.769 E.02982
G1 X168.613 Y129.477 E.0302
G1 X169.02 Y130.268 E.02951
G1 X169.109 Y130.579 E.01073
G1 X169.322 Y131.742 E.03923
G1 X169.322 Y162.038 E1.00499
G1 X169.255 Y162.681 E.02142
G1 X169.076 Y163.331 E.02236
G1 X168.945 Y163.664 E.01187
G1 X168.613 Y164.288 E.02346
G1 X168.158 Y164.867 E.02443
G1 X167.918 Y165.106 E.01123
G1 X167.348 Y165.561 E.0242
G1 X166.557 Y165.972 E.02958
G1 X166.239 Y166.062 E.01096
G1 X165.24 Y166.251 E.03371
G1 X164.908 Y166.282 E.01106
G1 X124.968 Y166.282 E1.32489
G1 X124.135 Y166.206 E.02775
G1 X123.321 Y165.972 E.0281
G1 X122.529 Y165.562 E.02958
G1 X121.822 Y164.994 E.03008
G1 X121.252 Y164.288 E.0301
G1 X120.845 Y163.497 E.02952
G1 X120.607 Y162.68 E.02821
G1 X120.532 Y161.849 E.02768
G1 X120.532 Y131.905 E.99331
G1 X120.607 Y131.081 E.02743
G1 X120.845 Y130.269 E.02808
G1 X121.252 Y129.477 E.02954
G1 X121.823 Y128.771 E.03013
G1 X122.529 Y128.2 E.03013
G1 X123.303 Y127.802 E.02886
M204 S2000
G1 E-.8 F3600
G1 X121.852 Y162.708 F18000
G1 E.8 F3600
M204 S1000
;TYPE:Outer wall
;WIDTH:0.42
G1 F3000
G1 X122.153 Y163.46 E.02487
G1 X122.248 Y163.643 E.00633
G1 X122.67 Y164.148 E.02024
G1 X123.175 Y164.566 E.02013
G1 X123.746 Y164.863 E.01979
G1 X124.353 Y165.04 E.01942
G1 X124.931 Y165.096 E.01783
G1 X164.946 Y165.096 E1.22956
G1 X165.122 Y165.078 E.00544
G1 X165.927 Y164.919 E.02522
G1 X166.115 Y164.863 E.00601
G1 X166.688 Y164.566 E.01984
G1 X167.206 Y164.149 E.02044
G1 X167.625 Y163.642 E.0202
G1 X167.924 Y163.065 E.01996
G1 X168.088 Y162.458 E.01932
G1 X168.143 Y161.887 E.01765
G1 X168.143 Y131.868 E.9224
G1 X168.088 Y131.29 E.01782
G1 X168.036 Y131.103 E.00599
G1 X167.72 Y130.305 E.02638
G1 X167.625 Y130.123 E.00628
G1 X167.206 Y129.613 E.02028
G1 X166.688 Y129.195 E.02046
G1 X166.115 Y128.898 E.01984
G1 X165.519 Y128.721 E.01908
G1 X164.945 Y128.67 E.01772
G1 X124.931 Y128.67 E1.22951
G1 X124.354 Y128.721 E.01782
G1 X123.746 Y128.898 E.01944
G1 X123.175 Y129.196 E.01979
G1 X122.67 Y129.613 E.02015
G1 X122.248 Y130.123 E.02032
G1 X121.95 Y130.693 E.01978
G1 X121.774 Y131.289 E.01909
G1 X121.722 Y131.868 E.01787
G1 X121.722 Y161.886 E.92236
G1 X121.773 Y162.46 E.0177
G1 X121.829 Y162.652 E.00614
G1 X121.845 Y162.69 E.00126
M204 S2000
G1 X121.465 Y162.796 F18000
M204 S1500
;TYPE:Inner wall
;WIDTH:0.45
G1 F4800
G1 X121.796 Y163.623 E.02954
G1 X121.919 Y163.861 E.00889
G1 X122.392 Y164.427 E.02447
G1 X122.957 Y164.894 E.02431
G1 X123.599 Y165.229 E.02403
G1 X124.279 Y165.427 E.02347
G1 X124.912 Y165.488 E.02109
G1 X164.965 Y165.488 E1.32864
G1 X165.179 Y165.467 E.00714
G1 X166.021 Y165.3 E.02847
G1 X166.262 Y165.229 E.00833
G1 X166.903 Y164.896 E.02397
G1 X167.483 Y164.429 E.0247
G1 X167.954 Y163.86 E.02451
G1 X168.291 Y163.208 E.02433
G1 X168.475 Y162.529 E.02335
G1 X168.535 Y161.905 E.02078
G1 X168.535 Y131.849 E.99702
G1 X168.475 Y131.219 E.021
G1 X168.408 Y130.978 E.00831
G1 X168.077 Y130.141 E.02985
G1 X167.954 Y129.906 E.0088
G1 X167.484 Y129.333 E.02458
G1 X166.903 Y128.865 E.02474
G1 X166.262 Y128.533 E.02397
G1 X165.594 Y128.334 E.02312
G1 X164.963 Y128.278 E.02101
G1 X124.914 Y128.278 E1.3285
G1 X124.281 Y128.334 E.02108
G1 X123.599 Y128.532 E.02354
G1 X122.957 Y128.867 E.02403
G1 X122.391 Y129.335 E.02435
G1 X121.919 Y129.905 E.02455
G1 X121.585 Y130.546 E.02398
G1 X121.386 Y131.215 E.02316
G1 X121.33 Y131.851 E.02117
G1 X121.33 Y161.904 E.99691
G1 X121.386 Y162.533 E.02095
G1 X121.458 Y162.778 E.00846
G1 E-.8 F3600
M204 S2000
G1 X121.078 Y162.887 F18000
G1 E.8 F3600
;TYPE:Gap infill
;WIDTH:0.43122
G1 F6000
G1 X121.082 Y162.899 E.0004
G1 X121.234 Y163.342 E.0148
G1 X121.584 Y164.072 E.02562
G1 X122.107 Y164.709 E.02607
G1 X122.723 Y165.212 E.02516
G1 X123.468 Y165.603 E.02664
G1 X124.208 Y165.816 E.02437
G1 X124.986 Y165.885 E.02471
G1 X164.89 Y165.885 E1.26263
G1 X165.186 Y165.861 E.00938
;WIDTH:0.423279
G1 X166.107 Y165.685 E.02908
G1 X166.409 Y165.6 E.00973
G1 X167.13 Y165.225 E.02517
G1 X167.656 Y164.804 E.0209
G1 X167.855 Y164.606 E.00868
G1 X168.292 Y164.059 E.0217
G1 X168.645 Y163.367 E.02408
G1 X168.867 Y162.584 E.02524
G1 X168.928 Y161.915 E.02081
G1 X168.926 Y131.778 E.93408
;WIDTH:0.414275
G1 X168.883 Y131.472 E.00934
;WIDTH:0.387272
G1 X168.836 Y131.138 E.00948
G1 X168.769 Y130.846 E.00839
;WIDTH:0.420437
G1 X168.718 Y130.671 E.00562
;WIDTH:0.428719
G1 X168.633 Y130.422 E.00828
G1 X168.283 Y129.692 E.02544
G1 X167.759 Y129.048 E.02609
G1 X167.126 Y128.533 E.02566
G1 X166.393 Y128.158 E.02587
G1 X165.651 Y127.943 E.0243
G1 X165.077 Y127.888 E.01811
G1 X124.986 Y127.879 E1.26038
G1 X124.687 Y127.902 E.00944
;WIDTH:0.412941
G1 X124.196 Y127.972 E.01493
G1 X123.467 Y128.16 E.0227
G1 X122.723 Y128.55 E.02534
;WIDTH:0.426065
G1 X122.107 Y129.054 E.02486
G1 X121.584 Y129.694 E.02577
G1 X121.212 Y130.416 E.02536
G1 X120.996 Y131.155 E.02406
G1 X120.936 Y131.825 E.02098
;WIDTH:0.43122
G1 X120.935 Y161.913 E.95203
G1 X120.997 Y162.607 E.02204
G1 X121.073 Y162.868 E.00861
; stop printing object USV 1 e2mm.stl_3 id:0 copy 0
; printing object "USV 1 e2mm.stl_1" id:1 copy 0
G1 E-.8 F3600
G1 X98.313 Y93.715 F18000
G1 E.8 F3600
M204 S1000
;TYPE:Outer wall
;WIDTH:0.42
G1 F3000
G1 X97.453 Y93.273 E.02971
G1 X96.85 Y92.782 E.02388
G1 X96.552 Y92.484 E.01295
G1 X96.072 Y91.882 E.02365
G1 X95.629 Y91.021 E.02976
G1 X95.373 Y90.132 E.02843
G1 X95.293 Y89.244 E.02739
G1 X95.293 Y59.265 E.92117
G1 X95.327 Y58.896 E.01138
G1 X95.523 Y57.868 E.03216
G1 X95.63 Y57.498 E.01185
G1 X96.069 Y56.643 E.02952
G1 X96.555 Y56.02 E.02428
G1 X96.69 Y55.873 E.00612
G1 X97.453 Y55.247 E.03033
G1 X98.313 Y54.805 E.02972
G1 X99.213 Y54.545 E.02877
G1 X100.088 Y54.468 E.027
G1 X140.25 Y54.477 E1.23406
G1 X141.472 Y54.697 E.03817
G1 X141.84 Y54.804 E.01177
G1 X142.701 Y55.247 E.02975
G1 X143.471 Y55.87 E.03042
G1 X144.093 Y56.64 E.03042
G1 X144.536 Y57.5 E.02972
G1 X144.795 Y58.39 E.02849
G1 X144.865 Y59.076 E.02119
G1 X144.875 Y89.244 E.92698
G1 X144.795 Y90.131 E.02737
G1 X144.536 Y91.02 E.02845
G1 X144.093 Y91.881 E.02975
G1 X143.604 Y92.489 E.02396
G1 X143.471 Y92.64 E.0062
G1 X143.317 Y92.778 E.00635
G1 X142.701 Y93.272 E.02426
G1 X141.84 Y93.715 E.02975
G1 X140.952 Y93.971 E.0284
G1 X140.065 Y94.051 E.02739
G1 X100.089 Y94.051 E1.22835
G1 X99.72 Y94.018 E.01137
G1 X98.686 Y93.821 E.03234
G1 X98.332 Y93.721 E.01132
M204 S2000
G1 X98.457 Y93.349 F18000
M204 S1500
;TYPE:Inner wall
;WIDTH:0.45
G1 F4800
G1 X97.668 Y92.943 E.02943
G1 X97.113 Y92.491 E.02376
G1 X96.845 Y92.222 E.01259
G1 X96.403 Y91.668 E.02351
G1 X95.995 Y90.875 E.02957
G1 X95.761 Y90.059 E.02818
G1 X95.685 Y89.226 E.02774
G1 X95.685 Y59.283 E.99327
G1 X95.716 Y58.951 E.01106
G1 X95.905 Y57.959 E.03349
G1 X95.997 Y57.64 E.01102
G1 X96.393 Y56.865 E.02889
G1 X96.96 Y56.158 E.03004
G1 X97.669 Y55.577 E.03043
G1 X98.458 Y55.171 E.02943
G1 X99.285 Y54.932 E.02853
G1 X100.105 Y54.861 E.02732
G1 X140.215 Y54.869 E1.33051
G1 X141.382 Y55.079 E.03935
G1 X141.694 Y55.17 E.01077
G1 X142.486 Y55.578 E.02954
G1 X143.192 Y56.149 E.03013
G1 X143.763 Y56.855 E.03013
G1 X144.17 Y57.645 E.0295
G1 X144.409 Y58.465 E.02832
G1 X144.473 Y59.096 E.02103
G1 X144.483 Y89.226 E.99948
G1 X144.408 Y90.058 E.02771
G1 X144.17 Y90.875 E.0282
G1 X143.763 Y91.667 E.02955
G1 X143.305 Y92.236 E.02425
G1 X143.063 Y92.479 E.01135
G1 X142.486 Y92.942 E.02454
G1 X141.695 Y93.349 E.02953
G1 X140.88 Y93.584 E.02814
G1 X140.047 Y93.659 E.02774
G1 X100.107 Y93.659 E1.32489
G1 X99.775 Y93.629 E.01105
G1 X98.777 Y93.439 E.03371
G1 X98.477 Y93.354 E.01035
M204 S2000
G1 E-.8 F3600
G1 X97.273 Y57.74 F18000
G1 E.8 F3600
M204 S1000
;TYPE:Outer wall
;WIDTH:0.42
G1 F3000
G1 X96.979 Y58.485 E.0246
G1 X96.927 Y58.672 E.00598
G1 X96.872 Y59.245 E.0177
G1 X96.872 Y89.263 E.92237
G1 X96.927 Y89.836 E.01768
G1 X97.091 Y90.442 E.01929
G1 X97.39 Y91.019 E.01996
G1 X97.809 Y91.527 E.02023
G1 X98.327 Y91.943 E.02043
G1 X98.9 Y92.24 E.01983
G1 X99.088 Y92.296 E.00601
G1 X99.893 Y92.456 E.02523
G1 X100.069 Y92.472 E.00544
G1 X140.084 Y92.472 E1.22955
G1 X140.662 Y92.418 E.01783
G1 X141.269 Y92.24 E.01943
G1 X141.84 Y91.943 E.01978
G1 X142.345 Y91.526 E.02012
G1 X142.767 Y91.019 E.02027
G1 X142.862 Y90.836 E.00633
G1 X143.186 Y90.029 E.02672
G1 X143.241 Y89.838 E.00614
G1 X143.293 Y89.263 E.01773
G1 X143.293 Y59.246 E.92233
G1 X143.241 Y58.671 E.01775
G1 X143.065 Y58.076 E.01908
G1 X142.768 Y57.502 E.01986
G1 X142.345 Y56.983 E.02056
G1 X141.839 Y56.573 E.02002
G1 X141.269 Y56.276 E.01976
G1 X140.661 Y56.099 E.01944
G1 X140.083 Y56.047 E.01782
G1 X100.07 Y56.047 E1.22951
G1 X99.495 Y56.099 E.01772
G1 X98.9 Y56.276 E.01908
G1 X98.328 Y56.572 E.01981
G1 X97.808 Y56.982 E.02033
G1 X97.389 Y57.502 E.02052
G1 X97.295 Y57.684 E.00629
G1 X97.28 Y57.721 E.00123
M204 S2000
G1 X96.946 Y57.505 F18000
M204 S1500
;TYPE:Inner wall
;WIDTH:0.45
G1 F4800
G1 X96.938 Y57.521 E.00061
G1 X96.606 Y58.36 E.0299
G1 X96.54 Y58.601 E.00829
G1 X96.48 Y59.227 E.02086
G1 X96.48 Y89.282 E.99699
G1 X96.54 Y89.907 E.02081
G1 X96.724 Y90.585 E.02332
G1 X97.061 Y91.236 E.02431
G1 X97.532 Y91.807 E.02455
G1 X98.112 Y92.273 E.02469
G1 X98.753 Y92.605 E.02394
G1 X98.993 Y92.677 E.00833
G1 X99.836 Y92.844 E.0285
G1 X100.05 Y92.865 E.00714
G1 X140.103 Y92.865 E1.32861
G1 X140.736 Y92.804 E.02111
G1 X141.416 Y92.606 E.0235
G1 X142.057 Y92.271 E.024
G1 X142.623 Y91.805 E.0243
G1 X143.096 Y91.238 E.02451
G1 X143.219 Y91 E.00888
G1 X143.557 Y90.157 E.03011
G1 X143.629 Y89.911 E.00853
G1 X143.685 Y89.28 E.02099
G1 X143.685 Y59.228 E.99688
G1 X143.628 Y58.597 E.02104
G1 X143.43 Y57.928 E.02313
G1 X143.097 Y57.285 E.02402
G1 X142.623 Y56.704 E.02488
G1 X142.055 Y56.244 E.02426
G1 X141.416 Y55.91 E.02393
G1 X140.734 Y55.712 E.02354
G1 X140.101 Y55.655 E.02108
G1 X100.052 Y55.655 E1.3285
G1 X99.421 Y55.712 E.02101
G1 X98.753 Y55.911 E.02312
G1 X98.114 Y56.241 E.02386
G1 X97.531 Y56.702 E.02465
G1 X97.059 Y57.287 E.02492
G1 X96.955 Y57.487 E.00749
M204 S2000
G1 X96.606 Y57.309 F18000
;TYPE:Gap infill
;WIDTH:0.426349
G1 F6000
G1 X96.576 Y57.368 E.00207
;WIDTH:0.446842
G1 X96.385 Y57.792 E.01532
G1 X96.296 Y58.053 E.00907
;WIDTH:0.420275
G1 X96.24 Y58.247 E.00622
;WIDTH:0.394909
G1 X96.171 Y58.548 E.00884
G1 X96.088 Y59.199 E.01884
;WIDTH:0.43004
G1 X96.086 Y89.292 E.94928
G1 X96.151 Y89.986 E.02199
G1 X96.353 Y90.708 E.02367
G1 X96.723 Y91.435 E.02573
G1 X97.245 Y92.071 E.02593
G1 X97.889 Y92.606 E.02642
G1 X98.62 Y92.981 E.02593
G1 X98.907 Y93.062 E.0094
G1 X99.77 Y93.23 E.02773
G1 X100.125 Y93.262 E.01124
G1 X140.029 Y93.262 E1.25879
G1 X140.807 Y93.194 E.02462
G1 X141.546 Y92.98 E.02429
G1 X142.269 Y92.608 E.02566
G1 X142.8 Y92.177 E.02156
G1 X143.002 Y91.974 E.00904
G1 X143.43 Y91.45 E.02132
G1 X143.581 Y91.156 E.01044
;WIDTH:0.428651
G1 X143.781 Y90.719 E.01509
G1 X144.018 Y89.985 E.02427
G1 X144.084 Y89.208 E.02448
G1 X144.075 Y59.116 E.94586
G1 X144.02 Y58.541 E.01817
G1 X143.802 Y57.792 E.02451
G1 X143.416 Y57.053 E.02622
G1 X142.911 Y56.43 E.02521
G1 X142.269 Y55.91 E.02596
G1 X141.547 Y55.538 E.02553
G1 X141.292 Y55.463 E.00836
;WIDTH:0.411732
G1 X141.055 Y55.408 E.00732
;WIDTH:0.384847
G1 X140.786 Y55.346 E.00767
;WIDTH:0.387042
G1 X140.483 Y55.306 E.00859
;WIDTH:0.426349
G1 X140.11 Y55.262 E.01173
G1 X100.043 Y55.261 E1.25188
G1 X99.357 Y55.322 E.0215
G1 X98.622 Y55.536 E.02394
G1 X97.889 Y55.911 E.02571
G1 X97.236 Y56.441 E.02626
G1 X96.722 Y57.083 E.02572
G1 X96.616 Y57.291 E.00729
; stop printing object USV 1 e2mm.stl_1 id:1 copy 0
; end of layer_num: 36, T: 0, print_z: 7.240000
;LAYER_CHANGE
;Z:7.44
;HEIGHT:0.2
; BEFORE_LAYER_CHANGE 36 @ 7.44mm
G92 E0
; AFTER_LAYER_CHANGE 36 @ 7.44mm
; start of layer_num: 37, T: 0, print_z: 7.440000
; printing object "USV 1 e2mm.stl_3" id:0 copy 0
G1 E-.8 F3600
G1 X123.173 Y127.427 Z7.44 F18000
G1 E.8 F3600
M204 S1000
;TYPE:Outer wall
;WIDTH:0.42
G1 F3000
G1 X123.581 Y127.308 E.01304
G1 X124.54 Y127.125 E.03002
G1 X124.95 Y127.088 E.01265
G1 X165.136 Y127.098 E1.23479
G1 X165.801 Y127.168 E.02054
G1 X166.708 Y127.428 E.029
G1 X167.561 Y127.868 E.02948
G1 X168.321 Y128.492 E.03024
G1 X168.94 Y129.257 E.03023
G1 X169.386 Y130.123 E.02991
G1 X169.502 Y130.526 E.0129
G1 X169.713 Y131.689 E.03632
G1 X169.713 Y162.077 E.93373
G1 X169.642 Y162.754 E.02092
G1 X169.453 Y163.441 E.02192
G1 X169.297 Y163.841 E.01319
G1 X168.943 Y164.503 E.02307
G1 X168.473 Y165.103 E.02342
G1 X168.321 Y165.274 E.00701
G1 X168.155 Y165.42 E.0068
G1 X167.563 Y165.892 E.02326
G1 X166.702 Y166.338 E.0298
G1 X166.291 Y166.455 E.01312
G1 X165.331 Y166.637 E.03004
G1 X164.926 Y166.674 E.01249
G1 X124.95 Y166.674 E1.22835
G1 X124.063 Y166.593 E.02739
G1 X123.175 Y166.339 E.02838
G1 X122.314 Y165.892 E.0298
G1 X121.544 Y165.273 E.03036
G1 X120.922 Y164.503 E.03041
G1 X120.479 Y163.643 E.02975
G1 X120.22 Y162.753 E.02845
G1 X120.14 Y161.867 E.02735
G1 X120.14 Y131.887 E.9212
G1 X120.22 Y131.008 E.02713
G1 X120.479 Y130.123 E.02834
G1 X120.922 Y129.262 E.02975
G1 X121.544 Y128.492 E.03042
G1 X122.315 Y127.868 E.03048
G1 X123.155 Y127.436 E.02903
M204 S2000
G1 X123.305 Y127.797 F18000
M204 S1500
;TYPE:Inner wall
;WIDTH:0.45
G1 F4800
G1 X123.672 Y127.69 E.01271
G1 X124.595 Y127.513 E.03115
G1 X124.968 Y127.48 E.01243
G1 X165.115 Y127.49 E1.33177
G1 X165.726 Y127.554 E.02035
G1 X166.573 Y127.798 E.02925
G1 X167.341 Y128.195 E.02871
G1 X168.044 Y128.772 E.03015
G1 X168.606 Y129.463 E.02954
G1 X169.02 Y130.268 E.03003
G1 X169.12 Y130.615 E.01199
G1 X169.321 Y131.724 E.03737
G1 X169.321 Y162.056 E1.00617
G1 X169.255 Y162.681 E.02084
G1 X169.077 Y163.328 E.02226
G1 X168.945 Y163.668 E.0121
G1 X168.614 Y164.288 E.02334
G1 X168.171 Y164.852 E.02375
G1 X167.903 Y165.12 E.01257
G1 X167.349 Y165.561 E.02352
G1 X166.557 Y165.972 E.02959
G1 X166.201 Y166.073 E.01226
G1 X165.276 Y166.248 E.03122
G1 X164.908 Y166.282 E.01226
G1 X124.968 Y166.282 E1.32489
G1 X124.135 Y166.206 E.02775
G1 X123.321 Y165.973 E.0281
G1 X122.529 Y165.562 E.02958
G1 X121.822 Y164.994 E.03008
G1 X121.252 Y164.288 E.0301
G1 X120.845 Y163.497 E.02952
G1 X120.607 Y162.68 E.02821
G1 X120.532 Y161.849 E.02768
G1 X120.532 Y131.905 E.99331
G1 X120.607 Y131.081 E.02743
G1 X120.845 Y130.269 E.02808
G1 X121.252 Y129.477 E.02954
G1 X121.823 Y128.771 E.03013
G1 X122.533 Y128.197 E.0303
G1 X123.287 Y127.806 E.02815
M204 S2000
G1 E-.8 F3600
G1 X121.856 Y162.726 F18000
G1 E.8 F3600
M204 S1000
;TYPE:Outer wall
;WIDTH:0.42
G1 F3000
G1 X122.139 Y163.433 E.02341
G1 X122.248 Y163.643 E.00726
G1 X122.67 Y164.148 E.02024
G1 X123.175 Y164.566 E.02013
G1 X123.746 Y164.863 E.01979
G1 X124.353 Y165.04 E.01942
G1 X124.931 Y165.096 E.01783
G1 X164.946 Y165.096 E1.22956
G1 X165.149 Y165.076 E.00628
G1 X165.899 Y164.927 E.02349
G1 X166.115 Y164.863 E.0069
G1 X166.688 Y164.566 E.01984
G1 X167.206 Y164.149 E.02044
G1 X167.625 Y163.642 E.0202
G1 X167.924 Y163.065 E.01996
G1 X168.088 Y162.458 E.01932
G1 X168.143 Y161.887 E.01765
G1 X168.143 Y131.868 E.9224
G1 X168.088 Y131.29 E.01782
G1 X168.028 Y131.075 E.00687
G1 X167.733 Y130.331 E.02458
G1 X167.625 Y130.123 E.00721
G1 X167.206 Y129.613 E.02028
G1 X166.688 Y129.195 E.02046
G1 X166.115 Y128.898 E.01984
G1 X165.519 Y128.721 E.01908
G1 X164.945 Y128.67 E.01772
G1 X124.931 Y128.67 E1.22951
G1 X124.354 Y128.721 E.01782
G1 X123.746 Y128.898 E.01944
G1 X123.175 Y129.196 E.01979
G1 X122.67 Y129.613 E.02015
G1 X122.248 Y130.123 E.02032
G1 X121.95 Y130.693 E.01978
G1 X121.774 Y131.289 E.01909
G1 X121.722 Y131.868 E.01787
G1 X121.722 Y161.886 E.92236
G1 X121.773 Y162.46 E.0177
G1 X121.838 Y162.68 E.00705
G1 X121.848 Y162.707 E.00089
M204 S2000
G1 X121.461 Y162.791 F18000
M204 S1500
;TYPE:Inner wall
;WIDTH:0.45
G1 F4800
G1 X121.466 Y162.808 E.00059
G1 X121.782 Y163.596 E.02816
G1 X121.919 Y163.861 E.00989
G1 X122.392 Y164.427 E.02447
G1 X122.957 Y164.894 E.02431
G1 X123.599 Y165.229 E.02403
G1 X124.279 Y165.427 E.02347
G1 X124.912 Y165.488 E.02109
G1 X164.965 Y165.488 E1.32864
G1 X165.207 Y165.464 E.00805
G1 X165.993 Y165.308 E.02661
G1 X166.262 Y165.229 E.00929
G1 X166.903 Y164.896 E.02397
G1 X167.483 Y164.429 E.0247
G1 X167.954 Y163.86 E.02451
G1 X168.291 Y163.208 E.02433
G1 X168.475 Y162.529 E.02335
G1 X168.535 Y161.905 E.02078
G1 X168.535 Y131.849 E.99702
G1 X168.475 Y131.219 E.021
G1 X168.401 Y130.95 E.00927
G1 X168.09 Y130.168 E.0279
G1 X167.954 Y129.906 E.0098
G1 X167.484 Y129.333 E.02458
G1 X166.903 Y128.865 E.02474
G1 X166.262 Y128.533 E.02397
G1 X165.594 Y128.334 E.02312
G1 X164.963 Y128.278 E.02101
G1 X124.914 Y128.278 E1.3285
G1 X124.281 Y128.334 E.02108
G1 X123.599 Y128.532 E.02354
G1 X122.957 Y128.867 E.02403
G1 X122.391 Y129.335 E.02435
G1 X121.919 Y129.905 E.02454
G1 X121.585 Y130.546 E.02398
G1 X121.386 Y131.215 E.02316
G1 X121.33 Y131.851 E.02117
G1 X121.33 Y161.904 E.99691
G1 X121.386 Y162.533 E.02095
G1 X121.456 Y162.772 E.00826
G1 E-.8 F3600
M204 S2000
G1 X121.077 Y162.881 F18000
G1 E.8 F3600
;TYPE:Gap infill
;WIDTH:0.430999
G1 F6000
G1 X121.09 Y162.928 E.00153
G1 X121.233 Y163.342 E.01386
G1 X121.584 Y164.072 E.02561
G1 X122.107 Y164.709 E.02605
G1 X122.746 Y165.229 E.02608
G1 X123.468 Y165.603 E.0257
G1 X124.208 Y165.816 E.02435
G1 X124.986 Y165.885 E.0247
G1 X164.89 Y165.885 E1.26191
G1 X165.273 Y165.85 E.01215
G1 X166.097 Y165.69 E.02655
G1 X166.394 Y165.605 E.00977
G1 X167.131 Y165.225 E.02621
G1 X167.641 Y164.816 E.02068
G1 X167.868 Y164.591 E.01012
G1 X168.284 Y164.073 E.02099
G1 X168.587 Y163.497 E.02059
;WIDTH:0.42204
G1 X168.7 Y163.209 E.00958
G1 X168.864 Y162.607 E.01926
G1 X168.928 Y161.915 E.02147
G1 X168.925 Y131.76 E.9316
;WIDTH:0.415817
G1 X168.884 Y131.463 E.0091
;WIDTH:0.391063
G1 X168.838 Y131.137 E.00933
G1 X168.764 Y130.818 E.00931
;WIDTH:0.420217
G1 X168.732 Y130.706 E.00356
;WIDTH:0.428372
G1 X168.635 Y130.421 E.00947
G1 X168.272 Y129.674 E.02607
G1 X167.764 Y129.053 E.02522
G1 X167.137 Y128.542 E.02539
G1 X166.393 Y128.158 E.0263
G1 X165.65 Y127.943 E.0243
G1 X165.095 Y127.889 E.01752
G1 X124.986 Y127.879 E1.25979
G1 X124.65 Y127.905 E.01059
;WIDTH:0.418885
G1 X124.196 Y127.97 E.01405
G1 X123.446 Y128.167 E.02374
G1 X122.752 Y128.528 E.02398
G1 X122.123 Y129.04 E.02484
;WIDTH:0.426665
G1 X121.584 Y129.694 E.02648
G1 X121.213 Y130.415 E.02536
G1 X120.996 Y131.155 E.02413
G1 X120.936 Y131.825 E.02102
;WIDTH:0.430999
G1 X120.935 Y161.913 E.95149
G1 X120.997 Y162.607 E.02203
G1 X121.071 Y162.862 E.00841
; stop printing object USV 1 e2mm.stl_3 id:0 copy 0
; printing object "USV 1 e2mm.stl_1" id:1 copy 0
G1 E-.8 F3600
G1 X98.313 Y93.715 F18000
G1 E.8 F3600
M204 S1000
;TYPE:Outer wall
;WIDTH:0.42
G1 F3000
G1 X97.453 Y93.273 E.02972
G1 X96.865 Y92.796 E.02324
G1 X96.538 Y92.469 E.01422
G1 X96.072 Y91.882 E.02302
G1 X95.629 Y91.021 E.02977
G1 X95.373 Y90.132 E.02843
G1 X95.293 Y89.244 E.02739
G1 X95.293 Y59.265 E.92117
G1 X95.33 Y58.86 E.0125
G1 X95.512 Y57.905 E.02986
G1 X95.631 Y57.493 E.01317
G1 X95.718 Y57.296 E.00664
G1 X96.072 Y56.64 E.0229
G1 X96.542 Y56.036 E.02351
G1 X96.69 Y55.873 E.00676
G1 X97.453 Y55.247 E.03033
G1 X98.313 Y54.805 E.02972
G1 X99.213 Y54.545 E.02877
G1 X100.088 Y54.468 E.027
G1 X140.268 Y54.477 E1.23462
G1 X141.435 Y54.686 E.03643
G1 X141.84 Y54.804 E.01295
G1 X142.701 Y55.247 E.02975
G1 X143.471 Y55.87 E.03042
G1 X144.093 Y56.64 E.03042
G1 X144.536 Y57.5 E.02972
G1 X144.795 Y58.39 E.02849
G1 X144.864 Y59.058 E.02064
G1 X144.875 Y89.244 E.92753
G1 X144.795 Y90.131 E.02737
G1 X144.536 Y91.02 E.02845
G1 X144.093 Y91.882 E.02976
G1 X143.618 Y92.474 E.02333
G1 X143.471 Y92.64 E.00682
G1 X143.301 Y92.792 E.00699
G1 X142.701 Y93.272 E.02362
G1 X141.84 Y93.715 E.02975
G1 X140.952 Y93.971 E.0284
G1 X140.065 Y94.051 E.02739
G1 X100.089 Y94.051 E1.22835
G1 X99.684 Y94.014 E.01249
G1 X98.724 Y93.832 E.03003
G1 X98.332 Y93.721 E.01252
M204 S2000
G1 X98.457 Y93.349 F18000
M204 S1500
;TYPE:Inner wall
;WIDTH:0.45
G1 F4800
G1 X97.668 Y92.943 E.02944
G1 X97.128 Y92.504 E.02307
G1 X96.831 Y92.207 E.01393
G1 X96.403 Y91.669 E.02282
G1 X95.995 Y90.875 E.02959
G1 X95.761 Y90.059 E.02818
G1 X95.685 Y89.226 E.02774
G1 X95.685 Y59.283 E.99327
G1 X95.719 Y58.915 E.01226
G1 X95.894 Y57.997 E.03101
G1 X96 Y57.628 E.01273
G1 X96.401 Y56.854 E.0289
G1 X96.96 Y56.158 E.02961
G1 X97.669 Y55.577 E.03043
G1 X98.458 Y55.171 E.02943
G1 X99.285 Y54.932 E.02853
G1 X100.105 Y54.861 E.02732
G1 X140.233 Y54.869 E1.33113
G1 X141.346 Y55.068 E.03748
G1 X141.694 Y55.17 E.01204
G1 X142.486 Y55.578 E.02954
G1 X143.192 Y56.149 E.03013
G1 X143.763 Y56.855 E.03013
G1 X144.17 Y57.645 E.0295
G1 X144.409 Y58.466 E.02833
G1 X144.472 Y59.079 E.02044
G1 X144.483 Y89.226 E1.00006
G1 X144.408 Y90.058 E.02771
G1 X144.17 Y90.875 E.0282
G1 X143.762 Y91.667 E.02956
G1 X143.318 Y92.221 E.02357
G1 X143.048 Y92.492 E.01269
G1 X142.487 Y92.942 E.02385
G1 X141.695 Y93.349 E.02954
G1 X140.88 Y93.584 E.02814
G1 X140.047 Y93.659 E.02774
G1 X100.107 Y93.659 E1.32489
G1 X99.739 Y93.626 E.01226
G1 X98.814 Y93.45 E.03122
G1 X98.477 Y93.354 E.01164
M204 S2000
G1 E-.8 F3600
G1 X97.264 Y57.755 F18000
G1 E.8 F3600
M204 S1000
;TYPE:Outer wall
;WIDTH:0.42
G1 F3000
G1 X96.986 Y58.457 E.02317
G1 X96.927 Y58.672 E.00687
G1 X96.872 Y59.245 E.0177
G1 X96.872 Y89.263 E.92237
G1 X96.927 Y89.836 E.01768
G1 X97.091 Y90.442 E.01929
G1 X97.39 Y91.019 E.01995
G1 X97.809 Y91.527 E.02023
G1 X98.327 Y91.943 E.02043
G1 X98.9 Y92.24 E.01983
G1 X99.115 Y92.304 E.00691
G1 X99.866 Y92.453 E.0235
G1 X100.069 Y92.472 E.00628
G1 X140.084 Y92.472 E1.22955
G1 X140.662 Y92.418 E.01783
G1 X141.269 Y92.24 E.01943
G1 X141.84 Y91.943 E.01978
G1 X142.345 Y91.526 E.02012
G1 X142.767 Y91.019 E.02027
G1 X142.876 Y90.81 E.00726
G1 X143.177 Y90.058 E.02489
G1 X143.241 Y89.838 E.00704
G1 X143.293 Y89.263 E.01773
G1 X143.293 Y59.246 E.92233
G1 X143.241 Y58.671 E.01775
G1 X143.065 Y58.076 E.01908
G1 X142.768 Y57.502 E.01986
G1 X142.345 Y56.983 E.02056
G1 X141.839 Y56.573 E.02002
G1 X141.269 Y56.276 E.01976
G1 X140.661 Y56.099 E.01944
G1 X140.083 Y56.047 E.01782
G1 X100.07 Y56.047 E1.22951
G1 X99.495 Y56.099 E.01772
G1 X98.9 Y56.276 E.01908
G1 X98.328 Y56.572 E.01981
G1 X97.808 Y56.982 E.02033
G1 X97.389 Y57.502 E.02052
G1 X97.281 Y57.711 E.00722
G1 X97.271 Y57.737 E.00086
M204 S2000
G1 X96.917 Y57.565 F18000
M204 S1500
;TYPE:Inner wall
;WIDTH:0.45
G1 F4800
G1 X96.614 Y58.332 E.02735
G1 X96.54 Y58.601 E.00925
G1 X96.48 Y59.227 E.02086
G1 X96.48 Y89.282 E.99699
G1 X96.54 Y89.907 E.02081
G1 X96.724 Y90.585 E.02332
G1 X97.061 Y91.236 E.02431
G1 X97.532 Y91.807 E.02455
G1 X98.112 Y92.273 E.02469
G1 X98.753 Y92.605 E.02394
G1 X99.021 Y92.685 E.00929
G1 X99.809 Y92.841 E.02664
G1 X100.05 Y92.865 E.00805
G1 X140.103 Y92.865 E1.32861
G1 X140.736 Y92.804 E.02111
G1 X141.416 Y92.606 E.0235
G1 X142.057 Y92.271 E.024
G1 X142.623 Y91.805 E.0243
G1 X143.096 Y91.238 E.02451
G1 X143.233 Y90.973 E.00988
G1 X143.548 Y90.186 E.02814
G1 X143.629 Y89.911 E.00951
G1 X143.685 Y89.28 E.02099
G1 X143.685 Y59.228 E.99688
G1 X143.628 Y58.597 E.02104
G1 X143.43 Y57.928 E.02313
G1 X143.097 Y57.285 E.02402
G1 X142.623 Y56.704 E.02488
G1 X142.055 Y56.244 E.02426
G1 X141.416 Y55.91 E.02393
G1 X140.734 Y55.712 E.02354
G1 X140.101 Y55.655 E.02108
G1 X100.052 Y55.655 E1.3285
G1 X99.421 Y55.712 E.02101
G1 X98.753 Y55.911 E.02312
G1 X98.114 Y56.241 E.02387
G1 X97.531 Y56.702 E.02465
G1 X97.059 Y57.287 E.02492
G1 X96.925 Y57.547 E.00971
M204 S2000
G1 X96.577 Y57.366 F18000
;TYPE:Gap infill
;WIDTH:0.426012
G1 F6000
G1 X96.563 Y57.394 E.00099
;WIDTH:0.445124
G1 X96.389 Y57.776 E.01374
G1 X96.282 Y58.089 E.01085
;WIDTH:0.40365
G1 X96.169 Y58.547 E.01387
G1 X96.088 Y59.199 E.01931
;WIDTH:0.43006
G1 X96.086 Y89.292 E.94933
G1 X96.151 Y89.986 E.02199
G1 X96.353 Y90.708 E.02367
G1 X96.723 Y91.435 E.02573
G1 X97.245 Y92.071 E.02593
G1 X97.888 Y92.606 E.0264
G1 X98.62 Y92.981 E.02596
G1 X98.917 Y93.067 E.00974
G1 X99.743 Y93.228 E.02653
G1 X100.125 Y93.262 E.0121
G1 X140.029 Y93.262 E1.25885
G1 X140.807 Y93.194 E.02462
G1 X141.546 Y92.98 E.02429
G1 X142.27 Y92.607 E.02568
G1 X142.785 Y92.19 E.0209
G1 X143.015 Y91.959 E.01031
G1 X143.429 Y91.451 E.02068
G1 X143.595 Y91.129 E.01142
;WIDTH:0.428215
G1 X143.782 Y90.72 E.01412
G1 X144.018 Y89.985 E.02425
G1 X144.084 Y89.208 E.02446
G1 X144.074 Y59.099 E.94533
G1 X144.02 Y58.541 E.0176
G1 X143.802 Y57.792 E.02449
G1 X143.416 Y57.053 E.02619
G1 X142.911 Y56.43 E.02519
G1 X142.269 Y55.91 E.02593
G1 X141.547 Y55.538 E.0255
G1 X141.255 Y55.453 E.00954
;WIDTH:0.399183
G1 X140.787 Y55.345 E.01397
;WIDTH:0.389814
G1 X140.492 Y55.305 E.00839
;WIDTH:0.426012
G1 X140.11 Y55.262 E.01201
G1 X100.043 Y55.261 E1.25078
G1 X99.357 Y55.322 E.02149
G1 X98.622 Y55.536 E.02391
G1 X97.889 Y55.911 E.02569
G1 X97.236 Y56.441 E.02624
G1 X96.731 Y57.069 E.02518
G1 X96.586 Y57.349 E.00982
; stop printing object USV 1 e2mm.stl_1 id:1 copy 0
; end of layer_num: 37, T: 0, print_z: 7.440000
;LAYER_CHANGE
;Z:7.64
;HEIGHT:0.2
; BEFORE_LAYER_CHANGE 37 @ 7.64mm
G92 E0
; AFTER_LAYER_CHANGE 37 @ 7.64mm
; start of layer_num: 38, T: 0, print_z: 7.640000
; printing object "USV 1 e2mm.stl_3" id:0 copy 0
G1 E-.8 F3600
G1 X123.173 Y127.427 Z7.64 F18000
G1 E.8 F3600
M204 S1000
;TYPE:Outer wall
;WIDTH:0.42
G1 F3000
G1 X123.618 Y127.298 E.01423
G1 X124.503 Y127.128 E.02771
G1 X124.95 Y127.088 E.01378
G1 X165.154 Y127.099 E1.23534
G1 X165.8 Y127.168 E.01998
G1 X166.704 Y127.427 E.02889
G1 X167.353 Y127.746 E.02222
G1 X167.557 Y127.866 E.00728
G1 X168.321 Y128.492 E.03037
G1 X168.802 Y129.066 E.02298
G1 X168.943 Y129.261 E.00742
G1 X169.385 Y130.121 E.0297
G1 X169.513 Y130.563 E.01413
G1 X169.712 Y131.671 E.0346
G1 X169.712 Y162.094 E.93483
G1 X169.642 Y162.754 E.02037
G1 X169.459 Y163.423 E.02132
G1 X169.386 Y163.644 E.00716
G1 X169.289 Y163.859 E.00725
G1 X168.943 Y164.503 E.02246
G1 X168.486 Y165.087 E.02277
G1 X168.321 Y165.274 E.00766
G1 X168.14 Y165.434 E.00742
G1 X167.563 Y165.892 E.02264
G1 X166.702 Y166.338 E.02981
G1 X166.254 Y166.465 E.01432
G1 X165.367 Y166.633 E.02773
G1 X164.926 Y166.674 E.01361
G1 X124.95 Y166.674 E1.22835
G1 X124.063 Y166.593 E.02739
G1 X123.175 Y166.339 E.02838
G1 X122.314 Y165.892 E.0298
G1 X121.544 Y165.273 E.03036
G1 X120.922 Y164.503 E.03041
G1 X120.479 Y163.643 E.02975
G1 X120.22 Y162.753 E.02845
G1 X120.14 Y161.867 E.02735
G1 X120.14 Y131.887 E.9212
G1 X120.22 Y131.008 E.02713
G1 X120.479 Y130.123 E.02834
G1 X120.922 Y129.262 E.02975
G1 X121.544 Y128.492 E.03042
G1 X122.319 Y127.866 E.0306
G1 X122.524 Y127.746 E.0073
G1 X123.155 Y127.436 E.02161
M204 S2000
G1 X123.315 Y127.794 F18000
M204 S1500
;TYPE:Inner wall
;WIDTH:0.45
G1 F4800
G1 X123.71 Y127.679 E.01362
G1 X124.558 Y127.517 E.02866
G1 X124.968 Y127.48 E.01365
G1 X165.133 Y127.491 E1.33235
G1 X165.725 Y127.554 E.01975
G1 X166.562 Y127.795 E.02889
G1 X167.333 Y128.188 E.0287
G1 X168.044 Y128.772 E.03054
G1 X168.614 Y129.475 E.03001
G1 X169.018 Y130.263 E.02937
G1 X169.131 Y130.652 E.01343
G1 X169.32 Y131.706 E.03552
G1 X169.32 Y162.074 E1.00735
G1 X169.255 Y162.681 E.02025
G1 X169.084 Y163.31 E.02163
G1 X168.937 Y163.685 E.01338
G1 X168.614 Y164.288 E.02269
G1 X168.185 Y164.836 E.02307
G1 X168.044 Y164.996 E.00707
G1 X167.888 Y165.133 E.00687
G1 X167.349 Y165.561 E.02284
G1 X166.557 Y165.972 E.0296
G1 X166.164 Y166.083 E.01355
G1 X165.313 Y166.244 E.02873
G1 X164.908 Y166.282 E.01347
G1 X124.968 Y166.282 E1.32489
G1 X124.135 Y166.206 E.02775
G1 X123.321 Y165.972 E.0281
G1 X122.529 Y165.562 E.02958
G1 X121.822 Y164.994 E.03008
G1 X121.252 Y164.288 E.0301
G1 X120.845 Y163.497 E.02952
G1 X120.607 Y162.68 E.02821
G1 X120.532 Y161.849 E.02768
G1 X120.532 Y131.905 E.99331
G1 X120.607 Y131.081 E.02743
G1 X120.845 Y130.269 E.02808
G1 X121.252 Y129.477 E.02954
G1 X121.823 Y128.771 E.03013
G1 X122.542 Y128.189 E.03067
G1 X123.297 Y127.803 E.02815
M204 S2000
G1 E-.8 F3600
G1 X121.859 Y162.742 F18000
G1 E.8 F3600
M204 S1000
;TYPE:Outer wall
;WIDTH:0.42
G1 F3000
G1 X122.125 Y163.406 E.02196
G1 X122.248 Y163.643 E.00819
G1 X122.67 Y164.148 E.02024
G1 X123.175 Y164.566 E.02013
G1 X123.746 Y164.863 E.01979
G1 X124.353 Y165.04 E.01942
G1 X124.931 Y165.096 E.01783
G1 X164.946 Y165.096 E1.22956
G1 X165.177 Y165.073 E.00712
G1 X165.872 Y164.935 E.02177
G1 X166.115 Y164.863 E.00779
G1 X166.688 Y164.566 E.01984
G1 X167.206 Y164.149 E.02044
G1 X167.625 Y163.642 E.0202
G1 X167.924 Y163.065 E.01996
G1 X168.088 Y162.458 E.01932
G1 X168.143 Y161.887 E.01765
G1 X168.143 Y131.868 E.9224
G1 X168.088 Y131.29 E.01782
G1 X168.021 Y131.047 E.00776
G1 X167.747 Y130.358 E.02278
G1 X167.625 Y130.123 E.00813
G1 X167.206 Y129.613 E.02028
G1 X166.688 Y129.195 E.02046
G1 X166.115 Y128.898 E.01984
G1 X165.519 Y128.721 E.01908
G1 X164.945 Y128.67 E.01772
G1 X124.931 Y128.67 E1.22951
G1 X124.354 Y128.721 E.01782
G1 X123.746 Y128.898 E.01944
G1 X123.175 Y129.196 E.01979
G1 X122.67 Y129.613 E.02015
G1 X122.248 Y130.123 E.02032
G1 X121.95 Y130.693 E.01978
G1 X121.774 Y131.289 E.01909
G1 X121.722 Y131.868 E.01787
G1 X121.722 Y161.886 E.92236
G1 X121.773 Y162.46 E.0177
G1 X121.846 Y162.708 E.00796
G1 X121.852 Y162.724 E.00051
M204 S2000
G1 X121.481 Y162.853 F18000
M204 S1500
;TYPE:Inner wall
;WIDTH:0.45
G1 F4800
G1 X121.768 Y163.569 E.0256
G1 X121.919 Y163.861 E.0109
G1 X122.392 Y164.427 E.02447
G1 X122.957 Y164.894 E.02431
G1 X123.599 Y165.229 E.02403
G1 X124.279 Y165.427 E.02347
G1 X124.912 Y165.488 E.02109
G1 X164.965 Y165.488 E1.32864
G1 X165.234 Y165.462 E.00896
G1 X165.966 Y165.316 E.02475
G1 X166.262 Y165.229 E.01025
G1 X166.903 Y164.896 E.02397
G1 X167.483 Y164.429 E.0247
G1 X167.954 Y163.86 E.02451
G1 X168.291 Y163.208 E.02433
G1 X168.475 Y162.529 E.02335
G1 X168.535 Y161.905 E.02078
G1 X168.535 Y131.849 E.99702
G1 X168.475 Y131.219 E.021
G1 X168.393 Y130.922 E.01022
G1 X168.104 Y130.195 E.02596
G1 X167.954 Y129.906 E.01079
G1 X167.484 Y129.333 E.02458
G1 X166.903 Y128.865 E.02474
G1 X166.262 Y128.533 E.02397
G1 X165.594 Y128.334 E.02312
G1 X164.963 Y128.278 E.02101
G1 X124.914 Y128.278 E1.3285
G1 X124.281 Y128.334 E.02108
G1 X123.599 Y128.532 E.02354
G1 X122.957 Y128.867 E.02403
G1 X122.391 Y129.335 E.02435
G1 X121.919 Y129.905 E.02455
G1 X121.585 Y130.546 E.02398
G1 X121.386 Y131.215 E.02316
G1 X121.33 Y131.851 E.02117
G1 X121.33 Y161.904 E.99691
G1 X121.386 Y162.533 E.02095
G1 X121.474 Y162.834 E.01042
G1 E-.8 F3600
M204 S2000
G1 X121.095 Y162.944 F18000
G1 E.8 F3600
;TYPE:Gap infill
;WIDTH:0.430989
G1 F6000
G1 X121.098 Y162.956 E.0004
G1 X121.231 Y163.343 E.01293
G1 X121.584 Y164.072 E.02561
G1 X122.107 Y164.709 E.02605
G1 X122.746 Y165.229 E.02607
G1 X123.468 Y165.603 E.0257
G1 X124.208 Y165.816 E.02435
G1 X124.986 Y165.885 E.0247
G1 X164.89 Y165.885 E1.26188
G1 X165.3 Y165.848 E.01302
G1 X166.069 Y165.699 E.02477
G1 X166.394 Y165.605 E.01068
G1 X167.131 Y165.225 E.02623
G1 X167.626 Y164.829 E.02004
G1 X167.881 Y164.575 E.01138
G1 X168.284 Y164.073 E.02035
G1 X168.579 Y163.514 E.01998
;WIDTH:0.421334
G1 X168.706 Y163.19 E.01073
G1 X168.865 Y162.607 E.01865
G1 X168.927 Y161.915 E.02142
G1 X168.923 Y131.741 E.93044
;WIDTH:0.402607
G1 X168.844 Y131.166 E.01702
G1 X168.746 Y130.742 E.01276
;WIDTH:0.427952
G1 X168.634 Y130.414 E.01088
G1 X168.284 Y129.69 E.02522
G1 X167.764 Y129.053 E.02579
G1 X167.137 Y128.542 E.02538
G1 X166.393 Y128.158 E.02627
G1 X165.649 Y127.943 E.0243
G1 X165.112 Y127.89 E.01694
G1 X124.986 Y127.879 E1.25896
G1 X124.613 Y127.908 E.01173
;WIDTH:0.422494
G1 X124.195 Y127.968 E.01306
G1 X123.46 Y128.163 E.02353
G1 X122.755 Y128.526 E.02453
G1 X122.107 Y129.054 E.02587
G1 X121.584 Y129.694 E.02553
G1 X121.213 Y130.415 E.02509
G1 X120.996 Y131.155 E.02387
G1 X120.936 Y131.825 E.02079
;WIDTH:0.430989
G1 X120.935 Y161.913 E.95147
G1 X120.997 Y162.607 E.02203
G1 X121.089 Y162.925 E.01047
; stop printing object USV 1 e2mm.stl_3 id:0 copy 0
; printing object "USV 1 e2mm.stl_1" id:1 copy 0
G1 E-.8 F3600
G1 X98.313 Y93.715 F18000
G1 E.8 F3600
M204 S1000
;TYPE:Outer wall
;WIDTH:0.42
G1 F3000
G1 X97.452 Y93.273 E.02972
G1 X96.877 Y92.807 E.02275
G1 X96.527 Y92.458 E.01519
G1 X96.069 Y91.878 E.02268
G1 X95.63 Y91.022 E.02957
G1 X95.373 Y90.132 E.02848
G1 X95.293 Y89.244 E.02739
G1 X95.293 Y59.265 E.92117
G1 X95.333 Y58.824 E.01362
G1 X95.502 Y57.942 E.02757
G1 X95.631 Y57.493 E.01436
G1 X95.727 Y57.278 E.00725
G1 X96.072 Y56.639 E.02229
G1 X96.528 Y56.051 E.02289
G1 X96.69 Y55.873 E.00739
G1 X97.454 Y55.246 E.03039
G1 X98.308 Y54.806 E.0295
G1 X99.213 Y54.545 E.02894
G1 X100.088 Y54.468 E.027
G1 X140.287 Y54.478 E1.23518
G1 X141.398 Y54.675 E.0347
G1 X141.845 Y54.806 E.01429
G1 X142.699 Y55.246 E.02954
G1 X143.471 Y55.87 E.03048
G1 X144.093 Y56.64 E.03042
G1 X144.536 Y57.5 E.02972
G1 X144.795 Y58.39 E.0285
G1 X144.863 Y59.041 E.0201
G1 X144.875 Y89.244 E.92807
G1 X144.795 Y90.131 E.02737
G1 X144.536 Y91.02 E.02845
G1 X144.093 Y91.882 E.02976
G1 X143.631 Y92.458 E.0227
G1 X143.471 Y92.64 E.00745
G1 X143.286 Y92.806 E.00763
G1 X142.701 Y93.272 E.02298
G1 X141.84 Y93.715 E.02976
G1 X140.952 Y93.971 E.0284
G1 X140.065 Y94.051 E.02739
G1 X100.089 Y94.051 E1.22835
G1 X99.648 Y94.011 E.0136
G1 X98.761 Y93.843 E.02773
G1 X98.332 Y93.721 E.01372
M204 S2000
G1 X98.457 Y93.349 F18000
M204 S1500
;TYPE:Inner wall
;WIDTH:0.45
G1 F4800
G1 X97.668 Y92.942 E.02946
G1 X97.132 Y92.509 E.02284
G1 X96.826 Y92.203 E.01436
G1 X96.395 Y91.658 E.02307
G1 X95.997 Y90.88 E.02897
G1 X95.761 Y90.059 E.02834
G1 X95.685 Y89.226 E.02774
G1 X95.685 Y59.283 E.99327
G1 X95.722 Y58.879 E.01347
G1 X95.883 Y58.034 E.02853
G1 X96 Y57.628 E.01402
G1 X96.401 Y56.854 E.0289
G1 X96.828 Y56.303 E.02311
G1 X96.96 Y56.158 E.00651
G1 X97.673 Y55.573 E.0306
G1 X98.444 Y55.175 E.02877
G1 X99.285 Y54.932 E.02903
G1 X100.105 Y54.861 E.02732
G1 X140.252 Y54.87 E1.33174
G1 X141.309 Y55.058 E.03561
G1 X141.708 Y55.174 E.0138
G1 X142.482 Y55.574 E.02888
G1 X143.192 Y56.149 E.0303
G1 X143.763 Y56.855 E.03013
G1 X144.17 Y57.645 E.0295
G1 X144.409 Y58.466 E.02834
G1 X144.471 Y59.061 E.01985
G1 X144.483 Y89.226 E1.00064
G1 X144.408 Y90.058 E.02771
G1 X144.17 Y90.875 E.0282
G1 X143.762 Y91.667 E.02957
G1 X143.331 Y92.206 E.02289
G1 X143.192 Y92.363 E.00695
G1 X143.032 Y92.506 E.00711
G1 X142.487 Y92.942 E.02315
G1 X141.695 Y93.349 E.02956
G1 X140.88 Y93.584 E.02814
G1 X140.047 Y93.659 E.02774
G1 X100.107 Y93.659 E1.32489
G1 X99.702 Y93.622 E.01347
G1 X98.852 Y93.461 E.02873
G1 X98.477 Y93.354 E.01294
M204 S2000
G1 E-.8 F3600
G1 X97.254 Y57.771 F18000
G1 E.8 F3600
M204 S1000
;TYPE:Outer wall
;WIDTH:0.42
G1 F3000
G1 X96.994 Y58.429 E.02175
G1 X96.927 Y58.672 E.00775
G1 X96.872 Y59.245 E.0177
G1 X96.872 Y89.263 E.92237
G1 X96.927 Y89.836 E.01768
G1 X97.091 Y90.442 E.01929
G1 X97.39 Y91.019 E.01996
G1 X97.809 Y91.527 E.02023
G1 X98.327 Y91.943 E.02043
G1 X98.9 Y92.24 E.01983
G1 X99.143 Y92.313 E.0078
G1 X99.839 Y92.45 E.02178
G1 X100.069 Y92.472 E.00712
G1 X140.084 Y92.472 E1.22955
G1 X140.662 Y92.418 E.01783
G1 X141.269 Y92.24 E.01943
G1 X141.84 Y91.943 E.01978
G1 X142.345 Y91.526 E.02012
G1 X142.767 Y91.019 E.02027
G1 X142.89 Y90.783 E.00819
G1 X143.169 Y90.086 E.02307
G1 X143.241 Y89.838 E.00795
G1 X143.293 Y89.263 E.01773
G1 X143.293 Y59.246 E.92233
G1 X143.241 Y58.671 E.01775
G1 X143.065 Y58.076 E.01908
G1 X142.768 Y57.502 E.01986
G1 X142.345 Y56.983 E.02056
G1 X141.839 Y56.573 E.02002
G1 X141.269 Y56.276 E.01976
G1 X140.661 Y56.099 E.01944
G1 X140.083 Y56.047 E.01782
G1 X100.07 Y56.047 E1.22951
G1 X99.495 Y56.099 E.01772
G1 X98.9 Y56.276 E.01908
G1 X98.328 Y56.572 E.01981
G1 X97.808 Y56.982 E.02033
G1 X97.389 Y57.502 E.02052
G1 X97.267 Y57.738 E.00815
G1 X97.262 Y57.752 E.00047
M204 S2000
G1 X96.903 Y57.592 F18000
M204 S1500
;TYPE:Inner wall
;WIDTH:0.45
G1 F4800
G1 X96.622 Y58.304 E.0254
G1 X96.54 Y58.601 E.0102
G1 X96.48 Y59.227 E.02086
G1 X96.48 Y89.282 E.99699
G1 X96.54 Y89.907 E.02081
G1 X96.724 Y90.585 E.02332
G1 X97.061 Y91.236 E.02431
G1 X97.532 Y91.807 E.02455
G1 X98.112 Y92.273 E.02469
G1 X98.753 Y92.605 E.02394
G1 X99.049 Y92.694 E.01025
G1 X99.782 Y92.839 E.02478
G1 X100.05 Y92.865 E.00896
G1 X140.103 Y92.865 E1.32861
G1 X140.736 Y92.804 E.02111
G1 X141.416 Y92.606 E.0235
G1 X142.057 Y92.271 E.024
G1 X142.623 Y91.805 E.0243
G1 X143.096 Y91.238 E.02451
G1 X143.246 Y90.946 E.01088
G1 X143.54 Y90.214 E.02617
G1 X143.629 Y89.911 E.01049
G1 X143.685 Y89.28 E.02099
G1 X143.685 Y59.228 E.99688
G1 X143.628 Y58.597 E.02104
G1 X143.43 Y57.928 E.02313
G1 X143.097 Y57.285 E.02402
G1 X142.623 Y56.704 E.02488
G1 X142.055 Y56.244 E.02426
G1 X141.416 Y55.91 E.02393
G1 X140.734 Y55.712 E.02354
G1 X140.101 Y55.655 E.02108
G1 X100.052 Y55.655 E1.3285
G1 X99.421 Y55.712 E.02101
G1 X98.753 Y55.911 E.02312
G1 X98.114 Y56.241 E.02386
G1 X97.531 Y56.702 E.02465
G1 X97.059 Y57.287 E.02492
G1 X96.911 Y57.574 E.01071
M204 S2000
G1 X96.567 Y57.406 F18000
;TYPE:Gap infill
;WIDTH:0.426056
G1 F6000
G1 X96.387 Y57.775 E.01282
G1 X96.25 Y58.19 E.01364
;WIDTH:0.405245
G1 X96.168 Y58.547 E.01082
G1 X96.088 Y59.199 E.01939
;WIDTH:0.429398
G1 X96.086 Y89.292 E.94771
G1 X96.151 Y89.986 E.02195
G1 X96.353 Y90.708 E.02363
G1 X96.724 Y91.44 E.02584
G1 X97.244 Y92.071 E.02576
G1 X97.887 Y92.606 E.02633
G1 X98.62 Y92.981 E.02594
G1 X98.945 Y93.076 E.01064
G1 X99.715 Y93.226 E.02472
G1 X100.125 Y93.262 E.01294
G1 X140.13 Y93.257 E1.25989
G1 X140.807 Y93.194 E.02139
G1 X141.548 Y92.979 E.02432
G1 X142.271 Y92.607 E.0256
G1 X142.912 Y92.071 E.02632
G1 X143.429 Y91.451 E.02542
G1 X143.783 Y90.721 E.02558
G1 X144.018 Y89.985 E.02432
G1 X144.084 Y89.208 E.02453
G1 X144.072 Y59.082 E.94877
G1 X144.02 Y58.541 E.01712
G1 X143.802 Y57.792 E.02456
G1 X143.416 Y57.053 E.02627
G1 X142.911 Y56.43 E.02526
G1 X142.263 Y55.906 E.02623
G1 X141.566 Y55.544 E.02474
G1 X141.219 Y55.442 E.01139
;WIDTH:0.405319
G1 X140.787 Y55.343 E.0131
G1 X140.11 Y55.263 E.02012
;WIDTH:0.426056
G1 X100.026 Y55.263 E1.25146
G1 X99.357 Y55.322 E.02095
G1 X98.622 Y55.536 E.02392
G1 X97.883 Y55.917 E.02596
G1 X97.239 Y56.438 E.02584
G1 X96.731 Y57.069 E.02531
G1 X96.576 Y57.388 E.01107
; stop printing object USV 1 e2mm.stl_1 id:1 copy 0
; end of layer_num: 38, T: 0, print_z: 7.640000
;LAYER_CHANGE
;Z:7.84
;HEIGHT:0.2
; BEFORE_LAYER_CHANGE 38 @ 7.84mm
G92 E0
; AFTER_LAYER_CHANGE 38 @ 7.84mm
; start of layer_num: 39, T: 0, print_z: 7.840000
; printing object "USV 1 e2mm.stl_3" id:0 copy 0
G1 E-.8 F3600
G1 X123.174 Y127.426 Z7.84 F18000
G1 E.8 F3600
M204 S1000
;TYPE:Outer wall
;WIDTH:0.42
G1 F3000
G1 X123.65 Y127.288 E.01524
G1 X124.467 Y127.131 E.02556
G1 X124.95 Y127.088 E.01492
G1 X165.166 Y127.1 E1.23572
G1 X165.802 Y127.168 E.01965
G1 X166.7 Y127.425 E.02869
G1 X167.335 Y127.736 E.02174
G1 X167.557 Y127.865 E.0079
G1 X168.324 Y128.495 E.03048
G1 X168.501 Y128.692 E.00813
G1 X168.945 Y129.264 E.02227
G1 X169.075 Y129.489 E.00797
G1 X169.385 Y130.121 E.02163
G1 X169.524 Y130.599 E.01531
G1 X169.711 Y131.653 E.03289
G1 X169.711 Y162.112 E.93592
G1 X169.642 Y162.756 E.0199
G1 X169.385 Y163.646 E.02847
G1 X169.28 Y163.877 E.00778
G1 X168.942 Y164.506 E.02195
G1 X168.79 Y164.713 E.0079
G1 X168.319 Y165.276 E.02253
G1 X168.125 Y165.447 E.00795
G1 X167.563 Y165.891 E.02201
G1 X166.702 Y166.338 E.02981
G1 X166.216 Y166.476 E.01551
G1 X165.398 Y166.631 E.02558
G1 X164.931 Y166.674 E.01441
G1 X124.948 Y166.674 E1.22857
G1 X124.067 Y166.595 E.02718
G1 X123.175 Y166.339 E.02853
G1 X122.314 Y165.892 E.0298
G1 X121.544 Y165.273 E.03036
G1 X120.922 Y164.503 E.03041
G1 X120.479 Y163.643 E.02975
G1 X120.22 Y162.753 E.02845
G1 X120.14 Y161.867 E.02735
G1 X120.14 Y131.887 E.9212
G1 X120.22 Y131.008 E.02713
G1 X120.479 Y130.123 E.02834
G1 X120.922 Y129.262 E.02975
G1 X121.544 Y128.492 E.03042
G1 X122.316 Y127.868 E.03049
G1 X122.94 Y127.531 E.0218
G1 X123.155 Y127.434 E.00725
M204 S2000
G1 X123.317 Y127.792 F18000
M204 S1500
;TYPE:Inner wall
;WIDTH:0.45
G1 F4800
G1 X123.733 Y127.671 E.01435
G1 X124.521 Y127.52 E.02664
G1 X124.968 Y127.48 E.01487
G1 X165.135 Y127.491 E1.33243
G1 X165.73 Y127.554 E.01984
G1 X166.55 Y127.788 E.02829
G1 X167.333 Y128.188 E.02915
G1 X168.052 Y128.779 E.03087
G1 X168.619 Y129.484 E.03001
G1 X169.018 Y130.263 E.02903
G1 X169.141 Y130.689 E.01471
G1 X169.319 Y131.688 E.03367
G1 X169.319 Y162.091 E1.00853
G1 X169.255 Y162.688 E.01993
G1 X169.017 Y163.508 E.02831
G1 X168.929 Y163.703 E.00711
G1 X168.61 Y164.296 E.02235
G1 X168.037 Y165.001 E.03012
G1 X167.873 Y165.146 E.00726
G1 X167.349 Y165.561 E.02217
G1 X166.557 Y165.972 E.02962
G1 X166.126 Y166.094 E.01485
G1 X165.335 Y166.244 E.02673
G1 X164.923 Y166.282 E.01371
G1 X124.963 Y166.282 E1.32557
G1 X124.149 Y166.21 E.0271
G1 X123.321 Y165.972 E.02857
G1 X122.529 Y165.562 E.02958
G1 X121.822 Y164.994 E.03008
G1 X121.252 Y164.288 E.0301
G1 X120.845 Y163.497 E.02952
G1 X120.607 Y162.68 E.02821
G1 X120.532 Y161.849 E.02768
G1 X120.532 Y131.905 E.99331
G1 X120.607 Y131.081 E.02743
G1 X120.845 Y130.269 E.02808
G1 X121.252 Y129.477 E.02954
G1 X121.823 Y128.771 E.03013
G1 X122.534 Y128.196 E.03034
G1 X123.113 Y127.883 E.02184
G1 X123.299 Y127.8 E.00675
M204 S2000
G1 E-.8 F3600
G1 X121.863 Y162.759 F18000
G1 E.8 F3600
M204 S1000
;TYPE:Outer wall
;WIDTH:0.42
G1 F3000
G1 X122.111 Y163.379 E.02052
G1 X122.248 Y163.643 E.00912
G1 X122.67 Y164.148 E.02024
G1 X123.175 Y164.566 E.02013
G1 X123.746 Y164.863 E.01979
G1 X124.353 Y165.04 E.01942
G1 X124.931 Y165.096 E.01783
G1 X164.946 Y165.096 E1.22956
G1 X165.204 Y165.071 E.00796
G1 X165.844 Y164.944 E.02005
G1 X166.115 Y164.863 E.00868
G1 X166.688 Y164.566 E.01984
G1 X167.206 Y164.149 E.02044
G1 X167.625 Y163.642 E.0202
G1 X167.924 Y163.065 E.01996
G1 X168.088 Y162.458 E.01932
G1 X168.143 Y161.887 E.01765
G1 X168.143 Y131.868 E.9224
G1 X168.088 Y131.29 E.01782
G1 X168.013 Y131.019 E.00865
G1 X167.761 Y130.385 E.02098
G1 X167.625 Y130.123 E.00906
G1 X167.206 Y129.613 E.02028
G1 X166.688 Y129.195 E.02046
G1 X166.115 Y128.898 E.01984
G1 X165.519 Y128.721 E.01908
G1 X164.945 Y128.67 E.01772
G1 X124.931 Y128.67 E1.22951
G1 X124.354 Y128.721 E.01782
G1 X123.746 Y128.898 E.01944
G1 X123.175 Y129.196 E.01979
G1 X122.67 Y129.613 E.02015
G1 X122.248 Y130.123 E.02032
G1 X121.95 Y130.693 E.01978
G1 X121.774 Y131.289 E.01909
G1 X121.722 Y131.868 E.01787
G1 X121.722 Y161.886 E.92236
G1 X121.773 Y162.46 E.0177
G1 X121.854 Y162.737 E.00887
G1 X121.855 Y162.741 E.00012
M204 S2000
G1 X121.478 Y162.848 F18000
M204 S1500
;TYPE:Inner wall
;WIDTH:0.45
G1 F4800
G1 X121.483 Y162.865 E.00058
G1 X121.755 Y163.542 E.02422
G1 X121.919 Y163.861 E.0119
G1 X122.392 Y164.427 E.02447
G1 X122.957 Y164.894 E.02431
G1 X123.599 Y165.229 E.02403
G1 X124.279 Y165.427 E.02347
G1 X124.912 Y165.488 E.02109
G1 X164.965 Y165.488 E1.32864
G1 X165.261 Y165.459 E.00986
G1 X165.938 Y165.325 E.02289
G1 X166.262 Y165.229 E.01121
G1 X166.903 Y164.896 E.02397
G1 X167.483 Y164.429 E.0247
G1 X167.954 Y163.86 E.02451
G1 X168.291 Y163.208 E.02433
G1 X168.475 Y162.529 E.02335
G1 X168.535 Y161.905 E.02078
G1 X168.535 Y131.849 E.99702
G1 X168.475 Y131.219 E.021
G1 X168.385 Y130.894 E.01118
G1 X168.118 Y130.221 E.02402
G1 X167.954 Y129.906 E.01179
G1 X167.484 Y129.333 E.02458
G1 X166.903 Y128.865 E.02474
G1 X166.262 Y128.533 E.02397
G1 X165.594 Y128.334 E.02312
G1 X164.963 Y128.278 E.02101
G1 X124.914 Y128.278 E1.3285
G1 X124.281 Y128.334 E.02108
G1 X123.599 Y128.532 E.02354
G1 X122.957 Y128.867 E.02403
G1 X122.391 Y129.335 E.02435
G1 X121.919 Y129.905 E.02454
G1 X121.585 Y130.546 E.02398
G1 X121.386 Y131.215 E.02316
G1 X121.33 Y131.851 E.02117
G1 X121.33 Y161.904 E.99691
G1 X121.386 Y162.533 E.02095
G1 X121.472 Y162.829 E.01023
G1 E-.8 F3600
M204 S2000
G1 X121.093 Y162.938 F18000
G1 E.8 F3600
;TYPE:Gap infill
;WIDTH:0.428052
G1 F6000
G1 X121.107 Y162.985 E.00151
G1 X121.23 Y163.343 E.0119
G1 X121.584 Y164.072 E.02542
G1 X122.107 Y164.709 E.02585
G1 X122.723 Y165.212 E.02495
G1 X123.468 Y165.603 E.02642
G1 X124.226 Y165.82 E.02475
G1 X124.978 Y165.885 E.02369
G1 X164.91 Y165.885 E1.25319
G1 X165.327 Y165.846 E.01316
G1 X166.035 Y165.708 E.02263
G1 X166.409 Y165.6 E.01222
G1 X167.132 Y165.224 E.02555
G1 X167.616 Y164.838 E.01944
G1 X167.775 Y164.697 E.00667
G1 X168.292 Y164.059 E.02577
G1 X168.649 Y163.369 E.02438
G1 X168.868 Y162.584 E.02559
G1 X168.927 Y161.915 E.02107
G1 X168.922 Y131.723 E.94753
;WIDTH:0.404833
G1 X168.846 Y131.166 E.01658
G1 X168.754 Y130.76 E.01228
;WIDTH:0.428513
G1 X168.635 Y130.412 E.01154
G1 X168.29 Y129.701 E.02485
G1 X167.774 Y129.062 E.02581
G1 X167.137 Y128.542 E.02581
G1 X166.401 Y128.159 E.02608
G1 X165.656 Y127.944 E.02437
G1 X165.109 Y127.89 E.01728
G1 X124.986 Y127.879 E1.2607
G1 X124.577 Y127.911 E.01291
;WIDTH:0.423174
G1 X124.195 Y127.967 E.01195
G1 X123.463 Y128.16 E.02345
G1 X122.753 Y128.527 E.02478
G1 X122.107 Y129.054 E.02584
G1 X121.584 Y129.694 E.02558
G1 X121.213 Y130.415 E.02513
G1 X120.996 Y131.155 E.02391
G1 X120.936 Y131.825 E.02083
;WIDTH:0.428052
G1 X120.935 Y161.913 E.94426
G1 X120.997 Y162.607 E.02186
G1 X121.088 Y162.919 E.01021
; stop printing object USV 1 e2mm.stl_3 id:0 copy 0
; printing object "USV 1 e2mm.stl_1" id:1 copy 0
G1 E-.8 F3600
G1 X98.313 Y93.715 F18000
G1 E.8 F3600
M204 S1000
;TYPE:Outer wall
;WIDTH:0.42
G1 F3000
G1 X97.452 Y93.273 E.02973
G1 X96.892 Y92.821 E.02212
G1 X96.694 Y92.64 E.00825
G1 X96.513 Y92.442 E.00822
G1 X96.069 Y91.878 E.02205
G1 X95.94 Y91.654 E.00796
G1 X95.63 Y91.023 E.02162
G1 X95.372 Y90.127 E.02864
G1 X95.293 Y89.246 E.02718
G1 X95.293 Y59.265 E.92123
G1 X95.337 Y58.788 E.01473
G1 X95.491 Y57.98 E.02527
G1 X95.631 Y57.493 E.01555
G1 X95.735 Y57.259 E.00787
G1 X96.072 Y56.639 E.02167
G1 X96.514 Y56.066 E.02226
G1 X96.69 Y55.873 E.00802
G1 X97.457 Y55.244 E.03049
G1 X97.679 Y55.115 E.00788
G1 X98.311 Y54.805 E.02163
G1 X99.213 Y54.545 E.02884
G1 X100.088 Y54.468 E.027
G1 X140.305 Y54.479 E1.23575
G1 X141.362 Y54.665 E.03297
G1 X141.845 Y54.806 E.01548
G1 X142.075 Y54.91 E.00775
G1 X142.699 Y55.246 E.0218
G1 X143.472 Y55.871 E.03054
G1 X144.094 Y56.64 E.03039
G1 X144.536 Y57.498 E.02966
G1 X144.795 Y58.39 E.02856
G1 X144.863 Y59.028 E.01972
G1 X144.875 Y89.244 E.92844
G1 X144.795 Y90.131 E.02738
G1 X144.536 Y91.02 E.02845
G1 X144.093 Y91.882 E.02977
G1 X143.645 Y92.443 E.02207
G1 X143.471 Y92.64 E.00807
G1 X143.27 Y92.819 E.00827
G1 X142.702 Y93.272 E.02233
G1 X141.84 Y93.715 E.02976
G1 X140.947 Y93.973 E.02855
G1 X140.067 Y94.051 E.02718
G1 X100.084 Y94.051 E1.22857
G1 X99.617 Y94.009 E.01441
G1 X98.799 Y93.853 E.02558
G1 X98.332 Y93.721 E.01492
M204 S2000
G1 X98.457 Y93.349 F18000
M204 S1500
;TYPE:Inner wall
;WIDTH:0.45
G1 F4800
G1 X97.667 Y92.942 E.02947
G1 X97.147 Y92.523 E.02216
G1 X96.812 Y92.189 E.0157
G1 X96.395 Y91.658 E.02239
G1 X95.997 Y90.881 E.02897
G1 X95.757 Y90.045 E.02884
G1 X95.685 Y89.232 E.02709
G1 X95.685 Y59.283 E.99346
G1 X95.726 Y58.842 E.01468
G1 X95.873 Y58.071 E.02606
G1 X96 Y57.628 E.0153
G1 X96.087 Y57.432 E.00708
G1 X96.401 Y56.854 E.02183
G1 X96.814 Y56.318 E.02245
G1 X96.96 Y56.158 E.00718
G1 X97.681 Y55.567 E.03092
G1 X98.453 Y55.172 E.02876
G1 X99.285 Y54.932 E.02872
G1 X100.105 Y54.861 E.02732
G1 X140.271 Y54.871 E1.33236
G1 X141.272 Y55.047 E.03374
G1 X141.708 Y55.174 E.01507
G1 X142.481 Y55.574 E.02886
G1 X143.196 Y56.152 E.03048
G1 X143.765 Y56.855 E.03002
G1 X144.169 Y57.641 E.0293
G1 X144.409 Y58.466 E.02853
G1 X144.472 Y59.059 E.01978
G1 X144.483 Y89.226 E1.0007
G1 X144.408 Y90.058 E.02771
G1 X144.17 Y90.875 E.0282
G1 X143.762 Y91.668 E.02959
G1 X143.344 Y92.191 E.02221
G1 X143.192 Y92.363 E.00762
G1 X143.017 Y92.52 E.00779
G1 X142.488 Y92.941 E.02246
G1 X141.695 Y93.349 E.02957
G1 X140.866 Y93.588 E.02862
G1 X140.052 Y93.659 E.02709
G1 X100.092 Y93.659 E1.32557
G1 X99.681 Y93.622 E.0137
G1 X98.889 Y93.472 E.02672
G1 X98.477 Y93.354 E.01423
M204 S2000
G1 E-.8 F3600
G1 X97.245 Y57.786 F18000
G1 E.8 F3600
M204 S1000
;TYPE:Outer wall
;WIDTH:0.42
G1 F3000
G1 X97.002 Y58.401 E.02034
G1 X96.927 Y58.672 E.00864
G1 X96.872 Y59.245 E.0177
G1 X96.872 Y89.263 E.92237
G1 X96.927 Y89.836 E.01768
G1 X97.091 Y90.442 E.01929
G1 X97.39 Y91.019 E.01996
G1 X97.809 Y91.527 E.02023
G1 X98.327 Y91.943 E.02043
G1 X98.9 Y92.24 E.01983
G1 X99.171 Y92.321 E.00869
G1 X99.811 Y92.448 E.02006
G1 X100.069 Y92.472 E.00795
G1 X140.084 Y92.472 E1.22955
G1 X140.662 Y92.418 E.01783
G1 X141.269 Y92.24 E.01943
G1 X141.84 Y91.943 E.01978
G1 X142.345 Y91.526 E.02012
G1 X142.767 Y91.019 E.02027
G1 X142.903 Y90.756 E.00912
G1 X143.161 Y90.114 E.02124
G1 X143.241 Y89.838 E.00886
G1 X143.293 Y89.263 E.01773
G1 X143.293 Y59.246 E.92233
G1 X143.241 Y58.671 E.01775
G1 X143.065 Y58.076 E.01908
G1 X142.768 Y57.502 E.01986
G1 X142.345 Y56.983 E.02056
G1 X141.839 Y56.573 E.02002
G1 X141.269 Y56.276 E.01976
G1 X140.661 Y56.099 E.01944
G1 X140.083 Y56.047 E.01782
G1 X100.07 Y56.047 E1.22951
G1 X99.495 Y56.099 E.01772
G1 X98.9 Y56.276 E.01908
G1 X98.328 Y56.572 E.01981
G1 X97.808 Y56.982 E.02033
G1 X97.389 Y57.502 E.02052
G1 X97.253 Y57.765 E.00908
G1 X97.252 Y57.767 E.00008
M204 S2000
G1 X96.904 Y57.586 F18000
M204 S1500
;TYPE:Inner wall
;WIDTH:0.45
G1 F4800
G1 X96.896 Y57.602 E.0006
G1 X96.63 Y58.276 E.02406
G1 X96.54 Y58.601 E.01116
G1 X96.48 Y59.227 E.02086
G1 X96.48 Y89.282 E.99699
G1 X96.54 Y89.907 E.02081
G1 X96.724 Y90.585 E.02332
G1 X97.061 Y91.236 E.02431
G1 X97.532 Y91.807 E.02455
G1 X98.112 Y92.273 E.02469
G1 X98.753 Y92.605 E.02394
G1 X99.077 Y92.702 E.01122
G1 X99.754 Y92.836 E.02292
G1 X100.05 Y92.865 E.00986
G1 X140.103 Y92.865 E1.32861
G1 X140.736 Y92.804 E.02111
G1 X141.416 Y92.606 E.0235
G1 X142.057 Y92.271 E.024
G1 X142.623 Y91.805 E.0243
G1 X143.096 Y91.238 E.02451
G1 X143.26 Y90.919 E.01188
G1 X143.532 Y90.242 E.0242
G1 X143.629 Y89.911 E.01147
G1 X143.685 Y89.28 E.02099
G1 X143.685 Y59.228 E.99688
G1 X143.628 Y58.597 E.02104
G1 X143.43 Y57.928 E.02313
G1 X143.097 Y57.285 E.02402
G1 X142.623 Y56.704 E.02488
G1 X142.055 Y56.244 E.02426
G1 X141.416 Y55.91 E.02393
G1 X140.734 Y55.712 E.02354
G1 X140.101 Y55.655 E.02108
G1 X100.052 Y55.655 E1.3285
G1 X99.421 Y55.712 E.02101
G1 X98.753 Y55.911 E.02312
G1 X98.114 Y56.241 E.02386
G1 X97.531 Y56.702 E.02465
G1 X97.059 Y57.287 E.02492
G1 X96.914 Y57.568 E.01051
M204 S2000
G1 X96.57 Y57.4 F18000
;TYPE:Gap infill
;WIDTH:0.429467
G1 F6000
G1 X96.386 Y57.775 E.01315
G1 X96.254 Y58.162 E.01288
;WIDTH:0.4101
G1 X96.166 Y58.547 E.01183
G1 X96.088 Y59.199 E.01965
;WIDTH:0.429641
G1 X96.086 Y89.292 E.94831
G1 X96.147 Y89.968 E.02138
G1 X96.353 Y90.708 E.02423
G1 X96.724 Y91.441 E.02588
G1 X97.245 Y92.071 E.02574
G1 X97.887 Y92.605 E.02632
G1 X98.62 Y92.981 E.02598
G1 X98.98 Y93.086 E.01182
G1 X99.688 Y93.223 E.02272
G1 X100.105 Y93.262 E.01319
G1 X140.13 Y93.258 E1.26131
G1 X140.793 Y93.197 E.02096
G1 X141.548 Y92.979 E.02478
G1 X142.271 Y92.607 E.02564
G1 X142.91 Y92.082 E.02604
G1 X143.429 Y91.452 E.02573
G1 X143.785 Y90.721 E.02562
G1 X144.018 Y89.985 E.02434
G1 X144.084 Y89.208 E.02455
G1 X144.073 Y59.086 E.94925
G1 X144.02 Y58.541 E.01724
G1 X143.799 Y57.786 E.0248
G1 X143.417 Y57.052 E.02607
G1 X142.915 Y56.435 E.02507
G1 X142.262 Y55.906 E.02648
G1 X141.566 Y55.544 E.02473
G1 X141.183 Y55.432 E.01259
;WIDTH:0.425021
G1 X140.787 Y55.341 E.01264
G1 X140.11 Y55.263 E.02121
G1 X100.122 Y55.258 E1.24507
G1 X99.357 Y55.322 E.02391
G1 X98.588 Y55.549 E.02499
;WIDTH:0.429467
G1 X97.905 Y55.9 E.02417
G1 X97.232 Y56.445 E.02728
G1 X96.732 Y57.068 E.02515
G1 X96.578 Y57.382 E.01101
; stop printing object USV 1 e2mm.stl_1 id:1 copy 0
; end of layer_num: 39, T: 0, print_z: 7.840000
;LAYER_CHANGE
;Z:8.04
;HEIGHT:0.2
; BEFORE_LAYER_CHANGE 39 @ 8.04mm
G92 E0
; AFTER_LAYER_CHANGE 39 @ 8.04mm
; start of layer_num: 40, T: 0, print_z: 8.040000
; printing object "USV 1 e2mm.stl_3" id:0 copy 0
G1 E-.8 F3600
G1 X123.173 Y127.427 Z8.04 F18000
G1 E.8 F3600
M204 S1000
;TYPE:Outer wall
;WIDTH:0.42
G1 F3000
G1 X123.177 Y127.425 E.00012
G1 X123.428 Y127.339 E.00814
G1 X123.687 Y127.277 E.0082
G1 X124.43 Y127.135 E.02325
G1 X124.95 Y127.088 E.01605
G1 X164.93 Y127.088 E1.22848
G1 X165.184 Y127.101 E.0078
G1 X165.802 Y127.168 E.01911
G1 X166.445 Y127.339 E.02043
G1 X166.7 Y127.425 E.00828
G1 X167.318 Y127.725 E.02111
G1 X167.561 Y127.868 E.00866
G1 X168.321 Y128.491 E.03019
G1 X168.778 Y129.033 E.02178
G1 X168.943 Y129.261 E.00866
G1 X169.085 Y129.506 E.0087
G1 X169.385 Y130.12 E.02101
G1 X169.534 Y130.636 E.0165
G1 X169.711 Y131.635 E.03117
G1 X169.711 Y162.13 E.93702
G1 X169.642 Y162.756 E.01935
G1 X169.58 Y163.009 E.008
G1 X169.385 Y163.646 E.02048
G1 X169.272 Y163.895 E.00839
G1 X168.942 Y164.506 E.02134
G1 X168.778 Y164.73 E.00852
G1 X168.319 Y165.276 E.02191
G1 X168.11 Y165.46 E.00858
G1 X167.563 Y165.891 E.02138
G1 X166.698 Y166.34 E.02996
G1 X166.183 Y166.486 E.01644
G1 X165.435 Y166.627 E.02341
G1 X165.182 Y166.663 E.00785
G1 X164.931 Y166.674 E.0077
G1 X124.948 Y166.674 E1.22857
G1 X124.318 Y166.629 E.0194
G1 X124.065 Y166.594 E.00784
G1 X123.179 Y166.341 E.02834
G1 X122.314 Y165.892 E.02994
G1 X121.544 Y165.273 E.03036
G1 X120.922 Y164.503 E.03041
G1 X120.479 Y163.643 E.02975
G1 X120.22 Y162.753 E.02845
G1 X120.14 Y161.867 E.02735
G1 X120.14 Y131.887 E.9212
G1 X120.22 Y131.008 E.02713
G1 X120.479 Y130.123 E.02834
G1 X120.922 Y129.262 E.02975
G1 X121.544 Y128.492 E.03042
G1 X122.319 Y127.866 E.0306
G1 X122.559 Y127.725 E.00855
G1 X123.155 Y127.436 E.02038
M204 S2000
G1 X123.327 Y127.788 F18000
M204 S1500
;TYPE:Inner wall
;WIDTH:0.45
G1 F4800
G1 X123.77 Y127.66 E.0153
G1 X124.485 Y127.523 E.02415
G1 X124.968 Y127.48 E.01609
G1 X165.153 Y127.492 E1.33301
G1 X165.73 Y127.554 E.01927
G1 X166.551 Y127.789 E.02831
G1 X167.133 Y128.072 E.02148
G1 X167.344 Y128.195 E.00809
G1 X168.042 Y128.769 E.02999
G1 X168.469 Y129.275 E.02196
G1 X168.614 Y129.475 E.0082
G1 X168.739 Y129.691 E.00826
G1 X169.018 Y130.262 E.0211
G1 X169.152 Y130.725 E.01599
G1 X169.319 Y131.67 E.03182
G1 X169.319 Y162.108 E1.00971
G1 X169.255 Y162.688 E.01933
G1 X169.201 Y162.905 E.00742
G1 X169.017 Y163.508 E.0209
G1 X168.921 Y163.721 E.00776
G1 X168.61 Y164.296 E.02168
G1 X168.469 Y164.487 E.00787
G1 X168.038 Y165.001 E.02226
G1 X167.858 Y165.159 E.00794
G1 X167.35 Y165.561 E.02149
G1 X166.545 Y165.978 E.03007
G1 X166.101 Y166.102 E.01529
G1 X165.371 Y166.241 E.02467
G1 X164.923 Y166.282 E.01491
G1 X124.962 Y166.282 E1.32558
G1 X124.143 Y166.209 E.02726
G1 X123.332 Y165.978 E.02798
G1 X122.529 Y165.562 E.03
G1 X121.822 Y164.994 E.03008
G1 X121.252 Y164.288 E.0301
G1 X120.845 Y163.497 E.02952
G1 X120.607 Y162.68 E.02821
G1 X120.532 Y161.849 E.02768
G1 X120.532 Y131.905 E.99331
G1 X120.607 Y131.081 E.02743
G1 X120.845 Y130.269 E.02808
G1 X121.252 Y129.477 E.02954
G1 X121.823 Y128.771 E.03013
G1 X122.542 Y128.189 E.03067
G1 X122.744 Y128.072 E.00775
G1 X123.309 Y127.797 E.02084
M204 S2000
G1 E-.8 F3600
G1 X121.866 Y162.776 F18000
G1 E.8 F3600
M204 S1000
;TYPE:Outer wall
;WIDTH:0.42
G1 F3000
G1 X122.098 Y163.352 E.01909
G1 X122.248 Y163.643 E.01005
G1 X122.67 Y164.148 E.02024
G1 X123.175 Y164.566 E.02013
G1 X123.746 Y164.863 E.01979
G1 X124.353 Y165.04 E.01942
G1 X124.931 Y165.096 E.01783
G1 X164.946 Y165.096 E1.22956
G1 X165.231 Y165.068 E.0088
G1 X165.816 Y164.952 E.01832
G1 X166.115 Y164.863 E.00958
G1 X166.688 Y164.566 E.01984
G1 X167.206 Y164.149 E.02044
G1 X167.625 Y163.642 E.0202
G1 X167.924 Y163.065 E.01996
G1 X168.088 Y162.458 E.01932
G1 X168.143 Y161.887 E.01765
G1 X168.143 Y131.868 E.9224
G1 X168.088 Y131.29 E.01782
G1 X168.005 Y130.991 E.00953
G1 X167.775 Y130.411 E.01918
G1 X167.625 Y130.123 E.00998
G1 X167.206 Y129.613 E.02028
G1 X166.688 Y129.195 E.02046
G1 X166.115 Y128.898 E.01984
G1 X165.519 Y128.721 E.01908
G1 X164.945 Y128.67 E.01772
G1 X124.931 Y128.67 E1.22951
G1 X124.354 Y128.721 E.01782
G1 X123.746 Y128.898 E.01944
G1 X123.175 Y129.196 E.01979
G1 X122.67 Y129.613 E.02015
G1 X122.248 Y130.123 E.02032
G1 X121.95 Y130.693 E.01978
G1 X121.774 Y131.289 E.01909
G1 X121.722 Y131.868 E.01787
G1 X121.722 Y161.886 E.92236
G1 X121.773 Y162.46 E.0177
G1 X121.86 Y162.757 E.0095
M204 S2000
G1 X121.498 Y162.909 F18000
M204 S1500
;TYPE:Inner wall
;WIDTH:0.45
G1 F4800
G1 X121.741 Y163.516 E.02166
G1 X121.919 Y163.861 E.0129
G1 X122.392 Y164.427 E.02447
G1 X122.957 Y164.894 E.02431
G1 X123.599 Y165.229 E.02403
G1 X124.279 Y165.427 E.02347
G1 X124.912 Y165.488 E.02109
G1 X164.965 Y165.488 E1.32864
G1 X165.288 Y165.456 E.01077
G1 X165.91 Y165.333 E.02103
G1 X166.262 Y165.229 E.01218
G1 X166.903 Y164.896 E.02397
G1 X167.483 Y164.429 E.0247
G1 X167.954 Y163.86 E.02451
G1 X168.291 Y163.208 E.02433
G1 X168.475 Y162.529 E.02335
G1 X168.535 Y161.905 E.02078
G1 X168.535 Y131.849 E.99702
G1 X168.475 Y131.219 E.021
G1 X168.378 Y130.866 E.01214
G1 X168.132 Y130.248 E.02208
G1 X167.954 Y129.906 E.01279
G1 X167.484 Y129.333 E.02458
G1 X166.903 Y128.865 E.02474
G1 X166.262 Y128.533 E.02397
G1 X165.594 Y128.334 E.02312
G1 X164.963 Y128.278 E.02101
G1 X124.914 Y128.278 E1.3285
G1 X124.281 Y128.334 E.02108
G1 X123.599 Y128.532 E.02354
G1 X122.957 Y128.867 E.02403
G1 X122.391 Y129.335 E.02435
G1 X121.919 Y129.905 E.02454
G1 X121.585 Y130.546 E.02398
G1 X121.386 Y131.215 E.02316
G1 X121.33 Y131.851 E.02117
G1 X121.33 Y161.904 E.99691
G1 X121.386 Y162.533 E.02095
G1 X121.49 Y162.891 E.01237
G1 E-.8 F3600
M204 S2000
G1 X121.111 Y163.001 F18000
G1 E.8 F3600
;TYPE:Gap infill
;WIDTH:0.42794
G1 F6000
G1 X121.115 Y163.013 E.0004
G1 X121.229 Y163.344 E.01098
G1 X121.584 Y164.072 E.02541
G1 X122.107 Y164.709 E.02585
G1 X122.723 Y165.212 E.02495
G1 X123.483 Y165.609 E.02694
G1 X124.219 Y165.819 E.02399
G1 X124.978 Y165.885 E.0239
G1 X164.91 Y165.885 E1.25285
G1 X165.355 Y165.844 E.01401
G1 X166.014 Y165.716 E.02106
G1 X166.394 Y165.606 E.0124
G1 X167.132 Y165.224 E.0261
G1 X167.601 Y164.851 E.01879
G1 X167.775 Y164.697 E.00729
G1 X168.292 Y164.059 E.02577
G1 X168.65 Y163.369 E.02439
G1 X168.868 Y162.584 E.02557
G1 X168.927 Y161.915 E.02106
G1 X168.921 Y131.704 E.94784
;WIDTH:0.407793
G1 X168.848 Y131.166 E.01616
G1 X168.746 Y130.732 E.01324
;WIDTH:0.428334
G1 X168.636 Y130.411 E.01065
G1 X168.281 Y129.686 E.02537
G1 X167.762 Y129.05 E.02578
G1 X167.138 Y128.541 E.02528
G1 X166.404 Y128.16 E.02599
G1 X165.656 Y127.943 E.02444
G1 X165.126 Y127.891 E.01673
G1 X124.986 Y127.879 E1.26065
G1 X124.54 Y127.915 E.01406
;WIDTH:0.424121
G1 X124.194 Y127.965 E.01085
G1 X123.435 Y128.174 E.02446
G1 X122.755 Y128.526 E.0238
G1 X122.107 Y129.054 E.02598
G1 X121.584 Y129.694 E.02564
G1 X121.213 Y130.415 E.0252
G1 X120.996 Y131.155 E.02397
G1 X120.936 Y131.825 E.02088
;WIDTH:0.42794
G1 X120.935 Y161.913 E.94399
G1 X120.997 Y162.607 E.02186
G1 X121.106 Y162.981 E.01224
; stop printing object USV 1 e2mm.stl_3 id:0 copy 0
; printing object "USV 1 e2mm.stl_1" id:1 copy 0
G1 E-.8 F3600
G1 X98.313 Y93.716 F18000
G1 E.8 F3600
M204 S1000
;TYPE:Outer wall
;WIDTH:0.42
G1 F3000
G1 X97.452 Y93.272 E.02976
G1 X96.907 Y92.834 E.02148
G1 X96.694 Y92.64 E.00888
G1 X96.499 Y92.427 E.00885
G1 X96.07 Y91.879 E.02141
G1 X95.93 Y91.636 E.0086
G1 X95.63 Y91.023 E.02099
G1 X95.372 Y90.127 E.02865
G1 X95.337 Y89.877 E.00776
G1 X95.293 Y89.246 E.01942
G1 X95.293 Y59.26 E.92139
G1 X95.339 Y58.756 E.01555
G1 X95.48 Y58.017 E.02313
G1 X95.631 Y57.493 E.01673
G1 X95.743 Y57.241 E.00849
G1 X96.072 Y56.639 E.02106
G1 X96.5 Y56.081 E.02163
G1 X96.69 Y55.873 E.00865
G1 X97.455 Y55.246 E.0304
G1 X98.061 Y54.918 E.02116
G1 X98.308 Y54.806 E.00834
G1 X99.213 Y54.545 E.02894
G1 X100.088 Y54.468 E.027
G1 X140.323 Y54.48 E1.23631
G1 X141.325 Y54.654 E.03123
G1 X141.845 Y54.806 E.01666
G1 X142.093 Y54.918 E.00835
G1 X142.699 Y55.246 E.02119
G1 X143.472 Y55.871 E.03055
G1 X143.921 Y56.407 E.02148
G1 X144.092 Y56.637 E.00882
G1 X144.418 Y57.241 E.02109
G1 X144.535 Y57.495 E.00858
G1 X144.795 Y58.39 E.02865
G1 X144.862 Y59.011 E.01917
G1 X144.875 Y59.261 E.0077
G1 X144.875 Y89.244 E.9213
G1 X144.795 Y90.131 E.02738
G1 X144.536 Y91.02 E.02845
G1 X144.093 Y91.882 E.02977
G1 X143.658 Y92.428 E.02145
G1 X143.471 Y92.64 E.00869
G1 X143.255 Y92.833 E.00891
G1 X142.702 Y93.272 E.02169
G1 X141.84 Y93.715 E.02977
G1 X140.947 Y93.973 E.02855
G1 X140.697 Y94.007 E.00778
G1 X140.067 Y94.051 E.0194
G1 X100.084 Y94.051 E1.22857
G1 X99.833 Y94.041 E.0077
G1 X99.58 Y94.005 E.00784
G1 X98.832 Y93.863 E.02341
G1 X98.332 Y93.722 E.01596
M204 S2000
G1 X98.469 Y93.355 F18000
M204 S1500
;TYPE:Inner wall
;WIDTH:0.45
G1 F4800
G1 X97.667 Y92.942 E.02991
G1 X97.162 Y92.536 E.02147
G1 X96.799 Y92.174 E.01704
G1 X96.395 Y91.659 E.0217
G1 X95.997 Y90.881 E.02897
G1 X95.757 Y90.045 E.02886
G1 X95.685 Y89.232 E.02707
G1 X95.685 Y59.268 E.99396
G1 X95.726 Y58.82 E.01494
G1 X95.862 Y58.108 E.02404
G1 X96 Y57.628 E.01658
G1 X96.095 Y57.414 E.00773
G1 X96.401 Y56.854 E.02119
G1 X96.801 Y56.333 E.02179
G1 X96.96 Y56.158 E.00784
G1 X97.674 Y55.573 E.03064
G1 X98.444 Y55.175 E.02873
G1 X99.285 Y54.932 E.02903
G1 X100.105 Y54.861 E.02732
G1 X140.289 Y54.872 E1.33298
G1 X141.236 Y55.036 E.03187
G1 X141.708 Y55.174 E.01633
G1 X142.481 Y55.574 E.02884
G1 X143.196 Y56.152 E.03052
G1 X143.761 Y56.848 E.02973
G1 X144.166 Y57.633 E.02929
G1 X144.409 Y58.467 E.02882
G1 X144.471 Y59.042 E.01919
G1 X144.483 Y89.226 E1.00127
G1 X144.408 Y90.058 E.02771
G1 X144.17 Y90.875 E.0282
G1 X143.762 Y91.668 E.0296
G1 X143.358 Y92.176 E.02154
G1 X143.192 Y92.363 E.00828
G1 X143.002 Y92.533 E.00847
G1 X142.488 Y92.941 E.02176
G1 X141.695 Y93.349 E.02959
G1 X140.866 Y93.588 E.02862
G1 X140.053 Y93.659 E.02707
G1 X100.092 Y93.659 E1.32558
G1 X99.644 Y93.618 E.01491
G1 X98.914 Y93.48 E.02465
G1 X98.488 Y93.36 E.01469
M204 S2000
G1 E-.8 F3600
G1 X97.236 Y57.8 F18000
G1 E.8 F3600
M204 S1000
;TYPE:Outer wall
;WIDTH:0.42
G1 F3000
G1 X97.01 Y58.373 E.01893
G1 X96.927 Y58.672 E.00953
G1 X96.872 Y59.245 E.0177
G1 X96.872 Y89.263 E.92237
G1 X96.927 Y89.836 E.01768
G1 X97.091 Y90.442 E.01929
G1 X97.39 Y91.019 E.01995
G1 X97.809 Y91.527 E.02023
G1 X98.327 Y91.943 E.02043
G1 X98.9 Y92.24 E.01983
G1 X99.199 Y92.329 E.00958
G1 X99.784 Y92.445 E.01834
G1 X100.069 Y92.472 E.00879
G1 X140.084 Y92.472 E1.22955
G1 X140.662 Y92.418 E.01783
G1 X141.269 Y92.24 E.01943
G1 X141.84 Y91.943 E.01978
G1 X142.345 Y91.526 E.02012
G1 X142.767 Y91.019 E.02027
G1 X142.917 Y90.729 E.01005
G1 X143.153 Y90.143 E.01941
G1 X143.241 Y89.838 E.00976
G1 X143.293 Y89.263 E.01773
G1 X143.293 Y59.246 E.92233
G1 X143.241 Y58.671 E.01775
G1 X143.065 Y58.076 E.01908
G1 X142.768 Y57.502 E.01986
G1 X142.345 Y56.983 E.02056
G1 X141.839 Y56.573 E.02002
G1 X141.269 Y56.276 E.01976
G1 X140.661 Y56.099 E.01944
G1 X140.083 Y56.047 E.01782
G1 X100.07 Y56.047 E1.22951
G1 X99.495 Y56.099 E.01772
G1 X98.9 Y56.276 E.01908
G1 X98.328 Y56.572 E.01981
G1 X97.808 Y56.982 E.02033
G1 X97.389 Y57.502 E.02052
G1 X97.244 Y57.782 E.00969
M204 S2000
G1 X96.89 Y57.613 F18000
M204 S1500
;TYPE:Inner wall
;WIDTH:0.45
G1 F4800
G1 X96.882 Y57.629 E.0006
G1 X96.637 Y58.249 E.02211
G1 X96.54 Y58.601 E.01212
G1 X96.48 Y59.227 E.02086
G1 X96.48 Y89.282 E.99699
G1 X96.54 Y89.907 E.02081
G1 X96.724 Y90.585 E.02332
G1 X97.061 Y91.236 E.02431
G1 X97.532 Y91.807 E.02455
G1 X98.112 Y92.273 E.02469
G1 X98.753 Y92.605 E.02394
G1 X99.104 Y92.71 E.01218
G1 X99.727 Y92.834 E.02106
G1 X100.05 Y92.865 E.01077
G1 X140.103 Y92.865 E1.32861
G1 X140.736 Y92.804 E.02111
G1 X141.416 Y92.606 E.0235
G1 X142.057 Y92.271 E.024
G1 X142.623 Y91.805 E.0243
G1 X143.096 Y91.238 E.02451
G1 X143.274 Y90.893 E.01289
G1 X143.524 Y90.271 E.02222
G1 X143.629 Y89.911 E.01244
G1 X143.685 Y89.28 E.02099
G1 X143.685 Y59.228 E.99688
G1 X143.628 Y58.597 E.02104
G1 X143.43 Y57.928 E.02313
G1 X143.097 Y57.285 E.02402
G1 X142.623 Y56.704 E.02488
G1 X142.055 Y56.244 E.02426
G1 X141.416 Y55.91 E.02393
G1 X140.734 Y55.712 E.02355
G1 X140.101 Y55.655 E.02108
G1 X100.052 Y55.655 E1.3285
G1 X99.421 Y55.712 E.02101
G1 X98.753 Y55.911 E.02312
G1 X98.114 Y56.241 E.02387
G1 X97.531 Y56.702 E.02465
G1 X97.059 Y57.287 E.02492
G1 X96.9 Y57.595 E.01152
M204 S2000
G1 X96.55 Y57.409 F18000
;TYPE:Gap infill
;WIDTH:0.424938
G1 F6000
G1 X96.516 Y57.473 E.00226
;WIDTH:0.43967
G1 X96.386 Y57.768 E.01041
G1 X96.244 Y58.199 E.01468
;WIDTH:0.412297
G1 X96.164 Y58.547 E.01074
G1 X96.087 Y59.199 E.01977
;WIDTH:0.429542
G1 X96.086 Y89.292 E.94807
G1 X96.147 Y89.968 E.02138
G1 X96.353 Y90.708 E.02423
G1 X96.725 Y91.442 E.02591
G1 X97.245 Y92.071 E.02571
G1 X97.886 Y92.605 E.02628
G1 X98.62 Y92.983 E.026
G1 X99.001 Y93.093 E.0125
G1 X99.661 Y93.221 E.02118
G1 X100.105 Y93.262 E.01405
G1 X140.13 Y93.258 E1.26099
G1 X140.793 Y93.197 E.02096
G1 X141.548 Y92.979 E.02477
G1 X142.272 Y92.606 E.02565
G1 X142.91 Y92.082 E.02601
G1 X143.428 Y91.453 E.0257
G1 X143.786 Y90.722 E.02564
G1 X144.018 Y89.985 E.02434
G1 X144.084 Y89.208 E.02454
G1 X144.072 Y59.069 E.94954
G1 X144.02 Y58.541 E.0167
G1 X143.803 Y57.798 E.0244
G1 X143.417 Y57.052 E.02645
G1 X142.916 Y56.435 E.02504
G1 X142.262 Y55.905 E.02652
G1 X141.566 Y55.544 E.0247
G1 X141.146 Y55.421 E.01378
;WIDTH:0.424938
G1 X140.787 Y55.34 E.01147
G1 X140.11 Y55.264 E.02121
G1 X100.043 Y55.261 E1.24727
G1 X99.357 Y55.322 E.02142
G1 X98.622 Y55.536 E.02385
G1 X97.896 Y55.906 E.02535
G1 X97.232 Y56.445 E.02662
G1 X96.731 Y57.069 E.02491
G1 X96.56 Y57.391 E.01136
; stop printing object USV 1 e2mm.stl_1 id:1 copy 0
; end of layer_num: 40, T: 0, print_z: 8.040000
;LAYER_CHANGE
;Z:8.24
;HEIGHT:0.2
; BEFORE_LAYER_CHANGE 40 @ 8.24mm
G92 E0
; AFTER_LAYER_CHANGE 40 @ 8.24mm
; start of layer_num: 41, T: 0, print_z: 8.240000
; printing object "USV 1 e2mm.stl_3" id:0 copy 0
G1 E-.8 F3600
G1 X123.174 Y127.426 Z8.24 F18000
G1 E.8 F3600
M204 S1000
;TYPE:Outer wall
;WIDTH:0.42
G1 F3000
G1 X123.446 Y127.333 E.00884
G1 X123.724 Y127.266 E.00879
G1 X124.393 Y127.138 E.02094
G1 X124.95 Y127.088 E.01718
G1 X164.93 Y127.088 E1.22848
G1 X165.202 Y127.101 E.00835
G1 X165.805 Y127.168 E.01864
G1 X166.083 Y127.234 E.00877
G1 X166.706 Y127.427 E.02004
G1 X166.973 Y127.547 E.00899
G1 X167.564 Y127.87 E.0207
G1 X167.804 Y128.05 E.00923
G1 X168.321 Y128.491 E.02088
G1 X168.766 Y129.017 E.02116
G1 X168.943 Y129.261 E.00928
G1 X169.095 Y129.524 E.00932
G1 X169.387 Y130.124 E.02051
G1 X169.544 Y130.669 E.01742
G1 X169.71 Y131.617 E.02959
G1 X169.71 Y162.148 E.93812
G1 X169.642 Y162.756 E.0188
G1 X169.575 Y163.027 E.00859
G1 X169.385 Y163.646 E.01989
G1 X169.264 Y163.913 E.00901
G1 X168.942 Y164.506 E.02073
G1 X168.766 Y164.746 E.00914
G1 X168.319 Y165.275 E.02129
G1 X168.094 Y165.474 E.00921
G1 X167.564 Y165.891 E.02075
G1 X166.698 Y166.34 E.02996
G1 X166.43 Y166.429 E.00869
G1 X166.146 Y166.496 E.00897
G1 X165.471 Y166.624 E.02111
G1 X165.2 Y166.662 E.00841
G1 X164.931 Y166.674 E.00825
G1 X124.948 Y166.674 E1.22858
G1 X124.337 Y166.632 E.01883
G1 X124.063 Y166.594 E.00849
G1 X123.787 Y166.528 E.00872
G1 X123.177 Y166.34 E.01962
G1 X122.314 Y165.892 E.02986
G1 X121.544 Y165.273 E.03036
G1 X120.922 Y164.503 E.03041
G1 X120.479 Y163.643 E.02975
G1 X120.22 Y162.753 E.02845
G1 X120.14 Y161.867 E.02735
G1 X120.14 Y131.887 E.9212
G1 X120.22 Y131.008 E.02713
G1 X120.479 Y130.123 E.02834
G1 X120.922 Y129.262 E.02975
G1 X121.547 Y128.489 E.03055
G1 X121.774 Y128.29 E.0093
G1 X122.314 Y127.869 E.02104
G1 X122.904 Y127.547 E.02064
G1 X123.155 Y127.434 E.00846
M204 S2000
G1 X123.317 Y127.792 F18000
M204 S1500
;TYPE:Inner wall
;WIDTH:0.45
G1 F4800
G1 X123.807 Y127.649 E.01691
G1 X124.448 Y127.527 E.02166
G1 X124.968 Y127.48 E.01732
G1 X164.92 Y127.48 E1.3253
G1 X165.17 Y127.492 E.0083
G1 X165.738 Y127.555 E.01895
G1 X165.979 Y127.612 E.00822
G1 X166.567 Y127.795 E.02042
G1 X166.798 Y127.898 E.00841
G1 X167.351 Y128.2 E.02087
G1 X168.042 Y128.769 E.0297
G1 X168.457 Y129.259 E.02131
G1 X168.614 Y129.475 E.00886
G1 X168.749 Y129.708 E.00892
G1 X169.023 Y130.272 E.02082
G1 X169.16 Y130.749 E.01646
G1 X169.318 Y131.651 E.03038
G1 X169.318 Y162.126 E1.0109
G1 X169.255 Y162.687 E.01873
G1 X169.197 Y162.923 E.00806
G1 X169.018 Y163.507 E.02027
G1 X168.913 Y163.739 E.00842
G1 X168.61 Y164.295 E.02102
G1 X168.458 Y164.503 E.00855
G1 X168.038 Y165.001 E.02158
G1 X167.843 Y165.172 E.00862
G1 X167.35 Y165.56 E.02081
G1 X166.545 Y165.978 E.03008
G1 X166.064 Y166.113 E.01658
G1 X165.407 Y166.237 E.02218
G1 X164.923 Y166.282 E.01612
G1 X124.961 Y166.282 E1.3256
G1 X124.136 Y166.208 E.02749
G1 X123.326 Y165.975 E.02795
G1 X122.529 Y165.562 E.02977
G1 X121.822 Y164.994 E.03008
G1 X121.252 Y164.288 E.0301
G1 X120.845 Y163.497 E.02952
G1 X120.607 Y162.68 E.02821
G1 X120.532 Y161.849 E.02768
G1 X120.532 Y131.905 E.99331
G1 X120.607 Y131.081 E.02743
G1 X120.845 Y130.269 E.02808
G1 X121.252 Y129.477 E.02954
G1 X121.83 Y128.762 E.03052
G1 X122.024 Y128.592 E.00854
G1 X122.53 Y128.198 E.02129
G1 X123.078 Y127.898 E.02071
G1 X123.299 Y127.8 E.00802
M204 S2000
G1 E-.8 F3600
G1 X121.865 Y162.776 F18000
G1 E.8 F3600
M204 S1000
;TYPE:Outer wall
;WIDTH:0.42
G1 F3000
G1 X121.871 Y162.794 E.00057
G1 X122.084 Y163.325 E.0176
G1 X122.248 Y163.643 E.01098
G1 X122.67 Y164.148 E.02024
G1 X123.175 Y164.566 E.02013
G1 X123.746 Y164.863 E.01979
G1 X124.353 Y165.04 E.01942
G1 X124.931 Y165.096 E.01783
G1 X164.946 Y165.096 E1.22956
G1 X165.258 Y165.065 E.00964
G1 X165.788 Y164.96 E.0166
G1 X166.115 Y164.863 E.01047
G1 X166.688 Y164.566 E.01984
G1 X167.206 Y164.149 E.02044
G1 X167.625 Y163.642 E.0202
G1 X167.924 Y163.065 E.01996
G1 X168.088 Y162.458 E.01932
G1 X168.143 Y161.887 E.01765
G1 X168.143 Y131.868 E.9224
G1 X168.088 Y131.29 E.01782
G1 X167.998 Y130.964 E.01042
G1 X167.789 Y130.438 E.01738
G1 X167.625 Y130.123 E.0109
G1 X167.206 Y129.613 E.02028
G1 X166.688 Y129.195 E.02046
G1 X166.115 Y128.898 E.01984
G1 X165.519 Y128.721 E.01908
G1 X164.945 Y128.67 E.01772
G1 X124.931 Y128.67 E1.22951
G1 X124.354 Y128.721 E.01782
G1 X123.746 Y128.898 E.01944
G1 X123.175 Y129.196 E.01979
G1 X122.67 Y129.613 E.02015
G1 X122.248 Y130.123 E.02032
G1 X121.95 Y130.693 E.01978
G1 X121.774 Y131.289 E.01909
G1 X121.722 Y131.868 E.01787
G1 X121.722 Y161.886 E.92236
G1 X121.773 Y162.46 E.0177
G1 X121.86 Y162.757 E.0095
M204 S2000
G1 X121.506 Y162.938 F18000
M204 S1500
;TYPE:Inner wall
;WIDTH:0.45
G1 F4800
G1 X121.727 Y163.489 E.01969
G1 X121.919 Y163.861 E.0139
G1 X122.392 Y164.427 E.02447
G1 X122.957 Y164.894 E.02431
G1 X123.599 Y165.229 E.02403
G1 X124.279 Y165.427 E.02347
G1 X124.912 Y165.488 E.02109
G1 X164.965 Y165.488 E1.32864
G1 X165.315 Y165.454 E.01167
G1 X165.882 Y165.341 E.01917
G1 X166.262 Y165.229 E.01314
G1 X166.903 Y164.896 E.02397
G1 X167.483 Y164.429 E.0247
G1 X167.954 Y163.86 E.02451
G1 X168.291 Y163.208 E.02433
G1 X168.475 Y162.529 E.02335
G1 X168.535 Y161.905 E.02078
G1 X168.535 Y131.849 E.99702
G1 X168.475 Y131.219 E.021
G1 X168.37 Y130.839 E.01309
G1 X168.146 Y130.274 E.02013
G1 X167.954 Y129.906 E.01378
G1 X167.484 Y129.333 E.02458
G1 X166.903 Y128.865 E.02474
G1 X166.262 Y128.533 E.02397
G1 X165.594 Y128.334 E.02312
G1 X164.963 Y128.278 E.02101
G1 X124.914 Y128.278 E1.3285
G1 X124.281 Y128.334 E.02108
G1 X123.599 Y128.532 E.02354
G1 X122.957 Y128.867 E.02403
G1 X122.391 Y129.335 E.02435
G1 X121.919 Y129.905 E.02455
G1 X121.585 Y130.546 E.02398
G1 X121.386 Y131.215 E.02316
G1 X121.33 Y131.851 E.02117
G1 X121.33 Y161.904 E.99691
G1 X121.386 Y162.533 E.02095
G1 X121.499 Y162.919 E.01335
G1 E-.8 F3600
M204 S2000
G1 X121.12 Y163.029 F18000
G1 E.8 F3600
;TYPE:Gap infill
;WIDTH:0.427739
G1 F6000
G1 X121.123 Y163.041 E.0004
G1 X121.227 Y163.344 E.01005
G1 X121.584 Y164.072 E.02541
G1 X122.107 Y164.709 E.02583
G1 X122.723 Y165.212 E.02493
G1 X123.475 Y165.606 E.02665
G1 X124.209 Y165.818 E.02395
G1 X124.977 Y165.885 E.02416
G1 X164.91 Y165.885 E1.25222
G1 X165.382 Y165.841 E.01486
G1 X165.978 Y165.726 E.01903
G1 X166.394 Y165.606 E.01357
G1 X167.133 Y165.224 E.02611
G1 X167.586 Y164.863 E.01814
G1 X167.775 Y164.697 E.0079
G1 X168.292 Y164.059 E.02575
G1 X168.65 Y163.368 E.0244
G1 X168.868 Y162.584 E.02553
G1 X168.926 Y161.915 E.02105
G1 X168.919 Y131.686 E.94792
;WIDTH:0.410778
G1 X168.844 Y131.135 E.01665
G1 X168.739 Y130.704 E.01331
;WIDTH:0.433426
G1 X168.643 Y130.423 E.00946
G1 X168.509 Y130.119 E.01055
G1 X168.272 Y129.673 E.01609
G1 X167.762 Y129.05 E.0256
G1 X167.13 Y128.534 E.02597
G1 X166.393 Y128.158 E.02632
G1 X165.666 Y127.945 E.02412
G1 X164.989 Y127.881 E.02162
G1 X124.986 Y127.879 E1.27296
G1 X124.503 Y127.918 E.01542
;WIDTH:0.426494
G1 X124.194 Y127.963 E.00977
G1 X123.434 Y128.172 E.02462
G1 X122.748 Y128.53 E.02418
G1 X122.12 Y129.04 E.02531
G1 X121.584 Y129.694 E.02641
G1 X121.213 Y130.415 E.02535
G1 X120.996 Y131.155 E.02412
G1 X120.936 Y131.825 E.02101
;WIDTH:0.427739
G1 X120.935 Y161.913 E.9435
G1 X120.997 Y162.607 E.02185
G1 X121.114 Y163.01 E.01316
; stop printing object USV 1 e2mm.stl_3 id:0 copy 0
; printing object "USV 1 e2mm.stl_1" id:1 copy 0
G1 E-.8 F3600
G1 X98.314 Y93.716 F18000
G1 E.8 F3600
M204 S1000
;TYPE:Outer wall
;WIDTH:0.42
G1 F3000
G1 X97.452 Y93.272 E.02977
G1 X96.922 Y92.848 E.02085
G1 X96.694 Y92.64 E.00951
G1 X96.486 Y92.412 E.00948
G1 X96.07 Y91.879 E.02078
G1 X95.92 Y91.619 E.00923
G1 X95.629 Y91.021 E.02042
G1 X95.44 Y90.408 E.01972
G1 X95.373 Y90.134 E.00866
G1 X95.305 Y89.523 E.01887
G1 X95.293 Y89.249 E.00844
G1 X95.293 Y59.26 E.92148
G1 X95.304 Y58.995 E.00814
G1 X95.343 Y58.72 E.00854
G1 X95.47 Y58.049 E.02097
G1 X95.538 Y57.77 E.00884
G1 X95.629 Y57.497 E.00883
G1 X95.751 Y57.222 E.00924
G1 X96.072 Y56.639 E.02044
G1 X96.486 Y56.096 E.021
G1 X96.69 Y55.873 E.00928
G1 X97.455 Y55.245 E.03041
G1 X98.043 Y54.926 E.02055
G1 X98.308 Y54.806 E.00895
G1 X99.217 Y54.544 E.02908
G1 X100.086 Y54.468 E.0268
G1 X140.346 Y54.48 E1.23708
G1 X141.286 Y54.642 E.02931
G1 X141.845 Y54.806 E.01789
G1 X142.111 Y54.926 E.00896
G1 X142.699 Y55.246 E.02057
G1 X143.474 Y55.873 E.03064
G1 X143.671 Y56.095 E.00913
G1 X144.095 Y56.642 E.02126
G1 X144.24 Y56.895 E.00896
G1 X144.536 Y57.498 E.02062
G1 X144.795 Y58.391 E.02858
G1 X144.861 Y58.993 E.01863
G1 X144.875 Y59.261 E.00824
G1 X144.875 Y89.244 E.9213
G1 X144.795 Y90.131 E.02738
G1 X144.536 Y91.02 E.02845
G1 X144.094 Y91.881 E.02972
G1 X143.468 Y92.643 E.0303
G1 X143.239 Y92.847 E.00943
G1 X142.702 Y93.272 E.02105
G1 X141.836 Y93.717 E.02991
G1 X140.949 Y93.972 E.02836
G1 X140.678 Y94.01 E.00841
G1 X140.067 Y94.051 E.01883
G1 X100.084 Y94.051 E1.22858
G1 X99.815 Y94.04 E.00825
G1 X99.544 Y94.002 E.00841
G1 X98.87 Y93.874 E.0211
G1 X98.586 Y93.806 E.00897
G1 X98.332 Y93.722 E.00819
M204 S2000
G1 X98.469 Y93.355 F18000
M204 S1500
;TYPE:Inner wall
;WIDTH:0.45
G1 F4800
G1 X97.666 Y92.942 E.02993
G1 X97.177 Y92.55 E.02078
G1 X96.971 Y92.362 E.00926
G1 X96.785 Y92.159 E.00913
G1 X96.396 Y91.659 E.02101
G1 X96.266 Y91.435 E.00859
G1 X95.995 Y90.877 E.02059
G1 X95.76 Y90.065 E.02801
G1 X95.696 Y89.493 E.0191
G1 X95.685 Y89.241 E.00838
G1 X95.685 Y59.268 E.99424
G1 X95.73 Y58.784 E.01615
G1 X95.854 Y58.132 E.02199
G1 X95.995 Y57.639 E.01702
G1 X96.103 Y57.397 E.0088
G1 X96.401 Y56.854 E.02054
G1 X96.787 Y56.348 E.02113
G1 X96.96 Y56.158 E.00851
G1 X97.675 Y55.572 E.03066
G1 X98.217 Y55.277 E.02048
G1 X98.444 Y55.175 E.00825
G1 X99.298 Y54.928 E.02948
G1 X100.099 Y54.861 E.02668
G1 X140.321 Y54.872 E1.33422
G1 X141.194 Y55.024 E.02941
G1 X141.708 Y55.174 E.01777
G1 X141.936 Y55.277 E.00829
G1 X142.48 Y55.573 E.02055
G1 X143.202 Y56.157 E.03079
G1 X143.769 Y56.861 E.02997
G1 X144.168 Y57.64 E.02904
G1 X144.409 Y58.467 E.02859
G1 X144.47 Y59.025 E.0186
G1 X144.483 Y59.271 E.00819
G1 X144.483 Y89.226 E.99367
G1 X144.408 Y90.058 E.02771
G1 X144.17 Y90.875 E.0282
G1 X143.764 Y91.664 E.02945
G1 X143.184 Y92.37 E.03031
G1 X142.987 Y92.547 E.00879
G1 X142.489 Y92.941 E.02107
G1 X141.684 Y93.355 E.03002
G1 X140.872 Y93.587 E.02802
G1 X140.054 Y93.659 E.02724
G1 X100.092 Y93.659 E1.3256
G1 X99.608 Y93.615 E.01611
G1 X98.952 Y93.49 E.02216
G1 X98.488 Y93.36 E.01598
M204 S2000
G1 E-.8 F3600
G1 X97.235 Y57.8 F18000
G1 E.8 F3600
M204 S1000
;TYPE:Outer wall
;WIDTH:0.42
G1 F3000
G1 X97.226 Y57.818 E.00063
G1 X97.017 Y58.346 E.01742
G1 X96.927 Y58.672 E.01041
G1 X96.872 Y59.245 E.0177
G1 X96.872 Y89.263 E.92237
G1 X96.927 Y89.836 E.01768
G1 X97.091 Y90.442 E.01929
G1 X97.39 Y91.019 E.01996
G1 X97.809 Y91.527 E.02023
G1 X98.327 Y91.943 E.02043
G1 X98.9 Y92.24 E.01983
G1 X99.227 Y92.338 E.01047
G1 X99.757 Y92.443 E.01661
G1 X100.069 Y92.472 E.00963
G1 X140.084 Y92.472 E1.22955
G1 X140.662 Y92.418 E.01783
G1 X141.269 Y92.24 E.01943
G1 X141.84 Y91.943 E.01978
G1 X142.345 Y91.526 E.02012
G1 X142.767 Y91.019 E.02027
G1 X142.931 Y90.702 E.01097
G1 X143.144 Y90.171 E.01758
G1 X143.241 Y89.838 E.01067
G1 X143.293 Y89.263 E.01773
G1 X143.293 Y59.246 E.92233
G1 X143.241 Y58.671 E.01775
G1 X143.065 Y58.076 E.01908
G1 X142.768 Y57.502 E.01986
G1 X142.345 Y56.983 E.02056
G1 X141.839 Y56.573 E.02002
G1 X141.269 Y56.276 E.01976
G1 X140.661 Y56.099 E.01944
G1 X140.083 Y56.047 E.01782
G1 X100.07 Y56.047 E1.22951
G1 X99.495 Y56.099 E.01772
G1 X98.9 Y56.276 E.01908
G1 X98.328 Y56.572 E.01981
G1 X97.808 Y56.982 E.02033
G1 X97.389 Y57.502 E.02052
G1 X97.244 Y57.782 E.00969
M204 S2000
G1 X96.877 Y57.64 F18000
M204 S1500
;TYPE:Inner wall
;WIDTH:0.45
G1 F4800
G1 X96.868 Y57.656 E.00059
G1 X96.645 Y58.221 E.02016
G1 X96.54 Y58.601 E.01307
G1 X96.48 Y59.227 E.02086
G1 X96.48 Y89.282 E.99699
G1 X96.54 Y89.907 E.02081
G1 X96.724 Y90.585 E.02332
G1 X97.061 Y91.236 E.02431
G1 X97.532 Y91.807 E.02455
G1 X98.112 Y92.273 E.02469
G1 X98.753 Y92.605 E.02394
G1 X99.132 Y92.719 E.01314
G1 X99.7 Y92.831 E.0192
G1 X100.05 Y92.865 E.01167
G1 X140.103 Y92.865 E1.32861
G1 X140.736 Y92.804 E.02111
G1 X141.416 Y92.606 E.0235
G1 X142.057 Y92.271 E.024
G1 X142.623 Y91.805 E.0243
G1 X143.096 Y91.238 E.02451
G1 X143.288 Y90.866 E.01389
G1 X143.515 Y90.299 E.02025
G1 X143.629 Y89.911 E.01342
G1 X143.685 Y89.28 E.02099
G1 X143.685 Y59.228 E.99688
G1 X143.628 Y58.597 E.02104
G1 X143.43 Y57.928 E.02313
G1 X143.097 Y57.285 E.02402
G1 X142.623 Y56.704 E.02488
G1 X142.055 Y56.244 E.02426
G1 X141.416 Y55.91 E.02393
G1 X140.734 Y55.712 E.02355
G1 X140.101 Y55.655 E.02108
G1 X100.052 Y55.655 E1.3285
G1 X99.421 Y55.712 E.02101
G1 X98.753 Y55.911 E.02312
G1 X98.114 Y56.241 E.02387
G1 X97.531 Y56.702 E.02465
G1 X97.059 Y57.287 E.02492
G1 X96.886 Y57.622 E.01252
M204 S2000
G1 X96.536 Y57.435 F18000
;TYPE:Gap infill
;WIDTH:0.424766
G1 F6000
G1 X96.501 Y57.5 E.00227
;WIDTH:0.438138
G1 X96.379 Y57.783 E.00994
G1 X96.237 Y58.219 E.01478
;WIDTH:0.415047
G1 X96.162 Y58.547 E.01018
G1 X96.087 Y59.199 E.01991
;WIDTH:0.430958
G1 X96.085 Y89.292 E.95154
G1 X96.152 Y89.994 E.0223
G1 X96.353 Y90.709 E.02347
G1 X96.725 Y91.443 E.02604
G1 X97.246 Y92.07 E.02576
G1 X97.885 Y92.604 E.02635
G1 X98.62 Y92.983 E.02613
G1 X99.038 Y93.104 E.01378
G1 X99.634 Y93.219 E.01917
G1 X100.105 Y93.262 E.01497
G1 X140.13 Y93.258 E1.2656
G1 X140.796 Y93.197 E.02114
G1 X141.546 Y92.98 E.02469
G1 X142.273 Y92.606 E.02584
G1 X142.897 Y92.094 E.02551
G1 X143.432 Y91.446 E.02659
G1 X143.788 Y90.722 E.0255
G1 X144.018 Y89.985 E.02443
G1 X144.084 Y89.208 E.02464
G1 X144.084 Y59.281 E.94629
G1 X144.071 Y59.057 E.00712
G1 X144.02 Y58.541 E.01638
G1 X143.799 Y57.784 E.02493
G1 X143.437 Y57.08 E.02505
G1 X142.923 Y56.442 E.0259
G1 X142.261 Y55.905 E.02695
G1 X141.566 Y55.544 E.02476
G1 X141.103 Y55.409 E.01525
;WIDTH:0.424766
G1 X140.787 Y55.337 E.01008
G1 X140.11 Y55.264 E.02119
G1 X100.043 Y55.261 E1.24671
G1 X99.366 Y55.32 E.02115
G1 X98.622 Y55.536 E.0241
G1 X97.897 Y55.906 E.02532
G1 X97.232 Y56.445 E.02664
G1 X96.731 Y57.069 E.0249
G1 X96.545 Y57.417 E.01229
; stop printing object USV 1 e2mm.stl_1 id:1 copy 0
; end of layer_num: 41, T: 0, print_z: 8.240000
;LAYER_CHANGE
;Z:8.44
;HEIGHT:0.2
; BEFORE_LAYER_CHANGE 41 @ 8.44mm
G92 E0
; AFTER_LAYER_CHANGE 41 @ 8.44mm
; start of layer_num: 42, T: 0, print_z: 8.440000
; printing object "USV 1 e2mm.stl_3" id:0 copy 0
G1 E-.8 F3600
G1 X123.173 Y127.427 Z8.44 F18000
G1 E.8 F3600
M204 S1000
;TYPE:Outer wall
;WIDTH:0.42
G1 F3000
G1 X123.176 Y127.425 E.00011
G1 X123.461 Y127.328 E.00925
G1 X124.362 Y127.14 E.02828
G1 X124.946 Y127.088 E.01801
G1 X164.93 Y127.088 E1.22861
G1 X165.22 Y127.102 E.0089
G1 X165.805 Y127.168 E.01809
G1 X166.102 Y127.238 E.00937
G1 X166.705 Y127.427 E.01944
G1 X166.991 Y127.555 E.0096
G1 X167.564 Y127.869 E.02009
G1 X167.82 Y128.062 E.00986
G1 X168.321 Y128.491 E.02026
G1 X168.754 Y129 E.02054
G1 X168.943 Y129.261 E.00991
G1 X169.105 Y129.541 E.00994
G1 X169.387 Y130.124 E.01988
G1 X169.483 Y130.412 E.00933
G1 X169.555 Y130.706 E.00929
G1 X169.71 Y131.604 E.02801
G1 X169.722 Y161.872 E.93006
G1 X169.71 Y162.161 E.00889
G1 X169.642 Y162.756 E.01838
G1 X169.571 Y163.046 E.00917
G1 X169.385 Y163.646 E.01931
G1 X169.256 Y163.931 E.00962
G1 X168.942 Y164.506 E.02011
G1 X168.754 Y164.762 E.00977
G1 X168.319 Y165.275 E.02067
G1 X168.079 Y165.487 E.00984
G1 X167.564 Y165.891 E.02013
G1 X166.698 Y166.34 E.02997
G1 X166.411 Y166.435 E.00929
G1 X166.108 Y166.507 E.00956
G1 X165.507 Y166.621 E.0188
G1 X165.218 Y166.662 E.00898
G1 X164.931 Y166.674 E.0088
G1 X124.948 Y166.674 E1.22859
G1 X124.355 Y166.634 E.01826
G1 X124.063 Y166.594 E.00906
G1 X123.769 Y166.523 E.0093
G1 X123.177 Y166.34 E.01903
G1 X122.311 Y165.89 E.02999
G1 X121.545 Y165.275 E.03018
G1 X120.922 Y164.503 E.03047
G1 X120.479 Y163.643 E.02975
G1 X120.22 Y162.753 E.02845
G1 X120.14 Y161.867 E.02735
G1 X120.14 Y131.887 E.9212
G1 X120.22 Y131.006 E.02719
G1 X120.477 Y130.126 E.02815
G1 X120.922 Y129.262 E.02987
G1 X121.545 Y128.49 E.03049
G1 X122.053 Y128.063 E.02038
G1 X122.315 Y127.868 E.01004
G1 X122.594 Y127.705 E.00992
G1 X123.155 Y127.435 E.01914
M204 S2000
G1 X123.325 Y127.789 F18000
M204 S1500
;TYPE:Inner wall
;WIDTH:0.45
G1 F4800
G1 X123.565 Y127.707 E.00841
G1 X124.428 Y127.527 E.02922
G1 X124.956 Y127.48 E.0176
G1 X164.92 Y127.48 E1.32569
G1 X165.188 Y127.493 E.00888
G1 X165.738 Y127.555 E.01835
G1 X165.998 Y127.616 E.00886
G1 X166.566 Y127.795 E.01977
G1 X166.816 Y127.906 E.00907
G1 X167.35 Y128.2 E.02021
G1 X167.574 Y128.368 E.0093
G1 X168.042 Y128.769 E.02044
G1 X168.446 Y129.243 E.02065
G1 X168.614 Y129.475 E.00951
G1 X168.759 Y129.725 E.00957
G1 X169.023 Y130.272 E.02015
G1 X169.171 Y130.786 E.01773
G1 X169.319 Y131.646 E.02896
G1 X169.318 Y162.131 E1.01124
G1 X169.255 Y162.686 E.01856
G1 X169.193 Y162.941 E.00869
G1 X169.018 Y163.507 E.01964
G1 X168.905 Y163.756 E.00908
G1 X168.611 Y164.295 E.02036
G1 X168.446 Y164.519 E.00922
G1 X168.039 Y165 E.02091
G1 X167.828 Y165.186 E.0093
G1 X167.351 Y165.56 E.02014
G1 X166.545 Y165.978 E.0301
G1 X166.026 Y166.123 E.01787
G1 X165.443 Y166.234 E.01969
G1 X165.182 Y166.271 E.00875
G1 X164.923 Y166.282 E.0086
G1 X124.961 Y166.282 E1.32563
G1 X124.395 Y166.244 E.01882
G1 X124.136 Y166.208 E.00867
G1 X123.326 Y165.975 E.02794
G1 X122.52 Y165.557 E.03016
G1 X121.826 Y164.998 E.02955
G1 X121.252 Y164.288 E.03028
G1 X120.845 Y163.497 E.02952
G1 X120.607 Y162.68 E.02821
G1 X120.532 Y161.849 E.02768
G1 X120.532 Y131.905 E.99331
G1 X120.608 Y131.076 E.02763
G1 X120.839 Y130.279 E.02753
G1 X121.252 Y129.477 E.02991
G1 X121.827 Y128.766 E.03033
G1 X122.532 Y128.195 E.03009
G1 X122.778 Y128.052 E.00945
G1 X123.307 Y127.797 E.01948
M204 S2000
G1 E-.8 F3600
G1 X121.869 Y162.789 F18000
G1 E.8 F3600
M204 S1000
;TYPE:Outer wall
;WIDTH:0.42
G1 F3000
G1 X121.879 Y162.822 E.00107
G1 X122.07 Y163.298 E.01577
G1 X122.248 Y163.643 E.01191
G1 X122.67 Y164.148 E.02024
G1 X123.175 Y164.566 E.02013
G1 X123.746 Y164.863 E.01979
G1 X124.353 Y165.04 E.01942
G1 X124.931 Y165.096 E.01783
G1 X164.946 Y165.096 E1.22956
G1 X165.285 Y165.063 E.01047
G1 X165.76 Y164.968 E.01488
G1 X166.115 Y164.863 E.01136
G1 X166.688 Y164.566 E.01984
G1 X167.206 Y164.149 E.02044
G1 X167.625 Y163.642 E.0202
G1 X167.924 Y163.065 E.01996
G1 X168.088 Y162.458 E.01932
G1 X168.143 Y161.887 E.01765
G1 X168.143 Y131.868 E.9224
G1 X168.088 Y131.29 E.01782
G1 X167.99 Y130.936 E.01131
G1 X167.803 Y130.465 E.01558
G1 X167.625 Y130.123 E.01183
G1 X167.206 Y129.613 E.02028
G1 X166.688 Y129.195 E.02046
G1 X166.115 Y128.898 E.01984
G1 X165.519 Y128.721 E.01908
G1 X164.945 Y128.67 E.01772
G1 X124.931 Y128.67 E1.22951
G1 X124.354 Y128.721 E.01782
G1 X123.746 Y128.898 E.01944
G1 X123.175 Y129.196 E.01979
G1 X122.67 Y129.613 E.02015
G1 X122.248 Y130.123 E.02032
G1 X121.95 Y130.693 E.01978
G1 X121.774 Y131.289 E.01909
G1 X121.722 Y131.868 E.01787
G1 X121.722 Y161.886 E.92236
G1 X121.773 Y162.46 E.0177
G1 X121.863 Y162.77 E.00991
M204 S2000
G1 X121.514 Y162.966 F18000
M204 S1500
;TYPE:Inner wall
;WIDTH:0.45
G1 F4800
G1 X121.713 Y163.462 E.01772
G1 X121.919 Y163.861 E.01491
G1 X122.392 Y164.427 E.02447
G1 X122.957 Y164.894 E.02431
G1 X123.599 Y165.229 E.02403
G1 X124.279 Y165.427 E.02347
G1 X124.912 Y165.488 E.02109
G1 X164.965 Y165.488 E1.32864
G1 X165.343 Y165.451 E.01258
G1 X165.854 Y165.349 E.01731
G1 X166.262 Y165.229 E.0141
G1 X166.903 Y164.896 E.02397
G1 X167.483 Y164.429 E.0247
G1 X167.954 Y163.86 E.02451
G1 X168.291 Y163.208 E.02433
G1 X168.475 Y162.529 E.02335
G1 X168.535 Y161.905 E.02078
G1 X168.535 Y131.849 E.99702
G1 X168.475 Y131.219 E.021
G1 X168.362 Y130.811 E.01405
G1 X168.16 Y130.301 E.01819
G1 X167.954 Y129.906 E.01478
G1 X167.484 Y129.333 E.02458
G1 X166.903 Y128.865 E.02474
G1 X166.262 Y128.533 E.02397
G1 X165.594 Y128.334 E.02312
G1 X164.963 Y128.278 E.02101
G1 X124.914 Y128.278 E1.3285
G1 X124.281 Y128.334 E.02108
G1 X123.599 Y128.532 E.02354
G1 X122.957 Y128.867 E.02403
G1 X122.391 Y129.335 E.02435
G1 X121.919 Y129.905 E.02454
G1 X121.585 Y130.546 E.02398
G1 X121.386 Y131.215 E.02316
G1 X121.33 Y131.851 E.02117
G1 X121.33 Y161.904 E.99691
G1 X121.386 Y162.533 E.02095
G1 X121.507 Y162.947 E.01433
G1 E-.8 F3600
M204 S2000
G1 X121.128 Y163.057 F18000
G1 E.8 F3600
;TYPE:Gap infill
;WIDTH:0.428283
G1 F6000
G1 X121.131 Y163.07 E.00041
G1 X121.226 Y163.345 E.00913
G1 X121.584 Y164.072 E.02544
G1 X122.112 Y164.714 E.0261
G1 X122.734 Y165.222 E.02521
G1 X123.476 Y165.606 E.02625
G1 X124.214 Y165.819 E.02411
G1 X124.974 Y165.885 E.02396
G1 X164.915 Y165.885 E1.25423
G1 X165.409 Y165.839 E.0156
G1 X165.94 Y165.737 E.01698
G1 X166.394 Y165.606 E.01482
G1 X167.134 Y165.223 E.02618
G1 X167.571 Y164.876 E.01753
G1 X167.775 Y164.698 E.00852
G1 X168.292 Y164.059 E.02579
G1 X168.65 Y163.367 E.02447
G1 X168.868 Y162.584 E.02554
G1 X168.927 Y161.915 E.02108
G1 X168.921 Y131.684 E.94931
;WIDTH:0.413724
G1 X168.846 Y131.135 E.01675
G1 X168.731 Y130.676 E.01429
;WIDTH:0.433555
G1 X168.644 Y130.421 E.00858
G1 X168.523 Y130.146 E.00957
G1 X168.272 Y129.673 E.01705
G1 X167.762 Y129.051 E.02559
G1 X167.129 Y128.534 E.02603
G1 X166.393 Y128.157 E.0263
G1 X165.67 Y127.945 E.024
G1 X164.989 Y127.881 E.02175
G1 X124.97 Y127.879 E1.27389
G1 X124.49 Y127.918 E.01534
;WIDTH:0.424666
G1 X124.194 Y127.964 E.00931
G1 X123.671 Y128.094 E.01676
G1 X123.435 Y128.173 E.00775
G1 X122.754 Y128.525 E.02383
G1 X122.112 Y129.048 E.02578
G1 X121.584 Y129.694 E.02593
G1 X121.213 Y130.415 E.02523
G1 X120.997 Y131.147 E.02376
G1 X120.936 Y131.825 E.02115
;WIDTH:0.428283
G1 X120.935 Y161.913 E.94483
G1 X120.997 Y162.607 E.02188
G1 X121.122 Y163.038 E.01411
; stop printing object USV 1 e2mm.stl_3 id:0 copy 0
; printing object "USV 1 e2mm.stl_1" id:1 copy 0
G1 E-.8 F3600
G1 X98.314 Y93.716 F18000
G1 E.8 F3600
M204 S1000
;TYPE:Outer wall
;WIDTH:0.42
G1 F3000
G1 X97.452 Y93.272 E.02979
G1 X96.938 Y92.862 E.02021
G1 X96.694 Y92.64 E.01014
G1 X96.472 Y92.397 E.01011
G1 X96.07 Y91.879 E.02014
G1 X95.91 Y91.601 E.00986
G1 X95.628 Y91.019 E.01987
G1 X95.531 Y90.729 E.00939
G1 X95.372 Y90.129 E.01908
G1 X95.332 Y89.84 E.00896
G1 X95.293 Y89.247 E.01828
G1 X95.293 Y59.26 E.9214
G1 X95.305 Y58.977 E.00869
G1 X95.346 Y58.684 E.00911
G1 X95.46 Y58.087 E.01868
G1 X95.532 Y57.789 E.00942
G1 X95.629 Y57.497 E.00943
G1 X95.759 Y57.204 E.00986
G1 X96.071 Y56.639 E.01983
G1 X96.472 Y56.111 E.02038
G1 X96.691 Y55.872 E.00996
G1 X97.452 Y55.247 E.03024
G1 X98.025 Y54.934 E.02005
G1 X98.312 Y54.804 E.00968
G1 X99.215 Y54.544 E.0289
G1 X99.499 Y54.506 E.0088
G1 X100.086 Y54.468 E.01807
G1 X140.07 Y54.468 E1.22859
G1 X140.36 Y54.481 E.00892
G1 X141.253 Y54.632 E.02783
G1 X141.841 Y54.804 E.01884
G1 X142.129 Y54.934 E.00969
G1 X142.699 Y55.246 E.01996
G1 X143.474 Y55.873 E.03064
G1 X143.684 Y56.111 E.00975
G1 X144.095 Y56.642 E.02063
G1 X144.25 Y56.912 E.00957
G1 X144.537 Y57.501 E.02014
G1 X144.795 Y58.389 E.0284
G1 X144.86 Y58.976 E.01814
G1 X144.875 Y59.261 E.00878
G1 X144.875 Y89.248 E.92143
G1 X144.795 Y90.131 E.02725
G1 X144.538 Y91.017 E.02833
G1 X144.093 Y91.882 E.02991
G1 X143.471 Y92.64 E.03012
G1 X143.224 Y92.861 E.01019
G1 X142.702 Y93.272 E.0204
G1 X141.836 Y93.717 E.02991
G1 X141.549 Y93.813 E.00931
G1 X140.95 Y93.972 E.01905
G1 X140.66 Y94.012 E.00898
G1 X140.067 Y94.051 E.01826
G1 X100.084 Y94.051 E1.22859
G1 X99.797 Y94.039 E.0088
G1 X99.508 Y93.999 E.00897
G1 X98.907 Y93.885 E.01879
G1 X98.604 Y93.812 E.00957
G1 X98.332 Y93.722 E.00879
M204 S2000
G1 X98.469 Y93.355 F18000
M204 S1500
;TYPE:Inner wall
;WIDTH:0.45
G1 F4800
G1 X97.666 Y92.941 E.02995
G1 X97.192 Y92.564 E.0201
G1 X96.971 Y92.362 E.00993
G1 X96.772 Y92.144 E.00979
G1 X96.396 Y91.66 E.02033
G1 X96.256 Y91.418 E.00928
G1 X95.992 Y90.871 E.02014
G1 X95.757 Y90.052 E.02828
G1 X95.723 Y89.8 E.00842
G1 X95.685 Y89.234 E.01884
G1 X95.685 Y59.268 E.994
G1 X95.696 Y59.013 E.00848
G1 X95.733 Y58.747 E.00889
G1 X95.843 Y58.17 E.01951
G1 X95.995 Y57.639 E.01831
G1 X96.111 Y57.379 E.00945
G1 X96.401 Y56.854 E.01989
G1 X96.774 Y56.363 E.02047
G1 X96.964 Y56.154 E.00935
G1 X97.666 Y55.577 E.03015
G1 X98.2 Y55.285 E.02018
G1 X98.454 Y55.17 E.00927
G1 X99.292 Y54.929 E.02891
G1 X100.099 Y54.861 E.02686
G1 X140.326 Y54.872 E1.33443
G1 X141.168 Y55.015 E.02833
G1 X141.698 Y55.17 E.0183
G1 X141.954 Y55.285 E.0093
G1 X142.48 Y55.573 E.01989
G1 X143.202 Y56.157 E.03081
G1 X143.382 Y56.36 E.00901
G1 X143.769 Y56.86 E.02096
G1 X143.904 Y57.095 E.009
G1 X144.173 Y57.649 E.02044
G1 X144.409 Y58.462 E.02805
G1 X144.469 Y59.007 E.01821
G1 X144.483 Y59.271 E.00876
G1 X144.483 Y89.238 E.99407
G1 X144.409 Y90.058 E.02732
G1 X144.176 Y90.864 E.02783
G1 X143.762 Y91.669 E.03002
G1 X143.192 Y92.363 E.02978
G1 X142.971 Y92.56 E.00983
G1 X142.489 Y92.941 E.02037
G1 X141.684 Y93.355 E.03004
G1 X140.872 Y93.587 E.028
G1 X140.62 Y93.622 E.00844
G1 X140.054 Y93.659 E.01882
G1 X100.092 Y93.659 E1.32563
G1 X99.833 Y93.648 E.0086
G1 X99.572 Y93.612 E.00874
G1 X98.989 Y93.501 E.01967
G1 X98.488 Y93.36 E.01728
M204 S2000
G1 E-.8 F3600
G1 X97.229 Y57.812 F18000
G1 E.8 F3600
M204 S1000
;TYPE:Outer wall
;WIDTH:0.42
G1 F3000
G1 X97.212 Y57.845 E.00114
G1 X97.025 Y58.318 E.01562
G1 X96.927 Y58.672 E.0113
G1 X96.872 Y59.245 E.0177
G1 X96.872 Y89.263 E.92237
G1 X96.927 Y89.836 E.01768
G1 X97.091 Y90.442 E.01929
G1 X97.39 Y91.019 E.01996
G1 X97.809 Y91.527 E.02023
G1 X98.327 Y91.943 E.02043
G1 X98.9 Y92.24 E.01983
G1 X99.254 Y92.346 E.01136
G1 X99.73 Y92.44 E.01489
G1 X100.069 Y92.472 E.01047
G1 X140.084 Y92.472 E1.22955
G1 X140.662 Y92.418 E.01783
G1 X141.269 Y92.24 E.01943
G1 X141.84 Y91.943 E.01978
G1 X142.345 Y91.526 E.02012
G1 X142.767 Y91.019 E.02027
G1 X142.945 Y90.675 E.0119
G1 X143.136 Y90.199 E.01576
G1 X143.241 Y89.838 E.01158
G1 X143.293 Y89.263 E.01773
G1 X143.293 Y59.246 E.92233
G1 X143.241 Y58.671 E.01775
G1 X143.065 Y58.076 E.01908
G1 X142.768 Y57.502 E.01986
G1 X142.345 Y56.983 E.02056
G1 X141.839 Y56.573 E.02002
G1 X141.269 Y56.276 E.01976
G1 X140.661 Y56.099 E.01944
G1 X140.083 Y56.047 E.01782
G1 X100.07 Y56.047 E1.22951
G1 X99.495 Y56.099 E.01772
G1 X98.9 Y56.276 E.01908
G1 X98.328 Y56.572 E.01981
G1 X97.808 Y56.982 E.02033
G1 X97.389 Y57.502 E.02052
G1 X97.238 Y57.795 E.01012
M204 S2000
G1 X96.848 Y57.699 F18000
M204 S1500
;TYPE:Inner wall
;WIDTH:0.45
G1 F4800
G1 X96.653 Y58.193 E.01762
G1 X96.54 Y58.601 E.01403
G1 X96.48 Y59.227 E.02086
G1 X96.48 Y89.282 E.99699
G1 X96.54 Y89.907 E.02081
G1 X96.724 Y90.585 E.02332
G1 X97.061 Y91.236 E.02431
G1 X97.532 Y91.807 E.02455
G1 X98.112 Y92.273 E.02469
G1 X98.753 Y92.605 E.02394
G1 X99.16 Y92.727 E.0141
G1 X99.673 Y92.828 E.01734
G1 X100.05 Y92.865 E.01258
G1 X140.103 Y92.865 E1.32861
G1 X140.736 Y92.804 E.02111
G1 X141.416 Y92.606 E.0235
G1 X142.057 Y92.271 E.024
G1 X142.623 Y91.805 E.0243
G1 X143.096 Y91.238 E.02451
G1 X143.302 Y90.839 E.01489
G1 X143.507 Y90.327 E.01828
G1 X143.629 Y89.911 E.0144
G1 X143.685 Y89.28 E.02099
G1 X143.685 Y59.228 E.99688
G1 X143.628 Y58.597 E.02104
G1 X143.43 Y57.928 E.02313
G1 X143.097 Y57.285 E.02402
G1 X142.623 Y56.704 E.02488
G1 X142.055 Y56.244 E.02426
G1 X141.416 Y55.91 E.02393
G1 X140.734 Y55.712 E.02355
G1 X140.101 Y55.655 E.02108
G1 X100.052 Y55.655 E1.3285
G1 X99.421 Y55.712 E.02101
G1 X98.753 Y55.911 E.02312
G1 X98.114 Y56.241 E.02387
G1 X97.531 Y56.702 E.02465
G1 X97.059 Y57.287 E.02492
G1 X96.855 Y57.681 E.01471
M204 S2000
G1 X96.505 Y57.494 F18000
;TYPE:Gap infill
;WIDTH:0.425649
G1 F6000
G1 X96.471 Y57.558 E.00225
;WIDTH:0.426613
G1 X96.377 Y57.782 E.00761
G1 X96.227 Y58.257 E.01556
G1 X96.161 Y58.547 E.0093
G1 X96.087 Y59.199 E.02053
;WIDTH:0.431159
G1 X96.086 Y89.292 E.95203
G1 X96.153 Y89.994 E.02231
G1 X96.357 Y90.727 E.02408
G1 X96.609 Y91.231 E.01782
G1 X96.744 Y91.469 E.00867
G1 X97.25 Y92.083 E.02515
G1 X97.884 Y92.604 E.02598
G1 X98.62 Y92.983 E.02617
G1 X99.076 Y93.114 E.01502
G1 X99.606 Y93.217 E.01709
G1 X100.1 Y93.262 E.01569
G1 X140.13 Y93.258 E1.26641
G1 X140.797 Y93.197 E.02118
G1 X141.546 Y92.98 E.02468
G1 X142.273 Y92.605 E.02588
G1 X142.907 Y92.085 E.02595
G1 X143.429 Y91.452 E.02592
G1 X143.795 Y90.709 E.02624
G1 X144.018 Y89.985 E.02396
G1 X144.084 Y89.224 E.02415
G1 X144.084 Y59.281 E.94729
G1 X144.07 Y59.04 E.00766
G1 X144.02 Y58.537 E.01598
G1 X143.804 Y57.797 E.02438
G1 X143.436 Y57.079 E.02553
G1 X142.923 Y56.442 E.02589
G1 X142.259 Y55.903 E.02706
G1 X141.557 Y55.54 E.02499
G1 X141.081 Y55.401 E.01567
;WIDTH:0.425649
G1 X140.787 Y55.335 E.0094
G1 X140.11 Y55.263 E.02125
G1 X100.043 Y55.261 E1.24959
G1 X99.366 Y55.32 E.0212
G1 X98.621 Y55.535 E.02416
G1 X97.887 Y55.911 E.02573
G1 X97.237 Y56.439 E.02612
G1 X96.731 Y57.069 E.02519
G1 X96.514 Y57.477 E.0144
; stop printing object USV 1 e2mm.stl_1 id:1 copy 0
; end of layer_num: 42, T: 0, print_z: 8.440000
;LAYER_CHANGE
;Z:8.64
;HEIGHT:0.200001
; BEFORE_LAYER_CHANGE 42 @ 8.64mm
G92 E0
; AFTER_LAYER_CHANGE 42 @ 8.64mm
; start of layer_num: 43, T: 0, print_z: 8.640000
; printing object "USV 1 e2mm.stl_3" id:0 copy 0
G1 E-.8 F3600
G1 X123.174 Y127.426 Z8.64 F18000
G1 E.8 F3600
M204 S1000
;TYPE:Outer wall
;WIDTH:0.42
G1 F3000
G1 X123.48 Y127.321 E.00995
G1 X124.326 Y127.144 E.02656
G1 X124.638 Y127.103 E.00966
G1 X124.946 Y127.088 E.00948
G1 X164.93 Y127.088 E1.22861
G1 X165.238 Y127.103 E.00945
G1 X165.805 Y127.168 E.01754
G1 X166.12 Y127.243 E.00997
G1 X166.705 Y127.427 E.01885
G1 X167.009 Y127.563 E.01021
G1 X167.563 Y127.869 E.01948
G1 X167.836 Y128.075 E.01049
G1 X168.321 Y128.491 E.01964
G1 X168.742 Y128.984 E.01992
G1 X168.943 Y129.261 E.01053
G1 X169.115 Y129.559 E.01056
G1 X169.387 Y130.124 E.01925
G1 X169.489 Y130.43 E.00993
G1 X169.565 Y130.742 E.00987
G1 X169.709 Y131.586 E.0263
G1 X169.722 Y131.882 E.00911
G1 X169.722 Y161.872 E.92151
G1 X169.709 Y162.179 E.00944
G1 X169.642 Y162.755 E.01783
G1 X169.566 Y163.064 E.00976
G1 X169.385 Y163.646 E.01873
G1 X169.248 Y163.949 E.01023
G1 X168.942 Y164.505 E.0195
G1 X168.742 Y164.778 E.01039
G1 X168.32 Y165.275 E.02005
G1 X168.064 Y165.501 E.01047
G1 X167.564 Y165.891 E.0195
G1 X166.698 Y166.34 E.02998
G1 X166.392 Y166.442 E.00989
G1 X166.072 Y166.517 E.0101
G1 X165.233 Y166.661 E.02618
G1 X164.931 Y166.674 E.00926
G1 X124.948 Y166.674 E1.22859
G1 X124.373 Y166.637 E.01769
G1 X124.065 Y166.594 E.00956
G1 X123.484 Y166.442 E.01845
G1 X123.179 Y166.341 E.00989
G1 X122.311 Y165.89 E.03006
G1 X122.036 Y165.685 E.01052
G1 X121.545 Y165.275 E.01967
G1 X120.92 Y164.502 E.03054
G1 X120.622 Y163.949 E.01931
G1 X120.478 Y163.643 E.01039
G1 X120.22 Y162.753 E.02846
G1 X120.156 Y162.179 E.01778
G1 X120.14 Y161.871 E.00945
G1 X120.14 Y131.885 E.92139
G1 X120.219 Y131.01 E.02701
G1 X120.375 Y130.433 E.01836
G1 X120.478 Y130.124 E.00998
G1 X120.755 Y129.558 E.01937
G1 X120.921 Y129.262 E.01044
G1 X121.544 Y128.491 E.03044
G1 X122.037 Y128.075 E.01981
G1 X122.313 Y127.869 E.01059
G1 X122.868 Y127.563 E.01949
G1 X123.155 Y127.434 E.00967
M204 S2000
G1 X123.317 Y127.792 F18000
M204 S1500
;TYPE:Inner wall
;WIDTH:0.45
G1 F4800
G1 X123.584 Y127.7 E.00936
G1 X124.392 Y127.531 E.02737
G1 X124.956 Y127.48 E.0188
G1 X164.92 Y127.48 E1.32569
G1 X165.205 Y127.494 E.00946
G1 X165.737 Y127.555 E.01775
G1 X166.016 Y127.621 E.00951
G1 X166.566 Y127.794 E.01913
G1 X166.834 Y127.914 E.00972
G1 X167.349 Y128.199 E.01956
G1 X167.59 Y128.38 E.00999
G1 X168.042 Y128.769 E.01979
G1 X168.434 Y129.227 E.01999
G1 X168.614 Y129.475 E.01017
G1 X168.769 Y129.742 E.01023
G1 X169.023 Y130.271 E.01947
G1 X169.181 Y130.822 E.01901
G1 X169.318 Y131.627 E.0271
G1 X169.318 Y162.148 E1.01243
G1 X169.255 Y162.686 E.01796
G1 X169.188 Y162.959 E.00933
G1 X169.018 Y163.506 E.01901
G1 X168.897 Y163.774 E.00974
G1 X168.611 Y164.294 E.0197
G1 X168.435 Y164.535 E.0099
G1 X168.039 Y165 E.02024
G1 X167.814 Y165.199 E.00998
G1 X167.351 Y165.56 E.01946
G1 X166.545 Y165.978 E.03012
G1 X166.285 Y166.064 E.00908
G1 X165.994 Y166.133 E.00993
G1 X165.191 Y166.27 E.02702
G1 X164.923 Y166.282 E.0089
G1 X124.96 Y166.282 E1.32565
G1 X124.413 Y166.247 E.0182
G1 X124.142 Y166.209 E.00907
G1 X123.596 Y166.066 E.01871
G1 X123.332 Y165.978 E.00922
G1 X122.52 Y165.557 E.03037
G1 X121.826 Y164.998 E.02953
G1 X121.248 Y164.284 E.03049
G1 X120.843 Y163.497 E.02934
G1 X120.606 Y162.68 E.02822
G1 X120.532 Y161.861 E.02728
G1 X120.532 Y131.899 E.99391
G1 X120.605 Y131.086 E.02707
G1 X120.841 Y130.273 E.02807
G1 X121.25 Y129.477 E.0297
G1 X121.823 Y128.769 E.03019
G1 X122.281 Y128.383 E.01987
G1 X122.526 Y128.2 E.01015
G1 X123.043 Y127.914 E.0196
G1 X123.299 Y127.8 E.0093
M204 S2000
G1 E-.8 F3600
G1 X121.873 Y162.801 F18000
G1 E.8 F3600
M204 S1000
;TYPE:Outer wall
;WIDTH:0.42
G1 F3000
G1 X121.887 Y162.85 E.00159
G1 X122.056 Y163.272 E.01394
G1 X122.248 Y163.643 E.01284
G1 X122.67 Y164.148 E.02024
G1 X123.175 Y164.566 E.02013
G1 X123.746 Y164.863 E.01979
G1 X124.353 Y165.04 E.01942
G1 X124.931 Y165.096 E.01783
G1 X164.946 Y165.096 E1.22956
G1 X165.313 Y165.06 E.01131
G1 X165.733 Y164.977 E.01316
G1 X166.115 Y164.863 E.01225
G1 X166.688 Y164.566 E.01984
G1 X167.206 Y164.149 E.02044
G1 X167.625 Y163.642 E.0202
G1 X167.924 Y163.065 E.01996
G1 X168.088 Y162.458 E.01932
G1 X168.143 Y161.887 E.01765
G1 X168.143 Y131.868 E.9224
G1 X168.088 Y131.29 E.01782
G1 X167.982 Y130.908 E.01219
G1 X167.817 Y130.491 E.01378
G1 X167.625 Y130.123 E.01275
G1 X167.206 Y129.613 E.02028
G1 X166.688 Y129.195 E.02046
G1 X166.115 Y128.898 E.01984
G1 X165.519 Y128.721 E.01908
G1 X164.945 Y128.67 E.01772
G1 X124.931 Y128.67 E1.22951
G1 X124.354 Y128.721 E.01782
G1 X123.746 Y128.898 E.01944
G1 X123.175 Y129.196 E.01979
G1 X122.67 Y129.613 E.02015
G1 X122.248 Y130.123 E.02032
G1 X121.95 Y130.693 E.01978
G1 X121.774 Y131.289 E.01909
G1 X121.722 Y131.868 E.01787
G1 X121.722 Y161.886 E.92236
G1 X121.773 Y162.46 E.0177
G1 X121.867 Y162.782 E.0103
M204 S2000
G1 X121.522 Y162.994 F18000
M204 S1500
;TYPE:Inner wall
;WIDTH:0.45
G1 F4800
G1 X121.699 Y163.435 E.01575
G1 X121.919 Y163.861 E.01591
G1 X122.392 Y164.427 E.02447
G1 X122.957 Y164.894 E.02431
G1 X123.599 Y165.229 E.02403
G1 X124.279 Y165.427 E.02347
G1 X124.912 Y165.488 E.02109
G1 X164.965 Y165.488 E1.32864
G1 X165.37 Y165.448 E.01349
G1 X165.827 Y165.358 E.01545
G1 X166.262 Y165.229 E.01506
G1 X166.903 Y164.896 E.02397
G1 X167.483 Y164.429 E.0247
G1 X167.954 Y163.86 E.02451
G1 X168.291 Y163.208 E.02433
G1 X168.475 Y162.529 E.02335
G1 X168.535 Y161.905 E.02078
G1 X168.535 Y131.849 E.99702
G1 X168.475 Y131.219 E.021
G1 X168.354 Y130.783 E.01501
G1 X168.174 Y130.328 E.01625
G1 X167.954 Y129.906 E.01578
G1 X167.484 Y129.333 E.02458
G1 X166.903 Y128.865 E.02474
G1 X166.262 Y128.533 E.02397
G1 X165.594 Y128.334 E.02312
G1 X164.963 Y128.278 E.02101
G1 X124.914 Y128.278 E1.3285
G1 X124.281 Y128.334 E.02108
G1 X123.599 Y128.532 E.02354
G1 X122.957 Y128.867 E.02403
G1 X122.391 Y129.335 E.02435
G1 X121.919 Y129.905 E.02455
G1 X121.585 Y130.546 E.02398
G1 X121.386 Y131.215 E.02316
G1 X121.33 Y131.851 E.02117
G1 X121.33 Y161.904 E.99691
G1 X121.386 Y162.533 E.02095
G1 X121.515 Y162.976 E.01531
G1 E-.8 F3600
M204 S2000
G1 X121.135 Y163.086 F18000
G1 E.8 F3600
;TYPE:Gap infill
;WIDTH:0.428098
G1 F6000
G1 X121.139 Y163.098 E.00042
G1 X121.223 Y163.346 E.0082
G1 X121.58 Y164.065 E.0252
G1 X122.112 Y164.715 E.02636
G1 X122.734 Y165.222 E.02518
G1 X123.484 Y165.609 E.02649
G1 X124.221 Y165.82 E.02408
G1 X124.973 Y165.885 E.02367
G1 X164.915 Y165.885 E1.25366
G1 X165.418 Y165.836 E.01586
G1 X165.911 Y165.745 E.01575
G1 X166.394 Y165.606 E.01576
G1 X167.135 Y165.223 E.02619
G1 X167.556 Y164.888 E.01688
G1 X167.776 Y164.698 E.00913
G1 X168.292 Y164.059 E.02578
G1 X168.651 Y163.367 E.02448
G1 X168.868 Y162.584 E.0255
G1 X168.927 Y161.915 E.02107
G1 X168.919 Y131.666 E.94944
;WIDTH:0.432598
G1 X168.853 Y131.165 E.01602
G1 X168.796 Y130.905 E.00844
G1 X168.645 Y130.419 E.01616
G1 X168.537 Y130.172 E.00856
G1 X168.284 Y129.69 E.01731
G1 X167.761 Y129.049 E.02624
G1 X167.131 Y128.535 E.02582
G1 X166.424 Y128.168 E.02531
G1 X165.669 Y127.945 E.025
G1 X165.172 Y127.894 E.01585
G1 X164.91 Y127.879 E.00834
G1 X124.97 Y127.879 E1.26825
G1 X124.227 Y127.955 E.02371
G1 X123.462 Y128.16 E.02515
G1 X122.745 Y128.532 E.02566
G1 X122.107 Y129.053 E.02615
G1 X121.583 Y129.694 E.02629
G1 X121.212 Y130.415 E.02574
G1 X120.995 Y131.16 E.02465
G1 X120.935 Y131.825 E.0212
;WIDTH:0.428098
G1 X120.934 Y161.913 E.94438
G1 X120.997 Y162.607 E.02187
G1 X121.13 Y163.066 E.01502
; stop printing object USV 1 e2mm.stl_3 id:0 copy 0
; printing object "USV 1 e2mm.stl_1" id:1 copy 0
G1 E-.8 F3600
G1 X98.314 Y93.716 F18000
G1 E.8 F3600
M204 S1000
;TYPE:Outer wall
;WIDTH:0.42
G1 F3000
G1 X97.452 Y93.272 E.0298
G1 X96.953 Y92.876 E.01958
G1 X96.694 Y92.64 E.01077
G1 X96.458 Y92.382 E.01074
G1 X96.07 Y91.879 E.01951
G1 X95.899 Y91.584 E.01049
G1 X95.629 Y91.021 E.01918
G1 X95.449 Y90.445 E.01856
G1 X95.373 Y90.131 E.00991
G1 X95.33 Y89.822 E.0096
G1 X95.293 Y89.247 E.01771
G1 X95.293 Y59.26 E.92141
G1 X95.306 Y58.96 E.00923
G1 X95.349 Y58.649 E.00963
G1 X95.527 Y57.804 E.02655
G1 X95.629 Y57.497 E.00993
G1 X95.767 Y57.186 E.01048
G1 X96.071 Y56.639 E.01921
G1 X96.459 Y56.126 E.01975
G1 X96.691 Y55.872 E.0106
G1 X97.179 Y55.455 E.01971
G1 X97.452 Y55.247 E.01054
G1 X98.007 Y54.942 E.01944
G1 X98.312 Y54.804 E.01029
G1 X98.625 Y54.701 E.01016
G1 X99.215 Y54.544 E.01875
G1 X99.517 Y54.504 E.00936
G1 X100.086 Y54.468 E.01751
G1 X140.07 Y54.468 E1.2286
G1 X140.378 Y54.481 E.00948
G1 X141.216 Y54.622 E.0261
G1 X141.532 Y54.701 E.01001
G1 X141.841 Y54.804 E.01003
G1 X142.147 Y54.942 E.0103
G1 X142.702 Y55.247 E.01946
G1 X143.471 Y55.87 E.03042
G1 X143.884 Y56.357 E.01961
G1 X144.094 Y56.64 E.01082
G1 X144.26 Y56.929 E.01025
G1 X144.537 Y57.501 E.01953
G1 X144.64 Y57.809 E.00999
G1 X144.795 Y58.389 E.01843
G1 X144.859 Y58.958 E.01761
G1 X144.875 Y59.261 E.00932
G1 X144.875 Y89.248 E.92143
G1 X144.859 Y89.559 E.00956
G1 X144.795 Y90.131 E.0177
G1 X144.64 Y90.711 E.01842
G1 X144.537 Y91.02 E.01003
G1 X144.093 Y91.882 E.02979
G1 X143.885 Y92.154 E.01052
G1 X143.47 Y92.641 E.01967
G1 X143.208 Y92.875 E.01077
G1 X142.702 Y93.272 E.01976
G1 X141.838 Y93.716 E.02986
G1 X141.264 Y93.896 E.01847
G1 X140.952 Y93.972 E.00989
G1 X140.642 Y94.015 E.00962
G1 X140.067 Y94.051 E.01769
G1 X100.084 Y94.051 E1.22859
G1 X99.782 Y94.039 E.00926
G1 X98.943 Y93.895 E.02617
G1 X98.623 Y93.818 E.01011
G1 X98.333 Y93.723 E.00939
M204 S2000
G1 X98.469 Y93.355 F18000
M204 S1500
;TYPE:Inner wall
;WIDTH:0.45
G1 F4800
G1 X97.665 Y92.941 E.02997
G1 X97.207 Y92.577 E.01941
G1 X96.971 Y92.362 E.01059
G1 X96.758 Y92.129 E.01046
G1 X96.396 Y91.661 E.01964
G1 X96.246 Y91.4 E.00996
G1 X95.995 Y90.877 E.01927
G1 X95.827 Y90.34 E.01867
G1 X95.758 Y90.058 E.00962
G1 X95.72 Y89.782 E.00923
G1 X95.685 Y89.234 E.01822
G1 X95.685 Y59.268 E.99402
G1 X95.697 Y58.995 E.00907
G1 X95.735 Y58.717 E.00932
G1 X95.906 Y57.907 E.02746
G1 X95.995 Y57.639 E.00936
G1 X96.118 Y57.361 E.0101
G1 X96.401 Y56.854 E.01925
G1 X96.761 Y56.377 E.01981
G1 X96.964 Y56.154 E.01003
G1 X97.666 Y55.577 E.03015
G1 X98.182 Y55.293 E.01951
G1 X98.454 Y55.17 E.00991
G1 X99.291 Y54.929 E.02889
G1 X99.555 Y54.895 E.00882
G1 X100.098 Y54.861 E.01805
G1 X140.345 Y54.872 E1.33505
G1 X141.131 Y55.005 E.02646
G1 X141.698 Y55.17 E.01958
G1 X141.971 Y55.293 E.00994
G1 X142.488 Y55.577 E.01956
G1 X143.194 Y56.149 E.03013
G1 X143.577 Y56.6 E.01964
G1 X143.765 Y56.855 E.0105
G1 X143.913 Y57.112 E.00985
G1 X144.173 Y57.649 E.01978
G1 X144.409 Y58.462 E.02807
G1 X144.468 Y58.99 E.01764
G1 X144.483 Y59.271 E.00933
G1 X144.483 Y89.238 E.99407
G1 X144.409 Y90.058 E.02732
G1 X144.172 Y90.874 E.02817
G1 X143.763 Y91.669 E.02967
G1 X143.189 Y92.366 E.02996
G1 X142.956 Y92.574 E.01034
G1 X142.49 Y92.94 E.01968
G1 X141.689 Y93.352 E.02987
G1 X141.16 Y93.518 E.01839
G1 X140.878 Y93.586 E.00959
G1 X140.602 Y93.624 E.00925
G1 X140.055 Y93.659 E.0182
G1 X100.092 Y93.659 E1.32565
G1 X99.824 Y93.648 E.00889
G1 X99.022 Y93.511 E.027
G1 X98.73 Y93.441 E.00994
G1 X98.488 Y93.361 E.00847
M204 S2000
G1 E-.8 F3600
G1 X97.223 Y57.824 F18000
G1 E.8 F3600
M204 S1000
;TYPE:Outer wall
;WIDTH:0.42
G1 F3000
G1 X97.198 Y57.872 E.00167
G1 X97.033 Y58.29 E.01381
G1 X96.927 Y58.672 E.01219
G1 X96.872 Y59.245 E.0177
G1 X96.872 Y89.263 E.92237
G1 X96.927 Y89.836 E.01768
G1 X97.091 Y90.442 E.01929
G1 X97.39 Y91.019 E.01995
G1 X97.809 Y91.527 E.02023
G1 X98.327 Y91.943 E.02043
G1 X98.9 Y92.24 E.01983
G1 X99.282 Y92.354 E.01225
G1 X99.703 Y92.437 E.01317
G1 X100.069 Y92.472 E.01131
G1 X140.084 Y92.472 E1.22955
G1 X140.662 Y92.418 E.01783
G1 X141.269 Y92.24 E.01943
G1 X141.84 Y91.943 E.01978
G1 X142.345 Y91.526 E.02012
G1 X142.767 Y91.019 E.02027
G1 X142.959 Y90.648 E.01283
G1 X143.128 Y90.228 E.01393
G1 X143.241 Y89.838 E.01249
G1 X143.293 Y89.263 E.01773
G1 X143.293 Y59.246 E.92233
G1 X143.241 Y58.671 E.01775
G1 X143.065 Y58.076 E.01908
G1 X142.768 Y57.502 E.01986
G1 X142.345 Y56.983 E.02056
G1 X141.839 Y56.573 E.02002
G1 X141.269 Y56.276 E.01976
G1 X140.661 Y56.099 E.01944
G1 X140.083 Y56.047 E.01782
G1 X100.07 Y56.047 E1.22951
G1 X99.495 Y56.099 E.01772
G1 X98.9 Y56.276 E.01908
G1 X98.328 Y56.572 E.01981
G1 X97.808 Y56.982 E.02033
G1 X97.389 Y57.502 E.02052
G1 X97.232 Y57.806 E.01051
M204 S2000
G1 X96.849 Y57.694 F18000
M204 S1500
;TYPE:Inner wall
;WIDTH:0.45
G1 F4800
G1 X96.841 Y57.709 E.00059
G1 X96.66 Y58.165 E.01626
G1 X96.54 Y58.601 E.01499
G1 X96.48 Y59.227 E.02086
G1 X96.48 Y89.282 E.99699
G1 X96.54 Y89.907 E.02081
G1 X96.724 Y90.585 E.02332
G1 X97.061 Y91.236 E.02431
G1 X97.532 Y91.807 E.02455
G1 X98.112 Y92.273 E.02469
G1 X98.753 Y92.605 E.02394
G1 X99.188 Y92.735 E.01507
G1 X99.646 Y92.826 E.01548
G1 X100.05 Y92.865 E.01349
G1 X140.103 Y92.865 E1.32861
G1 X140.736 Y92.804 E.02111
G1 X141.416 Y92.606 E.0235
G1 X142.057 Y92.271 E.024
G1 X142.623 Y91.805 E.0243
G1 X143.096 Y91.238 E.02451
G1 X143.316 Y90.812 E.0159
G1 X143.499 Y90.356 E.0163
G1 X143.629 Y89.911 E.01538
G1 X143.685 Y89.28 E.02099
G1 X143.685 Y59.228 E.99688
G1 X143.628 Y58.597 E.02104
G1 X143.43 Y57.928 E.02313
G1 X143.097 Y57.285 E.02402
G1 X142.623 Y56.704 E.02488
G1 X142.055 Y56.244 E.02426
G1 X141.416 Y55.91 E.02393
G1 X140.734 Y55.712 E.02354
G1 X140.101 Y55.655 E.02108
G1 X100.052 Y55.655 E1.3285
G1 X99.421 Y55.712 E.02101
G1 X98.753 Y55.911 E.02312
G1 X98.114 Y56.241 E.02387
G1 X97.531 Y56.702 E.02465
G1 X97.059 Y57.287 E.02492
G1 X96.858 Y57.676 E.01454
M204 S2000
G1 X96.506 Y57.486 F18000
;TYPE:Gap infill
;WIDTH:0.420793
G1 F6000
G1 X96.477 Y57.54 E.00186
G1 X96.374 Y57.786 E.00821
G1 X96.287 Y58.029 E.00796
G1 X96.167 Y58.516 E.01544
G1 X96.085 Y59.199 E.02118
;WIDTH:0.431338
G1 X96.085 Y89.292 E.95248
G1 X96.152 Y89.994 E.02233
G1 X96.361 Y90.735 E.02436
G1 X96.6 Y91.214 E.01695
G1 X96.744 Y91.469 E.00928
G1 X97.25 Y92.083 E.02516
G1 X97.883 Y92.603 E.02595
G1 X98.62 Y92.983 E.02622
G1 X99.105 Y93.123 E.01598
G1 X99.598 Y93.213 E.01588
G1 X100.1 Y93.262 E.01596
G1 X140.042 Y93.262 E1.26421
G1 X140.562 Y93.224 E.0165
G1 X140.828 Y93.19 E.0085
G1 X141.58 Y92.965 E.02485
G1 X142.274 Y92.605 E.02474
G1 X142.903 Y92.089 E.02573
G1 X143.43 Y91.452 E.02616
G1 X143.792 Y90.722 E.02579
G1 X144.018 Y89.985 E.02442
G1 X144.084 Y89.224 E.02416
G1 X144.084 Y59.281 E.94773
G1 X144.069 Y59.023 E.00819
G1 X144.02 Y58.537 E.01545
G1 X143.804 Y57.795 E.02447
G1 X143.433 Y57.072 E.02571
G1 X142.918 Y56.437 E.02589
G1 X142.256 Y55.902 E.02693
G1 X141.557 Y55.54 E.02492
G1 X141.045 Y55.391 E.01689
;WIDTH:0.420793
G1 X140.788 Y55.334 E.00811
G1 X140.311 Y55.272 E.0148
G1 X140.11 Y55.264 E.00618
G1 X100.026 Y55.262 E1.23427
G1 X99.366 Y55.32 E.02041
G1 X98.596 Y55.543 E.02468
G1 X97.885 Y55.913 E.02466
G1 X97.239 Y56.437 E.02563
G1 X96.731 Y57.069 E.02496
G1 X96.516 Y57.469 E.01399
; stop printing object USV 1 e2mm.stl_1 id:1 copy 0
; end of layer_num: 43, T: 0, print_z: 8.640000
;LAYER_CHANGE
;Z:8.84
;HEIGHT:0.2
; BEFORE_LAYER_CHANGE 43 @ 8.84mm
G92 E0
; AFTER_LAYER_CHANGE 43 @ 8.84mm
; start of layer_num: 44, T: 0, print_z: 8.840000
; printing object "USV 1 e2mm.stl_3" id:0 copy 0
G1 E-.8 F3600
G1 X123.174 Y127.426 Z8.84 F18000
G1 E.8 F3600
M204 S1000
;TYPE:Outer wall
;WIDTH:0.42
G1 F3000
G1 X123.501 Y127.314 E.01064
G1 X124.287 Y127.147 E.02469
G1 X124.62 Y127.104 E.0103
G1 X124.946 Y127.088 E.01004
G1 X164.93 Y127.088 E1.22861
G1 X165.255 Y127.104 E.00999
G1 X165.804 Y127.168 E.01699
G1 X166.139 Y127.247 E.01056
G1 X166.705 Y127.427 E.01825
G1 X167.027 Y127.571 E.01082
G1 X167.563 Y127.869 E.01887
G1 X167.852 Y128.087 E.01112
G1 X168.321 Y128.491 E.01902
G1 X168.73 Y128.968 E.0193
G1 X168.942 Y129.26 E.01108
G1 X169.24 Y129.798 E.01891
G1 X169.386 Y130.121 E.0109
G1 X169.495 Y130.449 E.01061
G1 X169.576 Y130.779 E.01044
G1 X169.708 Y131.568 E.02458
G1 X169.722 Y131.882 E.00967
G1 X169.722 Y161.872 E.92151
G1 X169.708 Y162.197 E.00998
G1 X169.642 Y162.755 E.01728
G1 X169.562 Y163.082 E.01035
G1 X169.385 Y163.646 E.01814
G1 X169.24 Y163.967 E.01084
G1 X168.943 Y164.505 E.01889
G1 X168.73 Y164.794 E.01102
G1 X168.32 Y165.275 E.01942
G1 X168.049 Y165.514 E.0111
G1 X167.562 Y165.892 E.01894
G1 X166.701 Y166.339 E.02982
G1 X166.374 Y166.448 E.0106
G1 X166.035 Y166.528 E.01069
G1 X165.251 Y166.66 E.02444
G1 X164.931 Y166.674 E.00982
G1 X124.947 Y166.674 E1.2286
G1 X124.391 Y166.639 E.01711
G1 X124.063 Y166.594 E.01019
G1 X123.732 Y166.514 E.01046
G1 X123.174 Y166.339 E.01796
G1 X122.312 Y165.891 E.02984
G1 X122.02 Y165.673 E.01121
G1 X121.545 Y165.275 E.01904
G1 X120.919 Y164.5 E.0306
G1 X120.745 Y164.189 E.01095
G1 X120.478 Y163.641 E.01874
G1 X120.369 Y163.312 E.01067
G1 X120.22 Y162.753 E.01775
G1 X120.156 Y162.196 E.01723
G1 X120.14 Y161.871 E.01
G1 X120.14 Y131.885 E.9214
G1 X120.177 Y131.338 E.01684
G1 X120.219 Y131.009 E.01019
G1 X120.369 Y130.451 E.01776
G1 X120.478 Y130.124 E.01058
G1 X120.745 Y129.576 E.01875
G1 X120.921 Y129.262 E.01106
G1 X121.143 Y128.968 E.0113
G1 X121.545 Y128.49 E.01921
G1 X121.821 Y128.249 E.01126
G1 X122.315 Y127.869 E.01915
G1 X122.85 Y127.571 E.01883
G1 X123.155 Y127.434 E.01027
M204 S2000
G1 X123.317 Y127.792 F18000
M204 S1500
;TYPE:Inner wall
;WIDTH:0.45
G1 F4800
G1 X123.611 Y127.691 E.0103
G1 X124.349 Y127.535 E.02504
G1 X124.956 Y127.48 E.0202
G1 X164.92 Y127.48 E1.32569
G1 X165.223 Y127.495 E.01004
G1 X165.736 Y127.555 E.01716
G1 X166.034 Y127.625 E.01015
G1 X166.565 Y127.794 E.01849
G1 X166.851 Y127.922 E.01038
G1 X167.349 Y128.199 E.0189
G1 X167.606 Y128.392 E.01067
G1 X168.042 Y128.769 E.01913
G1 X168.423 Y129.211 E.01934
G1 X168.611 Y129.47 E.01062
G1 X168.889 Y129.974 E.01909
G1 X169.02 Y130.265 E.01058
G1 X169.118 Y130.558 E.01024
G1 X169.192 Y130.858 E.01026
G1 X169.318 Y131.609 E.02525
G1 X169.33 Y161.864 E1.00362
G1 X169.317 Y162.165 E.01001
G1 X169.255 Y162.685 E.01737
G1 X169.184 Y162.977 E.00996
G1 X169.018 Y163.506 E.01838
G1 X168.889 Y163.791 E.0104
G1 X168.611 Y164.294 E.01904
G1 X168.423 Y164.551 E.01057
G1 X168.04 Y164.999 E.01957
G1 X167.799 Y165.212 E.01066
G1 X167.347 Y165.563 E.01898
G1 X166.554 Y165.975 E.02964
G1 X166.267 Y166.07 E.01005
G1 X165.957 Y166.143 E.01055
G1 X165.21 Y166.269 E.02514
G1 X164.923 Y166.282 E.00952
G1 X124.959 Y166.282 E1.32567
G1 X124.43 Y166.249 E.01758
G1 X124.136 Y166.208 E.00986
G1 X123.837 Y166.136 E.01021
G1 X123.318 Y165.973 E.01802
G1 X122.524 Y165.56 E.02969
G1 X121.826 Y164.999 E.0297
G1 X121.245 Y164.28 E.03067
G1 X120.842 Y163.493 E.02933
G1 X120.606 Y162.68 E.02807
G1 X120.532 Y161.861 E.02728
G1 X120.532 Y131.898 E.99393
G1 X120.605 Y131.085 E.02707
G1 X120.841 Y130.273 E.02807
G1 X121.25 Y129.477 E.02969
G1 X121.826 Y128.765 E.03035
G1 X122.07 Y128.552 E.01076
G1 X122.531 Y128.197 E.0193
G1 X123.026 Y127.922 E.01879
G1 X123.299 Y127.8 E.00993
M204 S2000
G1 E-.8 F3600
G1 X121.876 Y162.813 F18000
G1 E.8 F3600
M204 S1000
;TYPE:Outer wall
;WIDTH:0.42
G1 F3000
G1 X121.895 Y162.879 E.00211
G1 X122.042 Y163.245 E.01211
G1 X122.248 Y163.643 E.01377
G1 X122.67 Y164.148 E.02024
G1 X123.175 Y164.566 E.02013
G1 X123.746 Y164.863 E.01979
G1 X124.353 Y165.04 E.01942
G1 X124.931 Y165.096 E.01783
G1 X164.946 Y165.096 E1.22956
G1 X165.34 Y165.057 E.01215
G1 X165.705 Y164.985 E.01143
G1 X166.115 Y164.863 E.01314
G1 X166.688 Y164.566 E.01984
G1 X167.206 Y164.149 E.02044
G1 X167.625 Y163.642 E.0202
G1 X167.924 Y163.065 E.01996
G1 X168.088 Y162.458 E.01932
G1 X168.143 Y161.887 E.01765
G1 X168.143 Y131.868 E.9224
G1 X168.088 Y131.29 E.01782
G1 X167.975 Y130.88 E.01308
G1 X167.831 Y130.518 E.01198
G1 X167.625 Y130.123 E.01367
G1 X167.206 Y129.613 E.02028
G1 X166.688 Y129.195 E.02046
G1 X166.115 Y128.898 E.01984
G1 X165.519 Y128.721 E.01908
G1 X164.945 Y128.67 E.01772
G1 X124.931 Y128.67 E1.22951
G1 X124.354 Y128.721 E.01782
G1 X123.746 Y128.898 E.01944
G1 X123.175 Y129.196 E.01979
G1 X122.67 Y129.613 E.02015
G1 X122.248 Y130.123 E.02032
G1 X121.95 Y130.693 E.01978
G1 X121.774 Y131.289 E.01909
G1 X121.722 Y131.868 E.01787
G1 X121.722 Y161.886 E.92236
G1 X121.773 Y162.46 E.0177
G1 X121.871 Y162.794 E.01069
M204 S2000
G1 X121.531 Y163.023 F18000
M204 S1500
;TYPE:Inner wall
;WIDTH:0.45
G1 F4800
G1 X121.685 Y163.408 E.01378
G1 X121.919 Y163.861 E.01691
G1 X122.392 Y164.427 E.02447
G1 X122.957 Y164.894 E.02431
G1 X123.599 Y165.229 E.02403
G1 X124.279 Y165.427 E.02347
G1 X124.912 Y165.488 E.02109
G1 X164.965 Y165.488 E1.32864
G1 X165.397 Y165.446 E.01439
G1 X165.799 Y165.366 E.01359
G1 X166.262 Y165.229 E.01602
G1 X166.903 Y164.896 E.02397
G1 X167.483 Y164.429 E.0247
G1 X167.954 Y163.86 E.02451
G1 X168.291 Y163.208 E.02433
G1 X168.475 Y162.529 E.02335
G1 X168.535 Y161.905 E.02078
G1 X168.535 Y131.849 E.99702
G1 X168.475 Y131.219 E.021
G1 X168.347 Y130.755 E.01596
G1 X168.188 Y130.354 E.0143
G1 X167.954 Y129.906 E.01678
G1 X167.484 Y129.333 E.02458
G1 X166.903 Y128.865 E.02474
G1 X166.262 Y128.533 E.02397
G1 X165.594 Y128.334 E.02312
G1 X164.963 Y128.278 E.02101
G1 X124.914 Y128.278 E1.3285
G1 X124.281 Y128.334 E.02108
G1 X123.599 Y128.532 E.02354
G1 X122.957 Y128.867 E.02403
G1 X122.391 Y129.335 E.02435
G1 X121.919 Y129.905 E.02455
G1 X121.585 Y130.546 E.02398
G1 X121.386 Y131.215 E.02316
G1 X121.33 Y131.851 E.02117
G1 X121.33 Y161.904 E.99691
G1 X121.386 Y162.533 E.02095
G1 X121.523 Y163.004 E.01628
G1 E-.8 F3600
M204 S2000
G1 X121.156 Y163.151 F18000
G1 E.8 F3600
;TYPE:Gap infill
;WIDTH:0.431644
G1 F6000
G1 X121.322 Y163.564 E.01411
G1 X121.577 Y164.06 E.01765
G1 X122.112 Y164.715 E.02682
G1 X122.74 Y165.226 E.02564
G1 X123.467 Y165.604 E.02597
G1 X123.944 Y165.748 E.01578
G1 X124.222 Y165.82 E.00908
G1 X124.972 Y165.885 E.02384
G1 X164.975 Y165.883 E1.26715
G1 X165.463 Y165.831 E.01555
G1 X165.878 Y165.755 E.01338
G1 X166.157 Y165.681 E.00912
G1 X166.402 Y165.604 E.00813
G1 X167.105 Y165.241 E.02508
G1 X167.756 Y164.72 E.02641
G1 X168.28 Y164.082 E.02615
G1 X168.663 Y163.332 E.02668
G1 X168.864 Y162.614 E.02359
G1 X168.932 Y161.856 E.02413
G1 X168.926 Y131.822 E.95135
G1 X168.855 Y131.165 E.02092
G1 X168.722 Y130.64 E.01716
G1 X168.545 Y130.18 E.01561
G1 X168.292 Y129.706 E.01702
G1 X167.762 Y129.049 E.02674
G1 X167.13 Y128.535 E.0258
G1 X166.423 Y128.167 E.02524
G1 X165.927 Y128.013 E.01647
G1 X165.668 Y127.945 E.00847
G1 X164.91 Y127.879 E.02409
G1 X124.888 Y127.883 E1.26775
G1 X124.227 Y127.953 E.02105
G1 X123.462 Y128.16 E.0251
G1 X122.749 Y128.529 E.02543
G1 X122.114 Y129.045 E.02594
G1 X121.583 Y129.694 E.02654
G1 X121.212 Y130.415 E.02567
G1 X120.995 Y131.16 E.02459
G1 X120.935 Y131.825 E.02115
G1 X120.934 Y161.913 E.95307
G1 X120.996 Y162.607 E.02207
G1 X121.147 Y163.127 E.01715
G1 X121.149 Y163.132 E.00018
; stop printing object USV 1 e2mm.stl_3 id:0 copy 0
; printing object "USV 1 e2mm.stl_1" id:1 copy 0
G1 E-.8 F3600
G1 X98.314 Y93.716 F18000
G1 E.8 F3600
M204 S1000
;TYPE:Outer wall
;WIDTH:0.42
G1 F3000
G1 X97.451 Y93.272 E.02981
G1 X96.968 Y92.89 E.01894
G1 X96.694 Y92.64 E.0114
G1 X96.444 Y92.367 E.01137
G1 X96.071 Y91.881 E.01881
G1 X95.775 Y91.344 E.01884
G1 X95.629 Y91.022 E.01088
G1 X95.519 Y90.693 E.01065
G1 X95.372 Y90.129 E.01789
G1 X95.327 Y89.804 E.01011
G1 X95.293 Y89.247 E.01713
G1 X95.293 Y59.26 E.92142
G1 X95.307 Y58.945 E.00969
G1 X95.439 Y58.159 E.0245
G1 X95.52 Y57.825 E.01053
G1 X95.629 Y57.497 E.01063
G1 X95.775 Y57.167 E.01109
G1 X96.071 Y56.639 E.0186
G1 X96.445 Y56.141 E.01912
G1 X96.691 Y55.872 E.01123
G1 X97.163 Y55.467 E.01908
G1 X97.452 Y55.247 E.01118
G1 X97.989 Y54.951 E.01883
G1 X98.312 Y54.804 E.01089
G1 X98.644 Y54.695 E.01075
G1 X99.215 Y54.544 E.01814
G1 X99.535 Y54.502 E.00992
G1 X100.085 Y54.468 E.01695
G1 X140.07 Y54.468 E1.22861
G1 X140.393 Y54.482 E.00993
G1 X141.181 Y54.611 E.02456
G1 X141.513 Y54.695 E.01052
G1 X141.841 Y54.804 E.01063
G1 X142.165 Y54.951 E.0109
G1 X142.7 Y55.246 E.0188
G1 X143.194 Y55.63 E.01921
G1 X143.472 Y55.87 E.01129
G1 X143.711 Y56.141 E.0111
G1 X144.094 Y56.64 E.01932
G1 X144.384 Y57.168 E.01852
G1 X144.537 Y57.499 E.01119
G1 X144.646 Y57.828 E.01065
G1 X144.795 Y58.389 E.01783
G1 X144.858 Y58.94 E.01707
G1 X144.875 Y59.261 E.00986
G1 X144.875 Y89.248 E.92143
G1 X144.858 Y89.577 E.01011
G1 X144.795 Y90.131 E.01715
G1 X144.646 Y90.692 E.01783
G1 X144.537 Y91.02 E.01062
G1 X144.384 Y91.344 E.01099
G1 X144.093 Y91.882 E.01881
G1 X143.873 Y92.171 E.01115
G1 X143.47 Y92.641 E.01904
G1 X143.193 Y92.889 E.01142
G1 X142.702 Y93.272 E.01912
G1 X141.836 Y93.717 E.02992
G1 X141.512 Y93.825 E.01049
G1 X140.95 Y93.972 E.01786
G1 X140.623 Y94.017 E.01013
G1 X140.068 Y94.051 E.01711
G1 X100.084 Y94.051 E1.2286
G1 X99.764 Y94.038 E.00982
G1 X98.98 Y93.906 E.02443
G1 X98.641 Y93.825 E.0107
G1 X98.333 Y93.723 E.00999
M204 S2000
G1 X98.469 Y93.355 F18000
M204 S1500
;TYPE:Inner wall
;WIDTH:0.45
G1 F4800
G1 X97.665 Y92.941 E.02999
G1 X97.222 Y92.591 E.01873
G1 X96.971 Y92.362 E.01126
G1 X96.745 Y92.115 E.01112
G1 X96.4 Y91.666 E.01876
G1 X96.126 Y91.168 E.01885
G1 X95.994 Y90.878 E.01056
G1 X95.895 Y90.581 E.01039
G1 X95.758 Y90.053 E.01811
G1 X95.718 Y89.765 E.00965
G1 X95.685 Y89.235 E.0176
G1 X95.685 Y59.268 E.99405
G1 X95.697 Y58.986 E.00937
G1 X95.823 Y58.237 E.02518
G1 X95.897 Y57.934 E.01036
G1 X95.995 Y57.639 E.01031
G1 X96.126 Y57.343 E.01074
G1 X96.401 Y56.854 E.01861
G1 X96.747 Y56.392 E.01915
G1 X96.965 Y56.154 E.0107
G1 X97.41 Y55.772 E.01944
G1 X97.667 Y55.576 E.01074
G1 X98.165 Y55.301 E.01885
G1 X98.454 Y55.17 E.01055
G1 X98.755 Y55.071 E.01052
G1 X99.291 Y54.929 E.01836
G1 X99.572 Y54.892 E.00942
G1 X100.097 Y54.861 E.01744
G1 X140.061 Y54.861 E1.32569
G1 X140.353 Y54.873 E.00966
G1 X141.102 Y54.996 E.02518
G1 X141.698 Y55.17 E.02062
G1 X141.989 Y55.301 E.01058
G1 X142.484 Y55.575 E.01877
G1 X143.196 Y56.149 E.03034
G1 X143.408 Y56.39 E.01066
G1 X143.765 Y56.855 E.01942
G1 X144.034 Y57.345 E.01854
G1 X144.171 Y57.643 E.01091
G1 X144.27 Y57.94 E.01038
G1 X144.409 Y58.462 E.0179
G1 X144.468 Y58.973 E.01707
G1 X144.483 Y59.271 E.0099
G1 X144.483 Y89.238 E.99407
G1 X144.468 Y89.545 E.01018
G1 X144.409 Y90.058 E.01715
G1 X144.27 Y90.58 E.0179
G1 X144.172 Y90.874 E.01029
G1 X143.763 Y91.669 E.02965
G1 X143.189 Y92.366 E.02996
G1 X142.941 Y92.588 E.01103
G1 X142.49 Y92.94 E.01899
G1 X141.684 Y93.355 E.03008
G1 X141.401 Y93.449 E.0099
G1 X140.873 Y93.587 E.01808
G1 X140.585 Y93.627 E.00967
G1 X140.056 Y93.659 E.01758
G1 X100.092 Y93.659 E1.32567
G1 X99.805 Y93.647 E.00951
G1 X99.058 Y93.521 E.02512
G1 X98.749 Y93.447 E.01056
G1 X98.488 Y93.361 E.00912
M204 S2000
G1 E-.8 F3600
G1 X97.217 Y57.835 F18000
G1 E.8 F3600
M204 S1000
;TYPE:Outer wall
;WIDTH:0.42
G1 F3000
G1 X97.184 Y57.899 E.0022
G1 X97.04 Y58.262 E.01201
G1 X96.927 Y58.672 E.01307
G1 X96.872 Y59.245 E.0177
G1 X96.872 Y89.263 E.92237
G1 X96.927 Y89.836 E.01768
G1 X97.091 Y90.442 E.01929
G1 X97.39 Y91.019 E.01996
G1 X97.809 Y91.527 E.02023
G1 X98.327 Y91.943 E.02043
G1 X98.9 Y92.24 E.01983
G1 X99.31 Y92.362 E.01314
G1 X99.675 Y92.435 E.01145
G1 X100.069 Y92.472 E.01215
G1 X140.084 Y92.472 E1.22955
G1 X140.662 Y92.418 E.01783
G1 X141.269 Y92.24 E.01943
G1 X141.84 Y91.943 E.01978
G1 X142.345 Y91.526 E.02012
G1 X142.767 Y91.019 E.02027
G1 X142.973 Y90.622 E.01376
G1 X143.12 Y90.256 E.0121
G1 X143.241 Y89.838 E.01339
G1 X143.293 Y89.263 E.01773
G1 X143.293 Y59.246 E.92233
G1 X143.241 Y58.671 E.01775
G1 X143.065 Y58.076 E.01908
G1 X142.768 Y57.502 E.01986
G1 X142.345 Y56.983 E.02056
G1 X141.839 Y56.573 E.02002
G1 X141.269 Y56.276 E.01976
G1 X140.661 Y56.099 E.01944
G1 X140.083 Y56.047 E.01782
G1 X100.07 Y56.047 E1.22951
G1 X99.495 Y56.099 E.01772
G1 X98.9 Y56.276 E.01908
G1 X98.328 Y56.572 E.01981
G1 X97.808 Y56.982 E.02033
G1 X97.389 Y57.502 E.02052
G1 X97.226 Y57.818 E.01092
M204 S2000
G1 X96.82 Y57.753 F18000
M204 S1500
;TYPE:Inner wall
;WIDTH:0.45
G1 F4800
G1 X96.668 Y58.137 E.01373
G1 X96.54 Y58.601 E.01594
G1 X96.48 Y59.227 E.02086
G1 X96.48 Y89.282 E.99699
G1 X96.54 Y89.907 E.02081
G1 X96.724 Y90.585 E.02332
G1 X97.061 Y91.236 E.02431
G1 X97.532 Y91.807 E.02455
G1 X98.112 Y92.273 E.02469
G1 X98.753 Y92.605 E.02394
G1 X99.216 Y92.743 E.01603
G1 X99.618 Y92.823 E.01362
G1 X100.05 Y92.865 E.01439
G1 X140.103 Y92.865 E1.32861
G1 X140.736 Y92.804 E.02111
G1 X141.416 Y92.606 E.0235
G1 X142.057 Y92.271 E.024
G1 X142.623 Y91.805 E.0243
G1 X143.096 Y91.238 E.02451
G1 X143.33 Y90.785 E.0169
G1 X143.491 Y90.384 E.01433
G1 X143.629 Y89.911 E.01636
G1 X143.685 Y89.28 E.02099
G1 X143.685 Y59.228 E.99688
G1 X143.628 Y58.597 E.02104
G1 X143.43 Y57.928 E.02313
G1 X143.097 Y57.285 E.02402
G1 X142.623 Y56.704 E.02488
G1 X142.055 Y56.244 E.02426
G1 X141.416 Y55.91 E.02393
G1 X140.734 Y55.712 E.02354
G1 X140.101 Y55.655 E.02108
G1 X100.052 Y55.655 E1.3285
G1 X99.421 Y55.712 E.02101
G1 X98.753 Y55.911 E.02312
G1 X98.114 Y56.241 E.02387
G1 X97.531 Y56.702 E.02465
G1 X97.059 Y57.287 E.02492
G1 X96.828 Y57.734 E.01671
M204 S2000
G1 X96.462 Y57.577 F18000
;TYPE:Gap infill
;WIDTH:0.428343
G1 F6000
G1 X96.373 Y57.785 E.00712
G1 X96.28 Y58.044 E.00863
G1 X96.165 Y58.516 E.01524
G1 X96.085 Y59.199 E.02161
G1 X96.085 Y89.292 E.94513
G1 X96.148 Y89.975 E.02156
G1 X96.278 Y90.468 E.016
G1 X96.36 Y90.735 E.00878
G1 X96.722 Y91.436 E.02478
G1 X97.25 Y92.083 E.02622
G1 X97.882 Y92.603 E.02572
G1 X98.587 Y92.968 E.02491
G1 X98.859 Y93.058 E.00902
G1 X99.138 Y93.132 E.00905
G1 X99.553 Y93.208 E.01325
G1 X100.1 Y93.262 E.01728
G1 X140.043 Y93.262 E1.2545
G1 X140.796 Y93.197 E.02372
G1 X141.286 Y93.063 E.01596
G1 X141.58 Y92.965 E.00975
G1 X142.26 Y92.613 E.02402
G1 X142.903 Y92.088 E.02607
G1 X143.43 Y91.452 E.02596
G1 X143.693 Y90.941 E.01803
G1 X143.868 Y90.504 E.01478
G1 X144.018 Y89.985 E.01699
G1 X144.084 Y89.224 E.02397
G1 X144.082 Y59.219 E.94237
G1 X144.02 Y58.537 E.0215
G1 X143.804 Y57.797 E.02422
G1 X143.439 Y57.085 E.02514
G1 X142.917 Y56.435 E.02617
G1 X142.264 Y55.906 E.02641
G1 X141.545 Y55.536 E.02538
G1 X140.822 Y55.338 E.02355
G1 X140.316 Y55.273 E.01603
G1 X140.11 Y55.264 E.00646
G1 X100.026 Y55.261 E1.25893
G1 X99.366 Y55.32 E.02081
G1 X98.596 Y55.543 E.02517
G1 X97.886 Y55.912 E.02512
G1 X97.239 Y56.437 E.02617
G1 X96.731 Y57.069 E.02547
G1 X96.485 Y57.523 E.01621
G1 X96.47 Y57.559 E.00122
; stop printing object USV 1 e2mm.stl_1 id:1 copy 0
; end of layer_num: 44, T: 0, print_z: 8.840000
;LAYER_CHANGE
;Z:9.04
;HEIGHT:0.2
; BEFORE_LAYER_CHANGE 44 @ 9.04mm
G92 E0
; AFTER_LAYER_CHANGE 44 @ 9.04mm
; start of layer_num: 45, T: 0, print_z: 9.040000
; printing object "USV 1 e2mm.stl_3" id:0 copy 0
G1 E-.8 F3600
G1 X123.174 Y127.426 Z9.04 F18000
G1 E.8 F3600
M204 S1000
;TYPE:Outer wall
;WIDTH:0.42
G1 F3000
G1 X123.518 Y127.309 E.01116
G1 X124.253 Y127.15 E.02312
G1 X124.602 Y127.105 E.0108
G1 X124.946 Y127.088 E.0106
G1 X164.93 Y127.088 E1.22861
G1 X165.273 Y127.105 E.01054
G1 X165.804 Y127.168 E.01643
G1 X166.158 Y127.251 E.01116
G1 X166.705 Y127.427 E.01766
G1 X167.044 Y127.579 E.01143
G1 X167.563 Y127.869 E.01826
G1 X167.868 Y128.099 E.01175
G1 X168.322 Y128.493 E.01846
G1 X168.584 Y128.785 E.01204
G1 X168.943 Y129.261 E.01836
G1 X169.232 Y129.78 E.01823
G1 X169.386 Y130.121 E.01151
G1 X169.5 Y130.465 E.01112
G1 X169.659 Y131.197 E.02303
G1 X169.707 Y131.547 E.01085
G1 X169.722 Y131.882 E.01031
G1 X169.722 Y161.872 E.92151
G1 X169.707 Y162.214 E.01053
G1 X169.642 Y162.755 E.01673
G1 X169.557 Y163.1 E.01093
G1 X169.385 Y163.645 E.01756
G1 X169.232 Y163.985 E.01146
G1 X168.943 Y164.505 E.01828
G1 X168.719 Y164.811 E.01164
G1 X168.32 Y165.275 E.0188
G1 X168.034 Y165.527 E.01173
G1 X167.562 Y165.893 E.01835
G1 X167.231 Y166.078 E.01166
G1 X166.7 Y166.34 E.01817
G1 X166.357 Y166.453 E.01109
G1 X165.613 Y166.611 E.02337
G1 X165.272 Y166.659 E.0106
G1 X164.931 Y166.674 E.01047
G1 X124.947 Y166.674 E1.22861
G1 X124.41 Y166.642 E.01654
G1 X124.064 Y166.594 E.01071
G1 X123.521 Y166.455 E.01725
G1 X123.176 Y166.34 E.01117
G1 X122.834 Y166.176 E.01166
G1 X122.314 Y165.892 E.0182
G1 X121.836 Y165.526 E.01849
G1 X121.546 Y165.276 E.01176
G1 X120.919 Y164.5 E.03064
G1 X120.735 Y164.172 E.01157
G1 X120.478 Y163.641 E.01812
G1 X120.363 Y163.293 E.01127
G1 X120.22 Y162.753 E.01715
G1 X120.157 Y162.214 E.01668
G1 X120.14 Y161.871 E.01055
G1 X120.14 Y131.885 E.92141
G1 X120.175 Y131.357 E.01626
G1 X120.219 Y131.009 E.01076
G1 X120.363 Y130.469 E.01716
G1 X120.478 Y130.124 E.01118
G1 X120.735 Y129.593 E.01813
G1 X120.92 Y129.263 E.01164
G1 X121.291 Y128.784 E.0186
G1 X121.544 Y128.491 E.0119
G1 X121.836 Y128.235 E.01193
G1 X122.315 Y127.868 E.01852
G1 X122.832 Y127.579 E.01823
G1 X123.155 Y127.434 E.01088
M204 S2000
G1 X123.317 Y127.792 F18000
M204 S1500
;TYPE:Inner wall
;WIDTH:0.45
G1 F4800
G1 X123.623 Y127.687 E.0107
G1 X124.32 Y127.537 E.02366
G1 X124.637 Y127.496 E.0106
G1 X124.956 Y127.48 E.01061
G1 X164.92 Y127.48 E1.32569
G1 X165.24 Y127.496 E.01062
G1 X165.736 Y127.554 E.01656
G1 X166.052 Y127.629 E.01079
G1 X166.565 Y127.794 E.01784
G1 X166.868 Y127.929 E.01104
G1 X167.348 Y128.198 E.01824
G1 X167.622 Y128.404 E.01136
G1 X168.047 Y128.773 E.01866
G1 X168.28 Y129.034 E.01163
G1 X168.614 Y129.476 E.01836
G1 X168.881 Y129.957 E.01824
G1 X169.02 Y130.265 E.01122
G1 X169.122 Y130.569 E.01063
G1 X169.273 Y131.266 E.02366
G1 X169.317 Y131.582 E.0106
G1 X169.33 Y131.891 E.01024
G1 X169.33 Y161.864 E.99427
G1 X169.316 Y162.183 E.01058
G1 X169.255 Y162.684 E.01677
G1 X169.18 Y162.995 E.0106
G1 X169.018 Y163.505 E.01775
G1 X168.881 Y163.809 E.01106
G1 X168.612 Y164.293 E.01838
G1 X168.411 Y164.567 E.01125
G1 X168.04 Y164.999 E.0189
G1 X167.784 Y165.225 E.01134
G1 X167.345 Y165.565 E.01843
G1 X166.551 Y165.976 E.02964
G1 X166.255 Y166.074 E.01036
G1 X165.545 Y166.225 E.02407
G1 X165.236 Y166.268 E.01035
G1 X164.923 Y166.282 E.01039
G1 X124.959 Y166.282 E1.3257
G1 X124.448 Y166.251 E.01696
G1 X124.14 Y166.209 E.01031
G1 X123.632 Y166.078 E.01742
G1 X123.323 Y165.975 E.01079
G1 X122.528 Y165.562 E.02972
G1 X122.083 Y165.222 E.01857
G1 X121.829 Y165.002 E.01115
G1 X121.245 Y164.28 E.03082
G1 X121.083 Y163.99 E.01101
G1 X120.842 Y163.494 E.01832
G1 X120.739 Y163.181 E.01091
G1 X120.606 Y162.68 E.01719
G1 X120.548 Y162.182 E.01666
G1 X120.532 Y161.861 E.01064
G1 X120.532 Y131.897 E.99395
G1 X120.605 Y131.085 E.02707
G1 X120.738 Y130.582 E.01727
G1 X120.842 Y130.272 E.01082
G1 X121.083 Y129.775 E.01834
G1 X121.248 Y129.48 E.01122
G1 X121.823 Y128.768 E.03034
G1 X122.085 Y128.539 E.01156
G1 X122.531 Y128.197 E.01864
G1 X123.008 Y127.929 E.01815
G1 X123.299 Y127.8 E.01057
M204 S2000
G1 E-.8 F3600
G1 X121.88 Y162.825 F18000
G1 E.8 F3600
M204 S1000
;TYPE:Outer wall
;WIDTH:0.42
G1 F3000
G1 X121.903 Y162.907 E.00263
G1 X122.028 Y163.218 E.01028
G1 X122.248 Y163.643 E.0147
G1 X122.67 Y164.148 E.02024
G1 X123.175 Y164.566 E.02013
G1 X123.746 Y164.863 E.01979
G1 X124.353 Y165.04 E.01942
G1 X124.931 Y165.096 E.01783
G1 X164.946 Y165.096 E1.22956
G1 X165.367 Y165.055 E.01299
G1 X165.677 Y164.993 E.00971
G1 X166.115 Y164.863 E.01403
G1 X166.688 Y164.566 E.01984
G1 X167.206 Y164.149 E.02044
G1 X167.625 Y163.642 E.0202
G1 X167.924 Y163.065 E.01996
G1 X168.088 Y162.458 E.01932
G1 X168.143 Y161.887 E.01765
G1 X168.143 Y131.868 E.9224
G1 X168.088 Y131.29 E.01782
G1 X167.967 Y130.852 E.01396
G1 X167.845 Y130.544 E.01018
G1 X167.625 Y130.123 E.0146
G1 X167.206 Y129.613 E.02028
G1 X166.688 Y129.195 E.02046
G1 X166.115 Y128.898 E.01984
G1 X165.519 Y128.721 E.01908
G1 X164.945 Y128.67 E.01772
G1 X124.931 Y128.67 E1.22951
G1 X124.354 Y128.721 E.01782
G1 X123.746 Y128.898 E.01944
G1 X123.175 Y129.196 E.01979
G1 X122.67 Y129.613 E.02015
G1 X122.248 Y130.123 E.02032
G1 X121.95 Y130.693 E.01978
G1 X121.774 Y131.289 E.01909
G1 X121.722 Y131.868 E.01787
G1 X121.722 Y161.886 E.92236
G1 X121.773 Y162.46 E.0177
G1 X121.874 Y162.806 E.01107
M204 S2000
G1 X121.528 Y163.019 F18000
M204 S1500
;TYPE:Inner wall
;WIDTH:0.45
G1 F4800
G1 X121.532 Y163.035 E.00057
G1 X121.671 Y163.381 E.01237
G1 X121.919 Y163.861 E.01792
G1 X122.392 Y164.427 E.02447
G1 X122.957 Y164.894 E.02431
G1 X123.599 Y165.229 E.02403
G1 X124.279 Y165.427 E.02347
G1 X124.912 Y165.488 E.02109
G1 X164.965 Y165.488 E1.32864
G1 X165.424 Y165.443 E.0153
G1 X165.771 Y165.374 E.01173
G1 X166.262 Y165.229 E.01698
G1 X166.903 Y164.896 E.02397
G1 X167.483 Y164.429 E.0247
G1 X167.954 Y163.86 E.02451
G1 X168.291 Y163.208 E.02433
G1 X168.475 Y162.529 E.02335
G1 X168.535 Y161.905 E.02078
G1 X168.535 Y131.849 E.99702
G1 X168.475 Y131.219 E.021
G1 X168.339 Y130.727 E.01692
G1 X168.202 Y130.381 E.01236
G1 X167.954 Y129.906 E.01777
G1 X167.484 Y129.333 E.02458
G1 X166.903 Y128.865 E.02474
G1 X166.262 Y128.533 E.02397
G1 X165.594 Y128.334 E.02312
G1 X164.963 Y128.278 E.02101
G1 X124.914 Y128.278 E1.3285
G1 X124.281 Y128.334 E.02108
G1 X123.599 Y128.532 E.02354
G1 X122.957 Y128.867 E.02403
G1 X122.391 Y129.335 E.02435
G1 X121.919 Y129.905 E.02454
G1 X121.585 Y130.546 E.02398
G1 X121.386 Y131.215 E.02316
G1 X121.33 Y131.851 E.02117
G1 X121.33 Y161.904 E.99691
G1 X121.386 Y162.533 E.02095
G1 X121.522 Y163 E.01613
G1 E-.8 F3600
M204 S2000
G1 X121.142 Y163.11 F18000
G1 E.8 F3600
;TYPE:Gap infill
;WIDTH:0.431732
G1 F6000
G1 X121.155 Y163.155 E.00151
G1 X121.308 Y163.537 E.01304
G1 X121.577 Y164.06 E.01861
G1 X122.116 Y164.719 E.027
G1 X122.745 Y165.229 E.02564
G1 X123.435 Y165.589 E.02465
G1 X123.746 Y165.691 E.01037
G1 X124.217 Y165.819 E.01548
G1 X124.97 Y165.885 E.02395
G1 X164.975 Y165.883 E1.26748
G1 X165.476 Y165.835 E.01596
G1 X166.149 Y165.683 E.02185
G1 X166.397 Y165.606 E.00825
G1 X167.105 Y165.241 E.02522
G1 X167.757 Y164.719 E.02645
G1 X168.28 Y164.081 E.02616
G1 X168.652 Y163.365 E.02555
G1 X168.793 Y162.887 E.0158
G1 X168.868 Y162.584 E.00989
G1 X168.932 Y161.855 E.02316
G1 X168.931 Y131.84 E.951
G1 X168.857 Y131.165 E.0215
G1 X168.737 Y130.674 E.01601
G1 X168.559 Y130.207 E.01585
G1 X168.292 Y129.706 E.01797
G1 X167.768 Y129.055 E.02647
G1 X167.129 Y128.534 E.02613
G1 X166.422 Y128.167 E.02524
G1 X165.944 Y128.018 E.01586
G1 X165.667 Y127.945 E.00909
G1 X164.91 Y127.879 E.02407
G1 X124.888 Y127.883 E1.26804
G1 X124.227 Y127.952 E.02105
G1 X123.462 Y128.16 E.02511
G1 X122.749 Y128.529 E.02542
G1 X122.11 Y129.049 E.02612
G1 X121.581 Y129.698 E.02653
G1 X121.212 Y130.415 E.02554
G1 X120.994 Y131.16 E.0246
G1 X120.935 Y131.825 E.02115
G1 X120.933 Y161.93 E.95384
G1 X120.996 Y162.604 E.02145
G1 X121.136 Y163.09 E.01603
; stop printing object USV 1 e2mm.stl_3 id:0 copy 0
; printing object "USV 1 e2mm.stl_1" id:1 copy 0
G1 E-.8 F3600
G1 X98.314 Y93.716 F18000
G1 E.8 F3600
M204 S1000
;TYPE:Outer wall
;WIDTH:0.42
G1 F3000
G1 X97.451 Y93.272 E.02982
G1 X96.983 Y92.903 E.01831
G1 X96.694 Y92.64 E.01203
G1 X96.43 Y92.352 E.01199
G1 X96.07 Y91.88 E.01823
G1 X95.879 Y91.549 E.01175
G1 X95.629 Y91.021 E.01793
G1 X95.458 Y90.481 E.0174
G1 X95.373 Y90.131 E.01107
G1 X95.325 Y89.785 E.01073
G1 X95.293 Y89.247 E.01656
G1 X95.293 Y59.26 E.92143
G1 X95.307 Y58.924 E.01033
G1 X95.355 Y58.577 E.01076
G1 X95.514 Y57.841 E.02314
G1 X95.629 Y57.497 E.01114
G1 X95.783 Y57.149 E.01171
G1 X96.071 Y56.639 E.01799
G1 X96.431 Y56.156 E.0185
G1 X96.692 Y55.871 E.01187
G1 X97.147 Y55.48 E.01845
G1 X97.454 Y55.246 E.01187
G1 X97.784 Y55.055 E.01173
G1 X98.313 Y54.804 E.01799
G1 X98.662 Y54.688 E.01129
G1 X99.215 Y54.544 E.01754
G1 X99.553 Y54.499 E.01048
G1 X100.085 Y54.468 E.01638
G1 X140.07 Y54.468 E1.22861
G1 X140.411 Y54.483 E.0105
G1 X141.144 Y54.601 E.02282
G1 X141.495 Y54.689 E.0111
G1 X141.841 Y54.804 E.01123
G1 X142.183 Y54.959 E.01151
G1 X142.7 Y55.246 E.0182
G1 X143.179 Y55.616 E.01859
G1 X143.471 Y55.869 E.01187
G1 X143.86 Y56.323 E.01837
G1 X144.094 Y56.64 E.0121
G1 X144.28 Y56.963 E.01146
G1 X144.537 Y57.5 E.01831
G1 X144.652 Y57.846 E.01119
G1 X144.795 Y58.389 E.01724
G1 X144.858 Y58.923 E.01653
G1 X144.875 Y59.261 E.0104
G1 X144.875 Y89.248 E.92143
G1 X144.858 Y89.595 E.01067
G1 X144.795 Y90.131 E.0166
G1 X144.652 Y90.674 E.01724
G1 X144.537 Y91.02 E.01121
G1 X144.376 Y91.362 E.0116
G1 X144.093 Y91.882 E.01819
G1 X143.861 Y92.187 E.01178
G1 X143.47 Y92.641 E.01841
G1 X143.177 Y92.902 E.01206
G1 X142.703 Y93.272 E.01848
G1 X141.836 Y93.717 E.02993
G1 X141.494 Y93.831 E.01109
G1 X140.95 Y93.972 E.01726
G1 X140.605 Y94.02 E.0107
G1 X140.068 Y94.051 E.01654
G1 X100.084 Y94.051 E1.22861
G1 X99.743 Y94.037 E.01047
G1 X99.402 Y93.989 E.01059
G1 X98.658 Y93.83 E.02338
G1 X98.333 Y93.723 E.01051
M204 S2000
G1 X98.469 Y93.355 F18000
M204 S1500
;TYPE:Inner wall
;WIDTH:0.45
G1 F4800
G1 X97.664 Y92.941 E.03002
G1 X97.237 Y92.604 E.01804
G1 X96.971 Y92.362 E.01192
G1 X96.731 Y92.1 E.01178
G1 X96.397 Y91.662 E.01827
G1 X96.227 Y91.366 E.01133
G1 X95.995 Y90.877 E.01796
G1 X95.835 Y90.376 E.01745
G1 X95.758 Y90.058 E.01085
G1 X95.715 Y89.747 E.01042
G1 X95.685 Y89.236 E.01699
G1 X95.685 Y59.268 E.99407
G1 X95.698 Y58.96 E.01025
G1 X95.742 Y58.646 E.01051
G1 X95.893 Y57.945 E.02378
G1 X95.995 Y57.639 E.0107
G1 X96.134 Y57.325 E.01139
G1 X96.401 Y56.854 E.01797
G1 X96.734 Y56.406 E.0185
G1 X96.965 Y56.153 E.01138
G1 X97.394 Y55.785 E.01875
G1 X97.672 Y55.573 E.0116
G1 X97.967 Y55.402 E.0113
G1 X98.459 Y55.168 E.01809
G1 X98.774 Y55.065 E.01098
G1 X99.29 Y54.929 E.01771
G1 X99.59 Y54.89 E.01003
G1 X100.097 Y54.861 E.01684
G1 X140.061 Y54.861 E1.32571
G1 X140.372 Y54.874 E.0103
G1 X141.065 Y54.985 E.02331
G1 X141.385 Y55.065 E.01092
G1 X141.698 Y55.17 E.01096
G1 X142.006 Y55.309 E.01122
G1 X142.484 Y55.575 E.01812
G1 X143.192 Y56.146 E.0302
G1 X143.553 Y56.568 E.0184
G1 X143.765 Y56.855 E.01185
G1 X143.932 Y57.146 E.01112
G1 X144.173 Y57.648 E.01846
G1 X144.276 Y57.958 E.01085
G1 X144.409 Y58.462 E.01728
G1 X144.467 Y58.956 E.0165
G1 X144.483 Y59.271 E.01047
G1 X144.483 Y89.238 E.99407
G1 X144.467 Y89.562 E.01076
G1 X144.409 Y90.058 E.01657
G1 X144.276 Y90.562 E.01727
G1 X144.172 Y90.874 E.01092
G1 X144.026 Y91.184 E.01138
G1 X143.763 Y91.668 E.01827
G1 X143.556 Y91.94 E.01133
G1 X143.19 Y92.366 E.01864
G1 X142.926 Y92.601 E.01173
G1 X142.491 Y92.94 E.01829
G1 X141.684 Y93.355 E.0301
G1 X141.383 Y93.455 E.01052
G1 X140.874 Y93.587 E.01743
G1 X140.567 Y93.629 E.01029
G1 X140.056 Y93.659 E.01696
G1 X100.092 Y93.659 E1.3257
G1 X99.779 Y93.646 E.01039
G1 X99.47 Y93.603 E.01034
G1 X98.761 Y93.451 E.02407
G1 X98.488 Y93.361 E.00953
M204 S2000
G1 E-.8 F3600
G1 X97.211 Y57.847 F18000
G1 E.8 F3600
M204 S1000
;TYPE:Outer wall
;WIDTH:0.42
G1 F3000
G1 X97.17 Y57.926 E.00273
G1 X97.048 Y58.234 E.0102
G1 X96.927 Y58.672 E.01396
G1 X96.872 Y59.245 E.0177
G1 X96.872 Y89.263 E.92237
G1 X96.927 Y89.836 E.01768
G1 X97.091 Y90.442 E.01929
G1 X97.39 Y91.019 E.01996
G1 X97.809 Y91.527 E.02023
G1 X98.327 Y91.943 E.02043
G1 X98.9 Y92.24 E.01983
G1 X99.338 Y92.371 E.01404
G1 X99.648 Y92.432 E.00972
G1 X100.069 Y92.472 E.01299
G1 X140.084 Y92.472 E1.22955
G1 X140.662 Y92.418 E.01783
G1 X141.269 Y92.24 E.01943
G1 X141.84 Y91.943 E.01978
G1 X142.345 Y91.526 E.02012
G1 X142.767 Y91.019 E.02027
G1 X142.987 Y90.595 E.01469
G1 X143.111 Y90.284 E.01028
G1 X143.241 Y89.838 E.0143
G1 X143.293 Y89.263 E.01773
G1 X143.293 Y59.246 E.92233
G1 X143.241 Y58.671 E.01775
G1 X143.065 Y58.076 E.01908
G1 X142.768 Y57.502 E.01986
G1 X142.345 Y56.983 E.02056
G1 X141.839 Y56.573 E.02002
G1 X141.269 Y56.276 E.01976
G1 X140.661 Y56.099 E.01944
G1 X140.083 Y56.047 E.01782
G1 X100.07 Y56.047 E1.22951
G1 X99.495 Y56.099 E.01772
G1 X98.9 Y56.276 E.01908
G1 X98.328 Y56.572 E.01981
G1 X97.808 Y56.982 E.02033
G1 X97.389 Y57.502 E.02052
G1 X97.22 Y57.829 E.01131
M204 S2000
G1 X96.806 Y57.779 F18000
M204 S1500
;TYPE:Inner wall
;WIDTH:0.45
G1 F4800
G1 X96.676 Y58.11 E.01178
G1 X96.54 Y58.601 E.0169
G1 X96.48 Y59.227 E.02086
G1 X96.48 Y89.282 E.99699
G1 X96.54 Y89.907 E.02081
G1 X96.724 Y90.585 E.02332
G1 X97.061 Y91.236 E.02431
G1 X97.532 Y91.807 E.02455
G1 X98.112 Y92.273 E.02469
G1 X98.753 Y92.605 E.02394
G1 X99.243 Y92.752 E.01699
G1 X99.591 Y92.821 E.01176
G1 X100.05 Y92.865 E.0153
G1 X140.103 Y92.865 E1.32861
G1 X140.736 Y92.804 E.02111
G1 X141.416 Y92.606 E.0235
G1 X142.057 Y92.271 E.024
G1 X142.623 Y91.805 E.0243
G1 X143.096 Y91.238 E.02451
G1 X143.344 Y90.758 E.0179
G1 X143.482 Y90.413 E.01236
G1 X143.629 Y89.911 E.01734
G1 X143.685 Y89.28 E.02099
G1 X143.685 Y59.228 E.99688
G1 X143.628 Y58.597 E.02104
G1 X143.43 Y57.928 E.02313
G1 X143.097 Y57.285 E.02402
G1 X142.623 Y56.704 E.02488
G1 X142.055 Y56.244 E.02426
G1 X141.416 Y55.91 E.02393
G1 X140.734 Y55.712 E.02354
G1 X140.101 Y55.655 E.02108
G1 X100.052 Y55.655 E1.3285
G1 X99.421 Y55.712 E.02101
G1 X98.753 Y55.911 E.02312
G1 X98.114 Y56.241 E.02387
G1 X97.531 Y56.702 E.02465
G1 X97.059 Y57.287 E.02492
G1 X96.814 Y57.761 E.01771
M204 S2000
G1 X96.451 Y57.602 F18000
;TYPE:Gap infill
;WIDTH:0.431325
G1 F6000
G1 X96.371 Y57.785 E.00632
G1 X96.278 Y58.051 E.00891
G1 X96.164 Y58.515 E.01514
G1 X96.085 Y59.199 E.02178
G1 X96.086 Y89.31 E.95302
G1 X96.146 Y89.962 E.02071
G1 X96.222 Y90.268 E.00998
G1 X96.36 Y90.733 E.01537
G1 X96.581 Y91.18 E.01579
G1 X96.744 Y91.469 E.0105
G1 X97.249 Y92.083 E.02516
G1 X97.881 Y92.602 E.02588
G1 X98.587 Y92.968 E.02514
G1 X98.866 Y93.061 E.00934
G1 X99.539 Y93.213 E.02183
G1 X100.1 Y93.262 E.01782
G1 X140.045 Y93.262 E1.26424
G1 X140.797 Y93.197 E.0239
G1 X141.269 Y93.069 E.01547
G1 X141.58 Y92.965 E.01041
G1 X142.26 Y92.613 E.02421
G1 X142.904 Y92.088 E.02629
G1 X143.43 Y91.451 E.02616
G1 X143.707 Y90.915 E.0191
G1 X143.891 Y90.447 E.0159
G1 X144.019 Y89.985 E.01518
G1 X144.084 Y89.228 E.02403
G1 X144.082 Y59.219 E.94978
G1 X144.02 Y58.535 E.02174
G1 X143.891 Y58.073 E.01519
G1 X143.79 Y57.764 E.01029
G1 X143.44 Y57.084 E.02419
G1 X142.912 Y56.43 E.02662
G1 X142.263 Y55.905 E.0264
G1 X141.545 Y55.536 E.02556
G1 X140.822 Y55.336 E.02373
G1 X140.331 Y55.273 E.01567
G1 X140.053 Y55.258 E.00882
G1 X100.026 Y55.261 E1.26687
G1 X99.366 Y55.319 E.02097
G1 X98.608 Y55.539 E.02497
G1 X97.894 Y55.906 E.02541
G1 X97.24 Y56.436 E.02665
G1 X96.731 Y57.069 E.0257
G1 X96.494 Y57.506 E.01574
G1 X96.46 Y57.583 E.00268
; stop printing object USV 1 e2mm.stl_1 id:1 copy 0
; end of layer_num: 45, T: 0, print_z: 9.040000
;LAYER_CHANGE
;Z:9.24
;HEIGHT:0.2
; BEFORE_LAYER_CHANGE 45 @ 9.24mm
G92 E0
; AFTER_LAYER_CHANGE 45 @ 9.24mm
; start of layer_num: 46, T: 0, print_z: 9.240000
; printing object "USV 1 e2mm.stl_3" id:0 copy 0
G1 E-.8 F3600
G1 X123.174 Y127.426 Z9.24 F18000
G1 E.8 F3600
M204 S1000
;TYPE:Outer wall
;WIDTH:0.42
G1 F3000
G1 X123.538 Y127.302 E.01184
G1 X123.906 Y127.213 E.01162
G1 X124.586 Y127.106 E.02116
G1 X124.946 Y127.088 E.01107
G1 X164.93 Y127.088 E1.22861
G1 X165.291 Y127.106 E.01109
G1 X165.804 Y127.168 E.01588
G1 X166.176 Y127.256 E.01175
G1 X166.704 Y127.427 E.01706
G1 X167.062 Y127.587 E.01204
G1 X167.563 Y127.869 E.01765
G1 X167.885 Y128.111 E.01238
G1 X168.322 Y128.492 E.01783
G1 X168.597 Y128.8 E.01268
G1 X168.943 Y129.261 E.01772
G1 X169.223 Y129.762 E.01763
G1 X169.386 Y130.121 E.01211
G1 X169.507 Y130.483 E.01173
G1 X169.656 Y131.161 E.02132
G1 X169.707 Y131.529 E.01142
G1 X169.722 Y131.882 E.01085
G1 X169.722 Y161.872 E.92151
G1 X169.707 Y162.232 E.01107
G1 X169.642 Y162.755 E.01617
G1 X169.553 Y163.119 E.01152
G1 X169.385 Y163.645 E.01698
G1 X169.223 Y164.003 E.01207
G1 X168.943 Y164.505 E.01767
G1 X168.707 Y164.827 E.01226
G1 X168.32 Y165.275 E.01818
G1 X168.019 Y165.541 E.01236
G1 X167.563 Y165.892 E.0177
G1 X167.061 Y166.167 E.01757
G1 X166.701 Y166.339 E.01226
G1 X166.336 Y166.46 E.01181
G1 X165.96 Y166.549 E.01187
G1 X165.287 Y166.659 E.02095
G1 X164.931 Y166.674 E.01095
G1 X124.947 Y166.674 E1.22862
G1 X124.428 Y166.644 E.01597
G1 X124.064 Y166.594 E.01128
G1 X123.539 Y166.461 E.01665
G1 X123.176 Y166.34 E.01176
G1 X122.816 Y166.167 E.01227
G1 X122.313 Y165.891 E.01762
G1 X121.987 Y165.649 E.01247
G1 X121.543 Y165.273 E.01787
G1 X120.921 Y164.503 E.03042
G1 X120.648 Y164.003 E.01753
G1 X120.478 Y163.643 E.01222
G1 X120.357 Y163.275 E.01191
G1 X120.22 Y162.753 E.01656
G1 X120.158 Y162.232 E.01614
G1 X120.14 Y161.871 E.0111
G1 X120.14 Y131.884 E.92142
G1 X120.172 Y131.375 E.01568
G1 X120.219 Y131.009 E.01134
G1 X120.357 Y130.488 E.01657
G1 X120.478 Y130.124 E.01178
G1 X120.726 Y129.611 E.01751
G1 X120.921 Y129.263 E.01226
G1 X121.277 Y128.8 E.01796
G1 X121.543 Y128.492 E.0125
G1 X121.988 Y128.112 E.01796
G1 X122.314 Y127.869 E.0125
G1 X122.814 Y127.587 E.01766
G1 X123.155 Y127.434 E.01148
M204 S2000
G1 X123.317 Y127.792 F18000
M204 S1500
;TYPE:Inner wall
;WIDTH:0.45
G1 F4800
G1 X123.648 Y127.678 E.01159
G1 X123.983 Y127.598 E.01142
G1 X124.627 Y127.496 E.02163
G1 X124.956 Y127.48 E.01094
G1 X164.92 Y127.48 E1.32569
G1 X165.257 Y127.497 E.01119
G1 X165.735 Y127.554 E.01596
G1 X166.07 Y127.634 E.01143
G1 X166.564 Y127.794 E.0172
G1 X166.886 Y127.937 E.0117
G1 X167.347 Y128.197 E.01758
G1 X167.637 Y128.416 E.01205
G1 X168.046 Y128.772 E.01798
G1 X168.294 Y129.049 E.01232
G1 X168.614 Y129.476 E.0177
G1 X168.873 Y129.939 E.01761
G1 X169.02 Y130.265 E.01185
G1 X169.128 Y130.588 E.01131
G1 X169.27 Y131.23 E.02181
G1 X169.316 Y131.564 E.01119
G1 X169.33 Y131.891 E.01083
G1 X169.33 Y161.864 E.99427
G1 X169.316 Y162.2 E.01115
G1 X169.256 Y162.684 E.01618
G1 X169.175 Y163.013 E.01123
G1 X169.019 Y163.505 E.01712
G1 X168.873 Y163.826 E.01171
G1 X168.612 Y164.292 E.01772
G1 X168.4 Y164.582 E.01193
G1 X168.041 Y164.998 E.01823
G1 X167.769 Y165.238 E.01203
G1 X167.347 Y165.563 E.01766
G1 X166.554 Y165.975 E.02964
G1 X166.229 Y166.082 E.01135
G1 X165.884 Y166.164 E.01179
G1 X165.247 Y166.268 E.02138
G1 X164.923 Y166.282 E.01077
G1 X124.958 Y166.282 E1.32572
G1 X124.466 Y166.254 E.01634
G1 X124.14 Y166.209 E.01092
G1 X123.649 Y166.084 E.01678
G1 X123.323 Y165.975 E.01141
G1 X122.525 Y165.561 E.02983
G1 X122.231 Y165.342 E.01215
G1 X121.821 Y164.994 E.01784
G1 X121.25 Y164.288 E.03013
G1 X120.997 Y163.825 E.01749
G1 X120.843 Y163.497 E.01202
G1 X120.733 Y163.163 E.01167
G1 X120.606 Y162.68 E.01656
G1 X120.549 Y162.199 E.01608
G1 X120.532 Y161.861 E.01122
G1 X120.532 Y131.897 E.99397
G1 X120.563 Y131.412 E.0161
G1 X120.605 Y131.084 E.01098
G1 X120.732 Y130.6 E.01662
G1 X120.842 Y130.272 E.01146
G1 X121.074 Y129.792 E.01767
G1 X121.249 Y129.479 E.01189
G1 X121.581 Y129.048 E.01807
G1 X121.821 Y128.771 E.01214
G1 X122.232 Y128.419 E.01798
G1 X122.528 Y128.198 E.01223
G1 X122.991 Y127.937 E.01763
G1 X123.299 Y127.8 E.0112
M204 S2000
G1 E-.8 F3600
G1 X121.883 Y162.836 F18000
G1 E.8 F3600
M204 S1000
;TYPE:Outer wall
;WIDTH:0.42
G1 F3000
G1 X121.912 Y162.936 E.00317
G1 X122.014 Y163.191 E.00845
G1 X122.248 Y163.643 E.01562
G1 X122.67 Y164.148 E.02024
G1 X123.175 Y164.566 E.02013
G1 X123.746 Y164.863 E.01979
G1 X124.353 Y165.04 E.01942
G1 X124.931 Y165.096 E.01783
G1 X164.946 Y165.096 E1.22956
G1 X165.394 Y165.052 E.01383
G1 X165.649 Y165.001 E.00799
G1 X166.115 Y164.863 E.01492
G1 X166.688 Y164.566 E.01984
G1 X167.206 Y164.149 E.02044
G1 X167.625 Y163.642 E.0202
G1 X167.924 Y163.065 E.01996
G1 X168.088 Y162.458 E.01932
G1 X168.143 Y161.887 E.01765
G1 X168.143 Y131.868 E.9224
G1 X168.088 Y131.29 E.01782
G1 X167.959 Y130.825 E.01485
G1 X167.859 Y130.571 E.00838
G1 X167.625 Y130.123 E.01552
G1 X167.206 Y129.613 E.02028
G1 X166.688 Y129.195 E.02046
G1 X166.115 Y128.898 E.01984
G1 X165.519 Y128.721 E.01908
G1 X164.945 Y128.67 E.01772
G1 X124.931 Y128.67 E1.22951
G1 X124.354 Y128.721 E.01782
G1 X123.746 Y128.898 E.01944
G1 X123.175 Y129.196 E.01979
G1 X122.67 Y129.613 E.02015
G1 X122.248 Y130.123 E.02032
G1 X121.95 Y130.693 E.01978
G1 X121.774 Y131.289 E.01909
G1 X121.722 Y131.868 E.01787
G1 X121.722 Y161.886 E.92236
G1 X121.773 Y162.46 E.0177
G1 X121.877 Y162.817 E.01144
M204 S2000
G1 X121.547 Y163.079 F18000
M204 S1500
;TYPE:Inner wall
;WIDTH:0.45
G1 F4800
G1 X121.657 Y163.354 E.00983
G1 X121.919 Y163.861 E.01892
G1 X122.392 Y164.427 E.02447
G1 X122.957 Y164.894 E.02431
G1 X123.599 Y165.229 E.02403
G1 X124.279 Y165.427 E.02347
G1 X124.912 Y165.488 E.02109
G1 X164.965 Y165.488 E1.32864
G1 X165.451 Y165.44 E.01621
G1 X165.743 Y165.382 E.00987
G1 X166.262 Y165.229 E.01795
G1 X166.903 Y164.896 E.02397
G1 X167.483 Y164.429 E.0247
G1 X167.954 Y163.86 E.02451
G1 X168.291 Y163.208 E.02433
G1 X168.475 Y162.529 E.02335
G1 X168.535 Y161.905 E.02078
G1 X168.535 Y131.849 E.99702
G1 X168.475 Y131.219 E.021
G1 X168.331 Y130.7 E.01788
G1 X168.216 Y130.408 E.01042
G1 X167.954 Y129.906 E.01877
G1 X167.484 Y129.333 E.02458
G1 X166.903 Y128.865 E.02474
G1 X166.262 Y128.533 E.02397
G1 X165.594 Y128.334 E.02312
G1 X164.963 Y128.278 E.02101
G1 X124.914 Y128.278 E1.3285
G1 X124.281 Y128.334 E.02108
G1 X123.599 Y128.532 E.02354
G1 X122.957 Y128.867 E.02403
G1 X122.391 Y129.335 E.02435
G1 X121.919 Y129.905 E.02454
G1 X121.585 Y130.546 E.02398
G1 X121.386 Y131.215 E.02316
G1 X121.33 Y131.851 E.02117
G1 X121.33 Y161.904 E.99691
G1 X121.386 Y162.533 E.02095
G1 X121.54 Y163.061 E.01824
G1 E-.8 F3600
M204 S2000
G1 X121.173 Y163.197 F18000
G1 E.8 F3600
;TYPE:Gap infill
;WIDTH:0.432128
G1 F6000
G1 X121.291 Y163.512 E.01065
G1 X121.582 Y164.07 E.01997
G1 X122.105 Y164.709 E.02618
G1 X122.738 Y165.225 E.02592
G1 X123.435 Y165.589 E.02492
G1 X123.763 Y165.697 E.01096
G1 X124.216 Y165.819 E.01487
G1 X124.969 Y165.885 E.02397
G1 X164.975 Y165.883 E1.26881
G1 X165.518 Y165.827 E.01731
G1 X166.119 Y165.693 E.01954
G1 X166.402 Y165.604 E.00939
G1 X167.105 Y165.241 E.02511
G1 X167.757 Y164.718 E.02652
G1 X168.281 Y164.079 E.02619
G1 X168.652 Y163.364 E.02557
G1 X168.789 Y162.904 E.01521
G1 X168.868 Y162.584 E.01047
G1 X168.932 Y161.855 E.02319
G1 X168.931 Y131.84 E.95197
G1 X168.859 Y131.165 E.02153
G1 X168.743 Y130.694 E.01536
G1 X168.572 Y130.234 E.01558
G1 X168.293 Y129.706 E.01895
G1 X167.767 Y129.055 E.02653
G1 X167.128 Y128.533 E.02617
G1 X166.421 Y128.166 E.02526
G1 X165.962 Y128.023 E.01526
G1 X165.666 Y127.944 E.0097
G1 X164.91 Y127.879 E.02406
G1 X124.966 Y127.879 E1.26685
G1 X124.668 Y127.896 E.00946
G1 X124.06 Y127.986 E.01951
G1 X123.434 Y128.172 E.02069
G1 X122.745 Y128.531 E.02466
G1 X122.104 Y129.055 E.02626
G1 X121.58 Y129.698 E.02629
G1 X121.212 Y130.414 E.02555
G1 X120.994 Y131.16 E.02462
G1 X120.934 Y131.825 E.02118
G1 X120.933 Y161.93 E.95481
G1 X120.996 Y162.606 E.02154
G1 X121.118 Y163.049 E.01456
G1 X121.166 Y163.179 E.00438
; stop printing object USV 1 e2mm.stl_3 id:0 copy 0
; printing object "USV 1 e2mm.stl_1" id:1 copy 0
G1 E-.8 F3600
G1 X98.314 Y93.716 F18000
G1 E.8 F3600
M204 S1000
;TYPE:Outer wall
;WIDTH:0.42
G1 F3000
G1 X97.451 Y93.272 E.02983
G1 X96.998 Y92.917 E.01767
G1 X96.694 Y92.64 E.01266
G1 X96.416 Y92.336 E.01262
G1 X96.07 Y91.88 E.0176
G1 X95.869 Y91.531 E.01238
G1 X95.628 Y91.02 E.01735
G1 X95.507 Y90.656 E.01179
G1 X95.373 Y90.131 E.01665
G1 X95.308 Y89.613 E.01604
G1 X95.293 Y89.249 E.0112
G1 X95.293 Y59.26 E.92148
G1 X95.308 Y58.909 E.0108
G1 X95.418 Y58.232 E.02106
G1 X95.507 Y57.862 E.01169
G1 X95.629 Y57.497 E.01182
G1 X95.792 Y57.131 E.01232
G1 X96.071 Y56.639 E.01738
G1 X96.417 Y56.172 E.01788
G1 X96.692 Y55.871 E.0125
G1 X97.131 Y55.492 E.01782
G1 X97.453 Y55.246 E.01245
G1 X97.953 Y54.967 E.01761
G1 X98.312 Y54.804 E.0121
G1 X98.681 Y54.682 E.01195
G1 X99.214 Y54.544 E.01694
G1 X99.571 Y54.497 E.01105
G1 X100.085 Y54.468 E.01582
G1 X140.07 Y54.468 E1.22862
G1 X140.43 Y54.484 E.01107
G1 X141.108 Y54.59 E.02109
G1 X141.476 Y54.683 E.01167
G1 X141.841 Y54.804 E.01183
G1 X142.2 Y54.967 E.01211
G1 X142.7 Y55.246 E.01759
G1 X143.163 Y55.603 E.01796
G1 X143.471 Y55.869 E.0125
G1 X143.847 Y56.307 E.01773
G1 X144.094 Y56.64 E.01273
G1 X144.289 Y56.98 E.01206
G1 X144.537 Y57.5 E.0177
G1 X144.658 Y57.864 E.01179
G1 X144.795 Y58.389 E.01665
G1 X144.857 Y58.905 E.01599
G1 X144.875 Y59.261 E.01094
G1 X144.875 Y89.248 E.92143
G1 X144.857 Y89.613 E.01122
G1 X144.795 Y90.131 E.01604
G1 X144.658 Y90.656 E.01665
G1 X144.537 Y91.02 E.0118
G1 X144.367 Y91.38 E.01221
G1 X144.093 Y91.882 E.01758
G1 X143.848 Y92.203 E.01241
G1 X143.47 Y92.641 E.01778
G1 X143.162 Y92.916 E.0127
G1 X142.703 Y93.272 E.01783
G1 X141.836 Y93.717 E.02994
G1 X141.476 Y93.838 E.01168
G1 X140.952 Y93.972 E.01662
G1 X140.433 Y94.036 E.01607
G1 X140.07 Y94.051 E.01117
G1 X100.084 Y94.051 E1.22866
G1 X99.728 Y94.036 E.01095
G1 X99.055 Y93.927 E.02095
G1 X98.679 Y93.837 E.01188
G1 X98.333 Y93.723 E.01119
M204 S2000
G1 X98.469 Y93.355 F18000
M204 S1500
;TYPE:Inner wall
;WIDTH:0.45
G1 F4800
G1 X97.663 Y92.94 E.03004
G1 X97.251 Y92.618 E.01736
G1 X96.971 Y92.362 E.01259
G1 X96.718 Y92.085 E.01244
G1 X96.398 Y91.663 E.01758
G1 X96.217 Y91.349 E.01201
G1 X95.993 Y90.874 E.01742
G1 X95.883 Y90.546 E.01149
G1 X95.759 Y90.058 E.01669
G1 X95.699 Y89.581 E.01596
G1 X95.685 Y89.241 E.01128
G1 X95.685 Y59.268 E.99424
G1 X95.699 Y58.949 E.01061
G1 X95.802 Y58.31 E.02147
G1 X95.885 Y57.971 E.01157
G1 X95.995 Y57.639 E.0116
G1 X96.142 Y57.308 E.01203
G1 X96.401 Y56.854 E.01733
G1 X96.72 Y56.421 E.01785
G1 X96.966 Y56.153 E.01205
G1 X97.378 Y55.797 E.01807
G1 X97.668 Y55.575 E.01212
G1 X98.13 Y55.317 E.01753
G1 X98.454 Y55.17 E.01183
G1 X98.792 Y55.059 E.01178
G1 X99.289 Y54.93 E.01706
G1 X99.607 Y54.888 E.01064
G1 X100.096 Y54.861 E.01623
G1 X140.061 Y54.861 E1.32574
G1 X140.391 Y54.874 E.01094
G1 X141.029 Y54.974 E.02144
G1 X141.366 Y55.059 E.01152
G1 X141.698 Y55.17 E.0116
G1 X142.024 Y55.317 E.01185
G1 X142.484 Y55.574 E.01748
G1 X142.915 Y55.907 E.01807
G1 X143.193 Y56.147 E.01217
G1 X143.541 Y56.552 E.01771
G1 X143.765 Y56.855 E.01252
G1 X143.942 Y57.162 E.01176
G1 X144.173 Y57.647 E.01781
G1 X144.282 Y57.976 E.0115
G1 X144.409 Y58.462 E.01665
G1 X144.466 Y58.939 E.01594
G1 X144.483 Y59.271 E.01104
G1 X144.483 Y89.238 E.99407
G1 X144.466 Y89.58 E.01135
G1 X144.409 Y90.058 E.01599
G1 X144.282 Y90.544 E.01665
G1 X144.172 Y90.874 E.01154
G1 X144.018 Y91.202 E.01202
G1 X143.764 Y91.668 E.0176
G1 X143.544 Y91.956 E.01201
G1 X143.19 Y92.365 E.01796
G1 X142.911 Y92.615 E.01242
G1 X142.491 Y92.939 E.0176
G1 X141.684 Y93.355 E.03012
G1 X141.365 Y93.461 E.01114
G1 X140.879 Y93.586 E.01665
G1 X140.401 Y93.645 E.01599
G1 X140.061 Y93.659 E.01126
G1 X100.092 Y93.659 E1.32587
G1 X99.767 Y93.646 E.01077
G1 X99.132 Y93.542 E.02136
G1 X98.786 Y93.459 E.0118
G1 X98.488 Y93.361 E.01042
M204 S2000
G1 E-.8 F3600
G1 X97.205 Y57.858 F18000
G1 E.8 F3600
M204 S1000
;TYPE:Outer wall
;WIDTH:0.42
G1 F3000
G1 X97.156 Y57.953 E.00328
G1 X97.056 Y58.207 E.0084
G1 X96.927 Y58.672 E.01484
G1 X96.872 Y59.245 E.0177
G1 X96.872 Y89.263 E.92237
G1 X96.927 Y89.836 E.01768
G1 X97.091 Y90.442 E.01929
G1 X97.39 Y91.019 E.01995
G1 X97.809 Y91.527 E.02023
G1 X98.327 Y91.943 E.02043
G1 X98.9 Y92.24 E.01983
G1 X99.366 Y92.379 E.01493
G1 X99.621 Y92.43 E.008
G1 X100.069 Y92.472 E.01383
G1 X140.084 Y92.472 E1.22955
G1 X140.662 Y92.418 E.01783
G1 X141.269 Y92.24 E.01943
G1 X141.84 Y91.943 E.01978
G1 X142.345 Y91.526 E.02012
G1 X142.767 Y91.019 E.02027
G1 X143.001 Y90.568 E.01562
G1 X143.103 Y90.313 E.00845
G1 X143.241 Y89.838 E.01521
G1 X143.293 Y89.263 E.01773
G1 X143.293 Y59.246 E.92233
G1 X143.241 Y58.671 E.01775
G1 X143.065 Y58.076 E.01908
G1 X142.768 Y57.502 E.01986
G1 X142.345 Y56.983 E.02056
G1 X141.839 Y56.573 E.02002
G1 X141.269 Y56.276 E.01976
G1 X140.661 Y56.099 E.01944
G1 X140.083 Y56.047 E.01782
G1 X100.07 Y56.047 E1.22951
G1 X99.495 Y56.099 E.01772
G1 X98.9 Y56.276 E.01908
G1 X98.328 Y56.572 E.01981
G1 X97.808 Y56.982 E.02033
G1 X97.389 Y57.502 E.02052
G1 X97.214 Y57.84 E.01169
M204 S2000
G1 X96.807 Y57.774 F18000
M204 S1500
;TYPE:Inner wall
;WIDTH:0.45
G1 F4800
G1 X96.799 Y57.79 E.00058
G1 X96.683 Y58.082 E.01041
G1 X96.54 Y58.601 E.01786
G1 X96.48 Y59.227 E.02086
G1 X96.48 Y89.282 E.99699
G1 X96.54 Y89.907 E.02081
G1 X96.724 Y90.585 E.02332
G1 X97.061 Y91.236 E.02431
G1 X97.532 Y91.807 E.02455
G1 X98.112 Y92.273 E.02469
G1 X98.753 Y92.605 E.02394
G1 X99.271 Y92.76 E.01795
G1 X99.564 Y92.818 E.0099
G1 X100.05 Y92.865 E.01621
G1 X140.103 Y92.865 E1.32861
G1 X140.736 Y92.804 E.02111
G1 X141.416 Y92.606 E.0235
G1 X142.057 Y92.271 E.024
G1 X142.623 Y91.805 E.0243
G1 X143.096 Y91.238 E.02451
G1 X143.358 Y90.731 E.0189
G1 X143.474 Y90.441 E.01039
G1 X143.629 Y89.911 E.01832
G1 X143.685 Y89.28 E.02099
G1 X143.685 Y59.228 E.99688
G1 X143.628 Y58.597 E.02104
G1 X143.43 Y57.928 E.02313
G1 X143.097 Y57.285 E.02402
G1 X142.623 Y56.704 E.02488
G1 X142.055 Y56.244 E.02426
G1 X141.416 Y55.91 E.02393
G1 X140.734 Y55.712 E.02355
G1 X140.101 Y55.655 E.02108
G1 X100.052 Y55.655 E1.3285
G1 X99.421 Y55.712 E.02101
G1 X98.753 Y55.911 E.02312
G1 X98.114 Y56.241 E.02387
G1 X97.531 Y56.702 E.02465
G1 X97.059 Y57.287 E.02492
G1 X96.816 Y57.757 E.01755
M204 S2000
G1 X96.454 Y57.595 F18000
;TYPE:Gap infill
;WIDTH:0.431467
G1 F6000
G1 X96.37 Y57.784 E.00656
G1 X96.269 Y58.081 E.00994
G1 X96.162 Y58.515 E.01413
G1 X96.085 Y59.199 E.0218
G1 X96.085 Y89.31 E.95337
G1 X96.152 Y89.994 E.02176
G1 X96.358 Y90.728 E.02413
G1 X96.572 Y91.164 E.01537
G1 X96.744 Y91.469 E.01111
G1 X97.25 Y92.083 E.02517
G1 X97.88 Y92.601 E.02585
G1 X98.587 Y92.968 E.02518
G1 X98.897 Y93.07 E.01034
G1 X99.185 Y93.147 E.00944
G1 X99.498 Y93.205 E.01008
G1 X100.1 Y93.262 E.01916
G1 X140.112 Y93.261 E1.26685
G1 X140.805 Y93.196 E.02203
G1 X141.251 Y93.074 E.01464
G1 X141.58 Y92.965 E.01099
G1 X142.26 Y92.613 E.02422
G1 X142.906 Y92.086 E.0264
G1 X143.43 Y91.452 E.02605
G1 X143.724 Y90.889 E.02009
G1 X143.896 Y90.43 E.01554
G1 X144.019 Y89.985 E.01461
G1 X144.084 Y89.228 E.02404
G1 X144.082 Y59.219 E.95013
G1 X144.02 Y58.535 E.02175
G1 X143.897 Y58.09 E.01462
G1 X143.79 Y57.764 E.01088
G1 X143.44 Y57.084 E.0242
G1 X142.913 Y56.431 E.02659
G1 X142.263 Y55.905 E.02647
G1 X141.58 Y55.55 E.02435
G1 X141.254 Y55.445 E.01087
G1 X140.788 Y55.328 E.0152
G1 X140.053 Y55.258 E.02337
G1 X100.026 Y55.261 E1.26734
G1 X99.365 Y55.319 E.02099
G1 X98.599 Y55.542 E.02525
G1 X97.888 Y55.91 E.02536
G1 X97.24 Y56.435 E.0264
G1 X96.731 Y57.069 E.02574
G1 X96.502 Y57.489 E.01516
G1 X96.462 Y57.577 E.00304
; stop printing object USV 1 e2mm.stl_1 id:1 copy 0
; end of layer_num: 46, T: 0, print_z: 9.240000
;LAYER_CHANGE
;Z:9.44
;HEIGHT:0.2
; BEFORE_LAYER_CHANGE 46 @ 9.44mm
G92 E0
; AFTER_LAYER_CHANGE 46 @ 9.44mm
; start of layer_num: 47, T: 0, print_z: 9.440000
; printing object "USV 1 e2mm.stl_3" id:0 copy 0
G1 E-.8 F3600
G1 X123.174 Y127.426 Z9.44 F18000
G1 E.8 F3600
M204 S1000
;TYPE:Outer wall
;WIDTH:0.42
G1 F3000
G1 X123.555 Y127.296 E.01239
G1 X124.18 Y127.157 E.01968
G1 X124.565 Y127.107 E.01192
G1 X124.946 Y127.088 E.01172
G1 X164.93 Y127.088 E1.22861
G1 X165.309 Y127.107 E.01163
G1 X165.804 Y127.168 E.01533
G1 X166.195 Y127.26 E.01235
G1 X166.704 Y127.427 E.01647
G1 X167.08 Y127.595 E.01265
G1 X167.562 Y127.869 E.01704
G1 X167.901 Y128.123 E.01302
G1 X168.321 Y128.491 E.01717
G1 X168.695 Y128.919 E.01745
G1 X168.943 Y129.26 E.01296
G1 X169.215 Y129.744 E.01707
G1 X169.386 Y130.121 E.01272
G1 X169.513 Y130.502 E.01234
G1 X169.653 Y131.125 E.01961
G1 X169.706 Y131.512 E.01198
G1 X169.722 Y131.882 E.0114
G1 X169.722 Y161.872 E.92151
G1 X169.706 Y162.25 E.01162
G1 X169.642 Y162.753 E.01559
G1 X169.514 Y163.257 E.01596
G1 X169.386 Y163.643 E.0125
G1 X169.156 Y164.137 E.01674
G1 X168.944 Y164.503 E.01299
G1 X168.611 Y164.947 E.01706
G1 X168.321 Y165.274 E.01343
G1 X168.004 Y165.554 E.01302
G1 X167.563 Y165.892 E.01707
G1 X167.079 Y166.158 E.01696
G1 X166.701 Y166.339 E.01287
G1 X166.319 Y166.466 E.01236
G1 X165.685 Y166.605 E.01996
G1 X165.308 Y166.658 E.01171
G1 X164.931 Y166.674 E.01157
G1 X124.946 Y166.674 E1.22863
G1 X124.446 Y166.647 E.01539
G1 X124.064 Y166.594 E.01186
G1 X123.557 Y166.467 E.01606
G1 X123.176 Y166.34 E.01235
G1 X122.798 Y166.158 E.01288
G1 X122.314 Y165.892 E.01698
G1 X121.867 Y165.553 E.01723
G1 X121.544 Y165.274 E.01311
G1 X121.264 Y164.947 E.01323
G1 X120.921 Y164.503 E.01723
G1 X120.656 Y164.021 E.01691
G1 X120.478 Y163.643 E.01283
G1 X120.351 Y163.256 E.01251
G1 X120.22 Y162.753 E.01597
G1 X120.159 Y162.25 E.01559
G1 X120.14 Y161.871 E.01164
G1 X120.14 Y131.884 E.92142
G1 X120.17 Y131.393 E.01511
G1 X120.219 Y131.009 E.01192
G1 X120.35 Y130.506 E.01597
G1 X120.478 Y130.124 E.01238
G1 X120.716 Y129.628 E.01688
G1 X120.921 Y129.262 E.01291
G1 X121.18 Y128.919 E.01319
G1 X121.544 Y128.491 E.01727
G1 X121.971 Y128.124 E.01731
G1 X122.314 Y127.869 E.01313
G1 X122.796 Y127.595 E.01705
G1 X123.155 Y127.434 E.01208
M204 S2000
G1 X123.317 Y127.792 F18000
M204 S1500
;TYPE:Inner wall
;WIDTH:0.45
G1 F4800
G1 X123.661 Y127.674 E.01206
G1 X124.248 Y127.543 E.01994
G1 X124.6 Y127.498 E.01178
G1 X124.956 Y127.48 E.01181
G1 X164.92 Y127.48 E1.32569
G1 X165.275 Y127.498 E.01177
G1 X165.735 Y127.554 E.01537
G1 X166.089 Y127.638 E.01207
G1 X166.563 Y127.793 E.01656
G1 X166.903 Y127.945 E.01235
G1 X167.347 Y128.197 E.01692
G1 X167.653 Y128.428 E.01273
G1 X168.043 Y128.769 E.01719
G1 X168.388 Y129.164 E.01739
G1 X168.612 Y129.472 E.01266
G1 X168.865 Y129.922 E.01711
G1 X169.02 Y130.265 E.01249
G1 X169.135 Y130.608 E.01199
G1 X169.267 Y131.195 E.01997
G1 X169.315 Y131.547 E.01178
G1 X169.33 Y131.891 E.01142
G1 X169.33 Y161.864 E.99427
G1 X169.315 Y162.217 E.01172
G1 X169.256 Y162.68 E.01549
G1 X169.137 Y163.147 E.01598
G1 X169.021 Y163.498 E.01227
G1 X168.808 Y163.955 E.01674
G1 X168.617 Y164.286 E.01268
G1 X168.307 Y164.698 E.0171
G1 X168.044 Y164.996 E.01317
G1 X167.754 Y165.251 E.01281
G1 X167.348 Y165.563 E.017
G1 X166.9 Y165.81 E.01696
G1 X166.554 Y165.975 E.0127
G1 X166.216 Y166.087 E.01184
G1 X165.616 Y166.218 E.02038
G1 X165.272 Y166.267 E.01151
G1 X164.923 Y166.282 E.01158
G1 X124.957 Y166.282 E1.32575
G1 X124.483 Y166.256 E.01573
G1 X124.139 Y166.209 E.01154
G1 X123.667 Y166.09 E.01614
G1 X123.323 Y165.975 E.01203
G1 X122.977 Y165.81 E.01273
G1 X122.528 Y165.562 E.01701
G1 X122.114 Y165.248 E.01724
G1 X121.823 Y164.997 E.01276
G1 X121.25 Y164.288 E.03024
G1 X121.006 Y163.843 E.01684
G1 X120.843 Y163.497 E.01266
G1 X120.727 Y163.145 E.0123
G1 X120.606 Y162.68 E.01593
G1 X120.55 Y162.216 E.01551
G1 X120.532 Y161.861 E.01179
G1 X120.532 Y131.896 E.994
G1 X120.56 Y131.43 E.01548
G1 X120.605 Y131.083 E.0116
G1 X120.727 Y130.617 E.01598
G1 X120.842 Y130.271 E.01211
G1 X121.064 Y129.809 E.017
G1 X121.25 Y129.477 E.01264
G1 X121.486 Y129.165 E.01297
G1 X121.823 Y128.769 E.01725
G1 X122.217 Y128.43 E.01722
G1 X122.529 Y128.198 E.01292
G1 X122.974 Y127.945 E.01697
G1 X123.299 Y127.8 E.01182
M204 S2000
G1 E-.8 F3600
G1 X121.886 Y162.848 F18000
G1 E.8 F3600
M204 S1000
;TYPE:Outer wall
;WIDTH:0.42
G1 F3000
G1 X121.92 Y162.964 E.00372
G1 X122 Y163.164 E.00663
G1 X122.248 Y163.643 E.01655
G1 X122.67 Y164.148 E.02024
G1 X123.175 Y164.566 E.02013
G1 X123.746 Y164.863 E.01979
G1 X124.353 Y165.04 E.01942
G1 X124.931 Y165.096 E.01783
G1 X164.946 Y165.096 E1.22956
G1 X165.421 Y165.049 E.01467
G1 X165.621 Y165.01 E.00627
G1 X166.115 Y164.863 E.01581
G1 X166.688 Y164.566 E.01984
G1 X167.206 Y164.149 E.02044
G1 X167.625 Y163.642 E.0202
G1 X167.924 Y163.065 E.01996
G1 X168.088 Y162.458 E.01932
G1 X168.143 Y161.887 E.01765
G1 X168.143 Y131.868 E.9224
G1 X168.088 Y131.29 E.01782
G1 X167.951 Y130.797 E.01574
G1 X167.872 Y130.598 E.00658
G1 X167.625 Y130.123 E.01644
G1 X167.206 Y129.613 E.02028
G1 X166.688 Y129.195 E.02046
G1 X166.115 Y128.898 E.01984
G1 X165.519 Y128.721 E.01908
G1 X164.945 Y128.67 E.01772
G1 X124.931 Y128.67 E1.22951
G1 X124.354 Y128.721 E.01782
G1 X123.746 Y128.898 E.01944
G1 X123.175 Y129.196 E.01979
G1 X122.67 Y129.613 E.02015
G1 X122.248 Y130.123 E.02032
G1 X121.95 Y130.693 E.01978
G1 X121.774 Y131.289 E.01909
G1 X121.722 Y131.868 E.01787
G1 X121.722 Y161.886 E.92236
G1 X121.773 Y162.46 E.0177
G1 X121.881 Y162.829 E.0118
M204 S2000
G1 X121.555 Y163.108 F18000
M204 S1500
;TYPE:Inner wall
;WIDTH:0.45
G1 F4800
G1 X121.643 Y163.328 E.00786
G1 X121.919 Y163.861 E.01992
G1 X122.392 Y164.427 E.02447
G1 X122.957 Y164.894 E.02431
G1 X123.599 Y165.229 E.02403
G1 X124.279 Y165.427 E.02347
G1 X124.912 Y165.488 E.02109
G1 X164.965 Y165.488 E1.32864
G1 X165.479 Y165.438 E.01711
G1 X165.715 Y165.391 E.00801
G1 X166.262 Y165.229 E.01891
G1 X166.903 Y164.896 E.02397
G1 X167.483 Y164.429 E.0247
G1 X167.954 Y163.86 E.02451
G1 X168.291 Y163.208 E.02433
G1 X168.475 Y162.529 E.02335
G1 X168.535 Y161.905 E.02078
G1 X168.535 Y131.849 E.99702
G1 X168.475 Y131.219 E.021
G1 X168.324 Y130.672 E.01883
G1 X168.229 Y130.434 E.00848
G1 X167.954 Y129.906 E.01977
G1 X167.484 Y129.333 E.02458
G1 X166.903 Y128.865 E.02474
G1 X166.262 Y128.533 E.02397
G1 X165.594 Y128.334 E.02312
G1 X164.963 Y128.278 E.02101
G1 X124.914 Y128.278 E1.3285
G1 X124.281 Y128.334 E.02108
G1 X123.599 Y128.532 E.02354
G1 X122.957 Y128.867 E.02403
G1 X122.391 Y129.335 E.02435
G1 X121.919 Y129.905 E.02455
G1 X121.585 Y130.546 E.02398
G1 X121.386 Y131.215 E.02316
G1 X121.33 Y131.851 E.02117
G1 X121.33 Y161.904 E.99691
G1 X121.386 Y162.533 E.02095
G1 X121.548 Y163.089 E.01922
G1 E-.8 F3600
M204 S2000
G1 X121.182 Y163.222 F18000
G1 E.8 F3600
;TYPE:Gap infill
;WIDTH:0.432232
G1 F6000
G1 X121.277 Y163.485 E.00887
G1 X121.582 Y164.07 E.02092
G1 X122.108 Y164.713 E.02636
G1 X122.742 Y165.228 E.02591
G1 X123.469 Y165.605 E.02598
G1 X123.78 Y165.702 E.01034
G1 X124.215 Y165.819 E.01426
G1 X124.967 Y165.885 E.02397
G1 X164.975 Y165.883 E1.2692
G1 X165.545 Y165.828 E.01818
G1 X166.109 Y165.696 E.01835
G1 X166.402 Y165.604 E.00974
G1 X167.105 Y165.241 E.02511
G1 X167.762 Y164.714 E.02673
G1 X168.288 Y164.069 E.02639
G1 X168.656 Y163.353 E.02554
G1 X168.753 Y163.034 E.01056
G1 X168.865 Y162.606 E.01406
G1 X168.932 Y161.855 E.0239
G1 X168.931 Y131.84 E.95223
G1 X168.861 Y131.164 E.02153
G1 X168.75 Y130.715 E.0147
G1 X168.593 Y130.279 E.01469
G1 X168.293 Y129.706 E.02053
G1 X167.762 Y129.05 E.02676
G1 X167.127 Y128.532 E.02601
G1 X166.419 Y128.166 E.02526
G1 X165.979 Y128.027 E.01465
G1 X165.665 Y127.944 E.01032
G1 X164.91 Y127.879 E.02402
G1 X124.966 Y127.879 E1.26718
G1 X124.636 Y127.899 E.01048
G1 X124.191 Y127.955 E.01423
G1 X123.771 Y128.063 E.01377
G1 X123.434 Y128.172 E.01122
G1 X122.746 Y128.53 E.02461
G1 X122.107 Y129.052 E.02616
G1 X121.583 Y129.694 E.0263
G1 X121.212 Y130.414 E.02571
G1 X120.994 Y131.159 E.02461
G1 X120.934 Y131.825 E.02121
G1 X120.933 Y161.93 E.95507
G1 X120.996 Y162.607 E.02155
G1 X121.113 Y163.031 E.01398
G1 X121.175 Y163.203 E.0058
; stop printing object USV 1 e2mm.stl_3 id:0 copy 0
; printing object "USV 1 e2mm.stl_1" id:1 copy 0
G1 E-.8 F3600
G1 X98.314 Y93.716 F18000
G1 E.8 F3600
M204 S1000
;TYPE:Outer wall
;WIDTH:0.42
G1 F3000
G1 X97.452 Y93.273 E.02976
G1 X97.013 Y92.931 E.01711
G1 X96.694 Y92.64 E.01329
G1 X96.403 Y92.321 E.01325
G1 X96.071 Y91.881 E.01693
G1 X95.8 Y91.398 E.01704
G1 X95.629 Y91.023 E.01266
G1 X95.467 Y90.518 E.01628
G1 X95.373 Y90.132 E.0122
G1 X95.309 Y89.631 E.01553
G1 X95.293 Y89.249 E.01175
G1 X95.293 Y59.26 E.92148
G1 X95.309 Y58.891 E.01136
G1 X95.407 Y58.269 E.01934
G1 X95.501 Y57.881 E.01227
G1 X95.629 Y57.497 E.01242
G1 X95.8 Y57.113 E.01293
G1 X96.071 Y56.639 E.01677
G1 X96.404 Y56.187 E.01725
G1 X96.692 Y55.871 E.01313
G1 X97.114 Y55.505 E.01719
G1 X97.453 Y55.246 E.01308
G1 X97.935 Y54.975 E.01699
G1 X98.312 Y54.804 E.01271
G1 X98.699 Y54.676 E.01254
G1 X99.214 Y54.544 E.01634
G1 X99.589 Y54.495 E.01161
G1 X100.085 Y54.468 E.01526
G1 X140.07 Y54.468 E1.22863
G1 X140.448 Y54.484 E.01164
G1 X141.071 Y54.579 E.01936
G1 X141.458 Y54.676 E.01225
G1 X141.841 Y54.804 E.01242
G1 X142.218 Y54.975 E.01272
G1 X142.7 Y55.246 E.01698
G1 X143.148 Y55.59 E.01734
G1 X143.472 Y55.87 E.01317
G1 X143.751 Y56.186 E.01296
G1 X144.095 Y56.641 E.0175
G1 X144.299 Y56.997 E.01263
G1 X144.537 Y57.5 E.01709
G1 X144.664 Y57.882 E.01239
G1 X144.795 Y58.389 E.01606
G1 X144.856 Y58.888 E.01545
G1 X144.875 Y59.261 E.01148
G1 X144.875 Y89.248 E.92143
G1 X144.856 Y89.631 E.01177
G1 X144.795 Y90.131 E.01549
G1 X144.664 Y90.638 E.01606
G1 X144.537 Y91.019 E.01237
G1 X144.299 Y91.514 E.01686
G1 X144.094 Y91.881 E.01292
G1 X143.836 Y92.219 E.01307
G1 X143.47 Y92.641 E.01715
G1 X143.146 Y92.93 E.01335
G1 X142.701 Y93.273 E.01726
G1 X141.839 Y93.716 E.02979
G1 X141.458 Y93.844 E.01236
G1 X140.951 Y93.972 E.01607
G1 X140.569 Y94.025 E.01185
G1 X140.069 Y94.051 E.01539
G1 X100.084 Y94.051 E1.22863
G1 X99.709 Y94.036 E.01151
G1 X99.092 Y93.937 E.0192
G1 X98.697 Y93.843 E.01246
G1 X98.333 Y93.723 E.0118
M204 S2000
G1 X98.461 Y93.352 F18000
M204 S1500
;TYPE:Inner wall
;WIDTH:0.45
G1 F4800
G1 X97.668 Y92.944 E.02957
G1 X97.266 Y92.631 E.01689
G1 X96.971 Y92.362 E.01325
G1 X96.705 Y92.071 E.01309
G1 X96.4 Y91.666 E.01679
G1 X96.15 Y91.221 E.01697
G1 X95.996 Y90.881 E.01237
G1 X95.844 Y90.412 E.01635
G1 X95.759 Y90.061 E.01197
G1 X95.7 Y89.598 E.01548
G1 X95.685 Y89.241 E.01186
G1 X95.685 Y59.268 E.99424
G1 X95.7 Y58.93 E.01124
G1 X95.792 Y58.346 E.01961
G1 X95.878 Y57.989 E.01217
G1 X95.995 Y57.639 E.01225
G1 X96.15 Y57.29 E.01267
G1 X96.4 Y56.854 E.0167
G1 X96.707 Y56.436 E.0172
G1 X96.966 Y56.152 E.01273
G1 X97.362 Y55.809 E.01739
G1 X97.669 Y55.575 E.01281
G1 X98.112 Y55.325 E.01687
G1 X98.454 Y55.17 E.01246
G1 X98.81 Y55.053 E.01241
G1 X99.289 Y54.93 E.01641
G1 X99.625 Y54.885 E.01124
G1 X100.095 Y54.861 E.01562
G1 X140.061 Y54.861 E1.32576
G1 X140.41 Y54.875 E.01159
G1 X140.994 Y54.964 E.01957
G1 X141.348 Y55.053 E.01211
G1 X141.698 Y55.17 E.01225
G1 X142.041 Y55.325 E.01249
G1 X142.483 Y55.574 E.01684
G1 X142.9 Y55.894 E.01741
G1 X143.196 Y56.149 E.01296
G1 X143.447 Y56.435 E.01262
G1 X143.767 Y56.857 E.01758
G1 X143.951 Y57.179 E.0123
G1 X144.172 Y57.646 E.01715
G1 X144.288 Y57.994 E.01215
G1 X144.409 Y58.462 E.01603
G1 X144.465 Y58.922 E.01537
G1 X144.483 Y59.271 E.01161
G1 X144.483 Y89.238 E.99407
G1 X144.465 Y89.597 E.01193
G1 X144.409 Y90.059 E.01541
G1 X144.288 Y90.526 E.01603
G1 X144.173 Y90.872 E.01208
G1 X143.951 Y91.333 E.01698
G1 X143.765 Y91.665 E.01263
G1 X143.532 Y91.972 E.01277
G1 X143.191 Y92.365 E.01727
G1 X142.896 Y92.628 E.01311
G1 X142.487 Y92.943 E.01713
G1 X141.692 Y93.352 E.02965
G1 X141.347 Y93.467 E.01205
G1 X140.876 Y93.587 E.01614
G1 X140.531 Y93.634 E.01152
G1 X140.058 Y93.659 E.01573
G1 X100.092 Y93.659 E1.32575
G1 X99.748 Y93.645 E.0114
G1 X99.168 Y93.552 E.01948
G1 X98.805 Y93.466 E.01241
G1 X98.48 Y93.358 E.01136
M204 S2000
G1 E-.8 F3600
G1 X97.2 Y57.868 F18000
G1 E.8 F3600
M204 S1000
;TYPE:Outer wall
;WIDTH:0.42
G1 F3000
G1 X97.142 Y57.979 E.00384
G1 X97.063 Y58.179 E.00659
G1 X96.927 Y58.672 E.01573
G1 X96.872 Y59.245 E.0177
G1 X96.872 Y89.263 E.92237
G1 X96.927 Y89.836 E.01768
G1 X97.091 Y90.442 E.01929
G1 X97.39 Y91.019 E.01996
G1 X97.809 Y91.527 E.02023
G1 X98.327 Y91.943 E.02043
G1 X98.9 Y92.24 E.01983
G1 X99.393 Y92.387 E.01582
G1 X99.594 Y92.427 E.00628
G1 X100.069 Y92.472 E.01467
G1 X140.084 Y92.472 E1.22955
G1 X140.662 Y92.418 E.01783
G1 X141.269 Y92.24 E.01943
G1 X141.84 Y91.943 E.01978
G1 X142.345 Y91.526 E.02012
G1 X142.767 Y91.019 E.02027
G1 X143.015 Y90.541 E.01655
G1 X143.095 Y90.341 E.00662
G1 X143.241 Y89.838 E.01611
G1 X143.293 Y89.263 E.01773
G1 X143.293 Y59.246 E.92233
G1 X143.241 Y58.671 E.01775
G1 X143.065 Y58.076 E.01908
G1 X142.768 Y57.502 E.01986
G1 X142.345 Y56.983 E.02056
G1 X141.839 Y56.573 E.02002
G1 X141.269 Y56.276 E.01976
G1 X140.661 Y56.099 E.01944
G1 X140.083 Y56.047 E.01782
G1 X100.07 Y56.047 E1.22951
G1 X99.495 Y56.099 E.01772
G1 X98.9 Y56.276 E.01908
G1 X98.328 Y56.572 E.01981
G1 X97.808 Y56.982 E.02033
G1 X97.389 Y57.502 E.02052
G1 X97.209 Y57.851 E.01206
M204 S2000
G1 X96.779 Y57.833 F18000
M204 S1500
;TYPE:Inner wall
;WIDTH:0.45
G1 F4800
G1 X96.691 Y58.054 E.00789
G1 X96.54 Y58.601 E.01881
G1 X96.48 Y59.227 E.02086
G1 X96.48 Y89.282 E.99699
G1 X96.54 Y89.907 E.02081
G1 X96.724 Y90.585 E.02332
G1 X97.061 Y91.236 E.02431
G1 X97.532 Y91.807 E.02455
G1 X98.112 Y92.273 E.02469
G1 X98.753 Y92.605 E.02394
G1 X99.299 Y92.768 E.01892
G1 X99.537 Y92.815 E.00805
G1 X100.05 Y92.865 E.01711
G1 X140.103 Y92.865 E1.32861
G1 X140.736 Y92.804 E.02111
G1 X141.416 Y92.606 E.0235
G1 X142.057 Y92.271 E.024
G1 X142.623 Y91.805 E.0243
G1 X143.096 Y91.238 E.02451
G1 X143.372 Y90.705 E.01991
G1 X143.466 Y90.469 E.00841
G1 X143.629 Y89.911 E.0193
G1 X143.685 Y89.28 E.02099
G1 X143.685 Y59.228 E.99688
G1 X143.628 Y58.597 E.02104
G1 X143.43 Y57.928 E.02313
G1 X143.097 Y57.285 E.02402
G1 X142.623 Y56.704 E.02488
G1 X142.055 Y56.244 E.02426
G1 X141.416 Y55.91 E.02393
G1 X140.734 Y55.712 E.02355
G1 X140.101 Y55.655 E.02108
G1 X100.052 Y55.655 E1.3285
G1 X99.421 Y55.712 E.02101
G1 X98.753 Y55.911 E.02312
G1 X98.114 Y56.241 E.02387
G1 X97.531 Y56.702 E.02465
G1 X97.059 Y57.287 E.02492
G1 X96.786 Y57.814 E.01971
M204 S2000
G1 X96.428 Y57.652 F18000
;TYPE:Gap infill
;WIDTH:0.431624
G1 F6000
G1 X96.368 Y57.784 E.00458
G1 X96.263 Y58.1 E.01056
G1 X96.16 Y58.514 E.01352
G1 X96.085 Y59.199 E.02182
G1 X96.085 Y89.31 E.95376
G1 X96.15 Y89.989 E.0216
G1 X96.352 Y90.709 E.02368
G1 X96.722 Y91.436 E.02585
G1 X97.25 Y92.083 E.02645
G1 X97.886 Y92.606 E.0261
G1 X98.613 Y92.981 E.0259
G1 X98.915 Y93.076 E.01004
G1 X99.471 Y93.203 E.01804
G1 X100.1 Y93.262 E.02003
G1 X140.047 Y93.262 E1.26531
G1 X140.799 Y93.197 E.02391
G1 X141.234 Y93.079 E.01425
G1 X141.547 Y92.981 E.01039
G1 X142.26 Y92.613 E.02542
G1 X142.907 Y92.085 E.02645
G1 X143.433 Y91.447 E.02619
G1 X143.737 Y90.862 E.0209
G1 X143.902 Y90.412 E.01517
G1 X144.019 Y89.985 E.01403
G1 X144.084 Y89.228 E.02405
G1 X144.082 Y59.219 E.95051
G1 X144.02 Y58.535 E.02176
G1 X143.902 Y58.108 E.01404
G1 X143.79 Y57.764 E.01146
G1 X143.44 Y57.084 E.02421
G1 X142.915 Y56.433 E.0265
G1 X142.264 Y55.906 E.02652
G1 X141.58 Y55.55 E.02442
G1 X141.235 Y55.439 E.01149
G1 X140.788 Y55.326 E.0146
G1 X140.053 Y55.258 E.02338
G1 X100.026 Y55.26 E1.26785
G1 X99.364 Y55.319 E.02103
G1 X98.599 Y55.542 E.02523
G1 X97.889 Y55.909 E.02532
G1 X97.241 Y56.435 E.02643
G1 X96.731 Y57.069 E.02578
G1 X96.51 Y57.472 E.01458
G1 X96.436 Y57.634 E.00561
; stop printing object USV 1 e2mm.stl_1 id:1 copy 0
; end of layer_num: 47, T: 0, print_z: 9.440000
;LAYER_CHANGE
;Z:9.64
;HEIGHT:0.200001
; BEFORE_LAYER_CHANGE 47 @ 9.64mm
G92 E0
; AFTER_LAYER_CHANGE 47 @ 9.64mm
; start of layer_num: 48, T: 0, print_z: 9.640000
; printing object "USV 1 e2mm.stl_3" id:0 copy 0
G1 E-.8 F3600
G1 X123.174 Y127.426 Z9.64 F18000
G1 E.8 F3600
M204 S1000
;TYPE:Outer wall
;WIDTH:0.42
G1 F3000
G1 X123.575 Y127.289 E.01304
G1 X123.979 Y127.192 E.01277
G1 X124.549 Y127.108 E.01769
G1 X124.946 Y127.088 E.01222
G1 X164.93 Y127.088 E1.22861
G1 X165.326 Y127.108 E.01218
G1 X165.803 Y127.168 E.01478
G1 X166.213 Y127.265 E.01295
G1 X166.704 Y127.427 E.01587
G1 X167.098 Y127.603 E.01326
G1 X167.562 Y127.868 E.01643
G1 X167.917 Y128.135 E.01365
G1 X168.321 Y128.491 E.01655
G1 X168.683 Y128.903 E.01684
G1 X168.943 Y129.26 E.01359
G1 X169.207 Y129.726 E.01646
G1 X169.386 Y130.121 E.01332
G1 X169.519 Y130.521 E.01295
G1 X169.65 Y131.089 E.01791
G1 X169.705 Y131.494 E.01255
G1 X169.722 Y131.882 E.01194
G1 X169.722 Y161.872 E.92151
G1 X169.705 Y162.268 E.01216
G1 X169.642 Y162.753 E.01505
G1 X169.52 Y163.238 E.01537
G1 X169.386 Y163.643 E.0131
G1 X169.166 Y164.119 E.01611
G1 X168.944 Y164.503 E.01362
G1 X168.625 Y164.931 E.01641
G1 X168.321 Y165.274 E.01407
G1 X167.988 Y165.567 E.01364
G1 X167.562 Y165.893 E.01647
G1 X167.178 Y166.108 E.01353
G1 X166.701 Y166.34 E.0163
G1 X166.299 Y166.472 E.013
G1 X165.886 Y166.57 E.01304
G1 X165.324 Y166.657 E.01747
G1 X164.931 Y166.674 E.01208
G1 X124.946 Y166.674 E1.22864
G1 X124.464 Y166.65 E.01482
G1 X124.064 Y166.594 E.01243
G1 X123.575 Y166.473 E.01546
G1 X123.176 Y166.34 E.01294
G1 X122.78 Y166.15 E.0135
G1 X122.313 Y165.892 E.01638
G1 X121.955 Y165.625 E.01374
G1 X121.544 Y165.274 E.0166
G1 X121.251 Y164.931 E.01385
G1 X120.921 Y164.503 E.0166
G1 X120.664 Y164.039 E.0163
G1 X120.478 Y163.643 E.01344
G1 X120.344 Y163.238 E.0131
G1 X120.22 Y162.753 E.01537
G1 X120.16 Y162.267 E.01505
G1 X120.14 Y161.871 E.01219
G1 X120.14 Y131.884 E.92143
G1 X120.168 Y131.412 E.01453
G1 X120.219 Y131.008 E.01249
G1 X120.344 Y130.524 E.01537
G1 X120.478 Y130.123 E.01297
G1 X120.706 Y129.646 E.01626
G1 X120.921 Y129.262 E.01353
G1 X121.192 Y128.903 E.01382
G1 X121.544 Y128.491 E.01665
G1 X121.955 Y128.136 E.01668
G1 X122.314 Y127.869 E.01377
G1 X122.779 Y127.603 E.01644
G1 X123.155 Y127.434 E.01268
M204 S2000
G1 X123.317 Y127.792 F18000
M204 S1500
;TYPE:Inner wall
;WIDTH:0.45
G1 F4800
G1 X123.685 Y127.666 E.01289
G1 X124.054 Y127.577 E.01259
G1 X124.587 Y127.498 E.01789
G1 X124.956 Y127.48 E.01224
G1 X164.92 Y127.48 E1.32569
G1 X165.292 Y127.499 E.01234
G1 X165.734 Y127.554 E.01477
G1 X166.107 Y127.642 E.01271
G1 X166.562 Y127.793 E.01592
G1 X166.92 Y127.953 E.01301
G1 X167.346 Y128.196 E.01626
G1 X167.669 Y128.44 E.01342
G1 X168.043 Y128.769 E.01654
G1 X168.377 Y129.148 E.01674
G1 X168.613 Y129.473 E.01333
G1 X168.857 Y129.904 E.01645
G1 X169.02 Y130.265 E.01312
G1 X169.141 Y130.627 E.01268
G1 X169.264 Y131.16 E.01813
G1 X169.314 Y131.529 E.01236
G1 X169.33 Y131.891 E.012
G1 X169.33 Y161.864 E.99427
G1 X169.314 Y162.234 E.01229
G1 X169.256 Y162.68 E.01492
G1 X169.143 Y163.129 E.01536
G1 X169.021 Y163.499 E.01293
G1 X168.818 Y163.938 E.01606
G1 X168.616 Y164.287 E.01335
G1 X168.32 Y164.683 E.01641
G1 X168.044 Y164.996 E.01384
G1 X167.739 Y165.264 E.01346
G1 X167.346 Y165.564 E.0164
G1 X166.996 Y165.76 E.01331
G1 X166.553 Y165.976 E.01636
G1 X166.192 Y166.095 E.0126
G1 X165.811 Y166.185 E.013
G1 X165.286 Y166.266 E.01762
G1 X164.923 Y166.282 E.01204
G1 X124.956 Y166.282 E1.32579
G1 X124.501 Y166.259 E.01511
G1 X124.138 Y166.209 E.01216
G1 X123.685 Y166.096 E.01549
G1 X123.323 Y165.975 E.01265
G1 X122.959 Y165.801 E.01338
G1 X122.526 Y165.562 E.01642
G1 X122.199 Y165.318 E.01352
G1 X121.822 Y164.995 E.01648
G1 X121.25 Y164.287 E.03019
G1 X121.014 Y163.86 E.01619
G1 X120.843 Y163.497 E.01331
G1 X120.721 Y163.127 E.01292
G1 X120.606 Y162.68 E.01531
G1 X120.551 Y162.234 E.01493
G1 X120.532 Y161.861 E.01237
G1 X120.532 Y131.895 E.99402
G1 X120.558 Y131.448 E.01485
G1 X120.605 Y131.083 E.01223
G1 X120.721 Y130.635 E.01533
G1 X120.842 Y130.27 E.01275
G1 X121.054 Y129.826 E.01633
G1 X121.25 Y129.477 E.01329
G1 X121.498 Y129.149 E.01363
G1 X121.823 Y128.769 E.01659
G1 X122.201 Y128.442 E.01656
G1 X122.53 Y128.197 E.01361
G1 X122.956 Y127.953 E.01631
G1 X123.299 Y127.8 E.01245
M204 S2000
G1 E-.8 F3600
G1 X121.889 Y162.859 F18000
G1 E.8 F3600
M204 S1000
;TYPE:Outer wall
;WIDTH:0.42
G1 F3000
G1 X121.931 Y163 E.00453
G1 X122.247 Y163.641 E.02195
G1 X122.67 Y164.148 E.0203
G1 X123.175 Y164.566 E.02013
G1 X123.746 Y164.863 E.01979
G1 X124.353 Y165.04 E.01942
G1 X124.931 Y165.096 E.01783
G1 X164.948 Y165.096 E1.22963
G1 X165.586 Y165.02 E.01972
G1 X166.115 Y164.863 E.01696
G1 X166.688 Y164.566 E.01984
G1 X167.206 Y164.149 E.02044
G1 X167.625 Y163.642 E.0202
G1 X167.924 Y163.065 E.01996
G1 X168.088 Y162.458 E.01932
G1 X168.143 Y161.887 E.01765
G1 X168.143 Y131.868 E.9224
G1 X168.088 Y131.288 E.01789
G1 X167.891 Y130.632 E.02104
G1 X167.625 Y130.123 E.01764
G1 X167.206 Y129.613 E.02028
G1 X166.688 Y129.195 E.02046
G1 X166.115 Y128.898 E.01984
G1 X165.519 Y128.721 E.01908
G1 X164.945 Y128.67 E.01772
G1 X124.931 Y128.67 E1.22951
G1 X124.354 Y128.721 E.01782
G1 X123.746 Y128.898 E.01944
G1 X123.175 Y129.196 E.01979
G1 X122.67 Y129.613 E.02015
G1 X122.248 Y130.123 E.02032
G1 X121.95 Y130.693 E.01978
G1 X121.774 Y131.289 E.01909
G1 X121.722 Y131.868 E.01787
G1 X121.722 Y161.886 E.92236
G1 X121.773 Y162.46 E.0177
G1 X121.884 Y162.84 E.01215
M204 S2000
G1 X121.575 Y163.166 F18000
M204 S1500
;TYPE:Inner wall
;WIDTH:0.45
G1 F4800
G1 X121.916 Y163.856 E.02552
G1 X122.392 Y164.427 E.02467
G1 X122.957 Y164.894 E.02431
G1 X123.599 Y165.229 E.02403
G1 X124.279 Y165.427 E.02347
G1 X124.912 Y165.488 E.02109
G1 X164.971 Y165.488 E1.32885
G1 X165.665 Y165.406 E.02317
G1 X166.262 Y165.229 E.02065
G1 X166.903 Y164.896 E.02397
G1 X167.483 Y164.429 E.0247
G1 X167.954 Y163.86 E.02451
G1 X168.291 Y163.208 E.02433
G1 X168.475 Y162.529 E.02335
G1 X168.535 Y161.905 E.02078
G1 X168.535 Y131.849 E.99702
G1 X168.475 Y131.212 E.02122
G1 X168.255 Y130.484 E.02523
G1 X167.954 Y129.906 E.02162
G1 X167.484 Y129.333 E.02458
G1 X166.903 Y128.865 E.02474
G1 X166.262 Y128.533 E.02397
G1 X165.594 Y128.334 E.02312
G1 X164.963 Y128.278 E.02101
G1 X124.914 Y128.278 E1.3285
G1 X124.281 Y128.334 E.02108
G1 X123.599 Y128.532 E.02354
G1 X122.957 Y128.867 E.02403
G1 X122.391 Y129.335 E.02435
G1 X121.919 Y129.905 E.02454
G1 X121.585 Y130.546 E.02398
G1 X121.386 Y131.215 E.02316
G1 X121.33 Y131.851 E.02117
G1 X121.33 Y161.904 E.99691
G1 X121.386 Y162.533 E.02095
G1 X121.564 Y163.143 E.02107
G1 X121.566 Y163.149 E.00022
G1 E-.8 F3600
M204 S2000
G1 X121.192 Y163.272 F18000
G1 E.8 F3600
;TYPE:Gap infill
;WIDTH:0.432458
G1 F6000
G1 X121.217 Y163.348 E.00256
G1 X121.572 Y164.053 E.02505
G1 X122.106 Y164.71 E.02689
G1 X122.741 Y165.228 E.026
G1 X123.434 Y165.59 E.02481
G1 X123.798 Y165.708 E.01213
G1 X124.213 Y165.819 E.01365
G1 X124.966 Y165.885 E.02398
G1 X164.983 Y165.883 E1.27025
G1 X165.735 Y165.796 E.02402
G1 X166.082 Y165.705 E.01139
G1 X166.402 Y165.604 E.01066
G1 X167.105 Y165.242 E.02511
G1 X167.762 Y164.714 E.02675
G1 X168.287 Y164.07 E.02636
G1 X168.656 Y163.355 E.02555
G1 X168.758 Y163.017 E.0112
G1 X168.866 Y162.606 E.01349
G1 X168.932 Y161.855 E.02391
G1 X168.931 Y131.84 E.95278
G1 X168.862 Y131.155 E.02183
G1 X168.753 Y130.736 E.01374
G1 X168.613 Y130.319 E.01397
G1 X168.293 Y129.706 E.02197
G1 X167.763 Y129.05 E.02677
G1 X167.125 Y128.531 E.02609
G1 X166.418 Y128.165 E.02527
G1 X165.996 Y128.032 E.01404
G1 X165.663 Y127.944 E.01093
G1 X164.91 Y127.879 E.024
G1 X124.966 Y127.879 E1.26792
G1 X124.627 Y127.899 E.01079
G1 X124.129 Y127.966 E.01594
G1 X123.434 Y128.172 E.023
G1 X122.748 Y128.529 E.02457
G1 X122.107 Y129.052 E.02623
G1 X121.583 Y129.694 E.02633
G1 X121.212 Y130.414 E.02572
G1 X120.994 Y131.158 E.02458
G1 X120.934 Y131.825 E.02126
G1 X120.933 Y161.93 E.95562
G1 X120.996 Y162.607 E.02156
G1 X121.107 Y163.014 E.0134
G1 X121.186 Y163.253 E.00798
; stop printing object USV 1 e2mm.stl_3 id:0 copy 0
; printing object "USV 1 e2mm.stl_1" id:1 copy 0
G1 E-.8 F3600
G1 X98.314 Y93.716 F18000
G1 E.8 F3600
M204 S1000
;TYPE:Outer wall
;WIDTH:0.42
G1 F3000
G1 X97.917 Y93.526 E.01351
G1 X97.452 Y93.273 E.01627
G1 X97.028 Y92.945 E.01648
G1 X96.694 Y92.64 E.01392
G1 X96.389 Y92.306 E.01388
G1 X96.071 Y91.881 E.01633
G1 X95.849 Y91.496 E.01364
G1 X95.629 Y91.021 E.0161
G1 X95.495 Y90.62 E.01299
G1 X95.373 Y90.13 E.0155
G1 X95.317 Y89.731 E.0124
G1 X95.293 Y89.248 E.01485
G1 X95.293 Y59.26 E.92146
G1 X95.31 Y58.872 E.01192
G1 X95.397 Y58.306 E.01762
G1 X95.495 Y57.899 E.01284
G1 X95.629 Y57.497 E.01302
G1 X95.808 Y57.094 E.01355
G1 X96.071 Y56.639 E.01616
G1 X96.39 Y56.202 E.01663
G1 X96.692 Y55.871 E.01376
G1 X97.098 Y55.517 E.01656
G1 X97.453 Y55.246 E.01372
G1 X97.917 Y54.983 E.01638
G1 X98.312 Y54.804 E.01331
G1 X98.717 Y54.67 E.01314
G1 X99.214 Y54.544 E.01574
G1 X99.607 Y54.492 E.01217
G1 X100.084 Y54.468 E.0147
G1 X140.07 Y54.468 E1.22864
G1 X140.467 Y54.485 E.01222
G1 X141.035 Y54.568 E.01763
G1 X141.439 Y54.67 E.01282
G1 X141.841 Y54.804 E.01302
G1 X142.236 Y54.983 E.01332
G1 X142.7 Y55.246 E.0164
G1 X143.06 Y55.518 E.01384
G1 X143.472 Y55.87 E.01666
G1 X143.823 Y56.273 E.01643
G1 X144.094 Y56.639 E.01398
G1 X144.35 Y57.094 E.01607
G1 X144.536 Y57.498 E.01366
G1 X144.695 Y57.984 E.0157
G1 X144.795 Y58.388 E.01279
G1 X144.855 Y58.87 E.01494
G1 X144.875 Y59.261 E.01202
G1 X144.875 Y89.248 E.92143
G1 X144.855 Y89.649 E.01233
G1 X144.795 Y90.131 E.01494
G1 X144.67 Y90.619 E.01547
G1 X144.537 Y91.02 E.01297
G1 X144.309 Y91.496 E.01624
G1 X144.094 Y91.881 E.01354
G1 X143.824 Y92.235 E.0137
G1 X143.47 Y92.641 E.01652
G1 X143.131 Y92.944 E.01399
G1 X142.701 Y93.273 E.01662
G1 X142.236 Y93.526 E.01628
G1 X141.839 Y93.716 E.01352
G1 X141.439 Y93.85 E.01295
G1 X140.951 Y93.972 E.01547
G1 X140.551 Y94.027 E.01242
G1 X140.069 Y94.051 E.01482
G1 X100.084 Y94.051 E1.22864
G1 X99.691 Y94.035 E.01208
G1 X99.129 Y93.948 E.01746
G1 X98.716 Y93.849 E.01305
G1 X98.333 Y93.723 E.01241
M204 S2000
G1 X98.461 Y93.352 F18000
M204 S1500
;TYPE:Inner wall
;WIDTH:0.45
G1 F4800
G1 X97.668 Y92.944 E.02958
G1 X97.281 Y92.644 E.01622
G1 X96.971 Y92.362 E.01391
G1 X96.691 Y92.056 E.01374
G1 X96.399 Y91.665 E.01621
G1 X96.197 Y91.315 E.01338
G1 X95.994 Y90.876 E.01607
G1 X95.872 Y90.51 E.01279
G1 X95.758 Y90.056 E.01553
G1 X95.708 Y89.694 E.01211
G1 X95.685 Y89.238 E.01513
G1 X95.685 Y59.268 E.99416
G1 X95.7 Y58.911 E.01188
G1 X95.782 Y58.382 E.01775
G1 X95.872 Y58.008 E.01276
G1 X95.995 Y57.639 E.01289
G1 X96.158 Y57.272 E.0133
G1 X96.4 Y56.853 E.01606
G1 X96.694 Y56.45 E.01655
G1 X96.966 Y56.152 E.0134
G1 X97.346 Y55.821 E.01671
G1 X97.67 Y55.574 E.0135
G1 X98.095 Y55.333 E.01621
G1 X98.454 Y55.17 E.01309
G1 X98.827 Y55.047 E.01304
G1 X99.288 Y54.93 E.01576
G1 X99.642 Y54.883 E.01185
G1 X100.094 Y54.861 E.01501
G1 X140.061 Y54.861 E1.32579
G1 X140.43 Y54.876 E.01224
G1 X140.958 Y54.953 E.0177
G1 X141.329 Y55.047 E.0127
G1 X141.698 Y55.17 E.0129
G1 X142.058 Y55.333 E.01312
G1 X142.485 Y55.575 E.01626
G1 X142.814 Y55.823 E.01369
G1 X143.195 Y56.149 E.01663
G1 X143.517 Y56.519 E.01627
G1 X143.764 Y56.853 E.01378
G1 X144.001 Y57.273 E.016
G1 X144.171 Y57.641 E.01345
G1 X144.318 Y58.092 E.01573
G1 X144.409 Y58.46 E.01255
G1 X144.464 Y58.905 E.01487
G1 X144.483 Y59.271 E.01218
G1 X144.483 Y89.238 E.99407
G1 X144.464 Y89.615 E.01251
G1 X144.409 Y90.059 E.01483
G1 X144.294 Y90.509 E.01541
G1 X144.173 Y90.872 E.01272
G1 X143.961 Y91.316 E.01631
G1 X143.765 Y91.665 E.01328
G1 X143.52 Y91.987 E.01343
G1 X143.191 Y92.364 E.01659
G1 X142.881 Y92.641 E.0138
G1 X142.487 Y92.943 E.01645
G1 X141.692 Y93.352 E.02966
G1 X141.33 Y93.473 E.01267
G1 X140.876 Y93.587 E.0155
G1 X140.514 Y93.637 E.01214
G1 X140.059 Y93.659 E.01511
G1 X100.092 Y93.659 E1.32579
G1 X99.729 Y93.644 E.01204
G1 X99.205 Y93.563 E.0176
G1 X98.823 Y93.472 E.01301
G1 X98.48 Y93.358 E.01201
M204 S2000
G1 E-.8 F3600
G1 X97.194 Y57.879 F18000
G1 E.8 F3600
M204 S1000
;TYPE:Outer wall
;WIDTH:0.42
G1 F3000
G1 X97.124 Y58.014 E.00467
G1 X96.927 Y58.67 E.02104
G1 X96.872 Y59.245 E.01777
G1 X96.872 Y89.263 E.92237
G1 X96.927 Y89.836 E.01768
G1 X97.091 Y90.442 E.01929
G1 X97.39 Y91.019 E.01996
G1 X97.809 Y91.527 E.02023
G1 X98.327 Y91.943 E.02043
G1 X98.9 Y92.24 E.01983
G1 X99.429 Y92.398 E.01697
G1 X100.067 Y92.472 E.01973
G1 X140.084 Y92.472 E1.22962
G1 X140.662 Y92.418 E.01783
G1 X141.269 Y92.24 E.01943
G1 X141.84 Y91.943 E.01978
G1 X142.345 Y91.526 E.02012
G1 X142.768 Y91.018 E.02033
G1 X143.084 Y90.377 E.02195
G1 X143.241 Y89.838 E.01727
G1 X143.293 Y89.263 E.01773
G1 X143.293 Y59.246 E.92233
G1 X143.241 Y58.671 E.01775
G1 X143.065 Y58.076 E.01908
G1 X142.768 Y57.502 E.01986
G1 X142.345 Y56.983 E.02056
G1 X141.839 Y56.573 E.02002
G1 X141.269 Y56.276 E.01976
G1 X140.661 Y56.099 E.01944
G1 X140.083 Y56.047 E.01782
G1 X100.07 Y56.047 E1.22951
G1 X99.495 Y56.099 E.01772
G1 X98.9 Y56.276 E.01908
G1 X98.328 Y56.572 E.01981
G1 X97.808 Y56.982 E.02033
G1 X97.389 Y57.502 E.02052
G1 X97.203 Y57.861 E.01243
M204 S2000
G1 X96.772 Y57.842 F18000
M204 S1500
;TYPE:Inner wall
;WIDTH:0.45
G1 F4800
G1 X96.759 Y57.866 E.00091
G1 X96.54 Y58.594 E.02521
G1 X96.48 Y59.227 E.02109
G1 X96.48 Y89.282 E.99699
G1 X96.54 Y89.907 E.02081
G1 X96.724 Y90.585 E.02332
G1 X97.061 Y91.236 E.02431
G1 X97.532 Y91.807 E.02455
G1 X98.112 Y92.273 E.02469
G1 X98.753 Y92.605 E.02394
G1 X99.35 Y92.783 E.02067
G1 X100.044 Y92.865 E.02319
G1 X140.103 Y92.865 E1.32882
G1 X140.736 Y92.804 E.02111
G1 X141.416 Y92.606 E.0235
G1 X142.057 Y92.271 E.024
G1 X142.623 Y91.805 E.0243
G1 X143.099 Y91.233 E.02471
G1 X143.451 Y90.52 E.02638
G1 X143.629 Y89.911 E.02105
G1 X143.685 Y89.28 E.02099
G1 X143.685 Y59.228 E.99688
G1 X143.628 Y58.597 E.02104
G1 X143.43 Y57.928 E.02313
G1 X143.097 Y57.285 E.02402
G1 X142.623 Y56.704 E.02488
G1 X142.055 Y56.244 E.02426
G1 X141.416 Y55.91 E.02393
G1 X140.734 Y55.712 E.02355
G1 X140.101 Y55.655 E.02108
G1 X100.052 Y55.655 E1.3285
G1 X99.421 Y55.712 E.02101
G1 X98.753 Y55.911 E.02312
G1 X98.114 Y56.241 E.02387
G1 X97.531 Y56.702 E.02465
G1 X97.059 Y57.287 E.02492
G1 X96.781 Y57.824 E.02007
M204 S2000
G1 X96.433 Y57.644 F18000
;TYPE:Gap infill
;WIDTH:0.431771
G1 F6000
G1 X96.386 Y57.734 E.00323
G1 X96.16 Y58.5 E.02532
G1 X96.085 Y59.199 E.02225
G1 X96.085 Y89.31 E.95412
G1 X96.152 Y89.994 E.02178
G1 X96.359 Y90.731 E.02425
G1 X96.554 Y91.13 E.01409
G1 X96.744 Y91.47 E.01232
G1 X97.249 Y92.083 E.02519
G1 X97.886 Y92.606 E.02609
G1 X98.613 Y92.981 E.02593
G1 X98.934 Y93.082 E.01067
G1 X99.281 Y93.174 E.01138
G1 X99.769 Y93.24 E.01559
G1 X100.1 Y93.262 E.01053
G1 X140.112 Y93.26 E1.26784
G1 X140.801 Y93.197 E.02191
G1 X141.216 Y93.085 E.01364
G1 X141.547 Y92.981 E.01096
G1 X142.272 Y92.607 E.02585
G1 X142.907 Y92.084 E.02609
G1 X143.434 Y91.448 E.02616
G1 X143.8 Y90.722 E.02577
G1 X143.907 Y90.395 E.01091
G1 X144.019 Y89.985 E.01346
G1 X144.084 Y89.228 E.02406
G1 X144.082 Y59.219 E.95087
G1 X144.019 Y58.532 E.02188
G1 X143.931 Y58.203 E.01078
G1 X143.801 Y57.786 E.01384
G1 X143.44 Y57.085 E.02501
G1 X142.914 Y56.432 E.02654
G1 X142.266 Y55.907 E.02643
G1 X141.58 Y55.55 E.0245
G1 X141.216 Y55.433 E.01211
G1 X140.788 Y55.324 E.014
G1 X140.053 Y55.258 E.02339
G1 X100.104 Y55.258 E1.26585
G1 X99.678 Y55.285 E.01351
G1 X99.328 Y55.327 E.01118
G1 X98.587 Y55.548 E.02451
G1 X97.891 Y55.909 E.02485
G1 X97.242 Y56.434 E.02645
G1 X96.731 Y57.068 E.02583
G1 X96.442 Y57.626 E.01989
; stop printing object USV 1 e2mm.stl_1 id:1 copy 0
; end of layer_num: 48, T: 0, print_z: 9.640000
;LAYER_CHANGE
;Z:9.84
;HEIGHT:0.2
; BEFORE_LAYER_CHANGE 48 @ 9.84mm
G92 E0
; AFTER_LAYER_CHANGE 48 @ 9.84mm
; start of layer_num: 49, T: 0, print_z: 9.840000
; printing object "USV 1 e2mm.stl_3" id:0 copy 0
G1 E-.8 F3600
G1 X123.174 Y127.426 Z9.84 F18000
G1 E.8 F3600
M204 S1000
;TYPE:Outer wall
;WIDTH:0.42
G1 F3000
G1 X123.594 Y127.283 E.01364
G1 X124.016 Y127.181 E.01333
G1 X124.53 Y127.109 E.01596
G1 X124.946 Y127.088 E.0128
G1 X164.93 Y127.088 E1.22861
G1 X165.344 Y127.109 E.01273
G1 X165.803 Y127.168 E.01422
G1 X166.232 Y127.269 E.01354
G1 X166.704 Y127.427 E.01528
G1 X167.116 Y127.611 E.01388
G1 X167.562 Y127.868 E.01582
G1 X167.933 Y128.148 E.01428
G1 X168.321 Y128.491 E.01593
G1 X168.671 Y128.886 E.01622
G1 X168.943 Y129.261 E.01422
G1 X169.199 Y129.709 E.01585
G1 X169.386 Y130.121 E.01392
G1 X169.526 Y130.54 E.01357
G1 X169.646 Y131.054 E.0162
G1 X169.704 Y131.476 E.01311
G1 X169.722 Y131.882 E.01249
G1 X169.722 Y161.872 E.92151
G1 X169.704 Y162.285 E.0127
G1 X169.642 Y162.753 E.01451
G1 X169.526 Y163.22 E.01478
G1 X169.386 Y163.644 E.01371
G1 X169.176 Y164.102 E.01549
G1 X168.944 Y164.503 E.01425
G1 X168.639 Y164.915 E.01576
G1 X168.321 Y165.274 E.01471
G1 X167.973 Y165.581 E.01426
G1 X167.563 Y165.893 E.01585
G1 X167.16 Y166.118 E.01416
G1 X166.701 Y166.34 E.01568
G1 X166.281 Y166.478 E.01358
G1 X165.756 Y166.598 E.01654
G1 X165.344 Y166.656 E.01281
G1 X164.931 Y166.674 E.01268
G1 X124.946 Y166.674 E1.22865
G1 X124.482 Y166.652 E.01425
G1 X124.063 Y166.594 E.01302
G1 X123.64 Y166.492 E.01336
G1 X123.175 Y166.339 E.01503
G1 X122.762 Y166.141 E.0141
G1 X122.313 Y165.892 E.01575
G1 X121.898 Y165.58 E.01598
G1 X121.544 Y165.274 E.01436
G1 X121.237 Y164.916 E.0145
G1 X120.921 Y164.503 E.01597
G1 X120.673 Y164.057 E.01569
G1 X120.478 Y163.643 E.01405
G1 X120.338 Y163.22 E.0137
G1 X120.22 Y162.754 E.01478
G1 X120.161 Y162.285 E.0145
G1 X120.14 Y161.871 E.01274
G1 X120.14 Y131.883 E.92144
G1 X120.165 Y131.43 E.01395
G1 X120.219 Y131.008 E.01307
G1 X120.338 Y130.542 E.01477
G1 X120.478 Y130.123 E.01358
G1 X120.673 Y129.709 E.01406
G1 X120.921 Y129.261 E.01572
G1 X121.204 Y128.887 E.01444
G1 X121.544 Y128.491 E.01602
G1 X121.939 Y128.149 E.01606
G1 X122.315 Y127.868 E.0144
G1 X122.761 Y127.611 E.01583
G1 X123.155 Y127.434 E.01328
M204 S2000
G1 X123.317 Y127.792 F18000
M204 S1500
;TYPE:Inner wall
;WIDTH:0.45
G1 F4800
G1 X123.703 Y127.659 E.01354
G1 X124.089 Y127.567 E.01316
G1 X124.567 Y127.499 E.01602
G1 X124.956 Y127.48 E.01291
G1 X164.92 Y127.48 E1.32569
G1 X165.309 Y127.5 E.01291
G1 X165.733 Y127.554 E.01417
G1 X166.125 Y127.647 E.01335
G1 X166.561 Y127.792 E.01527
G1 X166.938 Y127.96 E.01367
G1 X167.345 Y128.196 E.01561
G1 X167.685 Y128.451 E.01411
G1 X168.043 Y128.769 E.0159
G1 X168.365 Y129.132 E.01609
G1 X168.613 Y129.474 E.01401
G1 X168.85 Y129.887 E.01579
G1 X169.02 Y130.265 E.01375
G1 X169.148 Y130.647 E.01339
G1 X169.26 Y131.125 E.01628
G1 X169.313 Y131.511 E.01292
G1 X169.33 Y131.891 E.01259
G1 X169.33 Y161.864 E.99427
G1 X169.313 Y162.251 E.01286
G1 X169.256 Y162.68 E.01435
G1 X169.149 Y163.111 E.01474
G1 X169.021 Y163.5 E.01359
G1 X168.827 Y163.922 E.01538
G1 X168.616 Y164.288 E.01403
G1 X168.334 Y164.668 E.01571
G1 X168.044 Y164.996 E.01451
G1 X167.725 Y165.277 E.01411
G1 X167.347 Y165.564 E.01572
G1 X166.979 Y165.77 E.01399
G1 X166.553 Y165.975 E.01568
G1 X166.176 Y166.1 E.0132
G1 X165.685 Y166.212 E.01669
G1 X165.308 Y166.265 E.01264
G1 X164.923 Y166.282 E.01278
G1 X124.955 Y166.282 E1.32582
G1 X124.519 Y166.261 E.01449
G1 X124.136 Y166.208 E.01282
G1 X123.747 Y166.115 E.01325
G1 X123.322 Y165.975 E.01486
G1 X122.942 Y165.793 E.01398
G1 X122.527 Y165.562 E.01572
G1 X122.144 Y165.274 E.01591
G1 X121.823 Y164.997 E.01408
G1 X121.542 Y164.669 E.01433
G1 X121.25 Y164.287 E.01594
G1 X121.022 Y163.878 E.01554
G1 X120.843 Y163.497 E.01395
G1 X120.715 Y163.109 E.01355
G1 X120.606 Y162.68 E.01469
G1 X120.552 Y162.251 E.01436
G1 X120.532 Y161.861 E.01294
G1 X120.532 Y131.894 E.99405
G1 X120.556 Y131.466 E.01423
G1 X120.605 Y131.082 E.01285
G1 X120.715 Y130.653 E.01469
G1 X120.843 Y130.269 E.01343
G1 X121.022 Y129.887 E.01398
G1 X121.251 Y129.476 E.01562
G1 X121.51 Y129.133 E.01426
G1 X121.823 Y128.768 E.01593
G1 X122.185 Y128.454 E.0159
G1 X122.531 Y128.196 E.01431
G1 X122.939 Y127.96 E.01565
G1 X123.299 Y127.8 E.01307
M204 S2000
G1 E-.8 F3600
G1 X121.893 Y162.869 F18000
G1 E.8 F3600
M204 S1000
;TYPE:Outer wall
;WIDTH:0.42
G1 F3000
G1 X121.939 Y163.029 E.00512
G1 X122.247 Y163.642 E.02106
G1 X122.67 Y164.148 E.02028
G1 X123.175 Y164.566 E.02013
G1 X123.746 Y164.863 E.01979
G1 X124.353 Y165.04 E.01942
G1 X124.931 Y165.096 E.01783
G1 X164.947 Y165.096 E1.2296
G1 X165.557 Y165.029 E.01885
G1 X166.115 Y164.863 E.01787
G1 X166.688 Y164.566 E.01984
G1 X167.206 Y164.149 E.02044
G1 X167.625 Y163.642 E.0202
G1 X167.924 Y163.065 E.01996
G1 X168.088 Y162.458 E.01932
G1 X168.143 Y161.887 E.01765
G1 X168.143 Y131.868 E.9224
G1 X168.088 Y131.289 E.01786
G1 X167.905 Y130.66 E.02013
G1 X167.625 Y130.123 E.0186
G1 X167.206 Y129.613 E.02028
G1 X166.688 Y129.195 E.02046
G1 X166.115 Y128.898 E.01984
G1 X165.519 Y128.721 E.01908
G1 X164.945 Y128.67 E.01772
G1 X124.931 Y128.67 E1.22951
G1 X124.354 Y128.721 E.01782
G1 X123.746 Y128.898 E.01944
G1 X123.175 Y129.196 E.01979
G1 X122.67 Y129.613 E.02015
G1 X122.248 Y130.123 E.02032
G1 X121.95 Y130.693 E.01978
G1 X121.774 Y131.289 E.01909
G1 X121.722 Y131.868 E.01787
G1 X121.722 Y161.886 E.92236
G1 X121.773 Y162.46 E.0177
G1 X121.887 Y162.85 E.0125
M204 S2000
G1 X121.565 Y163.147 F18000
M204 S1500
;TYPE:Inner wall
;WIDTH:0.45
G1 F4800
G1 X121.573 Y163.173 E.0009
G1 X121.917 Y163.858 E.02543
G1 X122.392 Y164.427 E.02459
G1 X122.957 Y164.894 E.02431
G1 X123.599 Y165.229 E.02403
G1 X124.279 Y165.427 E.02347
G1 X124.912 Y165.488 E.02109
G1 X164.969 Y165.488 E1.32876
G1 X165.635 Y165.415 E.02223
G1 X166.262 Y165.229 E.0217
G1 X166.903 Y164.896 E.02397
G1 X167.483 Y164.429 E.0247
G1 X167.954 Y163.86 E.02451
G1 X168.291 Y163.208 E.02433
G1 X168.475 Y162.529 E.02335
G1 X168.535 Y161.905 E.02078
G1 X168.535 Y131.849 E.99702
G1 X168.475 Y131.215 E.02113
G1 X168.27 Y130.513 E.02426
G1 X167.954 Y129.906 E.02271
G1 X167.484 Y129.333 E.02458
G1 X166.903 Y128.865 E.02474
G1 X166.262 Y128.533 E.02397
G1 X165.594 Y128.334 E.02312
G1 X164.963 Y128.278 E.02101
G1 X124.914 Y128.278 E1.3285
G1 X124.281 Y128.334 E.02108
G1 X123.599 Y128.532 E.02354
G1 X122.957 Y128.867 E.02403
G1 X122.391 Y129.335 E.02435
G1 X121.919 Y129.905 E.02455
G1 X121.585 Y130.546 E.02398
G1 X121.386 Y131.215 E.02316
G1 X121.33 Y131.851 E.02117
G1 X121.33 Y161.904 E.99691
G1 X121.386 Y162.533 E.02095
G1 X121.559 Y163.128 E.02057
G1 E-.8 F3600
M204 S2000
G1 X121.182 Y163.249 F18000
G1 E.8 F3600
;TYPE:Gap infill
;WIDTH:0.432483
G1 F6000
G1 X121.214 Y163.349 E.00335
G1 X121.574 Y164.057 E.02521
G1 X122.108 Y164.713 E.02684
G1 X122.744 Y165.229 E.02599
G1 X123.434 Y165.59 E.02472
G1 X123.858 Y165.725 E.01413
G1 X124.21 Y165.818 E.01154
G1 X124.964 Y165.885 E.02405
G1 X164.98 Y165.883 E1.27028
G1 X165.613 Y165.819 E.0202
G1 X166.067 Y165.709 E.01482
G1 X166.403 Y165.604 E.01119
G1 X167.105 Y165.242 E.02508
G1 X167.762 Y164.714 E.02676
G1 X168.286 Y164.072 E.02631
G1 X168.655 Y163.356 E.02555
G1 X168.763 Y163 E.01184
G1 X168.866 Y162.606 E.01292
G1 X168.932 Y161.855 E.02391
G1 X168.931 Y131.84 E.95284
G1 X168.857 Y131.124 E.02284
G1 X168.652 Y130.409 E.02361
G1 X168.492 Y130.07 E.01191
G1 X168.283 Y129.688 E.01383
G1 X167.777 Y129.066 E.02545
G1 X167.124 Y128.53 E.02682
G1 X166.417 Y128.164 E.02527
G1 X166.014 Y128.036 E.01342
G1 X165.662 Y127.944 E.01154
G1 X164.91 Y127.879 E.02396
G1 X124.966 Y127.879 E1.268
G1 X124.606 Y127.901 E.01147
G1 X124.163 Y127.956 E.01416
G1 X123.434 Y128.172 E.02413
G1 X122.749 Y128.528 E.02452
G1 X122.107 Y129.051 E.02628
G1 X121.584 Y129.693 E.02628
G1 X121.211 Y130.414 E.02578
G1 X120.995 Y131.156 E.02454
G1 X120.933 Y131.825 E.0213
G1 X120.933 Y161.93 E.95569
G1 X120.996 Y162.607 E.02156
G1 X121.102 Y162.996 E.01282
G1 X121.176 Y163.23 E.00777
; stop printing object USV 1 e2mm.stl_3 id:0 copy 0
; printing object "USV 1 e2mm.stl_1" id:1 copy 0
G1 E-.8 F3600
G1 X98.314 Y93.716 F18000
G1 E.8 F3600
M204 S1000
;TYPE:Outer wall
;WIDTH:0.42
G1 F3000
G1 X97.899 Y93.518 E.01412
G1 X97.452 Y93.273 E.01566
G1 X97.043 Y92.959 E.01585
G1 X96.694 Y92.64 E.01454
G1 X96.375 Y92.291 E.0145
G1 X96.071 Y91.881 E.0157
G1 X95.839 Y91.479 E.01427
G1 X95.629 Y91.022 E.01546
G1 X95.475 Y90.555 E.01509
G1 X95.373 Y90.132 E.01338
G1 X95.311 Y89.667 E.01441
G1 X95.293 Y89.249 E.01285
G1 X95.293 Y59.26 E.92148
G1 X95.31 Y58.854 E.01248
G1 X95.386 Y58.342 E.0159
G1 X95.489 Y57.918 E.01342
G1 X95.629 Y57.497 E.01362
G1 X95.816 Y57.076 E.01416
G1 X96.071 Y56.639 E.01555
G1 X96.376 Y56.217 E.01601
G1 X96.692 Y55.871 E.0144
G1 X97.082 Y55.529 E.01593
G1 X97.453 Y55.246 E.01435
G1 X97.899 Y54.991 E.01577
G1 X98.311 Y54.805 E.0139
G1 X98.783 Y54.65 E.01525
G1 X99.213 Y54.544 E.01361
G1 X99.624 Y54.49 E.01275
G1 X100.084 Y54.468 E.01413
G1 X140.07 Y54.468 E1.22865
G1 X140.486 Y54.486 E.0128
G1 X140.998 Y54.558 E.0159
G1 X141.421 Y54.664 E.01339
G1 X141.841 Y54.804 E.01362
G1 X142.254 Y54.991 E.01392
G1 X142.7 Y55.246 E.01579
G1 X143.076 Y55.53 E.01448
G1 X143.472 Y55.87 E.01604
G1 X143.778 Y56.216 E.01418
G1 X144.094 Y56.64 E.01624
G1 X144.342 Y57.076 E.01543
G1 X144.536 Y57.498 E.01428
G1 X144.69 Y57.966 E.01511
G1 X144.795 Y58.388 E.01338
G1 X144.854 Y58.853 E.01439
G1 X144.875 Y59.261 E.01256
G1 X144.875 Y89.248 E.92143
G1 X144.854 Y89.667 E.01288
G1 X144.795 Y90.131 E.01439
G1 X144.677 Y90.601 E.01489
G1 X144.537 Y91.02 E.01356
G1 X144.319 Y91.479 E.01561
G1 X144.094 Y91.881 E.01416
G1 X143.811 Y92.252 E.01432
G1 X143.471 Y92.64 E.01589
G1 X143.115 Y92.958 E.01463
G1 X142.701 Y93.273 E.01599
G1 X142.254 Y93.518 E.01567
G1 X141.839 Y93.716 E.01413
G1 X141.421 Y93.856 E.01354
G1 X140.951 Y93.972 E.01487
G1 X140.532 Y94.03 E.013
G1 X140.069 Y94.051 E.01425
G1 X100.084 Y94.051 E1.22865
G1 X99.672 Y94.034 E.01265
G1 X99.166 Y93.958 E.01572
G1 X98.735 Y93.855 E.01363
G1 X98.333 Y93.723 E.01301
M204 S2000
G1 X98.461 Y93.352 F18000
M204 S1500
;TYPE:Inner wall
;WIDTH:0.45
G1 F4800
G1 X97.667 Y92.944 E.0296
G1 X97.295 Y92.658 E.01556
G1 X96.971 Y92.362 E.01456
G1 X96.678 Y92.042 E.01439
G1 X96.399 Y91.666 E.01553
G1 X96.188 Y91.299 E.01406
G1 X95.994 Y90.878 E.01535
G1 X95.853 Y90.447 E.01504
G1 X95.759 Y90.059 E.01325
G1 X95.702 Y89.633 E.01428
G1 X95.685 Y89.241 E.013
G1 X95.685 Y59.268 E.99424
G1 X95.701 Y58.891 E.01252
G1 X95.771 Y58.417 E.01589
G1 X95.866 Y58.026 E.01334
G1 X95.995 Y57.639 E.01354
G1 X96.165 Y57.255 E.01393
G1 X96.4 Y56.853 E.01544
G1 X96.681 Y56.464 E.01591
G1 X96.967 Y56.151 E.01407
G1 X97.33 Y55.833 E.01603
G1 X97.67 Y55.573 E.01419
G1 X98.078 Y55.341 E.01555
G1 X98.453 Y55.171 E.01368
G1 X98.891 Y55.028 E.01528
G1 X99.286 Y54.93 E.01349
G1 X99.659 Y54.881 E.01249
G1 X100.093 Y54.861 E.01441
G1 X140.061 Y54.861 E1.32582
G1 X140.45 Y54.877 E.01291
G1 X140.923 Y54.943 E.01583
G1 X141.311 Y55.041 E.01327
G1 X141.698 Y55.17 E.01354
G1 X142.076 Y55.341 E.01375
G1 X142.484 Y55.574 E.0156
G1 X142.83 Y55.836 E.01439
G1 X143.196 Y56.15 E.01601
G1 X143.473 Y56.464 E.01388
G1 X143.765 Y56.855 E.01618
G1 X143.993 Y57.255 E.01528
G1 X144.171 Y57.642 E.01413
G1 X144.313 Y58.074 E.01509
G1 X144.409 Y58.46 E.01319
G1 X144.463 Y58.888 E.01429
G1 X144.483 Y59.271 E.01274
G1 X144.483 Y89.238 E.99407
G1 X144.463 Y89.632 E.01309
G1 X144.409 Y90.059 E.01425
G1 X144.3 Y90.491 E.01479
G1 X144.173 Y90.873 E.01337
G1 X143.97 Y91.299 E.01563
G1 X143.765 Y91.665 E.01393
G1 X143.508 Y92.003 E.01409
G1 X143.192 Y92.364 E.01591
G1 X142.866 Y92.655 E.01449
G1 X142.487 Y92.943 E.01578
G1 X142.075 Y93.169 E.01559
G1 X141.692 Y93.352 E.01409
G1 X141.312 Y93.479 E.01329
G1 X140.877 Y93.586 E.01485
G1 X140.496 Y93.639 E.01275
G1 X140.06 Y93.659 E.01449
G1 X100.092 Y93.659 E1.32582
G1 X99.709 Y93.643 E.01269
G1 X99.241 Y93.573 E.01572
G1 X98.842 Y93.478 E.0136
G1 X98.48 Y93.358 E.01266
M204 S2000
G1 E-.8 F3600
G1 X97.189 Y57.889 F18000
G1 E.8 F3600
M204 S1000
;TYPE:Outer wall
;WIDTH:0.42
G1 F3000
G1 X97.11 Y58.042 E.00528
G1 X96.927 Y58.671 E.02013
G1 X96.872 Y59.245 E.01774
G1 X96.872 Y89.263 E.92237
G1 X96.927 Y89.836 E.01768
G1 X97.091 Y90.442 E.01929
G1 X97.39 Y91.019 E.01996
G1 X97.809 Y91.527 E.02023
G1 X98.327 Y91.943 E.02043
G1 X98.9 Y92.24 E.01983
G1 X99.458 Y92.407 E.01789
G1 X100.068 Y92.472 E.01885
G1 X140.084 Y92.472 E1.22959
G1 X140.662 Y92.418 E.01783
G1 X141.269 Y92.24 E.01943
G1 X141.84 Y91.943 E.01978
G1 X142.345 Y91.526 E.02012
G1 X142.768 Y91.018 E.0203
G1 X143.076 Y90.406 E.02105
G1 X143.241 Y89.838 E.0182
G1 X143.293 Y89.263 E.01773
G1 X143.293 Y59.246 E.92233
G1 X143.241 Y58.671 E.01775
G1 X143.065 Y58.076 E.01908
G1 X142.768 Y57.502 E.01986
G1 X142.345 Y56.983 E.02056
G1 X141.839 Y56.573 E.02002
G1 X141.269 Y56.276 E.01976
G1 X140.661 Y56.099 E.01944
G1 X140.083 Y56.047 E.01782
G1 X100.07 Y56.047 E1.22951
G1 X99.495 Y56.099 E.01772
G1 X98.9 Y56.276 E.01908
G1 X98.328 Y56.572 E.01981
G1 X97.808 Y56.982 E.02033
G1 X97.389 Y57.502 E.02052
G1 X97.198 Y57.871 E.01278
M204 S2000
G1 X96.736 Y57.923 F18000
M204 S1500
;TYPE:Inner wall
;WIDTH:0.45
G1 F4800
G1 X96.54 Y58.597 E.02329
G1 X96.48 Y59.227 E.02099
G1 X96.48 Y89.282 E.99699
G1 X96.54 Y89.907 E.02081
G1 X96.724 Y90.585 E.02332
G1 X97.061 Y91.236 E.02431
G1 X97.532 Y91.807 E.02455
G1 X98.112 Y92.273 E.02469
G1 X98.753 Y92.605 E.02394
G1 X99.38 Y92.793 E.02172
G1 X100.047 Y92.865 E.02224
G1 X140.103 Y92.865 E1.32873
G1 X140.736 Y92.804 E.0211
G1 X141.416 Y92.606 E.0235
G1 X142.057 Y92.271 E.024
G1 X142.623 Y91.805 E.0243
G1 X143.098 Y91.235 E.02463
G1 X143.442 Y90.551 E.02541
G1 X143.629 Y89.911 E.02211
G1 X143.685 Y89.28 E.02099
G1 X143.685 Y59.228 E.99688
G1 X143.628 Y58.597 E.02104
G1 X143.43 Y57.928 E.02313
G1 X143.097 Y57.285 E.02402
G1 X142.623 Y56.704 E.02488
G1 X142.055 Y56.244 E.02426
G1 X141.416 Y55.91 E.02393
G1 X140.734 Y55.712 E.02354
G1 X140.101 Y55.655 E.02108
G1 X100.052 Y55.655 E1.3285
G1 X99.421 Y55.712 E.02101
G1 X98.753 Y55.911 E.02312
G1 X98.114 Y56.241 E.02386
G1 X97.531 Y56.702 E.02465
G1 X97.059 Y57.287 E.02492
G1 X96.744 Y57.896 E.02274
G1 X96.742 Y57.903 E.00027
M204 S2000
G1 X96.386 Y57.735 F18000
;TYPE:Gap infill
;WIDTH:0.43186
G1 F6000
G1 X96.371 Y57.766 E.00111
G1 X96.157 Y58.505 E.02438
G1 X96.085 Y59.199 E.0221
G1 X96.085 Y89.31 E.95434
G1 X96.152 Y89.994 E.02178
G1 X96.36 Y90.734 E.02437
G1 X96.545 Y91.114 E.01338
G1 X96.729 Y91.449 E.01213
G1 X97.25 Y92.083 E.02599
G1 X97.885 Y92.605 E.02607
G1 X98.613 Y92.981 E.02596
G1 X98.953 Y93.088 E.01129
G1 X99.316 Y93.184 E.01191
G1 X99.748 Y93.24 E.0138
G1 X100.1 Y93.262 E.01118
G1 X140.112 Y93.261 E1.26813
G1 X140.802 Y93.196 E.02196
G1 X141.199 Y93.09 E.01303
G1 X141.547 Y92.981 E.01153
G1 X142.272 Y92.607 E.02587
G1 X142.908 Y92.083 E.02612
G1 X143.433 Y91.448 E.02613
G1 X143.802 Y90.724 E.02574
G1 X143.913 Y90.377 E.01153
G1 X144.019 Y89.985 E.01289
G1 X144.084 Y89.228 E.02407
G1 X144.082 Y59.219 E.95109
G1 X144.02 Y58.533 E.02184
G1 X143.926 Y58.186 E.01139
G1 X143.801 Y57.787 E.01324
G1 X143.44 Y57.084 E.02506
G1 X142.916 Y56.434 E.02647
G1 X142.265 Y55.906 E.02657
G1 X141.58 Y55.55 E.02445
G1 X141.198 Y55.427 E.01273
G1 X140.789 Y55.322 E.0134
G1 X140.053 Y55.258 E.0234
G1 X100.102 Y55.258 E1.26619
G1 X99.695 Y55.283 E.01293
G1 X99.328 Y55.327 E.01171
G1 X98.587 Y55.548 E.02451
G1 X97.892 Y55.908 E.0248
G1 X97.243 Y56.433 E.02647
G1 X96.731 Y57.068 E.02587
G1 X96.525 Y57.439 E.01343
G1 X96.394 Y57.717 E.00972
; stop printing object USV 1 e2mm.stl_1 id:1 copy 0
; end of layer_num: 49, T: 0, print_z: 9.840000
M106 S237
;LAYER_CHANGE
;Z:10.04
;HEIGHT:0.2
; BEFORE_LAYER_CHANGE 49 @ 10.04mm
G92 E0
; AFTER_LAYER_CHANGE 49 @ 10.04mm
; start of layer_num: 50, T: 0, print_z: 10.040000
; printing object "USV 1 e2mm.stl_3" id:0 copy 0
G1 E-.8 F3600
G1 X123.174 Y127.426 Z10.04 F18000
G1 E.8 F3600
M204 S1000
;TYPE:Outer wall
;WIDTH:0.42
G1 F3000
G1 X123.612 Y127.276 E.01424
G1 X124.052 Y127.17 E.01389
G1 X124.511 Y127.11 E.01423
G1 X124.946 Y127.088 E.01339
G1 X164.93 Y127.088 E1.22861
G1 X165.362 Y127.11 E.01327
G1 X165.803 Y127.167 E.01367
G1 X166.251 Y127.273 E.01414
G1 X166.703 Y127.426 E.01468
G1 X167.134 Y127.618 E.01449
G1 X167.561 Y127.868 E.01521
G1 X167.949 Y128.16 E.01491
G1 X168.321 Y128.491 E.01532
G1 X168.659 Y128.87 E.01561
G1 X168.943 Y129.261 E.01484
G1 X169.191 Y129.691 E.01524
G1 X169.386 Y130.121 E.01453
G1 X169.532 Y130.559 E.01419
G1 X169.643 Y131.018 E.01449
G1 X169.704 Y131.458 E.01366
G1 X169.722 Y131.882 E.01303
G1 X169.722 Y161.872 E.92151
G1 X169.704 Y162.303 E.01325
G1 X169.642 Y162.753 E.01397
G1 X169.532 Y163.202 E.01419
G1 X169.386 Y163.644 E.01431
G1 X169.186 Y164.084 E.01486
G1 X168.944 Y164.504 E.01488
G1 X168.652 Y164.9 E.01512
G1 X168.321 Y165.274 E.01535
G1 X167.958 Y165.594 E.01488
G1 X167.563 Y165.892 E.01522
G1 X167.133 Y166.133 E.01513
G1 X166.701 Y166.339 E.01471
G1 X166.262 Y166.485 E.01421
G1 X165.792 Y166.595 E.01483
G1 X165.362 Y166.655 E.01335
G1 X164.931 Y166.674 E.01323
G1 X124.945 Y166.674 E1.22866
G1 X124.501 Y166.655 E.01368
G1 X124.063 Y166.594 E.01357
G1 X123.612 Y166.485 E.01427
G1 X123.176 Y166.34 E.01412
G1 X122.744 Y166.133 E.01472
G1 X122.313 Y165.892 E.01514
G1 X121.913 Y165.593 E.01535
G1 X121.544 Y165.274 E.01499
G1 X121.224 Y164.9 E.01513
G1 X120.921 Y164.503 E.01534
G1 X120.681 Y164.075 E.01508
G1 X120.478 Y163.643 E.01466
G1 X120.332 Y163.201 E.01429
G1 X120.22 Y162.754 E.01418
G1 X120.162 Y162.303 E.01396
G1 X120.14 Y161.871 E.01328
G1 X120.14 Y131.883 E.92145
G1 X120.163 Y131.448 E.01338
G1 X120.22 Y131.008 E.01365
G1 X120.329 Y130.571 E.01385
G1 X120.478 Y130.123 E.0145
G1 X120.681 Y129.691 E.01467
G1 X120.921 Y129.262 E.0151
G1 X121.217 Y128.87 E.01507
G1 X121.544 Y128.491 E.0154
G1 X121.914 Y128.168 E.01508
G1 X122.315 Y127.868 E.01539
G1 X122.743 Y127.618 E.01522
G1 X123.155 Y127.434 E.01388
M204 S2000
G1 E-.8 F3600
G1 X121.896 Y162.88 F18000
G1 E.8 F3600
M204 S1000
G1 F3000
G1 X121.948 Y163.059 E.00573
G1 X122.248 Y163.642 E.02017
G1 X122.67 Y164.148 E.02025
G1 X123.175 Y164.566 E.02013
G1 X123.746 Y164.863 E.01979
G1 X124.353 Y165.04 E.01942
G1 X124.931 Y165.096 E.01783
G1 X164.946 Y165.096 E1.22956
G1 X165.512 Y165.04 E.01748
G1 X166.114 Y164.863 E.01928
G1 X166.688 Y164.566 E.01985
G1 X167.206 Y164.149 E.02044
G1 X167.625 Y163.642 E.0202
G1 X167.924 Y163.065 E.01996
G1 X168.088 Y162.458 E.01932
G1 X168.143 Y161.887 E.01765
G1 X168.143 Y131.868 E.9224
G1 X168.088 Y131.29 E.01783
G1 X167.919 Y130.687 E.01923
G1 X167.625 Y130.123 E.01955
G1 X167.206 Y129.613 E.02028
G1 X166.688 Y129.195 E.02046
G1 X166.115 Y128.898 E.01984
G1 X165.519 Y128.721 E.01908
G1 X164.945 Y128.67 E.01772
G1 X124.931 Y128.67 E1.22951
G1 X124.354 Y128.721 E.01782
G1 X123.746 Y128.898 E.01944
G1 X123.175 Y129.196 E.01979
G1 X122.67 Y129.613 E.02015
G1 X122.248 Y130.123 E.02032
G1 X121.95 Y130.693 E.01978
G1 X121.774 Y131.289 E.01909
G1 X121.722 Y131.868 E.01787
G1 X121.722 Y161.886 E.92236
G1 X121.773 Y162.46 E.0177
G1 X121.89 Y162.861 E.01283
G1 E-.8 F3600
M204 S2000
G1 X166.311 Y166.349 F18000
G1 E.8 F3600
M204 S1000
;TYPE:Top surface
;WIDTH:0.420463
G1 X169.39 Y163.27 E.13397
M204 S2000
G1 X169.553 Y162.574 F18000
M204 S1000
G1 F3600
G1 X165.622 Y166.505 E.17102
M204 S2000
G1 X165.037 Y166.556 F18000
M204 S1000
G1 F3600
G1 X169.604 Y161.989 E.19871
M204 S2000
G1 X169.609 Y161.45 F18000
M204 S1000
G1 F3600
G1 X168.058 Y163 E.06745
M204 S2000
G1 X168.216 Y162.309 F18000
M204 S1000
G1 F3600
G1 X169.609 Y160.916 E.06059
M204 S2000
G1 X169.609 Y160.382 F18000
M204 S1000
G1 F3600
G1 X168.256 Y161.735 E.05886
M204 S2000
G1 X168.256 Y161.201 F18000
M204 S1000
G1 F3600
G1 X169.609 Y159.848 E.05886
M204 S2000
G1 X169.609 Y159.314 F18000
M204 S1000
G1 F3600
G1 X168.256 Y160.667 E.05886
M204 S2000
G1 X168.256 Y160.133 F18000
M204 S1000
G1 F3600
G1 X169.609 Y158.78 E.05886
M204 S2000
G1 X169.609 Y158.246 F18000
M204 S1000
G1 F3600
G1 X168.256 Y159.599 E.05886
M204 S2000
G1 X168.256 Y159.065 F18000
M204 S1000
G1 F3600
G1 X169.609 Y157.712 E.05886
M204 S2000
G1 X169.609 Y157.178 F18000
M204 S1000
G1 F3600
G1 X168.256 Y158.531 E.05886
M204 S2000
G1 X168.256 Y157.997 F18000
M204 S1000
G1 F3600
G1 X169.609 Y156.645 E.05886
M204 S2000
G1 X169.609 Y156.111 F18000
M204 S1000
G1 F3600
G1 X168.256 Y157.463 E.05886
M204 S2000
G1 X168.256 Y156.929 F18000
M204 S1000
G1 F3600
G1 X169.609 Y155.577 E.05886
M204 S2000
G1 X169.609 Y155.043 F18000
M204 S1000
G1 F3600
G1 X168.256 Y156.396 E.05886
M204 S2000
G1 X168.256 Y155.862 F18000
M204 S1000
G1 F3600
G1 X169.609 Y154.509 E.05886
M204 S2000
G1 X169.609 Y153.975 F18000
M204 S1000
G1 F3600
G1 X168.256 Y155.328 E.05886
M204 S2000
G1 X168.256 Y154.794 F18000
M204 S1000
G1 F3600
G1 X169.609 Y153.441 E.05886
M204 S2000
G1 X169.609 Y152.907 F18000
M204 S1000
G1 F3600
G1 X168.256 Y154.26 E.05886
M204 S2000
G1 X168.256 Y153.726 F18000
M204 S1000
G1 F3600
G1 X169.609 Y152.373 E.05886
M204 S2000
G1 X169.609 Y151.839 F18000
M204 S1000
G1 F3600
G1 X168.256 Y153.192 E.05886
M204 S2000
G1 X168.256 Y152.658 F18000
M204 S1000
G1 F3600
G1 X169.609 Y151.305 E.05886
M204 S2000
G1 X169.609 Y150.771 F18000
M204 S1000
G1 F3600
G1 X168.256 Y152.124 E.05886
M204 S2000
G1 X168.256 Y151.59 F18000
M204 S1000
G1 F3600
G1 X169.609 Y150.237 E.05886
M204 S2000
G1 X169.609 Y149.704 F18000
M204 S1000
G1 F3600
G1 X168.256 Y151.056 E.05886
M204 S2000
G1 X168.256 Y150.522 F18000
M204 S1000
G1 F3600
G1 X169.609 Y149.17 E.05886
M204 S2000
G1 X169.609 Y148.636 F18000
M204 S1000
G1 F3600
G1 X168.256 Y149.988 E.05886
M204 S2000
G1 X168.256 Y149.455 F18000
M204 S1000
G1 F3600
G1 X169.609 Y148.102 E.05886
M204 S2000
G1 X169.609 Y147.568 F18000
M204 S1000
G1 F3600
G1 X168.256 Y148.921 E.05886
M204 S2000
G1 X168.256 Y148.387 F18000
M204 S1000
G1 F3600
G1 X169.609 Y147.034 E.05886
M204 S2000
G1 X169.609 Y146.5 F18000
M204 S1000
G1 F3600
G1 X168.256 Y147.853 E.05886
M204 S2000
G1 X168.256 Y147.319 F18000
M204 S1000
G1 F3600
G1 X169.609 Y145.966 E.05886
M204 S2000
G1 X169.609 Y145.432 F18000
M204 S1000
G1 F3600
G1 X168.256 Y146.785 E.05886
M204 S2000
G1 X168.256 Y146.251 F18000
M204 S1000
G1 F3600
G1 X169.609 Y144.898 E.05886
M204 S2000
G1 X169.609 Y144.364 F18000
M204 S1000
G1 F3600
G1 X168.256 Y145.717 E.05886
M204 S2000
G1 X168.256 Y145.183 F18000
M204 S1000
G1 F3600
G1 X169.609 Y143.83 E.05886
M204 S2000
G1 X169.609 Y143.296 F18000
M204 S1000
G1 F3600
G1 X168.256 Y144.649 E.05886
M204 S2000
G1 X168.256 Y144.115 F18000
M204 S1000
G1 F3600
G1 X169.609 Y142.762 E.05886
M204 S2000
G1 X169.609 Y142.229 F18000
M204 S1000
G1 F3600
G1 X168.256 Y143.581 E.05886
M204 S2000
G1 X168.256 Y143.047 F18000
M204 S1000
G1 F3600
G1 X169.609 Y141.695 E.05886
M204 S2000
G1 X169.609 Y141.161 F18000
M204 S1000
G1 F3600
G1 X168.256 Y142.513 E.05886
M204 S2000
G1 X168.256 Y141.98 F18000
M204 S1000
G1 F3600
G1 X169.609 Y140.627 E.05886
M204 S2000
G1 X169.609 Y140.093 F18000
M204 S1000
G1 F3600
G1 X168.256 Y141.446 E.05886
M204 S2000
G1 X168.256 Y140.912 F18000
M204 S1000
G1 F3600
G1 X169.609 Y139.559 E.05886
M204 S2000
G1 X169.609 Y139.025 F18000
M204 S1000
G1 F3600
G1 X168.256 Y140.378 E.05886
M204 S2000
G1 X168.256 Y139.844 F18000
M204 S1000
G1 F3600
G1 X169.609 Y138.491 E.05886
M204 S2000
G1 X169.609 Y137.957 F18000
M204 S1000
G1 F3600
G1 X168.256 Y139.31 E.05886
M204 S2000
G1 X168.256 Y138.776 F18000
M204 S1000
G1 F3600
G1 X169.609 Y137.423 E.05886
M204 S2000
G1 X169.609 Y136.889 F18000
M204 S1000
G1 F3600
G1 X168.256 Y138.242 E.05886
M204 S2000
G1 X168.256 Y137.708 F18000
M204 S1000
G1 F3600
G1 X169.609 Y136.355 E.05886
M204 S2000
G1 X169.609 Y135.821 F18000
M204 S1000
G1 F3600
G1 X168.256 Y137.174 E.05886
M204 S2000
G1 X168.256 Y136.64 F18000
M204 S1000
G1 F3600
G1 X169.609 Y135.288 E.05886
M204 S2000
G1 X169.609 Y134.754 F18000
M204 S1000
G1 F3600
G1 X168.256 Y136.106 E.05886
M204 S2000
G1 X168.256 Y135.572 F18000
M204 S1000
G1 F3600
G1 X169.609 Y134.22 E.05886
M204 S2000
G1 X169.609 Y133.686 F18000
M204 S1000
G1 F3600
G1 X168.256 Y135.038 E.05886
M204 S2000
G1 X168.256 Y134.505 F18000
M204 S1000
G1 F3600
G1 X169.609 Y133.152 E.05886
M204 S2000
G1 X169.609 Y132.618 F18000
M204 S1000
G1 F3600
G1 X168.256 Y133.971 E.05886
M204 S2000
G1 X168.256 Y133.437 F18000
M204 S1000
G1 F3600
G1 X169.609 Y132.084 E.05886
M204 S2000
G1 X169.595 Y131.564 F18000
M204 S1000
G1 F3600
G1 X168.256 Y132.903 E.05826
M204 S2000
G1 X168.256 Y132.369 F18000
M204 S1000
G1 F3600
G1 X169.538 Y131.086 E.0558
M204 S2000
G1 X169.438 Y130.653 F18000
M204 S1000
G1 F3600
G1 X168.254 Y131.837 E.05154
M204 S2000
G1 X168.207 Y131.35 F18000
M204 S1000
G1 F3600
G1 X169.309 Y130.248 E.04793
M204 S2000
G1 X169.15 Y129.873 F18000
M204 S1000
G1 F3600
G1 X168.102 Y130.921 E.04557
M204 S2000
G1 X167.963 Y130.526 F18000
M204 S1000
G1 F3600
G1 X168.965 Y129.524 E.04359
M204 S2000
G1 X168.758 Y129.198 F18000
M204 S1000
G1 F3600
G1 X167.78 Y130.175 E.04254
M204 S2000
G1 X167.558 Y129.863 F18000
M204 S1000
G1 F3600
G1 X168.528 Y128.893 E.04221
M204 S2000
G1 X168.276 Y128.611 F18000
M204 S1000
G1 F3600
G1 X167.318 Y129.57 E.04171
M204 S2000
G1 X167.029 Y129.324 F18000
M204 S1000
G1 F3600
G1 X167.998 Y128.355 E.04217
M204 S2000
G1 X167.703 Y128.116 F18000
M204 S1000
G1 F3600
G1 X166.73 Y129.089 E.04233
M204 S2000
G1 X166.378 Y128.907 F18000
M204 S1000
G1 F3600
G1 X167.388 Y127.898 E.04392
M204 S2000
G1 X167.048 Y127.704 F18000
M204 S1000
G1 F3600
G1 X166.004 Y128.747 E.04539
M204 S2000
G1 X165.593 Y128.625 F18000
M204 S1000
G1 F3600
G1 X166.678 Y127.539 E.04724
M204 S2000
G1 X166.281 Y127.403 F18000
M204 S1000
G1 F3600
G1 X165.113 Y128.571 E.05082
M204 S2000
G1 X164.593 Y128.557 F18000
M204 S1000
G1 F3600
G1 X165.854 Y127.296 E.05485
M204 S2000
G1 X165.389 Y127.227 F18000
M204 S1000
G1 F3600
G1 X164.059 Y128.557 E.05783
M204 S2000
G1 X163.525 Y128.557 F18000
M204 S1000
G1 F3600
G1 X164.881 Y127.201 E.05899
M204 S2000
G1 X164.347 Y127.201 F18000
M204 S1000
G1 F3600
G1 X162.992 Y128.557 E.05899
M204 S2000
G1 X162.458 Y128.557 F18000
M204 S1000
G1 F3600
G1 X163.813 Y127.201 E.05899
M204 S2000
G1 X163.279 Y127.201 F18000
M204 S1000
G1 F3600
G1 X161.924 Y128.557 E.05899
M204 S2000
G1 X161.39 Y128.557 F18000
M204 S1000
G1 F3600
G1 X162.746 Y127.201 E.05899
M204 S2000
G1 X162.212 Y127.201 F18000
M204 S1000
G1 F3600
G1 X160.856 Y128.557 E.05899
M204 S2000
G1 X160.322 Y128.557 F18000
M204 S1000
G1 F3600
G1 X161.678 Y127.201 E.05899
M204 S2000
G1 X161.144 Y127.201 F18000
M204 S1000
G1 F3600
G1 X159.788 Y128.557 E.05899
M204 S2000
G1 X159.254 Y128.557 F18000
M204 S1000
G1 F3600
G1 X160.61 Y127.201 E.05899
M204 S2000
G1 X160.076 Y127.201 F18000
M204 S1000
G1 F3600
G1 X158.72 Y128.557 E.05899
M204 S2000
G1 X158.186 Y128.557 F18000
M204 S1000
G1 F3600
G1 X159.542 Y127.201 E.05899
M204 S2000
G1 X159.008 Y127.201 F18000
M204 S1000
G1 F3600
G1 X157.652 Y128.557 E.05899
M204 S2000
G1 X157.118 Y128.557 F18000
M204 S1000
G1 F3600
G1 X158.474 Y127.201 E.05899
M204 S2000
G1 X157.94 Y127.201 F18000
M204 S1000
G1 F3600
G1 X156.584 Y128.557 E.05899
M204 S2000
G1 X156.05 Y128.557 F18000
M204 S1000
G1 F3600
G1 X157.406 Y127.201 E.05899
M204 S2000
G1 X156.872 Y127.201 F18000
M204 S1000
G1 F3600
G1 X155.517 Y128.557 E.05899
M204 S2000
G1 X154.983 Y128.557 F18000
M204 S1000
G1 F3600
G1 X156.338 Y127.201 E.05899
M204 S2000
G1 X155.804 Y127.201 F18000
M204 S1000
G1 F3600
G1 X154.449 Y128.557 E.05899
M204 S2000
G1 X153.915 Y128.557 F18000
M204 S1000
G1 F3600
G1 X155.271 Y127.201 E.05899
M204 S2000
G1 X154.737 Y127.201 F18000
M204 S1000
G1 F3600
G1 X153.381 Y128.557 E.05899
M204 S2000
G1 X152.847 Y128.557 F18000
M204 S1000
G1 F3600
G1 X154.203 Y127.201 E.05899
M204 S2000
G1 X153.669 Y127.201 F18000
M204 S1000
G1 F3600
G1 X152.313 Y128.557 E.05899
M204 S2000
G1 X151.779 Y128.557 F18000
M204 S1000
G1 F3600
G1 X153.135 Y127.201 E.05899
M204 S2000
G1 X152.601 Y127.201 F18000
M204 S1000
G1 F3600
G1 X151.245 Y128.557 E.05899
M204 S2000
G1 X150.711 Y128.557 F18000
M204 S1000
G1 F3600
G1 X152.067 Y127.201 E.05899
M204 S2000
G1 X151.533 Y127.201 F18000
M204 S1000
G1 F3600
G1 X150.177 Y128.557 E.05899
M204 S2000
G1 X149.643 Y128.557 F18000
M204 S1000
G1 F3600
G1 X150.999 Y127.201 E.05899
M204 S2000
G1 X150.465 Y127.201 F18000
M204 S1000
G1 F3600
G1 X149.109 Y128.557 E.05899
M204 S2000
G1 X148.576 Y128.557 F18000
M204 S1000
G1 F3600
G1 X149.931 Y127.201 E.05899
M204 S2000
G1 X149.397 Y127.201 F18000
M204 S1000
G1 F3600
G1 X148.042 Y128.557 E.05899
M204 S2000
G1 X147.508 Y128.557 F18000
M204 S1000
G1 F3600
G1 X148.863 Y127.201 E.05899
M204 S2000
G1 X148.33 Y127.201 F18000
M204 S1000
G1 F3600
G1 X146.974 Y128.557 E.05899
M204 S2000
G1 X146.44 Y128.557 F18000
M204 S1000
G1 F3600
G1 X147.796 Y127.201 E.05899
M204 S2000
G1 X147.262 Y127.201 F18000
M204 S1000
G1 F3600
G1 X145.906 Y128.557 E.05899
M204 S2000
G1 X145.372 Y128.557 F18000
M204 S1000
G1 F3600
G1 X146.728 Y127.201 E.05899
M204 S2000
G1 X146.194 Y127.201 F18000
M204 S1000
G1 F3600
G1 X144.838 Y128.557 E.05899
M204 S2000
G1 X144.304 Y128.557 F18000
M204 S1000
G1 F3600
G1 X145.66 Y127.201 E.05899
M204 S2000
G1 X145.126 Y127.201 F18000
M204 S1000
G1 F3600
G1 X143.77 Y128.557 E.05899
M204 S2000
G1 X143.236 Y128.557 F18000
M204 S1000
G1 F3600
G1 X144.592 Y127.201 E.05899
M204 S2000
G1 X144.058 Y127.201 F18000
M204 S1000
G1 F3600
G1 X142.702 Y128.557 E.05899
M204 S2000
G1 X142.168 Y128.557 F18000
M204 S1000
G1 F3600
G1 X143.524 Y127.201 E.05899
M204 S2000
G1 X142.99 Y127.201 F18000
M204 S1000
G1 F3600
G1 X141.634 Y128.557 E.05899
M204 S2000
G1 X141.101 Y128.557 F18000
M204 S1000
G1 F3600
G1 X142.456 Y127.201 E.05899
M204 S2000
G1 X141.922 Y127.201 F18000
M204 S1000
G1 F3600
G1 X140.567 Y128.557 E.05899
M204 S2000
G1 X140.033 Y128.557 F18000
M204 S1000
G1 F3600
G1 X141.388 Y127.201 E.05899
M204 S2000
G1 X140.855 Y127.201 F18000
M204 S1000
G1 F3600
G1 X139.499 Y128.557 E.05899
M204 S2000
G1 X138.965 Y128.557 F18000
M204 S1000
G1 F3600
G1 X140.321 Y127.201 E.05899
M204 S2000
G1 X139.787 Y127.201 F18000
M204 S1000
G1 F3600
G1 X138.431 Y128.557 E.05899
M204 S2000
G1 X137.897 Y128.557 F18000
M204 S1000
G1 F3600
G1 X139.253 Y127.201 E.05899
M204 S2000
G1 X138.719 Y127.201 F18000
M204 S1000
G1 F3600
G1 X137.363 Y128.557 E.05899
M204 S2000
G1 X136.829 Y128.557 F18000
M204 S1000
G1 F3600
G1 X138.185 Y127.201 E.05899
M204 S2000
G1 X137.651 Y127.201 F18000
M204 S1000
G1 F3600
G1 X136.295 Y128.557 E.05899
M204 S2000
G1 X135.761 Y128.557 F18000
M204 S1000
G1 F3600
G1 X137.117 Y127.201 E.05899
M204 S2000
G1 X136.583 Y127.201 F18000
M204 S1000
G1 F3600
G1 X135.227 Y128.557 E.05899
M204 S2000
G1 X134.693 Y128.557 F18000
M204 S1000
G1 F3600
G1 X136.049 Y127.201 E.05899
M204 S2000
G1 X135.515 Y127.201 F18000
M204 S1000
G1 F3600
G1 X134.16 Y128.557 E.05899
M204 S2000
G1 X133.626 Y128.557 F18000
M204 S1000
G1 F3600
G1 X134.981 Y127.201 E.05899
M204 S2000
G1 X134.447 Y127.201 F18000
M204 S1000
G1 F3600
G1 X133.092 Y128.557 E.05899
M204 S2000
G1 X132.558 Y128.557 F18000
M204 S1000
G1 F3600
G1 X133.913 Y127.201 E.05899
M204 S2000
G1 X133.38 Y127.201 F18000
M204 S1000
G1 F3600
G1 X132.024 Y128.557 E.05899
M204 S2000
G1 X131.49 Y128.557 F18000
M204 S1000
G1 F3600
G1 X132.846 Y127.201 E.05899
M204 S2000
G1 X132.312 Y127.201 F18000
M204 S1000
G1 F3600
G1 X130.956 Y128.557 E.05899
M204 S2000
G1 X130.422 Y128.557 F18000
M204 S1000
G1 F3600
G1 X131.778 Y127.201 E.05899
M204 S2000
G1 X131.244 Y127.201 F18000
M204 S1000
G1 F3600
G1 X129.888 Y128.557 E.05899
M204 S2000
G1 X129.354 Y128.557 F18000
M204 S1000
G1 F3600
G1 X130.71 Y127.201 E.05899
M204 S2000
G1 X130.176 Y127.201 F18000
M204 S1000
G1 F3600
G1 X128.82 Y128.557 E.05899
M204 S2000
G1 X128.286 Y128.557 F18000
M204 S1000
G1 F3600
G1 X129.642 Y127.201 E.05899
M204 S2000
G1 X129.108 Y127.201 F18000
M204 S1000
G1 F3600
G1 X127.752 Y128.557 E.05899
M204 S2000
G1 X127.218 Y128.557 F18000
M204 S1000
G1 F3600
G1 X128.574 Y127.201 E.05899
M204 S2000
G1 X128.04 Y127.201 F18000
M204 S1000
G1 F3600
G1 X126.685 Y128.557 E.05899
M204 S2000
G1 X126.151 Y128.557 F18000
M204 S1000
G1 F3600
G1 X127.506 Y127.201 E.05899
M204 S2000
G1 X126.972 Y127.201 F18000
M204 S1000
G1 F3600
G1 X125.617 Y128.557 E.05899
M204 S2000
G1 X125.083 Y128.557 F18000
M204 S1000
G1 F3600
G1 X126.439 Y127.201 E.05899
M204 S2000
G1 X125.905 Y127.201 F18000
M204 S1000
G1 F3600
G1 X124.512 Y128.594 E.0606
M204 S2000
G1 X123.81 Y128.761 F18000
M204 S1000
G1 F3600
G1 X125.371 Y127.201 E.0679
M204 S2000
G1 E-.8
G1 X164.498 Y166.561 F18000
G1 E.8 F3600
M204 S1000
G1 X166.062 Y164.997 E.06804
M204 S2000
G1 X165.355 Y165.169 F18000
M204 S1000
G1 F3600
G1 X163.964 Y166.561 E.06052
M204 S2000
G1 X163.43 Y166.561 F18000
M204 S1000
G1 F3600
G1 X164.782 Y165.209 E.05881
M204 S2000
G1 X164.248 Y165.209 F18000
M204 S1000
G1 F3600
G1 X162.896 Y166.561 E.05881
M204 S2000
G1 X162.362 Y166.561 F18000
M204 S1000
G1 F3600
G1 X163.714 Y165.209 E.05881
M204 S2000
G1 X163.18 Y165.209 F18000
M204 S1000
G1 F3600
G1 X161.828 Y166.561 E.05881
M204 S2000
G1 X161.295 Y166.561 F18000
M204 S1000
G1 F3600
G1 X162.646 Y165.209 E.05881
M204 S2000
G1 X162.112 Y165.209 F18000
M204 S1000
G1 F3600
G1 X160.761 Y166.561 E.05881
M204 S2000
G1 X160.227 Y166.561 F18000
M204 S1000
G1 F3600
G1 X161.578 Y165.209 E.05881
M204 S2000
G1 X161.045 Y165.209 F18000
M204 S1000
G1 F3600
G1 X159.693 Y166.561 E.05881
M204 S2000
G1 X159.159 Y166.561 F18000
M204 S1000
G1 F3600
G1 X160.511 Y165.209 E.05881
M204 S2000
G1 X159.977 Y165.209 F18000
M204 S1000
G1 F3600
G1 X158.625 Y166.561 E.05881
M204 S2000
G1 X158.091 Y166.561 F18000
M204 S1000
G1 F3600
G1 X159.443 Y165.209 E.05881
M204 S2000
G1 X158.909 Y165.209 F18000
M204 S1000
G1 F3600
G1 X157.557 Y166.561 E.05881
M204 S2000
G1 X157.023 Y166.561 F18000
M204 S1000
G1 F3600
G1 X158.375 Y165.209 E.05881
M204 S2000
G1 X157.841 Y165.209 F18000
M204 S1000
G1 F3600
G1 X156.489 Y166.561 E.05881
M204 S2000
G1 X155.955 Y166.561 F18000
M204 S1000
G1 F3600
G1 X157.307 Y165.209 E.05881
M204 S2000
G1 X156.773 Y165.209 F18000
M204 S1000
G1 F3600
G1 X155.421 Y166.561 E.05881
M204 S2000
G1 X154.887 Y166.561 F18000
M204 S1000
G1 F3600
G1 X156.239 Y165.209 E.05881
M204 S2000
G1 X155.705 Y165.209 F18000
M204 S1000
G1 F3600
G1 X154.353 Y166.561 E.05881
M204 S2000
G1 X153.82 Y166.561 F18000
M204 S1000
G1 F3600
G1 X155.171 Y165.209 E.05881
M204 S2000
G1 X154.637 Y165.209 F18000
M204 S1000
G1 F3600
G1 X153.286 Y166.561 E.05881
M204 S2000
G1 X152.752 Y166.561 F18000
M204 S1000
G1 F3600
G1 X154.103 Y165.209 E.05881
M204 S2000
G1 X153.57 Y165.209 F18000
M204 S1000
G1 F3600
G1 X152.218 Y166.561 E.05881
M204 S2000
G1 X151.684 Y166.561 F18000
M204 S1000
G1 F3600
G1 X153.036 Y165.209 E.05881
M204 S2000
G1 X152.502 Y165.209 F18000
M204 S1000
G1 F3600
G1 X151.15 Y166.561 E.05881
M204 S2000
G1 X150.616 Y166.561 F18000
M204 S1000
G1 F3600
G1 X151.968 Y165.209 E.05881
M204 S2000
G1 X151.434 Y165.209 F18000
M204 S1000
G1 F3600
G1 X150.082 Y166.561 E.05881
M204 S2000
G1 X149.548 Y166.561 F18000
M204 S1000
G1 F3600
G1 X150.9 Y165.209 E.05881
M204 S2000
G1 X150.366 Y165.209 F18000
M204 S1000
G1 F3600
G1 X149.014 Y166.561 E.05881
M204 S2000
G1 X148.48 Y166.561 F18000
M204 S1000
G1 F3600
G1 X149.832 Y165.209 E.05881
M204 S2000
G1 X149.298 Y165.209 F18000
M204 S1000
G1 F3600
G1 X147.946 Y166.561 E.05881
M204 S2000
G1 X147.412 Y166.561 F18000
M204 S1000
G1 F3600
G1 X148.764 Y165.209 E.05881
M204 S2000
G1 X148.23 Y165.209 F18000
M204 S1000
G1 F3600
G1 X146.879 Y166.561 E.05881
M204 S2000
G1 X146.345 Y166.561 F18000
M204 S1000
G1 F3600
G1 X147.696 Y165.209 E.05881
M204 S2000
G1 X147.162 Y165.209 F18000
M204 S1000
G1 F3600
G1 X145.811 Y166.561 E.05881
M204 S2000
G1 X145.277 Y166.561 F18000
M204 S1000
G1 F3600
G1 X146.629 Y165.209 E.05881
M204 S2000
G1 X146.095 Y165.209 F18000
M204 S1000
G1 F3600
G1 X144.743 Y166.561 E.05881
M204 S2000
G1 X144.209 Y166.561 F18000
M204 S1000
G1 F3600
G1 X145.561 Y165.209 E.05881
M204 S2000
G1 X145.027 Y165.209 F18000
M204 S1000
G1 F3600
G1 X143.675 Y166.561 E.05881
M204 S2000
G1 X143.141 Y166.561 F18000
M204 S1000
G1 F3600
G1 X144.493 Y165.209 E.05881
M204 S2000
G1 X143.959 Y165.209 F18000
M204 S1000
G1 F3600
G1 X142.607 Y166.561 E.05881
M204 S2000
G1 X142.073 Y166.561 F18000
M204 S1000
G1 F3600
G1 X143.425 Y165.209 E.05881
M204 S2000
G1 X142.891 Y165.209 F18000
M204 S1000
G1 F3600
G1 X141.539 Y166.561 E.05881
M204 S2000
G1 X141.005 Y166.561 F18000
M204 S1000
G1 F3600
G1 X142.357 Y165.209 E.05881
M204 S2000
G1 X141.823 Y165.209 F18000
M204 S1000
G1 F3600
G1 X140.471 Y166.561 E.05881
M204 S2000
G1 X139.937 Y166.561 F18000
M204 S1000
G1 F3600
G1 X141.289 Y165.209 E.05881
M204 S2000
G1 X140.755 Y165.209 F18000
M204 S1000
G1 F3600
G1 X139.404 Y166.561 E.05881
M204 S2000
G1 X138.87 Y166.561 F18000
M204 S1000
G1 F3600
G1 X140.221 Y165.209 E.05881
M204 S2000
G1 X139.687 Y165.209 F18000
M204 S1000
G1 F3600
G1 X138.336 Y166.561 E.05881
M204 S2000
G1 X137.802 Y166.561 F18000
M204 S1000
G1 F3600
G1 X139.154 Y165.209 E.05881
M204 S2000
G1 X138.62 Y165.209 F18000
M204 S1000
G1 F3600
G1 X137.268 Y166.561 E.05881
M204 S2000
G1 X136.734 Y166.561 F18000
M204 S1000
G1 F3600
G1 X138.086 Y165.209 E.05881
M204 S2000
G1 X137.552 Y165.209 F18000
M204 S1000
G1 F3600
G1 X136.2 Y166.561 E.05881
M204 S2000
G1 X135.666 Y166.561 F18000
M204 S1000
G1 F3600
G1 X137.018 Y165.209 E.05881
M204 S2000
G1 X136.484 Y165.209 F18000
M204 S1000
G1 F3600
G1 X135.132 Y166.561 E.05881
M204 S2000
G1 X134.598 Y166.561 F18000
M204 S1000
G1 F3600
G1 X135.95 Y165.209 E.05881
M204 S2000
G1 X135.416 Y165.209 F18000
M204 S1000
G1 F3600
G1 X134.064 Y166.561 E.05881
M204 S2000
G1 X133.53 Y166.561 F18000
M204 S1000
G1 F3600
G1 X134.882 Y165.209 E.05881
M204 S2000
G1 X134.348 Y165.209 F18000
M204 S1000
G1 F3600
G1 X132.996 Y166.561 E.05881
M204 S2000
G1 X132.462 Y166.561 F18000
M204 S1000
G1 F3600
G1 X133.814 Y165.209 E.05881
M204 S2000
G1 X133.28 Y165.209 F18000
M204 S1000
G1 F3600
G1 X131.929 Y166.561 E.05881
M204 S2000
G1 X131.395 Y166.561 F18000
M204 S1000
G1 F3600
G1 X132.746 Y165.209 E.05881
M204 S2000
G1 X132.212 Y165.209 F18000
M204 S1000
G1 F3600
G1 X130.861 Y166.561 E.05881
M204 S2000
G1 X130.327 Y166.561 F18000
M204 S1000
G1 F3600
G1 X131.679 Y165.209 E.05881
M204 S2000
G1 X131.145 Y165.209 F18000
M204 S1000
G1 F3600
G1 X129.793 Y166.561 E.05881
M204 S2000
G1 X129.259 Y166.561 F18000
M204 S1000
G1 F3600
G1 X130.611 Y165.209 E.05881
M204 S2000
G1 X130.077 Y165.209 F18000
M204 S1000
G1 F3600
G1 X128.725 Y166.561 E.05881
M204 S2000
G1 X128.191 Y166.561 F18000
M204 S1000
G1 F3600
G1 X129.543 Y165.209 E.05881
M204 S2000
G1 X129.009 Y165.209 F18000
M204 S1000
G1 F3600
G1 X127.657 Y166.561 E.05881
M204 S2000
G1 X127.123 Y166.561 F18000
M204 S1000
G1 F3600
G1 X128.475 Y165.209 E.05881
M204 S2000
G1 X127.941 Y165.209 F18000
M204 S1000
G1 F3600
G1 X126.589 Y166.561 E.05881
M204 S2000
G1 X126.055 Y166.561 F18000
M204 S1000
G1 F3600
G1 X127.407 Y165.209 E.05881
M204 S2000
G1 X126.873 Y165.209 F18000
M204 S1000
G1 F3600
G1 X125.521 Y166.561 E.05881
M204 S2000
G1 X124.988 Y166.561 F18000
M204 S1000
G1 F3600
G1 X126.339 Y165.209 E.05881
M204 S2000
G1 X125.805 Y165.209 F18000
M204 S1000
G1 F3600
G1 X124.477 Y166.537 E.05779
M204 S2000
G1 X124.014 Y166.466 F18000
M204 S1000
G1 F3600
G1 X125.271 Y165.209 E.0547
M204 S2000
G1 X124.754 Y165.192 F18000
M204 S1000
G1 F3600
G1 X123.588 Y166.358 E.05072
M204 S2000
G1 X123.191 Y166.221 F18000
M204 S1000
G1 F3600
G1 X124.277 Y165.135 E.04725
M204 S2000
G1 X123.863 Y165.015 F18000
M204 S1000
G1 F3600
G1 X122.83 Y166.048 E.04495
M204 S2000
G1 X122.486 Y165.859 F18000
M204 S1000
G1 F3600
G1 X123.488 Y164.856 E.04361
M204 S2000
G1 X123.137 Y164.673 F18000
M204 S1000
G1 F3600
G1 X122.168 Y165.642 E.04216
M204 S2000
G1 X121.87 Y165.406 F18000
M204 S1000
G1 F3600
G1 X122.841 Y164.436 E.04223
M204 S2000
G1 X122.555 Y164.187 F18000
M204 S1000
G1 F3600
G1 X121.59 Y165.153 E.04202
M204 S2000
G1 X121.343 Y164.865 F18000
M204 S1000
G1 F3600
G1 X122.312 Y163.896 E.04216
M204 S2000
G1 X122.091 Y163.584 F18000
M204 S1000
G1 F3600
G1 X121.11 Y164.565 E.04266
M204 S2000
G1 X120.903 Y164.238 F18000
M204 S1000
G1 F3600
G1 X121.909 Y163.232 E.0438
M204 S2000
G1 X121.766 Y162.841 F18000
M204 S1000
G1 F3600
G1 X120.719 Y163.888 E.04558
M204 S2000
G1 X120.556 Y163.517 F18000
M204 S1000
G1 F3600
G1 X121.656 Y162.417 E.04787
M204 S2000
G1 X121.612 Y161.927 F18000
M204 S1000
G1 F3600
G1 X120.427 Y163.112 E.05157
M204 S2000
G1 X120.324 Y162.681 F18000
M204 S1000
G1 F3600
G1 X121.609 Y161.397 E.05588
M204 S2000
G1 X121.609 Y160.863 F18000
M204 S1000
G1 F3600
G1 X120.27 Y162.201 E.05825
M204 S2000
G1 X120.253 Y161.684 F18000
M204 S1000
G1 F3600
G1 X121.609 Y160.329 E.05899
M204 S2000
G1 X121.609 Y159.795 F18000
M204 S1000
G1 F3600
G1 X120.253 Y161.15 E.05899
M204 S2000
G1 X120.253 Y160.617 F18000
M204 S1000
G1 F3600
G1 X121.609 Y159.261 E.05899
M204 S2000
G1 X121.609 Y158.727 F18000
M204 S1000
G1 F3600
G1 X120.253 Y160.083 E.05899
M204 S2000
G1 X120.253 Y159.549 F18000
M204 S1000
G1 F3600
G1 X121.609 Y158.193 E.05899
M204 S2000
G1 X121.609 Y157.659 F18000
M204 S1000
G1 F3600
G1 X120.253 Y159.015 E.05899
M204 S2000
G1 X120.253 Y158.481 F18000
M204 S1000
G1 F3600
G1 X121.609 Y157.125 E.05899
M204 S2000
G1 X121.609 Y156.591 F18000
M204 S1000
G1 F3600
G1 X120.253 Y157.947 E.05899
M204 S2000
G1 X120.253 Y157.413 F18000
M204 S1000
G1 F3600
G1 X121.609 Y156.057 E.05899
M204 S2000
G1 X121.609 Y155.523 F18000
M204 S1000
G1 F3600
G1 X120.253 Y156.879 E.05899
M204 S2000
G1 X120.253 Y156.345 F18000
M204 S1000
G1 F3600
G1 X121.609 Y154.989 E.05899
M204 S2000
G1 X121.609 Y154.455 F18000
M204 S1000
G1 F3600
G1 X120.253 Y155.811 E.05899
M204 S2000
G1 X120.253 Y155.277 F18000
M204 S1000
G1 F3600
G1 X121.609 Y153.922 E.05899
M204 S2000
G1 X121.609 Y153.388 F18000
M204 S1000
G1 F3600
G1 X120.253 Y154.743 E.05899
M204 S2000
G1 X120.253 Y154.209 F18000
M204 S1000
G1 F3600
G1 X121.609 Y152.854 E.05899
M204 S2000
G1 X121.609 Y152.32 F18000
M204 S1000
G1 F3600
G1 X120.253 Y153.676 E.05899
M204 S2000
G1 X120.253 Y153.142 F18000
M204 S1000
G1 F3600
G1 X121.609 Y151.786 E.05899
M204 S2000
G1 X121.609 Y151.252 F18000
M204 S1000
G1 F3600
G1 X120.253 Y152.608 E.05899
M204 S2000
G1 X120.253 Y152.074 F18000
M204 S1000
G1 F3600
G1 X121.609 Y150.718 E.05899
M204 S2000
G1 X121.609 Y150.184 F18000
M204 S1000
G1 F3600
G1 X120.253 Y151.54 E.05899
M204 S2000
G1 X120.253 Y151.006 F18000
M204 S1000
G1 F3600
G1 X121.609 Y149.65 E.05899
M204 S2000
G1 X121.609 Y149.116 F18000
M204 S1000
G1 F3600
G1 X120.253 Y150.472 E.05899
M204 S2000
G1 X120.253 Y149.938 F18000
M204 S1000
G1 F3600
G1 X121.609 Y148.582 E.05899
M204 S2000
G1 X121.609 Y148.048 F18000
M204 S1000
G1 F3600
G1 X120.253 Y149.404 E.05899
M204 S2000
G1 X120.253 Y148.87 F18000
M204 S1000
G1 F3600
G1 X121.609 Y147.514 E.05899
M204 S2000
G1 X121.609 Y146.98 F18000
M204 S1000
G1 F3600
G1 X120.253 Y148.336 E.05899
M204 S2000
G1 X120.253 Y147.802 F18000
M204 S1000
G1 F3600
G1 X121.609 Y146.447 E.05899
M204 S2000
G1 X121.609 Y145.913 F18000
M204 S1000
G1 F3600
G1 X120.253 Y147.268 E.05899
M204 S2000
G1 X120.253 Y146.734 F18000
M204 S1000
G1 F3600
G1 X121.609 Y145.379 E.05899
M204 S2000
G1 X121.609 Y144.845 F18000
M204 S1000
G1 F3600
G1 X120.253 Y146.201 E.05899
M204 S2000
G1 X120.253 Y145.667 F18000
M204 S1000
G1 F3600
G1 X121.609 Y144.311 E.05899
M204 S2000
G1 X121.609 Y143.777 F18000
M204 S1000
G1 F3600
G1 X120.253 Y145.133 E.05899
M204 S2000
G1 X120.253 Y144.599 F18000
M204 S1000
G1 F3600
G1 X121.609 Y143.243 E.05899
M204 S2000
G1 X121.609 Y142.709 F18000
M204 S1000
G1 F3600
G1 X120.253 Y144.065 E.05899
M204 S2000
G1 X120.253 Y143.531 F18000
M204 S1000
G1 F3600
G1 X121.609 Y142.175 E.05899
M204 S2000
G1 X121.609 Y141.641 F18000
M204 S1000
G1 F3600
G1 X120.253 Y142.997 E.05899
M204 S2000
G1 X120.253 Y142.463 F18000
M204 S1000
G1 F3600
G1 X121.609 Y141.107 E.05899
M204 S2000
G1 X121.609 Y140.573 F18000
M204 S1000
G1 F3600
G1 X120.253 Y141.929 E.05899
M204 S2000
G1 X120.253 Y141.395 F18000
M204 S1000
G1 F3600
G1 X121.609 Y140.039 E.05899
M204 S2000
G1 X121.609 Y139.506 F18000
M204 S1000
G1 F3600
G1 X120.253 Y140.861 E.05899
M204 S2000
G1 X120.253 Y140.327 F18000
M204 S1000
G1 F3600
G1 X121.609 Y138.972 E.05899
M204 S2000
G1 X121.609 Y138.438 F18000
M204 S1000
G1 F3600
G1 X120.253 Y139.793 E.05899
M204 S2000
G1 X120.253 Y139.26 F18000
M204 S1000
G1 F3600
G1 X121.609 Y137.904 E.05899
M204 S2000
G1 X121.609 Y137.37 F18000
M204 S1000
G1 F3600
G1 X120.253 Y138.726 E.05899
M204 S2000
G1 X120.253 Y138.192 F18000
M204 S1000
G1 F3600
G1 X121.609 Y136.836 E.05899
M204 S2000
G1 X121.609 Y136.302 F18000
M204 S1000
G1 F3600
G1 X120.253 Y137.658 E.05899
M204 S2000
G1 X120.253 Y137.124 F18000
M204 S1000
G1 F3600
G1 X121.609 Y135.768 E.05899
M204 S2000
G1 X121.609 Y135.234 F18000
M204 S1000
G1 F3600
G1 X120.253 Y136.59 E.05899
M204 S2000
G1 X120.253 Y136.056 F18000
M204 S1000
G1 F3600
G1 X121.609 Y134.7 E.05899
M204 S2000
G1 X121.609 Y134.166 F18000
M204 S1000
G1 F3600
G1 X120.253 Y135.522 E.05899
M204 S2000
G1 X120.253 Y134.988 F18000
M204 S1000
G1 F3600
G1 X121.609 Y133.632 E.05899
M204 S2000
G1 X121.609 Y133.098 F18000
M204 S1000
G1 F3600
G1 X120.253 Y134.454 E.05899
M204 S2000
G1 X120.253 Y133.92 F18000
M204 S1000
G1 F3600
G1 X121.609 Y132.564 E.05899
M204 S2000
G1 X121.609 Y132.031 F18000
M204 S1000
G1 F3600
G1 X120.253 Y133.386 E.05899
M204 S2000
G1 X120.253 Y132.852 F18000
M204 S1000
G1 F3600
G1 X121.645 Y131.461 E.06055
M204 S2000
G1 X121.813 Y130.758 F18000
M204 S1000
G1 F3600
G1 X120.253 Y132.318 E.06787
M204 S2000
G1 X120.259 Y131.779 F18000
M204 S1000
G1 F3600
G1 X124.831 Y127.207 E.19893
M204 S2000
G1 X124.245 Y127.259 F18000
M204 S1000
G1 F3600
G1 X120.31 Y131.194 E.1712
M204 S2000
G1 X120.473 Y130.497 F18000
M204 S1000
G1 F3600
G1 X123.554 Y127.416 E.13404
M204 S2000
G1 X122.902 Y127.774 F18000
;TYPE:Gap infill
;WIDTH:0.0970919
G1 F6000
G1 X122.843 Y127.815 E.00032
;WIDTH:0.126188
G1 X122.719 Y127.911 E.00107
;WIDTH:0.166535
G1 X122.595 Y128.006 E.00158
;WIDTH:0.206883
G1 X122.47 Y128.102 E.0021
;WIDTH:0.24408
G1 X122.291 Y128.258 E.00389
;WIDTH:0.278128
G1 X122.112 Y128.413 E.00454
;WIDTH:0.309378
G1 X121.779 Y128.724 E.0099
G1 X121.46 Y129.067 E.01016
;WIDTH:0.275276
G1 X121.308 Y129.241 E.00437
;WIDTH:0.243324
G1 X121.157 Y129.415 E.00377
;WIDTH:0.205852
G1 X121.062 Y129.54 E.00208
;WIDTH:0.162859
G1 X120.968 Y129.665 E.00153
;WIDTH:0.119866
G1 X120.874 Y129.79 E.00098
;WIDTH:0.0983703
G1 X120.844 Y129.832 E.00024
G1 E-.8 F3600
G1 X123.71 Y128.662 F18000
G1 E.8 F3600
;WIDTH:0.113423
G1 F6000
G1 X123.583 Y128.749 E.00089
G1 E-.8 F3600
G1 X121.801 Y130.531 F18000
G1 E.8 F3600
;WIDTH:0.0976402
G1 F6000
G1 X121.714 Y130.659 E.00069
G1 E-.8 F3600
G1 X166.294 Y165.004 F18000
G1 E.8 F3600
;WIDTH:0.0971452
G1 F6000
G1 X166.161 Y165.096 E.00071
G1 E-.8 F3600
G1 X169.033 Y163.921 F18000
G1 E.8 F3600
;WIDTH:0.0976978
G1 F6000
G1 X168.99 Y163.983 E.00034
;WIDTH:0.127287
G1 X168.896 Y164.105 E.00106
;WIDTH:0.167412
G1 X168.802 Y164.228 E.00156
;WIDTH:0.207536
G1 X168.708 Y164.35 E.00207
;WIDTH:0.245132
G1 X168.557 Y164.525 E.00382
;WIDTH:0.280201
G1 X168.406 Y164.701 E.00448
;WIDTH:0.311732
G1 X168.088 Y165.04 E.01019
G1 X167.758 Y165.349 E.0099
;WIDTH:0.281465
G1 X167.583 Y165.502 E.00452
;WIDTH:0.24917
G1 X167.408 Y165.654 E.00391
;WIDTH:0.211463
G1 X167.282 Y165.749 E.00215
;WIDTH:0.168344
G1 X167.157 Y165.843 E.0016
;WIDTH:0.125225
G1 X167.032 Y165.938 E.00105
;WIDTH:0.103664
G1 X166.976 Y165.978 E.00034
; stop printing object USV 1 e2mm.stl_3 id:0 copy 0
; printing object "USV 1 e2mm.stl_1" id:1 copy 0
G1 E-.8 F3600
G1 X98.314 Y93.716 F18000
G1 E.8 F3600
M204 S1000
;TYPE:Outer wall
;WIDTH:0.42
G1 F3000
G1 X97.871 Y93.504 E.01508
G1 X97.452 Y93.273 E.01471
G1 X97.067 Y92.98 E.01487
G1 X96.694 Y92.64 E.01552
G1 X96.362 Y92.276 E.01512
G1 X96.071 Y91.881 E.01506
G1 X95.829 Y91.461 E.0149
G1 X95.629 Y91.022 E.01484
G1 X95.483 Y90.584 E.01419
G1 X95.373 Y90.131 E.0143
G1 X95.311 Y89.685 E.01385
G1 X95.293 Y89.249 E.01339
G1 X95.293 Y59.26 E.92148
G1 X95.311 Y58.836 E.01305
G1 X95.376 Y58.379 E.01418
G1 X95.483 Y57.936 E.01398
G1 X95.629 Y57.497 E.01422
G1 X95.824 Y57.058 E.01477
G1 X96.071 Y56.639 E.01495
G1 X96.363 Y56.232 E.01539
G1 X96.692 Y55.871 E.01503
G1 X97.066 Y55.541 E.01529
G1 X97.454 Y55.246 E.01499
G1 X97.881 Y54.999 E.01516
G1 X98.311 Y54.804 E.01452
G1 X98.765 Y54.655 E.01466
G1 X99.213 Y54.544 E.0142
G1 X99.652 Y54.487 E.01361
G1 X100.084 Y54.468 E.01326
G1 X140.07 Y54.468 E1.22866
G1 X140.505 Y54.487 E.01338
G1 X140.962 Y54.547 E.01417
G1 X141.402 Y54.658 E.01395
G1 X141.841 Y54.804 E.01422
G1 X142.272 Y54.999 E.01453
G1 X142.7 Y55.246 E.01517
G1 X143.101 Y55.55 E.01547
G1 X143.472 Y55.87 E.01506
G1 X143.791 Y56.232 E.01481
G1 X144.094 Y56.64 E.01562
G1 X144.334 Y57.058 E.01481
G1 X144.537 Y57.499 E.01491
G1 X144.683 Y57.937 E.01419
G1 X144.795 Y58.389 E.0143
G1 X144.853 Y58.835 E.01384
G1 X144.875 Y59.261 E.01309
G1 X144.875 Y89.248 E.92143
G1 X144.853 Y89.685 E.01343
G1 X144.795 Y90.131 E.01384
G1 X144.683 Y90.583 E.0143
G1 X144.537 Y91.02 E.01416
G1 X144.328 Y91.461 E.01499
G1 X144.094 Y91.881 E.01477
G1 X143.799 Y92.268 E.01494
G1 X143.471 Y92.64 E.01526
G1 X143.1 Y92.971 E.01528
G1 X142.701 Y93.273 E.01536
G1 X142.282 Y93.504 E.01472
G1 X141.839 Y93.716 E.01509
G1 X141.393 Y93.865 E.01445
G1 X140.952 Y93.972 E.01395
G1 X140.514 Y94.032 E.01357
G1 X140.07 Y94.051 E.01368
G1 X100.084 Y94.051 E1.22866
G1 X99.653 Y94.033 E.01323
G1 X99.203 Y93.969 E.01398
G1 X98.753 Y93.862 E.0142
G1 X98.333 Y93.723 E.01361
M204 S2000
G1 E-.8 F3600
G1 X97.184 Y57.899 F18000
G1 E.8 F3600
M204 S1000
G1 F3000
G1 X97.096 Y58.07 E.0059
G1 X96.927 Y58.672 E.01922
G1 X96.872 Y59.245 E.01771
G1 X96.872 Y89.263 E.92237
G1 X96.927 Y89.836 E.01768
G1 X97.091 Y90.442 E.01929
G1 X97.39 Y91.019 E.01996
G1 X97.809 Y91.527 E.02023
G1 X98.327 Y91.943 E.02043
G1 X98.9 Y92.24 E.01983
G1 X99.487 Y92.415 E.01881
G1 X100.069 Y92.472 E.01797
G1 X140.084 Y92.472 E1.22956
G1 X140.662 Y92.418 E.01783
G1 X141.269 Y92.24 E.01943
G1 X141.84 Y91.942 E.01978
G1 X142.345 Y91.526 E.02012
G1 X142.767 Y91.019 E.02027
G1 X143.067 Y90.436 E.02016
G1 X143.241 Y89.838 E.01914
G1 X143.293 Y89.263 E.01773
G1 X143.293 Y59.246 E.92233
G1 X143.241 Y58.671 E.01775
G1 X143.065 Y58.076 E.01908
G1 X142.768 Y57.502 E.01986
G1 X142.345 Y56.983 E.02056
G1 X141.839 Y56.573 E.02002
G1 X141.269 Y56.276 E.01976
G1 X140.661 Y56.099 E.01944
G1 X140.083 Y56.047 E.01782
G1 X100.07 Y56.047 E1.22951
G1 X99.495 Y56.099 E.01772
G1 X98.9 Y56.276 E.01908
G1 X98.328 Y56.572 E.01981
G1 X97.808 Y56.982 E.02033
G1 X97.389 Y57.502 E.02052
G1 X97.193 Y57.881 E.01312
M204 S2000
G1 E-.8 F3600
G1 X141.45 Y93.726 F18000
G1 E.8 F3600
M204 S1000
;TYPE:Top surface
;WIDTH:0.42041
G1 X144.548 Y90.629 E.13477
M204 S2000
G1 X144.706 Y89.936 F18000
M204 S1000
G1 F3600
G1 X140.758 Y93.884 E.17175
M204 S2000
G1 X140.175 Y93.934 F18000
M204 S1000
G1 F3600
G1 X144.757 Y89.352 E.1993
M204 S2000
G1 X144.762 Y88.813 F18000
M204 S1000
G1 F3600
G1 X143.204 Y90.371 E.06778
M204 S2000
G1 X143.37 Y89.671 F18000
M204 S1000
G1 F3600
G1 X144.762 Y88.279 E.06056
M204 S2000
G1 X144.762 Y87.745 F18000
M204 S1000
G1 F3600
G1 X143.406 Y89.101 E.05898
M204 S2000
G1 X143.406 Y88.567 F18000
M204 S1000
G1 F3600
G1 X144.762 Y87.212 E.05898
M204 S2000
G1 X144.762 Y86.678 F18000
M204 S1000
G1 F3600
G1 X143.406 Y88.033 E.05898
M204 S2000
G1 X143.406 Y87.5 F18000
M204 S1000
G1 F3600
G1 X144.762 Y86.144 E.05898
M204 S2000
G1 X144.762 Y85.61 F18000
M204 S1000
G1 F3600
G1 X143.406 Y86.966 E.05898
M204 S2000
G1 X143.406 Y86.432 F18000
M204 S1000
G1 F3600
G1 X144.762 Y85.076 E.05898
M204 S2000
G1 X144.762 Y84.542 F18000
M204 S1000
G1 F3600
G1 X143.406 Y85.898 E.05898
M204 S2000
G1 X143.406 Y85.364 F18000
M204 S1000
G1 F3600
G1 X144.762 Y84.008 E.05898
M204 S2000
G1 X144.762 Y83.475 F18000
M204 S1000
G1 F3600
G1 X143.406 Y84.83 E.05898
M204 S2000
G1 X143.406 Y84.297 F18000
M204 S1000
G1 F3600
G1 X144.762 Y82.941 E.05898
M204 S2000
G1 X144.762 Y82.407 F18000
M204 S1000
G1 F3600
G1 X143.406 Y83.763 E.05898
M204 S2000
G1 X143.406 Y83.229 F18000
M204 S1000
G1 F3600
G1 X144.762 Y81.873 E.05898
M204 S2000
G1 X144.762 Y81.339 F18000
M204 S1000
G1 F3600
G1 X143.406 Y82.695 E.05898
M204 S2000
G1 X143.406 Y82.161 F18000
M204 S1000
G1 F3600
G1 X144.762 Y80.805 E.05898
M204 S2000
G1 X144.762 Y80.272 F18000
M204 S1000
G1 F3600
G1 X143.406 Y81.627 E.05898
M204 S2000
G1 X143.406 Y81.093 F18000
M204 S1000
G1 F3600
G1 X144.762 Y79.738 E.05898
M204 S2000
G1 X144.762 Y79.204 F18000
M204 S1000
G1 F3600
G1 X143.406 Y80.56 E.05898
M204 S2000
G1 X143.406 Y80.026 F18000
M204 S1000
G1 F3600
G1 X144.762 Y78.67 E.05898
M204 S2000
G1 X144.762 Y78.136 F18000
M204 S1000
G1 F3600
G1 X143.406 Y79.492 E.05898
M204 S2000
G1 X143.406 Y78.958 F18000
M204 S1000
G1 F3600
G1 X144.762 Y77.602 E.05898
M204 S2000
G1 X144.762 Y77.068 F18000
M204 S1000
G1 F3600
G1 X143.406 Y78.424 E.05898
M204 S2000
G1 X143.406 Y77.89 F18000
M204 S1000
G1 F3600
G1 X144.762 Y76.535 E.05898
M204 S2000
G1 X144.762 Y76.001 F18000
M204 S1000
G1 F3600
G1 X143.406 Y77.356 E.05898
M204 S2000
G1 X143.406 Y76.823 F18000
M204 S1000
G1 F3600
G1 X144.762 Y75.467 E.05898
M204 S2000
G1 X144.762 Y74.933 F18000
M204 S1000
G1 F3600
G1 X143.406 Y76.289 E.05898
M204 S2000
G1 X143.406 Y75.755 F18000
M204 S1000
G1 F3600
G1 X144.762 Y74.399 E.05898
M204 S2000
G1 X144.762 Y73.865 F18000
M204 S1000
G1 F3600
G1 X143.406 Y75.221 E.05898
M204 S2000
G1 X143.406 Y74.687 F18000
M204 S1000
G1 F3600
G1 X144.762 Y73.331 E.05898
M204 S2000
G1 X144.762 Y72.798 F18000
M204 S1000
G1 F3600
G1 X143.406 Y74.153 E.05898
M204 S2000
G1 X143.406 Y73.62 F18000
M204 S1000
G1 F3600
G1 X144.762 Y72.264 E.05898
M204 S2000
G1 X144.762 Y71.73 F18000
M204 S1000
G1 F3600
G1 X143.406 Y73.086 E.05898
M204 S2000
G1 X143.406 Y72.552 F18000
M204 S1000
G1 F3600
G1 X144.762 Y71.196 E.05898
M204 S2000
G1 X144.762 Y70.662 F18000
M204 S1000
G1 F3600
G1 X143.406 Y72.018 E.05898
M204 S2000
G1 X143.406 Y71.484 F18000
M204 S1000
G1 F3600
G1 X144.762 Y70.128 E.05898
M204 S2000
G1 X144.762 Y69.594 F18000
M204 S1000
G1 F3600
G1 X143.406 Y70.95 E.05898
M204 S2000
G1 X143.406 Y70.416 F18000
M204 S1000
G1 F3600
G1 X144.762 Y69.061 E.05898
M204 S2000
G1 X144.762 Y68.527 F18000
M204 S1000
G1 F3600
G1 X143.406 Y69.883 E.05898
M204 S2000
G1 X143.406 Y69.349 F18000
M204 S1000
G1 F3600
G1 X144.762 Y67.993 E.05898
M204 S2000
G1 X144.762 Y67.459 F18000
M204 S1000
G1 F3600
G1 X143.406 Y68.815 E.05898
M204 S2000
G1 X143.406 Y68.281 F18000
M204 S1000
G1 F3600
G1 X144.762 Y66.925 E.05898
M204 S2000
G1 X144.762 Y66.391 F18000
M204 S1000
G1 F3600
G1 X143.406 Y67.747 E.05898
M204 S2000
G1 X143.406 Y67.213 F18000
M204 S1000
G1 F3600
G1 X144.762 Y65.858 E.05898
M204 S2000
G1 X144.762 Y65.324 F18000
M204 S1000
G1 F3600
G1 X143.406 Y66.679 E.05898
M204 S2000
G1 X143.406 Y66.146 F18000
M204 S1000
G1 F3600
G1 X144.762 Y64.79 E.05898
M204 S2000
G1 X144.762 Y64.256 F18000
M204 S1000
G1 F3600
G1 X143.406 Y65.612 E.05898
M204 S2000
G1 X143.406 Y65.078 F18000
M204 S1000
G1 F3600
G1 X144.762 Y63.722 E.05898
M204 S2000
G1 X144.762 Y63.188 F18000
M204 S1000
G1 F3600
G1 X143.406 Y64.544 E.05898
M204 S2000
G1 X143.406 Y64.01 F18000
M204 S1000
G1 F3600
G1 X144.762 Y62.654 E.05898
M204 S2000
G1 X144.762 Y62.121 F18000
M204 S1000
G1 F3600
G1 X143.406 Y63.476 E.05898
M204 S2000
G1 X143.406 Y62.942 F18000
M204 S1000
G1 F3600
G1 X144.762 Y61.587 E.05898
M204 S2000
G1 X144.762 Y61.053 F18000
M204 S1000
G1 F3600
G1 X143.406 Y62.409 E.05898
M204 S2000
G1 X143.406 Y61.875 F18000
M204 S1000
G1 F3600
G1 X144.762 Y60.519 E.05898
M204 S2000
G1 X144.762 Y59.985 F18000
M204 S1000
G1 F3600
G1 X143.406 Y61.341 E.05898
M204 S2000
G1 X143.406 Y60.807 F18000
M204 S1000
G1 F3600
G1 X144.762 Y59.451 E.05898
M204 S2000
G1 X144.745 Y58.935 F18000
M204 S1000
G1 F3600
G1 X143.406 Y60.273 E.05824
M204 S2000
G1 X143.406 Y59.739 F18000
M204 S1000
G1 F3600
G1 X144.69 Y58.456 E.05585
M204 S2000
G1 X144.588 Y58.024 F18000
M204 S1000
G1 F3600
G1 X143.403 Y59.208 E.05153
M204 S2000
G1 X143.359 Y58.719 F18000
M204 S1000
G1 F3600
G1 X144.458 Y57.62 E.04779
M204 S2000
G1 X144.296 Y57.248 F18000
M204 S1000
G1 F3600
G1 X143.248 Y58.296 E.0456
M204 S2000
G1 X143.104 Y57.906 F18000
M204 S1000
G1 F3600
G1 X144.112 Y56.898 E.04383
M204 S2000
G1 X143.904 Y56.573 F18000
M204 S1000
G1 F3600
G1 X142.922 Y57.554 E.04269
M204 S2000
G1 X142.701 Y57.241 F18000
M204 S1000
G1 F3600
G1 X143.673 Y56.269 E.04228
M204 S2000
G1 X143.423 Y55.986 F18000
M204 S1000
G1 F3600
G1 X142.462 Y56.947 E.04182
M204 S2000
G1 X142.175 Y56.7 F18000
M204 S1000
G1 F3600
G1 X143.141 Y55.734 E.04203
M204 S2000
G1 X142.844 Y55.497 F18000
M204 S1000
G1 F3600
G1 X141.876 Y56.465 E.04211
M204 S2000
G1 X141.525 Y56.282 F18000
M204 S1000
G1 F3600
G1 X142.529 Y55.278 E.04367
M204 S2000
G1 X142.188 Y55.085 F18000
M204 S1000
G1 F3600
G1 X141.15 Y56.123 E.04515
M204 S2000
G1 X140.736 Y56.003 F18000
M204 S1000
G1 F3600
G1 X141.82 Y54.919 E.04717
M204 S2000
G1 X141.422 Y54.784 F18000
M204 S1000
G1 F3600
G1 X140.256 Y55.949 E.05071
M204 S2000
G1 X139.737 Y55.934 F18000
M204 S1000
G1 F3600
G1 X140.999 Y54.673 E.05487
M204 S2000
G1 X140.533 Y54.605 F18000
M204 S1000
G1 F3600
G1 X139.203 Y55.934 E.05785
M204 S2000
G1 X138.67 Y55.934 F18000
M204 S1000
G1 F3600
G1 X140.022 Y54.582 E.05885
M204 S2000
G1 X139.488 Y54.582 F18000
M204 S1000
G1 F3600
G1 X138.136 Y55.934 E.05885
M204 S2000
G1 X137.602 Y55.934 F18000
M204 S1000
G1 F3600
G1 X138.955 Y54.582 E.05885
M204 S2000
G1 X138.421 Y54.582 F18000
M204 S1000
G1 F3600
G1 X137.068 Y55.934 E.05885
M204 S2000
G1 X136.534 Y55.934 F18000
M204 S1000
G1 F3600
G1 X137.887 Y54.582 E.05885
M204 S2000
G1 X137.353 Y54.582 F18000
M204 S1000
G1 F3600
G1 X136 Y55.934 E.05885
M204 S2000
G1 X135.466 Y55.934 F18000
M204 S1000
G1 F3600
G1 X136.819 Y54.582 E.05885
M204 S2000
G1 X136.285 Y54.582 F18000
M204 S1000
G1 F3600
G1 X134.933 Y55.934 E.05885
M204 S2000
G1 X134.399 Y55.934 F18000
M204 S1000
G1 F3600
G1 X135.752 Y54.582 E.05885
M204 S2000
G1 X135.218 Y54.582 F18000
M204 S1000
G1 F3600
G1 X133.865 Y55.934 E.05885
M204 S2000
G1 X133.331 Y55.934 F18000
M204 S1000
G1 F3600
G1 X134.684 Y54.582 E.05885
M204 S2000
G1 X134.15 Y54.582 F18000
M204 S1000
G1 F3600
G1 X132.797 Y55.934 E.05885
M204 S2000
G1 X132.263 Y55.934 F18000
M204 S1000
G1 F3600
G1 X133.616 Y54.582 E.05885
M204 S2000
G1 X133.082 Y54.582 F18000
M204 S1000
G1 F3600
G1 X131.73 Y55.934 E.05885
M204 S2000
G1 X131.196 Y55.934 F18000
M204 S1000
G1 F3600
G1 X132.548 Y54.582 E.05885
M204 S2000
G1 X132.015 Y54.582 F18000
M204 S1000
G1 F3600
G1 X130.662 Y55.934 E.05885
M204 S2000
G1 X130.128 Y55.934 F18000
M204 S1000
G1 F3600
G1 X131.481 Y54.582 E.05885
M204 S2000
G1 X130.947 Y54.582 F18000
M204 S1000
G1 F3600
G1 X129.594 Y55.934 E.05885
M204 S2000
G1 X129.06 Y55.934 F18000
M204 S1000
G1 F3600
G1 X130.413 Y54.582 E.05885
M204 S2000
G1 X129.879 Y54.582 F18000
M204 S1000
G1 F3600
G1 X128.526 Y55.934 E.05885
M204 S2000
G1 X127.993 Y55.934 F18000
M204 S1000
G1 F3600
G1 X129.345 Y54.582 E.05885
M204 S2000
G1 X128.811 Y54.582 F18000
M204 S1000
G1 F3600
G1 X127.459 Y55.934 E.05885
M204 S2000
G1 X126.925 Y55.934 F18000
M204 S1000
G1 F3600
G1 X128.278 Y54.582 E.05885
M204 S2000
G1 X127.744 Y54.582 F18000
M204 S1000
G1 F3600
G1 X126.391 Y55.934 E.05885
M204 S2000
G1 X125.857 Y55.934 F18000
M204 S1000
G1 F3600
G1 X127.21 Y54.582 E.05885
M204 S2000
G1 X126.676 Y54.582 F18000
M204 S1000
G1 F3600
G1 X125.323 Y55.934 E.05885
M204 S2000
G1 X124.789 Y55.934 F18000
M204 S1000
G1 F3600
G1 X126.142 Y54.582 E.05885
M204 S2000
G1 X125.608 Y54.582 F18000
M204 S1000
G1 F3600
G1 X124.256 Y55.934 E.05885
M204 S2000
G1 X123.722 Y55.934 F18000
M204 S1000
G1 F3600
G1 X125.074 Y54.582 E.05885
M204 S2000
G1 X124.541 Y54.582 F18000
M204 S1000
G1 F3600
G1 X123.188 Y55.934 E.05885
M204 S2000
G1 X122.654 Y55.934 F18000
M204 S1000
G1 F3600
G1 X124.007 Y54.582 E.05885
M204 S2000
G1 X123.473 Y54.582 F18000
M204 S1000
G1 F3600
G1 X122.12 Y55.934 E.05885
M204 S2000
G1 X121.586 Y55.934 F18000
M204 S1000
G1 F3600
G1 X122.939 Y54.582 E.05885
M204 S2000
G1 X122.405 Y54.582 F18000
M204 S1000
G1 F3600
G1 X121.052 Y55.934 E.05885
M204 S2000
G1 X120.519 Y55.934 F18000
M204 S1000
G1 F3600
G1 X121.871 Y54.582 E.05885
M204 S2000
G1 X121.338 Y54.582 F18000
M204 S1000
G1 F3600
G1 X119.985 Y55.934 E.05885
M204 S2000
G1 X119.451 Y55.934 F18000
M204 S1000
G1 F3600
G1 X120.804 Y54.582 E.05885
M204 S2000
G1 X120.27 Y54.582 F18000
M204 S1000
G1 F3600
G1 X118.917 Y55.934 E.05885
M204 S2000
G1 X118.383 Y55.934 F18000
M204 S1000
G1 F3600
G1 X119.736 Y54.582 E.05885
M204 S2000
G1 X119.202 Y54.582 F18000
M204 S1000
G1 F3600
G1 X117.849 Y55.934 E.05885
M204 S2000
G1 X117.316 Y55.934 F18000
M204 S1000
G1 F3600
G1 X118.668 Y54.582 E.05885
M204 S2000
G1 X118.134 Y54.582 F18000
M204 S1000
G1 F3600
G1 X116.782 Y55.934 E.05885
M204 S2000
G1 X116.248 Y55.934 F18000
M204 S1000
G1 F3600
G1 X117.601 Y54.582 E.05885
M204 S2000
G1 X117.067 Y54.582 F18000
M204 S1000
G1 F3600
G1 X115.714 Y55.934 E.05885
M204 S2000
G1 X115.18 Y55.934 F18000
M204 S1000
G1 F3600
G1 X116.533 Y54.582 E.05885
M204 S2000
G1 X115.999 Y54.582 F18000
M204 S1000
G1 F3600
G1 X114.646 Y55.934 E.05885
M204 S2000
G1 X114.112 Y55.934 F18000
M204 S1000
G1 F3600
G1 X115.465 Y54.582 E.05885
M204 S2000
G1 X114.931 Y54.582 F18000
M204 S1000
G1 F3600
G1 X113.579 Y55.934 E.05885
M204 S2000
G1 X113.045 Y55.934 F18000
M204 S1000
G1 F3600
G1 X114.397 Y54.582 E.05885
M204 S2000
G1 X113.864 Y54.582 F18000
M204 S1000
G1 F3600
G1 X112.511 Y55.934 E.05885
M204 S2000
G1 X111.977 Y55.934 F18000
M204 S1000
G1 F3600
G1 X113.33 Y54.582 E.05885
M204 S2000
G1 X112.796 Y54.582 F18000
M204 S1000
G1 F3600
G1 X111.443 Y55.934 E.05885
M204 S2000
G1 X110.909 Y55.934 F18000
M204 S1000
G1 F3600
G1 X112.262 Y54.582 E.05885
M204 S2000
G1 X111.728 Y54.582 F18000
M204 S1000
G1 F3600
G1 X110.375 Y55.934 E.05885
M204 S2000
G1 X109.842 Y55.934 F18000
M204 S1000
G1 F3600
G1 X111.194 Y54.582 E.05885
M204 S2000
G1 X110.661 Y54.582 F18000
M204 S1000
G1 F3600
G1 X109.308 Y55.934 E.05885
M204 S2000
G1 X108.774 Y55.934 F18000
M204 S1000
G1 F3600
G1 X110.127 Y54.582 E.05885
M204 S2000
G1 X109.593 Y54.582 F18000
M204 S1000
G1 F3600
G1 X108.24 Y55.934 E.05885
M204 S2000
G1 X107.706 Y55.934 F18000
M204 S1000
G1 F3600
G1 X109.059 Y54.582 E.05885
M204 S2000
G1 X108.525 Y54.582 F18000
M204 S1000
G1 F3600
G1 X107.172 Y55.934 E.05885
M204 S2000
G1 X106.638 Y55.934 F18000
M204 S1000
G1 F3600
G1 X107.991 Y54.582 E.05885
M204 S2000
G1 X107.457 Y54.582 F18000
M204 S1000
G1 F3600
G1 X106.105 Y55.934 E.05885
M204 S2000
G1 X105.571 Y55.934 F18000
M204 S1000
G1 F3600
G1 X106.924 Y54.582 E.05885
M204 S2000
G1 X106.39 Y54.582 F18000
M204 S1000
G1 F3600
G1 X105.037 Y55.934 E.05885
M204 S2000
G1 X104.503 Y55.934 F18000
M204 S1000
G1 F3600
G1 X105.856 Y54.582 E.05885
M204 S2000
G1 X105.322 Y54.582 F18000
M204 S1000
G1 F3600
G1 X103.969 Y55.934 E.05885
M204 S2000
G1 X103.435 Y55.934 F18000
M204 S1000
G1 F3600
G1 X104.788 Y54.582 E.05885
M204 S2000
G1 X104.254 Y54.582 F18000
M204 S1000
G1 F3600
G1 X102.902 Y55.934 E.05885
M204 S2000
G1 X102.368 Y55.934 F18000
M204 S1000
G1 F3600
G1 X103.72 Y54.582 E.05885
M204 S2000
G1 X103.187 Y54.582 F18000
M204 S1000
G1 F3600
G1 X101.834 Y55.934 E.05885
M204 S2000
G1 X101.3 Y55.934 F18000
M204 S1000
G1 F3600
G1 X102.653 Y54.582 E.05885
M204 S2000
G1 X102.119 Y54.582 F18000
M204 S1000
G1 F3600
G1 X100.766 Y55.934 E.05885
M204 S2000
G1 X100.232 Y55.934 F18000
M204 S1000
G1 F3600
G1 X101.585 Y54.582 E.05885
M204 S2000
G1 X101.051 Y54.582 F18000
M204 S1000
G1 F3600
G1 X99.662 Y55.971 E.06042
M204 S2000
G1 X98.958 Y56.141 F18000
M204 S1000
G1 F3600
G1 X100.517 Y54.582 E.06782
M204 S2000
G1 E-.8
G1 X139.637 Y93.938 F18000
G1 E.8 F3600
M204 S1000
G1 X141.196 Y92.379 E.06781
M204 S2000
G1 X140.494 Y92.547 F18000
M204 S1000
G1 F3600
G1 X139.103 Y93.938 E.06052
M204 S2000
G1 X138.569 Y93.938 F18000
M204 S1000
G1 F3600
G1 X139.922 Y92.586 E.05885
M204 S2000
G1 X139.388 Y92.586 F18000
M204 S1000
G1 F3600
G1 X138.035 Y93.938 E.05885
M204 S2000
G1 X137.501 Y93.938 F18000
M204 S1000
G1 F3600
G1 X138.854 Y92.586 E.05885
M204 S2000
G1 X138.32 Y92.586 F18000
M204 S1000
G1 F3600
G1 X136.967 Y93.938 E.05885
M204 S2000
G1 X136.434 Y93.938 F18000
M204 S1000
G1 F3600
G1 X137.786 Y92.586 E.05885
M204 S2000
G1 X137.253 Y92.586 F18000
M204 S1000
G1 F3600
G1 X135.9 Y93.938 E.05885
M204 S2000
G1 X135.366 Y93.938 F18000
M204 S1000
G1 F3600
G1 X136.719 Y92.586 E.05885
M204 S2000
G1 X136.185 Y92.586 F18000
M204 S1000
G1 F3600
G1 X134.832 Y93.938 E.05885
M204 S2000
G1 X134.298 Y93.938 F18000
M204 S1000
G1 F3600
G1 X135.651 Y92.586 E.05885
M204 S2000
G1 X135.117 Y92.586 F18000
M204 S1000
G1 F3600
G1 X133.764 Y93.938 E.05885
M204 S2000
G1 X133.231 Y93.938 F18000
M204 S1000
G1 F3600
G1 X134.583 Y92.586 E.05885
M204 S2000
G1 X134.049 Y92.586 F18000
M204 S1000
G1 F3600
G1 X132.697 Y93.938 E.05885
M204 S2000
G1 X132.163 Y93.938 F18000
M204 S1000
G1 F3600
G1 X133.516 Y92.586 E.05885
M204 S2000
G1 X132.982 Y92.586 F18000
M204 S1000
G1 F3600
G1 X131.629 Y93.938 E.05885
M204 S2000
G1 X131.095 Y93.938 F18000
M204 S1000
G1 F3600
G1 X132.448 Y92.586 E.05885
M204 S2000
G1 X131.914 Y92.586 F18000
M204 S1000
G1 F3600
G1 X130.561 Y93.938 E.05885
M204 S2000
G1 X130.027 Y93.938 F18000
M204 S1000
G1 F3600
G1 X131.38 Y92.586 E.05885
M204 S2000
G1 X130.846 Y92.586 F18000
M204 S1000
G1 F3600
G1 X129.494 Y93.938 E.05885
M204 S2000
G1 X128.96 Y93.938 F18000
M204 S1000
G1 F3600
G1 X130.312 Y92.586 E.05885
M204 S2000
G1 X129.779 Y92.586 F18000
M204 S1000
G1 F3600
G1 X128.426 Y93.938 E.05885
M204 S2000
G1 X127.892 Y93.938 F18000
M204 S1000
G1 F3600
G1 X129.245 Y92.586 E.05885
M204 S2000
G1 X128.711 Y92.586 F18000
M204 S1000
G1 F3600
G1 X127.358 Y93.938 E.05885
M204 S2000
G1 X126.824 Y93.938 F18000
M204 S1000
G1 F3600
G1 X128.177 Y92.586 E.05885
M204 S2000
G1 X127.643 Y92.586 F18000
M204 S1000
G1 F3600
G1 X126.29 Y93.938 E.05885
M204 S2000
G1 X125.757 Y93.938 F18000
M204 S1000
G1 F3600
G1 X127.109 Y92.586 E.05885
M204 S2000
G1 X126.575 Y92.586 F18000
M204 S1000
G1 F3600
G1 X125.223 Y93.938 E.05885
M204 S2000
G1 X124.689 Y93.938 F18000
M204 S1000
G1 F3600
G1 X126.042 Y92.586 E.05885
M204 S2000
G1 X125.508 Y92.586 F18000
M204 S1000
G1 F3600
G1 X124.155 Y93.938 E.05885
M204 S2000
G1 X123.621 Y93.938 F18000
M204 S1000
G1 F3600
G1 X124.974 Y92.586 E.05885
M204 S2000
G1 X124.44 Y92.586 F18000
M204 S1000
G1 F3600
G1 X123.087 Y93.938 E.05885
M204 S2000
G1 X122.553 Y93.938 F18000
M204 S1000
G1 F3600
G1 X123.906 Y92.586 E.05885
M204 S2000
G1 X123.372 Y92.586 F18000
M204 S1000
G1 F3600
G1 X122.02 Y93.938 E.05885
M204 S2000
G1 X121.486 Y93.938 F18000
M204 S1000
G1 F3600
G1 X122.839 Y92.586 E.05885
M204 S2000
G1 X122.305 Y92.586 F18000
M204 S1000
G1 F3600
G1 X120.952 Y93.938 E.05885
M204 S2000
G1 X120.418 Y93.938 F18000
M204 S1000
G1 F3600
G1 X121.771 Y92.586 E.05885
M204 S2000
G1 X121.237 Y92.586 F18000
M204 S1000
G1 F3600
G1 X119.884 Y93.938 E.05885
M204 S2000
G1 X119.35 Y93.938 F18000
M204 S1000
G1 F3600
G1 X120.703 Y92.586 E.05885
M204 S2000
G1 X120.169 Y92.586 F18000
M204 S1000
G1 F3600
G1 X118.817 Y93.938 E.05885
M204 S2000
G1 X118.283 Y93.938 F18000
M204 S1000
G1 F3600
G1 X119.635 Y92.586 E.05885
M204 S2000
G1 X119.102 Y92.586 F18000
M204 S1000
G1 F3600
G1 X117.749 Y93.938 E.05885
M204 S2000
G1 X117.215 Y93.938 F18000
M204 S1000
G1 F3600
G1 X118.568 Y92.586 E.05885
M204 S2000
G1 X118.034 Y92.586 F18000
M204 S1000
G1 F3600
G1 X116.681 Y93.938 E.05885
M204 S2000
G1 X116.147 Y93.938 F18000
M204 S1000
G1 F3600
G1 X117.5 Y92.586 E.05885
M204 S2000
G1 X116.966 Y92.586 F18000
M204 S1000
G1 F3600
G1 X115.613 Y93.938 E.05885
M204 S2000
G1 X115.08 Y93.938 F18000
M204 S1000
G1 F3600
G1 X116.432 Y92.586 E.05885
M204 S2000
G1 X115.898 Y92.586 F18000
M204 S1000
G1 F3600
G1 X114.546 Y93.938 E.05885
M204 S2000
G1 X114.012 Y93.938 F18000
M204 S1000
G1 F3600
G1 X115.365 Y92.586 E.05885
M204 S2000
G1 X114.831 Y92.586 F18000
M204 S1000
G1 F3600
G1 X113.478 Y93.938 E.05885
M204 S2000
G1 X112.944 Y93.938 F18000
M204 S1000
G1 F3600
G1 X114.297 Y92.586 E.05885
M204 S2000
G1 X113.763 Y92.586 F18000
M204 S1000
G1 F3600
G1 X112.41 Y93.938 E.05885
M204 S2000
G1 X111.876 Y93.938 F18000
M204 S1000
G1 F3600
G1 X113.229 Y92.586 E.05885
M204 S2000
G1 X112.695 Y92.586 F18000
M204 S1000
G1 F3600
G1 X111.343 Y93.938 E.05885
M204 S2000
G1 X110.809 Y93.938 F18000
M204 S1000
G1 F3600
G1 X112.162 Y92.586 E.05885
M204 S2000
G1 X111.628 Y92.586 F18000
M204 S1000
G1 F3600
G1 X110.275 Y93.938 E.05885
M204 S2000
G1 X109.741 Y93.938 F18000
M204 S1000
G1 F3600
G1 X111.094 Y92.586 E.05885
M204 S2000
G1 X110.56 Y92.586 F18000
M204 S1000
G1 F3600
G1 X109.207 Y93.938 E.05885
M204 S2000
G1 X108.673 Y93.938 F18000
M204 S1000
G1 F3600
G1 X110.026 Y92.586 E.05885
M204 S2000
G1 X109.492 Y92.586 F18000
M204 S1000
G1 F3600
G1 X108.139 Y93.938 E.05885
M204 S2000
G1 X107.606 Y93.938 F18000
M204 S1000
G1 F3600
G1 X108.958 Y92.586 E.05885
M204 S2000
G1 X108.425 Y92.586 F18000
M204 S1000
G1 F3600
G1 X107.072 Y93.938 E.05885
M204 S2000
G1 X106.538 Y93.938 F18000
M204 S1000
G1 F3600
G1 X107.891 Y92.586 E.05885
M204 S2000
G1 X107.357 Y92.586 F18000
M204 S1000
G1 F3600
G1 X106.004 Y93.938 E.05885
M204 S2000
G1 X105.47 Y93.938 F18000
M204 S1000
G1 F3600
G1 X106.823 Y92.586 E.05885
M204 S2000
G1 X106.289 Y92.586 F18000
M204 S1000
G1 F3600
G1 X104.936 Y93.938 E.05885
M204 S2000
G1 X104.403 Y93.938 F18000
M204 S1000
G1 F3600
G1 X105.755 Y92.586 E.05885
M204 S2000
G1 X105.221 Y92.586 F18000
M204 S1000
G1 F3600
G1 X103.869 Y93.938 E.05885
M204 S2000
G1 X103.335 Y93.938 F18000
M204 S1000
G1 F3600
G1 X104.688 Y92.586 E.05885
M204 S2000
G1 X104.154 Y92.586 F18000
M204 S1000
G1 F3600
G1 X102.801 Y93.938 E.05885
M204 S2000
G1 X102.267 Y93.938 F18000
M204 S1000
G1 F3600
G1 X103.62 Y92.586 E.05885
M204 S2000
G1 X103.086 Y92.586 F18000
M204 S1000
G1 F3600
G1 X101.733 Y93.938 E.05885
M204 S2000
G1 X101.199 Y93.938 F18000
M204 S1000
G1 F3600
G1 X102.552 Y92.586 E.05885
M204 S2000
G1 X102.018 Y92.586 F18000
M204 S1000
G1 F3600
G1 X100.666 Y93.938 E.05885
M204 S2000
G1 X100.132 Y93.938 F18000
M204 S1000
G1 F3600
G1 X101.484 Y92.586 E.05885
M204 S2000
G1 X100.951 Y92.586 F18000
M204 S1000
G1 F3600
G1 X99.622 Y93.915 E.05781
M204 S2000
G1 X99.16 Y93.842 F18000
M204 S1000
G1 F3600
G1 X100.417 Y92.586 E.05467
M204 S2000
G1 X99.899 Y92.569 F18000
M204 S1000
G1 F3600
G1 X98.733 Y93.736 E.05073
M204 S2000
G1 X98.334 Y93.601 F18000
M204 S1000
G1 F3600
G1 X99.421 Y92.514 E.04728
M204 S2000
G1 X99.01 Y92.391 F18000
M204 S1000
G1 F3600
G1 X97.973 Y93.427 E.04509
M204 S2000
G1 X97.627 Y93.24 F18000
M204 S1000
G1 F3600
G1 X98.636 Y92.231 E.04391
M204 S2000
G1 X98.284 Y92.049 F18000
M204 S1000
G1 F3600
G1 X97.31 Y93.023 E.04237
M204 S2000
G1 X97.018 Y92.782 F18000
M204 S1000
G1 F3600
G1 X97.985 Y91.814 E.0421
M204 S2000
G1 X97.697 Y91.569 F18000
M204 S1000
G1 F3600
G1 X96.741 Y92.524 E.04157
M204 S2000
G1 X96.486 Y92.245 F18000
M204 S1000
G1 F3600
G1 X97.455 Y91.276 E.04216
M204 S2000
G1 X97.234 Y90.964 F18000
M204 S1000
G1 F3600
G1 X96.256 Y91.942 E.04255
M204 S2000
G1 X96.048 Y91.615 F18000
M204 S1000
G1 F3600
G1 X97.052 Y90.612 E.04365
M204 S2000
G1 X96.913 Y90.217 F18000
M204 S1000
G1 F3600
G1 X95.864 Y91.266 E.04562
M204 S2000
G1 X95.705 Y90.891 F18000
M204 S1000
G1 F3600
G1 X96.808 Y89.788 E.04802
M204 S2000
G1 X96.762 Y89.3 F18000
M204 S1000
G1 F3600
G1 X95.576 Y90.487 E.05161
M204 S2000
G1 X95.476 Y90.052 F18000
M204 S1000
G1 F3600
G1 X96.759 Y88.769 E.05581
M204 S2000
G1 X96.759 Y88.236 F18000
M204 S1000
G1 F3600
G1 X95.42 Y89.575 E.05825
M204 S2000
G1 X95.406 Y89.055 F18000
M204 S1000
G1 F3600
G1 X96.759 Y87.702 E.05885
M204 S2000
G1 X96.759 Y87.168 F18000
M204 S1000
G1 F3600
G1 X95.406 Y88.521 E.05885
M204 S2000
G1 X95.406 Y87.987 F18000
M204 S1000
G1 F3600
G1 X96.759 Y86.634 E.05885
M204 S2000
G1 X96.759 Y86.1 F18000
M204 S1000
G1 F3600
G1 X95.406 Y87.453 E.05885
M204 S2000
G1 X95.406 Y86.919 F18000
M204 S1000
G1 F3600
G1 X96.759 Y85.566 E.05885
M204 S2000
G1 X96.759 Y85.033 F18000
M204 S1000
G1 F3600
G1 X95.406 Y86.385 E.05885
M204 S2000
G1 X95.406 Y85.851 F18000
M204 S1000
G1 F3600
G1 X96.759 Y84.499 E.05885
M204 S2000
G1 X96.759 Y83.965 F18000
M204 S1000
G1 F3600
G1 X95.406 Y85.318 E.05885
M204 S2000
G1 X95.406 Y84.784 F18000
M204 S1000
G1 F3600
G1 X96.759 Y83.431 E.05885
M204 S2000
G1 X96.759 Y82.897 F18000
M204 S1000
G1 F3600
G1 X95.406 Y84.25 E.05885
M204 S2000
G1 X95.406 Y83.716 F18000
M204 S1000
G1 F3600
G1 X96.759 Y82.363 E.05885
M204 S2000
G1 X96.759 Y81.829 F18000
M204 S1000
G1 F3600
G1 X95.406 Y83.182 E.05885
M204 S2000
G1 X95.406 Y82.648 F18000
M204 S1000
G1 F3600
G1 X96.759 Y81.296 E.05885
M204 S2000
G1 X96.759 Y80.762 F18000
M204 S1000
G1 F3600
G1 X95.406 Y82.114 E.05885
M204 S2000
G1 X95.406 Y81.581 F18000
M204 S1000
G1 F3600
G1 X96.759 Y80.228 E.05885
M204 S2000
G1 X96.759 Y79.694 F18000
M204 S1000
G1 F3600
G1 X95.406 Y81.047 E.05885
M204 S2000
G1 X95.406 Y80.513 F18000
M204 S1000
G1 F3600
G1 X96.759 Y79.16 E.05885
M204 S2000
G1 X96.759 Y78.626 F18000
M204 S1000
G1 F3600
G1 X95.406 Y79.979 E.05885
M204 S2000
G1 X95.406 Y79.445 F18000
M204 S1000
G1 F3600
G1 X96.759 Y78.092 E.05885
M204 S2000
G1 X96.759 Y77.559 F18000
M204 S1000
G1 F3600
G1 X95.406 Y78.911 E.05885
M204 S2000
G1 X95.406 Y78.378 F18000
M204 S1000
G1 F3600
G1 X96.759 Y77.025 E.05885
M204 S2000
G1 X96.759 Y76.491 F18000
M204 S1000
G1 F3600
G1 X95.406 Y77.844 E.05885
M204 S2000
G1 X95.406 Y77.31 F18000
M204 S1000
G1 F3600
G1 X96.759 Y75.957 E.05885
M204 S2000
G1 X96.759 Y75.423 F18000
M204 S1000
G1 F3600
G1 X95.406 Y76.776 E.05885
M204 S2000
G1 X95.406 Y76.242 F18000
M204 S1000
G1 F3600
G1 X96.759 Y74.889 E.05885
M204 S2000
G1 X96.759 Y74.355 F18000
M204 S1000
G1 F3600
G1 X95.406 Y75.708 E.05885
M204 S2000
G1 X95.406 Y75.174 F18000
M204 S1000
G1 F3600
G1 X96.759 Y73.822 E.05885
M204 S2000
G1 X96.759 Y73.288 F18000
M204 S1000
G1 F3600
G1 X95.406 Y74.641 E.05885
M204 S2000
G1 X95.406 Y74.107 F18000
M204 S1000
G1 F3600
G1 X96.759 Y72.754 E.05885
M204 S2000
G1 X96.759 Y72.22 F18000
M204 S1000
G1 F3600
G1 X95.406 Y73.573 E.05885
M204 S2000
G1 X95.406 Y73.039 F18000
M204 S1000
G1 F3600
G1 X96.759 Y71.686 E.05885
M204 S2000
G1 X96.759 Y71.152 F18000
M204 S1000
G1 F3600
G1 X95.406 Y72.505 E.05885
M204 S2000
G1 X95.406 Y71.971 F18000
M204 S1000
G1 F3600
G1 X96.759 Y70.619 E.05885
M204 S2000
G1 X96.759 Y70.085 F18000
M204 S1000
G1 F3600
G1 X95.406 Y71.437 E.05885
M204 S2000
G1 X95.406 Y70.904 F18000
M204 S1000
G1 F3600
G1 X96.759 Y69.551 E.05885
M204 S2000
G1 X96.759 Y69.017 F18000
M204 S1000
G1 F3600
G1 X95.406 Y70.37 E.05885
M204 S2000
G1 X95.406 Y69.836 F18000
M204 S1000
G1 F3600
G1 X96.759 Y68.483 E.05885
M204 S2000
G1 X96.759 Y67.949 F18000
M204 S1000
G1 F3600
G1 X95.406 Y69.302 E.05885
M204 S2000
G1 X95.406 Y68.768 F18000
M204 S1000
G1 F3600
G1 X96.759 Y67.415 E.05885
M204 S2000
G1 X96.759 Y66.882 F18000
M204 S1000
G1 F3600
G1 X95.406 Y68.234 E.05885
M204 S2000
G1 X95.406 Y67.701 F18000
M204 S1000
G1 F3600
G1 X96.759 Y66.348 E.05885
M204 S2000
G1 X96.759 Y65.814 F18000
M204 S1000
G1 F3600
G1 X95.406 Y67.167 E.05885
M204 S2000
G1 X95.406 Y66.633 F18000
M204 S1000
G1 F3600
G1 X96.759 Y65.28 E.05885
M204 S2000
G1 X96.759 Y64.746 F18000
M204 S1000
G1 F3600
G1 X95.406 Y66.099 E.05885
M204 S2000
G1 X95.406 Y65.565 F18000
M204 S1000
G1 F3600
G1 X96.759 Y64.212 E.05885
M204 S2000
G1 X96.759 Y63.678 F18000
M204 S1000
G1 F3600
G1 X95.406 Y65.031 E.05885
M204 S2000
G1 X95.406 Y64.497 F18000
M204 S1000
G1 F3600
G1 X96.759 Y63.145 E.05885
M204 S2000
G1 X96.759 Y62.611 F18000
M204 S1000
G1 F3600
G1 X95.406 Y63.964 E.05885
M204 S2000
G1 X95.406 Y63.43 F18000
M204 S1000
G1 F3600
G1 X96.759 Y62.077 E.05885
M204 S2000
G1 X96.759 Y61.543 F18000
M204 S1000
G1 F3600
G1 X95.406 Y62.896 E.05885
M204 S2000
G1 X95.406 Y62.362 F18000
M204 S1000
G1 F3600
G1 X96.759 Y61.009 E.05885
M204 S2000
G1 X96.759 Y60.475 F18000
M204 S1000
G1 F3600
G1 X95.406 Y61.828 E.05885
M204 S2000
G1 X95.406 Y61.294 F18000
M204 S1000
G1 F3600
G1 X96.759 Y59.942 E.05885
M204 S2000
G1 X96.759 Y59.408 F18000
M204 S1000
G1 F3600
G1 X95.406 Y60.76 E.05885
M204 S2000
G1 X95.406 Y60.227 F18000
M204 S1000
G1 F3600
G1 X96.798 Y58.835 E.06053
M204 S2000
G1 X96.958 Y58.141 F18000
M204 S1000
G1 F3600
G1 X95.406 Y59.693 E.06751
M204 S2000
G1 X95.411 Y59.154 F18000
M204 S1000
G1 F3600
G1 X99.979 Y54.586 E.19872
M204 S2000
G1 X99.397 Y54.634 F18000
M204 S1000
G1 F3600
G1 X95.463 Y58.568 E.17113
M204 S2000
G1 X95.623 Y57.875 F18000
M204 S1000
G1 F3600
G1 X98.703 Y54.795 E.134
M204 S2000
G1 E-.8
G1 X97.769 Y55.194 F18000
G1 E.8 F3600
M204 S1000
G1 X96.027 Y56.937 E.07579
M204 S2000
G1 X96.122 Y57.032 F18000
;TYPE:Gap infill
;WIDTH:0.125476
G1 F6000
G1 X96.022 Y57.16 E.00109
;WIDTH:0.111196
G1 X95.974 Y57.231 E.00048
G1 E-.8 F3600
G1 X98.859 Y56.041 F18000
G1 E.8 F3600
;WIDTH:0.115512
G1 F6000
G1 X98.728 Y56.131 E.00094
G1 E-.8 F3600
G1 X98.057 Y55.147 F18000
G1 E.8 F3600
;WIDTH:0.100274
G1 F6000
G1 X97.983 Y55.198 E.00042
;WIDTH:0.112378
G1 X97.864 Y55.289 E.00085
G1 E-.8 F3600
G1 X143.303 Y90.471 F18000
G1 E.8 F3600
;WIDTH:0.113436
G1 F6000
G1 X143.218 Y90.597 E.00088
G1 E-.8 F3600
G1 X144.18 Y91.29 F18000
G1 E.8 F3600
;WIDTH:0.0988813
G1 F6000
G1 X144.131 Y91.36 E.00039
;WIDTH:0.130564
G1 X144.039 Y91.481 E.00109
;WIDTH:0.172504
G1 X143.947 Y91.603 E.00161
;WIDTH:0.214445
G1 X143.855 Y91.724 E.00213
;WIDTH:0.25065
G1 X143.705 Y91.896 E.00386
;WIDTH:0.281117
G1 X143.555 Y92.068 E.00442
;WIDTH:0.31182
G1 X143.236 Y92.407 E.01021
G1 X142.899 Y92.726 E.01018
;WIDTH:0.283352
G1 X142.722 Y92.88 E.00458
;WIDTH:0.251227
G1 X142.546 Y93.033 E.00397
;WIDTH:0.213773
G1 X142.424 Y93.125 E.00212
;WIDTH:0.17099
G1 X142.303 Y93.216 E.00159
;WIDTH:0.128207
G1 X142.181 Y93.308 E.00106
;WIDTH:0.106815
G1 X142.117 Y93.353 E.00041
; stop printing object USV 1 e2mm.stl_1 id:1 copy 0
; end of layer_num: 50, T: 0, print_z: 10.040000
G1 E-.8 F3600
M106 S0
;TYPE:Custom
; filament end gcode
M104 S0                                    ; Extruder off 
M140 S0                                    ; Heatbed off 
M107                                       ; Fan off 
G91                                        ; relative positioning 
G1 E-5 F3000  
G1 Z+0.3 F3000                             ; lift print head 
G28 X0  F3000
M84                    
; EXECUTABLE_BLOCK_END

; filament used [mm] = 5162.41
; filament used [cm3] = 12.42
; filament used [g] = 15.40
; filament cost = 0.31
; total filament used [g] = 15.40
; total filament cost = 0.31
; total layers count = 50
; estimated printing time (normal mode) = 41m 11s
; estimated first layer printing time (normal mode) = 8s

; CONFIG_BLOCK_START = begin
; AnycubicSlicer_config = begin
; accel_to_decel_enable = 1
; accel_to_decel_factor = 50%
; activate_air_filtration = 0
; activate_chamber_temp_control = 0
; adaptive_bed_mesh_margin = 0
; adaptive_pressure_advance = 0
; adaptive_pressure_advance_bridges = 0
; adaptive_pressure_advance_model = "0,0,0\n0,0,0"
; adaptive_pressure_advance_overhangs = 0
; additional_cooling_fan_speed = 0
; alternate_extra_wall = 0
; app_full_name = AnycubicSlicerNext
; app_version = 1.4.1.0
; auxiliary_fan = 0
; bbl_calib_mark_logo = 1
; bbl_use_printhost = 0
; bed_custom_model = 
; bed_custom_texture = 
; bed_exclude_area = 0x0
; bed_mesh_max = 0,0
; bed_mesh_min = 0,0
; bed_mesh_probe_distance = 0,0
; before_layer_change_gcode = ; BEFORE_LAYER_CHANGE [layer_num] @ [layer_z]mm\nG92 E0
; best_object_pos = 0.5,0.5
; bottom_shell_layers = 3
; bottom_shell_thickness = 0.6
; bottom_solid_infill_flow_ratio = 1
; bottom_surface_pattern = monotonic
; bridge_acceleration = 50%
; bridge_angle = 0
; bridge_density = 100%
; bridge_flow = 0.9
; bridge_no_support = 0
; bridge_speed = 60
; brim_ears_detection_length = 1
; brim_ears_max_angle = 125
; brim_object_gap = 0
; brim_type = outer_only
; brim_width = 5
; chamber_temperature = 0
; change_extrusion_role_gcode = 
; change_filament_gcode = 
; close_fan_the_first_x_layers = 1
; complete_print_exhaust_fan_speed = 80
; cool_plate_temp = 35
; cool_plate_temp_initial_layer = 35
; cooling_tube_length = 0
; cooling_tube_retraction = 0
; counterbore_hole_bridging = none
; curr_bed_type = High Temp Plate
; default_acceleration = 2000
; default_filament_colour = ""
; default_filament_profile = "Anycubic PLA @Anycubic Kobra 2 Neo 0.4 nozzle";"Anycubic PETG @Anycubic Kobra 2 Neo 0.4 nozzle"
; default_jerk = 0
; default_print_profile = 0.20mm Standard @Anycubic Kobra 2 Neo 0.4 nozzle
; deretraction_speed = 0
; detect_narrow_internal_solid_infill = 1
; detect_overhang_wall = 1
; detect_thin_wall = 0
; different_settings_to_system = enable_support;sparse_infill_density;sparse_infill_pattern;support_on_build_plate_only;;
; disable_m73 = 1
; dont_filter_internal_bridges = disabled
; dont_slow_down_outer_wall = 0
; draft_shield = disabled
; during_print_exhaust_fan_speed = 60
; elefant_foot_compensation = 0.075
; elefant_foot_compensation_layers = 1
; emit_machine_limits_to_gcode = 1
; enable_arc_fitting = 0
; enable_extra_bridge_layer = disabled
; enable_filament_ramming = 0
; enable_long_retraction_when_cut = 0
; enable_overhang_bridge_fan = 1
; enable_overhang_speed = 1
; enable_pressure_advance = 0
; enable_prime_tower = 0
; enable_support = 1
; enforce_support_layers = 0
; eng_plate_temp = 0
; eng_plate_temp_initial_layer = 0
; ensure_vertical_shell_thickness = ensure_all
; exclude_object = 0
; extra_loading_move = 0
; extra_perimeters_on_overhangs = 1
; extruder_clearance_height_to_lid = 20
; extruder_clearance_height_to_rod = 20
; extruder_clearance_radius = 20
; extruder_colour = #ffffff
; extruder_offset = 0x0
; extrusion_rate_smoothing_external_perimeter_only = 0
; fan_cooling_layer_time = 100
; fan_cooling_layer_time_BRASS = 100
; fan_cooling_layer_time_HS = 100
; fan_kickstart = 0
; fan_max_speed = 100
; fan_max_speed_BRASS = 100
; fan_max_speed_HS = 100
; fan_min_speed = 80
; fan_min_speed_BRASS = 80
; fan_min_speed_HS = 80
; fan_p2_after_x_layers = 0
; fan_p2_before_x_layers = 0
; fan_p2_speed_before_x_layers = 0
; fan_p3_speed = 0
; fan_p4_speed = 0
; fan_speed_after_x_layers = 100
; fan_speed_before_x_layers = 0
; fan_speedup_overhangs = 1
; fan_speedup_time = 0
; filament_adhesiveness_category = 0
; filament_change_length = 10
; filament_colour = #ffffff
; filament_cooling_final_speed = 0
; filament_cooling_initial_speed = 0
; filament_cooling_moves = 0
; filament_cost = 20
; filament_density = 1.24
; filament_diameter = 1.75
; filament_end_gcode = "; filament end gcode\n"
; filament_flow_ratio = 0.98
; filament_ids = GFPLA
; filament_is_support = 0
; filament_loading_speed = 0
; filament_loading_speed_start = 0
; filament_max_volumetric_speed = 12
; filament_minimal_purge_on_wipe_tower = 15
; filament_multitool_ramming = 0
; filament_multitool_ramming_flow = 0
; filament_multitool_ramming_volume = 0
; filament_notes = ""
; filament_prime_volume = 45
; filament_ramming_parameters = "120 100 6.6 6.8 7.2 7.6 7.9 8.2 8.7 9.4 9.9 10.0| 0.05 6.6 0.45 6.8 0.95 7.8 1.45 8.3 1.95 9.7 2.45 10 2.95 7.6 3.45 7.6 3.95 7.6 4.45 7.6 4.95 7.6"
; filament_ramming_volumetric_speed = -1
; filament_retraction_length = 0.8
; filament_retraction_speed = 60
; filament_settings_id = "Anycubic PLA @Anycubic Kobra 2 Neo 0.4 nozzle"
; filament_shrink = 100%
; filament_shrinkage_compensation_z = 100%
; filament_soluble = 0
; filament_stamping_distance = 0
; filament_stamping_loading_speed = 0
; filament_start_gcode = "; filament start gcode"
; filament_toolchange_delay = 0
; filament_type = PLA
; filament_unloading_speed = 0
; filament_unloading_speed_start = 0
; filament_vendor = Anycubic
; filename_format = {timestamp}-{if plate_name==\"\" then input_filename_base+\"_plate\" else plate_name endif}{\"(\"+plate_number+\")\"}_{filament_type[initial_tool]}_{layer_height}_{print_time}.gcode
; filter_out_gap_fill = 0
; first_layer_print_sequence = 0
; flush_into_infill = 0
; flush_into_objects = 0
; flush_into_support = 0
; flush_multiplier_any = 1
; flush_multiplier = 1
; flush_volumes_chan_multipliers = 1,1,1,1
; flush_volumes_chan_multipliers_str = 
; flush_volumes_matrix = 0
; flush_volumes_vector = 140,140
; full_fan_speed_layer = 3
; fuzzy_skin = none
; fuzzy_skin_first_layer = 0
; fuzzy_skin_noise_type = classic
; fuzzy_skin_octaves = 4
; fuzzy_skin_persistence = 0.5
; fuzzy_skin_point_distance = 0.8
; fuzzy_skin_scale = 1
; fuzzy_skin_thickness = 0.3
; gap_fill_target = topbottom
; gap_infill_speed = 100
; gcode_add_line_number = 0
; gcode_comments = 0
; gcode_flavor = marlin
; gcode_label_objects = 1
; has_scarf_joint_seam = 0
; head_wrap_detect_zone = 
; high_current_on_filament_swap = 0
; hole_to_polyhole = 0
; hole_to_polyhole_threshold = 0.01
; hole_to_polyhole_twisted = 1
; host_type = octoprint
; hot_plate_temp = 60
; hot_plate_temp_initial_layer = 60
; idle_temperature = 0
; independent_support_layer_height = 1
; infill_anchor = 400
; infill_anchor_max = 10
; infill_combination = 0
; infill_combination_max_layer_height = 100%
; infill_direction = 45
; infill_jerk = 9
; infill_wall_overlap = 15%
; inherits_group = "0.20mm Standard @Anycubic Kobra 2 Neo 0.4 nozzle";;
; initial_layer_acceleration = 500
; initial_layer_infill_speed = 50
; initial_layer_jerk = 9
; initial_layer_line_width = 0.5
; initial_layer_min_bead_width = 85%
; initial_layer_print_height = 0.24
; initial_layer_speed = 40
; initial_layer_travel_speed = 100%
; inner_wall_acceleration = 1500
; inner_wall_jerk = 10
; inner_wall_line_width = 0.45
; inner_wall_speed = 80
; interface_shells = 0
; interlocking_beam = 0
; interlocking_beam_layer_count = 2
; interlocking_beam_width = 0.8
; interlocking_boundary_avoidance = 2
; interlocking_depth = 2
; interlocking_orientation = 22.5
; internal_bridge_angle = 0
; internal_bridge_density = 100%
; internal_bridge_fan_speed = -1
; internal_bridge_flow = 1
; internal_bridge_speed = 150%
; internal_solid_infill_acceleration = 100%
; internal_solid_infill_line_width = 0.42
; internal_solid_infill_pattern = zig-zag
; internal_solid_infill_speed = 100
; ironing_angle = -1
; ironing_flow = 15%
; ironing_inset = 0
; ironing_pattern = zig-zag
; ironing_spacing = 0.1
; ironing_speed = 15
; is_infill_first = 0
; lattice_angle_1 = -45
; lattice_angle_2 = 45
; layer_change_gcode = ; AFTER_LAYER_CHANGE [layer_num] @ [layer_z]mm
; layer_height = 0.2
; line_width = 0.42
; long_retractions_when_cut = 0
; machine_end_gcode = M104 S0                                    ; Extruder off \nM140 S0                                    ; Heatbed off \nM107                                       ; Fan off \nG91                                        ; relative positioning \nG1 E-5 F3000  \nG1 Z+0.3 F3000                             ; lift print head \nG28 X0  F3000\nM84                    
; machine_load_filament_time = 42
; machine_max_acceleration_e = 2000,2000,2000
; machine_max_acceleration_extruding = 2000,2000,2000
; machine_max_acceleration_retracting = 2000,2000,2000
; machine_max_acceleration_travel = 20000,20000,20000
; machine_max_acceleration_x = 2000,2000,2000
; machine_max_acceleration_y = 2000,2000,2000
; machine_max_acceleration_z = 800,800,800
; machine_max_jerk_e = 5,5,5
; machine_max_jerk_x = 10,10,10
; machine_max_jerk_y = 10,10,10
; machine_max_jerk_z = 2,2,2
; machine_max_speed_e = 100,50,130
; machine_max_speed_x = 300,150,390
; machine_max_speed_y = 300,150,390
; machine_max_speed_z = 8,4,10.4
; machine_min_extruding_rate = 0,0,0
; machine_min_travel_rate = 0,0,0
; machine_pause_gcode = M600
; machine_start_gcode = G90 ; use absolute coordinates\nM83 ; extruder relative mode\nM104 S[first_layer_temperature] ; set extruder temp\nM140 S[first_layer_bed_temperature] ; set bed temp\nM190 S[first_layer_bed_temperature] ; wait for bed temp\nM109 S[first_layer_temperature] ; wait for extruder temp\nG28                                        ; move X/Y/Z to min endstops\nG1 Z0.28                                   ; lift nozzle a bit \nG92 E0 \nG1 Y3 F1800                                    ; zero the extruded length \nG1 X60  E25 F500                       ; Extrude 25mm of filament in a 5cm line. \nG92 E0                                     ; zero the extruded length again \nG1 E-2 F500                                ; Retract a little \nG1 X70 F4000                              ; Quickly wipe away from the filament line\nM117
; machine_tool_change_time = 0
; machine_unload_filament_time = 0
; magic_doubles = 0
; magic_numbers = 1,4,100
; magic_strings = Unused
; make_overhang_printable = 0
; make_overhang_printable_angle = 55
; make_overhang_printable_hole_size = 0
; manual_filament_change = 0
; max_bridge_length = 10
; max_layer_height = 0.28
; max_travel_detour_distance = 0
; max_volumetric_extrusion_rate_slope = 0
; max_volumetric_extrusion_rate_slope_segment_length = 5
; min_bead_width = 85%
; min_feature_size = 25%
; min_layer_height = 0.08
; min_length_factor = 0.5
; min_skirt_length = 0
; min_width_top_surface = 300%
; minimum_sparse_infill_area = 15
; mmu_segmented_region_interlocking_depth = 0
; mmu_segmented_region_max_width = 0
; notes = 
; nozzle_diameter = 0.4
; nozzle_height = 4
; nozzle_hrc = 0
; nozzle_temperature = 190
; nozzle_temperature_BRASS = 190
; nozzle_temperature_HS = 190
; nozzle_temperature_initial_layer = 220
; nozzle_temperature_initial_layer_BRASS = 220
; nozzle_temperature_initial_layer_HS = 220
; nozzle_temperature_range_high = 230
; nozzle_temperature_range_low = 190
; nozzle_type = brass
; nozzle_volume = 0
; only_one_wall_first_layer = 0
; only_one_wall_top = 1
; ooze_prevention = 0
; other_layers_print_sequence = 0
; other_layers_print_sequence_nums = 0
; outer_wall_acceleration = 1000
; outer_wall_jerk = 10
; outer_wall_line_width = 0.42
; outer_wall_speed = 50
; overhang_1_4_speed = 60
; overhang_2_4_speed = 45
; overhang_3_4_speed = 28
; overhang_4_4_speed = 10
; overhang_fan_speed = 100
; overhang_fan_threshold = 50%
; overhang_reverse = 0
; overhang_reverse_internal_only = 0
; overhang_reverse_threshold = 50%
; overhang_speed_classic = 0
; overhang_totally_speed = 15
; parking_pos_retraction = 0
; pellet_flow_coefficient = 0.4157
; pellet_modded_printer = 0
; post_process = 
; precise_outer_wall = 0
; precise_z_height = 0
; preferred_orientation = 0
; preheat_steps = 1
; preheat_time = 0
; pressure_advance = 0.04
; prime_tower_brim_width = 5
; prime_tower_extra_rib_length = 0
; prime_tower_fillet_wall = 1
; prime_tower_flat_ironing = 0
; prime_tower_infill_gap = 150%
; prime_tower_max_speed = 90
; prime_tower_rib_wall = 1
; prime_tower_rib_width = 8
; prime_tower_skip_points = 1
; prime_tower_width = 35
; prime_volume = 20
; print_compatible_printers = "Anycubic Kobra 2 Neo 0.4 nozzle"
; print_flow_ratio = 1
; print_order = default
; print_sequence = by layer
; print_settings_id = 0.20mm Standard @AC K2 Neo.
; printable_area = 0x0,220x0,220x220,0x220
; printable_height = 250
; printer_flush_multiplier = 1
; printer_model = Anycubic Kobra 2 Neo
; printer_notes = 
; printer_settings_id = Anycubic Kobra 2 Neo 0.4 nozzle
; printer_structure = i3
; printer_technology = FFF
; printer_variant = 0.4
; printhost_authorization_type = key
; printhost_ssl_ignore_revoke = 0
; printing_by_object_gcode = 
; project_name = CAT-USV-Mecatronica
; purge_in_prime_tower = 0
; raft_contact_distance = 0.1
; raft_expansion = 1.5
; raft_first_layer_density = 90%
; raft_first_layer_expansion = 2
; raft_layers = 0
; reduce_crossing_wall = 0
; reduce_fan_stop_start_freq = 1
; reduce_infill_retraction = 1
; required_nozzle_HRC = 0
; resolution = 0.012
; retract_before_wipe = 70%
; retract_length_toolchange = 0
; retract_lift_above = 0.3
; retract_lift_below = 258
; retract_lift_enforce = All Surfaces
; retract_on_top_layer = 1
; retract_restart_extra = 0
; retract_restart_extra_toolchange = 0
; retract_when_changing_layer = 0
; retraction_distances_when_cut = 0
; retraction_length = 2.5
; retraction_minimum_travel = 1
; retraction_speed = 100
; role_based_wipe_speed = 1
; rotate_solid_infill_direction = 1
; scan_first_layer = 0
; scarf_angle_threshold = 155
; scarf_joint_flow_ratio = 1
; scarf_joint_speed = 100%
; scarf_overhang_threshold = 40%
; seam_gap = 5%
; seam_position = aligned
; seam_slope_conditional = 0
; seam_slope_entire_loop = 0
; seam_slope_inner_walls = 0
; seam_slope_min_length = 20
; seam_slope_start_height = 0
; seam_slope_steps = 10
; seam_slope_type = none
; silent_mode = 0
; single_extruder_multi_material = 1
; single_extruder_multi_material_priming = 0
; single_loop_draft_shield = 0
; skirt_distance = 2
; skirt_height = 1
; skirt_loops = 0
; skirt_speed = 50
; skirt_start_angle = -135
; skirt_type = combined
; slice_closing_radius = 0.049
; slicing_mode = regular
; slow_down_for_layer_cooling = 1
; slow_down_layer_time = 9
; slow_down_layer_time_BRASS = 9
; slow_down_layer_time_HS = 9
; slow_down_layers = 1
; slow_down_min_speed = 20
; slowdown_for_curled_perimeters = 0
; small_area_infill_flow_compensation = 0
; small_area_infill_flow_compensation_model = 0,0;"\n0.2,0.4444";"\n0.4,0.6145";"\n0.6,0.7059";"\n0.8,0.7619";"\n1.5,0.8571";"\n2,0.8889";"\n3,0.9231";"\n5,0.9520";"\n10,1"
; small_perimeter_speed = 50%
; small_perimeter_threshold = 0
; smooth_coefficient = 80
; smooth_speed_discontinuity_area = 1
; solid_infill_direction = 45
; solid_infill_filament = 1
; sparse_infill_acceleration = 100%
; sparse_infill_density = 10%
; sparse_infill_filament = 1
; sparse_infill_line_width = 0.45
; sparse_infill_pattern = cubic
; sparse_infill_speed = 150
; spiral_finishing_flow_ratio = 0
; spiral_mode = 0
; spiral_mode_max_xy_smoothing = 200%
; spiral_mode_smooth = 0
; spiral_starting_flow_ratio = 0
; staggered_inner_seams = 0
; standby_temperature_delta = 0
; start_end_points = 30x-3,54x245
; supertack_plate_temp = 35
; supertack_plate_temp_initial_layer = 35
; support_air_filtration = 1
; support_angle = 0
; support_base_pattern = default
; support_base_pattern_spacing = 0.2
; support_bottom_interface_spacing = 0.5
; support_bottom_z_distance = 0.1
; support_chamber_temp_control = 1
; support_critical_regions_only = 0
; support_expansion = 0
; support_filament = 0
; support_interface_bottom_layers = -1
; support_interface_filament = 0
; support_interface_loop_pattern = 0
; support_interface_not_for_body = 1
; support_interface_pattern = auto
; support_interface_spacing = 0.5
; support_interface_speed = 80
; support_interface_top_layers = 2
; support_line_width = 0.4
; support_material_interface_fan_speed = -1
; support_multi_bed_types = 1
; support_object_first_layer_gap = 0.2
; support_object_xy_distance = 0.35
; support_on_build_plate_only = 0
; support_remove_small_overhang = 1
; support_speed = 100
; support_style = default
; support_threshold_angle = 40
; support_threshold_overlap = 50%
; support_top_z_distance = 0.1
; support_type = tree(auto)
; temperature_vitrification = 60
; template_custom_gcode = 
; textured_cool_plate_temp = 40
; textured_cool_plate_temp_initial_layer = 40
; textured_plate_temp = 60
; textured_plate_temp_initial_layer = 60
; thick_bridges = 0
; thick_internal_bridges = 1
; thumbnails = 230x110/PNG
; thumbnails_format = PNG
; thumbnails_internal = 512x512/PNG/plate, 512x512/PNG/top
; thumbnails_internal_switch = 0
; time_cost = 0
; time_lapse_gcode = 
; timelapse_type = 0
; top_bottom_infill_wall_overlap = 25%
; top_shell_layers = 3
; top_shell_thickness = 1
; top_solid_infill_flow_ratio = 1
; top_surface_acceleration = 1000
; top_surface_jerk = 9
; top_surface_line_width = 0.42
; top_surface_pattern = monotonicline
; top_surface_speed = 60
; travel_acceleration = 2000
; travel_jerk = 10
; travel_slope = 3
; travel_speed = 300
; travel_speed_z = 0
; tree_support_adaptive_layer_height = 1
; tree_support_angle_slow = 25
; tree_support_auto_brim = 1
; tree_support_branch_angle = 40
; tree_support_branch_angle_organic = 40
; tree_support_branch_diameter = 5
; tree_support_branch_diameter_angle = 5
; tree_support_branch_diameter_organic = 2
; tree_support_branch_distance = 5
; tree_support_branch_distance_organic = 1
; tree_support_brim_width = 3
; tree_support_tip_diameter = 0.8
; tree_support_top_rate = 30%
; tree_support_wall_count = 0
; upward_compatible_machine = 
; use_firmware_retraction = 0
; use_relative_e_distances = 1
; wall_direction = auto
; wall_distribution_count = 1
; wall_filament = 1
; wall_generator = classic
; wall_loops = 2
; wall_sequence = outer wall/inner wall
; wall_transition_angle = 10
; wall_transition_filter_deviation = 25%
; wall_transition_length = 100%
; wipe = 0
; wipe_before_external_loop = 0
; wipe_distance = 1
; wipe_on_loops = 0
; wipe_speed = 80%
; wipe_tower_bridging = 10
; wipe_tower_cone_angle = 0
; wipe_tower_extra_flow = 100%
; wipe_tower_extra_spacing = 120%
; wipe_tower_filament = 0
; wipe_tower_max_purge_speed = 90
; wipe_tower_no_sparse_layers = 0
; wipe_tower_rotation_angle = 0
; wipe_tower_x = 0.000
; wipe_tower_y = 250.000
; wiping_volumes_extruders = 70,70,70,70,70,70,70,70,70,70
; xy_contour_compensation = 0
; xy_hole_compensation = 0
; z_hop = 0
; z_hop_types = Auto Lift
; z_offset = 0
; bed_shape = 0x0,220x0,220x220,0x220
; first_layer_height = 0.240
; first_layer_temperature = 220
; first_layer_bed_temperature = 60
; bed_temperature = 60
; AnycubicSlicer_config = end
; CONFIG_BLOCK_END = end



; ams_info = begin
; paint_info = [{"material_type":"PLA","paint_color":[255,255,255],"paint_index":0}]
; ams_info = end

; statistics = begin
; used_filament = 5.16
; print_time = 41m 11s
; model_size = 83.82,121.60,10.04
; total_layers = 50
; statistics = end
